{"type": "FeatureCollection", "features": [{"id": "0", "type": "Feature", "properties": {"id": null, "code": "9011", "name": "北海道道央", "namekana": "ほっかいどうどうおう", "areaCode": 9011}, "geometry": {"type": "GeometryCollection", "geometries": [{"type": "MultiPolygon", "coordinates": [[[[140.51482103951435, 42.985843311134296], [140.5153731216002, 42.98605517506926], [140.51490002592305, 42.985815525700204], [140.51482103951435, 42.985843311134296]]], [[[140.51187221358964, 42.986880634007015], [140.5136384374508, 42.985389482377485], [140.51136757820075, 42.98624156902293], [140.51187221358964, 42.986880634007015]]], [[[141.03316057032058, 43.18562984405769], [141.03316057032058, 43.18520380073497], [141.03038507568164, 43.189464233962205], [141.03316057032058, 43.18562984405769]]], [[[140.6413111908418, 43.27467289850698], [140.64173614695878, 43.276646151791134], [140.64408668548074, 43.27190361690927], [140.6413111908418, 43.27467289850698]]], [[[140.6417699502863, 43.27707423359869], [140.64181582623073, 43.27701613678195], [140.64173614695878, 43.276646151791134], [140.6417699502863, 43.27707423359869]]], [[[142.33032583748113, 43.03182820455438], [141.3599119846316, 42.68119454995265], [139.82329722543926, 42.61281459665547], [140.30446706875287, 42.77726731922688], [140.51893710903423, 42.98858480729791], [140.34584717064243, 43.33367989870423], [140.4296166451994, 43.32941946547699], [140.46090403931103, 43.34603515506322], [140.47099674708898, 43.36478106126307], [140.47074442939453, 43.36563314790852], [140.4669596639778, 43.36584616956988], [140.46393185164442, 43.36691127787669], [140.46367953394997, 43.36776336452213], [140.46065172161659, 43.36840242950622], [140.4624179454777, 43.3724498410721], [140.4964808342283, 43.37266286273346], [140.64307741470296, 43.26423483710024], [140.77503956889962, 43.22674302470054], [140.77453493351072, 43.20437575025754], [140.78916935978873, 43.19990229536894], [140.7906832659554, 43.19500279715761], [140.7937110782888, 43.19436373217353], [141.0099473424313, 43.23973734604362], [141.01423674323692, 43.189677255623565], [141.15780551137823, 43.144516663414834], [141.29380474868606, 43.18520380073497], [141.33745570982566, 43.737355946985076], [142.0666538467823, 44.04858059423485], [142.33032583748113, 43.03182820455438]]], [[[140.46342721625552, 43.35796436809949], [140.46292258086663, 43.357112281454036], [140.46292258086663, 43.35938451250851], [140.46342721625552, 43.35796436809949]]]]}, {"type": "MultiLineString", "coordinates": [[[140.08671689844368, 42.732745792002234], [140.0864645807492, 42.732532770340875]], [[140.46393185164442, 43.36691127787669], [140.46418416933886, 43.36712429953805]], [[140.6463575447308, 43.284471894929624], [140.6463575447308, 43.28468491659099]], [[140.79194485442767, 43.194789775496254], [140.79194485442767, 43.195854883803065]], [[140.94838182498583, 43.22802115466871], [140.94812950729138, 43.22802115466871]], [[140.9789122660141, 43.23931130272089], [140.9789122660141, 43.23952432438226]], [[140.97916458370858, 43.23931130272089], [140.97916458370858, 43.23952432438226]], [[141.0177691909592, 43.22013935319832], [141.0177691909592, 43.21864820156879]]]}]}}, {"id": "1", "type": "Feature", "properties": {"id": null, "code": "9012", "name": "北海道道南", "namekana": "ほっかいどうどうなん", "areaCode": 9012}, "geometry": {"type": "GeometryCollection", "geometries": [{"type": "MultiPolygon", "coordinates": [[[[140.03978580727622, 41.445242870730766], [140.040795078054, 41.445455892392125], [140.03877653649843, 41.443964740762596], [140.03978580727622, 41.445242870730766]]], [[[140.04034412728095, 41.447364022592836], [140.0401222308688, 41.446521000698944], [140.0402904426651, 41.44737308734438], [140.04034412728095, 41.447364022592836]]], [[[140.02212356866482, 41.480391444855485], [140.021114297887, 41.481669574823655], [140.02262820405372, 41.48060446651684], [140.02212356866482, 41.480391444855485]]], [[[140.0978188769994, 41.80801876003012], [140.09908046547164, 41.80908386833693], [140.10008973624946, 41.80908386833693], [140.0978188769994, 41.80801876003012]]], [[[139.4516332615164, 42.05640201717813], [139.4569319330998, 42.06066245040536], [139.45718425079426, 42.060449428744], [139.4516332615164, 42.05640201717813]]], [[[139.91640245469083, 42.139906508432], [139.9174117254686, 42.13841535680247], [139.9174117254686, 42.1382023351411], [139.91640245469083, 42.139906508432]]], [[[139.40621607651565, 42.178889472461236], [139.51723586207305, 42.17654623418625], [139.50537693043395, 42.09836728446642], [139.45289484998864, 42.065135905293964], [139.45037167304415, 42.060875472066726], [139.45138094382196, 42.052141583950885], [139.40621607651565, 42.178889472461236]]], [[[140.28921651787212, 42.25416538279598], [140.2890756893915, 42.2523819456311], [140.2890756893915, 42.25408611892199], [140.28921651787212, 42.25416538279598]]], [[[140.28932800708594, 42.25557727055153], [140.29008496016928, 42.25642935719697], [140.28921651787212, 42.25416538279598], [140.28932800708594, 42.25557727055153]]], [[[140.27696444005795, 42.309045707553366], [140.28074920547468, 42.309045707553366], [140.28074920547468, 42.30883268589201], [140.27696444005795, 42.309045707553366]]], [[[140.85653818420653, 42.465190585331655], [140.85451964265093, 42.46455152034757], [140.8555289134287, 42.46582965031574], [140.85653818420653, 42.465190585331655]]], [[[140.95468976734705, 41.71258505573998], [140.95670830890265, 41.71130692577181], [140.95267122579145, 41.7130110990627], [140.95468976734705, 41.71258505573998]]], [[[143.24517933401307, 41.9350222745341], [143.24623906832974, 41.93561873518591], [143.2454821152464, 41.93476664854047], [143.24517933401307, 41.9350222745341]]], [[[140.94333547109687, 41.93689686515408], [140.94863414268028, 41.93583175684728], [140.9456063303469, 41.93604477850864], [140.94333547109687, 41.93689686515408]]], [[[143.24623906832974, 41.93561873518591], [143.24522979755196, 41.93625780017], [143.2454821152464, 41.93710988681545], [143.24623906832974, 41.93561873518591]]], [[[142.76077982421054, 42.164830042811346], [142.75573347032156, 42.16504306447271], [142.76633081348842, 42.163551912843175], [142.76077982421054, 42.164830042811346]]], [[[142.72772620623778, 43.00988697343411], [142.76658313118287, 42.62516985301447], [143.32395291821993, 42.159930544600016], [143.31007544502526, 42.04745510740092], [143.25935958844107, 42.003998688483094], [143.24043576135745, 41.94861305652899], [143.2406880790519, 41.941583341704046], [143.24951919835758, 41.924541608795096], [142.9633909328528, 42.11903038561853], [141.81761628236146, 42.6132406399782], [141.63039655308054, 42.627300069628085], [141.6954945182483, 42.657336123880114], [141.3495669591592, 42.54230442674468], [141.12374262262765, 42.41896488481612], [141.02357249793153, 42.3329041336259], [141.0026301292923, 42.30095088442161], [141.00767648318126, 42.34824169324396], [140.7091846506485, 42.58235249908072], [140.47553846558904, 42.58874314892158], [140.32414784891986, 42.4347284877569], [140.27822602853018, 42.32630046212368], [140.27519821619683, 42.28518728148083], [140.2845339708914, 42.256003313874245], [140.29740217330829, 42.24258294920845], [140.30951342264183, 42.236405321028954], [140.39605839183773, 42.218085458151826], [140.54845827928472, 42.11349182242312], [140.7593958718438, 42.11690016900491], [140.9612500274027, 41.91516865569517], [141.18606509315646, 41.802906240157434], [140.64156350853625, 41.81717869146868], [140.4089265942546, 41.51681814894837], [140.1995029078622, 41.39795206190841], [140.08823080461036, 41.41861516306052], [140.04034412728095, 41.447364022592836], [140.02742224024823, 41.462284603639716], [140.02893614641494, 41.47314870836917], [140.01253549627577, 41.50914936913934], [139.9857898206642, 41.551327658089], [139.98225737294192, 41.60777839834991], [140.12204137566647, 41.822078189680006], [140.13289103652778, 41.97502774253787], [139.77863699352184, 42.251742880647015], [139.82329722543926, 42.61281459665547], [142.72772620623778, 43.00988697343411]]], [[[141.32130737738095, 42.51610276239716], [141.3240828720199, 42.5203631956244], [141.32660604896438, 42.52419758552891], [141.32130737738095, 42.51610276239716]]], [[[141.81638623360104, 42.60631743598394], [141.81484078772252, 42.604080708539634], [141.81458847002807, 42.60429373020099], [141.81638623360104, 42.60631743598394]]], [[[141.81663504688305, 42.60659752002017], [141.81638623360104, 42.60631743598394], [141.81660701158367, 42.60663696847598], [141.81663504688305, 42.60659752002017]]], [[[141.77603192329084, 42.61216538778321], [141.77497459199964, 42.60940625007368], [141.77446995661074, 42.60834114176687], [141.77603192329084, 42.61216538778321]]], [[[141.77603192329084, 42.61216538778321], [141.77694290546054, 42.61454262307174], [141.7769931335552, 42.61451876994637], [141.77603192329084, 42.61216538778321]]]]}, {"type": "MultiLineString", "coordinates": [[[139.51975903901754, 42.155883133034145], [139.51975903901754, 42.15630917635687]], [[141.1956531655455, 42.4515571990045], [141.1956531655455, 42.45134417734313]], [[141.00490098854232, 42.3043592310034], [141.0051533062368, 42.303933187680684]], [[140.77831969892745, 42.51780693568806], [140.77781506353853, 42.51780693568806]], [[140.8502302418453, 41.758810756255514], [140.84997792415086, 41.758597734594154]], [[139.9174117254686, 42.1382023351411], [139.9174117254686, 42.13756327015702]], [[139.82329722543926, 42.61281459665547], [139.82329722543926, 42.6132406399782]]]}]}}, {"id": "2", "type": "Feature", "properties": {"id": null, "code": "9013", "name": "北海道道北", "namekana": "ほっかいどうどうほく", "areaCode": 9013}, "geometry": {"type": "GeometryCollection", "geometries": [{"type": "MultiPolygon", "coordinates": [[[[141.34174511063128, 43.74481170513275], [141.33947425138126, 43.7422554451964], [141.34174511063128, 43.745237748455466], [141.34174511063128, 43.74481170513275]]], [[[141.20448428485122, 45.1124107710763], [141.20439209184747, 45.113266954292165], [141.20524123793456, 45.11283681439903], [141.20448428485122, 45.1124107710763]]], [[[141.20437472585232, 45.11342822980097], [141.20439209184747, 45.113266954292165], [141.20397964946233, 45.11347587938312], [141.20437472585232, 45.11342822980097]]], [[[141.3303908143811, 45.15011560513736], [141.23249154893503, 45.09792529810369], [141.2271928773516, 45.10538105625136], [141.20437472585232, 45.11342822980097], [141.16789821915617, 45.13563013216475], [141.13257374193336, 45.21380908188458], [141.3303908143811, 45.15011560513736]]], [[[141.60693100749683, 45.31179904611106], [141.61021113752466, 45.31137300278834], [141.60743564288572, 45.309881851158806], [141.60693100749683, 45.31179904611106]]], [[[141.61074380821293, 45.31239077294819], [141.61037440191518, 45.31261354069863], [141.6104634552191, 45.312651132756514], [141.61074380821293, 45.31239077294819]]], [[[142.842026121823, 44.6872195349979], [142.58390512040202, 44.433723757977205], [142.84883869957312, 44.45971240066336], [143.17432852541188, 43.6404310910654], [142.6754964434869, 43.411645826762694], [142.75396724646043, 43.01308229835453], [142.33865232139794, 42.88377814990784], [142.095165746255, 44.04453318266897], [141.33745570982566, 43.737355946985076], [141.64704952091415, 43.943986958506144], [141.78759047672207, 44.586460289173715], [141.6440217085808, 45.44877197436678], [141.6808600919703, 45.40318533883533], [141.73056667777666, 45.398285840624006], [141.74671501022138, 45.41362340024207], [141.79566464294442, 45.406380663755755], [141.95487710814152, 45.51629984101851], [142.842026121823, 44.6872195349979]]], [[[142.5183340595572, 45.03529692966329], [142.51855483753982, 45.03579398020646], [142.51855483753982, 45.03529692966329], [142.5183340595572, 45.03529692966329]]], [[[142.51653629598422, 45.037427146276904], [142.51754556676204, 45.03700110295418], [142.51855483753982, 45.03579398020646], [142.51653629598422, 45.037427146276904]]], [[[141.7068488144985, 45.4016941872058], [141.7063441791096, 45.40680670707849], [141.7068488144985, 45.40680670707849], [141.7068488144985, 45.4016941872058]]], [[[141.6628647940022, 45.43893889447834], [141.6664779833867, 45.437481826314595], [141.66420712413668, 45.437481826314595], [141.6628647940022, 45.43893889447834]]], [[[141.66244090027553, 45.43939902126686], [141.6628647940022, 45.43893889447834], [141.6623382625693, 45.439334031607466], [141.66244090027553, 45.43939902126686]]]]}, {"type": "MultiLineString", "coordinates": [[[141.2183617580459, 45.1068722078809], [141.217857122657, 45.1068722078809]], [[141.62837801152497, 43.94696926176521], [141.62837801152497, 43.94739530508794]]]}]}}, {"id": "3", "type": "Feature", "properties": {"id": null, "code": "9014", "name": "北海道道東", "namekana": "ほっかいどうどうとう", "areaCode": 9014}, "geometry": {"type": "GeometryCollection", "geometries": [{"type": "MultiPolygon", "coordinates": [[[[143.33555953216458, 42.303933187680684], [143.32874695441447, 42.306489447617025], [143.32823001084532, 42.306816773584494], [143.33555953216458, 42.303933187680684]]], [[[143.32773768363666, 42.30712851260111], [143.32823001084532, 42.306816773584494], [143.32767900510308, 42.307029432758625], [143.32773768363666, 42.30712851260111]]], [[[143.64666724941978, 42.665004903689145], [143.64715085833413, 42.66949611038286], [143.64691956711422, 42.665004903689145], [143.64666724941978, 42.665004903689145]]], [[[143.64715085833413, 42.66949611038286], [143.6471617921009, 42.66970842197202], [143.64717188480867, 42.66969138023911], [143.64715085833413, 42.66949611038286]]], [[[143.64693284699288, 42.67009500022905], [143.64717188480867, 42.66990440190047], [143.6471617921009, 42.66970842197202], [143.64693284699288, 42.67009500022905]]], [[[143.64691956711422, 42.670117423561834], [143.64693284699288, 42.67009500022905], [143.64679340826694, 42.67020618258744], [143.64691956711422, 42.670117423561834]]], [[[143.31991583510876, 42.296264407871654], [142.68760769282042, 42.74382291839306], [142.6719639957646, 43.405255176921834], [143.17937487930087, 43.73458666538737], [142.64673222631976, 44.589442592432775], [142.842026121823, 44.6872195349979], [143.41125484049917, 44.30953212940321], [143.56718717566844, 44.24924699923778], [143.7836757575054, 44.1798019376338], [144.24390323217975, 44.11355220095024], [144.25500521073548, 44.03835555448948], [144.29840385418066, 43.982543879212656], [144.55400167865713, 43.92119364074041], [144.65997511032558, 43.91565507754501], [144.73390419479904, 43.92140666240178], [144.8338220018007, 43.95101667333108], [145.34451301536478, 44.33935516199388], [145.06847745763795, 43.74907213835998], [145.39674277811565, 43.29107556643184], [145.81104843240036, 43.36776336452213], [144.78159223904984, 43.054195478997386], [144.78159223904984, 42.934051261989254], [144.45004678854428, 42.94363723675055], [144.36249254857063, 42.97047796608214], [144.3616436292248, 42.971338016154185], [144.36577267859843, 42.971543074388954], [144.36728658476514, 42.97495142097075], [144.37258525634857, 42.97601652927756], [144.3718283032652, 42.98560250403884], [144.35744619468164, 42.997531717075105], [144.30445947884743, 43.00498747522278], [144.02867623881505, 42.93298615368245], [143.6337990470029, 42.671395553530004], [143.4316925737495, 42.476693755045204], [143.31991583510876, 42.296264407871654]]], [[[144.27981645068965, 44.02465116094188], [144.27803821170014, 44.023900513182774], [144.2779661209303, 44.02408310317823], [144.27981645068965, 44.02465116094188]]], [[[144.28074161556924, 44.02493518982368], [144.27981645068965, 44.02465116094188], [144.2809939332637, 44.025148211485025], [144.28074161556924, 44.02493518982368]]], [[[144.2809939332637, 44.025148211485025], [144.2809939332637, 44.02514821148503], [144.28099393326372, 44.025148211485075], [144.2809939332637, 44.025148211485025]]], [[[143.62317366853668, 44.23305735297427], [143.62242606055315, 44.23248929521066], [143.6229493861416, 44.23305735297427], [143.62317366853668, 44.23305735297427]]], [[[143.62673415155834, 44.23305735297427], [143.62317366853668, 44.23305735297427], [143.6234540215305, 44.23327037463564], [143.62673415155834, 44.23305735297427]]], [[[144.35996937162605, 42.973034226018584], [144.3616436292248, 42.971338016154185], [144.36148327779281, 42.971330052727595], [144.35996937162605, 42.973034226018584]]], [[[144.35996937162605, 42.973034226018584], [144.35744619468164, 42.97559048595483], [144.3576985123761, 42.97559048595483], [144.35996937162605, 42.973034226018584]]], [[[145.12297807963887, 43.084018511588056], [145.1164178195832, 43.084231533249415], [145.12297807963887, 43.084231533249415], [145.12297807963887, 43.084018511588056]]], [[[145.22642833436282, 43.562465163006934], [145.22592369897393, 43.56779070454098], [145.22642833436282, 43.56779070454098], [145.22642833436282, 43.562465163006934]]], [[[146.775911295972, 43.876672113515774], [146.6747319004981, 43.7064678060876], [146.5854114366633, 43.74417264014866], [146.775911295972, 43.876672113515774]]], [[[144.66653537038124, 43.92140666240178], [144.66174133418673, 43.91970248911088], [144.66653537038124, 43.921619684063145], [144.66653537038124, 43.92140666240178]]], [[[145.2041522864815, 44.02170943323733], [145.2009442472235, 44.01726641001464], [145.19943034105683, 44.01620130170784], [145.2041522864815, 44.02170943323733]]], [[[145.2041522864815, 44.02170943323733], [145.20417932052018, 44.021960494481085], [145.20422437725134, 44.021952886564605], [145.2041522864815, 44.02170943323733]]], [[[144.2850310163749, 44.02791749308274], [144.28528333406933, 44.027278428098654], [144.28099393326372, 44.025148211485075], [144.2850310163749, 44.02791749308274]]], [[[146.1731243239342, 44.514032924310655], [146.57658031735758, 44.45523894577477], [145.43383347919962, 43.71967514909204], [145.40405999125466, 43.83981936610016], [146.1731243239342, 44.514032924310655]]], [[[148.89083821084066, 45.487541916734656], [147.65321991957, 44.99375770569771], [146.8581668643623, 44.45119153420889], [147.90377139015752, 45.43002606816694], [148.16012616771735, 45.258117587447856], [148.89083821084066, 45.487541916734656]]]]}, {"type": "MultiLineString", "coordinates": [[[145.22390515741833, 43.562465163006934], [145.22642833436282, 43.562465163006934]], [[145.81735637476157, 43.38523114075382], [145.81760869245602, 43.38523114075382]]]}]}}, {"id": "4", "type": "Feature", "properties": {"id": null, "code": "9020", "name": "青森", "namekana": "あおもり", "areaCode": 9020}, "geometry": {"type": "GeometryCollection", "geometries": [{"type": "MultiPolygon", "coordinates": [[[[139.97266930055287, 40.70243633756173], [139.97241698285842, 40.70264935922309], [139.9754447951918, 40.70350144586854], [139.97266930055287, 40.70243633756173]]], [[[141.58674559194094, 40.52285907703363], [140.97941690140303, 40.21951623125425], [140.87748055284575, 40.51114288565872], [140.01833880324807, 40.419969614595814], [139.8596309734399, 40.61254119646699], [140.25652670680762, 40.80852112491996], [140.30219620950282, 40.917162172214546], [140.31834454194754, 40.9940629919662], [140.32414784891986, 41.06031272864976], [140.31960613041977, 41.092692021176774], [140.3052240218362, 41.10717749414938], [140.2487048582797, 41.13401822348099], [140.3440809467813, 41.26268330694359], [140.73315483162114, 40.830036312717525], [141.16487040682279, 40.891386551189754], [141.18909290548984, 41.279085974868465], [140.7641899080383, 41.145308371533176], [140.91381430084635, 41.54642815987768], [141.46487614552223, 41.429905311112705], [141.45276489618868, 41.39624788861752], [141.45932515624438, 41.37899313404721], [141.39019010796542, 41.175131404123846], [141.37580799938186, 40.93441692678486], [141.42450531441045, 40.706696770788966], [141.48405229030033, 40.56035088943332], [141.57640056646855, 40.54288311320165], [141.58674559194094, 40.52285907703363]]], [[[141.3937225556877, 40.92845232026673], [141.39599341493775, 40.926109081991754], [141.39220864952102, 40.92845232026673], [141.3937225556877, 40.92845232026673]]], [[[140.31329818805855, 40.972973847491374], [140.3130989898787, 40.97299627082415], [140.31331220570826, 40.97298568202812], [140.31329818805855, 40.972973847491374]]], [[[140.30951342264183, 40.97339989081409], [140.3130989898787, 40.97299627082415], [140.30926110494738, 40.97318686915274], [140.30951342264183, 40.97339989081409]]], [[[140.39378753258768, 41.23882488087106], [140.39353521489323, 41.23754675090289], [140.3926144766398, 41.23803258977967], [140.39378753258768, 41.23882488087106]]], [[[140.39151667333763, 41.2386118592097], [140.3926144766398, 41.23803258977967], [140.39252594411545, 41.23797279422561], [140.39151667333763, 41.2386118592097]]], [[[141.50322843507843, 40.55949880278788], [141.4999483050506, 40.561629019401494], [141.51735822596754, 40.556303477867445], [141.50322843507843, 40.55949880278788]]], [[[141.44090596454961, 40.67793884650511], [141.4444384122719, 40.68156021474826], [141.44469072996634, 40.6813471930869], [141.44090596454961, 40.67793884650511]]], [[[141.3977596387989, 40.92461793036222], [141.39599341493775, 40.923552822055406], [141.3977596387989, 40.925043973684936], [141.3977596387989, 40.92461793036222]]], [[[141.40003049804892, 41.18258716227151], [141.3987058301531, 41.18594225343794], [141.40003049804892, 41.183226227255595], [141.40003049804892, 41.18258716227151]]], [[[141.39831473772668, 41.18693280416329], [141.3987058301531, 41.18594225343794], [141.3982642741878, 41.18684759549875], [141.39831473772668, 41.18693280416329]]], [[[141.45402648466094, 41.39646091027888], [141.45402648466094, 41.39773904024705], [141.45453112004984, 41.39773904024705], [141.45402648466094, 41.39646091027888]]]]}, {"type": "MultiLineString", "coordinates": [[[139.8712375873845, 40.621062062921474], [139.8712375873845, 40.621275084582834]], [[139.91816867855198, 40.64492048899401], [139.91816867855198, 40.64513351065537]], [[140.31405514114192, 41.094822237790396], [140.31430745883637, 41.094822237790396]], [[140.31430745883637, 41.094822237790396], [140.3145597765308, 41.094822237790396]], [[140.3544259722537, 41.254801505473196], [140.3544259722537, 41.25522754879593]], [[140.3544259722537, 41.25522754879593], [140.3544259722537, 41.25544057045729]], [[140.3710789400873, 41.24819783397098], [140.3710789400873, 41.24841085563234]], [[140.37915310630967, 41.24351135742102], [140.37915310630967, 41.24372437908238]], [[141.56328004635722, 40.540539874926665], [141.56353236405167, 40.540539874926665]], [[141.58220387344085, 40.53777059332896], [141.5824561911353, 40.53777059332896]], [[141.59936147666338, 40.518172600483666], [141.59961379435782, 40.518172600483666]], [[141.603650877469, 40.51625540553141], [141.603650877469, 40.51646842719277]], [[141.610968090608, 40.51156892898145], [141.61147272599692, 40.51156892898145]]]}]}}, {"id": "5", "type": "Feature", "properties": {"id": null, "code": "9030", "name": "岩手", "namekana": "いわて", "areaCode": 9030}, "geometry": {"type": "GeometryCollection", "geometries": [{"type": "MultiPolygon", "coordinates": [[[[141.62812569383053, 38.97951714046648], [141.6280776333173, 38.97959829157557], [141.6291349646083, 38.98015620545056], [141.62812569383053, 38.97951714046648]]], [[[141.88145265905698, 39.08453681951791], [141.85975333733438, 39.104134812363206], [141.8110560223058, 39.11180359217224], [141.81862555313924, 39.022334494400226], [141.79743086680557, 39.02489075433657], [141.7961692783333, 39.043210617213695], [141.7338468078045, 39.02169542941614], [141.73788389091567, 39.06472580501125], [141.72980972469333, 39.07090343319074], [141.72198787616543, 39.065577891656694], [141.70987662683189, 39.02339960270704], [141.7441918332769, 38.989955201873215], [141.71113821530412, 38.996558873375434], [141.69625147133166, 38.97035720902792], [141.72779118313773, 38.95161130282807], [141.71290443916527, 38.951185259505344], [141.704325637554, 38.93840395982363], [141.6684965249423, 39.005505783152636], [141.4896032795782, 38.99719793835952], [141.41416028893806, 38.767986630734086], [140.7735256627329, 38.95800195266892], [140.90498318154067, 40.22164644786786], [141.7141660276375, 40.41890450628901], [141.77144214427736, 40.345412033119146], [141.7742176389163, 40.32155360704661], [141.78582425286092, 40.314310870560305], [141.79440305447218, 40.2964170510059], [141.810046751528, 40.276606036499246], [141.81181297538913, 40.27617999317651], [141.81181297538913, 40.27490186320834], [141.81610237619475, 40.27213258161064], [141.83199839094505, 40.23549285585639], [141.79440305447218, 40.190119241986295], [141.87665862286244, 40.14389354147076], [141.84511891105637, 40.1330294367413], [141.82871826091719, 40.113218422234645], [141.83351229711172, 40.074235458205415], [141.85092221802867, 40.05570257366692], [141.869089092029, 40.05314631373058], [141.8784248467236, 40.04760775053517], [141.8852374244737, 40.03312227756256], [141.90138575691842, 40.01884982625131], [141.9003764861406, 40.01416334970135], [141.95613869661378, 39.98391427378796], [141.96320359205833, 39.95281311122912], [141.9579049204749, 39.9506828946155], [141.96068041511384, 39.944505266435996], [141.9455413534469, 39.94620943972689], [141.9437751295858, 39.94109691985421], [141.93973804647462, 39.93917972490195], [141.93999036416906, 39.91915568873393], [141.977081065253, 39.87165185825022], [141.97405325291962, 39.850775735436756], [141.97632411216966, 39.842041847320914], [141.9780903360308, 39.84182882565955], [141.97884728911416, 39.84076371735274], [141.98111814836417, 39.84012465236866], [141.9790996068086, 39.835438175818695], [141.9790996068086, 39.83522515415733], [141.97935192450305, 39.83501213249597], [141.9796042421975, 39.83352098086644], [141.9801088775864, 39.83352098086644], [141.97935192450305, 39.83309493754371], [141.98036119528084, 39.8320298292369], [141.9780903360308, 39.83160378591418], [141.9914631738366, 39.820100616200634], [141.98338900761422, 39.788786431980434], [141.9962572100311, 39.77792232725098], [142.00433137625348, 39.77600513229872], [141.98868767919765, 39.75725922609887], [142.00433137625348, 39.751081597919374], [141.97203471136405, 39.731696626735435], [141.94528903575247, 39.59557578512516], [142.0724571537546, 39.54700684633465], [142.0517671028098, 39.53230835170068], [142.06236444597664, 39.52613072352118], [142.06085053980996, 39.52400050690756], [142.06009358672662, 39.52400050690756], [142.05857968055992, 39.52336144192347], [142.05832736286547, 39.522509355278025], [142.0547949151432, 39.522296333616666], [142.04369293658746, 39.531456265055226], [142.0341048641984, 39.52996511342569], [142.03309559342063, 39.52847396179616], [142.0325909580317, 39.526343745182544], [142.0320863226428, 39.52570468019846], [142.03183400494837, 39.52485259355301], [142.02905851030943, 39.52165726863258], [142.0262830156705, 39.50546762236907], [142.01063931861466, 39.50120718914184], [142.01265786017026, 39.498011864221404], [142.009125412448, 39.49566862594642], [142.0111439540036, 39.477135741407935], [141.95487710814152, 39.47415343814887], [141.95689564969712, 39.45668566191719], [141.96496981591946, 39.44795177380135], [141.97127775828068, 39.44901688210816], [141.97632411216966, 39.439217885685515], [142.03612340575398, 39.483313369587435], [142.05151478511536, 39.48437847789424], [142.0517671028098, 39.48395243457152], [142.05151478511536, 39.483313369587435], [142.05101014972647, 39.48288732626471], [142.05151478511536, 39.482035239619265], [142.0492439258653, 39.48054408798973], [142.05050551433757, 39.4773487630693], [142.06135517519886, 39.47138415655117], [142.03587108805954, 39.418341762872046], [141.97556715908632, 39.42750169431061], [141.95639101430822, 39.400660964979004], [141.95361551966928, 39.40002189999492], [141.95336320197484, 39.39874377002675], [141.95285856658595, 39.39874377002675], [141.9526062488915, 39.39767866171994], [141.95210161350258, 39.39725261839722], [141.95210161350258, 39.39682657507449], [141.93797182261346, 39.38511038369958], [141.957400285086, 39.35571339443164], [141.89886257997392, 39.33760655321588], [141.91627250089087, 39.32418618855007], [141.923085078641, 39.332920076665914], [141.9437751295858, 39.32929870842276], [141.95487710814152, 39.34016281315222], [141.95866187355824, 39.33654144490907], [141.96850226364177, 39.33739353155451], [141.969763852114, 39.33611540158634], [141.97607179447522, 39.33739353155451], [141.99701416311444, 39.35060087455895], [141.969763852114, 39.31289604049789], [141.88725596602927, 39.30352308739796], [141.8900314606682, 39.24771141212114], [141.92030958400207, 39.237912415698496], [141.9283837502244, 39.24643328215297], [141.93368242180784, 39.24217284892573], [141.93847645800236, 39.24813745544387], [141.94579367114136, 39.2468593254757], [141.95084002503035, 39.24941558541204], [141.95689564969712, 39.24877652042795], [141.96068041511384, 39.251332780364294], [141.96951153441955, 39.25154580202566], [141.97127775828068, 39.24771141212114], [141.94427976497468, 39.24174680560301], [141.94781221269696, 39.21703629288503], [141.86530432661226, 39.20468103652603], [141.88145265905698, 39.08453681951791]], [[141.96068041511384, 39.250906737041575], [141.9609327328083, 39.250906737041575], [141.9609327328083, 39.25091926772754], [141.96068041511384, 39.250906737041575]]], [[[142.0542902797543, 39.52336144192347], [142.05454259744874, 39.523574463584836], [142.05454259744874, 39.52336144192347], [142.0542902797543, 39.52336144192347]]], [[[141.8818563673681, 40.04164314401704], [141.88195729444587, 40.0418561656784], [141.88195729444587, 40.04164314401704], [141.8818563673681, 40.04164314401704]]], [[[141.83356927207498, 40.21908331626503], [141.8355308386673, 40.21759903630199], [141.83376461480617, 40.21759903630199], [141.83356927207498, 40.21908331626503]]], [[[141.83356927207498, 40.21908331626503], [141.83351229711172, 40.21909018793152], [141.83354383682354, 40.21927658188521], [141.83356927207498, 40.21908331626503]]]]}, {"type": "MultiLineString", "coordinates": [[[141.6316581415528, 38.970570230689276], [141.63191045924725, 38.970570230689276]], [[141.77976862819415, 40.318571303787536], [141.7800209458886, 40.318571303787536]], [[141.7908706067499, 40.30302072250812], [141.79061828905546, 40.30302072250812]], [[141.81206529308358, 40.27490186320834], [141.81231761077802, 40.27490186320834]], [[141.81383151694473, 40.27362373324017], [141.81408383463918, 40.27362373324017]], [[141.8158500585003, 40.26702006173795], [141.81509310541696, 40.26702006173795]], [[141.81509310541696, 40.26702006173795], [141.81484078772252, 40.26702006173795]], [[141.82442886011157, 40.25083041547445], [141.82417654241712, 40.25040437215172]], [[141.83477388558396, 40.17755096396594], [141.8350262032784, 40.17755096396594]], [[141.85773479577878, 40.165195707606955], [141.85773479577878, 40.165621750929674]], [[141.86984604511233, 40.15177534294115], [141.86984604511233, 40.151988364602516]], [[141.86984604511233, 40.15177534294115], [141.87009836280677, 40.15177534294115]], [[141.87009836280677, 40.15177534294115], [141.87009836280677, 40.151988364602516]], [[141.8514268534176, 40.134094545048114], [141.85117453572312, 40.13388152338675]], [[141.8380540156118, 40.07082711162362], [141.83830633330624, 40.07082711162362]], [[141.8489036764731, 40.059963006894165], [141.84915599416755, 40.059963006894165]], [[141.85521161883432, 40.05570257366692], [141.85546393652876, 40.05570257366692]], [[141.869089092029, 40.05314631373058], [141.86934140972343, 40.05314631373058]], [[141.86883677433454, 40.05272027040786], [141.8685844566401, 40.052507248746494]], [[141.9225804432521, 40.00841176484458], [141.9225804432521, 40.00862478650594]], [[141.9619420035861, 39.95260008956775], [141.9619420035861, 39.95238706790639]], [[141.96017577972495, 39.947061526372345], [141.9604280974194, 39.947061526372345]], [[141.9609327328083, 39.94578339640417], [141.96143736819718, 39.94578339640417]], [[141.9609327328083, 39.94557037474281], [141.96143736819718, 39.94557037474281]], [[141.96068041511384, 39.944505266435996], [141.9604280974194, 39.944505266435996]], [[141.94831684808585, 39.94578339640417], [141.9485691657803, 39.94578339640417]], [[141.9432704941969, 39.94280109314511], [141.94301817650245, 39.94280109314511]], [[141.9412519526413, 39.934067205029265], [141.9412519526413, 39.933854183367906]], [[141.942765858808, 39.92575936023615], [141.942765858808, 39.92597238189751]], [[141.97884728911416, 39.8409767390141], [141.97884728911416, 39.84140278233683]], [[141.9796042421975, 39.83586421914142], [141.9801088775864, 39.83586421914142]], [[141.97935192450305, 39.83501213249597], [141.9790996068086, 39.83501213249597]], [[141.9790996068086, 39.83501213249597], [141.9790996068086, 39.83522515415733]], [[141.98465059608645, 39.82989961262329], [141.984398278392, 39.82989961262329]], [[141.9884353615032, 39.79815938508035], [141.98868767919765, 39.79815938508035]], [[141.99423866847553, 39.78069160884868], [141.99423866847553, 39.780904630510044]], [[141.99423866847553, 39.780904630510044], [141.99449098616998, 39.780904630510044]], [[142.00206051700343, 39.77770930558961], [142.00206051700343, 39.77792232725098]], [[142.00382674086455, 39.7515076412421], [142.00433137625348, 39.7515076412421]], [[142.00256515239232, 39.75001648961256], [142.00256515239232, 39.749803467951196]], [[141.9801088775864, 39.68696207784943], [141.9801088775864, 39.687175099510796]], [[141.97935192450305, 39.65309163369289], [141.97935192450305, 39.65287861203152]], [[142.02451679180936, 39.656073936951955], [142.02451679180936, 39.656286958613315]], [[142.0262830156705, 39.654795806983785], [142.02653533336493, 39.654795806983785]], [[142.02451679180936, 39.65138746040199], [142.0247691095038, 39.65138746040199]], [[142.02451679180936, 39.648192135481565], [142.0247691095038, 39.648618178804284]], [[142.02350752103155, 39.61538679963182], [142.02375983872602, 39.61538679963182]], [[142.03082473417058, 39.61304356135685], [142.03132936955947, 39.61304356135685]], [[142.03334791111507, 39.61006125809778], [142.03334791111507, 39.61027427975914]], [[142.0341048641984, 39.59855808838424], [142.03435718189286, 39.59855808838424]], [[142.03183400494837, 39.588759091961585], [142.0320863226428, 39.588759091961585]], [[142.03158168725392, 39.58790700531614], [142.03158168725392, 39.58769398365477]], [[142.03662804114288, 39.57682987892532], [142.03662804114288, 39.577042900586676]], [[142.06135517519886, 39.52613072352118], [142.06135517519886, 39.52591770185982]], [[142.05958895133773, 39.523787485246196], [142.05984126903218, 39.523787485246196]], [[142.0320863226428, 39.52570468019846], [142.0325909580317, 39.52570468019846]], [[142.03183400494837, 39.52506561521437], [142.03158168725392, 39.52485259355301]], [[142.02931082800387, 39.51185827220993], [142.02905851030943, 39.51143222888721]], [[142.02905851030943, 39.51143222888721], [142.02905851030943, 39.5114322288872]], [[142.01164858939248, 39.49715977757596], [142.01190090708693, 39.49715977757596]], [[142.01013468322577, 39.490130062751014], [142.01013468322577, 39.489917041089655]], [[141.96320359205833, 39.449868968753606], [141.96421286283612, 39.45072105539906]], [[142.05151478511536, 39.483313369587435], [142.05101014972647, 39.483313369587435]], [[142.0568134566988, 39.47394041648751], [142.05706577439324, 39.47394041648751]], [[142.02855387492053, 39.41557248127434], [142.02880619261498, 39.41557248127434]], [[141.99499562155887, 39.409394853094845], [141.99499562155887, 39.409181831433486]], [[141.98313668991977, 39.40875578811076], [141.98313668991977, 39.4085427664494]], [[141.95285856658595, 39.39874377002675], [141.9526062488915, 39.39874377002675]], [[141.95210161350258, 39.39725261839722], [141.95235393119702, 39.39725261839722]], [[141.96623140439172, 39.33718050989315], [141.96623140439172, 39.336754466570426]], [[141.97304398214183, 39.33760655321588], [141.97354861753072, 39.33781957487724]], [[141.9142539593353, 39.27007868656415], [141.9142539593353, 39.27029170822551]], [[141.9054228400296, 39.25005465039612], [141.9054228400296, 39.25048069371885]], [[141.91501091241864, 39.247072347137056], [141.91551554780753, 39.247072347137056]], [[141.93847645800236, 39.24813745544387], [141.93797182261346, 39.24813745544387]], [[141.9485691657803, 39.24153378394165], [141.94882148347477, 39.24153378394165]], [[141.87691094055688, 39.19211275850568], [141.87691094055688, 39.19232578016704]], [[141.88044338827916, 39.19083462853751], [141.88044338827916, 39.19104765019887]], [[141.8827142475292, 39.18827836860117], [141.8827142475292, 39.18849139026253]], [[141.88927450758487, 39.18401793537393], [141.88927450758487, 39.18423095703529]], [[141.8976009915017, 39.163993899205906], [141.89810562689058, 39.163993899205906]], [[141.89230231991826, 39.15930742265594], [141.89280695530715, 39.15930742265594]], [[141.87312617514016, 39.12160258859488], [141.87312617514016, 39.12138956693352]], [[141.88220961214031, 39.086027971147445], [141.88246192983476, 39.086027971147445]], [[141.86883677433454, 39.0968920758769], [141.869089092029, 39.0968920758769]], [[141.86833213894565, 39.09731811919963], [141.8685844566401, 39.09731811919963]], [[141.8458758641397, 39.104134812363206], [141.8458758641397, 39.10392179070185]], [[141.81206529308358, 39.10392179070185], [141.81206529308358, 39.10349574737912]], [[141.81332688155584, 39.09880927082916], [141.81332688155584, 39.09902229249052]], [[141.81332688155584, 39.09880927082916], [141.81357919925028, 39.09880927082916]], [[141.8158500585003, 39.09454883760192], [141.81610237619475, 39.09454883760192]], [[141.82190568316707, 39.08006336462931], [141.82215800086152, 39.08006336462931]], [[141.87161226897348, 39.07090343319074], [141.87161226897348, 39.0711164548521]], [[141.81685932927812, 39.059187241815835], [141.81685932927812, 39.058761198493116]], [[141.81408383463918, 39.02382564602976], [141.81408383463918, 39.02425168935248]], [[141.79440305447218, 39.03128140417743], [141.7938984190833, 39.03128140417743]], [[141.78683352363873, 39.03319859912968], [141.78708584133318, 39.03319859912968]], [[141.7845626643887, 39.03277255580696], [141.7845626643887, 39.0325595341456]], [[141.78431034669424, 39.0325595341456], [141.78431034669424, 39.03213349082287]], [[141.78027326358307, 39.027660035934275], [141.7800209458886, 39.027660035934275]], [[141.73208058394337, 39.067921129931676], [141.73208058394337, 39.06770810827032]], [[141.7431825624991, 38.99698491669815], [141.7431825624991, 38.99719793835952]], [[141.70911967374855, 38.9816473570801], [141.70962430913744, 38.9816473570801]], [[141.7088673560541, 38.97823901049831], [141.70911967374855, 38.97823901049831]], [[141.72072628769317, 38.96460562417114], [141.72097860538761, 38.96460562417114]], [[141.72375410002655, 38.962688429218886], [141.724006417721, 38.962688429218886]], [[141.7235017823321, 38.961623320912075], [141.72375410002655, 38.961623320912075]], [[141.72324946463766, 38.95054619452126], [141.7235017823321, 38.95054619452126]], [[141.6871680343315, 38.95629777937803], [141.68691571663706, 38.95629777937803]]]}]}}, {"id": "6", "type": "Feature", "properties": {"id": null, "code": "9040", "name": "宮城", "namekana": "みやぎ", "areaCode": 9040}, "geometry": {"type": "GeometryCollection", "geometries": [{"type": "MultiPolygon", "coordinates": [[[[141.04300096040407, 38.26504248825858], [141.0374499711262, 38.26568155324267], [141.0467857258208, 38.26482946659722], [141.04300096040407, 38.26504248825858]]], [[[141.49237877421714, 38.999115133311776], [141.67480446730352, 38.85809479349018], [141.5751389779963, 38.90623768895797], [141.5118072366897, 38.76777360907273], [141.52921715760664, 38.759039720956885], [141.5274509337455, 38.75414022274556], [141.53022642838442, 38.74817561622743], [141.53804827691235, 38.74924072453424], [141.5403191361624, 38.74668446459789], [141.53502046457896, 38.73986777143431], [141.54587012544025, 38.73369014325482], [141.56555090560724, 38.73965474977295], [141.556972103996, 38.720056756927654], [141.5617661401905, 38.691298832643795], [141.52568470988436, 38.71728747532995], [141.443933776883, 38.67233990478258], [141.44317682379966, 38.64336895883736], [141.52972179299553, 38.63719133065786], [141.5269462983566, 38.6297355725102], [141.52820788682885, 38.62845744254203], [141.52669398066215, 38.62675326925113], [141.52820788682885, 38.61823240279665], [141.52442312141213, 38.609285493019456], [141.4870801026337, 38.58308382867194], [141.48657546724482, 38.583509871994664], [141.48405229030033, 38.583509871994664], [141.4797628894947, 38.58223174202649], [141.47421190021683, 38.58542706694692], [141.458568203161, 38.578610373783334], [141.4626052862722, 38.56178166253574], [141.48783705571705, 38.55411288272671], [141.48581851416148, 38.54111856138364], [141.49288340960604, 38.533236759913244], [141.53476814688452, 38.54665712457905], [141.53073106377335, 38.531745608283714], [141.5383005946068, 38.53195862994507], [141.53930986538458, 38.527485175056476], [141.54233767771797, 38.525354958442854], [141.5461224431347, 38.52428985013604], [141.5461224431347, 38.522585676845154], [141.5456178077458, 38.52279869850651], [141.544608536968, 38.521307546876976], [141.544608536968, 38.52088150355425], [141.544608536968, 38.52066848189289], [141.54284231310686, 38.51939035192472], [141.54158072463463, 38.518751286940635], [141.5408237715513, 38.518751286940635], [141.54057145385684, 38.518538265279275], [141.53804827691235, 38.51512991869748], [141.53905754769013, 38.513638767067945], [141.53905754769013, 38.51172157211569], [141.53375887610673, 38.50895229051799], [141.53754364152346, 38.49084544930222], [141.51508736671752, 38.49297566591584], [141.51357346055082, 38.51321272374523], [141.46941786402232, 38.521307546876976], [141.51231187207858, 38.44930622533665], [141.44746622460528, 38.44376766214124], [141.52518007449547, 38.27249824640625], [141.41617883049364, 38.347055827882926], [141.45882052085545, 38.37410957887589], [141.40911393504908, 38.40414563312792], [141.26680675538003, 38.41948319274598], [141.15831014676712, 38.353659499385145], [141.07454067221016, 38.3779439687804], [140.7947203490666, 37.7731754721739], [140.27494589850238, 37.98193670030858], [140.61961186911924, 38.4546317668707], [140.54719669081246, 38.88919595604902], [141.23375313740726, 38.7477495729047], [141.49237877421714, 38.999115133311776]]], [[[141.26958225001897, 38.40329354648247], [141.27059152079678, 38.40414563312795], [141.26453589612998, 38.39775498328706], [141.26958225001897, 38.40329354648247]]], [[[141.27109615618565, 38.404571676450644], [141.27059152079678, 38.40414563312795], [141.27185310926896, 38.405477018511384], [141.27109615618565, 38.404571676450644]]], [[[141.27412396851906, 38.408193044693796], [141.27261006235236, 38.40627584974154], [141.27185310926896, 38.405477018511384], [141.27412396851906, 38.408193044693796]]], [[[141.33720339213122, 38.40861908801652], [141.34048352215905, 38.40606282808018], [141.33598911322667, 38.40935134997745], [141.33720339213122, 38.40861908801652]]], [[[141.33594180365895, 38.40947117466197], [141.33598911322667, 38.40935134997745], [141.33581146736645, 38.409458478006655], [141.33594180365895, 38.40947117466197]]], [[[141.4614950884166, 38.669613227517175], [141.46206327048415, 38.668773764377555], [141.4615960154944, 38.668931558200796], [141.4614950884166, 38.669613227517175]]], [[[141.46285760396665, 38.66658831992581], [141.46206327048415, 38.668773764377555], [141.46336223935555, 38.668079471555345], [141.46285760396665, 38.66658831992581]]], [[[141.5554581978293, 38.73837661980478], [141.55520588013485, 38.738163598143416], [141.55520588013485, 38.73837661980478], [141.5554581978293, 38.73837661980478]]], [[[141.52972179299553, 38.753714179422836], [141.52955358119922, 38.75385619386375], [141.53022642838442, 38.753714179422836], [141.52972179299553, 38.753714179422836]]], [[[141.52921715760664, 38.7539272010842], [141.52863606231034, 38.75454044526085], [141.52955358119922, 38.75385619386375], [141.52921715760664, 38.7539272010842]]]]}, {"type": "MultiLineString", "coordinates": [[[141.64301243780298, 38.93648676487137], [141.64301243780298, 38.93627374321001]], [[141.64553561474747, 38.922640356882845], [141.64553561474747, 38.922853378544204]], [[141.65058196863646, 38.91411949042837], [141.65108660402535, 38.91411949042837]], [[141.6508342863309, 38.91262833879883], [141.65108660402535, 38.91262833879883]], [[141.66445944183113, 38.890048042694474], [141.66445944183113, 38.88962199937175]], [[141.6586561348588, 38.861503140071974], [141.6586561348588, 38.86129011841061]], [[141.60289392438565, 38.827632695915426], [141.60339855977455, 38.827632695915426]], [[141.57690520185744, 38.8154904612178], [141.5771575195519, 38.81570348287916]], [[141.5211429913843, 38.76330015418412], [141.52139530907874, 38.76330015418412]], [[141.5383005946068, 38.74796259456607], [141.5383005946068, 38.7477495729047]], [[141.55621515091264, 38.73837661980478], [141.55621515091264, 38.73858964146614]], [[141.564289317135, 38.7405068364184], [141.56454163482945, 38.74008079309567]], [[141.56580322330169, 38.734329208238904], [141.56580322330169, 38.73454222990026]], [[141.56353236405167, 38.73219899162528], [141.56328004635722, 38.73219899162528]], [[141.56328004635722, 38.72942971002758], [141.56328004635722, 38.72964273168894]], [[141.56580322330169, 38.725169276800344], [141.56580322330169, 38.72474323347762]], [[141.5637846817461, 38.72559532012306], [141.5637846817461, 38.7253822984617]], [[141.5579813747738, 38.721334886895825], [141.55823369246824, 38.721334886895825]], [[141.55974759863494, 38.71430517207088], [141.55974759863494, 38.714518193732246]], [[141.5637846817461, 38.69875459079146], [141.564289317135, 38.69875459079146]], [[141.5637846817461, 38.69768948248465], [141.564289317135, 38.69768948248465]], [[141.55924296324602, 38.69087278932107], [141.55924296324602, 38.69065976765971]], [[141.5367866884401, 38.70599732727777], [141.537291323829, 38.70599732727777]], [[141.53502046457896, 38.70897963053683], [141.53476814688452, 38.70897963053683]], [[141.5259370275788, 38.70876660887547], [141.5259370275788, 38.70855358721411]], [[141.5259370275788, 38.70876660887547], [141.52568470988436, 38.70855358721411]], [[141.5216476267732, 38.70365408900278], [141.52189994446763, 38.70365408900278]], [[141.5216476267732, 38.70344106734142], [141.52189994446763, 38.70322804568006]], [[141.517610543662, 38.696837395839204], [141.517610543662, 38.696624374177844]], [[141.5186198144398, 38.69449415756422], [141.51887213213425, 38.6940681142415]], [[141.50120989352286, 38.68980768101426], [141.50120989352286, 38.6895946593529]], [[141.49313572730048, 38.67319199142803], [141.49338804499493, 38.67319199142803]], [[141.44948476616088, 38.6582804751327], [141.44998940154977, 38.6582804751327]], [[141.44847549538306, 38.65593723685772], [141.4487278130775, 38.65593723685772]], [[141.5284602045233, 38.63314391909199], [141.52871252221775, 38.63314391909199]], [[141.49086486805044, 38.58691821857645], [141.490612550356, 38.58713124023781]], [[141.48657546724482, 38.583509871994664], [141.48657546724482, 38.5832968503333]], [[141.48556619646703, 38.5832968503333], [141.4853138787726, 38.5832968503333]], [[141.47749203024466, 38.56263374918119], [141.47749203024466, 38.562846770842555]], [[141.48884632649487, 38.53792323646321], [141.48884632649487, 38.53813625812457]], [[141.51584431980086, 38.5441008646427], [141.51584431980086, 38.54431388630407]], [[141.51584431980086, 38.54431388630407], [141.51584431980086, 38.54452690796543]], [[141.5274509337455, 38.54687014624041], [141.5274509337455, 38.547083167901775]], [[141.53249728763447, 38.548787341192664], [141.53249728763447, 38.54921338451539]], [[141.54132840694018, 38.52705913173375], [141.54158072463463, 38.52705913173375]], [[141.54233767771797, 38.525354958442854], [141.54233767771797, 38.52556798010421]], [[141.544608536968, 38.52088150355425], [141.54486085466246, 38.52088150355425]], [[141.544608536968, 38.52066848189289], [141.544608536968, 38.52045546023153]], [[141.5408237715513, 38.518751286940635], [141.5408237715513, 38.518538265279275]], [[141.53905754769013, 38.513638767067945], [141.5388052299957, 38.513638767067945]], [[141.53905754769013, 38.51172157211569], [141.53905754769013, 38.51150855045433]], [[141.53905754769013, 38.51150855045433], [141.53905754769013, 38.511082507131604]], [[141.53956218307903, 38.49851422911125], [141.53956218307903, 38.49830120744989]], [[141.5186198144398, 38.49340170923857], [141.5186198144398, 38.49361473089993]], [[141.4969204927172, 38.51044344214752], [141.49717281041166, 38.51044344214752]], [[141.51004101282854, 38.452714571918435], [141.5097886951341, 38.452714571918435]], [[141.5019668466062, 38.44376766214124], [141.5019668466062, 38.443554640479874]], [[141.497929763495, 38.443341618818515], [141.497929763495, 38.443128597157155]], [[141.47446421791128, 38.42097434437551], [141.47446421791128, 38.421187366036875]], [[141.49767744580055, 38.41287952124376], [141.49767744580055, 38.41309254290512]], [[141.50297611738398, 38.414583694534656], [141.50297611738398, 38.415009737857375]], [[141.50297611738398, 38.415009737857375], [141.50297611738398, 38.41522275951874]], [[141.53930986538458, 38.394772680028], [141.53930986538458, 38.39455965836663]], [[141.49490195116164, 38.37112727561682], [141.49490195116164, 38.37134029727818]], [[141.51937676752314, 38.3662277774055], [141.51988140291203, 38.3662277774055]], [[141.54057145385684, 38.31318538372638], [141.5408237715513, 38.31318538372638]], [[141.5408237715513, 38.308498907176414], [141.54132840694018, 38.308498907176414]], [[141.45982979163327, 38.309564015483225], [141.45982979163327, 38.309350993821866]], [[141.45831588546656, 38.3136114270491], [141.45831588546656, 38.31339840538774]], [[141.4217298197715, 38.3958377883348], [141.4217298197715, 38.39562476667344]], [[141.27412396851906, 38.40904513133924], [141.27412396851906, 38.408193044693796]], [[141.0321512995428, 38.26568155324267], [141.0374499711262, 38.26568155324267]]]}]}}, {"id": "7", "type": "Feature", "properties": {"id": null, "code": "9050", "name": "秋田", "namekana": "あきた", "areaCode": 9050}, "geometry": {"type": "GeometryCollection", "geometries": [{"type": "MultiPolygon", "coordinates": [[[[139.75567608332705, 39.85695336361625], [139.75491913024368, 39.86313099179574], [139.74053702166012, 39.8712258149275], [139.741041657049, 39.876977399784266], [139.73700457393784, 39.879746681381974], [139.73877079779896, 39.88485920125466], [139.73599530316002, 39.887202439529645], [139.73574298546558, 39.893806111031864], [139.7342290792989, 39.89487121933867], [139.73523835007668, 39.90509625908405], [139.72766881924323, 39.90999575729537], [139.7170714760764, 39.909356692311285], [139.71858538224308, 39.91297806055444], [139.71580988760414, 39.91404316886124], [139.71732379377084, 39.91510827716805], [139.71152048679852, 39.92299007863845], [139.71126816910407, 39.92320310029981], [139.71101585140963, 39.92299007863845], [139.71051121602073, 39.92320310029981], [139.7100065806318, 39.92299007863845], [139.70975426293737, 39.92299007863845], [139.70899730985403, 39.92299007863845], [139.70899730985403, 39.92320310029981], [139.70874499215958, 39.92320310029981], [139.70849267446513, 39.92341612196117], [139.71126816910407, 39.926611446881594], [139.70874499215958, 39.92810259851113], [139.70849267446513, 39.92810259851113], [139.7082403567707, 39.927676555188405], [139.70748340368735, 39.92852864183386], [139.7057171798262, 39.92810259851113], [139.7052125444373, 39.9293807284793], [139.70748340368735, 39.93087188010884], [139.70596949752064, 39.9355583566588], [139.70420327365952, 39.93598439998152], [139.7062218152151, 39.93875368157923], [139.7052125444373, 39.93960576822467], [139.7057171798262, 39.94024483320876], [139.70445559135396, 39.941949006499655], [139.70193241440947, 39.94258807148374], [139.71833306454863, 39.94557037474281], [139.72110855918757, 39.954730306181375], [139.70117546132613, 39.96218606432904], [139.70218473210392, 39.963038150974484], [139.70294168518726, 39.96602045423356], [139.70016619054832, 39.96815067084717], [139.70243704979836, 39.97134599576761], [139.7006708259372, 39.97241110407441], [139.70041850824276, 39.973050169058496], [139.70193241440947, 39.97560642899484], [139.69411056588154, 39.979440818899356], [139.6948675189649, 39.9802929055448], [139.6948675189649, 39.982210100497056], [139.69764301360385, 39.98434031711068], [139.69612910743714, 39.98774866369247], [139.69562447204825, 39.98817470701519], [139.6948675189649, 39.98838772867656], [139.6948675189649, 39.988600750337916], [139.6948675189649, 39.98881377199928], [139.6938582481871, 39.98902679366064], [139.69562447204825, 39.99435233519469], [139.69310129510376, 39.9954174435015], [139.69966155515942, 40.00628154823096], [139.72337941843762, 39.98157103551297], [139.7975608206055, 39.95664750113363], [139.85281839568975, 39.97518038567212], [139.90302961688505, 40.016932631299056], [139.92397198552428, 40.04121710069431], [139.94920375496915, 40.07849589143265], [139.994116304581, 40.21312558141339], [140.02540369869266, 40.21674694965654], [140.02515138099818, 40.353293834589536], [140.01203086088685, 40.37374391408028], [139.9370925056356, 40.42849048105029], [140.98446325529198, 40.42827745938893], [140.6531701224809, 39.39086196855636], [140.7735256627329, 38.95800195266892], [139.86972368121783, 39.11819424201309], [140.0594665874432, 39.72061950034462], [139.95223156730253, 39.8891196344819], [139.8619018326899, 39.89742747927502], [139.85054753643973, 39.88677639620692], [139.85635084341203, 39.87868157307516], [139.84701508871746, 39.87910761639789], [139.86114487960657, 39.86611329505481], [139.7907482428554, 39.86739142502299], [139.7809078527719, 39.859935666875316], [139.77207673346618, 39.86462214342528], [139.7622363433827, 39.86249192681166], [139.75996548413266, 39.85950962355259], [139.75996548413266, 39.858870558568505], [139.75845157796596, 39.85950962355259], [139.7559284010215, 39.857379406938975], [139.7559284010215, 39.85716638527761], [139.75618071871594, 39.85716638527761], [139.7559284010215, 39.85695336361625], [139.75567608332705, 39.85695336361625]]], [[[139.70596949752064, 39.933002096722454], [139.70596949752064, 39.932789075061095], [139.7057171798262, 39.932789075061095], [139.70596949752064, 39.933002096722454]]], [[[139.70496022674286, 39.94024483320876], [139.7047079090484, 39.940670876531485], [139.7052125444373, 39.940670876531485], [139.70496022674286, 39.94024483320876]]], [[[139.70647413290953, 39.95664750113363], [139.7062218152151, 39.95664750113363], [139.7062218152151, 39.95686052279499], [139.70647413290953, 39.95664750113363]]], [[[139.6953721543538, 39.98817470701519], [139.69562447204825, 39.98774866369247], [139.6953721543538, 39.98774866369247], [139.6953721543538, 39.98817470701519]]], [[[139.90814946136462, 39.25851967622092], [139.90883292385737, 39.25601925691426], [139.90782365307956, 39.25836249518924], [139.90814946136462, 39.25851967622092]]], [[[139.90814946136462, 39.25851967622092], [139.908075970774, 39.258788538511965], [139.90958987694071, 39.259214581834684], [139.90814946136462, 39.25851967622092]]], [[[139.76097475491045, 39.85972264521395], [139.760722437216, 39.85950962355259], [139.7602178018271, 39.85950962355259], [139.76097475491045, 39.85972264521395]]], [[[139.8596309734399, 39.89465819767731], [139.8619018326899, 39.89210193774097], [139.85953794010004, 39.89455823220493], [139.8596309734399, 39.89465819767731]]], [[[139.91438391313523, 40.030352995964854], [139.91186073619076, 40.03077903928758], [139.91236537157965, 40.031418104271665], [139.91438391313523, 40.030352995964854]]], [[[139.98900530731578, 40.21532973943013], [139.98377127910862, 40.211847451445216], [139.98326664371973, 40.211847451445216], [139.98900530731578, 40.21532973943013]]], [[[139.99159312763652, 40.217386014640624], [139.99225546158442, 40.21771220405958], [139.98900530731578, 40.21532973943013], [139.99159312763652, 40.217386014640624]]], [[[139.9976487523033, 40.22036831789969], [139.99225546158442, 40.21771220405958], [139.99235008071986, 40.21781205796335], [139.9976487523033, 40.22036831789969]]], [[[139.9991936448535, 40.378224843413136], [140.00092888233112, 40.375661109032535], [139.99916265846997, 40.378217368968876], [139.9991936448535, 40.378224843413136]]]]}, {"type": "MultiLineString", "coordinates": [[[139.9370925056356, 40.42849048105029], [139.93633555255226, 40.42827745938893]], [[139.8619018326899, 39.89210193774097], [139.86366805655106, 39.89061078611143]], [[139.77434759271623, 39.85972264521395], [139.77459991041067, 39.85972264521395]], [[139.75845157796596, 39.859083580229864], [139.75845157796596, 39.858870558568505]], [[139.7559284010215, 39.85695336361625], [139.7559284010215, 39.85716638527761]], [[139.7559284010215, 39.85716638527761], [139.75567608332705, 39.85695336361625]], [[139.75542376563257, 39.85950962355259], [139.75567608332705, 39.85950962355259]], [[139.75315290638255, 39.85950962355259], [139.75315290638255, 39.859083580229864]], [[139.7425555632157, 39.86845653332979], [139.74230324552124, 39.86845653332979]], [[139.73750920932673, 39.881024811350144], [139.73750920932673, 39.880811789688785]], [[139.73574298546558, 39.89210193774097], [139.73549066777113, 39.89210193774097]], [[139.7223701476598, 39.90871762732719], [139.7223701476598, 39.90850460566583]], [[139.71858538224308, 39.90999575729537], [139.71858538224308, 39.91020877895673]], [[139.71732379377084, 39.911699930586266], [139.7170714760764, 39.911699930586266]], [[139.71681915838195, 39.91574734215214], [139.71656684068748, 39.91574734215214]], [[139.71429598143746, 39.91681245045895], [139.714043663743, 39.91681245045895]], [[139.71429598143746, 39.917238493781674], [139.714043663743, 39.917238493781674]], [[139.714043663743, 39.9176645371044], [139.71379134604854, 39.9176645371044]], [[139.7100065806318, 39.92299007863845], [139.7100065806318, 39.92320310029981], [139.70975426293737, 39.92299007863845]], [[139.70899730985403, 39.92320310029981], [139.70874499215958, 39.92341612196117]], [[139.70874499215958, 39.92341612196117], [139.70874499215958, 39.92320310029981]], [[139.70899730985403, 39.92448123026798], [139.70874499215958, 39.92448123026798]], [[139.70874499215958, 39.927463533527046], [139.70874499215958, 39.92725051186568]], [[139.70849267446513, 39.92810259851113], [139.70849267446513, 39.927676555188405]], [[139.70748340368735, 39.93087188010884], [139.70723108599287, 39.93087188010884]], [[139.7057171798262, 39.93364116170654], [139.7057171798262, 39.93321511838381]], [[139.7047079090484, 39.93364116170654], [139.7047079090484, 39.93321511838381]], [[139.70596949752064, 39.9355583566588], [139.7057171798262, 39.93577137832016]], [[139.7052125444373, 39.9400318115474], [139.70496022674286, 39.9400318115474]], [[139.7057171798262, 39.94024483320876], [139.7057171798262, 39.9400318115474]], [[139.7047079090484, 39.941522963176936], [139.7047079090484, 39.94130994151557]], [[139.70344632057615, 39.941949006499655], [139.70344632057615, 39.941522963176936]], [[139.7036986382706, 39.944505266435996], [139.70344632057615, 39.944505266435996]], [[139.71227743988186, 39.94663548304962], [139.7125297575763, 39.94642246138826]], [[139.70218473210392, 39.963890237619935], [139.70193241440947, 39.963890237619935]], [[139.7006708259372, 39.97283714739714], [139.70092314363166, 39.97283714739714]], [[139.6948675189649, 39.9802929055448], [139.694362883576, 39.9802929055448]], [[139.69713837821493, 39.984979382094764], [139.69688606052048, 39.984979382094764]], [[139.69562447204825, 39.98817470701519], [139.6953721543538, 39.98817470701519]], [[139.69511983665936, 39.98838772867656], [139.6948675189649, 39.988600750337916]], [[139.69310129510376, 39.9954174435015], [139.69310129510376, 39.99563046516286]], [[139.7130343929652, 39.99328722688788], [139.7130343929652, 39.993713270210606]], [[139.73574298546558, 39.98284916548115], [139.73599530316002, 39.98284916548115]], [[139.73649993854895, 39.98263614381978], [139.73649993854895, 39.98284916548115]], [[139.9686322174417, 40.40186277338005], [139.9681275820528, 40.40186277338005]]]}]}}, {"id": "8", "type": "Feature", "properties": {"id": null, "code": "9060", "name": "山形", "namekana": "やまがた", "areaCode": 9060}, "geometry": {"type": "GeometryCollection", "geometries": [{"type": "MultiPolygon", "coordinates": [[[[139.86972368121783, 39.11819424201309], [140.64660986242524, 38.76947778236362], [140.1159857509997, 37.734192508144666], [139.6383483554084, 37.88011234617758], [139.89949716916277, 38.29017904429929], [139.53943981918454, 38.55794727263123], [139.5485232561847, 38.56029051090621], [139.54322458460126, 38.56220770585847], [139.55710205779593, 38.57498900554018], [139.6113503621024, 38.66424508165083], [139.60958413824125, 38.669357601523515], [139.6963814251316, 38.72857762338213], [139.70874499215958, 38.75179698447058], [139.73448139699335, 38.762874110861404], [139.73246285543775, 38.76734756575], [139.73448139699335, 38.7690517390409], [139.73599530316002, 38.76926476070226], [139.73700457393784, 38.77032986900907], [139.73826616241007, 38.77032986900907], [139.7395277508823, 38.77075591233179], [139.741041657049, 38.773312172268135], [139.74230324552124, 38.7735251939295], [139.7465926463269, 38.77501634555903], [139.7587038956604, 38.794188295081604], [139.83515615707836, 38.95438058442577], [139.86972368121783, 39.11819424201309]]], [[[139.73826616241007, 38.77075591233179], [139.73851848010452, 38.77075591233179], [139.73851848010452, 38.77054289067043], [139.73826616241007, 38.77075591233179]]], [[[139.80866279916125, 38.92540963848055], [139.8068965753001, 38.92583568180328], [139.80387810806653, 38.927176929300735], [139.80866279916125, 38.92540963848055]]], [[[139.8021025391056, 38.92796589841689], [139.80387810806653, 38.927176929300735], [139.80106358389313, 38.928216512136146], [139.8021025391056, 38.92796589841689]]], [[[139.79781313829994, 38.93435654825775], [139.7980654559944, 38.93478259158047], [139.80106358389313, 38.928216512136146], [139.79781313829994, 38.93435654825775]]]]}, {"type": "MultiLineString", "coordinates": [[[139.53943981918454, 38.55794727263123], [139.5391875014901, 38.55794727263123]], [[139.58838945190757, 38.630587659155644], [139.58788481651868, 38.630587659155644]], [[139.6688787964367, 38.7181395619754], [139.6688787964367, 38.71835258363676]], [[139.72640723077097, 38.762874110861404], [139.72640723077097, 38.76308713252276]], [[139.73296749082664, 38.76777360907273], [139.7327151731322, 38.76777360907273]], [[139.7347337146878, 38.7690517390409], [139.73448139699335, 38.76883871737954]], [[139.73826616241007, 38.77032986900907], [139.73826616241007, 38.77054289067043]], [[139.7420509278268, 38.7735251939295], [139.7420509278268, 38.77373821559086]]]}]}}, {"id": "9", "type": "Feature", "properties": {"id": null, "code": "9070", "name": "福島", "namekana": "ふくしま", "areaCode": 9070}, "geometry": {"type": "GeometryCollection", "geometries": [{"type": "MultiPolygon", "coordinates": [[[[139.7342290792989, 37.82898714745072], [139.73296749082664, 37.830265277418896], [139.73599530316002, 37.827922039143914], [139.7342290792989, 37.82898714745072]]], [[[139.72993967849328, 37.830265277418896], [139.73019199618773, 37.830478299080255], [139.73296749082664, 37.830265277418896], [139.72993967849328, 37.830265277418896]]], [[[139.7253979599932, 37.83622988393702], [139.72615491307653, 37.83537779729158], [139.7238840538265, 37.836868948921115], [139.7253979599932, 37.83622988393702]]], [[[139.7198469707153, 37.84155542547107], [139.72060392379868, 37.83985125218018], [139.71934233532642, 37.84155542547107], [139.7198469707153, 37.84155542547107]]], [[[139.71934233532642, 37.84155542547107], [139.71833306454863, 37.84517679371423], [139.71934233532642, 37.84432470706878], [139.71934233532642, 37.84155542547107]]], [[[139.7062218152151, 37.85582787678233], [139.7100065806318, 37.85433672515279], [139.68073772807577, 37.84709398866649], [139.7062218152151, 37.85582787678233]]], [[[141.00035927004225, 37.11025206201559], [141.0006115877367, 37.10897393204741], [140.99944175115334, 37.110445718071375], [141.00035927004225, 37.11025206201559]]], [[[140.9993595206869, 37.11050125716661], [140.99944175115334, 37.110445718071375], [140.99934999926447, 37.11046508367695], [140.9993595206869, 37.11050125716661]]], [[[140.93122422176333, 37.89608897077973], [141.02811421643162, 37.23785203717138], [140.78992631287207, 36.856543263333535], [140.46342721625552, 36.79178467827951], [139.95525937963592, 37.15498661090159], [139.23085527887383, 36.93663940800562], [139.2131930402624, 37.4391575071584], [139.7253979599932, 37.8117323928804], [140.93122422176333, 37.89608897077973]]], [[[141.0374499711262, 37.41977253597446], [141.04022546576513, 37.42190275258808], [141.04123473654295, 37.42190275258808], [141.0374499711262, 37.41977253597446]]], [[[139.73851848010452, 37.82493973588485], [139.74003238627122, 37.821531389303054], [139.73599530316002, 37.827922039143914], [139.73851848010452, 37.82493973588485]]]]}, {"type": "MultiLineString", "coordinates": [[[139.741041657049, 37.82025325933488], [139.74003238627122, 37.821531389303054]], [[139.7238840538265, 37.836868948921115], [139.72060392379868, 37.83985125218018]]]}]}}, {"id": "10", "type": "Feature", "properties": {"id": null, "code": "9080", "name": "茨城", "namekana": "いばらき", "areaCode": 9080}, "geometry": {"type": "GeometryCollection", "geometries": [{"type": "MultiPolygon", "coordinates": [[[[140.84918925112876, 35.75055914287514], [140.8492209710675, 35.750534797542414], [140.84915789164387, 35.750162009635034], [140.84918925112876, 35.75055914287514]]], [[[140.84644547642858, 35.75266501415604], [140.8492209710675, 35.75096084086514], [140.84918925112876, 35.75055914287514], [140.84644547642858, 35.75266501415604]]], [[[140.84644547642858, 35.75330407914012], [140.84518388795632, 35.75586033907646], [140.84518388795632, 35.756925447383274], [140.84644547642858, 35.75330407914012]]], [[[140.68723301123148, 35.91818284503425], [140.68748532892593, 35.91860888835698], [140.68748532892593, 35.91796982337289], [140.68723301123148, 35.91818284503425]]], [[[140.699344260565, 35.9637694805657], [140.69909194287055, 35.96355645890434], [140.69606413053717, 35.96632574050205], [140.699344260565, 35.9637694805657]]], [[[140.2575359775854, 36.93280501810111], [140.8055700099279, 36.83076764230874], [140.7735256627329, 36.82331188416107], [140.75031243484364, 36.787737266713634], [140.61279929136913, 36.48758974585468], [140.5582986693682, 36.27115973791096], [140.65241316939756, 35.92712975481145], [140.85098719492865, 35.74201393108794], [139.69133507124263, 36.20640115285694], [140.2035399909734, 36.42070094418703], [140.2575359775854, 36.93280501810111]]], [[[140.63298470692501, 36.4415770670005], [140.63298470692501, 36.44136404533914], [140.62743371764714, 36.4415770670005], [140.63298470692501, 36.4415770670005]]]]}, {"type": "LineString", "coordinates": [[140.75712501259375, 36.79412791655449], [140.75712501259375, 36.79391489489313]]}]}}, {"id": "11", "type": "Feature", "properties": {"id": null, "code": "9090", "name": "栃木", "namekana": "とちぎ", "areaCode": 9090}, "geometry": {"type": "Polygon", "coordinates": [[[140.1397036142779, 37.10492652048154], [140.18512079927865, 36.398333669744034], [139.6880549412148, 36.19979748135472], [139.36735915157055, 36.36851063715336], [139.4614736515999, 36.970935895484885], [140.1397036142779, 37.10492652048154]]]}}, {"id": "12", "type": "Feature", "properties": {"id": null, "code": "9100", "name": "群馬", "namekana": "ぐんま", "areaCode": 9100}, "geometry": {"type": "Polygon", "coordinates": [[[139.09687458312158, 37.058700819966], [139.66963574952004, 36.212578781036434], [139.46374451084992, 36.189146398286624], [139.35928498534818, 36.25326591835656], [139.3224466019587, 36.23643720710897], [139.24347116359627, 36.24453203024072], [139.1296758833999, 36.28351499426996], [138.69013845967035, 35.99082323155867], [138.4269711043604, 36.59516568484245], [139.09687458312158, 37.058700819966]], [[139.26315194376326, 36.244105986918], [139.26214267298545, 36.245171095224805], [139.26163803759655, 36.24431900857936], [139.26315194376326, 36.244105986918]]]}}, {"id": "13", "type": "Feature", "properties": {"id": null, "code": "9110", "name": "埼玉", "namekana": "さいたま", "areaCode": 9110}, "geometry": {"type": "Polygon", "coordinates": [[[139.62497551760262, 36.18680316001164], [139.8939461798849, 35.782701068408066], [139.3920862856265, 35.76310307556277], [139.0191607332314, 35.898371830527594], [138.89199261522927, 35.839790873653065], [138.71133314600405, 35.97122523871337], [139.1296758833999, 36.28351499426996], [139.62497551760262, 36.18680316001164]], [[139.48922859798924, 35.77950574348764], [139.48922859798924, 35.779718765149], [139.4889762802948, 35.77950574348764], [139.48922859798924, 35.77950574348764]]]}}, {"id": "14", "type": "Feature", "properties": {"id": null, "code": "9120", "name": "千葉", "namekana": "ちば", "areaCode": 9120}, "geometry": {"type": "GeometryCollection", "geometries": [{"type": "MultiPolygon", "coordinates": [[[[139.96484745202497, 34.956816087307885], [139.96484745202497, 34.95582198622153], [139.96459513433052, 34.9561770223238], [139.96484745202497, 34.956816087307885]]], [[[139.75744230718817, 34.962141628841934], [139.75769462488262, 34.962141628841934], [139.75744230718817, 34.96192860718057], [139.75744230718817, 34.962141628841934]]], [[[139.84449191177296, 35.023065823991445], [139.8441494806162, 35.02393312646984], [139.84423959407852, 35.02391791063689], [139.84449191177296, 35.023065823991445]]], [[[140.07777363794045, 35.06159907562447], [140.07738114374908, 35.060770658052505], [140.07738114374908, 35.06140972303659], [140.07777363794045, 35.06159907562447]]], [[[140.07826425567964, 35.061835766359316], [140.07777363794045, 35.06159907562447], [140.07788577913797, 35.061835766359316], [140.07826425567964, 35.061835766359316]]], [[[140.0791473676102, 35.061835766359316], [140.07826425567964, 35.061835766359316], [140.0791473676102, 35.06226180968204], [140.0791473676102, 35.061835766359316]]], [[[140.14525460355577, 35.11700837665205], [140.1448639180934, 35.11713206664898], [140.14575923894466, 35.11743441997478], [140.14525460355577, 35.11700837665205]]], [[[140.14323606200017, 35.11764744163614], [140.1448639180934, 35.11713206664898], [140.1444976504724, 35.11700837665205], [140.14323606200017, 35.11764744163614]]], [[[140.31001805803072, 35.14832256087226], [140.3105226934196, 35.14427514930638], [140.31001805803072, 35.14597932259727], [140.31001805803072, 35.14832256087226]]], [[[139.81269988227243, 35.31746175999363], [139.81547537691137, 35.31810082497771], [139.81345683535577, 35.31597060836409], [139.81269988227243, 35.31746175999363]]], [[[140.5111152605063, 35.95865696069302], [140.86486466812332, 35.69237988399061], [140.82398920162265, 35.713682050126806], [140.6645244187311, 35.691740819006526], [140.45535305003315, 35.53069644301691], [140.39403985028213, 35.20285610618091], [140.34912730067026, 35.180275810076544], [140.33196969744776, 35.16195594719942], [140.32667102586436, 35.14981371250179], [140.32667102586436, 35.13937565109505], [140.12027515180534, 35.115304203361156], [140.0988281477772, 35.07440404437967], [140.08469835688808, 35.07333893607286], [140.07258710755454, 35.05565813817982], [140.06905465983226, 35.05842741977752], [140.06754075366558, 35.05757533313208], [140.06754075366558, 35.0580013764548], [140.06703611827666, 35.058214398116164], [140.06678380058221, 35.0580013764548], [140.06426062363772, 35.05906648476161], [140.05870963435987, 35.059492528084334], [140.03953348958177, 35.052888856582115], [139.9862944560531, 35.016675174150585], [139.92826138632992, 34.90952527848554], [139.753405224077, 34.965123932101], [139.85836938496763, 34.99942041958027], [139.78570188896643, 35.313840391750475], [139.8192601423281, 35.316396651686816], [139.84020251096734, 35.33386442791849], [139.83767933402285, 35.3590009839592], [139.85937865574542, 35.34877594421383], [139.84600581793964, 35.37561667354543], [139.89798326299606, 35.35857494063647], [139.91867331394087, 35.38733286492034], [139.8982355806905, 35.40650481444291], [139.89697399221828, 35.42312050402914], [139.90101107532945, 35.42972417553136], [140.12708772955546, 35.56754919043252], [139.87275149355122, 35.62549108232297], [139.7798985819941, 36.10010334383734], [140.15055327513917, 35.84341224189622], [140.5111152605063, 35.95865696069302]], [[139.89974948685722, 35.41672985418828], [139.89982916612914, 35.41667379585635], [139.89949716916277, 35.417794962495094], [139.89974948685722, 35.41672985418828]], [[139.89982916612914, 35.41667379585635], [139.90101107532945, 35.41566474588147], [139.90151571071834, 35.415238702558746], [139.89982916612914, 35.41667379585635]]], [[[140.32768029664214, 35.145340257613185], [140.3269233435588, 35.14427514930638], [140.3269233435588, 35.145340257613185], [140.32768029664214, 35.145340257613185]]], [[[140.83963289867847, 35.697066360540575], [140.84157934946418, 35.69761413052692], [140.84013753406737, 35.696853338879215], [140.83963289867847, 35.697066360540575]]], [[[140.84157934946418, 35.69761413052692], [140.84215607562294, 35.69791844718603], [140.8428499492827, 35.69797170260137], [140.84157934946418, 35.69761413052692]]], [[[140.84493157026188, 35.698131468847386], [140.8428499492827, 35.69797170260137], [140.84417461717854, 35.698344490508745], [140.84493157026188, 35.698131468847386]]], [[[140.86915406892896, 35.73881860616751], [140.8692959976321, 35.73883192002135], [140.86911315254608, 35.73878981945652], [140.86915406892896, 35.73881860616751]]], [[[140.87445274051237, 35.737114432876616], [140.86082758501215, 35.74968271089697], [140.8719295635679, 35.741161844442495], [140.87445274051237, 35.737114432876616]]], [[[140.85496119861622, 35.74387787062488], [140.8546414511931, 35.74345366369577], [140.85451964265093, 35.743505082717476], [140.85496119861622, 35.74387787062488]]], [[[140.85578123112316, 35.74457019102428], [140.85496119861622, 35.74387787062488], [140.85597417994833, 35.745221786694295], [140.85578123112316, 35.74457019102428]]], [[[140.8564120253593, 35.74670040763793], [140.85628586651208, 35.74563529933109], [140.85597417994833, 35.745221786694295], [140.8564120253593, 35.74670040763793]]], [[[140.85981831423436, 35.747765515944714], [140.8564120253593, 35.74670040763793], [140.85653818420653, 35.747765515944714], [140.85981831423436, 35.747765515944714]]]]}, {"type": "MultiLineString", "coordinates": [[[140.3269233435588, 35.142570976015485], [140.3269233435588, 35.14427514930638]], [[140.06703611827666, 35.058214398116164], [140.06703611827666, 35.0580013764548]], [[140.06526989441554, 35.05864044143888], [140.06526989441554, 35.05885346310025]], [[139.90605742921844, 34.90398671529013], [139.90555279382954, 34.90398671529013]], [[139.77888931121632, 34.95596400066243], [139.77888931121632, 34.955537957339715]], [[139.77687076966072, 34.955537957339715], [139.77712308735516, 34.955537957339715]], [[139.7587038956604, 34.96107652053512], [139.75845157796596, 34.96128954219648]], [[139.75845157796596, 34.96128954219648], [139.75845157796596, 34.96107652053512]], [[139.75744230718817, 34.96192860718057], [139.75718998949372, 34.96192860718057]], [[139.75744230718817, 34.96235465050329], [139.75718998949372, 34.96235465050329]], [[139.753405224077, 34.965976018746446], [139.75315290638255, 34.965976018746446]], [[139.75315290638255, 34.96640206206917], [139.7529005886881, 34.96640206206917]]]}]}}, {"id": "15", "type": "Feature", "properties": {"id": null, "code": "9131", "name": "東京", "namekana": "とうきょう", "areaCode": 9131}, "geometry": {"type": "GeometryCollection", "geometries": [{"type": "MultiPolygon", "coordinates": [[[[138.9429607895079, 35.86024095314381], [139.91867331394087, 35.6974924038633], [139.46273524007213, 35.62527806066161], [139.46904318243335, 35.50172549707169], [139.39965581645998, 35.58459092334148], [139.02673026406487, 35.7181555050154], [138.9429607895079, 35.86024095314381]]], [[[139.48922859798924, 35.77950574348764], [139.4889762802948, 35.77950574348764], [139.48922859798924, 35.779718765149], [139.48922859798924, 35.77950574348764]]]]}, {"type": "MultiLineString", "coordinates": [[[139.75668535410483, 35.638485403666046], [139.75618071871594, 35.636994252036516]], [[139.31967110731975, 35.606106111139034], [139.3199234250142, 35.605893089477675]]]}]}}, {"id": "16", "type": "Feature", "properties": {"id": null, "code": "9132", "name": "伊豆諸島", "namekana": "いずしょとう", "areaCode": 9132}, "geometry": {"type": "GeometryCollection", "geometries": [{"type": "MultiPolygon", "coordinates": [[[[139.7440694693824, 33.12120843135217], [139.8576124318843, 33.09905417857054], [139.83238066243942, 33.04558574156869], [139.7440694693824, 33.12120843135217]]], [[[139.57829674412963, 33.86081963960078], [139.63204041304718, 33.871257701007515], [139.61967684601922, 33.85165970816222], [139.57829674412963, 33.86081963960078]]], [[[139.53994445457343, 34.12432743470548], [139.50058289423944, 34.04572244166293], [139.47333258323897, 34.07788871252858], [139.53994445457343, 34.12432743470548]]], [[[139.24120030434622, 34.369941410255784], [139.29115920784704, 34.42426193390307], [139.27803868773572, 34.390604511407886], [139.27021683920782, 34.330958446226546], [139.24120030434622, 34.369941410255784]]], [[[139.3847690724875, 34.692030162235014], [139.38451675479305, 34.692030162235014], [139.3847690724875, 34.69224318389637], [139.3847690724875, 34.692030162235014]]], [[[139.360294256126, 34.7989670362387], [139.4354849290717, 34.77020911195484], [139.43800810601618, 34.67839677590785], [139.42387831512704, 34.68287023079645], [139.4163087842936, 34.68095303584419], [139.40369289957115, 34.68244418747373], [139.40217899340445, 34.68223116581237], [139.4014220403211, 34.68180512248964], [139.379975036293, 34.69629059546225], [139.3764425885707, 34.695651530478166], [139.37265782315396, 34.69927289872132], [139.35928498534818, 34.702255201980385], [139.3582757145704, 34.700977072012215], [139.360294256126, 34.7989670362387]]]]}, {"type": "MultiLineString", "coordinates": [[[139.28762676012477, 34.41062854757591], [139.2878790778192, 34.41062854757591]], [[139.28863603090258, 34.401042572814625], [139.28863603090258, 34.40082955115326]], [[139.44784849609968, 34.72100110818023], [139.44784849609968, 34.72142715150296]], [[139.40268362879337, 34.68223116581237], [139.40268362879337, 34.68180512248964]], [[139.3951140979599, 34.68457440408734], [139.39486178026544, 34.68457440408734]], [[139.36256511537601, 34.70140311533494], [139.36231279768157, 34.70140311533494]]]}]}}, {"id": "17", "type": "Feature", "properties": {"id": null, "code": "9133", "name": "小笠原", "namekana": "おがさわら", "areaCode": 9133}, "geometry": {"type": "GeometryCollection", "geometries": [{"type": "MultiPolygon", "coordinates": [[[[141.28598290015813, 24.788866147180475], [141.34300669910354, 24.774806717530588], [141.28598290015813, 24.745622749924006], [141.28598290015813, 24.788866147180475]]], [[[142.17439350231186, 26.654509857388216], [142.17868290311748, 26.607645091888593], [142.15395576906153, 26.63597697284973], [142.12342532803322, 26.714155922569553], [142.12998558808889, 26.709469446019593], [142.1289763173111, 26.708404337712782], [142.13124717656115, 26.70691318608325], [142.1314994942556, 26.706487142760526], [142.1309948588667, 26.705422034453715], [142.1309948588667, 26.70478296946963], [142.1309948588667, 26.704569947808267], [142.13124717656115, 26.70393088282418], [142.1337703535056, 26.702439731194648], [142.13452730658898, 26.69924440627422], [142.16505774761725, 26.70265275285601], [142.14638623822805, 26.685611019947057], [142.16859019533953, 26.689871453174295], [142.16177761758942, 26.67368180691079], [142.16455311222836, 26.660048420583625], [142.16758092456175, 26.657918203970006], [142.17691667925635, 26.655574965695024], [142.18928024628434, 26.65940935559954], [142.17439350231186, 26.654509857388216]]], [[[142.2253616765905, 27.043913454357813], [142.2253616765905, 27.043700432696454], [142.22510935889605, 27.043913454357813], [142.2253616765905, 27.043913454357813]]], [[[142.20845639106244, 27.08332246170977], [142.21905373422928, 27.101003259602813], [142.23797756131293, 27.05222129915093], [142.22182922886822, 27.052647342473655], [142.22637094736828, 27.049878060875947], [142.22258618195156, 27.044978562664625], [142.22939875970167, 27.03581863122606], [142.19962527175673, 27.04561762764871], [142.18423389239535, 27.044126476019176], [142.20845639106244, 27.08332246170977]]], [[[142.1933173293955, 27.089287068227904], [142.19306501170107, 27.089500089889267], [142.19306501170107, 27.08971311155063], [142.1933173293955, 27.089287068227904]]], [[[142.19962527175673, 27.095677718068764], [142.19962527175673, 27.095890739730123], [142.20139149561786, 27.095677718068764], [142.19962527175673, 27.095677718068764]]]]}, {"type": "MultiLineString", "coordinates": [[[142.1309948588667, 26.70478296946963], [142.13124717656115, 26.70478296946963]], [[142.13225644733893, 26.702865774517374], [142.13175181195004, 26.702865774517374]], [[142.16657165378396, 26.682415695026627], [142.16657165378396, 26.682841738349353]], [[142.16657165378396, 26.682202673365268], [142.1668239714784, 26.682202673365268]], [[142.17086105458958, 26.657705182308646], [142.17086105458958, 26.657918203970006]], [[142.18095376236752, 26.653444749081405], [142.18095376236752, 26.653018705758683]], [[142.17287959614515, 26.644497839304204], [142.1726272784507, 26.644284817642845]], [[142.17994449158974, 26.609136243518126], [142.17994449158974, 26.608923221856763]], [[142.14184451972798, 26.677942240138027], [142.14159220203354, 26.67815526179939]], [[142.1284716819222, 26.697327211321962], [142.12821936422776, 26.697327211321962]], [[142.2326788897295, 27.077144833530276], [142.2331835251184, 27.077144833530276]], [[142.22510935889605, 27.043913454357813], [142.22510935889605, 27.044126476019176]], [[142.20694248489573, 27.042635324389643], [142.20694248489573, 27.042422302728284]], [[142.1968497771178, 27.04476554100326], [142.19710209481224, 27.04476554100326]], [[142.19356964708996, 27.041357194421472], [142.19356964708996, 27.04114417276011]], [[142.1890279285899, 27.05222129915093], [142.1890279285899, 27.05200827748957]], [[142.1875140224232, 27.060316122282682], [142.1875140224232, 27.060103100621323]], [[142.19356964708996, 27.075866703562102], [142.19407428247885, 27.075866703562102]]]}]}}, {"id": "18", "type": "Feature", "properties": {"id": null, "code": "9140", "name": "神奈川", "namekana": "かながわ", "areaCode": 9140}, "geometry": {"type": "GeometryCollection", "geometries": [{"type": "MultiPolygon", "coordinates": [[[[139.6065563259079, 35.20519934445589], [139.6065563259079, 35.205284553120435], [139.6066509450433, 35.20525259987123], [139.6065563259079, 35.20519934445589]]], [[[139.6065563259079, 35.206264452762696], [139.60554705513007, 35.20562538777861], [139.60554705513007, 35.206264452762696], [139.6065563259079, 35.206264452762696]]], [[[139.3991511810711, 35.312562261782304], [139.39889886337662, 35.31277528344366], [139.39889886337662, 35.31298830510502], [139.3991511810711, 35.31277528344366], [139.3991511810711, 35.312562261782304]]], [[[139.39738495720994, 35.315331543380005], [139.39763727490438, 35.31277528344366], [139.3969812488988, 35.315544565041364], [139.39738495720994, 35.315331543380005]]], [[[139.62926491840824, 35.394788623068], [139.6295803155263, 35.39489513389869], [139.62976955379716, 35.39393653642256], [139.62926491840824, 35.394788623068]]], [[[139.63178809535273, 35.39564070971345], [139.6295803155263, 35.39489513389869], [139.6295172361027, 35.39521466639073], [139.63178809535273, 35.39564070971345]]], [[[139.1332083311222, 35.67299491280668], [139.79604691443882, 35.518980251642006], [139.633049683825, 35.464659727994714], [139.67518673879792, 35.43164137048362], [139.69083043585374, 35.43931015029264], [139.6688787964367, 35.40245740287703], [139.62926491840824, 35.41332150760649], [139.62220002296368, 35.33173421130488], [139.66130926560322, 35.32236125820495], [139.6310311422694, 35.30020700542331], [139.66080463021433, 35.28295225085299], [139.67392515032566, 35.300633048746036], [139.74608801093797, 35.254194326569134], [139.6782145511313, 35.13980169441778], [139.5709795309906, 35.293390312259724], [139.44254982451625, 35.31916593328452], [139.3390995697923, 35.313840391750475], [139.25558241292978, 35.2946684422279], [139.1478427574002, 35.240986983564696], [139.1597016890393, 35.14065378106323], [138.98762102142533, 35.20072588956729], [139.1332083311222, 35.67299491280668]]], [[[139.65216760144284, 35.28867106314648], [139.65217995265866, 35.28872320131534], [139.6522258286031, 35.28870383570977], [139.65216760144284, 35.28867106314648]]], [[[139.6522258286031, 35.28891685737113], [139.65217995265866, 35.28872320131534], [139.65121655782528, 35.28912987903249], [139.6522258286031, 35.28891685737113]]], [[[139.65045960474194, 35.38456358332263], [139.6502401980511, 35.3847488195499], [139.65247814629754, 35.38648077827489], [139.65045960474194, 35.38456358332263]]], [[[139.68086388692302, 35.416596715649966], [139.6809706367168, 35.41675443361074], [139.68099004577022, 35.41672985418828], [139.68086388692302, 35.416596715649966]]], [[[139.6809706367168, 35.41675443361074], [139.68174699885358, 35.4188600708019], [139.68225163424248, 35.41864704914054], [139.6809706367168, 35.41675443361074]]], [[[139.66181390099212, 35.44463569182669], [139.66156158329767, 35.445061735149416], [139.66307548946438, 35.44357058351988], [139.66181390099212, 35.44463569182669]]], [[[139.7965515498277, 35.50683801694438], [139.7965515498277, 35.50662499528301], [139.79163135478598, 35.507233628601185], [139.7965515498277, 35.50683801694438]]], [[[139.79105878771009, 35.507509854491765], [139.79163135478598, 35.507233628601185], [139.79125287824428, 35.5072640602671], [139.79105878771009, 35.507509854491765]]]]}, {"type": "MultiLineString", "coordinates": [[[139.31967110731975, 35.606106111139034], [139.3199234250142, 35.605893089477675]], [[139.753405224077, 35.525583923144225], [139.75365754177145, 35.52600996646695]], [[139.65121655782528, 35.28912987903249], [139.6507119224364, 35.28955592235521]], [[139.6507119224364, 35.28955592235521], [139.65045960474194, 35.28955592235521]], [[139.60125765432446, 35.197104521324135], [139.60125765432446, 35.1973175429855]], [[139.60529473743563, 35.20072588956729], [139.60504241974118, 35.20072588956729]], [[139.60907950285235, 35.20839466937632], [139.60907950285235, 35.20818164771496]], [[139.59192189962985, 35.24482137346921], [139.5916695819354, 35.24482137346921]], [[139.57829674412963, 35.25312921826232], [139.57829674412963, 35.252916196600964]], [[139.39763727490438, 35.31277528344366], [139.39814191029328, 35.31277528344366]], [[139.39814191029328, 35.31277528344366], [139.39864654568217, 35.31277528344366]], [[139.39864654568217, 35.31277528344366], [139.39889886337662, 35.31277528344366]], [[139.39889886337662, 35.31277528344366], [139.3991511810711, 35.31277528344366]]]}]}}, {"id": "19", "type": "Feature", "properties": {"id": null, "code": "9150", "name": "新潟", "namekana": "にいがた", "areaCode": 9150}, "geometry": {"type": "GeometryCollection", "geometries": [{"type": "MultiPolygon", "coordinates": [[[[138.24883481207965, 37.193117488285374], [138.24732090591294, 37.18928309838086], [138.25009640055188, 37.197164899851224], [138.24883481207965, 37.193117488285374]]], [[[138.25009640055188, 37.197164899851224], [138.25009640055188, 37.19716489985125], [138.2500964005519, 37.197164899851295], [138.25009640055188, 37.197164899851224]]], [[[138.25236725980193, 37.20291648470803], [138.25135798902414, 37.19993418144895], [138.2500964005519, 37.197164899851295], [138.25236725980193, 37.20291648470803]]], [[[138.25236725980193, 37.20291648470803], [138.25539507213531, 37.207389939596624], [138.2564043429131, 37.20760296125799], [138.25236725980193, 37.20291648470803]]], [[[138.53395380680664, 37.368221293924876], [138.53367855113993, 37.36814383150255], [138.53425285000012, 37.36844220527744], [138.53395380680664, 37.368221293924876]]], [[[138.5359723483622, 37.369712445554384], [138.53546771297331, 37.36907338057033], [138.53425285000012, 37.36844220527744], [138.5359723483622, 37.369712445554384]]], [[[138.53597234836224, 37.36971244555441], [138.5359723483622, 37.369712445554384], [138.53597234836224, 37.36971244555444], [138.53597234836224, 37.36971244555441]]], [[[138.54136397909622, 37.369622752223314], [138.5410859869697, 37.37063553942031], [138.5415233376401, 37.36971244555441], [138.54136397909622, 37.369622752223314]]], [[[138.5405140668623, 37.37184266216803], [138.5415233376401, 37.37248172715212], [138.5410859869697, 37.37063553942031], [138.5405140668623, 37.37184266216803]]], [[[138.53647698375113, 37.3703515105385], [138.53672930144558, 37.372268705490754], [138.5405140668623, 37.38057655028387], [138.53647698375113, 37.3703515105385]]], [[[138.41359826655463, 37.86647895985042], [138.4133082895028, 37.866523471839365], [138.4155116757376, 37.86685174775781], [138.41359826655463, 37.86647895985042]]], [[[138.41687839658246, 37.867118024834504], [138.4201585266103, 37.86754406815723], [138.4155116757376, 37.86685174775781], [138.41687839658246, 37.867118024834504]]], [[[138.51502997972298, 38.33214431158759], [138.5001432357505, 37.920160418513625], [138.21502424102354, 37.81045426291223], [138.24202223432954, 38.08716940102138], [138.51502997972298, 38.33214431158759]]], [[[138.2392467396906, 38.08290896779414], [138.23899442199615, 38.08440011942367], [138.2412652812462, 38.08695637936001], [138.2392467396906, 38.08290896779414]]], [[[138.51805779205637, 38.31510257867863], [138.51856242744526, 38.320002076889956], [138.51856242744526, 38.31510257867863], [138.51805779205637, 38.31510257867863]]], [[[138.59274382961317, 37.43724031220614], [138.59324846500206, 37.43873146383567], [138.59678091272434, 37.44043563712657], [138.59274382961317, 37.43724031220614]]], [[[138.58593125186306, 37.44171376709474], [138.58542661647417, 37.439583550481125], [138.5846696633908, 37.43724031220614], [138.58593125186306, 37.44171376709474]]], [[[139.89949716916277, 38.29017904429929], [139.58510932187974, 37.51307602365099], [139.19729702551214, 37.410825626197266], [139.24120030434622, 36.94132588455558], [139.09687458312158, 37.058700819966], [138.69568944894823, 36.738316241277666], [138.52461805211203, 37.030581960666225], [137.76236629718264, 36.76622207891607], [137.63494586148607, 36.97966978360073], [138.2304156203849, 37.173519495440075], [138.54404651458458, 37.3686473372476], [138.74867616478244, 37.60637951132751], [138.841781394034, 37.81663189109173], [139.06962427212113, 37.9438058229248], [139.06962427212113, 37.95296575436336], [139.2178140586093, 37.99878367055569], [139.2427142105129, 37.97022050893368], [139.39057237945983, 38.12679143003469], [139.44936240226636, 38.234154347361105], [139.45037167304415, 38.24139708384741], [139.44860544918302, 38.243314278799666], [139.44456836607185, 38.24374032212239], [139.4448206837663, 38.24395334378375], [139.44381141298848, 38.24416636544511], [139.44305445990514, 38.24544449541328], [139.44305445990514, 38.24523147375192], [139.44254982451625, 38.24523147375192], [139.4422975068218, 38.24523147375192], [139.44204518912736, 38.24544449541328], [139.4417928714329, 38.24544449541328], [139.441288236044, 38.247361690365544], [139.44254982451625, 38.2492788853178], [139.4433067775996, 38.25077003694733], [139.44381141298848, 38.25226118857687], [139.44406373068293, 38.25716068678819], [139.44658690762742, 38.261634141676794], [139.44507300146074, 38.264403423274494], [139.44507300146074, 38.26461644493586], [139.44582995454408, 38.26482946659722], [139.4453253191552, 38.26738572653356], [139.4491100845719, 38.275906592988036], [139.44658690762742, 38.294226455865164], [139.4511286261275, 38.308498907176414], [139.44810081379413, 38.31510257867863], [139.4526425322942, 38.33746985312163], [139.4511286261275, 38.33896100475117], [139.45138094382196, 38.34386050296249], [139.4526425322942, 38.34897302283518], [139.4516332615164, 38.34897302283518], [139.4511286261275, 38.35089021778744], [139.45138094382196, 38.352594391078334], [139.4506239907386, 38.35280741273969], [139.4511286261275, 38.35451158603059], [139.44986703765525, 38.35600273766012], [139.45037167304415, 38.36132827919417], [139.46021206312764, 38.38092627203947], [139.45592266232202, 38.39455965836663], [139.54827093849025, 38.53984043141546], [139.5490278915736, 38.553686839403994], [139.89949716916277, 38.29017904429929]]], [[[139.16676658448387, 37.97639813711317], [139.1680281729561, 37.973202812192746], [139.1695420791228, 37.97810231040407], [139.16676658448387, 37.97639813711317]]], [[[139.2187440295403, 37.99983051986298], [139.2178140586093, 37.99878367055569], [139.22111739285376, 38.003551742009996], [139.2187440295403, 37.99983051986298]]], [[[139.24145262204067, 38.00707325634929], [139.24137665542298, 38.00702515468382], [139.24114984080734, 38.00728627801064], [139.24145262204067, 38.00707325634929]]], [[[139.23993871587396, 38.0081383646561], [139.23892944509618, 38.009842537946994], [139.24114984080734, 38.00728627801064], [139.23993871587396, 38.0081383646561]]], [[[139.24145262204067, 38.009416494624276], [139.24170493973511, 38.009842537946994], [139.2467512936241, 38.009842537946994], [139.24145262204067, 38.009416494624276]]], [[[139.22404270112372, 38.0081383646561], [139.22429501881817, 38.0081383646561], [139.22111739285376, 38.003551742009996], [139.22404270112372, 38.0081383646561]]], [[[139.44507300146074, 38.264403423274494], [139.44456836607185, 38.264190401613135], [139.44456836607185, 38.26461644493586], [139.44507300146074, 38.264403423274494]]], [[[139.4811544317669, 38.43631190399357], [139.4821356672453, 38.436903630830685], [139.48216370254468, 38.436737947316296], [139.4811544317669, 38.43631190399357]]]]}, {"type": "MultiLineString", "coordinates": [[[138.52032865130641, 38.32106718519677], [138.51856242744526, 38.320002076889956]], [[138.33563209897, 38.19857972991366], [138.33563209897, 38.19943181655911]], [[139.23211686734606, 36.94047379791013], [139.23186454965162, 36.94047379791013]], [[138.2465639528296, 37.185235686814984], [138.2465639528296, 37.18715288176724]], [[138.48878893950032, 37.351179561015925], [138.48828430411143, 37.351179561015925]], [[138.58593125186306, 37.434044987285716], [138.5846696633908, 37.43724031220614]], [[139.06937195442669, 37.95211366771791], [139.06937195442669, 37.95168762439519]], [[139.06937195442669, 37.95168762439519], [139.06937195442669, 37.951474602733825]], [[139.44406373068293, 38.24416636544511], [139.44406373068293, 38.244592408767836]], [[139.44254982451625, 38.24523147375192], [139.44305445990514, 38.24544449541328]], [[139.44204518912736, 38.24544449541328], [139.44204518912736, 38.24523147375192]], [[139.4433067775996, 38.25077003694733], [139.44305445990514, 38.25077003694733]], [[139.4453253191552, 38.264403423274494], [139.4453253191552, 38.26461644493586]], [[139.44582995454408, 38.26482946659722], [139.4453253191552, 38.26482946659722]], [[139.4516332615164, 38.34130424302615], [139.4516332615164, 38.34151726468751]], [[139.45138094382196, 38.34343445963977], [139.4516332615164, 38.34386050296249]], [[139.45138094382196, 38.34386050296249], [139.4511286261275, 38.34386050296249]], [[139.45138094382196, 38.34386050296249], [139.45138094382196, 38.34407352462386]], [[139.45138094382196, 38.351103239448804], [139.45138094382196, 38.35131626111016]], [[139.4511286261275, 38.35131626111016], [139.4511286261275, 38.351103239448804]]]}]}}, {"id": "20", "type": "Feature", "properties": {"id": null, "code": "9160", "name": "富山", "namekana": "とやま", "areaCode": 9160}, "geometry": {"type": "GeometryCollection", "geometries": [{"type": "Polygon", "coordinates": [[[137.4096261603434, 36.89850853062183], [137.72048155990416, 36.92684041158297], [137.59205185342978, 36.38959978162819], [136.79094317355532, 36.30055672717891], [136.8956550167515, 36.92471019496935], [137.30188650481384, 36.75578401750934], [137.39322551020425, 36.80776130288165], [137.418961915038, 36.87443708288794], [137.4096261603434, 36.89850853062183]]]}, {"type": "LineString", "coordinates": [[137.41542946731573, 36.86655528141755], [137.4151771496213, 36.86655528141755]]}]}}, {"id": "21", "type": "Feature", "properties": {"id": null, "code": "9170", "name": "石川", "namekana": "いしかわ", "areaCode": 9170}, "geometry": {"type": "GeometryCollection", "geometries": [{"type": "MultiPolygon", "coordinates": [[[[137.05183966961522, 36.95900668244862], [136.78917694969417, 36.71871824843237], [136.75435710786024, 36.08625693584881], [136.34257463052003, 36.17444790365265], [136.24391841199062, 36.29523118564486], [136.7546094255547, 36.855052111704], [136.7702531226105, 36.99649849484832], [136.72231276066526, 37.05571851670693], [136.72306971374863, 37.05635758169102], [136.72231276066526, 37.05742268999783], [136.7225650783597, 37.059126863288725], [136.72206044297081, 37.06061801491826], [136.72206044297081, 37.06360031817732], [136.72079885449858, 37.06551751312958], [136.72180812527637, 37.068286794727285], [136.7182756775541, 37.07957694277947], [136.72786374994314, 37.082346224377176], [136.72735911455425, 37.135601639717656], [136.71222005288732, 37.14816991773801], [136.6695783625255, 37.14689178776984], [136.6695783625255, 37.150087112690265], [136.67361544563667, 37.155412654224314], [136.67285849255333, 37.15924704412883], [136.6763909402756, 37.164146542340156], [136.67588630488672, 37.18928309838086], [136.6819419295535, 37.193117488285374], [136.6799233879979, 37.207176917935264], [136.73341473922102, 37.27832615283015], [136.73719950463774, 37.34777121443413], [137.32787522734205, 37.529478691575854], [136.90625235991834, 37.21825404432608], [137.05183966961522, 36.95900668244862]], [[136.3139906402775, 36.35253401255122], [136.31406273104736, 36.35253401255122], [136.31406273104736, 36.35264052338192], [136.3139906402775, 36.35253401255122]], [[136.31204418949176, 36.35253401255122], [136.31355809565844, 36.35189494756713], [136.3139906402775, 36.35253401255122], [136.31204418949176, 36.35253401255122]]], [[[136.71903263063743, 37.06061801491826], [136.72206044297081, 37.06061801491826], [136.7202942191097, 37.059339884950084], [136.71903263063743, 37.06061801491826]]], [[[136.68724060113692, 37.1364537263631], [136.68698828344247, 37.1364537263631], [136.68698828344247, 37.13687976968583], [136.68724060113692, 37.1364537263631]]], [[[136.7001088035538, 37.13879696463808], [136.70086575663714, 37.14050113792898], [136.70187502741493, 37.14135322457443], [136.7001088035538, 37.13879696463808]]], [[[136.9039815006683, 37.40379591137232], [136.9049907714461, 37.40251778140415], [136.90221527680717, 37.404221954695046], [136.9039815006683, 37.40379591137232]]]]}, {"type": "MultiLineString", "coordinates": [[[136.74502135316564, 37.0256824624549], [136.74502135316564, 37.02589548411626]], [[136.7271067968598, 37.12878494655408], [136.7266021614709, 37.12878494655408]], [[136.67462471641448, 37.13922300796081], [136.67462471641448, 37.13900998629944]], [[136.66983068021995, 37.14944804770618], [136.6700829979144, 37.14944804770618]], [[137.10734956239392, 37.48431809936713], [137.10709724469947, 37.48431809936713]], [[137.35689176220365, 37.447678373612874], [137.35689176220365, 37.447465351951514]], [[137.24461038817398, 37.369499423893046], [137.24461038817398, 37.36971244555441]], [[137.26731898067436, 37.35565301590452], [137.26731898067436, 37.35607905922725]]]}]}}, {"id": "22", "type": "Feature", "properties": {"id": null, "code": "9180", "name": "福井", "namekana": "ふくい", "areaCode": 9180}, "geometry": {"type": "GeometryCollection", "geometries": [{"type": "MultiPolygon", "coordinates": [[[[135.64668242923065, 35.54347774269863], [135.66257844398092, 35.54688608928042], [135.66964333942548, 35.52473183649877], [135.6267493313692, 35.48873117572861], [135.581079828674, 35.49000930569679], [135.64718706461954, 35.47808009266052], [135.73549825767657, 35.49299160895585], [135.71455588903734, 35.569892428707504], [135.83339752312264, 35.53538291956687], [135.8013531759277, 35.571170558675675], [135.83642533545603, 35.56179760557575], [135.84071473626167, 35.56392782218937], [135.84021010087275, 35.568614298739334], [135.8424809601228, 35.570957537014316], [135.84878890248402, 35.570957537014316], [135.84828426709512, 35.577348186855176], [135.85762002178973, 35.58182164174377], [135.85762002178973, 35.5894904215528], [135.81472601373346, 35.642319793570564], [135.86720809417878, 35.60802330609129], [135.9752000674028, 35.62527806066161], [136.01784175776461, 35.76416818386958], [136.0254112885981, 35.680237649292984], [136.07259469745998, 35.66085267810905], [136.06250198968203, 35.668095414595356], [136.07436092132113, 35.66745634961127], [136.08596753526575, 35.68449808252022], [136.10034964384934, 35.77822761351947], [136.0710807912933, 35.82381424905092], [135.99412389448645, 35.88793376912086], [135.99765634220873, 35.90178017710939], [135.99664707143094, 35.935863642927295], [135.95779014648585, 35.982515386765556], [136.12886154332205, 36.1914896365616], [136.12331055404417, 36.250070593436135], [136.17301713985054, 36.252839875033835], [136.24391841199062, 36.29523118564486], [136.76369286255485, 36.07517980945799], [136.7894292673886, 35.7993167579943], [135.7599730740381, 35.353249399102424], [135.4582011114775, 35.46828109623787], [135.64668242923065, 35.54347774269863]], [[135.6572797723975, 35.54347774269863], [135.65778440778638, 35.542412634391816], [135.65854136086972, 35.54347774269863], [135.6572797723975, 35.54347774269863]]], [[[136.08268740523792, 35.68343297421341], [136.08394899371018, 35.682793909229325], [136.08390311776574, 35.68274872281631], [136.08268740523792, 35.68343297421341]]], [[[135.98100337437512, 35.73754047619934], [135.98075105668067, 35.7377534978607], [135.98377886901406, 35.73924464949024], [135.98100337437512, 35.73754047619934]]], [[[136.05367087037632, 36.12481385655532], [136.05316623498743, 36.12481385655532], [136.05341855268188, 36.125452921539406], [136.05367087037632, 36.12481385655532]]]]}, {"type": "MultiLineString", "coordinates": [[[135.4851991047835, 35.52281464154652], [135.4851991047835, 35.52324068486924]], [[135.51446795733955, 35.50023434544215], [135.514720275034, 35.50023434544215]], [[135.6464301115362, 35.54326472103726], [135.6459254761473, 35.5430516993759]], [[135.64668242923065, 35.54326472103726], [135.6464301115362, 35.54326472103726]], [[135.82052932070576, 35.573726818612016], [135.82052932070576, 35.57393984027338]], [[135.84021010087275, 35.568401277077974], [135.84021010087275, 35.56818825541661]], [[135.84046241856723, 35.568614298739334], [135.84046241856723, 35.568401277077974]], [[135.84626572553952, 35.60141963458907], [135.84651804323397, 35.60141963458907]], [[135.8321359346504, 35.60312380787997], [135.83163129926152, 35.60312380787997]], [[135.82860348692813, 35.607384241107205], [135.82860348692813, 35.607171219445846]], [[135.82683726306698, 35.60930143605946], [135.82633262767808, 35.60930143605946]], [[135.83163129926152, 35.61292280430261], [135.83137898156707, 35.61292280430261]], [[135.90707428990166, 35.62485201733888], [135.90707428990166, 35.62527806066161]], [[135.9482020740968, 35.6314556888411], [135.9482020740968, 35.63124266717974]], [[136.05089537573738, 35.83808670036217], [136.05064305804294, 35.83808670036217]], [[136.05064305804294, 35.83808670036217], [136.0503907403485, 35.83808670036217]], [[136.05064305804294, 35.83808670036217], [136.05013842265404, 35.838512743684895]], [[135.9943762121809, 35.89538952726853], [135.9923576706253, 35.89538952726853]], [[135.9923576706253, 35.89538952726853], [135.9918530352364, 35.89538952726853]], [[135.99765634220873, 35.90178017710939], [135.9963947537365, 35.9011411121253]], [[135.99589011834757, 35.91157917353203], [135.99563780065313, 35.91157917353203]], [[135.96813517195824, 35.968242935454306], [135.96712590118045, 35.968242935454306]], [[136.01935566393132, 36.064528726389895], [136.01935566393132, 36.064315704728536]], [[136.020869570098, 36.06942822460122], [136.020869570098, 36.06900218127849]], [[136.02414970012583, 36.07411470115118], [136.0238973824314, 36.07411470115118]], [[136.02414970012583, 36.07539283111935], [136.0238973824314, 36.07517980945799]], [[136.03348545482044, 36.09946427885325], [136.033233137126, 36.09946427885325]], [[136.03449472559822, 36.10308564709641], [136.03449472559822, 36.103298668757766]], [[136.03626094945938, 36.10308564709641], [136.03626094945938, 36.103298668757766]], [[136.04912915187626, 36.11714507674629], [136.04912915187626, 36.11735809840765]], [[136.0493814695707, 36.11863622837583], [136.0493814695707, 36.11884925003719]], [[136.1432436519056, 36.25326591835656], [136.14349596960005, 36.25326591835656]], [[136.24290914121283, 36.29395305567669], [136.24316145890728, 36.29395305567669]], [[136.24290914121283, 36.294379098999414], [136.24316145890728, 36.294379098999414]]]}]}}, {"id": "23", "type": "Feature", "properties": {"id": null, "code": "9190", "name": "山梨", "namekana": "やまなし", "areaCode": 9190}, "geometry": {"type": "Polygon", "coordinates": [[[138.18550307077302, 35.795695389751145], [138.94573628414685, 35.854276346625674], [139.129171248011, 35.56392782218937], [138.43100818747158, 35.180275810076544], [138.18550307077302, 35.795695389751145]]]}}, {"id": "24", "type": "Feature", "properties": {"id": null, "code": "9200", "name": "長野", "namekana": "ながの", "areaCode": 9200}, "geometry": {"type": "Polygon", "coordinates": [[[138.69568944894823, 36.738316241277666], [138.39694529872102, 36.48886787582285], [138.6467398162252, 36.41090194776439], [138.72899538461544, 35.90923593525705], [138.3704519408039, 35.97122523871337], [138.14185210963342, 35.37007811035002], [137.57842669792956, 35.198382651292306], [137.3250997327031, 35.816784534225974], [137.86354569265654, 36.91320702525581], [138.52461805211203, 37.030581960666225], [138.69568944894823, 36.738316241277666]]]}}, {"id": "25", "type": "Feature", "properties": {"id": null, "code": "9210", "name": "岐阜", "namekana": "ぎふ", "areaCode": 9210}, "geometry": {"type": "Polygon", "coordinates": [[[136.83736962933386, 36.347421492678535], [137.65311273548636, 36.304817160406145], [137.3250997327031, 35.816784534225974], [137.56177373009595, 35.28316527251435], [136.37739447235396, 35.24290417851695], [136.3216322618808, 35.76523329217639], [136.7894292673886, 35.7993167579943], [136.83736962933386, 36.347421492678535]]]}}, {"id": "26", "type": "Feature", "properties": {"id": null, "code": "9220", "name": "静岡", "namekana": "しずおか", "areaCode": 9220}, "geometry": {"type": "GeometryCollection", "geometries": [{"type": "Polygon", "coordinates": [[[138.95608130961924, 34.65645554478757], [138.9578475334804, 34.67690562427832], [138.91823365545193, 34.6524081332217], [138.91293498386852, 34.63536640031274], [138.90637472381286, 34.632384097053674], [138.90486081764615, 34.6311059670855], [138.9051131353406, 34.62940179379461], [138.89123566214593, 34.634940356990015], [138.8899740736737, 34.62428927392192], [138.88618930825695, 34.627058555519625], [138.849098607173, 34.6132121475311], [138.84304298250623, 34.60085689117211], [138.78929931358869, 34.669875909453374], [138.75700264869926, 34.69160411891229], [138.743377493199, 34.687769729007776], [138.74211590472677, 34.688195772330495], [138.73959272778228, 34.69011296728276], [138.9066270415073, 35.04862842335488], [138.69568944894823, 35.1447011926291], [138.35606983222033, 34.9142117550355], [138.3242778027198, 34.872672531069924], [138.33765064052557, 34.828364025506644], [138.19635273163433, 34.66753267117839], [138.2273878080515, 34.59510530631533], [137.47421949012227, 34.74997205412546], [138.22839707882932, 35.646154183475076], [138.4342883174994, 35.17921070176973], [138.58214648644633, 35.4457008001335], [139.00175081231444, 35.39926207795661], [139.148852028178, 34.935939964494416], [138.9984706822866, 34.74422046926868], [138.9729865951473, 34.688195772330495], [138.97349123053618, 34.6730712343738], [138.98711638603643, 34.65837273973983], [138.95608130961924, 34.65645554478757]]]}, {"type": "MultiLineString", "coordinates": [[[139.08173552145468, 34.84924014832011], [139.08198783914912, 34.84924014832011]], [[139.0231978163426, 34.75870594224129], [139.02345013403703, 34.75870594224129]], [[139.0231978163426, 34.75849292057993], [139.02345013403703, 34.75849292057993]], [[138.98106076136966, 34.68116605750555], [138.98156539675855, 34.68116605750555]], [[138.97778063134183, 34.67285821271244], [138.97778063134183, 34.6730712343738]], [[138.97021110050835, 34.65453834983531], [138.97021110050835, 34.654325328173954]], [[138.95809985117484, 34.659437848046636], [138.95860448656373, 34.65986389136936]], [[138.95860448656373, 34.65986389136936], [138.95809985117484, 34.65986389136936]], [[138.9169720669797, 34.64729561334901], [138.91722438467414, 34.64729561334901]], [[138.90536545303505, 34.63131898874686], [138.9056177707295, 34.63131898874686]], [[138.9056177707295, 34.63131898874686], [138.9056177707295, 34.6311059670855]], [[138.88669394364587, 34.624502295583284], [138.88719857903476, 34.624502295583284]], [[138.88669394364587, 34.62407625226056], [138.88719857903476, 34.62407625226056]], [[138.8859369905625, 34.62301114395375], [138.8859369905625, 34.62279812229239]], [[138.8599482680343, 34.612573082547016], [138.8604529034232, 34.612573082547016]], [[138.84834165408967, 34.606395454367515], [138.84834165408967, 34.60682149769024]], [[138.83951053478395, 34.60447825941526], [138.83951053478395, 34.6042652377539]], [[138.82815623853378, 34.60533034606071], [138.82815623853378, 34.604904302737985]], [[138.82083902539475, 34.61193401756293], [138.8205867077003, 34.61193401756293]], [[138.79712116211658, 34.62258510063103], [138.79712116211658, 34.62237207896966]], [[138.79712116211658, 34.62237207896966], [138.79712116211658, 34.6221590573083]], [[138.78021587658853, 34.63941381187862], [138.78021587658853, 34.63920079021725]], [[138.78299137122747, 34.66050295635345], [138.78299137122747, 34.66071597801481]], [[138.74211590472677, 34.68840879399186], [138.74186358703233, 34.68840879399186]], [[138.7582642371715, 34.87096835777903], [138.75750728408815, 34.87096835777903]], [[138.69896957897606, 35.13639334783599], [138.69896957897606, 35.136180326174625]], [[138.33891222899783, 34.888010090687985], [138.33941686438672, 34.888010090687985]]]}]}}, {"id": "27", "type": "Feature", "properties": {"id": null, "code": "9230", "name": "愛知", "namekana": "あいち", "areaCode": 9230}, "geometry": {"type": "GeometryCollection", "geometries": [{"type": "MultiPolygon", "coordinates": [[[[137.19843625008988, 34.80684883770909], [137.1959130731454, 34.80855301099999], [137.19599900177198, 34.80863215217449], [137.19843625008988, 34.80684883770909]]], [[[136.93123181166877, 34.82112128902034], [136.9350165770855, 34.82112128902034], [136.932493400141, 34.82090826735897], [136.93123181166877, 34.82112128902034]]], [[[136.8328079032633, 34.874390780682056], [136.83282791083377, 34.87437670436082], [136.83207095775043, 34.87309857439265], [136.8328079032633, 34.874390780682056]]], [[[136.96554701811377, 35.421629352399606], [137.8289781685171, 35.151943929115404], [137.48506915098358, 34.67413634268061], [137.3114745772029, 34.64047892018543], [137.13384292031103, 34.588288613151754], [137.3134931187585, 34.8017363178364], [137.25142296592412, 34.80535768607956], [137.2160984887013, 34.82325150563396], [137.0263555824759, 34.77723882677978], [136.98093839747514, 34.956816087307885], [136.92820399933538, 34.86542979458362], [136.91457884383516, 34.77340443687527], [136.97740594975286, 34.703533331948556], [136.88859012130695, 34.72057506485751], [136.8966642875293, 35.08505512744777], [136.6710922686922, 35.13980169441778], [136.96554701811377, 35.421629352399606]], [[137.26832825145217, 34.80833998933862], [137.26807593375773, 34.80833998933862], [137.2695898399244, 34.804718621095475], [137.26832825145217, 34.80833998933862]]]]}, {"type": "MultiLineString", "coordinates": [[[137.16134554900594, 34.595957392960784], [137.16134554900594, 34.59574437129942]], [[137.12047008250525, 34.58743652650631], [137.12047008250525, 34.58722350484494]], [[137.19843625008988, 34.80684883770909], [137.19894088547878, 34.807274881031816]], [[136.92593314008533, 34.82112128902034], [136.93123181166877, 34.82112128902034]], [[136.96807019505826, 34.723344346455214], [136.96807019505826, 34.723131324793854]]]}]}}, {"id": "28", "type": "Feature", "properties": {"id": null, "code": "9240", "name": "三重", "namekana": "みえ", "areaCode": 9240}, "geometry": {"type": "GeometryCollection", "geometries": [{"type": "MultiPolygon", "coordinates": [[[[136.28353229001905, 34.13071808454634], [136.2837846077135, 34.13071808454634], [136.2837846077135, 34.13050506288498], [136.28353229001905, 34.13071808454634]]], [[[136.64232805152506, 34.285371810695096], [136.59615391344096, 34.2568269080726], [136.59135987724642, 34.29538382877911], [136.54897050457905, 34.283028572420115], [136.54846586919015, 34.24979719324766], [136.50531954343944, 34.278981160854244], [136.48488181018908, 34.238933088518195], [136.50809503807835, 34.22913409209555], [136.4636871238554, 34.23147733037053], [136.4662103007999, 34.25703992973396], [136.4528374629941, 34.21976113899562], [136.44047389596614, 34.22125229062516], [136.43996926057721, 34.22125229062516], [136.43946462518832, 34.22125229062516], [136.43921230749388, 34.22125229062516], [136.43845535441054, 34.22125229062516], [136.43719376593828, 34.220613225641074], [136.43441827129936, 34.22082624730243], [136.43164277666042, 34.21912207401154], [136.43113814127153, 34.21976113899562], [136.4306335058826, 34.21997416065699], [136.42911959971593, 34.21976113899562], [136.39909379407655, 34.20293242774803], [136.38975803938195, 34.21890905235018], [136.36276004607595, 34.18908601975951], [136.35291965599245, 34.21166631586387], [136.27772898304673, 34.16118018212109], [136.01178613309784, 33.723207646360976], [135.8563584333175, 33.818428328989754], [136.2297886211015, 34.49157677889344], [136.02011261701466, 34.79044616978422], [136.5275235005509, 35.25738965148956], [136.772776299555, 35.02455697562098], [136.52727118285645, 34.61108193091748], [136.92845631702983, 34.41361085083498], [136.81264249527788, 34.36823723696489], [136.8666384818899, 34.342674637601455], [136.90928017225173, 34.36525493370582], [136.89262720441812, 34.351621547378656], [136.89187025133478, 34.34863924411959], [136.89010402747363, 34.3497043524264], [136.88783316822358, 34.348000179135504], [136.88758085052913, 34.34714809249006], [136.88783316822358, 34.34608298418325], [136.88606694436245, 34.34501787587644], [136.8815252258624, 34.34544391919916], [136.87799277814008, 34.335857944437876], [136.90145832372383, 34.27791605254743], [136.86991861191774, 34.27344259765883], [136.84821929019515, 34.246814889988585], [136.70717369899836, 34.349278309103674], [136.65671016010862, 34.34224859427873], [136.67134458638665, 34.33649700942196], [136.66453200863654, 34.32904125127429], [136.67285849255333, 34.32648499133795], [136.67336312794222, 34.32605894801522], [136.67260617485888, 34.32414175306297], [136.63702937994162, 34.30880419344491], [136.67740021105342, 34.31540786494713], [136.6763909402756, 34.31519484328577], [136.67462471641448, 34.313916713317596], [136.6695783625255, 34.30837815012218], [136.66528896171988, 34.30667397683129], [136.66402737324762, 34.302413543604054], [136.66453200863654, 34.30049634865179], [136.6504022177474, 34.2926145471814], [136.65999029013645, 34.28920620059961], [136.64232805152506, 34.285371810695096]], [[136.84872392558404, 34.263430579574816], [136.8499855140563, 34.26492173120435], [136.84897624327849, 34.26492173120435], [136.84872392558404, 34.263430579574816]]], [[[136.68471742419243, 34.2915494388746], [136.684418380999, 34.291959702815], [136.68471742419243, 34.291671165538226], [136.68471742419243, 34.2915494388746]]], [[[136.6839604711091, 34.29240152552004], [136.68269888263683, 34.2943187204723], [136.684418380999, 34.291959702815], [136.6839604711091, 34.29240152552004]]], [[[136.68320351802572, 34.33330168450153], [136.68295120033127, 34.33308866284017], [136.68295120033127, 34.33330168450153], [136.68320351802572, 34.33330168450153]]], [[[136.7826166896385, 34.258318059702134], [136.78236437194406, 34.258318059702134], [136.7826166896385, 34.25895712468622], [136.7826166896385, 34.258318059702134]]], [[[136.89943978216823, 34.28558483235646], [136.89969209986268, 34.285371810695096], [136.89943978216823, 34.285371810695096], [136.89943978216823, 34.28558483235646]]], [[[136.8986828290849, 34.45365892317102], [136.8986828290849, 34.45344590150965], [136.89843051139044, 34.45365892317102], [136.8986828290849, 34.45365892317102]]], [[[136.75208624861023, 34.52672535301816], [136.74779684780458, 34.52587326637271], [136.75208624861023, 34.527151396340884], [136.75208624861023, 34.52672535301816]]]]}, {"type": "MultiLineString", "coordinates": [[[136.92391459852976, 34.44322086176428], [136.9241669162242, 34.44322086176428]], [[136.9133172553629, 34.386770121503375], [136.9133172553629, 34.38655709984201]], [[136.9133172553629, 34.37803623338753], [136.91356957305734, 34.37803623338753]], [[136.898178193696, 34.36397680373765], [136.898178193696, 34.36418982539901]], [[136.8961596521404, 34.35268665568547], [136.8961596521404, 34.35289967734683]], [[136.88758085052913, 34.34714809249006], [136.88783316822358, 34.34714809249006]], [[136.88606694436245, 34.34501787587644], [136.88606694436245, 34.34480485421507]], [[136.88202986125128, 34.34544391919916], [136.88202986125128, 34.34565694086052]], [[136.88127290816792, 34.273655619320195], [136.8815252258624, 34.273655619320195]], [[136.86991861191774, 34.26257849292937], [136.86991861191774, 34.26236547126801]], [[136.8086054121667, 34.252992518168085], [136.8086054121667, 34.25277949650672]], [[136.8086054121667, 34.25277949650672], [136.8086054121667, 34.25256647484536]], [[136.7856445019719, 34.258318059702134], [136.7856445019719, 34.25810503804077]], [[136.78539218427744, 34.258318059702134], [136.78539218427744, 34.25810503804077]], [[136.7826166896385, 34.25895712468622], [136.78236437194406, 34.25895712468622]], [[136.7758041118884, 34.25895712468622], [136.77605642958284, 34.25895712468622]], [[136.75183393091578, 34.27237748935202], [136.7515816132213, 34.27237748935202]], [[136.7515816132213, 34.27237748935202], [136.7515816132213, 34.27216446769066]], [[136.75486174324914, 34.27237748935202], [136.75536637863806, 34.27280353267474]], [[136.75713260249918, 34.27344259765883], [136.75688028480474, 34.27344259765883]], [[136.76974848722162, 34.27876813919288], [136.76949616952717, 34.27876813919288]], [[136.7841305958052, 34.27749000922471], [136.78387827811073, 34.27749000922471]], [[136.780093512694, 34.2943187204723], [136.77984119499956, 34.2943187204723]], [[136.7084352874706, 34.29389267714957], [136.70818296977615, 34.29389267714957]], [[136.68799755422026, 34.284093680726926], [136.68749291883137, 34.284093680726926]], [[136.68799755422026, 34.28728900564735], [136.68749291883137, 34.28728900564735]], [[136.6887545073036, 34.306034911847206], [136.68850218960915, 34.306034911847206]], [[136.69430549658148, 34.31562088660849], [136.69405317888703, 34.31562088660849]], [[136.6975856266093, 34.323076644756156], [136.6975856266093, 34.32265060143344]], [[136.68295120033127, 34.33308866284017], [136.68269888263683, 34.33308866284017]], [[136.67134458638665, 34.33330168450153], [136.67184922177555, 34.33330168450153]], [[136.67058763330328, 34.331810532872], [136.67083995099776, 34.331810532872]], [[136.67285849255333, 34.32627196967658], [136.67285849255333, 34.32605894801522]], [[136.67740021105342, 34.31562088660849], [136.67765252874787, 34.31562088660849]], [[136.6763909402756, 34.31519484328577], [136.6763909402756, 34.31498182162441]], [[136.66453200863654, 34.30411771689495], [136.664784326331, 34.30411771689495]], [[136.66453200863654, 34.3032656302495], [136.664784326331, 34.3032656302495]], [[136.66327042016428, 34.30028332699043], [136.66327042016428, 34.30049634865179]], [[136.65595320702528, 34.29282756884277], [136.65620552471972, 34.29282756884277]], [[136.6572147954975, 34.2915494388746], [136.65746711319196, 34.2915494388746]], [[136.6577194308864, 34.29005828724506], [136.6577194308864, 34.29027130890642]], [[136.65847638396977, 34.28878015727689], [136.65872870166422, 34.28878015727689]], [[136.64232805152506, 34.285371810695096], [136.64182341613616, 34.28558483235646]], [[136.64157109844172, 34.28558483235646], [136.64182341613616, 34.28558483235646]], [[136.57849167482954, 34.26918216443159], [136.5782393571351, 34.26918216443159]], [[136.58000558099624, 34.275146770949725], [136.57950094560732, 34.275146770949725]], [[136.5757161801906, 34.27727698756334], [136.5757161801906, 34.27706396590198]], [[136.57495922710726, 34.276211879256536], [136.5752115448017, 34.276211879256536]], [[136.56966055552382, 34.28728900564735], [136.56991287321827, 34.28728900564735]], [[136.52550495899533, 34.26321755791346], [136.52525264130088, 34.26321755791346]], [[136.5083473557728, 34.25363158315217], [136.50859967346727, 34.25363158315217]], [[136.4937129294948, 34.238507045195476], [136.49346061180034, 34.238507045195476]], [[136.49598378874484, 34.22466063720695], [136.49598378874484, 34.224447615545586]], [[136.45939772304976, 34.22359552890014], [136.45889308766087, 34.22359552890014]], [[136.43921230749388, 34.22125229062516], [136.43921230749388, 34.22082624730243]], [[136.43668913054938, 34.220613225641074], [136.43668913054938, 34.22040020397971]], [[136.43139045896598, 34.2193350956729], [136.43113814127153, 34.2193350956729]], [[136.41448517343792, 34.211453294202514], [136.41498980882682, 34.211453294202514]], [[136.4134759026601, 34.21081422921842], [136.4134759026601, 34.21060120755706]], [[136.386982544743, 34.209110055927525], [136.386982544743, 34.20932307758889]], [[136.386982544743, 34.209110055927525], [136.38723486243745, 34.209110055927525]], [[136.30851174176948, 34.17864795835277], [136.3080071063806, 34.17864795835277]], [[136.30220379940826, 34.176517741739154], [136.30220379940826, 34.17609169841643]], [[136.28984023238027, 34.1639494637188], [136.29009255007472, 34.1639494637188]], [[136.27974752460233, 34.13561758275766], [136.27974752460233, 34.13604362608039]], [[136.28025215999122, 34.13391340946677], [136.28025215999122, 34.13412643112813]], [[136.29135413854698, 34.12667067298047], [136.29135413854698, 34.1264576513191]], [[136.29968062246377, 34.09301325048528], [136.29993294015821, 34.09301325048528]], [[136.26031906212978, 34.09152209885575], [136.26057137982423, 34.09152209885575]], [[136.26031906212978, 34.09045699054894], [136.26057137982423, 34.09045699054894]], [[136.25754356749084, 34.08768770895123], [136.2572912497964, 34.08747468728987]], [[136.25249721360188, 34.06191208792644], [136.25274953129633, 34.06191208792644]], [[136.25022635435184, 34.05978187131282], [136.25073098974073, 34.05978187131282]], [[136.2444230473795, 34.055734459746944], [136.24467536507396, 34.055734459746944]], [[136.24467536507396, 34.055734459746944], [136.24467536507396, 34.05552143808558]], [[136.12860922562757, 33.886808282286935], [136.12835690793312, 33.886808282286935]]]}]}}, {"id": "29", "type": "Feature", "properties": {"id": null, "code": "9250", "name": "滋賀", "namekana": "しが", "areaCode": 9250}, "geometry": {"type": "Polygon", "coordinates": [[[136.2807567953801, 35.65872246149543], [136.41574676191016, 34.980461491719055], [136.01986029932021, 34.791937321413755], [135.76375783945483, 35.34579364095476], [136.2807567953801, 35.65872246149543]]]}}, {"id": "30", "type": "Feature", "properties": {"id": null, "code": "9260", "name": "京都", "namekana": "きょうと", "areaCode": 9260}, "geometry": {"type": "GeometryCollection", "geometries": [{"type": "MultiPolygon", "coordinates": [[[[135.3166508848918, 35.45123936332891], [135.85837697487307, 35.28912987903249], [136.02894373632037, 34.706302613546264], [134.92530614080192, 35.311284131814126], [134.8536479155785, 35.58906437823008], [135.2243026087236, 35.779079700164914], [135.19225826152862, 35.54049543943956], [135.3166508848918, 35.45123936332891]]], [[[135.31943868771094, 35.469896943474055], [135.31993101491963, 35.4714764211583], [135.31967869722519, 35.46955922620604], [135.31943868771094, 35.469896943474055]]], [[[135.3444802856828, 35.52103713292958], [135.34474898334562, 35.52110194738917], [135.34491046667006, 35.52089744659426], [135.3444802856828, 35.52103713292958]]], [[[135.34390119589227, 35.52089744659426], [135.34163033664223, 35.52196255490107], [135.3444802856828, 35.52103713292958], [135.34390119589227, 35.52089744659426]]], [[[135.26416880444648, 35.65914850481815], [135.26341185136314, 35.660639656447685], [135.26593502830764, 35.66149174309314], [135.26416880444648, 35.65914850481815]]]]}, {"type": "MultiLineString", "coordinates": [[[136.02213115857026, 34.79151127809103], [136.0223834762647, 34.79151127809103]], [[134.96693856038596, 35.67576419440438], [134.96693856038596, 35.675977216065746]], [[135.01412196924787, 35.69387103562015], [135.01462660463676, 35.69387103562015]], [[135.03279347863707, 35.69983564213828], [135.03279347863707, 35.699622620476916]], [[135.0802292051934, 35.72198989491992], [135.07997688749896, 35.72198989491992]], [[135.07997688749896, 35.72198989491992], [135.07997688749896, 35.72220291658128]], [[135.40092499483765, 35.5626496922212], [135.40142963022654, 35.5626496922212]], [[135.45794879378306, 35.57031847203023], [135.45794879378306, 35.570744515352956]]]}]}}, {"id": "31", "type": "Feature", "properties": {"id": null, "code": "9270", "name": "大阪", "namekana": "おおさか", "areaCode": 9270}, "geometry": {"type": "MultiPolygon", "coordinates": [[[[135.20615375741576, 34.34327819897531], [135.2060887918964, 34.34315022084542], [135.20588341702884, 34.34310068092418], [135.20615375741576, 34.34327819897531]]], [[[135.20615375741576, 34.34327819897531], [135.20638805241774, 34.343739745908266], [135.2081542762789, 34.34459183255371], [135.20615375741576, 34.34327819897531]]], [[[135.33607315551907, 34.441502312778454], [135.33406080580875, 34.44215575345747], [135.33607934736435, 34.441516688473385], [135.33607315551907, 34.441502312778454]]], [[[135.35121840903128, 34.46281885460958], [135.35172304442017, 34.46281885460958], [135.35197536211462, 34.45791935639826], [135.35121840903128, 34.46281885460958]]], [[[135.3761978607817, 35.04415496846627], [135.74609560084343, 34.80386653445002], [135.67998836489787, 34.4078592659782], [135.1112642816106, 34.2719514460293], [135.0920881368325, 34.31498182162441], [135.22127479639022, 34.34608298418325], [135.37594554308723, 34.47325691601631], [135.37846872003172, 34.53183787289085], [135.43196007125485, 34.530985786245395], [135.40193426561544, 34.60000480452666], [135.4660229600054, 34.582963071617705], [135.3761978607817, 35.04415496846627]]]]}}, {"id": "32", "type": "Feature", "properties": {"id": null, "code": "9280", "name": "兵庫", "namekana": "ひょうご", "areaCode": 9280}, "geometry": {"type": "GeometryCollection", "geometries": [{"type": "MultiPolygon", "coordinates": [[[[134.80646450671662, 34.718018804921165], [134.8071953579695, 34.72002414676777], [134.80646450671662, 34.716527653291635], [134.80646450671662, 34.718018804921165]]], [[[134.80722145979996, 34.72014902153479], [134.8095644098198, 34.72766564301414], [134.8084830482722, 34.72355736811657], [134.80722145979996, 34.72014902153479]]], [[[134.80974463674445, 34.72824384466654], [134.8095644098198, 34.72766564301414], [134.8102195876987, 34.72924629954353], [134.80974463674445, 34.72824384466654]]], [[[134.62883284982476, 34.76381846211398], [134.63337456832483, 34.767439830357134], [134.6290851675192, 34.76381846211398], [134.62883284982476, 34.76381846211398]]], [[[134.66340037396424, 35.65659224488181], [134.66356492898237, 35.656916408279535], [134.66466196243647, 35.655527136575], [134.66340037396424, 35.65659224488181]]], [[[134.7829989611329, 35.66340893804539], [134.78325127882735, 35.66340893804539], [134.7829989611329, 35.663195916384026], [134.7829989611329, 35.66340893804539]]], [[[134.762813545577, 35.66383498136811], [134.76256122788254, 35.66383498136811], [134.76256122788254, 35.66426102469084], [134.762813545577, 35.66383498136811]]], [[[134.75877646246582, 35.66532613299765], [134.76357049866036, 35.674699086097576], [134.76104732171586, 35.66383498136811], [134.77088771179936, 35.65893548315679], [134.7840082319107, 35.660639656447685], [134.79939961127207, 35.67022563120897], [134.84204130163388, 35.642532815231924], [134.8675253887732, 35.658083396511344], [134.92707236466308, 35.51237658013979], [135.0370828794427, 35.53815220116458], [134.92530614080192, 35.311284131814126], [135.38982301628192, 35.12872456802696], [135.39209387553194, 34.67988792753738], [135.32245419186413, 34.72590060639156], [135.0454093633595, 34.624502295583284], [134.74590826004894, 34.76914400364803], [134.52664418357307, 34.782777389975195], [134.47365746773883, 34.755297595659506], [134.4650786661276, 34.808766032661346], [134.3215098979863, 34.721853194825684], [134.36995489532043, 35.613987912609424], [134.38206614465398, 35.61185769599581], [134.3873648162374, 35.6135618692867], [134.3868601808485, 35.61782230251394], [134.39291580551526, 35.61995251912756], [134.40477473715436, 35.61569208590032], [134.41915684573792, 35.624212952354796], [134.43505286048818, 35.62123064909573], [134.53900775060103, 35.67022563120897], [134.55818389537913, 35.6510536816864], [134.60133022112987, 35.65765735318862], [134.61697391818566, 35.63933749031149], [134.66289573857534, 35.66660426296582], [134.6631480562698, 35.64807137842733], [134.6881275080202, 35.66532613299765], [134.7062943820205, 35.653183898300014], [134.70705133510384, 35.66660426296582], [134.7348062814932, 35.65787037484998], [134.74338508310444, 35.659361526479515], [134.7446466715767, 35.665965197981734], [134.74742216621564, 35.66468706801356], [134.74666521313227, 35.6617047647545], [134.74893607238232, 35.65978756980224], [134.75877646246582, 35.66532613299765]]], [[[135.0123557453867, 34.59574437129942], [134.95179949871905, 34.26641288283389], [134.6581017023808, 34.24148934845454], [135.0123557453867, 34.59574437129942]]], [[[134.8743379665233, 34.51884355154777], [134.87450617831962, 34.51898556598868], [134.8748426019122, 34.51841750822504], [134.8743379665233, 34.51884355154777]]], [[[134.8753472373011, 34.51969563819321], [134.8753472373011, 34.52118678982275], [134.87660882577336, 34.522251898129554], [134.8753472373011, 34.51969563819321]]], [[[135.0277471247481, 34.63685755194227], [135.02783466354003, 34.63678799384876], [135.02749480705364, 34.63664453028091], [135.0277471247481, 34.63685755194227]]], [[[134.9722372319694, 34.64324820178313], [134.97206491744635, 34.643331332187564], [134.97238141350908, 34.6434916551104], [134.9722372319694, 34.64324820178313]]], [[[134.97206491744635, 34.643331332187564], [134.9666862426915, 34.64495237507403], [134.96693856038596, 34.64580446171948], [134.97206491744635, 34.643331332187564]]], [[[134.81075390752224, 34.72909593131199], [134.8102195876987, 34.72924629954353], [134.81125854291113, 34.73143916958697], [134.81075390752224, 34.72909593131199]]]]}, {"type": "MultiLineString", "coordinates": [[[135.01386965155342, 34.596170414622144], [135.01462660463676, 34.59425321966989]], [[134.84481679627282, 34.47538713262993], [134.84456447857838, 34.4756001542913]], [[134.38610322776515, 35.613987912609424], [134.38559859237625, 35.615479064238954]], [[134.5642395200459, 35.65637922322045], [134.563734884657, 35.656805266543174]], [[134.6876228726313, 35.6644740463522], [134.6881275080202, 35.6644740463522]], [[134.74060958846553, 35.659574548140874], [134.74060958846553, 35.65978756980224]], [[134.74691753082675, 35.66149174309314], [134.74742216621564, 35.66149174309314]], [[134.75272083779905, 35.66234382973858], [134.75221620241015, 35.66234382973858]], [[134.75852414477137, 35.66532613299765], [134.75827182707692, 35.66532613299765]], [[134.75852414477137, 35.66511311133628], [134.75877646246582, 35.66532613299765]], [[134.7643274517437, 35.67448606443621], [134.7643274517437, 35.674699086097576]], [[134.78426054960514, 35.66639124130446], [134.7840082319107, 35.66639124130446]], [[135.18872581380634, 34.670941017760185], [135.1889781315008, 34.670941017760185]], [[135.18620263686185, 34.6534732415285], [135.18620263686185, 34.655603458142124]], [[134.4693680669332, 34.768504938663945], [134.46911574923877, 34.768504938663945]]]}]}}, {"id": "33", "type": "Feature", "properties": {"id": null, "code": "9290", "name": "奈良", "namekana": "なら", "areaCode": 9290}, "geometry": {"type": "Polygon", "coordinates": [[[135.72868567992646, 34.777877891763865], [136.2297886211015, 34.493280952184335], [135.8730114011511, 33.85890244464852], [135.53995204447887, 34.075119430930876], [135.72868567992646, 34.777877891763865]]]}}, {"id": "34", "type": "Feature", "properties": {"id": null, "code": "9300", "name": "和歌山", "namekana": "わかやま", "areaCode": 9300}, "geometry": {"type": "GeometryCollection", "geometries": [{"type": "MultiPolygon", "coordinates": [[[[135.79504523356647, 33.46268215451534], [135.79504523356647, 33.460125894579], [135.79403596278866, 33.46204308953126], [135.79504523356647, 33.46268215451534]]], [[[135.71556515981513, 33.48228014736064], [135.71581747750957, 33.48228014736064], [135.71556515981513, 33.482067125699274], [135.71556515981513, 33.48228014736064]]], [[[135.51749576967293, 33.521902176373956], [135.4001680417543, 33.720651386424635], [135.38553361547628, 33.71511282322922], [135.37922567311506, 33.71979929977919], [135.37594554308723, 33.72768110124958], [135.36332965836482, 33.73279362112226], [135.35424622136466, 33.72618994962004], [135.35424622136466, 33.74365772585172], [135.31286611947507, 33.76943334687651], [135.234647634196, 33.781575581574145], [135.13927154569438, 33.88616921730285], [135.05752061269303, 33.87977856746199], [135.20941586475112, 34.149250969084825], [135.17989469450063, 34.18695580314589], [135.1402808164722, 34.188020911452696], [135.1231232132497, 34.2417023701159], [135.06130537810975, 34.263430579574816], [135.07644443977668, 34.30731304181538], [135.65122414773072, 34.38314875326022], [135.61766589436905, 33.87210978765296], [136.01178613309784, 33.723207646360976], [135.97166761968052, 33.6727215126182], [135.97545238509724, 33.669739209359136], [135.97292920815275, 33.670165252681855], [135.97393847893056, 33.66313553785692], [135.9752000674028, 33.663348559518276], [135.97545238509724, 33.66313553785692], [135.9757047027917, 33.66313553785692], [135.97620933818058, 33.66313553785692], [135.97646165587503, 33.66313553785692], [135.97646165587503, 33.66292251619555], [135.97646165587503, 33.66270949453419], [135.97620933818058, 33.662283451211465], [135.9746954320139, 33.66143136456602], [135.9757047027917, 33.65994021293648], [135.98857290520857, 33.66313553785692], [135.98604972826408, 33.65504071472516], [135.95930405265253, 33.654188628079716], [135.95678087570803, 33.64928912986839], [135.93659546015215, 33.64204639338208], [135.94113717865224, 33.633738548588966], [135.95198683951352, 33.63331250526625], [135.9535007456802, 33.62223537887542], [135.94466962637452, 33.6279869637322], [135.9413894963467, 33.62117027056861], [135.94189413173558, 33.61861401063227], [135.9451742617634, 33.619253075616356], [135.94542657945786, 33.618187967309545], [135.94593121484675, 33.617761923986826], [135.94593121484675, 33.6173358806641], [135.94593121484675, 33.617122859002734], [135.94038022556887, 33.61520566405048], [135.93609082476326, 33.61840098897091], [135.9383616840133, 33.61371451242095], [135.92625043467976, 33.60988012251643], [135.92549348159642, 33.606471775934644], [135.9338199655132, 33.593264432930205], [135.94391267329115, 33.60434155932102], [135.94542657945786, 33.59070817299386], [135.96207954729147, 33.59539464954382], [135.95905173495808, 33.581548241555296], [135.79983926976098, 33.5003869885764], [135.78167239576067, 33.46694258774258], [135.79782072820538, 33.44606646492911], [135.79050351506638, 33.44798365988137], [135.79302669201087, 33.444362291638214], [135.78999887967748, 33.44585344326775], [135.7884849735108, 33.4450013566223], [135.78671874964965, 33.43924977176553], [135.78798033812188, 33.437758620135995], [135.753160496288, 33.43669351182919], [135.7594684386492, 33.48441036397426], [135.7117803943984, 33.48547547228107], [135.70900489975946, 33.4780197141334], [135.701435368926, 33.49357029541282], [135.6754466463978, 33.48781871055605], [135.63053409678594, 33.50912087669224], [135.6252354252025, 33.502304183528665], [135.60732086889666, 33.50954692001497], [135.60530232734106, 33.5093338983536], [135.6037884211744, 33.508907855030884], [135.60227451500768, 33.50784274672407], [135.6032837857855, 33.506351595094536], [135.60050829114655, 33.50315627017411], [135.59066790106306, 33.50741670340135], [135.5904155833686, 33.502517205190024], [135.51749576967293, 33.521902176373956]], [[135.98630204595855, 33.661005321243294], [135.98680668134745, 33.66143136456602], [135.98630204595855, 33.66121834290466], [135.98630204595855, 33.661005321243294]]], [[[135.37846872003172, 33.72001232144055], [135.37922567311506, 33.71979929977919], [135.37922567311506, 33.71979929977918], [135.37846872003172, 33.72001232144055]]], [[[135.3481905966979, 33.73215455613818], [135.3502091382535, 33.733645707767714], [135.34970450286457, 33.7325805994609], [135.3481905966979, 33.73215455613818]]], [[[135.15113047733348, 33.874026982605216], [135.15365365427797, 33.87530511257339], [135.15138279502793, 33.873813960943856], [135.15113047733348, 33.874026982605216]]], [[[135.0930974076103, 34.31199951836534], [135.0932656194066, 34.311573475042614], [135.0925927722214, 34.31199951836534], [135.0930974076103, 34.31199951836534]]], [[[135.97242457276386, 33.65205841146609], [135.97747092665284, 33.65354956309562], [135.97620933818058, 33.65227143312745], [135.97242457276386, 33.65205841146609]]], [[[135.9767139735695, 33.66313553785692], [135.97646165587503, 33.66313553785692], [135.97646165587503, 33.663348559518276], [135.9767139735695, 33.66313553785692]]], [[[135.98857290520857, 33.68124237907268], [135.99008681137528, 33.67975122744315], [135.98907754059746, 33.67996424910451], [135.98857290520857, 33.68124237907268]]], [[[135.99056233318404, 33.68174625723321], [135.99109608215306, 33.68227198376926], [135.99109608215306, 33.68188144405676], [135.99056233318404, 33.68174625723321]]]]}, {"type": "MultiLineString", "coordinates": [[[135.9757047027917, 33.66313553785692], [135.9757047027917, 33.66292251619555]], [[135.9757047027917, 33.66292251619555], [135.97620933818058, 33.66313553785692]], [[135.97620933818058, 33.66313553785692], [135.97646165587503, 33.66292251619555]], [[135.97620933818058, 33.662283451211465], [135.97646165587503, 33.662283451211465]], [[135.98731131673634, 33.66036625625921], [135.98680668134745, 33.661005321243294]], [[135.97166761968052, 33.65205841146609], [135.97166761968052, 33.651845389804734]], [[135.96863980734713, 33.65269747645018], [135.96863980734713, 33.65227143312745]], [[135.9585470995692, 33.6503542381752], [135.9585470995692, 33.65014121651384]], [[135.95678087570803, 33.64928912986839], [135.95728551109696, 33.64928912986839]], [[135.95678087570803, 33.64928912986839], [135.95678087570803, 33.649076108207026]], [[135.9555192872358, 33.649076108207026], [135.9555192872358, 33.64928912986839]], [[135.9507252510413, 33.633525526927606], [135.9507252510413, 33.633738548588966]], [[135.95148220412463, 33.633525526927606], [135.95198683951352, 33.633525526927606]], [[135.95274379259686, 33.632247396959436], [135.95274379259686, 33.632460418620795]], [[135.95223915720797, 33.63033020200718], [135.95198683951352, 33.63033020200718]], [[135.95249147490242, 33.629904158684454], [135.95249147490242, 33.63033020200718]], [[135.95122988643018, 33.62010516226181], [135.95097756873574, 33.62010516226181]], [[135.94542657945786, 33.618187967309545], [135.9456788971523, 33.618187967309545]], [[135.94593121484675, 33.6173358806641], [135.9456788971523, 33.617122859002734]], [[135.92574579929087, 33.60732386258009], [135.92625043467976, 33.60711084091873]], [[135.92675507006865, 33.60540666762783], [135.9270073877631, 33.60540666762783]], [[135.9487067094857, 33.593264432930205], [135.94921134487458, 33.593264432930205]], [[135.7894942442886, 33.4450013566223], [135.78974656198304, 33.4450013566223]], [[135.7889896088997, 33.44351020499277], [135.78924192659414, 33.44351020499277]], [[135.78924192659414, 33.44308416167004], [135.78924192659414, 33.44329718333141]], [[135.78671874964965, 33.43924977176553], [135.7869710673441, 33.43924977176553]], [[135.7594684386492, 33.43520236019965], [135.7594684386492, 33.434989338538294]], [[135.7438247415934, 33.47951086576293], [135.74407705928783, 33.47951086576293]], [[135.7339843515099, 33.48377129899018], [135.73423666920434, 33.48377129899018]], [[135.721116149093, 33.47823273579476], [135.721116149093, 33.4780197141334]], [[135.6055546450355, 33.5093338983536], [135.6055546450355, 33.50912087669224]], [[135.60252683270213, 33.505286486787725], [135.60252683270213, 33.505073465126365]], [[135.60101292653545, 33.503795335158195], [135.60101292653545, 33.504008356819554]], [[135.51774808736738, 33.521902176373956], [135.51749576967293, 33.52211519803532]], [[135.37796408464283, 33.6503542381752], [135.37796408464283, 33.65014121651384]], [[135.0802292051934, 33.9558273005682], [135.08048152288785, 33.9558273005682]], [[135.14179472263888, 34.18759486812998], [135.14154240494443, 34.18759486812998]], [[135.1402808164722, 34.18929904142087], [135.1402808164722, 34.18972508474359]]]}]}}, {"id": "35", "type": "Feature", "properties": {"id": null, "code": "9310", "name": "鳥取", "namekana": "とっとり", "areaCode": 9310}, "geometry": {"type": "GeometryCollection", "geometries": [{"type": "MultiPolygon", "coordinates": [[[[134.31293109637505, 35.59375085478004], [134.46331244226644, 35.23651352867609], [133.59735811491865, 35.344941554309315], [133.13586905177206, 35.070995697797876], [133.2206477971068, 35.54731213260314], [133.4020642194154, 35.452730514958446], [133.56783694466816, 35.53048342135555], [133.75278581469902, 35.500873410426244], [134.06717366198205, 35.51983233828746], [134.19610800384532, 35.53261363796917], [134.18702456684517, 35.5430516993759], [134.21351792476227, 35.542412634391816], [134.2576735212908, 35.55455486908944], [134.2965304462359, 35.580117468452876], [134.29022250387467, 35.58459092334148], [134.29123177465246, 35.58778624826191], [134.2940072692914, 35.58821229158463], [134.29375495159695, 35.5894904215528], [134.3023337532082, 35.5894904215528], [134.30208143551374, 35.5922597031505], [134.30485693015268, 35.593111789795955], [134.310660237125, 35.591833659827785], [134.31141719020835, 35.59375085478004], [134.31923903873627, 35.59609409305502], [134.31293109637505, 35.59375085478004]]], [[[134.17945503601172, 35.54022155444638], [134.17945503601172, 35.5402824177782], [134.1834921191229, 35.54070846110092], [134.17945503601172, 35.54022155444638]]], [[[134.18374443681734, 35.54156054774637], [134.18399675451178, 35.54156054774637], [134.1834921191229, 35.54070846110092], [134.18374443681734, 35.54156054774637]]], [[[134.19268310136988, 35.54344282111472], [134.19181860303968, 35.544968894328164], [134.19156628534523, 35.546460045957694], [134.19268310136988, 35.54344282111472]]]]}, {"type": "MultiLineString", "coordinates": [[[133.95918168875804, 35.52174953323971], [133.9589293710636, 35.52174953323971]], [[133.95943400645248, 35.5251578798215], [133.95918168875804, 35.5251578798215]], [[134.2924933631247, 35.58757322660055], [134.29274568081917, 35.58757322660055]], [[134.29375495159695, 35.58906437823008], [134.29325031620806, 35.58906437823008]], [[134.30485693015268, 35.59268574647323], [134.30510924784713, 35.59268574647323]], [[134.3111648725139, 35.59353783311868], [134.3111648725139, 35.59375085478004]], [[134.3184820856529, 35.59332481145732], [134.3184820856529, 35.59353783311868]], [[134.34043372506994, 35.60312380787997], [134.3401814073755, 35.60312380787997]], [[134.3416953135422, 35.607597262768564], [134.3416953135422, 35.60781028442993]], [[134.34245226662554, 35.607597262768564], [134.34245226662554, 35.60781028442993]]]}]}}, {"id": "36", "type": "Feature", "properties": {"id": null, "code": "9320", "name": "島根", "namekana": "しまね", "areaCode": 9320}, "geometry": {"type": "GeometryCollection", "geometries": [{"type": "MultiPolygon", "coordinates": [[[[132.10136650453256, 34.93402276954216], [132.1021234576159, 34.9338097478808], [132.1021040485625, 34.93371143019095], [132.10136650453256, 34.93402276954216]]], [[[132.22558250550964, 35.02677240089914], [132.2255068102013, 35.02753927888004], [132.22565820081797, 35.02856178285458], [132.22558250550964, 35.02677240089914]]], [[[132.22575912789574, 35.030947625461835], [132.2260114455902, 35.030947625461835], [132.22565820081797, 35.02856178285458], [132.22575912789574, 35.030947625461835]]], [[[132.2348425648959, 35.03371690705954], [132.23568362387743, 35.034213957602745], [132.2348425648959, 35.033503885398176], [132.2348425648959, 35.03371690705954]]], [[[132.2358766538076, 35.03432803477657], [132.23568362387743, 35.034213957602745], [132.2358518356737, 35.03435597204363], [132.2358766538076, 35.03432803477657]]], [[[132.40162456092648, 35.159186665601716], [132.401372243232, 35.15897364394035], [132.39935370167643, 35.15790853563354], [132.40162456092648, 35.159186665601716]]], [[[133.3263689110808, 35.568614298739334], [133.14066308796657, 35.07546915268648], [132.24266441342382, 34.80684883770909], [131.96133018411356, 34.30816512846082], [131.69740587572028, 34.43533906029389], [131.6903409802757, 34.68095303584419], [131.8505627162506, 34.7122672200644], [131.86494482483417, 34.75572363898223], [131.89017659427904, 34.75785385559585], [131.89698917202915, 34.77574767515025], [131.89900771358475, 34.773830480197994], [131.90481102055705, 34.77574767515025], [131.91111896291827, 34.77340443687527], [131.91414677525165, 34.773830480197994], [131.92928583691858, 34.79364149470465], [131.9434156278077, 34.79044616978422], [132.00750432219766, 34.84668388838377], [132.0153261707256, 34.85903914474276], [132.00800895758655, 34.868412097842686], [132.0569585903096, 34.87288555273129], [132.0652850742264, 34.90718204021056], [132.07033142811537, 34.90846017017873], [132.0771440058655, 34.904625780274216], [132.0731069227543, 34.91847218826274], [132.106665176116, 34.93572694283306], [132.1124684830883, 34.95319471906473], [132.14653137183888, 34.96491091043964], [132.1518300434223, 34.977479188459995], [132.18286511983948, 34.98983444481898], [132.23080548178473, 35.02647417057324], [132.23105779947917, 35.033290863736816], [132.23358097642367, 35.031799712107286], [132.23660878875705, 35.033503885398176], [132.2358766538076, 35.03432803477657], [132.2373657418404, 35.03520805868907], [132.25250480350732, 35.03797734028678], [132.25376639197955, 35.041172665207206], [132.2711763128965, 35.039894535239036], [132.30851933167492, 35.05587115984118], [132.3892609938985, 35.1312808279633], [132.38143914537056, 35.14619234425864], [132.40414773787094, 35.15897364394035], [132.4177728933712, 35.19071387148328], [132.42635169498243, 35.189009698192386], [132.44729406362168, 35.197104521324135], [132.5272787727619, 35.24183907021014], [132.53939002209543, 35.25738965148956], [132.62921512131916, 35.2884908140484], [132.67488462401437, 35.37199530530228], [132.67185681168098, 35.40075322958614], [132.62290717895795, 35.41800798415645], [132.6294674390136, 35.434836695404044], [133.3263689110808, 35.568614298739334]]], [[[132.40274137695107, 35.158400929965545], [132.40229740811168, 35.15871328413201], [132.4028861493987, 35.15854760061763], [132.40274137695107, 35.158400929965545]]], [[[133.16917498743928, 35.56477990883482], [133.16942730513372, 35.565845017141626], [133.16925909333742, 35.56470890161437], [133.16917498743928, 35.56477990883482]]], [[[133.18002464830056, 36.28841449248128], [133.38591588697068, 36.268177434651896], [133.24789810810725, 36.15974940901867], [133.18002464830056, 36.28841449248128]]], [[[133.3616933883036, 36.294592120660774], [133.36245034138696, 36.29523118564486], [133.36245034138696, 36.29288794736988], [133.3616933883036, 36.294592120660774]]]]}, {"type": "MultiLineString", "coordinates": [[[131.91187591600163, 34.77361745853663], [131.91187591600163, 34.773830480197994]], [[131.95073284094673, 34.802375382820486], [131.95048052325228, 34.802375382820486]], [[131.95123747633562, 34.804718621095475], [131.95123747633562, 34.805144664418194]], [[132.0112890876144, 34.860530296372296], [132.01103676991994, 34.860530296372296]], [[132.02668046697576, 34.873737639376735], [132.02642814928132, 34.873737639376735]], [[132.0667989803931, 34.90739506187192], [132.06654666269864, 34.90739506187192]], [[132.07739632355995, 34.91975031823091], [132.0776486412544, 34.91975031823091]], [[132.0824426774489, 34.92337168647406], [132.08193804206002, 34.92337168647406]], [[132.0854704897823, 34.92720607637858], [132.08521817208785, 34.92720607637858]], [[132.1934624630063, 35.001124592871165], [132.19321014531187, 35.001124592871165]], [[132.43669672045482, 35.19348315308098], [132.43644440276037, 35.19348315308098]], [[132.53333439742866, 35.25312921826232], [132.53333439742866, 35.25376828324641]], [[132.5620986145958, 35.2661235396054], [132.5620986145958, 35.26633656126676]], [[132.58934892559625, 35.27549649270533], [132.58934892559625, 35.27592253602805]], [[132.58934892559625, 35.27592253602805], [132.58934892559625, 35.276135557689415]], [[132.66403496315306, 35.400966251247496], [132.66453959854198, 35.40203135955431]], [[132.72711438676524, 35.47062433451285], [132.72660975137634, 35.47062433451285]], [[133.34882518588674, 36.20767928282511], [133.34882518588674, 36.207253239502386]]]}]}}, {"id": "37", "type": "Feature", "properties": {"id": null, "code": "9330", "name": "岡山", "namekana": "おかやま", "areaCode": 9330}, "geometry": {"type": "GeometryCollection", "geometries": [{"type": "MultiPolygon", "coordinates": [[[[133.81460364983894, 34.44215575345747], [133.81536060292228, 34.44066460182794], [133.81409901445005, 34.44066460182794], [133.81460364983894, 34.44215575345747]]], [[[134.40300851329323, 35.241413026887415], [134.3215098979863, 34.721853194825684], [133.94782739250783, 34.60021782618802], [133.9347068723965, 34.45088964157331], [133.45606020602742, 34.454511009816464], [133.291044433858, 35.10039268706582], [133.59735811491865, 35.344941554309315], [134.40300851329323, 35.241413026887415]]]]}, {"type": "MultiLineString", "coordinates": [[[133.99778629600868, 34.52502117972726], [133.99778629600868, 34.52523420138863]], [[133.81586523831118, 34.4677183528209], [133.81586523831118, 34.46793137448227]], [[133.50728069800047, 34.45025057658923], [133.50929923955607, 34.44939848994378]]]}]}}, {"id": "38", "type": "Feature", "properties": {"id": null, "code": "9340", "name": "広島", "namekana": "ひろしま", "areaCode": 9340}, "geometry": {"type": "GeometryCollection", "geometries": [{"type": "MultiPolygon", "coordinates": [[[[133.37910330922057, 34.37590601677392], [133.37733708535941, 34.37590601677392], [133.37859867383168, 34.376545081758], [133.37910330922057, 34.37590601677392]]], [[[132.873206331851, 35.102309882018076], [133.32132255719182, 35.006237112743854], [133.44066882666604, 34.4364041686007], [132.14426051258883, 34.23701589356594], [132.13088767478305, 34.70800678683716], [132.873206331851, 35.102309882018076]]]]}, {"type": "LineString", "coordinates": [[133.37531854380384, 34.37590601677392], [133.37733708535941, 34.37590601677392]]}]}}, {"id": "39", "type": "Feature", "properties": {"id": null, "code": "9350", "name": "山口", "namekana": "やまぐち", "areaCode": 9350}, "geometry": {"type": "GeometryCollection", "geometries": [{"type": "MultiPolygon", "coordinates": [[[[131.24474793187937, 33.91897455315259], [131.24348634340714, 33.923234986379825], [131.24928965037944, 33.922169878073014], [131.24474793187937, 33.91897455315259]]], [[[130.9114362575127, 33.96157888542497], [130.91168857520714, 33.96157888542497], [130.9114362575127, 33.96136586376361], [130.9114362575127, 33.96157888542497]]], [[[131.5119523703005, 34.01611243073363], [131.5139709118561, 34.01653847405635], [131.51220468799494, 34.015473365749536], [131.5119523703005, 34.01611243073363]]], [[[130.87560714490098, 34.08087101578765], [130.8814104518733, 34.08321425406263], [130.88090581648441, 34.08577051399897], [130.87056079101202, 34.08640957898306], [130.86072040092853, 34.110054983394235], [130.86652370790083, 34.13668269106447], [130.8985680550958, 34.13689571272583], [130.93338789692973, 34.188020911452696], [130.89049388887346, 34.34693507082869], [131.0358288808759, 34.371219540223954], [130.97249713956927, 34.44236877511884], [131.00050440365308, 34.42980049709848], [131.0047938044587, 34.41488898080315], [131.01816664226448, 34.411267612559996], [131.13221424015526, 34.41744524073949], [131.1551751503501, 34.372497670192125], [131.30479954315814, 34.38229666661477], [131.41632396410446, 34.42809632380759], [131.60404832877427, 34.662207129644344], [131.69008866258125, 34.68116605750555], [131.7768859494716, 34.333514706162894], [132.0667989803931, 34.468570439466355], [132.25679420431294, 34.13668269106447], [132.1187764254495, 33.953058018970495], [132.13971879408876, 33.8316356719942], [131.77032568941593, 33.97904666165665], [131.82760180605578, 34.02931977373807], [131.73727207144316, 34.04572244166293], [131.73525352988756, 34.04742661495383], [131.73373962372088, 34.04891776658336], [131.73878597760984, 34.05530841642422], [131.75821444008238, 34.06510741284687], [131.75316808619343, 34.07085899770364], [131.38528888768727, 34.05126100485834], [131.24928965037944, 33.922169878073014], [131.04289377632045, 34.057225611376474], [130.91547334062386, 33.938572545997886], [130.91219321059603, 34.05914280632874], [130.8887276650123, 34.064894391185504], [130.87560714490098, 34.08087101578765]], [[131.735505847582, 34.04742661495383], [131.73727207144316, 34.04593546332429], [131.73929061299873, 34.04742661495383], [131.73777670683205, 34.04891776658336], [131.735505847582, 34.04742661495383]]], [[[131.00567691638926, 34.416806175755404], [131.00550029400316, 34.41740263640722], [131.00580307523649, 34.416806175755404], [131.00567691638926, 34.416806175755404]]], [[[131.0052984398476, 34.418084305723575], [131.00550029400316, 34.41740263640722], [131.0042891690698, 34.41978847901447], [131.0052984398476, 34.418084305723575]]], [[[132.2078445715899, 33.85719827135763], [132.33097560648085, 33.901293755259545], [132.41752057567675, 33.953271040631854], [132.4717688799832, 33.946667369129635], [132.2078445715899, 33.85719827135763]]], [[[132.4044000555654, 33.932181896157026], [132.4054093263432, 33.93196887449567], [132.40364310248205, 33.931116787850215], [132.4044000555654, 33.932181896157026]]]]}, {"type": "MultiLineString", "coordinates": [[[131.7718395955826, 33.9781945750112], [131.77158727788816, 33.9781945750112]], [[131.73525352988756, 34.04998287489017], [131.7400475660821, 34.05381726479469]], [[131.68352840252558, 34.05211309150379], [131.68352840252558, 34.051687048181066]], [[131.04238914093156, 34.0559474814083], [131.04213682323712, 34.05530841642422]], [[130.9089130805682, 33.9585965821659], [130.9089130805682, 33.95880960382726]], [[130.87585946259543, 34.08087101578765], [130.87585946259543, 34.080657994126284]], [[130.87813032184548, 34.081936124094454], [130.87813032184548, 34.08214914575582]], [[130.86400053095636, 34.10302526856929], [130.8637482132619, 34.10323829023065]], [[130.90134354973475, 34.15351140231206], [130.90134354973475, 34.15372442397343]], [[130.93187399076305, 34.19270738800266], [130.93162167306858, 34.19270738800266]], [[131.37746703915937, 34.42255776061218], [131.37721472146492, 34.42255776061218]], [[131.73525352988756, 34.04742661495383], [131.735505847582, 34.04742661495383]], [[131.735505847582, 34.04742661495383], [131.7385336599154, 34.05019589655153], [131.7400475660821, 34.04976985322881]], [[131.74231842533212, 34.05253913482652], [131.740552201471, 34.05403028645605]], [[131.7400475660821, 34.04955683156744], [131.73954293069318, 34.04742661495383]]]}]}}, {"id": "40", "type": "Feature", "properties": {"id": null, "code": "9360", "name": "徳島", "namekana": "とくしま", "areaCode": 9360}, "geometry": {"type": "GeometryCollection", "geometries": [{"type": "MultiPolygon", "coordinates": [[[[134.41764293957124, 33.66036625625921], [134.41713830418234, 33.66036625625921], [134.41764293957124, 33.66057927792057], [134.41764293957124, 33.66036625625921]]], [[[134.41764293957124, 33.66057927792057], [134.40225156020986, 33.65994021293648], [134.3951866647653, 33.655466758047886], [134.396700570932, 33.65056725983656], [134.38963567548743, 33.65056725983656], [134.37626283768165, 33.63672085184804], [134.3780290615428, 33.629691137023094], [134.36263768218143, 33.6279869637322], [134.36389927065366, 33.58857795638024], [134.3318549234587, 33.58282637152347], [134.36288999987588, 33.580270111587126], [134.31141719020835, 33.57664874334397], [134.31419268484728, 33.54554758078513], [134.19308019151194, 33.56173722704864], [133.67936136561445, 34.01249106249047], [134.58795738332407, 34.23957215350228], [134.58795738332407, 34.00823062926323], [134.711088418215, 33.931116787850215], [134.7047804758538, 33.93196887449567], [134.67425003482552, 33.87956554580063], [134.62883284982476, 33.856985249696265], [134.75019766085455, 33.833552866946455], [134.7494407077712, 33.833552866946455], [134.74918839007677, 33.833552866946455], [134.74616057774338, 33.83099660701011], [134.735815552271, 33.82886639039649], [134.72900297452088, 33.82332782720108], [134.69569703885367, 33.812676744132986], [134.6896414141869, 33.80564702930804], [134.6699606340199, 33.802238682726255], [134.65002753615846, 33.78903133972181], [134.6439719114917, 33.79009644802862], [134.6414487345472, 33.780510473267334], [134.62075868360242, 33.786901123108194], [134.6020871742132, 33.7638947836811], [134.58240639404622, 33.77198960681286], [134.56651037929595, 33.732367577799536], [134.55338985918462, 33.74195355256083], [134.51200975729503, 33.69892317696572], [134.49081507096136, 33.693171592108946], [134.48677798785016, 33.686780942268086], [134.46608793690538, 33.68017727076587], [134.45296741679405, 33.67293453427956], [134.4527150990996, 33.6727215126182], [134.45246278140516, 33.67208244763411], [134.45246278140516, 33.671230360988666], [134.45246278140516, 33.67101733932731], [134.44665947443283, 33.67080431766594], [134.44237007362722, 33.66398762450236], [134.41966148112684, 33.66590481945462], [134.41839989265458, 33.66526575447053], [134.41764293957124, 33.66249647287283], [134.41839989265458, 33.66121834290466], [134.41814757496013, 33.66057927792057], [134.41789525726568, 33.66057927792057], [134.41764293957124, 33.66057927792057]]], [[[134.62504808440804, 33.99417119961335], [134.62508723715374, 33.99409407108079], [134.62454344901914, 33.99389731462016], [134.62504808440804, 33.99417119961335]]], [[[134.6076381634911, 34.19292040966402], [134.60915206965777, 34.1924943663413], [134.60755848421917, 34.192763446334595], [134.6076381634911, 34.19292040966402]]], [[[134.69039836727023, 33.8540029464372], [134.69266922652028, 33.854428989759924], [134.69115532035357, 33.85251179480767], [134.69039836727023, 33.8540029464372]]], [[[134.70906987665944, 33.9272823979457], [134.71159305360393, 33.92557822465481], [134.70869140011777, 33.927388908776386], [134.70906987665944, 33.9272823979457]]], [[[134.7083129235761, 33.92749541960706], [134.70452815815935, 33.929625636220685], [134.70869140011777, 33.927388908776386], [134.7083129235761, 33.92749541960706]]], [[[134.62580503749138, 33.99268004798381], [134.62508723715374, 33.99409407108079], [134.62530040210248, 33.99417119961335], [134.62580503749138, 33.99268004798381]]]]}, {"type": "MultiLineString", "coordinates": [[[134.59401300799084, 34.063616261217334], [134.59426532568529, 34.06340323955597]], [[134.6000686326576, 34.01909473399269], [134.6005732680465, 34.01909473399269]], [[134.6005732680465, 34.01781660402452], [134.6005732680465, 34.01760358236316]], [[134.68081029488118, 33.85144668650086], [134.68081029488118, 33.85165970816222]], [[134.6921645911314, 33.8512336648395], [134.69241690882583, 33.85102064317813]], [[134.74338508310444, 33.841221646755486], [134.74338508310444, 33.841434668416845]], [[134.7494407077712, 33.833552866946455], [134.7494407077712, 33.833339845285096]], [[134.54430642218446, 33.724485776329146], [134.5445587398789, 33.724485776329146]], [[134.4797130924056, 33.685502812299916], [134.47946077471116, 33.685502812299916]], [[134.46785416076654, 33.68017727076587], [134.46810647846098, 33.68017727076587]], [[134.45927535915527, 33.675277772554544], [134.45877072376638, 33.675277772554544]], [[134.45549059373855, 33.67357359926365], [134.455742911433, 33.67357359926365]], [[134.4527150990996, 33.6727215126182], [134.45296741679405, 33.6727215126182]], [[134.45246278140516, 33.671230360988666], [134.4527150990996, 33.671230360988666]], [[134.43934226129383, 33.66420064616372], [134.43959457898828, 33.66420064616372]], [[134.43934226129383, 33.663774602841], [134.43959457898828, 33.663774602841]], [[134.41839989265458, 33.66121834290466], [134.41839989265458, 33.66143136456602]], [[134.41814757496013, 33.661005321243294], [134.41789525726568, 33.66057927792057]], [[134.4075502317933, 33.65589280137061], [134.40729791409885, 33.65589280137061]], [[134.4002330186543, 33.65610582303197], [134.40048533634874, 33.65610582303197]], [[134.4002330186543, 33.655679779709246], [134.40048533634874, 33.655679779709246]], [[134.39922374787648, 33.65589280137061], [134.39922374787648, 33.655679779709246]], [[134.396700570932, 33.65631884469333], [134.39695288862646, 33.65631884469333]], [[134.39644825323757, 33.6503542381752], [134.396700570932, 33.6503542381752]], [[134.3951866647653, 33.6503542381752], [134.39493434707086, 33.6503542381752]], [[134.39190653473747, 33.6503542381752], [134.39215885243192, 33.6503542381752]], [[134.38307541543176, 33.6173358806641], [134.3833277331262, 33.6173358806641]]]}]}}, {"id": "41", "type": "Feature", "properties": {"id": null, "code": "9370", "name": "香川", "namekana": "かがわ", "areaCode": 9370}, "geometry": {"type": "GeometryCollection", "geometries": [{"type": "MultiPolygon", "coordinates": [[[[134.44035153207162, 34.207831925959354], [133.67936136561445, 34.01249106249047], [133.55673496611243, 34.2613003629612], [133.67406269403105, 34.222104377270604], [133.89458835897918, 34.3827227099375], [134.05884717806524, 34.347787157474144], [134.13656102795542, 34.40040350783054], [134.16406365665034, 34.32669801299931], [134.44035153207162, 34.207831925959354]]], [[[134.29501654006918, 34.275146770949725], [134.29481468591362, 34.27489114495609], [134.2949660765303, 34.275189375282], [134.29501654006918, 34.275146770949725]]], [[[134.29375495159695, 34.276211879256536], [134.29526885776363, 34.27578583593381], [134.2949660765303, 34.275189375282], [134.29375495159695, 34.276211879256536]]], [[[134.057585589593, 34.35886428386496], [134.05733327189856, 34.35843824054224], [134.05884717806524, 34.3603554354945], [134.057585589593, 34.35886428386496]]], [[[134.17213782287268, 34.52906859129314], [134.3371535950421, 34.43278280035755], [134.1416073818444, 34.470913677741336], [134.17213782287268, 34.52906859129314]]], [[[134.35557278673687, 34.53954925703214], [134.35557278673687, 34.53971967436124], [134.3558671573804, 34.539897192412376], [134.35557278673687, 34.53954925703214]]], [[[134.35607742212576, 34.54163686931349], [134.3618807290981, 34.54184989097486], [134.3558671573804, 34.539897192412376], [134.35607742212576, 34.54163686931349]]]]}, {"type": "MultiLineString", "coordinates": [[[134.07751868745444, 34.36163356546267], [134.07802332284334, 34.36163356546267]], [[134.2629721928742, 34.32755009964476], [134.26322451056865, 34.32755009964476]], [[134.34850789129231, 34.46026259467324], [134.3490125266812, 34.46026259467324]], [[134.3421999489311, 34.453232879848294], [134.3421999489311, 34.453019858186934]]]}]}}, {"id": "42", "type": "Feature", "properties": {"id": null, "code": "9380", "name": "愛媛", "namekana": "えひめ", "areaCode": 9380}, "geometry": {"type": "GeometryCollection", "geometries": [{"type": "MultiPolygon", "coordinates": [[[[132.44981724056615, 33.175315933338105], [132.44931260517725, 33.176381041644916], [132.44981724056615, 33.176594063306275], [132.44981724056615, 33.175315933338105]]], [[[132.4904403893724, 33.19640507781294], [132.4904403893724, 33.196192056151574], [132.4903256995113, 33.19648254023526], [132.4904403893724, 33.19640507781294]]], [[[132.4884218478168, 33.199387381072], [132.4904403893724, 33.200026446056086], [132.4903256995113, 33.19648254023526], [132.4884218478168, 33.199387381072]]], [[[132.94183674474104, 34.142860319243965], [133.67784745944778, 33.893198932127795], [132.80962227284994, 33.464812371128964], [132.65570847923627, 32.9252285028992], [132.512139711095, 32.95015203727855], [132.4909450247613, 32.89774870858352], [132.48488940009452, 33.04707689319822], [132.3789159684261, 33.02130127217343], [132.5578092137902, 33.22026350388547], [132.42080070570455, 33.46332121949943], [132.01305531147554, 33.34339002415267], [132.25956969895188, 33.44968783317226], [132.4225669295657, 33.547890819060115], [132.4795907285111, 33.619040053955], [132.65318530229177, 33.697432025336184], [132.94183674474104, 34.142860319243965]]], [[[132.6927991803202, 33.84718625327362], [132.6948177218758, 33.84420395001455], [132.6948177218758, 33.84356488503046], [132.6927991803202, 33.84718625327362]]], [[[132.76647594709922, 33.997153502872415], [132.76622362940478, 33.997153502872415], [132.76647594709922, 33.99757954619514], [132.76647594709922, 33.997153502872415]]], [[[133.57036012161265, 34.02229005891312], [133.571117074696, 34.02420725386538], [133.57036012161265, 34.02037286396086], [133.57036012161265, 34.02229005891312]]]]}, {"type": "MultiLineString", "coordinates": [[[132.62669194437467, 32.92267224296286], [132.62694426206912, 32.92267224296286]], [[132.5474641883178, 32.93332332603096], [132.54721187062333, 32.93332332603096]], [[132.39683052473194, 33.0215142938348], [132.39733516012083, 33.0215142938348]], [[132.4392198973993, 33.18532795142212], [132.4392198973993, 33.18511492976076]], [[132.4205483880101, 33.21472494069006], [132.42029607031566, 33.21493796235143]], [[132.51516752342837, 33.21387285404461], [132.51491520573393, 33.21387285404461]], [[132.4084371386766, 33.542991320848785], [132.4084371386766, 33.54320434251015]], [[132.6948177218758, 33.83973049512595], [132.6948177218758, 33.84356488503046]]]}]}}, {"id": "43", "type": "Feature", "properties": {"id": null, "code": "9390", "name": "高知", "namekana": "こうち", "areaCode": 9390}, "geometry": {"type": "GeometryCollection", "geometries": [{"type": "MultiPolygon", "coordinates": [[[[133.13869500994988, 33.094793745343296], [133.13889686410545, 33.09521978866602], [133.13889686410545, 33.094793745343296], [133.13869500994988, 33.094793745343296]]], [[[134.18476341212184, 33.2601559065459], [134.18475370759512, 33.26009855456015], [134.18473810031506, 33.260107338958555], [134.18476341212184, 33.2601559065459]]], [[[134.18476341212184, 33.2601559065459], [134.18500602528957, 33.26158970618968], [134.18551066067846, 33.26158970618968], [134.18476341212184, 33.2601559065459]]], [[[133.66068985622528, 33.88190878407561], [134.3063708363194, 33.55385542557825], [134.21377024245672, 33.404953284286265], [134.18122125987284, 33.24880840650797], [133.93193137775756, 33.48867079720149], [133.7666632878937, 33.51593756985582], [133.7204891498096, 33.539582974267], [133.59609652644642, 33.51849382979216], [133.563799861557, 33.50123907522185], [133.56051973152915, 33.54213923420334], [133.28978284538573, 33.40431421930218], [133.00870093376994, 33.011928319073505], [133.0084486160755, 33.01128925408942], [133.0084486160755, 33.0108632107667], [133.00971020454773, 33.00958508079853], [133.0084486160755, 33.00851997249172], [133.00996252224218, 33.00745486418491], [133.00516848604767, 32.99936004105315], [133.00718702760324, 32.994673564503195], [132.99936517907534, 32.981679243160116], [133.00567312143656, 32.974223485012445], [132.99305723671412, 32.95143016724672], [133.00920556915884, 32.88091999733592], [132.95016322865786, 32.82042184550914], [133.020559865409, 32.72371001125082], [132.6284581682358, 32.76290599694142], [132.80962227284994, 33.464812371128964], [133.66068985622528, 33.88190878407561]], [[134.20922852395665, 33.39302407125], [134.2094808416511, 33.3957933528477], [134.2089762062622, 33.3957933528477], [134.20922852395665, 33.39302407125]], [[133.7573275331991, 33.527227717908005], [133.75757985089356, 33.528292826214816], [133.7568228978102, 33.528292826214816], [133.7573275331991, 33.527227717908005]]], [[[134.1986311807898, 33.32783944287324], [134.19837886309534, 33.32783944287324], [134.19837886309534, 33.328105719949946], [134.1986311807898, 33.32783944287324]]]]}, {"type": "MultiLineString", "coordinates": [[[133.75404740317126, 33.520624046405786], [133.75404740317126, 33.520411024744426]], [[133.59256407872414, 33.51359433158084], [133.59281639641858, 33.51359433158084]], [[133.2605139928297, 33.347011392395814], [133.26076631052413, 33.347011392395814]], [[133.0084486160755, 33.01128925408942], [133.00870093376994, 33.01128925408942]], [[133.020559865409, 32.72392303291218], [133.02081218310346, 32.72392303291218]], [[132.9991128613809, 32.72434907623491], [132.998608225992, 32.72434907623491]], [[132.998608225992, 32.724988141218994], [132.998608225992, 32.72456209789627]]]}]}}, {"id": "44", "type": "Feature", "properties": {"id": null, "code": "9400", "name": "福岡", "namekana": "ふくおか", "areaCode": 9400}, "geometry": {"type": "GeometryCollection", "geometries": [{"type": "MultiPolygon", "coordinates": [[[[130.40200683242085, 33.007880907507634], [130.4027637855042, 33.00851997249172], [130.40595095638142, 33.009360847470774], [130.40200683242085, 33.007880907507634]]], [[[130.40742195832482, 33.0099128064314], [130.4068008686154, 33.00958508079853], [130.40595095638142, 33.009360847470774], [130.40742195832482, 33.0099128064314]]], [[[130.0838342197211, 33.50805576838543], [130.0838342197211, 33.50784274672407], [130.0828249489433, 33.50741670340135], [130.0838342197211, 33.50805576838543]]], [[[130.2667645481964, 33.593477454591564], [130.26827845436307, 33.59624673618927], [130.26752150127973, 33.59390349791429], [130.2667645481964, 33.593477454591564]]], [[[130.39342803080962, 33.597311844496076], [130.68283642634222, 33.937720459352434], [130.8072290497054, 33.93154283117294], [130.74263571992654, 33.8736009392825], [130.8052105081498, 33.875092090912034], [131.00857856987543, 33.96775651360447], [130.956601124819, 33.82950545538058], [130.96669383259695, 33.80948141921256], [131.01185869990326, 33.819493437296565], [130.98486070659726, 33.78540997147866], [131.09411426829354, 33.623300487182235], [131.1841916852117, 33.62244840053678], [131.19024730987846, 33.55619866385322], [130.89478328967908, 33.44606646492911], [130.85315087009505, 33.109279218315905], [130.39645584314297, 32.99978608437588], [130.41941675333783, 33.007880907507634], [130.42522006031012, 33.052828478055], [130.33968436189204, 33.204925944267416], [130.53724911664534, 33.43818466345872], [130.03892167010923, 33.46992489100165], [130.39342803080962, 33.597311844496076]]], [[[131.00656002831985, 33.802664726048974], [131.00504612215315, 33.806499115953486], [131.00756929909764, 33.8013865960808], [131.00656002831985, 33.802664726048974]]], [[[130.96139516101354, 33.82226271889427], [130.96417065565248, 33.82332782720108], [130.96529944533813, 33.82351842552966], [130.96139516101354, 33.82226271889427]]], [[[130.96669383259695, 33.82396689218517], [130.97022628031922, 33.82503200049197], [130.96529944533813, 33.82351842552966], [130.96669383259695, 33.82396689218517]]], [[[130.809247591261, 33.93154283117294], [130.81353699206662, 33.92919959289796], [130.8072290497054, 33.93154283117294], [130.809247591261, 33.93154283117294]]]]}, {"type": "MultiLineString", "coordinates": [[[130.0838342197211, 33.50741670340135], [130.0838342197211, 33.507629725062706]], [[130.11638320230497, 33.54831686238283], [130.11613088461053, 33.54831686238283]], [[130.1148692961383, 33.55002103567373], [130.1143646607494, 33.55002103567373]], [[130.1020010937214, 33.587938891396156], [130.1020010937214, 33.58836493471888]], [[130.1559970803334, 33.618187967309545], [130.15574476263896, 33.618187967309545]], [[130.15978184575016, 33.629691137023094], [130.15952952805569, 33.629904158684454]], [[130.16230502269462, 33.63033020200718], [130.16230502269462, 33.63054322366854]], [[130.21705796239, 33.66292251619555], [130.21705796239, 33.66313553785692]], [[130.23219702405692, 33.61861401063227], [130.23219702405692, 33.61840098897091]], [[130.28568837528002, 33.58197428487802], [130.28518373989112, 33.58197428487802]], [[130.37753201605935, 33.60455458098238], [130.3777843337538, 33.60455458098238]], [[130.4867855777556, 33.85165970816222], [130.48703789545004, 33.85165970816222]], [[130.5251378673118, 33.89000360720736], [130.52539018500624, 33.89000360720736]], [[130.7128622319816, 33.938572545997886], [130.71260991428716, 33.938572545997886]], [[130.7517191569267, 33.87424000426658], [130.7517191569267, 33.87466604758931]], [[130.75474696926008, 33.87530511257339], [130.75449465156564, 33.87530511257339]]]}]}}, {"id": "45", "type": "Feature", "properties": {"id": null, "code": "9410", "name": "佐賀", "namekana": "さが", "areaCode": 9410}, "geometry": {"type": "Polygon", "coordinates": [[[129.84640326924492, 33.555772620530504], [130.53724911664534, 33.43818466345872], [130.21024538463988, 32.95611664379668], [129.75884902927123, 33.29098669545763], [129.84640326924492, 33.555772620530504]]]}}, {"id": "46", "type": "Feature", "properties": {"id": null, "code": "9420", "name": "長崎", "namekana": "ながさき", "areaCode": 9420}, "geometry": {"type": "GeometryCollection", "geometries": [{"type": "MultiPolygon", "coordinates": [[[[128.89314701961789, 32.6410576066424], [128.7717822085881, 32.574168804974754], [128.5981876348074, 32.6125127040199], [128.6557160691417, 32.779521686527644], [128.89314701961789, 32.6410576066424]]], [[[129.11518659073272, 33.16402578528592], [129.0881885974267, 32.982957373128286], [129.1835646859283, 32.97827089657832], [129.1020660706214, 32.96208125031482], [129.06043365103736, 32.816800477265986], [129.11518659073272, 33.16402578528592]]], [[[129.09474885748236, 33.003833495941755], [129.09452177155737, 33.006134129884465], [129.0950011751768, 33.005324647571285], [129.09474885748236, 33.003833495941755]]], [[[129.09452177155737, 33.006134129884465], [129.0943829968254, 33.00636845371196], [129.0944965397879, 33.0063897558781], [129.09452177155737, 33.006134129884465]]], [[[129.34832814040325, 33.18234564816305], [129.5703677115181, 33.35808851878664], [129.4636373267663, 33.21387285404461], [129.34832814040325, 33.18234564816305]]], [[[129.16665940040022, 34.10323829023065], [129.3531221765978, 34.27749000922471], [129.21459976234547, 34.08385331904672], [129.16665940040022, 34.10323829023065]]], [[[129.26481098354077, 34.35204759070138], [129.26430634815188, 34.351834569040015], [129.26430634815188, 34.35439082897636], [129.26481098354077, 34.35204759070138]]], [[[129.36271024898684, 34.39656911792602], [129.3624579312924, 34.39656911792602], [129.36371951976463, 34.39763422623283], [129.36271024898684, 34.39656911792602]]], [[[129.4636373267663, 34.700977072012215], [129.4729730814609, 34.55441816899521], [129.36826123826472, 34.45216777154148], [129.35236522351445, 34.38911335977836], [129.39475459618183, 34.33521887945379], [129.35286985890335, 34.29538382877911], [129.35614998893118, 34.373562778498936], [129.23352358942913, 34.35332572066955], [129.34504801037542, 34.532263916213566], [129.34403873959764, 34.53439413282719], [129.33848775031976, 34.5382285227317], [129.32915199562518, 34.533542046181736], [129.30644340312477, 34.56805155532237], [129.28575335218, 34.56272601378832], [129.31981624093058, 34.64729561334901], [129.39652082004295, 34.63962683353998], [129.41922941254333, 34.69629059546225], [129.4636373267663, 34.700977072012215]], [[129.42200490718227, 34.693308292203184], [129.4204910010156, 34.693308292203184], [129.42301417796006, 34.69245620555773], [129.42200490718227, 34.693308292203184]]], [[[129.34383688544207, 34.532775168200835], [129.34504801037542, 34.532263916213566], [129.3437864219032, 34.53268995953629], [129.34383688544207, 34.532775168200835]]], [[[129.34429105729208, 34.533542046181736], [129.34302946881985, 34.533542046181736], [129.34353410420874, 34.53439413282719], [129.34429105729208, 34.533542046181736]]], [[[129.47751479996097, 34.650490938269435], [129.47751479996097, 34.65176906823761], [129.47877638843323, 34.650490938269435], [129.47751479996097, 34.650490938269435]]], [[[129.77903444482712, 32.57331671832931], [129.73563580138196, 32.580559454815614], [129.74143910835429, 32.583115714751955], [129.74547619146546, 32.58631103967238], [129.74598082685435, 32.588441256286], [129.74749473302103, 32.58908032127009], [129.7477470507155, 32.59035845123826], [129.75077486304886, 32.59248866785188], [129.75279340460446, 32.58141154146106], [129.78029603329938, 32.603991837565424], [129.81688209899443, 32.65426494964684], [129.79064105877177, 32.69047863207837], [129.87062576791197, 32.74884656729153], [129.81587282821664, 32.71795842639405], [129.8297503014113, 32.74373404741885], [129.777268220966, 32.81893069387961], [129.70157291263138, 32.831285950238595], [129.6336994528247, 32.9252285028992], [129.67684577857543, 33.09905417857054], [130.00485878135868, 32.840445881677155], [129.94505948777433, 33.01618875230075], [129.71696429199275, 33.16658204522227], [129.71116098502043, 33.115456846495405], [129.66574380001967, 33.101397416845515], [129.69829278260354, 33.1412324675202], [129.63975507749146, 33.22303278548318], [129.5529577906011, 33.21664213564232], [129.67255637776978, 33.39941472109085], [130.38081214608718, 32.77973470818901], [130.17012687122255, 32.590997516222345], [130.185013615195, 32.79059881291847], [129.95717073710787, 32.765036213555035], [129.95666610171898, 32.74202987412795], [129.91301514057935, 32.71263288486001], [129.89585753735685, 32.662359772778586], [129.8390860561059, 32.641696671626484], [129.8375721499392, 32.62060752715165], [129.77979139791046, 32.58290269309059], [129.78433311641055, 32.57608599992701], [129.78130530407716, 32.571612545038406], [129.78029603329938, 32.57203858836113], [129.78029603329938, 32.57331671832931], [129.77903444482712, 32.57331671832931]], [[129.84438472768932, 32.702620866775995], [129.84236618613375, 32.70219482345327], [129.84413240999487, 32.700064606839646], [129.84438472768932, 32.702620866775995]]], [[[129.7757543147993, 32.601222555967716], [129.77550199710484, 32.601222555967716], [129.77499736171595, 32.601435577629076], [129.7757543147993, 32.601222555967716]]], [[[129.91200586980156, 32.703685975082806], [129.91099659902378, 32.70432504006689], [129.91301514057935, 32.70432504006689], [129.91200586980156, 32.703685975082806]]], [[[130.3800551930038, 32.784634206400334], [130.37854128683713, 32.785699314707145], [130.37778433375382, 32.786338379691216], [130.3800551930038, 32.784634206400334]]], [[[129.94505948777433, 32.983596438112365], [129.94505948777433, 32.98359643811237], [129.94556412316325, 32.9840224814351], [129.94505948777433, 32.983596438112365]]], [[[129.67533187240872, 33.12823814617712], [129.67558419010317, 33.129729297806655], [129.67659346088098, 33.12930325448393], [129.67533187240872, 33.12823814617712]]], [[[129.73704878047087, 33.736713219691325], [129.7368973898542, 33.73662801102678], [129.73664507215975, 33.73662801102678], [129.73704878047087, 33.736713219691325]]], [[[129.64656765524157, 33.77326773678103], [129.64656765524157, 33.77348075844239], [129.64681997293602, 33.77348075844239], [129.64656765524157, 33.77326773678103]]], [[[129.70510536035366, 33.863588921198485], [129.799219860383, 33.788392274737724], [129.78837019952172, 33.74195355256083], [129.7343742129097, 33.73939729262448], [129.71570270352052, 33.703822675177044], [129.70510536035366, 33.863588921198485]]], [[[129.6656877294209, 33.81052285844588], [129.66574380001967, 33.81075954918073], [129.66574380001967, 33.810546527519364], [129.6656877294209, 33.81052285844588]]]]}, {"type": "MultiLineString", "coordinates": [[[128.77354843244922, 32.614216877310795], [128.77279147936588, 32.613364790665344]], [[129.0798621135099, 32.860043874522454], [129.07910516042654, 32.85940480953837]], [[130.3777843337538, 32.78633837969123], [130.37778433375382, 32.786338379691216]], [[130.01015745294208, 32.75864556371418], [130.01040977063656, 32.75864556371418]], [[129.8597761070507, 32.642974801594654], [129.8597761070507, 32.642761779933295]], [[129.82268540596675, 32.606548097501765], [129.8229377236612, 32.606548097501765]], [[129.8178913697722, 32.60271370759725], [129.8178913697722, 32.60250068593589]], [[129.80956488585542, 32.59440586280414], [129.80956488585542, 32.59419284114277]], [[129.80451853196644, 32.590997516222345], [129.80477084966088, 32.590997516222345]], [[129.7924072826329, 32.585671974688296], [129.7924072826329, 32.58545895302694]], [[129.78559470488278, 32.583115714751955], [129.78559470488278, 32.58290269309059]], [[129.78130530407716, 32.571612545038406], [129.78105298638272, 32.571612545038406]], [[129.78029603329938, 32.57203858836113], [129.78054835099383, 32.57203858836113]], [[129.77903444482712, 32.57331671832931], [129.77878212713267, 32.57352973999067]], [[129.73740202524309, 32.574168804974754], [129.73740202524309, 32.57374276165203]], [[129.73714970754864, 32.58141154146106], [129.7368973898542, 32.58141154146106]], [[129.73740202524309, 32.58162456312242], [129.73714970754864, 32.58162456312242]], [[129.74345764990986, 32.58545895302694], [129.7432053322154, 32.58545895302694]], [[129.74598082685435, 32.58822823462464], [129.7462331445488, 32.58822823462464]], [[129.7462331445488, 32.58822823462464], [129.7462331445488, 32.588441256286]], [[129.74749473302103, 32.58908032127009], [129.74724241532658, 32.58908032127009]], [[129.75027022765997, 32.592275646190515], [129.75001790996552, 32.592275646190515]], [[129.75027022765997, 32.592275646190515], [129.75001790996552, 32.59248866785188]], [[129.79846290729967, 32.639140411690136], [129.79795827191077, 32.639140411690136]], [[129.79846290729967, 32.639140411690136], [129.79846290729967, 32.6393534333515]], [[129.79770595421633, 32.7786695998822], [129.79745363652188, 32.7786695998822]], [[129.79064105877177, 32.78378211975489], [129.79038874107732, 32.78378211975489]], [[129.76641856010468, 32.80061083100248], [129.76616624241024, 32.80061083100248]], [[129.70964707885375, 32.83320314519085], [129.70964707885375, 32.83341616685222]], [[129.62638223968568, 33.18788421135846], [129.62612992199124, 33.18788421135846]], [[129.57541406540705, 33.308880515012035], [129.5751617477126, 33.308880515012035]], [[129.66826697696416, 33.3655442769343], [129.6695285654364, 33.36384010364341]], [[129.52318430265618, 33.40537932760898], [129.52318430265618, 33.404953284286265]], [[129.79896754268856, 33.78860529639908], [129.799219860383, 33.78860529639908]], [[129.7742404086326, 33.73961031428584], [129.7742404086326, 33.73939729262448]], [[129.70081595954804, 33.71127843332471], [129.70081595954804, 33.71085239000199]], [[129.68264908554772, 33.72618994962004], [129.68264908554772, 33.72597692795868]], [[129.68063054399215, 33.74706607243351], [129.6808828616866, 33.74685305077215]], [[129.68063054399215, 33.74706607243351], [129.68063054399215, 33.74685305077215]], [[129.6503524206583, 33.75793017716297], [129.6503524206583, 33.758143198824335]], [[129.64959546757495, 33.76197758872885], [129.64959546757495, 33.76176456706749]], [[129.64959546757495, 33.76176456706749], [129.6498477852694, 33.76176456706749]], [[129.67533187240872, 33.77198960681286], [129.67507955471427, 33.77198960681286]], [[129.66195903460294, 33.812889765794345], [129.66246366999184, 33.812889765794345]], [[129.67280869546423, 33.819493437296565], [129.67255637776978, 33.819493437296565]], [[129.6740702839365, 33.824605957169254], [129.6740702839365, 33.82439293550789]], [[129.67482723701983, 33.843990928353186], [129.67457491932538, 33.843990928353186]], [[129.47751479996097, 34.649425829962624], [129.47751479996097, 34.650490938269435]]]}]}}, {"id": "47", "type": "Feature", "properties": {"id": null, "code": "9430", "name": "熊本", "namekana": "くまもと", "areaCode": 9430}, "geometry": {"type": "GeometryCollection", "geometries": [{"type": "MultiPolygon", "coordinates": [[[[130.0459865655538, 32.51260554484116], [130.20444207766755, 32.3249334611813], [129.99123362585846, 32.196268377718695], [130.07172297038755, 32.300222948463315], [129.97685151727487, 32.329832959392625], [130.0475004717205, 32.49087733538224], [130.01268062988657, 32.529860299411475], [130.0459865655538, 32.51260554484116]]], [[[130.00359719288642, 32.42377551205323], [130.00359719288642, 32.42462759869868], [130.00511109905312, 32.42271040374642], [130.00359719288642, 32.42377551205323]]], [[[130.20444207766755, 32.45146832803029], [130.40402537397645, 32.39437852278529], [130.2337109302236, 32.38500556968536], [130.20444207766755, 32.45146832803029]]], [[[130.03160445697023, 32.48342157723457], [130.03135213927578, 32.47703092739371], [130.03135213927578, 32.48619085883227], [130.03160445697023, 32.48342157723457]]], [[[130.03791239933145, 32.52559986618424], [130.04220180013706, 32.52815612612058], [130.0419915353917, 32.52939875247852], [130.03791239933145, 32.52559986618424]]], [[[130.04169716474817, 32.52964727775011], [130.04194948244262, 32.52964727775011], [130.0419915353917, 32.52939875247852], [130.04169716474817, 32.52964727775011]]], [[[130.38055982839273, 32.51729202139112], [130.37904592222603, 32.51729202139112], [130.3800551930038, 32.518144108036566], [130.38055982839273, 32.51729202139112]]], [[[130.38863399461508, 32.51771806471385], [130.38787704153174, 32.51771806471385], [130.38737240614284, 32.51878317302065], [130.38863399461508, 32.51771806471385]]], [[[131.32952667721412, 32.83299012352949], [131.01816664226448, 32.546902032320425], [131.10925332996044, 32.16005469528717], [130.36138368361463, 32.16708441011211], [130.53270739814525, 32.52261756292516], [130.5728259115626, 32.50749302496847], [130.54355705900656, 32.53816814420459], [130.61723382578558, 32.61869033219939], [130.65331525609173, 32.613364790665344], [130.65457684456396, 32.61379083398807], [130.65659538611956, 32.61805126721531], [130.65381989148062, 32.62891537194477], [130.66138942231407, 32.6321106968652], [130.45120878283834, 32.623163787088], [130.60688880031316, 32.713058928182726], [130.61445833114664, 32.79272902953209], [130.4141180817544, 33.002342344312225], [130.57686299467377, 33.11503080317268], [131.10572088223816, 33.18639305972893], [131.32952667721412, 32.83299012352949]]], [[[130.56197625070132, 32.69346093533743], [130.56222856839577, 32.69559115195105], [130.5629855214791, 32.694739065305605], [130.56197625070132, 32.69346093533743]]], [[[130.41512735253218, 32.996164716132725], [130.41537967022663, 32.99659075945545], [130.4166412586989, 32.99275636955093], [130.41512735253218, 32.996164716132725]]]]}, {"type": "MultiLineString", "coordinates": [[[130.37854128683713, 32.516865978068395], [130.37904592222603, 32.51729202139112]], [[130.38661545305948, 32.51601389142294], [130.38787704153174, 32.51771806471385]], [[129.98442104810835, 32.32301626622905], [129.98416873041387, 32.32301626622905]], [[129.99754156821967, 32.40460356253066], [129.99703693283075, 32.40460356253066]], [[130.65457684456396, 32.61379083398807], [130.65230598531392, 32.61592105060169]]]}]}}, {"id": "48", "type": "Feature", "properties": {"id": null, "code": "9440", "name": "大分", "namekana": "おおいた", "areaCode": 9440}, "geometry": {"type": "GeometryCollection", "geometries": [{"type": "MultiPolygon", "coordinates": [[[[132.08521817208785, 32.933536347692325], [131.35702930590904, 32.80465824256836], [131.10572088223816, 33.18639305972893], [130.8430581623171, 33.09394165869785], [130.89478328967908, 33.44606646492911], [131.18873340371178, 33.61967911893908], [131.4269213072713, 33.567488811905406], [131.6658661639142, 33.668461079390966], [131.50438283946704, 33.28864345718265], [131.5891615848018, 33.24561308158754], [131.68075290788664, 33.279057482421365], [131.75947602855464, 33.240074518392134], [131.7546819923601, 33.25221675308976], [131.80741639049987, 33.24220473500575], [131.81877068675007, 33.24625214657163], [131.8313865714725, 33.24880840650797], [131.83946073769485, 33.248169341523884], [131.85661834091738, 33.255838121332914], [131.87428057952877, 33.249447471492054], [131.90304479669592, 33.267341291046456], [131.79858527119418, 33.12738605953167], [132.08521817208785, 32.933536347692325]]], [[[131.64240061833047, 33.40814860920669], [131.64240061833047, 33.407722565883965], [131.63785889983038, 33.40814860920669], [131.64240061833047, 33.40814860920669]]], [[[131.6509794199417, 33.41752156230662], [131.65123173763615, 33.41794760562934], [131.65198869071952, 33.414539259047544], [131.6509794199417, 33.41752156230662]]], [[[131.4264166718824, 33.57622270002125], [131.4269213072713, 33.57622270002125], [131.42843521343798, 33.57526410254513], [131.4264166718824, 33.57622270002125]]], [[[131.42338885954902, 33.58197428487802], [131.42473560524317, 33.57888813355899], [131.42465044802125, 33.578991981618955], [131.42338885954902, 33.58197428487802]]], [[[131.42288422416013, 33.58751284807343], [131.42237958877124, 33.58751284807343], [131.42288422416013, 33.59177328130067], [131.42288422416013, 33.58751284807343]]], [[[131.88588719347342, 32.746716350677914], [131.88588719347342, 32.74607728569383], [131.88513024039005, 32.746716350677914], [131.88588719347342, 32.746716350677914]]], [[[131.92020239991842, 33.07093531927076], [131.91919312914064, 33.06944416764123], [131.9189408114462, 33.0707222976094], [131.92020239991842, 33.07093531927076]]], [[[131.89497063047355, 33.25306883973521], [131.89497063047355, 33.25264279641249], [131.8947183127791, 33.25264279641249], [131.89497063047355, 33.25306883973521]]], [[[131.66828841378089, 33.2757769488364], [131.6675237953499, 33.27651470486864], [131.6681370231642, 33.27628820082366], [131.66828841378089, 33.2757769488364]]], [[[131.66687543469197, 33.27714028746911], [131.6675237953499, 33.27651470486864], [131.66409994005303, 33.277779352453194], [131.66687543469197, 33.27714028746911]]]]}, {"type": "MultiLineString", "coordinates": [[[131.74257074302656, 33.53745275765338], [131.74282306072104, 33.53745275765338]], [[131.81094883822215, 33.24369588663528], [131.81120115591662, 33.24369588663528]], [[131.81422896825, 33.24476099494209], [131.81422896825, 33.24497401660346]], [[131.8205369106112, 33.24646516823299], [131.82078922830567, 33.24646516823299]], [[131.8919428181402, 33.24540005992618], [131.8919428181402, 33.24518703826482]], [[131.87175740258428, 33.21600307065823], [131.87200972027873, 33.21600307065823]], [[131.87175740258428, 33.21600307065823], [131.87175740258428, 33.21579004899687]]]}]}}, {"id": "49", "type": "Feature", "properties": {"id": null, "code": "9450", "name": "宮崎", "namekana": "みやざき", "areaCode": 9450}, "geometry": {"type": "MultiPolygon", "coordinates": [[[[131.47120306264702, 31.91231050312325], [131.47057226841093, 31.91231050312325], [131.46996058915167, 31.912471883169733], [131.47120306264702, 31.91231050312325]]], [[[131.47284312766095, 31.91231050312325], [131.47284312766095, 31.91209748146189], [131.47120306264702, 31.91231050312325], [131.47284312766095, 31.91231050312325]]], [[[131.88588719347342, 32.74607728569383], [131.68807012102567, 32.55755311538852], [131.25408368657398, 31.380608436363886], [130.70327415959255, 32.076763225694656], [131.10925332996044, 32.16005469528717], [131.00933552295876, 32.51537482643886], [131.26493334743526, 32.82638645202727], [131.88588719347342, 32.74607728569383]]], [[[131.67394033013653, 32.450616241384836], [131.67419264783098, 32.45423760962799], [131.67469728321987, 32.45338552298254], [131.67394033013653, 32.450616241384836]]]]}}, {"id": "50", "type": "Feature", "properties": {"id": null, "code": "9461", "name": "鹿児島", "namekana": "かごしま", "areaCode": 9461}, "geometry": {"type": "GeometryCollection", "geometries": [{"type": "MultiPolygon", "coordinates": [[[[130.38081214608718, 30.35086172534034], [130.67122981239757, 30.376637346365133], [130.556172943729, 30.23093052999358], [130.49107497856124, 30.227309161750423], [130.43707899194922, 30.23923837478669], [130.38081214608718, 30.35086172534034]]], [[[130.2549056165573, 31.424916941927165], [130.25515793425174, 31.42086953036129], [130.2549056165573, 31.420230465377205], [130.2549056165573, 31.424916941927165]]], [[[130.2538963457795, 31.424916941927165], [130.2538963457795, 31.420230465377205], [130.25364402808503, 31.42619507189534], [130.2538963457795, 31.424916941927165]]], [[[130.3094062385582, 31.66179702936163], [130.30360293158589, 31.662649116007074], [130.30082743694695, 31.662223072684352], [130.2985565776969, 31.66115796437754], [130.2995658484747, 31.669039765847934], [130.28720228144672, 31.691194018629574], [130.27509103211318, 31.705679491602183], [130.26878308975196, 31.707596686554442], [130.26625991280747, 31.706744599908994], [130.26449368894635, 31.70738366489308], [130.25818574658513, 31.70738366489308], [130.24834535650163, 31.731242090965615], [130.21327319697326, 31.755739582022237], [130.18930301600065, 31.746579650583673], [130.185013615195, 31.77150318496302], [130.16634210580582, 31.79493556771283], [130.22412285783454, 31.911458416477803], [130.17315468355594, 31.99176758281125], [130.18223812055606, 31.991980604472612], [130.20772220769538, 32.05823034115617], [130.1756778605004, 32.10573417163988], [130.6086550241743, 32.18753448960286], [131.1879764506284, 31.62473126028465], [131.01564346531998, 31.375708938152563], [131.13170960476637, 31.28006221220106], [130.6598755161474, 30.994400164314715], [130.65331525609173, 31.070874940743646], [130.74414962609325, 31.131373092570435], [130.80293964889978, 31.336512952461966], [130.59124510325736, 31.588730599514488], [130.6795562963144, 31.628991693511892], [130.70655428962039, 31.557416415294284], [130.76256881778798, 31.561463826860162], [130.81782639287223, 31.673726242397898], [130.62757885125797, 31.71377431473394], [130.51454052414496, 31.494362003531155], [130.58720802014616, 31.15523151864297], [130.21630100930665, 31.24832198465813], [130.20974074925098, 31.34759007885279], [130.13126994627746, 31.412135642245453], [130.10755208299926, 31.409153338986386], [130.1585202572779, 31.440041479883863], [130.2279076232513, 31.39978038588646], [130.2892208230023, 31.44621910806336], [130.33413337261416, 31.56678936839421], [130.3295916541141, 31.627287520220996], [130.3172280870861, 31.65774961779575], [130.31218173319715, 31.6586017044412], [130.3094062385582, 31.66179702936163]]], [[[130.3005751192525, 31.66201005102299], [130.3005751192525, 31.66179702936163], [130.3000704838636, 31.66179702936163], [130.3005751192525, 31.66201005102299]]], [[[130.25793342889068, 31.70738366489308], [130.25818574658513, 31.70738366489308], [130.25818574658513, 31.707170643231716], [130.25793342889068, 31.70738366489308]]], [[[130.19182619294511, 31.85223839461919], [130.19182619294438, 31.852238394619445], [130.19182619294517, 31.85223839461917], [130.19182619294511, 31.85223839461919]]], [[[130.1880414275284, 31.85351652458736], [130.18349970902833, 31.854794654555533], [130.19182619294438, 31.852238394619445], [130.1880414275284, 31.85351652458736]]], [[[130.1904174191511, 32.023028511616175], [130.19145079344852, 32.02121652858197], [130.19106923986178, 32.02137759374056], [130.1904174191511, 32.023028511616175]]], [[[130.1904174191511, 32.023028511616175], [130.1890506983062, 32.02542500530643], [130.1895553336951, 32.02521198364507], [130.1904174191511, 32.023028511616175]]], [[[130.87182237948426, 30.344897118822207], [131.07872288893216, 30.696595881730744], [130.9634137025691, 30.482083068739286], [130.98107594118053, 30.398152534162687], [130.87182237948426, 30.344897118822207]]], [[[130.7610549116213, 31.217007800437926], [130.76064489536782, 31.217353960637634], [130.76115138603387, 31.21715440946369], [130.7610549116213, 31.217007800437926]]], [[[130.76004564084352, 31.217859887083375], [130.76064489536782, 31.217353960637634], [130.75827941698236, 31.2182859304061], [130.76004564084352, 31.217859887083375]]], [[[131.11202882459938, 31.471142642442704], [131.10975796534933, 31.466669187554103], [131.11221474290056, 31.472084422419254], [131.11202882459938, 31.471142642442704]]], [[[131.11221474290056, 31.472084422419254], [131.11253345998827, 31.47369890237905], [131.11253345998827, 31.4728468157336], [131.11221474290056, 31.472084422419254]]], [[[130.5349782573953, 31.473485880717686], [130.53472593970085, 31.47355688793814], [130.53535920763989, 31.47376155580887], [130.5349782573953, 31.473485880717686]]], [[[130.5417908351454, 31.476894227299475], [130.53535920763989, 31.47376155580887], [130.53674448125645, 31.474764010685856], [130.5417908351454, 31.476894227299475]]], [[[130.7217474193647, 31.56345710097719], [130.72371189284289, 31.562315913505607], [130.7221979866762, 31.562315913505607], [130.7217474193647, 31.56345710097719]]], [[[130.7217474193647, 31.56345710097719], [130.72125179532202, 31.56354078805844], [130.7216933512873, 31.56359404347378], [130.7217474193647, 31.56345710097719]]]]}, {"type": "MultiLineString", "coordinates": [[[130.63640997056365, 30.401134837421754], [130.6361576528692, 30.401134837421754]], [[130.5998239048686, 30.24988945785479], [130.5998239048686, 30.249463414532066]], [[130.48426240081113, 30.229865421686767], [130.48426240081113, 30.230078443348127]], [[130.97930971731938, 30.508710776409526], [130.97930971731938, 30.508497754748163]], [[130.97930971731938, 30.508497754748163], [130.97930971731938, 30.508284733086803]], [[130.94953622937444, 30.6297070800631], [130.94953622937444, 30.62842895009493]], [[130.10805671838818, 31.409153338986386], [130.10805671838818, 31.408940317325023]], [[130.31319100397494, 31.658388682779837], [130.31319100397494, 31.658175661118474]], [[130.31016319164155, 31.66115796437754], [130.3099108739471, 31.661370986038904]], [[130.30915392086376, 31.66179702936163], [130.30915392086376, 31.661370986038904]], [[130.2985565776969, 31.66179702936163], [130.29830426000245, 31.66179702936163]], [[130.26853077205752, 31.70610553492491], [130.26827845436307, 31.70610553492491]], [[130.26550295972413, 31.706957621570357], [130.26499832433524, 31.706957621570357]], [[130.26348441816856, 31.707170643231716], [130.26323210047408, 31.707170643231716]], [[130.2602042881407, 31.706957621570357], [130.2596996527518, 31.706957621570357]], [[130.21529173852886, 31.752544257101807], [130.21579637391775, 31.752544257101807]], [[130.18930301600065, 31.746579650583673], [130.1890506983062, 31.746579650583673]], [[130.1802195790005, 31.77725476981979], [130.1797149436116, 31.77725476981979]], [[130.19561095836187, 32.074419987419674], [130.19510632297295, 32.074419987419674]], [[130.19510632297295, 32.07463300908104], [130.1948540052785, 32.07463300908104]], [[130.36062673053127, 32.16857556174165], [130.36062673053127, 32.16900160506437]]]}]}}, {"id": "51", "type": "Feature", "properties": {"id": null, "code": "9462", "name": "奄美(群島)", "namekana": "あまみ（ぐんとう）", "areaCode": 9462}, "geometry": {"type": "GeometryCollection", "geometries": [{"type": "MultiPolygon", "coordinates": [[[[128.88103577028434, 27.721748380811462], [129.03747274084253, 27.768400124649723], [128.98726151964723, 27.669984117100512], [128.88103577028434, 27.721748380811462]]], [[[129.13562432398305, 28.25259836092538], [129.61200013110212, 28.400222372249193], [129.4076227985987, 28.25046814431176], [129.37810162834822, 28.108808739506078], [129.2940798360968, 28.222988349996072], [129.13562432398305, 28.25259836092538]]]]}, {"type": "MultiLineString", "coordinates": [[[129.61856039115779, 28.401713523878726], [129.61830807346334, 28.401500502217363]], [[129.61073854262986, 28.396174960683314], [129.6109908603243, 28.396174960683314]], [[129.59030080937953, 28.3654998414472], [129.59055312707397, 28.3654998414472]], [[129.24386861490152, 28.20722474705529], [129.24386861490152, 28.207011725393926]]]}]}}, {"id": "52", "type": "Feature", "properties": {"id": null, "code": "9471", "name": "沖縄本島", "namekana": "おきなわほんとう", "areaCode": 9471}, "geometry": {"type": "GeometryCollection", "geometries": [{"type": "MultiPolygon", "coordinates": [[[[127.76200679540456, 26.1236598772743], [127.76024057154342, 26.123020812290214], [127.76007235974713, 26.12351786283339], [127.76200679540456, 26.1236598772743]]], [[[127.75998825384897, 26.1236598772743], [127.76001936150993, 26.12367446779905], [127.76007235974713, 26.12351786283339], [127.75998825384897, 26.1236598772743]]], [[[127.84173918685033, 26.30749757102964], [127.84628090535041, 26.300680877866057], [127.83795442143361, 26.29961576955925], [127.83341270293353, 26.305580376077383], [127.84173918685033, 26.30749757102964]]], [[[128.25654947652393, 26.87520029855917], [128.27824879824652, 26.67495993687896], [127.83088952598904, 26.432115242926365], [127.65779958759727, 26.081268566663276], [127.71129093882038, 26.44042308771948], [127.79884517879407, 26.437227762799054], [127.98328941343603, 26.574413712716133], [127.87983915871209, 26.709895489342315], [128.25654947652393, 26.87520029855917]]], [[[127.86722327398965, 26.513063474243896], [127.86974645093413, 26.510933257630278], [127.86898949785079, 26.51008117098483], [127.86722327398965, 26.513063474243896]]], [[[128.32089048860834, 26.741422695223882], [128.3206381709139, 26.740570608578434], [128.32051201206667, 26.740570608578434], [128.32089048860834, 26.741422695223882]]], [[[128.3249275717195, 26.742913846853416], [128.32391830094173, 26.742061760207967], [128.32302117136146, 26.74187240762009], [128.3249275717195, 26.742913846853416]]]]}, {"type": "MultiLineString", "coordinates": [[[127.828618666739, 26.31069289595007], [127.8311418436835, 26.3094147659819]], [[127.8311418436835, 26.3094147659819], [127.83341270293353, 26.305580376077383]]]}]}}, {"id": "53", "type": "Feature", "properties": {"id": null, "code": "9473", "name": "宮古島", "namekana": "みやこじま", "areaCode": 9473}, "geometry": {"type": "Polygon", "coordinates": [[[125.26179076111282, 24.734758645194546], [125.33496289250293, 24.798878165264487], [125.4691959059496, 24.71856899893104], [125.26179076111282, 24.734758645194546]]]}}, {"id": "54", "type": "Feature", "properties": {"id": null, "code": "9474", "name": "八重山", "namekana": "やえやま", "areaCode": 9474}, "geometry": {"type": "GeometryCollection", "geometries": [{"type": "MultiPolygon", "coordinates": [[[[123.66159194291943, 24.308289279147974], [123.9404029952852, 24.360266564520284], [123.87782820706192, 24.255246885468853], [123.66159194291943, 24.308289279147974]]], [[[124.30273120451346, 24.582022113998047], [124.32215966698601, 24.607371691700116], [124.33729872865294, 24.605028453425135], [124.33956958790297, 24.60566751840922], [124.34007422329186, 24.605454496747857], [124.33906495251408, 24.599489890229723], [124.33729872865294, 24.59863780358428], [124.33679409326403, 24.596294565309297], [124.34032654098631, 24.58606952556392], [124.25277230101263, 24.467842503508056], [124.24848290020701, 24.357071239599854], [124.23611933317902, 24.344929004902223], [124.21517696453978, 24.355367066308958], [124.20962597526191, 24.35558008797032], [124.20104717365066, 24.35430195800215], [124.18136639348366, 24.330443531929614], [124.1452849631775, 24.337260225093196], [124.07640223259303, 24.452717965551358], [124.12030551142709, 24.44717940235595], [124.12560418301051, 24.46848156849214], [124.11298829828807, 24.47721545660798], [124.11273598059363, 24.480197759867046], [124.11753001678815, 24.482540998142028], [124.14074324467742, 24.442279904144623], [124.22299881306769, 24.455274225487702], [124.27926565892975, 24.506825467537286], [124.2956663090689, 24.541974041662005], [124.29415240290221, 24.548151669841502], [124.28229347126313, 24.56029390453913], [124.29818948601338, 24.5705189442845], [124.30273120451346, 24.582022113998047]]], [[[124.29314313212441, 24.54836469150286], [124.29289081442997, 24.54836469150286], [124.29289081442997, 24.548577713164224], [124.29314313212441, 24.54836469150286]]]]}, {"type": "MultiLineString", "coordinates": [[[124.31736563079149, 24.61141910326599], [124.31787026618039, 24.61141910326599]], [[124.33956958790297, 24.60566751840922], [124.33956958790297, 24.605454496747857]], [[124.33729872865294, 24.59863780358428], [124.33729872865294, 24.598424781922915]], [[124.32190734929156, 24.55944181789368], [124.32215966698601, 24.55944181789368]], [[124.30878682918024, 24.531749001916634], [124.30903914687468, 24.531749001916634]], [[124.26765904498511, 24.48168891149658], [124.26765904498511, 24.481475889835217]], [[124.2028133975118, 24.35451497966351], [124.2028133975118, 24.35430195800215]], [[124.0721128317874, 24.437167384271937], [124.07186051409295, 24.437167384271937]], [[124.0922982473433, 24.453570052196806], [124.0922982473433, 24.45378307385817]], [[124.11399756906587, 24.48062380318977], [124.11424988676032, 24.48062380318977]], [[124.20886902217856, 24.45633933379451], [124.20912133987302, 24.45633933379451]], [[124.25100607715149, 24.512577052394057], [124.25100607715149, 24.51279007405542]], [[124.2593325610683, 24.518967702234917], [124.2593325610683, 24.51918072389628]], [[124.28910604901324, 24.56561944607318], [124.2888537313188, 24.56561944607318]], [[124.30273120451346, 24.581809092336684], [124.30323583990237, 24.582022113998047]]]}]}}], "geometry_stats": {"Point": 0, "LineString": 0, "Polygon": 10, "MultiPoint": 0, "MultiLineString": 0, "MultiPolygon": 2, "invalid": 0}, "validation_info": {"valid": false, "errors": ["Feature 0: tipo de geometría inválido 'GeometryCollection'", "Feature 1: tipo de geometría inválido 'GeometryCollection'", "Feature 2: tipo de geometría inválido 'GeometryCollection'", "Feature 3: tipo de geometría inválido 'GeometryCollection'", "Feature 4: tipo de geometría inválido 'GeometryCollection'", "Feature 5: tipo de geometría inválido 'GeometryCollection'", "Feature 6: tipo de geometría inválido 'GeometryCollection'", "Feature 7: tipo de geometría inválido 'GeometryCollection'", "Feature 8: tipo de geometría inválido 'GeometryCollection'", "Feature 9: tipo de geometría inválido 'GeometryCollection'", "Feature 10: tipo de geometría inválido 'GeometryCollection'", "Feature 14: tipo de geometría inválido 'GeometryCollection'", "Feature 15: tipo de geometría inválido 'GeometryCollection'", "Feature 16: tipo de geometría inválido 'GeometryCollection'", "Feature 17: tipo de geometría inválido 'GeometryCollection'", "Feature 18: tipo de geometría inválido 'GeometryCollection'", "Feature 19: tipo de geometría inválido 'GeometryCollection'", "Feature 20: tipo de geometría inválido 'GeometryCollection'", "Feature 21: tipo de geometría inválido 'GeometryCollection'", "Feature 22: tipo de geometría inválido 'GeometryCollection'", "Feature 26: tipo de geometría inválido 'GeometryCollection'", "Feature 27: tipo de geometría inválido 'GeometryCollection'", "Feature 28: tipo de geometría inválido 'GeometryCollection'", "Feature 30: tipo de geometría inválido 'GeometryCollection'", "Feature 32: tipo de geometría inválido 'GeometryCollection'", "Feature 34: tipo de geometría inválido 'GeometryCollection'", "Feature 35: tipo de geometría inválido 'GeometryCollection'", "Feature 36: tipo de geometría inválido 'GeometryCollection'", "Feature 37: tipo de geometría inválido 'GeometryCollection'", "Feature 38: tipo de geometría inválido 'GeometryCollection'", "Feature 39: tipo de geometría inválido 'GeometryCollection'", "Feature 40: tipo de geometría inválido 'GeometryCollection'", "Feature 41: tipo de geometría inválido 'GeometryCollection'", "Feature 42: tipo de geometría inválido 'GeometryCollection'", "Feature 43: tipo de geometría inválido 'GeometryCollection'", "Feature 44: tipo de geometría inválido 'GeometryCollection'", "Feature 46: tipo de geometría inválido 'GeometryCollection'", "Feature 47: tipo de geometría inválido 'GeometryCollection'", "Feature 48: tipo de geometría inválido 'GeometryCollection'", "Feature 50: tipo de geometría inválido 'GeometryCollection'", "Feature 51: tipo de geometría inválido 'GeometryCollection'", "Feature 52: tipo de geometría inválido 'GeometryCollection'", "Feature 54: tipo de geometría inválido 'GeometryCollection'"], "warnings": [], "statistics": {"total_features": 55, "geometry_types": {"GeometryCollection": 43, "Polygon": 10, "MultiPolygon": 2}, "coordinate_count": 123, "has_crs": false, "has_bbox": false}, "schema_version": "RFC 7946", "validation_level": "basic"}}