{"type":"Topology","objects":{"eew":{"type":"GeometryCollection","geometries":[{"type":"MultiPolygon","arcs":[[[0]],[[1,2,3,4,5,6,7,8,9,10,11,12,13,14,15]]],"properties":{"code":"9011","name":"北海道道央","namekana":"ほっかいどうどうおう","EEW_CODE":"9011"}},{"type":"MultiPolygon","arcs":[[[16]],[[17,18,19,20,21,22,-14,12,-12,10,-10,8,-8,23,24,25]]],"properties":{"code":"9012","name":"北海道道南","namekana":"ほっかいどうどうなん","EEW_CODE":"9012"}},{"type":"MultiPolygon","arcs":[[[26]],[[27]],[[28]],[[29,30,31,32,33,-26,24,-24,-7,-6,-5,-4,-3,1,-16,34]]],"properties":{"name":"北海道道北","code":"9013","namekana":"ほっかいどうどうほく","EEW_CODE":"9013"}},{"type":"MultiPolygon","arcs":[[[35]],[[36]],[[37]],[[38,39]],[[40]],[[41]],[[42]],[[43]],[[44]],[[45]],[[46]],[[47]],[[48,49]],[[50]],[[51]],[[52,53]],[[54]],[[55]],[[56]],[[57]],[[58]],[[59]],[[60]],[[61]],[[62,63,-49,64,65]],[[66]],[[67]],[[68]],[[69]],[[70]],[[71]],[[72]],[[73]],[[74]],[[75,76]],[[77]],[[78,79]],[[80]],[[81]],[[82,83,84]],[[85,86,87,-79,88,89,90,91,92,93,94,95]],[[-84,96,-96,97]],[[98]],[[99,100]],[[101,-100]],[[102]],[[103]],[[104]],[[105,106]],[[107]],[[108]],[[109]],[[110]],[[111]],[[112]],[[113]],[[114,115]],[[116]],[[117]],[[118,119]],[[120]],[[121,122]],[[123,123,123]],[[124]],[[125]],[[126]],[[127,128]],[[129,130]],[[131]],[[132]],[[133]],[[134]],[[135]],[[136]],[[137,138]],[[138,138,138]],[[139,139,139]],[[140,141]],[[142,142,142]],[[138,138,138]],[[143]],[[144]],[[145,146]],[[147]],[[148]],[[149]],[[150]],[[151,151,151]],[[152,153]],[[154,-154,155,156]],[[-156,155,157]],[[158]],[[159]],[[160,161]],[[162]],[[163,163,163]],[[163,163,163]],[[163,163,163]],[[164,165]],[[166]],[[-165,167]],[[168]],[[169]],[[170,170,170]],[[171,-172,172]],[[173,-174,174]],[[173,-174,174]],[[175,175,175]],[[175,175,175]],[[176,176,176]],[[177,-178,178]],[[179,179,179]],[[180,181,182]],[[180,-181,179]],[[183,183,183]],[[184]],[[185,185,185]],[[186,185]],[[187]],[[188,-189,189]],[[190]],[[191,-192,192]],[[193]],[[194]],[[195,196]],[[197]],[[198]],[[199,199,199]],[[200,200,200]],[[201]],[[202,202,202]],[[203,202]],[[204,204,204]],[[205,206]],[[207]],[[208,-209,209]],[[210,211]],[[212,212,212]],[[213]],[[214,214,214]],[[215]],[[216,217]],[[218,219]],[[220,-221,221]],[[222,223]],[[224]],[[225]],[[226]],[[227]],[[228]],[[229]],[[230]],[[231,232,233]],[[234,235]],[[236]],[[237]],[[238]],[[239]],[[240]],[[241]],[[242,243,244]],[[245]],[[246]],[[247]],[[248]],[[249,249,249]],[[250]],[[251]],[[252,253]],[[254,-255,255]],[[256]],[[257,257,257]],[[258,-259,259]],[[260]],[[261]],[[262,-263,257]],[[263,264]],[[265]],[[266]],[[267]],[[268]],[[269]],[[270]],[[271,271,271]],[[272,273]],[[274]],[[275]],[[276]],[[277]],[[278,-279,279]],[[280,280,280]],[[281]],[[282,283]],[[284]],[[285]],[[286]],[[287]],[[288,288,288]],[[289]],[[288,288,288]],[[290]],[[291,291,291]],[[292]],[[293]],[[294]],[[295]],[[296]],[[297,297,297]],[[298,-299,299]],[[300]],[[301]],[[302]],[[303]],[[304]],[[305]],[[306]],[[307,307,307]],[[308]],[[309]],[[310]],[[311]],[[312,-313,313]],[[314]],[[315]],[[316]],[[317]],[[318]],[[319]],[[320]],[[321]],[[322]],[[323]],[[324]],[[325]],[[326,-327,327]],[[328,328,328]],[[329]],[[330,331,-332]],[[332]],[[333]],[[334]],[[335]],[[336,337]],[[338]],[[339]],[[340]],[[341]],[[342,343]],[[341]],[[344]],[[345]],[[346]],[[347]],[[348,349]],[[350]],[[351]],[[352]],[[353]],[[354]],[[355]],[[356]],[[357,358,359]],[[360,-358]],[[361,361,361]],[[362]],[[363]],[[364]],[[365]],[[366]],[[367]],[[368]],[[369]],[[370]],[[371,-372,372]],[[373]],[[374]],[[375]],[[376]],[[377]],[[378,379]],[[380,381]],[[382]],[[383,383,383]],[[383,383,383]],[[384,-385,385]],[[386,386,386]],[[387]],[[388]],[[389]],[[390]],[[391,-392,392]],[[393]],[[394,-395]],[[395]],[[396,397]],[[398]],[[399,400]],[[401,401,401]],[[402,401]],[[403,403,403]],[[404]],[[405,406]],[[407]],[[408]],[[409,410]],[[411,411,411]],[[412]],[[413]],[[414]],[[415]],[[416]],[[417]],[[418,419]],[[420]],[[421,422]],[[423]],[[424,424,424]],[[425]],[[426]],[[427,427,427]],[[428,429]],[[430]],[[431]],[[432]],[[433,434]],[[435]],[[436,436,436]],[[437]],[[438]],[[439]],[[440,441]],[[442]],[[443]],[[-441,444]],[[445]],[[446]],[[447]],[[448]],[[449]],[[450]],[[451]],[[452]],[[453]],[[454]],[[455]],[[456]],[[457]],[[458]],[[459]],[[460,460,460]],[[461,-462,462]],[[463,-464,464]],[[465,465,465]],[[466]],[[467,467,467]],[[468]],[[469]],[[470]],[[471]],[[472,473]],[[474]],[[475]],[[476,477]],[[478]],[[479]],[[480]],[[481]],[[482,483,484]],[[485,486]],[[487]],[[488,488,488]],[[489,490]],[[491]],[[492,493]],[[494,495]],[[496,496,496]],[[497]],[[498]],[[499,499,499]],[[500]],[[501,502]],[[503]],[[504]],[[505]],[[506]],[[507]],[[508]],[[509]],[[510]],[[511]],[[512]],[[513]],[[514]],[[515]],[[516,516,516]],[[517]],[[518,518]],[[519]],[[520,521]],[[522]],[[523]],[[524]],[[525]],[[526]],[[527]],[[528,529]],[[530]],[[531]],[[532]],[[533]],[[534]],[[535,536]],[[537,-538,538]],[[539,540]],[[541]],[[542]],[[543,544]],[[545,546]],[[547]],[[548,-549,549]],[[550,551]],[[552,553,-554,-553]],[[554,555]],[[556]],[[557]],[[558]],[[559,-560,560]],[[561]],[[562]],[[563]],[[564]],[[565]],[[566]],[[567]],[[568]],[[569]],[[570]],[[571]],[[572]],[[573]],[[574]],[[575]],[[576]],[[577]],[[578]],[[579]],[[580]],[[581]],[[582]],[[583]],[[584]],[[585]],[[586,587]],[[588]],[[589]],[[590]],[[591]],[[592]],[[593]],[[594]],[[595]],[[596,597]],[[598]],[[599,600]],[[601,602]],[[603]],[[604]],[[605]],[[606]],[[607,-608,608]],[[609]],[[610]],[[611]],[[612]],[[613]],[[614]],[[615]],[[616]],[[617]],[[618]],[[619]],[[620]],[[621]],[[622]],[[623,-624,624]],[[625]],[[626,-627,627]],[[-627,628,629,-602,630,631,632,633,634,635,636,637,-560,638,639,640,641,642,643,644,645,646,647,648,-529,649,650,651,652,653,654]],[[655]],[[656]],[[657]],[[658]],[[659]],[[660]],[[661]],[[662]],[[663]],[[664]],[[665,666]],[[667]],[[-666,668]],[[669]],[[670]],[[671]],[[672]],[[673]],[[674]],[[675]],[[676]],[[677]],[[678,-679,679]],[[680]],[[681]],[[678,682,683]],[[684]],[[685]],[[686]],[[687]],[[688,689]],[[690,690,690]],[[691]],[[692,692,692]],[[693]],[[694]],[[695]],[[696]],[[697,698,699]],[[700]],[[701,-702,702]],[[703]],[[704,705]],[[706]],[[707]],[[708,709]],[[710]],[[711]],[[712]],[[713]],[[714]],[[715,715,715]],[[716]],[[717]],[[718,719]],[[720]],[[721]],[[722]],[[723]],[[724]],[[725,726]],[[727]],[[728]],[[729]],[[730]],[[731]],[[732]],[[733]],[[734]],[[735]],[[736]],[[737,738]],[[739]],[[740]],[[741,742,743,744]],[[745]],[[746]],[[-744,743,747]],[[748]],[[749]],[[750]],[[751]],[[752]],[[753,754,755]],[[756]],[[757]],[[758]],[[-756,759]],[[760]],[[761]],[[762]],[[763,764]],[[-764,765]],[[766]],[[767]],[[768]],[[769]],[[770]],[[771]],[[772]],[[773]],[[774,775]],[[776]],[[777]],[[778]],[[779]],[[780]],[[781]],[[782]],[[783]],[[784]],[[785]],[[786]],[[787]],[[788]],[[789]],[[790]],[[791]],[[792,-793,793]],[[794]],[[795]],[[796]],[[797]],[[798]],[[799]],[[800]],[[801]],[[802]],[[803]],[[804]],[[805,805,805]],[[806]],[[807]],[[808]],[[809]],[[810]],[[811]],[[812]],[[813,814,815]],[[816]],[[817]],[[818]],[[819]],[[820]],[[821]],[[822]],[[823]],[[824]],[[825]],[[826]],[[827]],[[828,829,830]],[[831,832]],[[833]],[[834]],[[835]],[[836,-830,837,-832]],[[838]],[[839]],[[840,840,840]],[[841]],[[842]],[[843]],[[844]],[[845]],[[846,846,846]],[[847]],[[848]],[[849]],[[850,851]],[[852]],[[853]],[[854]],[[855,856,857,858,859]],[[860,861]],[[862]],[[863]],[[864]],[[865]],[[866]],[[867]],[[868]],[[869]],[[870]],[[871]],[[872]],[[873,874,875,876,-816,877,878,879]],[[880]],[[881]],[[882]],[[883]],[[884]],[[885]],[[886]],[[887]],[[888,889]],[[890]],[[891]],[[892,892,892]],[[893]],[[894]],[[895]],[[896]],[[897]],[[898]],[[899]],[[900]],[[901]],[[902]],[[903]],[[904]],[[905]],[[906]],[[907,908,909]],[[910]],[[911]],[[912]],[[913]],[[914,915]],[[-915,916]],[[917]],[[918]],[[919]],[[920]],[[921]],[[922]],[[923]],[[924]],[[925,926]],[[927]],[[928]],[[929]],[[930]],[[931]],[[932]],[[933]],[[934]],[[935]],[[936]],[[937]],[[938]],[[939]],[[940]],[[941]],[[942]],[[943]],[[944]],[[945]],[[946]],[[947]],[[948]],[[949]],[[950]],[[951,952]],[[953]],[[954]],[[955]],[[956]],[[957]],[[958]],[[959]],[[960]],[[961]],[[962]],[[963]],[[964,964,964]],[[965]],[[966]],[[967]],[[968]],[[969,969,969]],[[970,970,970]],[[971]],[[972]],[[973]],[[974,-975,975]],[[976]],[[977]],[[978]],[[979,-975,980]],[[981]],[[982]],[[983]],[[984]],[[985]],[[986]],[[987]],[[988]],[[989]],[[990]],[[991]],[[992]],[[993,994]],[[995]],[[996,996,996]],[[997]],[[998]],[[999]],[[1000,1001]],[[1002]],[[1003]],[[1004]],[[1005,1006,1007,1008,1009,1010,1011,1012,-909,1013,-908,1014,1015,1016,1017,1018,1019]],[[1020]],[[1021]],[[1022]],[[1023]],[[1024]],[[1025,1026]],[[1027]],[[1028]],[[1029]],[[1030,1031]],[[1032]],[[1033]],[[1034]],[[1035]],[[1036,1037]],[[1038,1039,1040]],[[1041]],[[-1026,1042,1043]],[[1044]],[[1045]],[[1046]],[[1047]],[[1048]],[[1049]],[[1050]],[[1051]],[[1052,-1053,1053]],[[1053,1053,1053]],[[1054]],[[1055]],[[1056]],[[1057,1058,1059,-1040,1060,1061]],[[1062,-1063]],[[1063]],[[1064,-1065,1065]],[[1066]],[[1067,-1068,1068]],[[-1068,1069]],[[1070]],[[1071]],[[1072]],[[1073,1074,1075]],[[1076]],[[1077,1078]],[[1079,-1080,1080]],[[1081]],[[1082,1083]],[[1084]],[[1085,1086]],[[1087]],[[1088]],[[1089]],[[1090]],[[1091]],[[1092,1093,-1086]],[[1094,1094,1094]],[[1095,1096]],[[1097]],[[1098,1099]],[[1100]],[[1101,1102,-1096,1103,-1079,1104,1079,1105,-1099,1106]],[[1107]],[[-1102,1108]],[[1109]],[[1110]],[[1111]],[[1112]],[[1113]],[[1114]],[[1115]],[[1116]],[[1117,1117,1117]],[[1118]],[[1119]],[[1120]],[[1121,1121,1121]],[[1122]],[[1123]],[[1124]],[[1125]],[[1126]],[[1127]],[[1128]],[[1129]],[[1130]],[[1131]],[[1132]],[[1133]],[[1134]],[[1135]],[[1136]],[[1137,1137,1137]],[[1138]],[[1139,1139,1139]],[[1140]],[[1141]],[[1142]],[[1143]],[[1144]],[[1145]],[[1146]],[[1147]],[[1148,1148,1148]],[[1149,1150]],[[1151]],[[1152]],[[1153]],[[1154]],[[1155]],[[1156]],[[1157]],[[1158]],[[1159]],[[1160]],[[1161]],[[1162]],[[1163]],[[1164]],[[1165]],[[1166]],[[1167,1167,1167]],[[1168]],[[1169]],[[1170]],[[1171,1172,1173,1174,1175,-1074,1176,1177,-994,1178,1179,1180,1181,1182,1183,1184,1185,1186,1187,1188,1189,1190,1191,1192,1193,1194,1195,1196,1197,1198,1199,1200,1201,1202,1203,1064,1204,1205]],[[1206]],[[1207]],[[1208]],[[1209]],[[1210,-1211,1211]],[[1212,1211]],[[1213]],[[1214]],[[1215]],[[1216]],[[1217]],[[1218]],[[1219]],[[1220]],[[1221]],[[1222]],[[1223]],[[1224,1224,1224]],[[1225]],[[1226,1227]],[[1228]],[[1229]],[[1230]],[[1231,1232,1233]],[[1234]],[[1235]],[[1236]],[[1237]],[[1238,1239,1240]],[[-1240,1239,1241]],[[1242]],[[1243]],[[1244]],[[1245]],[[1246]],[[1247]],[[1248]],[[1249]],[[1250]],[[1251]],[[1252]],[[1253]],[[1254]],[[1255]],[[1256]],[[1257]],[[1258,1259]],[[1260]],[[1261]],[[1262]],[[1263,1264]],[[1265]],[[1266,1266,1266]],[[1267]],[[1268,1269]],[[1270]],[[1271]],[[1272]],[[1273]],[[1274,1275]],[[1276]],[[1277]],[[1278,1279]],[[1280]],[[1281,1282]],[[1283]],[[1284,-1285,1285]],[[1286]],[[1287,1288,1289,1290,1291,1292,1293,-1001,1294,1295,1296,1297,1298,-1228,1299,1300,1301,1302]],[[1303]],[[1304]],[[1305]],[[1306]],[[1307]],[[1308,-1309,1309]],[[1308,1310,1311]],[[1312]],[[1313,1314]],[[1315]],[[1316]],[[1317]],[[1318]],[[1319]],[[1320]],[[1321]],[[1322,1323]],[[1324]],[[1325]],[[1326]],[[1327,1328]],[[1329,1330,1331]],[[-1330,1332]],[[1333,1334]],[[-1334,1335]],[[1336,1337]],[[1338,1339]],[[1340,1341,1342,1343]],[[1344]],[[1345,-1343,1346]],[[1347]],[[1348]],[[1349]],[[1350]],[[1351]],[[1352]],[[1353]],[[1354]],[[1355]],[[1356]],[[1357]],[[1358]],[[1359]],[[1360]],[[1361]],[[1362]],[[1363]],[[1364]],[[1365]],[[1366]],[[1367]],[[1368,1368,1368]],[[1369,1370]],[[1371]],[[1372]],[[1373]],[[1374]],[[1375,-1370,1376,1377,1378,1379,1380,1381,1382,1284,1383,-1259,1384,1385]],[[1386,-1387,1387]],[[1388,1389,1386]],[[1388,-1389,1390]],[[1391]],[[1392]],[[1393,1394]],[[1395]],[[1396,1397,1398]],[[1399,1400,1401,1402]],[[1403,-1403,1404]],[[1405]],[[1406]],[[1407]],[[1408]],[[1409]],[[1410,1411]],[[-1411,1412]],[[1413]],[[1414]],[[1415]],[[1416]],[[1417]],[[1418]],[[1419]],[[1420]],[[1421]],[[1422]],[[1423,1424,1425]],[[1426,1427]],[[1428,1429]],[[-1424,1423,1430]],[[1431,1432]],[[1433,1434,1435]],[[1436]],[[1435,-1436,1437]],[[1438,1439]],[[1440,-1439,1441,1442]],[[-1442,1443]],[[1444]],[[1445]],[[1446]],[[1447]],[[1448]],[[1449]],[[1450,1450,1450]],[[1451]],[[1452,1452,1452]],[[1453,1454]],[[1455,1456]],[[1457]],[[1458]],[[1459,1460]],[[1461]],[[1462]],[[1463]],[[1464]],[[1465,1465,1465]],[[1466,1467]],[[1468]],[[1469]],[[1470]],[[1471,1472]],[[1473]],[[1474]],[[1475]],[[1476]],[[1477]],[[1478]],[[1479,1480]],[[1481,1482,1483,1484]],[[1485,1485,1485]],[[1486]],[[1487,1488,1489]],[[1490,1491]],[[1492]],[[1493,-1494,1494]],[[1495]],[[1496]],[[1497]],[[1498]],[[1499]],[[1500]],[[1501]],[[1502,1503]],[[1504]],[[1502,-1503,1505]],[[1506]],[[1507,-1508,1508]],[[1509]],[[1510]],[[1511]],[[1512]],[[1513,1514]],[[1515]],[[1516]],[[1517,1518]],[[1519]],[[1520]],[[1521]],[[1522,1523]],[[1524,1524,1524]],[[1525]],[[1526]],[[1527,1528]],[[1529]],[[1530]],[[1531]],[[1532]],[[1533]],[[1534]],[[1535]],[[1536]],[[1537]],[[1538]],[[1539,1540]],[[1541,1542]],[[1543,1544]],[[1545,-1542,1546]],[[1547]],[[1548]],[[1549,1550]],[[1551]],[[1552]],[[1553,1554]],[[1555]],[[1556]],[[1557,-1558,1558]],[[1559,-1560,1560]],[[1561,-1562,1562]],[[1563,1564,-1523,1565,1566,1567,1568,1569,-1482,1570,1571,1572,1573,1574,1575,1576,1577,1578,1579,1580,1581,1582,1583,1584,1585,1586,1561,1587]],[[1588]],[[1589]],[[1590,1591]],[[1592,1593]],[[1594]],[[1595]],[[1596]],[[1597]],[[1598]],[[1599]],[[1600]],[[1601]],[[1602]],[[1603]],[[1604]],[[1605]],[[1606]],[[1607]],[[1608]],[[1609]],[[1610]],[[1611]],[[1612]],[[1613]],[[1614]],[[1615]],[[1616]],[[1617]],[[1618]],[[1619]],[[1620]],[[1621]],[[1622,1623,1624,-1593,1625,-1591,1626,1627]],[[1628]],[[-379,1629,-385,1630,1631,1632,1633,1634,1635,1636,-462,1637,463,1638,1639,1640,1641,1642,1643,1644,1645,1646,1647,1648,-689,1649,1650,1651,1652,-742,1653,1654,1655,1656,1657,-709,1658,1659,1660,1661,698,-699,-698,1662,1663,1664,1665,1666,-553,1667,1668,1669,1670,1671,1672,1673,-486,1674,-484,1675,1676,1677,1678,1679,1680,1681,-397,1682,1683,1684,1685,1686,1687,1688,-264,1689,1690,1691,1692,-243,1693,1694,1695,1696,1697,1698,1699,1700,1701,1702,1703,1704,-178,177,1705,1706,1707,1708,1709,1710,1711,1712,1713,1714,1715,1716,1717,1718,1719,1720,1721,1722,1723,1724,1725,-22,20,-20,18,-18,-34,32,-32,30,-30,1726]],[[1727]]],"properties":{"namekana":"ほっかいどうどうとう","code":"9014","name":"北海道道東","EEW_CODE":"9014"}},{"type":"MultiPolygon","arcs":[[[1728,-1729,1729]],[[1730,1731,1732,1733,1734,1735,1736,1737]]],"properties":{"namekana":"あおもり","name":"青森","code":"9020","EEW_CODE":"9020"}},{"type":"MultiPolygon","arcs":[[[1738]],[[1739]],[[1740,-1741,1741,1742,-1731,1743]]],"properties":{"namekana":"いわて","name":"岩手","code":"9030","EEW_CODE":"9030"}},{"type":"MultiPolygon","arcs":[[[1744,1744,1744]],[[1740,1745,1746,1747,1748,1749,1750,1751,1752,1753,-1742]]],"properties":{"namekana":"みやぎ","code":"9040","name":"宮城","EEW_CODE":"9040"}},{"type":"MultiPolygon","arcs":[[[1754]],[[1755]],[[1756]],[[1757,1758,1759,-1734,-1733,-1732,-1743,-1754,1760,1761,1762,1763]]],"properties":{"name":"秋田","code":"9050","namekana":"あきた","EEW_CODE":"9050"}},{"type":"MultiPolygon","arcs":[[[1761,-1761,-1753,1764,1765,1766,1767,1768,1769,1770,1771,1772,1773,1774,-1763]]],"properties":{"code":"9060","name":"山形","namekana":"やまがた","EEW_CODE":"9060"}},{"type":"MultiPolygon","arcs":[[[1750,-1750,1748,-1748,1775,1776,1777,1778,1779,1780,1781,1782,1783,1784,1785,1786,1787,1788,1789,1790,1766,-1767,-1766,-1765,-1752]]],"properties":{"namekana":"ふくしま","name":"福島","code":"9070","EEW_CODE":"9070"}},{"type":"MultiPolygon","arcs":[[[1791,1792,1793,1794,1795,1796,-1777]]],"properties":{"namekana":"いばらき","code":"9080","name":"茨城","EEW_CODE":"9080"}},{"type":"Polygon","arcs":[[1778,-1778,-1797,1795,-1795,1797,1798,1799,1800,1801,1802,1803,1804,1805,1806,-1782,1780,-1780]],"properties":{"namekana":"とちぎ","code":"9090","name":"栃木","EEW_CODE":"9090"}},{"type":"Polygon","arcs":[[-1787,-1786,-1785,1783,-1783,-1807,1805,-1805,1803,-1803,1801,-1801,1799,-1799,1807,1808,1809,1810],[1811]],"properties":{"code":"9100","name":"群馬","namekana":"ぐんま","EEW_CODE":"9100"}},{"type":"MultiPolygon","arcs":[[[-1798,-1794,1812,1813,1814,1815,1816,1817,-1817,1818,1819,1820,1821,1822,1808,-1809,-1808]]],"properties":{"name":"埼玉","code":"9110","namekana":"さいたま","EEW_CODE":"9110"}},{"type":"MultiPolygon","arcs":[[[1823]],[[1824]],[[1825]],[[1826]],[[1827,1828]],[[1829]],[[1830]],[[1831]],[[1832]],[[1833]],[[1834]],[[1835,1836]],[[1837]],[[1838,1839,1840]],[[-1841,1840,1841]],[[1842]],[[1843,1843,1843]],[[1844]],[[1845]],[[1846]],[[1847]],[[1848,-1849,1849]],[[1850,1851]],[[1852]],[[1853]],[[1854]],[[1855]],[[1856]],[[1857]],[[1858]],[[1859]],[[1860]],[[1861]],[[1862]],[[1863]],[[1864]],[[1865]],[[1866]],[[1867]],[[1868]],[[1869]],[[1870]],[[1871]],[[1872]],[[1873]],[[1874]],[[1875]],[[1876]],[[1877]],[[1878]],[[1879]],[[1880]],[[1881]],[[1882]],[[1883]],[[1884]],[[1885,1886]],[[1887]],[[1888]],[[1889]],[[1890]],[[1891]],[[1892]],[[1893]],[[1894]],[[1895]],[[1896]],[[1897]],[[1898]],[[1899]],[[1900]],[[1901]],[[1902]],[[1903]],[[1904]],[[1905]],[[1906]],[[1907]],[[1908,1909]],[[1910,1911]],[[1912]],[[1913]],[[1914]],[[1915]],[[1916]],[[1917]],[[1918]],[[1919]],[[1920]],[[1921]],[[1922]],[[1923]],[[1924]],[[1925]],[[1926]],[[1927]],[[1928]],[[1929]],[[1930]],[[1931,1932]],[[1933]],[[1934]],[[1935]],[[1936]],[[1937]],[[1938]],[[1939,1939,1939]],[[1940,1941]],[[1942]],[[1943,-1944,1944]],[[1945]],[[1946]],[[1947]],[[1948]],[[1949,1950]],[[1951]],[[1952,1953,1954]],[[1955]],[[1956]],[[1957]],[[1958,-1955,1959]],[[-1954,1960]],[[1961]],[[1962]],[[1963]],[[1964]],[[1965,-1966,1966]],[[1967]],[[1968]],[[1969]],[[1970]],[[1971]],[[1972]],[[1973]],[[1974]],[[1975]],[[1976]],[[1977,1978,-1978]],[[1979]],[[1980]],[[1981,1982]],[[1983]],[[1984]],[[1985,1986]],[[1987]],[[1988]],[[1989]],[[1990]],[[1991]],[[1992,1993]],[[1994]],[[1992,-1993,1995]],[[1996,1996,1996]],[[1997]],[[1998,-1999,1999]],[[2000]],[[2001]],[[2002]],[[2003,-2004,2003,2004,-2005,1998,2005,2006]],[[2007]],[[2008]],[[2009]],[[2010]],[[2011]],[[2012,2013,2014,2015]],[[2016]],[[2017,2018]],[[2019]],[[2020]],[[2021]],[[2022]],[[2023]],[[2024]],[[2025,2026,2027]],[[2028]],[[2029]],[[2030]],[[2031]],[[2032,2033]],[[2034]],[[2035]],[[2036]],[[2037]],[[2038]],[[2039]],[[2040]],[[2041]],[[2042]],[[2043]],[[2044]],[[2045]],[[2046]],[[2047,2048]],[[2049]],[[2050]],[[2051]],[[2052]],[[2053]],[[2054]],[[2055]],[[2056]],[[2057,2058]],[[2059]],[[2060]],[[2061]],[[2062]],[[2063]],[[2064]],[[2065]],[[2066]],[[2067]],[[2068]],[[2069]],[[2070]],[[2071]],[[2072]],[[2073]],[[2074]],[[2075,2076]],[[2077]],[[2078]],[[2079]],[[2080]],[[2081]],[[2082]],[[2083]],[[2084]],[[2085]],[[2086]],[[2087]],[[2088,2089,2090]],[[-2091,2091]],[[2092]],[[2093,2094]],[[2095]],[[2096]],[[2097]],[[2098]],[[2099]],[[2100]],[[2101]],[[2102]],[[2103]],[[2104]],[[2105]],[[2106]],[[2107]],[[2108,2109]],[[2110,2111]],[[2112]],[[2113]],[[2114,2115,2116,2117]],[[-2118,2117,2118]],[[2119]],[[2120]],[[2121]],[[2122]],[[2123]],[[2124,2125]],[[2126]],[[2127]],[[2128]],[[2129]],[[2130]],[[2131]],[[2132]],[[2133]],[[2134]],[[2135]],[[2136]],[[2137,2138]],[[2139]],[[2140]],[[2141]],[[2142,2143]],[[2144]],[[2145,-2146,2146]],[[2147,-2148,2148]],[[2149,2146]],[[2150,2148]],[[2151,2151,2151]],[[2152,2152,2152]],[[2153,-2154,2154]],[[2154,2154,2154]],[[2155,-2156,2156]],[[-2156,2157]],[[2158,2158,2158]],[[2159]],[[2160]],[[2161]],[[2162]],[[2163,2164]],[[2165,2166,2167]],[[2168,2168,2168]],[[2169,2170]],[[2171]],[[2172]],[[2173]],[[2174,2175]],[[2176]],[[2177]],[[2178]],[[2179]],[[2180]],[[2181]],[[2182]],[[-2175,2183,2184]],[[2185,2186,2187]],[[2188,2188,2188]],[[2189]],[[2190]],[[2191]],[[2192,2192,2192]],[[2193]],[[2194]],[[2195,2196]],[[2197]],[[2198]],[[2199,2199,2199]],[[2200,2201,2202]],[[2203,2204,2205]],[[2206]],[[2207,2208,-2208]],[[2209,2210]],[[2211,2211,2211]],[[2212,2213]],[[2214,2215]],[[2216,-2217,2217]],[[2218,2219,-2187,2207,2220,2219,-2220,-2219]],[[2221]],[[2222,2222,2222]],[[2223,2223,2223]],[[2224,-2225,2211]],[[2225]],[[-2202,2201,2226,-2227]],[[2227,2228]],[[2229,2230,2231]],[[2232,-2233,2211]],[[2226,-2227,2217]],[[2233,-2234,2234]],[[2235,-2236,2236]],[[2237]],[[2238,2239]],[[2240]],[[2241]],[[2242]],[[-2221,2243,2244]],[[2245,-2230,2246,2247,2248]],[[2249]],[[2250,2250,2250]],[[-2234,2251,2252,2253]],[[2254,2255]],[[2256,2257,2258]],[[2259,-2252,2260]],[[2261,2261,2261]],[[-2253,2252,2262]],[[2263,2264,2265]],[[2266,2267]],[[2268]],[[2269,-2270,2270]],[[2271]],[[2272,2261]],[[2273]],[[2274]],[[2275,2275,2275]],[[2276,2276,2276]],[[2277,-2278,2278,2279,2280]],[[2281,2281,2281]],[[2282,-2283,2283]],[[2284,-2285,2285]],[[2286,2286,2286]],[[2287,2287,2287]],[[2288,2289]],[[2281,2281,2281]],[[2290,-2291,2291]],[[2292,-2293,2289]],[[2293,2293,2293]],[[-2279,2294,2295,-2296,2296]],[[2297,-2298,2298]],[[2299,2299,2299]],[[2295,-2296,2299]],[[2300,-2301,2287]],[[2301]],[[2302,2303,2304]],[[2305,-2306,2305,-2306]],[[2306,-2307,2286]],[[2307]],[[2308,2309]],[[2310,-2311,2276]],[[2311,2312,2297]],[[2313,-2314,2314]],[[2315,2305,2316,2317]],[[2318,2281]],[[2319,-2320,2320]],[[2321,2321,2321]],[[2322,-2323,2322,-2297,2323,2324]],[[2325]],[[-2285,2326,-2311]],[[2327]],[[2328,-2329,2329]],[[2330,2331,-2332,-2331]],[[2332,-2333,2333]],[[2334,-2335,2335]],[[2336,2336,2336]],[[2337,-2307,2306,2338,2339]],[[-2329,2340,2341]],[[2342,2342,2342]],[[-2333,2343,-2344,2332]],[[2344,2342]],[[2345,2345,2345]],[[2346]],[[2347,2347,2347]],[[2348]],[[2349,-2350,2350]],[[2351,-2352,2347]],[[2352,-2353,2350]],[[2353,-2354,2354]],[[2355]],[[2351,2356,-2357,-2352]],[[2357,-2354]],[[2358,-2359,2335]],[[2359]],[[2360,2361]],[[2362,-2363,2363]],[[2364,2364,2364]],[[2365,-2366,2366]],[[2367,-2368,2368,-2369]],[[2369,2370,-2371]],[[2371]],[[2372,2373,2374,2375,-2359,2376]],[[2377,-2378,2378]],[[2379]],[[2380,-2381,2381]],[[2382,-2383,2383]],[[2384]],[[2385,-2386,2385,-2386]],[[-2383,2356,-2363,2386,-2387,2386,2387,2388]],[[2389,-2390,2381]],[[-2381,2389,2390]],[[2391,-2392,2392]],[[2393,2393,2393]],[[2394,2395,2396]],[[-2397,2396,2397,-2398]],[[2398,2398,2398]],[[2399,2399,2399]],[[2400,2400,2400]],[[2401,-2402,2400]],[[2402,-2403,2402,-2403]],[[2403,2404]],[[2405]],[[2406,2407]],[[2408]],[[2409,2409,2409]],[[2410,2411,-2412]],[[2412,2413]],[[2414,-2415,2415]],[[2416]],[[2410,2409]],[[2417,-2418,2418]],[[2418,2418,2418]],[[2419,2420]],[[2421]],[[2422]],[[2423,2424,-2425,-2424]],[[2425]],[[2426,2426,2426]],[[2426,2426,2426]],[[2427]],[[2428]],[[2429,-2430,2430]],[[2431]],[[2432,2433,-2433]],[[2434,-2435,2435]],[[2436]],[[2437,2438,2439]],[[2440]],[[2441]],[[2442,-2443,2443]],[[2444]],[[2445,2446,2447,-2448,2448]],[[2449,-2450,2450]],[[2451,-2452,2452]],[[2453]],[[2454,2455,2456,2457]],[[2458,-2459,2435]],[[-2433,-2443,2459,2460,2461]],[[2462,2463]],[[2459,-2460,2443]],[[2464,-2465,2465]],[[2466,-2459,2467]],[[2468,2469,2470]],[[2471]],[[2472,2473,2451,2474]],[[-2440,2475,2476,2477,2478,-2447]],[[2479,-2480,2480]],[[2481,-2482,2482]],[[2483,-2484,2484]],[[2485,2486,2487]],[[-2480,2479,2488]],[[2489,2489,2489]],[[2456,-2457,2480]],[[2487,2490,-2491,-2488]],[[2491]],[[2492,-2493,-2491,2490,-2491,2490]],[[2493]],[[2481,-2475,2494,2495,2496,2474,2497,2498,2499]],[[2500]],[[2501]],[[2502]],[[2503,-2504,2503,-2504]],[[2504,2504,2504]],[[2505]],[[2506]],[[2507,2508,-2509,2509,2476,-2477,2510,-2511,-2476,2511,2512,-2509,2513,-2499,2514,2515]],[[2516,-2517,2517]],[[2518,2518,2518]],[[2519]],[[2520]],[[2521]],[[2522,-2523,2523]],[[2524,2524,2524]],[[2525,2525,2525]],[[2526,-2527,2523]],[[2527,2528,2529]],[[2530,2531,2532,2533]],[[2525,2525,2525]],[[2534]],[[2535]],[[2536,2536,2536]],[[2537]],[[2534]],[[2538]],[[2539,2540]],[[2541,2542,-2533,2532,-2543,2542,-2543,-2529,2528,-2542]],[[2543,2544]],[[2545]],[[2546]],[[2547,2548,-2549,2549,-2550,-2548]],[[2550,-2551,2551]],[[2552,2553,-2554,-2553]],[[2554,-2540,2555,2556,2557,2558,-2555]],[[-2544,2559,2560]],[[2561,-2562,2562]],[[2563,2564,2565,-2558]],[[2566,2567]],[[2568,2569,-2570]],[[2570,-2571,2571]],[[2572,2573,-2574]],[[2574,2574,2574]],[[2575,2576,2553,-2566,2577]],[[2578,-2579,2579]],[[2580,-2581,2581]],[[2582,2583]],[[2584]],[[2585]],[[2586,2587,-2565,2588,2589]],[[2590]],[[2591,2592,2593,-2594,-2587,-2590,2589]],[[2594]],[[2595]],[[2596]],[[2597]],[[2598,2599]],[[2600]],[[2601]],[[2602,2603]],[[2604,2605]],[[2606]],[[2607,2608,2609,-2610]],[[2610]],[[2611]],[[2612]],[[2613]],[[2614,2615,2616,2617]],[[2618]],[[2619]],[[2620]],[[2621]],[[2622,2622,2622]],[[2623,2623,2623]],[[2624,-2625,2625]],[[2616,2626,2627,-2618,-2617]],[[2628]],[[2629]],[[2630]],[[2631,2631,2631]],[[2632,2632,2632]],[[2633]],[[2634,2634,2634]],[[2635]],[[2636,2637]],[[2638,2639,2640,-2641]],[[2641,2642]],[[2643,2644,2645]],[[2646,-2645]],[[2647,2648,2649,2650,2651,2652,2653]],[[2654]],[[2655,2656,2657,2658,-2648,2659,2660,2661,2662]],[[-2663,2662,2663]],[[2664]],[[-2662,2665,2661]],[[2666,-2667,2666,-2667]],[[2667,-2668,2668]],[[2669,-2670]],[[2670,2670,2670]],[[2671,2672]],[[2673,2674,2675]],[[2676]],[[-2675,2674,-2675,2677]],[[2678,2679]],[[2680,-2681,2681]],[[2682,-2683,2683]],[[2684,-2685,2683]],[[2685,-2686,2686,-2687]],[[2687,-2688,2688]],[[-2687,2686,2689]],[[2690,2690,2690]],[[2691,2692,2693]],[[2694,2694]],[[2695,2696,-2696]],[[2697]],[[2698,2698,2698]],[[2699,-2700,2700]],[[2700,2700,2700]],[[2701,2698]],[[2702]],[[2703,2704,2705]],[[2706,2707]],[[2708,2708,2708]],[[2709,-2710,2708]],[[2710,-2711,2711]],[[2712,-2713]],[[2713]],[[2714]],[[2715]],[[2716,2716,2716]],[[2717,2718]],[[2719,2720,2721,2722]],[[-2723,2722,2723]],[[-2723,2722,2723]],[[2724,2725,2726,2727,2728,-2725]],[[2729,2730]],[[2731]],[[2732,2733]],[[2734]],[[2735]],[[2736,2737]],[[2738,2739]],[[2740]],[[2741]],[[2742]],[[2743,-2744,2744]],[[2745,-2746,2746]],[[2747]],[[2748,2749]],[[2750,2751]],[[-2750,2752]],[[2753,2753,2753]],[[2754,-2755,2755]],[[2756]],[[2757,2758,-2759,-2758]],[[2759]],[[2760,-2761,2761]],[[2762,2763]],[[-2759,2764]],[[2765]],[[2766]],[[2767,2768]],[[2769]],[[2770,-2771,2768]],[[2771]],[[2772]],[[2773]],[[2774,-2775,2775]],[[2776]],[[2777,-2778,2778]],[[2779,-2780,2780]],[[2781]],[[2782,-2783,2783]],[[2784,2785,-2786,2785,-2786,2786,-2787,2787,2784]],[[-2780,2788,2789]],[[2790,-2791,2791]],[[2792,-2793]],[[2793,2793,2793]],[[2794,2795]],[[2796]],[[2797]],[[2798]],[[2799]],[[2800,2801]],[[2802,2802,2802]],[[2803]],[[2804,2805,2806]],[[2807]],[[2808]],[[2809]],[[2810,2811]],[[2812]],[[2813]],[[2814,-2815,2815]],[[2816]],[[2817]],[[2818]],[[2819]],[[2820,2821]],[[2822,2823,2824]],[[2822,-2823,2825]],[[2826,2827]],[[2828,-2829]],[[2829,2830]],[[2831]],[[2832]],[[2833,2833,2833]],[[2834,2835]],[[2836]],[[2837]],[[2838]],[[2839]],[[2840]],[[2841]],[[2842]],[[2843]],[[2844]],[[2845]],[[2846,2847]],[[2848]],[[2849]],[[2850]],[[2851]],[[2852]],[[2853,2854]],[[2855]],[[2856]],[[2857]],[[2858]],[[2859]],[[2860]],[[2861]],[[2861]],[[2862]],[[2863]],[[2864]],[[2865]],[[2866]],[[2867]],[[2868]],[[2869]],[[2870]],[[2871]],[[2872,2873]],[[2874]],[[2875]],[[2876]],[[2877,2878]],[[2879]],[[2880,2881,2882]],[[2883,-2881]],[[2884]],[[2885]],[[2886,2887]],[[2888,2887]],[[2889]],[[2890]],[[2891]],[[2892]],[[2893]],[[2894]],[[2895,2896]],[[2897]],[[2898]],[[2899]],[[2900]],[[2901]],[[2902]],[[2903]],[[2904]],[[2905]],[[2906]],[[2907]],[[2908,2908,2908]],[[2909,-2910,2908]],[[2910]],[[2911,2912]],[[2913,2914,-2910]],[[2915]],[[2916]],[[2917,-2918,2917,-2918]],[[2918,-2919,2919]],[[2918,-2919,2919]],[[2918,-2919,2919]],[[-2919,2918,2920]],[[2921]],[[2922]],[[2923]],[[2924,2925]],[[2926]],[[2927,2927,2927]],[[2928,-2929,2929]],[[2930]],[[2929,2929,2929]],[[2929,2929,2929]],[[2931]],[[2932,2933]],[[2934]],[[2935]],[[2936]],[[2937]],[[2935]],[[2938]],[[2939]],[[2940]],[[2941]],[[2942]],[[2943,2944]],[[2945]],[[2946,2947]],[[2948]],[[2949]],[[2950]],[[2951]],[[2952]],[[2953]],[[2954]],[[2955]],[[2956]],[[2957,-2958,2958]],[[2959]],[[-2958,2957,2960]],[[2961]],[[2962,2962,2962]],[[2963,2964,2965]],[[2966,2967,2968]],[[2969]],[[2970]],[[-2958,2971,-2969,2972]],[[2973]],[[2974]],[[2975,-2976,2976]],[[2977]],[[2978,2979]],[[2980]],[[2981,2982,2983]],[[2984,-2984,2985]],[[2986,2987,2988]],[[-2983,2982,2989]],[[2990]],[[-2986,2991,2992]],[[2993]],[[2994]],[[2995,2995,2995]],[[2996,2997,2998,2999]],[[3000]],[[2997,-2998,3001]],[[2999,-3000,2999,-3000]],[[3002,-3000,3003,3004]],[[3005,3006]],[[3007,3008]],[[3009,3009,3009]],[[3010,3011]],[[3012,3012,3012]],[[3013,3013,3013]],[[3014,-3015,3015]],[[3016,-3017,3017]],[[3018,-3019,3019]],[[3020,3020,3020]],[[3021,3022]],[[3023,3009]],[[3012,3012,3012]],[[3022,3022,3022]],[[3024]],[[3025,3025,3025]],[[3026]],[[3027]],[[3012,3012,3012]],[[3028,-3029,3029]],[[-3015,3014,3030]],[[3004,-3005,-3004,3003]],[[3031,3032,3028,-3029,3033]],[[-2992,-2983,3034,-3005,3035,3036,-3037,3037]],[[3038,3039]],[[3040,3040,3040]],[[3041]],[[3042,-3043,3042,-3043]],[[3043,-3044,3044,-3045]],[[3045,3040]],[[3046,-3047,3025]],[[3047]],[[3048,-3049,3049]],[[3050]],[[3051,3051,3051]],[[3052]],[[3047]],[[3053,3053,3053]],[[3054]],[[3055,-3056,3051]],[[3056,-3057,3057]],[[3058,-3059,3059]],[[3060]],[[3061,3061,3061]],[[3062,-3063,3063]],[[3064,-3065,3053]],[[3065,-3066,3066]],[[3067]],[[3068,3068,3068]],[[3069,3070,-3057]],[[3071,3071,3071]],[[3072,-3073,3073]],[[3074,-3075,3075]],[[3076]],[[3077,-3078,3073]],[[3078,3077,3079]],[[3080,3081]],[[3082,3082,3082]],[[-3063,3083,3084,3085]],[[3079,-3080,3086]],[[3087,3087,3087]],[[3088,3088,3088]],[[3089]],[[3082,3082,3082]],[[3090,-3091,3071]],[[3091,-3092,3087]],[[3092,3093]],[[3094,-3095,3095]],[[3096,3097,3098]],[[3099,-3100,3086]],[[3096,-3097,3100]],[[3101,-3102,3082]],[[3102,3102,3102]],[[3103,3103,3103]],[[3102,3102,3102]],[[3104,3104,3104]],[[3105]],[[3106,3104]],[[3107,-3108,3108]],[[3109,3110]],[[3111,-3112,3103]],[[3105]],[[3112,-3113,3113]],[[3114,-3115,3115]],[[3116,-3117,3117]],[[3118,3118,3118]],[[3119]],[[3120,3121,3122,-3117]],[[3123,-3124,3122,3124,-3125,-3123]],[[3120,-3121,3117]],[[3125,3126]],[[3127,3127,3127]],[[3127,3127,3127]],[[3128,-3129,3127]],[[3129]],[[3130,3131]],[[3132]],[[3133]],[[3134,3135]],[[3136]],[[3137,3138,-3135]],[[3139]],[[3140]],[[3141]],[[3142]],[[3143]],[[3144]],[[3145]],[[3146]],[[3147]],[[3148]],[[3149]],[[3150]],[[3151]],[[3152]],[[3153]],[[3154]],[[3155]],[[3156]],[[3157]],[[3158,3159]],[[3160,3161]],[[3162]],[[3163,-3164,3164]],[[3165]],[[3166,3167,3168]],[[3169]],[[3170]],[[3171]],[[3172]],[[3173]],[[3174]],[[3175,3176]],[[3177]],[[3178]],[[3179]],[[3180]],[[3181]],[[3182]],[[3183]],[[3184]],[[3185,3186]],[[3187]],[[3188]],[[-3186,3185,3189]],[[3190]],[[3191]],[[3192]],[[3193]],[[3194]],[[3195]],[[3196]],[[3197]],[[3198]],[[3199]],[[3200]],[[3201]],[[3202]],[[3203]],[[3204]],[[3205]],[[3206]],[[3207]],[[3208]],[[3209]],[[3210]],[[3211]],[[3212]],[[3213]],[[3214]],[[3215]],[[3216]],[[3217]],[[3218]],[[3219]],[[3220]],[[3221]],[[3222]],[[3223,3224]],[[3225,3226]],[[3227]],[[3228]],[[3229,3230]],[[3231]],[[3232,3233]],[[3234]],[[3235]],[[3236]],[[3237]],[[3238]],[[3239]],[[3240]],[[3241]],[[3242]],[[3243]],[[3244]],[[3245,3246]],[[3247]],[[3248]],[[3249,-3250,3250]],[[-3250,3251]],[[3252,3253]],[[3254]],[[3255,3256]],[[3257,3258]],[[3259]],[[3260,3261,3262,3263]],[[3264,3264,3264]],[[-3263,3265,3266,3267]],[[3268,3268,3268]],[[3269]],[[3270]],[[3271,-3272,3268]],[[3272]],[[3273,3274]],[[3275,3276]],[[3277,3278,3279]],[[3280,3281,3282,3283]],[[3284,3285,3286,3287]],[[-3285,3284,3288]],[[3289,3289,3289]],[[3290,3289]],[[3291,3292,3293]],[[3294]],[[3295,3296]],[[3297,3298,3299]],[[3300]],[[3301]],[[3302,3303]],[[3302,3304]],[[3305]],[[3306]],[[3307,3307,3307]],[[3308]],[[3309]],[[3310]],[[3311]],[[3312]],[[3313]],[[3314]],[[3315,3316]],[[3317]],[[3318,3319]],[[3320]],[[3321,3322]],[[3323,3323,3323]],[[3324,3324,3324]],[[3325]],[[3326]],[[3327]],[[3328]],[[3329]],[[3330]],[[3331,-3332,3332]],[[3333]],[[3334,3335]],[[3336,3337,3338,-3336,3339]],[[3340]],[[3341]],[[3342]],[[3343]],[[3344]],[[3345]],[[3346]],[[3347]],[[3348]],[[3349]],[[3350]],[[3351]],[[3352]],[[3353]],[[3354]],[[3355]],[[3356]],[[3357]],[[3358]],[[3359]],[[3360]],[[3361]],[[3362]],[[3363]],[[3364]],[[3365]],[[3366]],[[3367]],[[3368,3369]],[[3370]],[[3371]],[[3372]],[[3373]],[[3374]],[[3375]],[[3376,3377]],[[3378]],[[3379]],[[3380,3380,3380]],[[3381,3380]],[[3382]],[[3383,3383,3383]],[[3384,3384,3384]],[[3385,-3386,3386,-3387]],[[3387]],[[3388]],[[3389]],[[3390]],[[3391]],[[3391]],[[3392,3393]],[[3394,3394,3394]],[[3395,3395,3395]],[[3395,3395,3395]],[[3395,3395,3395]],[[3396]],[[3397,-3398,3398]],[[3399]],[[3400,3401,3402]],[[3403]],[[3404,3405]],[[3406]],[[3407,-3408,3408]],[[3409]],[[3410,3410,3410]],[[3411]],[[3412]],[[3413,-3414,3413,3414,3415]],[[-3415,3414,3416]],[[3417,3417,3417]],[[3418,3419]],[[3420]],[[3421,3422,3423,3424]],[[3425]],[[3426,3426,3426]],[[3427]],[[3428]],[[3429,-3430,3430]],[[3431,3432]],[[3433,3434]],[[3435]],[[3436,3437]],[[3438]],[[3439]],[[3440]],[[3441]],[[3442]],[[3443]],[[3444]],[[3445]],[[3446,-3447]],[[3447]],[[3448]],[[3449]],[[3450]],[[3451]],[[3452]],[[3453]],[[3454]],[[3455]],[[3456,-3457]],[[3457,3458,3459]],[[3460,3461,3462]],[[3463]],[[3464,3464,3464]],[[3465,3465,3465]],[[3466,3467,3468,3469,3470,3471,3472,3473,3474,3475,3476,3477,3478,-3479,3479,-3408,3480,-3401,3481,3397,3482,3483,3484,3485,3386,3486,3487,3488,3489,3490,3491,3492,3493,3494,3495,-3298,3496,3497,-3278,3498,3499,3500,3501,3502,3293,-3294,3503,3504,3505,3506,3507,-3285,3508,3509,3510,3511,3512,3513,-3256,3514,3515,3516,3517,3518,-3126,3519,-2988,3520,3521,3522,3523,3524,3018,3016,-3012,3011,-3012,3525,3526,3527,3528,3529,-3100,3530,3531,3046,3058,3532,-3059,3533,3064,3534,-3065,3064,3534,3535,3536,3537,3538,3539,3540,3541,3094,3542,3106,3543,3544,-3098,3107,3545,-3112,3546,3547,3548,-3115,3549,3550,3551,3552,3553,3554,-3082,3555,3556,3557,-2926,3558,3559,3560,3561,3562,-2915,3563,3564,3565,3566,3567,3568,3569,3570,3571,3572,3573,3574,3575,-2116,3576,3577,3578,3579,3580,3581,3582,3583,3584,3585,3586,3587,3588,3589,3590,3591,3592,3593,1943,3594,3595,3596,3597,3598,-1886,3599,3600,3601,3602,3603,3604,3605,-2007,3606,3607,3608,3609,-2026,-2028,3610,3611,3612,-2058,3613,3614,3615,3616,3617,3618,-2254,3619,3620,3621,3621,2377,3622,-3623,3623,3622,2370,3624,3625,3626,3627,3628,3629,3630,3631,-2335,2358,3632,3633,-2375,3634,-2373,2372,3635,3636,3637,-2331,3638,3639,3639,3640,2313,3641,-2301,3642,-2318,3643,-3644,3644,-2317,3645,3646,3647,3648,-2231,-2246,3649,2257,3650,3651,3652,3653,3654,3655,3656,3657,3658,-2266,3659,3660,3661,3662,3663,3664,2343,3665,3666,-3667,3667,3668,-2391,3669,-3670,3669,3670,3671,2414,3672,3673,3674,-2461,2460,-2461,-2471,3675,3676,-3677,3677,2479,-2478,3678,-2477,-2510,-2508,3679,3680,3681,3682,3683,2547,3684,3685,3686,3687,3688,-3689,2573,3689,3690,3691,3692,3693,3694,3695,-2581,-2594,-2593,3696,3697,3698,3699,3700,3701,3702,3703,3704,3705,3706,2614,-2615,3707,3708,2624,3709,3710,3711,3712,3713,3714,2640,3715,3716,3717,-2650,3718,3719,-2659,3720,-2656,2655,-2656,3721,3722,3723,3724,3724,3725,3725,2667,3726,-2676,2675,-2676,3727,3728,3729,3730,3731,3732,-2685,2682,-2683,3733,3734,2687,2686,3735,3736,3737,3738,3739,3739,3740,3741,3742,3743,3744,3745,3746,3747,3748,3748,3749,3750,3751,-2722,2724,3752,-2728,3753,3754,3755,3756,3757,3758,3759,3760,3761,2770,3762,3763,3764,3765,3766,2774,-2787,2785,3767,3768,2790,3769,3770,2782,3771,3772,-2795,3773,3774,3775,2777,3776,3777,-3778,-2761,-2758,3778,-3779,3778,3779,3780,3781,3782,-2805,3783,3784,3785,3786,3787,3788,-2874,3789,3790,3791,-2882,3792,3793,3794,3795,3796,-3225,3797,-3233,3798,-3230,3799,3800,3801,3802,-3337,3803,3804,3805,-3437,3806,3807,3808,-3458,3809,3810,3811,3812,3813,3814,-3462,3815,3816,3817,3818,-1813,-1793]]],"properties":{"namekana":"ちば","name":"千葉","code":"9120","EEW_CODE":"9120"}},{"type":"MultiPolygon","arcs":[[[3819]],[[3820]],[[1819,-1819,1816,-1818,-1817,-1816,1814,-1814,-3819,3821,3822,3823,3824,3825,3826,3827,3828,3829,3830,3831,3832,3833,3834,3835,3836,3837,3838,3839,3840,3841,3842,3843,3844,3845,3846,3847,3848,3849,3850,3851,3852,3853,-3853,3854,3855,3856,3857,3858,3859,3860,3861,3862,3863,3864,3865,-1821],[3866]]],"properties":{"name":"東京","code":"9131","namekana":"とうきょう","EEW_CODE":"9131"}},{"type":"MultiPolygon","arcs":[[[3867]],[[3868,3869]],[[3870]],[[3871]],[[3872,3872,3872]],[[3873,-3874,3874]],[[3875,-3876,3872]],[[3876,3876,3876]],[[3874,3874,3874]],[[3877,-3878,3876]],[[3878,3879]],[[3880]],[[3881]],[[3882,3882,3882]],[[3883,3883,3883]],[[3884,3884,3884]],[[3885,3885,3885]],[[3886,-3887,3887]],[[3888]],[[3889,-3890,3882]],[[3890,3890,3890]],[[3891]],[[3892]],[[3893]],[[3894,3894,3894]],[[3895,3895,3895]],[[3896]],[[3897,3897,3897]],[[3898]],[[3897,3897,3897]],[[3899]],[[3897,3897,3897]],[[3900]],[[3901,3901,3901]],[[3902]],[[3903]],[[3904,-3905,3905]],[[3906,3906,3906]],[[3907]],[[3908]],[[3909,3909,3909]],[[3910]],[[3911]],[[3912,3912,3912]],[[3913]],[[3914,3914,3914]],[[3915,3915,3915]],[[3916,3916,3916]],[[3917]],[[3918,3919]],[[3920]],[[3921]],[[3922,3922,3922]],[[3923]],[[3924]],[[3925]],[[3926,3926,3926]],[[3927,3927,3927]],[[3928]],[[3929]],[[3930]],[[3931,-3932,3932]],[[3933]],[[3934]],[[3935]],[[3936]],[[3937]],[[3938]],[[3939]],[[3940,3941]],[[3942]],[[3943,-3944,3944]],[[3945,3946]],[[3947]],[[3948,3949]],[[3950]],[[3951]],[[3952]],[[3951]],[[3953]],[[3954]],[[3955,3955,3955]],[[3956]],[[3957,3958]],[[3959]],[[3960,3960,3960]],[[3961,3961,3961]],[[3962]],[[3963,3964,3965,3966,3967,3968,3969,3970,3971,3972,3973,-3905,3974,3975,3976,3977,3978,3979,3980,3981,3982,3983,-3876,3984,-3878,3985,3873,3986,3987,3988,3989,3990,3991,3992,3993,3994,3995,-3932,3996,-3942,3997]],[[3998]],[[3999]],[[4000]],[[4001]],[[4002]],[[4003,4003,4003]],[[4004,4005,-4006,4006,-4005]],[[4007,4008,-4009,-4008]],[[4009]],[[4010,4010,4010]],[[4011,-4012,4012]],[[4012,4012,4012]],[[4013]],[[4014,4015]],[[4016,4016,4016]],[[4017,4017,4017]],[[4018]],[[-4015,4014,4016]],[[4019,4020]],[[4021]],[[4022]],[[4023]],[[4024]],[[4025]],[[4026]],[[4027,4027,4027]],[[4027,4027,4027]],[[4028,4028]],[[4029]],[[4030,-4031,4031]],[[4032]],[[4033]],[[4034,-4035,4035]],[[4036]],[[4037]],[[4038]],[[4039,4040]],[[4041,4041,4041]],[[4042]],[[4043,4044]],[[4045,4045,4045]],[[4046]],[[4047]],[[4048]],[[4049]],[[4050,4051]],[[4052]],[[4053]],[[4054]],[[4055]],[[4056,4056,4056]],[[4057]],[[4058]],[[4059]],[[4060]],[[4061]],[[4062,4063,4064,-4051,4065,4066,4067,4068,4069,4034,4070,4030,4071,4072,4073,-4041,4074,4075,4076]],[[4077]],[[4078]],[[4079]],[[4080]],[[4081]],[[4082,4083]],[[4084]],[[4085]],[[4086]],[[4087]],[[4088]],[[4089]],[[4090]],[[4091]],[[4092]],[[4093]],[[4094]],[[4095]],[[4096]],[[4097]],[[4098]],[[4099]],[[4100]],[[4101]],[[4102]],[[4103]],[[4104]],[[4105,4106]],[[4106,4106,4106]],[[4107,4107,4107]],[[4108,4109]],[[4110]],[[4111]],[[4112]],[[4113]],[[4114]],[[4115]],[[4116,-4117,4117]],[[4118]],[[4119,-4120,4117]],[[4120]],[[4121]],[[4122]],[[4123]],[[4124]],[[4125]],[[4126]],[[4127,4127,4127]],[[4128]],[[4129]],[[4130]],[[4131]],[[4132,4132,4132]],[[4133,4132]],[[4134,4134,4134]],[[4135,4136,4137]],[[4138]],[[4139,4140]],[[4141]],[[4142,4143]],[[4144]],[[4145,-4146,4146]],[[4147]],[[4148,4149]],[[4150,4150,4150]],[[4151]],[[4152,-4153,4153]],[[4154]],[[4155]],[[4156]],[[4157,4157,4157]],[[4158,-4159,4157]],[[4159]],[[4160]],[[4161,4161,4161]],[[4162,-4163,4163]],[[4164,-4165,4165]],[[4165,4165,4165]],[[4166,4167]],[[4168]],[[4169]],[[4170]],[[4171]],[[4172]],[[4173]],[[4174]],[[4175]],[[4176]],[[4177]],[[4178]],[[4179]],[[4180]],[[4181]],[[4182,4182,4182]],[[4183]],[[4184]],[[4185,4186]],[[4187,4188]],[[4189,4190]],[[4191]],[[4192,4193]],[[4194]],[[4195,4195,4195]],[[4196]],[[4197,-4198,4198]],[[4199,4200,-4186,4201,4202,4203,4204,4205,4206,-4153,4207,4208,4209,-4137,4210,4211,-4120,4119,4212,4213,-4117,4214,4215,4216,-4146,4217,4218,4219,4220,4221,4222,4223,4224,-4198,4225]],[[4226]],[[4227]],[[4228]],[[4229]],[[4230]],[[4231]],[[4232]],[[4233]],[[4234]],[[4235]],[[4236]],[[4237]],[[4238]],[[4239]],[[4240,-4241,4241]],[[4242]],[[4243]],[[4244]],[[4245]],[[4246]],[[4247]],[[4248]],[[4249]],[[4250,4251,4252]],[[4253,4254,-4252,4255]],[[4256]],[[4257]],[[4258]],[[4259]],[[4260]],[[4261,-4254,4262,4263,4264,4265,4266,4267,4268,-4241,4269,4270,4271]],[[4272]],[[4273,4274]],[[4275]],[[4276,-4277,4277]],[[4278,4276,4279]],[[4280]],[[4281]],[[4282]],[[4283,4284]],[[4285]],[[4286,4287]],[[4288,-4284,4289,4290,-4288,4291]],[[4292]],[[4293]],[[4294]],[[4295]],[[4296]],[[4297]],[[4298,4299]],[[4300]],[[4301]],[[4302]],[[4303]],[[4304]],[[4305]],[[4306]],[[4307]],[[4308,4308,4308]],[[4309]],[[4310]],[[4311]],[[4312]],[[4313,4314]],[[4315,4315,4315]],[[4316]],[[4317,4317,4317]],[[4318]],[[4319]],[[4320]],[[4321,4321,4321]],[[4322]],[[4323,4323,4323]],[[4324]],[[4325]],[[4326]],[[4327,4327,4327]],[[4328,-4329,4329]],[[4330,4331]],[[4332,4333]],[[-4333,4332,4334]],[[4335]],[[4336]],[[4337]],[[4338]],[[4339]],[[4340]],[[4341,-4342,4342]],[[4341,4343]],[[4344,4344,4344]],[[4345,4346]],[[4347]],[[4348,4349,4350,4351,4352,4353,4354,4355,4356,4357,4358,4359,4360,4361,4362]],[[4363,4364]],[[4365]],[[4366,4367,4368]],[[4367,-4368,4369]],[[4370]],[[4371]],[[4372,4373]],[[4374]],[[-4373,4375]],[[4376]],[[4377,4378]],[[-4378,4377,4379]],[[4380]],[[4381]],[[4382,4383]],[[4384]],[[4385]],[[4386]],[[4387]],[[4388]],[[4389]],[[4390]],[[4391]],[[4392]],[[4393]],[[4394]],[[4395]],[[4396]],[[4397]],[[4398]],[[4399]],[[4400]],[[4401]],[[4402]],[[4403]],[[4404]],[[4405]],[[4406]],[[4407]],[[4408,4409]],[[4410]],[[4411]],[[4412]],[[4413]],[[4414]],[[4415]],[[4416]],[[4417,4417,4417]],[[4418]],[[4419]],[[4420]],[[4421]],[[4422]],[[4423]],[[4422]],[[4424]],[[4425,4426]],[[4427]],[[4428]],[[4429]],[[4430]],[[4431]],[[4432]],[[4433]],[[4434]],[[4435]],[[4436]],[[4437]],[[4438]],[[4439]],[[4440]],[[4441]],[[4442]],[[-4426,4443,4444,4445,4446,4447,4448]],[[4449]],[[4450]],[[4451]],[[4452]],[[4453]],[[4454,4455]],[[4456]],[[4457]],[[4458]],[[4459]],[[4460]],[[4461,4462]],[[4463]],[[4464]],[[4465,4465,4465]],[[4466]],[[4467]],[[4468,4468,4468]],[[4469]],[[4470]],[[4471,4472]],[[4471,4473,4473]],[[4474]],[[4475,4472]],[[4476]],[[4477]],[[4478]],[[4479,4479,4479]],[[4480]],[[4481,4479]],[[4482]],[[4483]],[[4484]],[[4485]],[[4486]],[[4487]],[[4488,4489]],[[4490]],[[4491,-4492,4489]],[[4492,4493,4494]],[[4495,4495,4495]],[[4496]],[[4495,4495,4495]],[[4497]],[[4498]],[[4499]],[[4500]],[[4501,4502]],[[4503]],[[4504]],[[4505]],[[4506,4507,4508,-4507]],[[4509,-4510,4510]],[[4511,4511,4511]],[[4512]],[[4513]],[[4514,4515,-4516,-4515,4514,-4515]],[[4516,4517]],[[4518,4519,-4518,4520]],[[4521,4521,4521]],[[4522]],[[4523,-4524,4524]],[[4525,4525,4525]],[[4526,4526,4526]],[[4527,-4528,4528]],[[4529,-4530,4530]],[[4529,4531,4532]],[[4533,4534,4535]],[[4536]],[[4537]],[[4538,-4539]],[[4539,4539,4539]],[[4540,-4541,4541]],[[4542,4542,4542]],[[4543]],[[4544]],[[4545,4546]],[[4547]],[[4548,4549]],[[4550]],[[4551]],[[4552]],[[4553,4554,4555]],[[4556]],[[4557]],[[4558]],[[4559,4559,4559]],[[4560,4560,4560]],[[4561,-4562,4560]],[[4561,4562,4563,4564]],[[4565,4565,4565]],[[4566,4566,4566]],[[4567,4567,4567]],[[4568,-4569,4569]],[[4570]],[[4571]],[[4572,4572,4572]],[[4573,4573,4573]],[[4574,4575]],[[4576]],[[4577,4578,4579]],[[4580]],[[-4580,4581]],[[4582]],[[4583]],[[4584]],[[4585]],[[4586]],[[4587]],[[4588]],[[4589]],[[4590,4590,4590]],[[4591,4592,4593]],[[4593,-4594,4594]],[[4595,-4596,4596]],[[4597,-4598,4598]],[[4599,4600]],[[4601]],[[4602,4603]],[[4604,4605]],[[4605,4605,4605]],[[4606,4607,4608,-4609]],[[4609,4610]],[[4611]],[[4612,-4613,4613]],[[4614,4614,4614]],[[4615,-4616,4614]],[[4616,4617,4618,4619,4620,4621,4622]],[[4623,4624]],[[-4623,4622,4625]],[[-4621,4626]],[[4627]],[[4628]],[[4629]],[[4630,4630,4630]],[[4631]],[[4632]],[[4633]],[[4634]],[[4635]],[[4636,-4637,4637]],[[4638,-4639,4639]],[[4640,4640,4640]],[[4641,4642,4643]],[[4644,4640]],[[4645,-4646,4646]],[[4647,4647,4647]],[[-4646,4648,4649,4650]],[[4651,4652,4653,4654]],[[4655,4656]],[[4657]],[[4658]],[[4659,4660,4661]],[[4662]],[[4663,-4664,4664]],[[4665,4665,4665]],[[4666,-4667,4667,4668,4663,-4664,4663,-4667]],[[4668,-4669,4669,-4670]],[[-4668,4670,-4670]],[[4671,4671,4671]],[[4672,4672,4672]],[[4673,4673,4673]],[[4674,-4675,4675]],[[4675,4675,4675]],[[4673,4673,4673]],[[4676,4676,4676]],[[4677]],[[4678,4678,4678]],[[4679,-4680,4678]],[[4680,4681]],[[4682,4683]],[[4684,4684,4684]],[[4685,4685,4685]],[[4686,4686,4686]],[[4687]],[[4688]],[[4689]],[[4690]],[[4691,4692]],[[4693]],[[4694,4694,4694]],[[4694,4694,4694]],[[4695,4695,4695]],[[4695,4695,4695]],[[4696]],[[4697]],[[4698]],[[4699]],[[4699]],[[4700]],[[4701,4702]],[[4703]],[[4704]],[[4705,-4706,4706]],[[4707,4707,4707]],[[4708,4709,4710]],[[4711,4712]],[[4713,4714]],[[4715,4716]],[[4717,4718,-4719,-4718]],[[4719,4720,4721]],[[4722,4722,4722]],[[4723]],[[4724]],[[4725,4725,4725]],[[4726,4727]],[[-4702,4728]],[[4729]],[[4730,-4731,4731]],[[4732]],[[4733,4730,4734]],[[4735,4735,4735]],[[4736]],[[4737,-4738,4738]],[[4739,4739,4739]],[[4740,4740,4740]],[[4741]],[[4742]],[[4742]],[[4743]],[[4744]],[[4745]],[[4746]],[[4747,4748]],[[4749,4747]],[[4750]],[[4751]],[[4752]],[[4753]],[[4754,-4755,4755]],[[4755,4755,4755]],[[4755,4755,4755]],[[4755,4755,4755]],[[4756,4757]],[[4758,4758,4758]],[[4759,-4760,4760]],[[4761,4761,4761]],[[4758,4758,4758]],[[4762,-4763,4761]],[[4763,4763,4763]],[[4763,4763,4763]],[[4764,-4765]],[[4765]],[[4766,4766,4766]],[[4767,4768]],[[4769]],[[4770,4771]],[[4772,4772,4772]],[[4773,4774]],[[4775,4775,4775]],[[4776,4776,4776]],[[4777,-4778,4776]],[[4778]],[[4779,-4780,4780]],[[4781,4781,4781]],[[4782,4783]],[[4784,4784,4784]],[[4785,4785,4785]],[[4785,4785,4785]],[[4786,-4787]],[[4787]],[[4788]],[[4789,-4790,4790]],[[4791]],[[4792]],[[4793,-4794,4794]],[[4792]],[[4795,4795,4795]],[[4796]],[[4797]],[[4798,4798,4798]],[[4799,-4800,4800]],[[4801]],[[4802,-4803,4803]],[[4804,4805]],[[4806,4807]],[[4808,4809]],[[4810,4811]],[[4812,4813]],[[4814,4815,4816,4817]],[[4818,4819]],[[4820]],[[4821,4822]],[[4823,-4824,4824]],[[4825]],[[4826]],[[4827]],[[4828,-4829,4829]],[[4830,4831]],[[4828,-4829,4829]],[[4832]],[[4833,4833,4833]],[[4834,4835,4836]],[[4836,-4837,4837]],[[4838,4838,4838]],[[4839,4839,4839]],[[4840,-4841,4837]],[[4841,-4842,4838]],[[4842]],[[4843,-4844,4844]],[[4845]],[[4846,-4847,4847]],[[4848,4847]],[[4846,-4847,4847]],[[4849]],[[4850,4850,4850]],[[4851,-4852,4852]],[[4851,4853,-4854,-4852]],[[4854]],[[4855]],[[4856,4856,4856]],[[4855]],[[4857,-4858,4858]],[[4859,4858]],[[4860,4860,4860]],[[4861,-4862,4862]],[[4860,4860,4860]],[[4863,-4862,4864]],[[4865,4865,4865]],[[4866,4867]],[[4868,4869]],[[4870]],[[4871]],[[4872]],[[4873]],[[4873]],[[4874]],[[4874]],[[4875,4875,4875]],[[4876,4876,4876]],[[4877,4876]],[[4878]],[[4879]],[[4880]],[[4881,4881,4881]],[[4882,4882,4882]],[[4881,4881,4881]],[[4883,4884]],[[4885]],[[4886]],[[4887,4887,4887]],[[4888]],[[4889,4889,4889]],[[4890,4891]],[[4892,4893]],[[4894,-4895]],[[4895,4895,4895]],[[4896]],[[4897,4898,4899,4900]],[[4901]],[[4902,4903,4904,4905]],[[4906,4906,4906]],[[-4906,4907]],[[-4905,4904,4908]],[[-4905,4909,-4910,4909,4910,4911]],[[4912,4913,4914]],[[4915,-4916,4916]],[[4917]],[[4918]],[[4919,4920]],[[4921,4922]],[[4922,-4923,4923]],[[4924,4925,4926,4927]],[[4928]],[[4929]],[[4930]],[[4931,-4932,4932]],[[4933]],[[4934,-4935,4935]],[[4936,4936,4936]],[[4937,-4938,4936]],[[4938,4939,4940,4941,4942,4943]],[[4944,4944,4944]],[[4945,-4946,4944]],[[4946,4946,4946]],[[4947,4948]],[[4949]],[[4950]],[[4951,4952,4953]],[[4954]],[[4955,4956]],[[4957]],[[4958]],[[4959]],[[4960]],[[4961]],[[4962,4963]],[[4963,4964]],[[4965,-4966,4966]],[[4967]],[[4968]],[[4969,4970,4971]],[[4968]],[[4972,4973,4974]],[[4969,4975,-4970]],[[4976,4977]],[[4973,-4974,4978]],[[4979,4979,4979]],[[4980,-4981,4981]],[[4982]],[[4983]],[[4984,4985,-4952,4986,4987,-4988,4988,4989,4990,4991,4992,4993,4994,4995,4996,4997,4998,4999,5000,5001,-4854,5002,5003,5004,5005,5006,5007,5008,-4780,5009,-4778,5010,4777,5011,5012,5013,5014,5015,5016,5017,5018,5019,5020,5021,-4642,5022,5023,5024,5025,5026,5027,5028,-4650,5029,5030,5031,5032,5033,5034,5035,5036,5037,5038,5039,-4515,5040,-5041,5041,5042,5043,5044,5045,5046,5047,5048,-4510,4509,5049,5050,5051,5052,5053,-4493,5054,-4507,5055,5056,-4535,5057,-4534,5058,5059,5060,4518,-4519,4518,-4519,5061,5062,5063,5064,-4554,5065,5066,5067,5068,5069,5070,5071,5072,5073,5074,5075,-4578,5076,5077,4595,5078,-5079,5079,5080,5081,5082,-4617,-4623,5083,5084,5085,5086,5087,-4662,5088,5089,5090,5091,5092,-4675,5093,-4680,5094,5095,5096,5097,5098,5099,5100,5101,-4755,5102,-4760,5103,-4763,4762,5104,5105,5106,5107,5108,5109,5110,5111,5112,-4800,5113,5114,5115,5116,-4807,5117,5118,5119,5120,5121,-4816,5122,5123,4823,5124,5125,4843,5126,5127,5128,5129,5130,5131,-4948,4937,5132,4931,5133,4965,-4972,5134,5135,-4973,5136,5137,5138,-4981,5139]],[[5140,5140,5140]],[[5141]],[[5141]],[[5142,5143]],[[-5139,5144,5145]],[[5146]],[[5147]],[[5148]],[[5149]],[[5150]],[[5151,5151,5151]],[[5151,5151,5151]],[[5152,5152,5152]],[[5153,-5154,5154]],[[5155]],[[5156,5151]],[[5157]],[[5154,5154,5154]],[[5158]],[[5159]],[[5160,5160,5160]],[[5161,5162]],[[5163]],[[5164]],[[5165]],[[-5162,5166,5167,5168]],[[5167,5169]],[[5170]],[[5171]],[[5172,5172,5172]],[[5173]],[[5172,5172,5172]],[[5174,5175]],[[5176]],[[5177]],[[5178,5179]],[[5180]],[[5181]],[[5182]],[[5183]],[[-5175,5174,5184]],[[5185]],[[5186,5187,5188,5189]],[[5190]],[[5191,5191,5191]],[[-5189,5192]],[[5193]],[[5194,5195,5196]],[[5197,-5198,5198]],[[5199]],[[5200,5200,5200]],[[5201,5202]],[[5203,-5197,5204,5205]],[[5206]],[[5207,5207,5207]],[[5207,5207,5207]],[[5208]],[[5209,-5210,5210]],[[5211,-5212,5212]],[[5213,-5214,5214]],[[5215,-5216,5216]],[[5217,-5218,5218]],[[5219,-5220,5220]],[[5217,-5218,5218]],[[5221,5222,5223]],[[5224,5224,5224]],[[-5198,5225,5226]],[[5223,-5224,5224]],[[5227,-5228,5228]],[[5229,-5230,5230]],[[5231,-5232,5232,-5233]],[[5233,5234]],[[-5234,5233,5235,5235]],[[5236,5237]],[[5238,-5239,5239]],[[5240]],[[5241,5242,5243]],[[5244,5244,5244]],[[5239,5239,5239]],[[5245]],[[5246,5247,5248,-5249,5248,5249]],[[5250,5251,-5252]],[[5252,5252,5252]],[[5253]],[[5254,5254,5254]],[[5255]],[[5256]],[[5257]],[[5258]],[[5259,-5260,5260,-5261]],[[5261]],[[5262]],[[5263,5263,5263]],[[5264,5264,5264]],[[5265,5265,5265]],[[5266,5267]],[[5268,5268,5268]],[[5269,-5270,5268]],[[5270]],[[5271]],[[5272,-5273,5273]],[[5274,5274,5274]],[[5274,5274,5274]],[[5275]],[[5276]],[[5277,5277,5277]],[[5278]],[[5279,5279,5279]],[[5280,5280,5280]],[[5281,-5282,5282]],[[5283,5284]],[[5285,-5286,5282]],[[5285,-5286,5282]],[[5286]],[[5287,5277]],[[5288,5288,5288]],[[5289]],[[5290,5290,5290]],[[5291,5292]],[[5293,5293,5293]],[[5294,5294,5294]],[[5295,5296]],[[5297,5298]],[[-5297,5299]],[[5300,5301]],[[5302,5302,5302]],[[5303,5304,5305]],[[5306,5306,5306]],[[5307]],[[5308]],[[5309,5309,5309]],[[5310]],[[5311,-5312,5312]],[[5313,-5314,5309]],[[5311,-5312,5312]],[[5314]],[[5313,-5314,5309]],[[5315,5315,5315]],[[5316]],[[5317,-5318,5318]],[[5319,5320]],[[5321,-5322,5322]],[[5323,5324]],[[5325,5325,5325]],[[-5322,5326]],[[5327,5327,5327]],[[5328,5329,5330]],[[5331,-5332,5332,-5333,5333]],[[5334,5327]],[[5335,-5336,5336]],[[5337]],[[5338]],[[5339,5340,5341,5342]],[[5343]],[[5344]],[[5345]],[[5346]],[[5347]],[[5348]],[[5349,-5340,5350,-5329,5351]],[[5352,5353,-5354,5353,5354,-5354]],[[5355]],[[5356,5357]],[[5358,5359]],[[5360]],[[5359,5359,5359]],[[5361,5361,5361]],[[5362]],[[5363]],[[5364,5364]],[[5365]],[[5366,5366,5366]],[[5367]],[[5368]],[[-5357,5369]],[[5370]],[[5371]],[[5372]],[[5373]],[[5374,5375]],[[5376,-5377,5377]],[[5378,5379,-5380,-5379]],[[5380]],[[5381,5382]],[[5383]],[[-5382,5381,5384]],[[5385]],[[5386,5386,5386]],[[5387,5386]],[[5388,5389]],[[5390,5391]],[[5392]],[[5393]],[[5394]],[[5395]],[[5396,5397]],[[5398,-5399,5399]],[[5400,5401,5402,5403]],[[-5404,5404]],[[5405,-5406,5406]],[[-5402,5401,5407]],[[5408]],[[5409,5410]],[[5411,5411,5411]],[[5412,5412,5412]],[[5413,-5414]],[[5414,5414,5414]],[[5415,5416]],[[5417,-5418,5418]],[[5419,-5420,5420]],[[5421,5421,5421]],[[5420,5420,5420]],[[5422,5423]],[[5424,5424,5424]],[[5425,-5424]],[[5426,5426,5426]],[[5427,-5428,5428]],[[5429,5430]],[[5431,5430]],[[5432]],[[5433,5434,5435]],[[5436,5436,5436]],[[5437]],[[5438]],[[5439,-5440,5440]],[[5441,-5442,5440]],[[5442,-5443,5443]],[[5443,5443,5443]],[[5444,5444,5444]],[[5445,5446]],[[5447,5448,5449,-5450,5449,5450,-5451]],[[5451]],[[5452,-5453,5453]],[[5454,5454,5454]],[[5455,-5456,5456]],[[5457,-5458,5458]],[[5459,5459,5459]],[[5460,5461]],[[5462]],[[5463,5464,5465]],[[5466,5467,5468,-5458]],[[5469,5469,5469]],[[5470,5470,5470]],[[5471,5472]],[[5473,5466,5474,-5467]],[[5475]],[[5476,5441,5477,5478,5479]],[[5480]],[[5481,5482]],[[5483,5484,5485]],[[5486,-5487,5487]],[[5488,5488,5488]],[[5489,5490,-5490]],[[5486,5491]],[[5492,5492,5492]],[[5493,5494]],[[5495]],[[5496,-5497,5497]],[[5498,5499]],[[5500,-5501,5501]],[[5502,5503]],[[5504]],[[5505,5506,-5507,-5506,5507,-5508]],[[5508,5509,5510]],[[5511,5512]],[[5513]],[[5514,5514,5514]],[[5515]],[[5516]],[[5517]],[[5518]],[[5519,5520]],[[5521,-5522]],[[5522,5522,5522]],[[5519,5523,5524]],[[5525,-5526,5522]],[[5526,-5527,5527]],[[5528,5529]],[[5530,-5531,5531]],[[5532]],[[5533,5533,5533]],[[5530,5534,5535,-5535,-5531]],[[5536]],[[5537,-5538,5533]],[[5538]],[[5539,5539,5539]],[[5540,5541]],[[5542,-5543,5543]],[[5544]],[[5545,5546]],[[5547,-5548,5548]],[[5549,-5550,5550]],[[5551]],[[5552,5553,5554]],[[5555]],[[5556]],[[5557]],[[5558]],[[5559,-5560,5560]],[[5561]],[[-5560,5562,5563,5564,-5564]],[[5565,5566,-5567,-5566]],[[5567]],[[5568,5568,5568]],[[5569]],[[5570]],[[5571,-5572,5572]],[[5571,-5572,5572]],[[5573,5574,5575]],[[5576]],[[5577,5578]],[[5579,5579,5579]],[[5579,5579,5579]],[[5580]],[[5581]],[[5582]],[[5583,-5584,5584,-5585]],[[5585,5586]],[[5587,5588,5589]],[[5590,-5591,5591]],[[5592]],[[5593]],[[5594,5595,-5584,5596,5597,5598,-5590,5599]],[[5600,5601]],[[5602]],[[5603]],[[5604]],[[-5595,5605]],[[5606,5606,5606]],[[5607,5608]],[[5609]],[[-5608,5610,5611,5612,5613,-5574,5614,-5576,5575,5615,-5554,5616,5617,5618,5619,-5550,5620,-5548,5621,5622,5623,5624,-5507,5625,-5501,5500,-5501,5626,5627,5496,5628,-5629,5628,5629,5630,5631,5632,5633,-5450,5634,5635,5427,5636,5637,5638,5379,5639,5376,5640,5641,5642,-5333,5643,5644,5645,5646,5647,5648,5649,-5286,5650,5651,5652,-5243,5653,5219,5654,-5210,-5196,5213,5655,5656,5657,5658,5659,5660,-5247,5661,-5249,5662,5663,5664,5665,5666,5667,-5306,5668,5669,5670,5671,5672,5673,5358,5674,5675,5317,5676,5677,-5293,5678,5679,5680,5681,-5406,5682,5683,-5472,5684,-5487,5685,5463,-5464,5686,5687,5688,-5440,5689,5690,-5420,-5416,5691,5692,5693,5694,5417,5695,5696,-5436,5697,5698,5698,5699,5700,5701,5702,-5703,5702,-5703,5703,5704,-5469,5705,-5509,5706,5707,5708,5709,5542,5710,5711,5712,5713,5559,5565,-5566,5565,5714,5715,5716,5717,5718,5719,5720,5721,-5599,5722,5723,-5597,5724,5725]],[[5726]],[[5727,5727,5727]],[[5728,-5729,5729]],[[5730,5730,5730]],[[5731,-5732,5732]],[[5733,-5734,5734]],[[5735,-5736,5729]],[[-5736,5735,5736,5737,5738]],[[5739,5739,5739]],[[5740,5741,-5729,5728,5742,5743,-5739,5744,5745]],[[5746,5747]],[[5748]],[[5748]],[[5749]],[[5750,5751]],[[5752,5752,5752]],[[5752,5752,5752]],[[5753]],[[5752,5752,5752]],[[5754,-5755,5755]],[[5756,5756,5756]],[[5756,5756,5756]],[[5757,5757,5757]],[[5758]],[[5757,5757,5757]],[[5759]],[[5760]],[[5760]],[[5760]],[[5761]],[[5762,-5763,5763]],[[5764,5764,5764]],[[5763,5763,5763]],[[5765,-5766,5766]],[[-5766,5767,5768,5769]],[[-5769,5768,5770]],[[5771,5771,5771]],[[5772,5772,5772]],[[5772,5772,5772]],[[5773,5773,5773]],[[5774,5774,5774]],[[5775,-5776,5773]],[[5776,5777]],[[5778]],[[5779]],[[5780,5781]],[[5782]],[[5783,5784]],[[5785,5786,5787,-5784]],[[5788,-5789,5789]],[[5790,-5791,5791]],[[5792,5793]],[[5794]],[[5795]],[[5796,5797]],[[5796,5797]],[[5798]],[[5799,5799,5799]],[[5800,-5801,5799]],[[5801]],[[5802]],[[5803]],[[5804,5805]],[[5806]],[[5807]],[[5808,-5809,5809]],[[-5809,5808,5810]],[[5811,5810]],[[5812]],[[5813,5814,5815]],[[5816]],[[5816]],[[5817,5818]],[[5819,-5820,5815,-5816]],[[5820]],[[5821]],[[5822,5818]],[[5821]],[[5823]],[[5824,5824,5824]],[[5825,-5826,5824]],[[5821]],[[5826]],[[5827,-5828,5828]],[[5829]],[[5830]],[[5831,5831,5831]],[[5832,-5833,5833]],[[5834,-5835,5835]],[[5831,5831,5831]],[[5829]],[[5836,5836,5836]],[[5836,5836,5836]],[[5837]],[[5829]],[[5838]],[[5839]],[[5840,-5841,5841]],[[5842,5834,5843,5844]],[[5845,5845,5845]],[[5846,5847]],[[5848,5848,5848]],[[5849,5849,5849]],[[5850]],[[5851,5851,5851]],[[5852,5853]],[[5854]],[[5855,-5856]],[[5856,5856,5856]],[[5857,5857,5857]],[[5858]],[[5859]],[[5860]],[[5861,-5862,5862]],[[5863]],[[5864,5864,5864]],[[5865]],[[5866,5866,5866]],[[5865]],[[5867]],[[5868,-5869,5869]],[[5870,5871]],[[5872]],[[5873,5874,5875]],[[5876]],[[5877]],[[5878,-5879,5879]],[[5880,5881,5882,5883]],[[5884,5884,5884]],[[5885,-5886,5886]],[[5887,5888]],[[5884,5884,5884]],[[5888,5888,5888]],[[5889]],[[5888,5888,5888]],[[5886,5886,5886]],[[5890,5891]],[[5892]],[[5893,-5894,5894]],[[5895,-5896,5896]],[[5897]],[[5898,5898,5898]],[[5899,5899,5899]],[[5900]],[[5901,5901,5901]],[[5902,-5903,5901]],[[5903]],[[5904]],[[5905]],[[5906,5907]],[[5908,5908,5908]],[[5909,5910]],[[5911]],[[5912,5912,5912]],[[5913]],[[5914,-5915,5915]],[[5916,5916,5916]],[[5917]],[[5918,-5919,5919]],[[5920,-5921,5921]],[[5922]],[[5923]],[[5924,5924,5924]],[[5925]],[[5926]],[[5927]],[[5928]],[[5929,5929,5929]],[[5930]],[[5931]],[[5932,5932,5932]],[[5933,-5934,5934]],[[5932,5932,5932]],[[5935,-5936,5936]],[[5937,-5938,5938]],[[5939,5939,5939]],[[5940]],[[5938,5938,5938]],[[5941]],[[5942,5943]],[[5943,5943,5943]],[[5944,5944,5944]],[[5945]],[[5946,5947]],[[5947,5947,5947]],[[5948,5948,5948]],[[5949]],[[5950,-5951,5948]],[[5951,5952,-5953]],[[5953,5953,5953]],[[5954,5953]],[[5955,-5956,5956]],[[5957,5957,5957]],[[5958]],[[5958]],[[5959,5960,5961,5962]],[[5963,-5964,5964]],[[5965,5966]],[[5967]],[[5968]],[[5969,5969,5969]],[[5970,-5971,5971]],[[5972]],[[5973,5974]],[[5969,5969,5969]],[[5975,5976,5977]],[[5978,5978,5978]],[[-5978,5979]],[[5980,5981]],[[5982,-5983,5982,-5977,5983,5984]],[[5985,-5986,5986]],[[5987,-5988,5988]],[[-5986,5985,5989]],[[5989,5989,5989]],[[5990]],[[5991,-5992,5986]],[[5992,-5993,5993]],[[5994,5995,5996]],[[5997]],[[5998,5998,5998]],[[5998,5998,5998]],[[5999,5999,5999]],[[5993,5993,5993]],[[6000]],[[6001]],[[6002,6002,6002]],[[6002,6002,6002]],[[5999,5999,5999]],[[5998,5998,5998]],[[6003,-6004,6002]],[[6002,6002,6002]],[[6004,-6005,5999]],[[6002,6002,6002]],[[6005,-6006,6006]],[[6007,6007,6007]],[[6002,6002,6002]],[[6008,-6009,5993]],[[6008,-6009,5993]],[[6009,-6010,5999]],[[6009,6010,6011]],[[6012,-6013,6013]],[[6014,6015]],[[6016]],[[6017,6017,6017]],[[6018,6018,6018]],[[6019,-6020,6006]],[[6020,-6021,6018]],[[6018,6018,6018]],[[6021,6022]],[[-6011,6023,6024,6025]],[[6026]],[[6027,-6028,6028]],[[6029,-6030,6028]],[[6030]],[[6031,6032]],[[6033]],[[6034,6035,6036]],[[6037,6037,6037]],[[6038,6039]],[[6040,6040,6040]],[[6041,6042]],[[6043,6037]],[[6044]],[[6045]],[[-6037,6046,-6036,6047,6048,6049,6050]],[[6051]],[[6052]],[[6053]],[[6054,6055,6056,6057,6058,6059,-5971,5970,6060,6061,6062,-5951,6063,6064,6065,6066,-5921,6067,-5915,6068,6069,6070,6071,6072,6073,6074,5893,5895,6075,6076,6077,6078,5902,6079,-5910,5909,6080,6081,6082,6083,6084,6085,6086,-5934,6087,5937,6088,6089,6090,5946,6091,6092,-5996,6093,6094,-6026,6095,6096]],[[6097]],[[6098]],[[6099]],[[6100,6101]],[[6102]],[[6103,-6104,6104]],[[6103,6105,6106]],[[6107,6107,6107]],[[6108]],[[6109,-6110,6107]],[[6110]],[[6111]],[[6112,6112,6112]],[[6113,6113,6113]],[[6114]],[[6115,6115,6115]],[[6116,6116,6116]],[[6117,6118]],[[6119,6119,6119]],[[6120,6121]],[[6122,6123]],[[6124,-6125,6125]],[[6126]],[[6127]],[[6128,6129,6130]],[[6131]],[[6132,6133]],[[6134]],[[6135,6135,6135]],[[6136,-6137]],[[6137,-6138,6138]],[[6139,6139,6139]],[[6140,6141]],[[6142]],[[6143,6143,6143]],[[6144,-6145,6145]],[[6146,6147]],[[6143,6143,6143]],[[6143,6143,6143]],[[6148]],[[6149,-6150,6150]],[[6151,6151,6151]],[[6152,-6153,6151]],[[6153,6153,6153]],[[6154]],[[6155,6155,6155]],[[6156,6156,6156]],[[6157]],[[6158,6159]],[[6160,6160,6160]],[[6161,-6162,6162]],[[6163]],[[6164]],[[6165]],[[6166]],[[6167,-6168,6168]],[[6169,6167,6170,6171]],[[6171,-6172,6172]],[[6173,6174]],[[6175,6174]],[[6176,6176,6176]],[[6177,6178,-6178]],[[6179]],[[6180]],[[6181,6182]],[[6183,6184]],[[6185,-6186,6186]],[[6187]],[[6188,6189]],[[6190]],[[6191]],[[6192,-6193,6193]],[[6194,6195]],[[6196,6197]],[[6198]],[[6199,6200]],[[6200,6200,6200]],[[6201]],[[6202,6202,6202]],[[6203]],[[6204]],[[6205,-6206,6206]],[[6207]],[[6208]],[[6209,6209,6209]],[[6210,6210,6210]],[[6211,6212]],[[6213,-6214,6210]],[[6214,6214,6214]],[[6215]],[[6216]],[[6217,6218]],[[6219,6220]],[[-6220,6221,6222]],[[6223]],[[6224]],[[6225]],[[6226]],[[6227]],[[6228]],[[6229,6229,6229]],[[6230,6231,6232,6233,6234]],[[6235,6235,6235]],[[6236]],[[6237]],[[6238,6238,6238]],[[6239]],[[6240]],[[6241]],[[6242]],[[6243]],[[6244,-6245,6245]],[[6246]],[[6247,6247,6247]],[[6248]],[[6249]],[[6250]],[[6251]],[[6252]],[[6253,-6254,6254]],[[6255]],[[6253,6256,-6245,6257,6258,6259,6260,-6232,6261,6262,6263,6264,6265,-6206,6266,6267,6268,6269,6270,-6186,6271,-6171,6272,6273,-6162,6274,6275,6276,6277,6277,6278,6279,6152,6280,6281,6282,6283,6284,-6141,-6138,6285,-6125,6286,6287,6288,6289,6290,6291,6292,6293,6294,6295,6296,5754,6297,6298,6299,-5770,6300,6301,5775,-5778,6302,6303,-5884,6304,6305,-6107,6306,6307,6308,-6131,6309,-6130,6129,6310,6144,6311,6312,6313,6314,6315,-6178,6316,6317,6318,6319,6320,6192,6321,6322,6323]],[[6324]],[[6325]],[[6326]],[[6327]],[[6328]],[[6329]],[[6330]],[[6331]],[[6332]],[[6333,6333,6333]],[[6334]],[[6335,6336]],[[6337,6338]],[[6339]],[[6340,6341,6342]],[[6343]],[[6344]],[[6345]],[[6346]],[[6347,6348]],[[6349]],[[6350]],[[6351]],[[6352,6353]],[[6354]],[[6355,6355,6355]],[[6356,6357]],[[6358]],[[6359,-6360,6360]],[[6361,-6362,6362]],[[6363,6362]],[[6364,-6365]],[[6365,6366]],[[6367,6367,6367]],[[6368,-6369,6369]],[[6370]],[[6371,6372,6373,6374]],[[-6369,-6375,6375,6376]],[[6377,6377,6377]],[[6378,6378,6378]],[[6379,6379,6379]],[[6378,6378,6378]],[[6380]],[[6381]],[[6382,6383,6384]],[[6385,-6386,6386]],[[6387,6388]],[[6389,6389,6389]],[[6390]],[[6389,6389,6389]],[[6391,-6392,6389]],[[6391,-6392,6389]],[[6392,6393,6394]],[[6395,6395,6395]],[[-6393,6392,6396]],[[6397]],[[6398,6399]],[[6400,6401]],[[6402]],[[6403,-6404,6404]],[[6405,-6406,6406]],[[6407,6407,6407]],[[6408,-6409,6409]],[[6410,6410,6410]],[[6411,6408,6412,6413]],[[6414,-6415,6415]],[[6416,6416,6416]],[[6413,-6414,6417]],[[6407,6407,6407]],[[6410,6410,6410]],[[6418,-6419,6419]],[[6407,6407,6407]],[[6420,-6421,6421]],[[6422,-6423,6423]],[[6416,6416,6416]],[[6424,6424,6424]],[[6423,6423,6423]],[[6415,6415,6415]],[[6414,6425,6426]],[[6427,-6427,6428,6429]],[[6430,6431]],[[6432,-6433,6433]],[[6434,-6435,6435]],[[6436,6436,6436]],[[6437,6438,-6431]],[[6439]],[[6440]],[[6441,6441,6441]],[[6442,6442,6442]],[[6443,6444]],[[6445,6446]],[[-6446,6445,6447]],[[6448]],[[6449]],[[6450,6447]],[[-6446,6451,6452,6453]],[[6454]],[[6455,-6456,6456]],[[6457,-6458,6456]],[[6458]],[[6459]],[[-6452,6460,6461,-6462,6462,6463]],[[6464]],[[-6456,6455,6465]],[[6466,-6467,6467]],[[6468,-6469,6469]],[[6467,6467,6467]],[[6470]],[[6471,-6472,6472]],[[6473,-6474,6472]],[[6474]],[[6475,-6476,6469]],[[6476,-6477,6477]],[[6478]],[[6479,-6480,6480]],[[6473,-6474,6472]],[[6481,6482]],[[6483,-6484,6484]],[[6485,6485,6485]],[[-6464,-6480,6486,6487]],[[6488,6488,6488]],[[6489,6489,6489]],[[6490,-6491,6490,-6491]],[[6491,6491,6491]],[[6492,6493]],[[6494,-6495,6495]],[[6496]],[[6497]],[[6498,6498,6498]],[[6499,6499,6499]],[[6500,6501]],[[6502]],[[6503,6504]],[[6505,6504]],[[6506]],[[6507,6507,6507]],[[6508,6508,6508]],[[6509]],[[6510,6510,6510]],[[6510,6510,6510]],[[6511,6512]],[[6513,-6514,6510]],[[6514]],[[6515,6515,6515]],[[6515,6515,6515]],[[6516,6516,6516]],[[6517]],[[6518,6519,6520,6521]],[[6522]],[[6523,6523,6523]],[[6524,6524,6524]],[[6525,6525,6525]],[[6526]],[[6526]],[[6527]],[[6528,-6529,6529]],[[6530,6530,6530]],[[6531]],[[6532,6533]],[[6534]],[[6535]],[[6536]],[[6537,6538]],[[6539]],[[6540,6541]],[[6542,6542]],[[6543,6543,6543]],[[6544,-6545,6543]],[[6545,6546]],[[6547]],[[6548]],[[6549,-6550,6550]],[[6551,6551,6551]],[[6552]],[[6553,-6554,6554]],[[6555,6556]],[[6557,-6558,6558]],[[6559,6560]],[[6561]],[[6562]],[[6563]],[[6564]],[[6565]],[[6566]],[[6567]],[[6568,6568,6568]],[[6569,-6570,6568]],[[6570,6570,6570]],[[6571,6572]],[[6573]],[[6574,6574,6574]],[[6574,6574,6574]],[[6575]],[[6576]],[[6577]],[[6578,-6579,6579]],[[6580,6581]],[[6582,6582,6582]],[[6583,6583,6583]],[[6584]],[[6585,6585,6585]],[[6586]],[[6587,6588]],[[6589,6589,6589]],[[6590,6590,6590]],[[6591,6591,6591]],[[6592,6592,6592]],[[6593,6594]],[[6595,6595,6595]],[[6595,6595,6595]],[[6596,6595]],[[6597,-6598,6595]],[[6598]],[[6599,6599,6599]],[[6600,6600,6600]],[[6601]],[[6602]],[[6603]],[[6604,6604,6604]],[[6604,6604,6604]],[[6605,6605,6605]],[[6606]],[[6607,6608]],[[6609]],[[6610]],[[6611]],[[6612,6613,6614]],[[-6614,6615]],[[6616,-6617,6617]],[[6618,-6619]],[[6619]],[[6620,-6621,6621]],[[6621,6621,6621]],[[6622,6620,6623]],[[6624,-6625,6625]],[[6626]],[[6627]],[[6628,6628,6628]],[[6629]],[[6630]],[[6631,-6632,6632]],[[6633]],[[6634]],[[6635,6635,6635]],[[6636]],[[6637]],[[6637]],[[6638]],[[6639]],[[6640,6640,6640]],[[6641]],[[6642,-6643,6643]],[[6644,6644,6644]],[[6645,6645,6645]],[[6644,6644,6644]],[[6644,6644,6644]],[[6646]],[[6647,-6648,6648]],[[6649,6650]],[[6651,6651,6651]],[[6652,-6653,6653]],[[6654,-6655,6653]],[[6655,6655,6655]],[[6656,6655]],[[6657,-6658,6658]],[[6659]],[[6660]],[[6661,6661,6661]],[[6662,6662,6662]],[[6663]],[[6664]],[[6665]],[[6666,6667,6668,6669]],[[-6667,6670,6671]],[[-6669,6672]],[[6673,6673,6673]],[[6674]],[[6675,-6676,6676,-6677]],[[6677]],[[6678,6679]],[[6680]],[[6681,6682,6683]],[[6684,6685]],[[6686]],[[6687]],[[6688,6688,6688]],[[6689,6689,6689]],[[6690,6691,6692]],[[6693,6693,6693]],[[6694]],[[6695,6696]],[[6697]],[[6698,6699]],[[6700]],[[6701,6701,6701]],[[6702,6701]],[[6703]],[[6704]],[[6704]],[[6705,6706]],[[6707]],[[6708,6709]],[[6710]],[[6711]],[[6712,6713]],[[6714]],[[6715,6716,6717]],[[6718,6718,6718]],[[6719,6719,6719]],[[6720]],[[6721,6721,6721]],[[6722]],[[6723]],[[6724]],[[6725,-6726,6726]],[[6727,-6728,6726]],[[6728,6728,6728]],[[6729,6729,6729]],[[6730,-6731,6728]],[[6731]],[[6732,6733]],[[6734,-6735,6735]],[[6736]],[[6737,6737]],[[6738]],[[6739,6740]],[[6741]],[[6742,6743,6744]],[[6745,6745,6745]],[[6746]],[[6747]],[[6748]],[[6749,6749,6749]],[[6750]],[[6751,-6752,6752]],[[6753]],[[6754]],[[6755,6756]],[[6757,6758,6759]],[[6760]],[[6761]],[[6762]],[[6763]],[[6764]],[[6765]],[[6766]],[[6767]],[[6768,6769,6770]],[[-6770,6771]],[[6772,6772,6772]],[[6773]],[[6774,6775,6776,6734,-6733,6777,6778,6779,6780,6781,6782,-6713,6783,6784,6785,-6696,6786,6787,6788,-6692,6789,6790,6678,6791,6792,6676,6793,6794,6795,-6671,6796,6797,6798,-6658,6799,6800,6801,-6648,6647,-6648,6802,6803,6804,-6643,6805,6806,6807,-6632,6808,6809,6810,6811,6812,6813,-6608,6814,6815,6816,6817,6818,6819,6820,6821,-6550,6822,6823,6824,6825,6826,-6393,-6395,6827,-6392,6828,6829,6830,6831,6832,-6376,6833,6834,6835,-6385,6836,6837,6838,6839,6840,6841,-6413,6842,6843,-6401,6403,-6404,6844,6845,6846,6429,-6430,-6429,-6426,6847,6848,6849,6850,6851,6852,-6435,6434,6853,6854,6855,6856,6857,6483,6858,6859,6860,6476,6861,6862,6863,6863,-6487,6864,6865,6866,6867,6868,6869,6870,6871,6494,6872,6873,6874,6875,6876,6877,6878,-6521,6879,6880,6881,6882,6528,6883,6884,6885,6886,6887,6888,6889,6890,6891,6892,6893,6894,6895,6553,6896,6897,6898,6569,6899,6900,6901,6902,6903,-6579,6904,6905,6906,6907,6908,6909,6910,6911,6912,6913,6914,6915,6916,6917,6918,6919,6920,6921,6922,6923,6924,6925,6925,-6683,6926,6927,6928,6929,-6707,6930,6931,-6717,6932,6933,-6728,6934,6935,6936,6937,6938,-6740,6739,-6740,6939,6940,-6745,6941,-6752,6942,6943,6944,6945,6946,6947]],[[6948,6949,-6950]]],"properties":{"namekana":"いずしょとう","name":"伊豆諸島","code":"9132","EEW_CODE":"9132"}},{"type":"MultiPolygon","arcs":[[[6950]],[[6951,6951,6951]],[[6952,6952,6952]],[[6953]],[[6954]],[[6955]],[[6956]],[[6957]],[[6958,-6959,6959]],[[6960,6960,6960]],[[6961,6961,6961]],[[6962,6963]],[[6964,6964,6964]],[[6965,6966]],[[6967,6967,6967]],[[6968]],[[6969,6970,6971]],[[6972,6972,6972]],[[6973,-6974,6974]],[[6975,6975,6975]],[[6975,6975,6975]],[[6976,-6977,6975]],[[6977]],[[6978,6978,6978]],[[6979,6979,6979]],[[6980,6979]],[[6981]],[[6982]],[[6983,-6984,6984]],[[6985]],[[6986]],[[6987]],[[6988]],[[6989,6989,6989]],[[6990,6990,6990]],[[6991,6991,6991]],[[6992,6993]],[[6994,6994,6994]],[[6995]],[[6996]],[[6997]],[[6998]],[[6999,6999,6999]],[[7000,7000,7000]],[[7001]],[[7002]],[[7003]],[[7004]],[[7005,7005,7005]],[[7006,-7007,7005]],[[7007,7007,7007]],[[7008,7008,7008]],[[7009,7009,7009]],[[7010,7010,7010]],[[7011,7011,7011]],[[7012]],[[7013]],[[7014,7015]],[[7016,7016,7016]],[[7017]],[[7018,-7019,7019]],[[7020,7021]],[[7022]],[[7023]],[[7024]],[[7025]],[[7026]],[[7027,7027,7027]],[[7028,7029]],[[7030,7031]],[[7032]],[[7033,7033,7033]],[[7034,7035]],[[7036]],[[7037]],[[7038]],[[7039,7039,7039]],[[7040,7040,7040]],[[7041,7042]],[[7043]],[[7044]],[[7045]],[[7046]],[[7047,7048,7049,-7035,7050,7051,7052,7053,7054,7055,7056,7057,7058,7059,7060,7061,7062,7063,7064,7065,7066,7067,6973,7068,7069,6958,7070,7071,7072,7073,7074,7075,7076,-6972,7077,6983,7078,7079,7080,7081,7082,7083,7084,7085,7086]],[[7087]],[[7088]],[[7089]],[[7090]],[[7091]],[[7092]],[[7093]],[[7094]],[[7095]],[[7096]],[[7097,7098]],[[7099]],[[7100]],[[7101,7102,7103,7104]],[[7105]],[[7106,-7107,7098]],[[7107,-7108,7108]],[[7109,7106,7110,-7103]],[[7111]],[[7112,7112,7112]],[[7113]],[[7114]],[[7115]],[[7116]],[[7117]],[[7118,7118,7118]],[[7119,7119,7119]],[[7120,7121]],[[7122]],[[7123]],[[7124]],[[7125]],[[7126]],[[7127]],[[7128]],[[7129]],[[7130,7131]],[[7132]],[[7133]],[[7134]],[[7135]],[[7136]],[[7137]],[[7138]],[[7139]],[[7140]],[[7141,-7142,7142]],[[7143,-7144,7144]],[[7144,7144,7144]],[[7145,7146]],[[7147]],[[7148,-7149,7149]],[[7150]],[[7151]],[[7152]],[[7153,7154]],[[7155,7156]],[[7157]],[[7158]],[[7159,7160]],[[7161]],[[7162]],[[7163]],[[7164,7164,7164]],[[7165]],[[7166]],[[7167]],[[7168,7169]],[[7170]],[[7171,7172]],[[7173]],[[7174,7175]],[[7176]],[[7177]],[[7178]],[[7179]],[[7180]],[[7181]],[[7182]],[[7183]],[[7184,-7172,7185,-7169,7186,7187,7188]],[[-7189,7189,7190]],[[7191]],[[7192]],[[7193]],[[7194]],[[7195]],[[7196,7197]],[[7198,7199]],[[7200,7199]],[[7201]],[[7202,7203]],[[7204,7205,7206,7207,7208,-7108,7209,-7105,7210,-7161,7211,7212,7213,7214,-7198,7197,-7198,7215,7216,7217]],[[7218,7219]],[[7220]],[[-7220,7221]],[[7222]],[[7223]],[[7224,7225]],[[7226,7225]],[[7227]],[[7228,7229]],[[7230,-7231,7231]],[[7232,7232,7232]],[[7233,-7234,7231]],[[7234,7235]],[[7236]],[[7237]],[[7238]],[[7239]],[[7240]],[[7241]],[[7242]],[[7243]],[[7244,7244,7244]],[[7245]],[[7246,7246,7246]],[[7247,7247,7247]],[[7248,7248,7248]],[[7249]],[[7250,7251]],[[7252,7253]],[[7254,-7255,7255]],[[7256]],[[7257,7257,7257]],[[7258]],[[7259]],[[7260,7260,7260]],[[7261,7262]],[[7263]],[[7264]],[[7265]],[[7266,7266,7266]],[[7267,7268,7269,7270,7271,7272,-7255,7273,-7253,7274,7275,7276,7277,7278,7279,7280]],[[7281,7282]],[[7283,7284]],[[-7284,7285]],[[7286]],[[7287]],[[7288]],[[7289]],[[7290]],[[7291]],[[7292]],[[7293]],[[7294,7295]],[[7296]],[[7297]],[[7298]],[[7299,-7300,7300]],[[7301]],[[7302]],[[7303,7304,7305,7306]],[[7307,7308]],[[7309,7310]],[[7311,-7312,7312]],[[7313,7314,7315,7311,7316]],[[7317,-7305,7318]],[[7319]],[[7320]],[[7321]],[[7322]],[[7323,7324]],[[7325]],[[7326]],[[7327]],[[7328,7329,7330]],[[7331]],[[7332,7332,7332]],[[7333,7334]],[[-7330,7335,7336]],[[7337]],[[7338]],[[7339]],[[7340]],[[7341,7341,7341]],[[7342]],[[7343,-7344,7344]],[[7345]],[[7346,7346,7346]],[[7347,-7348,7348]],[[7349]],[[7350]],[[7351,7351,7351]],[[7352,-7353,7353]],[[7354]],[[7355]],[[7354]],[[7356]],[[7357]],[[7358]],[[7359]],[[7360]],[[7361]],[[7362]],[[7363]],[[7364,7364,7364]],[[7365]],[[7366]],[[7367]],[[7368,-7369,7369]],[[7370]],[[7371]],[[7372]],[[7373]],[[7374]],[[7375]],[[7376]],[[7377,-7378,7378]],[[7379]],[[7380]],[[7381,-7382,7382]],[[7383]],[[7384]],[[7385]],[[7386]],[[7387]],[[7388]],[[7389]],[[7390,-7391,7391]],[[7392]],[[7393]],[[7394]],[[7395]],[[7396,7397]],[[7398]],[[7399]],[[7400,7401]],[[7402,7403,-7391,7404,-7382,7405,7406,7407,7408,7409,7347,7410,7411,7368,7412,7413,7414,7415]],[[7416]],[[7417]],[[7418]],[[7419]],[[-7415,7420,7421]],[[-7403,7422,7423]],[[7424]],[[7425]],[[7426]],[[7427]],[[-7353,7428,7429,-7308,7430,7431,7432,-7314,7433,7434,7435]],[[7436]],[[7437]],[[7438]],[[7439]],[[7440]],[[7441]],[[7442]],[[7443,7443,7443]],[[7444]],[[7445]],[[7446,-7447,7447]],[[7448]],[[7449]],[[7450,7451]],[[7452]],[[7453,7454]],[[7455]],[[7456,-7457,7457]],[[7458]],[[7459]],[[7460]],[[7461,7462]],[[7463]],[[7464]],[[7465]],[[7466]],[[7467]],[[7468]],[[7469]],[[7470]],[[7471]],[[7472]],[[7473]],[[7474,-7475,7475]],[[7476]],[[7477]],[[7478]],[[7479]],[[7480]],[[7481]],[[7482]],[[7483]],[[7484]],[[7485,7486]],[[7487]],[[7488]],[[7489,7490,7474,7491,7492,7493,7494,7495,-7454,7496,7497,7498]],[[7499,-7500,7500]],[[7501]],[[7502,7503]],[[7504]],[[7505,7506,7507,-7500,7508,-7490,7509]],[[7510]],[[7511,7512,7513]],[[7514]],[[7515,7516]],[[7517,-7516]],[[7518]],[[7519]],[[7520]],[[7521]],[[7522]],[[7523]],[[7524]],[[7525]],[[7526]],[[7527]],[[7528,-7529,7529]],[[7530,7531]],[[7532]],[[7533]],[[7534,7535]],[[7536]],[[7537,7538]],[[7539]],[[-7538,7540]],[[7541]],[[7542,7543]],[[7544]],[[7545]],[[7546]],[[7546]],[[7547,7548,-7549]],[[7549]],[[7550]],[[7551]],[[7552]],[[7553]],[[7554,7554,7554]],[[7555]],[[7556]],[[7557,7557,7557]],[[7558,7559]],[[7560]],[[7561]],[[7562,7563,-7535,7564,7565]],[[7566,7567]],[[7566,-7567,7568]],[[7569,7570]],[[7571]],[[7572]],[[7573]],[[7574]],[[7575,7575,7575]],[[7576,-7577,7577]],[[7578,-7579,7575]],[[7579,-7580]],[[7580]],[[7581]],[[7582]],[[7583]],[[7584]],[[7585]],[[7586,7586,7586]],[[7587,7588]],[[7589]],[[7590]],[[7591]],[[7592]],[[7593,7594]],[[7595,7595,7595]],[[7596]],[[7597]],[[7598]],[[7599]],[[7600]],[[7601]],[[7602,7602,7602]],[[7603,7602]],[[7604]],[[7605,7605,7605]],[[7606,7606,7606]],[[7607]],[[7608,-7609,7605]],[[7609,7610,-7611,-7610]],[[7611,-7612,7612]],[[7613,-7614,7614]],[[7615,-7616,7616]],[[7617,7618,7619,7620]],[[7621,7621,7621]],[[7622,7623]],[[7624,7621]],[[7621,7621,7621]],[[7625,7626]],[[7627]],[[7628,7628,7628]],[[7629]],[[7630,7631,7632]],[[7633,7634]],[[7635]],[[7636,7636,7636]],[[7637]],[[7638,7639,-7640,-7639]],[[7640]],[[-7634,7641]],[[7642]],[[7643]],[[7644,7645]],[[7646,7645]],[[7646,7645]],[[7647,7648]],[[7649]],[[7646,7645]],[[7650,7650,7650]],[[-7640,7651,7652,7653]],[[7654]],[[7655,7655,7655]],[[7656,7656,7656]],[[7657,7658]],[[7659]],[[7660]],[[7661]],[[7662,7663]],[[7664,7665,7666]],[[7667]],[[7668,7668,7668]],[[7669]],[[7670,7670,7670]],[[7671,-7672,7672]],[[-7672,7671,-7672,7671]],[[7673]],[[7674,7674,7674]],[[7675,-7676]],[[7676,7676,7676]],[[7676,7676,7676]],[[7677,7677,7677]],[[7678]],[[7679,7680]],[[7681]],[[7682,7683]],[[7684,7685]],[[7686,7686,7686]],[[7687]],[[7688,-7689,7688,7689,7690,7691,7692,7693,7694,7695,7696,7697,7698,7699,-7667,7700]],[[7701]],[[-7689,7702]],[[7703,7703,7703]],[[7704,7705,7706]],[[7707]],[[7708]],[[7708]],[[7709,-7710,7710]],[[7709,7711,-7712,-7710]],[[7712,7712,7712]],[[7713,7714]],[[7715,-7716,7716]],[[7717,7717,7717]],[[7718,7719,7720,7721]],[[-7722,7721,7722]],[[7723,7723,7723]],[[7724]],[[7725]],[[7726,7727]],[[7728,7728,7728]],[[7729,7730]],[[7731]],[[7732]],[[7733,-7734,7734]],[[7735,7735,7735]],[[7736]],[[7737]],[[7738]],[[7739,7740]],[[7741,7742]],[[7743,7744,-7664,7745,7746,7747]],[[7748]],[[7749,7750,7751,7752,7753,7754]],[[7755]],[[7756]],[[7757,7757,7757]],[[7758,-7759,7757]],[[-7751,7759,7760,7761]],[[7762,7762,7762]],[[7763]],[[7764]],[[7765]],[[7766,7766,7766]],[[7767]],[[7768]],[[7769]],[[7770]],[[7771,-7772,7772]],[[7773,7773,7773]],[[7774,-7775,7775]],[[7776,-7777]],[[7777,-7778,7773]],[[7778]],[[7779,-7780,7780]],[[7781,-7782,7782]],[[7783,-7784,7784]],[[7785]],[[7786,7786,7786]],[[7787,7787,7787]],[[7786,7786,7786]],[[7788,7789]],[[7790,7790,7790]],[[7791,7792,7793,7794]],[[7795,7795,7795]],[[7796,7797,7798]],[[7799,7800]],[[7799,-7800,7801]],[[7802,7802,7802]],[[7803,7802]],[[7804]],[[7805]],[[7806]],[[7807]],[[7808,7809]],[[7810,7810,7810]],[[7811]],[[7812,-7813,7810]],[[7813]],[[7814,-7815,7810]],[[7815]],[[7816,7816,7816]],[[7817]],[[7818]],[[7819,7819,7819]],[[7820]],[[7821]],[[7822,-7823,7823]],[[7824,7825,7826]],[[7827,7828]],[[7829,7830,7831]],[[7832]],[[7833]],[[7834,7835]],[[-7831,7830,-7831,-7830,7829,7836]],[[7837]],[[7838,7839]],[[7840,-7841,7841]],[[7840,-7841,7841]],[[7842]],[[7843]],[[7844,7844,7844]],[[7844,7844,7844]],[[7845,7846]],[[7847,7848,7849,7845,-7846,7850,-7848]],[[7851,-7852,7852]],[[-7852,7851,7853]],[[7854]],[[7855,7855,7855]],[[7856,-7857,7857]],[[7858]],[[7859]],[[7860]],[[7861]],[[7862]],[[7863,7864]],[[7865,7866]],[[7867,7867,7867]],[[7868]],[[7869]],[[7870,7870,7870]],[[7871,7871,7871]],[[7872,7872,7872]],[[7873]],[[7874]],[[7875]],[[7876,7876,7876]],[[7877,7877,7877]],[[7878,-7879,7879]],[[7879,7879,7879]],[[7880,7880,7880]],[[7881,-7882,7882]],[[7883,7884,7885]],[[7886,-7887,7882]],[[7887,-7888,7888]],[[7889,7889,7889]],[[7890,-7891,7891]],[[7892,-7893,7893]],[[7894,-7895,7888]],[[7895]],[[7896,-7897,7897]],[[7898,7899,7896,7900]],[[7901,7901,7901]],[[7902,7903]],[[7904,-7905,7905]],[[7906]],[[7907]],[[7908,7909]],[[7910,-7911,7911]],[[7912]],[[7913]],[[7914,7914,7914]],[[7915]],[[7916]],[[7917]],[[7918,7918,7918]],[[7919,-7920,7920]],[[7921,-7922,7920]],[[7922,-7923,7923]],[[7923,7923,7923]],[[7924,7924,7924]],[[7922,7925,7926]],[[7927,7927,7927]],[[7928,-7929,7929]],[[7930,7930,7930]],[[7931]],[[7932,7932,7932]],[[7933,7934]],[[7935,7935,7935]],[[7935,7935,7935]],[[7936]],[[7935,7935,7935]],[[-7934,7933,7937]],[[7935,7935,7935]],[[7938,7938,7938]],[[7939,7940]],[[7941,-7942,7942]],[[7943,-7944,7944]],[[7945,7945,7945]],[[7946,-7947,7947]],[[7948,7949]],[[7947,7947,7947]],[[7950]],[[7951]],[[7952,7953]],[[7954,7945]],[[7955,-7956,7954]],[[7956,-7957,7957]],[[7958,7958,7958]],[[7959]],[[7960]],[[7961]],[[7962]],[[7963,7963,7963]],[[7964,-7965,7965]],[[7964,-7965,7965]],[[7966,7967,-7968]],[[-7965,7968,7969]],[[7970]],[[7971,7971,7971]],[[7972,7972,7972]],[[7970]],[[7973,7974,7975]],[[7976]],[[7977,7977,7977]],[[7978,-7979,7977]],[[7979,7979,7979]],[[7980,7980,7980]],[[7981,7981,7981]],[[7982,-7983,7983]],[[7984,-7985,7985]],[[7986]],[[7987,7987,7987]],[[7988,-7989,7989]],[[7990,-7991,7987]],[[7991]],[[7992,-7993,7993]],[[7994]],[[7995,-7996,7996]],[[7997]],[[7998,-7999,7996]],[[7999,7999,7999]],[[8000]],[[8001,8001,8001]],[[8002,8002,8002]],[[8003]],[[8004,8004,8004]],[[8005,-8006,8002]],[[8006]],[[8004,8004,8004]],[[8007]],[[8008,8008,8008]],[[8009,8009]],[[8010,8010,8010]],[[8011,8011,8011]],[[8012,8012,8012]],[[8013,8013,8013]],[[8014,8014,8014]],[[8015]],[[8016]],[[8017,-8018,8018]],[[8018,8018,8018]],[[8019]],[[8020]],[[8021,-8022,8022]],[[8023,-8024,8024]],[[8025,8025,8025]],[[8026]],[[8027]],[[8028]],[[8029,-8030,8030]],[[8031,8032,8033]],[[8031,-8032,8034]],[[8035]],[[8036]],[[8031,-8032,8034]],[[8037,-8038,8038]],[[8039]],[[8038,8038,8038]],[[8040,8040,8040]],[[8041,8042,8043]],[[-8038,8037,8044]],[[8045]],[[8038,8038,8038]],[[8046,8046,8046]],[[8047]],[[8048,-8049,8049]],[[8050]],[[8051]],[[8052]],[[8053]],[[8054]],[[8055]],[[8056,8056,8056]],[[8057]],[[8058,-8059,8059]],[[8060,8060,8060]],[[8061,8062]],[[8063,8063,8063]],[[8064,8064,8064]],[[8065]],[[8066,8064]],[[8067]],[[8068,-8069,8069]],[[8070,8071]],[[8068,-8069,8069]],[[8072]],[[8073,-8074,8074]],[[8075,8075,8075]],[[8076,8077]],[[8077,8077,8077]],[[8078,8078,8078]],[[8079,8077]],[[8080,8080,8080]],[[8081,-8082,8082]],[[8080,8080,8080]],[[8083,8083,8083]],[[8084,8083]],[[8085]],[[8086,-8087,8087]],[[8088,8088,8088]],[[8089]],[[8090,8090,8090]],[[8091,8092]],[[8093,8093,8093]],[[8094,8095,8096,8097]],[[8098,8098,8098]],[[8098,8098,8098]],[[8099,8099,8099]],[[8100,8098]],[[8101]],[[8102]],[[8103,8103,8103]],[[8103,8103,8103]],[[8104,-8105,8103]],[[-8096,8105]],[[8106,8106,8106]],[[8107]],[[8108,-8109,8109]],[[8110]],[[8111]],[[8112]],[[8113]],[[8112]],[[8114,8114,8114]],[[8115,8115,8115]],[[8116,8117]],[[8118]],[[8119,8119,8119]],[[8120,-8121,8119]],[[8121,-8122,8117]],[[8122,8122,8122]],[[8123,8123,8123]],[[8124,8124,8124]],[[8123,8123,8123]],[[8125,8125,8125]],[[8126,-8127,8127]],[[8128,-8129,8125]],[[8128,-8129,8125]],[[8129]],[[8130,8130,8130]],[[8131]],[[8132,-8133,8133]],[[8134,8135,8132]],[[8136,8137,-8137,8138]],[[8139,8139,8139]],[[8139,8139,8139]],[[8140,8139]],[[8141,-8142,8142]],[[8143,-8144,8144]],[[8145,8145,8145]],[[8146,-8147,8147]],[[8148]],[[8147,8147,8147]],[[8149,8149,8149]],[[8150,-8151,8151]],[[8152,-8153,8153]],[[8154,8155]],[[8156,8156,8156]],[[8157,8157]],[[8158,8158,8158]],[[8159,8159,8159]],[[8160,8160,8160]],[[8161,8161,8161]],[[8162,8162,8162]],[[8163,8164]],[[8165,8165,8165]],[[8166]],[[8167]],[[8168,8168,8168]],[[8169]],[[8170,8171]],[[8172,8173]],[[8174]],[[8175]],[[8176]],[[8177]],[[8178,8178,8178]],[[8179,8179,8179]],[[8180,8181,-8182,-8181]],[[8182]],[[8182]],[[8183,8183,8183]],[[8184]],[[8183,8183,8183]],[[8185]],[[8186,-8187,8187]],[[8188,8188,8188]],[[8189,8190,8180,8181,8191,-8192,-8182]],[[8192,8192,8192]],[[8193,8193,8193]],[[8185]],[[8194,8194,8194]],[[8195,-8196,8196]],[[8197,8197,8197]],[[8198,-8199,8199]],[[8200]],[[8201,8202]],[[8203,-8204,8204]],[[8205]],[[8206]],[[8203,-8204,8204]],[[8207,-8204]],[[8208,8208,8208]],[[8209,-8210]],[[8210]],[[8211,8211,8211]],[[8212]],[[8213]],[[8214,8215]],[[8216,8217]],[[8218,8219]],[[8220,8220,8220]],[[8221]],[[8220,8220,8220]],[[8222]],[[8223]],[[8224]],[[8225]],[[8226,8226,8226]],[[8227,8227,8227]],[[8228,8229,8230,8231]],[[8232,-8233,8233]],[[8234,-8235,8235]],[[8236,-8237,8237]],[[8238,8238,8238]],[[-8232,8231,8239]],[[8240,-8241,8238]],[[8235,8235,8235]],[[8241]],[[8242,8243]],[[8244,8245]],[[8246]],[[8247,8248,8249,8250]],[[-8251,8251]],[[8252]],[[8253]],[[8254,-8255,8255]],[[8254,8256]],[[8257]],[[8258,8259]],[[8259,8259,8259]],[[8260,-8261,8261]],[[8261,8261,8261]],[[8262,-8263,8263]],[[8264,-8265,8265]],[[8266,8265]],[[8267,8267,8267]],[[8267,8267,8267]],[[8268,-8269,8269]],[[8270,8270,8270]],[[8271,-8272,8270]],[[8272,8273]],[[8274]],[[8275,8275,8275]],[[8276]],[[8277]],[[8278]],[[8279]],[[8280]],[[8281]],[[8282,8282,8282]],[[8283]],[[8284,-8285,8282]],[[8285,8285,8285]],[[8286,8286,8286]],[[8287]],[[8288,8288,8288]],[[8289,8289,8289]],[[8290,8290,8290]],[[8291,8288]],[[8292]],[[8293]],[[8294]],[[8295,8295,8295]],[[8296,8297,-8298,8298,8299]],[[-8298,-8297,8296,8300,8301]],[[8302,8302,8302]],[[8303,8303,8303]],[[8304]],[[8305,8305,8305]],[[8306,8307]],[[8308,8309,8310,8311]],[[-8310,8312]],[[8313,-8314,8314]],[[-8300,8315,8316,8317]],[[8318,8319]],[[8320]],[[8321,8321,8321]],[[8322,8323,-8324,-8323]],[[8323,-8324,8324]],[[8323,8325]],[[8326,8326,8326]],[[8327]],[[8328,8329]],[[8330,8331]],[[8332,8333]],[[8334,8335]],[[8336,8336,8336]],[[8337,-8338,8336]],[[8338,-8339,8339]],[[8340,8340,8340]],[[8341,8341,8341]],[[8342]],[[8343]],[[8344]],[[8345,8346]],[[8347]],[[8348]],[[8349]],[[8350,-8351,8351]],[[8352]],[[8352]],[[8353,8353,8353]],[[8353,8353,8353]],[[8353,8353,8353]],[[8354,-8355,8353]],[[8355,-8356,8356]],[[8357,-8358,8358]],[[8359,-8360,8353]],[[8360,-8361,8361]],[[8362,8362,8362]],[[8362,8362,8362]],[[8355,-8356,8356]],[[8363,-8364,8361]],[[8355,8364,8365,8366]],[[8367,8362]],[[8368,-8369,8369]],[[8370,8370,8370]],[[8370,8370,8370]],[[8371,8371,8371]],[[8372,-8373,8373]],[[-8366,8365,8374]],[[8375,8376]],[[8377,8378]],[[8379]],[[8380,8380,8380]],[[8381,-8382,8382]],[[-8376,8375,8380]],[[8383,8383,8383]],[[8384,8384,8384]],[[8385]],[[8386,8387,8388]],[[8381,8389,8390,8391]],[[8392]],[[-8391,8390,8393]],[[8394,-8395,8395]],[[8396,8396,8396]],[[8397,-8398,8396]],[[8398,8398,8398]],[[8398,8398,8398]],[[8399,8400,8401,8402]],[[8403]],[[-8403,8402,8404]],[[8405,8405,8405]],[[8406,8406,8406]],[[8405,8405,8405]],[[8407,8407,8407]],[[8405,8405,8405]],[[8408,8409,8410]],[[8411,-8412,8405]],[[8412,8412,8412]],[[8413,-8414,8414]],[[8414,8414,8414]],[[8415,8415,8415]],[[8416]],[[8415,8415,8415]],[[8417,8418]],[[-8419,8418,8415]],[[8419,8420]],[[8421,8421,8421]],[[8422]],[[8423,8423,8423]],[[8424,8425]],[[8426]],[[8427,8427,8427]],[[8428]],[[8425,8425,8425]],[[8429,8430]],[[8431,8431,8431]],[[8432]],[[8433]],[[8434]],[[8435,8436]],[[8437,8437,8437]],[[8438]],[[8439,8439,8439]],[[8440,8437]],[[8441,8441,8441]],[[8438]],[[8442,-8443,8441]],[[8443,8444]],[[8445]],[[8446]],[[8447,8447,8447]],[[8448,-8449,8449]],[[8450]],[[8451]],[[8452,-8453,8449]],[[8453,8454]],[[8455,-8456,8456]],[[8454,8454,8454]],[[8456,8456,8456]],[[8454,8454,8454]],[[8457,-8458,8458]],[[8459,8460]],[[8461,8461,8461]],[[8461,8461,8461]],[[8462]],[[8463]],[[8464,8464,8464]],[[8465]],[[8466]],[[8466]],[[8467]],[[8468,-8469,8469]],[[8470,8470,8470]],[[8468,8471,8472]],[[8473,8474,8475]],[[8476,8476,8476]],[[8477,-8478,8478]],[[8479]],[[8480,-8481,8481]],[[8482,8482,8482]],[[8483]],[[8484]],[[8485]],[[8486]],[[8487,8487,8487]],[[8488]],[[8489,8490]],[[8491]],[[8492,8492,8492]],[[8493,-8494,8494]],[[8495,8495,8495]],[[-8490,8496,-8497,8489]],[[-8494,8493,8497]],[[8498,8498,8498]],[[8499,-8500,8500]],[[8498,8498,8498]],[[8501,-8502,8500]],[[8502,-8503,8503]],[[8504,8504,8504]],[[8505]],[[8506]],[[8504,8504,8504]],[[8507,8507,8507]],[[8508,8509]],[[8510,8509]],[[8511,8507]],[[8512]],[[8513,8513,8513]],[[8514,8514,8514]],[[8515]],[[8514,8514,8514]],[[8515]],[[8516,8517]],[[8518,8518,8518]],[[8519]],[[8520,8520,8520]],[[8520,8520,8520]],[[8518,8518,8518]],[[8521,-8522,8520]],[[8522,8522,8522]],[[8523,-8524,8524]],[[8525,8525,8525]],[[8523,-8524,8524]],[[8526,8526,8526]],[[8527,-8528,8524]],[[8528,8528,8528]],[[8529]],[[8530,8530,8530]],[[8531]],[[8532]],[[8533]],[[8534,8535]],[[8536,-8537,8535]],[[8537]],[[8538,8538,8538]],[[8539,8540]],[[8541]],[[8542,8543,8544]],[[-8543,8542,8545]],[[8546,8547]],[[8548,-8549,8549]],[[8549,8549,8549]],[[8550,-8551,8551]],[[8552,-8553,8553]],[[8554,-8555]],[[8555,-8556,8556,8557,8558]],[[8559,8560,8561]],[[8562]],[[8563,8563,8563]],[[8564,-8565,8565]],[[8566,8567]],[[8568]],[[8569]],[[8570,8570,8570]],[[8571,8571,8571]],[[8570,8570,8570]],[[8572,8573]],[[8574]],[[8574]],[[8575,8575,8575]],[[8576]],[[8577]],[[8578]],[[8579]],[[8580]],[[8581]],[[8582,8583]],[[8584]],[[8585]],[[8586,-8587,8587]],[[8588,8588,8588]],[[8589,8590]],[[8591,8591,8591]],[[8592,8590]],[[8593,-8594,8594]],[[8595,8596]],[[8597,8598,8599]],[[8600]],[[8601,8601,8601]],[[8602,8603]],[[8603,8604]],[[8605,-8606,8606]],[[8607,8607,8607]],[[8608,8608,8608]],[[8609]],[[8610,8611,8612]],[[8613,-8614,8614]],[[8615,8615,8615]],[[8616,8616,8616]],[[8617]],[[8618]],[[8619]],[[8620]],[[8621]],[[8621]],[[8622]],[[8623]],[[8624,8625]],[[8626,8626,8626]],[[8627,8627,8627]],[[8626,8626,8626]],[[8628,8628,8628]],[[8629,8629,8629]],[[8630]],[[8628,8628,8628]],[[8631,8632,-8633]],[[8633,8634]],[[8635]],[[8635]],[[8636]],[[8637]],[[8638]],[[8639,8639,8639]],[[8640]],[[8641,8642]],[[8637]],[[8643]],[[8644,8645]],[[8646]],[[8645,8645,8645]],[[8647]],[[8648,8648,8648]],[[8649,8650,8651]],[[8652]],[[8653,8653,8653]],[[8654]],[[8655]],[[8656,8656,8656]],[[8652]],[[8657]],[[8658]],[[8659,8659,8659]],[[8660]],[[8661]],[[8660]],[[8662,8662,8662]],[[8663,8663,8663]],[[8664]],[[8665,8666]],[[8667,8667,8667]],[[8668,8668,8668]],[[8667,8667,8667]],[[8669,8669,8669]],[[8670]],[[8671,8672,-8673]],[[8672,8673]],[[8674,-8675]],[[8675,-8676,8676]],[[8677]],[[8678,8678,8678]],[[8678,8678,8678]],[[8678,8678,8678]],[[8679,8679,8679]],[[8680]],[[8681]],[[8682,-8683,8683]],[[8684]],[[8685,-8686,8686]],[[8687,8682,8688,8689]],[[8690]],[[-8690,8689,8691]],[[8685,8692]],[[8693,8694,-8695,-8694]],[[8695]],[[8684]],[[8696,8696,8696]],[[8697]],[[8698,8698,8698]],[[8699]],[[8700,8700,8700]],[[8701,8702,8703]],[[8704,8704,8704]],[[8705]],[[8706,8706,8706]],[[8707,8708]],[[8709,8706]],[[8710,8710,8710]],[[8711,8712,8713,8714]],[[-8715,8714,8715]],[[8716,8717,8718,8719]],[[8720,8720,8720]],[[8721,-8722,8722]],[[-8708,8723,-8713]],[[8724,8725]],[[8726]],[[8720,8720,8720]],[[8727,8727,8727]],[[8724,-8725,8728]],[[8713,-8714,8729]],[[8730,8729]],[[8731,8731,8731]],[[8732,8732,8732]],[[8733,-8734,8732]],[[8734]],[[8735,8736]],[[8737,-8738,8732]],[[8738,-8738]],[[8739,8739,8739]],[[8740]],[[8741,8741,8741]],[[8742,8743,-8744,8744,8745]],[[8746,8747]],[[8748,8748,8748]],[[8748,8748,8748]],[[-8748,8749,8750]],[[8751,8751,8751]],[[8752,8753]],[[8754]],[[8755]],[[8756,-8757,8757]],[[8758,8759,8760]],[[8761,8762]],[[8763,-8764,8764]],[[8765,8765,8765]],[[8766,-8767,8765]],[[8767,8767,8767]],[[8767,8767,8767]],[[8768,8768,8768]],[[8767,8767,8767]],[[8769,-8770,8770,-8771]],[[8771,8772,-8773,-8772]],[[8773,-8774,8774]],[[8775,8767]],[[-8771,8776,8777]],[[8778,8779]],[[8780]],[[8781,8781,8781]],[[8782]],[[8783,-8784,8784]],[[8785]],[[8786]],[[8787]],[[8788]],[[8789,-8790,8790]],[[8791,-8792,8792]],[[-8790,8789,8793]],[[8794,8794,8794]],[[8795]],[[8796,8796,8796]],[[8797]],[[8798,-8799,8792]],[[8799,-8792,8798,8800,8801,-8800]],[[8802,-8803,8803]],[[8804,8804,8804]],[[8805,-8806,8806]],[[8807,-8808,8804]],[[8808]],[[8809,8809,8809]],[[8810]],[[8811]],[[8812,8812,8812]],[[8813,8812]],[[8814]],[[8815]],[[8816,-8817,8817]],[[8818]],[[8819,8819,8819]],[[8820]],[[8821,-8822]],[[8822]],[[8823]],[[8824]],[[8825]],[[8826,8827]],[[8828]],[[8829,8829,8829]],[[8830,8831]],[[8832,8832,8832]],[[8833]],[[8834]],[[8835]],[[8836,8836,8836]],[[8837,-8838,8838]],[[8839]],[[8840,8840,8840]],[[8841,8842]],[[8843]],[[8844,8845]],[[8840,8840,8840]],[[8846,8846,8846]],[[8847]],[[8848,8848,8848]],[[8849,-8850,8848]],[[8850,8851]],[[8852,8852,8852]],[[8853,8853,8853]],[[8854]],[[8855,8856,8857,8858]],[[8859,8860]],[[8861]],[[8862,8862,8862]],[[8863,8864,8865]],[[8866]],[[8867]],[[8868,8868,8868]],[[8869,8870]],[[8871,8871,8871]],[[8872]],[[8873,-8874,8874,8875,8876,8873,-8874]],[[8877,8877,8877]],[[8878]],[[8879]],[[8880]],[[8881]],[[8882,8883,8884]],[[8885,8886]],[[8887]],[[8888]],[[8889,-8890,8890]],[[8891,-8892,8892]],[[8893,-8894,8894]],[[8895,8896]],[[8897,-8894,8898]],[[8899]],[[8900]],[[8901,8901,8901]],[[8902,8902,8902]],[[8903]],[[8904]],[[8905,8906]],[[8907]],[[8908,-8909,8909]],[[8910,-8911,8909]],[[8911,8911,8911]],[[8912,8912,8912]],[[8913,-8914,8914]],[[8915,8916,8913]],[[8917,8912]],[[8918]],[[8919]],[[8920,8921]],[[8921,8921,8921]],[[8922,8922,8922]],[[8923,8923,8923]],[[8924,8923]],[[8925]],[[8926,-8927,8927]],[[8928,8928,8928]],[[8929,8929,8929]],[[8930]],[[8931,8932]],[[8933,8933,8933]],[[8934,8934,8934]],[[8935]],[[8936,8937,8938]],[[8939,8939,8939]],[[8940,8940,8940]],[[8941,8942]],[[8943,-8944,8940]],[[8944]],[[8945]],[[8946,8946,8946]],[[8947,8948]],[[8949,8949,8949]],[[8950,-8951,8951]],[[8952]],[[8953,8954]],[[8955]],[[8956,8957]],[[8958,8958,8958]],[[8958,8958,8958]],[[8959,8959,8959]],[[8960]],[[8961,8961,8961]],[[8962,8962,8962]],[[8963,-8964,8964]],[[8965,8966]],[[8967,8967,8967]],[[8968,8968,8968]],[[8967,8967,8967]],[[8969,-8970,8968]],[[8970,8971]],[[8972,-8973,8968]],[[8973,-8971,8974,8975,8976]],[[8977,8977,8977]],[[8978,-8979,8979]],[[8980,8981]],[[8982,8982,8982]],[[8983,8983,8983]],[[8983,8983,8983]],[[8984,-8985]],[[8985,8986]],[[8987,8987,8987]],[[8988,8989]],[[8990,-8991,8991]],[[8992,8993]],[[8994,-8995,8995]],[[8996,-8997,8997]],[[8998,8998,8998]],[[8998,8998,8998]],[[8999,8999,8999]],[[9000,9000,9000]],[[9001,9001,9001]],[[-8995,8994,9002,-9003]],[[9003]],[[8997,8997,8997]],[[-8997,8996,9001]],[[9004,9005]],[[9006,9006,9006]],[[9007,-9008,9001]],[[9008]],[[9009,9009,9009]],[[9010]],[[9011,9011,9011]],[[9012]],[[9013,9011]],[[9014,9014,9014]],[[9015,9016]],[[9017]],[[9018]],[[9019,-9020,9014]],[[9020,9020,9020]],[[9021]],[[9022,9023]],[[9024,-9025,9025]],[[9026]],[[9027,9027,9027]],[[9028,9028,9028]],[[9029]],[[9030,9031]],[[9032]],[[9033,9033,9033]],[[9034,-9035,9035]],[[9036,-9037,9035]],[[9037]],[[9038]],[[9039,9039,9039]],[[9040]],[[9041,9041,9041]],[[9042]],[[9043,9043,9043]],[[9044]],[[9045,-9046,9046]],[[9047,-9048]],[[9048,-9049,9041]],[[9049,9050,9051,-9049]],[[9052,-9053,9053]],[[9050,-9051,9043]],[[9054,-9055,9055]],[[9056,9056,9056]],[[9057,9057,9057]],[[9058,9058,9058]],[[9059]],[[-9052,9060,9061]],[[9062,-9063,9063]],[[9064,-9065,9065]],[[9066,9066,9066]],[[9067]],[[9068]],[[9069,-9070,9070]],[[9062,9071,9072,-9063]],[[9073,9073,9073]],[[9073,9073,9073]],[[9074,-9075,9075]],[[9076,-9077,9077]],[[9078]],[[9079,9080]],[[9081,9081,9081]],[[9080,9080,9080]],[[9082,-9083,9083]],[[9084,9084,9084]],[[9085,9086,9087,-9088]],[[9088]],[[9089,-9090,9090]],[[9091,9091,9091]],[[9090,9090,9090]],[[-9090,9089,9092]],[[9091,9091,9091]],[[9093,9094]],[[9095,9096,9097]],[[9098,9094]],[[9099,9100]],[[9101,9102]],[[9103,-9104,9104]],[[9105]],[[9106,-9107,9107]],[[9108,9108,9108]],[[9109,9109,9109]],[[9110,9110,9110]],[[9111]],[[9112,9113,9114]],[[9115,9115,9115]],[[9116,-9117,9117]],[[9118,9118,9118]],[[9119,-9120,9120]],[[9121]],[[9122]],[[9123,9124]],[[9125,9125,9125]],[[9126]],[[9127,9127,9127]],[[9128]],[[9129,9129,9129]],[[9130,9130,9130]],[[9131,9131,9131]],[[9132,-9133,9130]],[[9133,-9134,9134]],[[9134,9134,9134]],[[9135]],[[9136,9136,9136]],[[9137]],[[9138]],[[9139,-9140,9140]],[[9141]],[[-9133,9142]],[[9143]],[[9144,9144,9144]],[[9145,9146]],[[9147,9148]],[[9149]],[[9148,9148,9148]],[[9150,-9151,9151]],[[9152,-9153,9144]],[[9153,9154,9155,-9153]],[[9156,9156,9156]],[[-9155,9154,9157,9158]],[[9159]],[[9160]],[[9161,9161,9161]],[[9162,9162,9162]],[[9163,9164]],[[9165,-9166,9161]],[[9166,9167]],[[9168]],[[9166,-9167,9169]],[[9170,-9171,9171]],[[9172,9172,9172]],[[9173,9173,9173]],[[9174,9175,9176]],[[9177,-9178,9178]],[[9177,-9178,9178]],[[9179,9180,9181,9182]],[[9183,9183,9183]],[[9184,-9185,9185]],[[9186,-9187,9187]],[[9187,9187,9187]],[[9184,-9185,9185]],[[9188,9189,9190]],[[9191,-9192]],[[9192,9193]],[[9194,9194,9194]],[[9195,9195,9195]],[[9196]],[[9194,9194,9194]],[[9197]],[[9198,-9199,9199]],[[9200,-9201,9201,-9202]],[[9202]],[[9203,9203,9203]],[[9204,9198,9205]],[[9206,9206,9206]],[[9207,9207,9207]],[[9208]],[[9206,9206,9206]],[[9209,-9210,9210]],[[9211,9211,9211]],[[9212]],[[9212]],[[9213]],[[9214]],[[9215,9216]],[[9217,9218]],[[9219,9219,9219]],[[9220,-9221,9221,-9222]],[[9222,9223,9224]],[[-9224,9223,9225]],[[9226,-9227,9227]],[[9228]],[[9229,9230]],[[9231]],[[9232]],[[9233,9234]],[[9235,-9236,9236]],[[9237,-9238,9238]],[[9239,9239,9239]],[[9240,9240,9240]],[[9241,-9242,9239]],[[9242]],[[9243,9244,9245,9246]],[[9247]],[[-9246,9245,9248]],[[9249]],[[9250,9251]],[[9252,9252,9252]],[[9253,9254]],[[9255,9252]],[[9256,9256,9256]],[[9257,-9258,9258]],[[9259]],[[9260,9261]],[[9262,9262,9262]],[[9263]],[[9262,9262,9262]],[[9264,9265]],[[9266,-9267,9267]],[[9268,-9269,9269]],[[9270,9271]],[[9272]],[[-9265,9264,9269]],[[9273,9274]],[[9275,-9276,9276]],[[9277]],[[9278,9278,9278]],[[9279,9280]],[[9281,9280]],[[9282,9283,9284]],[[9285]],[[9286,-9287,9287]],[[9288,9289]],[[9290,9291,9292,9293,9294,-9285,-9284,9286,9295,9296]],[[9297,9297,9297]],[[9298,9297]],[[9299]],[[9300,-9301,9301]],[[9302,9302,9302]],[[9303,9303,9303]],[[9304,-9305,9302]],[[9305,9306]],[[9307,9307,9307]],[[9308,9308,9308]],[[9309]],[[9310,-9311,9307]],[[9311,9311,9311]],[[9312,-9313,9313]],[[9314,9314,9314]],[[9315,9316,-9313]],[[9317,-9318,9314]],[[9318,9318,9318]],[[9318,9318,9318]],[[-9311,-9306,9319,9320,9321,9322,9323]],[[9324,-9325,9318]],[[-9317,9325]],[[9326]],[[9327,9327,9327]],[[9328,-9329,9327]],[[9329,9329,9329]],[[9330]],[[9331,9331,9331]],[[9332,-9333,9331]],[[9333]],[[9334,9334,9334]],[[9335]],[[9336,-9337,9337]],[[9338,9339,9340,9341]],[[9342,9342,9342]],[[9343,9344]],[[9345,9345,9345]],[[9346,9346,9346]],[[9347,-9348,9348]],[[9349,9349,9349]],[[9350,9351,9352]],[[-9351,9350,9353]],[[9354]],[[9355,-9356,9356]],[[9357,-9358,9358]],[[9359,9360,9361]],[[-9362,9361,9362]],[[9363]],[[9361,-9362,9364]],[[9365,9366,9367,9368,9369,9370,9371,9372,9373,9374,9375,9376,-9182,-9181,9377,9378,-9177,-9167,9379,9380,9381,9382,9383,9384,-9104,9385,9386,9387,9388,9389,9390,-9075,9391,9392,9393,9394,9395,9396,9397,-8966,9398,9399,9400,9401,9402,9403,9404,9405,9406,9407,9408,9409,9410,9411,9412,9413,9414,9415,9416,9417,-9418,9418,9076,9419,9420,9421,9422,9423,9424,9425,9426,-9222,9221,9427,9428,9429,-9190,9430,9431,9432,9433,9434,9435,-9171,9436,9177,9437,-9201,9438,9209,9439,9257,9440,-9234,9441,-9227,9226,9442,9443,9444,9445,9446,9447,-9088,-9087,9448,9449,9450,9451,-8977,9452,9453,9454,9455,8990,9456,9456,9457,-9024,9458,-9031,9459,9460,9461,9462,9463,9464,9465,9466,-9467,-8938,9467,9468,9469,9470,9471,9472,9473,9474,9475,9476,9477,9478,9479,9480,9481,-8753,9482,9483,-8718,9484,-8717,9485,-8720,9486,9487,9488,9489,9490,9491,9492,9493,9494,9495,9496,-8606,9497,9498,9499,-8573,9500,9501,9502,8593,9503,9504,9505,9506,9507,9508,-8666,9509,9510,9511,9512,9513,9514,-8612,9515,9516,9517,9518,9519,9520,-8560,9521,8557,-8558,9522,-8551,8550,9523,9524,9525,9526,9527,9528,9529,9530,9531,9532,9533,9534,9535,9536,9537,9538,9539,9540,9541,9542,-8481,-8478,9543,9544,9545,9546,-8458,9547,-8444,9548,9549,9550,9551,-8378,-8365,-8358,9552,9553,9554,9555,9556,-8335,9557,9558,8332,9559,9560,9561,9562,9563,9564,9565,9566,9567,9568,9569,9570,9571,-8229,9572,9573,9574,9575,9576,9577,9578,9579,9580,9581,9582,9583,8186,9584,9585,9586,9586,9587,9588,9589,9590,9591,9592,9593,9594,8143,9595,-9596,9595,9596,8146,9597,9598,-8133,-8136,8135,9599,8141,-8142,9600,9601,9602,9603,9604,9605,9606,9607,9608,-8137,9609,9610,9611,9612,9613,9614,9615,-8121,9616,9617,9618,9619,9620,9621,-8105,9622,9623,9624,9625,-8092,9626,9627,9628,9629,9630,-8074,9631,9632,9633,-8069,9634,9635,9636,9637,9638,9639,8043,-8044,-8043,9640,9641,9642,9643,9644,-9645,9645,9646,9647,9648,9649,9650,9651,9652,9653,9654,7988,9655,9656,9657,9658,-7979,9659,9660,-7974,9661,-7976,9662,-7969,9663,9664,9665,9666,9667,9668,9669,9670,7928,-7926,9671,9672,9673,-7911,9674,9675,-7904,9676,-7884,9677,9678,-7867,9679,9680,7856,9681,9682,9683,7851,9684,9685,-7848,-7841,9686,-7839,9687,-7826,-7823,9688,9689,9690,9691,-7815,9692,-7797,9693,7783,9694,9695,7771,9696,9697,9698,-7759,9699,9700,9701,-7730,9702,-9703,9703,9704,9705,-7734,7733,9706,9707,7715,-7714,9708,-7712,9709,9710,9711,9712,9713,9714,9715,9716,9717,9718,9719,-7864,9720,-7905,9721,9722,-7893,9723,9724,9725,9726,9727,9728,9729,9730,9731,9732,-7909,9733,9734,9735,7956,9736,7967,9737,9738,9739,7982,7984,9740,9741,9742,-8033,-8038,9743,9744,8048,9745,9746,9747,9748,9749,8081,9750,-8098,9751,9752,8108,9753,9754,9755,9756,9757,9758,9759,9760,8271,9761,-8308,9762,9763,9764,9765,-8301,-8297,-8318,9766,9767,9768,9769,9770,9771,9772,8363,9773,-8388,9774,9775,9776,9777,9778,9779,9780,9781,9782,9783,9784,9785,9786,-8461,9787,9788,9789,-8476,9790,9791,9792,-8497,9793,8501,9794,8502,9795,-8517,9796,9797,8536,9798,9799,-8547,9800,9801,9802,-8600,9803,9804,9805,-8614,9806,9807,9808,9809,9810,8721,-8722,8721,9811,9812,-8745,9813,9814,9815,9816,9817,-8803,9818,9819,9820,8816,8821,9821,9822,9823,9824,9825,9826,-8876,9827,-8885,9828,-8892,9829,9830,9831,-8911,9832,-8914,-8917,9833,9834,9835,-8948,9836,9837,9838,9839,9840,9841,9842,9036,9843,9844,9048,-9062,9845,9069,9846,9847,9082,9848,9849,-9098,9850,-9107,9851,-9117,9852,9853,9854,9855,-9140,9856,9857,9858,9859,9860,9861,9862,9863,9864,-9301,9865,9865,9866,9867,-9868,9868,9312,9317,9869,9870,-9871,9870,9332,9871,-9342,9341,-9342,-9341,9340,9872,9873,9347,-9353,-9356,9874]],[[9875]],[[9876,9876,9876]],[[9877]],[[9878]],[[9879]],[[9880,9880,9880]],[[9881]],[[9882]],[[9883,-9884,9884]],[[9885,9885,9885]],[[9886]],[[9887]],[[9888,9889,9890]],[[9891,9892,9893,9894]],[[9895]],[[9896,-9897,9897]],[[9896,9898,9899,-9889,9900,9901,-9902,-9895,9902,9903]],[[9904]],[[9905]],[[9906]],[[9907]],[[9908]],[[9909]],[[9910]],[[9911]],[[9912]],[[9913]],[[9914]],[[9915,9916]],[[9917]],[[9918]],[[9919,9919,9919]],[[-9916,9920]],[[9921]],[[9922]],[[9923,9924,9925]],[[-9926,9925,9926]],[[9927,9927,9927]],[[9928]],[[9924,-9925,9929]],[[9927,9927,9927]],[[9930,9931,9932]],[[9933]],[[9934,9934,9934]],[[9935]],[[9936]],[[9937,9938,9939]],[[9940]],[[9941]],[[9942,9942,9942]],[[9943]],[[9944]],[[9945,9945,9945]],[[9946]],[[9947,9947,9947]],[[9948,9948,9948]],[[9948,9948,9948]],[[9949,9949,9949]],[[9950]],[[9951]],[[9952,-9953,9953]],[[9954,9954,9954]],[[9955]],[[9956,-9957,9957]],[[9958,9958,9958]],[[9959,9959,9959]],[[9960]],[[9961,9962]],[[9963,9963,9963]],[[9964]],[[-9963,9965]],[[9966]],[[9967,9967,9967]],[[9968]],[[9969]],[[9970]],[[9971]],[[9972,-9973,9967]],[[9973]],[[9974]],[[9975,9975,9975]],[[9976,9976,9976]],[[9977]],[[9978,9978,9978]],[[9979,9980,-9980]],[[9981,9981,9981]],[[9977]],[[9982,-9983,9975]],[[9983,9984,9985]],[[9986,-9987,9987]],[[9988]],[[9989,9989,9989]],[[9990,9978]],[[9991,9991,9991]],[[9992,9992,9992]],[[9993]],[[9994,-9995,9991]],[[9995,-9996,9996]],[[-9996,9997]],[[9998,9998,9998]],[[-9986,9985,-9986,9999,10000,10001]],[[10002]],[[10003,10003,10003]],[[10004,10004,10004]],[[10005,-10006,10006]],[[10007,9996]],[[10008,10008,10008]],[[10009]],[[10010,10011,-10012,-10011]],[[10012,-10013,10013]],[[10014,10014,10014]],[[10015,10015,10015]],[[10016]],[[10008,10008,10008]],[[10014,10014,10014]],[[10017,-10018,10018]],[[10019]],[[10020,10021,10010]],[[10016]],[[10022,-10023,10018]],[[10023,-10024,10024]],[[10025]],[[10026,-10023,10017]],[[10027,10028]],[[10029,10029,10029]],[[10029,10029,10029]],[[10030,10030,10030]],[[10031,10031,10031]],[[10030,10030,10030]],[[10032,10032,10032]],[[10033,-10034,10034,-10035]],[[10035,-10036,10030]],[[10032,10032,10032]],[[10036]],[[-10034,10033,10037]],[[10038,-10039,10039]],[[10040]],[[10041,10042]],[[10043,10043,10043]],[[10044,-10045,10045]],[[10046]],[[10047,10048]],[[-10045,-10049,10049]],[[10050,10051]],[[10052]],[[10053,10053,10053]],[[10054,10054,10054]],[[10055,-10056,10056]],[[10057,10057,10057]],[[10058,10058,10058]],[[10059]],[[10060,10058]],[[10053,10053,10053]],[[10057,10057,10057]],[[-10056,10055,10061,-10062]],[[10062,-10063,10054]],[[10063]],[[10064]],[[10065]],[[10062,-10063,10054]],[[10064]],[[10066,-10067,10067]],[[10068,10068,10068]],[[10069]],[[10070]],[[10071,-10072,10072]],[[10073]],[[10074,-10075,10068]],[[10075]],[[10076]],[[10077,10077,10077]],[[10078,10078,10078]],[[10079]],[[10080]],[[10081,10081,10081]],[[10082,10082,10082]],[[10083,-10084,10078]],[[10084,-10085,10082]],[[10085,10085,10085]],[[10086,10086,10086]],[[10087,10087,10087]],[[10088,-10089,10086]],[[10089,10089,10089]],[[10090,-10091,10091]],[[10086,10086,10086]],[[-10091,10090,10092]],[[10093,-10094,10086]],[[10094,10095,10096]],[[10097,-10098,10085]],[[10098,10099]],[[10100,10101,10102]],[[10103]],[[10104,-10105,10105]],[[10106]],[[10107,10107,10107]],[[10094,10108,-10095,10109]],[[10110,10110,10110]],[[10111]],[[10112,10112,10112]],[[10113,10113,10113]],[[10114]],[[10115,10116,10117,10118]],[[10119,10120,-10121]],[[10121,-10122,10122]],[[10123,-10124,10124]],[[10125,10126,-10117]],[[10127,-10128,10128]],[[10129,10130,10131]],[[10132,-10133,10110]],[[10133]],[[10134,10134,10134]],[[10135,10135,10135]],[[10135,10135,10135]],[[10136,10136,10136]],[[10137,10137,10137]],[[10138,10138,10138]],[[10139,10139,10139]],[[10140]],[[10141,10141,10141]],[[10142,-10143,10143]],[[10144,-10145,10139]],[[10134,10134,10134]],[[10145,10145,10145]],[[10139,10139,10139]],[[-10127,10126,10146]],[[10147,-10148,10136]],[[10138,10138,10138]],[[10148]],[[10149,10149,10149]],[[10150,10150,10150]],[[10138,10138,10138]],[[10151,-10152,10139]],[[10134,10134,10134]],[[10139,10139,10139]],[[10152,10152,10152]],[[10153,-10154,10152]],[[10154,-10155,10155]],[[10156,10156,10156]],[[10139,10139,10139]],[[10134,10134,10134]],[[-10145,10144,10141]],[[10157]],[[10147,-10148,10136]],[[-10131,10158,10159]],[[10160,-10161,10161]],[[10162,10163]],[[10164,10165,10166]],[[10167,-10168,10138]],[[-10160,10159,10134]],[[10168,-10169,10169]],[[10170,-10171,10155]],[[10171,-10172,10152]],[[10172,-10173,10139]],[[10173,10173,10173]],[[10174]],[[10175,10176]],[[10177,10177,10177]],[[10178,10178,10178]],[[10179]],[[10159,-10160,10180]],[[10181,10181,10181]],[[10182,10182,10182]],[[10181,10181,10181]],[[10183]],[[10182,10182,10182]],[[10184,-10185,10185]],[[10186]],[[10187,-10188,10188]],[[10189,10190,10191]],[[-10192,10191,10182]],[[10192,10193]],[[10194,10194,10194]],[[-10166,10195,10196,10197]],[[10198]],[[10199,10199,10199]],[[10200,10200,10200]],[[10201,10201,10201]],[[10202,-10203,10194]],[[10203,10203,10203]],[[10201,10201,10201]],[[10204,-10205,10205]],[[10201,10201,10201]],[[10206,10206,10206]],[[10207,10208,-10168,10209,10210,10211,10212]],[[10194,10194,10194]],[[10213,-10214,10214]],[[10215]],[[-10197,10196,10206]],[[10216,10216,10216]],[[10217,10217,10217]],[[10199,10199,10199]],[[10206,10206,10206]],[[10218,10218,10218]],[[10219,10219,10219]],[[10220,-10221,10200]],[[10221]],[[10222,-10223,10217]],[[10223,-10224,10224]],[[10222,-10223,10217]],[[10225,-10226,10206]],[[10226,-10227,10203]],[[-10223,10227,10228,10229]],[[10220,-10221,10200]],[[10230,10230,10230]],[[10231,10232]],[[10233,-10234,10234]],[[10235]],[[10234,10234,10234]],[[10236]],[[10230,10230,10230]],[[10234,10234,10234]],[[10237,-10238,10238]],[[10239]],[[10240,10241]],[[10242,10242,10242]],[[10243]],[[10244]],[[10245,-10246,10242]],[[10246,10246,10246]],[[10247]],[[10246,10246,10246]],[[10248,10248,10248]],[[10249,10250,10251]],[[10252]],[[10253,-10254,10248]],[[10254,-10255,10255]],[[10256]],[[10257,-10258,10258]],[[10256]],[[10259,10259,10259]],[[10260,10260,10260]],[[10261]],[[10262,10262,10262]],[[10260,10260,10260]],[[10263,10263,10263]],[[10264,10264,10264]],[[10263,10263,10263]],[[10263,10263,10263]],[[10259,10259,10259]],[[10259,10259,10259]],[[10265,10265,10265]],[[10266,10266,10266]],[[10267,-10268,10260]],[[10262,10262,10262]],[[10268]],[[10260,10260,10260]],[[10260,10260,10260]],[[10269]],[[10270,-10271,10262]],[[10271,10272,10273]],[[10274,10274,10274]],[[10275,10276,-10277]],[[10277,10277,10277]],[[10278,10278,10278]],[[10279,-10280,10280]],[[10281]],[[10282]],[[10283,10283,10283]],[[10277,10277,10277]],[[10280,10280,10280]],[[10284]],[[10285]],[[10286,-10287]],[[10287]],[[10288,10289,10290]],[[10291,-10292,10292]],[[10293]],[[10294,10294,10294]],[[10295,10295,10295]],[[10296,10296,10296]],[[10297,10297,10297]],[[10298,10298,10298]],[[10299,10299,10299]],[[10300,10301]],[[10302,10299]],[[10303]],[[10304,10304,10304]],[[10305]],[[10306,-10307]],[[10304,10304,10304]],[[10304,10304,10304]],[[10307]],[[10308]],[[10309]],[[10310,10311,10312]],[[10313,10314,-10315,-10314]],[[10315,-10316,10316]],[[10317,10317,10317]],[[10318]],[[10319]],[[10320,-10321,10321]],[[10322]],[[10323]],[[10324]],[[10325]],[[10326,10326,10326]],[[10327,10327,10327]],[[10328]],[[10329]],[[10330]],[[10331,10331,10331]],[[10332,10332,10332]],[[10333]],[[10334]],[[10335,10335,10335]],[[10336,-10337,10331]],[[10337,-10338,10338]],[[10339]],[[10340]],[[10341,10341,10341]],[[10342,10342,10342]],[[10343]],[[10344]],[[10345,-10346,10346]],[[10347]],[[10348]],[[10349,10349,10349]],[[10350]],[[10351,10351,10351]],[[10352,-10353,10353,-10354,10352,-10353]],[[10354]],[[10355]],[[10356]],[[10357,-10358,10358]],[[10357,10359,10360]],[[10361,-10362,10361,-10346,10362,10363]],[[10364,10364,10364]],[[10365,10365,10365]],[[10366,-10367,10367]],[[10368,-10369,10369]],[[10370]],[[10368,10371,-10372,-10369]],[[10372,10372,10372]],[[10373,10373,10373]],[[10374,10374,10374]],[[10375,-10376,10376]],[[10377,-10378,10376]],[[10378,10378,10378]],[[10379,10379,10379]],[[10380,-10381,10381]],[[10382,10383]],[[10384,10385,10386,10387]],[[10388]],[[10389,-10390,10390]],[[10391]],[[-10387,10386,10372]],[[10392]],[[10393,10393,10393]],[[10394,10394,10394]],[[10395,10396,-10397,-10396]],[[10397,10397,10397]],[[10390,10390,10390]],[[10390,10390,10390]],[[10398]],[[10399,10399,10399]],[[10400,10400,10400]],[[10401,-10402,10397]],[[10402]],[[10403]],[[10404,10404,10404]],[[10404,10404,10404]],[[10405]],[[10406,10406,10406]],[[10407]],[[10408,10408,10408]],[[10409,10409,10409]],[[10410,-10411,10406]],[[10411]],[[10406,10406,10406]],[[10406,10406,10406]],[[10412]],[[10413]],[[10414,10415,-10416]],[[10416]],[[10417,10417,10417]],[[10418]],[[10417,10417,10417]],[[10419,-10420,10420]],[[10421]],[[-10420,10419,10422]],[[10423,-10424,10424]],[[10425]],[[10426,10427]],[[10428,10428,10428]],[[10415,10429]],[[10430]],[[10431,10431,10431]],[[10432]],[[10433,10434,10423]],[[10435,10435,10435]],[[10436,10436,10436]],[[10437]],[[10438,-10439,10439]],[[10440,-10441,10441]],[[10442]],[[10443]],[[10444]],[[10445]],[[10435,10435,10435]],[[10442]],[[10446]],[[10447,-10448,10448]],[[10449,-10450]],[[10450,10436]],[[10451]],[[10452,10453]],[[10454,10455,10456]],[[10457]],[[10458]],[[10459]],[[10458]],[[10458]],[[10460,-10461,10461]],[[10462]],[[10463]],[[10464,10464,10464]],[[10465,10465,10465]],[[10466]],[[10467]],[[10468]],[[10469]],[[10470,-10471,10471]],[[10472,10472,10472]],[[10473,-10474,10474]],[[-10471,10475,10476,10477]],[[10478,10478,10478]],[[10479,-10480,10472]],[[10480,-10481,10478]],[[10481]],[[10482,10482,10482]],[[10483,10483,10483]],[[10483,10483,10483]],[[10484,-10485,10485]],[[10486,10487,10488]],[[10489]],[[10490]],[[10491,10491,10491]],[[10489]],[[10492]],[[10493]],[[10494,10495]],[[10496]],[[10497,-10498,10498]],[[10499,10500,10501,10502]],[[10503,10503,10503]],[[10504,10505,-10501]],[[10506,10506,10506]],[[10507,10508,-10476,10509,10510,10511,10512,10513,10447,-10457,10514,-10461,10515,10516,-10498]],[[10517,10517,10517]],[[10518,10518,10518]],[[10519,-10496,10520]],[[10517,10517,10517]],[[10521,10521,10521]],[[10506,10506,10506]],[[10522]],[[10523,-10524,10524]],[[10525]],[[10526,10526,10526]],[[10505,-10506,10527]],[[10528,-10529,10529]],[[10530,-10531,10531]],[[10532,10533,-10534,-10533]],[[10529,10529,10529]],[[10534,10534,10534]],[[10535,10535,10535]],[[10536]],[[10537,10532,-10533,-10538]],[[10538,10518]],[[10539]],[[10540,-10541,10541]],[[10542,10543]],[[10544,-10545,10545]],[[10546]],[[10547]],[[10548]],[[10549,10549]],[[10550]],[[10551]],[[10552,10552,10552]],[[10553,10554]],[[10555,-10556,10556]],[[10557,10557,10557]],[[10558]],[[10559]],[[10560]],[[10561]],[[10562,10562,10562]],[[10563,10562]],[[10564]],[[10565,10565,10565]],[[10566]],[[10567,10567,10567]],[[10568,10568,10568]],[[10569,-10570,10568]],[[10570]],[[10571,10572]],[[10567,10567,10567]],[[10570]],[[10573]],[[10574]],[[10575]],[[10576]],[[10577,-10578,10578]],[[10579]],[[10580,10580,10580]],[[10580,10580,10580]],[[10581,-10582,10580]],[[10582,-10583,10583]],[[10584]],[[10585,10586]],[[10587,10587,10587]],[[10588,10588,10588]],[[10588,10588,10588]],[[10588,10588,10588]],[[10589,-10590,10587]],[[10590]],[[10591,-10592,10592]],[[10593]],[[10594,10594,10594]],[[10594,10594,10594]],[[10595,-10596,10596]],[[10597,10597,10597]],[[10598,-10599,10594]],[[10599]],[[10600]],[[10601]],[[10602,-10603,10603]],[[10604]],[[10605,10605,10605]],[[10606,10606,10606]],[[10607,-10608,10605]],[[10608,10608,10608]],[[10609]],[[10610]],[[10611]],[[10612,10612,10612]],[[10613,10613,10613]],[[10614,-10615,10615]],[[10616]],[[10617]],[[10618,10619]],[[10620]],[[10621]],[[10622]],[[10623,10623,10623]],[[10623,10623,10623]],[[10624]],[[10625,-10626,10626]],[[10627,10628]],[[10629]],[[10630,10630,10630]],[[10631,10632]],[[10633,-10634,10634]],[[10635]],[[10636]],[[10637,10637,10637]],[[10638,10638,10638]],[[10639,10637]],[[10640,-10641,10641]],[[10637,10637,10637]],[[10642,-10643,10643]],[[10644,-10645,10641]],[[10645,10646,10647]],[[10648,10648,10648]],[[10649,10650]],[[10651,10651,10651]],[[10652,-10653,10653]],[[10654,10654,10654]],[[10655,10655,10655]],[[10655,10655,10655]],[[10656,10657]],[[10658,-10659,10659]],[[10660]],[[10661,10661,10661]],[[10662]],[[10663,-10664,10664]],[[10665,-10666,10664]],[[10666,-10667,10667]],[[10668,10669]],[[10670]],[[10668,-10669,10671]],[[10672,10673]],[[10674]],[[10675]],[[10676]],[[10677,-10678,10678]],[[10679,10679,10679]],[[10680,10680,10680]],[[10681]],[[10680,10680,10680]],[[10682,-10683,10680]],[[10683,-10684,10684]],[[10685]],[[10686,10686,10686]],[[10687,10688,10689]],[[10688,-10689,10690]],[[10691]],[[10692]],[[10693,10694]],[[10695,10695,10695]],[[10694,10694,10694]],[[10696]],[[10697]],[[10698]],[[10699]],[[10700,10701]],[[10702,10702,10702]],[[10703,-10704,10702]],[[10704,10704,10704]],[[10705,-10706,10706]],[[10707,10707,10707]],[[10708,10706]],[[10709,10709,10709]],[[10710]],[[10711]],[[10712]],[[10713]],[[10714,-10715,10715]],[[10716,-10717,10717]],[[10718,-10719,10719]],[[10720,10720,10720]],[[10721,10721,10721]],[[10722,10722,10722]],[[10723,10723,10723]],[[10724,-10725,10723]],[[10725,10726,10727]],[[10728,10729,-10726]],[[10730,10730,10730]],[[-10727,10726,10731]],[[10732,10732,10732]],[[10733,10733,10733]],[[10730,10730,10730]],[[10734,10734,10734]],[[10735]],[[10729,-10730,10736]],[[10737]],[[10738,10738,10738]],[[10739,-10740,10738]],[[10740,10740,10740]],[[10741]],[[10742,-10743,10743]],[[10744,10744,10744]],[[10744,10744,10744]],[[10745]],[[10746,10746,10746]],[[10747]],[[10747]],[[10748,10749,10750,10751]],[[-10752,10752,10753]],[[10749,-10750,10746]],[[-10750,10749,10754]],[[10755,10755,10755]],[[10756,10756,10756]],[[10757,-10758,10756]],[[10758,10758,10758]],[[10759]],[[10760]],[[10761,10761,10761]],[[10762,10763,10764]],[[10765,-10766,10766]],[[10767]],[[10768,10768,10768]],[[10769,10769,10769]],[[10770]],[[10768,10768,10768]],[[10771,-10772,10769]],[[10772,-10773,10773]],[[10774,10768]],[[10771,10775]],[[10776,-10777,10777]],[[10778]],[[10779]],[[10780]],[[10781,-10782,10782]],[[10782,10782,10782]],[[10783,10783,10783]],[[10784,-10785,10783]],[[10785,10786]],[[10787,10787,10787]],[[10788]],[[10789,10790,10791]],[[10792,10793]],[[10794,10795]],[[10796,10796,10796]],[[10797,10798]],[[10799,10799,10799]],[[10800,10800,10800]],[[10801,10800]],[[10802,-10803,10803]],[[10803,10803,10803]],[[10802,-10803,10803]],[[10804,-10805,10805]],[[10806,10806,10806]],[[10807]],[[10808,-10809,10809]],[[10810,10811,-10811]],[[10812]],[[10813,-10814,10814]],[[10815,10815,10815]],[[10816,-10817,10817,10818]],[[10819,-10820,10820]],[[10821]],[[10822,10822,10822]],[[10823]],[[10824,10824,10824]],[[10825,-10826,10822]],[[10826,-10827,10827]],[[10828,10828,10828]],[[10829]],[[10830,10831,-10831]],[[10832]],[[10833]],[[10834,-10835,10835]],[[10836,10836,10836]],[[10837,-10838,10835]],[[10835,10835,10835]],[[10838]],[[10839,10839,10839]],[[10839,10839,10839]],[[10840,10841]],[[10842,-10843,10843]],[[10844,-10845,10845]],[[10846,-10847,10847]],[[10848,-10849,10849]],[[-10849,10848,10850]],[[10851,10852,-10843,10853]],[[10854,10854,10854]],[[10855,-10856,10856]],[[10857,10857,10857]],[[10858,-10859,10859]],[[10860,10858,10861,10862]],[[10863,10863,10863]],[[-10862,10861,10857]],[[10864,10864,10864]],[[10865]],[[10866,-10867,10863]],[[10867,10868,-10869,10869,10870,10871,10872,10873,10874]],[[10875,10876,-10877,-10876]],[[10877,10877,10877]],[[10878]],[[-10875,10874,10879]],[[10880,10881,10882]],[[-10875,10883]],[[10884,-10885,10885,-10886,10885,-10886,10880,-10881]],[[10886,10886,10886]],[[10887]],[[10888]],[[10889,10889,10889]],[[10889,10889,10889]],[[10890,10890,10890]],[[10891]],[[10892,10893]],[[10894]],[[10895,-10896,10896]],[[10897]],[[10898]],[[10899]],[[10900,10900,10900]],[[10901,10901,10901]],[[10902,10902,10902]],[[10903,10904,10905]],[[10906]],[[-10906,10907]],[[10908]],[[10909,10909,10909]],[[-10905,10910,10911]],[[10912]],[[10909,10909,10909]],[[10913,10913,10913]],[[10914]],[[10915,-10916,10916]],[[10917]],[[10918,-10919,10919]],[[10920,-10921,10909]],[[10921,10921,10921]],[[10922,10922,10922]],[[10923,10923,10923]],[[10924,-10925,10923]],[[10925]],[[10926,10927]],[[10928]],[[10929,10929,10929]],[[10926,-10927,10930]],[[10931]],[[10932,10932,10932]],[[10933,10933,10933]],[[10934,10934,10934]],[[10935,10935,10935]],[[10935,10935,10935]],[[10936,10936,10936]],[[10937,10937,10937]],[[10938]],[[10932,10932,10932]],[[10939]],[[10940,-10941,10937]],[[10941]],[[10942,-10943,10943]],[[10944]],[[10945,10945,10945]],[[10946,10946,10946]],[[10947]],[[10948,10949]],[[10950]],[[10951,10951,10951]],[[10952]],[[10953]],[[10954,10951]],[[10955]],[[10954,10951]],[[10956]],[[10957]],[[10958]],[[10959,10959,10959]],[[10960,10960,10960]],[[10961,10962,10963]],[[10964,10964,10964]],[[10965,10965,10965]],[[10966,10966,10966]],[[10960,10960,10960]],[[10967]],[[10968,-10969,10969,-10970]],[[-10963,10970,10971]],[[10972]],[[10973,10973,10973]],[[10974,-10975,10975]],[[10976,-10972,10977]],[[10978,-10979,10964]],[[10979,10979,10979]],[[10973,10973,10973]],[[10980,-10981,10981]],[[10982,10982,10982]],[[10979,10979,10979]],[[10983]],[[10973,10973,10973]],[[10984]],[[10985,-10986,10986]],[[10987,-10988,10973]],[[10988,10988,10988]],[[10989]],[[10990,10990,10990]],[[10991,10992]],[[10993]],[[10994]],[[10995,10996,10997,10998]],[[10999]],[[11000]],[[11001,11001,11001]],[[11002,-11003,11003]],[[11004,11005]],[[11006]],[[11007,-11008,11008]],[[11009]],[[11010]],[[11011]],[[11012]],[[11013]],[[11014]],[[11015]],[[11016,11017,11018]],[[11017,-11018,11019]],[[11020,11020,11020]],[[11021]],[[11022,11022,11022]],[[11020,11020,11020]],[[11023,-11024,11024]],[[11025,11026]],[[11027,11027,11027]],[[11028]],[[11029]],[[11030]],[[11031,11031,11031]],[[11027,11027,11027]],[[11032]],[[11033]],[[11033]],[[11034,-11035,11031]],[[11035,11035,11035]],[[11036]],[[11037,11037,11037]],[[11038,11039]],[[11040]],[[11041]],[[11042,-11043,11043]],[[11044]],[[11045]],[[11046]],[[11047,11047,11047]],[[11048]],[[11049,-11050,11050]],[[11050,11050,11050]],[[11051]],[[11052,-11053,11053]],[[11054]],[[11055,-11056,11056]],[[11057,11058]],[[11059,11059,11059]],[[11060,-11061,11059]],[[11061,11061,11061]],[[11058,11058,11058]],[[11062,11063]],[[11064,11064,11064]],[[11065]],[[11066,11066,11066]],[[11067]],[[11068]],[[11069]],[[11070,11070,11070]],[[11071,11071,11071]],[[11072]],[[11071,11071,11071]],[[11070,11070,11070]],[[11073,-11074]],[[11074,11074,11074]],[[11075,11074]],[[11076]],[[11077]],[[11078]],[[11079,11079,11079]],[[11079,11079,11079]],[[11080]],[[11081,11081,11081]],[[11082,11083]],[[11084]],[[11085,11085,11085]],[[11086,11087,11088]],[[11089,11089,11089]],[[11090,-11091,11091]],[[11092]],[[11093]],[[11094,11094,11094]],[[11095,11096]],[[11097,11097,11097]],[[11098,11098,11098]],[[11099]],[[11100]],[[11101,11102,11103]],[[11104,11105]],[[11098,11098,11098]],[[11106]],[[11107,-11108,11108]],[[11109,11108]],[[11110]],[[11108,11108,11108]],[[11111,11112]],[[11113]],[[11114,11114,11114]],[[11115,11115,11115]],[[11116]],[[11110]],[[11110]],[[11116]],[[11117,11118]],[[11119,-11120,11120]],[[11121,11121,11121]],[[11122,11122,11122]],[[11123,11123,11123]],[[11124,11124,11124]],[[11123,11123,11123]],[[11125]],[[11126]],[[11127,-11128,11128]],[[11129,-11130,11130]],[[11131,11132]],[[11133,11133,11133]],[[11134,-11135,11133]],[[11135,11135,11135]],[[11136]],[[11137,11138]],[[11139,-11140,11140]],[[11141]],[[11142,11142,11142]],[[11143]],[[11143]],[[11144,11144,11144]],[[11145]],[[11146,11144]],[[11147]],[[11148]],[[11149]],[[11150,11151,11152]],[[11153,11154,11155,-11151]],[[11150,-11151,11156]],[[11157,11157,11157]],[[11157,11157,11157]],[[11158,11158,11158]],[[11159]],[[11159]],[[11160,11161]],[[11162]],[[11163,-11164,11164]],[[11165]],[[11166,11166,11166]],[[11167,11167,11167]],[[11168,11166]],[[11169]],[[11170]],[[11171,-11172,11164]],[[11172,-11173,11173]],[[11174,11175]],[[11176]],[[11177,11177,11177]],[[11178,11178,11178]],[[11179,11179,11179]],[[11180,11180,11180]],[[11181]],[[11182,-11183,11183]],[[11184,11178]],[[11185,11179]],[[11186]],[[11187,-11188,11177]],[[11188,-11189,11189]],[[11190]],[[11191,11191,11191]],[[11192,11192,11192]],[[11190]],[[11193,11193,11193]],[[11194,11194,11194]],[[11193,11193,11193]],[[11195,11194]],[[11196,-11197,11197]],[[11198]],[[11199,11199,11199]],[[11200,-11201,11201]],[[11202,11202,11202]],[[11200,11203,11204,11205]],[[-11206,11205,11201]],[[11206]],[[-11205,11207,11208,11204]],[[11209,11210]],[[11211,11211,11211]],[[11210,11210,11210]],[[11212]],[[11213]],[[11214]],[[11215,11215,11215]],[[11216]],[[11217,11218]],[[-11218,11217,11219]],[[11220]],[[11221]],[[11222]],[[11223]],[[11224,11225]],[[11225,11225,11225]],[[11226]],[[11226]],[[11225,11225,11225]],[[11227]],[[11228,11229]],[[11229,11229,11229]],[[11230]],[[11231,11232]],[[11233,-11234,11234]],[[11235,11235,11235]],[[11236]],[[11237]],[[11238]],[[11239]],[[11240,11240,11240]],[[11241]],[[11242,11242,11242]],[[11243]],[[11244]],[[11245,11245,11245]],[[11246]],[[11247]],[[11248,11249]],[[11250]],[[11251]],[[11252]],[[11253]],[[11254]],[[11255,-11256,11256]],[[11257,-11258,11258]],[[11259]],[[11259]],[[11260]],[[11261]],[[11262]],[[11263,11263,11263]],[[11264,11264,11264]],[[11265,11265,11265]],[[11266,11265]],[[11267,11268]],[[11269,11270]],[[11271]],[[11272,11272,11272]],[[11273]],[[11272,11272,11272]],[[11273]],[[11274,-11275,11275]],[[11276,-11277,11272]],[[11277,11278,-11277]],[[11279,11279,11279]],[[11280,11280,11280]],[[11281,11281,11281]],[[11282]],[[11283,-11284,11284]],[[11284,11284,11284]],[[11285]],[[11286,11287]],[[11288]],[[11289]],[[11290,11291]],[[11292]],[[11293]],[[11294]],[[11295,11296]],[[11297]],[[11298]],[[11299]],[[11300,-11301,11301]],[[11302,11302,11302]],[[11303]],[[11304,-11305,11302]],[[11305,11305,11305]],[[11306,11306,11306]],[[11307]],[[11300,11308,11309]],[[-11279,11310,-11275,11274,11311,11312,11313]],[[11314,11314,11314]],[[11314,11314,11314]],[[11315]],[[11316,11316,11316]],[[11317]],[[11318,11318,11318]],[[11319,11319,11319]],[[11320]],[[11314,11314,11314]],[[11321,11321,11321]],[[11322,11322,11322]],[[11323,11324]],[[11325]],[[11326,-11327,11327]],[[11328]],[[11329,11329,11329]],[[11327,11327,11327]],[[11330]],[[11314,11314,11314]],[[11329,11329,11329]],[[11331]],[[11332,-11333,11329]],[[11333]],[[11334]],[[11335]],[[11336]],[[11337,-11338,11338]],[[11339,11339,11339]],[[11340]],[[11341,11341,11341]],[[11341,11341,11341]],[[11342]],[[11343]],[[11344,11344,11344]],[[11345,-11346,11346]],[[11347]],[[11344,11344,11344]],[[11348]],[[11349]],[[11350,11350,11350]],[[11351]],[[11352]],[[11353,11353,11353]],[[11354,11354,11354]],[[11355,-11356,11356]],[[11357,11358]],[[11359,11359,11359]],[[11360]],[[11361,11361,11361]],[[11357,-11358,11359]],[[11362,11362,11362]],[[11363,11363,11363]],[[11364,11364,11364]],[[11363,11363,11363]],[[11365,-11366,11364]],[[11366,11367]],[[11367,11367,11367]],[[11368,-11369,11367]],[[11369,11370,11371,11372]],[[11373,-11374,11374]],[[11375,11375,11375]],[[11376]],[[11377]],[[11378,11378,11378]],[[11379,11379,11379]],[[11380,11380,11380]],[[11381]],[[11382,-11383,11374]],[[11383]],[[11384,11385]],[[11386,11386,11386]],[[11387]],[[11388,11388,11388]],[[11389]],[[11390,-11391,11388]],[[11391,11391,11391]],[[11392,11392,11392]],[[11393]],[[11394,11395,11396]],[[11397,11397,11397]],[[11398]],[[11397,11397,11397]],[[11399,11399,11399]],[[11400,11400,11400]],[[11401,-11402,11400]],[[11402,11403,11404]],[[-11403,11402,11405]],[[11406,11406,11406]],[[11402,-11403,11407]],[[11408,-11409,11409]],[[11410,11410,11410]],[[11411]],[[11410,11410,11410]],[[11412,-11413,11413]],[[11414,11414,11414]],[[11415]],[[11416,11417]],[[11418,-11419,11414]],[[11419,11419,11419]],[[11420]],[[11421,11421,11421]],[[11422,11422,11422]],[[11423,11423,11423]],[[11424]],[[11425]],[[11426,11426,11426]],[[11427,11427,11427]],[[11428]],[[11429,11429,11429]],[[11427,11427,11427]],[[11430]],[[11426,11426,11426]],[[11431,11431,11431]],[[11432,-11433,11427]],[[11433,11434,-11434]],[[11435]],[[11436]],[[11437]],[[11438,11438,11438]],[[11439,11439,11439]],[[11440,-11441,11438]],[[11441,11441,11441]],[[11442,11442,11442]],[[11442,11442,11442]],[[11443]],[[11444]],[[11445,11446]],[[11447,11447,11447]],[[11448,-11449,11449]],[[11450,11450,11450]],[[11451,11448,11452]],[[11453]],[[11454,11454,11454]],[[11455]],[[11456,11456,11456]],[[11457,11458,11459]],[[11458,-11459,11460]],[[11461,11462]],[[11463,11464]],[[11465]],[[11466]],[[11467,11467,11467]],[[11468]],[[11469]],[[11470,11470,11470]],[[11471]],[[11472,-11473,11473]],[[11474,11475,-11475]],[[-11475,11476]],[[11477,11478]],[[11479]],[[11480]],[[11481]],[[11482,11483]],[[11484,-11485,11485]],[[11486,11486,11486]],[[11487,11487,11487]],[[11488,-11489,11478]],[[11489,11489,11489]],[[11490]],[[11491]],[[11492,11492,11492]],[[11493,11493,11493]],[[11491]],[[11492,11492,11492]],[[11494]],[[11495,11493]],[[11496,-11497,11487]],[[11497,11497,11497]],[[11498]],[[11499,11497]],[[11500,-11501,11497]],[[11501]],[[11502]],[[11503,-11504,11504]],[[11505,11505,11505]],[[-11504,11506,11507]],[[11508,11509,11510,11511]],[[11512,11512,11512]],[[11513,11513,11513]],[[11514,11514,11514]],[[11515,11515,11515]],[[11512,11512,11512]],[[11516,11516,11516]],[[11517,11512]],[[11518,11519]],[[11520,-11521,11521]],[[11522]],[[11523]],[[11519,11519,11519]],[[11524,11524,11524]],[[11525,11519]],[[11526]],[[11527,-11528,11528]],[[11529,11529,11529]],[[11528,11528,11528]],[[11530]],[[11531,11531,11531]],[[11532,11532,11532]],[[11533,11528]],[[11534,-11535,11528]],[[11535,-11536,11531]],[[11536,-11537,11529]],[[11537,11538]],[[11539]],[[11540]],[[11541,11541,11541]],[[11542,11542,11542]],[[11543,11543,11543]],[[11544,11545,-11546,-11545]],[[11543,11543,11543]],[[11546]],[[11547,11547,11547]],[[11548,11548,11548]],[[11542,11542,11542]],[[11541,11541,11541]],[[11549,-11550,11550]],[[-11550,11549,11551]],[[11552,-11553,11553]],[[11554]],[[11555,11555,11555]],[[11555,11555,11555]],[[11556,11555]],[[11555,11555,11555]],[[11557,-11558,11555]],[[11558,-11559,11550]],[[11557,-11558,11555]],[[11559,11560,-11558]],[[11561,11561,11561]],[[11562,11562,11562]],[[11563,11561]],[[11564,11565,11566]],[[11567,-11568,11568]],[[11569,-11568,11570,11563]],[[11571]],[[11572,11572,11572]],[[11573]],[[11574,-11575,11572]],[[11575]],[[11576,11576,11576]],[[11577,11578]],[[11578,11578,11578]],[[11578,11578,11578]],[[11579]],[[11580,-11581,11581]],[[11582]],[[11583,11583,11583]],[[11584]],[[11585,11586]],[[11587,11587,11587]],[[11588]],[[11589]],[[11590,-11591,11591]],[[11592]],[[11593]],[[11594]],[[11595]],[[11596,11597,11598,11599,11600,11601,11602,11603,11604,11605,11408,11606,11412,11607,11608,-11419,11609,11610,11611,11612,11613,11614,11615,-11464,11616,11617,11618,11619,11620,11621,11580,11622]],[[11623,11624,11625]],[[11626,11626,11626]],[[11627,11627,11627]],[[11628]],[[11629,11629,11629]],[[11630,11631]],[[11630,11631]],[[11632,11633]],[[11634]],[[11635]],[[11636]],[[11637]],[[11638,11639]],[[11640]],[[11641]],[[11642,11642,11642]],[[11643,11643,11643]],[[11642,11642,11642]],[[11644,11644,11644]],[[11645,11645,11645]],[[11644,11644,11644]],[[11646,11644]],[[11647]],[[11648,11643]],[[11649]],[[11650,-11651]],[[11651]],[[11652,11652,11652]],[[11653]],[[11654,11654,11654]],[[11655]],[[11654,11654,11654]],[[11656]],[[11657]],[[11658]],[[11659]],[[11660]],[[11661]],[[11662,11662,11662]],[[11663]],[[11664]],[[11665]],[[11666,-11667,11662]],[[11667,-11668,11668]],[[11669]],[[11670,11671]],[[11672,11672,11672]],[[11673]],[[11674,11674,11674]],[[11675]],[[11676]],[[11677,-11678,11674]],[[11678,11678,11678]],[[11679]],[[11680,11681]],[[11682]],[[11683,11683,11683]],[[11683,11683,11683]],[[11684]],[[11685,-11686,11686]],[[11687,11687,11687]],[[11688]],[[11689]],[[11690,11690,11690]],[[11691,11691,11691]],[[11692,-11693,11693]],[[11694]],[[11695,11696]],[[11697]],[[11692,11698,-11699,11698,11699]],[[11700,-11701,11701]],[[11702,-11703,11703]],[[-11701,11700,11704]],[[11705,11706]],[[11707,-11708]],[[11708,-11709,11709]],[[11710]],[[11711]],[[11712,11712,11712]],[[11713,11713,11713]],[[11714]],[[-11709,11708,11715,11716]],[[11717,11718,-11719,11719,11720]],[[11721,11721,11721]],[[11714]],[[11722,11722,11722]],[[11723,11723,11723]],[[11724]],[[11725,11726]],[[11727]],[[11728,11728,11728]],[[11729,11729,11729]],[[11730]],[[11731,11731,11731]],[[11732]],[[11733,11733,11733]],[[11733,11733,11733]],[[11734,11735,11736]],[[11735,-11736,11737]],[[-11736,11735,11738]],[[11739,11737]],[[11740]],[[11741]],[[11742,11742,11742]],[[11743]],[[11744,-11745,11742]],[[11745,-11746,11746]],[[11747,11747,11747]],[[11748]],[[11749,11749,11749]],[[11750,-11751,11751]],[[11752,11750]],[[11753,11753,11753]],[[11754]],[[11755,-11756,11756]],[[11757,11758,11759,11760]],[[11761,-11762,11762]],[[11763,11763,11763]],[[11759,-11760,11762]],[[11764,11764,11764]],[[11765]],[[11766,11766,11766]],[[11767,11768]],[[11769]],[[11770]],[[11771,11771,11771]],[[11772,11773]],[[11774,11774,11774]],[[11775,11775,11775]],[[11776]],[[11775,11775,11775]],[[11777]],[[11778,11773]],[[11779,-11780,11780]],[[11781,11782]],[[11783,-11784,11783,-11784,11784,11785,-11786,-11785]],[[11786,11786,11786]],[[11787,11787,11787]],[[11788,11788,11788]],[[11789,11789,11789]],[[11790]],[[11791,11792,11793,11794]],[[11795]],[[11796]],[[11797]],[[11798,11799,-11800,-11799]],[[11800,11800,11800]],[[11793,-11794,11801]],[[11802,-11803,11803]],[[11804,11805,11806,-11803]],[[-11800,11807]],[[11808]],[[11809,11809,11809]],[[11810]],[[11811,11812,11813]],[[11814]],[[11815]],[[11816]],[[11817,-11818,11818]],[[11819,11819,11819]],[[11820,-11813,11821,11822,11823,11824,11825,11826,11827,11828,-11720,11829,11830,-11686,11831,11832,11833,11834,11835,11836,11837,11838,11839,11840,11841,11842,-11843,11843,11844,11845,11846,-11560,11847,-11848,11847,-11536,11848,11849,-11509,11850,11851,11852,-11497,-11483,11853,11854,11855,11856,11857,11858,-11441,-11434,11859,11860,11861,11862,-11403,11863,11864,-11391,11865,-11385,11866,11867,11867,11868,11345,11869,11870,11871,11872,11873,11874,11875,11876,11877,11878,11879,11880,11881,11196,11882,11883,11884,11885,-11201,11886,-11189,-11173,11887,-11155,11888,11889,11890,-11128,11891,11892,11893,11894,11895,11896,-11897,11897,11896,-11103,-11091,-11087,11898,11899,11900,11901,11902,11903,11904,11023,11905,11906,-11008,11907,11908,10985,11909,-10979,11910,11911,11912,11913,11914,11915,11916,11917,-10867,-10859,11918,11919,11920,-10820,11921,11922,10816,10813,11923,11924,-10805,11925,11926,-10798,11927,11928,11929,11930,10781,11931,10772,-10763,11932,11933,-10750,11934,11935,11936,-11937,11936,-10715,11937,11938,11939,11940,11941,-10684,11942,11943,11944,11945,11946,11947,11948,11949,-10626,11950,11951,11952,-10603,11953,11954,11955,11956,11957,11958,11959,11960,-10578,11961,11962,11963,11964,10569,11965,11966,11967,11968,11969,-10619,11970,11971,11972,-10647,11973,11974,11975,11976,11977,11978,11979,11980,11981,10419,11982,11983,11984,-11985,11985,-10338,11986,11987,11988,11989,11990,11991,11992,11993,11994,11995,10142,11996,11997,-10024,11998,11999,12000,12001,12002,-12003,12003,12004,-10042,12005,-9957,12006,12007,-9953,12008,12009,12010,12011,12012,-12013,12012,12013,12014,12015,12016,12017,12018,12019,-12020,12019,12020,12021,12022,10204,12023,12024,12025,12026,12027,-10230,10237,10233,12028,12029,10223,-10191,12030,12031,-12032,12032,12033,12034,12035,-10098,12036,12037,12038,12039,12040,12041,-10177,12042,-10233,12043,10245,12044,12045,12046,12047,-10364,12048,12049,12050,12051,12052,12053,-10386,12054,12055,12056,12056,12057,-12058,12058,12059,12060,12061,12062,12063,-12064,12064,10438,12065,12066,12067,12068,12069,12070,12071,10410,12072,12073,12074,12075,12076,12077,12078,12079,12080,12081,-10213,12082,12083,12084,12085,12086,12087,12088,12089,12090,12091,12092,10267,10270,12093,-10289,12094,12095,-10311,10310,-10311,12096,12097,12098,12099,12100,12101,12102,12103,12104,12105,12106,12106,12107,12108,12109,-10337,12110,12111,12112,12112,-10321,12113,-10316,12114,12115,12116,12117,12118,12119,-10524,12120,12121,12122,12123,12124,-12125,12124,12125,12126,12127,12128,12129,10644,12130,12131,-12132,12131,-12132,12131,-12132,12131,10658,12132,12133,12134,12135,12136,12137,-10702,12138,12139,12140,10716,12141,12142,12143,12144,12145,-12146,10739,12146,12147,12148,12149,12150,12151,12152,10810,12153,12154,12155,12156,10844,-10847,12157,-10835,12158,12159,12160,12161,12162,10895,12163,10942,12164,12165,12166,12167,-10919,12168,12169,12170,12171,12172,12173,12174,12175,10969,12176,10987,12177,12178,12179,12180,12181,12182,12183,12184,12185,-11027,12186,12187,12188,12189,12190,12191,12192,12193,12194,11129,12195,12196,12197,12198,12199,12200,12201,12202,-11258,12203,12204,12205,12206,12207,12208,11337,12209,12210,12211,12212,12213,11401,12214,12215,-11463,12216,12217,12218,11624,-11625,-11624,12219,12220,12221,12222,12223,12224,12225,12226,12227,12228,-11333,12229,12230,12231,12232,12233,12234,12235,12236,-11370,12237,11432,12238,12239,12240,12241,-11460,12242,12243,12244,12245,12246,12247,11536,12248,11552,11558,-11567,12249,12250,12251,12252,12253,12254,-12255,12254,12255,12256,12257,11666,11667,12258,11677,12259,12260,-11682,12261,12262,12263,12264,11702,12265,12266,12267,12268,12269,-11737,12270,12271,12272,12273,12274,-11780,12275,12276,-11792,12277,12278,12279,-11758,12280,-11756,12281,12282,12283]],[[12284]],[[12285]],[[12284]],[[12286,12286,12286]],[[12287,-12288,12288]],[[12289]],[[12286,12286,12286]],[[12290]],[[-12288,12291]],[[12292,12293]],[[12294,12295]],[[12296]],[[12297,12297,12297]],[[12298,12299]],[[12300,12301]],[[12302]],[[12303]],[[12304]],[[12305]],[[12306]],[[12307]],[[12308,12309,12310]],[[12311,12312]],[[12313,12313,12313]],[[12314]],[[12315,-12316,12316]],[[12317,12317,12317]],[[12318,12318,12318]],[[12319,12320]],[[12321]],[[12322]],[[12323,12324]],[[12325]],[[12326]],[[12327,12327,12327]],[[12328]],[[12329]],[[12330]],[[12331,12331,12331]],[[12332,-12333,12333]],[[12334]],[[12335]],[[12336,-12337,12337]],[[12338,12339]],[[12340,12340,12340]],[[12341]],[[12342,12342,12342]],[[12343,12343,12343]],[[12344,12345,12346,12347,12348,-12345]],[[12349,12350,12344]],[[-12351,12351]],[[12352]],[[12353]],[[12354]],[[12355]],[[12356]],[[12357,12358]],[[12359,12360,12361,12362]],[[12363,-12364,12364]],[[12365,12364]],[[12366,12367]],[[12368]],[[12369,12369,12369]],[[12370,-12371,12371]],[[12372,12371]],[[12373]],[[12374]],[[12375,12376,-12376]],[[12377]],[[12378,-12379,12379]],[[12380,12380,12380]],[[12381,-12382,12382]],[[12383,12383,12383]],[[12384,12383]],[[12385,-12386,12386]],[[12387,-12388,12388]],[[12389,12381,12390]],[[12391,12391,12391]],[[12392,12392,12392]],[[12392,12392,12392]],[[12393,-12394,12394]],[[12395,12396]],[[12397]],[[12398,12399]],[[12400]],[[12401]],[[12402,12399]],[[12403,12404]],[[12405]],[[12406]],[[12407]],[[12408,12408,12408]],[[12409,-12410,12410]],[[12411]],[[12412,12412,12412]],[[12413]],[[12414]],[[12415,12415,12415]],[[12416,12417]],[[12418,-12419,12412]],[[12416,12419]],[[12420,12421,12422]],[[12423,-12424,12424]],[[12425,-12426]],[[12426,-12427,12427]],[[12428,12426,-12427,-12429]],[[12429,12430]],[[12431,12431,12431]],[[12432]],[[12431,12431,12431]],[[12433,12434]],[[12435,12435,12435]],[[12436,12436,12436]],[[12437,-12438,12438]],[[12439,12439,12439]],[[12440,12441,12442]],[[-12438,12443]],[[12444,12444,12444]],[[12445,-12446,12444]],[[12446,12446,12446]],[[12444,12444,12444]],[[12447,12448,12449]],[[12450,-12449,-12448,12451]],[[12452,12453,12454]],[[12455]],[[12456]],[[12457,12457,12457]],[[12458,12459,12460]],[[12461,-12462,12462]],[[12463]],[[-12461,12460,12464]],[[12465]],[[12466]],[[12467,12468]],[[12469,-12470,12470]],[[12471]],[[12472]],[[12473,12473,12473]],[[12474,12474,12474]],[[12475,12475,12475]],[[12476,12476,12476]],[[12477]],[[12478,12479]],[[12480]],[[12480]],[[12481]],[[12482,12482,12482]],[[12483,12484,12485]],[[12486,12486,12486]],[[-12485,12484,12487]],[[12488,12489,-12421,12490,12491,12492,12493,12494,12495,-12459,12496,12497,12498,-12479,12499,12500]],[[12501]],[[12502]],[[12503,12504,12505]],[[12506,12507]],[[12507,12507,12507]],[[12508,12509]],[[12510]],[[12511]],[[12512,-12513,12513]],[[12514,12514,12514]],[[12515]],[[12516,12516,12516]],[[12517]],[[12518]],[[12519]],[[12520]],[[12521]],[[12522,12522,12522]],[[12523]],[[12524]],[[12525]],[[12526]],[[12527]],[[-12513,12528,12529,12530,12378,12531,12532,-12358,12533,12534,-12486,12535,12536]],[[12537]],[[12538]],[[12539]],[[12540]],[[12541]],[[12542]],[[12543,12544]],[[12545]],[[12546]],[[12547]],[[12548]],[[12549]],[[12550,12550,12550]],[[12551,12552]],[[12553,12553,12553]],[[12554]],[[12555,12556,12557]],[[12558,-12559,12559]],[[12560]],[[12561,12561,12561]],[[12562,12563]],[[12564,12565,12566,12567,12568,12569,12570,12571,12572,12573]],[[12574]],[[12575]],[[12576]],[[12577,12578]],[[12579,12580,12581]],[[12582,12583]],[[12584]],[[12585]],[[12586]],[[12587]],[[12588]],[[12589]],[[12590]],[[12591]],[[12592,12593]],[[12594,12595,-12505,12596,12469,12597,12598,12461,12599,12600,-12441,12601,12602,12603,12604,-12605,12605,12606,12607,12608,12609,12375,-12371,12610,12611,-12362,12612,12613,12614,-12347,12615,12616,12617,12618,12619,12620,-12320,12621,-12316,12622,12623,12624,12625,12626,12627,12628,-12324,12629,12630,12631,12332,12632,12633,-12309,12634,-12311,12635,12636,12637,12638,12639,12640,-12510,12641,12642,-12545,12643,12644,12645]],[[-12593,12646]],[[12647]],[[12648]],[[12649]],[[12650]],[[12651]],[[12652]],[[12653]],[[12654]],[[12655]],[[12656]],[[12657]],[[12658]],[[12659,12660]],[[12661]],[[12662,12663]],[[12664,12665]],[[12666]],[[12667]],[[12668]],[[12669]],[[12670]],[[12671]],[[12672,12672,12672]],[[12673]],[[12674]],[[12675]],[[12676,12677,12678]],[[12679,12680]],[[12681]],[[12682]],[[12683,12684,-12677,12685,12686,12687]],[[12688]],[[12689,-12684,12690]],[[12691]],[[12692]],[[12693]],[[12694]],[[12695,12695,12695]],[[12696,12695]],[[12697]],[[12698]],[[12699]],[[12700]],[[12701,12702]],[[12703]],[[12704]],[[12705]],[[12706]],[[12707]],[[12708,-12709,12709]],[[12710]],[[12711]],[[12712]],[[12713]],[[12714]],[[12715,12716]],[[12717]],[[12718]],[[12719,-12720,12720]],[[12721,12722]],[[12721,12722]],[[12723,12724,12725]],[[12726,12727,12728,-12724]],[[12729]],[[12730]],[[12731]],[[12732]],[[12733]],[[12734]],[[12735,12736]],[[12737]],[[12738,12739]],[[12740]],[[12741,12742]],[[12743]],[[12744]],[[12745]],[[12746,-12747,12747]],[[12748,12749]],[[12750]],[[12751,-12747,12752,12753,12754,12755,12756,-12716,12757,12758,12759,-12709,12760,12761,12762,12763,12764,-12666,12765,-12728,12766,12767,12768]],[[12769]],[[12770]],[[12771]],[[12772]],[[12773]],[[12774]],[[12775]],[[12776]],[[12777]],[[12778,12779,12780]],[[-12780,12781]],[[12782,12783]],[[12784,12784,12784]],[[-12783,12782,12785]],[[12785,12785,12785]],[[12786]],[[12787]],[[12788]],[[12789]],[[12790]],[[12791]],[[12792]],[[12793]],[[12794,-12795]],[[12795,12796]],[[12797]],[[12798,12798,12798]],[[12799]],[[12800]],[[12801]],[[12802]],[[12803]],[[12804]],[[12805]],[[12806]],[[12807]],[[12808]],[[12809]],[[12810]],[[12811]],[[12812]],[[12813]],[[12814]],[[12815]],[[12816]],[[12817,12818]],[[12819]],[[12820]],[[12821,12822]],[[12823]],[[12824,12825]],[[12826]],[[12827]],[[12828]],[[12829]],[[12830]],[[12831,12832]],[[12833,12834]],[[12835]],[[12836]],[[12837]],[[12838]],[[-12832,12839]],[[12840,12841]],[[12842]],[[12843]],[[12844]],[[12845,12845,12845]],[[12846,12847,12848,12849,12850]],[[12851]],[[12852,12853]],[[12854,12855]],[[12856,-12857,12857]],[[12858]],[[12859,12859,12859]],[[12860]],[[12861,-12862]],[[12862,12863]],[[12864]],[[12865,12865,12865]],[[12866,12867,12868]],[[12869]],[[12870,12871]],[[12872,12873]],[[12874]],[[12875]],[[12876]],[[12877,12878]],[[12879]],[[12880,12881,12882]],[[12883,12884]],[[12885]],[[-12881,12886,-12850,12887,-12848,12888,-12834,12889,12890,12891,12892,12893]],[[12894]],[[12895]],[[12896]],[[12897]],[[12898,12899]],[[12900,12901]],[[12902]],[[12903]],[[12904]],[[12905]],[[12906]],[[12907]],[[12908,-12909,12909]],[[12910]],[[12911]],[[12912]],[[12913]],[[12914]],[[12915]],[[12916]],[[12917]],[[12918]],[[12919]],[[12920]],[[12921]],[[12922,12923]],[[12924]],[[12925]],[[12926]],[[12927]],[[12928,-12929,12929]],[[12930]],[[12931,-12932,12932]],[[12932,12932,12932]],[[12933]],[[12934]],[[12935]],[[12936]],[[12937]],[[12938]],[[12939]],[[12940,12941,12942,12943,12944,12945,12946]],[[12947]],[[12948,12949]],[[12950,-12951,12951]],[[12952,-12953,12953]],[[12954,12955,12950,12956,12952,12957]],[[12958]],[[12959]],[[12960]],[[12961]],[[12962]],[[12963]],[[12964]],[[12965]],[[12966,12966,12966]],[[12967]],[[12967]],[[12968]],[[12969]],[[12970]],[[12971]],[[12972,-12973,12973]],[[12974,12975]],[[12976,12977,-12975,12978]],[[12979,-12980,12980]],[[12981]],[[12982,12982,12982]],[[12983]],[[12984]],[[12985,12985,12985]],[[12986,12986,12986]],[[12987,12988]],[[12989,-12990,12985]],[[12990,12991]],[[12992,12991]],[[12993,12993,12993]],[[12994,-12995,12993]],[[12995,12995,12995]],[[12996]],[[12997,12998,-12999]],[[12999,13000,-12999]],[[13001,13001,13001]],[[13002]],[[13003]],[[13004]],[[13005]],[[13006,-13007,13007]],[[13008,-13009,13009]],[[13010]],[[13011,13012]],[[13013,13014]],[[13015]],[[13016,13017,13018,13019,13020,12972,13021,-12977,13022,13023,13024,13025,13026,13027]],[[13028]],[[13029]],[[13030]],[[13031]],[[13032]],[[13033]],[[13034]],[[13035]],[[13036,13036,13036]],[[13037]],[[13038]],[[13039]],[[13040,13041]],[[13042]],[[-13041,13043]],[[13044]],[[13045]],[[13046,-13047,13047]],[[13048,-13049,13049]],[[13048,-13049,13049]],[[13050,13050,13050]],[[13051,13051,13051]],[[13052,13052,13052]],[[13052,13052,13052]],[[13053]],[[13054,-13055,13052]],[[13055,13055,13055]],[[13056]],[[13057,-13058,13058]],[[13058,13058,13058]],[[-13058,13059]],[[13060,13060,13060]],[[13061]],[[13062]],[[13063,13063,13063]],[[13064]],[[13065]],[[13066]],[[13067]],[[13068]],[[13069,13070]],[[13071,13072]],[[13073,13074,13075]],[[-13072,13076,-13075,13077]],[[13078]],[[13079]],[[13080,13081]],[[13082,-13081,13083]],[[13084]],[[13085,13086,13087]],[[13088,-13089,13089]],[[13090]],[[13091,13092]],[[13093,-13094,13092]],[[13094]],[[13095,13096,13097]],[[13098]],[[13099]],[[13100]],[[13101]],[[13102]],[[13103]],[[13104]],[[13105,13106]],[[-13106,13107]],[[13108]],[[13109]],[[13110]],[[13111,-13096,13112,-13070,13113,13114,13115,13116,13117,13118,13119,13120,13121,13122,13123,13124]],[[13125]],[[13126]],[[13127]],[[13128]],[[13129]],[[13130]],[[13131]],[[13132]],[[13133,13134]],[[13135]],[[13136]],[[13137]],[[13138,13139,13140]],[[13141]],[[13142,13143,13144]],[[13145]],[[13146,13147]],[[13148,13149,-13140]],[[13150]],[[13151,-13144,13152]],[[13153]],[[13154,13154,13154]],[[13155]],[[13156,13157,13158]],[[13159,13159,13159]],[[13160,13160,13160]],[[13161]],[[13162]],[[13163]],[[13164]],[[13165,13166,13167,13168,13169]],[[13170]],[[13171]],[[13172]],[[13173]],[[13174,13175]],[[13176]],[[13177]],[[13178]],[[13179]],[[13180,-13181,13181]],[[13182]],[[13183,13183,13183]],[[13184]],[[13185]],[[13186]],[[13187]],[[13188]],[[13189]],[[13190]],[[13191]],[[13192]],[[13193]],[[13194,13195,13196,13197,-13166,13198]],[[13199]],[[13200]],[[13201]],[[13202]],[[13203]],[[13204]],[[13205]],[[13206]],[[13207]],[[13208]],[[13209]],[[13210]],[[13211]],[[13212]],[[13213,13213,13213]],[[13214]],[[13215,13216]],[[13217]],[[13218,13219]],[[13220,13221]],[[13222]],[[13223,-13224,13224]],[[13223,13225]],[[13226,13227,-13221]],[[13228]],[[13229]],[[13230]],[[13231,13232]],[[-13219,13233,13234,-13158,13235,13236,13237,13238,13239,13240,13241,13242,13243,13244,13245]],[[13246]],[[13247]],[[13248,-13249,13249]],[[13250]],[[13251]],[[13252,13253]],[[13254]],[[13255,13256]],[[13257]],[[13258]],[[13259]],[[13260]],[[13261]],[[13262]],[[13263]],[[13264]],[[13265,13265,13265]],[[13266]],[[13267,13268]],[[13269]],[[13270]],[[13271]],[[13272]],[[13273]],[[13274,13275]],[[13276]],[[-13276,13277]],[[13278]],[[13279]],[[13280,13281]],[[13282,13283]],[[13284]],[[13285]],[[13286]],[[13287]]],"properties":{"name":"小笠原","code":"9133","namekana":"おがさわら","EEW_CODE":"9133"}},{"type":"MultiPolygon","arcs":[[[13288]],[[13289]],[[13290,13291]],[[13292]],[[13293]],[[13294]],[[13295,13296]],[[13297]],[[13298]],[[13299,13300,13301,13302,-13300]],[[13303]],[[13304]],[[13305]],[[13306]],[[13307]],[[13308,13309]],[[13310,13311]],[[13312]],[[13313]],[[13314,-13291,13315,13316,-13296,13317,13318,-13300,13319,13299,13320,13321,13322]],[[13323,-13324,13324]],[[13325]],[[13326]],[[13327]],[[13328]],[[13329]],[[13330,13331,13332]],[[13333]],[[13334]],[[13335]],[[13336]],[[13337]],[[13338]],[[13339]],[[13340]],[[13341]],[[13342]],[[13343]],[[-13324,13344]],[[13345]],[[13346]],[[13347]],[[13348]],[[13349]],[[13350]],[[13351]],[[13352,13353]],[[13354]],[[13355]],[[13356]],[[13357]],[[13358]],[[13359,13359,13359]],[[13360,13361]],[[13362]],[[13363,13364]],[[13365]],[[13366]],[[13367,13368]],[[13369,13370]],[[13371]],[[13372]],[[13373]],[[13374,13375]],[[13376]],[[13377]],[[13378]],[[13379]],[[13380]],[[13381]],[[13382]],[[13383]],[[13384]],[[13385]],[[13386,13387]],[[13388]],[[13389]],[[13390]],[[13391]],[[13392]],[[13393]],[[13394]],[[13395]],[[13396]],[[13397,13398,-13399,13399,13400]],[[13401]],[[13402]],[[13403,13404]],[[13405,13405,13405]],[[13406]],[[13407]],[[13408]],[[13409]],[[13410]],[[13411]],[[13412]],[[13413]],[[13414]],[[13415]],[[13416]],[[13417,-13418,13418]],[[13419]],[[13420]],[[13421]],[[13422]],[[13423]],[[13424]],[[13425,13426]],[[13427]],[[13428]],[[13429,-13430,13430]],[[13431,13432]],[[13433,13433,13433]],[[13434]],[[13435,13436]],[[13435,-13436,13435,-13436]],[[13437,13437,13437]],[[13438]],[[13439,13439,13439]],[[13440]],[[13441,13442]],[[13443,13442]],[[13444]],[[13445]],[[13446]],[[13447]],[[13448,13449]],[[13450]],[[13451]],[[13452]],[[13453]],[[13454]],[[13455]],[[13456,-13457,13457]],[[13458]],[[13459]],[[13460,13460,13460]],[[13461]],[[13462]],[[13461]],[[13462]],[[13463]],[[13461]],[[13462]],[[13462]],[[13462]],[[13464,13464,13464]],[[13465]],[[13466]],[[13467]],[[13468]],[[13469]],[[13470,-13471,13471]],[[13472,13472,13472]],[[13473,13473,13473]],[[13474]],[[13475,13475,13475]],[[13476]],[[13477]],[[13478,-13479,13479]],[[13480,13479]],[[13481]],[[13482]],[[13483]],[[13484]],[[13485]],[[13485]],[[13486]],[[13487,13487,13487]],[[13488,13487]],[[13489,13489,13489]],[[13490,-13491,13491]],[[13492]],[[13493]],[[13494,13494,13494]],[[13495,13496]],[[-13491,13497,13498]],[[13499]],[[13500]],[[13501,13501,13501]],[[13502]],[[13503,13504]],[[13505,13505,13505]],[[13506]],[[13507,-13508,13508]],[[13509,13510,13507]],[[13511]],[[13512,13512,13512]],[[13513]],[[13514]],[[13515]],[[13516]],[[13517]],[[13518]],[[13519]],[[13520,-13521,13521]],[[13522,13522,13522]],[[13523]],[[13524]],[[13525,-13526,13526]],[[13527]],[[13528]],[[13529,-13530,13530]],[[13531,13532,13533,13534]],[[-13534,13533,13535]],[[13536,13537]],[[13538]],[[13539]],[[13540,13541]],[[13542,-13543,13543]],[[13544]],[[13545,13546]],[[13547]],[[13548,13549]],[[13550,13551]],[[13552]],[[13553,13554]],[[13555]],[[13556]],[[13557,13558]],[[13559,13560]],[[13561]],[[13562]],[[13563,13563,13563]],[[13564]],[[13565]],[[13566,13567]],[[13568]],[[13569]],[[13570]],[[13571,13572]],[[13573]],[[13574,-13575,13575]],[[13576,13577,-13578]],[[13578]],[[13579,13579,13579]],[[13580,13580,13580]],[[13581,-13582,13579]],[[-13578,13577,13582,-13583]],[[13583,13583,13583]],[[13584,13584,13584]],[[13580,13580,13580]],[[13585,-13586,13586,-13583,13582,13587,-13588,13587,13588]],[[13589,13589,13589]],[[13590,13590,13590]],[[13591,-13592,13590]],[[13592,-13593,13593]],[[13594,-13595,13593]],[[13595,-13596,13596]],[[13597]],[[13598]],[[13599]],[[13600,13601]],[[13602]],[[13603,-13604,13601]],[[13604,13604,13604]],[[13605]],[[13606,-13607,13607]],[[13608,13608,13608]],[[13609]],[[13610]],[[13611]],[[13612,-13613,13613]],[[13614,13615]],[[13616]],[[13617,-13618,13618]],[[13612,13617,13619,13620]],[[13621,13621,13621]],[[13622]],[[13622]],[[13623,13623,13623]],[[13624]],[[13625,13625,13625]],[[13626,13627]],[[13628]],[[13629,13629,13629]],[[13630,13630,13630]],[[13631,13631,13631]],[[13632]],[[13633]],[[13634,13635]],[[13636,13636,13636]],[[13637,-13638,13637,-13638]],[[13638]],[[13639,-13640,13640]],[[13641,13641,13641]],[[13642,13643]],[[13644,13644,13644]],[[13645,13645,13645]],[[13646]],[[13647]],[[13645,13645,13645]],[[13648,13649,-13649]],[[13650]],[[13651,13651,13651]],[[13652,-13653,13653]],[[13654,-13655,13655]],[[13656,-13657,13657]],[[13658,13659,13660]],[[-13657,13661,13662,13656]],[[13663,13663]],[[13664]],[[13665,13666,-13666]],[[13665,-13666,13667]],[[13668]],[[13669]],[[13670]],[[13671]],[[13672]],[[13673,-13674,13673,-13674,13674,-13675]],[[13675]],[[13676,13676,13676]],[[13677,-13678,13678]],[[13679,-13680,13680]],[[13681,-13680,13682]],[[13683,13683,13683]],[[13684,13685,13686]],[[13687,13688]],[[13689,13689,13689]],[[13690,-13691,13691,-13692,13691,-13692]],[[13691,13692,13693,13694]],[[13695,-13696,13696]],[[13697]],[[13698,13699,13700,13701]],[[13702,13702,13702]],[[13703,13704]],[[13703,13705]],[[13706]],[[13707]],[[13708]],[[13709,13710]],[[13711,13712]],[[13713,-13714,13714]],[[13715]],[[13716]],[[13717,13717,13717]],[[13718,13719,-13719]],[[13720,13720,13720]],[[13721,-13722,13722]],[[13720,13720,13720]],[[13723,13724]],[[13725]],[[13726]],[[13727]],[[13728,13728,13728]],[[13729,13730]],[[13731]],[[13732]],[[13733]],[[13734]],[[13735]],[[13736,-13737,13737,13738]],[[13739]],[[13740]],[[13741]],[[13742,13743,-13743,13744,13736,13745]],[[13746]],[[13747]],[[13748,-13749,13749]],[[13750]],[[13751]],[[13752,13753]],[[13752,-13753,13754]],[[13755]],[[13756]],[[13757]],[[13758]],[[13759]],[[13760]],[[13761]],[[13762,13763]],[[13764]],[[13765,13766,-13767,-13766]],[[13767,13767,13767]],[[13768]],[[13769]],[[13770]],[[13771]],[[13770]],[[13772]],[[13773,13773,13773]],[[13774]],[[13775,-13776,13776]],[[13777,13777,13777]],[[13778,13778,13778]],[[13779]],[[13780,13781,-13781]],[[13782,13782,13782]],[[13783]],[[13784,-13785,13785]],[[13786,13786,13786]],[[13787]],[[13788]],[[13789,13789,13789]],[[13790]],[[13791,-13792,13789]],[[13792]],[[13793]],[[13792]],[[13794]],[[13795]],[[13796]],[[13797]],[[13798,13798,13798]],[[13799]],[[13800,13801,13802,13803,13804,13805,13806,13807,13808,13809,13810,13811,13812]],[[13813]],[[13814]],[[13815]],[[13816]],[[13817,13817,13817]],[[13817,13817,13817]],[[13818]],[[13819,13819,13819]],[[13820]],[[13821,-13822,13822]],[[13822,13822,13822]],[[13823,-13824,13824]],[[13824,13824,13824]],[[13825,13824]],[[13824,13824,13824]],[[13826,13826,13826]],[[13827]],[[13828,13829,-13830]],[[13830,-13831,13831]],[[13831,13831,13831]],[[13831,13831,13831]],[[13832]],[[13833,13829,13834,13835,13836,13837,13837,13821,13838,13839,-13824,13840,13841,13842,13843]],[[13844,13845]],[[13846]],[[13846]],[[13847,13848]],[[13849,13849,13849]],[[13850,13850,13850]],[[13851]],[[13852]],[[13853]],[[13854]],[[13855]],[[13856,13857]],[[13858]],[[13859]],[[13860,-13861,13861]],[[-13861,13862,13863]],[[-13863,13864,-13865,13862]],[[13865,13866,-13867]],[[13867,13867,13867]],[[13868]],[[13869]],[[13870]],[[13871]],[[13872,13873]],[[13874]],[[13875,13875,13875]],[[13875,13875,13875]],[[13876,13876,13876]],[[13875,13875,13875]],[[13875,13875,13875]],[[13877,13878,13879,13880]],[[13881,13881,13881]],[[13882]],[[13883,-13884,13884]],[[13885,13885,13885]],[[13886,13887]],[[13887,13887,13887]],[[13888]],[[13887,13887,13887]],[[13889,-13890,13887]],[[13890,13890,13890]],[[13890,13890,13890]],[[13891]],[[13892,-13893,13893]],[[13894]],[[13895]],[[13896]],[[13897]],[[13898,13898,13898]],[[13897]],[[13899,13899,13899]],[[13900,-13901,13900,-13901]],[[13901]],[[13902,-13903,13903]],[[13904,13904,13904]],[[13905,-13906,13904]],[[13906]],[[13907,13907,13907]],[[13908,13907]],[[13909,13910]],[[13911]],[[13912,13913]],[[13914,-13915,13913]],[[13915]],[[13916,13916,13916]],[[13917,13917,13917]],[[13918,13918,13918]],[[13919]],[[13920]],[[13921]],[[13922,13922,13922]],[[13923,-13924,13924,-13924]],[[-13924,13923,-13924,13923]],[[13925]],[[13926,13927]],[[13928,13928,13928]],[[13929,13930]],[[13931,13931,13931]],[[13932,13932,13932]],[[13933,-13934,13932]],[[13934,13935,13936]],[[13937,-13938,13938]],[[13938,13938,13938]],[[13939,13939,13939]],[[13940]],[[13941,13941,13941]],[[13937,-13938,13938]],[[-13935,13942,13943,13944]],[[13945,-13946,13946]],[[13947,13948,-13949,-13948]],[[13949,13949,13949]],[[13950,13950,13950]],[[13951,13951,13951]],[[13952,13953]],[[13953,13953,13953]],[[13954]],[[13955,-13956,13949]],[[13956,13956,13956]],[[13957,-13958,13958]],[[13959,13959,13959]],[[13960,-13961,13959]],[[13961,-13962,13962]],[[13963,-13964,13964]],[[-13964,13963,13958]],[[13965,13965,13965]],[[13966,13966,13966]],[[13966,13966,13966]],[[13967,13968]],[[-13968,13969]],[[13970,13971]],[[13972]],[[13973]],[[13974]],[[13975]],[[13976]],[[13977]],[[13978,13978,13978]],[[13979,-13980,13978]],[[13980,13980,13980]],[[13981,13981,13981]],[[13982,13982,13982]],[[13983,-13984,13978]],[[13978,13978,13978]],[[13984,13985,13986]],[[13987,-13988,13988]],[[13989,13981]],[[13990,-13988]],[[13991,-13992,13992]],[[-13992,13991,13993]],[[13994,13994,13994]],[[13995]],[[13996,13996,13996]],[[13997,13998,13999,14000]],[[14001,14002]],[[14003]],[[14004,-14005,14005]],[[14006]],[[-14005,14007,14008,-14009,14008]],[[14009,14009,14009]],[[14010,14010,14010]],[[14011]],[[14012,14013,-14009]],[[14014]],[[14015]],[[14016,-14017,14017]],[[14018]],[[14019]],[[14020]],[[14021,-14022,14022]],[[14023,14023,14023]],[[14024]],[[14025,14026]],[[14027,14028]],[[14029]],[[14030]],[[14031,14032]],[[-14032,14031,14033]],[[14034,14034,14034]],[[14035]],[[14036]],[[14037,-14038,14038]],[[14039]],[[14040,14040,14040]],[[14041]],[[14042,14043]],[[14044,14044,14044]],[[14045,-14046,14046]],[[14047]],[[14048]],[[14049]],[[14050,-14051,14051]],[[14052,14052,14052]],[[14053,14053,14053]],[[14054,14054,14054]],[[14053,14053,14053]],[[14053,14053,14053]],[[14055]],[[14056]],[[14057]],[[14058]],[[14059]],[[14060]],[[14061,14061,14061]],[[14062,14062,14062]],[[14062,14062,14062]],[[14063]],[[14062,14062,14062]],[[14064]],[[14065,14062]],[[14066]],[[14067,14068]],[[14069]],[[14070]],[[14071]],[[14072,14072,14072]],[[14073]],[[14074]],[[14075,14075,14075]],[[14076,14075]],[[14077]],[[14078,14078,14078]],[[14079,14079,14079]],[[14078,14078,14078]],[[14080,-14081,14081]],[[14082,14082,14082]],[[14083]],[[14084,14084,14084]],[[14085,14086,-14081,14080,-14087]],[[14087,-14088,14088]],[[14089,14089,14089]],[[14090,14090,14090]],[[14091,14090]],[[14092,14093,14094]],[[14095,14095,14095]],[[14096,14096,14096]],[[14097,14098,-14099,-14098]],[[14099,-14100,14100]],[[-14099,14101,14102,14103,14098]],[[14104,-14105,14105]],[[14100,14100,14100]],[[14106,14106,14106]],[[14107]],[[14108,14108,14108]],[[14109,14109,14109]],[[14110,14111,-14112,14111]],[[14112,-14113,14113]],[[14114,14115]],[[14116]],[[14117,-14118,14118]],[[14118,14118,14118]],[[14119,-14120,14120]],[[14121,14121,14121]],[[14122,-14123,14122,14123,14124,-14125,-14118,14125]],[[14126]],[[14127,14127,14127]],[[14128,14128,14128]],[[14129,14130]],[[14131,14132]],[[14133]],[[-14130,14134]],[[14135,14135,14135]],[[14136,14136,14136]],[[14135,14135,14135]],[[14137]],[[14136,14136,14136]],[[14138,-14139,14139]],[[14140,14141]],[[14139,14139,14139]],[[14142,14142,14142]],[[14143,14144]],[[14145]],[[14146,-14147,14144]],[[14147,-14148,14142]],[[14148]],[[14149]],[[14150,-14151,14151]],[[14152,-14153,14153]],[[14154,-14153]],[[14155,14155,14155]],[[14156,-14157,14157]],[[14158]],[[14159,14159,14159]],[[14160]],[[14161]],[[14155,14155,14155]],[[14162,-14163,14162,-14163]],[[14163,14163,14163]],[[14164]],[[14165]],[[14166]],[[14167]],[[14168,-14169,14169]],[[14170]],[[14171,-14169]],[[14172,14172,14172]],[[14173,-14174,14155]],[[14174]],[[14175,14175,14175]],[[14176,14177]],[[14175,14175,14175]],[[14178]],[[14179,-14180,14175]],[[14180,14180,14180]],[[14181]],[[14182]],[[14183]],[[14184]],[[14185,14172]],[[14186,-14187,14187]],[[14188]],[[14189,14190,14191]],[[14192,14192,14192]],[[14193]],[[14194]],[[14195]],[[14196,14197]],[[14198,14199]],[[14198,-14199,14192]],[[14200,14201]],[[14202,-14203,14203]],[[14204,14205,-14201]],[[14203,14203,14203]],[[14206]],[[14207,14208,14209,14210,14211]],[[14212]],[[14213]],[[14214]],[[14215]],[[14216,14217]],[[14218]],[[14219]],[[14220]],[[14221,14222]],[[14222,14222,14222]],[[14223,14222]],[[14224]],[[14225]],[[14226]],[[14227]],[[14228]],[[14229]],[[14230,14231]],[[14232]],[[14233]],[[-14231,14234,14235,14236]],[[14237,14238]],[[14239]],[[14240]],[[-14236,14241,14242]],[[14243]],[[14244]],[[14245]],[[14246,-14247,14247]],[[14248]],[[14249]],[[14250,14251]],[[14252]],[[14253]],[[14254,14255,14256]],[[14257]],[[14258]],[[14259,14260]],[[14261,14262]],[[14263,14263,14263]],[[14264,14264,14264]],[[14263,14263,14263]],[[14265]],[[14266,14266,14266]],[[14267]],[[14268]],[[14269]],[[14270,14271,14272]],[[-14272,14271,14273]],[[14274]],[[14275]],[[14276,-14277]],[[14277,-14278,14263]],[[14278]],[[14279,14280]],[[14281]],[[14282,14283]],[[14284,-14285,14285]],[[14286]],[[14287,14288]],[[14289]],[[14290,14291,14292,14293,14294,14295]],[[14296]],[[14297,14298,14299,14300]],[[14301,14302,14303]],[[14304]],[[14305]],[[14306,14307]],[[-14303,14308]],[[-14294,14309,14310]],[[14311]],[[14312]],[[14313]],[[14314]],[[14315]],[[14316,14317]],[[14318,14318,14318]],[[14319,-14320,14318]],[[14320]],[[14321,14321,14321]],[[14322,14323,14324]],[[14325]],[[14326]],[[14327]],[[14328,14328,14328]],[[14329,14330]],[[14331]],[[14332]],[[14333]],[[14334]],[[14335,-14336,14336]],[[14336,14336,14336]],[[14337]],[[14338]],[[14339]],[[14340]],[[14341]],[[14342]],[[14343,-14344,14344]],[[14343,14345,14346]],[[14347,14348]],[[14349,14349,14349]],[[14350,14351]],[[14352]],[[14353,14353,14353]],[[14354,14354,14354]],[[14355,14356,14357,14358]],[[14356,-14357,14359]],[[14360,14361]],[[14362]],[[14363]],[[14364]],[[14365]],[[14366]],[[14367]],[[14368]],[[14369]],[[14370]],[[14371]],[[14372]],[[14373]],[[14374,14375]],[[14376,14377]],[[14378]],[[14379]],[[14380]],[[14381,-14382,14382]],[[14383,-14384,14384]],[[14385,14386,14387,14388,-14386,14389,14390]],[[14391]],[[14392]],[[14393]],[[14394]],[[14395,14396]],[[14397]],[[14398,-14396]],[[14399]],[[14400]],[[14401,14401,14401]],[[14402]],[[14403]],[[14404]],[[14405]],[[14406,14406,14406]],[[14407,14408]],[[14409,-14410,14406]],[[14410,-14411,14410,-14411]],[[14411,14411,14411]],[[14412,14407]],[[14413,-14414,14414]],[[14415,14415,14415]],[[14416]],[[14417,-14418,14418]],[[14419,14419,14419]],[[14420,14421]],[[14419,14419,14419]],[[14418,14418,14418]],[[14417,14422,14423]],[[14424]],[[14425,14425,14425]],[[14426,14427]],[[14428,-14429,14429]],[[14430,14431,14432,14433]],[[14434,14434,14434]],[[14435,14435,14435]],[[14434,14434,14434]],[[14436,14437,-14437]],[[14434,14434,14434]],[[14438,14438,14438]],[[14439]],[[14434,14434,14434]],[[14440,14440,14440]],[[14434,14434,14434]],[[14441,-14442,14434]],[[14434,14434,14434]],[[14442,14442,14442]],[[14443,-14444,14444]],[[14445,14445,14445]],[[14446,14446,14446]],[[14445,14445,14445]],[[14447,14448,-14449,-14448]],[[14449,14450,14451]],[[14452,-14453,14444]],[[14453,14453,14453]],[[14454,14454,14454]],[[14455]],[[14456,14456,14456]],[[14457,14458]],[[14459,14459,14459]],[[14456,14456,14456]],[[14459,14459,14459]],[[14460,14436,14461,14462]],[[14463,14464]],[[14465,-14466,14453]],[[-14452,14451,14466,-14467]],[[14467,14467,14467]],[[14468,14468,14468]],[[14469,14409,14470,14471,14472,14473,-14429,14474,-14411]],[[14465,-14466,14453]],[[14472,14475,-14476,-14473]],[[14467,14467,14467]],[[14476]],[[14477,-14478,14478]],[[14479,-14480,14458]],[[14480,-14481,14454]],[[14481,-14482,14467]],[[14482,-14483,14483]],[[14484,14484,14484]],[[14481,-14482,14467]],[[14485,-14486,14486]],[[14484,14484,14484]],[[14487,14485,14488,14489]],[[14490,-14491,14490,14491,14492]],[[14484,14484,14484]],[[14493,14493,14493]],[[14494,14494,14494]],[[-14486,14485,-14486,14485]],[[14493,14493,14493]],[[14484,14484,14484]],[[14495,-14496,14494]],[[14493,14493,14493]],[[14496,14496,14496]],[[14496,14496,14496]],[[14484,14484,14484]],[[14497,14497,14497]],[[14484,14484,14484]],[[14493,14493,14493]],[[14493,14493,14493]],[[14498,14498,14498]],[[14493,14493,14493]],[[14484,14484,14484]],[[14499,14499,14499]],[[14493,14493,14493]],[[14500,14479,14501,-14502,14501,14502]],[[14496,14496,14496]],[[14496,14496,14496]],[[14497,14497,14497]],[[14503,-14504,14496]],[[14504,-14505,14496]],[[-14481,14505,-14490,14506,-14507,14506,-14507,14506]],[[14496,14496,14496]],[[14507,-14508,14507,-14508]],[[14508,-14509,14509]],[[14510,-14511,14497]],[[14511,14511,14511]],[[14512,-14513,14513]],[[14514,14514,14514]],[[14510,-14511,14497]],[[14515,14516,-14517,-14516,14517,-14518,14518,14519]],[[14520,14520,14520]],[[14521,-14522,14520]],[[14509,14509,14509]],[[14522,14522,14522]],[[14508,-14509,14509]],[[14523,14523,14523]],[[14524,14525,14526]],[[14509,14509,14509]],[[14514,14514,14514]],[[14522,14522,14522]],[[14509,14509,14509]],[[14527,-14528,14522]],[[14509,14509,14509]],[[14510,-14511,14497]],[[14528,14528,14528]],[[14528,14528,14528]],[[14529,14530]],[[14531,-14532,14531,-14532]],[[14528,14528,14528]],[[14532,14532,14532]],[[14531,-14532,14533]],[[14534]],[[14535,-14536,14536]],[[14537,14537,14537]],[[14538,14539,14512,14540,14541,14542]],[[14543,14543,14543]],[[14537,14537,14537]],[[14544,-14545,14543]],[[14545,14545,14545]],[[14545,14545,14545]],[[14545,14545,14545]],[[14546,14546,14546]],[[14546,14546,14546]],[[14546,14546,14546]],[[14546,14546,14546]],[[14546,14546,14546]],[[14546,14546,14546]],[[14547,-14548,14548]],[[14549]],[[14548,14548,14548]],[[14545,14545,14545]],[[14550,14550,14550]],[[14551,14552]],[[14553]],[[14554,14554,14554]],[[14554,14554,14554]],[[14555]],[[14556,14556,14556]],[[14557]],[[14558,14558,14558]],[[14559,14559,14559]],[[14559,14559,14559]],[[14559,14559,14559]],[[14559,14559,14559]],[[14559,14559,14559]],[[14559,14559,14559]],[[14560]],[[14561,14561,14561]],[[14561,14561,14561]],[[14561,14561,14561]],[[14561,14561,14561]],[[14561,14561,14561]],[[14562,14562,14562]],[[14563,14564,-14565,-14564]],[[14565,14565,14565]],[[14566]],[[14567,14567,14567]],[[14568,14568,14568]],[[14568,14568,14568]],[[14568,14568,14568]],[[14568,14568,14568]],[[14569]],[[14570]],[[14571,14571,14571]],[[14572,-14573,14572,-14573]],[[14573,-14574,14574]],[[14575,14575,14575]],[[14576,14576,14576]],[[14577,-14578,14575]],[[14578,-14579,14575]],[[14579,14579,14579]],[[14580,14580,14580]],[[14581,14581,14581]],[[14582,14583]],[[14580,14580,14580]],[[14584,-14585,14585,-14586]],[[14586,14586,14586]],[[14587,14588,14589,14585]],[[14586,14586,14586]],[[14590,14590,14590]],[[14590,14590,14590]],[[14590,14590,14590]],[[14591,14591,14591]],[[14590,14590,14590]],[[14592,14592,14592]],[[14590,14590,14590]],[[14586,14586,14586]],[[14590,14590,14590]],[[14590,14590,14590]],[[14593,-14594,14594]],[[14595]],[[14591,14591,14591]],[[14596]],[[14597,14598,14599]],[[14600,-14601,14601]],[[14601,14601,14601]],[[14602]],[[14603]],[[14604,14605]],[[14606,-14607,14607]],[[14608]],[[14609,14610]],[[14611]],[[-14599,14612,14613,-14614,14613,14614,14615,14606,14616,14617,14618]],[[14619,-14620,14620]],[[14621]],[[14622]],[[14623]],[[14624,14624,14624]],[[14625,14626,14626,14627,-14628,14628,14448,14629,-14451,14630,14631,14632,14633,14508,14634,14635,-14433,14432,-14433,14636,14637,14465,14481,-14482,14481,14638,-14639,14638,14521,14639,14640,14641,14642,14480,14643,14527,-14528,14527,-14528,14644,14645,-14536,14646,14647,14648,14649,14650,-14650,14651,14652,-14653,14652,-14653,14653,-14541,14540,-14541,14540,-14541,14654,14655,14656,-14520,14657,14658,14659,-14660,-14659,14660,14661,14662,14663,14664,14491,-14492,-14491,14665,14666,14667,14668,14669,14670,14671,14672,14673,14674,14675,14676,14677,14678,14679,14680]],[[14681,14681,14681]],[[14682,14683,14684]],[[-14683,14685,14686,14687,14688,14689]],[[14690]],[[14691,14691,14691]],[[14692,14693,-14694,14694,14695]],[[14696]],[[14697,-14698,14681]],[[14698,-14699,14699]],[[14700,14700,14700]],[[14701,-14702,14702]],[[14703,-14704,14704]],[[14700,14700,14700]],[[14700,14700,14700]],[[-14702,14701,14700]],[[14705]],[[14706,-14707,14707]],[[14708,14709,14710,14711]],[[14712,14713,-14714,14714]],[[14715,14715,14715]],[[-14707,14716,14717,14718,-14719]],[[14719,14720,14718,14721,14722]],[[14723,14723,14723]],[[14724]],[[14725]],[[14701,14726,-14553,14727]],[[14728]],[[14729]],[[14730,14731]],[[14732,14732,14732]],[[14732,14732,14732]],[[14733,-14734,14732]],[[14734,14735,14736]],[[14737,14737,14737]],[[14738]],[[14739,-14740,14737]],[[14740,14740,14740]],[[14741,14741,14741]],[[-14737,14736,-14737,14736]],[[14739,14742]],[[14743,14744]],[[14745]],[[14746,-14747,14744]],[[14747]],[[14748]],[[14749,-14750,14750]],[[14751,14751,14751]],[[14752]],[[14753,14754,14746,14755,-14756,14755]],[[14756]],[[14756]],[[14749,-14750,14757,-14758]],[[14758,-14759,14759]],[[14760]],[[14761]],[[14762,14763]],[[14764]],[[14765]],[[14766]],[[14767]],[[14768,14769]],[[14770]],[[14771]],[[14772]],[[14773]],[[14774]],[[14775]],[[14776]],[[14777]],[[14778]],[[14779]],[[14780,14781]],[[14782,14783]],[[14784]],[[14784]],[[14785]],[[14786,14786,14786]],[[14787]],[[14788,-14789,14789]],[[14788,14790]],[[14791,14791,14791]],[[14792]],[[14793]],[[14794]],[[14795]],[[14796]],[[14797]],[[14798]],[[14799,-14800,14800]],[[14801]],[[14802]],[[14803]],[[14804]],[[14805]],[[14806]],[[14807]],[[14808]],[[14809]],[[14810,14811,14812,14813]],[[14814]],[[3863,-3863,3861,-3861,3859,-3859,3857,-3857,3855,-3855,3852,-3854,-3853,-3852,3850,-3850,3848,-3848,3846,-3846,-3845,-3844,3842,-3842,3840,-3840,3838,-3838,-3837,-3836,-3835,3833,-3833,3831,-3831,-3830,-3829,-3828,-3827,-3826,-3825,3823,-3823,14815,14810,14816,14817,14818,14819,14820,14821,-14781,14822,14823,14824,14825,14826,-14548,14827,14828,14829,14830,14831,14832,14833,14834,14835,14836,14837,-14837,14838,14839,14840,14841,14842,14843,14844,14845,14846,14847,14848,14849,14850,14851,14852,14853,14854,14855,14112,14856,14099,14857,14858,-14102,-14098,14859,14860,14861,14861,14862,14863,-14094,14864,14865,14866,14867,14868,14869,-14870,14870,14871,14872,14873,14874,14875,-14051,14050,14876,14877,14878,14879,14880,14881,14882,14883,14884,14885,14886,14887,14888,14889,14890,-14891,-14022,14891,14892,14893,14894,-13998,13997,14895,14896,-13971,14897,14898,-13903,13900,14899,14900,14901,14902,-13893,14903,-13890,14904,-13884,14905,-13878,14906,14907,14908,-13863,13864,14909,14910,13748,14911,14912,14913,14914,14915,14916,14917,14918,14919,14920,14921,-13309,14922,14923,-13333,14924,14925,-13332,14926,14927,14928,13310,-13311,14929,14930,14931,14932,14933,14934,13456,14935,14936,14937,14938,14939,-13550,14940,14941,14942,14943,13574,14944,-13572,14945,14946,14947,14948,14949,14950,14951,14952,13581,14953,14954,14955,14956,-14957,14957,14956,-13586,13585,-13586,13585,14958,14959,14960,14961,-13607,14962,14963,14964,14965,14966,-13627,14967,14968,14969,14970,-13615,14971,-14972,14971,14972,14973,-13621,14974,14975,14976,14977,14978,14979,14980,14981,14982,13639,14983,14984,14985,14986,-14987,14986,-14987,-13649,14987,13654,14988,-13660,14989,14990,14991,-13674,14992,13677,14993,-13682,14994,14995,14996,-13686,14997,14998,14999,15000,15001,13695,-13696,15002,-13701,15003,15004,15005,15006,15007,-13713,15008,15009,15010,15011,13718,15012,15013,15014,15015,15016,15017,15018,15019,15020,15021,15022,-13802,15023,15024,15025,15026,15027,-13911,15028,15029,15030,15031,15032,15033,15034,-13946,15035,15036,15037,15038,15039,15040,15041,15042,15043,15044,15045,15046,15047,15048,14037,15049,15050,15051,-14032,15052,15053,15054,15055,-14325,15056,15057,15058,15059,-14759,15060,15061,14757,15062,15063,15064,15065,15066,15067,-13510,15068,15069,15070,15071,15072,15073,15074,15075,15076,15077,15078,15079,15080,-13449,15081,15082,15083,15084,15085,15086,15087,-13398,15088,15089,15090,15091,15092,15093,15094,15095,15096,15097,-3865],[15098]]],"properties":{"namekana":"かながわ","code":"9140","name":"神奈川","EEW_CODE":"9140"}},{"type":"MultiPolygon","arcs":[[[15099]],[[1772,-1772,1770,-1770,1768,-1768,-1767,-1791,-1790,1788,-1788,-1811,15100,15101,15102,-1774]]],"properties":{"code":"9150","name":"新潟","namekana":"にいがた","EEW_CODE":"9150"}},{"type":"MultiPolygon","arcs":[[[15103,-15104,15104]],[[-15102,15105,15106,15107,15108,15109,15110,15111,15112,15113,15114]]],"properties":{"namekana":"とやま","code":"9160","name":"富山","EEW_CODE":"9160"}},{"type":"MultiPolygon","arcs":[[[15115]],[[15116]],[[15117,-15110,15118,15119,15120]]],"properties":{"namekana":"いしかわ","code":"9170","name":"石川","EEW_CODE":"9170"}},{"type":"MultiPolygon","arcs":[[[15121,-15122,15121,-15122]],[[15122]],[[-15120,15123,15124,15125,15126,15121,15127,15128]]],"properties":{"namekana":"ふくい","code":"9180","name":"福井","EEW_CODE":"9180"}},{"type":"Polygon","arcs":[[15129,15130,-1822,-3866,-15098,15096,-15096,15094,-15094,15131,15132,15133,15134,15135,15136,15137,15138]],"properties":{"name":"山梨","code":"9190","namekana":"やまなし","EEW_CODE":"9190"}},{"type":"Polygon","arcs":[[-1810,-1809,-1823,-15131,15129,-15139,15137,-15137,15139,15140,15141,15142,15143,15144,15145,15146,15147,15148,15149,15150,15151,15152,15153,-15106,-15101]],"properties":{"namekana":"ながの","code":"9200","name":"長野","EEW_CODE":"9200"}},{"type":"Polygon","arcs":[[-15154,15152,-15152,15154,15155,15156,-15124,-15119,-15109,15107,-15107]],"properties":{"name":"岐阜","code":"9210","namekana":"ぎふ","EEW_CODE":"9210"}},{"type":"MultiPolygon","arcs":[[[15157]],[[15158]],[[15159]],[[15160]],[[15161]],[[15162]],[[15163]],[[15164]],[[15165]],[[15166]],[[15167]],[[15168]],[[15169,-15170]],[[15170]],[[15171,15172]],[[15173]],[[15174]],[[15175]],[[15176]],[[15177]],[[15178]],[[15179]],[[15180]],[[15181]],[[15182]],[[15183,-15184,15184]],[[15185]],[[15186]],[[15187,-15184]],[[15188]],[[15189]],[[15190,-15191,15191]],[[15192,15193]],[[15194,15195,15196]],[[15197,-15198]],[[-15196,15195,15198]],[[15199,15200,-15201,-15200]],[[15201]],[[15202,15203]],[[15204,15205,15206]],[[15207,-15208,15208]],[[15209,15210,-15211,-15210]],[[15211,-15212,15212]],[[15213,15214,-15215,-15214]],[[15215,15216]],[[15217,15217,15217]],[[15218,-15219,15217]],[[15219]],[[15220,15221]],[[15222]],[[15223]],[[15224]],[[15225]],[[15226]],[[15227]],[[15228,-15229]],[[15229]],[[15230,15230,15230]],[[15231,15232]],[[15233,15233,15233]],[[15234]],[[15235,-15236,15236]],[[15237,-15238,15238]],[[15239,-15240,15240]],[[15241,15242]],[[15243]],[[15244]],[[15245]],[[15246]],[[15247]],[[15248,-15249,15249]],[[15250]],[[15251,15252,15253,15254,15254,15255,15256,15257,15258]],[[15259,15260]],[[15261,15262]],[[15263]],[[15264,15265]],[[15266,15260]],[[15267]],[[15268,15268,15268]],[[15269,15270,15271]],[[15272,-15272,15271,-15272,15273]],[[15274,15274,15274]],[[15275,15275,15275]],[[15276,-15277,15277]],[[15278,15278,15278]],[[15279,15280,15281]],[[15282]],[[-15282,15283,-15284,15284]],[[15285]],[[15286]],[[15287,15288,15289,15290,15291,-15288]],[[15292]],[[15293,15294]],[[15295,15296]],[[-15289,15297]],[[15298,15298,15298]],[[15299,-15300]],[[15300,15300,15300]],[[15301,-15302,15302]],[[15303]],[[15304,15304,15304]],[[15305]],[[15306,-15307,15307]],[[15301,15308,-15307]],[[15309,-15310,15310]],[[15311]],[[15312,15313]],[[15314,15315,15316]],[[-15313,15317,-15318,15318,-15317,15316,15319]],[[15320,15321,-15321]],[[15322,-15316,15323]],[[15324,15324,15325]],[[15326]],[[15327]],[[15328,15329]],[[15330,15331]],[[15332,15333]],[[15334,-15335,15335]],[[15336]],[[15337]],[[15338,-15335]],[[15339,15340]],[[15341,15342]],[[15343]],[[15344]],[[15345]],[[15346,-15347,15347]],[[15348]],[[-15347,15346,15349]],[[15350,15351]],[[15352,15353]],[[15354,-15355,15355]],[[15356,15357]],[[15358,15359]],[[15360,15361,15362]],[[15363,15364]],[[-15359,15365,15366,15367]],[[15368]],[[15369,15370,-15370]],[[15371,-15372,15372]],[[15373,15374]],[[15375]],[[15376]],[[15377,-15378,15378]],[[15379,15380]],[[-15364,15369,15381,15382]],[[15383,15384]],[[15385,-15386,15386]],[[15387,15388]],[[15389]],[[15390]],[[15391]],[[15392,-15366,15365,15393,15394]],[[15395]],[[15396]],[[15397]],[[15398,15398,15398]],[[15399]],[[15400,15401]],[[15402,15402,15402]],[[15403]],[[15404,15405,15406]],[[15405,-15406,15402]],[[15407]],[[15408,15408,15408]],[[15409,-15410,15410]],[[15411,-15412,15412]],[[15413]],[[15414,15414,15414]],[[15415]],[[15416]],[[15417,-15418,15418]],[[15419,15414]],[[15420,15421,15422]],[[-15421,15423]],[[15424]],[[15425,15410]],[[15426,-15427,15427]],[[15428,15429,15430,15431]],[[15411,15432,15433,15426]],[[15434,15435]],[[15436,15437,15438,15439]],[[-15439,15440]],[[15441,-15442,15442]],[[15443]],[[15444]],[[15445]],[[15446,15447,-15448,15447,15448]],[[-15401,15449]],[[15450]],[[15451]],[[15452]],[[15453,15454]],[[15454,15454,15454]],[[15455]],[[15456,15457]],[[15458,-15459,15459]],[[15459,15459,15459]],[[15460]],[[15461,-15462,15462]],[[15463,15464,15465,15466]],[[15467,-15447,15468,-15464,15469]],[[15470,15470,15470]],[[15471,-15472,15472]],[[15473,15474,15475]],[[15476]],[[15477,15478]],[[15479,-15480]],[[15480]],[[15481,-15482,15482]],[[15483,15484,15485,15486]],[[15487]],[[15488,15489]],[[15490,15491,-15492,-15491]],[[15489,15489,15489]],[[15492,15493]],[[15494]],[[15495,15495,15495]],[[15496,-15497,15497]],[[15498,15499]],[[15500,15501]],[[15502]],[[15503,15503,15503]],[[15504,-15476,15505,15506,15507]],[[15508]],[[15509,-15510,15501]],[[15510]],[[15511]],[[15512,15512]],[[15513]],[[15511]],[[15514,15515]],[[15516,-15517,15517]],[[15518]],[[15519,15519,15519]],[[15520]],[[15519,15519,15519]],[[15521]],[[15522,-15523,15523,-15524]],[[15524,-15525]],[[15525]],[[15526,15527]],[[15528]],[[15529]],[[15530,15530,15530]],[[15531,15532,15533]],[[-15523,15534,15535]],[[15536]],[[15537,15537,15537]],[[15538]],[[15539]],[[15540,15540]],[[15541,15542,15543]],[[15544]],[[15545]],[[15546]],[[15547]],[[15548]],[[15549]],[[15550]],[[15551,15552,15553]],[[15554]],[[15555]],[[15556]],[[15557]],[[15558]],[[15559,15559,15559]],[[15560]],[[15561]],[[15562]],[[15563,15564]],[[15565]],[[15566]],[[15567]],[[15568]],[[15569,-15570,15569,15570]],[[15571,15572]],[[15573,15574,15575]],[[15576]],[[15577]],[[15578,15579]],[[15580]],[[15581]],[[15582,15582,15582]],[[15583,15584]],[[15585]],[[15586]],[[15587]],[[15588]],[[15589]],[[15590,-15591,15591]],[[15592]],[[15591,15591,15591]],[[15593]],[[15591,15591,15591]],[[15594]],[[15595]],[[15596]],[[15597]],[[15598]],[[15599,15600]],[[15601,15601,15601]],[[15602]],[[15601,15601,15601]],[[15603]],[[15604,15604,15604]],[[15600,-15601,15605,-15606]],[[15606]],[[15607,-15608,15607,-15608]],[[15608,15608,15608]],[[15609,15609,15609]],[[15610,15604]],[[15611,15612]],[[15613]],[[15612,15612,15612]],[[15614,-15615,15615]],[[15616,-15617,15609]],[[15609,15609,15609]],[[15616,-15617,15617,-15618]],[[15618,15619,15620,15621]],[[15622,-15623,15623]],[[15624,15625,15626,15622]],[[15627,-15628,15628]],[[15629,15630,15627,15631]],[[15632]],[[15633,-15634,15634]],[[15635,15635,15635]],[[15636,15636,15636]],[[15632]],[[15635,15635,15635]],[[15637,-15638]],[[15638,15636]],[[15639,15639,15639]],[[15639,15639,15639]],[[15639,15639,15639]],[[15640,-15641,15641]],[[15642]],[[15643,-15644,15639]],[[15644,15645,15640]],[[15646]],[[15647,-15648,15648]],[[15648,15648,15648]],[[15649,15650]],[[15651,15652]],[[15653,-15654,15652]],[[15654,15654,15654]],[[15655]],[[15656]],[[15657]],[[15658]],[[15659,-15660,15660]],[[15661,15661,15661]],[[15662,15663]],[[15663,15663,15663]],[[15664,15665,-15665]],[[15666]],[[15667]],[[15668]],[[15664,15669,15670]],[[15671]],[[15672]],[[15673]],[[15674]],[[15675]],[[15676]],[[15677]],[[15678]],[[15679]],[[15680]],[[15681,15682,-15683]],[[15683]],[[15684]],[[15685]],[[15686]],[[15687,15687,15687]],[[15688,15689,15690,15691,-15692]],[[15692,15693,15682,15694,15695,15696]],[[15697,15697,15697]],[[15698,15699]],[[15700]],[[15701,15702]],[[-15702,15701,-15702,15701]],[[15703]],[[15704,-15705,15705]],[[15706,15706,15706]],[[15707]],[[15708]],[[15709,-15710,15710]],[[15711]],[[15712]],[[15713]],[[15714]],[[15715]],[[15716]],[[15717]],[[15718]],[[15715]],[[15719]],[[15720]],[[15721]],[[15722,15722,15722]],[[15723,15724]],[[15725]],[[15726]],[[15727,15728,15729,15730,15727]],[[15731]],[[15732,15733,15734]],[[15735,-15725,-15735]],[[15736,-15737]],[[15737,-15738,15738]],[[15739]],[[15740]],[[-15734,15741,-15742,15733]],[[-15730,15729,-15730,15729]],[[15742]],[[15743,15744]],[[15745,15746,15736,15747,15748,15749]],[[15750,15751,-15752]],[[15752,15752,15752]],[[15753,15754]],[[15755]],[[15756,15756,15756]],[[-15752,15751,15757]],[[15758,15758,15758]],[[15759]],[[15760,-15761,15761]],[[15762]],[[15763]],[[15764]],[[15765]],[[15766,-15767,-15761,15760]],[[15767,15768]],[[15769]],[[15770,15770,15770]],[[15771]],[[15772,15773,15774]],[[15775]],[[15776]],[[15777,15778]],[[15779]],[[15780]],[[15781]],[[15782,15783]],[[15784]],[[15785]],[[15786,15787]],[[15788,15789,15790]],[[15791]],[[-15789,15788,15792]],[[15793,15793,15793]],[[15794]],[[15795,15796]],[[15797,15797,15797]],[[15798]],[[15799,-15800,15800]],[[15801]],[[15802]],[[15803,15803,15803]],[[15804,15804,15804]],[[15805,15806,15807,15808,15809,-15810]],[[15810,15810,-15806,15811,15812,15813]],[[15814,-15815,15815]],[[15814,-15815,15815]],[[15816]],[[15817,15818,15819]],[[15820,-15821,15821]],[[15822,15823,15824,15825,15826,15827,15828,-15823,15829]],[[15830,-15821,-15819,15831,15832,15833]],[[15834]],[[15835,15835,15835]],[[15836,15837]],[[15838,15838,15838]],[[15839,15840,-15841]],[[15841]],[[15842,15843]],[[15841]],[[15844,15845]],[[15846]],[[15847,-15848]],[[15848]],[[15849,-15850,15849,15850,15851]],[[15852]],[[15853]],[[15854,-15855,15855]],[[15856,15857,15858,15859]],[[15857,-15858,15860]],[[15858,-15859,15861]],[[15862,15863,-15864,15864,15849,-15850,15865,15866]],[[15861,15861,15861]],[[15867,-15868,15868]],[[15869,15869,15869]],[[15870,15870,15870]],[[15871,15871,15871]],[[15872]],[[15873,-15874,15874]],[[15875]],[[-15874,15873,15876]],[[15877,15877,15877]],[[15878,-15867,15866,15879,15880]],[[15881,15882,15883,15884,15885,15886]],[[15887,15877]],[[15888]],[[15889]],[[15890,-15891,15891]],[[15876,15876,15876]],[[15892]],[[15893,-15894,15894]],[[15895,-15896,15896]],[[15897,15895,-15896,-15898]],[[15898,15899,-15900,-15899]],[[15900]],[[15901,15902]],[[15903]],[[15904]],[[15905,-15906,15906]],[[15899,15905,15907,15908,15909,-15900]],[[15910,15910,15910]],[[15911,-15912,15912]],[[15913,-15914,15914]],[[15915,15915,15915]],[[15916]],[[15910,15910,15910]],[[15917,-15918,15918]],[[15919,15920]],[[15919,15921]],[[15922,15923,-15924,-15923]],[[15924,15925]],[[15923,-15924,15914]],[[15926,-15927,15927]],[[15928]],[[15929]],[[15930,-15931,15931]],[[15932,15932,15932]],[[15933,15931]],[[15934,-15935,15935]],[[15936,15936,15936]],[[15937,15938]],[[15939]],[[15940,15941,-15942,-15941]],[[15942]],[[15943,15944]],[[15945]],[[15946]],[[15947]],[[15948,15948,15948]],[[15949]],[[15950]],[[15951,15951,15951]],[[15952]],[[15953,15954]],[[15955]],[[15956]],[[15957]],[[15958]],[[15959,15960]],[[15961,15961,15961]],[[15962,15962,15962]],[[15963,15963,15963]],[[15963,15963,15963]],[[15964,15964,15964]],[[15965]],[[15966,15967]],[[15968,15968,15968]],[[15969,15970]],[[15971,15972,15973,15974]],[[15975,15975,15975]],[[15972,15976,-15977,-15973]],[[15977,15977,15977]],[[15978,15979,15980,15981]],[[15982,15983]],[[15984]],[[15985]],[[15986]],[[15987]],[[15988,-15989,15989,-15990]],[[15990]],[[15991]],[[15992,15993]],[[15994,15995,15996]],[[15997]],[[15998,15999]],[[16000]],[[16001,16002]],[[16003,16003,16003]],[[16004]],[[16005,16006]],[[-16007,16007]],[[16008]],[[16009]],[[16010,-16011,16011]],[[16012]],[[16013]],[[16014]],[[16015,-16016,16016]],[[16017,16017,16017]],[[16018,16019]],[[16020]],[[16021]],[[16022,16023]],[[16024,16025]],[[16026,16026,16026]],[[16027]],[[16028,16028,16028]],[[16029,-16030,16030]],[[16031,16032,16033]],[[16034]],[[16035,16035,16035]],[[16036]],[[16037]],[[16038]],[[16039,16040]],[[16041,16042]],[[16043,-16044,16044]],[[16045]],[[16046,16047]],[[16048,16048,16048]],[[16049,16049,16049]],[[16050,16050,16050]],[[16051]],[[16052,16053]],[[16054,-16047]],[[16055,16049]],[[16056]],[[16057,-16054,16058,16059]],[[16060]],[[16061]],[[16062]],[[16063]],[[16064]],[[16065]],[[16066]],[[16067,16068]],[[16069]],[[16070,16070,16070]],[[16071]],[[16072]],[[16073,16074]],[[16075,16076,16077]],[[16078]],[[16079]],[[16080]],[[16081]],[[16082]],[[16083]],[[16084,16085]],[[16086]],[[16087,16088,16089]],[[16090,16091]],[[16092]],[[16093]],[[16094]],[[16095,16096]],[[16097]],[[16098]],[[16099,16099,16099]],[[16100]],[[16101,16102,16103]],[[16104,16104,16104]],[[16105]],[[16106]],[[16107,16108]],[[16109]],[[16110]],[[16111,16111,16111]],[[16112]],[[16113,16114]],[[16115]],[[16116,16117,-16118,-16117]],[[16118]],[[16119]],[[16120]],[[-16104,16121,16122]],[[16123,16124]],[[16125,16125,16125]],[[16126,16127]],[[-16125,16124,16128]],[[16129,16130,-16131]],[[16131]],[[16132]],[[16133,16134,16135,16136]],[[16137]],[[16138,16139]],[[16140]],[[16141,16142]],[[16143]],[[16144]],[[16145]],[[16146]],[[16147]],[[16148]],[[16149]],[[16150,16151,-16152,16152,16153,16154]],[[16155]],[[16156,16157,16158]],[[16159]],[[16160,16160,16160]],[[16161,-16162,16162]],[[16163]],[[16164,-16165]],[[16165]],[[16166,16166,16166]],[[16167,16168]],[[16166,16166,16166]],[[16169,16170,16171]],[[16172,16173,-16174]],[[16174]],[[16175,16176]],[[16177,16178,16179,16180]],[[16181,16181,16181]],[[16182,-16174,16183]],[[16184,16185]],[[16186,-16185,16187,16188]],[[-16187,16186,16189]],[[16190]],[[16191,-16192,16192]],[[16193,16194,-16195]],[[16195]],[[16196,16197]],[[16198]],[[16199]],[[16200]],[[16201]],[[16202]],[[16203]],[[16204,-16205,16205,16206]],[[16207,-16208,16208]],[[16209,-16210,16210]],[[16211,16212]],[[16213,16213,16213]],[[16214,-16215]],[[16215]],[[16216,16216,16216]],[[16217]],[[16218]],[[16219,16220,16221]],[[16222,16222,16222]],[[16223,-16224,16222]],[[16223,-16224,16222]],[[16224,-16224,16225]],[[16226]],[[16227,-16220,16228,16229,16230,16231]],[[16232,-16225,16233,16234]],[[16235,16235,16235]],[[16236]],[[16237,16238,-16239,-16238]],[[16239]],[[16240,16240,16240]],[[16241,-16242,16242]],[[16243,16244,16245]],[[16246,16247,16248]],[[16249]],[[16250,16251]],[[-16245,16252,16253]],[[-16251,16250,16254]],[[16255,16256,16257]],[[16258]],[[16259,-16260,16260]],[[16261,16262]],[[16263]],[[16264,-16265,16265]],[[16266,16267,16268,16269]],[[16270,16271]],[[16272]],[[16273,16274,-16275,-16274]],[[16275,16276,16277]],[[16278,16279,16280,-16277,16276,-16277,16276]],[[16266,-16267,16281,16274,16282,16283,16284,16285]],[[16286,16287]],[[16288,-16289,16289]],[[16290,-16291,16291]],[[16292,16292,16292]],[[16293,16294,16290,16295]],[[16296,-16297,16292]],[[16297,16298,16299]],[[16300]],[[16301,-16302,16302]],[[16303,16304]],[[16305,16305,16305]],[[16306,16307,-16308,-16307]],[[16308,-16299,16309,16310,16311,-16309]],[[16312,16312,16312]],[[16313]],[[16314,16315,16316]],[[16317]],[[16318,16318,16318]],[[16319,16319,16319]],[[16320,-16321,16321]],[[16322,16323]],[[16324]],[[16325,16326]],[[16320,-16321,16321]],[[16327]],[[16328,16328,16328]],[[16329,-16330,16330]],[[16331]],[[16332]],[[16331]],[[16333]],[[16334]],[[16335]],[[16336]],[[16337]],[[16338,16339,16340]],[[16341,16341,16341]],[[16342]],[[16343]],[[16344]],[[16345]],[[16346,16346,16346]],[[16347,16347,16347]],[[16348,16349,16350]],[[16351]],[[16352,16353,16354,-16353,16355,16356,16357]],[[16358]],[[16359]],[[16360,16361]],[[16362]],[[16363,16363,16363]],[[16364,16365]],[[16366,16367]],[[16368]],[[16369]],[[16370,16371,16372]],[[16370,-16371,16365]],[[16373]],[[16374]],[[16375]],[[16376,16377]],[[16378]],[[16379]],[[16380]],[[16381,16382]],[[16383]],[[16384]],[[16385]],[[16386]],[[16387,16387,16387]],[[16388]],[[16389,-16390,16390]],[[16391,-16392]],[[16392]],[[16393,16393,16393]],[[16394]],[[16393,16393,16393]],[[16395,16396,16397]],[[16398,-16396,16399,16400]],[[16401]],[[16402]],[[16403,16404]],[[16405,16405,16405]],[[16406,-16407,16407]],[[16408,16409,-16409]],[[16410,-16400,16411,16412,16413,-16414,16414]],[[16415,16415,16415]],[[16416]],[[16417,16418]],[[16419]],[[16420]],[[16421]],[[16422]],[[16423,16423,16423]],[[16424,16425,16426]],[[16427,16428,16429,-16425]],[[16430,16431,-16429]],[[16432]],[[-16430,16429,16433]],[[-16432,16431,16434]],[[16435,16435,16435]],[[16435,16435,16435]],[[16436,16437,16438]],[[16439]],[[16440]],[[16441,16442]],[[16443]],[[16444]],[[16445,16446]],[[16447,16447,16447]],[[16447,16447,16447]],[[16448]],[[16449]],[[16450,-16451]],[[16451,16451,16451]],[[16452,16452,16452]],[[16453]],[[16454,16454,16454]],[[16453]],[[16455,16456,-16456]],[[16457,16457,16457]],[[16458,16458,16458]],[[16459,-16460,16457]],[[16460]],[[16461,16461,16461]],[[16462,16462,16462]],[[16463,16464]],[[16465]],[[16466,16467,16468]],[[16469]],[[16470]],[[16471,16471,16471]],[[16472]],[[16473,16474]],[[16475]],[[16475]],[[16476,-16477,16477]],[[16478,16478,16478]],[[16478,16478,16478]],[[16479,-16480,16478]],[[16480,16480,16480]],[[16480,16480,16480]],[[16480,16480,16480]],[[16481,-16482,16480]],[[16482,16483,16484]],[[16485,16486]],[[16487,16487,16487]],[[16488]],[[16488]],[[16489,16490]],[[16491,16492,-16492]],[[16493,16494,16495,16496]],[[16494,-16495,16497]],[[16498,-16497,16499,16500]],[[16501]],[[16502]],[[16503,16504]],[[16505,16506]],[[16507,16507,16507]],[[16508,16509,16510]],[[16511]],[[-16506,16512]],[[16513,-16514,16514]],[[16515]],[[-16501,16516,16517]],[[16518,16518,16518]],[[16519]],[[16520]],[[16521]],[[16522]],[[16523]],[[16524]],[[16525]],[[16526]],[[16527]],[[16528]],[[16529]],[[16530,16531]],[[16532]],[[16533,16534]],[[16535,16536]],[[16537]],[[16538]],[[16539]],[[16540]],[[16541,-16542,16542]],[[16543,-16544,16544]],[[16545,16545,16545]],[[16546,-16547,16547]],[[16548,16543,16549,16550]],[[16551,16552]],[[16553]],[[16554]],[[16555]],[[16556,-16557,16557]],[[16558,16558,16558]],[[16556,16559,-16560,-16557]],[[16560,16561,16562]],[[16563,16563,16563]],[[16564,16565]],[[16566,-16567,16567]],[[16568]],[[16569,16569,16569]],[[16570,16570,16570]],[[16571]],[[16570,16570,16570]],[[16572]],[[16573]],[[16574]],[[16575]],[[16576,16577]],[[16578,16579]],[[16580,16580,16580]],[[16581,-16582,16582]],[[16583]],[[16584,16585]],[[16586,16585]],[[16587]],[[16588]],[[16589,16590]],[[16590,16590,16590]],[[16590,16590,16590]],[[16591,-16592,16592]],[[16593]],[[16594,16595,16596]],[[16597]],[[16598,16599]],[[16600,-16601,16601]],[[16602,16602,16602]],[[16603,-16604,16604]],[[16603,-16604,16604]],[[16605]],[[16606,16607,16608]],[[-16607,16606,16609,16610,16611,16612,16613,16614,16615,16616]],[[16617,16618]],[[16619,16620]],[[16621,16622]],[[16623,16624,-16625]],[[16625]],[[16626,16626,16626]],[[16627]],[[16628]],[[16629]],[[16630]],[[16631]],[[16632,16633]],[[16632,16634,-16633]],[[16635,16636,16637]],[[16638]],[[16639]],[[16640]],[[16641,16641,16641]],[[16642,-16643,16643]],[[16644,16645,16646]],[[16647,-16648,16648,16648]],[[16649,16650]],[[16651]],[[16652]],[[16653]],[[16654,16655]],[[16656]],[[16657]],[[16658]],[[16659]],[[16660,16660]],[[16661]],[[16662]],[[16663]],[[16664]],[[16665]],[[16666,16667,16668]],[[16669,16670,16671]],[[16672,16673]],[[16674,-16675,16675]],[[-16675,16676]],[[16677,16678,16679,16680,-16678]],[[16681,-16682]],[[16682,16683,-16679,16684,-16678,16685,16686]],[[16687,16687,16687]],[[16688,16689,-16690]],[[16690,-16691,16691]],[[16692,16692,16692]],[[16693,-16694,16694]],[[16695]],[[-16691,16693,16696]],[[16697]],[[16698]],[[16699]],[[16700]],[[16701,16701,16701]],[[16702,16702]],[[16703]],[[16704]],[[16705]],[[16706]],[[16707,16708]],[[16709,16710]],[[16711]],[[16712,16713]],[[16714,16715]],[[16716,16717,16718,16719]],[[16720]],[[16721,-16722,16722]],[[16723]],[[16724]],[[16725,16726]],[[16727]],[[16728,16729,16730]],[[16731,16732]],[[-16732,16733]],[[16734]],[[16735,16735,16735]],[[16735,16735,16735]],[[16736]],[[16737,-16738,16738,-16739]],[[16739,16740,16741]],[[16742,-16743,16743]],[[16744]],[[16745,16746,16747,16748,16749]],[[-16748,16750]],[[16751]],[[16752,16752,16752]],[[16753,16754,16755]],[[16756,16753]],[[16757]],[[16758,16759,16760]],[[16761]],[[16762]],[[16763,16764,16765]],[[16766,16767]],[[16768]],[[16769,16770,16771]],[[16772,-16773,16773]],[[16774,16775,16776]],[[16777]],[[16778,16779]],[[16780,16781]],[[16782,16783]],[[16784,16784,16784]],[[16785,-16786,16786,-16787]],[[16787,16787,16787]],[[16788]],[[16789,16789,16789]],[[16790,16790,16790]],[[16791]],[[16792,16792,16792]],[[16793]],[[16794]],[[16795]],[[16796,16797]],[[16798]],[[16799]],[[16800]],[[16801]],[[16802]],[[16803]],[[16804,16804,16804]],[[16805]],[[16806]],[[16807,-16808,16808]],[[16809]],[[16810]],[[16811,16811,16811]],[[16812]],[[16813]],[[16814,-16815,16815]],[[16816,16816,16816]],[[16817,16817,16817]],[[16818,16817]],[[16819]],[[16820,-16821,16821]],[[16822]],[[16823]],[[16824]],[[16825]],[[16826]],[[16827]],[[16828]],[[16829]],[[16830]],[[16831]],[[16832,16832,16832]],[[16833]],[[16834]],[[16835,-16836,16836]],[[16837]],[[16838]],[[16839]],[[16840]],[[16841,16841,16841]],[[16842]],[[16843,16844]],[[16845,-16846,16846]],[[16847]],[[16848]],[[16849,16850]],[[16851]],[[16852,16852,16852]],[[16853]],[[16854]],[[16855,16856,-16857,16857]],[[16858,16858,16858]],[[16858,16858,16858]],[[16858,16858,16858]],[[16859]],[[16860]],[[16861]],[[16862,16862,16862]],[[16862,16862,16862]],[[16863]],[[16864]],[[16865]],[[16866,16866,16866]],[[16867,-16868,16862]],[[16868,-16869,16866]],[[16869,16870,16871]],[[16872,16872,16872]],[[16873]],[[16874]],[[16875,16875]],[[16876,-16877,16877]],[[16878,16878,16878]],[[-16877,16876,16879]],[[16880]],[[16881,16881,16881]],[[16882,-16883,16881]],[[16883]],[[16884,16885]],[[16886]],[[16887]],[[16888]],[[16889]],[[16890]],[[16891]],[[16892]],[[16893]],[[16894,16895]],[[16896,16896,16896]],[[16897,16897,16897]],[[16898,16899,16900]],[[16901,16902,16903]],[[16904]],[[16905]],[[16906]],[[16907]],[[16908]],[[16909]],[[16910]],[[16911]],[[16912]],[[16913]],[[16914]],[[16915]],[[16916]],[[16917]],[[16918,16918,16918]],[[16919,16920]],[[16921,16922]],[[16923]],[[16924]],[[16925]],[[16926]],[[16927]],[[16928,16928,16928]],[[16929]],[[16930]],[[16931]],[[16932]],[[16933,16934]],[[16935,16936]],[[16937]],[[16938,-16939,16939]],[[16940]],[[16941,16942]],[[16943]],[[16944]],[[16945]],[[16946]],[[16947]],[[16948]],[[16949,16950,16951,-16952]],[[16952]],[[16953]],[[16954]],[[16955,-16956,16956]],[[16955,16957]],[[16958,16958,16958]],[[16959,16960]],[[16961]],[[16962]],[[16963]],[[16964]],[[16965]],[[16966]],[[16967]],[[16968]],[[16969]],[[16970]],[[16971]],[[16972]],[[16973]],[[16974]],[[16975]],[[16976]],[[16977,16978]],[[16979]],[[16980,16981]],[[16982,16983]],[[16984]],[[16985,16986]],[[16987]],[[16988,16989]],[[16990,16991,-16992,-16991]],[[16992]],[[16993]],[[16990,16994,16995]],[[16996]],[[16997]],[[16998]],[[16999]],[[17000,17001]],[[17002,-17003,17003]],[[17004]],[[17005]],[[17006,17006,17006]],[[17007]],[[17008]],[[17009,17010]],[[17011]],[[17012]],[[17013]],[[17014]],[[17015,-17003,17016,17017,17018,-17011,17019]],[[17020]],[[17021]],[[17022]],[[17023]],[[17024]],[[17025]],[[17026]],[[17027]],[[17028]],[[17029]],[[17030]],[[17031]],[[17032]],[[17033]],[[17034]],[[17035]],[[17036]],[[17037,17038]],[[17039,17040]],[[17041]],[[17042]],[[17043]],[[17044]],[[17045,17046]],[[17047,17048]],[[17049]],[[17050]],[[17051]],[[17052]],[[17053]],[[17054]],[[17055]],[[17056]],[[17057,17058]],[[17059]],[[17060]],[[17061]],[[17062,17063]],[[17064]],[[17065]],[[17066]],[[17067]],[[17068,17068,17068]],[[17069,-17070,17070]],[[17071,-17072]],[[17072,17072,17072]],[[17073,-17074,17072]],[[17074,17073,17075,17076]],[[17077,17077,17077]],[[17078]],[[17079]],[[17080]],[[17081]],[[17082]],[[17083]],[[17084]],[[17085]],[[17086]],[[17087]],[[17088]],[[17089,-17090,17090]],[[17091]],[[17092,17093]],[[17094]],[[17095,-17096,17096]],[[17097]],[[17098]],[[17099,17099,17099]],[[17100,17101]],[[17102,17103,17104,17105]],[[17106]],[[17107,17107,17107]],[[17108,17109]],[[17110,17111]],[[17112]],[[17113,17113,17113]],[[17114]],[[17115]],[[17116,17116,17116]],[[17117]],[[17118,-17119,17119]],[[17120,-17119,17121,17122]],[[17123]],[[17124,17125]],[[17126,17126,17126]],[[17127,-17128,17128]],[[-17126,17125,17129]],[[17130]],[[17129,17129,17129]],[[17131,17132,17133]],[[17134,-17135,17135]],[[17136,17136,17136]],[[17137,17137,17137]],[[17138]],[[17139,-17140,17140]],[[17141]],[[17142,17143]],[[17144,-17144,17145,17146]],[[17147]],[[17148,17149]],[[17150,17150,17150]],[[17151,-17152,17152]],[[17153,17149]],[[17154,-17155,17155,-17156]],[[17156,17157]],[[17158,17159,17151,17160,-17161,17160]],[[17161,17161,17161]],[[17162,17163,-17163]],[[17164]],[[17165,17166]],[[17167]],[[17168]],[[17169,17169,17169]],[[17170]],[[17171,17171,17171]],[[17172]],[[17173]],[[17174]],[[17175,17176,17177,17178]],[[17179,-17178,17177,-17178,17180,17181]],[[17182]],[[17183]],[[17184,17185]],[[17186,-17187,17187]],[[17188,17189]],[[17190]],[[17191]],[[17192,-17193,17193]],[[17194]],[[17195]],[[17196]],[[17197]],[[17198]],[[17199]],[[17200]],[[17201]],[[17202]],[[17203]],[[17204,17204,17204]],[[17205]],[[17206]],[[17207]],[[17208,17209]],[[17210,17211]],[[17212]],[[17213]],[[17214,17215]],[[17216]],[[17217]],[[17218,-17219,17219]],[[17220,17221]],[[17222]],[[17223,17224]],[[17225]],[[17226,17226,17226]],[[17227,17227,17227]],[[17228,17228,17228]],[[17229,-17230,17227]],[[17230,17230,17230]],[[17231,-17232,17228]],[[17228,17228,17228]],[[17228,17228,17228]],[[17228,17228,17228]],[[17232,17232,17232]],[[17232,17232,17232]],[[17233]],[[17233]],[[17234]],[[17235]],[[17236]],[[17237]],[[17238]],[[17239]],[[17240,-17241,17241]],[[17240,-17241,17241]],[[17242]],[[17243]],[[17244]],[[17245,17245,17245]],[[17246,-17247,17245]],[[17247]],[[17248]],[[17249]],[[17250,17250,17250]],[[17251,17251,17251]],[[17251,17251,17251]],[[17252]],[[17253,17253,17253]],[[17253,17253,17253]],[[17254,-17255,17253]],[[17255,-17256,17256]],[[17257]],[[17258,17259]],[[17260]],[[17261,17262]],[[17263,-17264,17264]],[[17265,17266]],[[17267]],[[17268,17268,17268]],[[17268,17268,17268]],[[17269]],[[17270]],[[17271,17271,17271]],[[17272,17272,17272]],[[17273,17273,17273]],[[17274,17274,17274]],[[17275,17275,17275]],[[17275,17275,17275]],[[17276,-17277,17277]],[[17278,17278,17278]],[[17279,17279,17279]],[[17280,17280,17280]],[[17281,17282]],[[17283]],[[17284]],[[17285]],[[17286,17286,17286]],[[17287,-17288,17288]],[[17286,17286,17286]],[[17286,17286,17286]],[[17286,17286,17286]],[[17289,17289,17289]],[[17288,17288,17288]],[[17290,17290]],[[17291,17291,17291]],[[17292]],[[17293]],[[17294,17295]],[[17296]],[[17297]],[[17298]],[[17299,-17300,17300]],[[17301,-17300]],[[17302]],[[17303,17304]],[[17305]],[[17306]],[[17307]],[[17308,17308,17308]],[[17309]],[[17310]],[[17311,17311,17311]],[[17312]],[[17313]],[[17314]],[[17315]],[[17316,17316,17316]],[[17317,17316]],[[17318,17319]],[[17320,17320,17320]],[[17321,17322]],[[17323]],[[17324]],[[17325]],[[17326,17326,17326]],[[17327]],[[17328]],[[17329]],[[17330,17331]],[[17332]],[[17333]],[[17334]],[[17335]],[[17336]],[[17337]],[[17338]],[[17339]],[[17340]],[[17341,-17342,17342]],[[17343]],[[17344]],[[17345]],[[17341,17346,17347,17348]],[[-17348,17349]],[[17350]],[[17351,17352]],[[17353]],[[17354]],[[17355]],[[17356]],[[17357]],[[17358]],[[17359]],[[17360,17360,17360]],[[17361]],[[17362]],[[17363]],[[17364,17364,17364]],[[17365]],[[17366]],[[17367]],[[17368]],[[17369]],[[17370]],[[17371,17371,17371]],[[17372]],[[17373,17374]],[[17375,-17376,17376]],[[17377,17377,17377]],[[17378]],[[17379,-17380,17380]],[[17380,17380,17380]],[[17381,17382]],[[17383,17384,17385,-17376,17386,17387,17388,-17380,17389,17390,17391,17392]],[[17393,-17394,17394]],[[17395]],[[17396,-17397,17397]],[[17398]],[[17399]],[[17400]],[[17401,17401,17401]],[[17402,17402,17402]],[[17403]],[[17404]],[[17405]],[[17406]],[[17407,17408]],[[17409,17410]],[[17411]],[[17412]],[[17413]],[[17414]],[[17415]],[[17416]],[[17417]],[[17418,17418,17418]],[[17419,17420]],[[17421,-17422,17422]],[[17423]],[[17424]],[[17425]],[[17426,17426,17426]],[[17427,17427,17427]],[[17428,-17429,17429]],[[17430]],[[17431,17432]],[[17431,17432]],[[17433,17434,17435,17436,17437,17438,17439,17440,17441,17442,17396,17443,17444,17428,17445]],[[17446]],[[17447]],[[17448]],[[17449]],[[17450,17451]],[[17452,17452,17452]],[[17453]],[[17454,-17455,17455]],[[17456,17457]],[[17458]],[[17459,17460,17461]],[[-17462,17461,17462]],[[17463]],[[17464]],[[17465,17466]],[[17467]],[[17468]],[[17469]],[[17470]],[[17471]],[[17472,17473]],[[17474,17475,-17475]],[[17476]],[[17477,17478,17479]],[[17480,17481]],[[17482]],[[17483]],[[17484]],[[17485]],[[17486]],[[17487]],[[17488]],[[17489]],[[17490,-17491]],[[17491]],[[17492]],[[17493]],[[17494]],[[17495]],[[17496]],[[17497]],[[17498]],[[17499,17499,17499]],[[17500,17501]],[[17502]],[[17503,17501]],[[17504]],[[17505]],[[17506]],[[17507,17508]],[[17509,17510]],[[17511,-17512,17512]],[[15134,-15134,15132,-15132,-15093,15091,-15091,17513,17514,17515,17516,17517,17518,17519,-17331,17520,17521,17522,17523,17524,-17319,17525,17526,17527,17528,17529,17530,-17259,17531,17532,17533,-17215,17534,17535,-17076,17075,-17076,17536,17537,17538,-17539,-17070,17539,-17540,17540,17541,17542,17543,17544,17545,17546,-16950,16949,-16950,16951,17547,17548,-16902,17549,17550,17551,-17552,17551,-16895,17552,17553,17554,17555,17556,17557,17558,16856,17559,16868,-16872,17560,17561,17562,17563,17564,-16844,17565,17566,17567,17568,17569,17570,17571,17572,-16815,17573,17574,17575,17576,17577,17578,17579,17580,17581,17581,17582,-16786,17583,17584,17585,-16765,17586,-16761,17587,-16760,17588,17589,-16747,17590,17591,-16743,17592,17593,16739,17594,17595,16738,17596,-16730,17597,-16729,17598,-16726,17599,17600,16721,17601,-16719,17602,17603,-16713,17604,17605,17606,17607,17608,17609,-16655,17610,-16648,17611,17612,17613,-16647,17614,17615,17616,-16592,17617,-16553,17618,16546,17619,17620,17621,17622,17623,17624,-16483,-16482,17625,-16480,-16477,17626,17627,17628,17629,-16468,17630,-16467,17631,-16456,17632,17633,17634,17635,-16229,-16222,17636,17637,17638,17639,17640,17641,17642,17643,-16247,16246,17644,-16246,17645,-16254,17646,17647,17648,17649,17650,17651,-16210,16209,17652,-16208,17653,17654,17655,17656,17657,17658,17659,17660,17661,17662,17663,17664,17665,-16142,17666,17667,17668,17669,-16183,17670,17671,17672,17673,-16176,17674,17675,-16178,17676,17677,17678,17679,-16157,-16159,17680,17681,17682,17683,17684,16288,17685,17686,17687,-16351,17688,17689,17690,17691,17692,-16414,17693,17694,17695,17696,-16442,17697,17698,17699,17700,17701,17702,17703,16357,-16358,-16357,17704,17705,17706,17707,17708,17709,17710,17711,17712,17713,17714,-16117,17715,17716,17717,17718,17719,-16091,17720,-16078,17721,17722,17723,17724,17725,17726,17727,-15999,17728,-15996,17729,-15995,17730,17731,15989,17732,15976,17733,17734,17735,17736,17737,17738,17739,17740,17741,17742,17743,-15894,17744,-17745,15893,17745,-15886,17746,17747,17748,17749,17750,15840,17751,-15841,15840,17752,17753,17754,17755,17756,-15860,-15859,17757,17758,17759,17760,-15909,17761,-17762,17761,-15927,17762,17763,17764,17765,15934,17766,17767,17768,17769,17770,-15829,17771,17772,17773,17774,17775,17776,17777,-15790,15789,-15790,17778,17779,17780,-15767,17781,15748,-15749,-15748,15747,17782,17783,17784,15709,17785,17786,17787,17788,-15768,17789,17790,-15670,17791,17792,17793,17794,17795,17796,17797,-15650,17798,17799,17800,15590,17801,17802,17803,17804,-15517,-15516,17805,15515,-15516,17806,17807,17808,17809,17810,-15470,-15467,17811,-15487,17812,17813,17814,17815,-15406,17816,17817,-15380,-15372,17818,17819,17820,17821,17822,-15334,17823,15309,17824,17825,-15236,15235,-15236,15235,17826,17827,17828,17829,17830,17831,-15240,17832,-15201,15200,-15201,15200,-15201,17833,17834,17835,17836,17837,17838,17839,17840,15207,17841,17842,-15238,17843,17844,17845,-15242,17846,17847,-15259,-15258,17848,17849,17850,17851,17852,-15296,17853,-15291,17854,17855,17856,15417,17857,17858,17859,15524,17860,17861,17862,17863,15543,-15544,17864,17865,-15552,17866,17867,17868,-15575,17869,17870,17871,17872,17873,17874,17875,-15815,15814,17876,17877,-15787,17878,17879,17880,-15784,17881,-15779,17882,17883,17884,-15693,17885,-15697,15696,17886,-15705,17887,17888,17889,17890,17891,17892,17893,15940,17894,17895,17896,17897,17898,17899,17900,17901,-16060,17902,17903,17904,17905,17906,17907,-16212,17908,17909,17910,17911,-16304,17912,17913,17914,17915,17916,17917,17918,17919,17920,17921,17922,17923,17924,17925,17926,17927,-16460,17928,17929,-16446,17930,17931,17932,17933,17934,17935,17936,16513,17937,17938,16550,-16551,17939,16541,17940,-16560,17941,17942,-16563,16562,-16563,17943,17944,17945,-17946,17946,17947,-16567,16566,-16567,17948,17949,17950,17951,17952,-16579,17953,17954,17955,17956,17957,17958,16581,17959,17960,17961,17962,17963,-16609,17964,-16622,17965,17966,-16636,17967,17968,17969,17970,16642,17971,-16650,17972,17973,17974,17975,17976,17977,17978,17979,17980,17981,17982,17983,17984,17985,-16921,17986,17987,17988,17989,17990,17991,17992,17993,17994,17995,17996,17997,17998,-16982,17999,18000,18001,18002,18003,18004,-17049,18005,18006,18007,18008,18009,18010,18011,18012,18013,18014,18015,-17123,18016,18017,-17157,18018,18019,18020,18021,-17134,18022,18023,18024,-17147,18025,18026,-17161,-17155,18027,18028,18029,17162,18030,18031,18032,18033,18034,-17185,18035,-17187,18036,18037,17192,18038,18039,18040,-17212,18041,18042,18043,-17224,18044,18045,18046,-18047,18047,18048,18049,18050,18051,18052,18053,18054,18055,18056,18057,18058,18059,-17296,18060,18061,18062,18063,18064,18065,18066,18067,18068,18069,18070,18071,18072,-17510,17509,18073,17511,18074,18075,18076,18077,-17266,18078,-17264,18079,18080,18081,18082,18083,18084,-17247,18085,-17241,18086,18087,18088,18089,18090,18091,18092,18093,18094,18095,18096,18097,18098,-15148,15146,-15146,15144,-15144,15142,-15142,15140,-15140,-15136]]],"properties":{"namekana":"しずおか","name":"静岡","code":"9220","EEW_CODE":"9220"}},{"type":"MultiPolygon","arcs":[[[18099]],[[18100]],[[-15151,15149,-15149,-18099,18097,-18097,18095,-18095,18101,18102,-15155]]],"properties":{"code":"9230","name":"愛知","namekana":"あいち","EEW_CODE":"9230"}},{"type":"MultiPolygon","arcs":[[[18103]],[[18104]],[[18105]],[[-18103,18106,18107,18108,18109,18110,18111,18112,18113,18114,18115,18116,18117,18118,18119,18120,-15156]]],"properties":{"code":"9240","name":"三重","namekana":"みえ","EEW_CODE":"9240"}},{"type":"Polygon","arcs":[[-15157,-18121,18119,-18119,18121,18122,18123,18124,18125,-15125]],"properties":{"code":"9250","name":"滋賀","namekana":"しが","EEW_CODE":"9250"}},{"type":"MultiPolygon","arcs":[[[-15126,-18126,18124,-18124,18122,-18122,-18118,18126,18127,18128,18129,18130,18131,18132,18133,18134,18135,18136,18137,18138,18139,18140,18141,18142,18143]]],"properties":{"namekana":"きょうと","name":"京都","code":"9260","EEW_CODE":"9260"}},{"type":"MultiPolygon","arcs":[[[18144]],[[-18128,18145,18146,18147,18148,18149,18150,18151,18152,18153,18154,18155,18156,18157,18158,18159]]],"properties":{"namekana":"おおさか","code":"9270","name":"大阪","EEW_CODE":"9270"}},{"type":"MultiPolygon","arcs":[[[18160]],[[18161,18162,18163,18164,18165,18166,18167,-18141,18139,-18139,18168,-18137,18169,-18135,18170,-18133,18131,-18131,18129,-18129,-18160,18158,-18158,18156,-18156,18171]]],"properties":{"code":"9280","name":"兵庫","namekana":"ひょうご","EEW_CODE":"9280"}},{"type":"Polygon","arcs":[[-18127,-18117,18115,-18115,18113,-18113,18172,18173,18174,-18111,18175,-18109,18176,18177,18178,-18146]],"properties":{"namekana":"なら","code":"9290","name":"奈良","EEW_CODE":"9290"}},{"type":"MultiPolygon","arcs":[[[18179]],[[-18110,-18176]],[[-18175,18173,-18173,-18112]],[[-18179,-18178,-18177,-18108,18180,18181,-18154,-18152,-18151,18149,-18149,18147,-18147]]],"properties":{"name":"和歌山","code":"9300","namekana":"わかやま","EEW_CODE":"9300"}},{"type":"MultiPolygon","arcs":[[[18182,18183,18184,18185,18186,18187,18188,18189,-18167]]],"properties":{"name":"鳥取","code":"9310","namekana":"とっとり","EEW_CODE":"9310"}},{"type":"MultiPolygon","arcs":[[[-18189,18190,18191,18192,18193,18194,18195,18196]],[[18197]],[[18198]],[[18199]],[[18200]]],"properties":{"namekana":"しまね","name":"島根","code":"9320","EEW_CODE":"9320"}},{"type":"MultiPolygon","arcs":[[[18201,18202]],[[18203]],[[18204]],[[18205]],[[18185,-18185,18183,-18183,-18166,18164,-18164,18162,-18162,18206,18207,18208,18209,18210,18211,-18187]]],"properties":{"name":"岡山","code":"9330","namekana":"おかやま","EEW_CODE":"9330"}},{"type":"MultiPolygon","arcs":[[[18212]],[[18213]],[[18214]],[[18215]],[[18216]],[[18217]],[[18218]],[[18219]],[[18220]],[[18221]],[[-18188,-18212,18210,-18210,18222,18223,-18191]]],"properties":{"namekana":"ひろしま","name":"広島","code":"9340","EEW_CODE":"9340"}},{"type":"MultiPolygon","arcs":[[[18224]],[[18225]],[[18226,18227]],[[18228]],[[18229]],[[18230]],[[-18196,18194,-18194,18192,-18192,-18224,18231,18232,18233,18234,18235,18236,18237,18238,18239,18240,18241,18242,18243,18244,18245,-18227,18246],[18247,-18239,18248,-18237,18249,18250,18251,18252,18253,18254,18255],[18256,18257,-18241,18258],[18259]]],"properties":{"name":"山口","code":"9350","namekana":"やまぐち","EEW_CODE":"9350"}},{"type":"MultiPolygon","arcs":[[[18260,18261]],[[18262]],[[18263,18264,18265,18266,18267,18268,18269]]],"properties":{"namekana":"とくしま","code":"9360","name":"徳島","EEW_CODE":"9360"}},{"type":"MultiPolygon","arcs":[[[-18269,18267,-18267,18270,18271]],[[18272]],[[18273]],[[18274]]],"properties":{"namekana":"かがわ","code":"9370","name":"香川","EEW_CODE":"9370"}},{"type":"MultiPolygon","arcs":[[[18275,18276,-18277]],[[18277]],[[-18271,-18266,18278,18279,18280,18281,18282,18283,18276,18284]],[[18285]],[[18286]],[[18287]]],"properties":{"name":"愛媛","code":"9380","namekana":"えひめ","EEW_CODE":"9380"}},{"type":"MultiPolygon","arcs":[[[18288]],[[-18265,18289,-18283,18281,-18281,18279,-18279]]],"properties":{"code":"9390","name":"高知","namekana":"こうち","EEW_CODE":"9390"}},{"type":"MultiPolygon","arcs":[[[18290]],[[18291,18292,18293,18294,18295,18296,18297,18298,18299,18300,18301]]],"properties":{"namekana":"ふくおか","name":"福岡","code":"9400","EEW_CODE":"9400"}},{"type":"MultiPolygon","arcs":[[[-18301,18302,18303,18304,18305,18306]]],"properties":{"namekana":"さが","code":"9410","name":"佐賀","EEW_CODE":"9410"}},{"type":"MultiPolygon","arcs":[[[18307]],[[18308]],[[18309,18310,18311],[-18311,18312]],[[18313]],[[18314]],[[18315]],[[18316]],[[18317]],[[18318]],[[18319]],[[18320]],[[18321]],[[18322,18323,18324,-18306,18304,-18304,18325,18326,18327],[18328,18329,18330],[18331]],[[18332]],[[18333]],[[18334]],[[18335]],[[18336]],[[18337]],[[18338]],[[18339]]],"properties":{"namekana":"ながさき","name":"長崎","code":"9420","EEW_CODE":"9420"}},{"type":"MultiPolygon","arcs":[[[18340,18340]],[[18341]],[[18342]],[[18343]],[[18344]],[[18345]],[[18346]],[[18347,18348,18349,18350,18351,18352,18353,-18299,18297,-18297,18354]]],"properties":{"name":"熊本","code":"9430","namekana":"くまもと","EEW_CODE":"9430"}},{"type":"MultiPolygon","arcs":[[[18355,18356,18357,-18355,-18296,18294,-18294,18292,-18292,18358]]],"properties":{"code":"9440","name":"大分","namekana":"おおいた","EEW_CODE":"9440"}},{"type":"MultiPolygon","arcs":[[[-18357,18359,18360,18361,-18362,18361,18362,-18352,18350,-18350,18363,-18348,-18358]]],"properties":{"code":"9450","name":"宮崎","namekana":"みやざき","EEW_CODE":"9450"}},{"type":"MultiPolygon","arcs":[[[18364]],[[18365]],[[18366]],[[18367]],[[18368]],[[18369]],[[18370]],[[18371]],[[18372]],[[18373]],[[18374]],[[-18363,-18362,18361,-18362,-18361,18375,18376,-18353]],[[18377]],[[18378]]],"properties":{"namekana":"かごしま","name":"鹿児島","code":"9461","EEW_CODE":"9461"}},{"type":"MultiPolygon","arcs":[[[18379]],[[18380]],[[18381]],[[18382]],[[18383]],[[18384]],[[18385,18386,18387,18388],[-18387,18389],[18390,18390,18390]]],"properties":{"name":"奄美(群島)","code":"9462","namekana":"あまみ（ぐんとう）","EEW_CODE":"9462"}},{"type":"MultiPolygon","arcs":[[[18391]],[[18392]],[[18393]],[[18394]],[[18395]],[[18396]]],"properties":{"namekana":"おきなわほんとう","name":"沖縄本島","code":"9471","EEW_CODE":"9471"}},{"type":"MultiPolygon","arcs":[[[18397]],[[18398]]],"properties":{"name":"大東島","code":"9472","namekana":"だいとうじま","EEW_CODE":"9472"}},{"type":"MultiPolygon","arcs":[[[18399]],[[18400]],[[18401]]],"properties":{"namekana":"みやこじま","code":"9473","name":"宮古島","EEW_CODE":"9473"}},{"type":"MultiPolygon","arcs":[[[18402]],[[18403]],[[18404]],[[18405]],[[18406]]],"properties":{"namekana":"やえやま","name":"八重山","code":"9474","EEW_CODE":"9474"}}]}},"arcs":[[[70999,90474],[0,0]],[[74279,91121],[0,1]],[[74279,91121],[199,56],[73,-183],[-7,-134],[47,-124],[95,-94],[52,-142],[114,-93],[-31,-126],[39,-157],[-50,-122],[-11,-131],[-164,-84],[-57,-117],[-69,-124],[35,-144],[-23,-138],[7,-143],[-51,-165],[-44,-126],[-11,-100]],[[74422,88730],[0,1]],[[74422,88730],[-38,-127],[78,-107],[108,-137],[148,-99],[-132,-84],[-27,-20]],[[74559,88156],[-1,2]],[[74559,88156],[-35,-132]],[[74524,88024],[-138,-43],[-134,-60],[-158,-20],[-156,-149],[-77,-122],[-102,-126],[-143,-34],[-119,-69],[-138,-33],[-99,98],[-78,114],[-140,97],[-147,34],[-152,-73],[-102,-108],[-21,-125],[-39,-156],[-175,-154],[-134,-45],[-245,17],[-362,-125],[-332,69],[-172,7],[21,-174],[-81,-139],[-144,-67],[-188,26],[-113,80],[-142,-35],[-218,89],[-36,134],[79,129],[-222,101],[-232,143],[38,-133],[-19,-125],[-33,-137],[-123,-120],[-110,8]],[[69638,86798],[0,1]],[[69638,86798],[-72,-109],[-145,-82],[-137,57],[-140,18],[-143,2],[-16,-27]],[[68985,86657],[-1,0]],[[68985,86657],[-131,-54],[-136,-74],[-85,16]],[[68633,86545],[-1,0]],[[68633,86545],[35,123],[-129,127],[-219,-39],[-172,12],[-146,-5],[-71,-112],[-15,-125],[-78,-173],[-49,-132],[-173,-3],[-191,78],[-113,-102],[-148,73],[-115,84],[-151,5],[-118,-77],[-159,-27],[-153,15],[-126,63],[-59,-221],[-83,-106],[-136,52],[-156,-3],[-118,91],[-148,25],[-139,33],[-89,115],[-143,3],[-204,-9],[-6,3]],[[65061,86313],[92,96],[69,114],[146,104],[143,37],[146,5],[152,-2],[152,57],[60,114],[131,64],[136,58],[40,128],[81,124],[215,-33],[52,-126],[201,5],[53,119],[-8,134],[167,154],[80,124],[78,137],[94,108],[127,66],[119,76],[106,87],[92,145],[-86,104],[-60,114],[-108,82],[-55,131],[-82,104],[-95,94],[-116,73],[-100,90],[-66,114],[7,131],[23,124],[64,174],[75,111],[143,10],[144,22],[68,114],[138,33],[99,-91],[108,-99],[103,-91],[125,-64],[100,-95],[111,-81],[140,-29],[111,-79],[136,-44],[46,-120],[150,-25],[136,44],[144,26],[118,71],[139,34],[144,35],[67,-122],[40,-122],[136,-43],[150,-47],[125,-69],[140,-33],[131,52],[124,63],[121,82],[109,113],[117,72],[178,213],[141,176],[50,136],[14,144],[18,125],[-56,185],[-65,115],[-78,123],[-65,112],[9,126],[63,125],[4,166],[-77,126],[-46,160],[-41,123],[-35,130],[31,84]],[[70894,91540],[168,-29],[146,-96],[176,-38],[183,-15],[154,71],[135,93],[173,118],[162,-19],[98,100],[132,52],[99,-135],[67,126],[106,100],[83,110],[125,69],[28,124],[115,162],[-34,155],[136,88],[134,175],[183,29],[152,8],[68,116],[133,61],[-19,-125],[55,-124],[16,-132],[49,-138],[105,-126],[47,-149],[208,-43],[-21,-127],[107,-131],[-43,-149],[-116,-148],[-90,-110],[9,-175],[65,-122],[91,-45]],[[64046,84622],[-23,-135],[-77,-105],[-65,-113],[10,-128],[-51,-172],[-43,-126],[-157,-92],[-130,47],[17,128],[-13,125],[-36,123],[-21,126],[72,109],[121,65],[148,40],[147,33],[101,75]],[[76300,88135],[86,-102],[-32,-123],[74,-108],[-41,-189],[85,-111],[-143,-93],[-60,-121],[-45,-124],[-62,-116],[-38,-151],[222,-73],[12,-149],[-16,-126],[63,-126],[98,-96],[64,-128],[97,-192],[111,-84],[27,-140],[42,-154],[155,-151],[102,-59]],[[77101,85419],[-1,0]],[[77101,85419],[82,-135],[115,-94],[92,-109],[101,-118],[94,-96],[0,-29]],[[77585,84838],[-1,0]],[[77585,84838],[137,-64],[150,-139],[45,-121],[107,-90],[82,-102],[190,-66],[152,-14],[99,-35]],[[78547,84207],[-28,-175],[-3,-126],[-25,-126],[-41,-131],[-108,-100],[-98,-231],[-12,-141],[-121,63],[-114,75],[-76,108],[-65,112],[-101,90],[-163,97],[-178,92],[-123,80],[-123,117],[-149,36],[-198,33],[-193,33],[-129,64],[-142,52],[-144,93],[-150,31],[-162,111],[-257,138],[-216,90],[-143,45],[-95,95],[-120,67],[-149,52],[-131,92],[-124,79],[-155,89],[-87,110],[-113,86],[-112,133],[-377,105],[-169,53],[-132,52],[-103,92],[-117,111],[-109,83],[-101,88],[-126,69],[-129,54],[-156,13],[-155,87],[-139,26],[-146,12],[-161,5],[126,85],[-149,-42],[-106,-86],[-158,5],[-161,-40],[-191,-71],[-128,-53],[-132,-67],[-121,-66],[-120,-72],[-107,-121],[-139,-53],[-109,-83],[-109,-84],[-115,-76],[-125,-59],[-129,-70],[-109,-94],[-111,-108],[-86,-106],[-77,-105],[-94,-97],[-143,-42],[-118,76],[34,132],[80,-123],[142,109],[-139,37],[-134,40],[-112,86],[-18,130],[-62,135],[-79,111],[-164,88],[-159,84],[-26,126],[-77,115],[-115,86],[-187,74],[-141,-17],[-136,-39],[-147,-21],[-112,77],[-142,-11],[-211,-59],[-116,-112],[-100,-112],[-78,-106],[-130,-217],[-64,-127],[-61,-139],[-42,-121],[-43,-146],[-22,-141],[-2,-136],[44,-126],[126,-83],[184,-54],[138,-68],[107,-87],[152,-133],[120,-89],[149,-114],[135,-40],[145,24],[155,63],[144,-4],[161,-13],[133,-134],[98,-92],[71,-112],[155,-169],[120,-66],[122,-148],[110,-163],[130,-123],[136,-65],[147,-7],[133,-49],[125,-61],[121,-64],[27,-125],[111,-76],[-84,-101],[-141,-4],[-118,-87],[-65,-111],[-101,-87],[-167,-42],[-140,-32],[-110,77],[-125,67],[-133,45],[-133,39],[-135,34],[-142,31],[-137,-36],[-79,-104],[-77,105],[122,63],[-51,120],[-130,71],[-142,-21],[-92,-110],[-32,-123],[-52,-124],[-179,-90],[-139,-96],[-140,1],[-117,-72],[-59,-219],[-10,-131],[3,-192],[8,-130],[-90,-100],[-139,-13],[-130,-45],[-122,-61],[-133,-37],[-90,-108],[-69,-113],[-60,-130],[-135,-29],[-104,100],[-142,14],[-163,-18],[-104,99],[-71,110],[-62,114],[-33,127],[-53,116],[-24,130],[-2,143],[34,123],[31,123],[30,142],[73,119],[82,126],[84,281],[146,16],[62,146],[-20,127],[54,121],[28,129],[-33,165],[-28,166],[-86,102],[-44,121],[-81,106],[-61,113],[-81,104],[-125,73],[-161,34],[-141,14],[-53,121],[-51,117],[-60,118],[-128,52],[-140,37],[-97,93],[-2,131],[-52,117],[4,127],[63,115],[100,98],[72,124],[43,199],[14,154],[-12,125],[-19,168],[-19,125],[-38,121],[-8,94]],[[74524,88024],[-27,-145],[124,-79],[106,-111],[91,-98],[134,42],[39,136],[231,-47],[145,-7],[129,16]],[[75496,87731],[0,1]],[[75496,87731],[154,51],[59,173],[154,69],[171,16],[215,116],[51,-21]],[[70361,98612],[124,-76],[141,-39],[149,-112],[73,-164],[-7,-130],[-88,-101],[-131,-79],[-140,-42],[-111,84],[-140,96],[-85,103],[-58,116],[21,125],[86,107],[110,85],[56,27]],[[69829,99437],[-1,0]],[[69468,99567],[82,-107],[153,-23],[140,-42],[-28,-124],[9,-126],[-15,-130],[2,-135],[-36,-129],[-105,114],[-62,114],[-37,122],[-25,137],[26,142],[-70,122],[-34,65]],[[76690,95955],[-152,-165],[-200,-54],[-213,-95],[-138,-99],[-27,-146],[-10,-1]],[[75950,95395],[-1,1]],[[75950,95395],[-61,-124],[-53,-119],[-97,-193],[96,-179],[243,181],[146,-59],[184,27],[240,-43],[-38,-170],[8,-151],[-33,-154],[36,-122],[9,-156],[99,-169],[90,-140],[-20,-138],[46,-148],[-138,-43],[-18,-141],[48,-132],[35,-163],[50,-144],[78,-106],[-24,-207],[7,-130],[246,-24],[148,-4],[214,-52],[-62,-120],[-52,-146],[-21,-185],[-10,-134],[-21,-125],[144,-98],[159,-28],[144,60],[145,36],[74,-123],[-34,-127],[-89,-101],[53,-126],[-1,-127],[-87,-103],[-67,-122],[-119,-75],[-135,-48],[-64,23]],[[77448,90723],[0,-1]],[[77448,90723],[-60,-115],[-217,-17],[-227,143],[-155,10],[-65,-177],[-163,6],[-38,-127],[-173,-132],[-113,-101],[-108,-129],[-33,-139],[157,-168],[40,-179],[-8,-150],[20,-218],[16,-134],[85,-130],[-5,-185],[-85,-141],[-65,-181],[87,-203],[-38,-121]],[[70894,91540],[88,107],[44,137],[187,135],[123,66],[153,11],[95,105],[254,78],[99,133],[82,107],[0,170],[83,146],[42,121],[-3,308],[-20,161],[-10,139],[18,141],[-9,150],[9,132],[-25,162],[-12,136],[116,119],[44,145],[75,132],[107,113],[88,257],[13,132],[-5,157],[37,142],[80,369],[-29,310],[-33,230],[-46,209],[-91,295],[-122,371],[-99,227],[-202,399],[-238,531],[39,216],[95,109],[18,197],[189,268],[-76,111],[-10,128],[31,124],[197,-138],[116,-82],[163,32],[153,24],[206,128],[55,118],[18,150],[98,96],[161,32],[80,-114],[132,-173],[103,-125],[172,-208],[143,-88],[201,-123],[99,-111],[153,-173],[245,-287],[120,-122],[125,-128],[125,-132],[198,-192],[164,-162],[103,-90],[95,-96],[29,-146],[116,-106],[58,-117],[48,-155],[99,-94],[85,-105],[94,-143],[84,-104],[87,-115],[76,-114],[143,-119],[136,-139],[113,-80],[24,-20]],[[87058,89039],[0,2]],[[87305,89052],[0,-1]],[[87310,89053],[-1,-1]],[[87307,89055],[0,-1]],[[87307,89055],[0,0]],[[87307,89055],[1,1]],[[87307,89055],[-1,0]],[[87308,89057],[1,0]],[[87313,89059],[1,0]],[[87265,89076],[0,-1]],[[87104,89099],[-1,0]],[[87253,89099],[-1,0]],[[87256,89102],[0,-1]],[[87266,89111],[-1,0]],[[87265,89111],[1,0]],[[87136,89117],[0,0]],[[87137,89119],[1,0]],[[87275,89121],[0,1]],[[87275,89122],[0,-1]],[[87275,89122],[0,1]],[[87146,89123],[0,1]],[[87146,89125],[0,0]],[[87333,89126],[0,-1]],[[87147,89127],[0,-1]],[[87310,89137],[-1,0]],[[87308,89140],[1,-1]],[[87311,89141],[-1,0]],[[87305,89142],[-40,-66]],[[87265,89076],[0,35]],[[87266,89111],[9,10]],[[87275,89121],[30,21]],[[87305,89142],[1,0]],[[87367,89152],[-1,0]],[[87359,89157],[0,-1]],[[87330,89160],[0,-1]],[[87329,89162],[0,-1]],[[87327,89163],[1,-1]],[[87325,89164],[0,0]],[[87319,89168],[1,0]],[[87316,89169],[0,1]],[[87317,89174],[0,-1]],[[87317,89173],[0,1]],[[87322,89176],[0,1]],[[87357,89176],[0,1]],[[87357,89177],[0,-1]],[[87318,89177],[-1,0]],[[87355,89178],[1,0]],[[87344,89183],[0,1]],[[87344,89184],[1,0]],[[87345,89184],[-1,-1]],[[87343,89184],[1,-1]],[[87344,89183],[11,-5]],[[87355,89178],[2,-1]],[[87357,89176],[2,-19]],[[87359,89157],[-29,3]],[[87330,89160],[-1,2]],[[87329,89162],[-2,1]],[[87327,89163],[-10,10]],[[87317,89173],[0,1]],[[87317,89174],[24,10]],[[87341,89184],[2,0]],[[87344,89184],[-1,0]],[[87341,89184],[4,0]],[[87313,89186],[-1,1]],[[87309,89197],[1,0]],[[87310,89197],[-1,0]],[[87309,89197],[1,0]],[[87347,89199],[0,1]],[[87348,89201],[-1,0]],[[87387,89223],[1,0]],[[87387,89224],[0,-1]],[[87387,89223],[0,1]],[[87387,89224],[1,1]],[[87394,89226],[0,1]],[[87389,89229],[0,1]],[[87164,89339],[-1,0]],[[87165,89341],[0,1]],[[87166,89342],[0,0]],[[87166,89344],[0,-1]],[[87168,89349],[1,1]],[[87169,89350],[-1,-1]],[[87175,89355],[1,0]],[[87174,89357],[0,1]],[[87175,89360],[1,0]],[[87175,89360],[0,0]],[[87231,89364],[0,-1]],[[87173,89367],[1,0]],[[87173,89367],[0,0]],[[87174,89368],[0,0]],[[87183,89373],[0,-1]],[[87183,89373],[0,1]],[[87187,89376],[-1,0]],[[87183,89381],[1,0]],[[87183,89381],[0,0]],[[87181,89386],[0,1]],[[87181,89386],[0,0]],[[87182,89389],[0,0]],[[87254,89391],[0,-1]],[[87267,89397],[-3,-7]],[[87266,89399],[0,-1]],[[87265,89398],[0,1]],[[87273,89400],[0,-1]],[[87268,89400],[0,-1]],[[87268,89400],[0,0]],[[87267,89400],[0,0]],[[87266,89399],[1,1]],[[87267,89400],[-1,-1]],[[87273,89400],[0,0]],[[87275,89401],[0,0]],[[87269,89402],[0,-1]],[[87268,89402],[1,0]],[[87269,89402],[-1,0]],[[87264,89402],[0,0]],[[87276,89402],[-1,0]],[[87266,89403],[0,0]],[[87275,89409],[0,-1]],[[87278,89409],[0,0]],[[87277,89409],[0,1]],[[87277,89410],[0,-1]],[[87278,89409],[-1,0]],[[87277,89410],[1,0]],[[87278,89410],[0,-1]],[[87278,89410],[0,0]],[[87278,89410],[1,0]],[[87279,89411],[-1,0]],[[87279,89416],[1,0]],[[87280,89416],[-1,0]],[[87286,89419],[1,0]],[[87288,89422],[0,0]],[[87294,89425],[1,0]],[[87295,89425],[-1,0]],[[87292,89425],[0,-1]],[[87294,89425],[1,0]],[[87298,89427],[0,-1]],[[87207,89428],[-4,-3]],[[87298,89430],[0,0]],[[87301,89432],[1,0]],[[87301,89432],[0,0]],[[87302,89432],[0,1]],[[87302,89432],[0,0]],[[87302,89433],[0,0]],[[87302,89434],[0,0]],[[87303,89436],[-1,0]],[[87303,89436],[0,0]],[[87304,89438],[0,0]],[[87304,89438],[0,1]],[[87304,89439],[1,0]],[[87305,89439],[-1,-1]],[[87305,89439],[0,0]],[[87307,89439],[-1,0]],[[87306,89440],[0,0]],[[87306,89440],[0,1]],[[87308,89441],[0,0]],[[87309,89442],[-1,0]],[[87309,89442],[0,0]],[[87309,89442],[1,0]],[[87308,89442],[0,1]],[[87308,89442],[0,0]],[[87308,89443],[0,1]],[[87305,89447],[1,0]],[[87305,89448],[1,0]],[[87305,89448],[0,0]],[[87308,89449],[0,-1]],[[87307,89449],[0,-1]],[[87308,89449],[0,0]],[[87307,89449],[0,0]],[[87313,89452],[-1,0]],[[87312,89453],[0,0]],[[87312,89453],[-1,0]],[[87313,89455],[0,0]],[[87312,89455],[1,0]],[[87313,89455],[-1,0]],[[87314,89455],[0,0]],[[87312,89455],[0,1]],[[87312,89455],[0,0]],[[87315,89456],[-1,0]],[[87315,89456],[0,0]],[[87313,89457],[0,0]],[[87315,89456],[0,1]],[[87315,89458],[0,0]],[[87313,89458],[1,0]],[[87315,89458],[0,1]],[[87315,89459],[0,-1]],[[87319,89461],[1,-1]],[[87320,89460],[-1,1]],[[87320,89460],[-1,1]],[[87320,89460],[0,0]],[[87320,89460],[-1,1]],[[87319,89461],[1,-1]],[[87327,89475],[0,0]],[[87329,89476],[-1,0]],[[87570,89478],[0,0]],[[87572,89479],[0,1]],[[87569,89479],[0,1]],[[87331,89481],[0,-1]],[[87571,89481],[1,0]],[[87331,89481],[-1,0]],[[87330,89481],[1,1]],[[87331,89482],[0,-1]],[[87332,89482],[1,0]],[[87332,89482],[0,0]],[[87332,89482],[0,1]],[[87577,89483],[0,0]],[[87333,89484],[0,0]],[[87577,89484],[-1,0]],[[87335,89485],[0,-1]],[[87573,89485],[0,-1]],[[87334,89486],[1,0]],[[87335,89486],[0,-1]],[[87335,89485],[-1,1]],[[87579,89486],[-1,0]],[[87583,89487],[0,0]],[[87337,89490],[1,0]],[[87583,89489],[0,1]],[[87337,89490],[0,0]],[[87345,89490],[1,0]],[[87335,89491],[1,0]],[[87345,89491],[1,0]],[[87345,89491],[0,0]],[[87335,89491],[0,1]],[[87335,89491],[0,0]],[[87347,89492],[0,-1]],[[87348,89492],[0,0]],[[87347,89492],[1,0]],[[87347,89492],[0,0]],[[87578,89491],[0,-1]],[[87349,89493],[0,-1]],[[87348,89492],[0,1]],[[87349,89493],[0,1]],[[87349,89494],[0,-1]],[[87589,89494],[0,0]],[[87592,89495],[1,0]],[[87595,89496],[-1,0]],[[87350,89496],[1,0]],[[87598,89498],[0,-1]],[[87351,89498],[1,0]],[[87351,89498],[0,0]],[[87598,89498],[1,0]],[[87598,89498],[0,0]],[[87600,89499],[-1,0]],[[87600,89499],[0,1]],[[87602,89500],[0,1]],[[87357,89501],[1,0]],[[87357,89501],[0,1]],[[87357,89501],[0,0]],[[87358,89502],[0,0]],[[87597,89503],[1,0]],[[87357,89502],[1,0]],[[87358,89502],[-1,0]],[[87606,89504],[0,0]],[[87605,89504],[-1,0]],[[87596,89504],[-1,0]],[[87600,89504],[0,1]],[[87355,89505],[0,0]],[[87356,89505],[0,0]],[[87592,89495],[-1,1]],[[87355,89506],[0,0]],[[87358,89507],[0,0]],[[87598,89506],[-1,0]],[[87364,89508],[0,0]],[[87367,89510],[0,-1]],[[87367,89510],[0,1]],[[87355,89512],[0,0]],[[87355,89512],[0,1]],[[87355,89512],[1,0]],[[87369,89511],[0,1]],[[87364,89513],[-1,0]],[[87597,89514],[0,-1]],[[87359,89514],[0,0]],[[87358,89515],[0,-1]],[[87596,89515],[0,-1]],[[87388,89515],[1,0]],[[87359,89515],[0,0]],[[87372,89514],[0,1]],[[87364,89515],[1,0]],[[87600,89515],[1,0]],[[87358,89515],[-1,0]],[[87358,89515],[1,0]],[[87358,89515],[0,0]],[[87390,89515],[0,1]],[[87364,89515],[0,1]],[[87373,89515],[0,1]],[[87601,89517],[0,-1]],[[87361,89517],[0,0]],[[87601,89517],[1,0]],[[87392,89516],[0,1]],[[87363,89517],[-1,0]],[[87356,89517],[0,0]],[[87601,89517],[-1,0]],[[87355,89518],[0,-1]],[[87363,89518],[-1,0]],[[87354,89518],[-1,0]],[[87354,89518],[0,0]],[[87355,89518],[0,0]],[[87602,89518],[0,0]],[[87354,89518],[0,1]],[[87354,89518],[1,0]],[[87603,89519],[0,-1]],[[87359,89519],[0,0]],[[87362,89519],[0,0]],[[87360,89519],[0,0]],[[87603,89519],[-1,0]],[[87603,89519],[0,0]],[[87358,89519],[-1,0]],[[87389,89522],[0,-1]],[[87394,89522],[-1,0]],[[87352,89522],[0,0]],[[87389,89522],[-1,0]],[[87389,89522],[0,0]],[[87391,89523],[0,0]],[[87604,89524],[0,-1]],[[87390,89524],[-1,0]],[[87607,89525],[-1,0]],[[87604,89524],[-8,-9]],[[87596,89515],[8,9]],[[87604,89526],[-1,0]],[[87357,89526],[-1,0]],[[87377,89528],[1,0]],[[87604,89528],[1,0]],[[87377,89528],[-1,0]],[[87383,89529],[-1,0]],[[87609,89530],[0,1]],[[87616,89530],[0,1]],[[87616,89531],[1,0]],[[87617,89531],[-1,-1]],[[87616,89530],[0,1]],[[87607,89531],[0,0]],[[87607,89531],[1,0]],[[87617,89531],[0,1]],[[87608,89532],[0,0]],[[87348,89533],[0,0]],[[87347,89534],[0,0]],[[87379,89534],[0,0]],[[87617,89533],[0,1]],[[87349,89535],[0,-1]],[[87349,89535],[1,0]],[[87350,89538],[-1,0]],[[87350,89538],[0,0]],[[87349,89538],[0,-1]],[[87350,89538],[0,-1]],[[87349,89540],[0,0]],[[87015,89540],[-1,0]],[[87350,89541],[1,0]],[[87016,89540],[-1,0]],[[87015,89540],[1,0]],[[87350,89541],[-1,0]],[[87350,89541],[0,0]],[[87027,89544],[0,0]],[[87345,89544],[0,0]],[[87039,89554],[-1,0]],[[87039,89554],[0,0]],[[87040,89555],[0,0]],[[87038,89555],[0,0]],[[87619,89556],[0,1]],[[87618,89557],[0,0]],[[87609,89558],[-1,-1]],[[87609,89558],[0,1]],[[87609,89558],[0,0]],[[87616,89559],[0,0]],[[87609,89559],[1,1]],[[87619,89560],[0,0]],[[87611,89561],[1,0]],[[87612,89561],[-1,0]],[[87613,89561],[1,0]],[[87045,89561],[-1,0]],[[87045,89561],[0,0]],[[87617,89561],[0,0]],[[87617,89561],[0,1]],[[87621,89563],[0,0]],[[87045,89563],[0,0]],[[87619,89563],[2,0]],[[87621,89563],[-2,0]],[[87626,89563],[0,1]],[[87055,89565],[1,0]],[[87621,89563],[1,2]],[[87622,89565],[-1,-2]],[[87622,89565],[0,0]],[[87622,89566],[0,0]],[[87622,89568],[0,-1]],[[87622,89568],[0,1]],[[87624,89571],[-1,0]],[[87625,89572],[0,1]],[[87626,89574],[0,1]],[[87627,89575],[0,-1]],[[87627,89575],[0,0]],[[87627,89575],[1,0]],[[87624,89578],[1,0]],[[87624,89578],[0,0]],[[87625,89579],[1,0]],[[87625,89579],[0,0]],[[87619,89583],[1,0]],[[87620,89584],[1,0]],[[87623,89585],[0,0]],[[87623,89585],[1,1]],[[87624,89586],[-1,-1]],[[87624,89586],[0,1]],[[87700,89625],[1,0]],[[87141,89626],[-1,1]],[[87154,89628],[0,1]],[[87154,89628],[0,0]],[[87156,89629],[-1,0]],[[87189,89644],[0,0]],[[87884,89658],[1,0]],[[87884,89658],[0,1]],[[87987,89661],[0,-1]],[[87983,89671],[0,-1]],[[87983,89670],[0,1]],[[87887,89660],[-1,0]],[[88007,89674],[0,0]],[[87983,89671],[0,-1]],[[87997,89677],[-1,0]],[[88908,89691],[1,0]],[[87945,89691],[0,-1]],[[87924,89686],[-5,-5]],[[87210,89695],[-1,0]],[[88909,89697],[1,0]],[[87257,89698],[-1,0]],[[87958,89708],[0,1]],[[87959,89709],[0,1]],[[87232,89718],[-1,-1]],[[87986,89719],[0,0]],[[87990,89721],[0,1]],[[87991,89722],[0,-1]],[[87991,89722],[0,1]],[[87990,89723],[-1,0]],[[87258,89726],[0,0]],[[87259,89726],[-1,0]],[[87259,89726],[0,0]],[[87261,89727],[1,0]],[[87261,89727],[0,0]],[[87263,89727],[0,0]],[[87218,89723],[-2,-4]],[[87275,89736],[0,0]],[[87991,89736],[1,0]],[[87274,89736],[0,1]],[[87994,89737],[0,0]],[[87275,89737],[0,1]],[[87276,89737],[0,1]],[[87276,89737],[0,0]],[[87995,89738],[0,1]],[[87999,89743],[1,0]],[[88004,89746],[1,1]],[[88005,89747],[-1,-1]],[[88006,89749],[1,0]],[[87291,89751],[0,1]],[[88011,89752],[1,0]],[[88010,89752],[0,-1]],[[88011,89752],[-1,1]],[[88010,89753],[1,0]],[[88011,89753],[0,-1]],[[88014,89753],[1,0]],[[88015,89753],[-1,0]],[[88017,89754],[0,-1]],[[88016,89754],[0,0]],[[88019,89756],[1,1]],[[88020,89757],[-1,-1]],[[88027,89758],[0,-1]],[[88022,89758],[1,0]],[[88022,89758],[0,0]],[[88022,89758],[-1,1]],[[88021,89759],[1,-1]],[[87308,89763],[0,0]],[[88033,89764],[0,0]],[[88049,89766],[0,-1]],[[87323,89766],[0,0]],[[88042,89766],[0,0]],[[88049,89766],[-1,0]],[[88049,89766],[0,1]],[[88044,89767],[0,0]],[[88865,89787],[-1,0]],[[88871,89787],[0,1]],[[88864,89789],[-1,0]],[[88859,89794],[0,0]],[[88847,89794],[0,1]],[[88111,89795],[1,0]],[[88887,89796],[1,0]],[[88850,89796],[1,0]],[[88846,89797],[0,0]],[[88861,89796],[0,1]],[[88889,89801],[0,1]],[[88892,89803],[0,0]],[[88887,89803],[0,0]],[[88887,89805],[1,0]],[[88890,89805],[-1,0]],[[88890,89805],[1,0]],[[88893,89806],[1,0]],[[88894,89806],[-1,0]],[[88896,89807],[1,0]],[[88107,89807],[0,0]],[[88846,89808],[-1,0]],[[88813,89809],[0,-1]],[[88819,89809],[0,1]],[[88815,89811],[0,0]],[[88816,89814],[1,0]],[[88817,89814],[-1,0]],[[88840,89814],[-1,0]],[[88119,89815],[0,-1]],[[87387,89814],[0,-1]],[[88119,89815],[1,0]],[[87409,89817],[0,0]],[[88903,89818],[1,0]],[[88904,89818],[-1,0]],[[88903,89819],[0,-1]],[[88903,89819],[0,0]],[[88904,89818],[0,1]],[[88904,89819],[0,-1]],[[88827,89819],[0,-1]],[[88829,89819],[0,0]],[[88904,89819],[-1,0]],[[88903,89819],[1,0]],[[88127,89821],[1,0]],[[88128,89821],[-1,0]],[[88905,89821],[0,-1]],[[88128,89821],[0,1]],[[88128,89821],[0,0]],[[87415,89822],[-1,0]],[[87415,89822],[0,0]],[[88127,89821],[0,1]],[[88127,89822],[1,0]],[[88905,89821],[1,1]],[[88906,89822],[-1,-1]],[[88130,89822],[0,1]],[[88906,89822],[0,1]],[[88129,89822],[0,1]],[[88903,89825],[-1,0]],[[88903,89825],[0,0]],[[88132,89825],[0,0]],[[88130,89826],[0,-1]],[[88903,89825],[1,0]],[[88131,89825],[0,1]],[[88141,89826],[0,1]],[[88908,89827],[0,-1]],[[88136,89828],[-1,0]],[[88907,89828],[-1,0]],[[88909,89831],[0,-1]],[[88906,89832],[1,0]],[[88909,89833],[0,0]],[[88906,89834],[1,0]],[[88805,89834],[-1,0]],[[87412,89837],[-1,0]],[[87414,89838],[-1,0]],[[88808,89838],[0,1]],[[88871,89839],[0,0]],[[88809,89840],[-1,0]],[[88869,89839],[0,1]],[[88862,89842],[1,0]],[[88911,89843],[0,0]],[[88863,89843],[-1,0]],[[88917,89844],[0,1]],[[88846,89845],[-1,0]],[[88924,89847],[-1,0]],[[88815,89846],[0,1]],[[88815,89846],[0,0]],[[88817,89848],[0,0]],[[88916,89848],[1,0]],[[88927,89848],[0,1]],[[88923,89848],[-1,0]],[[87446,89851],[1,0]],[[88939,89852],[-1,0]],[[88859,89852],[0,1]],[[88862,89853],[0,-1]],[[88903,89853],[0,1]],[[88903,89853],[0,0]],[[88922,89854],[-1,0]],[[88929,89855],[1,0]],[[88930,89855],[-1,0]],[[88931,89855],[1,0]],[[88932,89855],[-1,0]],[[88861,89854],[-1,0]],[[88901,89854],[-1,0]],[[88834,89855],[-1,0]],[[88820,89855],[0,1]],[[88929,89855],[0,1]],[[88929,89855],[0,0]],[[88830,89857],[-1,0]],[[88940,89858],[-1,0]],[[88829,89859],[0,0]],[[88936,89859],[1,0]],[[88834,89859],[0,0]],[[88835,89860],[0,-1]],[[88935,89860],[-1,0]],[[88937,89862],[1,0]],[[88934,89862],[0,1]],[[88946,89862],[-1,0]],[[88942,89863],[-1,0]],[[88830,89864],[0,-1]],[[88830,89864],[0,1]],[[88113,89867],[0,-1]],[[88113,89867],[0,1]],[[88113,89867],[0,0]],[[88114,89869],[0,-1]],[[88924,89869],[-1,0]],[[88924,89869],[0,0]],[[88924,89869],[12,-10]],[[88936,89859],[-4,-4]],[[88931,89855],[0,1]],[[88931,89855],[-1,0]],[[88930,89855],[-1,1]],[[88929,89856],[-13,-8]],[[88916,89848],[-10,-14]],[[88906,89834],[-1,0]],[[88906,89834],[0,-2]],[[88906,89832],[-4,-7]],[[88903,89825],[-7,-18]],[[88896,89807],[-2,-1]],[[88894,89806],[-1,0]],[[88893,89806],[0,1]],[[88893,89806],[-6,-1]],[[88887,89805],[0,-2]],[[88887,89803],[2,-2]],[[88889,89801],[-2,-5]],[[88887,89796],[-37,0]],[[88850,89796],[-23,23]],[[88827,89819],[-10,-5]],[[88816,89814],[-11,20]],[[88805,89834],[10,12]],[[88815,89846],[47,-4]],[[88862,89842],[7,-3]],[[88869,89839],[34,14]],[[88903,89853],[20,16]],[[88922,89872],[0,0]],[[88939,89872],[0,0]],[[88941,89872],[-1,0]],[[88920,89872],[-1,0]],[[88123,89873],[-1,0]],[[88919,89874],[0,1]],[[88941,89875],[1,0]],[[88911,89875],[0,1]],[[88914,89877],[-1,0]],[[87469,89880],[-1,0]],[[88941,89882],[0,-1]],[[88941,89881],[0,1]],[[88935,89883],[-1,0]],[[88941,89882],[0,-1]],[[88938,89884],[-1,0]],[[88941,89885],[0,-1]],[[88435,89884],[-1,0]],[[88432,89883],[-1,0]],[[88144,89885],[0,0]],[[88438,89886],[0,-1]],[[88142,89886],[0,-1]],[[88146,89886],[0,1]],[[88433,89886],[-1,0]],[[88934,89887],[0,1]],[[88934,89887],[0,0]],[[88941,89885],[-1,0]],[[88147,89888],[0,1]],[[88934,89888],[1,0]],[[88934,89888],[0,-1]],[[88938,89892],[0,-1]],[[87479,89895],[-1,0]],[[87773,89897],[0,1]],[[88449,89895],[-1,0]],[[87488,89898],[-1,0]],[[87487,89898],[1,0]],[[87483,89899],[0,0]],[[87480,89899],[0,0]],[[87481,89899],[0,0]],[[88151,89901],[0,0]],[[87701,89900],[-1,0]],[[88448,89900],[-1,0]],[[88355,89899],[-1,0]],[[88151,89902],[0,1]],[[88151,89903],[1,0]],[[88152,89903],[-1,-1]],[[87703,89902],[0,1]],[[87725,89903],[-1,0]],[[87725,89903],[0,0]],[[87725,89903],[1,0]],[[87724,89903],[0,1]],[[87724,89903],[0,0]],[[88438,89905],[1,0]],[[88438,89905],[0,-1]],[[87651,89906],[-1,0]],[[87650,89906],[1,0]],[[87663,89906],[1,1]],[[87490,89908],[-1,0]],[[87493,89911],[0,0]],[[88431,89911],[-1,0]],[[87590,89916],[0,1]],[[87623,89919],[0,0]],[[88380,89918],[0,1]],[[87624,89919],[0,1]],[[87622,89919],[0,1]],[[87622,89919],[0,0]],[[88376,89920],[0,-1]],[[88380,89920],[0,0]],[[88382,89920],[0,0]],[[88382,89922],[1,0]],[[88384,89922],[0,1]],[[88382,89922],[-1,1]],[[88381,89923],[1,-1]],[[88374,89922],[0,1]],[[88381,89923],[-1,0]],[[88029,89924],[-8,-4]],[[88377,89924],[0,-1]],[[88222,89927],[0,1]],[[88379,89927],[0,-1]],[[87583,89929],[1,0]],[[88230,89931],[0,0]],[[87506,89932],[0,-1]],[[88225,89932],[-1,0]],[[87512,89932],[0,1]],[[87512,89932],[0,0]],[[87509,89932],[-1,0]],[[87517,89934],[0,1]],[[87523,89934],[-1,0]],[[87522,89934],[0,1]],[[87522,89935],[1,0]],[[87523,89935],[0,-1]],[[87516,89934],[0,1]],[[87512,89934],[0,1]],[[87523,89935],[0,0]],[[87519,89935],[0,1]],[[87513,89936],[0,0]],[[88008,89936],[0,-1]],[[87570,89937],[-1,0]],[[88014,89937],[0,0]],[[88012,89938],[-4,-2]],[[88008,89936],[3,2]],[[88011,89938],[1,0]],[[87515,89938],[-1,0]],[[87977,89939],[-1,0]],[[87528,89939],[0,0]],[[88011,89938],[1,0]],[[87564,89941],[-1,0]],[[87562,89941],[0,1]],[[87509,89942],[-1,0]],[[88021,89943],[1,0]],[[88022,89943],[-1,0]],[[88021,89943],[1,0]],[[87557,89944],[0,0]],[[88020,89944],[0,0]],[[88309,89952],[0,1]],[[88306,89954],[-1,0]],[[89002,89959],[0,-1]],[[87896,89958],[-1,0]],[[88997,89962],[0,1]],[[87943,89963],[0,0]],[[88988,89963],[-1,0]],[[88988,89963],[0,0]],[[88998,89963],[0,1]],[[88988,89963],[0,1]],[[88997,89965],[-1,0]],[[89029,89968],[0,1]],[[89003,89970],[-1,0]],[[89029,89970],[0,1]],[[89021,89973],[0,-1]],[[89008,89972],[-1,1]],[[89029,89974],[-1,0]],[[89008,89974],[-1,0]],[[89026,89978],[-1,0]],[[89010,89977],[0,1]],[[89032,89980],[0,-1]],[[89013,89979],[-1,0]],[[88998,89984],[0,0]],[[88997,89985],[0,-1]],[[88996,89985],[-1,0]],[[88996,89985],[0,0]],[[88995,89985],[-1,0]],[[89034,89986],[0,-1]],[[89038,89987],[0,-1]],[[89036,89987],[0,-1]],[[89036,89988],[1,0]],[[88993,89989],[0,0]],[[89042,89987],[-1,0]],[[88995,89990],[0,-1]],[[88992,89990],[0,0]],[[88993,89991],[0,-1]],[[89045,89991],[0,-1]],[[88993,89991],[0,0]],[[88953,89996],[0,1]],[[88952,89996],[-1,0]],[[88988,89997],[-1,0]],[[89403,89998],[-1,0]],[[88944,89999],[-1,0]],[[89056,90002],[0,-1]],[[89460,90003],[0,-1]],[[89436,90002],[-2,1]],[[89434,90003],[2,0]],[[89436,90003],[0,-1]],[[88971,90003],[0,0]],[[89460,90003],[0,1]],[[88954,90004],[0,1]],[[89441,90004],[-1,0]],[[88972,90005],[-1,0]],[[89428,90004],[-1,0]],[[88946,90006],[-1,-1]],[[89452,90005],[-1,0]],[[88960,90006],[-1,0]],[[89452,90007],[-1,0]],[[88943,90007],[-1,0]],[[88954,90007],[0,1]],[[88943,90007],[0,1]],[[88943,90008],[1,0]],[[88944,90008],[-1,-1]],[[88946,90007],[0,1]],[[88946,90008],[0,-1]],[[88953,90008],[0,-1]],[[89448,90007],[0,1]],[[89462,90009],[1,0]],[[88946,90007],[-2,1]],[[88943,90008],[3,0]],[[88958,90010],[0,-1]],[[88950,90010],[0,-1]],[[88960,90010],[0,0]],[[89420,90010],[1,0]],[[89460,90011],[0,-1]],[[88941,90010],[0,1]],[[89455,90011],[0,0]],[[89468,90011],[1,0]],[[89453,90011],[0,0]],[[89465,90011],[-1,0]],[[88946,90012],[-1,0]],[[88940,90012],[0,-1]],[[89468,90011],[-2,2]],[[89466,90013],[2,-2]],[[89056,90013],[1,0]],[[89425,90012],[-1,0]],[[89064,90013],[0,-1]],[[89454,90014],[-1,-3]],[[89453,90011],[0,1]],[[89453,90011],[0,3]],[[89453,90014],[0,-1]],[[89453,90014],[1,0]],[[88950,90015],[-1,0]],[[88950,90015],[0,0]],[[89066,90014],[0,1]],[[89069,90014],[0,1]],[[89465,90017],[0,-1]],[[89062,90016],[-1,1]],[[89473,90017],[-1,0]],[[89471,90013],[0,-1]],[[89436,90017],[-1,1]],[[89435,90019],[0,0]],[[89435,90022],[-1,0]],[[89451,90024],[0,0]],[[89436,90025],[0,0]],[[89466,90013],[-6,-2]],[[89460,90011],[-6,3]],[[89454,90014],[-1,0]],[[89453,90014],[-17,-12]],[[89436,90003],[-2,0]],[[89434,90003],[-1,0]],[[89434,90003],[32,10]],[[89450,90027],[1,0]],[[89450,90027],[-1,0]],[[89171,90030],[1,0]],[[89171,90030],[-1,1]],[[89179,90031],[-1,0]],[[88936,90032],[-1,0]],[[89179,90031],[0,1]],[[89458,90034],[-1,0]],[[89071,90035],[1,1]],[[89072,90036],[-1,-1]],[[89489,90034],[-1,0]],[[89189,90035],[-1,0]],[[89072,90036],[0,0]],[[89079,90037],[1,0]],[[89074,90037],[1,0]],[[89453,90037],[0,-1]],[[89492,90032],[-1,0]],[[89089,90037],[-1,0]],[[89089,90038],[0,1]],[[89495,90039],[0,-1]],[[89136,90039],[0,1]],[[88504,90038],[-1,0]],[[89131,90039],[0,1]],[[89135,90040],[-1,0]],[[89133,90041],[0,0]],[[89492,90041],[0,-1]],[[89088,90041],[1,0]],[[89485,90039],[0,1]],[[89485,90040],[0,1]],[[89485,90041],[0,-2]],[[89086,90041],[0,1]],[[88504,90042],[1,0]],[[89156,90040],[-1,0]],[[89154,90041],[-1,0]],[[89149,90043],[0,-1]],[[89149,90042],[0,1]],[[89149,90043],[0,-1]],[[88504,90042],[-1,0]],[[89151,90044],[0,-1]],[[89154,90044],[0,-1]],[[89108,90043],[0,1]],[[89108,90043],[1,0]],[[89109,90045],[0,0]],[[88502,90044],[-1,0]],[[89143,90045],[0,0]],[[89188,90043],[-1,1]],[[89187,90044],[1,-1]],[[89110,90046],[0,0]],[[89233,90045],[-1,0]],[[89100,90046],[-1,0]],[[89121,90045],[-1,0]],[[88466,90046],[0,1]],[[88470,90047],[-1,0]],[[89458,90048],[0,-1]],[[89093,90047],[0,1]],[[89460,90048],[-1,0]],[[89457,90048],[-1,0]],[[88473,90048],[-1,0]],[[88489,90048],[-1,1]],[[89458,90048],[0,1]],[[89133,90049],[-1,0]],[[89108,90050],[0,-1]],[[89486,90049],[0,1]],[[88491,90050],[1,0]],[[88617,90049],[0,1]],[[89455,90050],[0,-1]],[[89461,90049],[-1,0]],[[88958,90050],[0,0]],[[89447,90050],[1,0]],[[89459,90050],[-1,0]],[[88488,90051],[0,-1]],[[88490,90051],[1,-1]],[[88491,90050],[-1,1]],[[89203,90051],[0,0]],[[89495,90051],[-1,0]],[[88635,90052],[-1,0]],[[89496,90053],[1,0]],[[89498,90053],[0,0]],[[89487,90052],[0,1]],[[89203,90052],[-1,0]],[[89125,90054],[1,0]],[[89223,90054],[0,-1]],[[88493,90054],[0,0]],[[89119,90053],[0,1]],[[89488,90055],[0,0]],[[89137,90055],[-1,0]],[[89138,90055],[0,1]],[[89142,90055],[0,1]],[[88498,90056],[0,0]],[[89132,90057],[0,0]],[[89137,90057],[0,0]],[[89135,90057],[0,0]],[[89213,90058],[0,-1]],[[89501,90060],[1,0]],[[89231,90060],[0,1]],[[89231,90060],[0,0]],[[89213,90058],[0,1]],[[89231,90063],[1,0]],[[89500,90064],[-1,0]],[[89231,90063],[0,-2]],[[89231,90060],[0,3]],[[89498,90066],[0,1]],[[89477,90067],[-1,0]],[[89478,90067],[0,1]],[[89498,90069],[1,0]],[[89500,90069],[0,1]],[[88444,90070],[0,-1]],[[88444,90070],[1,0]],[[88584,90070],[0,0]],[[88592,90070],[0,1]],[[89498,90072],[0,-1]],[[89501,90072],[1,0]],[[89477,90071],[0,1]],[[89198,90073],[2,0]],[[89200,90073],[-2,0]],[[89500,90073],[1,0]],[[89483,90074],[0,0]],[[88597,90075],[0,-1]],[[88600,90075],[1,1]],[[88609,90077],[0,-1]],[[88602,90077],[1,0]],[[88603,90077],[-1,0]],[[88606,90077],[1,0]],[[89508,90078],[0,-1]],[[88441,90078],[0,1]],[[89500,90073],[-2,-1]],[[89498,90072],[0,-3]],[[89498,90069],[0,-3]],[[89498,90066],[-2,-13]],[[89496,90053],[0,1]],[[89496,90053],[-8,2]],[[89488,90055],[0,1]],[[89488,90055],[-3,-14]],[[89485,90040],[-1,0]],[[89485,90039],[-1,0]],[[89485,90039],[-32,-2]],[[89453,90037],[7,11]],[[89460,90048],[1,1]],[[89461,90049],[22,25]],[[89483,90074],[17,-1]],[[89502,90082],[-1,0]],[[89512,90084],[1,0]],[[89005,90084],[-1,0]],[[89512,90085],[0,1]],[[89530,90087],[0,0]],[[88419,90088],[1,0]],[[88420,90088],[-1,0]],[[89512,90087],[0,1]],[[89528,90088],[0,-1]],[[89081,90088],[0,1]],[[89528,90088],[-1,1]],[[89527,90089],[1,-1]],[[88686,90089],[0,1]],[[89525,90090],[0,0]],[[88421,90089],[0,1]],[[89002,90090],[-1,0]],[[89527,90089],[1,1]],[[89528,90090],[-1,-1]],[[89528,90090],[0,1]],[[89528,90091],[1,0]],[[89529,90091],[-1,-1]],[[88690,90092],[-1,0]],[[88419,90088],[2,1]],[[88421,90089],[-1,-1]],[[88680,90092],[0,-1]],[[89524,90093],[1,0]],[[89524,90093],[0,-1]],[[89520,90092],[0,1]],[[88684,90094],[0,0]],[[89535,90095],[0,-1]],[[89092,90095],[-1,0]],[[89206,90096],[-1,0]],[[89522,90097],[1,0]],[[89522,90097],[0,0]],[[89207,90097],[0,0]],[[89523,90098],[-1,0]],[[89208,90098],[0,0]],[[89532,90098],[1,1]],[[89533,90099],[2,-4]],[[89535,90095],[-6,-4]],[[89528,90091],[-5,6]],[[89523,90097],[9,1]],[[89532,90098],[1,1]],[[89208,90099],[0,1]],[[89092,90100],[-1,0]],[[89092,90100],[0,0]],[[89526,90100],[-1,0]],[[89530,90100],[0,1]],[[89530,90100],[0,0]],[[89530,90100],[0,1]],[[89537,90100],[0,1]],[[89537,90100],[0,-1]],[[89542,90102],[0,1]],[[89211,90102],[0,1]],[[89211,90103],[1,0]],[[89212,90103],[-1,-1]],[[89212,90103],[0,1]],[[89540,90104],[-1,0]],[[89539,90104],[1,0]],[[89536,90104],[-1,0]],[[89536,90104],[0,0]],[[89533,90104],[0,0]],[[89535,90104],[-1,0]],[[89535,90104],[0,0]],[[89034,90105],[-1,0]],[[89217,90107],[1,0]],[[89218,90107],[-1,0]],[[89245,90106],[0,1]],[[89261,90106],[1,0]],[[89232,90104],[-1,0]],[[89214,90107],[0,0]],[[89534,90108],[-1,-1]],[[89217,90107],[-1,1]],[[89216,90108],[2,-1]],[[89216,90108],[0,0]],[[89547,90105],[0,1]],[[89547,90106],[0,-1]],[[89084,90108],[0,1]],[[89537,90108],[-1,0]],[[89536,90108],[1,0]],[[89534,90108],[1,1]],[[89543,90109],[1,0]],[[89544,90109],[3,-3]],[[89547,90105],[-7,-1]],[[89539,90104],[-3,0]],[[89535,90104],[1,4]],[[89537,90108],[6,1]],[[89272,90109],[-1,0]],[[89543,90109],[1,0]],[[89538,90110],[0,0]],[[89172,90110],[1,0]],[[89539,90110],[-1,1]],[[89217,90111],[0,-1]],[[89540,90112],[1,0]],[[89550,90111],[-1,0]],[[89542,90112],[0,0]],[[89544,90112],[-1,0]],[[89540,90112],[0,0]],[[89247,90114],[0,-1]],[[89272,90113],[-1,0]],[[89287,90113],[-1,0]],[[89267,90115],[0,0]],[[89247,90115],[-1,0]],[[89252,90115],[-1,0]],[[89253,90116],[0,0]],[[89273,90116],[0,0]],[[89255,90116],[-1,0]],[[89552,90116],[-1,0]],[[89277,90115],[-1,0]],[[89034,90116],[-1,0]],[[89272,90117],[0,1]],[[89040,90118],[0,0]],[[89130,90119],[0,0]],[[89037,90119],[0,0]],[[89174,90119],[-1,0]],[[89241,90120],[0,-1]],[[89556,90119],[0,1]],[[89121,90122],[0,0]],[[89267,90129],[-1,0]],[[88653,90130],[0,0]],[[88653,90130],[-1,0]],[[89270,90133],[0,1]],[[89270,90140],[-1,0]],[[89281,90141],[-1,0]],[[88626,90141],[0,0]],[[89277,90143],[1,0]],[[89104,90144],[1,0]],[[88624,90144],[0,1]],[[89278,90151],[0,0]],[[89275,90151],[3,0]],[[89278,90151],[-3,0]],[[89278,90152],[-1,0]],[[89275,90151],[-1,0]],[[89261,90153],[0,-1]],[[89277,90154],[-1,0]],[[89263,90154],[0,1]],[[89171,90162],[0,1]],[[89250,90170],[-1,-1]],[[89246,90172],[-1,0]],[[89213,90181],[-1,0]],[[89248,90184],[-1,0]],[[89209,90186],[0,1]],[[89245,90188],[0,1]],[[89250,90189],[-1,0]],[[88410,90190],[-1,0]],[[88411,90191],[-1,0]],[[89250,90191],[0,0]],[[89241,90193],[0,0]],[[89241,90193],[1,0]],[[88409,90193],[0,-1]],[[89241,90194],[0,0]],[[89277,90143],[-1,0]],[[89277,90143],[-5,-26]],[[89272,90117],[-5,-2]],[[89267,90115],[-56,-12]],[[89211,90103],[-1,0]],[[89211,90102],[-11,-29]],[[89200,90073],[0,1]],[[89198,90073],[-11,-29]],[[89187,90044],[1,-1]],[[89188,90043],[-34,1]],[[89154,90044],[-3,0]],[[89151,90044],[-14,13]],[[89137,90057],[-5,0]],[[89132,90057],[0,1]],[[89132,90057],[-1,0]],[[89132,90057],[-7,-3]],[[89125,90054],[-17,-4]],[[89108,90050],[-29,-13]],[[89079,90037],[-5,0]],[[89074,90037],[-2,-1]],[[89072,90036],[-1,-1]],[[89071,90035],[-15,-22]],[[89056,90013],[-20,-25]],[[89036,89988],[-1,0]],[[89036,89988],[-2,-2]],[[89034,89986],[-37,-1]],[[88997,89985],[-1,0]],[[88996,89985],[-1,5]],[[88995,89990],[-35,20]],[[88960,90010],[-10,0]],[[88950,90010],[0,5]],[[88950,90015],[85,102],[57,-22]],[[89092,90095],[0,5]],[[89091,90100],[30,22]],[[89121,90122],[119,72],[37,-51]],[[89225,90195],[1,0]],[[89239,90196],[0,0]],[[88364,90197],[0,-1]],[[89227,90197],[-1,0]],[[88364,90198],[0,-1]],[[88364,90198],[0,0]],[[88364,90198],[0,1]],[[89242,90199],[-1,0]],[[89236,90201],[-1,0]],[[88648,90208],[1,0]],[[88681,90211],[-1,0]],[[88507,90211],[-1,0]],[[88331,90213],[0,1]],[[88333,90216],[-1,-1]],[[88512,90215],[-1,0]],[[88515,90222],[0,0]],[[88324,90223],[0,-1]],[[88324,90223],[1,0]],[[88446,90225],[0,0]],[[88670,90225],[-1,0]],[[88325,90225],[0,1]],[[88325,90226],[0,-1]],[[88669,90228],[0,0]],[[88666,90226],[0,1]],[[88666,90229],[0,0]],[[88325,90228],[1,1]],[[88326,90229],[-1,-1]],[[88325,90228],[-1,-1]],[[88592,90231],[-1,0]],[[88327,90232],[-1,-1]],[[88326,90235],[0,-1]],[[88597,90235],[-1,0]],[[88326,90235],[1,1]],[[88327,90236],[0,-1]],[[88327,90235],[-1,0]],[[88327,90235],[0,0]],[[88600,90236],[0,0]],[[88619,90236],[0,1]],[[88609,90237],[0,0]],[[88639,90237],[0,0]],[[88349,90237],[-1,0]],[[88618,90237],[-1,0]],[[88621,90237],[-1,0]],[[88642,90237],[-1,1]],[[88606,90238],[0,1]],[[88627,90237],[-1,1]],[[89296,90238],[0,1]],[[88630,90237],[-1,0]],[[88650,90240],[-1,0]],[[88648,90240],[0,-1]],[[88403,90240],[-1,0]],[[88398,90241],[0,0]],[[89300,90242],[1,0]],[[89301,90242],[-1,0]],[[88654,90241],[0,-1]],[[89314,90251],[-1,0]],[[89330,90251],[0,1]],[[89319,90252],[1,0]],[[89320,90252],[-1,0]],[[89321,90252],[0,0]],[[89319,90252],[0,0]],[[89323,90253],[0,-1]],[[89320,90252],[0,1]],[[89320,90253],[0,-1]],[[89329,90253],[0,-1]],[[89320,90253],[1,0]],[[89315,90254],[-1,0]],[[89330,90255],[0,1]],[[88439,90256],[-1,0]],[[88438,90256],[1,0]],[[88439,90256],[1,0]],[[89334,90256],[1,0]],[[89334,90256],[-1,0]],[[89334,90256],[0,1]],[[89338,90257],[0,0]],[[88438,90256],[0,1]],[[88438,90256],[0,0]],[[89338,90258],[-1,0]],[[89334,90259],[-1,0]],[[89334,90259],[0,0]],[[88419,90259],[-1,0]],[[88428,90260],[18,-35]],[[88446,90225],[147,-8],[-1,14]],[[88592,90231],[27,5]],[[88619,90236],[29,-28]],[[88648,90208],[-24,-64]],[[88624,90144],[-18,-67]],[[88606,90077],[-3,0]],[[88602,90077],[-2,-2]],[[88600,90075],[-3,0]],[[88597,90075],[-107,-24]],[[88490,90051],[-2,0]],[[88488,90051],[-30,135],[-133,39]],[[88325,90226],[0,2]],[[88325,90228],[1,1]],[[88326,90229],[1,3]],[[88327,90232],[101,28]],[[88428,90260],[0,1]],[[88432,90262],[-1,0]],[[89356,90266],[0,1]],[[89371,90270],[0,0]],[[89367,90271],[0,1]],[[89406,90279],[0,-1]],[[89406,90279],[0,0]],[[89406,90278],[-1,0]],[[89406,90278],[0,1]],[[88616,90279],[-1,0]],[[89406,90279],[1,0]],[[89406,90279],[0,1]],[[89413,90281],[-1,0]],[[89415,90282],[0,0]],[[89414,90282],[0,1]],[[89416,90282],[0,1]],[[89417,90285],[0,-1]],[[89417,90285],[1,0]],[[89420,90285],[-1,1]],[[89426,90289],[-1,0]],[[89426,90289],[0,0]],[[89426,90289],[0,1]],[[89431,90291],[-1,0]],[[89443,90298],[0,-1]],[[89443,90298],[1,1]],[[89444,90299],[-1,-1]],[[89448,90302],[0,-1]],[[89448,90301],[-4,-2]],[[89444,90299],[4,3]],[[89448,90302],[0,-1]],[[89457,90306],[1,0]],[[89458,90306],[-1,0]],[[89457,90306],[1,0]],[[89456,90308],[-1,0]],[[89456,90308],[0,0]],[[89456,90308],[0,1]],[[89456,90309],[0,-1]],[[89478,90308],[-2,1]],[[89476,90309],[-1,0]],[[89476,90309],[1,0]],[[89477,90309],[1,-1]],[[89481,90310],[0,0]],[[89478,90308],[-1,1]],[[89476,90309],[2,-1]],[[89483,90312],[0,-1]],[[89290,90311],[0,1]],[[89483,90313],[-1,0]],[[89466,90314],[0,-1]],[[89485,90318],[0,1]],[[89530,90337],[-1,0]],[[89555,90347],[0,0]],[[89554,90348],[-1,0]],[[89573,90356],[0,-1]],[[89582,90363],[-1,0]],[[89579,90365],[-1,0]],[[89578,90368],[1,0]],[[89581,90368],[-1,0]],[[89578,90368],[0,1]],[[89605,90389],[0,-1]],[[89621,90389],[0,1]],[[89619,90389],[-1,0]],[[89613,90390],[-1,0]],[[89625,90391],[-1,0]],[[89635,90402],[-1,0]],[[89605,90404],[1,0]],[[89606,90409],[0,0]],[[89545,90458],[0,1]],[[89545,90459],[0,-1]],[[89080,90536],[0,0]],[[89090,90550],[-1,0]],[[89401,90655],[1,0]],[[89356,90658],[-1,0]],[[89401,90655],[237,-61],[-84,-104],[-9,-31]],[[89545,90458],[61,-49]],[[89606,90409],[-109,-82],[-12,-9]],[[89485,90318],[-1,0]],[[89485,90318],[-19,-4]],[[89466,90314],[-10,-5]],[[89456,90309],[-122,-50]],[[89334,90259],[0,1]],[[89333,90259],[-32,-17]],[[89300,90242],[-59,179],[-92,103],[-59,26]],[[89090,90550],[227,77],[84,28]],[[89397,90664],[-1,0]],[[89397,90664],[0,0]],[[89396,90664],[0,1]],[[89396,90665],[1,-1]],[[89396,90664],[0,0]],[[90401,90740],[0,-1]],[[90398,90740],[0,-1]],[[90403,90740],[-1,0]],[[90403,90740],[0,0]],[[90396,90743],[1,0]],[[90403,90740],[0,4]],[[90403,90744],[1,1]],[[90404,90745],[-1,-5]],[[90404,90760],[0,-15]],[[90404,90745],[-1,-1]],[[90403,90744],[0,16]],[[90403,90760],[1,0]],[[90404,90761],[0,-1]],[[90403,90760],[1,1]],[[90425,90761],[1,0]],[[90404,90761],[0,1]],[[90407,90762],[-1,0]],[[90404,90764],[1,0]],[[90404,90764],[-1,0]],[[90412,90765],[0,-1]],[[90412,90764],[0,1]],[[90412,90765],[0,-1]],[[90413,90766],[-1,0]],[[90547,90767],[1,-1]],[[90433,90770],[1,0]],[[90531,90780],[1,0]],[[90509,90792],[1,0]],[[90515,90793],[1,-1]],[[90515,90793],[-1,-1]],[[90515,90793],[-1,1]],[[90512,90801],[0,-1]],[[90512,90903],[0,-1]],[[90514,90904],[1,0]],[[90515,90904],[1,-1]],[[90516,90903],[-2,1]],[[90517,90904],[-1,0]],[[90517,90904],[0,0]],[[90516,90903],[1,1]],[[90517,90904],[-1,-1]],[[90515,90904],[0,0]],[[90518,90905],[1,0]],[[90518,90905],[0,0]],[[90518,90905],[-1,1]],[[90517,90906],[1,0]],[[90518,90906],[0,-1]],[[90520,90905],[0,1]],[[90518,90906],[0,0]],[[90512,90907],[0,-1]],[[90512,90906],[0,1]],[[90517,90906],[-5,0]],[[90512,90907],[1,0]],[[90513,90907],[4,-1]],[[90512,90907],[1,0]],[[90510,90911],[1,0]],[[90044,90975],[-1,0]],[[90270,90979],[0,1]],[[90029,90983],[-1,0]],[[90044,90986],[0,0]],[[90030,90987],[0,-1]],[[90030,90987],[0,0]],[[90020,90989],[0,0]],[[90131,90989],[0,0]],[[90131,90990],[-1,2]],[[90130,90992],[1,-2]],[[90021,90993],[-1,0]],[[90021,90993],[0,0]],[[90021,90993],[0,1]],[[90129,90994],[0,-1]],[[90129,90994],[-1,0]],[[90129,90994],[0,0]],[[90038,90995],[0,-1]],[[90042,90995],[0,0]],[[90126,90996],[0,0]],[[90053,90996],[-1,0]],[[90054,90997],[0,0]],[[90125,90997],[-1,0]],[[90125,90997],[0,0]],[[90040,90997],[0,0]],[[90040,90998],[1,0]],[[90054,90997],[-1,0]],[[90040,90998],[0,1]],[[90040,90998],[0,0]],[[90016,90999],[-1,-1]],[[90032,91000],[0,-1]],[[90000,91000],[0,1]],[[90013,91005],[-1,0]],[[90230,91008],[-1,0]],[[89940,91011],[-1,-1]],[[90224,91013],[-1,1]],[[90223,91014],[1,-1]],[[90222,91014],[-1,0]],[[90221,91014],[2,1]],[[90223,91015],[0,-1]],[[90223,91014],[-1,0]],[[90223,91015],[0,0]],[[89960,91015],[-1,0]],[[89897,91022],[-2,1]],[[89895,91023],[1,0]],[[89896,91023],[1,-1]],[[89895,91023],[0,1]],[[89895,91023],[0,0]],[[89893,91026],[1,0]],[[89893,91026],[0,1]],[[89893,91026],[0,0]],[[89893,91027],[-1,0]],[[89910,91035],[-1,0]],[[90207,91041],[1,-1]],[[90215,91043],[-1,0]],[[89947,91043],[-1,0]],[[90218,91055],[0,0]],[[90014,91061],[-1,0]],[[90220,91063],[0,1]],[[90220,91064],[0,-1]],[[90229,91063],[-1,0]],[[90220,91063],[0,0]],[[90219,91063],[0,1]],[[90220,91064],[0,1]],[[90220,91064],[0,0]],[[90220,91065],[1,0]],[[90019,91066],[0,0]],[[90221,91066],[-1,0]],[[90036,91077],[-1,0]],[[90211,91080],[-1,1]],[[90210,91081],[1,-1]],[[90210,91083],[0,0]],[[90158,91088],[1,0]],[[90158,91088],[0,1]],[[90158,91088],[0,0]],[[90114,91091],[0,1]],[[90049,91102],[-1,0]],[[90041,91107],[-1,0]],[[90122,91106],[0,1]],[[90122,91107],[0,-1]],[[90042,91111],[0,0]],[[90041,91112],[-1,-1]],[[90117,91112],[0,1]],[[90042,91113],[-1,0]],[[90042,91113],[0,0]],[[90119,91113],[0,1]],[[90108,91113],[0,1]],[[90042,91118],[0,-1]],[[90041,91118],[-1,0]],[[90104,91117],[-1,0]],[[90038,91118],[-1,0]],[[90040,91119],[-1,0]],[[90110,91120],[-1,0]],[[90037,91121],[0,0]],[[90039,91122],[0,-1]],[[90039,91122],[0,1]],[[90039,91122],[0,0]],[[90093,91123],[0,1]],[[90093,91124],[0,-1]],[[90040,91124],[-1,0]],[[90040,91124],[0,0]],[[90093,91124],[-1,0]],[[90093,91123],[0,1]],[[90084,91128],[-1,0]],[[90082,91128],[-1,0]],[[90042,91129],[-1,0]],[[90042,91129],[0,0]],[[90085,91130],[-1,0]],[[90086,91132],[1,0]],[[90086,91132],[-1,0]],[[90086,91132],[0,0]],[[90086,91134],[-1,-1]],[[90085,91135],[-1,0]],[[90086,91134],[0,1]],[[90086,91134],[0,0]],[[90086,91135],[-1,0]],[[90086,91135],[0,0]],[[90052,91135],[0,1]],[[90052,91135],[0,0]],[[90108,91113],[14,-6]],[[90122,91107],[-1,0]],[[90122,91106],[88,-25]],[[90210,91081],[1,-1]],[[90211,91080],[-1,0]],[[90211,91080],[-4,-39]],[[90207,91041],[14,-27]],[[90222,91014],[2,-1]],[[90224,91013],[-93,-24]],[[90131,90989],[1,0]],[[90131,90989],[0,1]],[[90131,90990],[-1,2]],[[90130,90992],[-1,2]],[[90129,90994],[-4,3]],[[90125,90997],[-187,15],[-41,10]],[[89897,91022],[-1,1]],[[89896,91023],[118,38]],[[90014,91061],[22,16]],[[90036,91077],[6,34]],[[90042,91111],[0,2]],[[90042,91113],[-2,11]],[[90040,91124],[1,0]],[[90040,91124],[2,5]],[[90042,91129],[10,6]],[[90052,91136],[56,-23]],[[90055,91144],[0,-1]],[[91352,91374],[-1,-1]],[[91319,91384],[0,-1]],[[91319,91383],[0,1]],[[91446,91400],[2,0]],[[91448,91400],[-2,0]],[[91319,91398],[-1,-1]],[[91460,91400],[1,1]],[[91438,91399],[-1,0]],[[91470,91407],[-1,0]],[[91469,91423],[-1,0]],[[91496,91453],[1,0]],[[91515,91493],[1,-1]],[[91260,91496],[1,0]],[[91574,91500],[0,1]],[[91608,91519],[1,0]],[[86932,91521],[0,-1]],[[91515,91493],[-1,0]],[[91195,91532],[1,0]],[[91664,91533],[2,0]],[[91608,91519],[-1,0]],[[91143,91531],[-1,0]],[[91136,91534],[-2,0]],[[91687,91556],[-1,-1]],[[91907,91573],[-1,0]],[[91679,91571],[-1,0]],[[91923,91579],[-1,0]],[[91751,91592],[-1,0]],[[91802,91602],[0,-1]],[[91881,91625],[-1,1]],[[91944,91643],[-1,-1]],[[91926,91651],[0,-1]],[[91915,91680],[-1,0]],[[91919,91698],[-1,0]],[[91664,91533],[-152,17],[-16,-97]],[[91496,91453],[-36,-53]],[[91460,91400],[-12,0]],[[91446,91400],[-127,-17]],[[91319,91384],[0,14]],[[91319,91398],[-67,111],[-12,125],[-105,-88],[52,144],[-70,134],[87,101],[154,13],[204,31],[147,-20],[-11,127],[126,96],[153,8],[160,37],[99,-97],[110,-89],[-4,-135],[-148,-15],[-141,-35],[-91,-101],[-77,-108],[-144,-14],[-77,-90]],[[89497,95166],[94,-96],[124,-68],[62,-125],[134,-54],[121,-70],[261,-46],[167,7],[354,28],[164,77],[-12,-126],[-56,-117],[-76,-108],[-198,28],[-238,-40],[-117,-99],[-80,-107],[-80,-110],[-114,-83],[-193,-29],[-226,-16],[-155,-12],[-359,-216],[-15,-126],[-197,-102],[-138,-86],[-159,-74],[-94,-160],[-74,-108],[-66,-200],[-195,-90],[-63,-124],[-34,-122],[-34,-123],[-127,-63],[-127,-60],[-145,-21],[-145,-20],[-139,-157],[-116,-419],[-35,-211],[-29,-204],[-18,-129],[-35,173],[37,127],[-135,44],[-154,-29],[-144,-29],[-79,134],[32,123],[-58,175],[2,132],[138,59],[53,127],[118,106],[151,61],[114,113],[117,74],[103,102],[140,98],[84,104],[258,135],[3,231],[88,100],[81,112],[119,78],[91,105],[64,113],[126,178],[122,88],[118,98],[136,137],[47,125],[20,132],[90,103],[96,125],[67,130],[59,116],[108,86],[119,73],[77,22]],[[87016,89540],[22,14]],[[87039,89554],[1,1]],[[87040,89555],[5,6]],[[87045,89561],[10,4]],[[87055,89565],[99,63]],[[87154,89628],[2,1]],[[87156,89629],[33,15]],[[87189,89644],[69,82]],[[87259,89726],[2,1]],[[87262,89727],[1,0]],[[87263,89727],[12,9]],[[87275,89736],[1,1]],[[87276,89737],[15,14]],[[87291,89751],[17,12]],[[87308,89763],[15,3]],[[87323,89766],[1,0]],[[87323,89766],[92,56]],[[87415,89822],[66,77]],[[87481,89899],[2,0]],[[87483,89899],[4,-1]],[[87488,89898],[21,34]],[[87509,89932],[3,0]],[[87512,89932],[10,2]],[[87522,89934],[0,-1]],[[87523,89934],[60,-5]],[[87583,89929],[-1,0]],[[87583,89929],[39,-10]],[[87622,89919],[1,0]],[[87623,89919],[27,-13]],[[87651,89906],[12,0]],[[87663,89906],[38,-6]],[[87701,89900],[138,34],[57,24]],[[87896,89958],[139,-45],[116,-10]],[[88151,89902],[-9,-16]],[[88142,89886],[-28,-17]],[[88114,89869],[-1,-1]],[[88113,89868],[17,-42]],[[88130,89826],[-3,-4]],[[88127,89821],[-100,-63]],[[88027,89758],[-6,1]],[[88021,89759],[-1,-2]],[[88020,89757],[-1,-1]],[[88019,89756],[-2,-2]],[[88017,89754],[-1,0]],[[88016,89754],[-1,-1]],[[88014,89753],[-3,0]],[[88010,89753],[-4,-4]],[[88006,89749],[-1,-2]],[[88005,89747],[-1,-1]],[[88004,89746],[-5,-3]],[[87999,89743],[-129,-57],[-150,-22],[-96,-86]],[[87624,89578],[-5,-15]],[[87619,89563],[-7,-2]],[[87611,89561],[-1,-1]],[[87610,89560],[-152,43],[-113,-59]],[[87345,89544],[8,-26]],[[87353,89518],[2,-5]],[[87355,89513],[0,-7]],[[87355,89506],[0,-1]],[[87355,89505],[-6,-11]],[[87349,89493],[-1,0]],[[87348,89493],[-3,-2]],[[87345,89491],[-10,1]],[[87335,89492],[0,-6]],[[87334,89486],[-3,-4]],[[87331,89482],[-1,-1]],[[87330,89481],[-15,-22]],[[87315,89459],[-2,-1]],[[87313,89458],[-1,0]],[[87313,89458],[0,-1]],[[87313,89457],[-1,-1]],[[87312,89456],[0,-1]],[[87312,89455],[-7,-7]],[[87305,89448],[0,-1]],[[87305,89447],[3,-4]],[[87308,89443],[-6,-7]],[[87302,89436],[0,-2]],[[87302,89434],[0,-1]],[[87302,89433],[-1,-1]],[[87301,89432],[-3,-2]],[[87298,89430],[-6,-5]],[[87292,89425],[0,1]],[[87292,89425],[-4,-3]],[[87288,89422],[-8,-6]],[[87280,89416],[-1,0]],[[87279,89416],[-4,-7]],[[87275,89409],[-7,-7]],[[87268,89402],[-1,0]],[[87268,89402],[-87,-16]],[[87181,89386],[2,-5]],[[87183,89381],[-9,-13]],[[87174,89368],[-1,-1]],[[87173,89367],[2,-7]],[[87175,89360],[-6,-10]],[[87169,89350],[-1,-1]],[[87168,89349],[-49,-191],[18,-39]],[[87137,89119],[-74,-109],[-44,-121],[-155,94],[-181,-2],[-143,-12],[-144,-17],[-138,-34],[-143,-10],[-166,-64],[-107,-84],[-148,20],[-151,-10],[-97,-96],[2,-171],[146,-1],[-153,-50],[-113,-89],[-110,-81],[-123,-74],[-55,-127],[-130,-51],[-143,17],[-184,2],[-129,63],[-74,115],[23,125],[-148,34],[-140,-71],[-94,-96],[-80,-152],[67,-127],[109,-84],[-133,-53],[-147,16],[-178,43],[-150,22],[-151,-3],[-149,-2],[-136,-38],[-142,13],[-140,36],[-124,62],[-139,46],[-79,112],[-153,23],[-148,-14],[-142,-24],[-144,-36],[-134,-47],[-125,-62],[-118,-71],[-137,-34],[-121,-67],[-125,-78],[-120,-77],[-151,-99],[-231,-185],[-102,-93],[-99,-92],[-136,-117],[-104,-87],[-103,-91],[-110,-94],[-131,-116],[-205,-193],[-160,-175],[-136,-158],[-106,-136],[-108,-136],[-84,-106],[-76,-118],[-72,-110],[-179,-322],[-83,-164],[-51,-117],[-14,-136],[-49,-132],[21,-125],[65,-113],[2,-131],[-33,-70]],[[76690,95955],[123,-123],[105,-92],[116,-77],[93,-122],[86,-131],[117,-94],[124,-74],[110,-85],[184,-119],[117,-76],[125,-76],[121,-71],[94,-98],[131,-78],[124,-71],[124,-66],[117,-85],[44,-122],[126,-87],[338,-168],[133,-60],[141,-60],[145,-56],[136,-60],[138,-51],[225,-82],[188,-54],[224,-80],[142,-40],[196,-49],[139,-37],[144,-29],[158,-28],[146,-11],[149,-43],[150,-35],[150,-25],[147,17],[77,-111],[18,-132],[23,-126],[76,-107],[64,-113],[150,-81],[135,-50],[144,-43],[154,-36],[145,-29],[145,-22],[199,-22],[186,-11],[150,29],[230,-11],[149,24],[141,66],[123,73],[105,106],[131,82],[98,96],[53,118],[125,66],[112,80],[63,114],[124,71],[125,91],[121,80],[116,99],[131,78],[111,92],[74,126],[71,110],[99,104],[81,108],[97,103],[146,-26],[-5,-126],[72,-110],[-65,-115],[-33,-125],[-48,-120],[-87,-109],[-93,-97],[-103,-101],[-39,-123],[-3,-127],[-61,-128],[-116,-137],[-100,-96],[-88,-105],[-82,-111],[-50,-131],[-77,-196],[-9,-143],[-40,-126],[-74,-111],[-4,-145],[105,-174],[100,-170],[75,-107],[82,-129],[142,-51],[135,-44],[156,-43],[151,-42],[133,-85],[-28,-143],[-198,-11],[128,67],[65,115],[-213,7],[-146,1],[-54,122],[-126,-62],[74,-128],[50,-118],[92,-308],[39,-138],[24,-138],[46,-121],[62,-116],[75,-107],[114,-115],[136,-99],[193,-90],[163,-62],[129,57],[64,101]],[[99458,99998],[148,-12],[150,-28],[142,-59],[93,-98],[-4,-134],[-136,-78],[-107,-93],[54,-119],[103,-93],[-14,-130],[-85,-119],[-138,-63],[-140,-41],[-141,38],[-149,-4],[-150,7],[-138,-45],[-150,-41],[-116,-79],[-119,-78],[-97,-122],[-142,-35],[-144,-29],[-130,-61],[-153,-25],[-168,-46],[-94,-99],[-147,-48],[-100,-95],[-129,-66],[-142,-65],[-217,-153],[-97,-96],[-101,-98],[-95,-100],[-74,-112],[-124,-76],[-153,-122],[-141,-38],[-179,-13],[-150,-57],[-143,39],[-113,82],[-18,125],[-151,15],[-147,-64],[-98,-96],[-52,-121],[118,-88],[-56,-119],[-78,-115],[-59,-121],[-101,-91],[-151,-66],[-117,-89],[-121,-82],[-123,-69],[-129,-61],[-107,-89],[-128,-75],[-84,-104],[-62,-115],[-100,-97],[-56,-131],[-77,-118],[-109,-85],[-140,-43],[-295,0],[-147,-119],[-171,-175],[-75,-149],[-52,-119],[-112,-85],[-166,5],[-136,47],[-50,119],[44,139],[88,119],[164,85],[-29,197],[18,143],[220,-166],[144,176],[-92,174],[148,39],[166,-92],[149,54],[97,98],[175,263],[-3,127],[-137,47],[-144,29],[-78,107],[12,125],[154,6],[126,-64],[142,-48],[151,187],[34,123],[124,74],[220,77],[121,71],[103,91],[92,98],[95,96],[133,69],[73,112],[37,122],[8,126],[9,133],[-127,64],[172,-19],[133,-56],[166,-57],[150,-4],[135,79],[26,128],[25,129],[83,104],[87,102],[137,47],[139,44],[152,-2],[76,140],[-40,122],[6,126],[-48,123],[-38,178],[68,117],[92,123],[111,90],[134,-66],[44,-122],[40,-123],[64,-118],[44,-122],[30,-131],[98,-101],[143,-38],[256,-8],[342,37],[144,28],[175,44],[119,75],[110,86],[136,56],[100,94],[85,104],[64,128],[117,127],[98,109],[117,79],[77,110],[141,42],[105,93],[128,88],[152,25],[139,47],[9,21]],[[67088,80017],[-1,0]],[[67088,80017],[0,0]],[[72224,76259],[-93,-92],[-166,-51],[-126,-130],[-121,-159],[-154,4],[-119,84],[-180,-12],[-141,-30],[-79,-132],[-149,17],[-53,116],[-190,-106],[-192,-86],[-105,-84],[-191,-36],[-135,-67],[-35,-141],[-165,-74],[-136,-84],[-193,9],[-80,112]],[[69421,75317],[10,160],[4,186],[38,133],[96,113],[-31,125],[-46,132],[-146,-35],[-286,83],[72,323],[-169,-28],[-98,-98],[-21,-152],[-181,-20],[-87,-124],[-162,40],[-105,-86],[-134,40],[-136,74],[-150,-42],[32,-125],[-129,62],[-116,95],[-90,95],[-148,2],[-34,135],[-137,0],[-167,-60],[-67,-137],[-135,29],[-151,-17],[-259,-33],[-179,15],[-153,-10],[-79,124],[-147,-11],[-88,-97],[-134,-34],[-170,-7],[-39,-9]],[[65499,76158],[-1,-1]],[[65498,76157],[-2,-1]],[[65496,76156],[23,124],[18,130],[-6,139],[-20,181],[-60,131],[-143,18],[-101,88],[75,109],[97,89],[122,72],[105,105],[71,118],[42,122],[123,71],[99,87],[142,-57],[140,-61],[116,75],[116,77],[148,24],[100,86],[62,112],[53,129],[39,121],[37,141],[39,179],[-2,134],[41,132],[11,139],[3,192],[-51,117],[-114,98],[116,75],[69,114],[29,125],[-15,125],[37,121],[30,79]],[[67087,80017],[1,0]],[[67088,80017],[0,-1]],[[67088,80017],[115,-70],[89,-99],[103,-88],[128,-88],[146,29],[84,110],[138,49],[134,-38],[96,-92],[96,-99],[-11,-128],[-25,-127],[-1,-129],[23,-147],[30,-129],[13,-129],[24,-124],[14,-129],[35,-129],[26,-130],[41,-124],[94,-93],[106,-89],[141,14],[124,58],[93,94],[111,106],[38,125],[-8,130],[-29,130],[77,170],[141,-51],[129,-49],[92,-97],[-9,-130],[177,-32],[120,-71],[111,-84],[76,-105],[144,-2],[129,95],[86,117],[64,114],[49,118],[59,204],[21,138],[6,134],[14,130],[50,118],[67,116],[-48,215],[-71,141],[-78,107],[-95,92],[-135,41],[-79,-103],[-47,-137],[-148,-84],[-122,-89],[-158,8],[-136,22],[-119,-65],[-196,-58],[-138,-21],[-121,-67],[-89,-96],[-138,18],[-42,120],[-11,127],[55,117],[21,126],[20,125],[34,128],[1,128],[82,111],[28,123],[12,126],[72,108],[65,111],[75,108],[70,117],[-19,137],[76,106],[96,-96],[102,-91],[108,-79],[137,-29],[140,-9],[119,-68],[92,-99],[95,-93],[97,-93],[97,-107],[116,-70],[253,-68],[160,22],[154,67],[117,71],[100,90],[93,95],[-10,-127],[-10,-129],[-77,-221],[-37,-152],[-46,-166],[-27,-136],[-34,-147],[-17,-127],[5,-133],[8,-127],[1,-127],[-17,-128],[-12,-134],[-6,-126],[4,-126],[3,-128],[17,-125],[5,-127],[13,-147],[17,-127],[60,-391],[22,-127],[27,-124],[42,-136],[32,-122],[56,-148],[63,-125],[189,-103],[-133,32],[46,-119],[131,-42],[124,54],[78,-110],[111,-74],[72,-107],[99,-87],[69,-51]],[[72350,69292],[-1,0]],[[73583,72295],[0,0]],[[72027,69381],[1,0]],[[72027,69381],[-220,77],[-186,24],[-140,24],[16,-196],[-8,-161],[-132,-187],[-29,-210],[-67,-113],[22,-129],[-111,-72],[-54,142],[-138,49],[-138,37],[-122,-99],[-140,-113],[-105,-87],[-143,114],[-133,26],[-60,126],[-124,70],[111,105],[7,140],[-142,28],[-144,-4],[-157,1],[-128,-36],[-97,105],[-109,80],[-170,57],[-206,109],[-227,34],[-31,0]],[[68722,69322],[-18,209],[95,181],[28,149],[-153,41],[2,131],[-10,152],[99,106],[-77,151],[88,129],[-81,113],[-130,75],[-67,133],[-83,112],[-21,141],[-36,140],[-63,130],[91,122],[11,134],[115,99],[17,128],[65,151],[54,121],[101,91],[88,98],[35,130],[39,139],[-49,134],[-92,125],[86,160],[153,156],[-190,113],[-53,117],[4,137],[128,48],[131,-77],[82,132],[-77,136],[11,138],[-35,235],[15,220],[-3,142],[75,161],[31,148],[-73,118],[126,90],[62,144],[178,112]],[[72224,76259],[87,-132],[67,-110],[94,-102],[58,-114],[46,-120],[65,-111],[70,-108],[47,-118],[35,-123],[-113,-84],[34,-122],[128,-49],[98,-89],[-99,-102],[-64,-132],[25,-125],[88,-96],[106,-80],[69,-111],[133,-26],[74,-109],[6,-127],[-62,-112],[35,-127],[84,-104],[18,-125],[13,-127],[17,-126],[57,-114],[-13,-125],[-90,-98],[11,-129],[25,-124],[4,-126],[-48,-118],[-83,-105],[121,58],[82,105],[91,95],[-7,-126],[14,-125],[7,-128],[118,-66],[28,-123],[-130,-35],[-43,-121],[-96,-88],[-133,-24],[18,-132],[135,-3],[69,108],[118,63],[-5,-126],[-28,-125],[-132,-37],[-135,-14],[-77,-103],[57,-114],[-81,-102],[-134,-28],[114,-71],[130,39],[-67,-109],[-133,-20],[-132,-28],[107,-78],[-110,-72],[74,-106],[135,-5],[52,-117],[-138,-36],[-108,-76],[118,-61],[-86,-97],[-124,-50],[18,-126],[126,-45],[-55,-115],[-122,54],[-130,36],[-6,-126],[124,-51],[-114,-67],[86,-100],[-115,-66],[-126,45],[-117,-63],[-75,104],[-10,126],[-38,-141],[31,-125],[40,-121],[-130,-30],[67,-110],[-127,-42],[-61,112],[18,129],[-128,38],[-90,-98],[26,-68]],[[71599,66556],[0,0]],[[72028,69381],[26,-125],[56,-114],[38,-122],[39,-123],[-118,61],[-138,0],[-73,106],[3,-127],[-18,-129],[-31,-122],[-89,-95],[-124,-56],[-3,-126],[86,-103],[62,-112],[-136,3],[-26,-125],[-116,-63],[-135,-18],[-35,-124],[135,0],[130,-31],[58,-113],[-90,-93],[-121,-56],[42,-119],[62,-112],[114,68],[72,-107],[-37,-122],[-114,66],[-137,43],[72,-107],[0,-126],[87,-95],[-115,-63],[-137,28],[98,-85],[-25,-128],[118,67],[113,-67],[-112,-73],[90,-86]],[[71599,66556],[48,-117],[31,-124],[-62,-112],[-127,36],[-84,98],[-23,128],[-132,21],[68,108],[-56,114],[-133,-9],[-130,-25],[-42,119],[-141,-12],[-129,-57],[-154,25],[-122,-50],[-122,-71],[-81,-115],[-92,92],[-137,6],[-131,-22],[-48,-118],[-81,-101],[135,-6],[86,-96],[-103,-82],[-133,-3],[-117,-59],[135,-16],[-96,-96],[-71,-109],[-65,-111],[-30,-131],[-65,-111],[-53,-168],[-38,-189],[-10,-134],[-18,-125],[-9,-155],[14,-154],[15,-125],[33,-114]],[[69329,64386],[-118,34]],[[69211,64420],[-1,0]],[[69211,64420],[-139,-47],[-12,-132],[-28,-134],[-2,-136],[-134,-40],[-102,9]],[[68794,63940],[0,-1]],[[68794,63940],[-180,-55],[-142,60],[-97,125],[30,151],[-10,132],[-149,47],[-144,73],[-135,-5],[-150,-27],[-213,-30],[-55,114],[-29,123],[-148,27],[-145,30],[-122,-50],[-137,19],[-134,74],[-14,12]],[[66820,64760],[27,148],[-30,163],[113,66],[135,-20],[141,76],[140,46],[95,233],[103,126],[45,136],[-20,173],[-13,126],[66,112],[17,131],[137,75],[63,210],[89,99],[17,139],[53,118],[131,65],[-81,148],[-113,81],[-52,120],[55,124],[8,140],[-77,124],[7,160],[185,-33],[67,173],[-49,119],[57,143],[84,175],[-171,98],[-32,201],[-190,117],[22,130]],[[67849,69002],[148,-43],[152,49],[213,106],[163,94],[191,116],[6,-2]],[[65057,73505],[0,1]],[[64993,73508],[0,1]],[[64992,73521],[0,-1]],[[64992,73521],[-138,13],[-116,65],[-17,127],[-102,83],[47,119],[-75,108],[-23,125],[111,-81],[161,-31],[107,-80],[147,33],[112,75],[99,92],[81,101],[74,107],[62,113],[58,122],[66,165],[40,120],[-3,136],[37,123],[50,118],[35,142],[24,169],[13,144],[-36,123],[-96,90],[-91,94],[-95,97],[-25,25]],[[65499,76158],[-1,-1]],[[65498,76157],[-2,-1]],[[67849,69002],[-203,45],[-124,95],[-15,67]],[[67507,69209],[1,0]],[[67507,69209],[-46,183],[-98,90],[-135,7],[-97,121],[-121,69],[-112,-78],[-152,80],[-149,-19],[-80,133],[-149,-25],[-176,64],[-209,113],[-1,191],[-258,-117],[-182,41],[-302,5]],[[65240,70067],[51,117],[65,111],[21,137],[-13,126],[50,121],[9,127],[118,62],[110,77],[61,131],[51,130],[33,123],[42,129],[26,125],[42,213],[32,191],[25,221],[13,143],[8,177],[-3,126],[-8,149],[-18,133],[-64,113],[-22,139],[-70,217],[-81,109],[-104,98],[-116,68],[-138,31],[-134,-22],[-56,-125],[-130,-61],[-48,18]],[[66820,64760],[-18,-137],[-33,-139],[-1,-131],[-3,-158],[7,-138],[120,-85],[-78,-103],[-90,-95],[-211,-63],[-209,8],[-96,-86],[-123,98],[-110,70],[-131,-20],[-187,1],[-65,134],[-62,112],[-159,-23],[-135,24],[-162,-35],[-128,42],[-148,5],[-80,34]],[[64718,64075],[-105,125],[-100,-43]],[[64513,64157],[-1,0]],[[64512,64157],[-90,111],[-97,85],[-20,128],[49,117],[-7,132],[47,122],[12,133],[111,114],[18,127],[-57,4]],[[64478,65230],[-1,0]],[[64478,65230],[48,143],[18,128],[-14,142],[49,126],[134,37],[139,-17],[128,40],[198,98],[86,119],[84,99],[-76,160],[-81,105],[-121,80],[-139,0],[-120,55],[-105,97],[-104,92],[54,125],[-10,160],[13,17]],[[64659,67036],[1,0]],[[64659,67036],[24,102]],[[64683,67138],[-1,0]],[[64683,67138],[-219,87],[-167,76],[-156,42],[-115,70],[-26,26]],[[64000,67439],[41,123],[61,126],[55,115],[54,115],[74,113],[111,76],[78,102],[106,80],[82,102],[104,82],[58,113],[50,123],[56,173],[37,122],[28,125],[43,119],[22,126],[76,108],[89,263],[25,130],[23,127],[-33,65]],[[69329,64386],[28,-125],[76,-107],[87,-96],[25,-171],[51,-119],[43,-131],[-5,-143],[15,-133],[34,-132],[-2,-135],[12,-195],[11,-132],[24,-159],[20,-128],[-11,-125],[-9,-128],[-5,-126],[9,-129],[-15,-125],[-22,-127],[-12,-132],[-31,-142],[23,-133],[-77,-206],[5,-126],[-14,-167],[-58,-174],[-32,-150],[-5,-203],[-17,-187],[-91,-93],[-96,-92],[-137,17],[-87,-95],[-128,-28],[-152,-228],[13,-14]],[[68799,59567],[-130,33],[-132,37],[-117,66],[-152,39],[-134,24],[-87,102],[-117,61],[32,-140],[58,-119],[-100,-82],[-125,-64],[-66,-115],[-113,-78],[-128,-27],[-103,84],[-143,60],[-75,110],[-19,125],[-148,31],[-73,130],[-159,63],[-8,3]],[[66760,59910],[-81,101],[27,157],[-5,137],[-132,7],[-57,130],[-82,100],[-22,5]],[[66408,60547],[0,-1]],[[66408,60547],[-87,102],[-108,74],[-109,74],[-141,9],[-118,65],[-130,17],[-122,45],[-160,-16],[-135,-1],[-142,-48],[-122,-99],[18,-148],[-44,-6]],[[65008,60615],[0,-1]],[[65008,60615],[-132,32],[-109,-97],[-143,-16],[-126,-50],[-109,-90],[-112,-81],[-131,-23],[-111,-84],[-114,-77],[-139,-44],[-128,-46],[-87,-98],[-113,-68],[-49,-68]],[[63405,59805],[-134,28],[-127,42],[-127,42],[-135,-3],[-89,7]],[[62793,59921],[1,0]],[[62793,59921],[-10,7]],[[62783,59928],[0,1]],[[62783,59928],[0,15]],[[62783,59943],[62,117],[11,179],[1,129],[13,143],[-53,118],[-14,144],[59,182],[-45,125],[-89,114],[-127,30],[-75,113],[71,108],[87,97],[44,121],[23,127],[50,138],[-50,117],[-102,85],[62,131],[139,55],[136,-4],[146,51],[143,37],[146,-43],[42,144],[96,110],[171,-54],[150,33],[212,-23],[72,106],[-87,99],[2,143],[-14,82]],[[64065,62997],[1,0]],[[64065,62997],[-65,113],[8,129],[160,84],[92,90],[64,154],[93,92],[66,124],[96,100],[90,100],[49,92]],[[64718,64075],[-75,110],[-130,-28]],[[68799,59567],[37,-121],[-126,-60],[-49,-117],[-90,-207],[-25,-137],[-39,-120],[-10,-143],[-88,-110],[-43,-120],[-67,-125],[-56,-114],[-41,-120],[-21,-131],[-81,-111],[-13,-126],[71,-129],[-66,-111],[59,-112],[-38,-120],[-79,-105],[-61,-126],[-79,-100],[6,-152],[15,-126],[21,-148],[34,-146],[40,-144],[48,-137],[54,-117],[51,-130],[56,-118],[48,-121],[57,-116],[118,-50],[-11,-130],[-127,-48],[37,-126],[78,118],[67,150],[-8,-130],[48,-118],[76,-133],[52,-117],[114,-178],[68,-108],[92,-126],[96,-66]],[[69024,54385],[-521,367],[-332,164],[-159,218],[-301,245],[-79,-202],[-125,53],[-573,-289],[-637,-74],[-218,165],[-582,272],[-49,130],[-182,187],[-309,403],[-77,-31]],[[64880,55993],[-238,160],[-62,124],[-40,223]],[[64540,56500],[119,55],[208,56],[189,75],[68,281],[111,66],[119,-64],[2,3]],[[65356,56972],[0,1]],[[65356,56972],[49,120],[120,97],[119,122],[133,4],[141,0],[78,123],[130,-17],[161,66],[120,-60],[110,181],[37,130],[77,158],[84,134],[-15,137],[-17,131],[5,128],[-15,134],[-54,136],[25,132],[133,12],[68,115],[-107,128],[-19,131],[38,123],[-14,130],[-23,128],[-3,135],[-16,133],[59,47]],[[64540,56500],[-91,34]],[[64449,56534],[-37,122],[-90,94],[-229,63],[-90,63]],[[64003,56876],[0,1]],[[64003,56876],[-135,-10],[-125,-34],[-103,83],[-131,106],[-122,198],[-84,109],[33,131],[72,106],[67,116],[102,98],[-77,105],[64,115],[31,44]],[[63595,58043],[1,0]],[[63595,58043],[-15,86]],[[63580,58129],[1,0]],[[63580,58129],[129,69],[6,141],[-131,42],[-139,20]],[[63445,58401],[-1,0]],[[63445,58401],[-137,19],[-149,69],[-11,137],[86,199],[69,120],[-48,128],[30,128],[96,113],[72,110],[-123,44],[-62,142],[83,136],[54,59]],[[64449,56534],[-152,-95],[-309,46],[-465,67],[-118,77],[-144,117],[-108,-71],[-235,61],[-138,10],[-128,44],[-240,75],[-107,-82],[-170,-296],[-21,-139],[-63,-114],[-141,-42],[-107,-80],[-105,-80],[-141,-34],[-161,-58],[-103,-81],[-64,-111],[-137,-37],[-128,23],[-61,-116],[-113,-109],[-7,-6]],[[60783,55503],[-1,0]],[[60782,55503],[-125,107],[-131,54],[-7,137],[-38,142],[51,124],[-64,121],[-136,40],[-60,116],[144,14],[25,136],[-34,126],[-42,159],[47,121],[129,69],[12,138],[4,129],[-11,178],[-130,112],[-131,9],[-301,-35],[-176,-47],[-223,135],[2,161],[15,181],[24,159],[31,148],[57,125],[86,100],[80,103],[176,29],[-23,128],[94,115],[130,18],[144,15],[114,68],[128,30],[75,36]],[[60718,59004],[117,118],[131,-62],[222,52],[53,148],[108,92],[201,70],[22,129],[25,132],[131,46],[74,108],[-44,121],[3,165],[146,12],[202,79],[125,149],[81,114],[72,-106],[82,-108],[110,-82],[39,-148],[189,-61],[-24,-29]],[[62903,56705],[2,0]],[[64880,55993],[155,-264],[33,-274],[81,-155],[167,-465],[-4,-210],[21,-64]],[[65333,54561],[-221,82],[-176,26],[-43,11]],[[64893,54680],[0,1]],[[64893,54680],[-90,-91],[-396,54],[-107,-85],[-142,-16],[-104,-81],[-133,31],[77,163],[-129,-67],[-96,-42]],[[63773,54546],[0,1]],[[63773,54547],[1,0]],[[63773,54546],[-57,-18]],[[63716,54528],[0,1]],[[63716,54528],[-131,-33],[-132,1],[-117,55],[-111,74],[-111,67],[-69,113],[-129,14],[-129,-7],[-155,16],[-122,68],[-180,50],[-122,44],[-147,41],[-120,68],[-114,-73],[-149,-69],[-4,-61]],[[61674,54896],[-133,-17],[-146,18],[-129,44],[-179,63],[-119,109],[-122,36]],[[60846,55149],[8,167],[-74,121],[3,66]],[[65352,50449],[1,0]],[[65309,50450],[0,-1]],[[65311,50449],[-1,0]],[[65349,50449],[0,1]],[[65309,50450],[0,1]],[[65309,50450],[0,0]],[[65308,50451],[0,0]],[[65311,50451],[-1,1]],[[65169,50452],[0,0]],[[65310,50453],[-1,0]],[[65168,50453],[0,0]],[[65314,50453],[0,1]],[[65310,50453],[0,1]],[[65310,50454],[0,-1]],[[65310,50454],[-1,0]],[[65312,50455],[-1,1]],[[65311,50456],[1,0]],[[65312,50456],[0,-1]],[[65312,50455],[0,0]],[[65169,50455],[-1,0]],[[65309,50456],[0,0]],[[65305,50456],[0,0]],[[65314,50456],[0,-1]],[[65356,50458],[1,0]],[[65305,50458],[-1,0]],[[65315,50458],[-1,0]],[[65315,50458],[0,0]],[[65356,50458],[0,1]],[[65356,50458],[0,0]],[[65315,50458],[0,1]],[[65131,50459],[0,0]],[[65352,50460],[1,0]],[[65104,50460],[0,1]],[[65317,50462],[1,0]],[[65131,50462],[0,-1]],[[65123,50461],[0,1]],[[65104,50462],[1,0]],[[65104,50462],[-1,0]],[[65131,50462],[1,1]],[[65352,50462],[1,0]],[[65319,50463],[0,-1]],[[65129,50463],[0,0]],[[65236,50463],[-1,0]],[[65319,50463],[0,1]],[[65346,50463],[-1,0]],[[65109,50465],[0,-1]],[[65111,50465],[0,1]],[[65109,50465],[-1,1]],[[65124,50466],[-1,0]],[[65114,50465],[-1,0]],[[65112,50466],[0,0]],[[65137,50466],[-1,0]],[[65114,50467],[0,0]],[[65135,50467],[-1,0]],[[65339,50468],[0,-1]],[[65334,50467],[-1,0]],[[65159,50468],[-1,0]],[[65245,50468],[0,0]],[[65351,50468],[0,-1]],[[65136,50468],[0,0]],[[65246,50468],[1,1]],[[65348,50468],[-1,0]],[[65305,50469],[0,-1]],[[65305,50468],[0,1]],[[65135,50469],[0,0]],[[65339,50468],[0,1]],[[65154,50468],[0,1]],[[65365,50469],[-1,0]],[[65246,50469],[0,0]],[[65129,50469],[-1,0]],[[65158,50469],[-1,0]],[[65332,50469],[-1,0]],[[65350,50469],[1,0]],[[65136,50469],[0,0]],[[65350,50469],[-1,0]],[[65330,50469],[-1,0]],[[65241,50469],[0,1]],[[65345,50469],[1,0]],[[65132,50470],[-1,0]],[[65132,50470],[1,0]],[[65328,50470],[0,1]],[[65303,50470],[-1,1]],[[65205,50470],[-1,0]],[[65241,50471],[0,0]],[[65118,50471],[-1,-1]],[[65263,50472],[-4,0]],[[65259,50472],[4,0]],[[65263,50472],[1,0]],[[65263,50472],[0,0]],[[65268,50473],[0,-1]],[[65268,50473],[-1,0]],[[65411,50471],[1,0]],[[65334,50473],[0,-1]],[[65332,50473],[-1,0]],[[65244,50474],[1,0]],[[65275,50473],[-1,0]],[[65410,50474],[0,1]],[[65263,50473],[0,1]],[[65329,50475],[-1,0]],[[65327,50475],[0,0]],[[65326,50475],[-1,0]],[[65370,50475],[0,0]],[[65382,50476],[0,-1]],[[65322,50476],[1,0]],[[65379,50476],[-1,0]],[[65372,50476],[0,0]],[[65374,50476],[-1,0]],[[65211,50477],[-1,-1]],[[65382,50476],[0,1]],[[65382,50477],[0,-1]],[[65124,50477],[0,1]],[[65122,50478],[0,-1]],[[65209,50477],[0,1]],[[65372,50477],[-1,1]],[[65187,50478],[0,0]],[[65345,50477],[-1,0]],[[65376,50478],[0,0]],[[65379,50478],[-3,0]],[[65376,50478],[3,0]],[[65411,50478],[0,1]],[[65378,50479],[-1,0]],[[65378,50479],[0,0]],[[65183,50479],[-1,0]],[[65185,50479],[-1,0]],[[65189,50479],[0,1]],[[65188,50479],[-1,0]],[[65424,50482],[2,0]],[[65426,50482],[-2,0]],[[65417,50482],[1,0]],[[65416,50482],[-1,1]],[[65415,50483],[1,0]],[[65416,50483],[0,-1]],[[65420,50482],[-1,0]],[[65424,50482],[-1,1]],[[65426,50482],[0,1]],[[65417,50482],[-1,0]],[[65416,50483],[1,-1]],[[65415,50483],[1,0]],[[65406,50485],[-1,0]],[[65438,50485],[-1,0]],[[65429,50486],[-1,0]],[[65404,50486],[0,1]],[[65401,50487],[1,0]],[[65401,50487],[0,0]],[[65402,50487],[1,0]],[[65401,50487],[-1,0]],[[65439,50487],[-1,0]],[[65397,50490],[0,-1]],[[65397,50490],[1,0]],[[65441,50494],[1,0]],[[65441,50494],[-1,0]],[[65461,50501],[1,-1]],[[65449,50501],[1,0]],[[65448,50501],[-1,0]],[[65461,50502],[0,-1]],[[65461,50501],[1,0]],[[65459,50502],[0,-1]],[[65447,50502],[-1,0]],[[65449,50502],[-1,0]],[[65449,50502],[0,0]],[[65466,50502],[0,0]],[[65498,50503],[0,-1]],[[65498,50503],[0,1]],[[65498,50503],[0,0]],[[65489,50503],[-1,0]],[[65486,50504],[-1,0]],[[65477,50504],[-1,0]],[[65067,50505],[0,-1]],[[65471,50502],[-4,-5]],[[65064,50505],[0,1]],[[65064,50506],[0,-1]],[[65481,50506],[-1,-1]],[[65064,50505],[0,0]],[[65481,50506],[0,0]],[[65475,50506],[-1,0]],[[65064,50507],[-1,0]],[[65064,50507],[0,0]],[[65483,50506],[-1,0]],[[65479,50507],[-1,0]],[[65485,50508],[0,0]],[[65065,50507],[-1,0]],[[65064,50507],[0,1]],[[65063,50507],[1,1]],[[65064,50508],[1,-1]],[[65477,50508],[-1,0]],[[65475,50509],[1,0]],[[65477,50515],[0,1]],[[65479,50517],[1,0]],[[65481,50519],[1,-1]],[[65480,50519],[1,1]],[[65481,50520],[0,-1]],[[65481,50519],[-1,0]],[[65480,50519],[0,-1]],[[65484,50520],[-1,0]],[[65481,50520],[0,1]],[[65481,50521],[0,-1]],[[65484,50521],[0,1]],[[65482,50522],[0,0]],[[65486,50523],[-1,0]],[[65505,50527],[-1,-1]],[[65508,50528],[-1,-1]],[[65504,50530],[-1,0]],[[65060,50530],[-1,0]],[[65059,50530],[1,1]],[[65060,50531],[0,-1]],[[65520,50537],[1,-1]],[[65520,50544],[0,1]],[[65522,50546],[0,1]],[[65523,50548],[0,1]],[[65063,50558],[1,1]],[[65064,50559],[-1,-1]],[[65536,50563],[-1,0]],[[65537,50565],[0,-1]],[[65535,50564],[-1,-1]],[[65530,50564],[-1,0]],[[65535,50565],[-1,0]],[[65531,50565],[0,1]],[[65532,50565],[0,1]],[[65537,50565],[0,1]],[[65530,50566],[0,0]],[[65536,50567],[-1,0]],[[65538,50567],[-1,0]],[[65534,50568],[-1,0]],[[65058,50568],[1,0]],[[65531,50568],[-1,0]],[[65531,50568],[0,0]],[[65065,50573],[0,-1]],[[65555,50581],[-1,0]],[[65551,50581],[0,1]],[[65553,50582],[-1,0]],[[65554,50584],[0,0]],[[65542,50585],[1,-1]],[[65074,50584],[-1,0]],[[65555,50584],[0,1]],[[65076,50586],[0,-1]],[[65076,50585],[0,1]],[[65561,50587],[-1,0]],[[65563,50588],[-1,0]],[[65567,50591],[-1,0]],[[65569,50593],[-1,0]],[[65569,50595],[0,0]],[[65574,50602],[-1,0]],[[65572,50607],[0,1]],[[65575,50608],[-1,1]],[[65577,50615],[0,-1]],[[65577,50615],[1,0]],[[65573,50615],[1,0]],[[65576,50615],[-1,0]],[[65570,50615],[1,0]],[[65573,50615],[0,1]],[[65577,50616],[-1,0]],[[65580,50616],[0,-1]],[[65580,50616],[0,1]],[[65580,50616],[0,0]],[[65578,50617],[-1,0]],[[65579,50618],[0,1]],[[65582,50619],[0,1]],[[65583,50620],[0,-1]],[[65584,50621],[1,0]],[[65580,50622],[0,-1]],[[65584,50623],[0,-1]],[[65584,50623],[0,1]],[[65587,50625],[-1,0]],[[65589,50627],[-1,0]],[[65603,50639],[0,-1]],[[65604,50640],[-1,-1]],[[65603,50639],[1,2]],[[65604,50641],[0,-1]],[[65604,50641],[0,-1]],[[65607,50642],[-1,0]],[[65595,50643],[-2,0]],[[65593,50643],[2,0]],[[65600,50647],[0,1]],[[65603,50651],[0,1]],[[65605,50653],[-1,0]],[[65606,50655],[0,-1]],[[65607,50654],[0,1]],[[65610,50657],[-1,0]],[[65614,50659],[-1,0]],[[65611,50661],[0,0]],[[65614,50661],[0,1]],[[65607,50662],[-1,0]],[[65612,50663],[1,0]],[[65611,50664],[0,-1]],[[65617,50663],[0,1]],[[65611,50664],[1,2]],[[65612,50666],[-1,-2]],[[65612,50666],[-1,1]],[[65611,50667],[1,-1]],[[65614,50667],[-1,1]],[[65611,50667],[0,1]],[[65609,50669],[-1,0]],[[65608,50669],[0,1]],[[65608,50670],[1,0]],[[65609,50670],[0,-1]],[[65609,50669],[0,0]],[[65614,50670],[0,0]],[[65611,50670],[-1,0]],[[65606,50671],[0,0]],[[65605,50672],[1,0]],[[65619,50673],[-1,0]],[[65607,50674],[-1,0]],[[65606,50674],[1,0]],[[65607,50674],[0,1]],[[65609,50675],[-1,0]],[[65610,50677],[-1,0]],[[65612,50678],[-1,0]],[[65615,50681],[0,0]],[[65614,50681],[-1,0]],[[65613,50682],[1,0]],[[65612,50684],[0,1]],[[65613,50687],[-1,-1]],[[65613,50689],[0,0]],[[65613,50690],[0,1]],[[65605,50691],[1,-1]],[[65606,50690],[-1,1]],[[65616,50691],[0,1]],[[65619,50692],[-1,0]],[[65616,50695],[0,1]],[[65611,50696],[-1,0]],[[65611,50696],[0,0]],[[65611,50696],[0,1]],[[64929,50701],[1,0]],[[64929,50701],[0,0]],[[65611,50701],[1,0]],[[65611,50701],[0,0]],[[64929,50701],[-1,0]],[[65611,50701],[-1,0]],[[65612,50701],[0,0]],[[64927,50702],[0,0]],[[64926,50702],[1,0]],[[64926,50702],[0,0]],[[65612,50702],[0,1]],[[65612,50702],[0,0]],[[65612,50702],[0,1]],[[64926,50703],[0,0]],[[64926,50703],[-1,0]],[[64924,50704],[0,0]],[[65613,50704],[0,-1]],[[65613,50706],[0,-1]],[[65614,50706],[0,-1]],[[65614,50706],[0,0]],[[65614,50706],[-1,0]],[[65613,50706],[1,1]],[[65614,50707],[0,-1]],[[65614,50707],[0,0]],[[64911,50708],[1,0]],[[64912,50708],[-1,0]],[[65614,50707],[0,1]],[[64907,50708],[-1,0]],[[64897,50708],[0,1]],[[65612,50709],[1,0]],[[65613,50709],[-1,0]],[[64867,50709],[1,0]],[[64896,50709],[0,0]],[[64900,50709],[-1,0]],[[64898,50710],[0,-1]],[[64907,50710],[0,-1]],[[65614,50710],[1,0]],[[64898,50710],[-1,0]],[[65612,50709],[1,1]],[[65613,50710],[0,-1]],[[64855,50710],[-1,0]],[[64854,50710],[1,0]],[[64855,50710],[1,0]],[[64858,50710],[0,0]],[[64899,50710],[0,0]],[[64865,50710],[-1,0]],[[64854,50710],[-1,0]],[[64901,50710],[0,0]],[[64862,50710],[1,0]],[[64902,50710],[1,0]],[[64862,50710],[-1,0]],[[64862,50710],[0,-1]],[[64859,50710],[0,0]],[[64869,50711],[0,-1]],[[64899,50711],[0,0]],[[64858,50710],[0,1]],[[64858,50711],[1,0]],[[64859,50711],[-1,-1]],[[64901,50710],[0,1]],[[64901,50711],[1,-1]],[[64902,50710],[-1,0]],[[64860,50711],[0,-1]],[[64854,50710],[0,1]],[[64854,50711],[-1,0]],[[64900,50711],[1,0]],[[64901,50711],[-1,0]],[[64857,50711],[0,0]],[[65614,50710],[-1,0]],[[65613,50710],[1,0]],[[64867,50709],[-2,1]],[[64865,50710],[2,-1]],[[64859,50711],[1,0]],[[64859,50711],[0,0]],[[64856,50711],[-1,0]],[[64855,50711],[0,-1]],[[64854,50711],[1,0]],[[64871,50711],[1,0]],[[64871,50711],[0,0]],[[64863,50711],[0,0]],[[64857,50711],[-1,0]],[[64863,50711],[-1,0]],[[64859,50711],[0,1]],[[64900,50711],[-1,0]],[[64899,50711],[1,0]],[[64870,50711],[0,1]],[[64870,50712],[1,0]],[[64871,50712],[-1,-1]],[[64857,50711],[0,1]],[[64896,50712],[1,0]],[[64896,50712],[0,-1]],[[64894,50712],[1,0]],[[64894,50712],[0,0]],[[64852,50712],[0,0]],[[64854,50712],[-1,0]],[[64854,50712],[0,0]],[[64849,50712],[0,-1]],[[64858,50712],[0,0]],[[65614,50712],[-1,0]],[[64854,50711],[0,1]],[[64854,50712],[1,-1]],[[64869,50712],[1,0]],[[64870,50711],[-1,0]],[[64869,50711],[0,1]],[[64869,50712],[-1,0]],[[64894,50712],[0,-1]],[[64874,50712],[0,0]],[[64896,50712],[0,1]],[[64896,50713],[1,0]],[[64897,50713],[0,-1]],[[64874,50712],[0,1]],[[64874,50713],[0,-1]],[[64862,50712],[0,1]],[[64862,50713],[1,0]],[[64863,50713],[-1,-1]],[[64895,50712],[1,1]],[[64896,50712],[-1,0]],[[64875,50713],[0,0]],[[64897,50713],[0,0]],[[64857,50713],[0,-1]],[[64857,50712],[-1,1]],[[64856,50713],[1,0]],[[64849,50712],[0,1]],[[64849,50712],[0,0]],[[64851,50713],[0,0]],[[64862,50713],[-1,0]],[[64862,50713],[0,0]],[[65614,50713],[0,0]],[[64875,50713],[1,0]],[[64877,50714],[1,-1]],[[64852,50714],[0,-1]],[[64877,50714],[0,0]],[[64849,50714],[0,0]],[[64854,50713],[0,-1]],[[64854,50713],[0,1]],[[64854,50714],[1,0]],[[64855,50714],[-1,-1]],[[64850,50714],[0,0]],[[64862,50714],[-1,0]],[[64862,50714],[0,0]],[[64848,50714],[1,0]],[[64848,50714],[0,0]],[[64887,50714],[0,0]],[[64879,50714],[0,0]],[[64888,50714],[1,0]],[[64888,50714],[0,0]],[[64880,50714],[-1,0]],[[64880,50714],[0,0]],[[64888,50714],[-1,0]],[[64878,50714],[0,0]],[[64854,50713],[-1,1]],[[64853,50714],[-1,0]],[[64853,50714],[1,0]],[[64852,50714],[-1,0]],[[64852,50714],[0,0]],[[64853,50714],[0,0]],[[64879,50714],[0,1]],[[65614,50714],[1,1]],[[64880,50714],[1,0]],[[64880,50714],[1,1]],[[64881,50715],[-1,-1]],[[64877,50714],[0,1]],[[64887,50714],[0,1]],[[64847,50714],[0,1]],[[65614,50714],[0,1]],[[65614,50714],[0,0]],[[64849,50714],[0,1]],[[64851,50714],[0,1]],[[64851,50715],[1,-1]],[[64880,50715],[-1,0]],[[64880,50715],[0,0]],[[64878,50714],[-1,0]],[[64877,50715],[1,0]],[[64878,50715],[0,-1]],[[64850,50714],[0,1]],[[64853,50715],[-1,0]],[[64853,50715],[0,0]],[[64849,50715],[0,0]],[[64854,50715],[0,-1]],[[64853,50714],[0,1]],[[64853,50715],[1,0]],[[65612,50715],[0,0]],[[64848,50714],[1,1]],[[64884,50716],[0,-1]],[[64852,50715],[0,1]],[[64852,50715],[0,0]],[[64882,50715],[0,1]],[[64882,50716],[1,0]],[[64853,50716],[0,-1]],[[64853,50716],[0,0]],[[64884,50716],[1,0]],[[64884,50716],[0,0]],[[64889,50716],[0,0]],[[64887,50716],[0,-1]],[[64887,50715],[-1,1]],[[64886,50716],[1,0]],[[64852,50715],[-1,0]],[[64851,50715],[1,1]],[[64894,50716],[0,0]],[[64853,50716],[-1,0]],[[64894,50716],[1,0]],[[64886,50716],[0,0]],[[64832,50716],[0,0]],[[64849,50716],[0,0]],[[64892,50716],[1,0]],[[64850,50716],[-1,0]],[[64850,50716],[0,0]],[[64849,50716],[0,1]],[[64850,50716],[0,1]],[[65614,50716],[0,1]],[[65614,50716],[0,0]],[[64890,50717],[0,-1]],[[64849,50717],[-1,0]],[[65614,50716],[0,1]],[[64884,50716],[0,1]],[[64847,50717],[0,-1]],[[64891,50717],[1,0]],[[64891,50717],[0,0]],[[64847,50717],[1,0]],[[64847,50717],[0,0]],[[64893,50717],[0,0]],[[64850,50717],[-1,0]],[[64850,50717],[0,0]],[[64894,50717],[0,-1]],[[64894,50717],[-1,0]],[[64891,50717],[0,-1]],[[64891,50717],[-1,0]],[[64834,50716],[-1,0]],[[64883,50716],[0,1]],[[64883,50717],[0,1]],[[64883,50718],[1,0]],[[64884,50718],[0,-1]],[[64884,50716],[-1,0]],[[64892,50718],[-1,0]],[[64892,50718],[0,0]],[[65614,50718],[-1,0]],[[64849,50718],[1,0]],[[64849,50718],[0,0]],[[64849,50717],[0,1]],[[64849,50717],[0,0]],[[64845,50718],[0,1]],[[64847,50719],[0,-1]],[[64847,50717],[0,1]],[[64847,50718],[1,1]],[[64848,50719],[1,-1]],[[64849,50718],[0,1]],[[64849,50719],[1,-1]],[[64849,50719],[-1,0]],[[64849,50719],[0,0]],[[64848,50719],[0,0]],[[64847,50719],[-1,1]],[[64846,50720],[1,0]],[[64847,50720],[0,-1]],[[64847,50719],[1,0]],[[64846,50720],[0,0]],[[64849,50720],[0,0]],[[64848,50720],[0,0]],[[64848,50720],[0,1]],[[64849,50721],[-1,0]],[[64849,50721],[0,1]],[[64849,50721],[0,0]],[[64830,50722],[-1,0]],[[65607,50722],[0,1]],[[65607,50722],[0,0]],[[64835,50721],[-1,0]],[[64835,50723],[0,0]],[[64835,50723],[0,1]],[[64835,50723],[1,0]],[[64836,50724],[0,-1]],[[64836,50723],[0,1]],[[64850,50723],[0,1]],[[64850,50723],[0,0]],[[64848,50724],[0,-1]],[[64849,50724],[-1,0]],[[64849,50724],[0,0]],[[65609,50724],[-1,0]],[[65609,50724],[0,0]],[[64839,50725],[1,0]],[[64832,50725],[1,0]],[[64836,50724],[0,1]],[[64836,50725],[1,0]],[[65609,50724],[0,1]],[[64837,50725],[0,0]],[[64847,50726],[1,-1]],[[64834,50726],[0,-1]],[[64839,50725],[0,1]],[[64839,50725],[0,0]],[[64832,50725],[-1,0]],[[64848,50726],[1,0]],[[64849,50726],[0,-1]],[[64845,50726],[1,0]],[[64845,50726],[0,0]],[[65624,50726],[0,0]],[[64836,50726],[0,-1]],[[64836,50725],[-1,1]],[[64835,50726],[1,0]],[[65621,50725],[-1,0]],[[64812,50725],[-1,0]],[[64847,50726],[1,0]],[[64847,50726],[0,0]],[[65619,50726],[-1,0]],[[64837,50725],[-1,1]],[[64836,50726],[1,0]],[[64837,50726],[1,0]],[[64837,50726],[0,-1]],[[64834,50726],[-1,0]],[[64834,50726],[0,0]],[[64832,50726],[0,1]],[[64832,50726],[0,0]],[[64842,50727],[1,0]],[[64839,50726],[-1,0]],[[64838,50726],[0,1]],[[64838,50727],[1,0]],[[64839,50727],[0,-1]],[[64845,50726],[0,1]],[[64847,50726],[0,1]],[[64847,50727],[1,0]],[[64848,50727],[1,-1]],[[64826,50727],[1,-1]],[[64827,50726],[-1,1]],[[64827,50726],[0,1]],[[64827,50726],[0,0]],[[64844,50727],[1,0]],[[64845,50726],[-1,1]],[[64847,50727],[-1,-1]],[[64846,50726],[-1,1]],[[64845,50727],[2,0]],[[65611,50726],[-1,0]],[[64833,50727],[0,-1]],[[64833,50726],[-1,0]],[[64832,50727],[1,0]],[[64835,50726],[0,1]],[[64835,50727],[1,0]],[[64836,50727],[1,0]],[[64837,50727],[0,-1]],[[64838,50727],[-1,0]],[[64838,50727],[0,0]],[[64834,50727],[-1,0]],[[64834,50727],[0,0]],[[64827,50727],[-1,0]],[[64827,50727],[0,0]],[[64840,50727],[0,-1]],[[64840,50727],[-1,0]],[[64839,50727],[1,0]],[[64837,50727],[0,0]],[[64831,50727],[0,0]],[[64840,50727],[1,0]],[[65602,50727],[0,0]],[[64841,50727],[1,0]],[[65619,50727],[0,1]],[[64832,50727],[-1,0]],[[64831,50727],[1,1]],[[64832,50728],[0,-1]],[[64833,50727],[-1,1]],[[64832,50728],[1,0]],[[64833,50728],[1,-1]],[[64827,50727],[0,1]],[[65624,50728],[0,0]],[[65622,50728],[-1,0]],[[64844,50728],[-1,0]],[[64843,50728],[0,0]],[[64821,50728],[-1,0]],[[64823,50728],[-1,0]],[[64834,50729],[0,-1]],[[64834,50728],[0,-1]],[[64834,50728],[1,-1]],[[64835,50727],[-1,0]],[[64835,50726],[-1,0]],[[64834,50726],[0,1]],[[64834,50728],[-1,0]],[[64832,50728],[0,1]],[[64832,50729],[2,0]],[[64832,50729],[0,1]],[[64832,50729],[0,0]],[[64830,50730],[0,0]],[[64818,50730],[1,0]],[[64815,50730],[0,-1]],[[64828,50730],[-1,0]],[[64816,50730],[-1,0]],[[64816,50730],[0,0]],[[64829,50730],[0,0]],[[64829,50731],[0,0]],[[64816,50730],[0,1]],[[64829,50730],[-1,1]],[[64828,50731],[1,0]],[[64829,50731],[0,-1]],[[64831,50731],[-1,-1]],[[64830,50730],[1,0]],[[64830,50730],[0,1]],[[64830,50731],[1,0]],[[64814,50731],[0,0]],[[64818,50730],[-1,0]],[[64813,50731],[0,0]],[[64824,50731],[-1,0]],[[64809,50731],[-1,0]],[[64811,50731],[1,0]],[[64812,50731],[-1,0]],[[64829,50732],[0,-1]],[[64829,50731],[1,0]],[[64820,50732],[1,0]],[[64821,50732],[-1,0]],[[65606,50732],[1,0]],[[64826,50732],[0,-1]],[[64829,50732],[-1,0]],[[64828,50732],[0,-1]],[[64828,50732],[-1,0]],[[64827,50732],[-1,0]],[[64827,50732],[0,0]],[[64813,50731],[0,1]],[[64813,50732],[-1,0]],[[64813,50731],[-1,0]],[[64811,50731],[0,1]],[[64811,50732],[-1,0]],[[64811,50732],[1,0]],[[64812,50732],[0,-1]],[[64820,50732],[1,1]],[[64821,50733],[0,-1]],[[64827,50733],[0,-1]],[[64827,50733],[0,0]],[[64811,50732],[0,1]],[[64811,50733],[1,0]],[[64812,50733],[0,-1]],[[65606,50732],[0,1]],[[65606,50732],[0,0]],[[64822,50733],[0,-1]],[[64822,50733],[-1,0]],[[64826,50733],[-1,0]],[[64826,50733],[0,0]],[[64824,50733],[0,-1]],[[64824,50733],[-1,0]],[[64814,50733],[0,0]],[[64814,50733],[2,-2]],[[64816,50731],[-3,1]],[[64812,50733],[2,0]],[[64819,50733],[-2,0]],[[64819,50733],[0,-1]],[[64813,50734],[1,0]],[[64813,50734],[0,0]],[[64808,50734],[0,1]],[[64808,50734],[0,0]],[[64808,50734],[1,-1]],[[65605,50734],[-1,0]],[[64810,50735],[2,-1]],[[64812,50734],[0,-1]],[[64811,50733],[-2,2]],[[64809,50735],[1,0]],[[64805,50734],[-1,0]],[[64810,50735],[1,0]],[[64811,50735],[1,-1]],[[64812,50734],[1,0]],[[65605,50736],[-1,0]],[[64810,50736],[-1,0]],[[65608,50736],[-1,0]],[[65605,50737],[-1,0]],[[65607,50738],[-1,0]],[[65607,50738],[0,0]],[[65607,50738],[1,1]],[[65611,50739],[-1,0]],[[64812,50741],[-1,0]],[[64812,50741],[0,0]],[[65604,50741],[0,-1]],[[65604,50741],[-1,0]],[[65604,50741],[-1,1]],[[64812,50742],[0,-1]],[[64812,50741],[0,1]],[[64812,50742],[-1,1]],[[64804,50743],[1,0]],[[64805,50746],[0,0]],[[64802,50747],[0,-1]],[[65601,50746],[0,1]],[[64807,50746],[-1,0]],[[64806,50746],[0,1]],[[64806,50747],[1,0]],[[64807,50747],[0,-1]],[[64790,50746],[-1,0]],[[65597,50747],[0,-1]],[[64793,50746],[-1,0]],[[65599,50747],[-1,0]],[[64808,50747],[0,0]],[[64802,50747],[0,0]],[[64809,50747],[-1,0]],[[64809,50747],[0,0]],[[64807,50747],[1,0]],[[64808,50747],[-1,-1]],[[64803,50748],[0,-1]],[[64802,50747],[-1,0]],[[64803,50748],[1,0]],[[64803,50748],[0,0]],[[64807,50748],[0,0]],[[64803,50749],[0,0]],[[64807,50749],[0,0]],[[65597,50749],[0,1]],[[64801,50750],[-1,0]],[[64801,50750],[0,0]],[[64806,50750],[1,-1]],[[64807,50749],[-1,1]],[[64806,50750],[-1,0]],[[64801,50750],[0,1]],[[64801,50751],[0,-1]],[[64796,50752],[0,-2]],[[64796,50750],[-1,2]],[[64795,50752],[1,0]],[[64796,50750],[-1,2]],[[64796,50754],[1,0]],[[64797,50754],[1,-1]],[[64798,50753],[1,0]],[[64799,50753],[1,-1]],[[64800,50752],[1,-1]],[[64801,50751],[-5,1]],[[64796,50752],[0,2]],[[64794,50756],[0,-1]],[[64796,50757],[0,-1]],[[64796,50756],[1,-1]],[[64797,50755],[-1,0]],[[64797,50755],[0,-1]],[[64796,50754],[-2,2]],[[64794,50756],[0,1]],[[64794,50757],[1,0]],[[64795,50757],[1,0]],[[64796,50757],[0,0]],[[64788,50757],[0,-1]],[[64794,50757],[0,1]],[[64795,50758],[0,-1]],[[64794,50760],[-1,0]],[[64794,50760],[0,0]],[[64793,50760],[-1,1]],[[64792,50761],[0,0]],[[64790,50761],[-2,1]],[[64788,50762],[2,-1]],[[64792,50761],[-1,1]],[[64791,50762],[1,0]],[[64792,50762],[0,-1]],[[64790,50761],[-1,1]],[[64791,50762],[1,0]],[[64788,50762],[0,1]],[[64788,50762],[0,0]],[[64792,50764],[0,-1]],[[64792,50764],[0,0]],[[64792,50765],[0,-1]],[[64792,50765],[0,0]],[[64792,50765],[-1,0]],[[64791,50766],[0,-1]],[[64791,50766],[-1,0]],[[64792,50766],[-1,0]],[[64792,50766],[0,0]],[[64790,50766],[0,0]],[[64790,50769],[0,0]],[[64795,50775],[-1,1]],[[64794,50776],[1,0]],[[64795,50776],[0,-1]],[[64793,50776],[-1,0]],[[64794,50776],[-1,0]],[[64793,50776],[0,1]],[[64786,50778],[-1,1]],[[64792,50780],[0,0]],[[64793,50780],[-1,0]],[[64793,50780],[0,0]],[[64792,50780],[-1,0]],[[64784,50780],[0,-1]],[[64795,50780],[-1,1]],[[64794,50781],[1,0]],[[64795,50781],[0,-1]],[[64794,50781],[-1,0]],[[64794,50781],[0,0]],[[64797,50787],[0,0]],[[64797,50787],[0,1]],[[64798,50788],[-1,0]],[[64798,50788],[0,0]],[[64797,50788],[0,2]],[[64790,50790],[-1,0]],[[64796,50789],[0,1]],[[64790,50790],[1,0]],[[64796,50791],[0,0]],[[64792,50792],[-2,0]],[[64790,50792],[2,0]],[[64793,50792],[-1,0]],[[64792,50792],[0,1]],[[64792,50793],[1,0]],[[64793,50793],[0,-1]],[[64793,50792],[0,0]],[[64792,50793],[0,1]],[[64792,50794],[-1,0]],[[64791,50794],[0,2]],[[64791,50796],[0,-1]],[[64791,50795],[1,-1]],[[64790,50792],[1,2]],[[64791,50794],[-1,-2]],[[64788,50797],[0,-1]],[[64788,50798],[-1,0]],[[64788,50798],[0,0]],[[64787,50799],[0,0]],[[64785,50800],[0,-1]],[[64785,50800],[-1,1]],[[64784,50801],[1,-1]],[[64788,50797],[0,1]],[[64788,50798],[0,-1]],[[64784,50801],[0,1]],[[64786,50804],[-1,1]],[[64787,50808],[0,-1]],[[64788,50808],[-1,0]],[[64788,50808],[0,0]],[[64788,50808],[0,1]],[[64788,50808],[1,0]],[[64841,50808],[0,1]],[[64788,50809],[0,1]],[[64788,50810],[0,-1]],[[64845,50810],[-1,0]],[[64845,50810],[0,0]],[[64788,50810],[0,-1]],[[64981,50810],[0,0]],[[64894,50811],[-1,0]],[[64894,50811],[0,0]],[[65621,50811],[0,1]],[[64892,50811],[0,1]],[[64892,50812],[1,0]],[[64849,50811],[0,1]],[[64892,50812],[-1,0]],[[64892,50812],[0,0]],[[64850,50812],[0,1]],[[64850,50812],[0,0]],[[64892,50812],[1,0]],[[64822,50813],[1,0]],[[65623,50813],[1,0]],[[64864,50815],[-1,0]],[[64864,50815],[0,0]],[[65626,50814],[-1,0]],[[64864,50815],[1,0]],[[64824,50816],[-1,0]],[[64860,50816],[0,0]],[[65625,50816],[-1,0]],[[64866,50816],[0,1]],[[64866,50816],[0,0]],[[64817,50817],[-1,0]],[[64873,50818],[1,0]],[[64873,50818],[0,0]],[[65627,50818],[1,0]],[[65627,50818],[0,0]],[[65626,50818],[0,0]],[[64870,50818],[0,1]],[[64870,50818],[0,0]],[[64866,50818],[0,1]],[[64866,50818],[1,0]],[[64866,50818],[0,-1]],[[64866,50818],[-1,0]],[[65627,50818],[1,1]],[[65628,50819],[0,-1]],[[64869,50819],[0,-1]],[[64869,50819],[0,0]],[[64868,50819],[-1,-1]],[[65628,50819],[0,0]],[[64872,50819],[-1,0]],[[64871,50819],[1,0]],[[65629,50820],[-1,0]],[[65626,50821],[-1,0]],[[64901,50822],[-1,0]],[[65627,50823],[0,-1]],[[65025,50822],[0,1]],[[65025,50822],[0,0]],[[65627,50823],[0,0]],[[64901,50824],[-1,-1]],[[65034,50826],[-2,0]],[[65032,50826],[0,1]],[[65032,50826],[2,0]],[[65634,50827],[0,1]],[[65639,50829],[0,1]],[[65635,50829],[-1,0]],[[65062,50835],[-1,0]],[[65062,50835],[0,1]],[[65620,50839],[0,1]],[[65622,50840],[0,-1]],[[65619,50840],[0,1]],[[65619,50840],[0,0]],[[65622,50841],[1,0]],[[65625,50841],[-1,0]],[[65625,50843],[-1,-1]],[[65626,50843],[1,0]],[[65625,50843],[1,0]],[[65626,50843],[-1,0]],[[65626,50845],[0,1]],[[65626,50846],[1,0]],[[65627,50846],[-1,-1]],[[65626,50845],[0,0]],[[65629,50846],[-1,0]],[[65629,50846],[0,0]],[[65629,50846],[2,0]],[[65627,50846],[0,1]],[[65627,50846],[0,0]],[[65631,50846],[0,1]],[[65634,50847],[-1,0]],[[65631,50848],[0,0]],[[65635,50848],[-1,0]],[[65635,50848],[0,0]],[[65635,50848],[1,0]],[[65631,50848],[1,0]],[[65634,50849],[-1,0]],[[65637,50849],[1,0]],[[65637,50849],[-1,0]],[[65636,50851],[0,1]],[[65640,50854],[1,0]],[[65630,50849],[0,2]],[[65636,50858],[0,-1]],[[65636,50858],[-1,0]],[[65636,50858],[0,1]],[[65636,50859],[0,-1]],[[65644,50859],[-1,0]],[[65641,50860],[0,-1]],[[65641,50860],[1,0]],[[65644,50862],[-1,0]],[[65639,50864],[-1,0]],[[65178,50873],[-2,0]],[[65178,50873],[0,0]],[[65189,50938],[1,0]],[[65143,51029],[3,-5]],[[65129,51035],[0,-1]],[[65137,51035],[-1,0]],[[65135,51035],[-1,0]],[[65120,51039],[1,-1]],[[65130,51041],[0,0]],[[65050,51055],[-1,0]],[[65052,51057],[1,0]],[[65069,51062],[-1,1]],[[65096,51073],[0,-1]],[[65779,51079],[-1,0]],[[65036,51086],[1,0]],[[65039,51086],[0,-1]],[[65011,51097],[0,-1]],[[65011,51097],[-1,1]],[[65824,51103],[0,1]],[[65012,51103],[0,1]],[[65012,51104],[0,-1]],[[65012,51105],[0,0]],[[65010,51104],[-1,0]],[[65827,51105],[-1,0]],[[65017,51111],[0,1]],[[65017,51112],[0,-1]],[[65024,51124],[-1,0]],[[65090,51146],[0,1]],[[65090,51147],[1,0]],[[65091,51147],[-1,-1]],[[65090,51146],[0,1]],[[65085,51146],[-1,0]],[[65913,51150],[0,-1]],[[65915,51151],[-1,0]],[[65915,51151],[0,0]],[[65915,51151],[0,1]],[[65908,51152],[1,0]],[[65913,51152],[-1,1]],[[65909,51153],[0,0]],[[65906,51152],[0,-1]],[[65880,51154],[0,-1]],[[65916,51153],[1,0]],[[65904,51156],[0,-1]],[[65904,51156],[0,0]],[[65904,51156],[1,0]],[[65094,51157],[0,0]],[[65941,51160],[0,1]],[[65944,51161],[1,0]],[[65946,51163],[0,0]],[[65941,51163],[-1,0]],[[65941,51163],[1,0]],[[65082,51164],[0,-1]],[[65086,51164],[1,0]],[[65076,51166],[0,-1]],[[65074,51170],[0,0]],[[65904,51170],[0,0]],[[65904,51170],[0,1]],[[65905,51171],[0,-1]],[[65906,51171],[1,0]],[[65907,51171],[-1,0]],[[65904,51170],[-1,0]],[[65903,51170],[1,1]],[[65907,51171],[1,0]],[[65077,51171],[0,-1]],[[65905,51171],[-1,0]],[[65906,51171],[0,1]],[[65906,51171],[0,0]],[[65906,51172],[0,0]],[[65074,51171],[-1,0]],[[66027,51171],[0,1]],[[65917,51178],[0,-1]],[[65917,51178],[-1,0]],[[65916,51178],[1,0]],[[65918,51178],[0,-1]],[[65917,51178],[0,0]],[[65931,51178],[-1,0]],[[65931,51178],[0,0]],[[65934,51178],[1,0]],[[65933,51178],[0,1]],[[65930,51178],[0,1]],[[65930,51178],[0,0]],[[65927,51179],[0,0]],[[65932,51179],[-1,0]],[[65929,51179],[0,0]],[[66030,51179],[0,0]],[[66029,51179],[0,0]],[[66028,51177],[-1,0]],[[65978,51179],[-1,0]],[[66030,51180],[0,1]],[[66024,51181],[1,0]],[[65077,51181],[-1,0]],[[65077,51181],[0,0]],[[65077,51181],[1,0]],[[66020,51182],[2,0]],[[66022,51182],[-2,0]],[[66006,51181],[0,1]],[[65974,51182],[-1,0]],[[65964,51182],[0,1]],[[66029,51183],[0,-1]],[[65971,51183],[0,0]],[[65965,51184],[0,-1]],[[65994,51184],[-1,0]],[[65963,51184],[0,0]],[[65969,51184],[1,0]],[[65991,51185],[0,1]],[[65991,51185],[0,0]],[[65965,51186],[-1,0]],[[65991,51186],[0,0]],[[66031,51186],[-1,0]],[[65965,51186],[0,0]],[[65965,51184],[-1,0]],[[65965,51184],[0,2]],[[65965,51186],[0,-2]],[[65990,51185],[-1,1]],[[65989,51186],[1,0]],[[65990,51186],[0,-1]],[[65988,51184],[-1,0]],[[65969,51184],[-1,0]],[[65991,51185],[-1,0]],[[65990,51186],[1,0]],[[65962,51186],[0,1]],[[65963,51186],[0,1]],[[65989,51186],[0,1]],[[65989,51186],[0,0]],[[65966,51187],[-1,0]],[[66031,51186],[0,1]],[[66031,51187],[0,-1]],[[65968,51187],[0,1]],[[65989,51187],[-1,1]],[[65988,51188],[1,0]],[[65989,51188],[0,-1]],[[65990,51187],[-1,0]],[[65989,51188],[1,-1]],[[66031,51187],[-1,1]],[[66030,51188],[1,0]],[[66031,51188],[0,-1]],[[65989,51188],[0,0]],[[65986,51189],[0,-1]],[[65989,51188],[0,1]],[[65989,51189],[1,-2]],[[65960,51189],[0,-1]],[[65985,51189],[0,-1]],[[65986,51189],[0,0]],[[65985,51189],[-1,0]],[[65984,51189],[0,1]],[[65984,51190],[1,0]],[[65985,51190],[0,-1]],[[65947,51189],[0,1]],[[65984,51189],[0,0]],[[65986,51189],[-1,0]],[[65985,51190],[1,0]],[[65986,51190],[0,-1]],[[65946,51190],[0,-1]],[[65946,51190],[0,-1]],[[65968,51190],[-1,0]],[[65968,51190],[0,0]],[[65984,51190],[0,0]],[[66015,51190],[-1,0]],[[66014,51190],[1,0]],[[66002,51190],[0,0]],[[65946,51190],[0,0]],[[66012,51190],[1,0]],[[66012,51190],[0,0]],[[66016,51190],[-1,0]],[[66016,51190],[0,0]],[[66017,51190],[-1,0]],[[66017,51190],[0,0]],[[66015,51190],[0,0]],[[65943,51190],[-1,0]],[[65943,51190],[0,0]],[[65984,51190],[-1,0]],[[65968,51190],[1,0]],[[66003,51190],[0,0]],[[66035,51189],[-1,-1]],[[65973,51190],[-1,0]],[[66006,51190],[-1,0]],[[66006,51190],[0,0]],[[66013,51190],[0,0]],[[66008,51190],[-1,0]],[[66008,51190],[-2,0]],[[66006,51190],[2,0]],[[65988,51188],[-2,1]],[[65986,51190],[1,0]],[[65986,51190],[0,1]],[[65986,51190],[3,-1]],[[66008,51190],[0,1]],[[66008,51190],[0,0]],[[65984,51191],[0,0]],[[65945,51191],[-1,0]],[[66002,51191],[0,-1]],[[65985,51191],[0,-1]],[[65985,51191],[-1,0]],[[65984,51191],[-1,0]],[[66003,51190],[0,1]],[[65963,51191],[0,0]],[[65986,51191],[-1,0]],[[65986,51191],[0,0]],[[65946,51191],[0,0]],[[65968,51191],[0,0]],[[66035,51191],[0,0]],[[66002,51191],[0,0]],[[65961,51191],[0,0]],[[65968,51191],[0,1]],[[66000,51191],[0,1]],[[66000,51191],[0,0]],[[66003,51191],[0,1]],[[66003,51191],[0,0]],[[66037,51191],[0,1]],[[65968,51192],[0,0]],[[66009,51192],[1,0]],[[66009,51192],[0,0]],[[66002,51191],[0,1]],[[66001,51192],[1,0]],[[66001,51192],[0,0]],[[65960,51192],[0,0]],[[66002,51192],[0,0]],[[66000,51191],[-1,1]],[[65999,51192],[1,0]],[[66000,51192],[0,0]],[[66008,51192],[1,0]],[[66008,51192],[0,0]],[[66011,51192],[-1,0]],[[66011,51192],[0,0]],[[66037,51191],[0,-1]],[[66008,51192],[0,1]],[[66009,51193],[-1,-1]],[[66008,51193],[1,0]],[[65948,51193],[-2,0]],[[65946,51193],[2,0]],[[66010,51193],[0,0]],[[66009,51192],[0,1]],[[66009,51193],[1,0]],[[66010,51193],[0,-1]],[[66008,51193],[0,0]],[[65951,51193],[0,0]],[[66009,51193],[0,0]],[[65948,51193],[1,0]],[[66000,51192],[0,1]],[[65951,51193],[-1,0]],[[65950,51193],[0,1]],[[65950,51193],[0,0]],[[65998,51193],[0,1]],[[65998,51193],[0,0]],[[65996,51193],[0,1]],[[65996,51194],[1,0]],[[65997,51194],[-1,-1]],[[66008,51193],[0,1]],[[65996,51193],[0,0]],[[66010,51193],[0,1]],[[66008,51194],[0,0]],[[65995,51194],[0,0]],[[65998,51194],[0,0]],[[66009,51194],[0,1]],[[65998,51194],[0,1]],[[65996,51194],[0,1]],[[65996,51194],[0,0]],[[66010,51194],[0,1]],[[66010,51194],[0,0]],[[65995,51194],[0,1]],[[65995,51195],[1,0]],[[65995,51195],[0,0]],[[65993,51195],[0,1]],[[65993,51195],[0,0]],[[65989,51196],[1,0]],[[65989,51196],[0,0]],[[65993,51196],[0,0]],[[65975,51196],[0,0]],[[65989,51196],[0,1]],[[65989,51197],[1,0]],[[65990,51197],[0,-1]],[[65990,51197],[1,0]],[[65990,51196],[1,0]],[[66028,51197],[2,0]],[[66030,51197],[-2,0]],[[65990,51197],[0,0]],[[65990,51197],[0,1]],[[66040,51205],[1,0]],[[66056,51209],[-1,0]],[[66056,51209],[0,0]],[[66056,51209],[0,1]],[[64973,51210],[-1,0]],[[65053,51223],[1,0]],[[65054,51223],[-1,0]],[[65052,51223],[-1,0]],[[65053,51223],[1,1]],[[65054,51224],[0,-1]],[[66096,51224],[-1,1]],[[66095,51227],[0,0]],[[65045,51229],[0,-1]],[[66093,51229],[-1,0]],[[64984,51229],[-1,0]],[[64988,51233],[-1,0]],[[66064,51239],[-1,0]],[[65050,51239],[0,1]],[[66065,51240],[0,1]],[[65052,51241],[0,-1]],[[66074,51241],[-1,0]],[[66078,51245],[0,-1]],[[65054,51248],[0,-1]],[[66071,51254],[1,-1]],[[65052,51255],[0,-1]],[[66074,51255],[-1,0]],[[66078,51257],[-1,0]],[[66170,51259],[-1,1]],[[66168,51257],[-1,1]],[[66093,51260],[1,0]],[[66094,51260],[-1,0]],[[66094,51260],[-1,0]],[[66093,51260],[1,0]],[[66080,51262],[0,0]],[[66166,51265],[-1,0]],[[66166,51265],[0,0]],[[66096,51267],[1,-1]],[[66166,51265],[-1,0]],[[66165,51265],[2,2]],[[66167,51267],[-1,-2]],[[66167,51267],[1,0]],[[66150,51267],[1,0]],[[66162,51268],[1,-1]],[[66163,51268],[1,0]],[[66159,51269],[0,-1]],[[66162,51269],[1,0]],[[66159,51269],[3,0]],[[66162,51269],[-3,0]],[[66157,51273],[0,-1]],[[66159,51273],[-1,0]],[[66163,51270],[-1,0]],[[66142,51273],[-1,0]],[[66124,51274],[0,-1]],[[66156,51275],[0,1]],[[66129,51274],[-1,1]],[[65077,51278],[0,-1]],[[66151,51276],[-1,0]],[[66150,51276],[1,0]],[[65077,51278],[0,1]],[[65073,51280],[-1,0]],[[66150,51276],[0,-1]],[[65105,51287],[0,1]],[[66134,51292],[1,-1]],[[66131,51300],[-1,0]],[[66126,51300],[-1,-1]],[[66129,51300],[0,0]],[[66132,51306],[0,-1]],[[66130,51307],[-1,0]],[[66128,51307],[0,1]],[[66143,51317],[-1,0]],[[66158,51321],[-1,0]],[[66151,51322],[-1,0]],[[66204,51330],[0,1]],[[66139,51332],[0,1]],[[66149,51334],[-1,0]],[[66207,51335],[-1,0]],[[66177,51334],[-1,0]],[[66140,51336],[-1,0]],[[66160,51337],[1,0]],[[66210,51337],[0,1]],[[66154,51338],[0,0]],[[66151,51338],[-1,0]],[[66158,51339],[1,-1]],[[66153,51338],[0,1]],[[66145,51338],[-1,0]],[[66147,51339],[-1,0]],[[66208,51338],[0,-1]],[[66135,51341],[0,-1]],[[66170,51342],[-1,0]],[[66169,51343],[1,0]],[[66156,51343],[-1,0]],[[66161,51348],[1,0]],[[66163,51352],[1,0]],[[65074,51385],[0,1]],[[65076,51388],[-1,1]],[[65075,51389],[1,-1]],[[65058,51389],[-1,0]],[[65058,51389],[0,0]],[[65056,51389],[-1,0]],[[65058,51389],[0,1]],[[65065,51391],[1,0]],[[65066,51391],[-1,0]],[[65062,51392],[-1,0]],[[65076,51394],[1,0]],[[65077,51394],[-1,0]],[[65064,51418],[0,-1]],[[65062,51421],[-1,0]],[[65035,51424],[-1,0]],[[65031,51427],[0,-1]],[[66510,51434],[0,1]],[[66534,51437],[-1,0]],[[65031,51427],[-1,0]],[[66507,51447],[-1,0]],[[66509,51449],[0,-1]],[[65057,51455],[0,-1]],[[65058,51455],[1,0]],[[65058,51455],[-1,0]],[[65057,51455],[1,0]],[[66594,51461],[-2,-2]],[[66448,51468],[1,0]],[[66451,51468],[0,1]],[[66451,51468],[0,0]],[[66451,51468],[0,1]],[[66446,51469],[1,0]],[[66446,51469],[0,-1]],[[66443,51469],[-1,0]],[[66293,51470],[1,0]],[[66294,51470],[-1,0]],[[66446,51470],[0,-1]],[[66446,51469],[0,1]],[[66441,51471],[0,-1]],[[66448,51471],[0,-1]],[[66448,51470],[0,-1]],[[66448,51470],[0,1]],[[66448,51471],[1,0]],[[66431,51471],[0,0]],[[66448,51470],[-2,0]],[[66446,51470],[1,2]],[[66447,51472],[1,-1]],[[66451,51472],[0,0]],[[66664,51471],[-1,0]],[[66431,51471],[0,1]],[[66451,51472],[1,0]],[[66666,51473],[0,-1]],[[66452,51472],[-1,1]],[[66451,51473],[1,-1]],[[66433,51473],[1,1]],[[66434,51474],[-1,-1]],[[66448,51473],[1,1]],[[66449,51474],[1,-1]],[[66450,51473],[-2,0]],[[66450,51473],[1,0]],[[66451,51473],[0,1]],[[66451,51473],[0,-1]],[[66451,51472],[-1,1]],[[66431,51475],[1,0]],[[66432,51475],[0,-1]],[[66432,51474],[-1,1]],[[66431,51475],[-1,0]],[[66432,51475],[0,0]],[[66450,51475],[0,0]],[[66450,51475],[1,0]],[[66438,51474],[0,1]],[[66438,51475],[0,1]],[[66438,51475],[0,-1]],[[66456,51476],[0,-1]],[[66449,51475],[1,0]],[[66450,51475],[-1,0]],[[66453,51476],[0,1]],[[66453,51477],[1,0]],[[66453,51477],[0,-1]],[[66361,51478],[-1,0]],[[66492,51478],[-1,0]],[[66354,51480],[0,1]],[[66354,51480],[1,0]],[[66354,51480],[0,0]],[[65084,51481],[-1,0]],[[66352,51481],[0,-1]],[[66356,51481],[0,0]],[[66346,51482],[0,0]],[[66349,51483],[0,-1]],[[66345,51483],[-1,0]],[[66458,51482],[-1,1]],[[65084,51483],[0,-1]],[[66349,51484],[0,0]],[[66343,51484],[-1,0]],[[66456,51486],[1,0]],[[66457,51486],[-1,0]],[[66457,51486],[0,1]],[[66402,51486],[0,-1]],[[66402,51485],[0,1]],[[66379,51494],[0,-1]],[[66379,51494],[1,0]],[[66379,51494],[0,0]],[[66493,51494],[0,0]],[[66492,51494],[0,0]],[[65089,51494],[0,0]],[[66492,51494],[-1,0]],[[66387,51495],[-1,0]],[[66388,51496],[-1,0]],[[66386,51497],[0,-1]],[[65089,51497],[0,-1]],[[65090,51497],[-1,0]],[[65090,51497],[0,0]],[[65089,51498],[0,0]],[[65090,51500],[0,1]],[[65090,51501],[0,-1]],[[65095,51497],[-1,0]],[[65094,51497],[-4,0]],[[65090,51497],[0,3]],[[65090,51501],[5,-4]],[[66719,51514],[-1,0]],[[66815,51519],[1,0]],[[66711,51518],[-4,1]],[[66802,51527],[0,1]],[[66826,51537],[-1,0]],[[66834,51540],[0,-1]],[[66827,51541],[0,-1]],[[66834,51541],[-1,0]],[[66847,51542],[-1,0]],[[66858,51553],[1,0]],[[65104,51553],[1,0]],[[65089,51552],[0,1]],[[65087,51552],[0,1]],[[65112,51554],[0,0]],[[65113,51554],[0,1]],[[65110,51555],[0,-1]],[[66970,51554],[-1,0]],[[65111,51555],[0,1]],[[66742,51556],[-1,0]],[[66863,51556],[-1,0]],[[66865,51559],[1,0]],[[66976,51561],[0,-1]],[[66932,51560],[-1,0]],[[66983,51565],[0,-1]],[[66932,51565],[-1,0]],[[65066,51597],[1,0]],[[67004,51599],[1,0]],[[66926,51608],[-1,0]],[[65063,51618],[-1,0]],[[65063,51618],[0,0]],[[65063,51618],[0,1]],[[65052,51620],[-1,0]],[[65050,51620],[-1,0]],[[65054,51621],[-1,0]],[[65070,51630],[0,1]],[[65037,51667],[0,-1]],[[65037,51667],[0,1]],[[65037,51667],[1,0]],[[65037,51669],[-1,0]],[[67075,51736],[0,-1]],[[67075,51736],[0,0]],[[67075,51736],[1,0]],[[67078,51738],[0,0]],[[67077,51738],[0,0]],[[67077,51739],[0,0]],[[67077,51739],[0,-1]],[[67077,51739],[-1,0]],[[67080,51739],[0,-1]],[[67087,51740],[0,-1]],[[67090,51742],[-1,0]],[[67089,51744],[-1,0]],[[67087,51746],[-1,0]],[[67082,51747],[1,0]],[[67082,51747],[0,0]],[[67182,51756],[0,0]],[[67186,51759],[0,0]],[[67189,51759],[0,0]],[[67191,51761],[-1,0]],[[67191,51761],[0,0]],[[67191,51761],[1,0]],[[67194,51763],[1,1]],[[67195,51764],[1,0]],[[67195,51764],[-1,-1]],[[65034,51782],[1,0]],[[65032,51783],[0,-1]],[[65032,51783],[0,0]],[[65032,51783],[0,1]],[[67210,51784],[0,1]],[[67210,51784],[0,0]],[[67239,51840],[0,-1]],[[67238,51840],[0,0]],[[67249,51849],[1,0]],[[67253,51852],[1,0]],[[67253,51852],[-1,0]],[[67252,51852],[0,1]],[[67252,51853],[1,-1]],[[67252,51853],[0,0]],[[67253,51854],[0,0]],[[67253,51854],[-1,-1]],[[67252,51853],[1,1]],[[67252,51856],[-1,0]],[[67253,51857],[-1,-1]],[[67252,51856],[1,0]],[[67252,51856],[1,1]],[[67253,51857],[0,-1]],[[67255,51860],[1,0]],[[67258,51864],[0,0]],[[67260,51866],[0,1]],[[65092,51871],[0,0]],[[65095,51871],[0,1]],[[65095,51871],[0,0]],[[65095,51872],[0,1]],[[65095,51872],[0,0]],[[65097,51873],[-1,0]],[[65097,51873],[0,0]],[[65097,51874],[0,0]],[[65122,51885],[-1,0]],[[65121,51885],[1,0]],[[65154,51910],[0,1]],[[67305,52105],[0,-2]],[[67315,52114],[-3,-3]],[[65042,52323],[5,-2]],[[65060,52324],[1,0]],[[65040,52325],[-3,1]],[[64757,52374],[-1,0]],[[64849,52390],[2,-1]],[[67321,52407],[1,1]],[[65194,52645],[2,-1]],[[65255,52675],[5,0]],[[65207,52675],[21,0]],[[65324,52678],[-6,-4]],[[65330,52681],[-5,-3]],[[65351,52692],[-5,-3]],[[65357,52694],[-4,-2]],[[65389,52723],[0,-1]],[[65426,52732],[-1,-1]],[[65363,52854],[-2,0]],[[65357,52857],[-1,1]],[[65356,52858],[1,2]],[[65357,52860],[0,-3]],[[65354,52865],[1,3]],[[65355,52868],[0,-1]],[[65355,52867],[-1,-2]],[[65254,53087],[1,0]],[[65736,53093],[0,0]],[[65736,53094],[0,0]],[[69024,54385],[114,-65],[-61,-113],[-134,33],[-133,-24],[-122,-43],[-121,-45],[-121,50],[-124,-38],[-122,-57],[-133,-97],[-108,-94],[-100,-84],[-99,-93],[-92,-96],[-81,-99],[-43,-122],[-106,-95],[-61,-113],[-52,-127],[-38,-129],[-31,-149],[1,-126],[-1,-132],[61,-117],[5,-2]],[[67322,52408],[0,1]],[[67322,52408],[-1,-1]],[[67321,52407],[-11,-128],[-28,-124],[18,-131],[-44,-118],[4,-40]],[[67260,51866],[-2,-2]],[[67258,51864],[1,0]],[[67258,51864],[0,1]],[[67258,51864],[0,1]],[[67258,51864],[-3,-4]],[[67255,51860],[0,-1]],[[67255,51860],[-2,-3]],[[67253,51857],[-15,-17]],[[67238,51840],[1,0]],[[67238,51840],[-28,-55]],[[67210,51784],[-15,-20]],[[67194,51763],[-3,-2]],[[67190,51761],[-4,-2]],[[67186,51759],[-4,-3]],[[67182,51756],[-100,-9]],[[67082,51747],[-5,-8]],[[67076,51739],[1,-1]],[[67077,51738],[-2,-2]],[[67075,51736],[-68,-109],[-3,-28]],[[67004,51599],[0,1]],[[67004,51599],[-128,2],[-49,-60]],[[66827,51541],[-131,4],[-98,-81],[-89,-15]],[[66509,51449],[-16,45]],[[66493,51494],[-37,-8]],[[66456,51486],[0,-10]],[[66456,51476],[-3,1]],[[66453,51476],[-4,-1]],[[66449,51475],[0,-1]],[[66448,51473],[-1,-1]],[[66447,51472],[-4,-3]],[[66443,51469],[-2,2]],[[66441,51471],[-3,3]],[[66438,51474],[0,1]],[[66438,51475],[-4,-1]],[[66434,51474],[-1,-1]],[[66433,51473],[-1,1]],[[66432,51474],[0,-1]],[[66432,51474],[0,1]],[[66431,51475],[-29,10]],[[66402,51485],[0,1]],[[66402,51486],[-16,11]],[[66386,51497],[-7,-3]],[[66379,51494],[-23,-13]],[[66356,51481],[-62,-11]],[[66293,51470],[0,1]],[[66293,51470],[-125,-44],[-7,-78]],[[66161,51348],[-65,-81]],[[66096,51267],[-56,-62]],[[66040,51205],[-10,-8]],[[66028,51197],[3,-9]],[[66030,51188],[0,1]],[[66030,51188],[-8,-6]],[[66022,51182],[-2,0]],[[66020,51182],[-3,8]],[[66017,51190],[0,-1]],[[66014,51190],[-1,0]],[[66013,51190],[0,1]],[[66013,51190],[-2,2]],[[66011,51192],[1,0]],[[66011,51192],[-3,2]],[[66008,51193],[-3,-3]],[[66005,51190],[-2,0]],[[66003,51192],[1,0]],[[66003,51191],[-1,0]],[[66002,51192],[0,1]],[[66002,51192],[-1,0]],[[66001,51192],[0,1]],[[66001,51192],[-1,0]],[[66000,51192],[0,1]],[[66000,51193],[1,1]],[[66000,51193],[-1,-1]],[[65999,51192],[-1,1]],[[65998,51194],[1,0]],[[65998,51194],[-1,0]],[[65997,51194],[0,1]],[[65996,51195],[-1,0]],[[65995,51194],[-2,2]],[[65993,51196],[0,1]],[[65993,51196],[0,1]],[[65993,51195],[-2,1]],[[65991,51196],[0,1]],[[65991,51197],[1,0]],[[65991,51197],[-1,1]],[[65990,51198],[-1,-1]],[[65989,51197],[-41,-4]],[[65946,51193],[-28,-15]],[[65918,51178],[0,1]],[[65918,51178],[-1,0]],[[65916,51178],[-10,-6]],[[65906,51172],[-1,-1]],[[65905,51171],[0,1]],[[65905,51171],[-1,0]],[[65904,51171],[0,1]],[[65903,51170],[0,1]],[[65903,51170],[-109,-90],[-150,-156],[-8,-65]],[[65636,50859],[-10,-13]],[[65626,50846],[-4,-5]],[[65622,50841],[-3,0]],[[65619,50841],[0,-1]],[[65619,50840],[-17,-130],[5,12]],[[65607,50722],[5,-21]],[[65612,50701],[-7,-10]],[[65605,50691],[1,-1]],[[65606,50690],[0,-16]],[[65606,50674],[-1,-2]],[[65605,50672],[3,-2]],[[65608,50669],[-2,-14]],[[65606,50655],[-11,-12]],[[65595,50643],[-2,0]],[[65593,50643],[-13,-21]],[[65580,50622],[-10,-7]],[[65570,50615],[2,-8]],[[65572,50607],[-30,-22]],[[65542,50585],[-1,0]],[[65542,50585],[-11,-17]],[[65531,50568],[-50,-47]],[[65481,50521],[-1,-2]],[[65480,50519],[-19,-17]],[[65461,50502],[-2,0]],[[65459,50502],[0,1]],[[65459,50502],[-10,0]],[[65449,50502],[-67,-25]],[[65382,50477],[-3,1]],[[65379,50478],[-1,1]],[[65377,50479],[-60,-17]],[[65317,50462],[-3,-4]],[[65314,50458],[-3,-2]],[[65311,50456],[-2,0]],[[65309,50456],[-4,12]],[[65305,50469],[-30,4]],[[65275,50473],[1,0]],[[65275,50473],[-7,0]],[[65268,50473],[-9,-1]],[[65259,50472],[-15,2]],[[65244,50474],[-122,4]],[[65122,50478],[-57,29]],[[65064,50508],[-4,22]],[[65060,50530],[0,-1]],[[65060,50530],[0,-1]],[[65060,50530],[-1,0]],[[65060,50531],[3,27]],[[65063,50558],[1,1]],[[65064,50559],[12,26]],[[65076,50586],[-90,90],[-56,25]],[[64930,50701],[-4,2]],[[64926,50703],[-14,5]],[[64912,50708],[-1,0]],[[64911,50708],[-4,2]],[[64907,50710],[-10,2]],[[64897,50713],[-3,4]],[[64894,50717],[-2,1]],[[64892,50718],[0,1]],[[64891,50718],[0,-1]],[[64891,50718],[0,1]],[[64890,50717],[0,1]],[[64890,50717],[-1,-1]],[[64889,50716],[-1,0]],[[64889,50716],[0,-1]],[[64889,50716],[-2,0]],[[64887,50716],[0,1]],[[64887,50716],[-1,0]],[[64886,50716],[-1,0]],[[64884,50717],[0,1]],[[64884,50718],[1,0]],[[64883,50718],[0,-1]],[[64883,50717],[-1,-1]],[[64882,50716],[0,1]],[[64882,50716],[-1,0]],[[64882,50715],[-1,0]],[[64881,50715],[0,1]],[[64881,50715],[-1,0]],[[64879,50715],[0,1]],[[64879,50714],[-1,0]],[[64878,50715],[1,0]],[[64878,50715],[0,1]],[[64877,50715],[-3,-2]],[[64874,50713],[0,1]],[[64874,50713],[-3,-1]],[[64871,50712],[0,1]],[[64869,50712],[-7,1]],[[64863,50713],[-1,1]],[[64862,50714],[-1,0]],[[64861,50714],[-1,0]],[[64861,50714],[0,-1]],[[64861,50713],[1,-1]],[[64862,50712],[-2,-1]],[[64860,50711],[-1,1]],[[64859,50712],[-2,1]],[[64857,50713],[0,1]],[[64856,50713],[-1,1]],[[64855,50714],[0,1]],[[64855,50714],[-1,1]],[[64854,50715],[1,0]],[[64854,50715],[0,1]],[[64854,50715],[-1,1]],[[64852,50716],[-2,1]],[[64850,50717],[0,1]],[[64850,50717],[0,1]],[[64850,50718],[1,0]],[[64849,50719],[0,1]],[[64849,50720],[0,1]],[[64849,50721],[1,2]],[[64850,50724],[1,0]],[[64850,50724],[-1,2]],[[64849,50726],[-1,1]],[[64845,50727],[-1,1]],[[64844,50728],[0,-1]],[[64844,50728],[-6,-1]],[[64836,50727],[0,1]],[[64834,50729],[-2,1]],[[64832,50730],[1,0]],[[64832,50730],[-1,1]],[[64831,50731],[-2,1]],[[64829,50732],[0,1]],[[64828,50732],[-1,1]],[[64827,50733],[-1,0]],[[64826,50733],[-1,0]],[[64825,50733],[-1,0]],[[64824,50733],[1,0]],[[64823,50733],[-1,0]],[[64822,50733],[-1,0]],[[64821,50733],[-1,0]],[[64821,50733],[-2,0]],[[64819,50733],[1,0]],[[64819,50733],[-2,0]],[[64817,50733],[-3,1]],[[64811,50735],[-1,1]],[[64810,50736],[1,0]],[[64810,50736],[2,5]],[[64812,50741],[0,1]],[[64812,50742],[0,1]],[[64812,50742],[-1,1]],[[64811,50743],[-1,0]],[[64811,50743],[1,-1]],[[64812,50742],[-3,5]],[[64809,50747],[-2,-1]],[[64807,50746],[0,-1]],[[64807,50746],[1,1]],[[64808,50747],[1,0]],[[64808,50747],[-1,1]],[[64807,50748],[0,1]],[[64807,50749],[-1,1]],[[64806,50750],[1,0]],[[64806,50750],[1,0]],[[64806,50750],[0,1]],[[64805,50750],[0,1]],[[64805,50750],[-5,2]],[[64800,50752],[-1,1]],[[64798,50753],[-1,1]],[[64797,50754],[1,0]],[[64797,50755],[-1,1]],[[64796,50757],[-1,1]],[[64795,50758],[-1,2]],[[64794,50760],[1,0]],[[64794,50760],[1,0]],[[64794,50760],[0,1]],[[64793,50760],[-1,1]],[[64792,50762],[1,0]],[[64792,50762],[0,1]],[[64792,50763],[0,1]],[[64792,50764],[1,0]],[[64792,50764],[-1,1]],[[64791,50765],[0,-1]],[[64792,50765],[1,0]],[[64792,50765],[0,1]],[[64790,50766],[0,3]],[[64790,50769],[5,6]],[[64795,50775],[1,0]],[[64795,50775],[0,1]],[[64795,50776],[0,1]],[[64795,50776],[-2,4]],[[64793,50780],[0,-1]],[[64793,50780],[2,0]],[[64795,50780],[-1,0]],[[64795,50780],[0,1]],[[64795,50781],[3,7]],[[64798,50788],[0,-1]],[[64798,50788],[-1,2]],[[64797,50790],[1,0]],[[64797,50790],[0,1]],[[64797,50790],[-1,1]],[[64796,50791],[-3,2]],[[64792,50794],[-1,1]],[[64791,50796],[1,0]],[[64791,50796],[0,1]],[[64791,50796],[31,17]],[[64822,50813],[-2,-1]],[[64822,50813],[23,-3]],[[64845,50810],[4,1]],[[64849,50811],[1,1]],[[64850,50812],[0,-1]],[[64850,50812],[14,3]],[[64865,50815],[0,-1]],[[64865,50815],[1,0]],[[64865,50815],[1,1]],[[64866,50816],[-1,0]],[[64866,50816],[0,-1]],[[64867,50818],[1,1]],[[64868,50819],[1,0]],[[64869,50818],[1,0]],[[64870,50818],[1,0]],[[64870,50819],[1,0]],[[64871,50819],[0,-1]],[[64872,50819],[0,-1]],[[64872,50819],[1,-1]],[[64873,50818],[0,-1]],[[64874,50818],[17,-6]],[[64891,50812],[1,-1]],[[64892,50811],[1,0]],[[64893,50811],[1,0]],[[64894,50811],[87,-1]],[[64981,50810],[44,12]],[[65025,50822],[7,4]],[[65034,50826],[28,9]],[[65062,50835],[116,38]],[[65178,50873],[10,126],[-45,30]],[[65143,51029],[-104,57]],[[65039,51086],[-3,0]],[[65036,51086],[-24,17]],[[65012,51104],[5,7]],[[65017,51111],[0,1]],[[65017,51112],[74,35]],[[65090,51147],[-8,17]],[[65082,51164],[-28,60]],[[65054,51224],[-9,5]],[[65045,51229],[9,19]],[[65054,51248],[77,102],[-55,38]],[[65075,51389],[2,5]],[[65076,51394],[-10,-3]],[[65065,51391],[0,1]],[[65065,51391],[-3,1]],[[65062,51392],[0,29]],[[65062,51421],[32,76]],[[65095,51497],[-17,130],[-45,119],[54,117],[8,8]],[[65095,51871],[2,2]],[[65097,51873],[24,12]],[[65122,51885],[116,98],[-32,140],[-34,126],[-107,69],[-144,55],[127,21],[6,138],[129,21],[151,30],[79,106],[13,43]],[[65426,52732],[-79,99],[7,34]],[[65354,52865],[2,-7]],[[65357,52857],[4,-3]],[[65361,52854],[-1,0]],[[65361,52854],[2,0]],[[65363,52854],[-6,6]],[[65357,52860],[0,1]],[[65357,52860],[-2,7]],[[65355,52868],[73,106],[169,78],[138,-3],[1,45]],[[65736,53094],[0,-1]],[[65736,53093],[91,140],[107,158],[90,89],[142,2],[12,126],[-67,110],[-118,56],[-112,103],[-108,109],[-84,109],[-124,32],[-97,-88],[-10,-173],[-111,-77],[-87,96],[-13,6]],[[65247,53891],[45,558],[41,112]],[[65012,53855],[1,-10]],[[65010,53877],[-1,8]],[[65247,53891],[-136,-23],[-134,13],[-121,56],[-74,-103],[-7,-189],[54,-116],[126,-23],[-74,-99]],[[64881,53407],[-303,48],[-110,187],[-124,84],[-119,57],[-141,49],[-130,63],[-57,-9]],[[63897,53886],[-1,0]],[[63897,53886],[-92,-90],[-134,33],[48,-119],[33,-28]],[[63752,53682],[-1,0]],[[63752,53682],[92,-88],[-148,-45],[49,-117],[-18,-133],[-73,79]],[[63654,53378],[0,-1]],[[63654,53378],[-82,85]],[[63572,53463],[0,-1]],[[63572,53463],[-91,91],[-60,85]],[[63421,53639],[0,1]],[[63421,53639],[-63,26]],[[63358,53665],[-1,0]],[[63358,53665],[-1,2]],[[63357,53667],[-75,40]],[[63282,53707],[1,-1]],[[63282,53707],[-2,-1]],[[63280,53706],[0,1]],[[63280,53706],[-24,8]],[[63256,53714],[0,1]],[[63256,53714],[-6,1]],[[63250,53715],[-1,0]],[[63250,53715],[-9,1]],[[63241,53716],[1,1]],[[63241,53716],[-14,6]],[[63227,53722],[0,-1]],[[63227,53722],[-69,6]],[[63158,53728],[0,-1]],[[63158,53728],[-19,7]],[[63139,53735],[0,-1]],[[63139,53735],[-17,5]],[[63122,53740],[0,-1]],[[63122,53739],[1,0]],[[63122,53740],[-12,-3]],[[63110,53737],[0,1]],[[63110,53737],[-8,0]],[[63102,53737],[-1,0]],[[63102,53737],[-4,-4]],[[63098,53733],[0,1]],[[63098,53733],[-2,0]],[[63096,53733],[-1,0]],[[63096,53733],[-23,4]],[[63073,53737],[-1,0]],[[63073,53737],[-138,20],[-128,-10],[-67,108],[-73,103],[-130,-8],[-97,84],[-44,13]],[[62396,54047],[-98,88],[-131,20],[-127,73],[-94,109],[-103,139],[-45,129],[-66,183],[-58,108]],[[63357,53667],[1,1]],[[66887,29876],[0,1]],[[66889,29877],[1,0]],[[66889,29877],[0,0]],[[66889,29877],[-1,0]],[[66892,29877],[0,0]],[[66899,29878],[0,0]],[[66892,29878],[-1,0]],[[66892,29878],[0,0]],[[66899,29878],[1,0]],[[66893,29878],[0,0]],[[66893,29878],[1,0]],[[66890,29878],[-1,0]],[[66890,29878],[0,0]],[[66917,29883],[-1,0]],[[66920,29885],[1,0]],[[66881,29885],[0,0]],[[66920,29885],[0,0]],[[66880,29885],[0,0]],[[66923,29885],[0,0]],[[66927,29885],[-1,0]],[[66927,29885],[0,0]],[[66925,29885],[0,0]],[[66881,29885],[-1,0]],[[66926,29885],[0,0]],[[66928,29885],[0,0]],[[66930,29886],[0,-1]],[[66932,29886],[1,0]],[[66933,29888],[0,0]],[[66935,29889],[0,0]],[[66937,29890],[0,0]],[[66937,29891],[0,0]],[[66874,29891],[0,0]],[[66875,29891],[0,0]],[[66873,29891],[0,1]],[[66937,29892],[0,0]],[[66938,29892],[0,0]],[[66872,29892],[0,1]],[[66940,29893],[0,1]],[[66940,29893],[0,0]],[[66941,29898],[0,0]],[[66868,29898],[0,0]],[[66941,29898],[1,0]],[[66941,29899],[0,0]],[[66863,29903],[0,0]],[[66860,29904],[0,1]],[[66861,29905],[0,0]],[[66945,29906],[0,-1]],[[66860,29906],[0,0]],[[66946,29907],[0,0]],[[66859,29907],[0,0]],[[66948,29908],[0,0]],[[66859,29908],[-1,0]],[[66859,29908],[0,0]],[[66947,29911],[0,0]],[[66949,29913],[-1,0]],[[66950,29918],[0,0]],[[66951,29918],[0,0]],[[66855,29918],[-1,0]],[[66853,29920],[-1,0]],[[66951,29920],[0,0]],[[66849,29922],[0,0]],[[66951,29923],[0,0]],[[66844,29922],[0,1]],[[66845,29924],[1,0]],[[66846,29925],[1,0]],[[66846,29925],[0,0]],[[66950,29925],[1,0]],[[66954,29934],[0,0]],[[66951,29934],[1,0]],[[66954,29935],[0,0]],[[66953,29936],[0,0]],[[66847,29936],[0,-1]],[[66954,29938],[0,0]],[[66851,29939],[0,1]],[[66851,29940],[0,-1]],[[66957,29940],[0,-1]],[[66957,29940],[0,1]],[[66957,29940],[0,0]],[[66957,29941],[1,0]],[[66957,29941],[0,0]],[[66954,29942],[1,0]],[[66954,29942],[0,1]],[[66954,29942],[0,0]],[[66955,29944],[0,0]],[[66956,29944],[0,0]],[[66953,29944],[1,0]],[[66956,29945],[-1,0]],[[66949,29953],[0,0]],[[66943,29962],[0,0]],[[66942,29963],[0,1]],[[66941,29964],[0,1]],[[66941,29964],[0,0]],[[66938,29968],[0,1]],[[66936,29971],[0,0]],[[66934,29972],[0,0]],[[66936,29972],[-1,0]],[[66934,29972],[2,-1]],[[66936,29971],[5,-7]],[[66941,29964],[2,-2]],[[66943,29962],[10,-18]],[[66953,29944],[-3,-19]],[[66950,29925],[1,-5]],[[66951,29920],[-1,-2]],[[66950,29918],[-4,-11]],[[66946,29907],[-1,-1]],[[66945,29906],[-4,-7]],[[66941,29899],[-1,-5]],[[66940,29893],[-3,-1]],[[66937,29892],[0,-1]],[[66937,29891],[-2,-2]],[[66935,29889],[-2,-1]],[[66933,29888],[-1,-2]],[[66932,29886],[-2,0]],[[66930,29886],[-3,-1]],[[66927,29885],[-4,0]],[[66923,29885],[-3,0]],[[66920,29885],[-20,-7]],[[66899,29878],[-5,0]],[[66893,29878],[-1,0]],[[66891,29878],[-1,0]],[[66890,29878],[-9,7]],[[66881,29885],[-20,20]],[[66861,29905],[0,1]],[[66861,29905],[-1,1]],[[66860,29906],[-1,1]],[[66859,29907],[0,1]],[[66859,29908],[-6,12]],[[66853,29920],[-4,2]],[[66849,29922],[-2,3]],[[66846,29925],[5,14]],[[66851,29940],[83,32]],[[65944,34365],[0,0]],[[65949,34365],[-1,0]],[[65942,34366],[0,1]],[[65938,34375],[-1,-1]],[[65937,34384],[-1,0]],[[65423,36451],[0,0]],[[65423,36452],[0,-1]],[[65423,36451],[1,0]],[[65423,36451],[0,-1]],[[65424,36451],[0,1]],[[65424,36452],[-1,0]],[[65425,36452],[0,0]],[[65420,36453],[0,0]],[[65419,36453],[1,0]],[[65419,36453],[0,0]],[[65424,36452],[0,1]],[[65425,36454],[1,0]],[[65426,36454],[-1,0]],[[65426,36454],[0,0]],[[65425,36454],[0,0]],[[65426,36454],[1,0]],[[65424,36455],[0,-1]],[[65424,36455],[0,0]],[[65424,36455],[1,0]],[[65424,36455],[0,1]],[[65429,36456],[1,0]],[[65429,36456],[0,1]],[[65426,36457],[-1,0]],[[65426,36458],[0,0]],[[65428,36459],[0,0]],[[65428,36459],[1,0]],[[65428,36460],[1,0]],[[64845,39036],[0,1]],[[64845,39036],[0,0]],[[64841,39037],[0,1]],[[64842,39039],[0,-1]],[[64862,39039],[-1,0]],[[64862,39039],[0,0]],[[64865,39039],[-1,0]],[[64828,39049],[0,-1]],[[64888,39054],[1,0]],[[64816,39057],[-1,0]],[[64815,39057],[1,0]],[[64809,39063],[0,0]],[[64806,39065],[0,0]],[[64800,39068],[-1,0]],[[64800,39068],[0,0]],[[64899,39070],[0,0]],[[64899,39075],[0,-1]],[[64795,39085],[0,1]],[[64897,39085],[0,1]],[[64792,39094],[-1,0]],[[64896,39095],[0,1]],[[64896,39096],[0,-1]],[[64793,39096],[0,1]],[[64902,39102],[0,1]],[[64793,39103],[0,0]],[[64896,39107],[0,0]],[[64894,39109],[0,0]],[[64887,39124],[0,0]],[[64865,39141],[1,0]],[[64859,39152],[1,0]],[[64856,39157],[0,1]],[[64834,39167],[-1,0]],[[64859,39152],[6,-11]],[[64865,39141],[29,-32]],[[64894,39109],[2,-13]],[[64896,39095],[1,-10]],[[64897,39085],[2,-10]],[[64899,39075],[0,-5]],[[64899,39070],[-11,-16]],[[64888,39054],[-26,-15]],[[64861,39039],[-16,-3]],[[64845,39037],[-3,2]],[[64842,39039],[-14,10]],[[64828,39049],[-12,8]],[[64815,39057],[-6,6]],[[64809,39063],[-9,5]],[[64800,39068],[59,84]],[[64822,39178],[1,0]],[[64810,39179],[0,0]],[[65121,41850],[-1,0]],[[65119,41857],[-1,0]],[[64993,41911],[0,-1]],[[64934,41933],[-1,0]],[[64934,41933],[0,0]],[[64912,41945],[0,-1]],[[64912,41945],[1,0]],[[64908,41947],[-1,0]],[[64910,41948],[-1,-1]],[[64909,41949],[-1,0]],[[64907,41949],[0,0]],[[64907,41950],[0,0]],[[64903,41955],[-1,0]],[[64904,41955],[0,1]],[[64897,41962],[-1,-1]],[[65128,41963],[2,2]],[[64894,41973],[0,1]],[[64855,42084],[0,1]],[[64849,42090],[-1,0]],[[64845,42091],[0,-1]],[[64854,42091],[0,-1]],[[64850,42092],[-1,0]],[[64799,42106],[0,-1]],[[64792,42115],[0,-1]],[[64790,42119],[-1,0]],[[64787,42123],[0,1]],[[64542,42155],[-1,0]],[[64542,42155],[0,0]],[[64543,42155],[0,0]],[[64543,42155],[-1,0]],[[64542,42155],[1,0]],[[64516,42161],[0,0]],[[64517,42162],[0,-1]],[[64520,42161],[0,1]],[[64517,42162],[-1,0]],[[64583,42163],[0,-1]],[[64781,42162],[-1,0]],[[64582,42164],[-1,0]],[[64582,42164],[0,0]],[[64781,42164],[-1,0]],[[64582,42164],[0,1]],[[64524,42166],[0,-1]],[[65152,42167],[-1,0]],[[64589,42170],[0,0]],[[65143,42169],[0,1]],[[65149,42170],[-1,0]],[[65145,42170],[-1,0]],[[65151,42172],[-1,0]],[[64522,42173],[0,0]],[[65146,42173],[0,1]],[[64522,42173],[1,1]],[[65127,42174],[-1,0]],[[64522,42174],[0,0]],[[64522,42175],[0,0]],[[64522,42175],[-1,0]],[[65109,42176],[0,0]],[[64590,42172],[1,1]],[[64591,42173],[0,1]],[[64591,42174],[-1,-2]],[[65109,42176],[0,1]],[[65112,42177],[-1,0]],[[65112,42177],[0,0]],[[65112,42177],[0,1]],[[64523,42179],[-1,0]],[[64523,42179],[0,0]],[[65115,42178],[-1,-1]],[[64523,42181],[0,-1]],[[64523,42181],[0,0]],[[65119,42181],[1,0]],[[64523,42183],[-1,0]],[[64523,42183],[0,0]],[[64512,42183],[0,0]],[[64512,42183],[-1,0]],[[64584,42184],[0,1]],[[64584,42184],[0,0]],[[64515,42185],[-1,0]],[[64515,42186],[0,1]],[[64583,42187],[1,0]],[[64519,42189],[0,0]],[[64519,42189],[0,1]],[[64517,42190],[0,0]],[[64584,42190],[0,0]],[[64518,42190],[0,0]],[[64519,42190],[-1,0]],[[64519,42190],[0,0]],[[64518,42191],[0,-1]],[[64518,42191],[0,0]],[[64583,42193],[0,1]],[[64583,42194],[0,-1]],[[64517,42195],[0,-1]],[[65040,42205],[-1,0]],[[65043,42207],[0,-1]],[[65043,42209],[1,0]],[[65043,42209],[0,1]],[[65040,42211],[0,-1]],[[64506,42211],[0,0]],[[64580,42212],[0,1]],[[64578,42216],[0,1]],[[65030,42223],[0,-1]],[[65034,42223],[-1,0]],[[65015,42225],[0,1]],[[64570,42226],[0,0]],[[65013,42226],[0,1]],[[64491,42227],[0,0]],[[64491,42227],[1,0]],[[64565,42227],[-1,1]],[[64563,42228],[-1,0]],[[64562,42228],[1,0]],[[64561,42229],[-1,0]],[[64560,42229],[1,0]],[[64995,42229],[0,1]],[[64995,42229],[0,0]],[[64998,42232],[-1,0]],[[64491,42233],[1,-1]],[[64492,42232],[-1,1]],[[64579,42233],[1,0]],[[64501,42256],[0,0]],[[64500,42259],[0,1]],[[64520,42260],[-1,0]],[[64520,42260],[0,0]],[[64560,42229],[1,0]],[[64561,42229],[1,-1]],[[64563,42228],[0,-1]],[[64563,42228],[2,-1]],[[64565,42227],[18,-33]],[[64583,42194],[0,-1]],[[64583,42193],[0,-6]],[[64583,42187],[1,-2]],[[64584,42184],[-1,0]],[[64584,42184],[7,-10]],[[64591,42174],[-1,0]],[[64591,42173],[-1,-1]],[[64590,42172],[-8,-7]],[[64582,42165],[-1,-1]],[[64581,42164],[-1,0]],[[64582,42164],[1,-1]],[[64583,42163],[-60,16]],[[64523,42179],[0,1]],[[64523,42181],[0,2]],[[64523,42183],[-4,7]],[[64519,42190],[-2,5]],[[64517,42195],[-25,37]],[[64492,42232],[-1,1]],[[64491,42233],[9,26]],[[64500,42259],[1,-3]],[[64501,42256],[18,4]],[[64520,42260],[40,-31]],[[64524,42261],[-1,0]],[[64965,42264],[0,1]],[[64963,42265],[0,-1]],[[64963,42265],[1,0]],[[64957,42274],[0,-1]],[[64954,42291],[0,-1]],[[64953,42292],[-1,0]],[[64953,42293],[0,0]],[[64948,42294],[-1,0]],[[64947,42295],[0,0]],[[64947,42296],[-1,1]],[[64932,42304],[0,-1]],[[64932,42304],[1,1]],[[64749,42321],[0,0]],[[64750,42323],[0,-1]],[[64750,42323],[0,0]],[[64903,42331],[-1,0]],[[64899,42333],[-1,0]],[[64753,42333],[0,0]],[[64897,42333],[0,1]],[[64754,42334],[-1,0]],[[64769,42353],[0,0]],[[64769,42354],[-1,0]],[[64874,42359],[0,-1]],[[64874,42359],[-1,0]],[[64873,42359],[0,1]],[[64873,42360],[1,-1]],[[64872,42359],[0,1]],[[64872,42360],[1,0]],[[64873,42359],[-1,0]],[[64874,42361],[0,0]],[[64850,42361],[0,1]],[[64800,42361],[0,1]],[[64851,42362],[1,0]],[[64846,42363],[0,1]],[[64846,42363],[26,-3]],[[64872,42359],[85,-85]],[[64957,42274],[38,-45]],[[64995,42229],[124,-57],[64,-108],[-66,-109],[-111,-56],[-13,12]],[[64993,41911],[-59,22]],[[64934,41933],[-24,15]],[[64910,41948],[-20,124],[-36,19]],[[64854,42091],[-87,91],[-32,122],[15,18]],[[64750,42323],[4,11]],[[64754,42334],[46,27]],[[64800,42361],[46,2]],[[64817,42370],[0,1]],[[63040,44654],[-1,0]],[[63040,44654],[0,0]],[[63039,44656],[0,-1]],[[63040,44657],[0,1]],[[63040,44657],[0,0]],[[63040,44654],[0,3]],[[63040,44658],[0,-4]],[[64285,45578],[0,1]],[[64284,45578],[-1,0]],[[64277,45580],[0,-1]],[[64281,45581],[-1,1]],[[64280,45582],[1,-1]],[[64283,45581],[0,1]],[[64275,45581],[0,1]],[[64275,45582],[0,-1]],[[64280,45582],[-1,0]],[[64281,45581],[-4,-1]],[[64277,45580],[-2,1]],[[64275,45582],[5,0]],[[64166,45591],[0,-1]],[[64170,45592],[0,-1]],[[64171,45594],[0,0]],[[64173,45595],[-1,0]],[[64165,45596],[-1,0]],[[64151,45601],[-1,0]],[[64157,45602],[-1,0]],[[64157,45602],[0,0]],[[64297,45608],[0,-1]],[[64297,45608],[1,0]],[[64143,45608],[-1,0]],[[64300,45616],[0,0]],[[64301,45617],[0,0]],[[64301,45619],[1,0]],[[64309,45627],[-1,0]],[[64312,45633],[0,1]],[[64313,45640],[0,0]],[[64111,45652],[-1,0]],[[64110,45654],[0,1]],[[64322,45656],[-1,-1]],[[64110,45656],[0,1]],[[64112,45659],[-1,0]],[[64112,45659],[0,0]],[[64112,45666],[0,0]],[[64111,45668],[0,-1]],[[64113,45693],[0,0]],[[64313,45702],[0,1]],[[64317,45703],[0,1]],[[64315,45704],[0,1]],[[64125,45742],[0,0]],[[64125,45744],[0,-1]],[[64125,45744],[0,0]],[[64127,45747],[0,0]],[[64136,45760],[-1,0]],[[64282,45760],[0,0]],[[64136,45760],[0,0]],[[64137,45761],[0,1]],[[64137,45761],[0,0]],[[64138,45762],[-1,0]],[[64137,45762],[1,0]],[[64278,45767],[0,1]],[[64278,45768],[0,-1]],[[64278,45768],[0,0]],[[64278,45771],[-1,0]],[[64272,45775],[0,0]],[[64271,45775],[-1,0]],[[64246,45799],[0,0]],[[64175,45804],[-1,1]],[[64185,45809],[0,0]],[[64184,45809],[0,1]],[[64184,45809],[0,0]],[[64184,45810],[0,-1]],[[64194,45810],[0,0]],[[64194,45809],[0,1]],[[64194,45810],[0,-1]],[[64199,45811],[-1,0]],[[64220,45814],[84,-97],[9,-77]],[[64313,45640],[-12,-21]],[[64301,45619],[-128,-21],[-16,4]],[[64157,45602],[-46,50]],[[64111,45652],[1,7]],[[64112,45659],[0,7]],[[64112,45666],[1,27]],[[64113,45693],[12,49]],[[64125,45742],[11,18]],[[64136,45760],[1,1]],[[64137,45761],[1,1]],[[64138,45762],[37,42]],[[64175,45804],[19,5]],[[64194,45809],[5,2]],[[64199,45811],[21,3]],[[64220,45814],[0,1]],[[64220,45814],[0,0]],[[64207,45815],[0,1]],[[61187,46007],[1,0]],[[61187,46007],[0,1]],[[61187,46008],[0,-1]],[[61187,46007],[0,0]],[[61186,46007],[0,1]],[[61189,46010],[-1,0]],[[61186,46011],[1,0]],[[61187,46011],[-1,0]],[[61185,46012],[-1,0]],[[61186,46011],[1,0]],[[61186,46014],[0,0]],[[61184,46015],[0,1]],[[61184,46016],[0,-1]],[[61184,46016],[0,0]],[[61184,46025],[0,-1]],[[61180,46027],[0,-1]],[[61180,46027],[1,1]],[[61181,46028],[-1,-1]],[[61181,46028],[0,1]],[[61182,46030],[0,0]],[[61182,46031],[-1,0]],[[61266,46103],[0,-1]],[[61257,46103],[1,0]],[[63371,46479],[-1,0]],[[63821,46479],[-1,0]],[[63352,46485],[0,1]],[[63817,46486],[-1,0]],[[63348,46487],[1,0]],[[63352,46488],[0,-1]],[[63349,46488],[-1,0]],[[63372,46489],[0,-1]],[[63935,46491],[1,0]],[[63372,46489],[0,1]],[[63370,46491],[-1,0]],[[63935,46491],[-1,0]],[[63352,46488],[0,1]],[[63933,46492],[0,0]],[[63372,46493],[0,-1]],[[63372,46494],[0,0]],[[63375,46495],[1,-1]],[[63367,46497],[0,-1]],[[63366,46498],[0,0]],[[63366,46499],[-1,0]],[[63366,46499],[0,0]],[[63363,46500],[1,0]],[[63366,46499],[0,1]],[[63747,46510],[-1,0]],[[63751,46512],[-1,0]],[[63742,46516],[-1,0]],[[63760,46517],[0,-1]],[[63738,46523],[1,0]],[[63738,46523],[0,0]],[[63968,46523],[-1,0]],[[63740,46524],[0,-1]],[[63738,46526],[-1,0]],[[63740,46528],[-1,0]],[[63992,46533],[0,0]],[[63987,46533],[-1,0]],[[63984,46533],[-1,0]],[[63990,46534],[1,0]],[[63991,46534],[-1,0]],[[63986,46535],[0,0]],[[63741,46537],[0,-1]],[[64007,46540],[-1,0]],[[64010,46543],[-1,0]],[[63729,46562],[-1,0]],[[63731,46573],[-1,1]],[[63732,46575],[0,0]],[[63731,46579],[-1,0]],[[63726,46608],[0,1]],[[63721,46610],[0,1]],[[63719,46612],[0,0]],[[63724,46646],[-1,0]],[[64067,46699],[0,0]],[[63890,46850],[-1,0]],[[63949,46852],[0,1]],[[63972,46853],[0,-1]],[[63990,46534],[-137,-35],[-118,44],[-6,19]],[[63729,46562],[2,11]],[[63731,46573],[0,-1]],[[63731,46573],[-7,73]],[[63724,46646],[66,109],[94,86],[6,9]],[[63890,46850],[121,-34],[54,-114],[-22,-125],[-52,-43]],[[62162,47107],[-1,0]],[[62167,47113],[-1,0]],[[62166,47115],[0,0]],[[62167,47117],[0,-1]],[[62162,47118],[0,-1]],[[62167,47117],[1,2]],[[62168,47119],[-1,-2]],[[62162,47119],[-1,0]],[[62160,47119],[-1,0]],[[62168,47119],[0,1]],[[62161,47120],[0,0]],[[62167,47120],[-1,0]],[[62160,47121],[-1,0]],[[62160,47121],[0,0]],[[62160,47121],[1,0]],[[62164,47122],[0,-1]],[[62164,47122],[0,0]],[[62164,47122],[0,1]],[[62385,47123],[1,0]],[[62385,47123],[0,0]],[[62176,47124],[-1,0]],[[62387,47125],[0,0]],[[62387,47127],[0,-1]],[[62387,47127],[0,0]],[[62387,47127],[-1,0]],[[62161,47127],[0,1]],[[62387,47127],[0,1]],[[62385,47127],[0,-1]],[[62151,47129],[0,0]],[[62152,47129],[0,1]],[[62381,47130],[0,0]],[[62161,47129],[-1,0]],[[62381,47130],[-1,0]],[[62386,47131],[0,0]],[[62382,47132],[0,-1]],[[62194,47132],[0,-1]],[[62152,47133],[-1,0]],[[62379,47133],[0,1]],[[62383,47134],[1,-1]],[[62399,47135],[0,-1]],[[62399,47135],[0,0]],[[62382,47135],[0,-1]],[[62399,47135],[0,1]],[[62395,47135],[0,1]],[[62395,47136],[1,0]],[[62396,47136],[-1,-1]],[[62399,47136],[0,0]],[[62431,47136],[0,0]],[[62188,47137],[1,0]],[[62425,47137],[-1,0]],[[62431,47137],[-1,0]],[[62414,47138],[0,-1]],[[62188,47137],[-1,1]],[[62187,47138],[1,-1]],[[62181,47137],[0,1]],[[62176,47138],[1,0]],[[62431,47139],[0,-1]],[[62384,47140],[0,-1]],[[62384,47139],[0,-1]],[[62384,47139],[-1,0]],[[62402,47140],[-1,0]],[[62402,47140],[0,0]],[[62417,47140],[0,0]],[[62407,47139],[-1,0]],[[62412,47140],[1,0]],[[62417,47142],[0,-1]],[[62417,47141],[0,-1]],[[62372,47141],[0,1]],[[62372,47142],[0,-1]],[[62374,47142],[1,0]],[[62375,47142],[-3,-1]],[[62372,47142],[2,0]],[[62416,47142],[0,0]],[[62379,47142],[1,0]],[[62432,47142],[0,1]],[[62432,47142],[0,0]],[[62382,47143],[0,0]],[[62380,47143],[0,0]],[[62379,47142],[0,1]],[[62379,47142],[0,0]],[[62411,47142],[0,1]],[[62411,47142],[0,0]],[[62411,47143],[1,0]],[[62412,47143],[-1,-1]],[[62382,47143],[0,1]],[[62382,47144],[1,0]],[[62383,47144],[-1,-1]],[[62193,47145],[0,-1]],[[62197,47143],[-1,0]],[[62372,47146],[1,-1]],[[62434,47146],[0,0]],[[62372,47146],[0,1]],[[62372,47146],[0,0]],[[62434,47147],[0,0]],[[62193,47146],[-1,0]],[[62450,47148],[0,-1]],[[62187,47148],[0,-10]],[[62187,47138],[0,10]],[[62187,47148],[0,1]],[[62190,47149],[-1,0]],[[62190,47149],[0,0]],[[62442,47150],[0,-1]],[[62177,47149],[0,1]],[[62190,47149],[0,1]],[[62373,47150],[0,-1]],[[62373,47149],[-1,2]],[[62372,47151],[1,-1]],[[62180,47150],[-1,0]],[[62369,47151],[-1,-1]],[[62443,47151],[-1,0]],[[62365,47152],[0,0]],[[62369,47153],[0,0]],[[62369,47153],[0,1]],[[62369,47154],[0,1]],[[62369,47155],[1,0]],[[62370,47155],[-1,-2]],[[62368,47155],[0,0]],[[62369,47155],[0,0]],[[62355,47158],[0,0]],[[62352,47159],[0,1]],[[62352,47159],[0,0]],[[62456,47162],[0,-1]],[[62454,47162],[1,0]],[[62454,47162],[0,0]],[[62456,47162],[0,0]],[[62454,47162],[0,2]],[[62454,47164],[0,-2]],[[62459,47162],[0,1]],[[62352,47165],[-1,-1]],[[62351,47164],[0,1]],[[62351,47165],[1,0]],[[62461,47165],[0,1]],[[62351,47165],[1,0]],[[62457,47166],[0,1]],[[62455,47167],[0,0]],[[62456,47167],[0,0]],[[62353,47167],[-1,0]],[[62480,47169],[-1,0]],[[62481,47172],[0,-1]],[[62353,47172],[0,0]],[[62352,47174],[0,-1]],[[62471,47174],[0,0]],[[62351,47174],[-1,1]],[[62350,47175],[1,0]],[[62351,47175],[0,-1]],[[62351,47175],[0,0]],[[62353,47175],[-1,0]],[[62353,47175],[0,0]],[[62350,47175],[0,1]],[[62350,47175],[0,0]],[[62350,47176],[-1,0]],[[62350,47176],[0,0]],[[62349,47177],[-1,0]],[[62467,47179],[-1,0]],[[62467,47179],[0,-1]],[[62352,47179],[-1,0]],[[62352,47179],[0,0]],[[62467,47180],[0,-1]],[[62467,47179],[0,1]],[[62467,47180],[-1,0]],[[62486,47180],[1,0]],[[62486,47180],[0,0]],[[62488,47181],[0,0]],[[62466,47180],[0,1]],[[62466,47180],[0,0]],[[62490,47181],[0,0]],[[62490,47181],[0,1]],[[62354,47182],[0,-1]],[[62354,47181],[-1,-1]],[[62353,47180],[-1,1]],[[62352,47181],[0,-1]],[[62352,47181],[0,1]],[[62352,47182],[1,0]],[[62353,47182],[1,0]],[[62490,47182],[-1,0]],[[62490,47182],[0,0]],[[62354,47182],[0,0]],[[62352,47181],[0,1]],[[62492,47182],[0,1]],[[62353,47183],[0,1]],[[62454,47184],[1,0]],[[62356,47186],[0,0]],[[62355,47186],[0,-1]],[[62352,47186],[0,1]],[[62355,47186],[0,1]],[[62356,47188],[0,-1]],[[62463,47188],[0,-1]],[[62357,47188],[-1,0]],[[62357,47188],[0,0]],[[62463,47188],[1,0]],[[62463,47188],[0,0]],[[62356,47188],[0,0]],[[62490,47185],[0,1]],[[62490,47186],[1,2]],[[62491,47188],[-1,-3]],[[62356,47188],[-1,0]],[[62462,47188],[1,0]],[[62462,47188],[0,0]],[[62460,47189],[0,0]],[[62462,47188],[0,1]],[[62462,47189],[1,0]],[[62463,47189],[0,-1]],[[62358,47189],[0,-1]],[[62358,47188],[-1,0]],[[62357,47188],[0,2]],[[62357,47190],[1,-1]],[[62357,47190],[0,1]],[[62357,47190],[0,0]],[[62355,47192],[0,-1]],[[62494,47194],[0,-1]],[[62357,47193],[0,-1]],[[62357,47193],[0,1]],[[62357,47194],[0,-1]],[[62354,47194],[0,0]],[[62358,47195],[-1,0]],[[62358,47195],[0,0]],[[62357,47195],[0,0]],[[62357,47196],[0,-1]],[[62357,47196],[1,0]],[[62358,47196],[0,-1]],[[62358,47196],[0,1]],[[62357,47196],[1,1]],[[62378,47207],[0,0]],[[62379,47207],[0,0]],[[62381,47208],[0,0]],[[62382,47208],[-1,0]],[[62382,47208],[0,0]],[[62383,47208],[0,0]],[[62484,47208],[-1,0]],[[62384,47208],[0,0]],[[62384,47208],[-1,0]],[[62375,47208],[0,1]],[[62375,47208],[0,0]],[[62385,47209],[0,1]],[[62385,47210],[0,-1]],[[62389,47210],[0,0]],[[62391,47210],[0,0]],[[62385,47210],[0,0]],[[62387,47210],[-1,0]],[[62633,47228],[1,0]],[[62637,47231],[0,-1]],[[62568,47232],[0,-1]],[[62516,47237],[0,-1]],[[62516,47237],[0,0]],[[62518,47237],[0,0]],[[62518,47238],[0,0]],[[62578,47240],[0,0]],[[62578,47240],[1,0]],[[62567,47242],[0,0]],[[62574,47247],[0,0]],[[62565,47247],[0,0]],[[62631,47247],[1,0]],[[62617,47247],[0,1]],[[62617,47248],[0,-1]],[[62575,47248],[0,0]],[[62573,47249],[0,0]],[[62568,47250],[-1,0]],[[62568,47250],[0,0]],[[62565,47250],[0,0]],[[62570,47250],[-2,0]],[[62568,47250],[0,1]],[[62568,47250],[2,0]],[[62567,47250],[-2,0]],[[62565,47250],[2,0]],[[62572,47251],[-2,-1]],[[62570,47250],[2,1]],[[62563,47251],[0,1]],[[62563,47251],[0,0]],[[62574,47251],[0,1]],[[62574,47252],[1,0]],[[62574,47252],[0,-1]],[[62574,47251],[-2,0]],[[62572,47251],[2,1]],[[62575,47252],[0,-1]],[[62394,47254],[-1,0]],[[62395,47260],[0,-1]],[[62389,47261],[0,0]],[[62389,47261],[1,0]],[[62389,47261],[0,1]],[[62617,47247],[0,1]],[[62560,47262],[0,1]],[[62391,47263],[0,1]],[[62391,47263],[0,0]],[[62393,47263],[0,1]],[[62391,47263],[1,0]],[[62391,47264],[0,-1]],[[62391,47264],[0,0]],[[62559,47264],[1,0]],[[62559,47264],[0,1]],[[62559,47264],[0,0]],[[62559,47265],[0,0]],[[62394,47267],[0,0]],[[62393,47267],[0,1]],[[62392,47267],[0,1]],[[62395,47269],[-1,0]],[[62393,47270],[-1,0]],[[62560,47270],[0,1]],[[62561,47271],[1,0]],[[62391,47271],[-1,0]],[[62391,47271],[0,0]],[[62391,47271],[0,-1]],[[62563,47271],[0,1]],[[62393,47273],[0,0]],[[62391,47273],[-1,0]],[[62561,47275],[0,-1]],[[62392,47276],[0,-1]],[[62392,47276],[0,0]],[[62391,47277],[0,-1]],[[62391,47277],[0,0]],[[62563,47277],[0,0]],[[62393,47277],[-1,0]],[[62393,47277],[0,0]],[[62392,47277],[0,0]],[[62392,47277],[0,1]],[[62392,47278],[0,0]],[[62563,47278],[1,1]],[[62567,47279],[1,0]],[[62567,47279],[0,0]],[[62394,47280],[0,1]],[[62394,47280],[0,0]],[[62389,47280],[-1,0]],[[62391,47277],[-1,0]],[[62391,47277],[-1,0]],[[62565,47283],[0,0]],[[62565,47283],[0,1]],[[62565,47284],[0,-1]],[[62565,47284],[0,0]],[[62560,47287],[0,0]],[[62560,47287],[0,1]],[[62555,47291],[0,0]],[[62554,47292],[-1,0]],[[62554,47292],[0,0]],[[62394,47292],[0,0]],[[62555,47293],[-1,-1]],[[62554,47292],[1,1]],[[62555,47293],[0,0]],[[62552,47295],[0,0]],[[62385,47301],[-1,1]],[[62597,47306],[0,-1]],[[62382,47307],[0,0]],[[62385,47308],[-1,0]],[[62385,47308],[0,0]],[[62384,47308],[0,-1]],[[62382,47309],[0,-1]],[[62384,47308],[0,1]],[[62384,47308],[0,0]],[[62384,47309],[0,0]],[[62596,47309],[-1,0]],[[62382,47309],[-1,0]],[[62595,47310],[0,0]],[[62386,47310],[-1,0]],[[62386,47310],[0,0]],[[62382,47311],[0,-1]],[[62387,47311],[-1,0]],[[62387,47311],[0,0]],[[62382,47311],[0,1]],[[62382,47311],[0,0]],[[62388,47311],[-1,0]],[[62387,47311],[1,0]],[[62396,47313],[-1,0]],[[62396,47313],[0,0]],[[62405,47313],[0,1]],[[62405,47313],[0,0]],[[62595,47310],[0,4]],[[62595,47314],[0,-4]],[[62398,47314],[1,0]],[[62399,47314],[-1,0]],[[62398,47314],[-1,0]],[[62397,47314],[1,0]],[[62595,47314],[0,1]],[[62595,47314],[0,0]],[[62584,47316],[1,-1]],[[62552,47317],[0,1]],[[62552,47317],[0,0]],[[62416,47321],[0,1]],[[62416,47321],[0,0]],[[62409,47328],[0,0]],[[62409,47330],[0,-1]],[[62409,47331],[0,1]],[[62550,47333],[-1,0]],[[62550,47333],[0,0]],[[62550,47333],[0,-1]],[[62550,47333],[1,0]],[[62416,47336],[0,0]],[[62415,47339],[0,0]],[[62549,47339],[-1,1]],[[62548,47340],[1,0]],[[62549,47340],[0,-1]],[[62549,47340],[0,0]],[[62414,47340],[0,0]],[[62548,47340],[0,0]],[[62549,47340],[1,0]],[[62414,47340],[1,0]],[[62550,47340],[1,0]],[[62415,47340],[0,1]],[[62415,47340],[0,0]],[[62552,47341],[0,0]],[[62548,47343],[-1,0]],[[62548,47343],[0,0]],[[62548,47343],[0,-1]],[[62416,47345],[-1,-1]],[[62547,47346],[0,0]],[[62547,47347],[-1,0]],[[62547,47347],[0,0]],[[62546,47347],[0,1]],[[62547,47348],[0,0]],[[62547,47349],[1,0]],[[62546,47349],[0,0]],[[62547,47350],[0,-1]],[[62547,47350],[0,0]],[[62547,47350],[-1,0]],[[62409,47352],[0,0]],[[62407,47352],[1,0]],[[62407,47352],[0,0]],[[62408,47352],[0,1]],[[62407,47352],[1,0]],[[62397,47358],[0,0]],[[62397,47358],[1,1]],[[62398,47359],[-1,-1]],[[62398,47359],[0,1]],[[62398,47359],[0,0]],[[62396,47361],[1,0]],[[62536,47362],[1,0]],[[62395,47362],[0,0]],[[62392,47365],[0,0]],[[62523,47369],[0,0]],[[62521,47369],[0,0]],[[62523,47370],[0,0]],[[62523,47370],[-1,0]],[[62521,47372],[0,1]],[[62408,47373],[-1,1]],[[62514,47374],[1,0]],[[62512,47374],[0,0]],[[62513,47374],[0,0]],[[62514,47374],[0,1]],[[62514,47374],[0,0]],[[62506,47378],[0,0]],[[62508,47378],[-1,0]],[[62500,47379],[0,0]],[[62505,47379],[-1,0]],[[62500,47380],[0,0]],[[62494,47386],[0,1]],[[62494,47386],[0,0]],[[62418,47388],[-1,0]],[[62418,47388],[0,0]],[[62418,47388],[1,1]],[[62415,47390],[0,0]],[[62484,47390],[0,0]],[[62415,47390],[0,-1]],[[62415,47390],[1,0]],[[62415,47390],[1,1]],[[62416,47391],[-1,-1]],[[62462,47392],[1,0]],[[62462,47392],[-1,0]],[[62461,47392],[0,1]],[[62461,47393],[1,0]],[[62462,47393],[0,-1]],[[62461,47393],[0,0]],[[62462,47393],[0,-1]],[[62462,47393],[0,0]],[[62461,47393],[0,1]],[[62461,47394],[1,0]],[[62461,47394],[1,-1]],[[62461,47395],[0,-1]],[[62461,47394],[-1,0]],[[62460,47394],[1,1]],[[62461,47395],[0,1]],[[62461,47395],[0,0]],[[62456,47396],[0,1]],[[62457,47397],[0,-1]],[[62461,47396],[0,1]],[[62461,47396],[0,0]],[[62415,47397],[0,1]],[[62415,47398],[0,-1]],[[62415,47398],[0,0]],[[62416,47399],[0,-1]],[[62416,47398],[-1,0]],[[62415,47398],[1,1]],[[62416,47399],[-1,0]],[[62414,47399],[0,0]],[[62418,47399],[1,0]],[[62413,47399],[-1,0]],[[62424,47399],[0,1]],[[62424,47399],[0,0]],[[62419,47400],[0,0]],[[62455,47399],[0,1]],[[62455,47399],[0,0]],[[62421,47400],[0,0]],[[62421,47400],[1,0]],[[62418,47399],[0,-3]],[[62418,47396],[-2,-5]],[[62416,47391],[0,1]],[[62416,47391],[0,7]],[[62416,47398],[0,1]],[[62416,47399],[2,0]],[[62454,47400],[0,0]],[[62454,47400],[0,1]],[[62454,47401],[0,0]],[[62421,47400],[-1,0]],[[62420,47400],[1,0]],[[62454,47401],[0,1]],[[62448,47402],[0,1]],[[62453,47402],[-1,0]],[[62452,47402],[1,1]],[[62453,47403],[0,-1]],[[62455,47403],[1,0]],[[62455,47403],[0,-1]],[[62455,47403],[-1,0]],[[62457,47403],[0,1]],[[62451,47403],[0,1]],[[62452,47403],[0,1]],[[62458,47404],[0,0]],[[62453,47403],[0,1]],[[62456,47404],[-1,0]],[[62456,47404],[0,1]],[[62456,47404],[0,0]],[[62427,47404],[0,1]],[[62427,47404],[0,0]],[[62455,47405],[-1,0]],[[62446,47406],[0,0]],[[62427,47405],[0,1]],[[62427,47406],[1,0]],[[62428,47406],[-1,-1]],[[62433,47406],[-1,0]],[[62432,47406],[0,1]],[[62432,47407],[1,-1]],[[62427,47406],[0,1]],[[62426,47407],[0,-1]],[[62426,47407],[0,-1]],[[62432,47406],[0,0]],[[62426,47407],[0,0]],[[62439,47407],[-1,0]],[[62439,47407],[0,0]],[[62446,47407],[1,0]],[[62443,47407],[1,0]],[[62443,47407],[5,-5]],[[62448,47402],[4,0]],[[62453,47402],[1,-2]],[[62454,47400],[1,0]],[[62454,47400],[0,-1]],[[62454,47400],[1,-1]],[[62455,47399],[5,-5]],[[62460,47394],[1,-2]],[[62461,47392],[33,-6]],[[62494,47386],[6,-6]],[[62500,47380],[0,-1]],[[62500,47379],[12,-5]],[[62512,47374],[1,0]],[[62513,47374],[1,0]],[[62514,47374],[7,-5]],[[62521,47369],[15,-7]],[[62536,47362],[10,-13]],[[62546,47349],[0,-1]],[[62546,47347],[1,-1]],[[62547,47346],[0,-3]],[[62547,47343],[1,-3]],[[62548,47340],[1,-7]],[[62549,47333],[3,-16]],[[62552,47317],[0,-22]],[[62552,47295],[1,-3]],[[62554,47292],[6,-4]],[[62560,47287],[0,-1]],[[62560,47288],[4,-9]],[[62564,47279],[-1,-1]],[[62563,47278],[0,-1]],[[62563,47277],[-2,-2]],[[62561,47275],[2,-24]],[[62563,47251],[-45,-13]],[[62518,47238],[-2,-1]],[[62516,47237],[-22,-43]],[[62494,47194],[-3,-6]],[[62491,47188],[-1,0]],[[62491,47188],[-1,-2]],[[62490,47185],[-4,-5]],[[62486,47180],[-5,-8]],[[62481,47172],[-10,2]],[[62471,47174],[-4,6]],[[62467,47180],[-1,1]],[[62466,47181],[-2,7]],[[62464,47188],[-1,1]],[[62462,47189],[-2,0]],[[62460,47189],[-6,-5]],[[62454,47184],[0,-20]],[[62454,47164],[-4,-16]],[[62450,47148],[-1,0]],[[62450,47148],[-7,3]],[[62443,47151],[-9,-4]],[[62434,47147],[0,-1]],[[62434,47146],[-2,-3]],[[62432,47143],[0,-1]],[[62432,47142],[-15,-1]],[[62417,47142],[-1,0]],[[62417,47142],[-1,0]],[[62416,47142],[-1,0]],[[62416,47142],[0,-1]],[[62416,47142],[-2,-4]],[[62414,47138],[-2,5]],[[62412,47143],[-1,0]],[[62411,47143],[-9,-3]],[[62402,47140],[-1,0]],[[62401,47140],[-2,-4]],[[62399,47136],[-3,0]],[[62396,47136],[0,1]],[[62396,47136],[-1,0]],[[62395,47136],[0,1]],[[62395,47135],[-11,4]],[[62384,47140],[-1,4]],[[62383,47144],[0,-1]],[[62382,47144],[-1,0]],[[62382,47143],[-2,0]],[[62380,47143],[-1,0]],[[62379,47143],[-5,-1]],[[62374,47142],[-1,3]],[[62373,47145],[-1,2]],[[62372,47147],[1,2]],[[62373,47149],[1,0]],[[62373,47150],[-1,1]],[[62372,47151],[-2,4]],[[62370,47155],[0,1]],[[62370,47155],[-1,0]],[[62369,47155],[-1,0]],[[62368,47155],[-3,-3]],[[62365,47152],[0,-1]],[[62365,47152],[-13,7]],[[62352,47159],[3,-1]],[[62355,47158],[-3,2]],[[62352,47160],[-1,4]],[[62352,47165],[1,2]],[[62353,47167],[0,8]],[[62352,47175],[0,-1]],[[62352,47175],[0,4]],[[62352,47179],[1,0]],[[62352,47179],[1,1]],[[62353,47180],[1,1]],[[62353,47182],[1,0]],[[62354,47182],[2,4]],[[62356,47186],[2,2]],[[62358,47188],[0,1]],[[62358,47189],[-1,4]],[[62357,47194],[1,3]],[[62358,47197],[17,11]],[[62375,47208],[3,-1]],[[62378,47207],[1,0]],[[62379,47207],[2,1]],[[62382,47208],[1,0]],[[62384,47208],[1,1]],[[62385,47209],[2,1]],[[62387,47210],[2,0]],[[62389,47210],[2,0]],[[62391,47210],[4,50]],[[62395,47260],[-1,7]],[[62394,47267],[1,2]],[[62395,47269],[-3,6]],[[62392,47276],[0,1]],[[62393,47277],[-1,1]],[[62392,47278],[2,2]],[[62394,47280],[0,12]],[[62394,47292],[-9,9]],[[62385,47301],[1,0]],[[62385,47301],[-1,1]],[[62384,47302],[1,6]],[[62385,47308],[-1,1]],[[62384,47309],[1,1]],[[62385,47310],[-1,0]],[[62386,47310],[0,1]],[[62386,47311],[0,-1]],[[62386,47310],[1,1]],[[62387,47311],[0,-1]],[[62388,47311],[0,-1]],[[62388,47311],[1,0]],[[62388,47311],[8,2]],[[62396,47313],[1,1]],[[62397,47314],[1,0]],[[62399,47314],[6,-1]],[[62405,47313],[11,8]],[[62416,47322],[-1,17]],[[62415,47339],[0,1]],[[62415,47341],[1,4]],[[62416,47345],[-7,7]],[[62409,47352],[9,36]],[[62418,47388],[1,1]],[[62419,47389],[-1,7]],[[62418,47396],[2,4]],[[62422,47400],[2,-1]],[[62424,47400],[3,4]],[[62428,47406],[4,0]],[[62432,47406],[-1,0]],[[62433,47406],[3,1]],[[62436,47407],[1,0]],[[62437,47407],[1,0]],[[62439,47407],[4,0]],[[62436,47407],[0,0]],[[62434,47408],[0,0]],[[62437,47408],[-1,0]],[[62437,47408],[0,0]],[[62437,47407],[0,1]],[[62437,47408],[1,-1]],[[62425,47409],[0,-1]],[[62429,47408],[-1,0]],[[62427,47408],[-1,1]],[[62433,47408],[-1,0]],[[62446,47410],[-1,0]],[[62421,47410],[0,0]],[[62420,47410],[0,0]],[[62420,47411],[0,-1]],[[62420,47411],[0,0]],[[62442,47410],[-1,0]],[[62421,47410],[0,1]],[[62442,47410],[1,0]],[[62445,47411],[0,0]],[[62435,47411],[0,-1]],[[62435,47411],[0,0]],[[62442,47412],[1,0]],[[62443,47412],[-1,0]],[[62441,47412],[0,0]],[[62432,47412],[1,0]],[[62447,47412],[0,1]],[[62442,47412],[0,1]],[[62442,47413],[-1,0]],[[62442,47413],[1,-1]],[[62442,47413],[0,0]],[[62424,47413],[0,1]],[[62450,47413],[-1,0]],[[62441,47417],[0,0]],[[62441,47417],[-1,-1]],[[62666,47739],[0,1]],[[62666,47740],[0,-1]],[[62701,47740],[0,-1]],[[62704,47740],[0,1]],[[62701,47741],[0,-1]],[[62701,47740],[0,1]],[[62709,47742],[1,0]],[[62694,47742],[0,0]],[[62695,47743],[0,-1]],[[62662,47743],[-1,0]],[[62666,47740],[-1,0]],[[62694,47743],[0,1]],[[62704,47743],[-3,-2]],[[62701,47741],[1,3]],[[62702,47744],[1,0]],[[62703,47744],[1,-1]],[[62719,47744],[0,0]],[[62720,47744],[0,0]],[[62702,47744],[1,0]],[[62639,47745],[1,0]],[[62725,47745],[-1,1]],[[62724,47746],[1,0]],[[62725,47746],[0,-1]],[[62723,47745],[0,1]],[[62723,47745],[0,0]],[[62719,47746],[0,-1]],[[62723,47746],[0,0]],[[62695,47743],[1,3]],[[62696,47746],[-1,-3]],[[62725,47745],[1,0]],[[62725,47746],[1,0]],[[62726,47746],[-1,-1]],[[62733,47746],[1,0]],[[62718,47746],[0,0]],[[62642,47746],[-1,0]],[[62725,47746],[0,1]],[[62725,47746],[0,0]],[[62733,47746],[0,1]],[[62733,47746],[0,0]],[[62724,47746],[0,1]],[[62724,47746],[0,0]],[[62726,47746],[0,1]],[[62726,47746],[0,0]],[[62696,47746],[0,1]],[[62696,47746],[0,0]],[[62726,47747],[-1,0]],[[62726,47747],[0,0]],[[62719,47746],[-1,1]],[[62718,47747],[1,0]],[[62719,47747],[0,-1]],[[62719,47747],[0,0]],[[62723,47745],[-3,-1]],[[62720,47744],[3,2]],[[62733,47747],[-1,0]],[[62733,47747],[0,0]],[[62732,47747],[0,1]],[[62732,47747],[0,0]],[[62718,47747],[0,-1]],[[62718,47747],[0,1]],[[62691,47747],[0,1]],[[62691,47748],[0,-1]],[[62691,47748],[-1,0]],[[62732,47748],[-1,1]],[[62731,47749],[1,-1]],[[62716,47749],[0,-1]],[[62716,47749],[0,0]],[[62642,47749],[1,0]],[[62728,47748],[1,0]],[[62728,47748],[0,1]],[[62728,47749],[0,-1]],[[62731,47749],[0,0]],[[62735,47749],[0,0]],[[62715,47750],[0,-1]],[[62715,47749],[-1,0]],[[62714,47749],[0,1]],[[62714,47750],[1,0]],[[62694,47750],[1,-1]],[[62694,47750],[1,0]],[[62723,47750],[0,0]],[[62696,47747],[0,1]],[[62695,47750],[0,0]],[[62642,47750],[1,0]],[[62734,47751],[0,-1]],[[62642,47750],[-1,0]],[[62732,47751],[0,0]],[[62734,47751],[-1,0]],[[62734,47751],[1,0]],[[62644,47751],[0,-1]],[[62730,47751],[1,0]],[[62694,47751],[0,0]],[[62735,47751],[0,0]],[[62733,47751],[0,0]],[[62734,47751],[0,1]],[[62734,47751],[0,0]],[[62727,47753],[0,0]],[[62727,47753],[1,0]],[[62736,47753],[0,0]],[[62733,47754],[0,-1]],[[62728,47754],[0,-1]],[[62728,47754],[0,0]],[[62733,47754],[0,0]],[[62735,47754],[0,-1]],[[62686,47755],[-1,0]],[[62733,47756],[0,0]],[[62733,47756],[0,-1]],[[62735,47756],[0,0]],[[62729,47756],[0,0]],[[62728,47756],[1,0]],[[62728,47756],[0,0]],[[62735,47754],[0,2]],[[62735,47756],[0,-2]],[[62728,47756],[0,1]],[[62729,47757],[0,0]],[[62733,47756],[0,1]],[[62668,47757],[0,0]],[[62753,47757],[0,-1]],[[62669,47757],[0,0]],[[62669,47758],[0,-1]],[[62669,47757],[0,1]],[[62728,47758],[0,0]],[[62729,47758],[0,0]],[[62731,47758],[-1,0]],[[62730,47758],[1,0]],[[62731,47758],[1,0]],[[62731,47758],[0,0]],[[62730,47758],[1,0]],[[62670,47759],[1,0]],[[62670,47759],[0,0]],[[62686,47761],[0,0]],[[62687,47761],[0,1]],[[62687,47762],[1,-1]],[[62688,47761],[-1,0]],[[62746,47763],[0,0]],[[62746,47763],[1,0]],[[62755,47763],[1,0]],[[62741,47763],[0,0]],[[62751,47763],[0,0]],[[62740,47763],[0,1]],[[62740,47763],[0,0]],[[62741,47763],[0,1]],[[62746,47763],[-1,0]],[[62672,47764],[0,0]],[[62684,47764],[-1,0]],[[62670,47764],[-1,0]],[[62670,47764],[0,0]],[[62741,47764],[1,0]],[[62741,47764],[0,0]],[[62740,47764],[1,0]],[[62740,47764],[0,0]],[[62688,47764],[-1,0]],[[62688,47764],[0,0]],[[62684,47764],[0,0]],[[62740,47764],[1,0]],[[62759,47765],[0,0]],[[62758,47764],[0,1]],[[62758,47765],[1,0]],[[62759,47765],[-1,-1]],[[62736,47764],[0,-1]],[[62736,47764],[0,1]],[[62736,47764],[1,0]],[[62759,47765],[1,0]],[[62756,47765],[0,-1]],[[62756,47765],[0,0]],[[62759,47766],[1,0]],[[62687,47766],[0,-1]],[[62757,47766],[0,-1]],[[62757,47765],[-1,0]],[[62756,47765],[0,1]],[[62756,47765],[1,1]],[[62680,47766],[0,0]],[[62678,47766],[0,0]],[[62755,47766],[0,-1]],[[62684,47767],[0,0]],[[62743,47767],[-1,0]],[[62683,47767],[0,0]],[[62756,47764],[1,1]],[[62757,47766],[1,-1]],[[62758,47764],[-2,0]],[[62686,47768],[0,-1]],[[62686,47768],[-1,0]],[[62685,47768],[0,-1]],[[62756,47769],[0,-1]],[[62750,47769],[0,1]],[[62750,47770],[0,-1]],[[62676,47770],[-1,0]],[[62676,47770],[0,0]],[[62756,47769],[-1,0]],[[62750,47770],[0,0]],[[62740,47770],[1,0]],[[62742,47771],[0,0]],[[62753,47772],[1,0]],[[62742,47772],[-1,0]],[[62753,47772],[0,0]],[[62755,47773],[0,0]],[[62757,47774],[-1,0]],[[62750,47769],[0,1]],[[62745,47776],[1,0]],[[62756,47776],[0,-1]],[[62750,47776],[1,0]],[[62749,47776],[0,0]],[[62750,47776],[0,1]],[[62750,47776],[0,0]],[[62754,47777],[-1,0]],[[62754,47777],[1,-1]],[[62756,47776],[0,1]],[[62756,47777],[-1,0]],[[62753,47777],[-1,0]],[[62957,47779],[1,0]],[[62958,47779],[-1,0]],[[62759,47779],[-1,0]],[[62958,47779],[0,0]],[[62957,47779],[0,1]],[[62758,47780],[0,0]],[[62758,47780],[-1,0]],[[62756,47781],[0,-1]],[[62756,47781],[-1,0]],[[62652,47781],[0,1]],[[62652,47781],[0,0]],[[62970,47782],[-1,0]],[[62970,47782],[0,1]],[[62652,47783],[0,0]],[[62655,47784],[0,0]],[[62760,47785],[1,0]],[[62761,47785],[-1,0]],[[62760,47785],[1,0]],[[62760,47785],[0,0]],[[62762,47785],[-1,0]],[[62761,47785],[0,1]],[[62761,47786],[1,0]],[[62762,47786],[0,-1]],[[62762,47786],[0,-1]],[[62658,47785],[0,1]],[[62658,47785],[0,0]],[[62761,47786],[0,0]],[[62763,47787],[-1,0]],[[62664,47789],[0,1]],[[62664,47789],[0,0]],[[62679,47793],[0,0]],[[62677,47793],[0,0]],[[62679,47793],[1,1]],[[62680,47794],[0,0]],[[62676,47795],[-1,1]],[[62675,47796],[1,-1]],[[62681,47795],[0,1]],[[62681,47795],[0,0]],[[62675,47796],[-1,0]],[[62675,47796],[0,0]],[[62681,47796],[0,0]],[[62954,47796],[-1,1]],[[62953,47797],[1,-1]],[[62681,47797],[0,0]],[[62953,47797],[1,-1]],[[62680,47797],[0,0]],[[62763,47797],[-1,0]],[[62763,47797],[0,0]],[[62956,47797],[1,0]],[[62956,47797],[0,0]],[[62956,47797],[-1,0]],[[62679,47798],[0,0]],[[62681,47798],[-1,-1]],[[62680,47797],[0,1]],[[62680,47798],[1,0]],[[62680,47798],[0,0]],[[62765,47799],[0,0]],[[62766,47800],[0,-1]],[[62669,47800],[-1,0]],[[62669,47800],[0,0]],[[62669,47800],[0,1]],[[62669,47801],[-1,0]],[[62669,47801],[0,0]],[[62766,47801],[0,0]],[[62766,47800],[0,1]],[[62766,47801],[0,-1]],[[62763,47801],[1,0]],[[62764,47801],[-1,-1]],[[62763,47800],[0,1]],[[62763,47801],[0,1]],[[62678,47803],[0,-1]],[[62679,47802],[0,1]],[[62679,47802],[0,0]],[[62678,47803],[0,0]],[[62680,47803],[-1,0]],[[62680,47803],[0,0]],[[62684,47803],[1,0]],[[62684,47803],[0,0]],[[62668,47803],[0,0]],[[62764,47803],[0,1]],[[62764,47804],[0,-1]],[[62678,47803],[0,1]],[[62667,47803],[0,1]],[[62667,47804],[1,0]],[[62668,47804],[-1,-1]],[[62684,47803],[0,1]],[[62684,47804],[1,0]],[[62685,47804],[0,-1]],[[62661,47804],[0,0]],[[62684,47804],[0,0]],[[62661,47804],[0,-1]],[[62661,47803],[0,1]],[[62684,47803],[-1,0]],[[62684,47804],[-1,0]],[[62666,47805],[0,-1]],[[62670,47799],[-1,1]],[[62669,47801],[-1,2]],[[62668,47803],[0,1]],[[62668,47804],[2,-5]],[[62684,47805],[0,0]],[[62679,47805],[-1,0]],[[62679,47805],[0,0]],[[62764,47804],[-1,0]],[[62763,47804],[1,1]],[[62764,47805],[0,-1]],[[62663,47805],[-1,0]],[[62663,47805],[0,0]],[[62765,47805],[0,0]],[[62680,47806],[0,-1]],[[62680,47805],[1,0]],[[62662,47805],[1,0]],[[62761,47806],[0,0]],[[62765,47805],[-1,0]],[[62764,47805],[1,0]],[[62763,47806],[-1,0]],[[62762,47807],[-1,0]],[[62762,47807],[0,0]],[[62680,47806],[-1,0]],[[62679,47806],[1,0]],[[62762,47808],[0,1]],[[62762,47808],[0,0]],[[62764,47809],[-1,-2]],[[62763,47807],[1,2]],[[62689,47810],[0,0]],[[62760,47810],[0,-1]],[[62760,47809],[-1,0]],[[62760,47810],[-1,0]],[[62688,47810],[-1,0]],[[62687,47810],[0,1]],[[62687,47811],[1,-1]],[[62764,47809],[-4,1]],[[62760,47810],[4,-1]],[[62691,47812],[0,-1]],[[62692,47812],[0,0]],[[62684,47812],[-1,0]],[[62688,47812],[0,0]],[[62758,47812],[1,0]],[[62684,47813],[-1,0]],[[62687,47813],[0,1]],[[62687,47813],[0,0]],[[62692,47813],[-1,1]],[[62683,47814],[0,0]],[[62687,47813],[0,-2]],[[62687,47811],[0,2]],[[62683,47814],[-1,0]],[[62683,47815],[0,-1]],[[62683,47815],[0,0]],[[62691,47815],[0,-1]],[[62691,47814],[0,1]],[[62684,47814],[0,1]],[[62684,47814],[0,0]],[[62691,47815],[1,0]],[[62691,47815],[0,0]],[[62684,47815],[-1,0]],[[62683,47815],[0,1]],[[62682,47814],[-1,0]],[[62691,47815],[0,1]],[[62688,47815],[0,1]],[[62692,47816],[0,0]],[[62691,47816],[-1,0]],[[62691,47816],[-1,0]],[[62691,47817],[0,1]],[[62691,47817],[0,0]],[[62741,47818],[1,0]],[[62689,47819],[-1,0]],[[62689,47819],[0,0]],[[62732,47821],[0,1]],[[62732,47821],[0,0]],[[62728,47823],[-1,0]],[[62728,47823],[0,0]],[[62684,47824],[-1,0]],[[62724,47825],[0,-1]],[[62724,47824],[-1,0]],[[62723,47824],[1,1]],[[62683,47825],[0,0]],[[62684,47825],[0,0]],[[62882,47825],[0,1]],[[62684,47827],[-1,0]],[[62689,47827],[0,1]],[[62689,47827],[0,0]],[[62682,47827],[-1,0]],[[62689,47827],[0,1]],[[62689,47828],[-1,0]],[[62688,47828],[0,-1]],[[62689,47828],[0,1]],[[62689,47829],[-1,0]],[[62887,47830],[-1,0]],[[62882,47830],[0,0]],[[62882,47830],[1,0]],[[62883,47831],[0,0]],[[62686,47831],[0,1]],[[62686,47831],[0,0]],[[62716,47831],[-1,0]],[[62715,47831],[1,1]],[[62716,47832],[0,-1]],[[62886,47832],[0,-1]],[[62715,47831],[0,1]],[[62715,47831],[0,0]],[[62686,47832],[0,0]],[[62714,47833],[1,0]],[[62716,47833],[1,0]],[[62881,47833],[0,0]],[[62691,47833],[0,1]],[[62691,47833],[1,0]],[[62692,47833],[0,1]],[[62692,47833],[0,0]],[[62688,47833],[-1,0]],[[62687,47833],[1,1]],[[62688,47834],[0,-1]],[[62716,47833],[0,1]],[[62716,47833],[0,0]],[[62715,47834],[0,0]],[[62875,47835],[0,0]],[[62689,47835],[1,0]],[[62690,47835],[1,-1]],[[62691,47833],[-1,0]],[[62690,47833],[-1,0]],[[62689,47833],[-1,0]],[[62688,47834],[1,1]],[[62716,47834],[0,1]],[[62716,47834],[0,0]],[[62878,47836],[-1,0]],[[62693,47837],[0,0]],[[62714,47837],[-1,0]],[[62689,47835],[1,0]],[[62712,47838],[0,0]],[[62712,47838],[-1,1]],[[62711,47839],[1,-1]],[[62711,47840],[1,0]],[[62712,47838],[2,-5]],[[62714,47833],[0,-1]],[[62714,47833],[1,-2]],[[62715,47831],[0,-1]],[[62716,47831],[0,-1]],[[62716,47831],[7,-7]],[[62724,47824],[0,-1]],[[62724,47824],[0,1]],[[62724,47825],[3,-2]],[[62727,47823],[-1,0]],[[62728,47823],[4,-1]],[[62732,47821],[9,-3]],[[62741,47818],[17,-6]],[[62758,47812],[1,-2]],[[62759,47810],[0,-1]],[[62760,47809],[2,0]],[[62762,47808],[1,-1]],[[62763,47807],[-1,0]],[[62761,47807],[0,-1]],[[62761,47806],[2,-2]],[[62763,47804],[1,-1]],[[62764,47803],[0,-2]],[[62764,47801],[-1,1]],[[62763,47802],[0,-1]],[[62763,47800],[-1,0]],[[62763,47800],[0,-3]],[[62762,47797],[-6,-16]],[[62756,47781],[0,-4]],[[62756,47777],[0,1]],[[62755,47777],[-1,0]],[[62753,47777],[-8,-1]],[[62745,47776],[-9,-11]],[[62736,47765],[0,1]],[[62736,47764],[0,-1]],[[62736,47763],[-1,0]],[[62736,47763],[4,0]],[[62740,47763],[1,0]],[[62741,47763],[-12,-5]],[[62729,47758],[-1,0]],[[62728,47758],[0,-1]],[[62728,47756],[0,-2]],[[62728,47754],[-1,-1]],[[62727,47753],[1,-4]],[[62728,47748],[-2,-1]],[[62725,47747],[1,1]],[[62724,47747],[-1,3]],[[62723,47750],[-4,-3]],[[62719,47747],[-1,1]],[[62718,47748],[-2,1]],[[62716,47749],[0,-1]],[[62716,47748],[-1,1]],[[62715,47750],[-1,0]],[[62714,47749],[-10,-6]],[[62704,47743],[-10,8]],[[62694,47751],[0,-1]],[[62694,47750],[-8,11]],[[62686,47761],[1,0]],[[62687,47761],[0,-1]],[[62688,47761],[-1,1]],[[62687,47762],[1,2]],[[62688,47764],[-2,4]],[[62686,47768],[-1,0]],[[62685,47768],[-9,2]],[[62676,47770],[0,1]],[[62676,47770],[-4,-6]],[[62672,47764],[-2,0]],[[62669,47764],[1,-5]],[[62670,47759],[-1,-1]],[[62669,47757],[-1,0]],[[62668,47757],[-16,24]],[[62652,47781],[6,4]],[[62658,47785],[0,1]],[[62658,47785],[6,4]],[[62664,47789],[-3,14]],[[62661,47804],[1,1]],[[62663,47805],[4,-2]],[[62667,47803],[1,0]],[[62668,47803],[0,-2]],[[62668,47801],[0,-1]],[[62669,47800],[1,-1]],[[62670,47799],[4,-3]],[[62676,47795],[1,-2]],[[62677,47793],[2,0]],[[62679,47793],[1,1]],[[62680,47794],[1,1]],[[62681,47796],[0,1]],[[62681,47797],[0,1]],[[62680,47798],[-1,4]],[[62679,47802],[0,-1]],[[62679,47802],[1,1]],[[62680,47803],[0,1]],[[62680,47803],[-1,2]],[[62679,47805],[0,1]],[[62679,47805],[1,0]],[[62680,47805],[5,-2]],[[62685,47804],[2,6]],[[62688,47810],[4,2]],[[62692,47812],[0,1]],[[62692,47813],[0,3]],[[62692,47816],[-1,1]],[[62691,47818],[-2,1]],[[62689,47819],[1,0]],[[62689,47819],[0,1]],[[62689,47819],[0,8]],[[62689,47829],[1,0]],[[62689,47829],[-1,0]],[[62688,47829],[0,-1]],[[62688,47828],[-2,3]],[[62686,47831],[0,1]],[[62686,47832],[1,0]],[[62686,47832],[1,1]],[[62687,47833],[1,0]],[[62689,47833],[0,-1]],[[62689,47833],[1,0]],[[62691,47833],[17,7]],[[62708,47840],[3,-1]],[[62699,47840],[-1,1]],[[62701,47841],[0,0]],[[62703,47842],[0,-1]],[[62703,47842],[0,0]],[[62701,47842],[0,0]],[[62704,47842],[-1,0]],[[62704,47842],[0,0]],[[62702,47842],[-1,0]],[[62702,47842],[0,0]],[[62703,47842],[0,1]],[[62703,47843],[-1,-1]],[[62702,47842],[0,1]],[[62702,47843],[1,0]],[[62698,47845],[0,0]],[[62708,47840],[-7,1]],[[62701,47841],[2,0]],[[62703,47841],[1,1]],[[62704,47842],[-1,1]],[[62702,47843],[-4,2]],[[62698,47845],[10,-5]],[[62855,47863],[-1,0]],[[62855,47863],[0,0]],[[62852,47867],[0,0]],[[62852,47868],[0,0]],[[62832,47897],[-1,0]],[[62832,47897],[0,0]],[[62831,47898],[0,0]],[[62831,47898],[-1,0]],[[62831,47899],[0,1]],[[62831,47899],[0,0]],[[62831,47900],[0,0]],[[62831,47901],[0,0]],[[62829,47901],[1,0]],[[62831,47902],[0,0]],[[62831,47903],[0,0]],[[62831,47904],[0,0]],[[62834,47914],[-1,0]],[[62834,47914],[0,0]],[[62833,47914],[0,0]],[[62833,47915],[1,0]],[[62833,47915],[0,0]],[[62833,47915],[0,1]],[[62833,47916],[1,0]],[[62834,47916],[0,-1]],[[62834,47916],[0,0]],[[62833,47916],[0,0]],[[62834,47917],[0,0]],[[62834,47918],[0,0]],[[62834,47919],[0,0]],[[62834,47918],[0,1]],[[62834,47919],[1,1]],[[62835,47920],[-1,-1]],[[62827,47955],[-1,0]],[[62826,47957],[1,0]],[[62826,47957],[-1,0]],[[62826,47957],[0,0]],[[62820,47962],[-1,0]],[[62820,47967],[1,0]],[[62821,47967],[-1,0]],[[62820,47967],[0,1]],[[62820,47968],[1,0]],[[62821,47968],[0,-1]],[[62822,47968],[-1,0]],[[62822,47968],[0,0]],[[62820,47968],[0,1]],[[62820,47968],[0,0]],[[62823,47968],[-1,0]],[[62822,47968],[1,0]],[[62821,47969],[0,0]],[[62819,47969],[0,0]],[[62820,47969],[0,1]],[[62820,47969],[0,0]],[[62773,47969],[1,0]],[[62814,47970],[0,0]],[[62814,47970],[0,1]],[[62775,47971],[0,-1]],[[62821,47971],[-1,0]],[[62775,47971],[-1,0]],[[62814,47971],[-1,0]],[[62814,47971],[0,0]],[[62825,47971],[0,0]],[[62814,47971],[0,1]],[[62817,47971],[0,1]],[[62817,47971],[0,0]],[[62817,47972],[0,0]],[[62817,47972],[0,1]],[[62816,47972],[0,1]],[[62773,47973],[-2,0]],[[62771,47973],[1,0]],[[62772,47973],[1,0]],[[62775,47973],[0,0]],[[62814,47973],[1,0]],[[62814,47973],[0,0]],[[62772,47973],[-1,0]],[[62770,47972],[-1,0]],[[62822,47974],[0,0]],[[62814,47973],[0,1]],[[62816,47974],[0,0]],[[62775,47974],[0,0]],[[62775,47974],[-1,0]],[[62776,47974],[0,0]],[[62774,47974],[0,1]],[[62774,47974],[0,0]],[[62817,47975],[0,0]],[[62826,47975],[0,0]],[[62773,47975],[0,0]],[[62774,47975],[-1,0]],[[62774,47975],[0,0]],[[62769,47975],[1,0]],[[62769,47975],[0,0]],[[62815,47975],[0,0]],[[62769,47975],[-1,0]],[[62815,47975],[1,0]],[[62816,47976],[0,0]],[[62770,47975],[0,1]],[[62770,47975],[0,0]],[[62773,47975],[-4,0]],[[62770,47975],[1,1]],[[62771,47976],[2,-1]],[[62770,47976],[0,0]],[[62817,47977],[1,0]],[[62818,47977],[-1,0]],[[62817,47977],[0,0]],[[62773,47977],[0,0]],[[62816,47977],[0,0]],[[62818,47977],[0,0]],[[62771,47976],[-1,0]],[[62770,47976],[1,0]],[[62766,47978],[1,0]],[[62773,47977],[-1,1]],[[62766,47978],[0,0]],[[62771,47978],[0,0]],[[62769,47978],[-1,0]],[[62819,47978],[-1,0]],[[62770,47978],[0,0]],[[62772,47978],[-1,0]],[[62772,47978],[0,0]],[[62763,47978],[-1,0]],[[62770,47979],[0,0]],[[62820,47979],[0,0]],[[62766,47979],[0,0]],[[62825,47979],[-1,0]],[[62825,47980],[0,-1]],[[62825,47980],[0,0]],[[62766,47979],[0,1]],[[62766,47980],[0,-1]],[[62765,47980],[-1,0]],[[62770,47979],[-1,-1]],[[62769,47978],[-1,2]],[[62768,47980],[2,-1]],[[62763,47981],[0,-1]],[[62773,47980],[0,1]],[[62765,47980],[0,1]],[[62765,47980],[0,0]],[[62826,47980],[-1,0]],[[62825,47980],[0,1]],[[62825,47981],[1,0]],[[62826,47981],[0,-1]],[[62763,47981],[0,0]],[[62768,47981],[0,-1]],[[62768,47981],[0,0]],[[62770,47981],[-1,0]],[[62770,47981],[0,0]],[[62762,47981],[-1,0]],[[62825,47981],[0,1]],[[62825,47981],[0,0]],[[62773,47982],[0,0]],[[62762,47982],[-1,0]],[[62762,47982],[0,0]],[[62761,47982],[0,1]],[[62761,47982],[0,0]],[[62773,47983],[-1,0]],[[62760,47983],[0,0]],[[62760,47984],[0,0]],[[62758,47983],[-1,0]],[[62762,47984],[0,0]],[[62762,47984],[0,1]],[[62820,47984],[0,1]],[[62771,47984],[1,0]],[[62821,47985],[0,0]],[[62762,47985],[-1,0]],[[62762,47985],[0,0]],[[62763,47986],[0,0]],[[62762,47987],[0,-1]],[[62762,47986],[0,1]],[[62819,47986],[0,1]],[[62762,47987],[0,0]],[[62763,47988],[0,-1]],[[62771,47987],[0,1]],[[62771,47987],[0,0]],[[62763,47988],[0,0]],[[62819,47988],[0,0]],[[62764,47988],[0,1]],[[62764,47988],[0,0]],[[62770,47989],[0,1]],[[62770,47989],[0,0]],[[62771,47990],[0,0]],[[62765,47990],[0,0]],[[62770,47990],[0,0]],[[62760,47991],[-1,1]],[[62771,47992],[0,0]],[[62765,47991],[-1,0]],[[62765,47993],[0,-1]],[[62765,47993],[0,0]],[[62771,47993],[0,0]],[[62771,47994],[1,0]],[[62767,47994],[0,0]],[[62768,47994],[-1,0]],[[62768,47994],[0,0]],[[62771,47994],[0,1]],[[62771,47994],[0,0]],[[62768,47995],[-1,0]],[[62768,47995],[0,0]],[[62767,47995],[0,0]],[[62777,47995],[0,0]],[[62765,47996],[0,-1]],[[62768,47998],[-1,0]],[[62768,47998],[0,0]],[[62771,47998],[0,0]],[[62773,47999],[0,-1]],[[62768,47999],[-1,0]],[[62768,47999],[0,0]],[[62773,48000],[0,0]],[[62760,48000],[0,0]],[[62773,48000],[0,1]],[[62774,48002],[0,-1]],[[62774,48002],[-1,0]],[[62762,48002],[0,0]],[[62762,48002],[-1,0]],[[62774,48002],[0,1]],[[62774,48002],[0,0]],[[62774,48003],[0,0]],[[62774,48004],[0,0]],[[62757,48005],[0,-1]],[[62757,48005],[1,-1]],[[62758,48004],[-2,0]],[[62756,48004],[1,1]],[[62758,48004],[0,1]],[[62758,48004],[0,0]],[[62756,48004],[0,1]],[[62756,48004],[0,0]],[[62755,48005],[0,-1]],[[62774,48006],[0,-1]],[[62773,48006],[0,0]],[[62774,48006],[-1,0]],[[62774,48006],[0,0]],[[62750,48006],[0,-1]],[[62758,48005],[-1,0]],[[62757,48005],[1,0]],[[62755,48006],[-1,1]],[[62754,48007],[1,0]],[[62755,48007],[0,-1]],[[62773,48007],[0,0]],[[62755,48007],[0,-1]],[[62753,48008],[1,-1]],[[62754,48007],[-1,1]],[[62755,48008],[0,-1]],[[62754,48007],[0,1]],[[62754,48008],[1,0]],[[62753,48008],[1,0]],[[62753,48008],[0,0]],[[62758,48008],[-1,0]],[[62758,48008],[0,0]],[[62754,48008],[0,0]],[[62751,48008],[1,0]],[[62753,48008],[0,1]],[[62755,48009],[0,-1]],[[62755,48009],[0,0]],[[62757,48008],[-1,1]],[[62756,48009],[1,0]],[[62757,48009],[0,-1]],[[62775,48009],[0,-1]],[[62771,48009],[0,0]],[[62753,48009],[0,0]],[[62772,48009],[0,0]],[[62776,48009],[0,0]],[[62756,48009],[0,0]],[[62756,48009],[-1,0]],[[62753,48009],[-1,0]],[[62774,48009],[1,0]],[[62774,48009],[0,0]],[[62770,48009],[0,0]],[[62755,48009],[0,1]],[[62753,48009],[0,1]],[[62753,48010],[1,0]],[[62754,48010],[-1,-1]],[[62752,48009],[0,1]],[[62752,48009],[0,0]],[[62770,48010],[1,-1]],[[62771,48009],[-1,1]],[[62769,48009],[0,1]],[[62770,48010],[0,0]],[[62753,48010],[0,0]],[[62774,48009],[0,1]],[[62753,48010],[-1,0]],[[62774,48010],[0,1]],[[62774,48010],[0,0]],[[62753,48010],[0,1]],[[62753,48011],[1,0]],[[62754,48011],[0,-1]],[[62748,48011],[0,-1]],[[62753,48011],[-1,0]],[[62753,48011],[0,0]],[[62753,48011],[0,1]],[[62767,48012],[0,1]],[[62764,48012],[0,1]],[[62764,48012],[0,0]],[[62769,48012],[0,1]],[[62751,48013],[1,-1]],[[62752,48012],[-1,0]],[[62751,48012],[0,1]],[[62747,48013],[0,0]],[[62748,48013],[-1,0]],[[62747,48013],[1,0]],[[62745,48013],[0,0]],[[62745,48013],[1,0]],[[62746,48013],[-1,0]],[[62747,48013],[0,1]],[[62746,48013],[0,1]],[[62750,48014],[0,1]],[[62751,48012],[-1,0]],[[62752,48012],[0,-1]],[[62752,48011],[-4,0]],[[62748,48011],[0,2]],[[62748,48013],[3,0]],[[62745,48013],[-1,0]],[[62759,48017],[0,1]],[[62762,48016],[0,1]],[[62759,48017],[5,-5]],[[62764,48012],[5,-3]],[[62769,48009],[1,0]],[[62770,48009],[1,0]],[[62771,48009],[2,-2]],[[62773,48007],[0,-1]],[[62773,48006],[1,-3]],[[62774,48003],[-1,-1]],[[62773,48002],[0,-1]],[[62773,48000],[0,-1]],[[62773,47999],[-2,-1]],[[62771,47998],[0,-3]],[[62771,47995],[-1,-5]],[[62770,47989],[1,-1]],[[62771,47987],[0,-3]],[[62771,47984],[0,-1]],[[62771,47984],[-3,-3]],[[62768,47981],[-2,-1]],[[62766,47980],[-1,1]],[[62765,47981],[-2,0]],[[62763,47981],[-1,1]],[[62761,47983],[-1,0]],[[62760,47983],[0,1]],[[62760,47984],[2,0]],[[62762,47984],[0,-1]],[[62762,47985],[0,1]],[[62762,47986],[1,0]],[[62763,47986],[0,-1]],[[62763,47986],[1,2]],[[62764,47988],[0,1]],[[62764,47989],[1,0]],[[62764,47989],[1,2]],[[62765,47991],[2,3]],[[62768,47994],[0,1]],[[62767,47995],[0,1]],[[62767,47995],[1,3]],[[62768,47998],[0,1]],[[62768,47999],[-10,9]],[[62758,48008],[-1,1]],[[62756,48009],[-1,1]],[[62755,48010],[-1,0]],[[62754,48011],[-1,1]],[[62753,48012],[6,5]],[[62967,48103],[1,0]],[[62969,48107],[1,0]],[[62974,48111],[0,0]],[[62875,48113],[-1,0]],[[62875,48113],[0,0]],[[62976,48114],[0,-1]],[[62872,48117],[0,1]],[[62872,48117],[0,0]],[[62872,48118],[1,0]],[[62873,48118],[-1,-1]],[[62981,48122],[0,0]],[[62872,48122],[0,1]],[[62981,48122],[0,1]],[[62991,48123],[-1,0]],[[62988,48124],[-1,0]],[[62988,48124],[0,0]],[[62984,48125],[0,0]],[[62988,48124],[0,1]],[[62875,48126],[0,0]],[[62877,48126],[0,0]],[[62993,48126],[2,1]],[[62995,48127],[-2,-1]],[[62993,48127],[0,0]],[[62993,48126],[0,1]],[[62993,48127],[0,-1]],[[62995,48127],[0,1]],[[62995,48127],[1,0]],[[62986,48127],[0,1]],[[62986,48127],[0,0]],[[62876,48127],[-1,1]],[[62993,48128],[0,0]],[[62876,48129],[-1,1]],[[62875,48130],[1,0]],[[62876,48130],[0,-1]],[[62988,48131],[-1,0]],[[62874,48131],[1,-1]],[[62875,48130],[-1,1]],[[62873,48132],[-1,0]],[[62873,48132],[0,0]],[[62874,48131],[-1,1]],[[62988,48132],[0,1]],[[62988,48132],[0,0]],[[62988,48133],[0,0]],[[62988,48133],[1,1]],[[62989,48134],[-1,-1]],[[62871,48134],[1,0]],[[62991,48134],[0,0]],[[62875,48134],[-1,0]],[[62875,48134],[0,0]],[[62871,48134],[-1,0]],[[62871,48134],[0,0]],[[62998,48136],[0,0]],[[62996,48136],[1,0]],[[62996,48136],[0,0]],[[63000,48137],[0,0]],[[63000,48137],[-1,0]],[[63001,48138],[0,0]],[[62875,48138],[0,0]],[[63003,48139],[0,0]],[[63002,48139],[0,0]],[[62876,48139],[0,0]],[[63003,48139],[1,1]],[[63004,48140],[-1,-1]],[[62881,48140],[0,0]],[[63004,48140],[0,1]],[[63004,48140],[1,0]],[[62881,48141],[1,0]],[[62881,48141],[-1,0]],[[62884,48144],[0,0]],[[62883,48144],[-1,0]],[[63007,48147],[-1,0]],[[63007,48147],[0,0]],[[63007,48148],[0,-1]],[[63006,48147],[0,1]],[[63006,48148],[1,0]],[[63006,48148],[0,0]],[[62892,48153],[-1,0]],[[62892,48153],[0,0]],[[62892,48153],[0,1]],[[62893,48154],[0,0]],[[62894,48154],[-1,0]],[[62893,48154],[0,1]],[[62901,48160],[0,0]],[[63009,48163],[0,0]],[[62911,48167],[0,1]],[[62911,48167],[0,0]],[[62912,48167],[0,1]],[[62912,48167],[0,0]],[[63013,48168],[0,1]],[[63013,48168],[0,0]],[[62912,48169],[0,0]],[[62916,48169],[-1,0]],[[62916,48169],[0,0]],[[62916,48170],[0,0]],[[63015,48170],[-1,0]],[[62917,48170],[0,1]],[[62917,48170],[0,0]],[[62917,48171],[0,1]],[[62917,48171],[0,0]],[[63000,48181],[0,1]],[[63000,48181],[0,0]],[[62915,48182],[-1,0]],[[63000,48183],[1,0]],[[63000,48183],[0,0]],[[62999,48183],[0,1]],[[62998,48184],[0,0]],[[62997,48185],[0,0]],[[62916,48184],[-1,0]],[[62996,48185],[0,1]],[[62996,48185],[0,0]],[[62914,48187],[0,-1]],[[62914,48187],[0,1]],[[62996,48201],[0,0]],[[62998,48202],[0,0]],[[62923,48202],[-1,0]],[[62923,48202],[0,0]],[[62998,48202],[0,1]],[[62999,48204],[0,0]],[[62902,48204],[-1,-1]],[[62924,48205],[0,0]],[[63003,48209],[0,-1]],[[63003,48209],[0,0]],[[63014,48211],[1,0]],[[63015,48211],[-1,0]],[[63014,48211],[-1,1]],[[63013,48212],[2,-1]],[[63010,48213],[0,1]],[[63009,48213],[0,1]],[[63013,48212],[-1,1]],[[62962,48214],[0,0]],[[63013,48215],[-1,-1]],[[63013,48218],[0,0]],[[63019,48220],[0,0]],[[63016,48220],[-1,0]],[[63015,48220],[1,0]],[[63016,48220],[3,0]],[[63019,48220],[-1,0]],[[63019,48220],[-3,0]],[[63017,48225],[0,0]],[[63015,48225],[0,1]],[[63017,48225],[0,1]],[[63011,48226],[0,0]],[[63014,48227],[0,0]],[[63011,48228],[1,0]],[[63016,48232],[-1,0]],[[63013,48233],[-1,0]],[[63003,48250],[1,1]],[[63001,48253],[0,1]],[[63001,48253],[0,0]],[[62971,48256],[0,0]],[[62970,48258],[0,0]],[[62968,48259],[0,0]],[[62969,48259],[0,1]],[[62985,48267],[0,1]],[[62984,48268],[0,0]],[[62984,48269],[0,0]],[[62980,48276],[1,0]],[[62980,48276],[0,0]],[[62990,48276],[0,1]],[[62981,48276],[20,-22]],[[63001,48253],[2,-3]],[[63003,48250],[8,-22]],[[63011,48228],[0,-2]],[[63011,48226],[5,-6]],[[63015,48220],[-12,-11]],[[63003,48209],[-4,-5]],[[62999,48204],[-1,-1]],[[62998,48203],[-2,-2]],[[62996,48201],[0,-15]],[[62996,48185],[2,-1]],[[62998,48184],[1,-1]],[[62999,48183],[1,-2]],[[63000,48181],[13,-12]],[[63013,48169],[-1,0]],[[63013,48168],[-7,-20]],[[63006,48147],[-2,-6]],[[63004,48141],[-1,0]],[[63004,48140],[-1,-1]],[[63003,48139],[-1,0]],[[63002,48139],[-1,-1]],[[63001,48138],[0,1]],[[63001,48138],[-1,-1]],[[63000,48137],[0,1]],[[62999,48137],[-2,-1]],[[62997,48136],[-1,0]],[[62996,48136],[0,1]],[[62996,48136],[-5,-2]],[[62991,48134],[-2,0]],[[62988,48132],[-2,-4]],[[62986,48127],[-2,-2]],[[62984,48125],[-3,-2]],[[62981,48123],[-5,-9]],[[62976,48114],[-7,-7]],[[62969,48107],[-2,-4]],[[62967,48103],[-13,-213],[-68,-58]],[[62886,47832],[0,1]],[[62886,47832],[-31,31]],[[62855,47863],[-23,34]],[[62832,47897],[-1,1]],[[62831,47898],[0,1]],[[62831,47900],[0,1]],[[62831,47901],[3,13]],[[62834,47914],[0,1]],[[62834,47916],[0,1]],[[62834,47917],[0,1]],[[62835,47920],[-12,48]],[[62823,47968],[3,12]],[[62826,47981],[54,118],[-5,14]],[[62875,48113],[-3,4]],[[62873,48118],[2,8]],[[62875,48126],[2,0]],[[62877,48126],[-1,3]],[[62876,48130],[1,0]],[[62876,48130],[-1,4]],[[62874,48134],[1,0]],[[62875,48134],[6,6]],[[62881,48140],[0,-1]],[[62881,48140],[11,13]],[[62892,48153],[1,1]],[[62894,48154],[17,13]],[[62911,48167],[0,-1]],[[62911,48167],[1,0]],[[62912,48167],[4,2]],[[62916,48169],[1,1]],[[62917,48171],[6,31]],[[62923,48202],[47,56]],[[62970,48258],[10,18]],[[62973,48280],[0,0]],[[63011,48454],[-1,0]],[[63015,48454],[-1,0]],[[63051,48472],[1,0]],[[63053,48473],[1,0]],[[63048,48472],[0,1]],[[63047,48476],[0,-1]],[[63005,48478],[0,-1]],[[63047,48476],[0,1]],[[63005,48478],[0,0]],[[63030,48479],[0,-1]],[[63005,48479],[-1,0]],[[63005,48479],[0,0]],[[63030,48480],[1,0]],[[63030,48480],[0,0]],[[63030,48481],[1,0]],[[63030,48481],[0,-1]],[[63030,48480],[-2,0]],[[63028,48480],[2,1]],[[63025,48482],[0,0]],[[62979,48494],[-1,0]],[[62977,48495],[0,-1]],[[62977,48495],[1,0]],[[63028,48480],[-23,-1]],[[63005,48479],[23,1]],[[62992,48498],[-1,0]],[[62974,48501],[0,-1]],[[62971,48502],[1,-1]],[[62988,48670],[1,0]],[[62988,48670],[0,0]],[[62988,48670],[-1,0]],[[63562,49424],[0,0]],[[63562,49424],[1,1]],[[63563,49425],[-1,-1]],[[63548,49425],[0,0]],[[63548,49426],[1,0]],[[63548,49426],[0,0]],[[63550,49426],[-1,0]],[[63550,49426],[0,0]],[[63550,49426],[1,0]],[[63548,49426],[-2,0]],[[63546,49426],[0,1]],[[63546,49426],[0,0]],[[63552,49427],[0,0]],[[63551,49427],[1,0]],[[63551,49427],[0,0]],[[63555,49428],[0,-1]],[[63551,49427],[-2,0]],[[63549,49427],[1,1]],[[63550,49428],[1,0]],[[63551,49428],[0,-1]],[[63551,49428],[1,0]],[[63552,49428],[0,-1]],[[63576,49428],[0,0]],[[63577,49428],[0,0]],[[63552,49428],[0,0]],[[63549,49427],[-1,0]],[[63550,49428],[-1,0]],[[63546,49430],[-1,1]],[[63545,49431],[1,0]],[[63546,49431],[0,-1]],[[63545,49431],[-1,0]],[[63545,49431],[0,0]],[[63544,49431],[0,1]],[[63544,49432],[0,-1]],[[63585,49433],[0,0]],[[63544,49433],[-1,0]],[[63585,49433],[0,1]],[[63585,49437],[1,0]],[[63586,49437],[-1,-1]],[[63585,49436],[0,1]],[[63585,49437],[0,0]],[[63586,49437],[0,0]],[[63467,49437],[1,0]],[[63467,49437],[-1,0]],[[63467,49437],[0,0]],[[63452,49443],[1,0]],[[63453,49443],[-1,0]],[[63451,49443],[0,-1]],[[63452,49443],[-1,0]],[[63452,49443],[0,0]],[[63451,49443],[0,1]],[[63451,49443],[0,0]],[[63439,49444],[0,0]],[[63522,49443],[0,1]],[[63522,49443],[0,0]],[[63451,49444],[0,0]],[[63523,49443],[-1,0]],[[63522,49444],[1,0]],[[63523,49444],[0,-1]],[[63440,49444],[-1,0]],[[63440,49444],[0,0]],[[63436,49444],[0,0]],[[63523,49444],[0,0]],[[63438,49444],[-1,0]],[[63438,49444],[0,0]],[[63437,49444],[-1,0]],[[63437,49444],[0,0]],[[63450,49444],[1,0]],[[63450,49444],[0,0]],[[63441,49444],[0,0]],[[63439,49444],[1,1]],[[63440,49445],[0,-1]],[[63441,49444],[-1,0]],[[63440,49445],[1,0]],[[63441,49445],[0,-1]],[[63444,49445],[1,0]],[[63445,49445],[-1,0]],[[63435,49445],[-1,0]],[[63435,49445],[0,0]],[[63434,49445],[0,1]],[[63434,49445],[0,0]],[[63434,49446],[0,0]],[[63444,49445],[0,1]],[[63444,49446],[1,-1]],[[63431,49446],[0,0]],[[63429,49447],[0,-1]],[[63431,49447],[0,0]],[[63431,49449],[0,0]],[[63418,49450],[-1,0]],[[63418,49450],[0,0]],[[63419,49451],[1,0]],[[63420,49451],[-1,0]],[[63420,49451],[0,0]],[[63414,49451],[0,0]],[[63418,49451],[-1,0]],[[63420,49451],[1,0]],[[63419,49451],[0,1]],[[63419,49452],[1,0]],[[63420,49452],[0,-1]],[[63413,49452],[0,-1]],[[63417,49452],[1,0]],[[63417,49452],[0,0]],[[63417,49452],[-1,0]],[[63422,49452],[1,0]],[[63415,49452],[0,-1]],[[63419,49451],[-1,0]],[[63418,49451],[0,-1]],[[63418,49451],[0,1]],[[63418,49452],[1,0]],[[63424,49452],[0,0]],[[63418,49452],[0,0]],[[63429,49452],[1,0]],[[63429,49452],[0,0]],[[63416,49452],[-1,0]],[[63416,49452],[0,0]],[[63425,49452],[0,0]],[[63430,49452],[1,0]],[[63430,49452],[0,0]],[[63430,49452],[0,1]],[[63428,49453],[0,-1]],[[63416,49452],[0,1]],[[63422,49453],[0,-1]],[[63422,49453],[0,0]],[[63426,49453],[0,-1]],[[63418,49453],[0,-1]],[[63418,49453],[0,0]],[[63413,49453],[1,0]],[[63414,49453],[-1,0]],[[63430,49453],[-1,0]],[[63430,49453],[0,0]],[[63413,49453],[0,0]],[[63418,49453],[1,0]],[[63419,49453],[0,-1]],[[63414,49455],[0,0]],[[63411,49456],[0,0]],[[63411,49456],[0,1]],[[63410,49461],[0,0]],[[63410,49461],[0,1]],[[63410,49462],[0,-1]],[[63411,49462],[-1,0]],[[63411,49462],[0,0]],[[63408,49464],[1,0]],[[63408,49468],[0,-1]],[[63404,49468],[0,0]],[[63396,49470],[0,0]],[[63392,49470],[1,0]],[[63392,49470],[0,0]],[[63392,49470],[-1,0]],[[63389,49474],[-1,0]],[[63389,49474],[0,0]],[[63389,49474],[0,1]],[[63602,49475],[1,0]],[[63602,49476],[0,0]],[[63384,49476],[0,0]],[[63384,49476],[-1,0]],[[63386,49477],[0,0]],[[63385,49477],[-1,0]],[[63385,49477],[0,0]],[[63386,49477],[-1,0]],[[63376,49482],[0,-1]],[[63378,49482],[0,0]],[[63377,49482],[0,0]],[[63608,49482],[0,0]],[[63378,49482],[-1,0]],[[63377,49482],[0,1]],[[63377,49483],[1,0]],[[63378,49483],[0,-1]],[[63376,49483],[0,0]],[[63377,49483],[0,0]],[[63377,49484],[0,0]],[[63608,49484],[0,0]],[[63609,49484],[0,0]],[[63374,49488],[-1,0]],[[63372,49491],[-1,0]],[[63372,49491],[0,0]],[[63373,49491],[0,0]],[[63370,49494],[-1,0]],[[63615,49503],[1,0]],[[63615,49503],[1,-1]],[[63619,49504],[1,0]],[[63340,49509],[0,-1]],[[63326,49525],[0,-1]],[[63308,49526],[0,-1]],[[63308,49526],[0,0]],[[63307,49527],[0,-1]],[[63317,49527],[-1,0]],[[63317,49527],[0,-1]],[[63313,49527],[1,0]],[[63313,49527],[0,0]],[[63313,49527],[0,1]],[[63303,49529],[1,1]],[[63304,49530],[-1,-1]],[[63294,49530],[0,0]],[[63293,49531],[0,-1]],[[63609,49530],[0,1]],[[63609,49530],[0,0]],[[63608,49532],[0,0]],[[63609,49532],[0,0]],[[63287,49533],[0,1]],[[63287,49533],[0,0]],[[63285,49534],[1,0]],[[63286,49534],[-1,0]],[[63286,49534],[0,1]],[[63286,49534],[0,0]],[[63285,49535],[0,-1]],[[63285,49534],[0,1]],[[63605,49537],[1,0]],[[63604,49538],[1,0]],[[63270,49538],[0,1]],[[63603,49539],[1,0]],[[63606,49539],[0,0]],[[63605,49540],[1,0]],[[63605,49540],[0,1]],[[63272,49542],[0,0]],[[63272,49542],[0,1]],[[63272,49543],[0,0]],[[63272,49545],[0,1]],[[63272,49545],[0,0]],[[63602,49555],[1,0]],[[63275,49556],[0,0]],[[63276,49557],[-1,0]],[[63604,49557],[0,1]],[[63275,49560],[0,0]],[[63276,49562],[0,-1]],[[63276,49562],[0,0]],[[63277,49565],[-1,0]],[[63277,49565],[0,0]],[[63277,49566],[0,0]],[[63280,49570],[0,0]],[[63279,49578],[-1,0]],[[63605,49579],[0,0]],[[63275,49581],[0,0]],[[63275,49582],[-1,0]],[[63275,49582],[0,0]],[[63274,49583],[0,0]],[[63273,49585],[0,0]],[[63272,49586],[0,0]],[[63271,49587],[0,0]],[[63268,49589],[1,0]],[[63269,49589],[-1,0]],[[63268,49589],[0,0]],[[63268,49589],[-1,0]],[[63268,49589],[0,1]],[[63620,49591],[0,-1]],[[63620,49591],[0,0]],[[63263,49595],[0,0]],[[63621,49613],[0,0]],[[63620,49614],[0,0]],[[63620,49615],[0,0]],[[63617,49622],[0,0]],[[63615,49623],[0,0]],[[63615,49627],[1,0]],[[63614,49628],[0,1]],[[63614,49629],[0,-1]],[[63612,49637],[0,0]],[[63610,49637],[0,1]],[[63607,49642],[1,0]],[[63607,49642],[-1,1]],[[63606,49643],[1,0]],[[63607,49643],[0,-1]],[[63606,49643],[1,0]],[[63245,49645],[1,0]],[[63245,49645],[0,0]],[[63245,49645],[1,1]],[[63606,49659],[1,0]],[[63250,49666],[-1,0]],[[63250,49666],[0,0]],[[63249,49667],[1,-1]],[[63249,49666],[0,1]],[[63250,49667],[-1,0]],[[63250,49667],[0,0]],[[63248,49673],[0,-1]],[[63248,49673],[1,0]],[[63606,49694],[0,0]],[[63619,49706],[0,1]],[[63618,49724],[1,0]],[[63618,49724],[0,1]],[[63618,49724],[0,0]],[[63250,49735],[0,0]],[[63248,49735],[0,1]],[[63250,49737],[0,0]],[[63250,49737],[-1,0]],[[63615,49737],[0,0]],[[63249,49739],[0,1]],[[63611,49741],[1,0]],[[63611,49742],[0,0]],[[63607,49749],[0,0]],[[63606,49749],[0,1]],[[63606,49749],[0,0]],[[63605,49750],[0,0]],[[63606,49750],[0,0]],[[63605,49751],[0,0]],[[63596,49754],[-1,0]],[[63596,49754],[0,0]],[[63595,49755],[1,0]],[[63595,49755],[0,0]],[[63595,49757],[0,0]],[[63595,49758],[0,-1]],[[63595,49758],[0,0]],[[63595,49758],[0,1]],[[63595,49759],[0,0]],[[63595,49759],[0,1]],[[63594,49759],[0,1]],[[63594,49759],[0,0]],[[63246,49750],[-1,-2]],[[63593,49765],[0,0]],[[63589,49772],[0,0]],[[63588,49772],[0,0]],[[63591,49787],[0,1]],[[63589,49791],[0,-1]],[[63592,49791],[-1,0]],[[63589,49793],[0,1]],[[63589,49794],[1,0]],[[63590,49794],[0,-1]],[[63590,49793],[-1,0]],[[63589,49793],[-1,1]],[[63588,49794],[1,0]],[[63590,49794],[0,-1]],[[63589,49794],[0,0]],[[63588,49795],[0,1]],[[63587,49797],[0,-1]],[[63587,49797],[-1,0]],[[63582,49812],[0,1]],[[63574,49834],[1,0]],[[63574,49834],[0,0]],[[63570,49847],[0,1]],[[63244,49848],[1,0]],[[63245,49848],[-1,0]],[[63244,49848],[0,1]],[[63242,49855],[-1,0]],[[63242,49855],[0,0]],[[63239,49869],[0,0]],[[63236,49874],[0,-1]],[[63236,49874],[0,0]],[[63547,49876],[0,0]],[[63547,49876],[-1,0]],[[63546,49876],[0,1]],[[63546,49877],[1,-1]],[[63543,49879],[0,0]],[[63542,49880],[0,0]],[[63539,49881],[-1,1]],[[63538,49882],[1,-1]],[[63542,49881],[0,1]],[[63540,49882],[0,1]],[[63540,49882],[0,0]],[[63539,49883],[0,1]],[[63538,49884],[0,0]],[[63538,49884],[0,1]],[[63536,49885],[0,1]],[[63535,49886],[0,1]],[[63236,49887],[-1,1]],[[63235,49888],[1,-1]],[[63533,49889],[0,0]],[[63235,49891],[-1,0]],[[63235,49891],[0,0]],[[63236,49897],[0,0]],[[63237,49898],[-1,0]],[[63526,49897],[0,1]],[[63526,49898],[0,-1]],[[63237,49900],[-1,0]],[[63236,49903],[1,0]],[[63237,49903],[0,-1]],[[63237,49902],[-1,1]],[[63236,49903],[0,0]],[[63237,49904],[0,0]],[[63236,49905],[0,-1]],[[63236,49905],[0,0]],[[63236,49905],[0,1]],[[63505,49909],[0,0]],[[63497,49914],[0,1]],[[63243,49920],[1,0]],[[63243,49920],[0,0]],[[63243,49920],[0,-1]],[[63484,49922],[0,0]],[[63485,49922],[0,0]],[[63484,49922],[1,0]],[[63485,49922],[0,1]],[[63483,49925],[0,1]],[[63483,49926],[0,-1]],[[63482,49926],[1,0]],[[63482,49926],[0,0]],[[63481,49928],[0,1]],[[63478,49933],[1,0]],[[63248,49933],[0,1]],[[63250,49935],[0,-1]],[[63250,49934],[0,1]],[[63455,49935],[0,0]],[[63250,49936],[0,1]],[[63250,49937],[1,-1]],[[63251,49936],[-1,0]],[[63250,49937],[0,0]],[[63251,49940],[0,0]],[[63431,49944],[0,-1]],[[63414,49943],[1,0]],[[63406,49946],[0,0]],[[63254,49948],[0,0]],[[63256,49948],[-1,0]],[[63256,49948],[0,0]],[[63256,49949],[-1,0]],[[63254,49949],[0,1]],[[63256,49950],[-1,0]],[[63256,49950],[0,0]],[[63257,49950],[-1,0]],[[63256,49950],[1,1]],[[63257,49951],[0,-1]],[[63257,49951],[0,1]],[[63259,49953],[0,0]],[[63260,49954],[0,0]],[[63258,49954],[0,0]],[[63260,49957],[0,1]],[[63359,49964],[0,1]],[[63338,49970],[0,0]],[[63273,49970],[0,0]],[[63274,49970],[0,1]],[[63274,49971],[1,0]],[[63275,49971],[-1,-1]],[[63274,49971],[1,0]],[[63275,49973],[0,0]],[[63275,49973],[0,1]],[[63406,49946],[72,-13]],[[63478,49933],[3,-5]],[[63481,49928],[1,-2]],[[63483,49925],[-1,0]],[[63483,49925],[1,-3]],[[63484,49922],[0,1]],[[63484,49922],[1,0]],[[63485,49922],[1,0]],[[63485,49922],[41,-24]],[[63526,49897],[10,-12]],[[63536,49885],[2,-1]],[[63538,49884],[0,-2]],[[63539,49881],[1,1]],[[63540,49882],[3,-3]],[[63543,49879],[3,-2]],[[63546,49876],[28,-42]],[[63574,49834],[-1,0]],[[63574,49834],[8,-22]],[[63582,49812],[5,-15]],[[63586,49797],[1,-1]],[[63587,49796],[1,-1]],[[63588,49795],[0,-1]],[[63589,49793],[-1,-21]],[[63588,49772],[1,0]],[[63589,49772],[5,-12]],[[63594,49759],[1,-2]],[[63595,49757],[0,-2]],[[63595,49755],[0,-1]],[[63596,49754],[9,-4]],[[63605,49750],[0,-1]],[[63605,49750],[1,0]],[[63606,49749],[5,-7]],[[63611,49742],[0,-1]],[[63611,49741],[7,-16]],[[63618,49724],[-12,-30]],[[63606,49694],[-1,0]],[[63606,49694],[0,-35]],[[63606,49659],[-1,0]],[[63606,49659],[4,-22]],[[63610,49637],[4,-8]],[[63614,49628],[1,-1]],[[63615,49627],[0,-4]],[[63615,49623],[0,1]],[[63615,49623],[2,-1]],[[63617,49622],[-1,0]],[[63617,49622],[-12,-43]],[[63605,49579],[3,-47]],[[63608,49532],[1,-1]],[[63609,49530],[10,-26]],[[63619,49504],[-4,-1]],[[63615,49503],[-7,-19]],[[63608,49484],[-6,-8]],[[63602,49476],[-16,-39]],[[63585,49436],[0,-2]],[[63585,49433],[-8,-5]],[[63577,49428],[0,1]],[[63577,49428],[-1,0]],[[63576,49428],[-13,-3]],[[63563,49425],[-11,3]],[[63551,49428],[-1,0]],[[63550,49428],[-4,2]],[[63546,49430],[1,0]],[[63546,49431],[1,0]],[[63546,49431],[-2,1]],[[63544,49432],[1,0]],[[63544,49432],[0,1]],[[63544,49433],[1,0]],[[63544,49433],[-21,11]],[[63522,49444],[-69,-1]],[[63453,49443],[1,0]],[[63452,49443],[-1,1]],[[63451,49444],[-7,2]],[[63444,49446],[-3,-1]],[[63439,49444],[-1,0]],[[63438,49444],[-1,0]],[[63437,49444],[0,1]],[[63437,49444],[-1,0]],[[63436,49444],[-1,1]],[[63435,49445],[-1,1]],[[63434,49446],[-3,1]],[[63431,49447],[0,2]],[[63431,49449],[1,0]],[[63431,49449],[0,3]],[[63431,49452],[-1,1]],[[63429,49453],[-1,0]],[[63428,49453],[-2,0]],[[63426,49453],[-4,0]],[[63422,49452],[-2,0]],[[63420,49452],[-1,1]],[[63419,49453],[0,1]],[[63418,49453],[-2,0]],[[63416,49453],[-1,1]],[[63416,49453],[-1,-1]],[[63415,49452],[-1,1]],[[63414,49453],[0,1]],[[63414,49453],[0,2]],[[63414,49455],[-3,2]],[[63411,49457],[0,5]],[[63410,49462],[1,0]],[[63411,49462],[-3,6]],[[63408,49468],[-4,0]],[[63404,49468],[-8,2]],[[63396,49470],[1,0]],[[63396,49470],[-11,7]],[[63385,49477],[-7,6]],[[63377,49483],[0,1]],[[63377,49484],[-4,7]],[[63373,49491],[1,0]],[[63373,49491],[-1,0]],[[63371,49491],[-1,3]],[[63370,49494],[-30,15]],[[63340,49509],[-14,16]],[[63326,49525],[-9,2]],[[63317,49527],[0,1]],[[63317,49527],[-4,1]],[[63313,49528],[-5,-2]],[[63308,49526],[-1,1]],[[63307,49527],[-3,3]],[[63304,49530],[-1,0]],[[63304,49530],[-1,-1]],[[63303,49529],[-10,2]],[[63293,49531],[-6,2]],[[63287,49534],[-1,1]],[[63286,49535],[-1,0]],[[63285,49535],[-13,7]],[[63272,49543],[1,0]],[[63272,49543],[0,2]],[[63272,49545],[3,11]],[[63275,49556],[1,1]],[[63276,49557],[0,4]],[[63276,49562],[1,3]],[[63277,49565],[0,1]],[[63277,49566],[3,4]],[[63280,49570],[-1,8]],[[63279,49578],[-4,4]],[[63275,49582],[1,0]],[[63275,49582],[-1,1]],[[63274,49583],[-1,2]],[[63273,49585],[-1,1]],[[63272,49586],[-1,1]],[[63271,49587],[-2,2]],[[63269,49589],[-1,1]],[[63268,49590],[-5,5]],[[63263,49595],[-17,50]],[[63246,49645],[0,-1]],[[63246,49645],[0,1]],[[63246,49646],[1,0]],[[63246,49646],[4,20]],[[63250,49666],[1,0]],[[63250,49666],[0,1]],[[63250,49667],[-10,127],[4,54]],[[63244,49848],[-1,0]],[[63245,49848],[0,-1]],[[63245,49848],[-3,7]],[[63242,49855],[-6,19]],[[63236,49874],[0,13]],[[63235,49888],[0,3]],[[63235,49891],[2,11]],[[63237,49903],[0,1]],[[63237,49904],[6,15]],[[63243,49920],[1,0]],[[63244,49920],[0,-1]],[[63244,49920],[6,14]],[[63250,49934],[0,-1]],[[63250,49934],[1,0]],[[63250,49935],[1,0]],[[63250,49935],[0,1]],[[63251,49936],[4,12]],[[63256,49948],[0,1]],[[63256,49949],[1,1]],[[63257,49950],[17,20]],[[63274,49970],[4,19]],[[63278,49989],[1,0]],[[63279,49989],[117,-48],[10,5]],[[63278,49989],[0,1]],[[63278,49989],[1,0]],[[71361,832],[0,0]],[[71363,833],[0,0]],[[71358,833],[0,0]],[[71357,833],[0,0]],[[71352,834],[0,0]],[[71350,834],[0,0]],[[71348,835],[0,0]],[[71371,836],[0,-1]],[[71373,836],[-1,0]],[[71373,836],[0,0]],[[71371,836],[0,0]],[[71346,837],[0,0]],[[71345,838],[-1,0]],[[71345,838],[0,0]],[[71344,840],[0,0]],[[71342,841],[0,-1]],[[71342,841],[0,0]],[[71343,841],[0,0]],[[71396,841],[-1,0]],[[71343,841],[-1,0]],[[71342,841],[1,1]],[[71343,842],[0,-1]],[[71343,842],[0,0]],[[71397,843],[-1,0]],[[71397,843],[0,0]],[[71401,844],[0,0]],[[71401,844],[0,1]],[[71402,845],[0,0]],[[71402,847],[0,0]],[[71403,847],[0,0]],[[71403,847],[0,1]],[[71403,849],[0,0]],[[71340,849],[0,0]],[[71341,851],[0,1]],[[71341,851],[0,0]],[[71339,853],[0,0]],[[71339,854],[0,0]],[[71404,854],[0,0]],[[71405,855],[0,-1]],[[71404,855],[0,0]],[[71340,855],[0,0]],[[71405,855],[0,0]],[[71340,856],[-1,0]],[[71340,856],[0,0]],[[71340,858],[0,0]],[[71409,863],[1,0]],[[71414,865],[0,0]],[[71415,867],[0,0]],[[71340,867],[0,0]],[[71413,874],[0,0]],[[71413,875],[0,0]],[[71339,878],[0,0]],[[71414,880],[0,0]],[[71340,881],[0,0]],[[71414,881],[0,0]],[[71414,885],[0,0]],[[71414,885],[0,1]],[[71414,886],[0,0]],[[71414,887],[0,0]],[[71414,888],[0,0]],[[71415,892],[0,0]],[[71342,892],[0,0]],[[71339,892],[0,1]],[[71415,893],[1,0]],[[71344,899],[-1,0]],[[71344,899],[0,0]],[[71417,900],[0,0]],[[71417,900],[1,0]],[[71416,900],[1,0]],[[71416,900],[0,0]],[[71344,902],[-1,0]],[[71344,902],[0,0]],[[71417,910],[0,1]],[[71339,913],[0,-1]],[[71410,913],[0,0]],[[71414,913],[0,0]],[[71409,914],[0,0]],[[71403,915],[0,0]],[[71401,916],[0,1]],[[71401,916],[0,0]],[[71341,917],[0,-1]],[[71341,917],[0,0]],[[71341,917],[1,0]],[[71394,919],[0,0]],[[71392,919],[-1,1]],[[71391,920],[1,-1]],[[71391,921],[0,1]],[[71390,922],[0,-1]],[[71334,921],[-1,0]],[[71386,923],[0,0]],[[71384,923],[0,0]],[[71385,923],[0,1]],[[71385,923],[0,0]],[[71382,925],[0,0]],[[71381,925],[0,0]],[[71379,926],[0,0]],[[71380,926],[0,0]],[[71384,923],[1,0]],[[71385,923],[1,0]],[[71386,923],[5,-3]],[[71392,919],[2,0]],[[71394,919],[7,-3]],[[71401,916],[-1,0]],[[71401,916],[2,-1]],[[71403,915],[13,-15]],[[71416,900],[-1,-7]],[[71415,893],[0,-1]],[[71415,892],[-1,-4]],[[71414,888],[0,-1]],[[71414,887],[0,-1]],[[71414,886],[0,-1]],[[71414,885],[-1,-10]],[[71413,875],[0,-1]],[[71413,874],[-4,-11]],[[71409,863],[-5,-8]],[[71404,855],[-2,-8]],[[71402,847],[-1,-2]],[[71401,845],[-4,-2]],[[71396,843],[-23,-7]],[[71373,836],[0,1]],[[71372,836],[-1,0]],[[71371,836],[-8,-3]],[[71363,833],[-5,0]],[[71358,833],[-12,4]],[[71346,837],[-1,1]],[[71345,838],[-1,2]],[[71344,840],[-1,1]],[[71343,842],[-2,9]],[[71341,852],[-1,3]],[[71340,855],[0,1]],[[71340,856],[1,0]],[[71340,856],[0,2]],[[71340,858],[2,34]],[[71342,892],[2,7]],[[71344,899],[0,3]],[[71344,902],[1,0]],[[71344,902],[40,21]],[[71374,929],[0,1]],[[71362,931],[-1,0]],[[70694,3251],[0,0]],[[70702,3251],[0,0]],[[70701,3251],[0,1]],[[70695,3251],[0,1]],[[70693,3252],[0,1]],[[70698,3253],[0,0]],[[70696,3253],[0,0]],[[70700,3253],[0,0]],[[70693,3254],[-1,0]],[[70693,3254],[0,0]],[[70705,3254],[-1,0]],[[70698,3254],[-1,0]],[[70695,3254],[-1,0]],[[70694,3254],[0,1]],[[70694,3255],[1,0]],[[70695,3255],[0,-1]],[[70702,3254],[0,1]],[[70693,3254],[0,1]],[[70696,3254],[0,1]],[[70696,3254],[0,0]],[[70694,3254],[-1,0]],[[70693,3255],[1,0]],[[70691,3255],[0,0]],[[70705,3255],[0,0]],[[70705,3255],[0,1]],[[70695,3257],[0,0]],[[70708,3258],[0,1]],[[70710,3261],[0,0]],[[70714,3263],[0,1]],[[70718,3268],[0,0]],[[70720,3270],[0,0]],[[70723,3274],[0,-1]],[[70723,3274],[0,0]],[[70724,3276],[0,0]],[[70690,3277],[-1,0]],[[70689,3278],[0,0]],[[70690,3278],[0,0]],[[70691,3279],[0,-1]],[[70691,3281],[0,0]],[[70686,3281],[1,1]],[[70688,3281],[0,1]],[[70686,3281],[0,1]],[[70686,3281],[0,0]],[[70693,3291],[-1,0]],[[70693,3292],[0,0]],[[70766,3303],[1,0]],[[70768,3303],[0,0]],[[71052,3411],[0,1]],[[71055,3411],[0,1]],[[71057,3412],[0,-1]],[[71051,3412],[0,1]],[[71054,3413],[0,-1]],[[71057,3412],[0,1]],[[71057,3412],[0,0]],[[71056,3413],[1,0]],[[71056,3413],[0,0]],[[71056,3413],[-2,1]],[[71054,3414],[2,-1]],[[71057,3414],[0,1]],[[71054,3415],[0,-1]],[[71054,3415],[0,0]],[[71055,3416],[0,0]],[[71054,3417],[1,0]],[[71057,3416],[0,1]],[[71054,3417],[0,1]],[[71054,3417],[0,0]],[[71054,3417],[0,-2]],[[71054,3415],[0,2]],[[71057,3418],[-1,0]],[[71059,3419],[0,0]],[[70696,3440],[-1,0]],[[70695,3440],[1,0]],[[70693,3440],[-1,0]],[[70693,3441],[-1,0]],[[70695,3443],[-1,0]],[[70694,3444],[0,0]],[[70694,3444],[-1,0]],[[70694,3457],[0,0]],[[70915,3486],[1,0]],[[70694,3498],[1,0]],[[70695,3498],[-1,0]],[[70688,3501],[0,1]],[[70696,3505],[1,1]],[[70697,3506],[-1,-1]],[[70911,3509],[0,0]],[[70784,3512],[0,1]],[[70784,3513],[0,-1]],[[70670,3515],[-1,0]],[[70909,3530],[1,0]],[[70891,3531],[-1,0]],[[70799,3533],[0,-1]],[[70802,3533],[0,1]],[[70801,3534],[-1,0]],[[70800,3536],[0,0]],[[70886,3537],[0,1]],[[70702,3538],[-5,-32]],[[70696,3505],[-1,-7]],[[70694,3498],[3,40]],[[70697,3538],[4,0]],[[70701,3538],[1,0]],[[70701,3538],[0,1]],[[70701,3539],[1,-1]],[[70697,3538],[0,1]],[[70701,3539],[0,1]],[[70822,3541],[0,0]],[[70681,3551],[0,1]],[[70834,3555],[-1,-1]],[[70834,3560],[0,1]],[[70834,3561],[0,-1]],[[70827,3561],[1,0]],[[70827,3561],[0,0]],[[70827,3561],[0,1]],[[70825,3563],[-1,0]],[[70834,3564],[0,1]],[[70834,3564],[0,0]],[[70891,3531],[24,-45]],[[70915,3486],[-51,-116],[-141,-96]],[[70723,3274],[-3,-4]],[[70720,3270],[-2,-2]],[[70718,3268],[-22,-13]],[[70696,3254],[-1,0]],[[70695,3255],[30,152],[-29,33]],[[70695,3440],[0,3]],[[70695,3443],[89,69]],[[70784,3512],[0,1]],[[70784,3513],[50,47]],[[70834,3561],[0,3]],[[70834,3564],[4,1]],[[70838,3565],[53,-34]],[[70861,3565],[0,1]],[[70861,3566],[0,-1]],[[70838,3565],[-1,1]],[[70861,3566],[0,-1]],[[70704,6392],[-1,0]],[[70650,6404],[0,-1]],[[70645,6419],[-1,0]],[[70645,6419],[0,0]],[[70645,6419],[1,0]],[[70643,6425],[0,0]],[[70641,6431],[1,0]],[[70642,6431],[-1,0]],[[70642,6431],[1,0]],[[70642,6431],[0,0]],[[70641,6431],[0,0]],[[70642,6431],[0,1]],[[70643,6431],[-1,1]],[[70642,6432],[1,-1]],[[70641,6432],[0,1]],[[70642,6434],[0,1]],[[70640,6439],[-1,0]],[[70640,6444],[1,0]],[[70642,6447],[0,0]],[[70641,6449],[0,0]],[[70643,6452],[0,0]],[[70722,6478],[0,0]],[[70721,6479],[0,0]],[[70713,6496],[-1,0]],[[70713,6496],[0,0]],[[70712,6501],[0,0]],[[70712,6502],[0,0]],[[70709,6508],[0,1]],[[70708,6508],[0,1]],[[70708,6508],[0,0]],[[70706,6511],[0,1]],[[70706,6512],[0,-1]],[[70706,6513],[0,1]],[[70706,6513],[0,0]],[[70707,6513],[0,1]],[[70706,6514],[0,0]],[[70704,6516],[1,0]],[[70708,6516],[0,1]],[[70703,6517],[0,0]],[[70700,6518],[0,1]],[[70700,6518],[0,0]],[[70701,6518],[0,1]],[[70698,6519],[0,1]],[[70698,6522],[-1,0]],[[70692,6522],[0,0]],[[70688,6523],[4,-1]],[[70692,6522],[8,-4]],[[70700,6518],[1,0]],[[70701,6518],[2,-1]],[[70703,6517],[1,-1]],[[70704,6516],[2,-2]],[[70706,6513],[0,-1]],[[70706,6511],[2,-3]],[[70708,6508],[4,-6]],[[70712,6502],[0,-1]],[[70712,6501],[9,-22]],[[70721,6479],[-71,-75]],[[70650,6404],[-7,27]],[[70643,6431],[45,92]],[[70688,6523],[0,1]],[[70688,6523],[0,0]],[[74031,11597],[0,1]],[[74031,11598],[0,-1]],[[74031,11597],[0,1]],[[74045,11595],[-1,-1]],[[74042,11605],[0,-1]],[[74044,11605],[0,1]],[[74038,11608],[-1,0]],[[74051,11610],[0,-1]],[[74038,11611],[0,1]],[[74031,11612],[0,1]],[[74029,11622],[0,-1]],[[74029,11622],[1,0]],[[74029,11622],[0,0]],[[74024,11624],[-1,0]],[[74020,11625],[0,-1]],[[74064,11624],[-1,0]],[[74021,11625],[-1,0]],[[74021,11625],[0,0]],[[74034,11625],[0,1]],[[74024,11626],[0,1]],[[74021,11625],[0,1]],[[74021,11626],[0,1]],[[74021,11627],[1,1]],[[74022,11628],[-1,-3]],[[74061,11628],[1,0]],[[74062,11628],[-1,0]],[[74022,11628],[1,0]],[[74022,11628],[0,0]],[[74024,11629],[0,1]],[[74024,11629],[0,0]],[[74027,11630],[0,-1]],[[74027,11629],[1,-1]],[[74028,11628],[-4,1]],[[74024,11630],[3,0]],[[74022,11628],[-1,-1]],[[74021,11626],[1,2]],[[74026,11631],[-1,0]],[[74216,11637],[-1,0]],[[74216,11639],[1,0]],[[74216,11639],[-1,0]],[[74215,11642],[-1,0]],[[74215,11642],[0,0]],[[74215,11642],[1,0]],[[74217,11648],[0,1]],[[74221,11649],[0,0]],[[74222,11655],[1,0]],[[74223,11655],[1,0]],[[74224,11655],[-2,0]],[[74221,11655],[0,0]],[[74222,11655],[0,0]],[[74066,11655],[0,1]],[[74066,11655],[1,0]],[[74223,11655],[1,1]],[[74224,11656],[0,-1]],[[74249,11645],[0,-1]],[[74241,11659],[1,0]],[[74067,11660],[-1,0]],[[74249,11661],[0,0]],[[74245,11661],[0,0]],[[74246,11661],[0,1]],[[74245,11662],[0,-1]],[[74245,11662],[0,0]],[[74243,11662],[0,0]],[[74042,11662],[0,0]],[[74238,11662],[0,1]],[[74238,11662],[0,0]],[[74236,11663],[0,-1]],[[74042,11663],[0,0]],[[74236,11663],[0,0]],[[74064,11663],[0,1]],[[74064,11663],[0,0]],[[74269,11668],[1,0]],[[74265,11668],[0,-1]],[[74266,11668],[0,0]],[[74271,11669],[0,1]],[[74034,11671],[0,0]],[[74032,11673],[0,1]],[[74278,11675],[-1,0]],[[74225,11677],[0,0]],[[74068,11679],[-1,0]],[[74030,11681],[-1,0]],[[74280,11685],[0,0]],[[74280,11685],[1,0]],[[74028,11685],[0,1]],[[74073,11687],[0,-1]],[[74232,11690],[0,1]],[[74232,11690],[0,0]],[[74226,11691],[0,0]],[[74034,11693],[0,-1]],[[74230,11694],[0,-1]],[[74288,11694],[-1,0]],[[74288,11695],[0,0]],[[74228,11695],[0,0]],[[74288,11698],[0,-1]],[[74288,11698],[-1,0]],[[74288,11698],[0,0]],[[74321,11698],[-1,0]],[[74287,11699],[1,0]],[[74287,11700],[0,1]],[[74287,11700],[0,0]],[[74328,11701],[0,0]],[[74064,11702],[0,0]],[[74327,11702],[0,0]],[[74233,11700],[-1,0]],[[74063,11704],[0,-1]],[[74323,11704],[0,0]],[[74320,11703],[-1,0]],[[74281,11704],[0,1]],[[74281,11704],[0,0]],[[74321,11704],[0,1]],[[74064,11705],[0,1]],[[74069,11705],[1,1]],[[74288,11706],[0,-1]],[[74289,11707],[-1,-1]],[[74288,11706],[1,1]],[[74290,11707],[1,0]],[[74071,11706],[0,1]],[[74289,11707],[1,0]],[[74290,11707],[-1,0]],[[74267,11709],[1,0]],[[74268,11709],[13,-4]],[[74281,11704],[6,-3]],[[74287,11700],[0,-1]],[[74287,11699],[0,-1]],[[74287,11698],[-18,-30]],[[74269,11668],[-24,-6]],[[74245,11662],[-7,0]],[[74238,11663],[-14,-7]],[[74224,11656],[8,34]],[[74232,11691],[-2,3]],[[74230,11694],[32,15]],[[74262,11709],[1,0]],[[74263,11709],[4,0]],[[74069,11705],[0,-1]],[[74264,11710],[0,0]],[[74073,11709],[0,-1]],[[74262,11710],[-1,0]],[[74262,11709],[0,1]],[[74262,11710],[1,-1]],[[74267,11709],[1,1]],[[74268,11710],[0,-1]],[[74266,11710],[-1,0]],[[74256,11710],[-1,0]],[[74331,11711],[0,-1]],[[74063,11704],[-1,0]],[[74064,11663],[2,-8]],[[74066,11655],[-4,-27]],[[74061,11628],[-10,-18]],[[74051,11610],[-23,18]],[[74028,11628],[-1,1]],[[74027,11630],[15,32]],[[74042,11662],[-8,31]],[[74034,11693],[30,-29]],[[74268,11710],[0,1]],[[74270,11711],[0,1]],[[74254,11712],[0,0]],[[74345,11712],[1,0]],[[74268,11713],[0,-1]],[[74343,11714],[0,-1]],[[74344,11714],[0,0]],[[74343,11714],[0,0]],[[74250,11714],[0,0]],[[74374,11714],[0,1]],[[74250,11715],[-1,0]],[[74250,11715],[0,0]],[[74245,11715],[0,1]],[[74252,11716],[0,0]],[[74249,11715],[0,-1]],[[74249,11715],[-1,0]],[[74250,11715],[0,1]],[[74343,11717],[1,0]],[[74344,11717],[-1,0]],[[74058,11714],[-1,0]],[[74346,11719],[-1,0]],[[74346,11719],[0,0]],[[74268,11714],[-1,0]],[[74351,11719],[-1,0]],[[74353,11721],[-1,0]],[[74350,11721],[1,0]],[[74350,11721],[0,0]],[[74360,11721],[-1,0]],[[74248,11721],[-1,0]],[[74357,11722],[0,-1]],[[74358,11723],[0,-1]],[[74357,11723],[-1,0]],[[74250,11723],[1,0]],[[74380,11722],[-1,0]],[[74368,11724],[0,0]],[[74372,11724],[0,1]],[[74249,11724],[0,1]],[[74247,11733],[0,1]],[[74363,11737],[1,0]],[[74363,11737],[0,0]],[[74361,11739],[0,0]],[[74355,11742],[0,0]],[[74318,11742],[0,0]],[[74319,11742],[0,1]],[[74318,11743],[0,1]],[[74322,11748],[0,1]],[[74323,11748],[0,1]],[[74320,11748],[1,0]],[[74320,11751],[1,0]],[[74326,11753],[0,1]],[[74326,11753],[0,0]],[[74009,11756],[0,1]],[[74013,11760],[-1,0]],[[74336,11761],[1,0]],[[74337,11761],[26,-24]],[[74364,11737],[-6,-14]],[[74358,11723],[-8,-2]],[[74350,11721],[-4,-2]],[[74346,11719],[-1,0]],[[74345,11719],[-1,-2]],[[74343,11717],[-12,-6]],[[74331,11711],[-5,42]],[[74326,11753],[10,8]],[[74339,11764],[0,1]],[[74339,11764],[0,0]],[[74009,11765],[-1,0]],[[74009,11765],[0,1]],[[74009,11765],[0,0]],[[74009,11767],[0,0]],[[74338,11768],[0,-1]],[[74338,11767],[0,-1]],[[74338,11766],[1,-1]],[[74339,11764],[-2,-3]],[[74336,11761],[2,7]],[[74328,11767],[0,1]],[[74338,11766],[0,1]],[[74338,11767],[0,1]],[[74338,11768],[0,-2]],[[74010,11771],[1,0]],[[74336,11776],[0,1]],[[74336,11777],[0,-1]],[[74336,11776],[0,1]],[[74340,11780],[1,0]],[[74336,11780],[0,-1]],[[74023,11785],[0,1]],[[74011,11785],[0,1]],[[74013,11785],[0,1]],[[74014,11786],[0,1]],[[74012,11787],[0,1]],[[74032,11788],[-1,0]],[[74012,11792],[0,-1]],[[74333,11791],[0,1]],[[74013,11792],[-1,0]],[[74013,11792],[0,0]],[[74068,11793],[1,1]],[[74069,11794],[-1,-1]],[[74007,11794],[0,0]],[[74068,11793],[-1,0]],[[74031,11794],[0,1]],[[74031,11795],[0,-1]],[[74069,11794],[0,1]],[[74010,11796],[1,0]],[[74011,11796],[-1,0]],[[74057,11796],[0,-1]],[[74010,11796],[1,0]],[[74036,11797],[0,0]],[[74047,11800],[0,-1]],[[74047,11800],[0,0]],[[74018,11802],[-1,0]],[[74069,11807],[0,-1]],[[74014,11807],[0,0]],[[74069,11807],[-1,0]],[[74069,11807],[0,1]],[[73980,11808],[-1,0]],[[73997,11812],[-1,0]],[[74033,11813],[1,0]],[[73980,11812],[0,1]],[[73996,11814],[-1,0]],[[73995,11815],[0,0]],[[74033,11813],[-1,0]],[[73986,11815],[0,1]],[[73994,11816],[0,0]],[[73995,11815],[-1,1]],[[73994,11816],[1,-1]],[[74000,11817],[0,-1]],[[74000,11817],[0,1]],[[74069,11808],[-22,-8]],[[74047,11800],[-16,-5]],[[74031,11794],[-18,-2]],[[74013,11792],[56,16]],[[74074,11824],[0,1]],[[74074,11825],[0,-1]],[[74074,11824],[0,0]],[[74074,11825],[0,1]],[[74074,11825],[0,0]],[[74078,11826],[-1,0]],[[74073,11828],[0,-1]],[[74073,11828],[-1,0]],[[74086,11840],[0,-1]],[[74088,11840],[0,0]],[[74087,11840],[-1,0]],[[74087,11840],[0,0]],[[74088,11840],[0,1]],[[74087,11840],[1,1]],[[74077,11841],[1,0]],[[74074,11842],[0,-1]],[[74074,11842],[0,1]],[[74086,11843],[0,1]],[[74089,11848],[1,0]],[[74119,11847],[-1,0]],[[74108,11850],[0,0]],[[74108,11850],[-1,1]],[[74107,11851],[1,-1]],[[74107,11851],[0,1]],[[73954,11854],[0,-1]],[[74095,11854],[1,0]],[[73954,11854],[-1,0]],[[73952,11856],[1,0]],[[73953,11856],[-1,0]],[[73952,11856],[0,0]],[[73957,11855],[0,1]],[[73959,11858],[1,0]],[[73923,11858],[-1,0]],[[73924,11857],[0,1]],[[73925,11861],[-1,0]],[[73940,11861],[0,1]],[[73940,11863],[0,0]],[[73940,11863],[0,1]],[[74122,11864],[1,0]],[[74120,11864],[0,0]],[[74114,11864],[0,0]],[[73924,11863],[0,-1]],[[74120,11864],[0,1]],[[74115,11864],[-1,0]],[[74114,11864],[0,1]],[[74115,11865],[0,-1]],[[74115,11865],[1,0]],[[74120,11865],[-1,0]],[[74120,11865],[0,0]],[[74115,11865],[-1,0]],[[74115,11865],[0,0]],[[74114,11865],[-1,0]],[[74114,11865],[-1,1]],[[74113,11866],[1,0]],[[74114,11866],[0,-1]],[[74120,11866],[0,0]],[[74114,11866],[1,0]],[[74114,11866],[0,0]],[[74120,11866],[1,0]],[[74113,11866],[0,1]],[[74113,11866],[0,0]],[[74117,11867],[0,-1]],[[74117,11867],[0,0]],[[74119,11867],[1,0]],[[74119,11867],[0,-2]],[[74119,11865],[-2,2]],[[74117,11867],[2,0]],[[73922,11868],[1,0]],[[73923,11868],[-1,0]],[[74126,11868],[0,0]],[[74125,11868],[0,0]],[[74126,11869],[0,0]],[[74125,11868],[-1,1]],[[74124,11869],[0,1]],[[73932,11869],[-1,0]],[[73922,11868],[1,0]],[[74119,11872],[0,0]],[[74120,11873],[0,-1]],[[74131,11874],[1,0]],[[74131,11874],[0,0]],[[74131,11874],[0,1]],[[74129,11875],[-1,0]],[[74129,11875],[0,0]],[[74129,11875],[0,-1]],[[74119,11875],[0,0]],[[74124,11869],[-4,4]],[[74120,11873],[-1,2]],[[74119,11875],[5,-5]],[[74126,11878],[1,0]],[[74126,11878],[0,0]],[[74126,11879],[0,0]],[[74126,11879],[0,-1]],[[74126,11878],[0,1]],[[74124,11880],[-1,0]],[[74115,11881],[0,-1]],[[74127,11883],[0,-1]],[[73933,11881],[0,2]],[[73933,11883],[0,-2]],[[74123,11885],[-1,-1]],[[74122,11884],[0,1]],[[74122,11885],[1,0]],[[74127,11885],[1,0]],[[74128,11886],[0,0]],[[74130,11886],[0,-1]],[[74129,11886],[0,0]],[[74130,11886],[0,1]],[[74130,11886],[0,0]],[[74133,11888],[1,0]],[[74133,11888],[0,0]],[[74132,11893],[1,1]],[[74133,11894],[0,0]],[[74135,11895],[0,0]],[[74138,11896],[1,0]],[[74135,11895],[-1,0]],[[74135,11895],[-1,0]],[[74137,11895],[0,1]],[[74138,11896],[0,1]],[[74138,11896],[0,0]],[[74135,11898],[0,-1]],[[74135,11898],[1,0]],[[74135,11898],[0,0]],[[74125,11900],[0,-1]],[[74130,11900],[1,0]],[[74131,11900],[1,-7]],[[74132,11893],[-1,0]],[[74132,11893],[-2,-6]],[[74130,11887],[-1,-1]],[[74129,11886],[-1,0]],[[74128,11886],[0,1]],[[74128,11886],[0,1]],[[74128,11886],[-1,-1]],[[74127,11885],[0,-2]],[[74127,11883],[-5,1]],[[74122,11884],[1,1]],[[74122,11885],[8,15]],[[74128,11901],[0,-1]],[[74130,11900],[1,0]],[[74127,11902],[0,0]],[[74128,11901],[-3,-1]],[[74125,11900],[2,2]],[[74127,11902],[1,-1]],[[74141,11909],[0,1]],[[74114,11911],[0,0]],[[74115,11911],[0,1]],[[74115,11911],[0,0]],[[74115,11912],[1,0]],[[74115,11912],[0,0]],[[74117,11913],[1,0]],[[74118,11913],[-1,0]],[[74119,11913],[-1,0]],[[74119,11913],[0,0]],[[74137,11913],[0,0]],[[74138,11913],[-1,0]],[[74137,11913],[1,1]],[[74138,11914],[-1,0]],[[74138,11914],[0,-1]],[[74138,11913],[0,0]],[[74114,11914],[0,0]],[[74126,11913],[-1,0]],[[74141,11915],[-1,0]],[[74115,11915],[-1,0]],[[74115,11915],[0,0]],[[74139,11916],[0,0]],[[74141,11916],[1,1]],[[74142,11917],[-1,-1]],[[74121,11917],[0,0]],[[73930,11916],[-1,0]],[[74126,11918],[1,0]],[[74126,11918],[0,0]],[[74120,11918],[0,0]],[[73930,11922],[0,-1]],[[74145,11922],[1,0]],[[73929,11923],[0,0]],[[73930,11922],[1,1]],[[73931,11923],[-1,-1]],[[73941,11923],[0,1]],[[73941,11923],[0,0]],[[73959,11858],[-6,-2]],[[73953,11856],[-20,25]],[[73933,11883],[1,39]],[[73934,11922],[7,1]],[[73941,11923],[18,-65]],[[74156,11925],[-1,0]],[[73934,11927],[1,-1]],[[73935,11926],[1,0]],[[73936,11926],[-2,-4]],[[73934,11922],[-3,1]],[[73931,11923],[2,4]],[[73933,11927],[1,0]],[[74157,11930],[1,0]],[[74160,11930],[-1,0]],[[74149,11930],[0,0]],[[74149,11930],[-1,0]],[[73935,11926],[-1,1]],[[73934,11927],[-1,0]],[[73933,11927],[3,-1]],[[74148,11931],[0,0]],[[74150,11932],[0,0]],[[74154,11932],[0,1]],[[74151,11933],[1,0]],[[74151,11933],[0,0]],[[74123,11934],[0,0]],[[74151,11934],[0,0]],[[74154,11936],[-1,0]],[[74146,11940],[0,1]],[[74145,11946],[-1,0]],[[74145,11946],[0,0]],[[74145,11949],[0,0]],[[74144,11949],[0,1]],[[74144,11949],[0,0]],[[74120,11949],[-1,1]],[[74145,11949],[0,1]],[[74117,11950],[1,0]],[[74145,11950],[-1,0]],[[74145,11950],[0,0]],[[74145,11950],[0,1]],[[74145,11950],[1,0]],[[74145,11952],[0,-1]],[[74145,11952],[0,0]],[[74146,11952],[0,0]],[[74121,11953],[0,0]],[[74126,11953],[0,0]],[[74125,11953],[0,-1]],[[74125,11953],[-1,0]],[[74125,11953],[0,0]],[[74121,11953],[-1,-4]],[[74120,11949],[-1,1]],[[74119,11950],[2,3]],[[74121,11953],[-1,0]],[[74126,11954],[0,0]],[[74145,11953],[-1,1]],[[74144,11954],[1,1]],[[74145,11955],[0,-2]],[[74145,11955],[0,1]],[[74145,11956],[0,-1]],[[74145,11955],[0,0]],[[74146,11957],[0,0]],[[74146,11957],[0,1]],[[74146,11960],[0,1]],[[74147,11961],[0,1]],[[74148,11963],[-1,0]],[[74129,11963],[-1,0]],[[74129,11965],[-1,0]],[[74129,11965],[0,0]],[[74146,11966],[0,0]],[[74147,11966],[1,0]],[[74146,11966],[1,0]],[[74128,11966],[0,0]],[[74146,11966],[0,1]],[[74149,11968],[1,0]],[[74123,11968],[0,0]],[[74118,11968],[-1,0]],[[74121,11969],[1,0]],[[74121,11969],[0,0]],[[74150,11970],[0,0]],[[74147,11973],[0,-1]],[[74146,11972],[0,1]],[[74146,11972],[0,0]],[[74147,11973],[-1,0]],[[74146,11973],[0,1]],[[74146,11974],[1,-1]],[[74152,11975],[0,-1]],[[74152,11975],[-1,0]],[[74152,11975],[0,1]],[[74152,11976],[1,0]],[[74153,11976],[-1,-1]],[[74149,11977],[0,-1]],[[74117,11977],[0,-1]],[[74149,11977],[0,1]],[[74149,11977],[0,0]],[[74152,11976],[1,0]],[[74115,11979],[0,0]],[[74147,11980],[0,1]],[[74147,11981],[0,-1]],[[74146,11982],[0,1]],[[74146,11982],[0,0]],[[74148,11983],[0,-1]],[[74157,11982],[-1,0]],[[74148,11983],[0,0]],[[74146,11985],[0,1]],[[74146,11986],[0,-1]],[[74146,11983],[0,1]],[[74146,11984],[-1,1]],[[74145,11985],[1,0]],[[74146,11985],[0,-1]],[[74141,11986],[1,0]],[[74141,11986],[0,0]],[[74142,11986],[0,0]],[[74146,11986],[0,1]],[[74141,11987],[0,0]],[[74142,11996],[-1,0]],[[74142,11996],[0,-1]],[[74143,11996],[0,1]],[[74112,12000],[-1,0]],[[74141,12001],[1,0]],[[74112,12003],[-1,0]],[[74112,12004],[-1,0]],[[74108,12006],[1,0]],[[74109,12006],[-1,0]],[[74141,12011],[1,-1]],[[74142,12010],[-1,1]],[[74141,12011],[0,0]],[[74141,12012],[0,0]],[[74077,12013],[0,-1]],[[74078,12013],[0,0]],[[74074,12013],[0,0]],[[74140,12014],[0,0]],[[74048,12013],[0,1]],[[74140,12014],[1,0]],[[74049,12015],[0,-1]],[[74049,12015],[0,0]],[[74079,12015],[0,0]],[[74050,12015],[-1,0]],[[74050,12015],[0,0]],[[74080,12016],[0,0]],[[74081,12016],[-1,0]],[[74081,12016],[0,0]],[[74142,12016],[0,1]],[[74142,12017],[1,0]],[[74143,12017],[-1,-1]],[[74081,12016],[0,1]],[[74082,12017],[-1,0]],[[74082,12017],[0,0]],[[74081,12017],[0,0]],[[74142,12017],[0,1]],[[74142,12017],[0,0]],[[74081,12018],[1,0]],[[74081,12018],[0,0]],[[74082,12017],[0,1]],[[74104,12018],[0,0]],[[74142,12018],[0,1]],[[74142,12018],[0,0]],[[74143,12017],[-1,1]],[[74142,12018],[1,0]],[[74142,12019],[1,-2]],[[74091,12019],[0,0]],[[74139,12021],[1,0]],[[74140,12021],[-1,0]],[[74093,12022],[1,0]],[[74093,12022],[0,0]],[[74068,12030],[-1,0]],[[74066,12032],[0,0]],[[74066,12037],[0,-1]],[[74066,12036],[0,1]],[[74118,12039],[-1,0]],[[74118,12039],[0,0]],[[74042,12039],[0,0]],[[74048,12040],[0,-1]],[[74048,12040],[0,0]],[[74039,12040],[0,0]],[[74117,12041],[0,0]],[[74027,12041],[0,1]],[[74039,12042],[0,0]],[[74112,12043],[-1,0]],[[74112,12043],[0,0]],[[74112,12043],[0,1]],[[74112,12044],[-1,0]],[[74112,12044],[0,0]],[[74111,12044],[0,0]],[[74111,12044],[1,1]],[[74112,12045],[0,-1]],[[74112,12045],[0,0]],[[74113,12045],[-1,0]],[[74113,12045],[0,0]],[[74113,12046],[0,0]],[[74033,12047],[0,1]],[[74113,12048],[0,0]],[[74027,12049],[1,0]],[[74028,12049],[-1,0]],[[74113,12049],[0,0]],[[74034,12049],[-1,0]],[[74028,12049],[0,0]],[[74113,12050],[0,0]],[[74035,12050],[1,0]],[[74035,12050],[0,0]],[[74034,12050],[1,0]],[[74034,12050],[0,0]],[[74034,12049],[0,1]],[[74034,12049],[0,0]],[[74115,12051],[0,0]],[[74116,12051],[-1,0]],[[74116,12051],[0,0]],[[74035,12051],[-1,0]],[[74035,12051],[0,0]],[[74035,12051],[1,0]],[[74029,12051],[0,0]],[[74114,12051],[0,1]],[[74114,12051],[0,0]],[[74115,12051],[0,1]],[[74115,12051],[-1,0]],[[74036,12057],[0,1]],[[74036,12057],[0,0]],[[74113,12059],[0,0]],[[74027,12059],[0,0]],[[74032,12060],[0,0]],[[74034,12066],[0,-1]],[[74110,12066],[1,0]],[[74034,12066],[0,0]],[[74110,12067],[1,0]],[[74110,12067],[0,0]],[[74036,12067],[-1,0]],[[74036,12067],[0,1]],[[74110,12067],[0,1]],[[74110,12068],[1,-1]],[[74035,12068],[0,0]],[[74110,12068],[0,0]],[[74036,12068],[0,0]],[[74108,12069],[0,1]],[[74108,12070],[1,-1]],[[74109,12069],[-1,0]],[[74109,12070],[0,0]],[[74108,12071],[0,0]],[[74108,12071],[-1,0]],[[74036,12072],[0,0]],[[74107,12072],[0,0]],[[74108,12073],[0,0]],[[74035,12073],[-1,0]],[[74035,12073],[0,0]],[[74034,12073],[0,1]],[[74034,12073],[0,0]],[[74108,12074],[0,0]],[[74033,12074],[0,0]],[[74106,12075],[0,-1]],[[74106,12075],[0,0]],[[74033,12074],[0,1]],[[74106,12075],[1,0]],[[74033,12075],[0,1]],[[74033,12075],[0,0]],[[74107,12076],[0,0]],[[74032,12076],[1,0]],[[74032,12076],[0,0]],[[74108,12077],[0,-1]],[[74032,12076],[0,1]],[[74107,12077],[0,0]],[[74111,12077],[0,0]],[[74108,12077],[0,0]],[[74110,12077],[0,0]],[[74108,12077],[1,0]],[[74109,12078],[0,0]],[[74110,12077],[0,1]],[[74032,12077],[0,1]],[[74112,12078],[0,0]],[[74110,12078],[0,0]],[[74110,12079],[1,0]],[[74111,12080],[0,0]],[[74111,12081],[0,0]],[[74111,12082],[0,0]],[[74114,12082],[0,0]],[[74115,12082],[0,0]],[[74115,12082],[1,0]],[[73975,12083],[1,0]],[[74115,12084],[0,-1]],[[74115,12084],[0,0]],[[74116,12089],[-1,0]],[[74116,12091],[0,0]],[[74115,12092],[1,0]],[[74115,12092],[0,0]],[[74116,12092],[0,1]],[[74116,12092],[0,0]],[[74004,12094],[0,0]],[[74004,12094],[0,1]],[[74027,12095],[0,-1]],[[74032,12096],[0,-1]],[[74027,12095],[0,1]],[[74027,12095],[0,0]],[[74027,12096],[0,1]],[[74027,12097],[1,0]],[[74028,12097],[-1,-1]],[[74027,12096],[0,0]],[[74026,12097],[0,-1]],[[74022,12096],[0,1]],[[74026,12097],[1,0]],[[74026,12097],[0,0]],[[74023,12097],[0,0]],[[74120,12097],[0,0]],[[74120,12097],[-1,-1]],[[74119,12096],[0,1]],[[74119,12097],[1,0]],[[74027,12097],[0,0]],[[74004,12096],[-1,0]],[[74023,12098],[0,0]],[[74021,12098],[-1,0]],[[74024,12098],[0,1]],[[74024,12098],[0,0]],[[73998,12098],[1,0]],[[73995,12099],[0,-1]],[[74020,12101],[0,1]],[[74005,12100],[-1,0]],[[74118,12102],[1,0]],[[74021,12102],[0,0]],[[74118,12102],[0,0]],[[74018,12103],[0,-1]],[[74119,12103],[-1,0]],[[74119,12103],[0,0]],[[74021,12103],[0,0]],[[74119,12103],[0,1]],[[74119,12104],[0,-1]],[[74119,12104],[0,0]],[[74119,12106],[0,0]],[[74017,12106],[0,0]],[[74119,12106],[0,1]],[[74014,12108],[1,-1]],[[74118,12107],[0,1]],[[74118,12107],[0,0]],[[74014,12108],[-1,0]],[[74014,12108],[0,0]],[[74118,12109],[0,0]],[[74117,12109],[0,1]],[[74117,12109],[0,0]],[[74117,12110],[0,0]],[[74119,12111],[1,0]],[[74119,12111],[0,0]],[[74019,12111],[0,0]],[[74119,12111],[0,1]],[[74117,12114],[0,0]],[[74019,12114],[-1,0]],[[74019,12114],[0,0]],[[74018,12114],[0,0]],[[74018,12114],[-1,0]],[[74011,12115],[0,-1]],[[74012,12115],[-1,0]],[[74012,12115],[0,0]],[[74011,12115],[0,0]],[[74012,12115],[-1,1]],[[74116,12117],[0,0]],[[74116,12117],[0,1]],[[74116,12118],[0,-1]],[[74116,12118],[0,0]],[[74010,12120],[-1,0]],[[74009,12120],[0,1]],[[74009,12121],[1,0]],[[74010,12121],[0,-1]],[[74009,12121],[0,0]],[[74118,12121],[0,0]],[[74009,12121],[0,1]],[[74118,12122],[1,0]],[[74143,12122],[1,0]],[[74118,12123],[0,0]],[[74118,12123],[0,1]],[[74009,12120],[0,1]],[[74118,12124],[0,0]],[[74150,12125],[0,0]],[[74019,12125],[0,1]],[[74019,12125],[0,0]],[[74018,12127],[0,-1]],[[74129,12126],[0,1]],[[74134,12127],[0,0]],[[74128,12127],[0,0]],[[74128,12128],[0,0]],[[74127,12128],[0,0]],[[74131,12128],[-1,0]],[[74131,12128],[0,0]],[[74126,12128],[0,0]],[[74129,12128],[0,0]],[[74129,12128],[0,1]],[[74131,12128],[0,1]],[[74126,12129],[0,0]],[[74122,12129],[0,0]],[[74132,12129],[0,0]],[[74123,12129],[0,0]],[[74155,12129],[-1,0]],[[74155,12129],[0,0]],[[74123,12129],[0,1]],[[74166,12131],[1,0]],[[74166,12131],[0,0]],[[73995,12131],[0,0]],[[74135,12132],[-1,0]],[[74135,12132],[0,0]],[[74134,12132],[1,1]],[[74135,12133],[0,-1]],[[74172,12132],[0,1]],[[74172,12133],[1,0]],[[74172,12132],[1,0]],[[74133,12133],[0,0]],[[74133,12133],[0,1]],[[74138,12133],[0,1]],[[74138,12133],[0,0]],[[74128,12133],[0,1]],[[74128,12133],[0,0]],[[74138,12134],[0,0]],[[74130,12134],[1,0]],[[74130,12134],[0,0]],[[74004,12134],[0,-1]],[[74004,12134],[0,0]],[[74128,12134],[0,1]],[[74128,12134],[0,0]],[[74131,12134],[0,1]],[[74131,12134],[0,0]],[[74129,12134],[0,1]],[[74129,12134],[0,0]],[[74013,12135],[0,0]],[[74128,12135],[-1,0]],[[74139,12135],[0,0]],[[74131,12135],[0,0]],[[74140,12135],[0,0]],[[74114,12135],[0,0]],[[74113,12135],[0,0]],[[74112,12136],[0,1]],[[74112,12136],[0,0]],[[74111,12137],[0,0]],[[74011,12137],[0,0]],[[74010,12137],[0,1]],[[74172,12138],[0,0]],[[74111,12138],[0,0]],[[74110,12138],[0,1]],[[74110,12138],[0,0]],[[74109,12138],[0,1]],[[74109,12138],[0,0]],[[74108,12140],[1,0]],[[74108,12142],[0,0]],[[74107,12142],[0,0]],[[74105,12142],[1,0]],[[74002,12143],[0,0]],[[74105,12143],[0,0]],[[74001,12143],[0,1]],[[74001,12144],[-1,0]],[[74105,12144],[0,0]],[[74103,12144],[0,0]],[[74103,12144],[1,0]],[[74004,12144],[0,0]],[[74102,12144],[1,0]],[[74102,12144],[0,0]],[[74092,12144],[0,0]],[[74001,12144],[1,-1]],[[74002,12143],[-1,0]],[[74000,12144],[-1,0]],[[74091,12144],[0,0]],[[74093,12144],[0,0]],[[73999,12144],[0,0]],[[74096,12144],[0,1]],[[74096,12144],[0,0]],[[74094,12145],[0,0]],[[74096,12145],[1,0]],[[74096,12145],[0,0]],[[74103,12145],[0,0]],[[74098,12145],[0,1]],[[74098,12145],[0,0]],[[74091,12145],[0,1]],[[74091,12145],[0,0]],[[74093,12145],[0,1]],[[74101,12146],[0,0]],[[74091,12145],[0,1]],[[74091,12146],[0,0]],[[74006,12146],[1,1]],[[74092,12147],[0,0]],[[74007,12147],[0,0]],[[74105,12145],[-1,0]],[[74160,12148],[0,1]],[[74089,12149],[0,1]],[[74089,12149],[0,0]],[[74163,12151],[-1,0]],[[74163,12151],[0,0]],[[74168,12151],[0,1]],[[74168,12151],[0,0]],[[74163,12152],[0,0]],[[74148,12152],[0,0]],[[74156,12152],[0,1]],[[74164,12152],[1,1]],[[74163,12153],[0,0]],[[74173,12153],[-1,0]],[[74085,12153],[0,0]],[[74084,12154],[0,0]],[[74083,12154],[-1,0]],[[74082,12154],[0,1]],[[74082,12155],[1,0]],[[74083,12155],[0,-1]],[[74080,12154],[0,1]],[[74080,12154],[0,0]],[[74081,12155],[-1,0]],[[74081,12155],[0,0]],[[74079,12155],[1,0]],[[74079,12155],[0,0]],[[74082,12155],[0,0]],[[74083,12154],[0,0]],[[74082,12155],[-1,0]],[[74014,12155],[0,1]],[[74158,12156],[1,-1]],[[74159,12155],[-1,1]],[[74159,12155],[0,1]],[[74159,12156],[0,-1]],[[74089,12155],[0,-1]],[[74159,12157],[0,-1]],[[74159,12156],[-1,0]],[[74158,12156],[0,1]],[[74158,12157],[1,0]],[[74158,12157],[1,0]],[[74011,12159],[0,-1]],[[74016,12160],[0,0]],[[74014,12160],[0,1]],[[74014,12160],[0,0]],[[74014,12161],[0,-1]],[[74016,12164],[-1,0]],[[74021,12166],[-1,0]],[[74021,12166],[0,0]],[[74021,12167],[-1,0]],[[74021,12167],[0,0]],[[74020,12167],[0,1]],[[74020,12167],[0,0]],[[74020,12168],[1,0]],[[74020,12168],[0,0]],[[74020,12168],[0,1]],[[74021,12169],[0,0]],[[74078,12169],[0,1]],[[74078,12169],[0,0]],[[74022,12171],[0,0]],[[74022,12171],[0,1]],[[73999,12176],[0,-1]],[[73999,12176],[0,0]],[[73999,12176],[-1,0]],[[73992,12176],[0,0]],[[73997,12175],[-1,1]],[[73994,12177],[1,0]],[[73992,12176],[0,-1]],[[74075,12177],[0,0]],[[74078,12177],[-1,0]],[[74076,12178],[0,-1]],[[74075,12179],[0,0]],[[73992,12180],[0,-1]],[[74075,12179],[0,1]],[[73992,12180],[0,0]],[[74075,12180],[0,0]],[[73997,12180],[0,-1]],[[73992,12181],[0,0]],[[73994,12181],[0,0]],[[73996,12181],[0,0]],[[73992,12181],[-1,0]],[[74077,12181],[0,0]],[[74074,12181],[0,0]],[[73997,12182],[0,-1]],[[73997,12182],[0,0]],[[73992,12183],[0,-1]],[[73992,12182],[0,-1]],[[73992,12182],[-1,1]],[[73991,12183],[1,0]],[[73992,12182],[1,0]],[[73993,12182],[-1,-1]],[[74073,12183],[0,0]],[[74071,12184],[0,0]],[[73990,12185],[0,-1]],[[73990,12185],[0,0]],[[74009,12185],[-1,0]],[[74008,12185],[1,0]],[[73987,12185],[1,0]],[[73988,12185],[0,-1]],[[73988,12184],[-1,0]],[[73988,12184],[-1,1]],[[73988,12185],[0,-1]],[[73987,12185],[0,1]],[[73987,12185],[0,0]],[[73991,12183],[0,3]],[[73991,12186],[1,-1]],[[73992,12185],[0,-2]],[[74071,12187],[1,0]],[[74071,12187],[0,0]],[[74074,12187],[0,0]],[[73992,12187],[0,0]],[[73987,12186],[0,1]],[[73987,12187],[0,1]],[[73987,12187],[0,0]],[[73987,12188],[0,-1]],[[74071,12188],[0,0]],[[73992,12188],[0,0]],[[74071,12189],[1,0]],[[74071,12189],[0,0]],[[74071,12190],[1,0]],[[74071,12190],[0,0]],[[74072,12192],[1,0]],[[74072,12192],[0,0]],[[74073,12193],[0,1]],[[74073,12194],[0,-1]],[[74074,12194],[0,0]],[[74074,12194],[-1,0]],[[73997,12195],[0,1]],[[73997,12195],[0,0]],[[73998,12196],[0,0]],[[73997,12196],[0,0]],[[74073,12196],[1,0]],[[73992,12200],[0,0]],[[73993,12200],[0,0]],[[74073,12201],[1,0]],[[74073,12201],[0,0]],[[73999,12199],[-1,0]],[[74001,12202],[0,0]],[[73991,12202],[-1,0]],[[74073,12202],[0,1]],[[74073,12202],[0,0]],[[74001,12203],[0,0]],[[74073,12203],[0,0]],[[74073,12203],[-1,0]],[[74073,12204],[-1,0]],[[74073,12204],[0,0]],[[74072,12203],[0,1]],[[74072,12203],[0,0]],[[74073,12203],[0,1]],[[74002,12204],[-1,0]],[[74002,12204],[0,0]],[[73989,12204],[0,0]],[[74002,12204],[0,1]],[[74072,12204],[0,1]],[[74072,12205],[1,0]],[[74073,12205],[0,-1]],[[73989,12204],[0,1]],[[74001,12204],[0,1]],[[74001,12204],[0,0]],[[74072,12205],[0,0]],[[74001,12205],[0,0]],[[74002,12205],[-1,0]],[[74002,12205],[0,0]],[[74073,12205],[0,0]],[[73999,12206],[1,0]],[[74000,12206],[-1,0]],[[74072,12205],[-1,1]],[[74071,12206],[1,-1]],[[73999,12206],[-1,0]],[[74000,12206],[0,0]],[[73997,12206],[-1,0]],[[73997,12206],[0,0]],[[74071,12206],[0,0]],[[73996,12206],[0,0]],[[73994,12207],[0,-1]],[[74000,12206],[1,1]],[[74001,12207],[0,-1]],[[74001,12206],[-1,0]],[[73996,12206],[0,1]],[[73996,12207],[1,0]],[[73997,12207],[0,-1]],[[73999,12207],[0,0]],[[73997,12207],[0,0]],[[73995,12207],[-1,0]],[[73995,12207],[0,0]],[[73996,12207],[0,0]],[[73996,12207],[-1,0]],[[73998,12208],[0,0]],[[73999,12208],[-1,0]],[[73998,12208],[0,1]],[[73998,12209],[1,0]],[[73999,12209],[0,-1]],[[73997,12209],[0,-1]],[[73999,12208],[0,0]],[[73999,12209],[0,0]],[[73998,12209],[0,0]],[[73997,12209],[0,0]],[[73997,12209],[1,1]],[[73998,12210],[0,-1]],[[73998,12209],[-1,0]],[[73999,12209],[0,1]],[[73998,12210],[0,0]],[[73999,12210],[-1,0]],[[73999,12210],[0,0]],[[73999,12211],[0,0]],[[73997,12211],[0,0]],[[73999,12211],[0,1]],[[73999,12212],[0,-1]],[[74001,12214],[0,1]],[[74001,12214],[0,0]],[[74002,12216],[0,0]],[[73995,12217],[0,-1]],[[74004,12218],[0,0]],[[74002,12219],[-1,0]],[[74002,12219],[0,0]],[[73997,12219],[0,0]],[[74004,12219],[0,0]],[[73998,12219],[0,-1]],[[73998,12219],[1,0]],[[73998,12219],[0,0]],[[74004,12220],[0,0]],[[74073,12220],[0,0]],[[74073,12221],[1,0]],[[73995,12222],[-1,0]],[[74074,12222],[1,0]],[[74074,12222],[0,0]],[[74003,12224],[0,0]],[[74001,12224],[0,0]],[[74074,12224],[0,0]],[[74003,12224],[-1,0]],[[74075,12224],[0,0]],[[74075,12224],[0,1]],[[74075,12225],[1,1]],[[74076,12226],[-1,-1]],[[74003,12225],[0,1]],[[74001,12227],[0,-1]],[[74001,12227],[0,0]],[[74003,12227],[1,0]],[[74003,12227],[0,0]],[[74077,12227],[0,0]],[[74002,12226],[0,1]],[[74003,12227],[0,1]],[[74002,12228],[-1,0]],[[74002,12228],[0,0]],[[74004,12228],[-1,0]],[[74004,12228],[0,0]],[[74077,12228],[0,1]],[[74077,12228],[0,0]],[[74004,12229],[-1,1]],[[74003,12230],[1,-1]],[[74077,12230],[0,0]],[[74077,12230],[1,0]],[[74078,12231],[0,0]],[[74077,12231],[0,0]],[[73997,12231],[0,-1]],[[74001,12232],[0,-1]],[[73994,12232],[0,-1]],[[73995,12232],[-1,0]],[[73995,12232],[0,0]],[[74078,12233],[0,0]],[[73994,12232],[1,1]],[[73995,12233],[0,-1]],[[73996,12232],[-1,1]],[[73995,12233],[1,0]],[[73996,12233],[0,-1]],[[73995,12233],[0,0]],[[74078,12234],[0,1]],[[74078,12234],[0,0]],[[73994,12235],[0,0]],[[74078,12235],[0,1]],[[74078,12235],[0,0]],[[74078,12236],[0,0]],[[73992,12236],[0,0]],[[73993,12237],[0,-1]],[[74082,12237],[0,-1]],[[73990,12237],[0,-1]],[[73990,12237],[0,0]],[[73991,12238],[0,-1]],[[73989,12238],[0,-1]],[[73989,12237],[0,1]],[[73981,12237],[0,1]],[[73989,12238],[0,0]],[[73987,12237],[0,1]],[[73987,12237],[0,0]],[[73990,12238],[0,0]],[[73989,12238],[1,0]],[[73987,12238],[0,0]],[[73987,12239],[0,0]],[[73988,12239],[-1,0]],[[73988,12239],[0,0]],[[73988,12239],[0,1]],[[73984,12240],[0,1]],[[73984,12240],[0,0]],[[74082,12242],[0,0]],[[73984,12241],[-1,0]],[[73982,12242],[0,0]],[[73981,12242],[0,0]],[[73979,12242],[-1,0]],[[73979,12242],[0,0]],[[73979,12242],[0,1]],[[73981,12242],[0,1]],[[73982,12243],[0,0]],[[74083,12243],[0,0]],[[74083,12244],[0,0]],[[73979,12244],[0,0]],[[73982,12245],[0,-1]],[[73982,12244],[0,1]],[[74083,12245],[0,0]],[[73979,12245],[-1,0]],[[73982,12245],[0,0]],[[73982,12245],[0,1]],[[74083,12246],[0,0]],[[74085,12246],[-1,0]],[[74085,12246],[0,0]],[[74087,12246],[0,0]],[[74086,12246],[0,0]],[[74085,12246],[0,1]],[[74086,12247],[0,0]],[[73979,12247],[0,-1]],[[74088,12248],[0,0]],[[73977,12248],[-1,0]],[[73978,12248],[0,1]],[[74089,12249],[1,0]],[[73974,12250],[-1,0]],[[73974,12250],[0,0]],[[73974,12250],[0,1]],[[74089,12251],[1,0]],[[74089,12252],[0,0]],[[73973,12252],[0,-1]],[[73973,12252],[-1,0]],[[74090,12255],[-1,0]],[[73970,12255],[1,0]],[[73971,12255],[-1,0]],[[73970,12255],[0,-1]],[[73971,12255],[0,0]],[[73972,12256],[0,-2]],[[73972,12254],[0,2]],[[74088,12256],[1,0]],[[74088,12256],[0,0]],[[74089,12257],[-1,0]],[[74089,12257],[0,0]],[[73972,12257],[-1,0]],[[73972,12257],[0,0]],[[73971,12257],[1,1]],[[74089,12257],[0,-1]],[[74089,12257],[-1,1]],[[74088,12258],[0,1]],[[74088,12259],[1,-2]],[[74087,12259],[-1,1]],[[74086,12260],[1,0]],[[74087,12260],[0,-1]],[[73971,12259],[-1,0]],[[74087,12260],[0,0]],[[74086,12261],[1,0]],[[74086,12261],[0,0]],[[74087,12261],[0,1]],[[74087,12261],[0,0]],[[74088,12262],[1,0]],[[73971,12263],[-1,0]],[[74086,12263],[0,0]],[[74028,12263],[0,0]],[[74032,12263],[-1,0]],[[74031,12263],[1,0]],[[74027,12264],[0,0]],[[74086,12264],[0,0]],[[74035,12265],[0,0]],[[74026,12264],[0,1]],[[74037,12266],[0,0]],[[73971,12266],[0,-1]],[[73969,12265],[-1,0]],[[74039,12266],[0,0]],[[74018,12267],[1,0]],[[74018,12267],[0,0]],[[74088,12268],[0,-1]],[[74024,12267],[0,1]],[[74088,12268],[1,0]],[[74088,12268],[0,0]],[[73967,12268],[0,0]],[[73962,12268],[-1,0]],[[73962,12268],[0,0]],[[74042,12268],[0,0]],[[73962,12268],[0,1]],[[74043,12268],[0,1]],[[74043,12268],[0,0]],[[74089,12268],[1,1]],[[74090,12269],[-1,-1]],[[73970,12268],[-3,0]],[[73967,12268],[3,1]],[[73970,12269],[0,-1]],[[73965,12269],[0,-1]],[[74044,12269],[0,0]],[[73965,12269],[-1,0]],[[73965,12269],[0,1]],[[73965,12269],[0,0]],[[74015,12269],[0,1]],[[74015,12269],[0,0]],[[74014,12270],[0,0]],[[73962,12270],[0,0]],[[73962,12270],[1,0]],[[74090,12269],[0,1]],[[74090,12270],[1,0]],[[74091,12270],[-1,-1]],[[73968,12270],[1,0]],[[73968,12270],[0,0]],[[74091,12270],[0,0]],[[74013,12270],[0,0]],[[74019,12270],[0,1]],[[74020,12270],[0,1]],[[74095,12270],[-1,-1]],[[74048,12271],[0,0]],[[73967,12271],[0,0]],[[74096,12271],[0,1]],[[73964,12272],[0,-1]],[[74049,12271],[0,1]],[[74049,12271],[0,0]],[[73967,12272],[0,0]],[[73965,12272],[0,0]],[[74011,12272],[0,0]],[[73964,12272],[0,0]],[[74097,12272],[1,0]],[[73964,12272],[0,1]],[[73964,12272],[1,0]],[[74050,12272],[0,1]],[[74050,12272],[0,0]],[[73958,12273],[0,0]],[[73954,12274],[0,-1]],[[73958,12274],[0,0]],[[73957,12274],[0,0]],[[74095,12274],[0,0]],[[73959,12274],[0,0]],[[73954,12274],[1,0]],[[73954,12274],[0,0]],[[73963,12274],[-1,0]],[[73959,12275],[-1,0]],[[73959,12275],[0,0]],[[74095,12274],[-1,0]],[[74012,12275],[0,0]],[[74011,12275],[0,0]],[[73959,12275],[0,1]],[[73959,12276],[1,0]],[[73960,12276],[-1,-1]],[[74011,12276],[1,0]],[[73960,12276],[0,0]],[[73963,12276],[0,-1]],[[74054,12276],[0,0]],[[73959,12276],[0,0]],[[74094,12277],[0,-1]],[[74096,12277],[0,-1]],[[74059,12277],[0,0]],[[73960,12277],[0,0]],[[74058,12277],[0,0]],[[74061,12278],[0,0]],[[74082,12278],[0,0]],[[73950,12279],[1,-1]],[[74061,12278],[-1,0]],[[74060,12278],[1,0]],[[74013,12279],[0,0]],[[74083,12279],[0,0]],[[74080,12279],[0,0]],[[74064,12279],[-1,0]],[[73950,12279],[-1,0]],[[73950,12279],[0,1]],[[73950,12280],[0,-1]],[[73953,12280],[1,-1]],[[73954,12279],[0,1]],[[73954,12279],[0,0]],[[74070,12280],[1,0]],[[74079,12280],[0,0]],[[73954,12280],[0,0]],[[74061,12280],[0,0]],[[74077,12280],[0,0]],[[73952,12280],[0,1]],[[73952,12280],[0,0]],[[73955,12281],[0,-1]],[[74014,12280],[0,1]],[[74014,12280],[0,0]],[[73953,12280],[-1,0]],[[73952,12281],[1,0]],[[73953,12281],[0,-1]],[[74077,12281],[0,0]],[[73953,12280],[0,0]],[[74014,12281],[0,-1]],[[73954,12280],[0,1]],[[73954,12281],[-1,0]],[[74063,12281],[0,-1]],[[74013,12281],[0,0]],[[74078,12281],[0,0]],[[73956,12282],[0,0]],[[74071,12281],[-1,0]],[[73955,12282],[0,0]],[[73954,12281],[1,1]],[[73955,12282],[0,-1]],[[73955,12281],[-1,0]],[[74012,12283],[0,0]],[[74063,12281],[0,1]],[[73953,12283],[0,0]],[[74069,12284],[1,0]],[[74070,12284],[-1,0]],[[73953,12283],[0,1]],[[73955,12284],[0,0]],[[74071,12284],[-1,0]],[[74070,12284],[0,1]],[[74070,12285],[1,0]],[[74071,12285],[0,-1]],[[74071,12284],[0,0]],[[74011,12284],[0,1]],[[74011,12285],[1,0]],[[74012,12285],[0,-1]],[[74012,12284],[-1,0]],[[73943,12285],[0,0]],[[73955,12285],[-1,0]],[[73955,12285],[0,0]],[[74069,12284],[1,1]],[[73942,12285],[1,0]],[[73943,12285],[-1,0]],[[73953,12285],[0,0]],[[73954,12285],[0,0]],[[73942,12285],[0,0]],[[74070,12285],[0,0]],[[74070,12285],[0,1]],[[73954,12286],[0,0]],[[73950,12286],[0,0]],[[73950,12286],[1,0]],[[73945,12286],[1,0]],[[73945,12286],[-1,0]],[[73945,12286],[0,1]],[[73950,12286],[0,1]],[[73950,12286],[0,1]],[[74013,12287],[0,0]],[[73947,12287],[-1,0]],[[73947,12287],[0,0]],[[73951,12286],[0,1]],[[73951,12287],[-1,0]],[[73951,12287],[1,0]],[[73952,12287],[-1,-1]],[[73947,12287],[0,1]],[[73947,12288],[0,-1]],[[74012,12288],[0,0]],[[73947,12288],[0,1]],[[73947,12288],[0,-1]],[[74012,12289],[0,0]],[[74012,12288],[0,1]],[[74012,12289],[0,-1]],[[73945,12290],[0,-1]],[[73945,12290],[1,0]],[[73949,12290],[-1,0]],[[73949,12290],[0,0]],[[73948,12290],[2,-1]],[[73950,12289],[-2,1]],[[73948,12290],[-1,0]],[[74013,12292],[0,-1]],[[74013,12292],[0,0]],[[74012,12292],[0,-1]],[[74012,12292],[0,0]],[[74014,12292],[0,0]],[[74014,12292],[-1,0]],[[74012,12293],[0,0]],[[74013,12293],[0,0]],[[74014,12293],[0,-1]],[[74014,12293],[1,0]],[[74013,12293],[-1,0]],[[74012,12293],[0,-1]],[[74014,12293],[-1,0]],[[74014,12293],[0,0]],[[74012,12293],[0,1]],[[74014,12293],[0,1]],[[74014,12294],[1,-1]],[[74094,12294],[1,0]],[[74095,12294],[-1,0]],[[74014,12294],[-1,0]],[[74095,12294],[0,0]],[[73945,12294],[-1,0]],[[74094,12294],[0,1]],[[74094,12294],[0,0]],[[74094,12295],[-1,0]],[[74095,12294],[0,1]],[[73948,12296],[0,-1]],[[73945,12296],[0,-1]],[[73948,12296],[1,0]],[[73948,12296],[0,0]],[[73945,12296],[1,0]],[[73945,12296],[0,0]],[[73949,12296],[0,0]],[[73946,12296],[0,0]],[[74096,12296],[1,0]],[[73947,12296],[0,0]],[[73943,12296],[1,1]],[[73945,12296],[0,1]],[[73947,12296],[-1,0]],[[73945,12297],[1,0]],[[73946,12297],[0,-1]],[[73948,12297],[1,0]],[[73948,12297],[0,0]],[[73947,12297],[0,0]],[[73946,12297],[1,0]],[[73946,12297],[0,0]],[[73947,12297],[0,1]],[[73944,12298],[0,0]],[[73948,12298],[0,0]],[[73945,12298],[0,1]],[[74008,12298],[0,1]],[[73946,12299],[0,0]],[[73946,12299],[0,1]],[[73945,12300],[0,1]],[[74008,12300],[0,1]],[[73947,12301],[0,1]],[[73947,12301],[0,0]],[[74014,12302],[0,0]],[[73947,12302],[0,0]],[[74013,12302],[-1,0]],[[73947,12302],[1,1]],[[73947,12303],[-1,0]],[[73942,12304],[1,0]],[[73947,12304],[0,0]],[[73940,12304],[-1,0]],[[73940,12304],[2,0]],[[73942,12304],[-2,0]],[[73945,12304],[0,1]],[[73946,12305],[0,0]],[[73946,12305],[1,1]],[[73947,12306],[-1,-1]],[[73947,12306],[0,0]],[[73942,12307],[0,-1]],[[73942,12307],[1,0]],[[73945,12308],[0,-1]],[[73945,12308],[0,0]],[[73947,12309],[0,-1]],[[73947,12309],[0,0]],[[73944,12309],[0,0]],[[73942,12310],[0,0]],[[73942,12310],[1,0]],[[73943,12310],[-1,0]],[[73945,12310],[-1,0]],[[73945,12310],[1,0]],[[73945,12310],[0,0]],[[73943,12310],[0,0]],[[74026,12311],[1,0]],[[74025,12311],[0,0]],[[74025,12311],[0,1]],[[74027,12312],[1,0]],[[74027,12312],[0,0]],[[74021,12312],[0,0]],[[74022,12312],[0,0]],[[73942,12313],[0,-1]],[[74022,12312],[-1,0]],[[74021,12312],[0,1]],[[74021,12313],[1,0]],[[74022,12313],[0,-1]],[[73942,12313],[1,0]],[[73943,12313],[-1,0]],[[74022,12313],[1,0]],[[73944,12314],[0,0]],[[73943,12313],[1,1]],[[73944,12314],[1,0]],[[73945,12314],[-2,-1]],[[73942,12313],[-1,0]],[[73939,12314],[-1,0]],[[73944,12315],[0,0]],[[73942,12316],[-1,0]],[[73942,12316],[1,-1]],[[74029,12316],[0,0]],[[73939,12317],[1,-1]],[[73942,12316],[0,1]],[[73942,12316],[1,1]],[[73943,12317],[0,-1]],[[73943,12316],[-1,0]],[[73941,12317],[0,0]],[[73938,12317],[0,0]],[[73939,12317],[1,0]],[[73939,12317],[-1,1]],[[73936,12318],[0,-1]],[[73942,12317],[-1,0]],[[73941,12317],[1,1]],[[73942,12318],[0,-1]],[[73936,12318],[0,1]],[[73936,12318],[0,0]],[[74030,12321],[0,0]],[[74032,12322],[0,0]],[[74029,12322],[1,0]],[[74029,12322],[0,0]],[[73942,12322],[-1,0]],[[73942,12322],[0,0]],[[73939,12322],[1,0]],[[73939,12322],[0,0]],[[74030,12322],[0,1]],[[74030,12322],[0,0]],[[73940,12323],[0,-1]],[[73939,12322],[1,1]],[[74031,12323],[0,0]],[[74027,12323],[1,0]],[[73940,12323],[0,0]],[[74028,12324],[0,0]],[[73936,12324],[0,1]],[[74031,12325],[0,-1]],[[74028,12324],[0,1]],[[74028,12325],[0,-1]],[[73937,12325],[0,0]],[[73940,12325],[0,-1]],[[73940,12325],[0,0]],[[73940,12325],[1,0]],[[74031,12325],[0,0]],[[74035,12326],[0,0]],[[73941,12327],[0,-1]],[[73941,12327],[0,0]],[[73941,12326],[-1,1]],[[73940,12327],[1,0]],[[74035,12326],[0,1]],[[73936,12327],[-1,0]],[[73940,12327],[0,1]],[[74034,12328],[0,-1]],[[74034,12328],[0,0]],[[73941,12329],[0,0]],[[74037,12329],[0,0]],[[74037,12329],[-1,0]],[[73940,12330],[0,-1]],[[73941,12330],[-1,0]],[[73941,12330],[0,0]],[[73940,12330],[0,0]],[[74038,12330],[0,0]],[[74038,12330],[1,0]],[[74038,12331],[0,-1]],[[74038,12330],[0,1]],[[74038,12331],[0,0]],[[74037,12332],[0,0]],[[74040,12332],[-1,0]],[[74045,12333],[0,1]],[[74045,12334],[1,0]],[[74046,12334],[-1,-1]],[[74046,12334],[0,0]],[[74047,12334],[0,0]],[[74048,12334],[1,0]],[[74048,12334],[0,0]],[[74047,12334],[1,0]],[[73939,12334],[-1,0]],[[73940,12335],[0,0]],[[73990,12335],[0,0]],[[73940,12337],[0,-1]],[[73940,12336],[0,1]],[[73940,12337],[0,0]],[[73965,12336],[0,1]],[[73965,12336],[0,0]],[[73965,12337],[1,0]],[[73964,12337],[0,1]],[[73964,12337],[0,0]],[[74051,12338],[0,-1]],[[73940,12338],[-1,0]],[[73940,12338],[0,0]],[[73981,12338],[0,0]],[[73982,12338],[0,0]],[[73981,12339],[0,0]],[[73974,12339],[0,0]],[[74057,12339],[0,0]],[[73975,12339],[0,1]],[[73975,12339],[0,0]],[[73962,12339],[0,1]],[[73962,12340],[0,-1]],[[73973,12340],[0,0]],[[73976,12340],[0,0]],[[73976,12340],[-1,0]],[[74078,12339],[1,2]],[[74079,12341],[-1,-2]],[[73976,12340],[0,1]],[[74078,12341],[1,0]],[[74078,12339],[-2,1]],[[74076,12340],[1,1]],[[74077,12341],[1,0]],[[73976,12341],[0,0]],[[73975,12340],[0,1]],[[73975,12340],[0,0]],[[74070,12341],[0,-1]],[[74070,12341],[0,0]],[[73971,12341],[0,0]],[[74071,12341],[0,0]],[[74069,12342],[1,-1]],[[73975,12341],[-1,1]],[[73974,12342],[1,-1]],[[73972,12342],[0,0]],[[73974,12342],[1,1]],[[73975,12343],[-1,-1]],[[74069,12342],[0,1]],[[74069,12342],[0,0]],[[73971,12342],[0,1]],[[73971,12343],[0,-1]],[[73930,12342],[0,1]],[[73930,12342],[0,0]],[[73932,12343],[-1,0]],[[73932,12343],[0,0]],[[74059,12343],[0,0]],[[73984,12343],[0,0]],[[73971,12343],[0,0]],[[73931,12343],[0,0]],[[73930,12343],[1,0]],[[73936,12343],[0,0]],[[73975,12343],[1,1]],[[73976,12344],[-1,-1]],[[73931,12344],[0,0]],[[73931,12343],[0,1]],[[73935,12343],[0,1]],[[73936,12344],[0,0]],[[73962,12344],[1,0]],[[73933,12344],[0,0]],[[73932,12344],[0,0]],[[73933,12344],[0,1]],[[73962,12345],[0,0]],[[74081,12343],[3,2]],[[74084,12345],[-3,-2]],[[73976,12344],[1,0]],[[73893,12345],[0,-1]],[[73962,12345],[1,0]],[[73940,12345],[0,0]],[[73935,12345],[-1,0]],[[74067,12345],[-1,1]],[[74066,12346],[1,-1]],[[74084,12345],[-1,0]],[[74084,12345],[0,1]],[[73963,12345],[-1,1]],[[73935,12346],[0,0]],[[74063,12346],[0,0]],[[73933,12346],[0,0]],[[74063,12346],[1,1]],[[74064,12347],[-1,-1]],[[73933,12347],[-1,0]],[[73933,12347],[0,0]],[[73934,12347],[-1,0]],[[73934,12347],[0,0]],[[73934,12347],[0,1]],[[73962,12347],[0,1]],[[73931,12348],[0,0]],[[73933,12348],[0,0]],[[73932,12349],[0,-1]],[[73933,12349],[0,0]],[[73930,12349],[0,0]],[[73932,12349],[0,0]],[[73932,12349],[-1,0]],[[73961,12349],[1,0]],[[73961,12349],[0,0]],[[73990,12349],[2,0]],[[73933,12349],[0,1]],[[73933,12349],[-1,0]],[[73932,12349],[0,1]],[[73932,12350],[1,0]],[[73990,12349],[0,1]],[[73990,12349],[0,0]],[[73962,12349],[0,1]],[[73962,12349],[0,0]],[[73960,12350],[0,0]],[[73933,12350],[0,0]],[[73993,12350],[0,0]],[[73990,12350],[1,0]],[[73932,12350],[0,1]],[[73932,12351],[1,-1]],[[73961,12350],[0,1]],[[73961,12350],[0,0]],[[73992,12350],[0,1]],[[73992,12350],[0,0]],[[73992,12351],[0,0]],[[73921,12351],[0,0]],[[73897,12352],[0,-1]],[[73930,12351],[0,1]],[[73930,12351],[0,0]],[[73961,12351],[-1,1]],[[73960,12352],[1,-1]],[[73960,12352],[0,0]],[[73955,12352],[0,1]],[[73955,12352],[0,0]],[[73993,12352],[0,1]],[[73993,12352],[0,0]],[[73962,12350],[0,1]],[[73923,12354],[-1,0]],[[73923,12354],[0,0]],[[73955,12354],[0,0]],[[73929,12354],[0,1]],[[73929,12354],[0,0]],[[73929,12355],[0,0]],[[74071,12355],[-1,-1]],[[74070,12354],[1,1]],[[74071,12355],[0,1]],[[74075,12355],[0,1]],[[73956,12356],[-1,0]],[[73956,12356],[0,0]],[[73928,12356],[0,0]],[[73955,12356],[0,0]],[[73914,12356],[-1,0]],[[73914,12356],[0,0]],[[73929,12356],[-1,0]],[[73928,12356],[1,1]],[[73929,12357],[0,-1]],[[73914,12356],[0,1]],[[73956,12356],[0,1]],[[73956,12357],[0,-1]],[[73992,12357],[-1,0]],[[73992,12357],[0,0]],[[73951,12357],[0,1]],[[73951,12357],[0,0]],[[74068,12357],[0,1]],[[73929,12358],[-1,0]],[[73929,12358],[0,0]],[[73953,12358],[0,0]],[[73928,12359],[0,0]],[[73929,12359],[0,0]],[[73953,12359],[0,0]],[[73928,12359],[-1,1]],[[73927,12360],[1,0]],[[73928,12360],[0,-1]],[[73927,12360],[0,0]],[[73929,12360],[0,-1]],[[73929,12360],[0,0]],[[73928,12360],[0,0]],[[73990,12360],[0,1]],[[73990,12360],[0,0]],[[73918,12360],[-1,1]],[[73952,12361],[0,0]],[[73990,12361],[-1,0]],[[73990,12361],[0,0]],[[73951,12361],[0,0]],[[73927,12362],[-1,0]],[[73927,12362],[0,0]],[[73923,12362],[-1,0]],[[73952,12363],[0,0]],[[73951,12363],[0,0]],[[73926,12363],[0,0]],[[73951,12363],[1,0]],[[73925,12363],[-1,0]],[[73925,12363],[0,0]],[[73922,12363],[0,0]],[[73924,12363],[0,0]],[[73916,12363],[0,0]],[[73989,12363],[0,0]],[[73925,12364],[0,-1]],[[73925,12364],[0,0]],[[73915,12364],[0,-1]],[[73951,12363],[1,0]],[[73916,12364],[1,0]],[[73922,12364],[0,0]],[[73950,12364],[1,0]],[[73950,12364],[0,0]],[[73921,12364],[-1,0]],[[73921,12364],[0,0]],[[73915,12364],[-1,0]],[[73916,12364],[-1,0]],[[73916,12364],[0,0]],[[73922,12364],[0,1]],[[73922,12364],[-1,0]],[[73921,12364],[0,1]],[[73921,12365],[1,0]],[[73921,12365],[0,0]],[[73921,12365],[-1,1]],[[73920,12366],[1,-1]],[[73919,12365],[0,1]],[[73918,12366],[0,-1]],[[73920,12366],[0,0]],[[73918,12366],[0,0]],[[73952,12366],[0,-1]],[[73952,12366],[0,0]],[[73920,12366],[0,1]],[[73953,12368],[0,1]],[[73953,12369],[0,-1]],[[73989,12369],[-1,-1]],[[73953,12368],[0,0]],[[74033,12369],[-1,0]],[[74033,12369],[0,0]],[[73918,12369],[0,0]],[[74032,12369],[0,0]],[[73952,12369],[0,1]],[[73952,12370],[1,-1]],[[73953,12369],[-1,0]],[[74035,12370],[-1,0]],[[74035,12370],[0,0]],[[73952,12370],[-1,0]],[[73951,12370],[0,1]],[[73951,12371],[1,0]],[[73952,12371],[0,-1]],[[74029,12371],[0,0]],[[73920,12371],[-1,0]],[[73920,12371],[0,0]],[[73919,12371],[-1,0]],[[73919,12371],[0,0]],[[74009,12370],[-1,-1]],[[74008,12369],[-1,0]],[[74007,12369],[2,1]],[[74024,12371],[1,1]],[[73918,12371],[0,-2]],[[73918,12369],[0,2]],[[73920,12372],[0,0]],[[74025,12372],[0,0]],[[74025,12372],[1,0]],[[73981,12372],[0,1]],[[74033,12373],[-1,0]],[[74033,12373],[0,0]],[[74034,12373],[0,-1]],[[74034,12373],[-1,0]],[[73920,12373],[0,0]],[[74049,12373],[0,0]],[[74032,12374],[1,-1]],[[74032,12373],[0,1]],[[73947,12374],[0,0]],[[73988,12374],[0,0]],[[73988,12374],[1,0]],[[74034,12374],[0,1]],[[74034,12374],[0,0]],[[74034,12375],[0,0]],[[73921,12375],[0,0]],[[73988,12375],[0,0]],[[74032,12374],[0,1]],[[74017,12375],[0,1]],[[74017,12375],[0,0]],[[74015,12375],[0,1]],[[74015,12375],[0,0]],[[73947,12376],[0,0]],[[73999,12376],[0,-1]],[[73999,12376],[-1,0]],[[74034,12375],[-1,1]],[[74033,12376],[1,0]],[[74034,12376],[0,-1]],[[74034,12376],[0,0]],[[74049,12376],[-1,0]],[[74049,12376],[0,0]],[[73987,12376],[0,1]],[[73949,12376],[0,1]],[[73949,12376],[0,0]],[[73921,12377],[-1,0]],[[74034,12377],[-1,0]],[[74048,12377],[-1,0]],[[74047,12377],[1,0]],[[73997,12377],[0,1]],[[73997,12377],[0,0]],[[73996,12378],[1,0]],[[73996,12378],[0,0]],[[73920,12378],[0,0]],[[73995,12378],[0,0]],[[73920,12378],[0,1]],[[73989,12378],[-1,0]],[[73996,12378],[-1,0]],[[73995,12378],[0,1]],[[73995,12379],[1,0]],[[73996,12379],[0,-1]],[[74036,12379],[0,0]],[[73996,12379],[0,0]],[[74034,12379],[0,-1]],[[73920,12379],[1,1]],[[73921,12380],[-1,-1]],[[74023,12380],[0,0]],[[73919,12380],[-1,0]],[[73919,12380],[0,0]],[[74023,12380],[-1,0]],[[74043,12381],[0,0]],[[74042,12381],[1,0]],[[74042,12381],[0,0]],[[73919,12380],[0,1]],[[74023,12380],[1,1]],[[74024,12381],[-1,-1]],[[73917,12381],[0,0]],[[73917,12381],[1,0]],[[73992,12382],[1,0]],[[73993,12382],[-1,0]],[[74024,12381],[0,1]],[[74024,12381],[0,0]],[[73993,12382],[1,0]],[[73993,12382],[0,0]],[[73994,12382],[1,0]],[[73994,12382],[0,0]],[[74019,12382],[0,0]],[[74024,12382],[0,1]],[[74024,12382],[0,0]],[[73920,12382],[0,1]],[[73920,12382],[0,0]],[[73918,12382],[0,1]],[[73994,12383],[0,0]],[[73920,12383],[-1,0]],[[73920,12383],[0,0]],[[73920,12383],[0,1]],[[73993,12383],[-1,1]],[[73992,12384],[1,0]],[[73993,12384],[0,-1]],[[74023,12384],[0,0]],[[73992,12384],[0,1]],[[73992,12384],[0,0]],[[73994,12385],[1,0]],[[73994,12385],[0,0]],[[73994,12385],[-1,0]],[[73994,12385],[-1,-1]],[[73993,12384],[1,1]],[[73994,12385],[0,-2]],[[73994,12383],[-1,0]],[[73992,12385],[1,0]],[[73992,12385],[2,0]],[[73917,12386],[0,0]],[[73917,12386],[1,0]],[[73992,12386],[0,1]],[[73920,12387],[0,-1]],[[73920,12387],[0,0]],[[73919,12388],[0,0]],[[73941,12388],[0,0]],[[73919,12388],[0,1]],[[73917,12389],[1,0]],[[73918,12389],[-1,0]],[[73918,12389],[0,0]],[[73917,12389],[0,0]],[[73914,12390],[0,-1]],[[73918,12389],[0,1]],[[73914,12390],[0,0]],[[73918,12390],[0,1]],[[73918,12390],[0,0]],[[73918,12391],[0,0]],[[73918,12390],[-1,1]],[[73917,12391],[1,0]],[[73918,12391],[1,0]],[[73919,12391],[0,0]],[[73917,12389],[0,1]],[[73917,12389],[-2,2]],[[73915,12391],[2,0]],[[73917,12391],[-1,0]],[[73917,12391],[1,-1]],[[73919,12391],[0,1]],[[73917,12391],[1,0]],[[73915,12391],[0,1]],[[73919,12392],[0,0]],[[73919,12392],[1,0]],[[73920,12392],[0,0]],[[73919,12393],[0,0]],[[73920,12393],[0,0]],[[73920,12393],[0,1]],[[73913,12394],[0,0]],[[73936,12394],[0,0]],[[73918,12395],[0,-1]],[[73919,12395],[-1,0]],[[73919,12395],[0,0]],[[73920,12395],[-1,0]],[[73919,12395],[0,1]],[[73919,12396],[1,0]],[[73920,12396],[0,-1]],[[73935,12396],[0,0]],[[73919,12396],[-1,0]],[[73919,12396],[0,0]],[[73935,12397],[0,0]],[[73920,12398],[0,0]],[[73920,12399],[0,1]],[[73920,12399],[0,0]],[[73920,12400],[0,0]],[[73920,12400],[0,1]],[[73920,12401],[1,0]],[[73921,12401],[-1,-1]],[[73920,12401],[0,0]],[[73918,12400],[0,1]],[[73922,12401],[-1,0]],[[73922,12401],[0,0]],[[73931,12404],[-1,0]],[[73931,12404],[0,0]],[[73932,12404],[-1,0]],[[73931,12404],[1,1]],[[73932,12405],[0,-1]],[[73932,12404],[0,0]],[[73919,12405],[0,0]],[[73932,12405],[0,0]],[[73932,12405],[-2,-1]],[[73930,12404],[5,-7]],[[73935,12397],[0,-1]],[[73935,12396],[1,-2]],[[73936,12394],[5,-6]],[[73941,12388],[8,-12]],[[73949,12376],[-2,0]],[[73947,12376],[0,-2]],[[73947,12374],[0,-1]],[[73947,12374],[4,-3]],[[73951,12371],[1,0]],[[73952,12371],[0,1]],[[73951,12370],[-1,0]],[[73951,12370],[1,-1]],[[73953,12368],[-1,-2]],[[73952,12366],[-2,-2]],[[73950,12364],[1,-1]],[[73951,12363],[0,-2]],[[73951,12361],[-1,0]],[[73951,12361],[0,-3]],[[73951,12357],[2,1]],[[73953,12358],[2,-2]],[[73955,12356],[1,1]],[[73956,12357],[-1,-1]],[[73955,12356],[0,-2]],[[73955,12354],[0,-1]],[[73955,12352],[5,-2]],[[73960,12350],[1,0]],[[73961,12350],[0,-1]],[[73961,12349],[1,-4]],[[73962,12345],[0,-1]],[[73962,12344],[0,-1]],[[73962,12344],[0,-4]],[[73962,12339],[2,-2]],[[73964,12337],[1,-1]],[[73965,12336],[6,5]],[[73971,12341],[0,-1]],[[73971,12341],[0,1]],[[73971,12342],[1,0]],[[73972,12342],[0,-1]],[[73972,12342],[1,-2]],[[73973,12340],[1,-1]],[[73974,12339],[0,-1]],[[73974,12339],[1,0]],[[73975,12339],[6,-1]],[[73981,12338],[1,0]],[[73982,12338],[2,5]],[[73984,12343],[-1,0]],[[73984,12343],[6,-8]],[[73990,12335],[2,14]],[[73992,12349],[0,1]],[[73992,12350],[1,0]],[[73993,12350],[-1,-1]],[[73993,12350],[0,2]],[[73993,12353],[-1,4]],[[73992,12357],[-2,3]],[[73990,12360],[-1,9]],[[73989,12369],[0,9]],[[73989,12378],[6,1]],[[73995,12379],[0,-1]],[[73995,12378],[2,-1]],[[73997,12377],[1,-1]],[[73998,12376],[-1,0]],[[73998,12376],[1,-1]],[[73999,12375],[8,-6]],[[74008,12369],[1,1]],[[74009,12370],[6,5]],[[74015,12375],[2,0]],[[74017,12375],[7,-4]],[[74024,12371],[5,0]],[[74029,12371],[3,-2]],[[74033,12369],[2,1]],[[74034,12370],[0,2]],[[74034,12373],[0,1]],[[74034,12375],[8,6]],[[74043,12381],[4,-4]],[[74048,12377],[0,-1]],[[74048,12376],[1,0]],[[74049,12376],[0,-3]],[[74049,12373],[0,1]],[[74049,12373],[19,-16]],[[74068,12357],[1,0]],[[74068,12357],[3,-1]],[[74070,12354],[5,1]],[[74075,12355],[8,-10]],[[74083,12345],[-2,-2]],[[74081,12343],[-3,-2]],[[74077,12341],[-1,-1]],[[74076,12340],[-5,1]],[[74071,12341],[1,0]],[[74071,12341],[-2,1]],[[74069,12343],[-1,0]],[[74069,12343],[-2,2]],[[74066,12346],[-2,1]],[[74063,12346],[-4,-3]],[[74059,12343],[0,1]],[[74059,12343],[-1,0]],[[74059,12343],[-2,-4]],[[74057,12339],[-6,-1]],[[74051,12338],[0,1]],[[74051,12338],[-5,-4]],[[74046,12334],[1,0]],[[74045,12334],[0,-1]],[[74045,12333],[-8,-1]],[[74037,12332],[-3,-4]],[[74034,12328],[0,1]],[[74034,12328],[-6,-3]],[[74028,12325],[-1,-2]],[[74027,12323],[2,-1]],[[74029,12322],[0,-6]],[[74029,12316],[-2,-4]],[[74027,12312],[0,1]],[[74027,12312],[-2,0]],[[74025,12312],[-3,1]],[[74022,12313],[-1,0]],[[74021,12313],[-9,-22]],[[74012,12291],[0,-2]],[[74012,12288],[1,-1]],[[74013,12287],[-1,-2]],[[74011,12285],[0,1]],[[74011,12284],[0,-1]],[[74012,12284],[0,-1]],[[74012,12283],[-1,0]],[[74012,12283],[1,-2]],[[74013,12281],[0,-2]],[[74013,12279],[-2,-3]],[[74011,12276],[0,-1]],[[74011,12275],[0,-3]],[[74011,12272],[2,-2]],[[74013,12270],[1,0]],[[74014,12270],[0,-1]],[[74014,12270],[1,0]],[[74015,12269],[3,-2]],[[74018,12267],[10,-4]],[[74028,12263],[3,0]],[[74032,12263],[10,5]],[[74042,12268],[1,0]],[[74043,12268],[1,0]],[[74043,12269],[1,0]],[[74044,12269],[5,2]],[[74049,12271],[1,1]],[[74050,12272],[9,5]],[[74059,12277],[1,1]],[[74060,12278],[-1,0]],[[74061,12278],[18,2]],[[74079,12280],[1,-1]],[[74080,12279],[2,-1]],[[74082,12278],[1,1]],[[74083,12279],[1,0]],[[74083,12279],[8,-9]],[[74090,12270],[0,1]],[[74090,12270],[-2,-2]],[[74088,12268],[-2,-4]],[[74086,12264],[0,-1]],[[74086,12263],[0,-2]],[[74086,12261],[0,-1]],[[74087,12259],[1,-1]],[[74088,12258],[0,-1]],[[74088,12257],[0,-1]],[[74088,12256],[1,-4]],[[74089,12252],[0,-1]],[[74089,12251],[0,-1]],[[74089,12251],[-1,-3]],[[74088,12248],[-2,-1]],[[74086,12247],[1,-1]],[[74087,12246],[-1,0]],[[74086,12246],[0,1]],[[74086,12247],[-1,0]],[[74085,12247],[-1,-1]],[[74084,12246],[-1,0]],[[74083,12246],[0,-1]],[[74083,12245],[0,-1]],[[74083,12244],[0,-1]],[[74083,12243],[-1,-1]],[[74082,12242],[0,1]],[[74082,12242],[0,-5]],[[74082,12237],[0,1]],[[74082,12237],[-4,-1]],[[74078,12234],[0,-1]],[[74078,12233],[-1,-2]],[[74077,12231],[0,-1]],[[74077,12230],[0,-1]],[[74077,12228],[-1,-2]],[[74075,12225],[-1,-1]],[[74074,12224],[0,-2]],[[74074,12222],[-1,-1]],[[74073,12221],[-2,-15]],[[74072,12203],[1,-1]],[[74073,12202],[0,-1]],[[74073,12201],[0,-1]],[[74073,12201],[0,-5]],[[74073,12196],[0,-2]],[[74073,12193],[-1,-1]],[[74072,12192],[0,1]],[[74072,12192],[-1,-2]],[[74071,12190],[0,-1]],[[74071,12189],[0,-1]],[[74071,12188],[0,-1]],[[74071,12187],[0,-3]],[[74071,12184],[2,-1]],[[74073,12183],[5,-13]],[[74078,12170],[0,-1]],[[74078,12169],[1,-14]],[[74079,12155],[1,-1]],[[74080,12154],[1,1]],[[74081,12155],[0,-1]],[[74081,12155],[1,-1]],[[74083,12154],[1,0]],[[74084,12154],[1,-1]],[[74085,12153],[4,-4]],[[74089,12149],[2,-4]],[[74091,12145],[0,-1]],[[74091,12144],[1,0]],[[74092,12144],[1,0]],[[74093,12144],[1,1]],[[74094,12145],[2,-1]],[[74096,12144],[1,1]],[[74097,12145],[1,0]],[[74098,12145],[4,-1]],[[74103,12144],[2,-1]],[[74105,12143],[0,-1]],[[74105,12142],[-1,0]],[[74105,12142],[4,-4]],[[74109,12138],[1,0]],[[74110,12138],[1,-1]],[[74111,12137],[1,-1]],[[74112,12136],[1,-1]],[[74113,12135],[0,1]],[[74113,12135],[1,0]],[[74114,12135],[14,-2]],[[74128,12134],[1,0]],[[74129,12134],[1,0]],[[74131,12134],[2,-1]],[[74133,12133],[1,-1]],[[74135,12132],[3,1]],[[74138,12133],[1,2]],[[74139,12135],[1,0]],[[74140,12135],[20,13]],[[74160,12148],[3,3]],[[74163,12151],[0,1]],[[74163,12152],[1,0]],[[74164,12152],[4,-1]],[[74168,12151],[4,-13]],[[74172,12138],[0,-5]],[[74172,12132],[-17,-3]],[[74155,12129],[-1,0]],[[74154,12129],[-11,-7]],[[74143,12122],[0,1]],[[74143,12122],[-11,7]],[[74132,12129],[-1,0]],[[74131,12129],[-2,0]],[[74129,12128],[-1,0]],[[74128,12128],[-1,0]],[[74127,12128],[-1,1]],[[74126,12129],[-3,1]],[[74123,12130],[-1,-1]],[[74122,12129],[-4,-5]],[[74118,12123],[0,-1]],[[74118,12122],[0,-1]],[[74118,12121],[-1,0]],[[74118,12121],[-2,-3]],[[74116,12117],[1,-3]],[[74117,12114],[0,1]],[[74117,12114],[0,-4]],[[74117,12110],[0,1]],[[74117,12110],[-1,0]],[[74117,12109],[-1,0]],[[74117,12109],[0,-1]],[[74117,12109],[1,-1]],[[74118,12107],[0,-1]],[[74118,12107],[1,-3]],[[74119,12104],[-1,-1]],[[74118,12103],[0,-1]],[[74118,12102],[-1,0]],[[74118,12102],[1,-5]],[[74119,12096],[-3,-3]],[[74116,12093],[-1,-1]],[[74115,12092],[0,-9]],[[74115,12083],[-1,-1]],[[74114,12082],[1,0]],[[74114,12082],[-3,0]],[[74111,12082],[0,-1]],[[74111,12081],[0,-1]],[[74111,12080],[-1,0]],[[74111,12080],[-1,-1]],[[74110,12079],[-1,-1]],[[74109,12078],[-1,0]],[[74109,12078],[-1,-1]],[[74108,12077],[-1,0]],[[74107,12077],[-1,-2]],[[74106,12074],[1,-2]],[[74107,12072],[1,1]],[[74108,12073],[-1,-1]],[[74107,12072],[0,-1]],[[74108,12071],[0,-1]],[[74108,12070],[-1,0]],[[74108,12069],[0,-1]],[[74109,12069],[1,-1]],[[74110,12067],[0,-1]],[[74110,12066],[3,-7]],[[74113,12059],[0,-9]],[[74113,12050],[0,-1]],[[74113,12049],[0,-1]],[[74113,12048],[0,-2]],[[74113,12046],[-1,0]],[[74113,12046],[0,-1]],[[74111,12044],[0,-1]],[[74111,12043],[1,0]],[[74112,12043],[5,-4]],[[74118,12039],[21,-18]],[[74139,12021],[-1,0]],[[74140,12021],[2,-4]],[[74142,12016],[-2,-2]],[[74140,12014],[1,-3]],[[74142,12010],[-1,-9]],[[74141,12001],[1,-5]],[[74141,11996],[0,1]],[[74141,11996],[0,-9]],[[74141,11987],[0,-1]],[[74142,11986],[3,-1]],[[74145,11985],[1,-1]],[[74146,11982],[1,-1]],[[74147,11980],[-1,-6]],[[74146,11972],[-1,0]],[[74146,11972],[0,-5]],[[74146,11967],[1,-1]],[[74147,11966],[-1,1]],[[74146,11966],[-2,-12]],[[74145,11953],[0,-1]],[[74145,11951],[-1,-2]],[[74144,11949],[1,-3]],[[74144,11946],[0,1]],[[74144,11946],[4,-15]],[[74148,11931],[0,-1]],[[74149,11930],[-4,-8]],[[74145,11922],[-3,-5]],[[74142,11917],[0,1]],[[74141,11916],[0,-1]],[[74141,11916],[-1,0]],[[74141,11916],[-2,0]],[[74139,11916],[-12,2]],[[74127,11918],[-7,0]],[[74120,11918],[-1,-5]],[[74117,11913],[-1,-1]],[[74115,11912],[-1,2]],[[74114,11914],[1,1]],[[74115,11915],[11,38]],[[74126,11953],[0,1]],[[74126,11954],[3,9]],[[74129,11963],[0,2]],[[74129,11965],[0,-1]],[[74129,11965],[-6,3]],[[74123,11968],[-6,9]],[[74117,11977],[-5,26]],[[74112,12003],[-3,3]],[[74108,12006],[-14,16]],[[74093,12022],[-2,-3]],[[74091,12019],[-9,-1]],[[74081,12018],[0,-1]],[[74081,12017],[-1,-1]],[[74080,12016],[-1,-1]],[[74079,12015],[-1,-2]],[[74078,12013],[0,1]],[[74078,12013],[-1,0]],[[74077,12013],[0,1]],[[74077,12013],[-3,0]],[[74074,12013],[-6,17]],[[74068,12030],[-2,6]],[[74066,12037],[-18,3]],[[74048,12040],[-9,2]],[[74039,12042],[-3,15]],[[74036,12058],[0,9]],[[74036,12068],[0,4]],[[74036,12072],[-1,1]],[[74035,12073],[0,1]],[[74034,12074],[-1,2]],[[74033,12076],[-1,20]],[[74032,12096],[-4,1]],[[74026,12097],[-2,1]],[[74024,12098],[1,0]],[[74024,12099],[-1,-1]],[[74023,12098],[-2,5]],[[74021,12103],[-3,0]],[[74018,12103],[1,8]],[[74019,12111],[0,3]],[[74018,12114],[-8,6]],[[74010,12121],[9,4]],[[74019,12125],[1,0]],[[74019,12126],[-6,9]],[[74013,12135],[1,0]],[[74013,12135],[-7,11]],[[74006,12146],[15,20]],[[74021,12166],[0,1]],[[74021,12167],[0,1]],[[74021,12168],[0,1]],[[74021,12169],[1,2]],[[74022,12172],[-13,13]],[[74008,12185],[-12,-4]],[[73996,12181],[-2,0]],[[73994,12181],[0,1]],[[73994,12181],[-1,1]],[[73992,12185],[-1,1]],[[73991,12186],[1,1]],[[73992,12187],[5,8]],[[73997,12195],[1,1]],[[73998,12196],[1,0]],[[73998,12196],[1,3]],[[73999,12199],[3,5]],[[74002,12205],[-1,1]],[[74001,12207],[-2,3]],[[73999,12210],[0,1]],[[73999,12211],[0,1]],[[73999,12212],[2,2]],[[74001,12214],[-1,0]],[[74001,12214],[1,2]],[[74002,12216],[2,2]],[[74004,12218],[0,1]],[[74004,12219],[0,1]],[[74004,12220],[1,0]],[[74004,12220],[0,7]],[[74004,12227],[0,1]],[[74004,12228],[0,1]],[[74003,12230],[-2,2]],[[74001,12232],[-4,-1]],[[73997,12231],[-1,1]],[[73996,12233],[-3,4]],[[73993,12237],[-2,1]],[[73991,12238],[-1,0]],[[73989,12238],[-1,1]],[[73988,12240],[-4,0]],[[73984,12241],[-2,3]],[[73982,12245],[0,1]],[[73982,12246],[-8,4]],[[73974,12251],[-1,1]],[[73973,12252],[-1,2]],[[73972,12256],[0,1]],[[73972,12257],[0,1]],[[73972,12258],[-2,10]],[[73970,12269],[-1,1]],[[73969,12270],[1,0]],[[73969,12270],[0,1]],[[73968,12270],[-1,2]],[[73967,12272],[-4,4]],[[73963,12276],[-7,6]],[[73956,12282],[-1,2]],[[73955,12284],[0,1]],[[73954,12285],[0,1]],[[73954,12286],[-2,1]],[[73951,12287],[-1,2]],[[73950,12289],[-1,1]],[[73949,12290],[1,0]],[[73949,12290],[0,1]],[[73949,12290],[0,7]],[[73948,12297],[0,1]],[[73948,12298],[-1,0]],[[73947,12298],[0,3]],[[73948,12303],[-1,3]],[[73947,12306],[0,2]],[[73947,12308],[0,1]],[[73947,12309],[-2,5]],[[73945,12314],[-1,1]],[[73944,12315],[-1,1]],[[73943,12317],[-1,0]],[[73942,12318],[-1,4]],[[73942,12322],[-2,1]],[[73940,12323],[0,1]],[[73940,12324],[1,1]],[[73940,12325],[1,1]],[[73940,12327],[1,2]],[[73941,12329],[0,1]],[[73941,12330],[-1,6]],[[73940,12337],[0,1]],[[73940,12338],[0,7]],[[73940,12345],[0,1]],[[73940,12345],[-4,-1]],[[73936,12344],[-1,1]],[[73935,12345],[0,1]],[[73935,12346],[-1,1]],[[73934,12348],[-1,0]],[[73933,12348],[0,1]],[[73932,12351],[-2,0]],[[73930,12352],[-1,2]],[[73929,12354],[1,0]],[[73929,12355],[0,1]],[[73929,12356],[1,0]],[[73929,12357],[-1,1]],[[73929,12358],[0,1]],[[73929,12360],[-1,0]],[[73928,12360],[-1,2]],[[73927,12362],[-1,1]],[[73926,12363],[-1,0]],[[73925,12364],[-3,1]],[[73922,12365],[-2,2]],[[73920,12367],[0,4]],[[73920,12371],[0,1]],[[73920,12372],[1,5]],[[73921,12377],[0,3]],[[73921,12380],[-1,2]],[[73920,12382],[0,4]],[[73920,12386],[1,0]],[[73920,12387],[0,1]],[[73920,12387],[-1,2]],[[73919,12389],[-1,0]],[[73919,12389],[-1,1]],[[73919,12391],[1,1]],[[73920,12392],[0,1]],[[73920,12394],[0,1]],[[73920,12396],[0,2]],[[73920,12398],[0,1]],[[73922,12401],[10,4]],[[73918,12407],[-1,0]],[[73917,12408],[0,0]],[[73917,12408],[1,0]],[[73909,12409],[-1,0]],[[73913,12409],[1,0]],[[73920,12411],[0,0]],[[73920,12411],[0,-1]],[[73912,12411],[0,1]],[[73915,12412],[-1,0]],[[73915,12412],[0,0]],[[73914,12412],[0,0]],[[73914,12413],[-1,0]],[[73908,12413],[0,1]],[[73919,12414],[0,1]],[[73919,12415],[1,0]],[[73920,12415],[-1,-1]],[[73915,12413],[-1,0]],[[73914,12413],[2,3]],[[73916,12416],[-1,-2]],[[73915,12414],[0,-1]],[[73908,12418],[1,0]],[[73922,12419],[1,0]],[[73922,12419],[0,0]],[[73923,12419],[-3,-4]],[[73920,12415],[-1,0]],[[73919,12414],[-4,-1]],[[73915,12413],[0,-1]],[[73915,12414],[1,2]],[[73916,12416],[6,3]],[[73908,12418],[-1,-1]],[[73898,12439],[-1,0]],[[73900,12451],[0,-1]],[[74111,13871],[0,0]],[[74107,13872],[-1,-1]],[[74111,13873],[0,1]],[[74104,13874],[0,0]],[[74119,13872],[-1,0]],[[74118,13875],[-1,0]],[[74111,13883],[1,0]],[[74133,13887],[1,-1]],[[74105,13891],[1,0]],[[74106,13891],[-1,0]],[[74132,13890],[-1,0]],[[74119,13893],[-1,0]],[[74118,13894],[0,0]],[[74105,13891],[1,0]],[[74331,13894],[0,1]],[[74126,13895],[-1,0]],[[74330,13896],[-1,1]],[[74329,13897],[1,0]],[[74330,13897],[0,-1]],[[74330,13896],[0,0]],[[74331,13897],[0,0]],[[74112,13897],[-1,0]],[[74329,13897],[0,0]],[[74330,13897],[1,1]],[[74331,13898],[0,-1]],[[74331,13897],[-1,0]],[[74311,13898],[0,-1]],[[74331,13898],[0,0]],[[74314,13898],[0,0]],[[74106,13898],[1,0]],[[74311,13898],[0,1]],[[74311,13899],[0,-1]],[[74311,13898],[1,0]],[[74322,13899],[0,0]],[[74313,13899],[0,0]],[[74311,13899],[0,0]],[[74313,13900],[0,0]],[[74306,13901],[0,-1]],[[74296,13903],[0,0]],[[74096,13902],[0,1]],[[74304,13904],[0,0]],[[74303,13904],[0,0]],[[74302,13904],[0,0]],[[74135,13904],[0,1]],[[74331,13906],[0,-1]],[[74331,13906],[1,0]],[[74331,13906],[0,0]],[[74290,13908],[0,0]],[[74103,13908],[0,-1]],[[74332,13908],[-1,0]],[[74332,13908],[0,0]],[[74289,13908],[0,0]],[[74289,13909],[0,0]],[[74164,13908],[1,0]],[[74093,13910],[-1,0]],[[74092,13910],[1,0]],[[74289,13910],[0,0]],[[74152,13910],[1,0]],[[74092,13910],[1,0]],[[74099,13911],[0,-1]],[[74205,13912],[0,0]],[[74152,13910],[-1,0]],[[74198,13912],[1,0]],[[74201,13912],[0,0]],[[74202,13912],[0,0]],[[74205,13912],[0,1]],[[74096,13913],[0,-1]],[[74201,13913],[0,0]],[[74202,13913],[0,0]],[[74198,13913],[0,0]],[[74200,13913],[0,0]],[[74205,13913],[0,0]],[[74198,13912],[0,1]],[[74198,13913],[-1,0]],[[74261,13913],[0,0]],[[74202,13913],[0,1]],[[74204,13914],[-1,0]],[[74203,13914],[0,-1]],[[74203,13914],[1,0]],[[74096,13913],[-1,0]],[[74096,13913],[0,1]],[[74200,13914],[0,0]],[[74204,13914],[0,0]],[[74205,13913],[0,1]],[[74201,13914],[0,0]],[[74203,13914],[0,0]],[[74095,13913],[0,-1]],[[74201,13914],[0,1]],[[74200,13915],[-1,0]],[[74200,13915],[0,0]],[[74200,13915],[-1,0]],[[74205,13915],[0,0]],[[74203,13914],[0,1]],[[74203,13915],[1,0]],[[74204,13915],[0,-1]],[[74202,13914],[0,1]],[[74204,13915],[0,0]],[[74316,13915],[0,0]],[[74203,13915],[0,1]],[[74203,13915],[0,0]],[[74200,13915],[0,1]],[[74316,13916],[0,0]],[[74256,13915],[-1,0]],[[74204,13915],[0,1]],[[74204,13916],[-1,0]],[[74201,13915],[0,1]],[[74201,13915],[0,0]],[[74314,13916],[0,0]],[[74203,13916],[0,0]],[[74270,13916],[0,0]],[[74202,13916],[-1,0]],[[74202,13916],[0,0]],[[74317,13916],[0,0]],[[74204,13916],[1,-1]],[[74205,13915],[-1,0]],[[74202,13916],[0,1]],[[74313,13916],[0,1]],[[74313,13916],[0,0]],[[74272,13917],[0,-1]],[[74201,13916],[1,1]],[[74315,13916],[0,1]],[[74315,13916],[0,0]],[[74314,13917],[0,0]],[[74268,13917],[0,0]],[[74272,13917],[0,0]],[[74202,13917],[0,0]],[[74203,13917],[1,0]],[[74203,13917],[0,-1]],[[74268,13917],[-1,0]],[[74269,13917],[0,0]],[[74204,13917],[0,0]],[[74203,13917],[0,1]],[[74203,13917],[0,0]],[[74255,13918],[1,0]],[[74326,13916],[-2,0]],[[74324,13916],[2,0]],[[74204,13918],[0,0]],[[74203,13918],[1,0]],[[74203,13918],[0,0]],[[74160,13917],[-1,0]],[[74203,13918],[0,1]],[[74203,13919],[0,-1]],[[74203,13919],[1,-1]],[[74265,13919],[1,0]],[[74266,13919],[-1,0]],[[74163,13919],[0,-1]],[[74266,13919],[0,0]],[[74192,13919],[0,0]],[[74283,13919],[1,0]],[[74283,13919],[0,0]],[[74265,13919],[0,0]],[[74163,13919],[0,0]],[[74098,13919],[-1,0]],[[74163,13919],[1,0]],[[74284,13919],[0,1]],[[74192,13919],[0,1]],[[74265,13920],[0,0]],[[74194,13920],[-1,0]],[[74255,13920],[0,0]],[[74192,13920],[-1,0]],[[74192,13920],[0,0]],[[74284,13920],[0,0]],[[74250,13920],[1,0]],[[74256,13920],[0,0]],[[74191,13920],[0,1]],[[74191,13920],[0,0]],[[74256,13921],[1,0]],[[74284,13920],[0,1]],[[74248,13921],[0,-1]],[[74206,13921],[0,0]],[[74191,13921],[0,0]],[[74193,13921],[0,0]],[[74155,13920],[-1,-1]],[[74194,13921],[1,0]],[[74284,13921],[0,0]],[[74194,13921],[0,0]],[[74193,13921],[0,1]],[[74194,13921],[0,1]],[[74264,13922],[0,0]],[[74193,13922],[0,0]],[[74194,13922],[0,0]],[[74193,13922],[-1,0]],[[74195,13922],[0,0]],[[74197,13922],[-1,0]],[[74197,13922],[0,0]],[[74196,13922],[0,0]],[[74193,13922],[0,1]],[[74190,13922],[0,1]],[[74190,13923],[1,0]],[[74191,13923],[-1,-1]],[[74264,13922],[0,1]],[[74247,13922],[0,1]],[[74247,13923],[0,-1]],[[74195,13922],[-1,0]],[[74194,13922],[0,1]],[[74194,13923],[1,-1]],[[74148,13923],[0,-1]],[[74192,13922],[0,1]],[[74192,13922],[0,0]],[[74150,13923],[0,-1]],[[74287,13923],[0,0]],[[74190,13923],[-1,0]],[[74190,13922],[-1,0]],[[74191,13923],[0,0]],[[74147,13923],[0,-1]],[[74192,13923],[0,0]],[[74279,13923],[0,0]],[[74280,13923],[0,0]],[[74287,13923],[-1,0]],[[74286,13923],[0,1]],[[74286,13924],[1,0]],[[74287,13924],[0,-1]],[[74279,13923],[-1,0]],[[74279,13923],[0,1]],[[74190,13923],[0,1]],[[74190,13923],[0,0]],[[74194,13923],[0,1]],[[74194,13923],[0,0]],[[74286,13923],[-1,1]],[[74285,13924],[1,0]],[[74193,13923],[0,1]],[[74193,13923],[0,0]],[[74192,13923],[-1,1]],[[74191,13924],[1,0]],[[74192,13924],[0,-1]],[[74191,13923],[0,1]],[[74284,13924],[0,0]],[[74192,13924],[0,0]],[[74279,13924],[0,0]],[[74196,13924],[0,0]],[[74287,13924],[0,0]],[[74195,13924],[0,0]],[[74193,13924],[0,0]],[[74189,13924],[0,0]],[[74194,13924],[0,0]],[[74319,13924],[-1,0]],[[74319,13924],[0,0]],[[74193,13924],[1,0]],[[74281,13924],[0,0]],[[74286,13924],[0,0]],[[74196,13924],[-1,0]],[[74147,13924],[0,0]],[[74146,13924],[0,0]],[[74191,13924],[0,0]],[[74193,13924],[-1,0]],[[74282,13924],[0,0]],[[74282,13924],[-1,0]],[[74280,13924],[1,0]],[[74280,13924],[0,0]],[[74289,13924],[0,0]],[[74245,13924],[0,0]],[[74191,13924],[1,1]],[[74192,13925],[0,-1]],[[74190,13924],[0,1]],[[74190,13924],[0,0]],[[74146,13924],[-1,0]],[[74146,13924],[0,1]],[[74289,13924],[-1,1]],[[74288,13925],[1,0]],[[74289,13925],[0,-1]],[[74195,13924],[0,1]],[[74285,13924],[0,1]],[[74285,13924],[0,0]],[[74280,13924],[0,1]],[[74282,13924],[0,1]],[[74193,13924],[0,1]],[[74190,13925],[0,0]],[[74287,13925],[0,0]],[[74247,13924],[0,1]],[[74247,13925],[0,-1]],[[74193,13925],[0,0]],[[74282,13925],[0,0]],[[74197,13925],[0,0]],[[74192,13925],[0,0]],[[74196,13925],[0,0]],[[74281,13925],[0,0]],[[74142,13924],[-1,0]],[[74285,13925],[0,1]],[[74285,13925],[0,0]],[[74284,13926],[0,-1]],[[74196,13926],[0,-1]],[[74196,13926],[0,0]],[[74281,13925],[-1,0]],[[74280,13925],[1,1]],[[74281,13926],[0,-1]],[[74282,13925],[0,1]],[[74282,13926],[0,-1]],[[74291,13926],[0,0]],[[74288,13925],[0,1]],[[74288,13926],[1,0]],[[74289,13926],[0,-1]],[[74286,13926],[0,-1]],[[74288,13926],[0,0]],[[74282,13926],[0,0]],[[74281,13926],[0,0]],[[74291,13926],[-1,0]],[[74284,13926],[0,0]],[[74292,13926],[-1,0]],[[74292,13926],[0,0]],[[74289,13926],[0,0]],[[74194,13926],[1,0]],[[74195,13926],[0,-1]],[[74195,13924],[-1,0]],[[74194,13924],[-1,1]],[[74193,13925],[0,1]],[[74193,13926],[1,0]],[[74195,13926],[1,0]],[[74195,13926],[0,0]],[[74197,13926],[0,0]],[[74290,13926],[0,0]],[[74286,13926],[0,0]],[[74287,13926],[0,0]],[[74193,13926],[0,0]],[[74282,13926],[0,1]],[[74189,13927],[1,0]],[[74286,13926],[0,1]],[[74281,13927],[0,-1]],[[74281,13927],[0,0]],[[74289,13926],[0,1]],[[74284,13926],[0,1]],[[74286,13926],[-1,0]],[[74285,13926],[0,1]],[[74285,13927],[1,0]],[[74287,13927],[0,0]],[[74247,13926],[-1,1]],[[74246,13927],[1,-1]],[[74284,13927],[-1,0]],[[74284,13927],[0,0]],[[74198,13927],[0,0]],[[74183,13926],[0,1]],[[74285,13927],[-1,0]],[[74285,13927],[0,0]],[[74245,13927],[0,0]],[[74189,13927],[-1,0]],[[74189,13927],[0,0]],[[74245,13928],[0,0]],[[74184,13928],[0,0]],[[74183,13928],[0,1]],[[74245,13928],[0,1]],[[74314,13929],[0,0]],[[74188,13929],[-1,0]],[[74313,13929],[0,0]],[[74314,13928],[-1,1]],[[74313,13929],[1,0]],[[74314,13929],[0,-1]],[[74185,13929],[-1,0]],[[74313,13929],[0,1]],[[74185,13929],[0,1]],[[74185,13929],[0,0]],[[74182,13930],[0,-1]],[[74245,13929],[0,1]],[[74245,13929],[0,0]],[[74313,13930],[0,0]],[[74183,13930],[0,0]],[[74142,13929],[-1,0]],[[74182,13930],[0,0]],[[74188,13930],[0,0]],[[74185,13930],[0,0]],[[74184,13930],[0,0]],[[74197,13930],[0,0]],[[74183,13930],[-1,0]],[[74244,13930],[0,0]],[[74197,13930],[1,0]],[[74182,13930],[0,1]],[[74313,13930],[-1,0]],[[74312,13930],[0,1]],[[74312,13931],[1,-1]],[[74182,13931],[0,0]],[[74164,13931],[0,-1]],[[74164,13931],[-1,0]],[[74198,13931],[0,0]],[[74197,13931],[0,0]],[[74311,13931],[1,0]],[[74311,13931],[0,0]],[[74105,13931],[0,0]],[[74108,13931],[0,-1]],[[74244,13931],[0,0]],[[74180,13932],[0,-1]],[[74109,13932],[1,0]],[[74312,13931],[-1,1]],[[74099,13931],[-1,0]],[[74182,13932],[0,-1]],[[74182,13931],[-1,1]],[[74181,13932],[1,0]],[[74164,13931],[0,1]],[[74164,13931],[0,0]],[[74150,13932],[0,-1]],[[74198,13932],[0,0]],[[74109,13932],[0,0]],[[74181,13932],[0,0]],[[74243,13932],[0,0]],[[74180,13932],[0,0]],[[74177,13932],[0,0]],[[74164,13932],[1,0]],[[74164,13932],[0,0]],[[74177,13932],[0,1]],[[74101,13932],[-1,0]],[[74180,13933],[0,0]],[[74243,13932],[-1,0]],[[74180,13932],[-1,1]],[[74319,13933],[0,0]],[[74110,13933],[0,1]],[[74199,13934],[0,-1]],[[74180,13934],[0,-1]],[[74180,13933],[-1,1]],[[74179,13934],[1,0]],[[74180,13933],[-1,0]],[[74179,13933],[0,1]],[[74164,13933],[0,1]],[[74164,13933],[0,0]],[[74179,13934],[0,0]],[[74097,13933],[-1,0]],[[74178,13935],[0,-1]],[[74164,13934],[0,1]],[[74164,13934],[0,0]],[[74156,13936],[0,-1]],[[74175,13937],[0,-1]],[[74229,13937],[0,-1]],[[74176,13936],[0,1]],[[74309,13937],[0,0]],[[74175,13937],[0,0]],[[74086,13936],[-1,0]],[[74106,13937],[-1,0]],[[74230,13937],[0,0]],[[74164,13937],[0,0]],[[74229,13937],[0,0]],[[74174,13938],[0,-1]],[[74135,13938],[1,0]],[[74177,13938],[0,0]],[[74164,13937],[0,1]],[[74314,13937],[0,1]],[[74314,13937],[0,0]],[[74239,13938],[0,-1]],[[74223,13938],[0,0]],[[74174,13938],[0,0]],[[74239,13938],[0,0]],[[74173,13938],[0,0]],[[74229,13938],[0,0]],[[74236,13938],[1,0]],[[74236,13938],[0,0]],[[74098,13938],[0,0]],[[74151,13937],[0,1]],[[74314,13938],[0,0]],[[74151,13937],[-1,0]],[[74313,13938],[0,0]],[[74174,13938],[1,0]],[[74174,13938],[0,1]],[[74227,13939],[0,-1]],[[74171,13938],[0,1]],[[74313,13939],[1,0]],[[74224,13938],[0,1]],[[74224,13938],[0,0]],[[74224,13939],[1,0]],[[74225,13939],[-1,-1]],[[74237,13939],[0,-1]],[[74236,13938],[0,1]],[[74236,13939],[1,0]],[[74173,13939],[0,0]],[[74227,13939],[0,0]],[[74225,13939],[0,1]],[[74225,13939],[0,0]],[[74224,13939],[0,1]],[[74224,13939],[0,0]],[[74229,13940],[0,-1]],[[74224,13940],[-1,0]],[[74228,13940],[0,0]],[[74225,13940],[0,0]],[[74166,13940],[0,0]],[[74229,13940],[1,0]],[[74229,13940],[0,0]],[[74229,13940],[-1,0]],[[74227,13940],[0,0]],[[74170,13940],[0,0]],[[74222,13940],[-1,0]],[[74222,13940],[0,0]],[[74221,13940],[-1,0]],[[74221,13940],[0,0]],[[74227,13940],[0,1]],[[74227,13941],[1,0]],[[74228,13941],[0,-1]],[[74228,13940],[-1,0]],[[74205,13941],[0,-1]],[[74170,13941],[0,-1]],[[74170,13941],[0,0]],[[74231,13941],[0,-1]],[[74128,13939],[-1,0]],[[74205,13941],[0,0]],[[74227,13941],[0,0]],[[74222,13940],[0,1]],[[74222,13941],[-1,0]],[[74169,13941],[0,0]],[[74207,13941],[0,0]],[[74222,13941],[0,0]],[[74203,13941],[0,0]],[[74169,13941],[1,0]],[[74221,13942],[-1,0]],[[74135,13938],[-1,0]],[[74205,13942],[0,0]],[[74207,13942],[0,0]],[[74207,13943],[0,0]],[[74106,13943],[0,-1]],[[74206,13943],[0,0]],[[74205,13943],[0,0]],[[74207,13943],[-1,0]],[[74310,13943],[0,0]],[[74308,13943],[0,0]],[[74209,13944],[0,-1]],[[74106,13943],[-1,0]],[[74106,13943],[0,1]],[[74309,13944],[0,0]],[[74209,13944],[0,0]],[[74105,13944],[-1,-1]],[[74316,13944],[-1,0]],[[74316,13944],[0,0]],[[74308,13944],[-1,0]],[[74315,13944],[0,0]],[[74212,13944],[-1,0]],[[74212,13944],[0,0]],[[74137,13944],[-1,0]],[[74119,13893],[-1,1]],[[74118,13894],[1,-1]],[[74105,13944],[0,0]],[[74106,13944],[0,-1]],[[74139,13944],[0,0]],[[74210,13944],[0,0]],[[74138,13944],[0,0]],[[74211,13944],[0,1]],[[74211,13945],[1,-1]],[[74215,13945],[0,0]],[[74307,13945],[0,0]],[[74308,13945],[0,0]],[[74217,13945],[-1,0]],[[74217,13945],[0,0]],[[74371,13945],[-1,0]],[[74371,13945],[0,0]],[[74309,13945],[0,0]],[[74152,13945],[-1,0]],[[74370,13945],[0,-1]],[[74310,13945],[0,0]],[[74106,13945],[0,0]],[[74373,13945],[-1,0]],[[74373,13945],[0,0]],[[74215,13945],[-1,1]],[[74307,13945],[0,1]],[[74144,13946],[0,-1]],[[74375,13946],[0,-1]],[[74375,13946],[0,0]],[[74372,13945],[-1,0]],[[74371,13945],[0,1]],[[74371,13946],[1,-1]],[[74309,13946],[0,0]],[[74308,13946],[0,0]],[[74147,13945],[-1,0]],[[74369,13946],[0,1]],[[74369,13946],[0,-1]],[[74103,13947],[0,0]],[[74377,13948],[1,0]],[[74317,13948],[0,0]],[[74316,13949],[0,0]],[[74111,13949],[-1,0]],[[74378,13952],[0,0]],[[74379,13952],[0,0]],[[74150,13951],[0,1]],[[74375,13952],[0,1]],[[74375,13952],[0,0]],[[74375,13953],[0,0]],[[74374,13953],[-1,0]],[[74374,13953],[0,0]],[[74375,13952],[-1,0]],[[74374,13952],[0,1]],[[74374,13953],[1,0]],[[74373,13953],[0,0]],[[74375,13953],[0,1]],[[74373,13953],[0,1]],[[74150,13951],[-1,0]],[[74374,13954],[0,0]],[[74373,13954],[0,0]],[[74375,13954],[-1,0]],[[74375,13954],[0,0]],[[74373,13955],[0,-1]],[[74373,13954],[0,1]],[[74373,13955],[-1,0]],[[74374,13955],[0,0]],[[74141,13955],[0,-1]],[[74373,13955],[0,0]],[[74365,13956],[0,-1]],[[74314,13956],[1,0]],[[74375,13957],[1,-1]],[[74376,13956],[-1,1]],[[74160,13957],[0,-1]],[[74367,13956],[0,1]],[[74367,13956],[0,0]],[[74366,13956],[-1,0]],[[74365,13956],[0,1]],[[74365,13957],[1,0]],[[74366,13957],[0,-1]],[[74375,13957],[0,0]],[[74365,13956],[-1,1]],[[74364,13957],[1,0]],[[74314,13957],[0,0]],[[74367,13956],[6,-3]],[[74373,13953],[1,-1]],[[74375,13952],[2,-4]],[[74377,13948],[-1,0]],[[74377,13948],[-2,-2]],[[74375,13946],[-2,-1]],[[74373,13945],[0,1]],[[74371,13946],[-2,1]],[[74369,13946],[-3,10]],[[74366,13956],[1,1]],[[74160,13957],[0,0]],[[74365,13957],[0,0]],[[74375,13954],[0,3]],[[74376,13956],[-1,-2]],[[74150,13957],[0,0]],[[74150,13957],[0,-1]],[[74162,13957],[-1,0]],[[74162,13957],[0,0]],[[74145,13957],[0,0]],[[74366,13957],[0,0]],[[74364,13957],[0,0]],[[74162,13958],[0,-1]],[[74162,13958],[0,0]],[[74161,13957],[0,1]],[[74161,13957],[0,0]],[[74160,13958],[0,-1]],[[74160,13957],[1,0]],[[74170,13958],[0,0]],[[74163,13958],[0,0]],[[74158,13958],[-1,0]],[[74159,13958],[1,0]],[[74365,13957],[0,1]],[[74155,13957],[-1,0]],[[74158,13958],[1,0]],[[74158,13958],[0,0]],[[74161,13958],[0,1]],[[74161,13958],[0,0]],[[74160,13958],[0,1]],[[74160,13958],[0,0]],[[74363,13959],[0,-1]],[[74158,13959],[0,0]],[[74159,13959],[0,0]],[[74156,13959],[1,0]],[[74364,13959],[0,0]],[[74163,13959],[0,0]],[[74160,13959],[0,0]],[[74363,13959],[0,1]],[[74363,13959],[0,0]],[[74156,13959],[0,1]],[[74156,13959],[0,0]],[[74156,13960],[0,0]],[[74159,13960],[0,0]],[[74156,13961],[0,0]],[[74360,13960],[0,1]],[[74361,13961],[0,0]],[[74360,13962],[0,0]],[[74360,13962],[0,1]],[[74172,13963],[1,0]],[[74172,13963],[0,0]],[[74354,13964],[0,-1]],[[74356,13964],[0,0]],[[74355,13964],[0,0]],[[74355,13964],[-1,0]],[[74360,13964],[0,0]],[[74352,13964],[-1,0]],[[74352,13964],[0,-1]],[[74359,13965],[0,-1]],[[74109,13964],[-1,1]],[[74345,13965],[0,1]],[[74358,13966],[1,0]],[[74358,13966],[0,1]],[[74358,13966],[0,0]],[[74344,13967],[1,0]],[[74358,13967],[0,0]],[[74358,13967],[0,1]],[[74358,13968],[-1,0]],[[74358,13968],[0,0]],[[74346,13967],[0,1]],[[74347,13969],[-1,0]],[[74347,13969],[0,0]],[[74360,13970],[0,0]],[[74356,13970],[0,0]],[[74360,13970],[0,1]],[[74106,13971],[-1,0]],[[74360,13971],[-1,0]],[[74360,13971],[0,0]],[[74361,13972],[0,-1]],[[74360,13972],[0,0]],[[74348,13972],[1,0]],[[74348,13972],[0,0]],[[74176,13972],[0,0]],[[74360,13972],[-1,0]],[[74313,13972],[0,1]],[[74176,13973],[0,0]],[[74100,13972],[-1,0]],[[74361,13975],[0,1]],[[74361,13975],[0,0]],[[74363,13976],[0,-1]],[[74363,13976],[0,0]],[[74175,13976],[0,0]],[[74363,13976],[0,1]],[[74175,13977],[0,0]],[[74174,13977],[-1,0]],[[74104,13978],[-1,1]],[[74314,13982],[0,-1]],[[74313,13982],[0,0]],[[74175,13982],[0,0]],[[74314,13982],[-1,0]],[[74314,13982],[0,0]],[[74106,13981],[-1,0]],[[74173,13983],[0,-1]],[[74335,13983],[1,0]],[[74336,13983],[-1,0]],[[74333,13983],[1,0]],[[74360,13984],[0,-1]],[[74127,13983],[0,1]],[[74314,13984],[0,0]],[[74334,13984],[-1,0]],[[74360,13984],[0,1]],[[74360,13984],[0,0]],[[74333,13985],[-1,0]],[[74333,13985],[0,0]],[[74316,13985],[1,0]],[[74175,13985],[0,0]],[[74175,13985],[0,1]],[[74175,13986],[0,-1]],[[74176,13986],[-1,0]],[[74176,13986],[0,0]],[[74163,13986],[0,0]],[[74164,13986],[0,1]],[[74163,13987],[0,0]],[[74331,13987],[0,0]],[[74163,13987],[-1,0]],[[74176,13987],[-1,0]],[[74176,13987],[0,0]],[[74175,13987],[0,1]],[[74175,13987],[0,0]],[[74176,13987],[0,1]],[[74331,13987],[0,1]],[[74331,13988],[0,-1]],[[74331,13987],[0,-1]],[[74175,13988],[0,0]],[[74319,13988],[-1,0]],[[74318,13988],[1,0]],[[74319,13988],[0,0]],[[74357,13989],[-1,1]],[[74357,13989],[0,0]],[[74356,13990],[0,0]],[[74163,13990],[0,0]],[[74121,13990],[-1,0]],[[74121,13990],[0,0]],[[74164,13990],[0,1]],[[74164,13990],[0,0]],[[74121,13990],[0,1]],[[74164,13991],[0,0]],[[74162,13991],[0,0]],[[74353,13992],[-1,0]],[[74353,13992],[0,0]],[[74353,13992],[0,1]],[[74165,13992],[0,1]],[[74165,13992],[0,0]],[[74155,13993],[1,0]],[[74156,13993],[-1,0]],[[74330,13993],[0,0]],[[74155,13993],[0,0]],[[74352,13993],[1,0]],[[74353,13993],[-1,0]],[[74330,13994],[0,0]],[[74163,13994],[0,1]],[[74156,13996],[0,-1]],[[74348,13995],[0,1]],[[74348,13995],[0,0]],[[74156,13996],[0,0]],[[74349,13996],[0,0]],[[74350,13996],[0,0]],[[74349,13996],[-1,0]],[[74346,13996],[-1,0]],[[74346,13996],[0,0]],[[74155,13996],[0,1]],[[74345,13997],[0,0]],[[74165,13998],[-1,0]],[[74164,13998],[0,1]],[[74164,13999],[1,-1]],[[74164,13998],[0,0]],[[74166,13999],[0,0]],[[74165,14000],[0,0]],[[74165,14002],[0,-1]],[[74165,14002],[0,0]],[[74339,14002],[0,0]],[[74163,14003],[0,0]],[[74343,14003],[0,1]],[[74341,14004],[1,0]],[[74163,14005],[0,0]],[[74169,14005],[0,1]],[[74169,14006],[0,-1]],[[74339,14006],[0,0]],[[74339,14006],[-1,0]],[[74169,14006],[0,0]],[[74169,14007],[-1,0]],[[74169,14007],[0,0]],[[74168,14007],[0,0]],[[74169,14007],[0,1]],[[74170,14008],[0,0]],[[74338,14009],[0,0]],[[74169,14010],[0,-1]],[[74336,14010],[0,0]],[[74160,14010],[0,0]],[[74333,14010],[0,1]],[[74333,14010],[0,0]],[[74169,14010],[0,1]],[[74169,14010],[0,0]],[[74334,14010],[0,1]],[[74334,14010],[0,0]],[[74333,14011],[0,0]],[[74334,14011],[0,0]],[[74169,14012],[0,0]],[[74333,14012],[0,0]],[[74333,14012],[0,1]],[[74336,14012],[0,1]],[[74336,14013],[1,0]],[[74337,14013],[-1,-1]],[[74336,14012],[-1,1]],[[74335,14013],[1,0]],[[74333,14013],[0,0]],[[74337,14013],[0,0]],[[74168,14013],[0,0]],[[74336,14013],[0,0]],[[74169,14013],[0,0]],[[74339,14013],[0,0]],[[74335,14013],[0,0]],[[74339,14014],[-1,0]],[[74168,14014],[0,0]],[[74168,14014],[0,1]],[[74333,14015],[0,0]],[[74167,14015],[0,-1]],[[74168,14015],[-1,0]],[[74168,14015],[0,0]],[[74167,14016],[0,0]],[[74165,14016],[0,0]],[[74334,14016],[0,0]],[[74166,14016],[0,0]],[[74335,14016],[-1,0]],[[74334,14016],[0,1]],[[74334,14017],[1,0]],[[74335,14017],[0,-1]],[[74335,14017],[1,0]],[[74336,14017],[-1,-1]],[[74334,14017],[0,0]],[[74336,14017],[0,0]],[[74335,14017],[0,0]],[[74335,14017],[0,1]],[[74335,14018],[0,0]],[[74336,14019],[0,-1]],[[74157,14018],[0,1]],[[74336,14019],[0,0]],[[74336,14019],[0,1]],[[74336,14020],[1,0]],[[74337,14020],[-1,-1]],[[74169,14019],[0,1]],[[74169,14019],[0,0]],[[74339,14020],[1,0]],[[74339,14020],[0,0]],[[74337,14020],[0,0]],[[74170,14020],[0,0]],[[74337,14020],[0,1]],[[74336,14021],[0,-1]],[[74336,14021],[0,0]],[[74339,14020],[0,1]],[[74337,14021],[0,-1]],[[74337,14021],[-1,0]],[[74337,14021],[0,0]],[[74169,14020],[0,1]],[[74342,14022],[1,0]],[[74189,14021],[0,1]],[[74337,14022],[-1,0]],[[74337,14022],[0,0]],[[74339,14022],[0,0]],[[74339,14022],[0,1]],[[74342,14022],[-1,1]],[[74341,14023],[1,-1]],[[74339,14023],[0,0]],[[74341,14023],[-1,0]],[[74339,14023],[0,1]],[[74339,14024],[1,0]],[[74340,14024],[-1,-1]],[[74342,14024],[-1,0]],[[74342,14024],[0,0]],[[74340,14024],[0,1]],[[74340,14024],[0,0]],[[74341,14025],[0,0]],[[74343,14025],[0,1]],[[74343,14026],[0,-1]],[[74343,14027],[0,0]],[[74192,14029],[0,0]],[[74192,14029],[-1,0]],[[74185,14030],[-1,0]],[[74185,14030],[0,0]],[[74340,14031],[-1,0]],[[74340,14031],[0,0]],[[74182,14032],[0,0]],[[74340,14032],[0,0]],[[74339,14032],[0,1]],[[74339,14032],[0,0]],[[74182,14032],[0,1]],[[74182,14033],[-1,0]],[[74340,14033],[0,1]],[[74339,14034],[0,-1]],[[74339,14034],[0,0]],[[74183,14035],[0,0]],[[74339,14035],[0,-1]],[[74339,14035],[0,1]],[[74339,14036],[0,-1]],[[74338,14038],[0,1]],[[74338,14038],[0,0]],[[74338,14041],[0,0]],[[74338,14043],[0,0]],[[74339,14043],[0,0]],[[74337,14043],[0,0]],[[74338,14043],[0,1]],[[74338,14044],[-1,0]],[[74338,14044],[0,0]],[[74337,14044],[0,0]],[[74339,14046],[1,0]],[[74339,14046],[0,1]],[[74339,14047],[1,0]],[[74337,14047],[0,0]],[[74339,14047],[-1,0]],[[74178,14049],[1,0]],[[74178,14049],[0,0]],[[74187,14049],[0,0]],[[74178,14049],[-1,0]],[[74179,14049],[1,0]],[[74177,14049],[0,0]],[[74175,14049],[1,1]],[[74176,14050],[-1,-1]],[[74173,14050],[0,-1]],[[74173,14050],[0,0]],[[74185,14049],[0,1]],[[74185,14049],[0,0]],[[74184,14050],[1,0]],[[74184,14050],[0,0]],[[74338,14049],[0,1]],[[74338,14049],[0,0]],[[74338,14050],[0,0]],[[74175,14050],[0,-1]],[[74175,14049],[-2,0]],[[74173,14050],[2,0]],[[74337,14050],[0,0]],[[74176,14050],[1,0]],[[74176,14050],[0,0]],[[74337,14051],[0,0]],[[74336,14050],[0,1]],[[74336,14050],[0,0]],[[74337,14050],[-1,0]],[[74336,14051],[1,0]],[[74337,14051],[0,-1]],[[74336,14051],[0,0]],[[74174,14051],[0,0]],[[74173,14051],[0,0]],[[74336,14051],[0,1]],[[74176,14052],[0,-1]],[[74176,14051],[1,0]],[[74176,14051],[0,-1]],[[74176,14050],[-1,0]],[[74175,14050],[-1,1]],[[74174,14051],[1,0]],[[74174,14051],[1,1]],[[74175,14052],[1,0]],[[74177,14052],[-1,0]],[[74176,14052],[0,-1]],[[74336,14052],[0,0]],[[74336,14052],[1,0]],[[74176,14052],[0,0]],[[74177,14052],[0,1]],[[74177,14053],[1,0]],[[74178,14053],[-1,-1]],[[74175,14052],[1,0]],[[74177,14052],[1,0]],[[74177,14052],[0,-1]],[[74336,14053],[0,0]],[[74337,14056],[0,-1]],[[74356,14054],[-1,0]],[[74337,14056],[0,0]],[[74337,14057],[0,0]],[[74343,14057],[-1,0]],[[74337,14057],[-1,0]],[[74336,14057],[1,0]],[[74175,14058],[0,0]],[[74174,14058],[-1,0]],[[74174,14058],[0,0]],[[74339,14058],[0,0]],[[74344,14059],[0,-1]],[[74341,14058],[0,1]],[[74344,14059],[0,0]],[[74341,14060],[0,0]],[[74338,14060],[0,0]],[[74342,14060],[-1,0]],[[74341,14060],[0,1]],[[74341,14061],[1,-1]],[[74155,14061],[0,-1]],[[74341,14061],[1,-1]],[[74151,14060],[0,1]],[[74338,14061],[0,0]],[[74341,14060],[-1,0]],[[74341,14060],[0,1]],[[74339,14061],[0,0]],[[74341,14061],[0,0]],[[74164,14061],[0,0]],[[74155,14061],[0,1]],[[74155,14061],[0,0]],[[74341,14062],[0,0]],[[74155,14062],[1,0]],[[74155,14062],[0,0]],[[74338,14061],[0,1]],[[74338,14062],[0,0]],[[74157,14062],[0,0]],[[74154,14062],[0,0]],[[74154,14062],[0,1]],[[74149,14063],[0,-1]],[[74146,14062],[0,1]],[[74146,14063],[0,-1]],[[74164,14063],[0,-1]],[[74153,14063],[0,0]],[[74146,14062],[0,0]],[[74146,14063],[-1,-1]],[[74149,14063],[0,0]],[[74339,14063],[0,0]],[[74158,14063],[0,0]],[[74151,14063],[0,0]],[[74150,14063],[0,0]],[[74338,14063],[0,0]],[[74164,14063],[1,0]],[[74339,14063],[0,1]],[[74338,14063],[0,1]],[[74148,14064],[0,0]],[[74170,14064],[0,1]],[[74170,14064],[0,0]],[[74339,14065],[0,0]],[[74338,14065],[0,0]],[[74149,14065],[0,0]],[[74339,14066],[0,0]],[[74350,14066],[1,0]],[[74350,14066],[0,0]],[[74350,14066],[0,1]],[[74146,14067],[0,0]],[[74341,14067],[0,0]],[[74349,14067],[0,0]],[[74146,14067],[0,1]],[[74341,14068],[0,0]],[[74343,14068],[0,0]],[[74351,14068],[-1,0]],[[74148,14069],[0,-1]],[[74348,14069],[0,0]],[[74147,14070],[0,0]],[[74348,14069],[-2,1]],[[74346,14070],[1,0]],[[74347,14070],[1,-1]],[[74341,14070],[0,0]],[[74348,14070],[0,0]],[[74145,14070],[0,0]],[[74342,14070],[0,0]],[[74147,14070],[-1,0]],[[74147,14070],[0,1]],[[74346,14070],[1,1]],[[74347,14071],[0,-1]],[[74343,14071],[0,-1]],[[74146,14071],[0,0]],[[74146,14070],[0,1]],[[74146,14070],[0,0]],[[74348,14070],[-1,0]],[[74347,14071],[1,-1]],[[74341,14070],[0,1]],[[74342,14071],[0,0]],[[74145,14071],[1,0]],[[74145,14071],[0,0]],[[74343,14071],[0,0]],[[74343,14071],[1,0]],[[74143,14071],[0,0]],[[74342,14072],[0,-1]],[[74342,14072],[0,0]],[[74146,14071],[0,1]],[[74145,14072],[0,0]],[[74139,14072],[1,0]],[[74146,14072],[0,0]],[[74139,14072],[0,1]],[[74139,14072],[-1,0]],[[74347,14072],[-1,0]],[[74343,14073],[1,0]],[[74145,14072],[0,1]],[[74145,14072],[0,-1]],[[74145,14071],[0,-1]],[[74145,14070],[0,2]],[[74224,14075],[0,1]],[[74146,14076],[0,-1]],[[74146,14076],[0,0]],[[74177,14076],[1,0]],[[74177,14076],[0,0]],[[74177,14076],[-1,0]],[[74176,14076],[1,0]],[[74175,14076],[-1,0]],[[74342,14077],[0,1]],[[74342,14077],[0,0]],[[74346,14078],[-1,0]],[[74182,14079],[0,0]],[[74342,14079],[1,0]],[[74347,14079],[0,1]],[[74345,14079],[0,1]],[[74346,14079],[0,1]],[[74344,14080],[0,1]],[[74149,14081],[-1,-1]],[[74148,14080],[0,1]],[[74148,14081],[1,0]],[[74148,14080],[0,0]],[[74148,14081],[0,0]],[[74349,14080],[0,1]],[[74183,14081],[0,0]],[[74343,14082],[0,-1]],[[74343,14082],[0,0]],[[74184,14081],[1,1]],[[74185,14082],[-1,-1]],[[74185,14082],[0,0]],[[74162,14081],[0,1]],[[74183,14082],[0,0]],[[74343,14082],[1,0]],[[74156,14082],[0,0]],[[74346,14082],[0,0]],[[74347,14082],[0,0]],[[74156,14082],[0,1]],[[74185,14083],[0,0]],[[74156,14083],[1,0]],[[74156,14083],[0,0]],[[74345,14083],[0,1]],[[74345,14084],[0,-1]],[[74227,14083],[-1,1]],[[74346,14084],[0,0]],[[74345,14084],[-1,0]],[[74345,14084],[0,0]],[[74350,14084],[-1,0]],[[74347,14085],[0,-1]],[[74155,14084],[0,1]],[[74188,14085],[0,0]],[[74185,14084],[0,1]],[[74347,14085],[-1,0]],[[74347,14085],[0,0]],[[74184,14085],[0,0]],[[74346,14085],[0,1]],[[74346,14085],[0,0]],[[74345,14086],[0,-1]],[[74346,14086],[-1,0]],[[74346,14086],[0,0]],[[74348,14086],[1,0]],[[74348,14086],[0,0]],[[74347,14086],[0,0]],[[74347,14086],[-1,0]],[[74193,14086],[0,0]],[[74344,14086],[0,1]],[[74344,14086],[0,0]],[[74192,14087],[0,0]],[[74350,14087],[-1,0]],[[74343,14088],[0,0]],[[74237,14088],[1,0]],[[74197,14087],[0,1]],[[74344,14089],[0,-1]],[[74344,14089],[0,0]],[[74237,14089],[0,0]],[[74346,14089],[-1,0]],[[74237,14089],[-1,1]],[[74349,14090],[0,0]],[[74349,14090],[1,0]],[[74235,14090],[0,0]],[[74351,14091],[0,-1]],[[74344,14090],[0,1]],[[74343,14091],[0,0]],[[74345,14091],[0,-1]],[[74351,14091],[0,0]],[[74345,14091],[0,1]],[[74345,14091],[0,0]],[[74349,14091],[0,1]],[[74344,14092],[0,0]],[[74344,14092],[-1,1]],[[74343,14093],[1,0]],[[74344,14093],[0,-1]],[[74344,14093],[0,0]],[[74343,14093],[0,1]],[[74343,14093],[0,0]],[[74351,14094],[0,-1]],[[74346,14094],[0,-1]],[[74351,14094],[0,0]],[[74346,14094],[0,1]],[[74346,14094],[0,0]],[[74238,14095],[0,0]],[[74343,14095],[0,0]],[[74349,14095],[0,0]],[[74348,14095],[0,-1]],[[74344,14093],[-1,1]],[[74343,14094],[0,1]],[[74343,14095],[1,-2]],[[74237,14095],[-1,0]],[[74237,14095],[0,0]],[[74241,14096],[0,-1]],[[74240,14096],[1,0]],[[74240,14096],[0,0]],[[74240,14096],[0,-1]],[[74238,14096],[0,0]],[[74348,14095],[-1,1]],[[74347,14096],[1,-1]],[[74345,14095],[0,1]],[[74347,14096],[0,0]],[[74343,14096],[0,0]],[[74239,14096],[0,0]],[[74346,14097],[1,-1]],[[74347,14096],[-1,1]],[[74341,14097],[1,0]],[[74341,14097],[0,0]],[[74342,14097],[0,0]],[[74346,14097],[0,0]],[[74346,14098],[0,0]],[[74238,14098],[0,0]],[[74238,14098],[-1,0]],[[74346,14098],[0,1]],[[74340,14099],[-1,0]],[[74340,14099],[0,0]],[[74244,14099],[0,1]],[[74244,14099],[0,0]],[[74339,14100],[1,0]],[[74339,14100],[0,0]],[[74338,14100],[0,0]],[[74338,14100],[0,1]],[[74338,14101],[0,0]],[[74340,14101],[1,0]],[[74244,14101],[-1,0]],[[74244,14101],[0,0]],[[74339,14101],[1,0]],[[74339,14101],[0,0]],[[74339,14101],[0,1]],[[74244,14102],[0,0]],[[74227,14102],[0,0]],[[74228,14102],[0,0]],[[74231,14102],[1,0]],[[74228,14102],[1,0]],[[74226,14103],[0,-1]],[[74335,14104],[0,1]],[[74243,14107],[-1,0]],[[74334,14108],[0,1]],[[74334,14109],[1,0]],[[74335,14109],[-1,-1]],[[74334,14108],[-1,0]],[[74333,14108],[0,1]],[[74333,14109],[1,0]],[[74334,14108],[0,0]],[[74335,14109],[0,0]],[[74333,14109],[0,0]],[[74335,14109],[1,0]],[[74243,14109],[0,1]],[[74243,14109],[0,0]],[[74346,14109],[-1,0]],[[74333,14110],[0,-1]],[[74333,14110],[0,0]],[[74335,14110],[1,0]],[[74346,14110],[0,0]],[[74324,14110],[0,0]],[[74346,14110],[1,0]],[[74339,14110],[0,0]],[[74340,14110],[0,0]],[[74333,14110],[0,1]],[[74332,14110],[0,1]],[[74332,14110],[0,0]],[[74335,14110],[0,1]],[[74335,14110],[0,0]],[[74340,14111],[0,0]],[[74339,14111],[0,0]],[[74337,14111],[0,0]],[[74345,14111],[0,0]],[[74329,14111],[0,0]],[[74345,14111],[1,0]],[[74333,14111],[-1,0]],[[74333,14111],[0,0]],[[74337,14111],[-1,0]],[[74345,14111],[0,1]],[[74338,14112],[0,-1]],[[74339,14111],[0,1]],[[74332,14111],[-1,0]],[[74332,14111],[0,1]],[[74329,14112],[0,0]],[[74338,14112],[0,0]],[[74339,14112],[0,0]],[[74328,14112],[0,0]],[[74341,14112],[0,0]],[[74341,14112],[-1,0]],[[74325,14112],[0,1]],[[74325,14112],[0,0]],[[74346,14113],[0,0]],[[74326,14113],[0,0]],[[74331,14113],[-1,0]],[[74331,14113],[0,0]],[[74244,14113],[0,0]],[[74330,14113],[0,1]],[[74330,14114],[1,0]],[[74331,14114],[0,-1]],[[74325,14114],[1,0]],[[74330,14114],[1,1]],[[74331,14115],[-1,-1]],[[74325,14115],[-1,0]],[[74325,14115],[0,0]],[[74331,14115],[0,0]],[[74354,14116],[0,-1]],[[74354,14116],[-1,0]],[[74360,14118],[0,0]],[[74312,14119],[0,0]],[[74246,14119],[0,1]],[[74245,14120],[0,-1]],[[74245,14119],[0,1]],[[74245,14119],[0,0]],[[74352,14120],[0,0]],[[74358,14120],[-1,0]],[[74357,14121],[0,0]],[[74358,14121],[0,0]],[[74163,14122],[-1,0]],[[74163,14122],[0,0]],[[74356,14122],[0,0]],[[74358,14122],[0,1]],[[74355,14123],[0,-1]],[[74355,14123],[0,0]],[[74356,14123],[0,0]],[[74163,14122],[0,1]],[[74163,14123],[0,-1]],[[74163,14123],[0,1]],[[74163,14123],[0,0]],[[74163,14124],[0,0]],[[74354,14124],[0,1]],[[74356,14125],[-1,0]],[[74311,14125],[1,0]],[[74165,14125],[-1,0]],[[74311,14125],[0,0]],[[74163,14125],[0,1]],[[74355,14126],[0,0]],[[74355,14126],[0,1]],[[74163,14128],[0,-1]],[[74163,14128],[0,0]],[[74356,14128],[0,0]],[[74232,14128],[0,0]],[[74309,14128],[0,1]],[[74309,14128],[0,0]],[[74308,14128],[0,1]],[[74354,14129],[0,0]],[[74353,14129],[0,0]],[[74235,14130],[1,-1]],[[74236,14130],[0,0]],[[74235,14130],[0,1]],[[74235,14130],[0,0]],[[74234,14130],[0,1]],[[74234,14130],[0,0]],[[74237,14131],[0,0]],[[74238,14131],[0,1]],[[74232,14132],[-1,0]],[[74230,14133],[0,0]],[[74228,14133],[0,0]],[[74231,14133],[0,0]],[[74353,14133],[0,0]],[[74353,14133],[-1,0]],[[74228,14133],[0,1]],[[74228,14134],[0,-1]],[[74228,14134],[-1,0]],[[74228,14134],[0,0]],[[74159,14134],[-1,0]],[[74158,14135],[0,0]],[[74158,14135],[1,0]],[[74150,14135],[1,0]],[[74150,14135],[0,0]],[[74158,14135],[0,1]],[[74158,14135],[-1,1]],[[74157,14136],[1,0]],[[74158,14136],[0,0]],[[74232,14137],[0,0]],[[74149,14137],[0,0]],[[74224,14137],[0,0]],[[74229,14137],[-1,0]],[[74229,14137],[0,0]],[[74364,14137],[0,1]],[[74149,14137],[0,1]],[[74149,14138],[0,-1]],[[74363,14139],[0,-1]],[[74171,14138],[-1,0]],[[74363,14139],[-1,0]],[[74363,14139],[0,0]],[[74147,14139],[-1,0]],[[74166,14140],[0,-1]],[[74168,14140],[0,0]],[[74166,14140],[-1,0]],[[74166,14140],[0,0]],[[74167,14140],[0,0]],[[74314,14140],[0,0]],[[74158,14141],[0,-1]],[[74149,14141],[-1,0]],[[74149,14141],[0,0]],[[74312,14141],[0,0]],[[74158,14141],[1,0]],[[74312,14141],[-1,0]],[[74148,14141],[0,0]],[[74150,14141],[0,0]],[[74156,14142],[0,-1]],[[74148,14141],[1,1]],[[74149,14142],[0,-1]],[[74157,14136],[-6,-1]],[[74151,14135],[-2,3]],[[74149,14138],[1,3]],[[74150,14141],[8,-5]],[[74168,14142],[0,0]],[[74165,14142],[0,0]],[[74311,14142],[0,0]],[[74314,14142],[0,0]],[[74156,14142],[0,0]],[[74149,14142],[0,0]],[[74150,14142],[0,0]],[[74167,14142],[0,0]],[[74166,14142],[0,0]],[[74313,14142],[0,-1]],[[74313,14142],[0,0]],[[74146,14142],[0,0]],[[74224,14142],[1,0]],[[74224,14142],[0,0]],[[74147,14142],[0,0]],[[74170,14142],[0,0]],[[74151,14142],[0,0]],[[74359,14142],[0,1]],[[74170,14142],[0,1]],[[74313,14143],[1,0]],[[74158,14142],[0,1]],[[74358,14143],[-1,0]],[[74157,14143],[-1,0]],[[74225,14143],[0,1]],[[74225,14143],[0,0]],[[74313,14144],[0,0]],[[74172,14145],[0,-1]],[[74173,14145],[0,0]],[[74313,14145],[1,0]],[[74158,14145],[0,0]],[[74175,14146],[0,0]],[[74313,14146],[0,-1]],[[74313,14146],[0,0]],[[74356,14146],[0,0]],[[74176,14147],[0,-1]],[[74357,14146],[0,1]],[[74183,14147],[0,0]],[[74190,14147],[0,0]],[[74183,14147],[1,0]],[[74177,14147],[0,0]],[[74163,14148],[0,0]],[[74163,14147],[0,1]],[[74163,14147],[0,0]],[[74190,14148],[1,0]],[[74191,14148],[-1,0]],[[74190,14148],[0,0]],[[74184,14148],[0,0]],[[74313,14148],[0,0]],[[74229,14149],[0,0]],[[74190,14149],[0,0]],[[74164,14149],[0,0]],[[74164,14149],[0,1]],[[74418,14150],[-1,0]],[[74418,14150],[0,0]],[[74418,14150],[0,1]],[[74165,14151],[0,-1]],[[74165,14150],[-1,0]],[[74164,14150],[0,1]],[[74164,14151],[1,0]],[[74163,14151],[1,0]],[[74163,14151],[0,0]],[[74164,14151],[0,0]],[[74419,14151],[0,-1]],[[74190,14151],[0,0]],[[74418,14151],[0,0]],[[74165,14151],[0,0]],[[74230,14151],[0,0]],[[74418,14151],[-1,0]],[[74163,14151],[0,1]],[[74164,14152],[0,0]],[[74312,14151],[0,1]],[[74312,14152],[0,-1]],[[74163,14152],[0,0]],[[74190,14152],[0,0]],[[74311,14152],[0,0]],[[74161,14152],[-1,0]],[[74311,14152],[0,1]],[[74230,14153],[0,0]],[[74394,14153],[0,0]],[[74396,14153],[0,1]],[[74394,14153],[0,1]],[[74394,14154],[1,0]],[[74395,14154],[-1,-1]],[[74230,14155],[0,0]],[[74311,14154],[0,1]],[[74391,14155],[0,0]],[[74229,14155],[0,0]],[[74229,14155],[0,1]],[[74309,14155],[0,1]],[[74309,14156],[1,0]],[[74310,14156],[-1,-1]],[[74309,14156],[0,0]],[[74401,14156],[0,0]],[[74309,14155],[0,0]],[[74402,14156],[-1,0]],[[74402,14156],[0,0]],[[74308,14156],[0,0]],[[74403,14156],[0,0]],[[74400,14156],[-1,0]],[[74400,14156],[0,0]],[[74398,14156],[0,0]],[[74161,14156],[-1,0]],[[74310,14156],[0,1]],[[74310,14156],[0,0]],[[74398,14156],[0,1]],[[74399,14157],[0,0]],[[74159,14157],[0,0]],[[74391,14157],[0,0]],[[74308,14157],[0,0]],[[74229,14157],[0,0]],[[74160,14157],[0,0]],[[74309,14158],[0,-1]],[[74309,14158],[0,0]],[[74162,14158],[0,0]],[[74158,14158],[0,0]],[[74404,14158],[0,0]],[[74160,14158],[0,0]],[[74405,14158],[0,0]],[[74162,14158],[0,1]],[[74309,14158],[0,1]],[[74309,14159],[1,0]],[[74389,14158],[0,1]],[[74157,14159],[-1,0]],[[74160,14159],[0,0]],[[74309,14159],[0,0]],[[74161,14159],[0,0]],[[74309,14159],[0,1]],[[74407,14160],[0,0]],[[74160,14160],[0,0]],[[74408,14160],[0,0]],[[74407,14160],[0,-1]],[[74390,14160],[-1,0]],[[74390,14160],[0,0]],[[74306,14160],[0,0]],[[74307,14160],[0,1]],[[74307,14160],[0,0]],[[74390,14161],[0,0]],[[74308,14160],[-1,0]],[[74307,14161],[1,-1]],[[74407,14161],[0,0]],[[74306,14161],[0,0]],[[74389,14161],[0,0]],[[74158,14161],[0,0]],[[74158,14161],[-1,0]],[[74157,14161],[0,1]],[[74157,14162],[1,-1]],[[74157,14161],[0,0]],[[74230,14161],[0,1]],[[74230,14162],[0,-1]],[[74387,14162],[1,0]],[[74388,14162],[-1,0]],[[74307,14162],[0,0]],[[74306,14161],[0,1]],[[74304,14162],[0,0]],[[74157,14162],[-1,0]],[[74155,14162],[0,0]],[[74149,14162],[0,0]],[[74152,14162],[0,0]],[[74401,14162],[0,1]],[[74401,14162],[0,0]],[[74149,14162],[0,1]],[[74149,14163],[1,0]],[[74149,14162],[0,1]],[[74384,14163],[-1,0]],[[74384,14163],[0,0]],[[74145,14163],[0,0]],[[74155,14163],[0,0]],[[74152,14163],[-1,0]],[[74305,14163],[0,1]],[[74305,14164],[0,-1]],[[74152,14163],[0,1]],[[74152,14163],[0,0]],[[74156,14164],[0,0]],[[74305,14164],[0,0]],[[74384,14163],[0,1]],[[74383,14164],[0,0]],[[74382,14164],[0,0]],[[74153,14164],[0,0]],[[74155,14164],[0,0]],[[74152,14164],[0,0]],[[74145,14165],[0,-1]],[[74152,14164],[0,1]],[[74305,14164],[0,1]],[[74151,14165],[0,0]],[[74145,14165],[-1,0]],[[74151,14165],[-1,0]],[[74151,14165],[0,1]],[[74368,14164],[-1,0]],[[74380,14167],[0,0]],[[74305,14167],[1,0]],[[74305,14167],[0,0]],[[74403,14167],[0,0]],[[74305,14167],[0,1]],[[74305,14167],[1,0]],[[74304,14167],[-1,0]],[[74303,14167],[0,1]],[[74303,14168],[1,0]],[[74303,14168],[1,-1]],[[74148,14168],[0,0]],[[74303,14168],[0,0]],[[74402,14168],[0,0]],[[74365,14168],[0,0]],[[74379,14168],[0,0]],[[74148,14168],[0,1]],[[74146,14169],[0,-1]],[[74146,14169],[0,0]],[[74301,14169],[1,0]],[[74301,14169],[0,0]],[[74365,14168],[-1,0]],[[74402,14169],[1,0]],[[74302,14169],[0,0]],[[74146,14169],[-1,0]],[[74143,14170],[0,-1]],[[74302,14170],[-1,0]],[[74302,14170],[0,0]],[[74148,14170],[0,0]],[[74143,14170],[1,0]],[[74301,14170],[0,0]],[[74146,14170],[0,0]],[[74302,14170],[1,0]],[[74302,14170],[0,1]],[[74301,14170],[0,1]],[[74148,14170],[0,1]],[[74378,14170],[0,1]],[[74378,14171],[0,-1]],[[74303,14171],[0,0]],[[74375,14171],[0,-1]],[[74146,14171],[0,0]],[[74302,14171],[0,0]],[[74301,14171],[0,0]],[[74147,14171],[-1,0]],[[74146,14171],[0,-1]],[[74375,14171],[-1,0]],[[74378,14171],[0,0]],[[74230,14171],[0,0]],[[74147,14172],[0,-1]],[[74147,14172],[0,0]],[[74147,14171],[0,0]],[[74148,14172],[-1,0]],[[74148,14172],[0,0]],[[74145,14172],[0,0]],[[74301,14172],[0,0]],[[74301,14172],[1,0]],[[74301,14172],[0,1]],[[74147,14172],[0,1]],[[74301,14172],[-1,0]],[[74300,14172],[1,1]],[[74302,14173],[0,0]],[[74301,14173],[0,0]],[[74302,14173],[0,1]],[[74147,14173],[-1,0]],[[74146,14173],[1,1]],[[74147,14174],[0,-1]],[[74301,14174],[0,-1]],[[74301,14174],[0,0]],[[74302,14173],[-1,0]],[[74301,14174],[1,-1]],[[74146,14173],[-1,0]],[[74147,14174],[0,0]],[[74299,14174],[1,0]],[[74147,14174],[0,1]],[[74303,14175],[1,0]],[[74303,14175],[0,0]],[[74147,14175],[-1,0]],[[74147,14175],[0,0]],[[74146,14176],[0,0]],[[74374,14176],[0,1]],[[74374,14176],[0,0]],[[74145,14177],[0,0]],[[74148,14177],[0,0]],[[74146,14177],[0,1]],[[74383,14177],[0,1]],[[74383,14177],[0,0]],[[74148,14178],[0,0]],[[74299,14178],[0,-1]],[[74215,14178],[0,-1]],[[74390,14178],[0,1]],[[74390,14178],[0,0]],[[74147,14178],[0,1]],[[74299,14179],[0,0]],[[74381,14179],[0,1]],[[74390,14179],[-1,0]],[[74383,14177],[7,1]],[[74390,14178],[0,-1]],[[74390,14178],[12,-9]],[[74402,14169],[0,-1]],[[74402,14168],[1,-1]],[[74403,14167],[-2,-4]],[[74401,14163],[0,-1]],[[74401,14162],[4,-4]],[[74405,14158],[-1,0]],[[74404,14158],[-2,-2]],[[74401,14156],[-1,0]],[[74399,14156],[0,1]],[[74399,14157],[-1,0]],[[74398,14156],[-3,-2]],[[74395,14154],[-1,0]],[[74394,14154],[-3,1]],[[74391,14155],[0,2]],[[74391,14157],[-1,3]],[[74390,14160],[0,1]],[[74390,14161],[-2,1]],[[74387,14162],[-3,2]],[[74384,14164],[-1,0]],[[74383,14164],[-4,4]],[[74379,14168],[-1,2]],[[74378,14170],[0,1]],[[74378,14171],[-4,5]],[[74374,14177],[9,0]],[[74215,14180],[-1,0]],[[74214,14180],[0,1]],[[74214,14181],[1,-1]],[[74149,14181],[0,0]],[[74291,14181],[0,0]],[[74392,14181],[0,0]],[[74150,14181],[0,0]],[[74150,14182],[-1,0]],[[74150,14182],[0,0]],[[74291,14182],[1,0]],[[74291,14182],[0,0]],[[74144,14182],[1,0]],[[74383,14182],[-1,0]],[[74147,14182],[-1,0]],[[74353,14182],[1,0]],[[74144,14182],[0,1]],[[74144,14182],[0,0]],[[74353,14183],[0,0]],[[74352,14183],[0,0]],[[74150,14184],[0,0]],[[74354,14184],[0,0]],[[74291,14184],[0,0]],[[74290,14184],[0,0]],[[74291,14184],[0,1]],[[74352,14185],[0,-1]],[[74354,14184],[0,1]],[[74292,14185],[0,0]],[[74352,14185],[-1,1]],[[74351,14186],[0,-1]],[[74351,14186],[0,0]],[[74288,14186],[0,1]],[[74351,14187],[0,0]],[[74148,14187],[0,0]],[[74351,14187],[-1,0]],[[74346,14188],[0,0]],[[74345,14188],[0,1]],[[74148,14189],[0,0]],[[74349,14189],[0,0]],[[74348,14189],[0,1]],[[74148,14190],[0,0]],[[74346,14190],[-1,0]],[[74227,14191],[0,-1]],[[74147,14191],[0,0]],[[74148,14190],[0,1]],[[74148,14191],[0,1]],[[74148,14191],[0,0]],[[74358,14193],[0,-1]],[[74358,14193],[0,1]],[[74358,14193],[0,0]],[[74285,14194],[0,0]],[[74146,14194],[0,1]],[[74147,14195],[0,0]],[[74343,14195],[0,0]],[[74344,14195],[0,0]],[[74147,14195],[0,1]],[[74284,14196],[0,0]],[[74344,14196],[-1,0]],[[74146,14197],[0,1]],[[74146,14198],[0,-1]],[[74143,14198],[0,1]],[[74146,14199],[0,0]],[[74286,14200],[0,-1]],[[74277,14200],[-1,0]],[[74277,14200],[0,0]],[[74146,14200],[0,0]],[[74291,14201],[1,-1]],[[74276,14201],[-1,0]],[[74292,14201],[0,0]],[[74146,14201],[0,0]],[[74293,14201],[-1,0]],[[74293,14201],[0,0]],[[74281,14201],[-1,0]],[[74281,14201],[0,1]],[[74281,14201],[0,0]],[[74294,14202],[0,-1]],[[74292,14201],[0,1]],[[74292,14202],[1,-1]],[[74295,14202],[-1,0]],[[74295,14202],[0,0]],[[74146,14202],[1,0]],[[74146,14202],[0,0]],[[74294,14202],[0,1]],[[74273,14202],[0,1]],[[74273,14203],[0,-1]],[[74292,14202],[-1,1]],[[74291,14203],[-1,0]],[[74291,14203],[0,0]],[[74147,14203],[-1,0]],[[74284,14203],[0,0]],[[74289,14203],[0,0]],[[74272,14204],[0,0]],[[74146,14204],[0,0]],[[74290,14203],[-1,1]],[[74289,14204],[1,-1]],[[74272,14204],[0,-1]],[[74272,14203],[1,0]],[[74272,14203],[-1,1]],[[74271,14204],[1,0]],[[74289,14204],[0,0]],[[74271,14205],[0,0]],[[74147,14205],[0,0]],[[74270,14206],[0,0]],[[74285,14205],[0,1]],[[74285,14206],[0,-1]],[[74285,14206],[1,0]],[[74148,14206],[0,0]],[[74285,14206],[0,0]],[[74146,14206],[0,0]],[[74148,14208],[0,0]],[[74147,14208],[-1,0]],[[74149,14208],[0,0]],[[74149,14208],[0,1]],[[74149,14209],[1,0]],[[74150,14209],[-1,-1]],[[74149,14209],[0,0]],[[74150,14209],[0,0]],[[74149,14209],[0,1]],[[74149,14211],[0,0]],[[74151,14213],[-1,0]],[[74151,14214],[0,0]],[[74247,14214],[-1,0]],[[74151,14214],[0,1]],[[74152,14215],[-1,0]],[[74152,14215],[0,0]],[[74151,14215],[0,0]],[[74260,14215],[-1,0]],[[74242,14215],[0,0]],[[74243,14217],[0,-1]],[[74243,14217],[0,0]],[[74243,14216],[0,1]],[[74158,14218],[0,0]],[[74160,14220],[0,0]],[[74181,14220],[-1,0]],[[74181,14220],[0,0]],[[74177,14220],[-1,0]],[[74176,14220],[0,1]],[[74176,14221],[1,0]],[[74177,14221],[0,-1]],[[74176,14221],[-1,0]],[[74176,14221],[0,0]],[[74177,14221],[0,0]],[[74160,14221],[0,0]],[[74160,14221],[1,0]],[[74175,14221],[0,0]],[[74183,14221],[-1,0]],[[74183,14221],[0,0]],[[74181,14221],[-1,0]],[[74217,14222],[0,0]],[[74172,14222],[0,0]],[[74183,14222],[1,0]],[[74183,14222],[0,0]],[[74173,14222],[0,0]],[[74163,14222],[0,0]],[[74185,14222],[0,0]],[[74176,14222],[0,0]],[[74183,14222],[-1,0]],[[74164,14222],[-1,0]],[[74164,14222],[0,0]],[[74173,14222],[-1,0]],[[74172,14222],[1,0]],[[74172,14223],[0,-1]],[[74172,14223],[-1,0]],[[74171,14223],[0,-1]],[[74186,14223],[0,0]],[[74171,14223],[0,0]],[[74172,14223],[0,0]],[[74165,14223],[0,0]],[[74183,14223],[0,0]],[[74170,14223],[-1,0]],[[74169,14223],[0,1]],[[74169,14224],[1,0]],[[74170,14224],[0,-1]],[[74184,14224],[0,-1]],[[74205,14223],[0,1]],[[74186,14223],[0,1]],[[74171,14223],[0,1]],[[74171,14224],[1,0]],[[74170,14224],[0,0]],[[74169,14224],[0,0]],[[74229,14224],[0,1]],[[74229,14224],[0,0]],[[74229,14224],[-1,0]],[[74228,14224],[0,1]],[[74228,14225],[1,0]],[[74171,14224],[1,0]],[[74170,14225],[-1,0]],[[74064,14225],[0,0]],[[74205,14225],[1,0]],[[74228,14225],[-1,-1]],[[74227,14224],[-1,0]],[[74226,14224],[2,1]],[[74203,14225],[1,0]],[[74066,14225],[0,0]],[[74064,14225],[0,1]],[[74188,14226],[-1,0]],[[74188,14226],[0,0]],[[74187,14226],[0,0]],[[74203,14225],[23,-1]],[[74227,14224],[1,0]],[[74228,14224],[1,0]],[[74229,14224],[13,-9]],[[74242,14215],[5,-1]],[[74247,14214],[13,1]],[[74260,14215],[0,1]],[[74260,14215],[11,-10]],[[74271,14205],[0,-1]],[[74272,14203],[1,-1]],[[74273,14202],[3,-2]],[[74277,14200],[8,5]],[[74285,14205],[4,-1]],[[74289,14204],[0,-1]],[[74289,14203],[1,0]],[[74290,14203],[-4,-3]],[[74286,14200],[0,1]],[[74286,14200],[-1,0]],[[74286,14200],[-2,-4]],[[74284,14196],[-1,0]],[[74284,14196],[1,-2]],[[74285,14194],[5,-10]],[[74290,14184],[1,0]],[[74290,14184],[1,-2]],[[74291,14182],[0,-1]],[[74291,14181],[8,-3]],[[74299,14178],[1,-6]],[[74301,14172],[0,-1]],[[74301,14170],[0,-1]],[[74301,14169],[2,-2]],[[74304,14167],[1,0]],[[74305,14167],[0,-2]],[[74305,14165],[-1,0]],[[74305,14163],[-1,-1]],[[74304,14162],[2,-1]],[[74306,14161],[0,-1]],[[74306,14160],[-1,0]],[[74306,14160],[2,0]],[[74308,14160],[1,0]],[[74309,14158],[-1,-1]],[[74308,14157],[0,-1]],[[74308,14156],[-1,0]],[[74308,14156],[1,0]],[[74309,14155],[1,0]],[[74309,14155],[2,-2]],[[74311,14152],[1,0]],[[74312,14151],[1,-3]],[[74313,14148],[-1,0]],[[74313,14148],[0,-2]],[[74313,14145],[0,-1]],[[74313,14144],[-1,0]],[[74313,14144],[0,-1]],[[74313,14143],[0,-1]],[[74313,14142],[-2,0]],[[74311,14142],[0,-1]],[[74311,14141],[-3,-13]],[[74308,14128],[0,-1]],[[74308,14128],[1,0]],[[74309,14128],[2,-3]],[[74311,14125],[1,-6]],[[74312,14119],[12,-9]],[[74324,14110],[1,2]],[[74325,14113],[1,0]],[[74326,14113],[2,-1]],[[74328,14112],[1,-1]],[[74329,14111],[1,2]],[[74331,14113],[0,-2]],[[74332,14110],[1,-1]],[[74333,14108],[5,-8]],[[74338,14100],[1,0]],[[74339,14100],[0,-1]],[[74340,14099],[1,-2]],[[74341,14097],[-1,2]],[[74340,14099],[1,-2]],[[74341,14097],[1,0]],[[74342,14097],[1,-1]],[[74343,14096],[0,-1]],[[74343,14096],[-1,0]],[[74344,14092],[-1,-1]],[[74343,14091],[0,-3]],[[74343,14088],[1,-2]],[[74344,14086],[0,-2]],[[74344,14084],[1,-1]],[[74345,14083],[0,-1]],[[74345,14083],[-2,-1]],[[74343,14081],[-1,-2]],[[74342,14079],[0,-1]],[[74342,14077],[1,-4]],[[74343,14073],[-1,-1]],[[74342,14071],[-1,0]],[[74341,14070],[-3,-5]],[[74338,14065],[-1,0]],[[74338,14065],[0,-1]],[[74338,14064],[0,-3]],[[74338,14061],[0,-1]],[[74338,14060],[-2,-3]],[[74336,14057],[0,-4]],[[74336,14053],[0,-1]],[[74336,14050],[1,-6]],[[74337,14044],[0,-1]],[[74337,14043],[1,-4]],[[74338,14038],[1,-2]],[[74339,14036],[0,-1]],[[74339,14033],[0,-1]],[[74339,14032],[0,-1]],[[74340,14031],[3,-4]],[[74343,14027],[0,-1]],[[74343,14025],[-1,-1]],[[74342,14024],[-1,1]],[[74341,14025],[-2,-1]],[[74339,14024],[-2,-2]],[[74336,14022],[0,-1]],[[74336,14019],[-1,-1]],[[74335,14018],[-1,-1]],[[74334,14016],[-1,-1]],[[74333,14015],[0,-3]],[[74333,14012],[0,-1]],[[74333,14010],[1,0]],[[74334,14010],[4,-4]],[[74338,14006],[1,-4]],[[74339,14002],[6,-5]],[[74345,13997],[0,-1]],[[74346,13996],[2,-1]],[[74348,13995],[1,1]],[[74349,13996],[3,-3]],[[74352,13993],[0,-1]],[[74352,13992],[4,-2]],[[74356,13990],[-1,0]],[[74356,13990],[1,-1]],[[74357,13989],[3,-4]],[[74360,13984],[1,0]],[[74360,13984],[3,-7]],[[74363,13977],[-2,-1]],[[74361,13975],[0,-3]],[[74361,13972],[-1,0]],[[74360,13972],[-1,0]],[[74359,13972],[0,-1]],[[74359,13971],[-3,-1]],[[74356,13970],[0,1]],[[74356,13970],[1,-2]],[[74357,13968],[1,-1]],[[74358,13966],[1,-1]],[[74359,13965],[-3,-1]],[[74356,13964],[0,1]],[[74356,13964],[-1,0]],[[74354,13964],[-2,0]],[[74352,13964],[-5,5]],[[74347,13969],[2,3]],[[74349,13972],[-1,0]],[[74348,13972],[-12,11]],[[74335,13983],[-1,1]],[[74334,13984],[-1,1]],[[74333,13985],[-2,2]],[[74331,13988],[-13,0]],[[74318,13988],[0,1]],[[74318,13988],[-4,-4]],[[74314,13984],[0,-27]],[[74314,13957],[0,-1]],[[74314,13956],[0,-1]],[[74314,13956],[2,-7]],[[74316,13949],[1,-1]],[[74317,13948],[-1,-4]],[[74315,13944],[-6,-7]],[[74309,13937],[4,1]],[[74313,13938],[0,1]],[[74313,13938],[1,0]],[[74314,13937],[-1,1]],[[74313,13938],[-2,-6]],[[74311,13932],[0,1]],[[74311,13932],[0,-1]],[[74311,13931],[-1,0]],[[74311,13931],[1,-1]],[[74312,13930],[-1,0]],[[74312,13930],[1,-1]],[[74313,13929],[1,-1]],[[74314,13928],[5,-4]],[[74318,13924],[-4,-7]],[[74314,13917],[-1,0]],[[74313,13916],[1,0]],[[74314,13916],[1,0]],[[74315,13916],[0,-1]],[[74315,13916],[1,-1]],[[74316,13915],[0,1]],[[74316,13915],[0,-1]],[[74316,13915],[8,1]],[[74326,13916],[5,-8]],[[74332,13908],[0,-1]],[[74332,13908],[0,-2]],[[74331,13906],[-25,-5]],[[74306,13901],[0,1]],[[74306,13901],[-2,3]],[[74304,13904],[0,1]],[[74304,13904],[-1,0]],[[74303,13904],[-1,0]],[[74302,13904],[0,1]],[[74302,13904],[-1,0]],[[74302,13904],[-6,-1]],[[74296,13903],[1,0]],[[74296,13903],[-6,5]],[[74290,13908],[-1,0]],[[74289,13908],[0,1]],[[74289,13909],[0,1]],[[74289,13910],[3,16]],[[74291,13926],[-2,1]],[[74289,13927],[-1,-1]],[[74288,13926],[-1,0]],[[74287,13926],[0,1]],[[74287,13927],[-1,0]],[[74283,13927],[-1,0]],[[74282,13927],[-1,0]],[[74280,13925],[-1,-1]],[[74279,13924],[1,0]],[[74279,13924],[-7,-7]],[[74272,13917],[-5,0]],[[74267,13917],[-1,2]],[[74266,13919],[-2,4]],[[74264,13922],[-1,0]],[[74264,13922],[-3,-9]],[[74261,13913],[-13,8]],[[74248,13921],[-1,1]],[[74247,13922],[0,1]],[[74247,13923],[0,1]],[[74247,13925],[0,1]],[[74246,13927],[-1,1]],[[74245,13929],[0,1]],[[74245,13930],[-1,1]],[[74244,13931],[-5,7]],[[74239,13938],[-2,1]],[[74236,13939],[0,1]],[[74236,13939],[-5,2]],[[74231,13941],[-1,-1]],[[74230,13940],[-1,0]],[[74229,13940],[0,1]],[[74229,13940],[-1,1]],[[74227,13941],[0,1]],[[74227,13941],[-2,-1]],[[74225,13940],[0,1]],[[74225,13940],[-1,0]],[[74225,13940],[-1,0]],[[74224,13940],[0,1]],[[74224,13940],[-1,0]],[[74223,13940],[-1,1]],[[74222,13941],[-1,1]],[[74221,13942],[0,-1]],[[74221,13942],[-4,3]],[[74216,13945],[-1,0]],[[74215,13945],[-1,1]],[[74214,13946],[-3,-1]],[[74211,13945],[-1,-1]],[[74210,13944],[-1,0]],[[74209,13944],[-2,-1]],[[74207,13943],[0,1]],[[74206,13943],[-1,0]],[[74205,13943],[0,-1]],[[74205,13942],[-2,-1]],[[74203,13941],[-4,-7]],[[74199,13934],[-1,-2]],[[74198,13932],[0,-1]],[[74198,13931],[-1,0]],[[74197,13931],[0,-1]],[[74197,13930],[-1,0]],[[74197,13930],[-3,-4]],[[74193,13926],[0,1]],[[74193,13926],[-5,4]],[[74188,13930],[1,0]],[[74188,13930],[0,1]],[[74188,13930],[-3,0]],[[74185,13930],[0,1]],[[74185,13930],[-1,0]],[[74184,13930],[0,1]],[[74184,13930],[-1,0]],[[74183,13930],[0,1]],[[74183,13930],[0,1]],[[74182,13931],[1,0]],[[74182,13932],[-1,0]],[[74181,13932],[-1,1]],[[74180,13934],[-2,1]],[[74178,13935],[0,1]],[[74178,13935],[-1,3]],[[74177,13938],[-2,0]],[[74175,13938],[0,1]],[[74175,13938],[-1,1]],[[74174,13939],[-1,0]],[[74173,13939],[0,1]],[[74173,13939],[-3,2]],[[74170,13941],[1,0]],[[74170,13941],[0,1]],[[74170,13941],[-4,-1]],[[74166,13940],[-2,-2]],[[74164,13938],[-1,0]],[[74164,13937],[-1,0]],[[74164,13937],[0,-2]],[[74164,13935],[-1,0]],[[74164,13934],[-1,0]],[[74164,13933],[0,-1]],[[74164,13932],[-1,-1]],[[74163,13931],[0,1]],[[74163,13931],[0,-12]],[[74163,13919],[-1,38]],[[74162,13957],[-1,0]],[[74162,13957],[1,1]],[[74163,13958],[7,0]],[[74170,13958],[6,14]],[[74176,13972],[-1,4]],[[74175,13976],[0,1]],[[74175,13977],[0,1]],[[74175,13977],[0,5]],[[74175,13982],[0,3]],[[74175,13985],[1,1]],[[74176,13986],[0,1]],[[74176,13988],[-13,2]],[[74163,13990],[1,0]],[[74164,13991],[1,1]],[[74165,13992],[0,1]],[[74165,13993],[0,1]],[[74165,13993],[0,5]],[[74165,13998],[4,7]],[[74169,14005],[1,0]],[[74169,14006],[0,1]],[[74169,14007],[1,1]],[[74170,14008],[-1,2]],[[74169,14011],[0,1]],[[74169,14012],[0,1]],[[74169,14013],[0,1]],[[74169,14013],[-1,1]],[[74168,14014],[0,-1]],[[74168,14015],[0,1]],[[74168,14015],[-1,1]],[[74167,14016],[2,3]],[[74169,14019],[1,0]],[[74169,14019],[23,10]],[[74192,14029],[-8,1]],[[74184,14030],[-2,2]],[[74182,14033],[1,2]],[[74183,14035],[0,1]],[[74183,14035],[4,14]],[[74187,14049],[-2,0]],[[74184,14050],[-5,-1]],[[74178,14049],[-1,1]],[[74177,14050],[0,1]],[[74177,14051],[1,1]],[[74178,14052],[0,1]],[[74178,14053],[-4,5]],[[74173,14058],[-3,6]],[[74170,14065],[-12,-2]],[[74158,14063],[-1,-1]],[[74157,14062],[-1,0]],[[74156,14062],[0,-1]],[[74155,14062],[-1,1]],[[74154,14063],[-1,0]],[[74153,14063],[-2,0]],[[74151,14063],[-1,0]],[[74150,14063],[-1,0]],[[74149,14063],[0,2]],[[74149,14065],[-1,4]],[[74148,14069],[-1,1]],[[74147,14071],[-1,0]],[[74146,14072],[2,8]],[[74148,14080],[1,1]],[[74149,14081],[6,3]],[[74155,14084],[20,-8]],[[74175,14076],[1,0]],[[74176,14076],[2,0]],[[74178,14076],[0,-1]],[[74178,14076],[5,5]],[[74183,14081],[1,0]],[[74185,14082],[0,1]],[[74185,14083],[3,2]],[[74188,14085],[4,2]],[[74192,14087],[1,-1]],[[74193,14086],[44,3]],[[74237,14089],[-1,1]],[[74236,14090],[1,5]],[[74237,14095],[1,0]],[[74238,14095],[6,4]],[[74244,14100],[-1,0]],[[74244,14100],[0,1]],[[74244,14101],[0,1]],[[74244,14102],[-1,5]],[[74243,14107],[0,2]],[[74243,14109],[1,4]],[[74244,14113],[-9,18]],[[74235,14131],[-1,0]],[[74234,14130],[-2,2]],[[74232,14132],[-1,1]],[[74231,14133],[1,4]],[[74232,14137],[-4,0]],[[74228,14137],[-3,5]],[[74225,14142],[0,1]],[[74225,14144],[4,5]],[[74229,14149],[1,2]],[[74230,14151],[0,2]],[[74230,14153],[0,2]],[[74230,14155],[-1,0]],[[74229,14156],[0,1]],[[74229,14157],[1,4]],[[74230,14162],[0,9]],[[74230,14171],[-15,7]],[[74215,14178],[-1,2]],[[74215,14180],[-25,-31]],[[74190,14149],[1,0]],[[74190,14149],[-13,-2]],[[74177,14147],[-1,0]],[[74176,14147],[-1,-1]],[[74175,14146],[-1,0]],[[74175,14146],[-2,-1]],[[74173,14145],[-1,0]],[[74172,14145],[-2,-2]],[[74170,14143],[-1,0]],[[74170,14142],[-2,0]],[[74168,14142],[-1,0]],[[74167,14142],[-1,0]],[[74166,14142],[0,1]],[[74166,14142],[-3,5]],[[74163,14147],[0,1]],[[74163,14148],[1,1]],[[74164,14149],[1,1]],[[74165,14151],[-3,7]],[[74162,14159],[-1,0]],[[74161,14159],[-1,1]],[[74160,14160],[0,1]],[[74160,14160],[-2,1]],[[74157,14162],[-1,2]],[[74156,14164],[-1,0]],[[74155,14164],[-4,2]],[[74151,14166],[1,0]],[[74151,14166],[0,1]],[[74151,14166],[-3,4]],[[74148,14171],[0,1]],[[74147,14174],[1,3]],[[74148,14177],[0,-1]],[[74148,14177],[0,1]],[[74148,14178],[1,0]],[[74148,14178],[1,3]],[[74149,14181],[1,0]],[[74150,14181],[0,1]],[[74150,14182],[0,2]],[[74150,14184],[-2,6]],[[74148,14192],[-1,3]],[[74147,14196],[-1,1]],[[74146,14197],[1,0]],[[74146,14198],[0,1]],[[74146,14199],[0,1]],[[74146,14200],[0,1]],[[74146,14201],[0,1]],[[74147,14202],[0,1]],[[74147,14203],[0,2]],[[74147,14205],[1,1]],[[74148,14206],[0,2]],[[74148,14208],[1,0]],[[74150,14209],[1,4]],[[74151,14213],[0,1]],[[74151,14214],[1,1]],[[74152,14215],[6,3]],[[74158,14218],[5,4]],[[74164,14222],[1,1]],[[74165,14223],[4,0]],[[74170,14223],[1,-1]],[[74171,14222],[1,0]],[[74172,14222],[4,-2]],[[74177,14220],[3,0]],[[74181,14220],[2,1]],[[74183,14221],[5,5]],[[74188,14226],[15,-1]],[[74187,14227],[0,0]],[[74186,14227],[0,0]],[[74186,14228],[0,0]],[[74185,14228],[1,0]],[[74185,14228],[0,0]],[[74065,14228],[0,-1]],[[74066,14228],[1,0]],[[74185,14228],[1,0]],[[74192,14230],[1,0]],[[74192,14230],[0,0]],[[74066,14228],[-1,0]],[[74065,14228],[1,0]],[[74185,14231],[1,-1]],[[74193,14231],[0,0]],[[74185,14231],[0,1]],[[74185,14231],[-1,0]],[[74192,14230],[1,1]],[[74193,14231],[-1,-1]],[[74194,14235],[-1,0]],[[74276,14236],[-1,0]],[[74195,14237],[-1,0]],[[74271,14238],[0,-1]],[[74343,14241],[0,-1]],[[74342,14241],[0,-1]],[[74270,14241],[1,0]],[[74271,14241],[-2,0]],[[74269,14241],[1,0]],[[74347,14241],[1,0]],[[74347,14241],[0,0]],[[74338,14243],[0,0]],[[74301,14243],[1,0]],[[74348,14243],[0,1]],[[74348,14243],[0,0]],[[74337,14244],[0,0]],[[74336,14244],[0,0]],[[74354,14244],[0,1]],[[74354,14245],[0,-1]],[[74301,14244],[-1,1]],[[74356,14244],[0,1]],[[74325,14246],[1,0]],[[74326,14246],[-1,0]],[[74304,14246],[0,-1]],[[74356,14246],[-1,0]],[[74321,14246],[0,0]],[[74306,14246],[0,0]],[[74306,14247],[0,0]],[[74300,14247],[0,-1]],[[74352,14248],[0,0]],[[74321,14248],[-1,0]],[[74321,14248],[0,0]],[[74353,14249],[0,-1]],[[74319,14249],[0,0]],[[74353,14249],[1,0]],[[74353,14249],[0,0]],[[74354,14249],[1,0]],[[74354,14249],[0,0]],[[74354,14250],[0,0]],[[74356,14250],[0,1]],[[74354,14251],[0,0]],[[74355,14255],[0,0]],[[74357,14255],[-1,0]],[[74356,14255],[0,-1]],[[74356,14254],[-1,0]],[[74355,14254],[0,1]],[[74355,14255],[1,0]],[[74356,14255],[1,1]],[[74357,14256],[0,-1]],[[74357,14256],[0,-1]],[[74079,14257],[-1,0]],[[74361,14256],[-1,0]],[[74079,14258],[0,0]],[[74069,14260],[0,-1]],[[74356,14262],[1,0]],[[74068,14264],[0,-1]],[[74068,14263],[0,1]],[[74356,14262],[-1,0]],[[74355,14262],[-1,1]],[[74354,14263],[0,1]],[[74354,14264],[2,-2]],[[74338,14265],[-1,0]],[[74338,14265],[0,0]],[[74338,14265],[0,1]],[[74337,14265],[0,1]],[[74337,14265],[0,0]],[[74343,14265],[0,1]],[[74342,14266],[0,0]],[[74340,14266],[-1,0]],[[74340,14266],[0,0]],[[74340,14266],[0,1]],[[74343,14267],[0,0]],[[74334,14267],[0,0]],[[74339,14265],[0,1]],[[74339,14266],[0,1]],[[74109,14268],[1,0]],[[74090,14268],[-1,0]],[[74090,14268],[0,0]],[[74329,14268],[0,0]],[[74331,14268],[-1,0]],[[74331,14268],[0,0]],[[74333,14268],[0,0]],[[74333,14268],[-1,0]],[[74326,14268],[0,1]],[[74326,14268],[0,0]],[[74328,14268],[0,1]],[[74328,14268],[0,0]],[[74331,14269],[0,-1]],[[74330,14268],[1,1]],[[74326,14269],[0,0]],[[74328,14269],[0,0]],[[74331,14269],[0,1]],[[74331,14269],[0,0]],[[74070,14270],[-1,0]],[[74070,14270],[0,0]],[[74231,14269],[0,1]],[[74331,14270],[1,0]],[[74331,14270],[0,0]],[[74070,14270],[1,0]],[[74076,14270],[0,1]],[[74331,14270],[0,1]],[[74232,14270],[0,1]],[[74232,14270],[0,0]],[[74322,14271],[0,0]],[[74078,14271],[-1,0]],[[74323,14271],[1,0]],[[74079,14271],[0,0]],[[74323,14271],[0,1]],[[74323,14271],[0,0]],[[74109,14268],[-1,0]],[[74324,14272],[0,0]],[[74080,14272],[0,0]],[[74171,14272],[1,0]],[[74323,14272],[0,0]],[[74111,14272],[0,1]],[[74111,14272],[1,0]],[[74324,14272],[0,1]],[[74111,14272],[0,0]],[[74170,14273],[1,0]],[[74171,14273],[0,-1]],[[74171,14272],[-1,1]],[[74166,14273],[1,0]],[[74166,14273],[0,0]],[[74166,14273],[-1,1]],[[74167,14273],[0,1]],[[74167,14273],[0,0]],[[74168,14273],[-1,0]],[[74172,14274],[1,0]],[[74172,14274],[0,0]],[[74166,14274],[0,0]],[[74324,14273],[-1,0]],[[74111,14274],[-1,0]],[[74110,14274],[1,0]],[[74322,14274],[0,0]],[[74111,14274],[0,0]],[[74321,14274],[1,0]],[[74321,14274],[0,0]],[[74110,14274],[0,0]],[[74319,14274],[-1,0]],[[74318,14274],[0,1]],[[74318,14275],[1,-1]],[[74321,14274],[1,0]],[[74111,14275],[0,0]],[[74111,14275],[-1,0]],[[74116,14275],[0,0]],[[74116,14275],[-1,0]],[[74115,14275],[0,1]],[[74115,14276],[1,-1]],[[74115,14275],[0,1]],[[74116,14275],[-1,0]],[[74318,14275],[-1,1]],[[74317,14276],[1,0]],[[74318,14276],[0,-1]],[[74323,14275],[0,1]],[[74111,14276],[0,0]],[[74318,14276],[0,0]],[[74162,14277],[0,-1]],[[74162,14276],[-1,1]],[[74161,14277],[1,0]],[[74318,14277],[-1,0]],[[74318,14277],[0,0]],[[74320,14277],[-1,0]],[[74162,14277],[0,0]],[[74321,14278],[-1,0]],[[74108,14279],[1,0]],[[74320,14279],[1,0]],[[74320,14279],[0,0]],[[74321,14281],[-1,0]],[[74321,14281],[0,0]],[[74108,14279],[0,1]],[[74157,14282],[0,-1]],[[74157,14282],[0,0]],[[74236,14284],[0,0]],[[74162,14284],[0,0]],[[74156,14284],[0,0]],[[74163,14284],[0,0]],[[74158,14284],[-1,0]],[[74157,14284],[1,0]],[[74235,14285],[0,-1]],[[74322,14285],[0,0]],[[74158,14285],[0,0]],[[74082,14285],[-1,1]],[[74081,14286],[1,0]],[[74082,14286],[0,-1]],[[74234,14286],[0,0]],[[74082,14286],[0,0]],[[74162,14284],[10,-10]],[[74172,14274],[-1,-1]],[[74170,14273],[-1,0]],[[74170,14273],[-2,0]],[[74168,14273],[-1,1]],[[74167,14274],[-1,0]],[[74166,14274],[-1,0]],[[74165,14274],[-3,2]],[[74162,14277],[-5,5]],[[74157,14282],[-1,2]],[[74156,14284],[1,0]],[[74158,14284],[0,1]],[[74158,14285],[4,-1]],[[74167,14286],[1,0]],[[74231,14287],[0,0]],[[74322,14288],[-1,-2]],[[74321,14286],[0,1]],[[74321,14287],[1,1]],[[74322,14288],[1,0]],[[74322,14288],[0,0]],[[74230,14288],[0,1]],[[74230,14289],[0,-1]],[[74103,14290],[0,-1]],[[74164,14290],[0,-1]],[[74101,14289],[0,1]],[[74101,14289],[0,0]],[[74164,14290],[0,0]],[[74103,14290],[-1,0]],[[74107,14290],[0,0]],[[74163,14290],[0,0]],[[74107,14290],[-1,0]],[[74164,14292],[-1,0]],[[74164,14292],[0,1]],[[74073,14292],[1,0]],[[74069,14294],[0,0]],[[74167,14294],[1,0]],[[74069,14294],[1,0]],[[74167,14295],[0,0]],[[74086,14294],[0,1]],[[74327,14299],[1,0]],[[74101,14289],[9,-14]],[[74110,14275],[0,-1]],[[74110,14274],[-20,-6]],[[74089,14268],[-20,-8]],[[74069,14260],[-1,3]],[[74068,14264],[11,7]],[[74079,14271],[3,14]],[[74082,14286],[4,8]],[[74086,14294],[15,-4]],[[74325,14296],[-1,0]],[[74327,14299],[-1,0]],[[74095,14301],[-1,0]],[[74213,14303],[0,-1]],[[74307,14313],[0,0]],[[74170,14322],[0,-1]],[[74174,14322],[-2,1]],[[74172,14323],[2,-1]],[[74138,14323],[0,-1]],[[74170,14322],[0,1]],[[74167,14323],[-1,0]],[[74125,14325],[0,-1]],[[74148,14325],[1,0]],[[74148,14325],[0,0]],[[74146,14326],[0,1]],[[74146,14326],[0,0]],[[74147,14327],[0,0]],[[74151,14327],[0,1]],[[74151,14327],[-3,-1]],[[74148,14326],[-1,1]],[[74147,14327],[4,0]],[[74133,14328],[0,1]],[[74133,14328],[0,0]],[[74132,14329],[0,-1]],[[74128,14334],[0,0]],[[74131,14334],[0,1]],[[74131,14334],[0,0]],[[74138,14335],[8,-9]],[[74146,14326],[2,0]],[[74148,14326],[0,-1]],[[74148,14325],[-15,3]],[[74133,14328],[0,1]],[[74133,14329],[-1,0]],[[74132,14329],[-4,5]],[[74128,14334],[3,0]],[[74131,14334],[2,1]],[[74133,14335],[5,0]],[[74133,14335],[-1,0]],[[74138,14335],[0,1]],[[74136,14336],[-1,0]],[[74296,14338],[0,1]],[[74296,14338],[0,0]],[[74296,14338],[-5,2]],[[74291,14340],[0,1]],[[74291,14341],[5,-3]],[[74179,14347],[0,1]],[[74179,14347],[0,0]],[[74238,14362],[-1,0]],[[74215,14367],[1,0]],[[74167,14374],[-1,-1]],[[74177,14378],[-1,0]],[[74174,14380],[1,0]],[[74170,14382],[0,1]],[[74175,14384],[0,1]],[[74178,14397],[0,-1]],[[74197,14403],[0,-1]],[[74197,14402],[0,1]],[[74291,14341],[0,-1]],[[74291,14340],[30,-53]],[[74321,14286],[0,-5]],[[74320,14281],[0,-2]],[[74320,14279],[-2,-2]],[[74317,14277],[0,-1]],[[74317,14276],[1,-2]],[[74319,14274],[2,0]],[[74321,14274],[5,-6]],[[74326,14268],[2,0]],[[74328,14268],[1,0]],[[74328,14268],[9,-3]],[[74337,14265],[1,0]],[[74338,14265],[0,-1]],[[74338,14265],[1,0]],[[74339,14265],[0,-1]],[[74340,14266],[2,0]],[[74342,14266],[12,-2]],[[74354,14263],[1,-1]],[[74355,14262],[0,-7]],[[74355,14255],[0,-1]],[[74356,14254],[-1,0]],[[74355,14254],[-1,-3]],[[74354,14251],[0,-1]],[[74354,14250],[-1,-1]],[[74353,14249],[-1,-1]],[[74352,14248],[2,-3]],[[74354,14244],[-6,0]],[[74348,14243],[-1,-2]],[[74347,14241],[-4,0]],[[74343,14241],[-1,0]],[[74342,14241],[-4,2]],[[74338,14243],[-1,1]],[[74337,14244],[-1,0]],[[74336,14244],[-10,2]],[[74325,14246],[-4,0]],[[74321,14246],[0,2]],[[74321,14248],[0,-1]],[[74320,14248],[-16,-2]],[[74304,14246],[-33,-5]],[[74270,14241],[0,1]],[[74269,14241],[-37,29]],[[74232,14270],[4,14]],[[74236,14284],[-1,1]],[[74235,14285],[-1,0]],[[74235,14285],[-1,1]],[[74234,14286],[-4,2]],[[74230,14289],[-17,14]],[[74213,14303],[-39,19]],[[74172,14323],[7,24]],[[74179,14347],[-2,31]],[[74177,14378],[115,-27],[-1,-10]],[[74197,14403],[0,-1]],[[74163,14405],[0,1]],[[74158,14406],[0,-1]],[[74160,14406],[0,0]],[[74155,14406],[-1,0]],[[74158,14407],[-1,0]],[[74174,14410],[0,1]],[[74172,14415],[0,1]],[[74172,14417],[-1,0]],[[74171,14419],[-1,1]],[[74156,14444],[1,0]],[[74159,14457],[0,-1]],[[74158,14458],[1,0]],[[74158,14458],[0,1]],[[74158,14458],[0,0]],[[74213,14466],[-1,0]],[[74151,14469],[0,1]],[[74151,14469],[0,0]],[[74151,14471],[0,1]],[[74151,14472],[0,-1]],[[74212,14474],[0,1]],[[74211,14475],[0,1]],[[74210,14476],[0,0]],[[74213,14476],[0,-1]],[[74209,14476],[0,0]],[[74219,14483],[0,-1]],[[74214,14484],[0,0]],[[74217,14484],[-1,0]],[[74219,14486],[0,0]],[[74220,14488],[0,-1]],[[74222,14488],[0,1]],[[74222,14489],[1,1]],[[74223,14490],[-1,-2]],[[74220,14490],[-1,0]],[[74220,14490],[0,0]],[[74153,14490],[0,1]],[[74154,14490],[0,1]],[[74222,14491],[0,-1]],[[74222,14490],[0,-1]],[[74222,14488],[-2,0]],[[74220,14488],[0,2]],[[74220,14490],[2,1]],[[74220,14491],[0,1]],[[74223,14490],[-1,0]],[[74222,14491],[1,-1]],[[74220,14494],[0,-1]],[[74220,14494],[0,1]],[[74225,14493],[-1,0]],[[74227,14497],[0,0]],[[74218,14499],[0,0]],[[74218,14499],[0,1]],[[74153,14499],[0,1]],[[74152,14502],[0,0]],[[74146,14502],[0,1]],[[74150,14505],[0,-1]],[[74150,14505],[0,1]],[[74150,14505],[0,0]],[[74151,14505],[0,1]],[[74227,14510],[-1,0]],[[74209,14521],[1,0]],[[74218,14522],[-1,0]],[[74210,14522],[0,1]],[[74209,14525],[0,1]],[[74209,14525],[0,0]],[[74201,14541],[-1,0]],[[74202,14542],[0,0]],[[74200,14550],[0,0]],[[74198,14550],[1,0]],[[74202,14559],[0,-1]],[[74197,14559],[0,1]],[[74197,14560],[0,-1]],[[74155,14560],[0,0]],[[74156,14562],[0,-1]],[[74161,14563],[1,0]],[[74161,14563],[0,0]],[[74162,14563],[0,1]],[[74162,14563],[0,0]],[[74160,14564],[1,0]],[[74161,14564],[0,-1]],[[74161,14563],[-1,1]],[[74160,14564],[0,1]],[[74160,14565],[1,0]],[[74161,14565],[0,-1]],[[74200,14565],[0,-1]],[[74202,14568],[0,-1]],[[74216,14570],[-1,0]],[[74212,14585],[0,0]],[[74217,14588],[0,0]],[[74214,14589],[0,0]],[[74163,14592],[1,0]],[[74164,14592],[-1,0]],[[74187,14596],[1,1]],[[74179,14602],[0,1]],[[74179,14602],[0,0]],[[74151,14603],[1,0]],[[74177,14603],[0,1]],[[74177,14603],[0,0]],[[74153,14604],[0,0]],[[74178,14609],[0,1]],[[74179,14611],[0,1]],[[74177,14612],[0,1]],[[74177,14612],[0,0]],[[74177,14614],[0,1]],[[74177,14614],[0,0]],[[74172,14615],[0,0]],[[74177,14614],[0,-1]],[[74177,14612],[0,-9]],[[74177,14603],[2,-1]],[[74179,14602],[8,-6]],[[74187,14596],[15,-28]],[[74202,14568],[-5,-8]],[[74197,14559],[1,-9]],[[74198,14550],[11,-24]],[[74209,14526],[-1,0]],[[74209,14525],[-1,0]],[[74209,14525],[0,-4]],[[74209,14521],[5,-37]],[[74214,14484],[-63,-15]],[[74151,14469],[0,2]],[[74151,14472],[10,93]],[[74160,14565],[4,27]],[[74164,14592],[-1,0]],[[74163,14592],[14,22]],[[74177,14622],[1,0]],[[74186,14629],[1,0]],[[74186,14629],[-1,0]],[[74208,14635],[-1,0]],[[74206,14636],[0,0]],[[74210,14638],[1,0]],[[74204,14647],[-1,0]],[[74197,14647],[0,0]],[[74204,14648],[-1,0]],[[74210,14638],[-12,9]],[[74198,14647],[1,0]],[[74199,14647],[11,-9]],[[74198,14647],[1,0]],[[74211,14651],[1,0]],[[74212,14651],[-1,0]],[[74198,14651],[0,0]],[[74212,14651],[0,0]],[[74198,14651],[0,1]],[[74195,14659],[0,-1]],[[69115,14861],[-1,0]],[[69115,14863],[-1,0]],[[69116,14864],[-1,0]],[[69106,14870],[0,0]],[[69134,14876],[0,1]],[[69129,14885],[0,1]],[[69110,14894],[-1,1]],[[69109,14895],[0,1]],[[69109,14895],[0,0]],[[69110,14894],[1,0]],[[69114,14897],[0,0]],[[69111,14898],[0,-1]],[[69114,14897],[0,1]],[[69111,14898],[1,0]],[[69139,14898],[0,1]],[[69126,14902],[0,0]],[[69127,14902],[0,0]],[[69133,14903],[1,0]],[[69129,14902],[-1,0]],[[69124,14904],[0,-1]],[[69118,14905],[-1,0]],[[69133,14903],[-1,1]],[[69131,14902],[-1,1]],[[69119,14905],[0,1]],[[69115,14905],[0,1]],[[69133,14906],[0,0]],[[69118,14906],[-1,0]],[[69133,14907],[0,1]],[[69115,14908],[0,-1]],[[69115,14908],[1,0]],[[69115,14908],[0,0]],[[69119,14909],[0,0]],[[74246,15985],[0,-1]],[[74246,15985],[0,7]],[[74246,15992],[0,-7]],[[74244,15992],[-1,0]],[[74246,15992],[0,1]],[[74246,15992],[0,0]],[[74247,15993],[0,1]],[[74247,15995],[0,0]],[[74253,15999],[0,0]],[[74252,15999],[0,1]],[[74258,16007],[0,0]],[[74247,16008],[1,0]],[[74248,16008],[-1,0]],[[74268,16008],[1,0]],[[74269,16008],[-1,0]],[[74256,16008],[-1,0]],[[74274,16008],[0,0]],[[74244,16009],[1,0]],[[74255,16010],[1,-1]],[[74247,16008],[1,0]],[[74255,16010],[-1,0]],[[74255,16010],[0,0]],[[74246,16011],[0,0]],[[74263,16012],[0,-1]],[[74247,16011],[0,1]],[[74259,16023],[0,0]],[[74276,16025],[1,-4]],[[74277,16021],[-1,0]],[[74276,16021],[-1,1]],[[74275,16022],[-1,0]],[[74274,16022],[2,3]],[[74276,16025],[-1,1]],[[74279,16028],[1,0]],[[74280,16028],[-1,0]],[[74291,16026],[-1,1]],[[74290,16027],[1,-1]],[[74279,16028],[0,1]],[[74279,16028],[0,0]],[[74255,16028],[0,1]],[[74279,16029],[0,0]],[[74258,16029],[-1,0]],[[74279,16029],[1,1]],[[74280,16028],[0,2]],[[74280,16030],[0,-2]],[[74291,16037],[1,0]],[[74291,16037],[0,0]],[[74291,16037],[-1,-10]],[[74290,16027],[1,-1]],[[74291,16026],[0,11]],[[74230,16043],[-1,0]],[[74234,16049],[0,-1]],[[74234,16049],[-1,0]],[[74234,16049],[0,1]],[[74234,16049],[0,0]],[[74231,16052],[-1,0]],[[74230,16056],[-1,1]],[[74250,16057],[-1,0]],[[74233,16056],[0,1]],[[74233,16056],[-1,0]],[[74254,16065],[0,-1]],[[74266,16064],[-1,0]],[[74265,16064],[0,2]],[[74265,16066],[1,-2]],[[74265,16066],[0,1]],[[74265,16066],[0,0]],[[74267,16066],[0,1]],[[74266,16064],[8,-42]],[[74275,16022],[1,-1]],[[74277,16021],[-8,-13]],[[74268,16008],[-5,4]],[[74263,16012],[-4,11]],[[74259,16023],[-26,33]],[[74233,16056],[17,1]],[[74250,16057],[15,7]],[[74266,16069],[-1,0]],[[74158,16613],[1,0]],[[74123,16614],[-1,0]],[[74128,16616],[0,0]],[[74145,16619],[0,1]],[[74145,16620],[0,-1]],[[74145,16620],[0,-1]],[[74145,16619],[0,1]],[[74146,16623],[0,-1]],[[74128,16624],[0,-1]],[[74126,16627],[0,-1]],[[74126,16627],[1,0]],[[74104,16627],[0,0]],[[74169,16628],[0,-1]],[[74169,16628],[-1,0]],[[74169,16628],[0,0]],[[74103,16629],[0,0]],[[74120,16629],[0,0]],[[74120,16630],[0,0]],[[74111,16630],[-1,0]],[[74120,16631],[-1,1]],[[74135,16635],[0,-1]],[[74112,16639],[-1,0]],[[74135,16640],[-1,0]],[[74105,16643],[1,0]],[[74161,16649],[0,1]],[[74158,16650],[0,0]],[[74099,16663],[0,1]],[[74139,16665],[-1,0]],[[74138,16665],[1,0]],[[74099,16666],[-1,0]],[[74146,16668],[-1,0]],[[74144,16669],[0,-1]],[[74139,16669],[-1,0]],[[74135,16669],[0,1]],[[74135,16669],[0,0]],[[74135,16670],[1,0]],[[74135,16671],[-1,0]],[[74135,16671],[0,0]],[[74139,16671],[-1,0]],[[74105,16672],[0,-1]],[[74136,16671],[0,1]],[[74097,16675],[0,1]],[[74137,16678],[-1,1]],[[74126,16682],[0,0]],[[74102,16689],[1,0]],[[74134,16671],[1,-2]],[[74135,16669],[3,-4]],[[74138,16665],[1,0]],[[74139,16665],[29,-37]],[[74168,16628],[-10,-15]],[[74158,16613],[-23,27]],[[74135,16640],[-1,31]],[[74099,16693],[0,-1]],[[74096,16694],[0,-1]],[[74096,16694],[1,0]],[[74093,16695],[0,1]],[[74093,16695],[0,0]],[[74093,16696],[0,1]],[[74093,16696],[0,0]],[[74096,16694],[-3,1]],[[74093,16695],[1,0]],[[74093,16696],[1,0]],[[74093,16697],[3,-3]],[[74082,16721],[-1,0]],[[74074,16734],[-1,0]],[[74074,16737],[0,0]],[[74063,16781],[0,1]],[[74065,16782],[-1,0]],[[74051,16783],[0,1]],[[74057,16785],[0,1]],[[74061,16788],[0,0]],[[74061,16789],[0,0]],[[74057,16789],[0,0]],[[74056,16790],[0,-1]],[[74055,16790],[0,-1]],[[74061,16789],[0,1]],[[74047,16790],[-1,0]],[[74055,16790],[0,1]],[[74055,16790],[0,0]],[[74049,16793],[1,0]],[[74050,16793],[-1,0]],[[74052,16794],[2,-2]],[[74054,16792],[-4,1]],[[74049,16793],[3,1]],[[74056,16798],[0,1]],[[74056,16798],[0,0]],[[74047,16799],[0,-1]],[[74047,16800],[0,0]],[[74065,16801],[-1,0]],[[74061,16801],[1,0]],[[74052,16801],[0,0]],[[74056,16801],[0,0]],[[74047,16800],[0,-1]],[[74047,16799],[0,1]],[[74052,16801],[0,1]],[[74049,16802],[-1,0]],[[74049,16802],[0,0]],[[74049,16802],[1,0]],[[74052,16802],[0,0]],[[74052,16802],[0,1]],[[74052,16803],[0,0]],[[74060,16804],[-1,0]],[[74053,16805],[0,-1]],[[74053,16805],[1,0]],[[74053,16805],[0,1]],[[74053,16806],[1,-1]],[[74053,16808],[0,0]],[[74053,16809],[0,1]],[[74052,16808],[-1,0]],[[74049,16809],[0,1]],[[74064,16812],[-1,0]],[[74054,16813],[-1,0]],[[74054,16813],[0,0]],[[74053,16813],[0,1]],[[74053,16813],[0,0]],[[74060,16814],[1,0]],[[74053,16814],[-1,0]],[[74053,16814],[0,0]],[[74060,16814],[-1,1]],[[74059,16815],[1,-1]],[[74057,16821],[0,0]],[[74059,16815],[-3,-14]],[[74056,16801],[0,-2]],[[74056,16799],[0,-1]],[[74056,16798],[0,-8]],[[74056,16790],[-1,0]],[[74055,16791],[-1,1]],[[74052,16794],[2,11]],[[74054,16805],[-1,1]],[[74053,16806],[0,2]],[[74053,16808],[1,5]],[[74054,16813],[-1,1]],[[74053,16814],[6,1]],[[74046,16824],[0,0]],[[74048,16825],[1,0]],[[74051,16824],[0,1]],[[74051,16829],[-1,0]],[[74023,16849],[0,1]],[[74024,16849],[0,1]],[[74003,16852],[0,0]],[[73992,16854],[0,-1]],[[73990,16854],[0,0]],[[73990,16854],[-1,0]],[[74035,16854],[0,0]],[[73972,16854],[0,0]],[[73975,16855],[1,-1]],[[73976,16854],[-1,1]],[[74039,16854],[0,-1]],[[73975,16855],[1,-1]],[[74021,16855],[-1,0]],[[73983,16857],[0,-1]],[[73990,16860],[-1,0]],[[73990,16860],[0,0]],[[73989,16860],[0,1]],[[73989,16860],[0,0]],[[73988,16861],[0,0]],[[73991,16861],[0,0]],[[73990,16861],[0,0]],[[73980,16861],[0,-1]],[[73990,16861],[-1,0]],[[73989,16861],[0,0]],[[74024,16863],[0,1]],[[74024,16867],[1,0]],[[74024,16867],[0,0]],[[74024,16867],[1,0]],[[74018,16870],[0,0]],[[74021,16871],[-1,0]],[[74019,16879],[0,0]],[[74019,16881],[0,0]],[[73950,16886],[0,-1]],[[73958,16887],[-1,0]],[[73948,16888],[0,1]],[[73948,16890],[0,0]],[[73966,16890],[-1,0]],[[74017,16891],[0,1]],[[74017,16892],[0,-1]],[[73925,16894],[-1,-1]],[[73924,16893],[1,1]],[[73932,16903],[1,0]],[[73933,16903],[0,-1]],[[73933,16902],[-1,1]],[[73925,16894],[8,8]],[[73933,16903],[-9,-10]],[[73932,16903],[0,1]],[[74036,16906],[0,-1]],[[73926,16907],[1,0]],[[73927,16907],[-1,0]],[[73927,16908],[0,-1]],[[73926,16907],[1,1]],[[74039,16908],[0,-1]],[[73927,16908],[1,3]],[[73928,16911],[2,1]],[[73930,16912],[-3,-4]],[[73930,16912],[0,1]],[[73930,16912],[0,0]],[[74031,16913],[1,-1]],[[73930,16913],[-1,0]],[[73930,16913],[0,0]],[[73930,16913],[0,1]],[[74029,16914],[0,-1]],[[74014,16914],[0,1]],[[74014,16915],[0,1]],[[74014,16916],[0,-2]],[[74019,16918],[-1,0]],[[73927,16924],[-1,0]],[[74005,16927],[0,0]],[[73966,16927],[-1,0]],[[73914,16930],[-1,0]],[[73971,16932],[1,0]],[[73972,16933],[0,0]],[[74001,16933],[0,-1]],[[74001,16932],[0,1]],[[74001,16933],[0,-1]],[[73977,16933],[-1,0]],[[73938,16935],[0,0]],[[73907,16935],[-1,0]],[[74014,16916],[0,-1]],[[74014,16914],[3,-22]],[[74017,16891],[2,-10]],[[74019,16881],[-1,-11]],[[74018,16870],[-28,-10]],[[73990,16860],[1,1]],[[73991,16861],[1,0]],[[73991,16861],[-1,0]],[[73990,16861],[-2,0]],[[73988,16861],[-8,0]],[[73980,16861],[-50,53]],[[73930,16914],[0,1]],[[73930,16914],[-2,-3]],[[73928,16911],[86,5]],[[73948,16945],[-1,0]],[[74051,16955],[1,0]],[[73841,17047],[0,-1]],[[73841,17047],[0,1]],[[73833,17049],[-1,0]],[[73838,17049],[0,1]],[[73845,17052],[0,-1]],[[73843,17053],[0,-1]],[[73843,17053],[-1,2]],[[73842,17055],[1,-2]],[[73834,17055],[-1,0]],[[73838,17055],[0,1]],[[73865,17056],[0,-1]],[[73842,17055],[-1,1]],[[73841,17056],[1,1]],[[73842,17057],[0,-2]],[[73834,17058],[0,1]],[[73838,17057],[-2,2]],[[73836,17059],[2,0]],[[73838,17059],[0,-2]],[[73809,17057],[-1,0]],[[73836,17059],[-1,0]],[[73836,17059],[0,0]],[[73841,17056],[-3,1]],[[73838,17057],[4,0]],[[73834,17060],[0,1]],[[73837,17061],[1,-2]],[[73836,17059],[1,2]],[[73862,17062],[1,0]],[[73843,17062],[0,0]],[[73825,17062],[-1,0]],[[73843,17062],[-1,0]],[[73842,17062],[1,1]],[[73843,17063],[0,-1]],[[73843,17063],[0,0]],[[73843,17064],[0,0]],[[73826,17064],[0,0]],[[73844,17064],[0,1]],[[73856,17065],[0,0]],[[73813,17065],[0,0]],[[73861,17065],[1,0]],[[73862,17065],[1,-1]],[[73863,17064],[-1,-2]],[[73862,17062],[-3,3]],[[73859,17065],[2,0]],[[73830,17065],[-1,0]],[[73835,17065],[0,-1]],[[73826,17066],[0,-1]],[[73859,17065],[-1,0]],[[73834,17066],[-1,0]],[[73834,17066],[0,0]],[[73830,17066],[-1,0]],[[73809,17066],[1,0]],[[73826,17066],[1,0]],[[73808,17066],[0,0]],[[73832,17067],[-1,0]],[[73832,17067],[0,0]],[[73832,17067],[0,-1]],[[73831,17067],[0,0]],[[73844,17067],[0,1]],[[73828,17069],[1,-1]],[[73807,17069],[1,0]],[[73825,17069],[0,0]],[[73826,17069],[0,1]],[[73923,17068],[-1,0]],[[73811,17070],[0,1]],[[73846,17071],[0,-1]],[[73863,17070],[-1,0]],[[73819,17071],[0,1]],[[73863,17070],[2,1]],[[73865,17071],[5,1]],[[73870,17072],[-7,-8]],[[73863,17064],[-1,1]],[[73861,17065],[2,5]],[[73865,17071],[0,1]],[[73926,17072],[1,0]],[[73847,17072],[-1,0]],[[73825,17073],[0,-1]],[[73878,17073],[1,0]],[[73815,17073],[0,1]],[[73814,17074],[0,0]],[[73920,17074],[1,0]],[[73857,17074],[0,-1]],[[73821,17074],[0,1]],[[73813,17075],[0,0]],[[73818,17075],[0,0]],[[73870,17072],[0,1]],[[73816,17076],[0,-1]],[[73820,17076],[0,0]],[[73817,17076],[0,0]],[[73816,17076],[0,1]],[[73816,17076],[0,0]],[[73853,17077],[-1,0]],[[73835,17077],[0,1]],[[73835,17078],[0,-1]],[[73816,17079],[1,0]],[[73817,17079],[-1,0]],[[73813,17079],[-1,0]],[[73814,17079],[0,1]],[[73814,17079],[0,0]],[[73814,17080],[0,-1]],[[73816,17079],[1,1]],[[73817,17080],[0,-1]],[[73813,17080],[-1,0]],[[73806,17079],[-1,0]],[[73816,17082],[0,0]],[[73817,17082],[0,1]],[[73817,17082],[0,0]],[[73835,17077],[8,-13]],[[73843,17064],[0,-1]],[[73842,17062],[-5,-1]],[[73837,17061],[-2,4]],[[73835,17065],[-1,1]],[[73834,17066],[-2,1]],[[73832,17067],[-4,2]],[[73828,17069],[-3,4]],[[73825,17073],[-5,3]],[[73820,17076],[-3,3]],[[73817,17079],[0,1]],[[73817,17080],[0,2]],[[73817,17082],[18,-4]],[[73816,17084],[0,-1]],[[73815,17084],[0,-1]],[[73827,17084],[1,0]],[[73827,17084],[0,0]],[[73825,17084],[0,0]],[[73818,17084],[0,0]],[[73816,17084],[-1,0]],[[73815,17084],[1,0]],[[73827,17084],[-1,0]],[[73828,17084],[0,1]],[[73828,17084],[0,0]],[[73837,17085],[0,-1]],[[73828,17087],[0,-1]],[[73823,17087],[0,1]],[[73819,17088],[0,-1]],[[73814,17087],[0,1]],[[73830,17087],[0,1]],[[73828,17087],[0,1]],[[73814,17090],[-1,0]],[[73816,17093],[0,0]],[[73817,17094],[1,0]],[[73817,17094],[-1,-1]],[[73816,17093],[1,1]],[[73823,17098],[1,0]],[[73811,17097],[-1,0]],[[73814,17097],[-1,0]],[[73821,17098],[0,0]],[[73825,17099],[1,0]],[[73821,17103],[-1,0]],[[73820,17103],[1,0]],[[73807,17102],[0,1]],[[73820,17103],[1,0]],[[73807,17105],[1,0]],[[73869,17118],[1,0]],[[73868,17120],[1,-2]],[[73869,17118],[-1,2]],[[73868,17120],[0,1]],[[73868,17120],[0,0]],[[73882,17122],[1,0]],[[73897,17160],[-1,0]],[[73891,17180],[0,1]],[[73879,17196],[-1,0]],[[64323,51520],[-1,0]],[[64320,51522],[-1,-1]],[[64275,51533],[2,1]],[[64277,51534],[-2,-1]],[[64259,51532],[-1,0]],[[64267,51536],[0,-1]],[[64253,51537],[1,0]],[[64238,51543],[0,-1]],[[64238,51542],[0,1]],[[64231,51545],[0,-1]],[[64307,51547],[1,1]],[[64244,51553],[-1,0]],[[64243,51553],[-2,0]],[[64241,51553],[1,1]],[[64242,51554],[1,-1]],[[64450,51555],[-1,0]],[[64444,51555],[-1,1]],[[64466,51557],[-1,0]],[[64289,51559],[-1,0]],[[64307,51560],[-2,-2]],[[64421,51561],[1,0]],[[64422,51561],[-1,0]],[[64308,51561],[1,0]],[[64309,51561],[-1,0]],[[64467,51561],[-1,0]],[[62516,51562],[0,1]],[[64307,51547],[-30,-13]],[[64275,51533],[-8,3]],[[64267,51536],[-29,6]],[[64238,51543],[3,10]],[[64241,51553],[2,0]],[[64244,51553],[1,0]],[[64243,51553],[-1,1]],[[64242,51554],[3,-1]],[[64242,51554],[65,-7]],[[62521,51563],[0,1]],[[62521,51563],[0,0]],[[64414,51563],[0,-1]],[[64362,51564],[0,-1]],[[64316,51564],[-1,-1]],[[64445,51565],[0,-1]],[[64365,51565],[0,1]],[[64384,51567],[-1,-1]],[[64383,51566],[0,1]],[[64383,51567],[1,0]],[[64367,51567],[1,0]],[[64227,51566],[-1,0]],[[64387,51567],[1,0]],[[64430,51567],[0,1]],[[64441,51567],[-1,1]],[[64405,51567],[-1,0]],[[64447,51568],[1,0]],[[64447,51568],[-1,0]],[[64250,51565],[-1,-3]],[[64410,51569],[1,0]],[[64485,51569],[0,0]],[[62521,51563],[0,1]],[[64395,51568],[-1,0]],[[64445,51569],[0,1]],[[64410,51569],[-1,0]],[[64407,51569],[-1,0]],[[64435,51570],[1,0]],[[64398,51571],[0,-1]],[[64229,51571],[1,-4]],[[64354,51572],[0,1]],[[64354,51572],[0,0]],[[64433,51573],[0,-1]],[[64485,51571],[0,1]],[[64349,51569],[-1,1]],[[64349,51574],[1,-1]],[[64354,51572],[0,-1]],[[64433,51574],[0,0]],[[64478,51575],[0,1]],[[64478,51575],[0,0]],[[62505,51576],[0,0]],[[64460,51577],[1,0]],[[64461,51577],[-1,0]],[[62469,51577],[0,-1]],[[64487,51576],[0,-1]],[[64461,51577],[1,0]],[[64461,51577],[0,0]],[[64460,51577],[-1,0]],[[64460,51577],[0,0]],[[64460,51578],[1,0]],[[64485,51578],[0,0]],[[64483,51577],[0,1]],[[64464,51579],[-1,0]],[[64464,51579],[0,0]],[[64478,51579],[-1,0]],[[64503,51582],[1,0]],[[64395,51582],[-1,0]],[[64394,51583],[0,0]],[[64508,51595],[0,1]],[[64464,51596],[-1,0]],[[64252,51598],[-1,0]],[[64511,51598],[0,1]],[[64459,51600],[1,0]],[[64254,51606],[0,1]],[[64258,51603],[0,4]],[[64258,51607],[0,-4]],[[64258,51607],[0,1]],[[64240,51608],[-1,0]],[[64229,51612],[-6,-7]],[[64256,51611],[0,1]],[[64257,51613],[0,-1]],[[62465,51613],[1,0]],[[64254,51614],[1,0]],[[64253,51615],[0,1]],[[64252,51615],[-1,0]],[[62463,51615],[-1,2]],[[62462,51617],[0,1]],[[62462,51617],[1,0]],[[62463,51617],[0,-2]],[[64255,51618],[0,1]],[[62463,51617],[0,1]],[[64511,51619],[0,1]],[[64511,51620],[0,-1]],[[64511,51620],[0,0]],[[64517,51620],[0,1]],[[64519,51620],[1,0]],[[62460,51621],[0,1]],[[64243,51623],[1,0]],[[64246,51625],[0,-1]],[[64243,51623],[-1,0]],[[64242,51626],[-1,0]],[[62452,51626],[1,1]],[[62464,51627],[0,-2]],[[62452,51633],[4,-3]],[[64223,51634],[-1,0]],[[64509,51636],[-1,0]],[[64509,51636],[0,0]],[[64230,51635],[-1,0]],[[64213,51637],[0,-1]],[[62449,51637],[0,1]],[[64509,51636],[0,1]],[[64221,51637],[0,1]],[[64213,51637],[0,1]],[[62448,51640],[0,-1]],[[62448,51640],[-1,0]],[[64510,51639],[0,1]],[[64211,51639],[0,-1]],[[62448,51640],[0,1]],[[62448,51640],[0,0]],[[64509,51640],[0,1]],[[64509,51640],[0,0]],[[62448,51641],[0,0]],[[64223,51641],[1,0]],[[62448,51642],[0,-1]],[[62448,51641],[0,1]],[[62448,51642],[0,0]],[[64225,51645],[0,1]],[[62447,51646],[0,0]],[[62448,51646],[0,0]],[[62448,51647],[-1,0]],[[62448,51647],[0,0]],[[62448,51647],[0,1]],[[64226,51648],[1,0]],[[62446,51648],[1,0]],[[64227,51650],[1,0]],[[64213,51651],[1,0]],[[62445,51650],[0,1]],[[62445,51651],[0,-1]],[[62445,51652],[1,0]],[[62444,51653],[1,0]],[[62446,51661],[0,-1]],[[64242,51661],[0,-1]],[[64236,51669],[1,0]],[[64240,51670],[0,0]],[[64259,51676],[1,0]],[[64259,51676],[0,0]],[[64238,51676],[0,1]],[[62432,51680],[1,0]],[[62431,51681],[0,0]],[[62433,51681],[0,0]],[[62432,51681],[0,0]],[[62439,51680],[-1,0]],[[62432,51682],[0,0]],[[62432,51682],[1,0]],[[62434,51683],[0,0]],[[62436,51684],[-1,0]],[[64245,51684],[-1,0]],[[64243,51684],[-1,0]],[[62438,51686],[-1,0]],[[62438,51686],[0,-1]],[[62438,51686],[0,0]],[[64293,51686],[0,0]],[[62438,51686],[1,0]],[[62438,51687],[0,0]],[[64292,51686],[-1,1]],[[62438,51687],[1,0]],[[62443,51692],[-1,0]],[[62443,51692],[0,0]],[[62443,51692],[0,1]],[[62458,51694],[0,1]],[[62446,51696],[0,0]],[[62460,51696],[0,0]],[[62458,51696],[0,1]],[[62446,51697],[0,0]],[[62448,51697],[0,0]],[[62447,51697],[0,0]],[[62447,51697],[0,1]],[[62448,51699],[0,0]],[[62453,51699],[1,0]],[[62453,51699],[0,0]],[[62450,51700],[0,0]],[[62455,51699],[0,1]],[[62449,51700],[0,0]],[[62454,51700],[0,1]],[[62454,51700],[0,0]],[[62453,51699],[1,1]],[[62454,51700],[0,-1]],[[64267,51703],[-1,0]],[[62451,51704],[0,0]],[[62448,51708],[0,0]],[[64266,51710],[0,0]],[[64266,51711],[-1,0]],[[64266,51711],[0,0]],[[62445,51713],[0,0]],[[62446,51714],[0,0]],[[62445,51715],[-1,0]],[[62445,51715],[0,0]],[[62444,51715],[0,1]],[[62444,51716],[1,-1]],[[62446,51716],[0,0]],[[62444,51717],[0,0]],[[62444,51718],[0,0]],[[64261,51719],[0,-1]],[[64261,51719],[1,0]],[[64258,51719],[0,1]],[[64269,51724],[-1,1]],[[64267,51725],[0,0]],[[62442,51728],[1,0]],[[62442,51728],[0,1]],[[62442,51728],[0,0]],[[62442,51729],[0,0]],[[64275,51739],[1,0]],[[64275,51740],[1,0]],[[64275,51740],[0,1]],[[64275,51740],[0,0]],[[64275,51741],[1,0]],[[64433,51746],[-1,0]],[[64414,51749],[1,0]],[[64414,51749],[0,0]],[[64415,51749],[0,1]],[[64415,51750],[1,0]],[[64416,51750],[0,-1]],[[64416,51749],[-1,0]],[[64416,51749],[0,0]],[[64416,51750],[0,1]],[[64416,51750],[0,0]],[[64415,51750],[0,1]],[[64265,51756],[0,-1]],[[64265,51757],[1,1]],[[64266,51758],[-1,-1]],[[64265,51757],[0,1]],[[64265,51757],[0,0]],[[64267,51758],[0,0]],[[64266,51758],[0,1]],[[64266,51758],[0,0]],[[64265,51758],[-1,0]],[[64255,51774],[0,1]],[[64255,51775],[0,-1]],[[64255,51775],[0,1]],[[64255,51775],[0,0]],[[64262,51785],[1,0]],[[64262,51785],[-1,1]],[[64261,51786],[1,-1]],[[64261,51786],[-1,0]],[[64265,51791],[0,-1]],[[64266,51792],[0,1]],[[64266,51792],[0,0]],[[64266,51798],[-1,0]],[[64266,51798],[0,0]],[[64240,51805],[0,0]],[[64237,51806],[0,-1]],[[64242,51806],[0,0]],[[64247,51806],[0,0]],[[64241,51806],[-1,0]],[[64237,51806],[1,0]],[[64237,51806],[0,0]],[[64245,51807],[0,-1]],[[64250,51808],[0,-1]],[[64249,51808],[0,-1]],[[64253,51808],[1,1]],[[64254,51809],[-1,-1]],[[64251,51809],[0,-1]],[[64255,51809],[-1,0]],[[64255,51809],[0,0]],[[64233,51811],[1,0]],[[64233,51811],[0,1]],[[64231,51812],[0,-1]],[[64236,51812],[0,0]],[[64235,51812],[0,0]],[[64236,51812],[-1,0]],[[64233,51812],[-1,0]],[[64233,51812],[0,0]],[[64231,51812],[0,0]],[[64232,51813],[1,0]],[[64232,51813],[0,-1]],[[64232,51812],[-1,0]],[[64231,51812],[1,1]],[[64232,51813],[0,0]],[[64231,51814],[0,0]],[[64231,51814],[0,1]],[[64232,51815],[-1,0]],[[64232,51815],[0,0]],[[64232,51815],[0,1]],[[64232,51816],[1,0]],[[64232,51816],[0,0]],[[62421,51819],[3,-2]],[[64196,51819],[0,0]],[[64208,51821],[0,-1]],[[64231,51821],[-1,0]],[[64231,51821],[0,0]],[[64209,51821],[1,0]],[[64231,51821],[0,1]],[[64231,51822],[0,0]],[[64214,51822],[0,0]],[[64231,51823],[0,-1]],[[64231,51823],[0,0]],[[64199,51823],[0,0]],[[64198,51823],[0,0]],[[64202,51824],[0,-1]],[[64197,51824],[0,0]],[[64199,51824],[-1,0]],[[64199,51824],[0,0]],[[64203,51824],[1,0]],[[64204,51824],[-1,0]],[[64219,51823],[-1,0]],[[64198,51824],[0,1]],[[64198,51824],[0,0]],[[64198,51825],[1,0]],[[64199,51825],[0,-1]],[[64205,51825],[0,0]],[[64230,51825],[0,0]],[[64232,51827],[0,0]],[[64196,51827],[-1,0]],[[64198,51827],[0,0]],[[64219,51826],[1,1]],[[64220,51827],[-1,-1]],[[64230,51827],[1,0]],[[64197,51829],[0,0]],[[64198,51829],[0,0]],[[64197,51830],[0,0]],[[64196,51830],[0,0]],[[64196,51832],[0,-1]],[[64196,51832],[-1,0]],[[64196,51832],[0,0]],[[64197,51833],[0,0]],[[64198,51834],[0,-1]],[[64197,51834],[0,0]],[[64198,51837],[1,0]],[[64198,51837],[0,0]],[[64200,51837],[0,0]],[[64200,51837],[0,1]],[[64200,51838],[0,-1]],[[64200,51838],[0,0]],[[64206,51838],[0,0]],[[64550,51838],[-1,0]],[[64554,51838],[-1,0]],[[64206,51838],[0,1]],[[64206,51839],[1,0]],[[64557,51839],[0,1]],[[64205,51840],[0,0]],[[64206,51840],[-1,0]],[[64206,51840],[0,0]],[[64210,51843],[-1,0]],[[64210,51843],[0,0]],[[64209,51844],[0,1]],[[64209,51844],[0,0]],[[64209,51844],[1,1]],[[64210,51845],[0,-1]],[[64210,51844],[-1,0]],[[64209,51844],[0,-1]],[[64209,51843],[0,1]],[[64209,51845],[-1,0]],[[64138,51845],[-1,0]],[[64209,51845],[0,1]],[[64209,51846],[1,0]],[[64209,51845],[0,0]],[[64142,51846],[-1,0]],[[64211,51847],[0,0]],[[64144,51848],[0,0]],[[64143,51848],[-1,-1]],[[64138,51849],[0,0]],[[64216,51850],[-1,0]],[[64216,51850],[0,1]],[[64220,51850],[0,1]],[[64216,51851],[0,0]],[[64225,51851],[0,1]],[[64225,51851],[0,0]],[[64221,51854],[0,1]],[[64221,51854],[0,0]],[[64221,51856],[0,-1]],[[64221,51854],[0,2]],[[64220,51858],[0,0]],[[64219,51860],[1,-1]],[[64220,51859],[0,-1]],[[64220,51858],[-1,2]],[[64220,51859],[0,1]],[[64220,51859],[0,0]],[[64215,51864],[0,0]],[[64215,51867],[0,-1]],[[64215,51867],[0,1]],[[64215,51868],[1,1]],[[64216,51869],[0,-2]],[[64216,51867],[-1,0]],[[64217,51869],[-1,0]],[[64217,51869],[0,1]],[[64216,51869],[0,1]],[[64220,51869],[-1,-1]],[[64219,51868],[-1,0]],[[64218,51868],[0,1]],[[64218,51869],[2,0]],[[64222,51871],[0,0]],[[64220,51872],[0,-1]],[[64220,51872],[-1,0]],[[64220,51872],[0,1]],[[64222,51871],[-1,0]],[[64217,51877],[0,0]],[[64217,51878],[-1,0]],[[64220,51878],[-1,0]],[[64220,51878],[0,0]],[[64222,51878],[1,1]],[[64223,51879],[-1,-1]],[[64223,51880],[0,1]],[[64223,51880],[0,0]],[[62439,51881],[1,0]],[[64223,51881],[-1,0]],[[64223,51882],[0,0]],[[64238,51889],[0,1]],[[64238,51890],[-1,0]],[[64236,51891],[0,0]],[[64237,51891],[-1,0]],[[64237,51891],[0,0]],[[64263,51895],[-1,0]],[[64263,51895],[0,0]],[[64262,51896],[0,0]],[[62440,51897],[-1,0]],[[64233,51898],[1,0]],[[64258,51898],[0,0]],[[64258,51898],[0,1]],[[64258,51898],[1,0]],[[64615,51898],[0,1]],[[64256,51898],[0,1]],[[64233,51899],[0,0]],[[64622,51900],[-1,0]],[[64245,51900],[-1,0]],[[64237,51901],[-1,0]],[[64237,51901],[1,-1]],[[64238,51900],[-1,1]],[[64244,51901],[-1,0]],[[64235,51902],[0,-1]],[[64241,51901],[0,1]],[[64238,51900],[1,0]],[[64239,51900],[1,0]],[[64238,51900],[-1,1]],[[64236,51901],[2,-1]],[[64243,51902],[1,1]],[[64235,51902],[-1,0]],[[64668,51903],[0,-1]],[[64668,51903],[0,0]],[[64674,51903],[-2,0]],[[64674,51903],[2,0]],[[64693,51904],[0,-1]],[[64693,51903],[0,1]],[[64693,51904],[0,0]],[[64721,51909],[1,0]],[[64723,51910],[1,0]],[[64233,51932],[0,0]],[[62440,51939],[1,1]],[[62442,51943],[-1,0]],[[64224,51946],[3,-3]],[[64219,51949],[0,-1]],[[64210,51949],[1,-1]],[[64211,51948],[-1,1]],[[64213,51949],[0,0]],[[64211,51948],[0,1]],[[64211,51949],[-1,0]],[[64211,51949],[0,0]],[[64218,51949],[-1,0]],[[64210,51950],[1,0]],[[64209,51951],[0,-1]],[[64251,51951],[0,-1]],[[64207,51951],[-1,0]],[[64208,51951],[0,0]],[[64212,51952],[0,-1]],[[64207,51951],[0,1]],[[64207,51951],[0,0]],[[64207,51952],[0,0]],[[64206,51952],[0,0]],[[64204,51953],[0,0]],[[64206,51952],[0,1]],[[64206,51953],[-1,0]],[[64206,51953],[0,0]],[[64207,51954],[0,-1]],[[64211,51956],[-1,0]],[[64211,51956],[0,0]],[[64210,51956],[0,0]],[[64208,51955],[0,1]],[[64211,51956],[-1,1]],[[64241,51957],[0,0]],[[64204,51957],[0,0]],[[64241,51957],[-1,0]],[[64204,51958],[0,0]],[[64251,51958],[0,0]],[[64209,51958],[0,0]],[[64210,51958],[0,0]],[[64198,51958],[0,1]],[[64206,51959],[-1,0]],[[64213,51959],[0,0]],[[64231,51960],[-1,0]],[[64216,51960],[1,-1]],[[64217,51959],[1,0]],[[64218,51959],[-6,-7]],[[64212,51952],[-3,-1]],[[64209,51951],[-1,0]],[[64208,51951],[-1,3]],[[64207,51954],[1,0]],[[64207,51954],[1,1]],[[64208,51955],[3,1]],[[64211,51956],[1,0]],[[64211,51956],[2,3]],[[64213,51959],[0,-1]],[[64213,51959],[3,1]],[[64203,51961],[0,-1]],[[64201,51960],[-1,0]],[[64211,51961],[0,0]],[[64199,51961],[0,0]],[[64203,51961],[0,0]],[[64195,51963],[0,-1]],[[64195,51963],[0,0]],[[64193,51964],[0,-1]],[[64193,51964],[-1,0]],[[64193,51964],[0,0]],[[64191,51965],[1,0]],[[64191,51965],[0,0]],[[64191,51965],[-1,0]],[[64191,51966],[0,0]],[[64190,51966],[0,0]],[[64196,51966],[0,1]],[[64196,51966],[1,0]],[[64191,51967],[0,-1]],[[64191,51967],[0,0]],[[64189,51967],[0,1]],[[64196,51966],[0,-1]],[[64197,51966],[-2,-3]],[[64195,51963],[0,1]],[[64195,51963],[-2,1]],[[64193,51964],[0,1]],[[64192,51964],[-1,0]],[[64192,51964],[0,1]],[[64191,51965],[0,1]],[[64191,51966],[0,1]],[[64191,51967],[1,1]],[[64192,51968],[4,-2]],[[64192,51968],[-1,-1]],[[64191,51967],[1,1]],[[64189,51969],[0,0]],[[64696,51970],[0,1]],[[64696,51970],[1,0]],[[64210,51971],[0,0]],[[64209,51972],[0,0]],[[64209,51972],[-1,0]],[[64650,51976],[0,1]],[[64660,51977],[0,0]],[[64653,51977],[-1,0]],[[64651,51978],[-1,0]],[[64653,51978],[-1,0]],[[64653,51978],[0,0]],[[64653,51978],[1,0]],[[64650,51979],[1,0]],[[64651,51980],[1,0]],[[64651,51980],[0,0]],[[64651,51980],[0,1]],[[64651,51981],[1,-1]],[[64651,51980],[-1,0]],[[64659,51981],[0,-1]],[[64659,51981],[-1,0]],[[64658,51981],[0,0]],[[64657,51981],[0,0]],[[64653,51983],[0,-1]],[[64213,51983],[1,-2]],[[64696,51983],[0,-1]],[[64696,51983],[1,0]],[[64696,51983],[0,0]],[[64213,51983],[0,-2]],[[64697,51984],[0,0]],[[64696,51984],[0,0]],[[64696,51984],[0,1]],[[64696,51985],[1,0]],[[64697,51985],[0,-1]],[[64697,51984],[-1,0]],[[64697,51985],[0,0]],[[64698,51986],[0,-1]],[[64697,51986],[1,0]],[[64697,51986],[0,0]],[[64698,51986],[0,0]],[[64699,51987],[0,-1]],[[64699,51987],[0,0]],[[64209,51987],[2,-8]],[[64699,51987],[0,1]],[[64702,51991],[0,0]],[[64702,51991],[0,1]],[[64696,51994],[0,1]],[[64696,51994],[0,0]],[[64697,51998],[0,1]],[[64206,51999],[1,-2]],[[64209,52004],[0,-1]],[[64701,52004],[0,0]],[[64700,52004],[0,0]],[[64700,52005],[0,0]],[[64699,52007],[0,-1]],[[64700,52007],[0,-1]],[[64699,52007],[-1,0]],[[64699,52007],[0,0]],[[64698,52007],[0,0]],[[64698,52007],[0,1]],[[64699,52008],[0,0]],[[64698,52008],[0,0]],[[64698,52008],[0,1]],[[64198,52020],[1,1]],[[64199,52021],[-1,-1]],[[64193,52040],[-1,0]],[[64183,52042],[-1,0]],[[64183,52042],[0,0]],[[64183,52042],[0,1]],[[64184,52043],[0,0]],[[64183,52043],[0,0]],[[64187,52049],[0,0]],[[64186,52050],[0,0]],[[64183,52053],[-1,0]],[[64720,52053],[-1,0]],[[64721,52055],[-1,0]],[[64173,52057],[0,0]],[[64173,52057],[0,1]],[[64173,52057],[0,1]],[[64722,52058],[1,0]],[[64722,52058],[-1,0]],[[64722,52058],[0,0]],[[64173,52058],[0,0]],[[64176,52059],[0,-1]],[[64176,52059],[0,0]],[[64170,52059],[0,0]],[[64169,52059],[0,0]],[[64169,52059],[0,1]],[[64170,52060],[1,0]],[[64171,52060],[-1,-1]],[[64170,52059],[0,1]],[[64170,52060],[-1,0]],[[64170,52060],[0,0]],[[64169,52060],[0,0]],[[64168,52060],[-1,0]],[[64168,52060],[0,0]],[[64170,52060],[0,1]],[[64170,52061],[1,0]],[[64171,52061],[0,-1]],[[64175,52061],[1,0]],[[64175,52061],[0,0]],[[64169,52060],[0,1]],[[64169,52061],[1,0]],[[64167,52061],[0,0]],[[64170,52061],[0,0]],[[64169,52061],[0,0]],[[64171,52061],[1,0]],[[64171,52061],[0,0]],[[64168,52062],[0,-1]],[[64167,52061],[0,1]],[[64173,52062],[0,0]],[[64168,52062],[-1,0]],[[64168,52062],[0,0]],[[64169,52062],[0,0]],[[64169,52062],[-1,0]],[[64167,52062],[0,1]],[[64167,52062],[0,0]],[[64168,52063],[0,-1]],[[64168,52063],[0,0]],[[64167,52063],[0,0]],[[64718,52063],[0,0]],[[64652,52065],[1,1]],[[64653,52066],[-1,-1]],[[64652,52065],[1,1]],[[64651,52067],[0,1]],[[64651,52068],[0,-1]],[[64158,52072],[0,1]],[[64731,52073],[-1,0]],[[64157,52074],[-1,0]],[[64728,52074],[0,1]],[[64161,52074],[-1,0]],[[64110,52075],[0,-1]],[[64159,52076],[0,0]],[[64159,52076],[1,0]],[[64110,52076],[0,0]],[[64158,52076],[0,0]],[[64160,52076],[0,0]],[[64159,52076],[-1,0]],[[64112,52076],[-2,0]],[[64110,52076],[1,0]],[[64111,52076],[1,0]],[[64111,52076],[0,1]],[[64111,52076],[0,0]],[[64158,52076],[0,1]],[[64111,52076],[0,1]],[[64112,52076],[0,1]],[[64112,52076],[0,0]],[[64112,52077],[0,0]],[[64111,52077],[0,0]],[[64159,52077],[0,0]],[[64161,52077],[0,0]],[[64735,52076],[-1,0]],[[64734,52076],[0,1]],[[64734,52076],[-1,1]],[[64733,52077],[2,-1]],[[64161,52078],[-1,0]],[[64161,52078],[0,0]],[[64156,52080],[0,0]],[[64738,52082],[0,1]],[[64738,52082],[0,0]],[[64738,52083],[1,0]],[[64738,52082],[-1,1]],[[64737,52083],[1,0]],[[64156,52083],[0,0]],[[64738,52083],[0,0]],[[64154,52084],[0,-1]],[[64737,52083],[1,1]],[[64738,52084],[0,-1]],[[64735,52084],[0,0]],[[64738,52084],[0,1]],[[64739,52086],[-1,0]],[[64739,52086],[0,0]],[[64739,52086],[1,0]],[[64740,52087],[0,0]],[[64741,52087],[0,0]],[[64753,52092],[1,0]],[[64753,52092],[0,0]],[[64755,52092],[0,0]],[[64757,52092],[0,1]],[[64754,52094],[1,0]],[[64755,52094],[-1,0]],[[64755,52094],[0,1]],[[64755,52095],[0,-1]],[[64764,52096],[1,0]],[[64762,52098],[1,0]],[[64116,52099],[1,0]],[[64117,52099],[-1,0]],[[64117,52099],[0,0]],[[64118,52099],[0,0]],[[64763,52100],[0,-1]],[[64768,52101],[0,0]],[[64125,52102],[-1,0]],[[64125,52102],[0,0]],[[64764,52104],[0,1]],[[64763,52106],[0,0]],[[64118,52110],[1,0]],[[64118,52110],[0,1]],[[64118,52110],[0,0]],[[64761,52116],[0,0]],[[64758,52122],[0,1]],[[64758,52122],[0,0]],[[64110,52123],[1,0]],[[64110,52124],[0,0]],[[64111,52125],[0,-1]],[[64750,52124],[0,1]],[[64750,52124],[0,0]],[[64748,52125],[0,0]],[[64750,52125],[0,0]],[[64749,52125],[0,0]],[[64107,52125],[1,1]],[[64111,52125],[1,1]],[[64746,52126],[0,-1]],[[64750,52126],[0,0]],[[64110,52126],[-1,0]],[[64109,52127],[0,0]],[[64751,52127],[0,0]],[[64753,52128],[0,0]],[[64753,52128],[1,0]],[[64104,52129],[0,-1]],[[64753,52128],[0,1]],[[64106,52129],[-1,0]],[[64104,52129],[-1,0]],[[64104,52129],[0,1]],[[64107,52129],[0,1]],[[64100,52130],[1,0]],[[64103,52130],[-1,0]],[[64742,52131],[0,0]],[[64743,52131],[0,0]],[[64106,52131],[-1,0]],[[64740,52132],[0,0]],[[64740,52132],[0,1]],[[64109,52134],[-2,2]],[[64739,52138],[0,0]],[[64738,52138],[0,0]],[[64737,52139],[0,1]],[[64737,52139],[0,0]],[[64737,52140],[0,0]],[[64736,52140],[0,0]],[[64735,52140],[0,0]],[[64738,52139],[0,1]],[[64738,52139],[-1,1]],[[64732,52141],[-1,0]],[[64732,52141],[0,0]],[[64733,52141],[0,0]],[[64737,52141],[0,0]],[[64737,52141],[0,1]],[[64733,52142],[0,-1]],[[64733,52141],[-1,0]],[[64732,52141],[1,1]],[[64733,52142],[0,0]],[[64721,52144],[0,0]],[[64723,52144],[-1,0]],[[64722,52144],[0,1]],[[64712,52145],[0,-1]],[[64712,52145],[0,0]],[[64722,52144],[-1,0]],[[64721,52144],[0,1]],[[64721,52145],[1,-1]],[[64721,52145],[1,0]],[[64721,52145],[0,0]],[[64725,52145],[0,0]],[[64723,52146],[0,1]],[[64657,52149],[0,0]],[[64656,52149],[0,0]],[[64657,52150],[0,-1]],[[64657,52149],[0,1]],[[64706,52150],[0,-1]],[[64706,52150],[0,0]],[[64657,52150],[-1,0]],[[64657,52150],[0,0]],[[64069,52150],[1,0]],[[64068,52151],[1,0]],[[64068,52151],[0,0]],[[64070,52151],[0,1]],[[64070,52151],[0,0]],[[64070,52152],[0,0]],[[64068,52152],[1,0]],[[64069,52152],[0,-1]],[[64069,52151],[1,0]],[[64068,52151],[0,1]],[[64725,52150],[0,-1]],[[64069,52152],[0,0]],[[64693,52152],[0,0]],[[64063,52152],[1,1]],[[64064,52153],[-1,-1]],[[64069,52152],[-1,1]],[[64068,52153],[1,-1]],[[64068,52152],[-1,0]],[[64063,52152],[1,1]],[[64068,52153],[0,0]],[[64693,52153],[0,0]],[[64090,52153],[0,0]],[[64693,52154],[0,-1]],[[64693,52154],[0,0]],[[64069,52154],[-1,-1]],[[64068,52153],[1,1]],[[64065,52154],[0,0]],[[64069,52154],[1,0]],[[64069,52154],[0,0]],[[64580,52154],[-1,0]],[[64069,52154],[0,1]],[[64065,52154],[0,1]],[[64093,52155],[0,-1]],[[64065,52155],[1,0]],[[64068,52155],[-1,0]],[[64068,52155],[0,0]],[[64065,52155],[0,1]],[[64065,52155],[0,0]],[[64065,52155],[0,1]],[[64065,52156],[0,0]],[[64067,52155],[0,1]],[[64067,52155],[0,0]],[[64091,52156],[0,0]],[[64099,52156],[0,0]],[[64717,52156],[-1,0]],[[64063,52156],[-1,0]],[[64694,52156],[-1,0]],[[64693,52156],[0,0]],[[64099,52156],[1,0]],[[64076,52156],[0,-1]],[[64089,52156],[-1,0]],[[64691,52156],[-2,0]],[[64072,52156],[0,1]],[[64072,52156],[1,0]],[[64090,52157],[0,-1]],[[64072,52156],[0,1]],[[64694,52157],[0,0]],[[64065,52156],[0,1]],[[64078,52157],[1,0]],[[64716,52157],[0,0]],[[64078,52157],[-1,0]],[[64078,52157],[0,0]],[[64074,52157],[1,0]],[[64716,52157],[-1,0]],[[64090,52157],[0,0]],[[64070,52157],[0,1]],[[64071,52158],[0,-1]],[[64686,52158],[0,-2]],[[64072,52157],[0,1]],[[64694,52157],[0,1]],[[64716,52158],[-1,0]],[[64716,52158],[0,0]],[[64078,52157],[0,1]],[[64716,52157],[0,1]],[[64716,52158],[1,0]],[[64717,52158],[-1,-1]],[[64717,52158],[0,0]],[[64092,52158],[0,-1]],[[64085,52158],[1,0]],[[64088,52158],[-1,0]],[[64085,52158],[-1,0]],[[64085,52158],[0,0]],[[64717,52158],[0,1]],[[64717,52159],[0,-1]],[[64093,52158],[0,1]],[[64093,52159],[0,-1]],[[64715,52159],[0,-1]],[[64715,52159],[0,0]],[[64093,52158],[-1,0]],[[64092,52158],[1,1]],[[64707,52159],[-1,0]],[[64069,52155],[-1,0]],[[64068,52155],[0,1]],[[64068,52155],[-1,1]],[[64067,52156],[-2,1]],[[64065,52157],[4,-2]],[[64069,52159],[1,1]],[[64707,52159],[-1,1]],[[64071,52160],[0,0]],[[64699,52160],[0,-1]],[[64713,52161],[0,-1]],[[64713,52161],[0,0]],[[64713,52161],[-1,0]],[[64709,52161],[0,1]],[[64077,52162],[0,-1]],[[64713,52162],[-1,0]],[[64713,52162],[0,0]],[[64713,52162],[1,0]],[[64072,52164],[1,0]],[[64074,52165],[-1,0]],[[64711,52166],[0,1]],[[64034,52173],[0,1]],[[64035,52175],[-1,0]],[[64038,52176],[-1,0]],[[64042,52177],[1,0]],[[64043,52177],[-1,0]],[[64085,52176],[0,1]],[[64086,52177],[1,0]],[[64042,52177],[0,1]],[[64042,52178],[1,0]],[[64043,52178],[0,-1]],[[64086,52177],[0,1]],[[64086,52177],[0,0]],[[64045,52178],[0,0]],[[64042,52178],[-1,0]],[[64042,52178],[1,1]],[[64043,52179],[0,-1]],[[64047,52179],[1,0]],[[64047,52179],[-1,1]],[[64052,52180],[0,-1]],[[64053,52180],[-1,0]],[[64053,52180],[0,0]],[[64058,52181],[0,-1]],[[64055,52181],[0,0]],[[64045,52180],[-2,-1]],[[64043,52179],[2,1]],[[64058,52181],[1,0]],[[64539,52180],[0,1]],[[64053,52181],[0,-1]],[[64053,52180],[-1,1]],[[64052,52181],[1,0]],[[64042,52181],[0,0]],[[64039,52182],[0,-1]],[[64058,52181],[0,1]],[[64058,52181],[0,0]],[[64045,52180],[0,2]],[[64045,52182],[0,-2]],[[64055,52182],[0,0]],[[64057,52182],[0,0]],[[64061,52182],[-1,0]],[[64056,52182],[0,0]],[[64054,52182],[0,0]],[[64079,52182],[1,0]],[[64062,52182],[0,1]],[[64057,52182],[-1,0]],[[64056,52182],[0,1]],[[64056,52183],[1,-1]],[[64056,52183],[0,0]],[[64043,52182],[-1,0]],[[64039,52182],[0,1]],[[64057,52182],[-1,1]],[[64055,52182],[0,1]],[[64080,52183],[0,0]],[[64072,52183],[-1,0]],[[64071,52183],[1,0]],[[64072,52183],[1,0]],[[64079,52183],[0,1]],[[64079,52183],[0,0]],[[64056,52183],[-1,0]],[[64056,52183],[0,1]],[[64079,52183],[-1,0]],[[64070,52184],[1,-1]],[[64071,52183],[-1,1]],[[64072,52184],[0,0]],[[64053,52183],[0,-2]],[[64053,52181],[-1,0]],[[64052,52181],[-1,2]],[[64051,52183],[0,2]],[[64051,52185],[2,-1]],[[64053,52184],[0,-1]],[[64074,52184],[0,1]],[[64055,52183],[-1,0]],[[64055,52183],[-2,0]],[[64053,52183],[0,1]],[[64053,52184],[2,-1]],[[64070,52184],[-1,1]],[[64069,52185],[1,0]],[[64070,52185],[0,-1]],[[64073,52184],[0,1]],[[64070,52185],[1,0]],[[64069,52185],[-1,0]],[[64069,52185],[0,0]],[[64069,52185],[1,0]],[[64051,52183],[-6,-1]],[[64045,52182],[6,3]],[[64075,52186],[-1,0]],[[64078,52187],[0,0]],[[64079,52186],[0,1]],[[64075,52187],[0,0]],[[64080,52188],[1,0]],[[64080,52188],[0,1]],[[64080,52189],[0,-1]],[[64080,52189],[0,0]],[[64080,52189],[0,1]],[[64080,52190],[0,1]],[[64081,52192],[0,0]],[[64082,52192],[-1,0]],[[64081,52192],[1,1]],[[64082,52193],[0,-1]],[[64547,52190],[-2,2]],[[64530,52202],[1,0]],[[64087,52209],[-3,1]],[[64087,52214],[0,0]],[[64087,52215],[0,-1]],[[64087,52214],[0,1]],[[64085,52215],[-1,0]],[[64085,52216],[0,1]],[[64084,52217],[0,0]],[[64082,52221],[1,0]],[[64082,52222],[0,-1]],[[64082,52222],[0,0]],[[64081,52222],[-1,0]],[[64082,52222],[0,1]],[[64081,52223],[0,0]],[[64082,52224],[0,0]],[[64081,52224],[0,1]],[[64509,52225],[2,-2]],[[64501,52226],[-1,0]],[[64501,52226],[0,0]],[[64500,52226],[0,1]],[[64500,52227],[1,-1]],[[64079,52227],[1,0]],[[64080,52227],[-1,0]],[[64080,52227],[0,0]],[[64079,52228],[0,-1]],[[64079,52227],[0,1]],[[64500,52228],[1,0]],[[64079,52228],[0,0]],[[64078,52229],[0,0]],[[64078,52229],[-1,0]],[[64077,52229],[0,1]],[[64077,52230],[1,0]],[[64078,52230],[0,-1]],[[64077,52229],[0,0]],[[64078,52230],[-1,0]],[[64077,52230],[1,0]],[[64590,52232],[0,0]],[[64075,52232],[-2,0]],[[64544,52241],[-1,0]],[[64550,52244],[1,0]],[[64547,52247],[1,0]],[[64442,52248],[0,-1]],[[64412,52248],[0,-1]],[[64072,52248],[0,0]],[[64071,52248],[-1,0]],[[64557,52250],[0,-1]],[[64410,52251],[1,-1]],[[64572,52258],[0,1]],[[64569,52260],[0,1]],[[64569,52260],[0,0]],[[64396,52261],[0,1]],[[64396,52261],[0,1]],[[64569,52260],[1,-2]],[[64399,52262],[-1,0]],[[64395,52263],[1,1]],[[64401,52264],[-1,1]],[[64401,52264],[0,0]],[[64400,52265],[-1,1]],[[64400,52265],[0,0]],[[64399,52267],[0,-1]],[[64399,52266],[2,-1]],[[64401,52265],[0,-1]],[[64401,52264],[-2,2]],[[64399,52267],[-3,2]],[[64396,52269],[3,-2]],[[64035,52279],[0,0]],[[64049,52279],[-1,0]],[[64058,52279],[0,1]],[[64050,52279],[0,1]],[[64056,52279],[0,1]],[[64056,52280],[0,-1]],[[64384,52279],[4,1]],[[64056,52279],[0,1]],[[64036,52280],[-1,0]],[[64058,52281],[1,0]],[[64058,52281],[0,0]],[[64036,52281],[-1,0]],[[64051,52281],[-1,0]],[[64067,52283],[1,0]],[[64038,52287],[0,1]],[[63753,52302],[0,0]],[[63758,52302],[0,1]],[[63758,52302],[0,0]],[[63753,52302],[0,1]],[[63755,52302],[0,1]],[[63751,52303],[0,0]],[[63758,52302],[1,0]],[[64333,52303],[-1,-1]],[[64333,52303],[0,0]],[[63738,52303],[0,0]],[[63748,52304],[0,-1]],[[63739,52304],[0,-1]],[[63739,52304],[0,0]],[[63740,52304],[0,0]],[[63751,52303],[0,1]],[[63751,52304],[0,-1]],[[63739,52303],[-1,0]],[[63738,52303],[1,1]],[[64333,52303],[1,1]],[[63750,52304],[0,0]],[[63727,52305],[1,0]],[[63728,52305],[-1,0]],[[63755,52304],[0,1]],[[63755,52304],[0,0]],[[63740,52304],[-1,0]],[[63739,52304],[0,1]],[[63739,52305],[1,0]],[[63740,52305],[0,-1]],[[63725,52305],[0,0]],[[63751,52305],[0,0]],[[63737,52305],[-1,0]],[[63736,52305],[0,-1]],[[63750,52305],[0,0]],[[64445,52305],[-1,0]],[[63737,52305],[0,0]],[[63725,52305],[1,0]],[[63727,52305],[0,0]],[[63738,52305],[-1,0]],[[63738,52305],[0,0]],[[63728,52305],[0,0]],[[63740,52305],[0,0]],[[63750,52304],[0,1]],[[63750,52305],[0,1]],[[63749,52305],[-1,1]],[[63748,52306],[1,0]],[[63749,52306],[0,-1]],[[63738,52305],[0,1]],[[63739,52306],[0,0]],[[63735,52306],[0,0]],[[63735,52306],[0,-1]],[[63728,52306],[0,0]],[[63724,52306],[0,-1]],[[63724,52306],[0,0]],[[63729,52306],[0,0]],[[63737,52306],[0,-1]],[[63736,52305],[0,1]],[[63736,52306],[1,0]],[[63743,52306],[0,-1]],[[63743,52306],[0,0]],[[63739,52306],[-1,0]],[[63749,52305],[1,0]],[[63738,52306],[0,0]],[[63725,52306],[0,0]],[[63755,52302],[-2,0]],[[63753,52303],[0,1]],[[63753,52304],[1,0]],[[63753,52304],[0,1]],[[63753,52305],[2,0]],[[63755,52304],[0,-1]],[[63753,52305],[0,1]],[[64333,52306],[1,0]],[[63727,52306],[-1,0]],[[63727,52306],[0,0]],[[63724,52306],[0,1]],[[63735,52306],[0,1]],[[63738,52306],[0,1]],[[63737,52306],[0,1]],[[63737,52306],[0,0]],[[63738,52307],[0,0]],[[63733,52306],[0,1]],[[63733,52306],[0,0]],[[63734,52306],[-1,0]],[[63733,52307],[1,0]],[[63734,52307],[0,-1]],[[63722,52307],[1,0]],[[63723,52307],[0,-1]],[[63723,52306],[-1,1]],[[63720,52307],[0,0]],[[63721,52307],[0,0]],[[63721,52307],[-1,0]],[[63737,52307],[0,0]],[[63733,52307],[0,0]],[[63741,52307],[0,0]],[[63734,52307],[0,0]],[[63725,52306],[-1,0]],[[63724,52307],[1,0]],[[63725,52307],[0,-1]],[[63737,52307],[1,0]],[[63737,52307],[-1,0]],[[63735,52306],[-1,0]],[[63734,52307],[1,0]],[[63734,52307],[0,1]],[[63742,52308],[-1,0]],[[63742,52308],[0,0]],[[63733,52307],[0,1]],[[63723,52308],[0,0]],[[63730,52307],[0,1]],[[63730,52307],[0,0]],[[63733,52308],[0,0]],[[63727,52307],[0,-1]],[[63727,52306],[1,0]],[[63727,52307],[-1,0]],[[63727,52307],[-1,1]],[[63726,52308],[1,-1]],[[63738,52308],[0,0]],[[63738,52308],[-1,0]],[[63735,52308],[0,0]],[[63737,52308],[0,0]],[[63724,52307],[-1,1]],[[63723,52308],[1,0]],[[63724,52308],[0,-1]],[[63735,52308],[-1,0]],[[63724,52308],[0,0]],[[63720,52308],[-1,0]],[[63720,52308],[0,0]],[[63732,52308],[1,0]],[[63730,52308],[0,0]],[[63732,52308],[0,0]],[[64334,52308],[1,1]],[[63733,52309],[0,-1]],[[63733,52309],[0,0]],[[63732,52309],[0,0]],[[63730,52307],[1,0]],[[63730,52307],[0,-1]],[[63730,52308],[0,1]],[[63730,52309],[1,0]],[[63731,52309],[-1,-2]],[[63731,52309],[0,0]],[[63731,52309],[0,1]],[[63732,52310],[0,0]],[[63731,52310],[0,0]],[[64335,52310],[-1,0]],[[64335,52310],[0,0]],[[64335,52310],[1,0]],[[63731,52311],[0,0]],[[64401,52312],[-2,1]],[[64399,52313],[2,-1]],[[64330,52313],[0,1]],[[63717,52314],[0,0]],[[63716,52315],[0,0]],[[63717,52315],[0,0]],[[63719,52317],[0,1]],[[63730,52320],[0,0]],[[63731,52321],[0,0]],[[64015,52319],[-1,0]],[[63731,52322],[0,0]],[[63731,52323],[0,0]],[[63731,52322],[0,1]],[[63731,52323],[1,0]],[[63732,52323],[0,0]],[[63733,52323],[0,0]],[[63734,52323],[0,0]],[[63735,52324],[0,0]],[[63491,52325],[1,0]],[[63484,52325],[0,0]],[[63736,52325],[0,0]],[[63736,52326],[0,-1]],[[63487,52326],[1,0]],[[63487,52326],[0,0]],[[63736,52326],[0,0]],[[63737,52326],[0,0]],[[63736,52326],[1,0]],[[63736,52326],[0,1]],[[63737,52327],[0,0]],[[63736,52327],[0,0]],[[63738,52327],[0,0]],[[63488,52327],[-1,-1]],[[63487,52326],[1,1]],[[63737,52327],[-1,0]],[[63737,52327],[0,1]],[[63738,52328],[0,0]],[[63737,52328],[1,0]],[[63738,52328],[0,-1]],[[63738,52327],[-1,0]],[[63739,52328],[0,0]],[[63740,52328],[0,0]],[[63737,52328],[0,0]],[[63482,52328],[-1,0]],[[63482,52328],[0,0]],[[63483,52328],[0,0]],[[63498,52329],[0,-1]],[[63491,52325],[-1,2]],[[63490,52327],[0,1]],[[63490,52328],[1,-3]],[[63482,52329],[0,-1]],[[63482,52329],[0,0]],[[63480,52329],[0,0]],[[63501,52329],[0,0]],[[63481,52328],[0,1]],[[63481,52328],[0,0]],[[63486,52329],[0,1]],[[63486,52329],[0,0]],[[63483,52331],[-1,0]],[[63483,52331],[0,1]],[[63483,52331],[0,0]],[[63485,52332],[0,-1]],[[63490,52327],[-2,-1]],[[63488,52326],[0,1]],[[63488,52327],[-2,2]],[[63486,52329],[0,-1]],[[63486,52330],[0,2]],[[63486,52332],[1,-1]],[[63487,52331],[3,-3]],[[63486,52332],[-1,0]],[[63486,52332],[0,0]],[[63500,52332],[1,0]],[[64420,52332],[0,1]],[[64419,52333],[0,0]],[[63500,52333],[0,0]],[[63753,52306],[-2,-1]],[[63751,52305],[0,1]],[[63751,52305],[0,-1]],[[63751,52305],[-1,0]],[[63750,52306],[-1,0]],[[63748,52306],[-5,0]],[[63743,52306],[0,1]],[[63743,52306],[-1,2]],[[63742,52308],[1,0]],[[63741,52308],[0,-1]],[[63741,52307],[-1,-2]],[[63739,52305],[0,1]],[[63739,52306],[1,0]],[[63738,52307],[0,1]],[[63737,52308],[-1,-1]],[[63736,52307],[0,1]],[[63736,52307],[0,-1]],[[63736,52306],[-1,0]],[[63735,52307],[0,1]],[[63735,52308],[-1,0]],[[63734,52308],[-1,0]],[[63733,52309],[1,0]],[[63733,52309],[-1,0]],[[63732,52309],[0,1]],[[63732,52310],[-1,1]],[[63731,52311],[1,0]],[[63732,52310],[-1,0]],[[63731,52310],[0,1]],[[63731,52310],[-1,-1]],[[63730,52308],[-1,-2]],[[63729,52306],[-1,0]],[[63728,52306],[-1,1]],[[63726,52308],[0,-1]],[[63726,52307],[0,-1]],[[63726,52306],[0,-1]],[[63726,52307],[-1,0]],[[63725,52307],[0,1]],[[63725,52307],[-1,1]],[[63724,52308],[-1,0]],[[63723,52308],[0,-1]],[[63722,52307],[0,1]],[[63722,52307],[-2,1]],[[63720,52308],[-3,6]],[[63717,52314],[0,1]],[[63717,52315],[2,2]],[[63719,52317],[1,0]],[[63719,52317],[11,3]],[[63730,52320],[1,1]],[[63731,52321],[0,1]],[[63731,52322],[3,1]],[[63734,52323],[1,1]],[[63735,52324],[0,-1]],[[63735,52324],[3,3]],[[63738,52327],[1,1]],[[63739,52328],[1,0]],[[63740,52328],[13,-22]],[[63501,52334],[0,0]],[[63489,52333],[-1,1]],[[63488,52334],[1,0]],[[63489,52334],[0,-1]],[[63489,52333],[-2,-2]],[[63487,52331],[1,0]],[[63487,52331],[-1,1]],[[63486,52332],[1,0]],[[63486,52332],[2,2]],[[63489,52334],[1,0]],[[63499,52334],[0,0]],[[63500,52332],[-1,2]],[[63499,52334],[-1,0]],[[63499,52334],[1,-1]],[[63500,52333],[0,-1]],[[63502,52335],[0,-1]],[[63501,52334],[0,1]],[[63498,52334],[0,1]],[[63498,52334],[0,0]],[[64416,52335],[0,0]],[[64415,52335],[1,0]],[[64415,52335],[0,0]],[[63502,52335],[-1,0]],[[63502,52335],[0,0]],[[63503,52335],[0,1]],[[63501,52335],[0,1]],[[63501,52335],[0,0]],[[63500,52335],[-1,-1]],[[63499,52334],[-1,1]],[[63498,52335],[0,1]],[[63498,52336],[2,-1]],[[63501,52335],[-1,0]],[[63500,52335],[0,1]],[[63500,52335],[1,0]],[[63498,52336],[0,0]],[[63501,52335],[-1,1]],[[63500,52336],[1,0]],[[63501,52336],[0,1]],[[63502,52338],[0,-3]],[[63502,52335],[-1,1]],[[63501,52337],[0,2]],[[63501,52339],[1,-1]],[[63501,52339],[0,0]],[[63502,52338],[0,1]],[[63107,52343],[0,-1]],[[64416,52335],[-15,-23]],[[64399,52313],[16,22]],[[63426,52370],[0,1]],[[63418,52371],[1,0]],[[63421,52373],[1,0]],[[63422,52373],[-1,0]],[[63421,52373],[0,0]],[[63421,52373],[0,1]],[[63422,52374],[1,0]],[[63423,52374],[-1,-1]],[[63422,52373],[0,1]],[[63424,52374],[0,0]],[[63426,52374],[0,0]],[[63424,52374],[-1,0]],[[63421,52374],[0,0]],[[63423,52374],[0,0]],[[63423,52374],[1,0]],[[63428,52375],[0,-1]],[[63428,52375],[0,0]],[[63427,52375],[0,-1]],[[63428,52375],[-1,0]],[[63420,52375],[0,0]],[[63422,52375],[-1,0]],[[63425,52376],[-1,0]],[[63425,52376],[0,-1]],[[63424,52376],[0,0]],[[63429,52376],[1,0]],[[63427,52376],[1,0]],[[63428,52376],[0,-1]],[[63427,52375],[0,1]],[[63421,52376],[0,0]],[[63425,52376],[0,1]],[[63426,52377],[0,1]],[[63426,52377],[0,0]],[[63310,52379],[0,-1]],[[64491,52407],[0,-1]],[[64334,52420],[1,1]],[[64334,52420],[0,0]],[[64448,52430],[5,-2]],[[64448,52439],[1,-2]],[[64447,52441],[0,1]],[[64446,52444],[1,0]],[[64446,52444],[0,1]],[[64446,52444],[0,0]],[[64444,52449],[0,1]],[[64333,52459],[3,-5]],[[64379,52480],[2,0]],[[64379,52480],[-1,0]],[[64404,52685],[-2,-2]],[[64408,52689],[-1,-2]],[[64413,52690],[-2,0]],[[64387,52695],[-1,0]],[[64418,52690],[1,-2]],[[64404,52718],[5,-4]],[[64331,52753],[-1,0]],[[64330,52753],[1,0]],[[64362,52792],[5,1]],[[64367,52793],[-5,-1]],[[64389,52836],[0,0]],[[64556,52829],[-1,-1]],[[64514,52897],[0,0]],[[64514,52897],[1,0]],[[64512,52899],[-1,0]],[[64512,52899],[0,0]],[[64511,52899],[1,0]],[[64510,52903],[0,0]],[[64544,52983],[-2,-3]],[[64440,52990],[-1,1]],[[64486,53027],[0,-1]],[[64494,53044],[-1,-2]],[[64498,53052],[-1,-2]],[[64426,53062],[-1,0]],[[64416,53078],[1,0]],[[64416,53078],[-1,2]],[[64416,53078],[0,0]],[[64365,53110],[-1,1]],[[64502,53117],[-1,-1]],[[64566,53086],[0,-5]],[[64614,53118],[0,-1]],[[64415,53080],[-3,3]],[[64629,53180],[0,-1]],[[65106,53202],[-1,0]],[[64906,53223],[-125,-65],[125,65]],[[64718,53223],[-83,-142],[54,127],[29,15]],[[64662,53222],[-1,0]],[[64661,53222],[-2,4]],[[64659,53226],[1,0]],[[64660,53226],[2,-4]],[[64860,53276],[-98,-99],[98,99]],[[64881,53407],[89,-99],[-126,26],[-120,-80],[-62,-32]],[[64661,53222],[-1,4]],[[64660,53226],[-1,0]],[[64659,53226],[-124,-77],[-134,6],[-65,-115],[136,-19],[64,-112],[-26,-6]],[[64510,52903],[-123,-63],[-20,-47]],[[64367,52793],[-5,-1]],[[64362,52792],[-32,-39]],[[64331,52753],[0,1]],[[64331,52753],[73,-35]],[[64404,52718],[8,-151],[-78,-101],[0,-46]],[[64334,52420],[-4,-107]],[[64330,52313],[4,-3]],[[64335,52310],[-1,-2]],[[64334,52308],[0,1]],[[64334,52308],[-1,-2]],[[64333,52306],[-1,-4]],[[64332,52302],[52,-23]],[[64384,52279],[11,-16]],[[64395,52263],[1,-2]],[[64396,52261],[5,4]],[[64401,52265],[-2,2]],[[64399,52267],[-3,2]],[[64396,52269],[-1,0]],[[64399,52267],[11,-16]],[[64410,52251],[32,-3]],[[64442,52248],[58,-20]],[[64500,52228],[0,1]],[[64500,52228],[0,-1]],[[64500,52227],[30,-25]],[[64530,52202],[9,-22]],[[64539,52180],[41,-26]],[[64580,52154],[76,-5]],[[64656,52149],[1,0]],[[64657,52149],[36,3]],[[64693,52152],[0,1]],[[64693,52153],[1,0]],[[64693,52153],[1,3]],[[64694,52156],[0,1]],[[64694,52157],[13,2]],[[64707,52159],[8,-2]],[[64715,52157],[-9,-7]],[[64706,52149],[6,-4]],[[64712,52144],[9,0]],[[64721,52144],[0,-1]],[[64723,52144],[0,-1]],[[64723,52144],[2,1]],[[64725,52145],[-1,0]],[[64725,52145],[6,-4]],[[64731,52141],[1,0]],[[64733,52141],[2,-1]],[[64735,52140],[2,-1]],[[64737,52139],[-1,0]],[[64737,52139],[1,0]],[[64738,52139],[0,-1]],[[64738,52138],[1,0]],[[64738,52138],[2,-6]],[[64740,52132],[2,-1]],[[64742,52131],[6,-6]],[[64748,52125],[1,0]],[[64749,52125],[0,-1]],[[64749,52125],[1,0]],[[64750,52125],[1,2]],[[64751,52127],[2,1]],[[64753,52128],[5,-5]],[[64758,52123],[0,-1]],[[64758,52122],[0,-1]],[[64758,52122],[3,-6]],[[64761,52116],[2,-10]],[[64763,52106],[1,-2]],[[64764,52104],[-1,-4]],[[64763,52100],[-1,-2]],[[64762,52098],[-7,-3]],[[64755,52095],[-1,0]],[[64755,52095],[-1,-1]],[[64754,52094],[0,-2]],[[64754,52092],[1,0]],[[64753,52092],[-1,0]],[[64753,52092],[-15,-6]],[[64738,52086],[-5,-9]],[[64733,52077],[1,-1]],[[64734,52076],[-16,-13]],[[64718,52063],[-67,5]],[[64651,52067],[1,-2]],[[64652,52065],[46,-58]],[[64699,52006],[1,-1]],[[64700,52005],[-1,0]],[[64700,52005],[0,-1]],[[64700,52004],[-4,-9]],[[64696,51994],[3,-6]],[[64699,51987],[-1,-1]],[[64697,51986],[-1,-1]],[[64696,51984],[0,-14]],[[64696,51970],[-37,11]],[[64659,51981],[-8,0]],[[64650,51980],[0,-1]],[[64650,51979],[18,-76]],[[64668,51902],[-129,-12],[-98,-83],[-27,-58]],[[64414,51749],[89,-94],[6,-15]],[[64509,51640],[-1,-4]],[[64508,51636],[3,-17]],[[64511,51619],[-8,-37]],[[64503,51582],[-16,-6]],[[64487,51576],[-9,-1]],[[64478,51575],[-14,4]],[[64464,51579],[-31,-6]],[[64433,51573],[0,1]],[[64433,51574],[-11,-13]],[[64421,51561],[-37,6]],[[64384,51567],[0,1]],[[64383,51567],[0,1]],[[64383,51567],[-1,1]],[[64383,51566],[-16,1]],[[64367,51567],[-5,-3]],[[64362,51564],[-54,-3]],[[64308,51561],[-50,42]],[[64258,51603],[-1,10]],[[64257,51613],[-11,12]],[[64246,51625],[-4,36]],[[64242,51661],[17,15]],[[64259,51676],[0,-1]],[[64260,51676],[33,10]],[[64293,51686],[-26,17]],[[64267,51703],[-1,8]],[[64266,51711],[3,13]],[[64269,51724],[-14,50]],[[64255,51775],[10,16]],[[64265,51791],[1,1]],[[64266,51792],[0,6]],[[64266,51798],[-11,11]],[[64254,51809],[0,1]],[[64253,51808],[-2,1]],[[64251,51809],[-1,-1]],[[64250,51808],[-1,0]],[[64249,51808],[-4,-1]],[[64245,51807],[-3,-1]],[[64242,51806],[-1,0]],[[64241,51806],[0,1]],[[64241,51806],[-5,6]],[[64235,51812],[0,1]],[[64235,51812],[-1,0]],[[64235,51812],[-2,0]],[[64233,51812],[0,1]],[[64233,51812],[1,0]],[[64233,51813],[0,1]],[[64233,51813],[0,3]],[[64233,51816],[-2,6]],[[64231,51822],[1,0]],[[64231,51823],[1,0]],[[64231,51823],[1,0]],[[64231,51823],[1,4]],[[64232,51827],[-2,0]],[[64230,51827],[-10,0]],[[64219,51826],[-14,-1]],[[64205,51825],[0,1]],[[64205,51825],[-1,0]],[[64205,51825],[-1,-1]],[[64203,51824],[-1,0]],[[64202,51824],[-3,-1]],[[64199,51823],[0,1]],[[64199,51825],[-1,2]],[[64198,51827],[-1,2]],[[64197,51829],[1,0]],[[64198,51829],[0,1]],[[64198,51829],[-1,1]],[[64197,51830],[0,3]],[[64197,51833],[1,0]],[[64198,51833],[0,1]],[[64198,51834],[0,3]],[[64199,51837],[1,0]],[[64200,51837],[0,-1]],[[64200,51837],[6,2]],[[64206,51839],[0,1]],[[64206,51838],[4,5]],[[64209,51843],[1,1]],[[64210,51845],[1,0]],[[64210,51845],[5,5]],[[64215,51850],[0,-1]],[[64216,51850],[9,1]],[[64225,51852],[-4,3]],[[64221,51856],[1,0]],[[64221,51856],[-1,2]],[[64220,51858],[1,0]],[[64220,51859],[-1,1]],[[64219,51860],[-4,4]],[[64215,51864],[0,2]],[[64215,51866],[1,1]],[[64216,51867],[1,2]],[[64217,51869],[1,0]],[[64218,51868],[1,0]],[[64219,51868],[1,1]],[[64220,51869],[0,-1]],[[64220,51869],[0,9]],[[64220,51878],[2,0]],[[64223,51879],[0,1]],[[64223,51880],[0,1]],[[64223,51881],[0,1]],[[64223,51882],[15,7]],[[64238,51890],[-1,1]],[[64237,51891],[-1,0]],[[64236,51891],[2,9]],[[64238,51900],[1,0]],[[64239,51900],[17,-2]],[[64256,51898],[2,0]],[[64258,51898],[5,-3]],[[64263,51895],[-22,62]],[[64241,51957],[1,0]],[[64241,51957],[-1,0]],[[64240,51957],[-22,2]],[[64217,51959],[-1,1]],[[64216,51960],[-6,11]],[[64210,51971],[3,12]],[[64213,51983],[-4,21]],[[64209,52004],[-11,16]],[[64199,52021],[-6,19]],[[64193,52040],[-6,9]],[[64187,52049],[-1,1]],[[64186,52050],[-3,3]],[[64183,52053],[0,1]],[[64183,52053],[-7,6]],[[64176,52059],[0,2]],[[64175,52061],[-2,1]],[[64173,52062],[-2,-1]],[[64171,52061],[0,1]],[[64171,52061],[-1,0]],[[64170,52061],[-1,1]],[[64169,52062],[1,0]],[[64169,52062],[-1,1]],[[64168,52063],[-1,0]],[[64167,52063],[1,0]],[[64168,52063],[-7,14]],[[64161,52077],[0,1]],[[64161,52078],[-5,5]],[[64156,52083],[-2,1]],[[64154,52084],[-29,18]],[[64124,52102],[-6,-3]],[[64118,52099],[-1,0]],[[64117,52099],[0,1]],[[64116,52099],[-7,35]],[[64109,52134],[-32,28]],[[64077,52162],[5,30]],[[64082,52192],[1,0]],[[64082,52193],[0,1]],[[64082,52193],[5,22]],[[64087,52215],[-68,109],[-132,7],[-127,17],[-117,51],[-132,2],[-83,-25]],[[63428,52376],[-2,2]],[[63426,52377],[1,-1]],[[63427,52376],[-2,0]],[[63425,52377],[-1,-1]],[[63424,52376],[-134,-5],[-129,3],[-54,-31]],[[63107,52343],[-129,-26],[-131,-35],[-161,-73],[-96,-87],[-117,-81],[-33,-102]],[[62440,51939],[-19,-120]],[[62421,51819],[23,-102]],[[62444,51717],[0,-1]],[[62444,51715],[1,-2]],[[62445,51713],[3,-5]],[[62448,51708],[1,-8]],[[62449,51700],[-1,-1]],[[62448,51699],[-6,-7]],[[62442,51692],[-4,-5]],[[62438,51687],[-1,-1]],[[62437,51686],[-6,-5]],[[62431,51681],[15,-20]],[[62446,51661],[-2,-8]],[[62444,51653],[1,-1]],[[62445,51652],[-1,1]],[[62444,51653],[1,-2]],[[62445,51650],[1,-2]],[[62446,51648],[1,-2]],[[62447,51646],[2,-9]],[[62449,51637],[3,-11]],[[62452,51626],[10,-8]],[[62462,51618],[-1,1]],[[62462,51618],[0,-1]],[[62463,51615],[6,-38]],[[62469,51577],[-132,27],[-17,-24]],[[62320,51580],[-148,16],[-136,25],[-45,119],[-30,31]],[[61961,51771],[0,1]],[[61961,51771],[-109,83],[-37,122],[-24,147],[67,117],[71,124],[1,132],[-15,131],[-18,150],[-153,12],[-176,-4]],[[61568,52785],[55,118],[46,119],[117,69],[156,57],[123,132],[157,29],[93,90],[52,120],[7,115]],[[62374,53634],[1,-1]],[[62374,53634],[8,136],[-2,133]],[[62380,53903],[1,0]],[[62380,53903],[14,132],[2,12]],[[63883,53851],[-1,0]],[[59975,66413],[31,-126],[-12,-135],[-13,-132],[-45,-162],[-47,-118],[-66,-112],[-58,-123],[-49,-117],[9,-128],[108,-84],[133,25],[131,33],[131,25],[-4,-128],[-56,-124],[-46,-118],[-78,-124],[-50,-122],[-48,-145],[-91,-94],[-112,-72],[-107,-75],[-101,-83],[-99,-83],[-131,-34],[-130,-20],[-115,-65],[-132,-2],[-106,75],[107,73],[129,27],[78,136],[2,126],[32,122],[98,87],[93,109],[-68,114],[-119,62],[-102,-80],[-52,-117],[-108,73],[25,131],[9,139],[3,127],[45,118],[77,102],[90,119],[46,119],[69,108],[116,84],[90,92],[91,102],[125,46],[43,123],[49,117],[97,86],[88,23]],[[60718,59004],[-61,130],[37,126],[-39,128],[37,171],[-122,47],[-119,65],[-101,115],[-55,194],[9,133],[-67,132],[-133,72],[-151,26],[-163,-32],[-125,-66],[-119,-59],[-73,-123],[-113,-211],[-158,-26],[-28,-123],[-12,-161],[-130,43],[-170,21],[-121,-76],[-168,-15],[-136,-24],[-101,-98],[-80,-100],[-107,77],[-39,130],[34,137],[-65,139],[-140,20],[-204,52],[-169,-32],[-43,-120],[-14,-142],[-81,-130],[-74,-108],[-113,-88],[-103,-81],[-16,-14]],[[57122,59133],[-41,153],[-80,126],[10,152],[-74,191],[15,134],[-117,66],[-108,72],[-95,99]],[[56632,60126],[151,38],[202,72],[132,56],[123,44],[123,56],[176,57],[124,41],[113,66],[107,73],[108,75],[172,77],[105,103],[98,86],[128,44],[124,-44],[185,41],[131,21],[93,156],[138,6],[135,114],[96,88],[95,91],[124,123],[106,112],[116,64],[110,73],[120,61],[120,78],[71,106],[37,171],[97,87],[87,160],[81,105],[90,100],[110,69],[78,112],[73,113],[53,126],[46,125],[30,123],[23,146],[39,121],[48,122],[42,119],[88,113],[97,97],[117,84],[114,73],[114,63],[111,73],[108,73],[111,79],[103,119],[154,0],[128,32],[123,47],[118,60],[104,145],[-59,-122],[60,-131],[-20,127],[106,77],[111,83],[99,86],[93,93],[97,117],[79,105],[73,105],[64,110],[36,122],[43,119],[58,119],[-18,127],[16,130],[0,130],[12,125],[23,132],[19,127],[56,116],[67,123],[47,118],[47,122],[84,114],[25,104]],[[55784,59598],[0,-1]],[[55784,59598],[0,0]],[[57122,59133],[-15,-130],[-16,-181],[24,-129],[-29,-164],[-15,-159],[-100,-82],[-106,-72],[-39,-123],[76,-113],[-129,-36],[-76,-103],[-2,-142],[-58,-137],[-112,-71],[-77,-108]],[[56448,57383],[-180,9],[-99,91],[-158,66],[-132,-36],[-143,58],[-49,138],[-124,-77],[-129,-73],[-59,168],[-203,-59],[-132,-35],[-167,44],[-130,-32],[-94,-137],[-99,-124],[-138,-82],[0,-139],[-53,-86]],[[54359,57077],[1,0]],[[54359,57077],[-109,-86],[-97,-86],[-122,-46],[34,130],[-36,121],[-128,101],[-197,-47],[-127,34],[-29,-153],[-163,-83]],[[53385,56962],[-29,208],[46,188],[-68,140],[68,144],[-2,128],[0,160],[61,139],[-36,146],[-45,159],[12,131],[63,126],[4,152],[-69,115],[103,89],[110,180],[0,176],[29,132],[99,191],[1,130],[131,114],[156,91],[180,46],[186,-17]],[[54385,60030],[-94,-88],[-19,-135],[-78,-107],[-53,-116],[61,-111],[100,-81],[95,-86],[112,-73],[113,-62],[127,-28],[121,-47],[131,7],[139,23],[133,-25],[137,-3],[104,76],[108,94],[80,99],[45,119],[37,111]],[[55784,59597],[0,-1]],[[55784,59597],[-1,0]],[[55784,59597],[0,1]],[[55784,59598],[14,126],[19,125],[162,100],[134,68],[134,23],[146,14],[118,55],[121,17]],[[54331,61001],[17,-125],[-50,-121],[-134,13],[-92,-96],[-117,63],[-89,99],[136,47],[134,36],[135,-35],[47,117],[13,2]],[[53570,62068],[1,0]],[[53570,62068],[122,46],[128,-43],[142,15],[119,55],[123,72],[134,55],[126,71],[82,99],[124,71],[124,42],[135,12],[122,55],[124,56],[136,3],[134,3],[78,-106],[-20,-124],[65,-109],[-157,-84],[-136,16],[-114,-63],[-23,-129],[-32,-125],[105,-75],[-18,-130],[-65,-109],[-120,-53],[-130,23],[-136,-16],[-176,-79],[-41,-122],[-81,-114],[-91,-98],[-108,-97],[-113,67],[-115,72],[-113,66],[6,-126],[-108,-90],[-70,-123],[66,-114],[-73,-109],[-60,-116],[132,-56],[116,64],[101,-81],[108,-88],[78,101],[62,115],[119,52],[2,-131],[-11,-137],[14,-132],[6,-126],[10,-132],[-17,-32]],[[53385,56962],[86,-152],[144,-86],[-122,-183],[-80,-158],[-127,-55],[51,-127],[-56,-133],[-42,-96]],[[53239,55972],[-168,-27],[-124,-45],[-148,132],[-111,64],[-94,93],[-103,94],[-129,-23],[-134,47],[-105,-95],[-142,44],[-71,116],[-175,-29],[-107,133],[-35,175],[-109,119],[-123,42],[-88,132]],[[51273,56944],[110,100],[70,108],[109,69],[138,74],[137,124],[93,94],[79,100],[78,100],[76,105],[81,98],[83,101],[77,101],[82,100],[73,105],[70,110],[67,109],[93,88],[69,111],[69,113],[62,115],[57,114],[55,114],[89,202],[64,205],[28,126],[-13,129],[-19,129],[50,119],[-21,125],[-85,95],[-34,124],[-59,112],[41,120],[-4,128],[-101,100],[-100,85],[23,126],[52,116],[30,124],[112,173],[-31,122],[40,123],[72,106],[116,60],[108,71],[111,51]],[[48441,53285],[0,-1]],[[50529,54818],[0,0]],[[53239,55972],[-45,-130],[-39,-210],[73,-120],[68,-165],[71,-140],[109,-69],[40,-150],[-5,-136],[-101,-94],[-60,-125],[-182,28],[-117,-60],[-152,-29],[-152,55],[-131,-9],[-128,-73],[-141,42],[-55,-143],[-135,72],[-165,9],[-116,67],[-134,2],[-112,-70],[-70,-109],[-21,-178],[-86,-117],[-38,-136]],[[51415,53984],[-116,83],[-132,38],[-97,83],[-133,-9],[-78,-129],[69,-123],[39,-120],[7,-176],[-130,-38],[-105,-88],[-126,-124],[-178,3],[-54,-122],[-119,-78],[-136,162],[-94,-210],[-46,-133],[-74,-206],[-133,-16],[-156,63],[-120,-166],[-60,-100]],[[49443,52578],[-142,-24],[-162,-14],[-186,89],[-204,8],[-145,41],[-81,143],[-131,78],[-99,137],[-15,127],[1,127],[-25,170],[102,56]],[[48356,53516],[-63,-112],[124,-38],[-13,129],[66,-111],[-29,-99]],[[48441,53284],[-1,0]],[[48441,53284],[94,-85],[130,7],[112,71],[94,90],[99,81],[-25,-125],[-51,-117],[-132,16],[119,-48],[129,-5],[126,23],[128,17],[93,87],[71,109],[-131,-42],[-110,90],[47,119],[128,-17],[70,-107],[116,-80],[125,37],[-59,112],[114,57],[49,117],[-112,65],[-5,126],[116,-56],[123,-36],[141,-34],[101,79],[126,31],[-72,108],[49,149],[-71,106],[59,112],[116,87],[122,-52],[14,-127],[-35,-121],[54,-115],[117,62],[35,128],[50,118],[10,138],[-36,144],[-59,117],[-93,99],[-84,95],[-93,90],[-27,126],[-6,127],[-63,111],[-73,104],[52,117],[96,84],[50,116],[52,117],[31,122],[78,101],[90,91],[114,197],[104,98],[-5,128],[60,112],[129,10],[141,92],[97,83],[3,4]],[[60383,55117],[1,0]],[[60383,55117],[7,-133],[129,4],[130,-5],[61,121],[136,45]],[[61568,52785],[-146,-69],[-130,6],[-122,-51],[-317,-62],[-167,-22],[-268,174],[-78,167],[-129,16],[-98,-95],[-16,-131],[-24,-33]],[[60073,52685],[-1,0]],[[60073,52685],[9,-129],[-36,-149],[-4,-145],[25,-258],[25,-147],[-108,-74],[-149,-33],[-138,11],[-85,104],[-68,112],[-50,126],[-44,168],[-31,128],[-126,47],[-156,-107],[-120,95],[-3,130],[-80,108],[70,122],[25,157],[-18,136],[26,147],[16,128],[-15,131],[-74,111],[0,126],[-15,74]],[[58949,53804],[-1,0]],[[58949,53804],[-32,122],[-37,-7]],[[58880,53919],[-82,117],[-24,150],[27,125],[86,94],[35,19]],[[58922,54424],[0,-1]],[[58922,54424],[-74,111],[-95,86],[79,104],[45,130],[50,119],[126,24],[126,-31],[72,106],[69,113],[84,151],[120,86],[130,-38],[114,-64],[-19,-132],[95,-90],[115,64],[139,14],[132,-4],[128,-21],[25,-35]],[[58880,53919],[-63,-122],[-30,-140],[-31,-62]],[[58756,53595],[-1,0]],[[58756,53595],[-128,-14],[24,-125],[-82,-110],[62,-118],[8,-93]],[[58640,53135],[1,0]],[[58640,53135],[-81,-100],[-49,-120],[74,-107],[9,-129],[-9,-33]],[[58584,52646],[1,0]],[[58584,52646],[-133,-47],[-77,-106],[-138,-9],[-97,-85],[-114,-72],[-114,-85],[-145,-38],[-79,-100],[-95,-85],[-101,-62]],[[57491,51957],[0,-1]],[[57491,51957],[-77,-46]],[[57414,51911],[-131,-20],[-134,-11],[-110,65],[-125,52],[-128,0],[-116,-79],[-67,-11]],[[56603,51907],[0,-1]],[[56603,51907],[-122,-49],[-81,99],[-92,93],[18,149],[24,69]],[[56350,52268],[38,135],[116,64],[-2,133],[-53,120],[167,95],[-85,141],[35,141],[40,157],[-80,149],[-117,51],[-25,43]],[[56384,53497],[-1,0]],[[56384,53497],[2,141],[-130,2],[-79,158],[69,212],[-118,95],[-67,161],[-78,101],[-111,91],[-110,76],[-266,98],[-16,215],[116,98],[162,161],[218,-38],[84,118],[146,118],[66,111],[131,135],[78,112],[36,152],[-40,126],[-104,82],[-28,156],[52,124],[66,130],[-26,175],[116,195],[119,109],[16,127],[-57,134],[-78,101],[-108,97],[3,13]],[[56350,52268],[-150,-24],[-102,-95],[-116,-79],[-152,-98],[-161,87],[-122,64],[-118,116],[-126,25],[-124,-62],[-140,-90],[-132,-12],[-86,140],[-122,43],[-124,42],[-133,35],[-12,135],[-59,116],[-124,67],[-100,80],[10,133],[-492,-236],[-277,-43],[-389,-507],[-33,-240],[-41,-316]],[[52925,51549],[-102,144],[-87,-93],[-68,124],[-85,94],[-95,95],[-71,112],[-148,-11],[-129,-7],[-109,-77],[-99,5]],[[51932,51935],[-117,96],[37,207],[54,130],[43,153],[-21,128],[117,85],[-107,187],[9,175],[-99,83],[26,131],[-66,109],[-78,101],[-84,-100],[-72,156],[-1,128],[-120,103],[-35,127],[-3,50]],[[61673,48934],[-1,0]],[[61659,48939],[1,-1]],[[61662,48938],[0,1]],[[61666,48939],[0,1]],[[61662,48941],[0,0]],[[61660,48940],[-1,1]],[[61676,48945],[-1,0]],[[61673,48946],[-1,0]],[[61671,48948],[0,-1]],[[61671,48948],[0,1]],[[61670,48950],[-1,0]],[[61657,48952],[0,-1]],[[61666,48952],[-1,1]],[[61665,48954],[-1,0]],[[61665,48953],[1,-1]],[[61666,48952],[-1,1]],[[61658,48954],[0,0]],[[61656,48953],[-1,0]],[[61669,48956],[0,0]],[[61672,48956],[0,1]],[[61670,48957],[1,0]],[[61664,48957],[0,1]],[[61670,48957],[0,1]],[[61221,49059],[-1,0]],[[61288,49063],[0,0]],[[61280,49066],[0,0]],[[61286,49066],[0,1]],[[61286,49066],[0,0]],[[61281,49067],[1,-1]],[[61288,49066],[0,1]],[[61286,49066],[0,1]],[[61293,49067],[0,0]],[[61293,49069],[0,-1]],[[61286,49069],[1,0]],[[61286,49069],[0,0]],[[61293,49069],[0,1]],[[61293,49069],[0,0]],[[61292,49070],[0,1]],[[61292,49071],[0,-1]],[[61292,49070],[-1,0]],[[61289,49070],[-1,1]],[[61292,49070],[0,0]],[[61289,49070],[-1,0]],[[61288,49070],[0,1]],[[61277,49071],[-1,0]],[[61271,49073],[0,-1]],[[61271,49073],[0,0]],[[61273,49074],[-2,-1]],[[61271,49073],[1,0]],[[61271,49073],[2,1]],[[61275,49074],[0,1]],[[61275,49074],[0,0]],[[61273,49074],[1,1]],[[61274,49075],[-1,0]],[[61273,49074],[0,1]],[[61273,49074],[0,0]],[[61272,49076],[1,0]],[[61273,49076],[0,-1]],[[61272,49076],[-1,0]],[[61272,49076],[0,0]],[[61280,49077],[0,0]],[[61280,49077],[-1,0]],[[61260,49078],[0,-1]],[[61274,49075],[-1,1]],[[61273,49076],[1,-1]],[[61231,49078],[0,0]],[[61258,49079],[0,-1]],[[61273,49080],[0,-1]],[[61215,49080],[0,-1]],[[61247,49080],[1,0]],[[61295,49081],[0,-1]],[[61247,49080],[-1,1]],[[61265,49081],[0,0]],[[61244,49082],[0,0]],[[61243,49082],[0,-1]],[[61243,49082],[0,0]],[[61293,49082],[0,0]],[[61330,49082],[0,0]],[[61302,49082],[0,1]],[[61302,49082],[1,0]],[[61275,49083],[0,-1]],[[61275,49083],[0,0]],[[61288,49082],[0,1]],[[61288,49082],[0,0]],[[61269,49083],[1,0]],[[61270,49083],[-1,0]],[[61243,49082],[0,1]],[[61271,49084],[0,-1]],[[61226,49084],[0,-1]],[[61232,49084],[1,-1]],[[61253,49083],[-1,0]],[[61253,49083],[0,1]],[[61253,49083],[0,0]],[[61305,49085],[0,-1]],[[61255,49084],[1,-1]],[[61256,49083],[0,-1]],[[61256,49083],[-2,1]],[[61254,49084],[0,-1]],[[61254,49084],[-1,0]],[[61253,49084],[0,1]],[[61253,49085],[1,-1]],[[61254,49084],[1,0]],[[61243,49085],[0,-1]],[[61243,49085],[0,0]],[[61305,49085],[1,0]],[[61305,49085],[0,0]],[[61228,49085],[0,0]],[[61246,49081],[-2,1]],[[61244,49082],[2,-1]],[[61243,49085],[0,1]],[[61232,49086],[0,-1]],[[61229,49087],[0,0]],[[61227,49086],[-1,1]],[[61226,49087],[1,0]],[[61227,49087],[0,-1]],[[61228,49087],[-1,-1]],[[61227,49087],[1,0]],[[61295,49087],[0,0]],[[61271,49087],[0,0]],[[61226,49087],[0,1]],[[61226,49087],[0,0]],[[61226,49088],[0,0]],[[61218,49087],[-1,1]],[[61217,49088],[1,1]],[[61218,49089],[0,-2]],[[61239,49089],[0,0]],[[61218,49089],[0,1]],[[61218,49089],[0,-2]],[[61239,49090],[-1,0]],[[61221,49089],[0,1]],[[61217,49088],[0,2]],[[61217,49090],[0,1]],[[61217,49091],[1,0]],[[61218,49091],[0,-1]],[[61218,49090],[-1,0]],[[61224,49091],[1,0]],[[61222,49091],[1,0]],[[61223,49091],[-1,0]],[[61219,49090],[0,1]],[[61219,49091],[0,-1]],[[61217,49090],[0,1]],[[61222,49091],[0,0]],[[61347,49092],[-1,1]],[[61346,49093],[0,0]],[[61342,49093],[-1,0]],[[61342,49093],[0,-1]],[[61347,49092],[0,1]],[[61345,49093],[0,0]],[[61340,49093],[-1,0]],[[61342,49093],[0,1]],[[61342,49093],[0,0]],[[61341,49093],[1,1]],[[61305,49094],[1,0]],[[61305,49094],[0,0]],[[61330,49094],[0,1]],[[61344,49094],[0,1]],[[61344,49095],[0,-1]],[[61343,49095],[-1,1]],[[61342,49096],[1,0]],[[61343,49096],[0,-1]],[[61344,49094],[1,-1]],[[61344,49094],[-1,1]],[[61343,49095],[1,0]],[[61340,49097],[1,0]],[[61341,49097],[0,-1]],[[61341,49097],[2,-1]],[[61342,49096],[-1,1]],[[61340,49097],[0,-1]],[[61340,49097],[-1,0]],[[61217,49098],[0,-1]],[[61593,49098],[1,0]],[[61215,49080],[-8,18]],[[61207,49098],[8,-18]],[[61593,49098],[0,1]],[[61593,49098],[0,0]],[[61303,49099],[0,-1]],[[61303,49098],[0,1]],[[61372,49098],[0,1]],[[61372,49098],[0,0]],[[61205,49099],[-1,0]],[[61341,49099],[0,1]],[[61372,49098],[0,1]],[[61205,49099],[2,-1]],[[61207,49098],[-2,1]],[[61218,49098],[-1,0]],[[61217,49098],[1,0]],[[61212,49100],[-1,0]],[[61313,49100],[0,1]],[[61214,49101],[0,-1]],[[61345,49101],[0,1]],[[61345,49101],[0,0]],[[61310,49102],[0,-1]],[[61345,49102],[-1,0]],[[61307,49101],[0,1]],[[61307,49102],[0,-1]],[[61355,49103],[1,0]],[[61355,49103],[1,0]],[[61312,49103],[-1,0]],[[61312,49103],[0,0]],[[61355,49103],[0,1]],[[61355,49103],[0,0]],[[61351,49104],[1,0]],[[61352,49104],[-1,0]],[[61359,49103],[-1,1]],[[61358,49104],[-1,0]],[[61358,49104],[1,-1]],[[61348,49104],[1,0]],[[61349,49104],[-1,0]],[[61351,49104],[0,1]],[[61351,49105],[1,0]],[[61352,49105],[0,-1]],[[61313,49104],[0,1]],[[61348,49104],[0,1]],[[61348,49105],[-1,0]],[[61312,49105],[0,1]],[[61312,49105],[0,0]],[[61352,49105],[1,1]],[[61353,49106],[-1,-1]],[[61186,49105],[0,-1]],[[61355,49106],[0,-1]],[[61358,49104],[1,-1]],[[61358,49104],[-1,1]],[[61312,49106],[-1,1]],[[61311,49107],[1,-1]],[[61348,49105],[0,2]],[[61348,49107],[1,-3]],[[61354,49107],[1,0]],[[61354,49107],[0,0]],[[61349,49107],[-1,0]],[[61349,49107],[0,0]],[[61354,49107],[-1,-1]],[[61353,49106],[1,1]],[[61351,49107],[1,0]],[[61352,49108],[-1,0]],[[61215,49109],[-1,0]],[[61351,49107],[0,-2]],[[61351,49105],[-2,2]],[[61349,49107],[2,0]],[[61310,49111],[1,0]],[[61347,49111],[0,-1]],[[61345,49111],[1,0]],[[61310,49111],[0,0]],[[61345,49111],[-1,0]],[[61630,49110],[1,1]],[[61631,49111],[-1,-1]],[[61310,49112],[0,0]],[[61311,49112],[1,0]],[[61311,49112],[-1,0]],[[61310,49112],[0,1]],[[61310,49113],[1,-1]],[[61350,49113],[1,0]],[[61310,49113],[0,0]],[[61312,49113],[-1,0]],[[61312,49113],[0,0]],[[61311,49113],[-1,0]],[[61311,49113],[0,0]],[[61325,49113],[-1,0]],[[61350,49113],[0,0]],[[61553,49112],[0,-1]],[[61352,49113],[0,0]],[[61212,49113],[0,1]],[[61212,49113],[0,0]],[[61350,49113],[0,1]],[[61348,49114],[1,-1]],[[61349,49113],[-2,-2]],[[61347,49111],[1,3]],[[61348,49114],[1,-1]],[[61327,49114],[-1,0]],[[61312,49113],[0,1]],[[61311,49114],[0,-1]],[[61311,49114],[0,0]],[[61327,49114],[1,0]],[[61328,49114],[0,-1]],[[61328,49114],[-1,0]],[[61327,49114],[0,-1]],[[61310,49113],[0,1]],[[61310,49114],[1,0]],[[61310,49114],[-1,0]],[[61310,49114],[0,0]],[[61328,49114],[0,1]],[[61328,49115],[1,0]],[[61329,49115],[0,-1]],[[61329,49114],[-1,0]],[[61329,49115],[0,-1]],[[61328,49115],[-1,0]],[[61328,49115],[0,0]],[[61349,49115],[0,1]],[[61187,49114],[0,-1]],[[61327,49116],[1,0]],[[61326,49116],[1,0]],[[61327,49116],[0,-1]],[[61327,49115],[-1,1]],[[61630,49110],[1,1]],[[61326,49116],[-1,0]],[[61323,49116],[0,0]],[[61318,49116],[1,0]],[[61318,49117],[-1,0]],[[61318,49117],[0,0]],[[61329,49117],[-1,0]],[[61348,49117],[-1,0]],[[61348,49117],[0,0]],[[61324,49117],[-1,0]],[[61324,49117],[0,0]],[[61312,49116],[0,1]],[[61323,49117],[0,1]],[[61323,49117],[0,0]],[[61325,49118],[0,-1]],[[61325,49117],[-1,0]],[[61324,49117],[0,1]],[[61324,49118],[1,0]],[[61326,49118],[1,-2]],[[61326,49116],[-1,1]],[[61325,49118],[1,0]],[[61322,49118],[0,0]],[[61318,49118],[0,-1]],[[61318,49118],[0,0]],[[61202,49117],[-1,1]],[[61201,49118],[1,0]],[[61202,49118],[0,-1]],[[61199,49118],[0,-1]],[[61349,49118],[-1,-1]],[[61348,49117],[1,1]],[[61318,49118],[-1,1]],[[61204,49118],[1,0]],[[61200,49119],[0,-1]],[[61200,49119],[0,0]],[[61323,49118],[0,1]],[[61323,49118],[-1,0]],[[61322,49118],[0,1]],[[61322,49119],[1,-1]],[[61349,49118],[0,1]],[[61322,49119],[-1,0]],[[61322,49119],[0,0]],[[61199,49119],[0,-1]],[[61199,49118],[1,0]],[[61318,49118],[0,1]],[[61318,49119],[0,-1]],[[61343,49119],[-1,0]],[[61203,49119],[0,0]],[[61201,49118],[0,1]],[[61201,49118],[0,0]],[[61317,49119],[-1,0]],[[61317,49119],[0,0]],[[61330,49120],[0,-1]],[[61330,49120],[0,0]],[[61192,49119],[0,1]],[[61329,49120],[0,0]],[[61203,49119],[-1,-2]],[[61202,49118],[-1,1]],[[61201,49119],[0,1]],[[61201,49120],[2,-1]],[[58598,49119],[-1,0]],[[61330,49120],[-1,0]],[[61357,49120],[1,0]],[[61343,49120],[0,0]],[[61327,49120],[1,0]],[[61205,49120],[1,0]],[[61351,49121],[-1,0]],[[61350,49121],[1,0]],[[61351,49121],[1,0]],[[61351,49121],[0,0]],[[58596,49120],[-1,0]],[[61352,49121],[0,0]],[[61194,49121],[1,0]],[[61330,49122],[0,-1]],[[61193,49121],[0,1]],[[61193,49121],[1,0]],[[61201,49122],[0,-2]],[[61357,49120],[-1,0]],[[61205,49120],[-2,2]],[[61203,49122],[2,-2]],[[61338,49122],[0,-1]],[[58594,49121],[-1,0]],[[61330,49122],[0,0]],[[61339,49123],[-1,-1]],[[61338,49122],[0,1]],[[61338,49123],[1,0]],[[61193,49121],[-1,2]],[[61192,49123],[1,-1]],[[61173,49122],[0,1]],[[61192,49123],[0,0]],[[61193,49123],[0,1]],[[61170,49123],[-1,0]],[[61333,49124],[1,0]],[[61198,49124],[-1,0]],[[61197,49124],[1,1]],[[61198,49125],[0,-1]],[[61164,49124],[0,1]],[[61370,49124],[-1,0]],[[61209,49125],[-1,0]],[[61189,49126],[-1,0]],[[61584,49126],[-1,0]],[[61216,49127],[0,-1]],[[61192,49128],[0,-1]],[[61191,49129],[1,0]],[[61192,49129],[0,-1]],[[61192,49128],[-1,1]],[[61580,49125],[-1,0]],[[61584,49129],[-1,-1]],[[61582,49130],[0,0]],[[61190,49130],[0,-1]],[[61177,49131],[0,-1]],[[61177,49131],[0,0]],[[61422,49131],[0,1]],[[61581,49132],[0,-1]],[[61177,49131],[0,1]],[[61163,49132],[-1,1]],[[61162,49133],[1,-1]],[[61422,49133],[0,0]],[[61161,49133],[0,-1]],[[61365,49133],[1,0]],[[61170,49134],[0,-1]],[[61187,49134],[1,0]],[[61188,49134],[-1,0]],[[61170,49134],[0,1]],[[61170,49134],[1,0]],[[61187,49134],[-1,1]],[[61186,49135],[1,0]],[[61187,49135],[0,-1]],[[61357,49137],[0,-1]],[[61358,49137],[0,-1]],[[61363,49137],[0,-1]],[[61363,49137],[0,0]],[[61363,49137],[1,0]],[[61416,49137],[0,-1]],[[61359,49137],[0,0]],[[61163,49132],[-1,1]],[[61162,49133],[1,-1]],[[61422,49138],[0,-1]],[[61420,49137],[0,1]],[[61416,49138],[0,0]],[[61401,49139],[-1,0]],[[61415,49139],[0,-1]],[[61366,49140],[-1,0]],[[61366,49140],[0,0]],[[61400,49140],[0,0]],[[61401,49140],[0,0]],[[61386,49141],[0,0]],[[61369,49141],[0,1]],[[61402,49141],[0,1]],[[61393,49143],[0,1]],[[61389,49144],[0,-1]],[[61387,49144],[0,1]],[[61387,49145],[0,-1]],[[61371,49145],[0,0]],[[61390,49145],[0,-1]],[[61406,49145],[-1,0]],[[61399,49145],[0,0]],[[61387,49145],[0,1]],[[61372,49145],[0,1]],[[61371,49146],[0,-1]],[[61394,49146],[0,0]],[[61370,49146],[0,0]],[[61399,49145],[0,1]],[[61393,49146],[-1,0]],[[61393,49146],[0,0]],[[61369,49146],[0,-1]],[[61390,49146],[0,-1]],[[61390,49146],[0,0]],[[61370,49146],[1,0]],[[61370,49146],[0,1]],[[61388,49147],[0,-1]],[[61388,49146],[-1,0]],[[61387,49146],[1,1]],[[61388,49147],[-1,0]],[[61370,49147],[0,1]],[[61370,49147],[0,0]],[[61370,49148],[1,0]],[[61371,49148],[0,-1]],[[61371,49148],[-1,-1]],[[61381,49147],[0,1]],[[61381,49147],[0,0]],[[61382,49148],[0,-1]],[[61382,49148],[-1,-1]],[[61381,49148],[1,0]],[[61398,49148],[1,0]],[[61369,49148],[1,0]],[[61369,49148],[0,0]],[[61381,49148],[0,0]],[[61382,49148],[0,0]],[[61372,49149],[-1,-1]],[[61382,49148],[0,1]],[[61370,49149],[0,0]],[[61372,49149],[-1,0]],[[61372,49149],[0,0]],[[61385,49149],[0,0]],[[61370,49149],[0,1]],[[61371,49149],[0,1]],[[61371,49150],[1,-1]],[[61385,49150],[-1,0]],[[61370,49150],[1,0]],[[61370,49150],[0,0]],[[61382,49153],[1,0]],[[61383,49153],[-1,0]],[[61405,49153],[-1,0]],[[61405,49153],[0,0]],[[61405,49153],[1,0]],[[61406,49153],[0,0]],[[61407,49154],[0,0]],[[61087,49154],[0,0]],[[61087,49155],[0,0]],[[61404,49155],[0,0]],[[61175,49156],[1,0]],[[61175,49156],[0,0]],[[61409,49157],[0,0]],[[61407,49157],[1,0]],[[61407,49157],[0,0]],[[61407,49158],[-1,0]],[[61406,49158],[0,-1]],[[61409,49157],[0,1]],[[61174,49158],[-1,0]],[[61170,49158],[0,-1]],[[61406,49158],[0,1]],[[61406,49159],[1,-1]],[[61168,49159],[0,0]],[[61409,49161],[-1,-1]],[[61426,49161],[0,1]],[[61111,49162],[0,0]],[[61423,49162],[1,0]],[[61089,49161],[0,1]],[[61423,49162],[-1,0]],[[61453,49163],[-1,0]],[[58908,49163],[2,-3]],[[61451,49163],[-1,0]],[[61110,49163],[0,-1]],[[61110,49163],[0,1]],[[61415,49164],[-1,0]],[[61424,49164],[-1,0]],[[61450,49166],[0,-1]],[[61452,49166],[1,0]],[[61450,49166],[0,0]],[[61451,49166],[1,0]],[[61452,49166],[-1,0]],[[61451,49166],[0,-1]],[[61451,49166],[-1,0]],[[61111,49166],[0,-1]],[[61111,49165],[-1,-2]],[[61110,49164],[0,2]],[[61110,49166],[0,-1]],[[61110,49166],[1,0]],[[61451,49166],[0,0]],[[61107,49166],[0,-1]],[[61107,49166],[0,0]],[[61108,49167],[0,-1]],[[61097,49167],[1,-1]],[[61098,49166],[-1,1]],[[61095,49166],[0,-1]],[[61108,49167],[0,1]],[[61108,49167],[0,0]],[[61409,49169],[0,0]],[[61106,49169],[-1,0]],[[61447,49169],[0,1]],[[61450,49170],[-1,0]],[[61450,49170],[0,0]],[[61090,49169],[0,1]],[[61441,49170],[0,1]],[[61445,49171],[0,0]],[[61103,49171],[0,-1]],[[61443,49171],[0,0]],[[61448,49171],[0,0]],[[61456,49171],[1,0]],[[61442,49171],[0,0]],[[61453,49171],[1,0]],[[61443,49172],[1,0]],[[61451,49172],[0,-1]],[[61447,49172],[0,0]],[[61459,49172],[-1,0]],[[61458,49172],[1,0]],[[61451,49172],[1,0]],[[61454,49173],[0,-1]],[[61443,49172],[-1,0]],[[61443,49172],[-1,1]],[[61442,49173],[1,0]],[[61443,49173],[0,-1]],[[61430,49172],[0,1]],[[61458,49172],[-1,1]],[[61457,49173],[1,0]],[[61458,49173],[0,-1]],[[61458,49173],[1,-1]],[[61456,49173],[-2,0]],[[61454,49173],[-1,0]],[[61454,49173],[0,0]],[[61443,49173],[1,0]],[[61159,49173],[1,-1]],[[61457,49173],[-1,0]],[[61433,49173],[-1,0]],[[61092,49173],[0,1]],[[61092,49173],[0,0]],[[61455,49174],[1,0]],[[61456,49174],[0,-1]],[[61454,49173],[0,1]],[[61454,49174],[1,0]],[[61455,49174],[0,-1]],[[61142,49174],[0,-1]],[[61142,49174],[-1,0]],[[61456,49174],[0,0]],[[61142,49174],[1,0]],[[61142,49174],[0,0]],[[61601,49174],[1,-1]],[[61444,49174],[0,0]],[[61141,49174],[0,0]],[[61116,49174],[0,0]],[[61441,49174],[0,1]],[[61455,49175],[-1,0]],[[61455,49175],[0,0]],[[61160,49175],[0,0]],[[61432,49175],[0,-1]],[[61116,49175],[1,0]],[[61431,49175],[-1,0]],[[61454,49175],[0,1]],[[61433,49176],[1,0]],[[61434,49176],[-1,0]],[[61466,49177],[0,-1]],[[61466,49177],[0,0]],[[58838,49171],[-1,2]],[[61454,49178],[1,0]],[[61454,49178],[1,0]],[[61454,49178],[0,1]],[[61157,49179],[0,0]],[[58844,49180],[-1,-1]],[[61127,49181],[-1,-1]],[[61126,49180],[1,1]],[[58843,49182],[-2,-2]],[[61145,49183],[0,1]],[[61459,49183],[0,-1]],[[61131,49184],[-1,0]],[[61130,49184],[1,0]],[[61137,49185],[0,-1]],[[61459,49185],[0,0]],[[61140,49185],[1,1]],[[61141,49186],[-1,-1]],[[61457,49185],[0,1]],[[61457,49186],[1,0]],[[61458,49186],[-1,-1]],[[61468,49186],[0,-1]],[[61457,49186],[-1,0]],[[61457,49186],[0,0]],[[61450,49187],[0,0]],[[61451,49188],[-1,0]],[[61451,49188],[0,0]],[[61158,49188],[0,0]],[[61096,49188],[-1,0]],[[61451,49189],[0,-1]],[[61451,49189],[0,0]],[[61096,49190],[-1,0]],[[61473,49192],[1,0]],[[61472,49192],[0,0]],[[61144,49192],[0,0]],[[61471,49193],[1,0]],[[61472,49193],[0,-1]],[[61472,49192],[-1,0]],[[61471,49192],[0,1]],[[61471,49193],[-1,0]],[[61472,49193],[1,0]],[[61471,49193],[0,1]],[[61471,49194],[1,0]],[[61472,49194],[0,-1]],[[61154,49193],[0,1]],[[61154,49193],[0,0]],[[61474,49196],[1,0]],[[61473,49195],[0,1]],[[61473,49196],[1,0]],[[61474,49196],[-1,-1]],[[61474,49196],[0,1]],[[61474,49196],[0,0]],[[61471,49197],[0,-1]],[[61471,49196],[1,0]],[[61472,49196],[0,-1]],[[61472,49196],[1,-1]],[[61473,49195],[-1,-1]],[[61472,49194],[-1,1]],[[61471,49195],[0,1]],[[61471,49197],[-1,0]],[[61474,49197],[0,1]],[[61473,49196],[-1,0]],[[61472,49196],[-1,1]],[[61471,49197],[3,0]],[[61524,49199],[0,0]],[[61523,49199],[0,0]],[[61095,49200],[-1,0]],[[61095,49200],[0,0]],[[61521,49200],[0,0]],[[61520,49201],[0,-1]],[[61520,49201],[0,1]],[[61516,49203],[0,-1]],[[58844,49180],[-1,2]],[[58843,49182],[1,-2]],[[61514,49204],[1,-1]],[[61515,49203],[-1,1]],[[61093,49204],[0,1]],[[61513,49205],[1,-1]],[[61083,49206],[0,-1]],[[61500,49206],[1,0]],[[61501,49206],[-1,0]],[[61500,49206],[-1,0]],[[61083,49206],[0,1]],[[61529,49207],[0,0]],[[61501,49207],[0,1]],[[61501,49207],[0,0]],[[61513,49207],[-1,0]],[[61512,49207],[0,1]],[[61512,49208],[1,0]],[[61513,49208],[0,-1]],[[61512,49207],[0,0]],[[61512,49208],[0,0]],[[61500,49208],[1,-1]],[[61501,49207],[0,-1]],[[61501,49207],[-1,-1]],[[61500,49206],[-1,2]],[[61499,49208],[1,0]],[[61528,49207],[0,1]],[[61528,49207],[0,0]],[[61530,49208],[0,0]],[[61528,49208],[0,0]],[[61529,49208],[0,0]],[[61503,49208],[1,0]],[[61511,49208],[0,1]],[[61511,49208],[0,0]],[[61508,49209],[0,-1]],[[61511,49209],[0,0]],[[61499,49209],[0,0]],[[61501,49208],[-1,0]],[[61500,49208],[0,1]],[[61500,49209],[1,-1]],[[61526,49208],[0,-1]],[[61526,49208],[2,-1]],[[61528,49207],[-2,1]],[[61526,49208],[-1,0]],[[61525,49208],[0,1]],[[61525,49209],[1,-1]],[[61499,49209],[-1,0]],[[61508,49209],[-1,0]],[[61533,49209],[0,-1]],[[61500,49209],[-1,0]],[[61500,49209],[0,0]],[[61527,49209],[0,0]],[[61526,49209],[0,1]],[[61526,49209],[0,0]],[[61508,49209],[0,1]],[[61508,49209],[0,0]],[[61509,49209],[-1,0]],[[61509,49209],[0,1]],[[61509,49210],[-1,0]],[[61498,49210],[0,0]],[[61529,49210],[-1,0]],[[61529,49210],[0,0]],[[61506,49210],[-1,0]],[[61089,49210],[-1,0]],[[61508,49210],[-1,0]],[[61508,49210],[0,0]],[[61507,49210],[0,1]],[[61507,49211],[1,0]],[[61508,49211],[0,-1]],[[61508,49211],[0,0]],[[61089,49210],[0,1]],[[61089,49210],[0,0]],[[61509,49211],[-1,0]],[[61509,49211],[0,0]],[[61537,49211],[0,0]],[[61092,49211],[0,-1]],[[61537,49211],[0,1]],[[61537,49211],[1,0]],[[61505,49211],[0,1]],[[61505,49211],[1,0]],[[61505,49211],[-1,0]],[[61510,49211],[-1,0]],[[61509,49211],[0,1]],[[61089,49211],[0,1]],[[61089,49212],[0,-1]],[[61506,49212],[1,0]],[[61506,49212],[0,0]],[[61087,49212],[-1,0]],[[61540,49212],[1,-1]],[[61538,49212],[-1,0]],[[61538,49212],[0,0]],[[61529,49212],[0,0]],[[61538,49212],[0,1]],[[61486,49212],[0,1]],[[61486,49212],[0,0]],[[61537,49213],[0,0]],[[61089,49212],[0,1]],[[61089,49212],[0,0]],[[61092,49213],[0,-1]],[[61093,49212],[0,1]],[[61093,49213],[-1,0]],[[61529,49213],[1,0]],[[61484,49214],[0,-1]],[[61484,49214],[0,0]],[[61544,49215],[1,0]],[[61542,49215],[-1,0]],[[61536,49216],[0,-1]],[[61489,49216],[0,0]],[[61490,49216],[1,0]],[[58819,49201],[0,1]],[[61490,49216],[0,0]],[[58892,49217],[5,-7]],[[61483,49217],[0,-1]],[[61483,49217],[0,0]],[[61541,49217],[0,1]],[[61491,49218],[0,-1]],[[61492,49218],[0,0]],[[61539,49218],[1,0]],[[61539,49218],[-1,1]],[[61538,49219],[1,-1]],[[61492,49219],[0,0]],[[61544,49219],[0,0]],[[61493,49219],[0,0]],[[61542,49219],[0,0]],[[61555,49219],[0,-1]],[[61547,49219],[1,0]],[[61548,49219],[-1,0]],[[61548,49219],[0,0]],[[61481,49220],[1,0]],[[61482,49220],[-1,0]],[[61547,49219],[-1,0]],[[61546,49219],[0,1]],[[61546,49220],[1,0]],[[61547,49220],[0,-1]],[[61481,49220],[0,0]],[[61546,49220],[-1,0]],[[61542,49220],[0,0]],[[61544,49219],[-2,0]],[[61542,49219],[0,1]],[[61542,49220],[1,0]],[[61542,49220],[2,-1]],[[61547,49220],[1,1]],[[61548,49221],[-1,-1]],[[61548,49221],[-1,1]],[[61549,49224],[0,0]],[[58917,49155],[-1,-1]],[[61554,49224],[-1,0]],[[61549,49225],[1,0]],[[61549,49225],[-1,0]],[[61555,49225],[0,0]],[[61556,49225],[0,0]],[[61090,49225],[2,1]],[[61092,49226],[-2,-1]],[[61552,49226],[0,1]],[[61552,49227],[1,0]],[[61553,49227],[-1,-1]],[[61090,49225],[-1,0]],[[61553,49227],[1,0]],[[61554,49227],[-1,0]],[[61086,49226],[-1,0]],[[61554,49228],[0,1]],[[61554,49228],[0,0]],[[61557,49230],[0,0]],[[61083,49229],[0,1]],[[61085,49230],[0,1]],[[61085,49231],[0,-1]],[[61085,49231],[0,-1]],[[61557,49230],[-1,0]],[[61554,49232],[0,-1]],[[61554,49232],[-1,0]],[[61554,49232],[0,0]],[[61058,49232],[0,1]],[[61558,49232],[0,1]],[[61554,49233],[1,0]],[[61554,49233],[-1,0]],[[61554,49233],[0,0]],[[61553,49233],[0,0]],[[61082,49233],[-1,0]],[[61082,49233],[0,0]],[[61560,49237],[0,-1]],[[61058,49237],[0,1]],[[61078,49238],[0,1]],[[61078,49238],[0,0]],[[61072,49239],[1,0]],[[61073,49239],[-1,0]],[[61072,49239],[0,0]],[[61060,49239],[0,0]],[[61073,49239],[0,0]],[[61072,49240],[0,-1]],[[61072,49240],[0,0]],[[61071,49241],[1,0]],[[61072,49241],[0,-1]],[[61072,49240],[-1,1]],[[61561,49239],[-1,1]],[[61071,49241],[0,0]],[[61060,49242],[0,-1]],[[61077,49242],[0,0]],[[61043,49243],[1,0]],[[61056,49243],[1,0]],[[61057,49243],[-1,0]],[[61072,49241],[0,1]],[[61072,49241],[0,1]],[[61056,49243],[1,0]],[[61056,49243],[0,0]],[[61043,49243],[-1,0]],[[61557,49245],[1,0]],[[61558,49245],[-1,0]],[[61557,49245],[0,0]],[[61040,49245],[0,0]],[[61073,49245],[0,0]],[[61071,49245],[0,1]],[[61042,49245],[0,1]],[[61042,49246],[0,-1]],[[61557,49245],[1,0]],[[61040,49245],[0,1]],[[61070,49245],[0,1]],[[61043,49245],[-1,0]],[[61042,49246],[1,1]],[[61043,49247],[0,-2]],[[61033,49246],[-1,0]],[[61028,49252],[0,-1]],[[61565,49255],[0,0]],[[61575,49258],[0,1]],[[61574,49258],[0,-1]],[[61569,49262],[1,0]],[[61569,49262],[-1,0]],[[58783,49262],[0,1]],[[58783,49262],[0,0]],[[61570,49264],[0,-1]],[[61568,49266],[0,0]],[[61575,49271],[0,0]],[[61017,49276],[0,-1]],[[61572,49279],[0,1]],[[61572,49279],[0,0]],[[61570,49283],[1,-3]],[[61571,49280],[-1,2]],[[61570,49282],[0,1]],[[61758,49285],[-1,0]],[[61767,49286],[0,-1]],[[61571,49286],[1,0]],[[61754,49286],[0,1]],[[61763,49287],[0,-1]],[[61758,49286],[-1,0]],[[61767,49286],[0,1]],[[61767,49286],[0,0]],[[61010,49286],[0,-1]],[[61012,49288],[0,-2]],[[61012,49286],[-1,3]],[[61011,49289],[1,-1]],[[61571,49289],[0,1]],[[61571,49290],[0,-1]],[[61569,49296],[-1,0]],[[61575,49300],[0,0]],[[61769,49299],[0,-1]],[[61756,49301],[1,0]],[[61756,49301],[0,0]],[[61758,49302],[0,-1]],[[61771,49302],[0,-1]],[[61757,49302],[0,0]],[[61771,49302],[-1,0]],[[61758,49303],[0,-1]],[[61758,49302],[-1,0]],[[61757,49302],[1,1]],[[61758,49303],[0,0]],[[61742,49303],[0,-1]],[[61573,49303],[1,0]],[[61772,49303],[0,-1]],[[61772,49303],[-1,0]],[[61746,49303],[-1,0]],[[61772,49303],[0,1]],[[61573,49304],[0,0]],[[61750,49303],[0,1]],[[61765,49305],[-1,0]],[[61765,49305],[0,-1]],[[61576,49306],[0,-1]],[[61575,49307],[0,-1]],[[61575,49306],[0,-1]],[[61765,49305],[0,1]],[[61017,49308],[0,-1]],[[61014,49308],[0,-1]],[[61757,49302],[-1,-1]],[[61756,49301],[2,2]],[[61767,49309],[-1,0]],[[61766,49309],[1,0]],[[61752,49309],[0,0]],[[61014,49309],[1,0]],[[61014,49309],[0,0]],[[61767,49309],[0,0]],[[61752,49310],[1,0]],[[61752,49310],[0,-1]],[[61798,49309],[-1,0]],[[61014,49309],[-1,0]],[[61728,49309],[-2,2]],[[61726,49311],[-1,0]],[[61726,49311],[1,-1]],[[61727,49310],[1,-1]],[[61766,49311],[0,1]],[[61805,49313],[1,0]],[[61806,49313],[-1,0]],[[61803,49313],[1,0]],[[61795,49313],[1,0]],[[61796,49313],[-1,0]],[[61807,49313],[0,-1]],[[61737,49313],[0,0]],[[61810,49312],[0,-1]],[[61776,49314],[0,-1]],[[61003,49313],[-1,0]],[[61775,49314],[-1,-2]],[[61788,49314],[0,-1]],[[61776,49315],[0,-1]],[[61776,49314],[-1,1]],[[61776,49314],[-1,0]],[[61775,49314],[0,1]],[[61775,49315],[1,0]],[[61737,49315],[1,0]],[[61724,49316],[1,-1]],[[61725,49315],[-1,0]],[[61724,49315],[0,1]],[[61015,49316],[-1,0]],[[61724,49316],[0,0]],[[61775,49315],[0,1]],[[61775,49315],[0,0]],[[61779,49316],[0,0]],[[61716,49316],[1,1]],[[61778,49317],[0,-1]],[[61770,49317],[0,0]],[[61716,49316],[0,1]],[[61716,49316],[0,0]],[[61719,49318],[1,-1]],[[61720,49317],[1,0]],[[61721,49317],[-2,1]],[[61783,49317],[0,-1]],[[61783,49317],[0,1]],[[61015,49317],[-1,0]],[[61761,49317],[0,1]],[[61761,49318],[0,-1]],[[61735,49318],[1,0]],[[61736,49318],[1,-3]],[[61737,49315],[-2,3]],[[61735,49318],[0,-1]],[[61736,49318],[0,0]],[[61782,49318],[1,0]],[[61783,49317],[-1,1]],[[61601,49317],[0,1]],[[61601,49318],[0,-1]],[[61600,49318],[1,0]],[[61601,49317],[-1,1]],[[61600,49318],[-1,0]],[[61601,49318],[0,0]],[[61592,49318],[0,0]],[[61720,49318],[0,-1]],[[61720,49318],[0,0]],[[61786,49318],[0,-1]],[[61786,49318],[-1,1]],[[61717,49317],[0,1]],[[61810,49319],[0,-1]],[[61810,49319],[0,0]],[[61010,49318],[1,0]],[[61601,49319],[1,0]],[[61600,49319],[-1,0]],[[61770,49317],[-1,0]],[[61603,49320],[1,0]],[[61719,49318],[0,1]],[[61811,49321],[1,0]],[[61811,49321],[1,-1]],[[61811,49321],[0,-1]],[[61812,49322],[0,1]],[[61812,49322],[0,0]],[[61813,49324],[-1,0]],[[61813,49324],[0,-1]],[[61016,49322],[0,-2]],[[61016,49320],[0,2]],[[61813,49325],[0,0]],[[61724,49331],[1,-1]],[[61709,49330],[0,1]],[[61826,49331],[0,0]],[[61826,49331],[1,0]],[[61709,49330],[-1,0]],[[61838,49332],[1,0]],[[61839,49332],[-2,0]],[[61837,49332],[1,0]],[[61836,49332],[0,0]],[[61836,49332],[0,1]],[[61835,49333],[1,0]],[[61836,49332],[-1,1]],[[61840,49333],[1,0]],[[61840,49333],[-1,-1]],[[61838,49332],[1,2]],[[61839,49334],[0,-1]],[[61839,49334],[1,0]],[[61840,49334],[0,-1]],[[61836,49334],[0,-1]],[[61835,49333],[0,1]],[[61835,49334],[1,0]],[[61835,49334],[0,0]],[[61042,49334],[0,-1]],[[61836,49335],[-1,0]],[[61835,49335],[0,-1]],[[61824,49335],[-1,0]],[[61830,49335],[0,0]],[[61835,49335],[0,1]],[[61835,49335],[0,0]],[[61830,49335],[-1,1]],[[61829,49336],[1,0]],[[61830,49336],[0,-1]],[[61833,49335],[0,1]],[[61833,49336],[1,0]],[[61834,49336],[-1,-1]],[[61640,49336],[0,1]],[[61823,49337],[1,0]],[[61824,49337],[-1,0]],[[61829,49336],[1,1]],[[61830,49337],[0,-1]],[[61824,49337],[0,0]],[[61824,49337],[1,0]],[[61824,49337],[0,1]],[[61824,49338],[0,-1]],[[61644,49338],[0,-1]],[[61824,49338],[-1,0]],[[61824,49338],[0,0]],[[61642,49338],[0,-1]],[[61642,49338],[1,0]],[[61852,49338],[1,0]],[[61822,49338],[-1,0]],[[61822,49338],[0,-1]],[[61851,49339],[1,0]],[[61852,49339],[0,-1]],[[61852,49338],[-1,0]],[[61851,49338],[0,1]],[[61043,49338],[0,1]],[[61043,49338],[0,0]],[[61699,49336],[-1,-1]],[[61851,49338],[-1,1]],[[61850,49339],[-1,0]],[[61848,49339],[-2,1]],[[61846,49340],[1,0]],[[61847,49340],[1,-1]],[[61847,49340],[1,0]],[[61848,49340],[0,-1]],[[61848,49339],[-1,1]],[[61851,49339],[-1,0]],[[61849,49339],[0,1]],[[61849,49339],[-1,1]],[[61848,49340],[1,1]],[[61849,49341],[2,-2]],[[61639,49341],[-1,0]],[[61639,49341],[0,0]],[[61728,49340],[0,1]],[[61728,49340],[0,0]],[[61845,49340],[0,1]],[[61845,49340],[0,0]],[[61850,49341],[0,0]],[[61847,49340],[-1,0]],[[61846,49340],[-1,0]],[[61845,49341],[2,-1]],[[61850,49341],[-1,0]],[[61849,49341],[-1,1]],[[61848,49342],[1,0]],[[61849,49342],[0,-1]],[[61650,49342],[1,0]],[[61730,49342],[1,0]],[[61730,49342],[0,0]],[[61044,49343],[0,-2]],[[61044,49341],[0,2]],[[61850,49343],[0,0]],[[61849,49344],[0,-1]],[[61849,49343],[1,0]],[[61850,49341],[-1,1]],[[61848,49342],[0,2]],[[61848,49344],[1,-1]],[[61849,49343],[0,-1]],[[61849,49344],[0,0]],[[61043,49338],[-1,0]],[[61849,49344],[-1,0]],[[61848,49344],[1,1]],[[61849,49345],[0,-1]],[[61843,49341],[0,-1]],[[61849,49345],[0,0]],[[61054,49345],[0,0]],[[61648,49346],[-1,0]],[[61648,49346],[0,0]],[[61068,49345],[0,1]],[[61068,49345],[0,0]],[[61854,49345],[1,0]],[[61854,49345],[0,1]],[[61854,49345],[0,0]],[[61054,49346],[0,1]],[[61056,49347],[0,0]],[[61836,49347],[1,0]],[[61836,49347],[0,0]],[[61059,49347],[0,1]],[[61853,49346],[-1,0]],[[61835,49348],[0,-1]],[[61052,49347],[-1,0]],[[61056,49347],[-1,0]],[[61652,49349],[1,0]],[[61057,49348],[0,1]],[[61837,49347],[-1,0]],[[61836,49347],[-1,1]],[[61835,49348],[2,-1]],[[61652,49349],[0,0]],[[61659,49349],[-1,0]],[[61651,49349],[0,0]],[[61729,49350],[0,-1]],[[61661,49349],[0,1]],[[61662,49350],[0,0]],[[61660,49350],[0,0]],[[61730,49351],[-1,-1]],[[61729,49350],[0,1]],[[61729,49351],[1,0]],[[61840,49351],[0,0]],[[61664,49351],[-2,0]],[[61662,49351],[0,-1]],[[61662,49350],[0,1]],[[61664,49351],[-1,1]],[[61663,49352],[1,0]],[[61664,49352],[0,-1]],[[61839,49352],[1,0]],[[61686,49352],[3,-3]],[[61839,49352],[0,1]],[[61839,49353],[0,-1]],[[61842,49354],[0,-1]],[[61728,49354],[0,0]],[[61085,49354],[-1,0]],[[61085,49354],[0,0]],[[61842,49354],[-1,0]],[[61842,49354],[0,0]],[[61843,49354],[0,0]],[[61839,49353],[0,1]],[[61085,49354],[0,1]],[[61085,49355],[1,0]],[[61086,49355],[-1,-1]],[[61083,49355],[-1,0]],[[61725,49355],[-1,0]],[[61842,49356],[0,-1]],[[61842,49356],[-1,0]],[[61842,49356],[0,0]],[[61844,49356],[-1,0]],[[61834,49355],[1,1]],[[61049,49356],[1,0]],[[61844,49356],[0,1]],[[61844,49356],[0,0]],[[61840,49356],[-1,0]],[[61842,49358],[0,0]],[[61837,49358],[0,-1]],[[61835,49358],[0,-1]],[[61694,49358],[0,0]],[[61085,49358],[-1,0]],[[61085,49358],[0,1]],[[61085,49358],[0,0]],[[61086,49358],[1,1]],[[61083,49358],[0,1]],[[61084,49359],[0,0]],[[61694,49358],[0,1]],[[61691,49359],[0,1]],[[61691,49360],[1,1]],[[61692,49361],[-1,-2]],[[61692,49361],[-1,-1]],[[61691,49359],[-1,1]],[[61690,49360],[2,1]],[[61728,49361],[-1,0]],[[61678,49363],[1,0]],[[61681,49365],[-1,0]],[[61681,49365],[0,0]],[[61677,49365],[0,0]],[[61678,49365],[-1,0]],[[61678,49365],[0,0]],[[61678,49365],[0,1]],[[61678,49366],[-1,0]],[[61688,49367],[2,-7]],[[61691,49359],[-10,6]],[[61681,49365],[1,1]],[[61682,49366],[0,1]],[[61682,49366],[6,1]],[[61688,49367],[0,0]],[[61050,49366],[0,-1]],[[61081,49367],[-1,0]],[[61081,49367],[0,0]],[[61837,49368],[0,0]],[[61839,49368],[-1,0]],[[61669,49368],[0,-1]],[[61686,49369],[0,-1]],[[61654,49370],[0,0]],[[61666,49370],[0,1]],[[61666,49371],[1,0]],[[61667,49371],[-1,-1]],[[61666,49370],[-1,0]],[[61665,49370],[0,1]],[[61665,49371],[1,0]],[[61665,49370],[-1,1]],[[61664,49371],[1,0]],[[61045,49371],[0,-1]],[[61666,49371],[0,0]],[[61665,49371],[0,0]],[[61667,49371],[0,0]],[[61654,49370],[1,0]],[[61654,49370],[0,2]],[[61654,49372],[0,-2]],[[61666,49372],[0,0]],[[61675,49372],[-1,0]],[[61667,49373],[1,0]],[[61668,49373],[-1,0]],[[61044,49373],[0,0]],[[61657,49372],[-1,0]],[[61052,49374],[1,-1]],[[61053,49373],[-1,1]],[[61051,49374],[0,0]],[[61663,49375],[0,0]],[[61664,49374],[0,1]],[[61816,49374],[-1,1]],[[61655,49375],[0,0]],[[61655,49376],[0,0]],[[61820,49376],[0,0]],[[61060,49376],[0,0]],[[61838,49375],[0,1]],[[61838,49376],[0,1]],[[61054,49377],[0,0]],[[61042,49377],[0,0]],[[61054,49377],[0,1]],[[61695,49376],[-1,0]],[[61054,49378],[0,0]],[[61814,49378],[0,0]],[[61692,49378],[1,0]],[[61692,49378],[0,0]],[[61657,49379],[0,-1]],[[61834,49379],[-1,0]],[[61833,49379],[0,1]],[[61833,49380],[1,-1]],[[61080,49380],[-1,0]],[[61814,49382],[0,1]],[[61812,49387],[0,0]],[[61813,49387],[1,0]],[[61813,49387],[-1,0]],[[61812,49387],[1,0]],[[61809,49391],[0,-1]],[[61809,49391],[0,1]],[[61809,49391],[0,0]],[[61809,49392],[0,0]],[[61809,49392],[-1,0]],[[61808,49394],[0,0]],[[61808,49394],[0,1]],[[61808,49395],[0,1]],[[61808,49396],[1,0]],[[61809,49396],[-1,-1]],[[61809,49396],[0,1]],[[61809,49396],[0,0]],[[61808,49397],[0,0]],[[61808,49398],[0,0]],[[61807,49399],[1,0]],[[61807,49399],[0,0]],[[61807,49399],[-1,0]],[[61806,49399],[0,1]],[[60986,49399],[-1,0]],[[60985,49399],[0,1]],[[60985,49400],[1,0]],[[60986,49400],[0,-1]],[[60985,49399],[0,0]],[[60987,49399],[-1,0]],[[60986,49400],[1,0]],[[60987,49400],[0,-1]],[[61748,49401],[-2,0]],[[61850,49401],[0,1]],[[61805,49402],[-1,1]],[[61804,49403],[1,-1]],[[61716,49405],[1,-1]],[[61717,49404],[-1,1]],[[61031,49405],[0,0]],[[61032,49405],[-1,0]],[[61031,49405],[0,1]],[[61031,49406],[1,-1]],[[61809,49406],[0,-1]],[[61716,49405],[1,-1]],[[61031,49407],[0,1]],[[61031,49407],[0,0]],[[61024,49408],[1,0]],[[60987,49400],[5,11]],[[60992,49411],[-5,-12]],[[60992,49411],[0,0]],[[58899,49411],[0,1]],[[61823,49411],[-1,0]],[[61828,49412],[0,1]],[[61834,49412],[-1,0]],[[61821,49415],[0,-1]],[[61828,49415],[-1,0]],[[61814,49415],[1,0]],[[58892,49412],[-1,0]],[[58899,49415],[0,1]],[[61796,49419],[-1,0]],[[58887,49419],[0,1]],[[61791,49421],[0,-1]],[[61791,49421],[0,0]],[[61817,49421],[0,-1]],[[61826,49422],[1,-1]],[[61827,49421],[-1,1]],[[61827,49421],[-1,1]],[[61826,49422],[1,-1]],[[61827,49425],[0,0]],[[61834,49426],[-1,0]],[[61811,49425],[-1,0]],[[61827,49428],[-1,0]],[[60991,49437],[-1,0]],[[60991,49437],[0,0]],[[60997,49440],[-1,0]],[[60997,49440],[0,0]],[[60996,49440],[0,0]],[[61818,49441],[0,-1]],[[61818,49441],[0,0]],[[60997,49441],[0,-1]],[[60996,49440],[0,1]],[[60996,49441],[1,0]],[[61798,49461],[-1,-1]],[[61797,49460],[1,1]],[[61799,49463],[-1,0]],[[60899,49468],[0,1]],[[60911,49470],[0,1]],[[60900,49470],[0,1]],[[60900,49470],[0,0]],[[60900,49471],[0,0]],[[60900,49471],[1,0]],[[60897,49473],[-1,1]],[[60896,49474],[1,0]],[[60897,49474],[0,-1]],[[60895,49474],[0,0]],[[58840,49475],[2,-3]],[[58842,49472],[-2,3]],[[60895,49475],[0,-1]],[[60895,49475],[0,0]],[[60893,49475],[0,-1]],[[60896,49475],[0,0]],[[60892,49477],[0,0]],[[60888,49477],[-1,0]],[[60888,49478],[0,0]],[[60889,49478],[0,1]],[[60889,49481],[0,-1]],[[60885,49481],[1,0]],[[60885,49481],[0,1]],[[60885,49482],[0,-1]],[[60887,49482],[1,0]],[[60888,49482],[-1,0]],[[60886,49482],[0,0]],[[60885,49485],[0,1]],[[60885,49485],[0,0]],[[60883,49486],[0,1]],[[60881,49487],[1,0]],[[60881,49487],[0,0]],[[60881,49487],[-1,0]],[[60891,49494],[1,0]],[[60889,49496],[0,1]],[[60894,49503],[1,0]],[[60894,49503],[0,0]],[[61791,49503],[0,1]],[[61791,49503],[0,0]],[[60899,49504],[0,-1]],[[60894,49503],[0,1]],[[60894,49504],[1,0]],[[60895,49504],[-1,-1]],[[60892,49504],[0,0]],[[60895,49504],[1,0]],[[60895,49504],[0,0]],[[61790,49504],[0,1]],[[61790,49504],[0,0]],[[60893,49507],[0,0]],[[60897,49507],[-1,0]],[[60897,49507],[0,0]],[[60891,49508],[1,0]],[[60895,49508],[-1,0]],[[60894,49508],[1,1]],[[60895,49509],[0,-1]],[[60894,49508],[2,-1]],[[60896,49507],[0,-1]],[[60896,49506],[-1,-2]],[[60895,49504],[-1,0]],[[60894,49504],[-1,0]],[[60894,49504],[-1,3]],[[60893,49507],[1,1]],[[60894,49508],[-1,0]],[[60895,49510],[1,0]],[[60895,49510],[0,0]],[[60894,49510],[-1,0]],[[60894,49510],[0,0]],[[60898,49510],[-1,0]],[[60897,49510],[1,0]],[[60894,49510],[0,1]],[[60894,49510],[1,0]],[[60895,49511],[1,0]],[[60895,49511],[0,0]],[[60895,49516],[0,0]],[[61796,49524],[1,0]],[[60895,49527],[-1,0]],[[60886,49527],[-1,0]],[[60890,49531],[0,-1]],[[60888,49535],[1,0]],[[60889,49535],[-1,0]],[[60889,49535],[0,1]],[[60893,49538],[0,-1]],[[60893,49537],[-1,-2]],[[60892,49535],[1,3]],[[61800,49541],[0,-1]],[[60892,49543],[0,-1]],[[60891,49543],[-1,0]],[[60892,49545],[0,0]],[[60891,49547],[0,1]],[[60891,49547],[0,0]],[[61802,49548],[1,0]],[[61803,49548],[-1,-1]],[[61802,49547],[0,1]],[[61809,49549],[1,0]],[[61809,49549],[-1,0]],[[60886,49551],[1,0]],[[60887,49551],[-1,0]],[[60885,49552],[0,0]],[[61811,49552],[-1,0]],[[61813,49553],[-1,0]],[[61807,49553],[0,1]],[[61807,49554],[0,-1]],[[60887,49555],[-1,0]],[[61813,49557],[0,-1]],[[60889,49561],[0,1]],[[61825,49565],[0,1]],[[61823,49566],[0,-1]],[[61823,49566],[1,0]],[[61827,49567],[1,0]],[[61827,49567],[-1,0]],[[61830,49569],[0,-1]],[[61823,49569],[-1,0]],[[61830,49570],[0,-1]],[[61830,49569],[-3,2]],[[61827,49571],[3,-1]],[[61830,49570],[1,1]],[[61831,49571],[-1,-1]],[[61830,49570],[1,0]],[[61831,49571],[1,1]],[[61832,49572],[-1,-1]],[[61832,49573],[0,-1]],[[61832,49573],[0,0]],[[61832,49573],[0,-1]],[[61832,49573],[0,1]],[[61832,49574],[0,1]],[[61832,49575],[1,0]],[[61833,49575],[-1,-1]],[[61833,49575],[-1,1]],[[61832,49576],[0,-1]],[[61832,49575],[-1,0]],[[61832,49574],[-1,0]],[[61832,49573],[-5,-2]],[[61827,49571],[5,5]],[[60894,49583],[0,0]],[[60894,49583],[-1,0]],[[60894,49583],[0,1]],[[61828,49585],[1,0]],[[61828,49585],[0,-1]],[[61829,49585],[0,0]],[[61828,49585],[0,1]],[[61828,49585],[0,0]],[[60893,49584],[0,1]],[[61828,49586],[1,-1]],[[61832,49588],[-1,0]],[[61834,49589],[0,0]],[[61836,49589],[-1,0]],[[61838,49593],[0,-1]],[[61840,49593],[0,0]],[[61840,49593],[1,0]],[[61840,49594],[1,0]],[[60895,49595],[0,1]],[[60891,49596],[0,-1]],[[61851,49597],[-1,0]],[[61850,49598],[-1,1]],[[61849,49599],[1,-1]],[[61850,49598],[0,1]],[[61850,49598],[1,0]],[[61855,49601],[1,0]],[[61850,49601],[1,1]],[[61851,49602],[-1,-1]],[[60898,49602],[-1,0]],[[60898,49602],[0,0]],[[61855,49601],[-3,1]],[[61852,49602],[1,1]],[[61853,49603],[1,0]],[[61854,49603],[1,-2]],[[61862,49610],[1,0]],[[61859,49610],[0,1]],[[61859,49610],[0,0]],[[60895,49620],[0,-1]],[[60892,49623],[1,0]],[[61853,49623],[-1,1]],[[61852,49624],[1,-1]],[[60892,49623],[-1,0]],[[61856,49631],[0,2]],[[61856,49633],[1,0]],[[61857,49633],[-1,-2]],[[60894,49634],[1,0]],[[60895,49634],[-1,0]],[[60894,49634],[1,0]],[[61859,49635],[0,-1]],[[60895,49635],[0,0]],[[61862,49634],[-1,0]],[[61859,49636],[0,-1]],[[61859,49636],[-1,0]],[[61861,49636],[-1,0]],[[61860,49636],[0,1]],[[61860,49637],[1,-1]],[[61861,49642],[-1,0]],[[61861,49642],[1,0]],[[61867,49652],[0,0]],[[61866,49650],[-1,1]],[[61865,49651],[-1,2]],[[61864,49653],[1,0]],[[61865,49653],[1,0]],[[61865,49653],[1,-3]],[[61864,49653],[1,0]],[[61868,49658],[-1,0]],[[61871,49660],[0,0]],[[61870,49660],[0,1]],[[61870,49661],[1,-1]],[[61871,49660],[-1,0]],[[61870,49661],[0,-1]],[[61866,49662],[1,0]],[[61882,49665],[-3,0]],[[61879,49665],[1,0]],[[61880,49665],[2,0]],[[61884,49664],[-1,0]],[[60898,49665],[1,0]],[[61883,49670],[0,-1]],[[61883,49669],[-1,0]],[[61882,49669],[1,1]],[[61882,49671],[-1,0]],[[61882,49671],[0,0]],[[61881,49672],[0,0]],[[61883,49670],[-1,1]],[[61882,49671],[1,1]],[[61883,49672],[0,-2]],[[61885,49672],[-1,1]],[[61885,49672],[1,0]],[[61883,49672],[1,1]],[[61884,49673],[1,-1]],[[61885,49672],[-2,0]],[[61882,49673],[0,0]],[[60902,49674],[0,-1]],[[60902,49673],[0,1]],[[61879,49674],[1,0]],[[61879,49674],[0,0]],[[60902,49673],[0,1]],[[60902,49674],[0,-1]],[[61880,49677],[0,0]],[[61880,49678],[1,0]],[[61880,49678],[0,-1]],[[61881,49678],[0,0]],[[61882,49681],[0,0]],[[60914,49681],[0,0]],[[61880,49681],[0,0]],[[60922,49684],[-1,0]],[[60924,49685],[0,0]],[[61886,49685],[0,0]],[[60925,49686],[-1,0]],[[61889,49688],[1,0]],[[61889,49689],[0,1]],[[61889,49689],[0,0]],[[60934,49691],[0,0]],[[61893,49692],[1,0]],[[60952,49692],[0,1]],[[61893,49694],[0,0]],[[60950,49694],[0,-1]],[[61891,49694],[1,0]],[[61892,49695],[0,0]],[[61894,49696],[1,0]],[[61892,49700],[0,-1]],[[61892,49700],[-1,0]],[[61892,49700],[0,0]],[[61892,49703],[1,0]],[[61893,49705],[0,0]],[[61887,49713],[0,0]],[[61886,49716],[0,0]],[[61888,49716],[-1,0]],[[61885,49718],[0,1]],[[61885,49718],[0,0]],[[61885,49719],[0,0]],[[61884,49720],[0,0]],[[61884,49720],[0,1]],[[61884,49722],[0,0]],[[60965,49725],[-1,0]],[[60965,49725],[0,0]],[[61887,49728],[-1,-2]],[[60949,49730],[-1,0]],[[61890,49732],[0,-1]],[[60948,49735],[-1,0]],[[60945,49739],[0,-1]],[[61893,49737],[2,3]],[[61893,49740],[-1,0]],[[60944,49741],[0,1]],[[61893,49743],[1,-1]],[[61894,49743],[0,0]],[[61897,49744],[0,0]],[[60960,49743],[-1,1]],[[60944,49745],[-1,0]],[[61897,49746],[0,1]],[[61897,49746],[0,0]],[[61911,49748],[-1,0]],[[61905,49748],[-1,1]],[[61903,49751],[1,-1]],[[61904,49751],[0,0]],[[61902,49751],[0,0]],[[61901,49751],[0,0]],[[61898,49751],[0,1]],[[61898,49752],[0,-1]],[[61903,49751],[-1,0]],[[61903,49751],[0,1]],[[61900,49752],[0,0]],[[61905,49753],[0,-1]],[[61905,49753],[0,1]],[[61905,49754],[0,-1]],[[60967,49755],[0,0]],[[60968,49755],[0,0]],[[60976,49765],[-1,0]],[[60979,49767],[0,0]],[[61944,49768],[0,-1]],[[61944,49768],[-1,0]],[[61944,49768],[1,0]],[[61914,49770],[0,0]],[[61912,49771],[0,-1]],[[61914,49770],[0,1]],[[61912,49771],[1,0]],[[61921,49771],[0,0]],[[61916,49771],[-1,0]],[[61922,49772],[0,-1]],[[61916,49772],[-1,0]],[[61922,49772],[0,0]],[[61921,49771],[0,1]],[[61922,49772],[0,1]],[[61922,49773],[-1,-1]],[[61921,49772],[0,1]],[[61921,49773],[1,0]],[[61916,49773],[0,0]],[[61956,49777],[0,0]],[[61966,49777],[-1,0]],[[61968,49778],[0,-1]],[[61955,49778],[1,0]],[[61955,49778],[0,0]],[[61968,49778],[0,0]],[[61956,49778],[0,0]],[[61964,49779],[0,-1]],[[61968,49779],[0,0]],[[61968,49779],[1,0]],[[61971,49781],[1,0]],[[61971,49781],[-1,1]],[[61970,49782],[1,-1]],[[61973,49782],[1,0]],[[61974,49786],[0,-1]],[[61023,49791],[-1,-2]],[[61978,49793],[1,0]],[[61021,49795],[-1,-2]],[[61024,49795],[-1,-1]],[[61979,49798],[1,0]],[[61021,49799],[0,-2]],[[61979,49799],[0,1]],[[61979,49800],[0,-1]],[[61981,49801],[0,0]],[[61979,49802],[0,0]],[[61981,49801],[-2,0]],[[61979,49801],[0,1]],[[61979,49802],[2,-1]],[[61981,49807],[0,1]],[[61981,49808],[1,0]],[[61981,49808],[0,-1]],[[61981,49809],[0,1]],[[61018,49817],[-1,0]],[[61016,49819],[0,1]],[[61023,49819],[-1,1]],[[61020,49822],[0,1]],[[61994,49832],[-1,0]],[[62067,49837],[0,-1]],[[60984,49851],[0,-1]],[[60996,49864],[0,1]],[[60994,49870],[0,-1]],[[60995,49870],[0,0]],[[60994,49870],[-1,0]],[[60993,49872],[-2,-2]],[[62065,49870],[-4,4]],[[60990,49878],[0,0]],[[60992,49880],[-1,0]],[[60991,49880],[1,0]],[[60988,49892],[-1,-2]],[[60987,49890],[1,2]],[[60988,49892],[-1,1]],[[60945,49901],[1,-1]],[[60988,49899],[-1,1]],[[60945,49901],[-1,0]],[[60947,49906],[-1,0]],[[60947,49907],[0,0]],[[60963,49910],[1,0]],[[60941,49911],[0,-1]],[[60963,49912],[0,-1]],[[60946,49911],[0,-1]],[[60942,49912],[0,-1]],[[60942,49912],[0,0]],[[60963,49912],[0,1]],[[60963,49913],[0,-1]],[[60983,49914],[0,-1]],[[60984,49914],[1,0]],[[60984,49914],[0,-1]],[[60942,49912],[0,1]],[[60984,49914],[-1,0]],[[60983,49914],[1,0]],[[60971,49915],[0,0]],[[60947,49907],[1,0]],[[62104,49916],[0,0]],[[60972,49916],[-1,0]],[[60963,49913],[-1,0]],[[60962,49919],[-1,0]],[[62106,49920],[1,0]],[[62107,49920],[-1,0]],[[62106,49920],[-1,0]],[[60970,49921],[0,-1]],[[60967,49922],[-1,0]],[[62114,49922],[1,1]],[[62116,49926],[0,1]],[[62116,49926],[0,0]],[[62116,49927],[0,-1]],[[62117,49929],[0,0]],[[62117,49929],[-2,0]],[[62115,49929],[2,0]],[[60970,49930],[-1,0]],[[60970,49930],[1,0]],[[60966,49931],[0,1]],[[60968,49932],[0,-1]],[[60968,49933],[-1,0]],[[60967,49939],[0,-1]],[[59241,49953],[-1,0]],[[60951,49955],[0,-1]],[[60947,49959],[-1,0]],[[60954,49979],[0,-1]],[[60927,49982],[0,1]],[[60944,49983],[-1,0]],[[60932,49986],[0,0]],[[60934,49986],[0,-1]],[[60937,49988],[1,0]],[[60933,49988],[-1,0]],[[60937,49988],[0,1]],[[60937,49988],[0,-1]],[[60934,49995],[0,1]],[[60936,49995],[0,1]],[[60936,49996],[0,-1]],[[60936,49997],[-1,0]],[[60936,49997],[0,0]],[[60940,50002],[0,0]],[[60935,50003],[1,0]],[[60936,50003],[-1,0]],[[60933,50003],[0,-1]],[[60935,50003],[-1,0]],[[60935,50003],[0,0]],[[60937,50002],[0,1]],[[60937,50003],[-1,0]],[[60911,50003],[0,0]],[[60924,50003],[-1,0]],[[60937,50003],[1,0]],[[60937,50003],[0,-1]],[[60912,50005],[0,0]],[[60913,50007],[-1,1]],[[60944,50011],[1,0]],[[60941,50012],[0,-1]],[[60944,50011],[-3,1]],[[60941,50012],[3,-1]],[[60949,50016],[-1,0]],[[60949,50016],[0,0]],[[60942,50017],[0,-1]],[[60939,50019],[0,-1]],[[60939,50019],[0,0]],[[60943,50019],[0,1]],[[60969,50021],[-1,0]],[[60946,50021],[0,1]],[[60946,50022],[0,-1]],[[60968,50022],[-1,0]],[[60945,50023],[-1,0]],[[60946,50024],[0,-1]],[[60904,50029],[-1,0]],[[60948,50016],[-1,0]],[[60949,50016],[-7,1]],[[60942,50017],[1,2]],[[60943,50019],[3,2]],[[60946,50022],[2,-6]],[[60902,50030],[0,-1]],[[60902,50033],[-1,0]],[[60902,50033],[0,1]],[[60911,50034],[0,1]],[[60974,50038],[0,-1]],[[60974,50038],[1,0]],[[60903,50040],[0,-1]],[[60918,50040],[1,0]],[[60910,50043],[0,-1]],[[60910,50043],[-1,0]],[[60946,50047],[0,-1]],[[60932,50078],[0,0]],[[60933,50079],[-1,0]],[[62194,50082],[0,0]],[[62193,50087],[1,0]],[[60931,50091],[0,0]],[[60930,50091],[0,1]],[[62189,50095],[1,0]],[[62189,50095],[0,0]],[[60936,50101],[-1,0]],[[60936,50101],[0,0]],[[60989,50129],[-1,0]],[[60970,50165],[-1,0]],[[60966,50167],[-1,0]],[[60968,50168],[0,0]],[[60969,50169],[-1,0]],[[60969,50169],[0,0]],[[60969,50171],[0,1]],[[60969,50172],[0,-1]],[[60966,50181],[-1,0]],[[60965,50190],[0,-1]],[[60964,50191],[0,0]],[[60966,50194],[0,1]],[[60987,50204],[1,0]],[[60985,50207],[-1,-1]],[[60981,50207],[0,0]],[[60984,50208],[0,0]],[[60987,50210],[0,1]],[[60987,50210],[0,0]],[[60986,50209],[-1,0]],[[62205,50215],[1,0]],[[60994,50215],[0,0]],[[60995,50216],[0,1]],[[60995,50216],[0,0]],[[60994,50217],[0,0]],[[62206,50218],[1,0]],[[62210,50220],[1,0]],[[62207,50222],[0,0]],[[62206,50222],[0,0]],[[62205,50222],[0,1]],[[62205,50222],[0,0]],[[62206,50223],[-1,1]],[[62207,50226],[0,0]],[[62207,50226],[-1,0]],[[62207,50226],[1,0]],[[62206,50226],[0,1]],[[62206,50227],[1,-1]],[[62206,50227],[0,0]],[[61020,50238],[-1,0]],[[61022,50244],[-1,0]],[[59296,50244],[10,-8]],[[62221,50250],[-1,1]],[[62225,50251],[-1,0]],[[61018,50247],[-1,7]],[[60986,50257],[0,0]],[[60990,50257],[0,0]],[[60988,50257],[0,1]],[[61014,50259],[0,-1]],[[61015,50259],[0,-1]],[[61015,50259],[-1,0]],[[61015,50259],[0,0]],[[60990,50259],[0,-1]],[[60990,50259],[0,1]],[[60990,50260],[0,-1]],[[61006,50260],[1,0]],[[61006,50260],[0,1]],[[61006,50260],[0,0]],[[60993,50261],[-1,0]],[[61004,50261],[1,0]],[[60991,50261],[0,0]],[[61004,50261],[0,1]],[[61004,50261],[0,0]],[[60990,50262],[1,0]],[[60991,50262],[0,-1]],[[60991,50261],[-1,-1]],[[60990,50260],[0,2]],[[60996,50262],[0,-1]],[[60990,50262],[0,0]],[[60991,50262],[0,1]],[[60991,50262],[0,0]],[[60993,50263],[-1,0]],[[60993,50263],[0,0]],[[60998,50264],[0,-1]],[[61001,50264],[0,0]],[[60991,50265],[-1,0]],[[60989,50267],[0,1]],[[60990,50271],[0,0]],[[60987,50272],[-1,0]],[[60989,50273],[0,-1]],[[60989,50273],[0,0]],[[60990,50272],[-1,0]],[[60989,50273],[1,0]],[[60990,50273],[0,-1]],[[60967,50276],[0,0]],[[60964,50277],[-1,0]],[[60963,50277],[1,0]],[[60966,50277],[0,0]],[[60965,50277],[-1,0]],[[60965,50277],[0,0]],[[60964,50277],[0,0]],[[60963,50277],[-1,0]],[[60966,50277],[-1,0]],[[60965,50277],[0,1]],[[60965,50278],[1,-1]],[[60974,50278],[1,0]],[[60974,50278],[0,0]],[[60962,50278],[0,0]],[[60990,50279],[0,0]],[[60985,50280],[0,-1]],[[60985,50280],[-1,0]],[[60985,50280],[0,0]],[[60984,50280],[-1,0]],[[60958,50280],[0,1]],[[60958,50281],[0,-1]],[[60959,50279],[-1,1]],[[60958,50281],[1,0]],[[60959,50281],[0,-2]],[[60987,50281],[0,1]],[[60984,50282],[-1,0]],[[60984,50282],[0,0]],[[60956,50282],[0,0]],[[60957,50282],[0,1]],[[60957,50282],[0,0]],[[60984,50282],[0,1]],[[60956,50283],[1,0]],[[60956,50283],[0,-1]],[[60985,50283],[1,0]],[[60986,50283],[-1,0]],[[60958,50283],[0,-1]],[[60958,50283],[-1,-1]],[[60957,50283],[1,0]],[[60955,50291],[0,0]],[[60950,50293],[-1,0]],[[60949,50293],[0,-1]],[[60949,50293],[-1,0]],[[60939,50294],[0,-1]],[[60939,50294],[0,0]],[[60941,50294],[0,1]],[[60939,50294],[0,1]],[[60945,50297],[0,0]],[[60947,50298],[0,0]],[[60947,50299],[0,0]],[[60946,50299],[0,-1]],[[60944,50301],[0,0]],[[60942,50305],[0,-1]],[[60939,50306],[1,0]],[[60939,50306],[0,-1]],[[60939,50306],[0,1]],[[60939,50307],[0,-1]],[[60939,50307],[1,0]],[[60939,50306],[0,1]],[[60939,50307],[0,1]],[[60935,50307],[-1,0]],[[60942,50308],[-1,0]],[[60938,50310],[1,0]],[[60939,50310],[-1,0]],[[60940,50311],[-1,0]],[[60940,50311],[0,0]],[[60946,50313],[0,1]],[[60946,50313],[0,0]],[[60931,50313],[0,1]],[[60942,50315],[0,-1]],[[60947,50314],[0,1]],[[60947,50314],[0,0]],[[59338,50312],[0,-1]],[[62302,50314],[0,1]],[[62293,50316],[-1,0]],[[62295,50317],[-1,0]],[[62295,50317],[0,1]],[[62297,50318],[1,0]],[[60957,50322],[-1,0]],[[62363,50338],[-1,0]],[[60950,50347],[1,0]],[[62379,50350],[-1,0]],[[60954,50350],[0,0]],[[60954,50351],[-1,0]],[[59327,50354],[-1,0]],[[59330,50357],[0,0]],[[60954,50359],[-1,0]],[[60954,50359],[0,0]],[[60954,50360],[0,1]],[[60954,50361],[0,-1]],[[60953,50362],[0,0]],[[59335,50363],[1,0]],[[62399,50363],[0,1]],[[62399,50364],[0,-1]],[[60951,50367],[0,-1]],[[59343,50369],[0,0]],[[60951,50370],[0,1]],[[60951,50370],[0,0]],[[62400,50371],[0,1]],[[62400,50372],[0,-1]],[[59343,50373],[0,0]],[[60951,50373],[0,-1]],[[60951,50372],[0,1]],[[59343,50374],[0,0]],[[59342,50374],[0,0]],[[59344,50375],[0,0]],[[59342,50375],[0,0]],[[59344,50375],[-1,0]],[[59343,50375],[0,0]],[[59342,50375],[1,0]],[[59342,50376],[0,0]],[[59343,50377],[0,0]],[[59343,50378],[1,0]],[[59341,50385],[1,0]],[[59341,50387],[0,0]],[[59343,50387],[0,0]],[[59342,50387],[0,0]],[[59342,50388],[0,0]],[[59341,50389],[0,1]],[[59341,50389],[0,0]],[[59341,50390],[1,0]],[[62409,50390],[1,0]],[[59342,50392],[0,0]],[[59342,50394],[0,0]],[[59342,50394],[0,1]],[[59344,50395],[0,0]],[[59343,50396],[0,0]],[[62414,50397],[-1,0]],[[59343,50400],[0,0]],[[59343,50401],[0,0]],[[59344,50401],[0,0]],[[59344,50403],[0,0]],[[59344,50403],[1,0]],[[59345,50403],[0,1]],[[59345,50403],[0,0]],[[59347,50405],[0,0]],[[62416,50406],[0,1]],[[62416,50407],[0,-1]],[[59351,50410],[0,0]],[[62429,50415],[-2,0]],[[62427,50415],[2,0]],[[59354,50415],[0,1]],[[59354,50415],[0,0]],[[59362,50423],[1,0]],[[59363,50423],[-1,0]],[[59365,50423],[1,0]],[[59363,50424],[0,0]],[[61018,50444],[-3,2]],[[59388,50463],[0,1]],[[61057,50481],[0,0]],[[61049,50482],[0,0]],[[61048,50482],[0,0]],[[61049,50483],[0,0]],[[61049,50484],[0,0]],[[61049,50485],[-1,0]],[[61049,50485],[0,0]],[[61048,50485],[0,0]],[[61050,50485],[0,0]],[[61067,50486],[0,0]],[[61068,50486],[0,1]],[[61068,50486],[0,0]],[[61074,50495],[-2,-4]],[[61075,50503],[-1,-5]],[[61075,50505],[-2,4]],[[61064,50530],[0,0]],[[61063,50530],[1,0]],[[61063,50530],[0,0]],[[61065,50530],[0,0]],[[61063,50530],[0,1]],[[61065,50539],[0,0]],[[61064,50540],[-1,0]],[[61063,50542],[-1,0]],[[61064,50544],[-1,1]],[[61063,50545],[1,-1]],[[61061,50542],[-1,0]],[[59478,50548],[-10,-1]],[[61057,50549],[-1,1]],[[61050,50556],[0,1]],[[61050,50556],[0,0]],[[61050,50556],[0,1]],[[61051,50555],[0,1]],[[61050,50557],[0,1]],[[61050,50557],[0,0]],[[61051,50558],[0,0]],[[59474,50556],[-1,-3]],[[61051,50562],[-1,0]],[[61050,50564],[0,0]],[[62459,50597],[1,0]],[[62453,50656],[1,0]],[[62454,50677],[0,0]],[[62454,50677],[1,0]],[[62456,50678],[-1,0]],[[62454,50679],[0,0]],[[62453,50680],[0,1]],[[62453,50682],[0,0]],[[62453,50682],[0,1]],[[62453,50685],[0,1]],[[62453,50686],[0,-1]],[[62451,50705],[0,0]],[[62451,50705],[1,1]],[[62452,50706],[-1,-1]],[[62456,50707],[0,-1]],[[62456,50712],[0,1]],[[62455,50714],[1,0]],[[62394,50746],[0,0]],[[62396,50746],[0,-1]],[[62393,50749],[-1,1]],[[62388,50760],[1,0]],[[62385,50761],[0,1]],[[62385,50762],[0,-1]],[[62389,50764],[0,0]],[[62384,50765],[0,0]],[[62386,50766],[-1,0]],[[62382,50766],[0,0]],[[62383,50773],[0,0]],[[62382,50773],[0,0]],[[62374,50785],[-1,0]],[[62419,50801],[0,-1]],[[62278,50801],[-2,2]],[[62403,50806],[-1,0]],[[62403,50806],[0,0]],[[60989,50807],[-1,0]],[[62405,50808],[0,-1]],[[62273,50807],[0,-1]],[[62402,50806],[1,2]],[[62403,50808],[0,-1]],[[62403,50807],[0,-1]],[[62403,50808],[0,-1]],[[62406,50809],[-1,0]],[[60993,50811],[-1,-1]],[[60993,50811],[0,0]],[[62400,50811],[0,0]],[[62396,50812],[1,-1]],[[62269,50810],[-3,3]],[[62264,50815],[-4,5]],[[62257,50824],[-2,0]],[[59996,50905],[-2,-1]],[[62268,50997],[0,0]],[[61310,51003],[0,0]],[[62270,51005],[-1,0]],[[62270,51006],[0,1]],[[61286,51009],[1,0]],[[61255,51012],[0,0]],[[62269,51018],[-1,0]],[[61254,51020],[0,-1]],[[61430,51024],[1,0]],[[61375,51028],[0,-1]],[[60055,51022],[0,-1]],[[61461,51066],[1,0]],[[61461,51066],[0,0]],[[61460,51066],[0,0]],[[61459,51067],[0,-1]],[[61459,51067],[0,0]],[[61456,51070],[0,-1]],[[61456,51070],[0,0]],[[61453,51072],[0,0]],[[61452,51073],[0,-1]],[[61450,51078],[1,0]],[[61450,51078],[0,0]],[[61450,51082],[0,1]],[[61450,51082],[0,0]],[[61453,51091],[8,-25]],[[61461,51066],[-2,1]],[[61459,51067],[-3,2]],[[61456,51070],[-3,2]],[[61453,51072],[-1,1]],[[61452,51073],[-1,5]],[[61450,51078],[0,4]],[[61450,51082],[2,9]],[[61452,51091],[1,0]],[[61453,51091],[0,-1]],[[61452,51091],[1,0]],[[61452,51091],[0,0]],[[62544,51092],[0,-1]],[[62550,51092],[-1,0]],[[62550,51092],[0,0]],[[62555,51092],[0,1]],[[62560,51097],[0,-1]],[[62560,51097],[1,0]],[[62560,51097],[0,0]],[[62561,51098],[0,0]],[[62568,51103],[0,0]],[[62569,51104],[1,0]],[[62274,51104],[-1,0]],[[62570,51105],[0,0]],[[62570,51108],[0,1]],[[62570,51108],[0,0]],[[62569,51108],[0,1]],[[62569,51108],[0,0]],[[62568,51109],[0,0]],[[62568,51110],[1,0]],[[60050,51094],[-1,-2]],[[62563,51115],[0,0]],[[62562,51116],[0,0]],[[62563,51116],[0,0]],[[62561,51117],[1,0]],[[62560,51117],[0,0]],[[62558,51119],[1,0]],[[62558,51119],[0,0]],[[62557,51120],[0,1]],[[62557,51120],[0,0]],[[62558,51121],[0,1]],[[62557,51121],[-1,0]],[[62556,51122],[-1,0]],[[62553,51122],[0,0]],[[62552,51122],[0,0]],[[62521,51122],[0,1]],[[62521,51122],[0,0]],[[62553,51122],[-1,1]],[[62521,51123],[0,1]],[[62521,51123],[0,0]],[[62552,51122],[1,0]],[[62553,51122],[4,-2]],[[62557,51120],[1,-1]],[[62558,51119],[2,-2]],[[62560,51117],[9,-9]],[[62569,51108],[1,0]],[[62570,51108],[-1,-4]],[[62569,51104],[-8,-6]],[[62561,51098],[-1,-1]],[[62560,51097],[-10,-5]],[[62549,51092],[-5,0]],[[62544,51092],[-23,30]],[[62521,51123],[31,-1]],[[62277,51125],[0,1]],[[62278,51133],[0,0]],[[62278,51134],[0,1]],[[62276,51135],[0,1]],[[62273,51137],[0,1]],[[62273,51137],[0,0]],[[61503,51154],[0,0]],[[61420,51197],[1,0]],[[61417,51197],[0,1]],[[61417,51197],[0,0]],[[61418,51198],[-1,0]],[[61417,51198],[1,0]],[[62177,51200],[0,1]],[[62177,51202],[-1,1]],[[62176,51203],[1,0]],[[62177,51203],[0,-1]],[[62177,51202],[0,0]],[[62191,51235],[0,-1]],[[62190,51235],[0,0]],[[62191,51235],[0,1]],[[62191,51235],[0,0]],[[62204,51237],[0,-1]],[[62201,51241],[-1,0]],[[62198,51247],[-1,0]],[[62193,51262],[1,0]],[[62194,51264],[-1,0]],[[62183,51272],[-1,0]],[[62183,51272],[0,0]],[[62183,51272],[0,1]],[[62183,51273],[-1,0]],[[62184,51273],[1,0]],[[62184,51273],[-1,0]],[[62183,51273],[1,1]],[[62184,51274],[0,-1]],[[62184,51274],[0,1]],[[62184,51274],[0,0]],[[62183,51276],[0,0]],[[62182,51278],[0,-1]],[[62181,51280],[1,0]],[[62183,51302],[0,1]],[[62182,51303],[0,0]],[[62186,51303],[-1,0]],[[62184,51304],[-1,0]],[[62208,51322],[1,0]],[[62208,51322],[-2,0]],[[62187,51359],[0,-2]],[[62193,51373],[-1,-4]],[[62211,51371],[-1,-1]],[[62196,51381],[-2,-6]],[[62231,51416],[0,-1]],[[62231,51416],[1,0]],[[62226,51423],[0,-1]],[[62227,51423],[0,0]],[[62226,51423],[0,0]],[[62228,51424],[-1,0]],[[62228,51424],[0,0]],[[62226,51424],[0,1]],[[62228,51424],[0,1]],[[62229,51425],[0,1]],[[62231,51430],[0,1]],[[62264,51464],[0,1]],[[62263,51466],[-2,-1]],[[62261,51465],[2,1]],[[60737,51554],[1,0]],[[60738,51554],[-1,0]],[[60730,51556],[-1,0]],[[60730,51556],[0,0]],[[62320,51580],[-57,-113],[0,-1]],[[62263,51466],[-2,-1]],[[62261,51465],[-81,-115],[26,-28]],[[62206,51322],[-30,-119]],[[62176,51203],[-1,-1]],[[62176,51203],[97,-66]],[[62273,51137],[-11,-182],[-12,-134],[127,-40],[8,-19]],[[62385,50761],[9,-15]],[[62394,50746],[61,-32]],[[62455,50714],[1,-7]],[[62456,50707],[-4,-1]],[[62452,50706],[1,-20]],[[62453,50685],[0,-29]],[[62453,50656],[6,-59]],[[62459,50597],[-41,-119],[11,-63]],[[62429,50415],[0,1]],[[62429,50415],[-2,0]],[[62427,50415],[-11,-8]],[[62416,50406],[-16,-34]],[[62400,50372],[0,-1]],[[62400,50371],[-1,-7]],[[62399,50363],[-113,-57],[-80,-79]],[[62206,50227],[0,1]],[[62206,50226],[-1,-2]],[[62205,50224],[0,-1]],[[62205,50223],[1,0]],[[62205,50222],[1,0]],[[62205,50222],[1,-4]],[[62206,50218],[0,-1]],[[62206,50218],[-1,-3]],[[62205,50215],[-16,-120]],[[62189,50095],[-60,-129],[-14,-37]],[[62115,49929],[-1,-7]],[[62114,49922],[-7,-2]],[[62105,49920],[-109,-79],[-15,-32]],[[61981,49809],[0,-1]],[[61981,49807],[-2,-5]],[[61979,49802],[0,-1]],[[61979,49801],[0,-1]],[[61979,49799],[0,-1]],[[61979,49798],[-1,-5]],[[61978,49793],[-4,-7]],[[61974,49786],[-4,-4]],[[61970,49782],[-1,-3]],[[61969,49779],[-1,0]],[[61968,49779],[-24,-11]],[[61943,49768],[-21,4]],[[61921,49773],[0,1]],[[61921,49773],[-5,0]],[[61916,49773],[-4,-2]],[[61912,49771],[-7,-17]],[[61905,49754],[-7,-2]],[[61898,49751],[-1,0]],[[61898,49751],[-1,-4]],[[61897,49747],[0,-1]],[[61897,49746],[0,-2]],[[61897,49744],[-4,-1]],[[61893,49743],[-9,-23]],[[61884,49720],[1,-1]],[[61885,49719],[-1,0]],[[61885,49718],[2,-5]],[[61887,49713],[4,-13]],[[61891,49700],[3,-4]],[[61894,49696],[-2,-1]],[[61892,49695],[-1,-1]],[[61891,49694],[0,1]],[[61891,49694],[-2,-5]],[[61889,49689],[-9,-8]],[[61880,49681],[0,1]],[[61880,49681],[1,-3]],[[61880,49678],[-1,-4]],[[61879,49674],[3,-5]],[[61882,49669],[0,-1]],[[61883,49669],[-1,-4]],[[61880,49665],[0,1]],[[61879,49665],[0,1]],[[61879,49665],[-15,-12]],[[61865,49651],[1,-1]],[[61866,49650],[-6,-8]],[[61861,49642],[-1,-5]],[[61860,49637],[1,-1]],[[61860,49636],[-1,0]],[[61859,49636],[0,1]],[[61858,49636],[-1,-3]],[[61856,49633],[-1,1]],[[61856,49631],[-4,-7]],[[61853,49623],[9,-13]],[[61862,49610],[-3,0]],[[61859,49611],[-5,-8]],[[61853,49603],[-1,-1]],[[61852,49602],[-1,0]],[[61850,49601],[-1,-2]],[[61849,49599],[-9,-5]],[[61840,49594],[-2,-1]],[[61838,49593],[-10,-8]],[[61828,49585],[-1,-14]],[[61827,49571],[-20,-17]],[[61807,49553],[3,-4]],[[61809,49549],[-6,-1]],[[61803,49548],[0,1]],[[61803,49548],[-1,0]],[[61802,49547],[-12,-42]],[[61790,49505],[0,-1]],[[61790,49504],[1,0]],[[61791,49503],[7,-42]],[[61797,49460],[21,-19]],[[61818,49440],[-27,-19]],[[61791,49421],[13,-18]],[[61804,49403],[1,-1]],[[61805,49402],[1,-3]],[[61806,49399],[2,-2]],[[61808,49397],[0,-1]],[[61808,49394],[0,-2]],[[61809,49391],[5,-13]],[[61814,49378],[1,-3]],[[61815,49375],[1,-1]],[[61816,49374],[17,6]],[[61833,49379],[-1,0]],[[61834,49379],[4,-3]],[[61838,49375],[-4,-20]],[[61834,49355],[0,-1]],[[61834,49355],[6,-21]],[[61840,49334],[-1,0]],[[61837,49332],[-1,1]],[[61836,49333],[0,1]],[[61836,49334],[0,1]],[[61836,49335],[-1,1]],[[61835,49336],[-1,0]],[[61834,49336],[-1,0]],[[61833,49336],[0,1]],[[61833,49336],[0,1]],[[61833,49336],[-3,-1]],[[61830,49336],[1,0]],[[61830,49337],[-7,1]],[[61823,49338],[-1,0]],[[61822,49338],[-1,0]],[[61821,49338],[-8,-13]],[[61813,49325],[-1,-1]],[[61812,49324],[0,1]],[[61812,49324],[0,-1]],[[61812,49322],[-1,0]],[[61812,49322],[0,-1]],[[61812,49321],[0,1]],[[61812,49322],[-1,-1]],[[61811,49321],[-1,-2]],[[61810,49319],[-1,0]],[[61810,49319],[-3,-6]],[[61807,49313],[0,1]],[[61807,49313],[-1,0]],[[61806,49313],[-1,0]],[[61805,49313],[-2,0]],[[61803,49313],[-7,0]],[[61796,49313],[1,0]],[[61795,49313],[-7,1]],[[61788,49314],[-2,4]],[[61786,49318],[-1,1]],[[61785,49319],[-2,-1]],[[61782,49318],[-4,-1]],[[61778,49317],[-2,-2]],[[61776,49315],[-1,1]],[[61775,49316],[-14,2]],[[61761,49317],[-9,-7]],[[61752,49310],[-16,8]],[[61735,49318],[-7,-9]],[[61728,49309],[-1,1]],[[61727,49310],[-1,1]],[[61726,49311],[-1,4]],[[61724,49315],[-3,2]],[[61721,49317],[-1,1]],[[61720,49318],[5,12]],[[61725,49330],[-1,1]],[[61724,49331],[4,9]],[[61728,49341],[2,1]],[[61730,49342],[1,0]],[[61731,49342],[-1,9]],[[61729,49351],[-1,3]],[[61728,49354],[0,7]],[[61728,49361],[-36,17]],[[61692,49378],[-6,-9]],[[61686,49369],[-4,-2]],[[61682,49366],[-1,-1]],[[61681,49365],[-3,1]],[[61678,49366],[-3,6]],[[61675,49372],[-7,1]],[[61667,49373],[-10,6]],[[61657,49379],[-2,-3]],[[61655,49376],[0,-1]],[[61655,49375],[-1,-3]],[[61654,49372],[-1,0]],[[61654,49372],[10,-20]],[[61664,49352],[1,0]],[[61663,49352],[-1,-1]],[[61662,49351],[-2,-1]],[[61660,49350],[-12,-4]],[[61648,49346],[-1,0]],[[61647,49346],[-5,-8]],[[61642,49338],[-3,3]],[[61639,49341],[-38,-22]],[[61601,49319],[-26,-12]],[[61575,49307],[1,-1]],[[61576,49306],[1,0]],[[61576,49306],[-1,0]],[[61575,49307],[0,-2]],[[61575,49305],[-1,0]],[[61575,49305],[-2,-1]],[[61573,49304],[0,-1]],[[61573,49303],[-2,-13]],[[61571,49289],[-1,-6]],[[61570,49282],[-1,0]],[[61570,49282],[1,-2]],[[61571,49280],[1,-1]],[[61572,49279],[-4,-13]],[[61568,49266],[-15,-34]],[[61553,49232],[1,-4]],[[61554,49228],[0,-1]],[[61553,49227],[0,1]],[[61552,49227],[-1,0]],[[61552,49226],[-2,-1]],[[61550,49225],[-1,0]],[[61548,49225],[-2,-5]],[[61545,49220],[-7,-1]],[[61538,49219],[-1,-6]],[[61537,49213],[0,-1]],[[61537,49212],[-4,-3]],[[61533,49209],[-4,4]],[[61529,49213],[0,-1]],[[61529,49212],[1,-4]],[[61530,49208],[0,1]],[[61530,49208],[-1,0]],[[61529,49208],[0,2]],[[61529,49210],[-3,0]],[[61526,49209],[0,-1]],[[61526,49210],[-1,-1]],[[61525,49208],[-1,0]],[[61525,49208],[-2,-9]],[[61523,49199],[-2,1]],[[61521,49200],[0,1]],[[61521,49200],[-1,1]],[[61520,49202],[0,1]],[[61520,49202],[-4,1]],[[61516,49203],[-1,0]],[[61515,49203],[-1,1]],[[61514,49204],[-1,1]],[[61513,49205],[0,2]],[[61512,49208],[-1,1]],[[61511,49209],[-1,2]],[[61510,49211],[-1,1]],[[61509,49212],[-1,-1]],[[61507,49211],[0,1]],[[61506,49212],[-13,7]],[[61493,49219],[-1,0]],[[61492,49219],[-3,-3]],[[61489,49216],[-3,-4]],[[61486,49213],[-2,1]],[[61484,49214],[-1,3]],[[61483,49217],[-1,3]],[[61482,49220],[0,1]],[[61482,49220],[-11,-24]],[[61471,49195],[0,-1]],[[61471,49194],[-1,-1]],[[61470,49193],[1,-1]],[[61471,49192],[0,-1]],[[61471,49192],[-3,-6]],[[61468,49186],[-2,-9]],[[61466,49177],[-8,9]],[[61457,49186],[-6,3]],[[61451,49189],[3,-11]],[[61454,49178],[0,-2]],[[61454,49175],[0,-1]],[[61454,49174],[-1,-1]],[[61453,49173],[-2,-1]],[[61451,49172],[-1,-2]],[[61449,49170],[0,1]],[[61449,49170],[-2,2]],[[61447,49172],[-3,2]],[[61444,49174],[-10,2]],[[61433,49176],[-24,-7]],[[61409,49169],[-3,-10]],[[61406,49158],[-8,-10]],[[61398,49148],[-4,-2]],[[61394,49146],[-4,0]],[[61390,49146],[-1,-2]],[[61389,49144],[-1,2]],[[61388,49146],[0,1]],[[61388,49147],[-5,6]],[[61382,49153],[-13,-5]],[[61369,49148],[0,-2]],[[61369,49146],[-3,-6]],[[61365,49140],[-6,-3]],[[61359,49137],[-1,0]],[[61358,49137],[-1,0]],[[61357,49137],[-5,-16]],[[61350,49121],[0,1]],[[61350,49121],[-11,2]],[[61339,49123],[-1,0]],[[61338,49123],[-5,1]],[[61333,49124],[-6,-4]],[[61327,49120],[-1,-2]],[[61324,49118],[-1,0]],[[61322,49119],[0,1]],[[61322,49119],[-4,0]],[[61318,49119],[-1,0]],[[61317,49119],[-7,-6]],[[61310,49112],[0,-1]],[[61310,49111],[1,-4]],[[61312,49105],[0,-2]],[[61312,49103],[-1,0]],[[61311,49103],[-4,-1]],[[61307,49102],[0,-1]],[[61307,49101],[-4,-2]],[[61303,49098],[2,-4]],[[61306,49094],[-1,-9]],[[61305,49085],[-3,-2]],[[61302,49083],[-7,4]],[[61295,49087],[0,-6]],[[61295,49081],[0,1]],[[61295,49081],[-2,1]],[[61293,49082],[-5,1]],[[61288,49083],[0,1]],[[61288,49082],[0,-11]],[[61288,49070],[-1,0]],[[61288,49070],[-1,-1]],[[61287,49069],[0,1]],[[61287,49069],[-1,0]],[[61286,49069],[0,-2]],[[61286,49067],[-6,10]],[[61280,49077],[-1,0]],[[61279,49077],[-4,-3]],[[61275,49075],[0,7]],[[61275,49082],[1,0]],[[61275,49083],[-4,4]],[[61271,49087],[0,-3]],[[61271,49084],[-1,-1]],[[61269,49083],[-13,0]],[[61256,49083],[-1,1]],[[61253,49085],[-24,2]],[[61229,49087],[-1,0]],[[61228,49087],[-4,4]],[[61224,49091],[-1,0]],[[61223,49091],[-4,0]],[[61219,49090],[-1,0]],[[61218,49091],[0,7]],[[61218,49098],[-3,11]],[[61215,49109],[-3,4]],[[61212,49114],[4,13]],[[61216,49127],[-13,-5]],[[61203,49122],[-2,0]],[[61201,49120],[-1,-1]],[[61200,49119],[-1,0]],[[61199,49119],[2,3]],[[61201,49122],[-3,3]],[[61198,49125],[-1,-1]],[[61197,49124],[-5,5]],[[61191,49129],[-1,1]],[[61190,49130],[-2,4]],[[61188,49134],[-1,1]],[[61186,49135],[-10,21]],[[61176,49156],[-1,0]],[[61175,49156],[-1,2]],[[61174,49158],[1,0]],[[61174,49158],[0,-1]],[[61174,49158],[-16,30]],[[61158,49188],[-4,6]],[[61154,49194],[-10,-2]],[[61144,49192],[-3,-6]],[[61140,49185],[0,-1]],[[61140,49185],[-3,0]],[[61137,49185],[-6,-1]],[[61130,49184],[-3,-3]],[[61126,49180],[-10,-5]],[[61116,49175],[0,-1]],[[61116,49174],[-5,-9]],[[61111,49166],[1,0]],[[61111,49166],[-3,2]],[[61108,49167],[-1,-1]],[[61107,49166],[-4,5]],[[61103,49171],[-11,2]],[[61092,49173],[4,15]],[[61096,49188],[-1,12]],[[61095,49200],[0,1]],[[61095,49200],[-2,12]],[[61093,49213],[-1,13]],[[61092,49226],[-10,7]],[[61082,49233],[-4,5]],[[61078,49238],[-5,7]],[[61073,49245],[-13,-3]],[[61060,49242],[0,1]],[[61060,49242],[-3,1]],[[61057,49243],[-14,2]],[[61043,49247],[-31,39]],[[61012,49286],[1,0]],[[61012,49286],[0,2]],[[61012,49288],[-1,1]],[[61011,49289],[6,19]],[[61017,49308],[-1,12]],[[61016,49322],[0,-1]],[[61016,49322],[27,16]],[[61043,49338],[1,3]],[[61044,49341],[0,-1]],[[61044,49343],[10,2]],[[61054,49345],[2,2]],[[61056,49347],[1,1]],[[61057,49348],[11,-3]],[[61068,49345],[18,10]],[[61086,49355],[0,1]],[[61086,49355],[1,4]],[[61087,49359],[-1,-1]],[[61086,49358],[-1,1]],[[61085,49359],[-1,0]],[[61084,49359],[0,1]],[[61084,49359],[-3,8]],[[61081,49367],[-1,13]],[[61080,49380],[-20,-4]],[[61060,49376],[-6,2]],[[61054,49378],[-1,0]],[[61054,49377],[-1,0]],[[61054,49377],[-1,-4]],[[61052,49374],[-1,0]],[[61051,49374],[0,1]],[[61051,49374],[-6,-3]],[[61045,49371],[-3,6]],[[61042,49377],[-10,28]],[[61032,49405],[-1,1]],[[61031,49406],[0,1]],[[61031,49408],[-34,33]],[[60997,49441],[-1,0]],[[60996,49441],[-5,-4]],[[60990,49437],[-89,34]],[[60900,49471],[0,1]],[[60900,49471],[-3,2]],[[60897,49474],[0,1]],[[60897,49474],[-1,1]],[[60896,49475],[-1,0]],[[60896,49475],[0,-1]],[[60896,49474],[-1,0]],[[60895,49475],[-2,0]],[[60893,49475],[-1,2]],[[60892,49477],[1,0]],[[60892,49477],[-3,4]],[[60889,49481],[-1,1]],[[60887,49482],[0,1]],[[60887,49482],[-1,0]],[[60886,49482],[-1,0]],[[60885,49482],[0,1]],[[60885,49482],[0,3]],[[60885,49485],[0,-1]],[[60885,49486],[0,1]],[[60885,49486],[14,18]],[[60899,49504],[-3,2]],[[60896,49506],[1,1]],[[60897,49507],[-2,1]],[[60895,49509],[2,1]],[[60898,49510],[-6,25]],[[60892,49535],[1,2]],[[60893,49538],[-1,5]],[[60892,49543],[0,2]],[[60892,49545],[1,0]],[[60892,49545],[-1,2]],[[60891,49548],[-4,3]],[[60886,49551],[8,33]],[[60894,49584],[4,18]],[[60898,49602],[-3,32]],[[60895,49634],[0,1]],[[60895,49635],[19,46]],[[60914,49681],[10,4]],[[60924,49685],[28,7]],[[60952,49692],[13,33]],[[60965,49725],[-1,0]],[[60964,49725],[-19,14]],[[60945,49739],[15,4]],[[60960,49743],[8,12]],[[60968,49755],[16,96]],[[60984,49851],[8,29]],[[60991,49880],[-1,0]],[[60991,49880],[0,-1]],[[60991,49880],[-1,-2]],[[60990,49878],[-3,12]],[[60987,49890],[-2,24]],[[60985,49914],[1,0]],[[60985,49914],[-17,19]],[[60968,49933],[1,0]],[[60968,49933],[-1,6]],[[60967,49939],[-16,16]],[[60951,49955],[3,24]],[[60954,49979],[-18,16]],[[60936,49995],[1,0]],[[60936,49996],[0,1]],[[60936,49997],[-3,82]],[[60933,50079],[1,0]],[[60933,50079],[3,22]],[[60936,50101],[33,68]],[[60969,50169],[0,2]],[[60969,50172],[-4,18]],[[60965,50190],[21,19]],[[60986,50209],[1,1]],[[60987,50210],[8,6]],[[60995,50216],[11,45]],[[61006,50261],[-5,3]],[[61001,50264],[-3,0]],[[60998,50264],[-5,-3]],[[60993,50261],[0,2]],[[60993,50263],[-3,8]],[[60990,50271],[0,1]],[[60990,50273],[0,6]],[[60990,50279],[-4,4]],[[60985,50283],[-10,-5]],[[60975,50278],[-1,0]],[[60974,50278],[0,1]],[[60974,50278],[-8,-1]],[[60965,50278],[-1,0]],[[60965,50278],[-3,0]],[[60962,50278],[-3,1]],[[60959,50281],[-1,2]],[[60958,50283],[0,1]],[[60956,50283],[-1,8]],[[60955,50291],[-5,2]],[[60950,50293],[1,0]],[[60949,50293],[-4,4]],[[60945,50297],[2,2]],[[60947,50299],[-1,0]],[[60946,50299],[-4,9]],[[60942,50308],[-3,2]],[[60938,50310],[1,1]],[[60940,50311],[6,2]],[[60946,50313],[1,1]],[[60947,50315],[7,35]],[[60954,50350],[0,9]],[[60954,50359],[0,1]],[[60954,50361],[-3,9]],[[60951,50370],[0,1]],[[60951,50371],[0,1]],[[60951,50373],[1,0]],[[60951,50373],[95,88],[3,21]],[[61049,50482],[-1,0]],[[61049,50482],[0,1]],[[61049,50483],[0,1]],[[61049,50484],[0,1]],[[61049,50485],[1,0]],[[61050,50485],[7,-4]],[[61057,50481],[10,5]],[[61067,50486],[1,0]],[[61068,50486],[-3,44]],[[61065,50530],[0,9]],[[61065,50539],[-1,1]],[[61064,50540],[1,0]],[[61064,50540],[-1,2]],[[61063,50542],[1,2]],[[61063,50545],[-1,0]],[[61063,50545],[-13,19]],[[61050,50564],[-59,129],[3,126],[-1,-8]],[[60993,50811],[47,128],[35,125],[126,-33],[54,-19]],[[61255,51012],[55,-9]],[[61310,51003],[124,27],[75,102],[-6,22]],[[61503,51154],[-83,43]],[[61420,51197],[-1,0]],[[61420,51197],[-3,0]],[[61417,51197],[1,0]],[[61417,51197],[1,1]],[[61418,51198],[-88,91],[-117,139],[-119,58],[-123,38],[-131,26],[-102,4]],[[60738,51554],[0,1]],[[60738,51554],[-8,2]],[[60729,51556],[-120,-48],[-124,-50],[-237,-22],[-100,-133],[-53,-121],[-88,-95],[-55,-114],[44,-68]],[[59996,50905],[-60,-120],[-115,-60],[-119,-46],[-111,-64],[-120,-53],[-84,-99],[-24,-39]],[[59363,50424],[-1,0]],[[59363,50424],[0,-1]],[[59362,50423],[-8,-7]],[[59354,50415],[-9,-11]],[[59345,50404],[-1,-1]],[[59344,50403],[-1,0]],[[59344,50403],[-1,-2]],[[59343,50401],[0,-1]],[[59343,50400],[-1,-5]],[[59342,50394],[-1,-4]],[[59341,50389],[1,-13]],[[59342,50376],[0,-1]],[[59342,50375],[0,-1]],[[59342,50374],[-7,-11]],[[59335,50363],[-44,-126],[39,-124],[-67,-109],[-66,-108],[-87,-97],[-121,-78],[-110,-112],[-36,-125],[-1,-12]],[[58842,49472],[-2,3]],[[58840,49475],[-51,-115],[-6,-98]],[[58783,49262],[72,-117],[-122,-48],[-119,42],[-124,60],[-122,53],[-138,45],[-192,50],[-156,24],[-166,4],[-185,-29],[-124,-27],[-124,-39],[-126,11],[-126,50],[-132,26],[-138,26],[-132,18],[-135,6],[-131,18],[-133,-9],[-127,-13],[-49,-5]],[[56054,49408],[25,129],[-42,120],[2,18]],[[56039,49675],[-1,0]],[[56039,49675],[-14,131],[56,148],[23,136],[93,86],[134,54],[116,-5]],[[56447,50225],[0,-1]],[[56447,50225],[74,114],[116,71],[40,121],[42,122],[111,62],[62,114],[0,127],[55,123],[82,96],[97,81],[58,130],[80,118],[56,123],[-14,168],[69,111],[39,5]],[[54106,50597],[-1,-1]],[[53431,51148],[-1,0]],[[56054,49408],[-144,-25],[-139,-32],[-125,-29],[-125,-32],[-136,-39],[-123,-40],[-119,-43],[-120,-42],[-125,-27],[-109,-64],[-123,-29],[-130,12],[-124,-30],[-128,-17],[33,128],[56,118],[59,113],[119,-51],[128,-39],[114,90],[113,58],[126,28],[99,156],[213,87],[1,-160],[28,145],[133,11],[-86,100],[40,148],[-75,107],[-125,21],[-126,25],[-125,-49],[-102,-75],[-134,-26],[-131,28],[-119,-54],[-126,20],[-131,8],[-79,104],[-139,87],[-34,127],[75,105],[16,223],[18,126],[-41,-141],[-34,-190],[-125,-57],[14,-160],[-54,-119],[-25,-123],[77,-112],[98,-82],[28,-123],[-129,-10],[-121,45],[-114,56],[-88,92],[-9,129],[42,122],[27,123],[-33,122],[-74,102],[-61,122],[6,131],[18,126],[29,127],[108,102],[19,155],[66,112],[-115,57],[-127,3],[26,-125],[-127,-2],[-1,-137],[-101,-3]],[[53302,51022],[-69,161],[-107,206],[-182,132],[-19,28]],[[51492,47069],[1,0]],[[53798,47555],[-1,0]],[[53893,48232],[-1,0]],[[53302,51022],[-119,51],[-162,-56],[-106,-72],[-84,-105],[-42,-120],[114,-67],[-83,-96],[-34,-128],[-44,-119],[-73,-112],[-76,-103],[-89,-119],[-72,-104],[-49,-121],[-20,-124],[-19,-156],[105,-79],[-2,-135],[-43,-119],[140,-29],[122,-43],[125,-36],[72,-104],[102,-84],[126,-37],[106,-74],[99,-78],[130,-22],[66,-107],[125,-22],[77,-101],[16,-127],[74,105],[103,-76],[-14,-126],[-41,-122],[-127,1],[-120,-58],[82,-96],[109,63],[-56,-115],[49,-119],[20,-125],[-109,-65],[-82,-108],[-134,14],[-122,40],[-119,41],[123,27],[123,-32],[128,3],[-4,130],[-102,76],[-77,-100],[-106,76],[-120,-43],[-126,-24],[-52,115],[108,65],[-103,75],[-48,-117],[-75,103],[-22,-125],[-19,-124],[-92,-87],[-104,-74],[-100,95],[-91,-87],[-111,65],[-51,-115],[-58,-112],[-124,32],[-115,-52],[-109,-63],[-120,-38],[-127,35],[-37,-120],[-124,-21],[-80,-106],[48,-116],[48,-119],[-98,-79],[-113,74],[82,95],[-113,-66],[-57,-112],[86,-93],[13,-126],[113,-64],[-136,-32],[80,-98],[-13,-127],[-91,90],[-110,63],[-32,-134],[102,-75],[-67,-107],[-103,-72],[-107,67],[-72,-108],[-96,-87],[-122,-112],[-67,-123],[-52,-118],[-48,-117],[-45,-118],[-40,-129],[-19,-54]],[[50379,44988],[-282,156],[-162,141],[-145,200],[-4,200]],[[49786,45685],[65,-54]],[[49851,45631],[59,133],[-36,89]],[[49874,45853],[109,42]],[[49983,45895],[74,106],[120,-37],[154,104],[-16,211],[32,41]],[[50347,46320],[56,115],[134,-12],[133,-19],[30,165],[90,88]],[[50790,46657],[1,0]],[[50790,46657],[-56,123],[1,128],[15,155],[-56,120],[95,91],[46,129],[-37,120],[-33,175],[-31,134],[-46,156],[-66,140],[63,110],[98,88],[141,20],[135,23],[102,103],[3,162],[-128,43],[-62,111],[-95,87],[-132,-17],[-124,45],[-64,57]],[[50559,48960],[0,1]],[[50559,48960],[-32,133],[76,106],[-104,136],[132,3],[9,126],[-100,85],[35,121],[-28,38]],[[50547,49708],[-101,121],[-27,125]],[[50419,49954],[136,56],[127,39],[17,131],[95,83],[-104,74],[52,119],[111,-69],[130,12],[108,-72],[139,-51],[126,14],[133,54],[163,94],[96,85],[21,131],[101,86],[61,98]],[[51931,50838],[-1,0]],[[51931,50838],[12,128],[-3,145],[79,108],[5,128],[27,145],[22,127],[-67,126],[-77,107],[3,83]],[[50419,49954],[22,140],[-93,90]],[[50348,50184],[-1,0]],[[50348,50184],[-131,-15],[-110,123],[7,65]],[[50114,50357],[1,0]],[[50114,50357],[-128,10],[-137,39],[-22,142],[37,133],[-94,136],[-82,110],[-28,153],[35,197],[34,155],[26,129],[-18,131],[-30,146],[-10,126],[43,153],[57,121],[-141,11],[-53,138],[-109,100],[-51,91]],[[50547,49708],[-84,-106],[-131,-14],[-72,113],[-127,34],[-123,43],[-73,-133],[-113,-68],[-141,12],[-122,44],[-136,14],[-108,114],[-26,126],[-3,4]],[[49288,49891],[51,142],[-85,97],[-84,94],[-57,129],[-62,125],[-79,103],[-150,9],[34,134],[-115,62],[-95,-104],[75,-102],[-124,-36],[-108,66],[-123,51],[-9,131],[-122,142],[-149,17],[-138,37],[-18,140],[-19,5]],[[47911,51133],[46,117],[25,12]],[[47982,51262],[-1,0]],[[47982,51262],[18,7]],[[48000,51269],[-1,0]],[[48000,51269],[-21,152],[-66,110],[-5,6]],[[47908,51537],[-2,0]],[[47906,51537],[-151,82],[-136,-32],[-20,126],[-134,31],[-121,-58],[-136,35],[34,137],[-102,89],[-23,125],[-117,83],[-144,-30],[-113,-99],[-43,127],[-136,11],[-89,111],[-166,40],[-130,72],[-11,146],[29,172],[70,132],[142,-63],[129,-21],[137,93],[-2,127],[-31,122],[-1,127],[-7,140],[-13,67]],[[46621,53429],[-1,1]],[[46620,53430],[-117,-19]],[[46503,53411],[-2,2]],[[46501,53413],[-120,-49],[-131,-52],[-85,78]],[[46165,53390],[1,0]],[[46165,53390],[-80,128],[-108,100],[-9,130],[2,132],[1,102]],[[45971,53982],[1,0]],[[45971,53982],[0,-1]],[[45971,53982],[115,-56],[131,10],[118,62],[74,106],[123,45],[124,38],[104,77],[81,104],[129,30],[134,28],[116,54],[112,62],[94,-86],[95,-85],[74,-103],[70,-108],[-27,-125],[-128,-14],[-64,-124],[-62,-114],[-83,-97],[-73,-103],[-14,-125],[99,97],[96,83],[105,-77],[-120,-68],[95,-90],[117,-83],[121,47],[35,-126],[-49,-116],[115,59],[129,-38],[30,128],[-128,-8],[-79,102],[74,104],[119,48],[120,46],[75,102],[81,-99],[107,-53]],[[47380,48292],[-124,-28],[156,126],[-32,-98]],[[49288,49891],[-78,-118],[-22,-129],[-106,-98],[7,-132],[-55,-186],[-49,-128],[109,-75],[-83,-139],[17,-130],[60,-121],[19,-134],[20,-128],[-69,-114],[-41,-178],[-28,-26]],[[48989,48055],[-188,-23],[-137,-30],[-137,-96],[-126,-3],[-167,-6],[-178,-34],[-156,-49],[-126,-23],[-122,-59],[-199,5],[-158,-39],[-12,8]],[[47283,47706],[-1,1]],[[47283,47706],[-90,-125],[-125,-31],[-132,-6],[-77,105],[26,62]],[[46885,47711],[-1,0]],[[46885,47711],[-44,12]],[[46841,47723],[-2,1]],[[46839,47724],[0,1]],[[46839,47724],[1,0]],[[46840,47724],[112,58],[125,32],[124,25],[121,37],[81,101],[103,78],[88,95],[102,87],[88,91],[87,91],[63,116],[-38,142],[129,-2],[111,64],[52,121],[-126,21],[-32,183],[72,-142],[125,-19],[30,123],[-137,6],[19,124],[80,105],[-107,70],[-22,141],[-40,43]],[[48050,49515],[153,167],[39,84]],[[48242,49766],[0,-1]],[[48242,49766],[-45,122],[-61,112],[-33,208],[63,143]],[[48166,50351],[1,0]],[[48166,50351],[-39,135],[148,63],[-105,80],[-169,32],[-117,59],[-33,136],[-8,127],[-76,103],[127,42],[17,5]],[[46498,49102],[72,-108],[-40,-119],[-70,-105],[-34,-121],[-92,-89],[-77,-128],[-98,-90],[-53,-114],[-25,-169],[-1,-128],[68,-109],[45,-118],[88,-91],[-45,-119],[-131,-43],[-113,-60],[-116,-51],[-105,-93],[-121,-47],[-124,-25],[-103,76],[-70,111],[-112,58],[-56,114],[3,133],[87,130],[143,26],[69,106],[43,118],[74,102],[60,115],[71,126],[114,54],[73,105],[58,112],[99,80],[102,74],[109,90],[76,109],[107,86],[25,2]],[[43868,49630],[-1,185],[-21,141],[-73,109],[-85,60]],[[43688,50125],[0,1]],[[43688,50125],[-85,107],[52,115],[88,100],[-47,120],[-91,88],[86,95],[29,146],[-30,135],[96,91],[80,114],[62,111]],[[43928,51347],[0,1]],[[43928,51347],[75,121],[34,124],[184,68],[-8,132],[-121,109],[89,142]],[[44181,52043],[127,-53],[115,72],[160,128],[16,131],[-27,170],[-15,137],[-101,89],[7,177],[-114,82],[-49,116],[-19,131],[-54,120],[33,136],[-67,112],[-50,128],[-89,61]],[[44054,53780],[130,7],[124,33],[101,77],[112,61],[120,50],[124,-31],[128,13],[100,-87],[118,49],[121,41],[124,-32],[126,27],[130,-2],[129,26],[121,-41],[109,11]],[[46501,53413],[2,-2]],[[46620,53430],[1,-1]],[[47906,51537],[2,0]],[[48050,49515],[-129,-86],[105,95],[-105,-74],[-64,120],[-108,72],[-139,-26],[-205,-81],[-125,-80],[-111,-64],[-75,-109],[-128,-21],[-125,-36],[-131,-42],[-118,49],[-144,25],[-125,44],[-100,82],[-114,55],[-99,88],[-106,76],[-148,3],[-85,103],[-125,61],[-91,88],[-123,30],[-130,-31],[-151,-31],[-115,53],[-111,-80],[-116,60],[-125,-34],[-123,-32],[-8,129],[-60,-113],[-119,-71],[-97,-81],[-114,55],[-139,-10],[-56,-71]],[[50347,46320],[-102,-94],[-122,-47],[-113,-56],[-72,-62]],[[49938,46061],[0,1]],[[49938,46061],[45,-166]],[[49874,45853],[4,-132],[-27,-90]],[[49786,45685],[-143,139],[-142,-53],[-142,-14],[-201,68],[-132,-29],[-88,-90],[-122,99],[30,133],[17,126],[32,209],[-135,93],[-39,161],[-116,65],[10,156],[108,123],[154,139],[76,120],[57,151],[150,-5],[124,24],[-44,209],[-126,24],[-43,118],[-22,73]],[[49049,47724],[-3,0]],[[49049,47724],[-20,144],[-25,129],[-15,58]],[[47038,45605],[-1,0]],[[50379,44988],[-75,-112],[-62,-121],[-70,-104],[-19,-124],[-107,-69],[97,-84],[-107,-72],[-103,-72],[-50,-115],[-110,-64],[-128,-49],[-96,-82],[-36,-121],[7,-126],[-124,-17],[67,109],[-61,111],[-121,-31],[-101,76],[-128,-11],[-110,64],[-125,14],[-120,34],[-123,25],[-123,22],[-95,82],[-120,39],[-98,86],[-103,72],[-43,118],[4,130],[-110,74],[-115,49],[4,126],[113,-60],[66,109],[-46,127],[-104,71],[-89,89],[-122,37],[-123,46],[-94,84],[-132,58],[-91,88],[-58,122],[-147,155],[-124,-24],[-126,6],[107,104],[7,126],[91,89],[-127,5],[49,117],[107,69],[132,56],[61,128],[-89,90],[-115,54],[-124,20],[66,108],[90,102],[81,97],[126,2],[129,49],[-105,70],[-75,109],[-84,98],[-132,90],[-48,121],[-122,36],[34,124],[84,106]],[[46841,47723],[-1,1]],[[44181,52043],[-131,-44],[-124,-67],[-151,-75],[-129,35],[-128,-52],[-146,-43],[-143,25],[25,149],[-73,119],[-13,79]],[[43168,52169],[1,0]],[[43168,52169],[-99,79],[-77,100],[-139,-25],[-128,29],[-93,53]],[[42632,52405],[-1,0]],[[42632,52405],[54,147],[-131,-29],[-132,-50],[-70,-105],[-122,-44],[-134,-42],[-55,-165],[-124,34],[-63,120],[-124,87],[-122,45],[-169,24],[-127,24],[-161,52],[-122,-77],[-39,-143],[-32,-173],[-114,-81],[-121,-45],[61,-111],[-111,-81],[-132,-49],[-139,-2],[-40,-209],[-105,-77],[-119,-60],[-144,-19],[-105,-80],[-73,-103],[-4,-2]],[[39813,51191],[-86,97],[-147,-22],[-126,-30],[-130,-13],[-22,45]],[[39302,51268],[28,137],[12,150],[101,83],[68,122],[-67,118],[37,137],[123,42],[137,58],[146,20],[63,113],[-24,126],[-9,127],[78,121],[19,142],[-287,311],[-97,93],[-90,214],[179,93]],[[39719,53475],[62,-136],[41,-125],[101,-79],[118,-48],[128,-31],[126,-25],[123,34],[68,132],[190,102],[171,60],[206,35],[116,-53],[138,-35],[126,-24],[154,-24],[129,-7],[137,1],[137,7],[127,13],[131,20],[129,16],[123,45],[134,17],[171,-37],[135,19],[127,18],[135,18],[136,49],[129,12],[122,42],[104,73],[79,100],[136,7],[132,50],[14,59]],[[39302,51268],[-130,40],[-135,-9],[-133,-59],[-98,103],[-125,-34],[-163,0],[-121,65],[-142,0],[-97,-124],[-60,-119],[-84,-100],[-139,-123],[-65,-119],[-90,-94],[-141,6],[-87,-101],[-88,-97],[140,-116],[95,-169],[-132,-42],[-128,6],[-121,-46],[-142,-90],[-123,-75],[-145,20],[-133,14],[-107,81],[-77,-104],[-137,-55],[-126,46],[-131,20],[-81,-99],[-88,91],[-118,-86],[-73,-130],[-117,-72],[-119,-50],[-93,-86],[96,-91],[-51,-119],[-80,-108],[-40,-121],[35,-138],[-71,-120],[-120,-94],[-106,-70],[31,-123],[45,-127],[2,-2]],[[35189,48448],[-128,-15],[-74,-107],[-84,-99],[48,-142],[-66,-173],[-89,-137],[-129,23],[-124,-34],[-59,-20]],[[34484,47744],[1,0]],[[34484,47744],[-117,-47],[-135,-17],[-94,84],[-67,137],[-56,130],[93,141],[22,130],[-140,15],[-119,-42],[-120,44],[10,137],[-61,111],[22,125],[62,56]],[[33784,48748],[0,1]],[[33784,48748],[6,127],[59,115],[-8,128],[-86,105],[-40,162],[18,55]],[[33733,49440],[125,-21],[160,17],[124,36],[119,51],[101,80],[60,112],[74,102],[158,151],[99,79],[108,68],[86,93],[46,118],[130,-3],[48,117],[56,113],[108,70],[89,97],[86,93],[112,60],[91,89],[82,104],[118,48],[140,36],[90,89],[52,115],[104,74],[103,82],[42,121],[65,108],[98,82],[112,77],[87,93],[122,52],[93,86],[114,57],[124,31],[120,82],[71,105],[46,119],[28,129],[-8,127],[-107,74],[32,122],[128,-3],[127,18],[131,13],[-87,94],[120,43],[128,33],[112,66],[121,55],[131,2],[120,43],[128,-4],[54,115],[129,-15],[106,70],[118,51],[110,64],[128,-9],[97,-82],[124,32],[129,6],[130,15],[131,0],[128,0],[-119,-69],[-148,-32],[2,-6]],[[38791,55724],[131,-25],[103,-76],[-127,-22],[-113,69],[6,54]],[[39211,56130],[55,-115],[91,-89],[-141,9],[-57,-113],[-100,-79],[7,126],[-23,124],[96,85],[72,52]],[[39043,56235],[-2,-137],[-48,-136],[-84,-95],[-100,86],[-67,-108],[-136,1],[-3,128],[77,106],[127,20],[72,108],[126,-30],[38,57]],[[39852,57193],[79,-102],[97,-84],[121,-48],[77,-101],[-12,-125],[-5,-131],[-75,-109],[-27,123],[-59,-112],[34,-123],[-129,-4],[-136,-22],[-128,-14],[-60,113],[-86,95],[-30,135],[-20,129],[87,95],[30,127],[116,91],[134,50],[-8,17]],[[41765,48366],[-1,0]],[[41765,48366],[0,0]],[[42742,48832],[-1,0]],[[43674,49648],[-2,-3]],[[43778,49669],[115,-53],[-115,-54],[0,107]],[[43868,49630],[-112,65],[-98,-80],[-128,11],[-121,49],[59,-111],[21,-125],[-105,-76],[-82,-142],[-103,-81],[-91,-96],[-111,-60],[-138,10],[-67,108],[-139,18],[-121,-47],[122,-34],[126,-21],[-38,-121],[-97,-92],[-10,-127],[-112,65],[-57,-117],[-76,-115],[-5,-127],[-136,9],[-120,42],[-133,25],[-99,-82],[-111,-61],[-21,49]],[[41765,48366],[1,0]],[[41765,48366],[-75,108],[-51,130],[2,-142],[-147,220],[-135,-50],[-125,-27],[-123,-33],[-105,-111],[-125,-39],[-104,76],[-60,115],[53,-115],[27,-126],[-121,-38],[-141,53],[-37,120]],[[40498,48507],[-1,147],[3,168],[-76,106],[-106,107],[-61,115],[30,145],[-59,207],[-28,130],[-9,127],[18,128],[24,147],[-94,92],[-89,98],[-95,143],[-19,150],[-12,206],[84,123],[-15,135],[-72,57]],[[39921,51038],[-1,0]],[[39921,51038],[-87,93],[-21,60]],[[38195,47187],[72,-103],[-110,-65],[-123,-35],[79,161],[82,42]],[[36985,47206],[84,-94],[-113,-76],[86,-94],[-42,-121],[133,28],[-21,-124],[-126,-7],[-126,36],[-103,-74],[-108,80],[105,78],[117,66],[-44,126],[46,117],[113,57],[-1,2]],[[37667,47221],[141,-48],[43,-119],[-133,18],[-151,51],[100,98]],[[38511,47597],[-13,-178],[-43,-118],[-117,-54],[-129,11],[-40,123],[117,46],[127,40],[68,107],[30,23]],[[36773,47651],[67,-121],[-18,-125],[-13,-142],[-61,-114],[47,-118],[-57,-112],[-125,-28],[29,126],[4,127],[-116,49],[-93,101],[-29,128],[110,61],[78,-101],[108,-73],[-3,127],[-79,99],[101,75],[50,41]],[[36210,47721],[54,-116],[-85,-96],[-82,-97],[-114,-56],[-4,134],[58,115],[121,42],[52,74]],[[38299,47727],[-3,0]],[[39291,47747],[52,-117],[-100,-77],[-104,-79],[-91,92],[54,126],[127,24],[62,31]],[[39361,47941],[102,-78],[98,-81],[-38,-121],[-132,-4],[-61,112],[15,129],[16,43]],[[39607,48176],[21,-125],[-34,-121],[-121,39],[-37,124],[111,61],[60,22]],[[40498,48507],[-5,-142],[-119,44],[100,-107],[-138,-3],[-81,-106],[0,-142],[-112,-67],[-118,53],[-131,28],[-128,23],[64,119],[-69,108],[-70,-105],[-129,-36],[-118,-53],[-131,-39],[-126,-3],[-85,-97],[-66,-113],[-121,-38],[-129,-5],[-139,11],[-122,-34],[-133,-13],[-114,-59],[-78,-99],[-61,110],[-124,-31],[-57,-113],[-127,-20],[66,-107],[-106,-72],[-142,-21],[-83,-99],[-123,-41],[-125,24],[-94,85],[-71,-111],[-114,-56],[-55,114],[85,94],[-123,26],[-31,123],[-35,124],[-28,124],[32,129],[-117,53],[-109,-78],[-120,59],[-144,6],[-132,-22],[-95,-85],[-67,-114],[-81,-103],[-96,-84],[-99,-81],[-3,-131],[50,-80]],[[35871,47254],[-202,-19],[-98,104],[-95,143],[-35,143],[-39,136],[-87,108],[-116,57],[22,132],[-26,130],[27,123],[-36,124],[3,13]],[[35731,45425],[98,-78],[93,-88],[-128,6],[-105,88],[42,72]],[[35200,45616],[114,-69],[-59,-123],[-103,-74],[65,109],[-30,122],[13,35]],[[30743,45997],[0,-1]],[[30743,45996],[26,-127],[-100,78],[62,114],[12,-64]],[[35826,46123],[98,-82],[132,-61],[73,-102],[118,-44],[101,107],[127,3],[58,112],[122,-49],[-109,-86],[-120,-42],[-106,-87],[25,-137],[-124,-18],[-39,123],[-125,15],[-77,-99],[-127,21],[-108,-65],[-77,110],[-62,146],[42,121],[94,88],[84,26]],[[34378,46228],[7,-138],[-79,-98],[-126,0],[103,77],[84,96],[11,63]],[[32021,48312],[-82,-100],[-101,-85],[-100,77],[117,50],[124,29],[42,29]],[[35871,47254],[-51,-119],[62,-218],[-139,-58],[-35,-122],[31,-130],[30,-129],[-9,-126],[-50,-117],[-73,-138],[-160,-25],[-69,-112],[21,-130],[61,-136],[45,-120],[-108,-76],[-54,121],[-63,111],[-91,87],[-122,33],[-126,2],[-112,86],[-90,95],[-123,30],[-95,82],[-107,85],[-92,86],[-113,-55],[-18,-126],[-129,21],[27,126],[92,98],[-130,22],[74,103],[-133,17],[-90,-4]],[[33932,46518],[-4,-4]],[[33928,46514],[-1,-1]],[[33927,46513],[-1,-1]],[[33926,46512],[-1,-2]],[[33925,46510],[0,-1]],[[33925,46509],[-1,-2]],[[33924,46507],[0,-2]],[[33924,46505],[0,-1]],[[33924,46504],[0,-3]],[[33924,46501],[1,-2]],[[33925,46499],[-13,-12]],[[33912,46487],[-13,14]],[[33899,46501],[25,24]],[[33924,46525],[-126,2],[-119,-40],[-120,-38],[-115,-54],[-129,-7],[-98,-90],[-131,2],[-135,117],[-71,-104],[-105,-78],[-68,110],[-85,-94],[52,118],[-71,108],[-102,-78],[-14,-128],[-62,-130],[-91,-90],[-117,-46],[-122,-83],[-126,13],[2,134],[-131,-60],[-125,9],[16,131],[-95,101],[-109,62],[-64,109],[-139,37],[-99,78],[-75,-104],[-70,-111],[-54,-115],[-101,-82],[-110,-93],[-72,-35]],[[30743,45997],[-2,126],[-19,138],[3,126],[12,133],[-95,89],[-60,111],[-25,129],[144,85],[66,107],[47,117],[-60,111],[3,131],[-80,104],[-94,89],[50,116],[17,125],[39,124],[100,-78],[129,47],[116,54],[123,35],[-20,124],[-128,-6],[-125,20],[68,111],[136,-6],[131,-68],[119,42],[126,-19],[126,-44],[35,-121],[124,-28],[83,95],[60,-115],[89,91],[130,-17],[127,-21],[102,76],[119,54],[124,32],[98,88],[-90,89],[129,18],[57,113],[41,120],[47,117],[127,-16],[71,104],[140,112],[12,125],[94,84],[60,114],[101,79],[83,-96],[102,76],[78,97]],[[33918,46507],[6,-2]],[[33924,46507],[1,2]],[[33925,46510],[1,2]],[[33926,46512],[1,1]],[[33927,46513],[1,1]],[[33928,46514],[4,4]],[[33932,46518],[-8,7]],[[33924,46525],[-25,-24]],[[33899,46501],[19,6]],[[33918,46507],[7,-8]],[[33925,46499],[-1,2]],[[33924,46504],[-6,3]],[[33912,46487],[8,8]],[[44836,45153],[1,0]],[[44836,45153],[0,0]],[[45109,47387],[-51,-117],[-19,-124],[-117,55],[113,89],[74,97]],[[44836,45153],[-25,-123],[-104,-70],[-103,-73],[-104,-71],[-114,-54],[-111,-60],[-122,-27],[-71,-104],[-51,-185],[-121,-42],[-92,-99],[-11,-69]],[[43807,44176],[-124,56],[-124,-21],[-115,50],[-127,127],[-93,128],[86,107],[-12,141],[-154,87],[-168,-5],[-97,124],[-30,157],[1,127],[-70,112],[-92,87],[-107,75],[-138,-122],[-190,-91],[-116,58],[-72,132],[-132,14],[-133,17],[-138,-20],[-177,60],[-129,74],[-34,75]],[[41322,45725],[60,112],[15,132],[47,131],[-57,150],[7,82]],[[41394,46332],[135,26],[56,122],[153,135],[173,0],[89,109],[154,28],[149,27],[146,-89],[110,-67],[114,54],[113,80],[132,61],[158,5],[85,110],[98,130],[133,20],[132,31],[93,2]],[[43617,47116],[0,-1]],[[43617,47116],[138,-9],[125,-22],[130,47],[103,-83],[134,-34],[43,120],[35,105]],[[44325,47240],[144,17],[108,66],[137,3],[116,52],[43,-120],[87,-91],[121,-50],[-52,-134],[-30,-125],[-28,-162],[-52,-126],[-29,-133],[18,-125],[57,-116],[99,79],[88,-92],[84,-95],[104,-130],[-23,-124],[-81,-98],[-116,-51],[-28,-127],[125,13],[126,-2],[-101,-76],[125,11],[120,37],[-84,-97],[-111,-58],[-114,-56],[-113,-55],[-118,-60],[-118,-47],[7,-15]],[[41394,46332],[-107,69],[-135,26],[-70,50]],[[41082,46477],[116,51],[18,135],[16,136],[15,129],[19,128],[-30,144],[-80,101],[-100,79],[-81,99],[127,-28],[107,-69],[131,11],[127,-30],[94,90],[51,128],[124,31],[110,65],[102,102],[-17,128],[119,41],[-50,-120],[134,25],[80,99],[110,80],[126,6],[136,-82],[134,-31],[130,-15],[124,32],[126,9],[21,124],[127,0],[-9,-126],[9,-128],[86,93],[100,79],[63,-109],[122,-35],[-17,-126],[22,-125],[132,-47],[156,-71],[119,-46],[129,-21],[69,-112],[96,-61]],[[41514,48129],[71,-108],[-97,-106],[-52,115],[72,107],[6,-8]],[[42958,48596],[35,-121],[-134,-15],[35,124],[64,12]],[[43965,48900],[20,-124],[17,-126],[-49,-117],[15,-126],[-38,-121],[-68,107],[-119,-43],[106,72],[-126,47],[-94,-85],[-49,-124],[-35,126],[-36,122],[-131,20],[-99,-85],[-44,123],[33,124],[133,1],[139,44],[86,96],[126,-14],[122,66],[91,17]],[[37659,45662],[-1,0]],[[37659,45662],[0,2]],[[37412,46359],[-9,-135],[3,-132],[-126,-28],[-116,53],[95,91],[105,84],[48,67]],[[41322,45725],[-129,-46],[-121,35],[-128,-21],[-141,-60],[-70,-123],[-132,-8],[-160,5],[-135,-20],[-135,12],[-199,-81],[-125,67],[-101,-188],[-137,-24],[-124,-76],[-100,-85],[-70,-159],[-78,-168],[-125,-111],[-70,-138],[-22,-134],[-3,-166],[-96,-172],[-55,-117],[-92,-109],[-182,-44],[-187,15],[-157,22],[-129,1],[-81,-99],[61,-123],[44,-123],[53,-9]],[[38196,43478],[0,1]],[[38196,43478],[15,-1]],[[38211,43477],[0,1]],[[38211,43477],[25,-134],[121,-69],[42,-127],[-107,-103],[-111,-77],[-123,-38],[-106,-87],[-41,-132],[1,-128],[-125,-22],[-45,-122],[-95,-113],[-171,18],[-91,89],[-31,-145],[103,-150],[43,-148],[3,-148],[35,-172],[23,-124],[-6,-130],[-109,-66],[4,-71]],[[37450,41278],[-126,-15],[-124,15],[-83,99],[-120,-32],[-119,35],[-34,-127],[-111,75],[112,55],[-77,99],[124,-8],[121,-27],[-106,67],[-43,121],[-75,100],[-50,115],[-130,16],[-110,-63],[-48,-116],[3,130],[33,125],[104,-70],[128,43],[-6,132],[13,125],[124,45],[-109,66],[-123,39],[38,124],[-68,110],[-110,-69],[57,112],[121,-35],[61,-113],[122,-29],[-33,123],[99,78],[112,55],[-84,97],[82,107],[-125,-50],[-105,71],[59,111],[116,51],[-123,21],[-124,-12],[-130,34],[-117,-44],[-114,52],[85,96],[105,68],[-2,126],[-109,-79],[-2,127],[-16,125],[91,86],[-84,95],[-88,93],[-121,-32],[-131,12],[-65,-112],[-111,-59],[-110,-60],[-114,-54],[-109,-63],[-60,-110],[-126,-54],[-64,110],[-110,-59],[-96,-82],[-113,-64],[73,103],[102,73],[92,88],[101,74],[125,-8],[110,59],[70,116],[123,-34],[136,29],[42,119],[121,43],[102,74],[109,63],[112,60],[103,71],[72,106],[86,98],[74,107],[127,89],[134,49],[118,43],[131,80],[98,80],[101,99],[63,124],[70,108],[-6,142],[-28,135],[28,151],[98,82],[-30,13]],[[37659,45664],[-12,125],[120,39],[76,100],[42,122],[13,133],[39,122],[114,59],[101,88],[119,94],[119,42],[90,90],[-37,120],[93,85],[108,-65],[82,-96],[62,-111],[86,-93],[68,-124],[52,-115],[30,-126],[87,-94],[111,-95],[153,2],[118,73],[164,7],[77,116],[122,49],[127,-2],[123,26],[125,-39],[133,33],[122,-30],[117,-45],[137,-3],[116,59],[46,125],[103,85],[77,57]],[[38919,47182],[126,-22],[103,-79],[-62,-111],[-84,-95],[-88,-90],[-65,110],[87,91],[-72,103],[55,93]],[[39192,47398],[48,-120],[-115,-70],[-124,35],[23,125],[128,12],[40,18]],[[38821,47667],[91,-89],[79,-102],[-10,-133],[-78,-100],[-130,-2],[-114,-66],[-75,103],[117,59],[40,123],[-25,124],[101,75],[4,8]],[[37026,40487],[96,-88],[-36,-120],[-96,79],[33,123],[3,6]],[[43807,44176],[-84,-99],[-59,-137],[-71,-112],[-58,-147],[-92,-200],[-15,-130],[-33,-121],[-21,-124],[-25,-131],[-3,-127],[-113,54],[-78,104],[-109,65],[-73,107],[-81,96],[-107,80],[-17,125],[-85,96],[-116,64],[-114,56],[-50,116],[-81,103],[-131,29],[-149,37],[-285,44],[-93,90],[-156,11],[-124,-21],[-133,-27],[-129,-28],[-117,-49],[-37,126],[-86,-92],[90,-88],[-109,-61],[-113,-54],[-119,-71],[-118,-49],[-127,-2],[-88,-90],[-124,-15],[120,-38],[84,94],[127,-4],[-76,-101],[-116,-51],[-125,-15],[-120,-43],[-26,-124],[-114,53],[-14,135],[-65,-122],[-61,-114],[-51,-115],[-1,-127],[-23,-126],[50,-116],[-12,-126],[-48,-119],[-111,-57],[33,-122],[-122,24],[-83,-96],[-52,-114],[-58,-111],[-101,-73],[-52,-118],[-7,-129],[-115,52],[-125,-7],[-87,-100],[-41,-134],[-26,-124],[0,-128],[49,-116],[-6,-127],[-110,-69],[-94,-89],[-7,-137],[94,-83],[101,-73],[54,-113],[24,-132],[-124,-2],[-76,101],[-2,126],[-124,38],[-124,9],[-112,-63],[-122,26],[-85,-93],[-115,-56],[-127,27],[-84,92],[-72,108],[-122,-26],[-114,-50],[-96,-80],[8,126],[39,123],[66,111],[50,115],[83,95],[65,109],[-111,59],[-112,14]],[[31084,45346],[1,0]],[[31788,44493],[-51,-158],[57,-176],[-37,-174],[-235,-23],[-16,10]],[[31506,43972],[0,-1]],[[31506,43972],[-128,2],[-124,27],[-125,-9],[-185,-42],[-142,-155],[-95,-82],[-48,-134],[-26,-167],[-97,-86],[-98,-104],[88,-135],[-7,-139],[17,-82]],[[30536,42866],[0,-1]],[[30536,42866],[-119,-43],[100,-125],[-33,-128],[107,-65],[7,-137],[-36,-134],[-74,-107],[-33,-18]],[[30455,42109],[-131,60],[-134,34],[-97,86],[-117,54],[-47,-4]],[[29929,42339],[1,0]],[[29929,42339],[-137,-79],[-31,-124],[-131,8],[-138,11],[-108,-65],[-83,-94],[-134,-97],[-1,-141],[-80,-124],[-129,10],[-141,-8]],[[28816,41636],[24,146],[-4,154],[-109,122],[-72,139],[-64,81]],[[28591,42278],[-10,187],[95,186],[55,185],[132,47],[111,61],[124,168],[175,122],[32,348],[-110,133],[-117,-55],[-145,-95],[-100,-75],[-75,111],[-117,53],[-120,40],[-120,83],[-130,78],[-126,-25],[-140,34],[-106,-73],[-140,26],[-137,22],[-130,-26],[-121,-3]],[[27371,43810],[24,124],[121,32],[126,27],[87,92],[103,71],[-117,54],[-116,48],[31,126],[154,7],[32,122],[117,55],[89,89],[77,-112],[135,-78],[30,-129],[127,-1],[107,73],[126,6],[123,23],[51,129],[89,121],[-12,133],[-112,-71],[-123,-33],[-109,-63],[123,90],[103,74],[71,110],[117,70],[81,151],[-31,136],[-52,115],[113,54],[13,125],[123,29],[69,106],[120,49],[114,-58],[137,21],[107,75],[77,99],[113,88],[120,-46],[123,92],[-56,-118],[126,48],[131,-49],[-135,-150],[-112,-57],[125,24],[109,62],[103,138],[116,-49],[22,-124],[166,43],[72,112],[77,112],[115,68],[127,-6],[-54,-118],[-20,-124],[-5,-130],[-31,-136],[-117,-61],[12,-128],[194,-3],[-111,-61],[44,-126],[72,-103],[25,-123],[52,-116],[82,-106],[72,-103],[68,-115],[135,-8],[129,-36],[83,1]],[[28591,42278],[-190,26],[-99,82],[-111,120],[-103,-90],[-98,-84],[-111,-98],[-136,-68],[36,-142],[54,-115],[47,-118],[63,-109],[71,-110],[73,-129],[-82,-17]],[[28005,41426],[-160,21],[-199,49],[-115,50],[-130,72],[-111,96],[-92,135],[-105,67],[-123,86],[-35,121],[115,48],[-38,124],[-100,82],[-124,-25],[-115,67],[-119,40],[-64,109],[-2,129],[-78,132],[-82,125],[-6,1]],[[26322,42955],[0,-1]],[[26322,42955],[37,207],[56,46]],[[26415,43208],[94,-83],[62,-122],[20,124],[28,133],[71,103],[23,127],[-117,45],[-93,84],[-96,83],[23,124],[128,-24],[65,-112],[48,116],[-83,94],[-19,126],[99,77],[116,-50],[22,125],[124,-21],[101,-75],[3,-132],[-15,-129],[114,-84],[175,-35],[63,108]],[[22256,39669],[-1,0]],[[26690,39970],[0,-1]],[[22496,39830],[1,0]],[[22496,39830],[-1,0]],[[22495,39830],[77,-104],[-105,-74],[-81,96],[-122,40],[-126,10],[-99,-75],[-103,73],[-89,89],[121,-52],[114,59],[-78,99],[99,95],[-71,104],[-21,128],[16,127],[-2,126],[123,-13],[66,-118],[113,51],[108,61],[40,-125],[90,86],[1,126],[91,-89],[36,-120],[125,3],[-62,-115],[45,-126],[94,-82],[76,-100],[-119,-44],[-122,-24],[-98,82],[-115,-49],[-67,-108],[46,-37]],[[22496,39830],[-1,0]],[[26330,40722],[-1,0]],[[22844,40904],[87,-90],[65,-107],[-67,-126],[-124,-7],[-72,104],[12,125],[122,-79],[-18,125],[-5,55]],[[23143,41090],[70,-104],[-18,-131],[-37,-121],[-114,58],[-20,126],[-120,34],[100,85],[77,-111],[84,95],[-22,69]],[[23330,41314],[99,-78],[38,-120],[11,-128],[-121,27],[-106,78],[122,-24],[-68,106],[-4,126],[29,13]],[[25713,41929],[93,-84],[-88,-90],[-31,122],[26,52]],[[26427,42265],[-4,-128],[2,-128],[-93,85],[-15,-131],[-110,59],[47,119],[40,119],[129,9],[4,-4]],[[23804,42389],[-5,-128],[29,-124],[-24,-129],[-44,-119],[-17,-126],[-12,-126],[101,-73],[99,76],[123,16],[19,-125],[-91,-90],[-69,-106],[-110,58],[-52,-115],[-54,-115],[46,-119],[-108,-64],[-2,-128],[-84,97],[-27,125],[-7,127],[2,129],[-126,18],[-32,123],[124,-25],[104,71],[-58,121],[8,126],[114,-51],[42,120],[-1,126],[86,91],[-38,126],[29,123],[35,90]],[[23587,42648],[123,-23],[1,-134],[-125,-4],[-108,64],[88,90],[21,7]],[[23864,43030],[53,-121],[-47,-119],[-127,1],[-97,87],[100,80],[102,72],[16,0]],[[25942,43325],[6,-5]],[[25948,43320],[-1,-3]],[[25947,43317],[123,-55],[132,32],[141,-20],[72,-66]],[[28005,41426],[-8,-128],[-129,-67],[-20,-145],[80,-121],[124,-3],[98,77],[132,4],[126,11],[97,-78],[62,-117],[58,-120],[57,-112],[-16,-130],[-36,-131],[-78,-100],[31,-122],[-96,-79],[-114,-59],[-126,6],[-50,-115],[-110,-86],[-134,-2],[-112,78],[-110,58],[-7,146],[107,72],[90,97],[89,96],[7,126],[-81,96],[-125,89],[-124,-22],[-122,23],[-116,-59],[-105,-72],[-123,-19],[-128,6],[-51,-117],[-98,-78],[-55,-114],[-51,-116],[-90,-88],[-58,-41]],[[26690,39970],[-101,-73],[-64,-110],[-95,-82],[-123,-20],[66,106],[53,114],[58,114],[36,120],[21,124],[109,61],[71,118],[-89,-90],[-119,-38],[48,118],[-97,78],[-52,114],[-81,95],[-123,13],[-71,103],[-105,67],[-54,116],[-34,122],[-53,118],[-72,114],[-35,121],[60,110],[19,124],[53,115],[42,123],[30,124],[98,-78],[114,-83],[102,-72],[-81,-106],[-32,-123],[125,0],[117,43],[78,-102],[-29,-123],[34,-124],[-96,82],[-13,-126],[62,-109],[-53,-115],[100,-75],[98,-80],[117,42],[25,127],[114,-51],[122,-35],[106,-67],[122,-29],[-71,118],[-46,118],[-94,82],[-55,115],[-3,129],[70,104],[-7,140],[-104,87],[-100,112],[-123,21],[-103,-72],[-116,99],[-54,154],[19,127],[-4,46]],[[26427,42265],[-123,33],[-118,-39],[-30,130],[-78,-98],[31,-128],[-128,-9],[66,107],[-67,107],[-116,49],[-15,127],[-24,126],[-6,-131],[-121,32],[-112,59],[-34,121],[15,126],[59,111],[97,80],[-124,-15],[-65,114],[50,115],[62,111],[113,-54],[141,25],[50,115],[13,-132],[-21,-22]],[[25947,43317],[1,3]],[[25948,43320],[-6,5]],[[25942,43325],[5,-8]],[[26615,40244],[-1,-2]],[[25504,43529],[25,-123],[25,-126],[-91,-86],[-107,-64],[-57,-112],[12,-129],[-68,-109],[-62,-109],[-91,-91],[-118,-105],[-114,-50],[-124,33],[3,127],[75,-101],[126,53],[-107,65],[55,113],[120,-38],[-54,116],[-19,127],[115,61],[7,129],[-1,128],[120,34],[126,13],[63,109],[127,0],[-119,37],[89,95],[44,3]],[[26438,43553],[121,-35],[37,-122],[-107,-115],[0,127],[-38,121],[-13,24]],[[25042,43674],[-15,-125],[9,-136],[5,-127],[-131,8],[41,121],[43,135],[38,125],[10,-1]],[[26276,43812],[61,-115],[-49,-116],[-116,-49],[64,108],[28,127],[12,45]],[[25512,44000],[104,-74],[-80,-98],[-123,39],[-116,-48],[85,102],[105,69],[25,10]],[[26081,45640],[107,-66],[126,-20],[-7,-132],[68,-108],[-63,-109],[122,-30],[-66,-108],[-126,-4],[-86,-93],[-120,-36],[-54,121],[-114,61],[103,72],[-76,101],[96,87],[-30,122],[62,112],[58,30]],[[24160,47815],[69,-109],[128,16],[106,-75],[-61,112],[117,-47],[-2,-127],[110,63],[103,-88],[-111,-67],[-5,-126],[-101,-75],[-37,-122],[34,-121],[-79,-98],[-84,-95],[-94,-87],[-126,-3],[-100,76],[8,127],[14,125],[11,136],[39,120],[8,128],[15,127],[3,126],[35,84]],[[25100,49559],[108,-69],[42,-119],[-1,-130],[-78,-99],[-127,22],[103,-73],[48,-116],[-13,-125],[-72,-106],[-59,-112],[-105,-78],[-71,-104],[-71,-104],[-27,-125],[-42,-129],[124,29],[-36,-124],[-49,-120],[39,-121],[-78,-101],[-75,102],[90,89],[-25,125],[-105,-70],[-86,94],[-43,-118],[-122,46],[-125,34],[125,21],[43,118],[55,114],[-28,123],[120,47],[-126,8],[32,123],[46,119],[75,105],[-3,127],[-66,108],[37,121],[43,129],[128,75],[124,-35],[71,105],[119,44],[37,121],[24,29]],[[27309,38378],[1,0]],[[28589,38614],[17,-125],[-100,-75],[-121,-24],[116,51],[21,126],[67,47]],[[27144,38683],[-1,0]],[[28995,39442],[-55,-145],[-42,-122],[-73,-126],[-41,-123],[-52,-116],[-118,-57],[-33,132],[-114,-53],[-127,8],[-148,-36],[-73,105],[-89,91],[54,114],[109,59],[129,71],[83,93],[105,66],[121,27],[92,-85],[109,63],[127,-3],[36,37]],[[29391,39493],[-3,2]],[[27309,38378],[43,-123],[1,127],[67,-110],[77,101],[-115,63],[-122,-16],[-106,64],[-23,125],[49,124],[44,119],[27,123],[88,130],[2,132],[3,134],[131,4],[106,68],[95,82],[155,8],[124,-35],[5,-127],[48,-162],[-4,-135],[40,-122],[-47,-125],[76,-101],[-53,-131],[-54,-114],[-124,39],[-77,-100],[66,-107],[-122,-28],[-68,-109],[-33,-122],[-90,-91],[-117,-47],[-107,-62],[-80,97],[56,114],[-117,51],[18,128],[82,98],[56,36]],[[28927,39886],[5,-127],[15,-128],[-68,-107],[-89,88],[-34,124],[68,106],[103,44]],[[32342,40849],[-182,-15],[-104,-93],[-80,-134],[3,-135],[-111,-100],[-67,-44]],[[31801,40328],[0,-2]],[[31801,40326],[-54,-124],[-101,-75],[-73,-107],[-51,-216],[-45,-133],[-203,38],[-51,-155],[-55,-159],[-37,-206],[18,-173],[73,-104],[116,-139],[32,-123],[94,-81],[-3,-140],[-67,-111],[-95,-8]],[[31299,38310],[0,1]],[[31299,38310],[-55,-113],[86,-108],[50,-115],[87,-99],[20,-126],[-137,-27],[-168,47],[-118,-42],[-85,-111],[-74,-102],[-135,42],[-127,-7],[-100,-99],[-170,-30],[-158,21],[-126,5],[-93,-1]],[[29996,37445],[-131,73],[-123,91],[-88,93],[-71,103],[-102,-80],[-142,-43],[-113,-77],[-130,9],[-81,-97],[-144,-11],[-127,83],[-68,105],[-66,67]],[[28610,37761],[67,106],[33,122],[108,71],[81,95],[46,118],[117,39],[-26,126],[37,120],[103,84],[8,132],[93,92],[116,96],[5,136],[-77,104],[76,125],[-130,67],[133,-57],[-114,85],[113,77],[63,112],[80,97],[108,62],[99,77],[-113,71],[-120,-39],[-125,-1],[-124,-14],[-117,-44],[-138,-32],[-28,123],[119,73],[113,64],[105,68],[82,107],[128,66],[28,139],[-36,143],[59,111],[-91,89],[-59,139],[-145,13],[-40,123],[-97,78],[-137,56],[-100,81],[-15,125],[-19,125],[-63,125]],[[30455,42109],[111,-60],[103,-80],[83,-95],[151,-27],[163,-87],[55,119],[25,128],[-56,131],[-68,107],[-2,148],[117,59],[176,73],[206,-63],[128,-129],[65,-152],[72,-208],[129,-139],[21,-129],[92,-106],[51,-117],[-43,-121],[18,-192],[66,-114],[128,-113],[96,-93]],[[34482,40448],[2,-4]],[[34484,40444],[-2,4]],[[34482,40448],[-147,-50],[-2,143],[31,135],[-91,133],[-126,3],[-113,55],[-122,-22],[-48,-169],[-114,-99],[-126,-29],[-143,29],[-125,4],[-95,-99],[-198,65],[2,146],[-103,91],[-172,51],[-95,-84],[-179,-16],[-117,103],[-57,11]],[[31788,44493],[112,-56],[117,49],[89,-106],[115,-55],[131,5],[124,-15],[134,-13],[126,-7],[114,206],[84,94],[59,112],[119,47],[114,57],[125,18],[122,-54],[110,-79],[124,-90],[64,-113],[94,-127],[46,-117],[23,-125],[-45,-132],[13,-205],[-77,-103],[-41,-155],[-167,0],[-124,48],[56,-113],[-99,-112],[-78,-102],[-128,11],[-111,64],[-125,-18],[-21,-137],[24,-149],[22,-124],[112,-68],[128,-35],[136,15],[152,72],[118,44],[148,-51],[111,-90],[132,18],[115,-50],[121,30],[125,6],[95,82],[-52,-115],[-42,-120],[-68,-105],[-91,-89],[-27,-124],[-91,-95],[124,-11],[126,2],[124,20],[-70,-111],[-106,-80],[110,-62],[128,3],[93,85],[30,-122],[124,-10],[52,115],[49,-121],[-89,-88],[-137,28],[-88,-92],[-82,-106],[-19,-125],[120,-42],[101,-93],[107,-64],[125,-27],[106,72],[123,-18],[-102,-74],[-120,-33],[-124,-11],[14,-125],[-2,-127],[-91,-87],[-4,-126],[73,108],[116,-45],[-100,-91],[-83,-95],[-123,-39],[-124,5],[-118,-55],[33,-121],[31,-11]],[[34484,40444],[-106,-66],[-42,-121],[-119,-40],[-91,-88],[-81,-96],[-11,-125],[-53,-114],[-106,-71],[-107,-69],[-55,-116],[10,-127],[91,-85],[-11,-125],[-122,-19],[-101,-83],[108,-63],[-19,-124],[-118,-42],[-38,-121],[-41,-121],[-52,-118],[-85,-159],[-45,-169],[-17,-125],[-48,-124],[-25,-128],[-40,-120],[-36,-174],[-48,-129],[-33,-125],[-39,-121],[-34,-121],[-35,-126],[-32,-130],[-29,-122],[-45,-123],[116,106],[-82,-127],[-43,-139],[-10,-133],[33,-127],[84,-110],[-16,-158],[-43,-124],[-38,-138],[6,-130],[-11,-129],[-51,-115],[-100,-73],[-14,-129],[-109,-70],[-7,-128],[14,-126],[-68,-134],[16,-169],[-72,-102],[-81,-127],[59,-110],[-119,34],[-91,84],[-114,-47],[-108,118],[-43,127],[-92,101],[-123,6],[-32,30]],[[31690,34475],[21,127],[121,105],[7,139],[4,129],[-43,150],[-95,176],[-122,-58],[-110,66],[-138,38],[-54,-72]],[[31281,35275],[0,1]],[[31281,35276],[-110,152],[11,140],[-48,195],[-144,59],[46,120],[-157,32],[-121,69],[-145,68],[-22,135],[123,198],[-93,138],[-97,107],[-168,26],[-78,140],[-88,216],[-95,101],[-165,153],[67,120],[-1,0]],[[31801,40326],[0,2]],[[26219,26154],[0,-126],[-64,-106],[-84,-92],[-47,119],[-7,126],[104,63],[98,16]],[[26650,27139],[117,-47],[55,-145],[83,-93],[-126,-6],[-114,40],[-68,104],[27,123],[26,24]],[[26900,27714],[90,-171],[-110,-54],[-29,124],[49,101]],[[29139,29862],[84,-93],[119,-31],[96,-84],[101,-72],[129,-38],[103,-67],[19,-129],[-11,-125],[-27,-126],[-84,-93],[-87,-87],[-87,-88],[-108,-57],[-122,-4],[-121,-17],[-120,17],[-119,25],[-54,113],[-40,119],[-36,121],[-60,109],[-29,124],[-3,127],[120,19],[102,78],[90,86],[34,123],[111,50]],[[27786,29959],[120,-30],[120,-31],[110,-53],[97,-84],[-108,-60],[-118,-34],[-45,126],[-99,72],[-89,86],[12,8]],[[28390,31438],[62,-109],[-119,-26],[33,123],[24,12]],[[31290,31584],[43,-118],[55,-114],[-37,-133],[5,-132],[6,-126],[-44,-118],[-49,-119],[7,-133],[-12,-129],[-57,-111],[-77,-114],[-80,-94],[-64,-113],[-58,-126],[29,-143],[-7,-126],[-12,-134],[-144,-92],[-159,-103],[-103,74],[22,127],[-5,128],[-47,123],[88,105],[68,105],[79,114],[61,113],[57,122],[38,123],[-15,128],[-27,124],[9,129],[97,131],[91,102],[38,125],[7,127],[65,108],[78,97],[54,73]],[[26986,31638],[99,-91],[-93,-82],[-114,44],[50,115],[58,14]],[[27636,34226],[0,0]],[[26393,36006],[54,-114],[-82,-107],[-25,-129],[-114,-50],[-36,-120],[10,-126],[-88,-88],[-115,-43],[-73,102],[64,110],[50,117],[50,116],[117,53],[114,48],[76,99],[-16,126],[14,6]],[[26651,36433],[91,-85],[97,-87],[77,99],[-1,-127],[-73,-110],[-106,-67],[-70,103],[-58,122],[-27,132],[70,20]],[[31690,34475],[-117,37],[-126,-22],[-112,-61],[-138,-172],[-59,-154],[19,-124],[115,-42],[115,-41],[85,-90],[-72,-102],[84,-95],[-59,-110],[-82,-94],[-120,-21],[-122,-41],[-18,-126],[-70,-103],[-53,-116],[-104,-65],[-104,-66],[-112,-52],[-113,-53],[-123,-21],[-122,-32],[-117,-84],[-110,-63],[-77,-98],[-123,-23],[-66,-116],[18,125],[24,123],[-94,80],[95,83],[98,75],[107,61],[64,108],[43,118],[6,131],[13,125],[70,109],[31,127],[7,136],[34,121],[-34,121],[-45,117],[-49,120],[-59,111],[-168,140],[-85,118],[34,122],[45,119],[-115,42],[-130,13],[-113,70],[-85,91],[67,105],[95,80],[120,26],[124,-12],[77,-100],[-10,-126],[111,-77],[115,53],[54,116],[36,124],[73,101],[11,125],[-86,91],[-108,73],[-146,18],[-101,77],[-123,7],[-118,-56],[-102,-79],[-12,-128],[-34,-121],[-67,-109],[-76,-102],[-11,-193],[-70,-107],[-46,-131],[-59,-116],[-11,-127],[29,-122],[34,-126],[104,-71],[-22,-139],[37,-125],[66,-106],[105,-71],[91,-85],[121,-15],[-45,-121],[16,-125],[-53,-116],[-178,-62],[-136,-5],[-107,-64],[-82,94],[-24,160],[-91,107],[-113,50],[-121,-21],[-121,14],[-122,-1],[-119,30],[-128,8],[-122,-10],[-122,-16],[3,131],[-116,39],[102,70],[-109,58],[43,118],[-74,118],[-112,51],[-67,110],[-109,57],[115,45],[127,-19],[137,-74],[147,61],[111,93],[67,112],[54,115],[62,209],[29,220],[-6,134],[-35,167],[-87,88],[-49,119],[-84,92],[-74,109],[-102,80],[-122,-10],[-29,127],[-45,117],[57,141],[45,117],[64,113],[37,123],[-14,129],[-27,129],[-44,118],[-86,93],[57,116],[50,126],[-56,112],[-64,109],[104,67],[117,38],[118,-39],[177,-55],[105,80],[78,98],[14,104]],[[28610,37761],[-1,0]],[[27892,38043],[47,-119],[-17,-126],[99,-75],[-87,-91],[-35,-121],[-50,-115],[-99,76],[-100,88],[8,147],[-62,111],[94,90],[126,-2],[-4,126],[80,11]],[[28212,38401],[45,-118],[-105,-71],[-103,-72],[-6,127],[75,101],[94,33]],[[21180,14050],[87,-84],[3,-128],[-117,1],[-99,69],[63,106],[63,36]],[[22190,15783],[-39,-120],[-99,-92],[-61,-108],[-98,-72],[-89,-85],[-108,-49],[-104,62],[-58,113],[5,129],[116,17],[117,14],[111,42],[112,39],[109,46],[86,64]],[[23009,17889],[120,-10],[122,5],[-42,-125],[33,-125],[57,-130],[97,-75],[83,-90],[14,-125],[-51,-113],[-54,-112],[-62,-120],[-125,-42],[-124,7],[-57,161],[-97,78],[59,114],[2,128],[-43,121],[-26,124],[28,122],[-2,128],[68,79]],[[24192,18638],[71,-104],[118,15],[-7,-127],[-113,72],[-99,80],[30,64]],[[24175,19318],[115,-32],[-110,-48],[38,-119],[121,-7],[-12,-133],[103,61],[-63,-106],[118,-38],[114,-41],[118,30],[-33,-121],[-87,-93],[20,126],[-129,-4],[-104,-59],[-16,132],[-105,-60],[-65,105],[12,128],[-104,67],[-54,116],[90,83],[33,13]],[[27294,20142],[44,-118],[-87,-85],[-62,-107],[-56,-112],[-108,-53],[-94,77],[-23,126],[115,31],[100,74],[74,98],[97,69]],[[25800,20274],[-88,-85],[-68,-106],[-3,-2]],[[25641,20081],[1,-1]],[[25642,20080],[1,0]],[[25642,20080],[-76,-98],[-105,-61],[-44,-121],[-116,-32],[-118,-17],[-45,-117],[-63,-107],[-121,15],[103,-65],[111,-52],[-54,-112],[-112,-41],[-79,-102],[-118,-23],[-118,24],[80,-98],[59,-109],[-116,26],[-119,47],[-98,70],[-39,130],[1,128],[-81,98],[-30,-128],[-99,74],[-119,28],[-104,61],[-106,56],[107,55],[118,-20],[103,65],[81,-96],[104,94],[-116,30],[-96,76],[89,86],[109,58],[119,14],[79,94],[84,91],[111,-46],[120,-5],[-37,121],[119,20],[109,53],[118,23],[114,-33],[5,126],[62,107],[115,31],[104,60],[114,41],[-51,-116],[-47,-117],[102,66],[33,-121],[108,53],[-24,124],[49,115],[-64,110],[104,95],[73,-99],[94,-121],[-10,-126],[-42,-119],[-124,-56],[-118,-27],[-34,14]],[[25641,20081],[1,-1]],[[25800,20274],[0,0]],[[17040,10138],[66,-105],[-61,-109],[-30,-128],[-40,124],[32,141],[33,77]],[[14801,10904],[76,-95],[116,-87],[-75,-119],[15,-133],[-114,32],[-49,114],[-100,79],[-106,58],[87,85],[104,57],[46,9]],[[18776,12521],[89,-90],[-99,-70],[-122,18],[-84,93],[123,22],[93,27]],[[20509,13155],[83,-91],[105,-59],[40,-123],[10,-125],[13,-139],[-52,-133],[-71,-106],[-45,-116],[-60,-109],[-78,-97],[-110,-51],[-119,-19],[-131,25],[11,-125],[-28,-146],[-91,-81],[-107,-84],[-101,63],[-127,13],[55,-124],[-101,-66],[-117,-28],[0,-132],[-114,-29],[-75,-98],[-123,-10],[-138,36],[-106,-60],[-83,-88],[93,-77],[83,-90],[6,-127],[71,-100],[91,-81],[-118,-17],[-73,99],[-123,-60],[57,-113],[-128,17],[0,-129],[-78,-93],[-35,-120],[-70,-100],[39,-122],[113,28],[88,-105],[-94,-100],[-120,-51],[-98,-69],[-70,-101],[-109,-44],[-104,-66],[-71,100],[41,119],[-77,94],[15,126],[-54,126],[89,81],[68,124],[84,117],[117,59],[95,74],[-12,125],[-31,125],[-48,115],[-50,116],[-20,133],[116,-11],[90,85],[118,-21],[52,125],[108,64],[30,122],[121,11],[110,57],[94,80],[111,38],[75,104],[-50,114],[-107,50],[-144,9],[-61,107],[-30,127],[3,128],[0,127],[110,-47],[115,23],[118,-5],[123,-50],[-31,-121],[36,-121],[113,-38],[120,38],[103,59],[127,32],[-73,117],[115,93],[97,76],[69,124],[83,88],[90,96],[51,113],[55,115],[-13,128],[49,53]],[[19276,13528],[76,-96],[-70,-114],[-73,111],[67,99]],[[19596,14173],[-82,-120],[-60,-129],[-97,-92],[-78,-94],[11,131],[72,100],[108,115],[99,78],[27,11]],[[32000,8492],[108,-46],[-8,-131],[-80,-91],[-113,27],[4,130],[62,107],[27,4]],[[32174,8904],[114,-24],[13,-125],[-110,45],[-17,104]],[[6846,2937],[65,-108],[-92,-76],[-112,29],[23,128],[114,22],[2,5]],[[8589,3811],[108,-54],[92,-81],[14,-128],[-116,-1],[-92,76],[-27,123],[21,65]],[[8988,4041],[62,-107],[71,-102],[34,-132],[94,-88],[30,-122],[114,-24],[83,-88],[121,-56],[95,-94],[76,-99],[-108,46],[-119,1],[-115,-16],[-115,-16],[-115,-16],[-96,70],[-115,-1],[-21,162],[90,-78],[-39,120],[-23,123],[42,118],[47,119],[-59,111],[-53,113],[19,56]],[[3287,121],[71,-100],[-113,-16],[42,117],[0,-1]],[[4124,968],[100,-69],[-83,-86],[-68,101],[51,54]],[[3268,1821],[75,-100],[55,-116],[110,53],[115,3],[95,-88],[90,-81],[24,-134],[-79,-105],[-17,-125],[-83,-104],[-122,-12],[-128,32],[-116,24],[-114,18],[-93,79],[-87,-85],[-112,25],[-69,100],[67,102],[108,-61],[-33,126],[111,-43],[80,-92],[-2,127],[-23,125],[-2,130],[71,99],[70,101],[9,2]],[[248,1997],[118,-38],[-44,-117],[-119,0],[-116,-2],[3,126],[123,9],[35,22]],[[5327,2633],[81,-89],[-49,-132],[-82,-130],[-55,-119],[-57,-112],[-82,-88],[11,-126],[7,-126],[-22,-125],[-9,-127],[-107,-50],[-105,-51],[-122,-29],[-81,95],[-103,55],[98,135],[-28,128],[-110,61],[-111,-33],[2,126],[112,-25],[76,94],[51,-118],[110,35],[112,31],[114,8],[11,133],[69,100],[117,-17],[34,120],[-12,129],[74,96],[38,119],[18,32]]],"bbox":[122.9337,24.0456,148.893,45.5572],"transform":{"scale":[0.00025959559595595955,0.00021511815118151184],"translate":[122.9337,24.0456]}}
