{"type":"FeatureCollection","features":[{"type":"Feature","geometry":{"type":"MultiPolygon","coordinates":[[[[139.5472,38.5531],[139.5472,38.5531],[139.5472,38.5531],[139.5472,38.5531],[139.5472,38.5531],[139.5472,38.5531],[139.5472,38.5531],[139.5472,38.5531],[139.5472,38.553],[139.5472,38.553],[139.5472,38.553],[139.5472,38.553],[139.5472,38.553],[139.5472,38.553],[139.5472,38.553],[139.5471,38.553],[139.5471,38.553],[139.5471,38.553],[139.5471,38.553],[139.5471,38.553],[139.5471,38.553],[139.5471,38.553],[139.5471,38.553],[139.5471,38.553],[139.5471,38.5531],[139.5471,38.5531],[139.5471,38.5531],[139.5471,38.5531],[139.5471,38.5531],[139.5471,38.5531],[139.5471,38.5531],[139.5471,38.5531],[139.5472,38.5531],[139.5472,38.5531],[139.5472,38.5531],[139.5472,38.5531]]],[[[139.5469,38.5531],[139.5469,38.5531],[139.5469,38.5531],[139.5469,38.5531],[139.5469,38.5531],[139.5469,38.5531],[139.5469,38.5531],[139.5469,38.5531],[139.5468,38.5531],[139.5468,38.5531],[139.5468,38.5531],[139.5468,38.5531],[139.5468,38.5531],[139.5468,38.5531],[139.5468,38.5531],[139.5468,38.5531],[139.5468,38.5531],[139.5468,38.5531],[139.5468,38.5531],[139.5468,38.5531],[139.5468,38.5531],[139.5468,38.5531],[139.5467,38.5531],[139.5467,38.5531],[139.5467,38.5531],[139.5467,38.5531],[139.5467,38.5531],[139.5467,38.5531],[139.5467,38.5531],[139.5467,38.5531],[139.5467,38.5531],[139.5467,38.5531],[139.5467,38.5531],[139.5467,38.5531],[139.5467,38.5531],[139.5467,38.5531],[139.5468,38.5531],[139.5468,38.5531],[139.5468,38.5531],[139.5468,38.5531],[139.5468,38.5531],[139.5468,38.5531],[139.5468,38.5531],[139.5468,38.5531],[139.5468,38.5531],[139.5468,38.5531],[139.5468,38.5531],[139.5469,38.5531],[139.5469,38.5531],[139.5469,38.5531]]],[[[139.5467,38.5531],[139.5467,38.5531],[139.5467,38.5531],[139.5467,38.5531],[139.5467,38.5531],[139.5467,38.5531],[139.5467,38.5531],[139.5467,38.5531],[139.5467,38.5531],[139.5467,38.5531],[139.5467,38.5531],[139.5467,38.5531],[139.5467,38.5531],[139.5467,38.5531],[139.5467,38.5531],[139.5467,38.5531],[139.5467,38.5531],[139.5467,38.5531],[139.5467,38.5531],[139.5467,38.5531],[139.5467,38.5531],[139.5467,38.5531],[139.5467,38.5532],[139.5467,38.5532],[139.5467,38.5532],[139.5467,38.5532],[139.5467,38.5532],[139.5467,38.5531]]],[[[139.5474,38.5532],[139.5474,38.5532],[139.5474,38.5532],[139.5474,38.5532],[139.5474,38.5532],[139.5474,38.5532],[139.5474,38.5532],[139.5474,38.5531],[139.5474,38.5531],[139.5474,38.5531],[139.5474,38.5531],[139.5474,38.5531],[139.5474,38.5531],[139.5474,38.5531],[139.5473,38.5531],[139.5473,38.5531],[139.5473,38.5531],[139.5473,38.5531],[139.5473,38.5531],[139.5473,38.5531],[139.5473,38.5531],[139.5472,38.5531],[139.5472,38.5531],[139.5472,38.5531],[139.5472,38.5531],[139.5472,38.5531],[139.5472,38.5531],[139.5472,38.5531],[139.5472,38.5531],[139.5472,38.5532],[139.5473,38.5532],[139.5473,38.5532],[139.5473,38.5532],[139.5473,38.5532],[139.5473,38.5532],[139.5473,38.5532],[139.5473,38.5532],[139.5474,38.5532],[139.5474,38.5532]]],[[[139.5466,38.5531],[139.5466,38.5531],[139.5466,38.5531],[139.5466,38.5531],[139.5465,38.5531],[139.5465,38.5531],[139.5465,38.5531],[139.5465,38.5531],[139.5465,38.5532],[139.5465,38.5532],[139.5465,38.5532],[139.5465,38.5532],[139.5465,38.5532],[139.5465,38.5532],[139.5465,38.5532],[139.5465,38.5532],[139.5465,38.5532],[139.5465,38.5532],[139.5465,38.5532],[139.5465,38.5532],[139.5465,38.5532],[139.5465,38.5532],[139.5466,38.5532],[139.5466,38.5532],[139.5466,38.5532],[139.5466,38.5532],[139.5466,38.5532],[139.5466,38.5532],[139.5466,38.5532],[139.5466,38.5532],[139.5466,38.5532],[139.5466,38.5532],[139.5466,38.5532],[139.5466,38.5532],[139.5466,38.5532],[139.5466,38.5532],[139.5466,38.5532],[139.5466,38.5532],[139.5466,38.5532],[139.5466,38.5532],[139.5466,38.5532],[139.5466,38.5532],[139.5466,38.5532],[139.5466,38.5531]]],[[[139.5471,38.5532],[139.5471,38.5532],[139.5471,38.5532],[139.5471,38.5532],[139.5471,38.5532],[139.5471,38.5532],[139.5471,38.5532],[139.5471,38.5532],[139.5471,38.5532],[139.5471,38.5532],[139.5471,38.5532],[139.5471,38.5532],[139.5471,38.5532],[139.547,38.5532],[139.547,38.5532],[139.547,38.5531],[139.547,38.5531],[139.547,38.5531],[139.547,38.5531],[139.547,38.5531],[139.547,38.5531],[139.547,38.5531],[139.547,38.5531],[139.547,38.5531],[139.5469,38.5531],[139.5469,38.5531],[139.5469,38.5531],[139.5469,38.5531],[139.5469,38.5532],[139.5469,38.5532],[139.5469,38.5532],[139.5469,38.5532],[139.5469,38.5532],[139.5469,38.5532],[139.547,38.5532],[139.547,38.5532],[139.547,38.5532],[139.547,38.5532],[139.547,38.5532],[139.547,38.5532],[139.547,38.5532],[139.547,38.5532],[139.547,38.5532],[139.547,38.5532],[139.547,38.5532],[139.547,38.5532],[139.547,38.5532],[139.547,38.5532],[139.5471,38.5532],[139.5471,38.5532],[139.5471,38.5532],[139.5471,38.5532],[139.5471,38.5532],[139.5471,38.5532],[139.5471,38.5532]]],[[[139.5469,38.5535],[139.5469,38.5535],[139.5469,38.5535],[139.5469,38.5535],[139.5469,38.5535],[139.5469,38.5535],[139.5469,38.5535],[139.5469,38.5534],[139.5469,38.5534],[139.5469,38.5534],[139.5469,38.5534],[139.5468,38.5534],[139.5468,38.5534],[139.5468,38.5534],[139.5468,38.5534],[139.5468,38.5534],[139.5468,38.5534],[139.5468,38.5534],[139.5468,38.5534],[139.5468,38.5534],[139.5468,38.5534],[139.5467,38.5534],[139.5467,38.5534],[139.5467,38.5534],[139.5467,38.5534],[139.5467,38.5534],[139.5467,38.5535],[139.5468,38.5535],[139.5468,38.5535],[139.5468,38.5535],[139.5468,38.5535],[139.5468,38.5535],[139.5468,38.5535],[139.5468,38.5535],[139.5468,38.5535],[139.5468,38.5535],[139.5468,38.5535],[139.5469,38.5535],[139.5469,38.5535]]],[[[139.5464,38.554],[139.5464,38.554],[139.5464,38.554],[139.5464,38.554],[139.5464,38.554],[139.5464,38.554],[139.5464,38.554],[139.5464,38.5539],[139.5464,38.5539],[139.5464,38.5539],[139.5464,38.5539],[139.5464,38.5539],[139.5464,38.5539],[139.5464,38.5539],[139.5464,38.5539],[139.5464,38.5539],[139.5463,38.5539],[139.5463,38.5539],[139.5463,38.5539],[139.5463,38.5539],[139.5463,38.5539],[139.5463,38.5539],[139.5463,38.5539],[139.5463,38.5539],[139.5463,38.5539],[139.5463,38.5539],[139.5462,38.5539],[139.5462,38.5539],[139.5462,38.5538],[139.5462,38.5539],[139.5462,38.5538],[139.5462,38.5538],[139.5462,38.5538],[139.5462,38.5539],[139.5461,38.5539],[139.5461,38.5539],[139.5461,38.5539],[139.5461,38.5539],[139.5461,38.5539],[139.5461,38.5539],[139.5461,38.5539],[139.5461,38.5539],[139.5462,38.5539],[139.5462,38.5539],[139.5462,38.5539],[139.5462,38.5539],[139.5462,38.5539],[139.5462,38.5539],[139.5462,38.5539],[139.5462,38.5539],[139.5462,38.5539],[139.5462,38.5539],[139.5462,38.5539],[139.5463,38.5539],[139.5463,38.554],[139.5463,38.554],[139.5463,38.554],[139.5463,38.554],[139.5463,38.554],[139.5463,38.554],[139.5463,38.554],[139.5463,38.554],[139.5463,38.554],[139.5463,38.554],[139.5464,38.554],[139.5464,38.554],[139.5464,38.554],[139.5464,38.554],[139.5464,38.554]]],[[[139.5425,38.5568],[139.5424,38.5568],[139.5421,38.5572],[139.5422,38.5573],[139.5425,38.5568]]],[[[139.5383,38.5577],[139.5383,38.5577],[139.5383,38.5577],[139.5383,38.5577],[139.5383,38.5577],[139.5383,38.5577],[139.5383,38.5577],[139.5383,38.5577],[139.5383,38.5577],[139.5383,38.5577],[139.5383,38.5577],[139.5383,38.5577],[139.5383,38.5577],[139.5383,38.5577],[139.5383,38.5577],[139.5383,38.5577],[139.5383,38.5576],[139.5383,38.5576],[139.5383,38.5576],[139.5383,38.5576],[139.5383,38.5576],[139.5383,38.5576],[139.5383,38.5576],[139.5382,38.5577],[139.5382,38.5577],[139.5382,38.5577],[139.5382,38.5577],[139.5382,38.5577],[139.5382,38.5577],[139.5382,38.5577],[139.5382,38.5577],[139.5382,38.5577],[139.5382,38.5577],[139.5382,38.5577],[139.5382,38.5577],[139.5383,38.5577]]],[[[139.5384,38.5578],[139.5384,38.5578],[139.5384,38.5578],[139.5384,38.5578],[139.5384,38.5578],[139.5384,38.5578],[139.5384,38.5578],[139.5384,38.5577],[139.5384,38.5577],[139.5384,38.5577],[139.5384,38.5577],[139.5384,38.5577],[139.5384,38.5577],[139.5384,38.5577],[139.5384,38.5577],[139.5384,38.5578],[139.5383,38.5578],[139.5383,38.5578],[139.5383,38.5578],[139.5383,38.5578],[139.5384,38.5578],[139.5384,38.5578],[139.5384,38.5578],[139.5384,38.5578],[139.5384,38.5578]]],[[[139.5398,38.558],[139.5398,38.558],[139.5398,38.558],[139.5398,38.558],[139.5398,38.558],[139.5398,38.558],[139.5398,38.558],[139.5398,38.558],[139.5398,38.558],[139.5398,38.558],[139.5398,38.558],[139.5398,38.558],[139.5398,38.5579],[139.5397,38.5579],[139.5397,38.5579],[139.5397,38.5579],[139.5397,38.5579],[139.5397,38.5579],[139.5397,38.5579],[139.5397,38.5579],[139.5397,38.5579],[139.5396,38.5579],[139.5396,38.5579],[139.5396,38.5579],[139.5396,38.5579],[139.5396,38.5579],[139.5396,38.5579],[139.5396,38.5579],[139.5396,38.5579],[139.5396,38.5579],[139.5396,38.5579],[139.5396,38.5579],[139.5396,38.5579],[139.5395,38.5579],[139.5395,38.5579],[139.5395,38.5579],[139.5395,38.5579],[139.5395,38.5579],[139.5395,38.5579],[139.5395,38.5579],[139.5395,38.5579],[139.5395,38.5579],[139.5395,38.5578],[139.5395,38.5578],[139.5394,38.5578],[139.5394,38.5578],[139.5394,38.5578],[139.5394,38.5578],[139.5394,38.5578],[139.5394,38.5578],[139.5394,38.5578],[139.5394,38.5578],[139.5394,38.5578],[139.5394,38.5578],[139.5394,38.5578],[139.5394,38.5578],[139.5394,38.5578],[139.5394,38.5578],[139.5394,38.5578],[139.5393,38.5578],[139.5393,38.5578],[139.5393,38.5578],[139.5393,38.5578],[139.5393,38.5577],[139.5393,38.5577],[139.5393,38.5577],[139.5393,38.5577],[139.5393,38.5577],[139.5393,38.5577],[139.5393,38.5577],[139.5393,38.5577],[139.5393,38.5577],[139.5393,38.5577],[139.5393,38.5577],[139.5393,38.5577],[139.5393,38.5577],[139.5393,38.5577],[139.5392,38.5577],[139.5392,38.5577],[139.5392,38.5577],[139.5392,38.5577],[139.5392,38.5577],[139.5392,38.5577],[139.5392,38.5577],[139.5392,38.5577],[139.5392,38.5577],[139.5392,38.5577],[139.5392,38.5577],[139.5392,38.5577],[139.5392,38.5576],[139.5392,38.5576],[139.5392,38.5576],[139.5392,38.5576],[139.5392,38.5576],[139.5392,38.5576],[139.5392,38.5576],[139.5392,38.5576],[139.5392,38.5576],[139.5392,38.5576],[139.5392,38.5576],[139.5392,38.5576],[139.5391,38.5576],[139.5391,38.5576],[139.5391,38.5576],[139.5391,38.5576],[139.5391,38.5576],[139.5391,38.5576],[139.5391,38.5576],[139.5391,38.5576],[139.5391,38.5576],[139.5391,38.5576],[139.5391,38.5576],[139.5391,38.5576],[139.5391,38.5576],[139.5391,38.5576],[139.5391,38.5576],[139.5391,38.5576],[139.5391,38.5576],[139.5391,38.5576],[139.5391,38.5576],[139.5391,38.5577],[139.5391,38.5577],[139.5391,38.5577],[139.5391,38.5577],[139.5391,38.5577],[139.5391,38.5577],[139.5391,38.5577],[139.5391,38.5577],[139.5391,38.5577],[139.5391,38.5577],[139.5391,38.5577],[139.5391,38.5577],[139.5391,38.5577],[139.5391,38.5577],[139.5391,38.5577],[139.5391,38.5577],[139.5391,38.5577],[139.5391,38.5577],[139.5391,38.5577],[139.5391,38.5577],[139.5391,38.5578],[139.5391,38.5578],[139.5391,38.5578],[139.5391,38.5578],[139.5391,38.5578],[139.5391,38.5578],[139.5391,38.5578],[139.5391,38.5578],[139.5391,38.5578],[139.5391,38.5578],[139.5391,38.5578],[139.5391,38.5578],[139.5391,38.5578],[139.5391,38.5578],[139.5392,38.5578],[139.5392,38.5578],[139.5392,38.5578],[139.5392,38.5578],[139.5392,38.5578],[139.5392,38.5578],[139.5392,38.5578],[139.5392,38.5578],[139.5392,38.5578],[139.5393,38.5578],[139.5393,38.5578],[139.5393,38.5578],[139.5393,38.5578],[139.5393,38.5578],[139.5393,38.5578],[139.5393,38.5578],[139.5393,38.5578],[139.5393,38.5578],[139.5393,38.5578],[139.5393,38.5578],[139.5393,38.5579],[139.5393,38.5579],[139.5394,38.5579],[139.5394,38.5579],[139.5394,38.5579],[139.5394,38.5579],[139.5394,38.5579],[139.5394,38.5579],[139.5394,38.5579],[139.5394,38.5579],[139.5394,38.5579],[139.5395,38.5579],[139.5395,38.5579],[139.5395,38.5579],[139.5395,38.5579],[139.5395,38.5579],[139.5395,38.5579],[139.5395,38.5579],[139.5395,38.5579],[139.5395,38.5579],[139.5396,38.558],[139.5396,38.558],[139.5396,38.558],[139.5396,38.558],[139.5396,38.558],[139.5396,38.558],[139.5396,38.558],[139.5396,38.558],[139.5396,38.558],[139.5396,38.558],[139.5397,38.558],[139.5397,38.558],[139.5397,38.558],[139.5397,38.558],[139.5397,38.558],[139.5397,38.558],[139.5397,38.558],[139.5397,38.558],[139.5397,38.558],[139.5397,38.558],[139.5397,38.558],[139.5398,38.558],[139.5398,38.558],[139.5398,38.558],[139.5398,38.558],[139.5398,38.558],[139.5398,38.558],[139.5398,38.558]]],[[[139.5413,38.5612],[139.5413,38.5612],[139.5412,38.5612],[139.5413,38.5611],[139.5413,38.5611],[139.5413,38.561],[139.5413,38.5609],[139.5413,38.5609],[139.5413,38.5609],[139.5413,38.5608],[139.5412,38.5608],[139.5411,38.5608],[139.5411,38.5609],[139.541,38.5609],[139.541,38.5609],[139.5409,38.561],[139.5409,38.561],[139.5409,38.5611],[139.5409,38.5611],[139.541,38.5611],[139.541,38.5612],[139.5411,38.5612],[139.5411,38.5612],[139.5411,38.5613],[139.5411,38.5613],[139.5412,38.5613],[139.5413,38.5612]]],[[[139.546,38.5637],[139.546,38.5637],[139.546,38.5636],[139.546,38.5636],[139.5459,38.5636],[139.5459,38.5635],[139.5458,38.5635],[139.5458,38.5635],[139.5457,38.5635],[139.5457,38.5635],[139.5457,38.5635],[139.5457,38.5635],[139.5457,38.5636],[139.5457,38.5636],[139.5457,38.5637],[139.5458,38.5637],[139.5458,38.5637],[139.5459,38.5637],[139.546,38.5637]]],[[[139.5443,38.5638],[139.5443,38.5638],[139.5443,38.5638],[139.5443,38.5638],[139.5443,38.5638],[139.5443,38.5638],[139.5443,38.5638],[139.5443,38.5638],[139.5443,38.5638],[139.5443,38.5638],[139.5443,38.5638],[139.5443,38.5638],[139.5444,38.5638],[139.5444,38.5638],[139.5444,38.5637],[139.5444,38.5637],[139.5444,38.5637],[139.5444,38.5637],[139.5444,38.5637],[139.5444,38.5637],[139.5444,38.5637],[139.5444,38.5637],[139.5444,38.5637],[139.5444,38.5637],[139.5444,38.5637],[139.5444,38.5637],[139.5444,38.5637],[139.5444,38.5637],[139.5444,38.5637],[139.5444,38.5637],[139.5444,38.5637],[139.5444,38.5637],[139.5444,38.5637],[139.5444,38.5637],[139.5444,38.5636],[139.5444,38.5636],[139.5444,38.5636],[139.5444,38.5636],[139.5444,38.5636],[139.5444,38.5636],[139.5443,38.5636],[139.5443,38.5636],[139.5443,38.5636],[139.5443,38.5636],[139.5443,38.5636],[139.5443,38.5636],[139.5443,38.5636],[139.5443,38.5636],[139.5443,38.5636],[139.5443,38.5636],[139.5443,38.5636],[139.5443,38.5636],[139.5443,38.5636],[139.5443,38.5635],[139.5443,38.5635],[139.5443,38.5635],[139.5443,38.5635],[139.5442,38.5635],[139.5442,38.5635],[139.5442,38.5635],[139.5442,38.5635],[139.5442,38.5635],[139.5442,38.5635],[139.5442,38.5635],[139.5442,38.5635],[139.5442,38.5635],[139.5442,38.5635],[139.5442,38.5635],[139.5442,38.5635],[139.5442,38.5635],[139.5442,38.5634],[139.5442,38.5634],[139.5442,38.5634],[139.5442,38.5634],[139.5441,38.5634],[139.5441,38.5634],[139.5441,38.5634],[139.5441,38.5634],[139.5441,38.5634],[139.5441,38.5634],[139.5441,38.5634],[139.5441,38.5634],[139.5441,38.5634],[139.5441,38.5634],[139.5441,38.5634],[139.5441,38.5634],[139.5441,38.5635],[139.5441,38.5635],[139.5441,38.5635],[139.5441,38.5635],[139.544,38.5635],[139.544,38.5635],[139.544,38.5635],[139.544,38.5635],[139.544,38.5635],[139.544,38.5635],[139.544,38.5635],[139.544,38.5635],[139.544,38.5635],[139.544,38.5635],[139.544,38.5635],[139.544,38.5635],[139.544,38.5635],[139.5441,38.5636],[139.5441,38.5636],[139.544,38.5636],[139.544,38.5636],[139.5441,38.5636],[139.5441,38.5636],[139.5441,38.5636],[139.5441,38.5636],[139.5441,38.5636],[139.5441,38.5636],[139.544,38.5636],[139.544,38.5636],[139.544,38.5636],[139.544,38.5637],[139.544,38.5637],[139.544,38.5637],[139.544,38.5637],[139.544,38.5637],[139.544,38.5637],[139.544,38.5637],[139.544,38.5637],[139.5441,38.5637],[139.5441,38.5637],[139.5441,38.5637],[139.5441,38.5637],[139.5441,38.5637],[139.5441,38.5637],[139.5441,38.5638],[139.5441,38.5638],[139.5441,38.5638],[139.5441,38.5638],[139.5442,38.5638],[139.5442,38.5638],[139.5442,38.5638],[139.5442,38.5638],[139.5442,38.5638],[139.5442,38.5638],[139.5442,38.5638],[139.5442,38.5638],[139.5442,38.5638],[139.5442,38.5638],[139.5442,38.5638],[139.5442,38.5638],[139.5443,38.5638],[139.5443,38.5638],[139.5443,38.5638]]],[[[139.5468,38.5639],[139.5468,38.5638],[139.5467,38.5638],[139.5467,38.5639],[139.5467,38.5639],[139.5467,38.5639],[139.5467,38.5639],[139.5467,38.5639],[139.5467,38.5639],[139.5467,38.5639],[139.5467,38.564],[139.5467,38.564],[139.5467,38.564],[139.5467,38.564],[139.5468,38.564],[139.5468,38.564],[139.5468,38.564],[139.5468,38.564],[139.5468,38.564],[139.5468,38.564],[139.5468,38.564],[139.5468,38.564],[139.5468,38.5639],[139.5468,38.5639],[139.5468,38.5639],[139.5468,38.5639],[139.5468,38.5639],[139.5468,38.5639],[139.5468,38.5639]]],[[[139.5446,38.564],[139.5446,38.564],[139.5446,38.564],[139.5446,38.564],[139.5446,38.564],[139.5446,38.564],[139.5446,38.564],[139.5446,38.564],[139.5446,38.564],[139.5446,38.564],[139.5446,38.564],[139.5446,38.564],[139.5446,38.564],[139.5446,38.564],[139.5446,38.564],[139.5446,38.564],[139.5446,38.564],[139.5446,38.5641],[139.5446,38.5641],[139.5446,38.5641],[139.5446,38.5641],[139.5446,38.5641],[139.5447,38.564],[139.5447,38.564],[139.5447,38.564],[139.5447,38.564],[139.5447,38.564],[139.5447,38.564],[139.5447,38.564],[139.5447,38.564],[139.5447,38.564],[139.5446,38.564],[139.5446,38.564],[139.5446,38.564]]],[[[139.5466,38.5641],[139.5466,38.5641],[139.5466,38.5641],[139.5466,38.5641],[139.5466,38.5641],[139.5466,38.5641],[139.5466,38.5641],[139.5466,38.5641],[139.5466,38.5641],[139.5466,38.564],[139.5466,38.564],[139.5466,38.564],[139.5465,38.564],[139.5465,38.564],[139.5465,38.564],[139.5465,38.564],[139.5465,38.564],[139.5465,38.564],[139.5465,38.5639],[139.5464,38.5639],[139.5464,38.5639],[139.5464,38.5639],[139.5464,38.5639],[139.5464,38.5639],[139.5464,38.5639],[139.5463,38.5639],[139.5463,38.5639],[139.5463,38.5639],[139.5463,38.5639],[139.5463,38.5639],[139.5462,38.5639],[139.5462,38.5639],[139.5463,38.5639],[139.5462,38.564],[139.5462,38.564],[139.5463,38.564],[139.5463,38.564],[139.5463,38.564],[139.5463,38.564],[139.5463,38.564],[139.5463,38.5641],[139.5463,38.5641],[139.5463,38.5641],[139.5464,38.5641],[139.5464,38.5641],[139.5464,38.5641],[139.5464,38.5641],[139.5464,38.5641],[139.5464,38.5641],[139.5464,38.5641],[139.5465,38.5641],[139.5465,38.5641],[139.5465,38.5641],[139.5465,38.5641],[139.5465,38.5641],[139.5465,38.5641],[139.5465,38.5641],[139.5466,38.5641]]],[[[139.5446,38.5641],[139.5446,38.5641],[139.5446,38.5641],[139.5446,38.5641],[139.5446,38.5641],[139.5446,38.5641],[139.5446,38.5641],[139.5446,38.5641],[139.5446,38.5641],[139.5446,38.5641],[139.5446,38.5641],[139.5446,38.5641],[139.5446,38.5641],[139.5446,38.5641],[139.5446,38.5641],[139.5446,38.5641],[139.5446,38.5642],[139.5446,38.5642],[139.5446,38.5642],[139.5447,38.5642],[139.5447,38.5642],[139.5447,38.5642],[139.5447,38.5642],[139.5447,38.5641],[139.5447,38.5641],[139.5447,38.5641],[139.5447,38.5641],[139.5447,38.5641],[139.5447,38.5641],[139.5447,38.5641],[139.5447,38.5641],[139.5447,38.5641],[139.5447,38.5641],[139.5446,38.5641]]],[[[139.5448,38.5642],[139.5448,38.5641],[139.5448,38.5641],[139.5447,38.5641],[139.5447,38.5641],[139.5447,38.5641],[139.5447,38.5641],[139.5447,38.5642],[139.5447,38.5642],[139.5447,38.5642],[139.5447,38.5642],[139.5447,38.5642],[139.5447,38.5642],[139.5448,38.5642],[139.5448,38.5642],[139.5448,38.5642],[139.5448,38.5642],[139.5448,38.5642]]],[[[139.547,38.5648],[139.547,38.5648],[139.547,38.5648],[139.547,38.5647],[139.5471,38.5647],[139.5471,38.5647],[139.5471,38.5647],[139.547,38.5647],[139.547,38.5647],[139.547,38.5647],[139.547,38.5647],[139.547,38.5647],[139.547,38.5646],[139.547,38.5646],[139.547,38.5646],[139.547,38.5646],[139.547,38.5646],[139.5469,38.5646],[139.5469,38.5645],[139.5469,38.5645],[139.5469,38.5645],[139.5469,38.5645],[139.5469,38.5645],[139.5469,38.5645],[139.5469,38.5645],[139.5468,38.5645],[139.5468,38.5645],[139.5468,38.5644],[139.5468,38.5644],[139.5468,38.5644],[139.5467,38.5644],[139.5467,38.5645],[139.5467,38.5645],[139.5467,38.5645],[139.5467,38.5645],[139.5467,38.5645],[139.5468,38.5645],[139.5468,38.5645],[139.5468,38.5646],[139.5468,38.5646],[139.5468,38.5646],[139.5468,38.5646],[139.5468,38.5646],[139.5468,38.5646],[139.5468,38.5647],[139.5469,38.5647],[139.5469,38.5647],[139.5469,38.5647],[139.5469,38.5647],[139.5469,38.5647],[139.5469,38.5648],[139.547,38.5648],[139.547,38.5648],[139.547,38.5648]]],[[[139.5472,38.5651],[139.5472,38.5651],[139.5473,38.5651],[139.5473,38.5651],[139.5473,38.5651],[139.5473,38.5651],[139.5473,38.5651],[139.5472,38.5651],[139.5472,38.5651],[139.5472,38.5651],[139.5472,38.5651],[139.5472,38.5651],[139.5472,38.5651],[139.5471,38.5651],[139.5471,38.5651],[139.5471,38.5651],[139.5472,38.5651],[139.5472,38.5651],[139.5472,38.5651],[139.5472,38.5651]]],[[[139.5473,38.5651],[139.5473,38.5651],[139.5473,38.5651],[139.5473,38.5651],[139.5473,38.5651],[139.5473,38.5651],[139.5474,38.5651],[139.5474,38.5651],[139.5473,38.5651]]],[[[139.5474,38.5652],[139.5474,38.5652],[139.5474,38.5652],[139.5474,38.5652],[139.5474,38.5652]]],[[[139.5474,38.5653],[139.5474,38.5653],[139.5474,38.5653],[139.5474,38.5653],[139.5474,38.5654],[139.5474,38.5654],[139.5474,38.5653],[139.5474,38.5653]]],[[[139.5473,38.5652],[139.5473,38.5652],[139.5473,38.5652],[139.5473,38.5652],[139.5473,38.5652],[139.5473,38.5652],[139.5473,38.5652],[139.5472,38.5652],[139.5472,38.5652],[139.5472,38.5653],[139.5472,38.5653],[139.5473,38.5653],[139.5473,38.5653],[139.5473,38.5653],[139.5473,38.5653],[139.5473,38.5653],[139.5473,38.5654],[139.5473,38.5654],[139.5473,38.5654],[139.5474,38.5654],[139.5474,38.5654],[139.5474,38.5653],[139.5474,38.5653],[139.5474,38.5653],[139.5474,38.5653],[139.5474,38.5653],[139.5474,38.5653],[139.5474,38.5653],[139.5474,38.5653],[139.5474,38.5652],[139.5473,38.5652],[139.5473,38.5652]]],[[[139.5474,38.5654],[139.5474,38.5654],[139.5474,38.5654],[139.5474,38.5654],[139.5474,38.5654],[139.5474,38.5654],[139.5474,38.5654],[139.5474,38.5654]]],[[[139.5474,38.5655],[139.5474,38.5655],[139.5473,38.5655],[139.5473,38.5655],[139.5473,38.5655],[139.5473,38.5655],[139.5474,38.5655],[139.5474,38.5655],[139.5474,38.5655],[139.5474,38.5655],[139.5474,38.5655],[139.5474,38.5655],[139.5474,38.5655]]],[[[139.5473,38.5655],[139.5472,38.5655],[139.5472,38.5655],[139.5472,38.5655],[139.5472,38.5656],[139.5472,38.5656],[139.5473,38.5656],[139.5473,38.5656],[139.5473,38.5655],[139.5473,38.5655],[139.5473,38.5655],[139.5473,38.5655]]],[[[139.5474,38.5656],[139.5474,38.5656],[139.5473,38.5656],[139.5473,38.5656],[139.5473,38.5656],[139.5473,38.5656],[139.5473,38.5656],[139.5473,38.5656],[139.5473,38.5657],[139.5473,38.5657],[139.5474,38.5657],[139.5474,38.5657],[139.5474,38.5656],[139.5474,38.5656]]],[[[139.5474,38.5664],[139.5473,38.5664],[139.5473,38.5664],[139.5473,38.5664],[139.5473,38.5664],[139.5473,38.5664],[139.5473,38.5664],[139.5473,38.5664],[139.5473,38.5665],[139.5473,38.5665],[139.5473,38.5665],[139.5473,38.5665],[139.5474,38.5665],[139.5474,38.5666],[139.5474,38.5666],[139.5474,38.5666],[139.5474,38.5666],[139.5474,38.5666],[139.5475,38.5665],[139.5475,38.5665],[139.5474,38.5665],[139.5474,38.5665],[139.5474,38.5665],[139.5474,38.5664],[139.5474,38.5664],[139.5474,38.5664],[139.5474,38.5664]]],[[[139.5467,38.5669],[139.5467,38.5669],[139.5467,38.5669],[139.5466,38.5669],[139.5466,38.5669],[139.5466,38.5669],[139.5466,38.5669],[139.5466,38.5669],[139.5466,38.5669],[139.5466,38.5669],[139.5466,38.5669],[139.5466,38.5669],[139.5467,38.5669],[139.5467,38.5669],[139.5467,38.5669],[139.5467,38.5669]]],[[[139.5473,38.5669],[139.5474,38.5669],[139.5474,38.5669],[139.5474,38.5669],[139.5474,38.5669],[139.5474,38.5669],[139.5473,38.5668],[139.5473,38.5668],[139.5473,38.5669],[139.5473,38.5669],[139.5473,38.5669],[139.5473,38.5669],[139.5473,38.5669],[139.5473,38.5669],[139.5473,38.5669],[139.5473,38.5669]]],[[[139.5491,38.5669],[139.5491,38.5669],[139.5491,38.5669],[139.5491,38.5669],[139.5491,38.5669],[139.5491,38.5669],[139.5491,38.5668],[139.5491,38.5668],[139.5491,38.5668],[139.549,38.5668],[139.549,38.5668],[139.549,38.5667],[139.549,38.5667],[139.549,38.5667],[139.549,38.5667],[139.549,38.5667],[139.549,38.5667],[139.549,38.5667],[139.5489,38.5667],[139.5489,38.5667],[139.5489,38.5667],[139.5489,38.5667],[139.5489,38.5667],[139.5488,38.5667],[139.5488,38.5667],[139.5488,38.5667],[139.5488,38.5668],[139.5488,38.5668],[139.5489,38.5668],[139.5489,38.5668],[139.5489,38.5669],[139.5489,38.5669],[139.5489,38.5669],[139.5489,38.5669],[139.549,38.5669],[139.549,38.5669],[139.549,38.5669],[139.549,38.5669],[139.549,38.5669],[139.549,38.5669],[139.5491,38.5669],[139.5491,38.5669],[139.5491,38.567],[139.5491,38.567],[139.5491,38.567],[139.5491,38.567],[139.5491,38.5669]]],[[[139.5475,38.567],[139.5475,38.567],[139.5475,38.567],[139.5475,38.567],[139.5475,38.567],[139.5475,38.567],[139.5475,38.567],[139.5475,38.567],[139.5475,38.567],[139.5475,38.567]]],[[[139.5469,38.567],[139.5469,38.567],[139.5468,38.567],[139.5468,38.567],[139.5468,38.5671],[139.5468,38.5671],[139.5468,38.5671],[139.5468,38.5671],[139.5468,38.5671],[139.5468,38.5671],[139.5468,38.5671],[139.5468,38.5671],[139.5469,38.5671],[139.5469,38.5671],[139.5469,38.5671],[139.5469,38.5671],[139.5469,38.5671],[139.5469,38.5671],[139.5469,38.567],[139.5469,38.567]]],[[[139.5464,38.5672],[139.5464,38.5672],[139.5464,38.5672],[139.5464,38.5672],[139.5464,38.5672],[139.5464,38.5672],[139.5464,38.5671],[139.5464,38.5671],[139.5464,38.5671],[139.5464,38.5671],[139.5463,38.5671],[139.5463,38.5671],[139.5463,38.5672],[139.5463,38.5672],[139.5463,38.5672],[139.5463,38.5672],[139.5463,38.5672],[139.5463,38.5672],[139.5463,38.5672],[139.5463,38.5672],[139.5464,38.5672],[139.5464,38.5672],[139.5464,38.5672],[139.5464,38.5672]]],[[[139.5486,38.5673],[139.5485,38.5673],[139.5485,38.5673],[139.5485,38.5674],[139.5485,38.5674],[139.5485,38.5674],[139.5485,38.5674],[139.5485,38.5674],[139.5486,38.5674],[139.5486,38.5674],[139.5486,38.5674],[139.5486,38.5674],[139.5486,38.5674],[139.5486,38.5674],[139.5486,38.5674],[139.5486,38.5673],[139.5486,38.5673],[139.5486,38.5673]]],[[[139.55,38.5676],[139.5499,38.5676],[139.5499,38.5676],[139.5499,38.5676],[139.5499,38.5676],[139.5499,38.5676],[139.5499,38.5676],[139.55,38.5676],[139.55,38.5676],[139.55,38.5676],[139.55,38.5676],[139.55,38.5676]]],[[[139.5472,38.5676],[139.5472,38.5676],[139.5472,38.5676],[139.5472,38.5676],[139.5472,38.5676],[139.5472,38.5676],[139.5472,38.5676],[139.5472,38.5676],[139.5472,38.5676],[139.5472,38.5677],[139.5472,38.5677],[139.5472,38.5677],[139.5472,38.5676],[139.5473,38.5676],[139.5473,38.5676],[139.5473,38.5676],[139.5473,38.5676],[139.5472,38.5676]]],[[[139.5498,38.5676],[139.5498,38.5676],[139.5498,38.5676],[139.5497,38.5676],[139.5497,38.5676],[139.5498,38.5676],[139.5498,38.5676],[139.5498,38.5676],[139.5498,38.5677],[139.5498,38.5677],[139.5498,38.5677],[139.5498,38.5677],[139.5499,38.5677],[139.5499,38.5677],[139.5499,38.5676],[139.5499,38.5676],[139.5499,38.5676],[139.5498,38.5676],[139.5498,38.5676],[139.5498,38.5676],[139.5498,38.5676],[139.5498,38.5676]]],[[[139.55,38.5677],[139.55,38.5676],[139.55,38.5677],[139.55,38.5677],[139.55,38.5677],[139.55,38.5677],[139.55,38.5677],[139.55,38.5677],[139.55,38.5677]]],[[[139.5468,38.5678],[139.5468,38.5678],[139.5469,38.5678],[139.5469,38.5678],[139.5469,38.5678],[139.5469,38.5677],[139.5469,38.5677],[139.5469,38.5677],[139.547,38.5677],[139.547,38.5677],[139.547,38.5677],[139.547,38.5677],[139.547,38.5677],[139.547,38.5677],[139.547,38.5676],[139.5471,38.5676],[139.5471,38.5676],[139.5471,38.5676],[139.5471,38.5676],[139.5471,38.5676],[139.5471,38.5676],[139.5471,38.5676],[139.5472,38.5676],[139.5472,38.5675],[139.5472,38.5675],[139.5472,38.5675],[139.5472,38.5675],[139.5472,38.5675],[139.5472,38.5675],[139.5472,38.5675],[139.5472,38.5674],[139.5472,38.5674],[139.5473,38.5674],[139.5473,38.5674],[139.5473,38.5674],[139.5473,38.5674],[139.5473,38.5673],[139.5473,38.5673],[139.5473,38.5673],[139.5473,38.5673],[139.5473,38.5673],[139.5473,38.5672],[139.5473,38.5672],[139.5473,38.5672],[139.5473,38.5672],[139.5473,38.5672],[139.5474,38.5672],[139.5473,38.5671],[139.5474,38.5671],[139.5474,38.5671],[139.5473,38.5671],[139.5474,38.5671],[139.5473,38.5671],[139.5473,38.5671],[139.5473,38.5671],[139.5473,38.567],[139.5473,38.567],[139.5473,38.567],[139.5473,38.567],[139.5473,38.567],[139.5472,38.567],[139.5472,38.567],[139.5472,38.567],[139.5472,38.567],[139.5472,38.5671],[139.5472,38.5671],[139.5472,38.5671],[139.5471,38.5671],[139.5471,38.5671],[139.5471,38.5671],[139.5471,38.5671],[139.5471,38.5671],[139.547,38.5672],[139.547,38.5672],[139.547,38.5672],[139.547,38.5672],[139.547,38.5672],[139.547,38.5672],[139.5469,38.5672],[139.5469,38.5672],[139.5469,38.5672],[139.5469,38.5672],[139.5469,38.5672],[139.5469,38.5673],[139.5469,38.5673],[139.5469,38.5673],[139.5469,38.5673],[139.5469,38.5673],[139.5469,38.5673],[139.5469,38.5673],[139.5469,38.5673],[139.5469,38.5674],[139.5469,38.5674],[139.5469,38.5674],[139.5469,38.5674],[139.5469,38.5674],[139.5469,38.5674],[139.5469,38.5675],[139.5468,38.5675],[139.5468,38.5675],[139.5468,38.5675],[139.5468,38.5675],[139.5468,38.5675],[139.5468,38.5676],[139.5468,38.5676],[139.5468,38.5676],[139.5468,38.5676],[139.5468,38.5676],[139.5468,38.5676],[139.5468,38.5676],[139.5467,38.5676],[139.5467,38.5676],[139.5467,38.5676],[139.5467,38.5676],[139.5467,38.5676],[139.5467,38.5675],[139.5467,38.5675],[139.5466,38.5675],[139.5466,38.5675],[139.5466,38.5675],[139.5466,38.5675],[139.5466,38.5675],[139.5466,38.5675],[139.5466,38.5675],[139.5466,38.5675],[139.5465,38.5675],[139.5465,38.5675],[139.5465,38.5675],[139.5465,38.5675],[139.5465,38.5675],[139.5464,38.5675],[139.5464,38.5675],[139.5464,38.5675],[139.5464,38.5675],[139.5464,38.5675],[139.5464,38.5676],[139.5464,38.5676],[139.5464,38.5676],[139.5464,38.5676],[139.5464,38.5677],[139.5464,38.5677],[139.5464,38.5677],[139.5464,38.5677],[139.5464,38.5677],[139.5464,38.5677],[139.5465,38.5678],[139.5465,38.5678],[139.5465,38.5678],[139.5465,38.5678],[139.5465,38.5678],[139.5466,38.5678],[139.5466,38.5678],[139.5466,38.5678],[139.5466,38.5678],[139.5466,38.5678],[139.5467,38.5678],[139.5467,38.5678],[139.5467,38.5678],[139.5467,38.5678],[139.5467,38.5678],[139.5467,38.5678],[139.5467,38.5678],[139.5467,38.5679],[139.5468,38.5679],[139.5468,38.5678],[139.5468,38.5678],[139.5468,38.5678],[139.5468,38.5678],[139.5468,38.5678]]],[[[139.5403,38.5666],[139.5407,38.5646],[139.5407,38.5646],[139.5408,38.5645],[139.5407,38.5645],[139.5409,38.5634],[139.541,38.5624],[139.5408,38.5624],[139.5406,38.5634],[139.5405,38.5645],[139.5406,38.5645],[139.5405,38.5646],[139.5405,38.5646],[139.5402,38.5661],[139.5401,38.5666],[139.5401,38.5667],[139.5407,38.5681],[139.5409,38.568],[139.5407,38.5675],[139.5407,38.5675],[139.5404,38.5667],[139.5403,38.5666]]],[[[139.5501,38.5683],[139.5501,38.5683],[139.5501,38.5683],[139.5502,38.5683],[139.5502,38.5683],[139.5502,38.5683],[139.5502,38.5683],[139.5502,38.5683],[139.5502,38.5683],[139.5502,38.5683],[139.5502,38.5683],[139.5503,38.5683],[139.5503,38.5682],[139.5503,38.5682],[139.5503,38.5682],[139.5503,38.5682],[139.5504,38.5682],[139.5504,38.5682],[139.5504,38.5682],[139.5504,38.5682],[139.5504,38.5682],[139.5504,38.5682],[139.5505,38.5682],[139.5505,38.5682],[139.5505,38.5682],[139.5505,38.5682],[139.5505,38.5682],[139.5506,38.5682],[139.5506,38.5682],[139.5506,38.5682],[139.5506,38.5681],[139.5506,38.5682],[139.5506,38.5681],[139.5506,38.5681],[139.5506,38.5681],[139.5506,38.5681],[139.5506,38.5681],[139.5506,38.5681],[139.5506,38.5681],[139.5506,38.568],[139.5506,38.568],[139.5506,38.568],[139.5506,38.568],[139.5506,38.568],[139.5506,38.568],[139.5506,38.568],[139.5506,38.5679],[139.5505,38.5679],[139.5505,38.5679],[139.5505,38.5679],[139.5505,38.5679],[139.5505,38.5679],[139.5505,38.5679],[139.5505,38.5679],[139.5505,38.5679],[139.5505,38.5679],[139.5504,38.5678],[139.5504,38.5678],[139.5504,38.5678],[139.5504,38.5678],[139.5504,38.5678],[139.5504,38.5678],[139.5504,38.5678],[139.5503,38.5678],[139.5503,38.5678],[139.5503,38.5678],[139.5503,38.5678],[139.5503,38.5678],[139.5503,38.5679],[139.5502,38.5679],[139.5502,38.5679],[139.5502,38.5679],[139.5502,38.5679],[139.5502,38.5679],[139.5502,38.5679],[139.5502,38.5679],[139.5502,38.5679],[139.5502,38.568],[139.5502,38.568],[139.5502,38.568],[139.5502,38.568],[139.5502,38.568],[139.5501,38.568],[139.5501,38.568],[139.5501,38.5681],[139.5501,38.5681],[139.5501,38.5681],[139.5501,38.5681],[139.5501,38.5681],[139.5501,38.5681],[139.5501,38.5681],[139.5501,38.5681],[139.5501,38.5681],[139.5501,38.5682],[139.5501,38.5682],[139.5501,38.5682],[139.55,38.5681],[139.55,38.5681],[139.55,38.5681],[139.55,38.5681],[139.55,38.5681],[139.55,38.5682],[139.55,38.5682],[139.55,38.5682],[139.55,38.5682],[139.55,38.5682],[139.55,38.5683],[139.55,38.5683],[139.55,38.5683],[139.55,38.5683],[139.55,38.5683],[139.55,38.5683],[139.55,38.5683],[139.5501,38.5683],[139.5501,38.5683],[139.5501,38.5683]]],[[[139.5498,38.5684],[139.5497,38.5683],[139.5497,38.5683],[139.5497,38.5683],[139.5497,38.5683],[139.5497,38.5684],[139.5497,38.5684],[139.5497,38.5684],[139.5498,38.5684],[139.5498,38.5684]]],[[[139.5498,38.5683],[139.5498,38.5683],[139.5498,38.5683],[139.5498,38.5683],[139.5498,38.5683],[139.5498,38.5684],[139.5498,38.5684],[139.5498,38.5684],[139.5498,38.5684],[139.5499,38.5684],[139.5499,38.5683],[139.5499,38.5683],[139.5498,38.5683]]],[[[139.5507,38.5683],[139.5507,38.5683],[139.5507,38.5683],[139.5507,38.5683],[139.5507,38.5683],[139.5507,38.5684],[139.5507,38.5684],[139.5507,38.5684],[139.5507,38.5684],[139.5508,38.5684],[139.5508,38.5684],[139.5508,38.5684],[139.5508,38.5684],[139.5508,38.5684],[139.5508,38.5683],[139.5508,38.5683],[139.5508,38.5683],[139.5507,38.5683]]],[[[139.5497,38.5684],[139.5497,38.5684],[139.5497,38.5684],[139.5497,38.5684],[139.5497,38.5684],[139.5497,38.5684],[139.5497,38.5684]]],[[[139.5498,38.5684],[139.5498,38.5684],[139.5498,38.5684],[139.5498,38.5684],[139.5498,38.5684],[139.5498,38.5684],[139.5498,38.5684]]],[[[139.5498,38.5684],[139.5498,38.5684],[139.5497,38.5684],[139.5497,38.5684],[139.5498,38.5684],[139.5498,38.5684],[139.5498,38.5684],[139.5498,38.5684]]],[[[139.5498,38.5684],[139.5498,38.5684],[139.5498,38.5684],[139.5498,38.5684],[139.5498,38.5684]]],[[[139.5497,38.5684],[139.5497,38.5684],[139.5497,38.5684],[139.5497,38.5684],[139.5497,38.5684],[139.5497,38.5684],[139.5497,38.5684]]],[[[139.5498,38.5684],[139.5498,38.5684],[139.5498,38.5684],[139.5498,38.5684]]],[[[139.5497,38.5684],[139.5497,38.5684],[139.5497,38.5684],[139.5497,38.5684],[139.5497,38.5684],[139.5497,38.5684],[139.5497,38.5684]]],[[[139.5509,38.5685],[139.5509,38.5685],[139.5509,38.5685],[139.5509,38.5685],[139.5509,38.5685],[139.5509,38.5685],[139.5509,38.5685],[139.5509,38.5685]]],[[[139.551,38.5685],[139.5509,38.5685],[139.5509,38.5685],[139.5509,38.5685],[139.5509,38.5686],[139.5509,38.5686],[139.5509,38.5686],[139.551,38.5686],[139.551,38.5685]]],[[[139.5498,38.5686],[139.5498,38.5685],[139.5497,38.5686],[139.5497,38.5686],[139.5497,38.5686],[139.5498,38.5686],[139.5498,38.5686],[139.5498,38.5686],[139.5498,38.5686]]],[[[139.5498,38.5687],[139.5498,38.5687],[139.5498,38.5687],[139.5498,38.5687],[139.5498,38.5687],[139.5497,38.5687],[139.5497,38.5687],[139.5497,38.5687],[139.5497,38.5687],[139.5497,38.5687],[139.5497,38.5687],[139.5498,38.5687],[139.5498,38.5687]]],[[[139.5498,38.5687],[139.5498,38.5687],[139.5498,38.5687],[139.5498,38.5688],[139.5498,38.5687],[139.5498,38.5687]]],[[[139.5511,38.5688],[139.5511,38.5687],[139.5511,38.5688],[139.5511,38.5688],[139.5511,38.5688],[139.5511,38.5688],[139.5511,38.5688]]],[[[139.5499,38.5688],[139.5499,38.5688],[139.5499,38.5688],[139.5499,38.5688],[139.5498,38.5688],[139.5498,38.5688],[139.5499,38.5689],[139.5499,38.5688],[139.5499,38.5688],[139.5499,38.5688],[139.5499,38.5688],[139.5499,38.5688]]],[[[139.5502,38.5688],[139.5501,38.5688],[139.5501,38.5688],[139.5501,38.5688],[139.5501,38.5688],[139.5501,38.5688],[139.5501,38.5688],[139.5501,38.5689],[139.5502,38.5689],[139.5502,38.5689],[139.5502,38.5688],[139.5502,38.5688],[139.5502,38.5688],[139.5502,38.5688],[139.5502,38.5688]]],[[[139.5511,38.5689],[139.5511,38.5689],[139.5511,38.5689],[139.5511,38.5689],[139.5511,38.5689],[139.5511,38.5689],[139.5511,38.5689],[139.5511,38.5689],[139.5512,38.5689],[139.5512,38.5689],[139.5511,38.5689],[139.5511,38.5689],[139.5511,38.5689]]],[[[139.55,38.569],[139.55,38.569],[139.55,38.569],[139.5499,38.569],[139.5499,38.569],[139.5499,38.569],[139.5499,38.569],[139.55,38.569],[139.55,38.569],[139.55,38.569],[139.55,38.569],[139.55,38.569],[139.55,38.569],[139.55,38.569],[139.55,38.569],[139.55,38.569],[139.55,38.569]]],[[[139.5517,38.5692],[139.5517,38.5692],[139.5517,38.5692],[139.5517,38.5692],[139.5517,38.5692],[139.5517,38.5692],[139.5517,38.5692],[139.5517,38.5692],[139.5517,38.5692],[139.5517,38.5692]]],[[[139.5499,38.5697],[139.5499,38.5697],[139.5499,38.5697],[139.5499,38.5697],[139.5499,38.5698],[139.5499,38.5698],[139.5499,38.5698],[139.5499,38.5698],[139.55,38.5698],[139.55,38.5698],[139.55,38.5698],[139.55,38.5698],[139.55,38.5697],[139.55,38.5697],[139.5499,38.5697]]],[[[139.55,38.5698],[139.55,38.5698],[139.55,38.5698],[139.55,38.5698],[139.55,38.5698],[139.55,38.5698]]],[[[139.5501,38.5699],[139.5501,38.5699],[139.5501,38.5699],[139.5501,38.5699],[139.5502,38.5699],[139.5502,38.5699],[139.5502,38.5699],[139.5502,38.5699],[139.5502,38.5698],[139.5502,38.5698],[139.5502,38.5698],[139.5502,38.5698],[139.5502,38.5698],[139.5502,38.5697],[139.5502,38.5697],[139.5502,38.5697],[139.5502,38.5697],[139.5502,38.5697],[139.5501,38.5697],[139.5501,38.5697],[139.5501,38.5697],[139.5501,38.5697],[139.5501,38.5698],[139.5501,38.5698],[139.5501,38.5698],[139.5501,38.5698],[139.5501,38.5698],[139.5501,38.5698],[139.55,38.5698],[139.55,38.5698],[139.55,38.5698],[139.55,38.5698],[139.55,38.5698],[139.55,38.5699],[139.55,38.5699],[139.55,38.5699],[139.55,38.5699],[139.55,38.5699],[139.55,38.5699],[139.55,38.5699],[139.5501,38.5699],[139.5501,38.5699],[139.5501,38.5699]]],[[[139.5528,38.5739],[139.5528,38.5739],[139.5528,38.5739],[139.5529,38.5739],[139.5529,38.5738],[139.5529,38.5738],[139.5529,38.5738],[139.5528,38.5738],[139.5528,38.5738],[139.5527,38.5738],[139.5527,38.5738],[139.5527,38.5739],[139.5528,38.5739]]],[[[139.5537,38.575],[139.5537,38.575],[139.5538,38.575],[139.5538,38.5749],[139.5538,38.5749],[139.5538,38.5748],[139.5538,38.5747],[139.5539,38.5747],[139.5539,38.5746],[139.5539,38.5746],[139.5539,38.5745],[139.5539,38.5744],[139.5539,38.5744],[139.5539,38.5743],[139.5538,38.5743],[139.5537,38.5743],[139.5537,38.5743],[139.5536,38.5743],[139.5535,38.5742],[139.5535,38.5742],[139.5534,38.5743],[139.5534,38.5743],[139.5533,38.5743],[139.5532,38.5743],[139.5531,38.5744],[139.5531,38.5744],[139.553,38.5744],[139.553,38.5745],[139.5529,38.5745],[139.5529,38.5745],[139.5528,38.5745],[139.5528,38.5746],[139.5528,38.5746],[139.5528,38.5747],[139.5527,38.5747],[139.5527,38.5748],[139.5527,38.5748],[139.5527,38.5749],[139.5527,38.5749],[139.5528,38.5749],[139.5528,38.5749],[139.5529,38.5749],[139.553,38.5748],[139.553,38.5749],[139.5531,38.5749],[139.5531,38.5749],[139.5532,38.5749],[139.5532,38.575],[139.5532,38.575],[139.5532,38.575],[139.5532,38.575],[139.5532,38.5751],[139.5532,38.5751],[139.5532,38.5752],[139.5533,38.5752],[139.5533,38.5752],[139.5534,38.5752],[139.5534,38.5752],[139.5535,38.5752],[139.5535,38.5751],[139.5535,38.5751],[139.5536,38.5751],[139.5537,38.575],[139.5537,38.575]]],[[[139.5535,38.5754],[139.5535,38.5754],[139.5535,38.5754],[139.5534,38.5754],[139.5534,38.5754],[139.5533,38.5754],[139.5533,38.5754],[139.5533,38.5755],[139.5533,38.5755],[139.5533,38.5755],[139.5533,38.5756],[139.5533,38.5756],[139.5534,38.5756],[139.5534,38.5756],[139.5534,38.5755],[139.5535,38.5755],[139.5535,38.5755],[139.5535,38.5755],[139.5535,38.5754]]],[[[139.5545,38.5776],[139.5545,38.5776],[139.5544,38.5776],[139.5544,38.5776],[139.5544,38.5777],[139.5544,38.5777],[139.5545,38.5777],[139.5545,38.5777],[139.5546,38.5777],[139.5546,38.5776],[139.5545,38.5776]]],[[[139.5548,38.5777],[139.5547,38.5777],[139.5547,38.5777],[139.5546,38.5778],[139.5546,38.5779],[139.5547,38.5779],[139.5547,38.5779],[139.5548,38.5779],[139.5548,38.5778],[139.5548,38.5777]]],[[[139.5572,38.581],[139.5572,38.581],[139.5571,38.581],[139.557,38.581],[139.5569,38.581],[139.5569,38.5811],[139.557,38.5812],[139.557,38.5812],[139.5571,38.5811],[139.5571,38.5811],[139.5572,38.5811],[139.5572,38.581]]],[[[139.5579,38.5829],[139.5579,38.5829],[139.558,38.5829],[139.558,38.5829],[139.558,38.5828],[139.558,38.5827],[139.558,38.5827],[139.5579,38.5827],[139.5579,38.5827],[139.5578,38.5827],[139.5578,38.5827],[139.5577,38.5827],[139.5577,38.5828],[139.5578,38.5828],[139.5577,38.5828],[139.5577,38.5829],[139.5577,38.5829],[139.5577,38.583],[139.5578,38.583],[139.5578,38.5829],[139.5579,38.5829],[139.5579,38.5829]]],[[[139.5574,38.5839],[139.5574,38.5839],[139.5573,38.5839],[139.5572,38.5839],[139.5573,38.584],[139.5573,38.584],[139.5573,38.584],[139.5573,38.584],[139.5574,38.5841],[139.5574,38.584],[139.5575,38.584],[139.5575,38.5839],[139.5574,38.5839]]],[[[139.5578,38.584],[139.5578,38.5839],[139.5577,38.5839],[139.5577,38.584],[139.5577,38.584],[139.5577,38.5841],[139.5577,38.5841],[139.5578,38.5841],[139.5578,38.5841],[139.5578,38.5841],[139.5578,38.584],[139.5578,38.584],[139.5578,38.584]]],[[[139.558,38.5854],[139.558,38.5854],[139.5579,38.5854],[139.5579,38.5855],[139.5579,38.5855],[139.5579,38.5856],[139.5579,38.5856],[139.558,38.5856],[139.558,38.5856],[139.5581,38.5856],[139.5581,38.5856],[139.5581,38.5855],[139.5581,38.5855],[139.558,38.5855],[139.558,38.5854]]],[[[139.5611,38.5893],[139.561,38.5893],[139.5609,38.5893],[139.5609,38.5894],[139.5609,38.5894],[139.5609,38.5895],[139.5609,38.5895],[139.5611,38.5895],[139.5612,38.5895],[139.5611,38.5894],[139.5611,38.5893]]],[[[139.5616,38.5894],[139.5615,38.5893],[139.5614,38.5894],[139.5614,38.5894],[139.5614,38.5894],[139.5614,38.5894],[139.5614,38.5895],[139.5615,38.5895],[139.5615,38.5895],[139.5616,38.5895],[139.5617,38.5894],[139.5616,38.5894]]],[[[139.5614,38.5896],[139.5613,38.5896],[139.5613,38.5896],[139.5613,38.5897],[139.5613,38.5897],[139.5613,38.5898],[139.5614,38.5898],[139.5614,38.5898],[139.5615,38.5897],[139.5615,38.5897],[139.5614,38.5896]]],[[[139.5612,38.5899],[139.5611,38.5899],[139.5611,38.5899],[139.561,38.5899],[139.561,38.59],[139.561,38.59],[139.5611,38.5901],[139.5612,38.5901],[139.5612,38.5899]]],[[[139.5637,38.5947],[139.5637,38.5947],[139.5636,38.5947],[139.5635,38.5947],[139.5634,38.5947],[139.5634,38.5949],[139.5635,38.5949],[139.5635,38.595],[139.5636,38.595],[139.5637,38.595],[139.5638,38.5949],[139.5639,38.5948],[139.5638,38.5948],[139.5638,38.5947],[139.5637,38.5947]]],[[[139.5736,38.6099],[139.5735,38.6099],[139.5735,38.6099],[139.5735,38.6099],[139.5735,38.61],[139.5735,38.61],[139.5735,38.6101],[139.5735,38.6101],[139.5735,38.6101],[139.5736,38.6101],[139.5736,38.6101],[139.5737,38.61],[139.5737,38.6099],[139.5737,38.6099],[139.5736,38.6099]]],[[[139.5745,38.6116],[139.5745,38.6116],[139.5744,38.6116],[139.5744,38.6116],[139.5743,38.6116],[139.5743,38.6117],[139.5744,38.6119],[139.5745,38.612],[139.5745,38.612],[139.5746,38.612],[139.5747,38.6119],[139.5747,38.6119],[139.5747,38.6118],[139.5746,38.6117],[139.5746,38.6117],[139.5745,38.6116]]],[[[139.576,38.6132],[139.576,38.6132],[139.5759,38.6132],[139.5758,38.6132],[139.5758,38.6132],[139.5759,38.6133],[139.5759,38.6133],[139.576,38.6132],[139.576,38.6132]]],[[[139.5762,38.6134],[139.5762,38.6134],[139.5761,38.6134],[139.5761,38.6134],[139.5761,38.6135],[139.5761,38.6136],[139.5762,38.6136],[139.5763,38.6135],[139.5763,38.6134],[139.5762,38.6134]]],[[[139.5786,38.616],[139.5787,38.6159],[139.5788,38.6159],[139.5788,38.6159],[139.5787,38.6159],[139.5787,38.6159],[139.5787,38.6159],[139.5787,38.6158],[139.5787,38.6158],[139.5787,38.6158],[139.5787,38.6158],[139.5787,38.6158],[139.5787,38.6158],[139.5787,38.6158],[139.5786,38.6158],[139.5786,38.6158],[139.5786,38.6158],[139.5786,38.6158],[139.5786,38.6158],[139.5786,38.6158],[139.5786,38.6158],[139.5786,38.6158],[139.5786,38.6158],[139.5786,38.6158],[139.5785,38.6158],[139.5785,38.6158],[139.5785,38.6159],[139.5785,38.6159],[139.5785,38.6159],[139.5785,38.6159],[139.5785,38.6159],[139.5785,38.6159],[139.5785,38.6159],[139.5785,38.6159],[139.5785,38.6159],[139.5786,38.6159],[139.5786,38.616],[139.5786,38.616],[139.5786,38.616],[139.5786,38.616],[139.5786,38.616],[139.5786,38.616],[139.5786,38.616]]],[[[139.5796,38.6168],[139.5796,38.6167],[139.5797,38.6168],[139.5797,38.6168],[139.5797,38.6167],[139.5797,38.6167],[139.5797,38.6167],[139.5797,38.6167],[139.5797,38.6167],[139.5797,38.6167],[139.5797,38.6167],[139.5797,38.6167],[139.5797,38.6167],[139.5797,38.6167],[139.5797,38.6167],[139.5797,38.6166],[139.5797,38.6166],[139.5797,38.6166],[139.5796,38.6166],[139.5796,38.6166],[139.5796,38.6166],[139.5796,38.6167],[139.5796,38.6167],[139.5796,38.6167],[139.5796,38.6167],[139.5796,38.6167],[139.5796,38.6167],[139.5796,38.6167],[139.5796,38.6167],[139.5796,38.6167],[139.5796,38.6167],[139.5796,38.6167],[139.5796,38.6167],[139.5796,38.6167],[139.5796,38.6167],[139.5796,38.6167],[139.5796,38.6168],[139.5796,38.6168],[139.5796,38.6168],[139.5796,38.6168],[139.5796,38.6168]]],[[[139.5793,38.6168],[139.5793,38.6168],[139.5793,38.6168],[139.5793,38.6168],[139.5793,38.6168],[139.5793,38.6168],[139.5793,38.6168],[139.5794,38.6168],[139.5794,38.6168],[139.5794,38.6168],[139.5794,38.6168],[139.5794,38.6168],[139.5794,38.6168],[139.5794,38.6168],[139.5795,38.6168],[139.5795,38.6168],[139.5795,38.6168],[139.5795,38.6168],[139.5795,38.6168],[139.5795,38.6168],[139.5795,38.6167],[139.5795,38.6167],[139.5795,38.6167],[139.5795,38.6167],[139.5795,38.6167],[139.5795,38.6167],[139.5794,38.6167],[139.5794,38.6167],[139.5794,38.6167],[139.5794,38.6167],[139.5794,38.6167],[139.5794,38.6167],[139.5794,38.6167],[139.5793,38.6167],[139.5793,38.6167],[139.5793,38.6168],[139.5793,38.6168],[139.5793,38.6168],[139.5793,38.6168],[139.5792,38.6168],[139.5792,38.6168],[139.5792,38.6168],[139.5792,38.6168],[139.5792,38.6168],[139.5792,38.6168],[139.5792,38.6168],[139.5792,38.6168],[139.5792,38.6168],[139.5792,38.6168],[139.5792,38.6168],[139.5792,38.6168],[139.5792,38.6168],[139.5792,38.6168],[139.5792,38.6168],[139.5793,38.6168],[139.5793,38.6168]]],[[[139.5811,38.6175],[139.5811,38.6174],[139.5811,38.6174],[139.5811,38.6174],[139.581,38.6175],[139.581,38.6174],[139.581,38.6175],[139.581,38.6175],[139.581,38.6175],[139.581,38.6175],[139.581,38.6175],[139.581,38.6175],[139.581,38.6175],[139.581,38.6175],[139.581,38.6175],[139.581,38.6175],[139.5811,38.6175],[139.5811,38.6175],[139.5811,38.6175],[139.5811,38.6175],[139.5811,38.6175],[139.5811,38.6175],[139.5811,38.6175],[139.5811,38.6175],[139.5811,38.6175],[139.5811,38.6175],[139.5811,38.6175],[139.5811,38.6175]]],[[[139.5811,38.6176],[139.5811,38.6176],[139.5811,38.6176],[139.5812,38.6176],[139.5812,38.6176],[139.5812,38.6175],[139.5812,38.6175],[139.5812,38.6175],[139.5812,38.6175],[139.5812,38.6175],[139.5812,38.6175],[139.5812,38.6175],[139.5812,38.6175],[139.5811,38.6175],[139.5811,38.6175],[139.5811,38.6175],[139.5811,38.6175],[139.5811,38.6175],[139.5811,38.6175],[139.5811,38.6175],[139.5811,38.6175],[139.5811,38.6175],[139.5811,38.6175],[139.5811,38.6175],[139.5811,38.6175],[139.5811,38.6175],[139.5811,38.6176],[139.5811,38.6176],[139.5811,38.6176],[139.5811,38.6176],[139.5811,38.6176],[139.5811,38.6176],[139.5811,38.6176],[139.5811,38.6176]]],[[[139.5813,38.6184],[139.5813,38.6184],[139.5813,38.6184],[139.5813,38.6184],[139.5813,38.6184],[139.5813,38.6184],[139.5813,38.6184],[139.5813,38.6184],[139.5813,38.6184],[139.5814,38.6184],[139.5814,38.6184],[139.5813,38.6184],[139.5813,38.6184],[139.5814,38.6184],[139.5814,38.6184],[139.5814,38.6183],[139.5814,38.6183],[139.5814,38.6183],[139.5814,38.6183],[139.5814,38.6183],[139.5814,38.6183],[139.5814,38.6183],[139.5814,38.6183],[139.5813,38.6183],[139.5813,38.6183],[139.5813,38.6183],[139.5813,38.6183],[139.5812,38.6183],[139.5812,38.6183],[139.5812,38.6183],[139.5812,38.6183],[139.5812,38.6183],[139.5812,38.6183],[139.5812,38.6183],[139.5812,38.6183],[139.5812,38.6183],[139.5812,38.6184],[139.5812,38.6184],[139.5812,38.6184],[139.5812,38.6184],[139.5812,38.6184],[139.5812,38.6184],[139.5812,38.6184],[139.5812,38.6184],[139.5812,38.6184],[139.5812,38.6184],[139.5812,38.6184],[139.5812,38.6184],[139.5812,38.6184],[139.5812,38.6184],[139.5812,38.6184],[139.5812,38.6184],[139.5813,38.6184],[139.5813,38.6184],[139.5813,38.6184],[139.5813,38.6184],[139.5813,38.6184]]],[[[139.5803,38.6185],[139.5803,38.6185],[139.5803,38.6185],[139.5803,38.6185],[139.5803,38.6185],[139.5803,38.6185],[139.5803,38.6185],[139.5804,38.6185],[139.5804,38.6185],[139.5804,38.6185],[139.5804,38.6185],[139.5804,38.6184],[139.5804,38.6184],[139.5804,38.6184],[139.5804,38.6184],[139.5804,38.6184],[139.5804,38.6184],[139.5804,38.6184],[139.5804,38.6184],[139.5804,38.6184],[139.5804,38.6184],[139.5805,38.6184],[139.5805,38.6184],[139.5805,38.6184],[139.5805,38.6184],[139.5805,38.6183],[139.5805,38.6183],[139.5805,38.6183],[139.5805,38.6183],[139.5805,38.6183],[139.5805,38.6183],[139.5805,38.6183],[139.5805,38.6182],[139.5805,38.6182],[139.5805,38.6182],[139.5805,38.6182],[139.5805,38.6182],[139.5805,38.6182],[139.5805,38.6182],[139.5805,38.6182],[139.5805,38.6182],[139.5805,38.6182],[139.5805,38.6182],[139.5805,38.6182],[139.5805,38.6182],[139.5805,38.6181],[139.5805,38.6181],[139.5805,38.6181],[139.5805,38.6181],[139.5805,38.6181],[139.5805,38.6181],[139.5805,38.6181],[139.5805,38.6181],[139.5805,38.6181],[139.5805,38.6181],[139.5805,38.6181],[139.5805,38.6181],[139.5805,38.618],[139.5805,38.618],[139.5805,38.618],[139.5805,38.618],[139.5805,38.618],[139.5805,38.618],[139.5805,38.618],[139.5805,38.618],[139.5805,38.618],[139.5805,38.618],[139.5805,38.618],[139.5805,38.618],[139.5805,38.6179],[139.5805,38.6179],[139.5805,38.6179],[139.5805,38.6179],[139.5805,38.6179],[139.5805,38.6179],[139.5805,38.6179],[139.5805,38.6179],[139.5805,38.6179],[139.5804,38.6179],[139.5804,38.6179],[139.5804,38.6179],[139.5804,38.6179],[139.5804,38.6178],[139.5804,38.6178],[139.5804,38.6178],[139.5804,38.6178],[139.5804,38.6178],[139.5804,38.6178],[139.5804,38.6178],[139.5804,38.6178],[139.5804,38.6178],[139.5804,38.6178],[139.5804,38.6178],[139.5803,38.6178],[139.5803,38.6178],[139.5803,38.6178],[139.5803,38.6178],[139.5803,38.6178],[139.5803,38.6178],[139.5803,38.6178],[139.5803,38.6178],[139.5803,38.6178],[139.5803,38.6178],[139.5803,38.6178],[139.5802,38.6178],[139.5802,38.6178],[139.5802,38.6178],[139.5802,38.6178],[139.5802,38.6179],[139.5802,38.6179],[139.5802,38.6179],[139.5802,38.6179],[139.5802,38.6179],[139.5802,38.6179],[139.5802,38.6179],[139.5802,38.6179],[139.5801,38.6179],[139.5801,38.6179],[139.5801,38.6179],[139.5801,38.6179],[139.5801,38.6179],[139.5801,38.6179],[139.5801,38.6179],[139.5801,38.6179],[139.58,38.6179],[139.58,38.6179],[139.58,38.6179],[139.58,38.6179],[139.58,38.618],[139.58,38.618],[139.58,38.618],[139.58,38.618],[139.58,38.618],[139.5799,38.618],[139.5799,38.618],[139.5799,38.618],[139.5799,38.618],[139.5799,38.618],[139.5799,38.618],[139.5799,38.618],[139.5799,38.618],[139.5799,38.618],[139.5799,38.618],[139.5799,38.618],[139.5799,38.6181],[139.5799,38.6181],[139.5799,38.6181],[139.5799,38.6181],[139.5799,38.6181],[139.5799,38.6181],[139.5799,38.6181],[139.5799,38.6181],[139.5799,38.6181],[139.5799,38.6181],[139.5799,38.6181],[139.5799,38.6181],[139.5799,38.6181],[139.5799,38.6181],[139.5799,38.6181],[139.5799,38.6181],[139.5799,38.6181],[139.5799,38.6182],[139.58,38.6182],[139.58,38.6182],[139.58,38.6182],[139.58,38.6182],[139.58,38.6182],[139.58,38.6182],[139.58,38.6182],[139.58,38.6182],[139.58,38.6182],[139.58,38.6182],[139.58,38.6182],[139.5801,38.6182],[139.5801,38.6182],[139.5801,38.6182],[139.5801,38.6182],[139.5801,38.6182],[139.5801,38.6182],[139.5801,38.6182],[139.5801,38.6182],[139.5801,38.6182],[139.5801,38.6182],[139.5801,38.6182],[139.5801,38.6182],[139.5801,38.6183],[139.5801,38.6183],[139.5801,38.6183],[139.5801,38.6183],[139.5801,38.6183],[139.5801,38.6183],[139.5801,38.6183],[139.5801,38.6183],[139.5801,38.6183],[139.5801,38.6183],[139.5801,38.6183],[139.5801,38.6183],[139.5801,38.6183],[139.5801,38.6184],[139.5801,38.6184],[139.5801,38.6184],[139.5801,38.6184],[139.5801,38.6184],[139.5801,38.6184],[139.5801,38.6184],[139.5801,38.6184],[139.5801,38.6184],[139.5801,38.6184],[139.5802,38.6184],[139.5802,38.6185],[139.5802,38.6185],[139.5802,38.6184],[139.5802,38.6184],[139.5802,38.6185],[139.5802,38.6185],[139.5802,38.6185],[139.5802,38.6185],[139.5802,38.6185],[139.5802,38.6185],[139.5802,38.6185],[139.5802,38.6185],[139.5802,38.6185],[139.5802,38.6185],[139.5803,38.6185],[139.5803,38.6185],[139.5803,38.6185],[139.5803,38.6185],[139.5803,38.6185]]],[[[139.5864,38.6269],[139.5864,38.6269],[139.5864,38.6269],[139.5864,38.6269],[139.5864,38.6269],[139.5864,38.6269],[139.5864,38.6269],[139.5864,38.6269],[139.5864,38.6269],[139.5864,38.6269],[139.5864,38.6269],[139.5864,38.6269],[139.5864,38.6269],[139.5864,38.6269],[139.5864,38.6269],[139.5864,38.6269],[139.5864,38.6269],[139.5864,38.6269],[139.5864,38.6269],[139.5864,38.6269],[139.5864,38.6269],[139.5864,38.6269],[139.5864,38.6269],[139.5864,38.6269],[139.5864,38.6269],[139.5864,38.6269],[139.5863,38.6269],[139.5863,38.6269],[139.5863,38.6269],[139.5863,38.6269],[139.5863,38.6269],[139.5863,38.6269],[139.5863,38.6269],[139.5863,38.6269],[139.5864,38.6269],[139.5864,38.6269],[139.5864,38.6269],[139.5864,38.6269],[139.5864,38.6269],[139.5864,38.6269],[139.5864,38.6269],[139.5864,38.6269],[139.5864,38.6269],[139.5864,38.6269],[139.5864,38.6269],[139.5864,38.6269]]],[[[139.5868,38.6272],[139.5868,38.6272],[139.5868,38.6272],[139.5868,38.6272],[139.5868,38.6272],[139.5868,38.6272],[139.5868,38.6272],[139.5868,38.6272],[139.5868,38.6272],[139.5868,38.6272],[139.5868,38.6272],[139.5867,38.6272],[139.5867,38.6272],[139.5867,38.6272],[139.5867,38.6272],[139.5867,38.6272],[139.5867,38.6272],[139.5868,38.6272],[139.5868,38.6272],[139.5868,38.6272],[139.5868,38.6272],[139.5868,38.6272],[139.5868,38.6272],[139.5868,38.6272],[139.5868,38.6272],[139.5868,38.6272],[139.5868,38.6272],[139.5868,38.6272],[139.5868,38.6272],[139.5868,38.6272],[139.5868,38.6272],[139.5868,38.6272],[139.5868,38.6272]]],[[[139.5872,38.6272],[139.5872,38.6272],[139.5871,38.6272],[139.5871,38.6272],[139.5871,38.6272],[139.5871,38.6272],[139.5871,38.6272],[139.5871,38.6272],[139.5871,38.6272],[139.5871,38.6272],[139.5871,38.6272],[139.5871,38.6272],[139.5871,38.6272],[139.5871,38.6272],[139.5871,38.6272],[139.5871,38.6272],[139.5871,38.6272],[139.5871,38.6272],[139.5872,38.6272],[139.5872,38.6273],[139.5872,38.6273],[139.5872,38.6272],[139.5872,38.6272],[139.5872,38.6272],[139.5872,38.6272],[139.5872,38.6272],[139.5872,38.6272],[139.5872,38.6272],[139.5872,38.6272],[139.5872,38.6272],[139.5872,38.6272],[139.5872,38.6272],[139.5872,38.6272],[139.5872,38.6272],[139.5872,38.6272],[139.5872,38.6272],[139.5872,38.6272]]],[[[139.5871,38.6273],[139.5871,38.6273],[139.5871,38.6273],[139.5871,38.6273],[139.5871,38.6273],[139.5871,38.6273],[139.5871,38.6273],[139.5871,38.6273],[139.5871,38.6273],[139.5871,38.6273],[139.5871,38.6273],[139.5871,38.6273],[139.5871,38.6273],[139.5871,38.6273],[139.5871,38.6272],[139.5871,38.6272],[139.5871,38.6272],[139.5871,38.6272],[139.5871,38.6272],[139.5871,38.6273],[139.5871,38.6273],[139.5871,38.6273],[139.5871,38.6273],[139.5871,38.6273],[139.5871,38.6273],[139.5871,38.6273],[139.5871,38.6273],[139.5871,38.6273],[139.5871,38.6273]]],[[[139.5868,38.6272],[139.5868,38.6272],[139.5868,38.6272],[139.5868,38.6272],[139.5868,38.6272],[139.5868,38.6272],[139.5868,38.6273],[139.5868,38.6273],[139.5868,38.6273],[139.5868,38.6273],[139.5868,38.6273],[139.5868,38.6273],[139.5868,38.6273],[139.5868,38.6273],[139.5868,38.6273],[139.5868,38.6273],[139.5868,38.6273],[139.5869,38.6273],[139.5869,38.6273],[139.5869,38.6273],[139.5869,38.6273],[139.5869,38.6273],[139.5869,38.6273],[139.5869,38.6273],[139.5869,38.6273],[139.5869,38.6273],[139.5869,38.6272],[139.5869,38.6272],[139.5868,38.6272]]],[[[139.5871,38.6273],[139.5871,38.6273],[139.5871,38.6273],[139.5871,38.6273],[139.5871,38.6273],[139.5871,38.6273],[139.5871,38.6273],[139.5871,38.6273],[139.5871,38.6273],[139.5871,38.6273],[139.5871,38.6273],[139.5871,38.6273],[139.5871,38.6273],[139.5871,38.6273],[139.5871,38.6273],[139.5871,38.6273],[139.5871,38.6273],[139.5871,38.6273]]],[[[139.5874,38.6274],[139.5874,38.6274],[139.5874,38.6274],[139.5874,38.6274],[139.5874,38.6274],[139.5874,38.6274],[139.5874,38.6274],[139.5874,38.6274],[139.5874,38.6274],[139.5874,38.6274],[139.5874,38.6274],[139.5874,38.6274],[139.5874,38.6274],[139.5874,38.6274],[139.5874,38.6274],[139.5874,38.6274],[139.5874,38.6274],[139.5873,38.6274],[139.5873,38.6274],[139.5873,38.6274],[139.5873,38.6274],[139.5873,38.6274],[139.5873,38.6274],[139.5873,38.6274],[139.5873,38.6274],[139.5873,38.6274],[139.5873,38.6274],[139.5873,38.6274],[139.5873,38.6274],[139.5873,38.6274],[139.5873,38.6274],[139.5873,38.6274],[139.5873,38.6274],[139.5873,38.6274],[139.5873,38.6274],[139.5873,38.6274],[139.5873,38.6274],[139.5873,38.6274],[139.5873,38.6274],[139.5873,38.6274],[139.5873,38.6274],[139.5874,38.6274],[139.5874,38.6274],[139.5874,38.6274],[139.5874,38.6274],[139.5874,38.6275],[139.5874,38.6275],[139.5874,38.6275],[139.5874,38.6275],[139.5874,38.6274]]],[[[139.5878,38.6276],[139.5878,38.6276],[139.5878,38.6276],[139.5878,38.6276],[139.5878,38.6276],[139.5877,38.6276],[139.5877,38.6276],[139.5877,38.6275],[139.5877,38.6275],[139.5877,38.6275],[139.5877,38.6275],[139.5877,38.6275],[139.5877,38.6275],[139.5877,38.6275],[139.5877,38.6275],[139.5877,38.6275],[139.5877,38.6275],[139.5877,38.6275],[139.5877,38.6275],[139.5877,38.6275],[139.5877,38.6275],[139.5877,38.6275],[139.5877,38.6275],[139.5877,38.6275],[139.5876,38.6275],[139.5876,38.6275],[139.5876,38.6275],[139.5876,38.6275],[139.5876,38.6275],[139.5876,38.6275],[139.5876,38.6275],[139.5876,38.6275],[139.5876,38.6275],[139.5876,38.6275],[139.5876,38.6275],[139.5876,38.6275],[139.5876,38.6276],[139.5876,38.6276],[139.5876,38.6276],[139.5876,38.6276],[139.5876,38.6276],[139.5876,38.6276],[139.5876,38.6276],[139.5876,38.6276],[139.5876,38.6276],[139.5876,38.6276],[139.5876,38.6276],[139.5876,38.6276],[139.5877,38.6276],[139.5877,38.6276],[139.5877,38.6276],[139.5877,38.6276],[139.5877,38.6276],[139.5877,38.6276],[139.5877,38.6276],[139.5877,38.6276],[139.5877,38.6276],[139.5877,38.6276],[139.5877,38.6276],[139.5877,38.6276],[139.5878,38.6276]]],[[[139.5874,38.6276],[139.5874,38.6276],[139.5874,38.6276],[139.5874,38.6276],[139.5874,38.6276],[139.5875,38.6276],[139.5875,38.6276],[139.5875,38.6276],[139.5875,38.6276],[139.5875,38.6275],[139.5875,38.6275],[139.5874,38.6275],[139.5874,38.6275],[139.5874,38.6275],[139.5874,38.6275],[139.5874,38.6275],[139.5874,38.6275],[139.5874,38.6275],[139.5874,38.6275],[139.5874,38.6275],[139.5874,38.6276],[139.5874,38.6276],[139.5874,38.6276],[139.5874,38.6276],[139.5874,38.6276],[139.5874,38.6276],[139.5874,38.6276],[139.5874,38.6276],[139.5874,38.6276],[139.5874,38.6276],[139.5874,38.6276],[139.5874,38.6276],[139.5874,38.6276],[139.5874,38.6276],[139.5874,38.6276],[139.5874,38.6276],[139.5874,38.6276],[139.5874,38.6276],[139.5874,38.6276]]],[[[139.587,38.6276],[139.587,38.6276],[139.587,38.6276],[139.587,38.6276],[139.587,38.6276],[139.587,38.6276],[139.587,38.6276],[139.587,38.6276],[139.587,38.6276],[139.587,38.6276],[139.587,38.6276],[139.587,38.6276],[139.5871,38.6276],[139.5871,38.6276],[139.5871,38.6276],[139.5871,38.6276],[139.5871,38.6276],[139.5871,38.6276],[139.5871,38.6276],[139.5871,38.6276],[139.5871,38.6276],[139.5871,38.6276],[139.5871,38.6276],[139.5871,38.6276],[139.5871,38.6276],[139.5871,38.6276],[139.5871,38.6276],[139.5871,38.6276],[139.5871,38.6276],[139.5872,38.6276],[139.5872,38.6276],[139.5872,38.6276],[139.5872,38.6276],[139.5872,38.6276],[139.5872,38.6275],[139.5872,38.6275],[139.5872,38.6275],[139.5872,38.6275],[139.5872,38.6275],[139.5872,38.6275],[139.5872,38.6275],[139.5872,38.6275],[139.5872,38.6275],[139.5872,38.6275],[139.5872,38.6275],[139.5872,38.6275],[139.5872,38.6275],[139.5872,38.6275],[139.5872,38.6275],[139.5872,38.6275],[139.5872,38.6275],[139.5873,38.6275],[139.5873,38.6275],[139.5873,38.6275],[139.5873,38.6275],[139.5873,38.6275],[139.5873,38.6275],[139.5873,38.6275],[139.5872,38.6275],[139.5872,38.6275],[139.5872,38.6275],[139.5872,38.6275],[139.5872,38.6275],[139.5872,38.6275],[139.5872,38.6275],[139.5872,38.6275],[139.5872,38.6275],[139.5872,38.6275],[139.5872,38.6275],[139.5872,38.6275],[139.5872,38.6275],[139.5871,38.6275],[139.5871,38.6275],[139.5871,38.6275],[139.5871,38.6275],[139.5871,38.6275],[139.5871,38.6275],[139.5871,38.6275],[139.5871,38.6275],[139.5871,38.6275],[139.5871,38.6275],[139.5871,38.6275],[139.5871,38.6275],[139.5871,38.6275],[139.5871,38.6275],[139.5871,38.6275],[139.5871,38.6275],[139.5871,38.6275],[139.5871,38.6275],[139.5871,38.6275],[139.587,38.6275],[139.587,38.6275],[139.587,38.6275],[139.587,38.6275],[139.587,38.6275],[139.587,38.6275],[139.587,38.6275],[139.587,38.6275],[139.587,38.6275],[139.587,38.6275],[139.587,38.6275],[139.587,38.6275],[139.587,38.6275],[139.587,38.6275],[139.587,38.6275],[139.5869,38.6275],[139.5869,38.6275],[139.5869,38.6275],[139.5869,38.6275],[139.5869,38.6275],[139.5869,38.6275],[139.5869,38.6275],[139.5869,38.6275],[139.5869,38.6275],[139.5869,38.6275],[139.5869,38.6275],[139.5869,38.6275],[139.5869,38.6275],[139.5869,38.6275],[139.5869,38.6275],[139.5869,38.6275],[139.5869,38.6276],[139.5869,38.6276],[139.5869,38.6276],[139.5869,38.6276],[139.5869,38.6276],[139.5869,38.6276],[139.5869,38.6276],[139.5869,38.6276],[139.5869,38.6276],[139.5869,38.6276],[139.5869,38.6276],[139.5869,38.6276],[139.5869,38.6276],[139.5869,38.6276],[139.5869,38.6276],[139.5869,38.6276],[139.587,38.6276],[139.587,38.6276],[139.587,38.6276],[139.587,38.6276],[139.587,38.6276],[139.587,38.6276]]],[[[139.5873,38.6277],[139.5873,38.6277],[139.5874,38.6277],[139.5874,38.6277],[139.5874,38.6277],[139.5874,38.6277],[139.5874,38.6277],[139.5874,38.6277],[139.5874,38.6276],[139.5874,38.6276],[139.5874,38.6276],[139.5874,38.6276],[139.5874,38.6276],[139.5874,38.6276],[139.5874,38.6276],[139.5874,38.6276],[139.5874,38.6276],[139.5874,38.6276],[139.5873,38.6276],[139.5873,38.6276],[139.5873,38.6276],[139.5873,38.6276],[139.5873,38.6276],[139.5873,38.6276],[139.5873,38.6276],[139.5873,38.6276],[139.5873,38.6276],[139.5873,38.6276],[139.5873,38.6276],[139.5873,38.6276],[139.5873,38.6276],[139.5873,38.6276],[139.5873,38.6276],[139.5873,38.6277],[139.5873,38.6277],[139.5873,38.6277],[139.5873,38.6277],[139.5873,38.6277],[139.5873,38.6277],[139.5873,38.6277],[139.5873,38.6277],[139.5873,38.6277],[139.5873,38.6277],[139.5873,38.6277],[139.5873,38.6277],[139.5873,38.6277],[139.5873,38.6277],[139.5873,38.6277],[139.5873,38.6277]]],[[[139.5877,38.6276],[139.5877,38.6276],[139.5877,38.6276],[139.5877,38.6276],[139.5877,38.6276],[139.5877,38.6276],[139.5877,38.6276],[139.5877,38.6277],[139.5877,38.6277],[139.5877,38.6277],[139.5877,38.6277],[139.5877,38.6277],[139.5877,38.6277],[139.5877,38.6277],[139.5877,38.6277],[139.5877,38.6277],[139.5876,38.6277],[139.5876,38.6277],[139.5876,38.6277],[139.5876,38.6277],[139.5877,38.6277],[139.5877,38.6277],[139.5877,38.6277],[139.5877,38.6277],[139.5877,38.6277],[139.5877,38.6277],[139.5877,38.6278],[139.5877,38.6278],[139.5877,38.6278],[139.5877,38.6278],[139.5877,38.6278],[139.5877,38.6278],[139.5877,38.6277],[139.5877,38.6277],[139.5877,38.6277],[139.5877,38.6277],[139.5877,38.6277],[139.5877,38.6277],[139.5877,38.6277],[139.5877,38.6277],[139.5877,38.6277],[139.5877,38.6277],[139.5877,38.6277],[139.5877,38.6277],[139.5877,38.6277],[139.5877,38.6277],[139.5877,38.6277],[139.5877,38.6277],[139.5877,38.6277],[139.5877,38.6277],[139.5877,38.6277],[139.5877,38.6277],[139.5877,38.6277],[139.5877,38.6277],[139.5877,38.6276],[139.5877,38.6276],[139.5877,38.6276]]],[[[139.5872,38.6277],[139.5872,38.6277],[139.5872,38.6277],[139.5872,38.6278],[139.5872,38.6278],[139.5872,38.6278],[139.5872,38.6277],[139.5872,38.6277],[139.5872,38.6277],[139.5872,38.6277],[139.5872,38.6277],[139.5872,38.6277],[139.5872,38.6277],[139.5872,38.6277],[139.5872,38.6277],[139.5872,38.6277],[139.5872,38.6277],[139.5872,38.6277],[139.5872,38.6277],[139.5872,38.6277],[139.5872,38.6277],[139.5872,38.6277],[139.5872,38.6277],[139.5872,38.6277],[139.5872,38.6277],[139.5872,38.6277],[139.5872,38.6277],[139.5872,38.6277],[139.5872,38.6277],[139.5872,38.6277],[139.5872,38.6277],[139.5872,38.6277],[139.5872,38.6277],[139.5872,38.6277],[139.5872,38.6277],[139.5872,38.6277],[139.5872,38.6277],[139.5872,38.6277],[139.5872,38.6277],[139.5871,38.6277],[139.5871,38.6277],[139.5871,38.6277],[139.5871,38.6277],[139.5872,38.6277],[139.5872,38.6277],[139.5872,38.6277],[139.5872,38.6277],[139.5872,38.6278],[139.5872,38.6278],[139.5872,38.6278],[139.5872,38.6278],[139.5872,38.6278],[139.5872,38.6278],[139.5872,38.6277]]],[[[139.5874,38.6278],[139.5874,38.6278],[139.5874,38.6278],[139.5874,38.6278],[139.5874,38.6278],[139.5874,38.6278],[139.5874,38.6278],[139.5874,38.6278],[139.5874,38.6278],[139.5875,38.6278],[139.5875,38.6278],[139.5875,38.6278],[139.5875,38.6278],[139.5875,38.6278],[139.5875,38.6278],[139.5875,38.6278],[139.5875,38.6277],[139.5875,38.6277],[139.5875,38.6277],[139.5875,38.6277],[139.5875,38.6277],[139.5875,38.6277],[139.5875,38.6277],[139.5875,38.6277],[139.5875,38.6277],[139.5875,38.6277],[139.5875,38.6277],[139.5875,38.6277],[139.5875,38.6277],[139.5874,38.6277],[139.5874,38.6277],[139.5874,38.6277],[139.5874,38.6277],[139.5874,38.6277],[139.5874,38.6277],[139.5874,38.6277],[139.5874,38.6277],[139.5874,38.6277],[139.5874,38.6277],[139.5874,38.6277],[139.5874,38.6277],[139.5874,38.6277],[139.5874,38.6277],[139.5874,38.6277],[139.5874,38.6277],[139.5874,38.6277],[139.5874,38.6277],[139.5874,38.6277],[139.5874,38.6277],[139.5874,38.6278],[139.5874,38.6278],[139.5874,38.6278],[139.5874,38.6278],[139.5874,38.6278],[139.5874,38.6278],[139.5874,38.6278],[139.5874,38.6278],[139.5874,38.6278],[139.5874,38.6278],[139.5874,38.6278],[139.5874,38.6278]]],[[[139.5876,38.6279],[139.5876,38.6279],[139.5876,38.6279],[139.5876,38.6279],[139.5876,38.6279],[139.5876,38.6279],[139.5876,38.6279],[139.5876,38.6279],[139.5876,38.6279],[139.5876,38.6279],[139.5876,38.6279],[139.5876,38.6279],[139.5876,38.6278],[139.5876,38.6278],[139.5876,38.6278],[139.5876,38.6278],[139.5876,38.6278],[139.5876,38.6278],[139.5876,38.6278],[139.5876,38.6278],[139.5876,38.6278],[139.5876,38.6278],[139.5876,38.6278],[139.5876,38.6278],[139.5876,38.6278],[139.5876,38.6278],[139.5876,38.6278],[139.5876,38.6278],[139.5876,38.6278],[139.5876,38.6278],[139.5876,38.6278],[139.5876,38.6278],[139.5875,38.6278],[139.5875,38.6278],[139.5875,38.6278],[139.5875,38.6278],[139.5875,38.6278],[139.5875,38.6278],[139.5875,38.6278],[139.5875,38.6278],[139.5875,38.6278],[139.5875,38.6278],[139.5875,38.6278],[139.5875,38.6279],[139.5875,38.6279],[139.5875,38.6279],[139.5875,38.6279],[139.5875,38.6279],[139.5875,38.6279],[139.5875,38.6279],[139.5875,38.6279],[139.5875,38.6279],[139.5876,38.6279],[139.5876,38.6279],[139.5876,38.6279],[139.5876,38.6279],[139.5876,38.6279],[139.5876,38.6279],[139.5876,38.6279],[139.5876,38.6279],[139.5876,38.6279]]],[[[139.5877,38.6279],[139.5877,38.6279],[139.5877,38.6279],[139.5877,38.6279],[139.5876,38.6279],[139.5876,38.6279],[139.5876,38.6279],[139.5876,38.6279],[139.5876,38.6279],[139.5877,38.6279],[139.5877,38.6279],[139.5877,38.6279],[139.5877,38.6279],[139.5877,38.6279],[139.5877,38.6279],[139.5877,38.6279],[139.5877,38.6279],[139.5877,38.6279],[139.5877,38.6279],[139.5877,38.6279],[139.5877,38.6279],[139.5877,38.6279],[139.5877,38.6279],[139.5877,38.6279]]],[[[139.5873,38.6279],[139.5873,38.6279],[139.5873,38.6279],[139.5873,38.6279],[139.5873,38.6279],[139.5873,38.6279],[139.5873,38.6279],[139.5873,38.6279],[139.5873,38.6279],[139.5873,38.6279],[139.5873,38.6279],[139.5873,38.6279],[139.5873,38.6279],[139.5873,38.6279],[139.5873,38.6279],[139.5873,38.6279],[139.5873,38.6279],[139.5873,38.6279],[139.5873,38.6279],[139.5873,38.6279],[139.5873,38.6279],[139.5873,38.6279],[139.5873,38.6279],[139.5873,38.6279],[139.5873,38.6279],[139.5873,38.6279],[139.5873,38.6279],[139.5873,38.6279],[139.5873,38.6279],[139.5873,38.6279],[139.5873,38.6279],[139.5873,38.6279],[139.5873,38.6279],[139.5873,38.6279],[139.5873,38.6279],[139.5873,38.6279]]],[[[139.5876,38.6279],[139.5876,38.6279],[139.5876,38.6279],[139.5876,38.6279],[139.5876,38.6279],[139.5876,38.6279],[139.5876,38.6279],[139.5876,38.628],[139.5876,38.628],[139.5876,38.628],[139.5876,38.628],[139.5876,38.628],[139.5876,38.628],[139.5876,38.628],[139.5876,38.628],[139.5876,38.628],[139.5876,38.628],[139.5876,38.628],[139.5876,38.628],[139.5876,38.628],[139.5876,38.628],[139.5876,38.628],[139.5876,38.628],[139.5876,38.628],[139.5876,38.628],[139.5876,38.628],[139.5876,38.628],[139.5876,38.628],[139.5876,38.6279],[139.5876,38.6279]]],[[[139.5873,38.628],[139.5873,38.628],[139.5873,38.628],[139.5873,38.628],[139.5874,38.628],[139.5874,38.628],[139.5874,38.628],[139.5873,38.628],[139.5873,38.628],[139.5873,38.628],[139.5873,38.628],[139.5873,38.628],[139.5873,38.628],[139.5873,38.628],[139.5873,38.628],[139.5873,38.628],[139.5873,38.628],[139.5873,38.628],[139.5873,38.628],[139.5873,38.628],[139.5873,38.628],[139.5873,38.628],[139.5873,38.628],[139.5873,38.628],[139.5873,38.628],[139.5873,38.628],[139.5873,38.628],[139.5873,38.628],[139.5873,38.628],[139.5873,38.628],[139.5873,38.628],[139.5873,38.628],[139.5873,38.628],[139.5873,38.628]]],[[[139.5874,38.6281],[139.5874,38.6281],[139.5874,38.6281],[139.5874,38.6281],[139.5874,38.6281],[139.5874,38.6281],[139.5874,38.6281],[139.5874,38.6281],[139.5874,38.6281],[139.5874,38.6281],[139.5874,38.6281],[139.5874,38.6281],[139.5874,38.6281],[139.5874,38.6281],[139.5874,38.6281],[139.5874,38.6281],[139.5874,38.6281],[139.5873,38.6281],[139.5873,38.6281],[139.5873,38.6281],[139.5873,38.6281],[139.5873,38.6281],[139.5873,38.6281],[139.5873,38.6281],[139.5873,38.6281],[139.5873,38.6281],[139.5873,38.6281],[139.5873,38.6281],[139.5873,38.6281],[139.5873,38.6281],[139.5873,38.6281],[139.5873,38.6281],[139.5873,38.6281],[139.5873,38.6281],[139.5873,38.6281],[139.5873,38.6281],[139.5874,38.6281],[139.5874,38.6281],[139.5874,38.6281],[139.5874,38.6281],[139.5874,38.6281],[139.5874,38.6281],[139.5874,38.6281]]],[[[139.5884,38.6284],[139.5884,38.6284],[139.5884,38.6284],[139.5884,38.6284],[139.5884,38.6284],[139.5884,38.6284],[139.5884,38.6284],[139.5884,38.6284],[139.5884,38.6284],[139.5884,38.6284],[139.5884,38.6284],[139.5884,38.6283],[139.5884,38.6283],[139.5884,38.6283],[139.5884,38.6283],[139.5884,38.6283],[139.5884,38.6283],[139.5884,38.6283],[139.5884,38.6283],[139.5884,38.6283],[139.5884,38.6283],[139.5884,38.6283],[139.5884,38.6283],[139.5884,38.6283],[139.5884,38.6283],[139.5884,38.6283],[139.5884,38.6283],[139.5883,38.6283],[139.5883,38.6283],[139.5883,38.6283],[139.5883,38.6283],[139.5883,38.6283],[139.5883,38.6283],[139.5883,38.6283],[139.5883,38.6284],[139.5883,38.6284],[139.5883,38.6284],[139.5883,38.6284],[139.5883,38.6284],[139.5883,38.6284],[139.5883,38.6284],[139.5883,38.6284],[139.5883,38.6284],[139.5884,38.6284],[139.5884,38.6284]]],[[[139.5878,38.6285],[139.5878,38.6285],[139.5878,38.6285],[139.5878,38.6285],[139.5878,38.6285],[139.5878,38.6285],[139.5878,38.6285],[139.5878,38.6285],[139.5878,38.6285],[139.5878,38.6285],[139.5878,38.6285],[139.5878,38.6285],[139.5878,38.6285],[139.5878,38.6285],[139.5878,38.6285],[139.5878,38.6285],[139.5878,38.6285],[139.5878,38.6285],[139.5878,38.6285],[139.5878,38.6285],[139.5878,38.6285],[139.5878,38.6285],[139.5878,38.6285],[139.5878,38.6285]]],[[[139.5882,38.6286],[139.5883,38.6286],[139.5883,38.6286],[139.5883,38.6286],[139.5883,38.6286],[139.5883,38.6286],[139.5883,38.6286],[139.5883,38.6286],[139.5883,38.6286],[139.5883,38.6285],[139.5883,38.6285],[139.5883,38.6285],[139.5883,38.6285],[139.5883,38.6286],[139.5883,38.6286],[139.5883,38.6285],[139.5883,38.6285],[139.5883,38.6285],[139.5884,38.6285],[139.5884,38.6285],[139.5884,38.6285],[139.5884,38.6285],[139.5884,38.6285],[139.5884,38.6285],[139.5884,38.6285],[139.5884,38.6285],[139.5884,38.6285],[139.5884,38.6285],[139.5884,38.6285],[139.5884,38.6285],[139.5884,38.6285],[139.5884,38.6285],[139.5884,38.6285],[139.5884,38.6285],[139.5884,38.6285],[139.5884,38.6285],[139.5884,38.6285],[139.5884,38.6285],[139.5885,38.6285],[139.5885,38.6285],[139.5885,38.6285],[139.5885,38.6285],[139.5885,38.6285],[139.5885,38.6285],[139.5885,38.6285],[139.5885,38.6285],[139.5885,38.6285],[139.5885,38.6285],[139.5885,38.6285],[139.5885,38.6284],[139.5884,38.6284],[139.5884,38.6284],[139.5884,38.6284],[139.5884,38.6284],[139.5884,38.6284],[139.5884,38.6284],[139.5884,38.6284],[139.5884,38.6285],[139.5884,38.6284],[139.5884,38.6284],[139.5883,38.6284],[139.5883,38.6285],[139.5883,38.6285],[139.5883,38.6285],[139.5883,38.6285],[139.5883,38.6285],[139.5883,38.6285],[139.5883,38.6285],[139.5883,38.6285],[139.5883,38.6285],[139.5883,38.6285],[139.5883,38.6285],[139.5883,38.6285],[139.5883,38.6285],[139.5882,38.6285],[139.5882,38.6285],[139.5882,38.6285],[139.5882,38.6285],[139.5882,38.6285],[139.5882,38.6285],[139.5882,38.6285],[139.5882,38.6285],[139.5882,38.6285],[139.5882,38.6285],[139.5882,38.6285],[139.5882,38.6285],[139.5882,38.6286],[139.5882,38.6286],[139.5882,38.6286],[139.5882,38.6286],[139.5882,38.6286],[139.5882,38.6286],[139.5882,38.6286],[139.5882,38.6286],[139.5882,38.6286],[139.5882,38.6286]]],[[[139.5879,38.6286],[139.5878,38.6286],[139.5878,38.6286],[139.5878,38.6286],[139.5878,38.6286],[139.5878,38.6286],[139.5878,38.6286],[139.5878,38.6286],[139.5878,38.6286],[139.5878,38.6286],[139.5878,38.6286],[139.5878,38.6286],[139.5878,38.6286],[139.5878,38.6286],[139.5878,38.6286],[139.5879,38.6286],[139.5879,38.6286],[139.5879,38.6286],[139.5879,38.6287],[139.5879,38.6287],[139.5879,38.6287],[139.5879,38.6287],[139.5879,38.6287],[139.5879,38.6286],[139.5879,38.6286],[139.5879,38.6286],[139.5879,38.6286],[139.5879,38.6286],[139.5879,38.6286],[139.5879,38.6286],[139.5879,38.6286],[139.5879,38.6286],[139.5879,38.6286],[139.5879,38.6286],[139.5879,38.6286],[139.5879,38.6286],[139.5879,38.6286],[139.5879,38.6286]]],[[[139.5884,38.6287],[139.5884,38.6287],[139.5884,38.6287],[139.5884,38.6287],[139.5884,38.6287],[139.5884,38.6287],[139.5884,38.6286],[139.5884,38.6286],[139.5884,38.6286],[139.5884,38.6286],[139.5883,38.6286],[139.5883,38.6286],[139.5883,38.6286],[139.5883,38.6286],[139.5883,38.6286],[139.5883,38.6286],[139.5883,38.6286],[139.5883,38.6286],[139.5883,38.6286],[139.5883,38.6286],[139.5883,38.6286],[139.5883,38.6287],[139.5883,38.6287],[139.5883,38.6287],[139.5883,38.6287],[139.5883,38.6287],[139.5883,38.6287],[139.5883,38.6287],[139.5883,38.6287],[139.5883,38.6287],[139.5883,38.6287],[139.5883,38.6287],[139.5883,38.6287],[139.5883,38.6287],[139.5883,38.6287],[139.5883,38.6287],[139.5883,38.6287],[139.5883,38.6287],[139.5883,38.6287],[139.5883,38.6287],[139.5883,38.6287],[139.5883,38.6287],[139.5883,38.6287],[139.5883,38.6287],[139.5884,38.6287],[139.5884,38.6287],[139.5884,38.6287],[139.5884,38.6287]]],[[[139.5884,38.6287],[139.5884,38.6287],[139.5884,38.6287],[139.5884,38.6287],[139.5884,38.6287],[139.5884,38.6287],[139.5884,38.6288],[139.5884,38.6288],[139.5884,38.6288],[139.5884,38.6288],[139.5884,38.6288],[139.5884,38.6288],[139.5884,38.6288],[139.5884,38.6288],[139.5884,38.6288],[139.5884,38.6288],[139.5884,38.6288],[139.5884,38.6288],[139.5884,38.6288],[139.5884,38.6288],[139.5884,38.6288],[139.5884,38.6287],[139.5884,38.6287],[139.5884,38.6287],[139.5884,38.6287]]],[[[139.5881,38.6288],[139.5881,38.6288],[139.5881,38.6288],[139.5881,38.6288],[139.588,38.6288],[139.588,38.6288],[139.588,38.6288],[139.588,38.6288],[139.588,38.6288],[139.588,38.6288],[139.588,38.6288],[139.588,38.6288],[139.588,38.6288],[139.588,38.6288],[139.5881,38.6288],[139.5881,38.6288],[139.5881,38.6288],[139.5881,38.6288],[139.5881,38.6288],[139.5881,38.6288],[139.5881,38.6288],[139.5881,38.6288],[139.5881,38.6288],[139.5881,38.6288],[139.5881,38.6288],[139.5881,38.6288],[139.5881,38.6288],[139.5881,38.6288],[139.5881,38.6288],[139.5881,38.6288],[139.5881,38.6288],[139.5881,38.6288],[139.5881,38.6288],[139.5881,38.6288],[139.5881,38.6288],[139.5881,38.6288],[139.5881,38.6288],[139.5881,38.6288],[139.5881,38.6288]]],[[[139.5883,38.629],[139.5883,38.629],[139.5883,38.629],[139.5883,38.629],[139.5883,38.629],[139.5883,38.629],[139.5883,38.629],[139.5883,38.629],[139.5883,38.629],[139.5883,38.629],[139.5883,38.629],[139.5883,38.629],[139.5882,38.629],[139.5882,38.629],[139.5882,38.6289],[139.5882,38.6289],[139.5882,38.6289],[139.5882,38.6289],[139.5882,38.629],[139.5882,38.629],[139.5882,38.629],[139.5882,38.629],[139.5882,38.629],[139.5882,38.629],[139.5882,38.629],[139.5882,38.629],[139.5882,38.629],[139.5882,38.629],[139.5882,38.629],[139.5883,38.629],[139.5883,38.629],[139.5883,38.629],[139.5883,38.629],[139.5883,38.629],[139.5883,38.629],[139.5883,38.629],[139.5883,38.629],[139.5883,38.629],[139.5883,38.629],[139.5883,38.629],[139.5883,38.6291],[139.5883,38.6291],[139.5883,38.6291],[139.5883,38.6291],[139.5883,38.6291],[139.5883,38.6291],[139.5883,38.6291],[139.5884,38.6291],[139.5884,38.6291],[139.5884,38.6291],[139.5884,38.6291],[139.5884,38.6291],[139.5884,38.629],[139.5884,38.629],[139.5884,38.629],[139.5884,38.629],[139.5884,38.629],[139.5884,38.629],[139.5883,38.629],[139.5883,38.629]]],[[[139.5876,38.6291],[139.5877,38.6291],[139.5877,38.6291],[139.5877,38.6291],[139.5877,38.6291],[139.5877,38.6291],[139.5877,38.6291],[139.5877,38.6291],[139.5877,38.6291],[139.5877,38.6291],[139.5877,38.6291],[139.5877,38.6291],[139.5877,38.6291],[139.5877,38.6291],[139.5877,38.6291],[139.5877,38.6291],[139.5877,38.6291],[139.5878,38.6291],[139.5878,38.6291],[139.5878,38.629],[139.5878,38.629],[139.5878,38.629],[139.5878,38.629],[139.5878,38.629],[139.5878,38.629],[139.5878,38.629],[139.5878,38.629],[139.5878,38.629],[139.5878,38.629],[139.5878,38.629],[139.5878,38.629],[139.5878,38.629],[139.5878,38.629],[139.5878,38.629],[139.5878,38.629],[139.5878,38.629],[139.5878,38.629],[139.5878,38.629],[139.5878,38.629],[139.5878,38.629],[139.5878,38.629],[139.5878,38.629],[139.5878,38.629],[139.5878,38.629],[139.5878,38.6289],[139.5878,38.6289],[139.5878,38.6289],[139.5878,38.6289],[139.5878,38.6289],[139.5878,38.6289],[139.5877,38.6289],[139.5877,38.6289],[139.5877,38.6289],[139.5877,38.6289],[139.5877,38.6289],[139.5877,38.6289],[139.5877,38.6289],[139.5877,38.6289],[139.5877,38.6289],[139.5877,38.6289],[139.5877,38.6289],[139.5877,38.6289],[139.5877,38.6289],[139.5876,38.6289],[139.5876,38.6289],[139.5876,38.6289],[139.5876,38.6289],[139.5876,38.6289],[139.5876,38.629],[139.5876,38.629],[139.5876,38.629],[139.5876,38.629],[139.5876,38.629],[139.5876,38.629],[139.5876,38.629],[139.5876,38.629],[139.5876,38.629],[139.5876,38.629],[139.5876,38.629],[139.5876,38.629],[139.5876,38.629],[139.5875,38.629],[139.5875,38.629],[139.5875,38.629],[139.5876,38.629],[139.5875,38.629],[139.5875,38.629],[139.5875,38.629],[139.5875,38.629],[139.5875,38.629],[139.5875,38.629],[139.5875,38.629],[139.5875,38.629],[139.5875,38.6291],[139.5875,38.6291],[139.5875,38.6291],[139.5875,38.6291],[139.5875,38.6291],[139.5876,38.6291],[139.5876,38.6291],[139.5876,38.6291],[139.5876,38.6291],[139.5876,38.6291],[139.5876,38.6291],[139.5876,38.6291],[139.5876,38.6291],[139.5876,38.6291],[139.5876,38.6291],[139.5876,38.6291],[139.5876,38.6291],[139.5876,38.6291],[139.5876,38.6291],[139.5876,38.6291]]],[[[139.5882,38.6291],[139.5882,38.6291],[139.5882,38.6291],[139.5882,38.6291],[139.5882,38.6291],[139.5882,38.6291],[139.5882,38.6291],[139.5882,38.6291],[139.5882,38.6291],[139.5882,38.6291],[139.5882,38.6291],[139.5882,38.629],[139.5882,38.629],[139.5882,38.629],[139.5882,38.629],[139.5882,38.629],[139.5882,38.629],[139.5882,38.629],[139.5882,38.629],[139.5882,38.629],[139.5881,38.629],[139.5881,38.629],[139.5881,38.629],[139.5881,38.629],[139.5881,38.629],[139.5881,38.629],[139.5881,38.629],[139.5881,38.629],[139.5881,38.629],[139.5881,38.6289],[139.5881,38.6289],[139.5881,38.6289],[139.5881,38.6289],[139.5881,38.6289],[139.5881,38.6289],[139.5881,38.629],[139.5881,38.629],[139.5881,38.629],[139.5881,38.629],[139.5881,38.629],[139.5881,38.629],[139.5881,38.629],[139.5881,38.629],[139.5881,38.629],[139.5881,38.629],[139.5881,38.629],[139.5881,38.629],[139.5881,38.629],[139.5881,38.629],[139.5881,38.629],[139.5881,38.6291],[139.5881,38.6291],[139.5881,38.6291],[139.5881,38.6291],[139.5881,38.6291],[139.5881,38.6291],[139.5881,38.6291],[139.5881,38.6291],[139.5881,38.6291],[139.5881,38.6291],[139.5881,38.6291],[139.5881,38.6291],[139.5881,38.6291],[139.5881,38.6291],[139.5882,38.6291],[139.5882,38.6291],[139.5882,38.6291],[139.5882,38.6291],[139.5882,38.6291],[139.5882,38.6291],[139.5882,38.6291],[139.5882,38.6291],[139.5882,38.6291],[139.5882,38.6291],[139.5882,38.6291]]],[[[139.5883,38.6292],[139.5883,38.6292],[139.5883,38.6292],[139.5883,38.6292],[139.5883,38.6292],[139.5883,38.6292],[139.5883,38.6292],[139.5883,38.6292],[139.5883,38.6292],[139.5883,38.6292],[139.5883,38.6292],[139.5883,38.6292],[139.5883,38.6292],[139.5882,38.6292],[139.5882,38.6292],[139.5882,38.6292],[139.5882,38.6292],[139.5882,38.6292],[139.5882,38.6292],[139.5882,38.6292],[139.5882,38.6292],[139.5882,38.6292],[139.5882,38.6292],[139.5882,38.6292],[139.5882,38.6292],[139.5882,38.6292],[139.5882,38.6292],[139.5882,38.6292],[139.5882,38.6292],[139.5882,38.6292],[139.5882,38.6292],[139.5882,38.6292],[139.5882,38.6292],[139.5883,38.6292],[139.5883,38.6292],[139.5883,38.6292],[139.5883,38.6292],[139.5883,38.6292],[139.5883,38.6292],[139.5883,38.6292],[139.5883,38.6292],[139.5883,38.6292],[139.5883,38.6292],[139.5883,38.6292],[139.5883,38.6292]]],[[[139.5884,38.6294],[139.5884,38.6294],[139.5884,38.6294],[139.5884,38.6294],[139.5884,38.6294],[139.5884,38.6294],[139.5884,38.6294],[139.5884,38.6294],[139.5884,38.6294],[139.5884,38.6293],[139.5884,38.6293],[139.5884,38.6293],[139.5884,38.6293],[139.5884,38.6293],[139.5884,38.6293],[139.5884,38.6293],[139.5884,38.6293],[139.5884,38.6293],[139.5883,38.6293],[139.5883,38.6293],[139.5883,38.6293],[139.5883,38.6293],[139.5883,38.6293],[139.5883,38.6293],[139.5883,38.6293],[139.5883,38.6293],[139.5883,38.6293],[139.5883,38.6294],[139.5883,38.6294],[139.5883,38.6294],[139.5883,38.6294],[139.5883,38.6294],[139.5883,38.6294],[139.5883,38.6294],[139.5883,38.6294],[139.5883,38.6294],[139.5883,38.6294],[139.5884,38.6294],[139.5884,38.6294],[139.5884,38.6294],[139.5884,38.6294],[139.5884,38.6294],[139.5884,38.6294],[139.5884,38.6294]]],[[[139.5884,38.6295],[139.5884,38.6295],[139.5884,38.6295],[139.5884,38.6295],[139.5884,38.6295],[139.5884,38.6294],[139.5884,38.6295],[139.5884,38.6295],[139.5884,38.6295],[139.5884,38.6295],[139.5884,38.6295],[139.5884,38.6295],[139.5884,38.6295],[139.5884,38.6295],[139.5884,38.6295],[139.5884,38.6295],[139.5884,38.6295],[139.5884,38.6295],[139.5884,38.6295],[139.5884,38.6295],[139.5884,38.6296],[139.5884,38.6296],[139.5884,38.6296],[139.5884,38.6296],[139.5884,38.6296],[139.5884,38.6296],[139.5884,38.6296],[139.5884,38.6296],[139.5884,38.6296],[139.5884,38.6296],[139.5885,38.6296],[139.5885,38.6296],[139.5885,38.6296],[139.5885,38.6296],[139.5885,38.6296],[139.5885,38.6296],[139.5885,38.6296],[139.5885,38.6296],[139.5885,38.6296],[139.5885,38.6296],[139.5885,38.6296],[139.5885,38.6296],[139.5885,38.6295],[139.5885,38.6295],[139.5885,38.6295],[139.5885,38.6295],[139.5885,38.6295],[139.5885,38.6295],[139.5885,38.6295],[139.5885,38.6295],[139.5885,38.6295],[139.5885,38.6295],[139.5884,38.6295],[139.5884,38.6295],[139.5884,38.6295],[139.5884,38.6295]]],[[[139.5884,38.6298],[139.5884,38.6298],[139.5884,38.6298],[139.5884,38.6298],[139.5884,38.6298],[139.5884,38.6298],[139.5884,38.6298],[139.5884,38.6298],[139.5884,38.6298],[139.5884,38.6298],[139.5884,38.6298],[139.5884,38.6297],[139.5884,38.6297],[139.5884,38.6297],[139.5884,38.6297],[139.5884,38.6297],[139.5884,38.6297],[139.5884,38.6297],[139.5884,38.6297],[139.5884,38.6297],[139.5884,38.6297],[139.5884,38.6297],[139.5884,38.6297],[139.5884,38.6297],[139.5884,38.6297],[139.5883,38.6297],[139.5883,38.6297],[139.5883,38.6297],[139.5883,38.6298],[139.5883,38.6298],[139.5883,38.6298],[139.5884,38.6298],[139.5884,38.6298],[139.5884,38.6298],[139.5884,38.6298],[139.5884,38.6298]]],[[[139.5882,38.6301],[139.5882,38.6301],[139.5882,38.6301],[139.5882,38.6301],[139.5882,38.6301],[139.5882,38.6301],[139.5882,38.6301],[139.5882,38.6301],[139.5882,38.6301],[139.5882,38.6301],[139.5882,38.6301],[139.5882,38.63],[139.5881,38.6301],[139.5881,38.6301],[139.5881,38.6301],[139.5881,38.6301],[139.5881,38.6301],[139.5881,38.6301],[139.5881,38.6301],[139.5881,38.6301],[139.5881,38.6301],[139.5881,38.6301],[139.5881,38.6301],[139.5882,38.6301],[139.5882,38.6301],[139.5882,38.6301],[139.5882,38.6301],[139.5882,38.6301],[139.5882,38.6301],[139.5882,38.6301],[139.5882,38.6301],[139.5882,38.6301]]],[[[139.5881,38.6301],[139.5881,38.6301],[139.5881,38.6301],[139.5881,38.6301],[139.5881,38.6301],[139.5881,38.6301],[139.5881,38.6301],[139.5881,38.6301],[139.5881,38.6301],[139.5881,38.6301],[139.5881,38.6301],[139.5881,38.6301],[139.5881,38.6301],[139.5881,38.6301],[139.5881,38.6301],[139.5881,38.6301],[139.5881,38.6301],[139.5881,38.6301],[139.5881,38.6302],[139.5881,38.6302],[139.5881,38.6302],[139.5881,38.6302],[139.5881,38.6302],[139.5881,38.6302],[139.5881,38.6302],[139.5881,38.6302],[139.5881,38.6302],[139.5881,38.6302],[139.5881,38.6301],[139.5881,38.6301],[139.5881,38.6301],[139.5881,38.6301],[139.5881,38.6301],[139.5881,38.6301],[139.5881,38.6301],[139.5881,38.6301],[139.5881,38.6301],[139.5881,38.6301],[139.5881,38.6301],[139.5881,38.6301],[139.5881,38.6301],[139.5881,38.6301]]],[[[139.5879,38.6302],[139.5879,38.6302],[139.5879,38.6302],[139.5879,38.6302],[139.5879,38.6302],[139.5879,38.6302],[139.5879,38.6302],[139.5879,38.6302],[139.588,38.6302],[139.588,38.6302],[139.588,38.6302],[139.5879,38.6302],[139.5879,38.6302],[139.5879,38.6302],[139.5879,38.6302],[139.5879,38.6302],[139.5879,38.6302],[139.5879,38.6302],[139.5879,38.6302],[139.5879,38.6302],[139.5879,38.6302],[139.5879,38.6302],[139.5879,38.6302],[139.5879,38.6302],[139.5879,38.6302],[139.5879,38.6302],[139.5879,38.6302],[139.5879,38.6302],[139.5879,38.6302],[139.5879,38.6302],[139.5879,38.6302],[139.5879,38.6302],[139.5879,38.6302],[139.5879,38.6302],[139.5879,38.6302],[139.5879,38.6302],[139.5879,38.6302]]],[[[139.588,38.6303],[139.588,38.6303],[139.588,38.6303],[139.588,38.6303],[139.588,38.6303],[139.588,38.6303],[139.588,38.6302],[139.588,38.6302],[139.588,38.6302],[139.588,38.6302],[139.588,38.6302],[139.588,38.6302],[139.588,38.6302],[139.588,38.6302],[139.588,38.6302],[139.588,38.6302],[139.588,38.6302],[139.588,38.6302],[139.588,38.6302],[139.588,38.6302],[139.588,38.6302],[139.588,38.6302],[139.588,38.6303],[139.588,38.6303],[139.588,38.6303],[139.588,38.6303],[139.588,38.6303],[139.588,38.6303],[139.588,38.6303]]],[[[139.5883,38.6303],[139.5883,38.6303],[139.5883,38.6303],[139.5883,38.6303],[139.5883,38.6303],[139.5883,38.6302],[139.5883,38.6302],[139.5882,38.6302],[139.5882,38.6302],[139.5882,38.6302],[139.5882,38.6302],[139.5882,38.6302],[139.5882,38.6302],[139.5882,38.6302],[139.5882,38.6302],[139.5882,38.6302],[139.5882,38.6302],[139.5882,38.6302],[139.5882,38.6302],[139.5882,38.6302],[139.5882,38.6302],[139.5882,38.6302],[139.5882,38.6302],[139.5882,38.6302],[139.5882,38.6302],[139.5882,38.6302],[139.5882,38.6302],[139.5882,38.6303],[139.5882,38.6303],[139.5882,38.6303],[139.5882,38.6303],[139.5882,38.6303],[139.5882,38.6303],[139.5882,38.6303],[139.5882,38.6303],[139.5882,38.6303],[139.5882,38.6303],[139.5883,38.6303]]],[[[139.5881,38.6303],[139.5881,38.6303],[139.588,38.6303],[139.588,38.6303],[139.588,38.6303],[139.588,38.6303],[139.588,38.6303],[139.588,38.6303],[139.588,38.6303],[139.588,38.6303],[139.588,38.6303],[139.5881,38.6303],[139.5881,38.6303],[139.5881,38.6303],[139.5881,38.6303],[139.5881,38.6303],[139.5881,38.6303],[139.5881,38.6303]]],[[[139.5883,38.6304],[139.5883,38.6304],[139.5883,38.6304],[139.5883,38.6304],[139.5883,38.6304],[139.5883,38.6304],[139.5883,38.6304],[139.5883,38.6304],[139.5883,38.6304],[139.5883,38.6304],[139.5883,38.6304],[139.5883,38.6304],[139.5883,38.6304],[139.5883,38.6304],[139.5883,38.6304],[139.5884,38.6304],[139.5884,38.6304],[139.5884,38.6304],[139.5884,38.6304],[139.5884,38.6304],[139.5883,38.6304],[139.5883,38.6304],[139.5883,38.6304],[139.5883,38.6304],[139.5883,38.6304],[139.5883,38.6304],[139.5883,38.6304],[139.5883,38.6303],[139.5883,38.6303],[139.5883,38.6303],[139.5883,38.6303],[139.5883,38.6303],[139.5883,38.6303],[139.5883,38.6303],[139.5883,38.6303],[139.5883,38.6303],[139.5883,38.6303],[139.5882,38.6303],[139.5882,38.6303],[139.5883,38.6304],[139.5882,38.6304],[139.5882,38.6304],[139.5882,38.6304],[139.5882,38.6304],[139.5882,38.6304],[139.5882,38.6304],[139.5882,38.6304],[139.5882,38.6304],[139.5882,38.6304],[139.5882,38.6304],[139.5882,38.6304],[139.5882,38.6304],[139.5882,38.6304],[139.5882,38.6304],[139.5882,38.6304],[139.5882,38.6304],[139.5882,38.6304],[139.5882,38.6304],[139.5882,38.6304],[139.5882,38.6304],[139.5883,38.6304],[139.5883,38.6304],[139.5883,38.6304],[139.5883,38.6304]]],[[[139.5881,38.6304],[139.5881,38.6304],[139.5881,38.6304],[139.5881,38.6304],[139.5881,38.6304],[139.5881,38.6304],[139.5881,38.6304],[139.5881,38.6304],[139.5881,38.6304],[139.5881,38.6304],[139.5881,38.6304],[139.5881,38.6304],[139.5881,38.6304],[139.5881,38.6304],[139.5881,38.6304],[139.5881,38.6304],[139.5881,38.6304],[139.5881,38.6304],[139.5881,38.6304],[139.5881,38.6304],[139.5881,38.6304],[139.5881,38.6304],[139.5881,38.6304],[139.5881,38.6304]]],[[[139.5878,38.6304],[139.5878,38.6304],[139.5878,38.6304],[139.5878,38.6304],[139.5878,38.6304],[139.5878,38.6304],[139.5878,38.6304],[139.5878,38.6304],[139.5878,38.6304],[139.5878,38.6304],[139.5878,38.6304],[139.5878,38.6304],[139.5878,38.6304],[139.5878,38.6304],[139.5878,38.6304],[139.5878,38.6304],[139.5878,38.6304],[139.5878,38.6304],[139.5878,38.6304],[139.5878,38.6304],[139.5878,38.6304],[139.5878,38.6304],[139.5878,38.6305],[139.5878,38.6305],[139.5878,38.6305],[139.5878,38.6305],[139.5878,38.6305],[139.5878,38.6305],[139.5878,38.6305],[139.5878,38.6305],[139.5878,38.6305],[139.5879,38.6305],[139.5879,38.6305],[139.5879,38.6305],[139.5879,38.6305],[139.5879,38.6305],[139.5879,38.6305],[139.5879,38.6305],[139.5879,38.6305],[139.5879,38.6305],[139.5879,38.6305],[139.5879,38.6305],[139.5879,38.6304],[139.5879,38.6304],[139.5879,38.6304],[139.5879,38.6304],[139.5879,38.6304],[139.5879,38.6304],[139.5879,38.6304],[139.5879,38.6304],[139.5878,38.6304],[139.5878,38.6304],[139.5878,38.6304],[139.5878,38.6304],[139.5878,38.6304]]],[[[139.5883,38.6305],[139.5883,38.6305],[139.5883,38.6305],[139.5883,38.6305],[139.5883,38.6305],[139.5883,38.6305],[139.5883,38.6305],[139.5883,38.6305],[139.5883,38.6305],[139.5883,38.6305],[139.5883,38.6305],[139.5883,38.6305],[139.5883,38.6305]]],[[[139.5878,38.6305],[139.5878,38.6305],[139.5878,38.6305],[139.5878,38.6305],[139.5878,38.6305],[139.5878,38.6305],[139.5878,38.6305],[139.5878,38.6305],[139.5878,38.6305],[139.5878,38.6305],[139.5878,38.6305],[139.5878,38.6305],[139.5878,38.6305],[139.5878,38.6305],[139.5878,38.6305],[139.5878,38.6305],[139.5878,38.6305],[139.5878,38.6305],[139.5878,38.6305],[139.5878,38.6305],[139.5877,38.6305],[139.5877,38.6305],[139.5877,38.6305],[139.5877,38.6305],[139.5877,38.6305],[139.5877,38.6305],[139.5877,38.6305],[139.5878,38.6305],[139.5878,38.6305],[139.5878,38.6305],[139.5878,38.6305],[139.5878,38.6305],[139.5878,38.6305],[139.5878,38.6305],[139.5878,38.6305]]],[[[139.5884,38.6305],[139.5884,38.6305],[139.5884,38.6305],[139.5884,38.6305],[139.5884,38.6305],[139.5884,38.6305],[139.5884,38.6305],[139.5884,38.6305],[139.5884,38.6305],[139.5885,38.6305],[139.5885,38.6305],[139.5885,38.6305],[139.5885,38.6305],[139.5885,38.6305],[139.5884,38.6305],[139.5884,38.6305],[139.5884,38.6305],[139.5884,38.6305],[139.5884,38.6305],[139.5884,38.6305],[139.5884,38.6305],[139.5884,38.6305],[139.5884,38.6305],[139.5884,38.6305],[139.5884,38.6305],[139.5884,38.6305],[139.5884,38.6305],[139.5884,38.6305],[139.5884,38.6305],[139.5884,38.6305],[139.5884,38.6305],[139.5884,38.6305],[139.5884,38.6306],[139.5884,38.6306],[139.5884,38.6305],[139.5884,38.6305],[139.5884,38.6305]]],[[[139.5879,38.6307],[139.588,38.6307],[139.588,38.6307],[139.588,38.6307],[139.588,38.6307],[139.588,38.6307],[139.588,38.6307],[139.588,38.6307],[139.588,38.6307],[139.588,38.6306],[139.588,38.6306],[139.588,38.6306],[139.588,38.6306],[139.588,38.6306],[139.588,38.6306],[139.588,38.6306],[139.588,38.6306],[139.588,38.6306],[139.588,38.6306],[139.588,38.6306],[139.588,38.6306],[139.588,38.6306],[139.588,38.6306],[139.588,38.6306],[139.5879,38.6306],[139.5879,38.6306],[139.5879,38.6306],[139.5879,38.6306],[139.5879,38.6306],[139.5879,38.6306],[139.5879,38.6306],[139.5879,38.6306],[139.5879,38.6306],[139.5879,38.6306],[139.5879,38.6306],[139.5879,38.6306],[139.5879,38.6306],[139.5879,38.6306],[139.5879,38.6306],[139.5879,38.6306],[139.5879,38.6306],[139.5879,38.6306],[139.5879,38.6306],[139.5879,38.6306],[139.5879,38.6306],[139.5879,38.6306],[139.5879,38.6307],[139.5879,38.6307],[139.5879,38.6307],[139.5879,38.6307],[139.5879,38.6307],[139.5879,38.6307],[139.5879,38.6307],[139.5879,38.6307],[139.5879,38.6307],[139.5879,38.6307],[139.5879,38.6307],[139.5879,38.6307],[139.5879,38.6307],[139.5879,38.6307],[139.5879,38.6307]]],[[[139.5879,38.6309],[139.5879,38.6309],[139.588,38.6309],[139.588,38.6309],[139.588,38.6309],[139.588,38.6309],[139.588,38.6309],[139.588,38.6309],[139.588,38.6309],[139.588,38.6309],[139.588,38.6309],[139.588,38.6309],[139.588,38.6309],[139.588,38.6308],[139.588,38.6308],[139.588,38.6308],[139.5881,38.6308],[139.5881,38.6308],[139.5881,38.6308],[139.5881,38.6308],[139.5881,38.6308],[139.5881,38.6308],[139.5881,38.6308],[139.5881,38.6308],[139.5881,38.6308],[139.588,38.6308],[139.588,38.6308],[139.588,38.6308],[139.588,38.6308],[139.588,38.6308],[139.588,38.6308],[139.588,38.6308],[139.588,38.6308],[139.588,38.6308],[139.588,38.6308],[139.588,38.6308],[139.588,38.6308],[139.588,38.6308],[139.5879,38.6308],[139.5879,38.6308],[139.5879,38.6308],[139.5879,38.6308],[139.5879,38.6308],[139.5879,38.6308],[139.5879,38.6308],[139.5879,38.6308],[139.5879,38.6308],[139.5879,38.6308],[139.5879,38.6308],[139.5879,38.6308],[139.5879,38.6308],[139.5879,38.6309],[139.5879,38.6309],[139.5879,38.6309],[139.5879,38.6309],[139.5879,38.6309],[139.5879,38.6309],[139.5879,38.6309],[139.5879,38.6309],[139.5879,38.6309]]],[[[139.5887,38.6321],[139.5887,38.6321],[139.5887,38.6321],[139.5887,38.6321],[139.5887,38.6322],[139.5887,38.6322],[139.5887,38.6322],[139.5887,38.6322],[139.5887,38.6322],[139.5887,38.6322],[139.5887,38.6322],[139.5887,38.6322],[139.5887,38.6321],[139.5887,38.6321],[139.5887,38.6321],[139.5887,38.6321]]],[[[139.5886,38.6322],[139.5886,38.6322],[139.5886,38.6322],[139.5887,38.6322],[139.5887,38.6322],[139.5887,38.6322],[139.5887,38.6322],[139.5886,38.6322],[139.5886,38.6321],[139.5886,38.6322],[139.5886,38.6322],[139.5886,38.6321],[139.5886,38.6322],[139.5886,38.6322],[139.5886,38.6322],[139.5886,38.6322],[139.5886,38.6322],[139.5886,38.6322],[139.5886,38.6322],[139.5886,38.6322],[139.5886,38.6322]]],[[[139.5886,38.6323],[139.5886,38.6323],[139.5886,38.6323],[139.5886,38.6323],[139.5886,38.6323],[139.5886,38.6323],[139.5886,38.6323],[139.5886,38.6323],[139.5886,38.6323],[139.5887,38.6323],[139.5887,38.6323],[139.5887,38.6323],[139.5887,38.6323],[139.5887,38.6323],[139.5887,38.6323],[139.5886,38.6323],[139.5886,38.6323]]],[[[139.5887,38.6324],[139.5887,38.6324],[139.5887,38.6324],[139.5887,38.6324],[139.5887,38.6324],[139.5887,38.6324],[139.5887,38.6323],[139.5887,38.6323],[139.5887,38.6323],[139.5887,38.6323],[139.5887,38.6323],[139.5887,38.6323],[139.5887,38.6323],[139.5887,38.6323],[139.5886,38.6324],[139.5886,38.6324],[139.5886,38.6324],[139.5886,38.6324],[139.5886,38.6324],[139.5887,38.6324],[139.5887,38.6324],[139.5887,38.6324],[139.5887,38.6324],[139.5887,38.6324],[139.5887,38.6324]]],[[[139.5892,38.6325],[139.5892,38.6325],[139.5892,38.6325],[139.5892,38.6325],[139.5892,38.6325],[139.5892,38.6325],[139.5891,38.6325],[139.5891,38.6325],[139.5891,38.6325],[139.5891,38.6325],[139.5891,38.6325],[139.5891,38.6325],[139.5891,38.6325],[139.5892,38.6325],[139.5892,38.6325],[139.5892,38.6325],[139.5892,38.6325],[139.5892,38.6325],[139.5892,38.6325],[139.5892,38.6325],[139.5892,38.6325],[139.5892,38.6325],[139.5893,38.6325],[139.5893,38.6325],[139.5893,38.6325],[139.5893,38.6325],[139.5893,38.6325],[139.5892,38.6325],[139.5892,38.6325],[139.5892,38.6325],[139.5892,38.6325]]],[[[139.5888,38.6326],[139.5889,38.6326],[139.5889,38.6326],[139.5889,38.6326],[139.5889,38.6326],[139.5889,38.6325],[139.5889,38.6325],[139.5889,38.6325],[139.5889,38.6325],[139.5889,38.6325],[139.5888,38.6325],[139.5888,38.6325],[139.5888,38.6325],[139.5888,38.6325],[139.5888,38.6325],[139.5888,38.6325],[139.5888,38.6325],[139.5888,38.6325],[139.5888,38.6325],[139.5887,38.6324],[139.5887,38.6324],[139.5887,38.6324],[139.5887,38.6324],[139.5887,38.6324],[139.5887,38.6324],[139.5887,38.6324],[139.5887,38.6325],[139.5887,38.6325],[139.5887,38.6325],[139.5887,38.6325],[139.5887,38.6325],[139.5887,38.6325],[139.5887,38.6325],[139.5887,38.6325],[139.5887,38.6325],[139.5887,38.6325],[139.5888,38.6325],[139.5888,38.6325],[139.5888,38.6326],[139.5888,38.6326],[139.5888,38.6326],[139.5888,38.6326],[139.5888,38.6326],[139.5888,38.6326],[139.5888,38.6326],[139.5888,38.6326]]],[[[139.589,38.6326],[139.5891,38.6326],[139.5891,38.6326],[139.5891,38.6326],[139.5891,38.6326],[139.5891,38.6326],[139.5891,38.6326],[139.5891,38.6326],[139.5891,38.6326],[139.5891,38.6325],[139.5891,38.6325],[139.5891,38.6325],[139.5891,38.6325],[139.5891,38.6325],[139.589,38.6325],[139.589,38.6325],[139.589,38.6325],[139.589,38.6325],[139.589,38.6324],[139.5891,38.6324],[139.5891,38.6324],[139.5891,38.6324],[139.5891,38.6324],[139.589,38.6324],[139.589,38.6324],[139.589,38.6324],[139.589,38.6324],[139.589,38.6324],[139.589,38.6324],[139.589,38.6324],[139.589,38.6324],[139.589,38.6324],[139.589,38.6324],[139.589,38.6324],[139.5889,38.6324],[139.5889,38.6324],[139.5889,38.6324],[139.5889,38.6324],[139.5889,38.6324],[139.5889,38.6324],[139.5889,38.6324],[139.5889,38.6324],[139.5889,38.6324],[139.5889,38.6324],[139.5889,38.6324],[139.5889,38.6324],[139.5889,38.6324],[139.5888,38.6324],[139.5888,38.6324],[139.5888,38.6324],[139.5888,38.6324],[139.5888,38.6324],[139.5888,38.6324],[139.5888,38.6324],[139.5888,38.6324],[139.5888,38.6324],[139.5888,38.6324],[139.5888,38.6324],[139.5888,38.6324],[139.5888,38.6324],[139.5888,38.6325],[139.5889,38.6325],[139.5889,38.6325],[139.5889,38.6325],[139.5889,38.6325],[139.5889,38.6325],[139.5889,38.6325],[139.5889,38.6325],[139.5889,38.6325],[139.5889,38.6325],[139.5889,38.6325],[139.5889,38.6326],[139.589,38.6326],[139.589,38.6326],[139.589,38.6326],[139.589,38.6326],[139.589,38.6326],[139.589,38.6326],[139.589,38.6326]]],[[[139.5895,38.633],[139.5895,38.633],[139.5895,38.6329],[139.5895,38.6329],[139.5895,38.6329],[139.5895,38.6329],[139.5895,38.6329],[139.5895,38.6329],[139.5895,38.6329],[139.5895,38.6329],[139.5895,38.6329],[139.5895,38.6329],[139.5895,38.6329],[139.5895,38.6328],[139.5894,38.6328],[139.5894,38.6328],[139.5894,38.6328],[139.5894,38.6328],[139.5894,38.6328],[139.5894,38.6328],[139.5894,38.6328],[139.5894,38.6328],[139.5894,38.6328],[139.5893,38.6328],[139.5893,38.6328],[139.5893,38.6328],[139.5893,38.6328],[139.5893,38.6328],[139.5893,38.6328],[139.5893,38.6328],[139.5892,38.6328],[139.5892,38.6328],[139.5892,38.6328],[139.5892,38.6328],[139.5892,38.6328],[139.5892,38.6328],[139.5891,38.6327],[139.5891,38.6327],[139.5891,38.6327],[139.5891,38.6328],[139.5891,38.6328],[139.5891,38.6327],[139.589,38.6327],[139.589,38.6327],[139.589,38.6327],[139.589,38.6328],[139.589,38.6328],[139.589,38.6328],[139.589,38.6328],[139.589,38.6328],[139.589,38.6328],[139.589,38.6328],[139.5891,38.6328],[139.5891,38.6328],[139.5891,38.6328],[139.5891,38.6328],[139.5891,38.6328],[139.5891,38.6328],[139.5891,38.6329],[139.5891,38.6329],[139.5891,38.6329],[139.5892,38.6329],[139.5892,38.6329],[139.5892,38.6329],[139.5892,38.6329],[139.5892,38.6329],[139.5893,38.6329],[139.5893,38.6329],[139.5893,38.6329],[139.5893,38.6329],[139.5893,38.6329],[139.5893,38.6329],[139.5893,38.6329],[139.5894,38.6329],[139.5894,38.6329],[139.5894,38.633],[139.5894,38.633],[139.5894,38.633],[139.5894,38.633],[139.5894,38.633],[139.5895,38.633],[139.5895,38.633]]],[[[139.5906,38.633],[139.5906,38.633],[139.5906,38.633],[139.5906,38.633],[139.5906,38.633],[139.5906,38.633],[139.5906,38.633],[139.5906,38.633],[139.5906,38.633],[139.5906,38.633],[139.5905,38.633],[139.5905,38.633],[139.5905,38.633],[139.5906,38.633],[139.5906,38.633],[139.5906,38.633],[139.5906,38.633],[139.5906,38.633]]],[[[139.5903,38.633],[139.5903,38.633],[139.5903,38.633],[139.5903,38.633],[139.5903,38.633],[139.5903,38.633],[139.5902,38.633],[139.5902,38.633],[139.5902,38.633],[139.5902,38.633],[139.5902,38.633],[139.5902,38.633],[139.5902,38.633],[139.5902,38.633],[139.5902,38.633],[139.5902,38.633],[139.5902,38.633],[139.5902,38.633],[139.5902,38.633],[139.5902,38.633],[139.5902,38.633],[139.5902,38.633],[139.5903,38.633]]],[[[139.5906,38.633],[139.5906,38.633],[139.5906,38.633],[139.5907,38.633],[139.5907,38.633],[139.5907,38.633],[139.5906,38.633],[139.5906,38.633],[139.5906,38.633],[139.5906,38.633],[139.5906,38.633],[139.5906,38.633],[139.5906,38.633],[139.5906,38.633],[139.5906,38.633],[139.5906,38.633],[139.5906,38.633]]],[[[139.5905,38.633],[139.5905,38.633],[139.5905,38.633],[139.5905,38.633],[139.5905,38.633],[139.5904,38.633],[139.5904,38.6331],[139.5904,38.6331],[139.5905,38.6331],[139.5905,38.6331],[139.5905,38.6331],[139.5905,38.6331],[139.5905,38.633],[139.5905,38.633]]],[[[139.5904,38.6331],[139.5904,38.6331],[139.5904,38.6331],[139.5904,38.6331],[139.5904,38.6331],[139.5904,38.6331],[139.5904,38.6331],[139.5904,38.6331],[139.5904,38.633],[139.5904,38.633],[139.5904,38.633],[139.5904,38.633],[139.5904,38.633],[139.5904,38.633],[139.5904,38.633],[139.5904,38.633],[139.5904,38.633],[139.5904,38.633],[139.5904,38.633],[139.5903,38.633],[139.5903,38.633],[139.5903,38.633],[139.5903,38.633],[139.5903,38.6331],[139.5903,38.6331],[139.5903,38.6331],[139.5903,38.6331],[139.5904,38.6331],[139.5904,38.6331],[139.5904,38.6331],[139.5904,38.6331],[139.5904,38.6331],[139.5904,38.6331],[139.5904,38.6331]]],[[[139.5906,38.6331],[139.5905,38.6331],[139.5905,38.6331],[139.5905,38.6331],[139.5905,38.6331],[139.5905,38.6331],[139.5905,38.6331],[139.5905,38.6331],[139.5905,38.6331],[139.5905,38.6331],[139.5905,38.6331],[139.5905,38.6331],[139.5905,38.6331],[139.5905,38.6331],[139.5906,38.6331],[139.5906,38.6331],[139.5906,38.6331]]],[[[139.5907,38.6331],[139.5907,38.6331],[139.5907,38.6331],[139.5908,38.6331],[139.5908,38.6331],[139.5908,38.6331],[139.5908,38.6331],[139.5908,38.6331],[139.5908,38.6331],[139.5908,38.6331],[139.5908,38.6331],[139.5908,38.6331],[139.5908,38.6331],[139.5908,38.6331],[139.5908,38.6331],[139.5908,38.6331],[139.5908,38.6331],[139.5907,38.6331],[139.5907,38.6331],[139.5907,38.6331],[139.5907,38.6331],[139.5907,38.6331],[139.5907,38.6331],[139.5907,38.6331],[139.5907,38.6331],[139.5907,38.6331],[139.5907,38.6331]]],[[[139.5902,38.6331],[139.5902,38.6331],[139.5902,38.6331],[139.5902,38.6331],[139.5902,38.6331],[139.5902,38.6331],[139.5902,38.6331],[139.5901,38.6331],[139.5901,38.6331],[139.5901,38.6331],[139.5901,38.6331],[139.5901,38.6331],[139.5901,38.6331],[139.5901,38.6331],[139.5901,38.6331],[139.5901,38.6331],[139.5901,38.6331],[139.5901,38.6331],[139.5902,38.6331],[139.5902,38.6331]]],[[[139.5909,38.6332],[139.5909,38.6332],[139.5909,38.6332],[139.5909,38.6332],[139.5909,38.6332],[139.5909,38.6332],[139.5909,38.6332],[139.5909,38.6332],[139.5909,38.6332],[139.5909,38.6332],[139.5909,38.6332],[139.5909,38.6332]]],[[[139.5909,38.6332],[139.5909,38.6332],[139.5908,38.6333],[139.5908,38.6333],[139.5908,38.6333],[139.5908,38.6333],[139.5909,38.6333],[139.5909,38.6333],[139.5909,38.6333],[139.5909,38.6333],[139.5909,38.6333],[139.5909,38.6333],[139.5909,38.6332]]],[[[139.5893,38.6333],[139.5893,38.6333],[139.5893,38.6333],[139.5894,38.6333],[139.5894,38.6333],[139.5894,38.6333],[139.5894,38.6333],[139.5894,38.6333],[139.5894,38.6333],[139.5894,38.6333],[139.5894,38.6333],[139.5894,38.6333],[139.5894,38.6332],[139.5894,38.6332],[139.5894,38.6332],[139.5894,38.6332],[139.5893,38.6332],[139.5893,38.6332],[139.5893,38.6332],[139.5893,38.6332],[139.5893,38.6332],[139.5893,38.6332],[139.5893,38.6332],[139.5893,38.6332],[139.5893,38.6332],[139.5893,38.6332],[139.5893,38.6332],[139.5893,38.6332],[139.5892,38.6332],[139.5892,38.6332],[139.5892,38.6332],[139.5892,38.6333],[139.5892,38.6333],[139.5892,38.6333],[139.5892,38.6333],[139.5892,38.6333],[139.5892,38.6333],[139.5893,38.6333],[139.5893,38.6333],[139.5893,38.6333],[139.5893,38.6333],[139.5893,38.6333],[139.5893,38.6333]]],[[[139.5909,38.6333],[139.5909,38.6333],[139.5909,38.6333],[139.5909,38.6333],[139.5909,38.6333],[139.5909,38.6333],[139.5909,38.6333],[139.5909,38.6333],[139.5909,38.6333],[139.5909,38.6333],[139.5909,38.6333],[139.5909,38.6333],[139.5909,38.6333],[139.5909,38.6333]]],[[[139.5899,38.6333],[139.5899,38.6333],[139.5899,38.6333],[139.5899,38.6333],[139.5899,38.6333],[139.5899,38.6333],[139.5899,38.6333],[139.5899,38.6333],[139.5899,38.6333],[139.5899,38.6333],[139.5899,38.6333],[139.5899,38.6333],[139.5899,38.6333],[139.5899,38.6333],[139.5899,38.6333],[139.5899,38.6333],[139.5899,38.6333],[139.5899,38.6333],[139.5899,38.6333]]],[[[139.5909,38.6333],[139.5909,38.6333],[139.5909,38.6333],[139.5909,38.6333],[139.5909,38.6333],[139.5909,38.6333],[139.5909,38.6333],[139.5909,38.6333],[139.5909,38.6333],[139.5909,38.6333],[139.5909,38.6333],[139.5909,38.6333],[139.5909,38.6333],[139.5909,38.6333],[139.5909,38.6333],[139.5909,38.6333]]],[[[139.5906,38.6333],[139.5906,38.6333],[139.5906,38.6333],[139.5906,38.6333],[139.5906,38.6333],[139.5906,38.6333],[139.5906,38.6333],[139.5906,38.6333],[139.5906,38.6333],[139.5906,38.6333],[139.5906,38.6333],[139.5906,38.6333],[139.5906,38.6333],[139.5906,38.6333],[139.5906,38.6333]]],[[[139.5907,38.6334],[139.5907,38.6334],[139.5907,38.6334],[139.5907,38.6334],[139.5907,38.6333],[139.5907,38.6333],[139.5907,38.6333],[139.5907,38.6333],[139.5907,38.6333],[139.5907,38.6333],[139.5907,38.6333],[139.5907,38.6333],[139.5907,38.6333],[139.5907,38.6333],[139.5907,38.6333],[139.5907,38.6333],[139.5907,38.6333],[139.5907,38.6334],[139.5907,38.6334],[139.5907,38.6334],[139.5907,38.6334],[139.5907,38.6334]]],[[[139.5898,38.6333],[139.5898,38.6333],[139.5898,38.6333],[139.5898,38.6333],[139.5898,38.6333],[139.5898,38.6333],[139.5898,38.6333],[139.5898,38.6333],[139.5898,38.6333],[139.5898,38.6334],[139.5898,38.6334],[139.5898,38.6334],[139.5898,38.6334],[139.5898,38.6334],[139.5898,38.6334],[139.5898,38.6334],[139.5898,38.6334],[139.5899,38.6333],[139.5898,38.6333],[139.5898,38.6333],[139.5898,38.6333],[139.5898,38.6333]]],[[[139.5906,38.6334],[139.5906,38.6334],[139.5906,38.6334],[139.5906,38.6334],[139.5906,38.6334],[139.5906,38.6334],[139.5906,38.6334],[139.5907,38.6334],[139.5907,38.6334],[139.5907,38.6334],[139.5906,38.6334],[139.5906,38.6334]]],[[[139.5906,38.6334],[139.5906,38.6334],[139.5906,38.6334],[139.5906,38.6334],[139.5906,38.6334],[139.5906,38.6334],[139.5906,38.6334],[139.5906,38.6334],[139.5906,38.6334],[139.5906,38.6334],[139.5906,38.6334],[139.5906,38.6334],[139.5906,38.6334],[139.5906,38.6334],[139.5905,38.6334],[139.5905,38.6334],[139.5905,38.6334],[139.5905,38.6334],[139.5905,38.6334],[139.5905,38.6334],[139.5905,38.6334],[139.5905,38.6334],[139.5905,38.6334],[139.5906,38.6334]]],[[[139.5909,38.6334],[139.591,38.6334],[139.591,38.6334],[139.591,38.6334],[139.591,38.6334],[139.591,38.6334],[139.591,38.6334],[139.591,38.6334],[139.591,38.6334],[139.591,38.6334],[139.591,38.6334],[139.591,38.6334],[139.591,38.6334],[139.591,38.6334],[139.591,38.6333],[139.591,38.6333],[139.591,38.6333],[139.591,38.6333],[139.5909,38.6333],[139.5909,38.6334],[139.5909,38.6334],[139.5909,38.6334],[139.5909,38.6334],[139.5909,38.6334],[139.5909,38.6334],[139.5909,38.6334],[139.5909,38.6334],[139.5909,38.6334],[139.5909,38.6334],[139.5909,38.6334],[139.5909,38.6334],[139.5909,38.6334],[139.5909,38.6334],[139.5909,38.6334],[139.5909,38.6334],[139.5909,38.6334]]],[[[139.5904,38.6334],[139.5904,38.6334],[139.5904,38.6334],[139.5904,38.6334],[139.5904,38.6335],[139.5904,38.6335],[139.5904,38.6335],[139.5904,38.6335],[139.5904,38.6335],[139.5904,38.6335],[139.5904,38.6335],[139.5904,38.6335],[139.5904,38.6335],[139.5904,38.6335],[139.5904,38.6335],[139.5904,38.6335],[139.5904,38.6335],[139.5904,38.6335],[139.5905,38.6335],[139.5905,38.6335],[139.5905,38.6335],[139.5905,38.6335],[139.5905,38.6335],[139.5904,38.6335],[139.5904,38.6335],[139.5904,38.6335],[139.5904,38.6334]]],[[[139.5906,38.6336],[139.5906,38.6336],[139.5906,38.6336],[139.5906,38.6336],[139.5906,38.6336],[139.5906,38.6336],[139.5907,38.6336],[139.5907,38.6336],[139.5907,38.6336],[139.5907,38.6335],[139.5907,38.6335],[139.5907,38.6335],[139.5907,38.6335],[139.5907,38.6335],[139.5907,38.6335],[139.5907,38.6335],[139.5906,38.6335],[139.5906,38.6335],[139.5906,38.6335],[139.5906,38.6335],[139.5906,38.6335],[139.5906,38.6335],[139.5906,38.6335],[139.5906,38.6335],[139.5905,38.6335],[139.5905,38.6335],[139.5905,38.6335],[139.5905,38.6335],[139.5905,38.6335],[139.5905,38.6335],[139.5905,38.6335],[139.5905,38.6336],[139.5905,38.6336],[139.5905,38.6336],[139.5905,38.6336],[139.5905,38.6336],[139.5905,38.6336],[139.5906,38.6336]]],[[[139.5909,38.6338],[139.5909,38.6338],[139.5909,38.6338],[139.5909,38.6338],[139.5909,38.6337],[139.5909,38.6337],[139.5909,38.6337],[139.5909,38.6337],[139.5909,38.6337],[139.5909,38.6337],[139.5909,38.6337],[139.5909,38.6337],[139.5909,38.6337],[139.5909,38.6337],[139.5909,38.6337],[139.5909,38.6337],[139.5909,38.6337],[139.5908,38.6337],[139.5908,38.6337],[139.5908,38.6337],[139.5908,38.6337],[139.5908,38.6337],[139.5908,38.6337],[139.5908,38.6337],[139.5908,38.6337],[139.5908,38.6337],[139.5908,38.6337],[139.5908,38.6337],[139.5908,38.6338],[139.5909,38.6338],[139.5909,38.6338]]],[[[139.5912,38.6354],[139.5912,38.6354],[139.5912,38.6354],[139.5912,38.6354],[139.5912,38.6354],[139.5912,38.6354],[139.5913,38.6354],[139.5913,38.6354],[139.5913,38.6354],[139.5913,38.6353],[139.5913,38.6353],[139.5913,38.6353],[139.5913,38.6353],[139.5913,38.6353],[139.5913,38.6353],[139.5913,38.6353],[139.5913,38.6353],[139.5914,38.6353],[139.5914,38.6353],[139.5914,38.6353],[139.5914,38.6353],[139.5914,38.6353],[139.5914,38.6353],[139.5914,38.6352],[139.5914,38.6352],[139.5914,38.6352],[139.5914,38.6352],[139.5914,38.6352],[139.5914,38.6352],[139.5914,38.6352],[139.5914,38.6352],[139.5914,38.6352],[139.5914,38.6352],[139.5914,38.6351],[139.5914,38.6351],[139.5914,38.6351],[139.5914,38.6351],[139.5914,38.6351],[139.5914,38.6351],[139.5913,38.6351],[139.5913,38.6351],[139.5913,38.6351],[139.5913,38.6351],[139.5913,38.6351],[139.5913,38.6351],[139.5913,38.6351],[139.5913,38.6351],[139.5913,38.6351],[139.5913,38.6351],[139.5913,38.6352],[139.5913,38.6352],[139.5913,38.6352],[139.5913,38.6352],[139.5913,38.6352],[139.5913,38.6352],[139.5913,38.6352],[139.5913,38.6352],[139.5913,38.6352],[139.5913,38.6352],[139.5913,38.6352],[139.5913,38.6352],[139.5913,38.6352],[139.5912,38.6352],[139.5912,38.6352],[139.5912,38.6352],[139.5912,38.6353],[139.5912,38.6353],[139.5912,38.6353],[139.5912,38.6353],[139.5912,38.6353],[139.5912,38.6353],[139.5912,38.6353],[139.5911,38.6353],[139.5911,38.6353],[139.5911,38.6353],[139.5911,38.6353],[139.5911,38.6354],[139.5911,38.6354],[139.5911,38.6354],[139.5911,38.6354],[139.5911,38.6354],[139.5911,38.6354],[139.5912,38.6354],[139.5912,38.6354],[139.5912,38.6354],[139.5912,38.6354],[139.5912,38.6354],[139.5912,38.6354],[139.5912,38.6354]]],[[[139.5915,38.6355],[139.5915,38.6355],[139.5915,38.6355],[139.5916,38.6355],[139.5916,38.6355],[139.5916,38.6355],[139.5916,38.6355],[139.5916,38.6355],[139.5916,38.6354],[139.5915,38.6354],[139.5915,38.6354],[139.5915,38.6354],[139.5915,38.6354],[139.5915,38.6354],[139.5915,38.6354],[139.5915,38.6354],[139.5915,38.6354],[139.5914,38.6354],[139.5914,38.6354],[139.5914,38.6354],[139.5914,38.6354],[139.5914,38.6355],[139.5914,38.6355],[139.5914,38.6355],[139.5915,38.6355],[139.5915,38.6355],[139.5915,38.6355],[139.5915,38.6355],[139.5915,38.6355],[139.5915,38.6355],[139.5915,38.6355]]],[[[139.591,38.6361],[139.591,38.636],[139.591,38.636],[139.591,38.636],[139.591,38.636],[139.5909,38.636],[139.5909,38.636],[139.5909,38.636],[139.5909,38.6361],[139.5909,38.6361],[139.591,38.6361],[139.591,38.6361]]],[[[139.591,38.6362],[139.591,38.6362],[139.591,38.6362],[139.5911,38.6362],[139.591,38.6361],[139.591,38.6361],[139.591,38.6361],[139.591,38.6361],[139.5909,38.6361],[139.5909,38.6362],[139.591,38.6362],[139.591,38.6362],[139.591,38.6362]]],[[[139.5909,38.6363],[139.5909,38.6362],[139.5909,38.6362],[139.5908,38.6362],[139.5908,38.6362],[139.5908,38.6362],[139.5908,38.6361],[139.5908,38.6361],[139.5908,38.6361],[139.5907,38.6361],[139.5906,38.6362],[139.5907,38.6362],[139.5907,38.6362],[139.5907,38.6362],[139.5908,38.6363],[139.5908,38.6362],[139.5908,38.6363],[139.5909,38.6363]]],[[[139.5914,38.6363],[139.5913,38.6362],[139.5913,38.6362],[139.5913,38.6363],[139.5913,38.6363],[139.5913,38.6363],[139.5913,38.6363],[139.5914,38.6363],[139.5914,38.6363],[139.5914,38.6363]]],[[[139.5912,38.6362],[139.5912,38.6362],[139.5911,38.6362],[139.5911,38.6363],[139.5911,38.6363],[139.5911,38.6363],[139.5912,38.6363],[139.5912,38.6363],[139.5912,38.6363],[139.5912,38.6363],[139.5912,38.6362],[139.5912,38.6362]]],[[[139.5917,38.6363],[139.5917,38.6363],[139.5917,38.6363],[139.5917,38.6364],[139.5917,38.6364],[139.5916,38.6364],[139.5916,38.6364],[139.5916,38.6364],[139.5916,38.6364],[139.5916,38.6364],[139.5915,38.6365],[139.5915,38.6365],[139.5916,38.6365],[139.5916,38.6365],[139.5916,38.6365],[139.5917,38.6365],[139.5917,38.6365],[139.5917,38.6365],[139.5917,38.6365],[139.5917,38.6365],[139.5918,38.6364],[139.5918,38.6364],[139.5918,38.6364],[139.5918,38.6364],[139.5917,38.6363]]],[[[139.5959,38.6406],[139.5959,38.6406],[139.5958,38.6406],[139.5958,38.6406],[139.5958,38.6407],[139.5957,38.6407],[139.5957,38.6407],[139.5957,38.6408],[139.5958,38.6409],[139.5958,38.6409],[139.5959,38.641],[139.5959,38.641],[139.596,38.641],[139.596,38.6409],[139.5961,38.6408],[139.596,38.6407],[139.596,38.6407],[139.596,38.6406],[139.596,38.6406],[139.5959,38.6406]]],[[[139.5926,38.6422],[139.5917,38.642],[139.5917,38.6422],[139.5917,38.6422],[139.5917,38.6422],[139.5926,38.6423],[139.5926,38.6422]]],[[[139.5946,38.6423],[139.5946,38.6423],[139.5945,38.6424],[139.5945,38.6424],[139.5945,38.6425],[139.5945,38.6425],[139.5946,38.6426],[139.5947,38.6426],[139.5948,38.6427],[139.5949,38.6427],[139.5949,38.6426],[139.5949,38.6426],[139.5949,38.6426],[139.5949,38.6425],[139.5948,38.6424],[139.5948,38.6424],[139.5946,38.6423]]],[[[139.5949,38.6428],[139.5947,38.6428],[139.5947,38.6428],[139.5946,38.6428],[139.5947,38.6429],[139.5947,38.643],[139.595,38.643],[139.595,38.643],[139.595,38.6429],[139.595,38.6429],[139.595,38.6429],[139.5949,38.6428],[139.5949,38.6428]]],[[[139.5958,38.647],[139.5958,38.6469],[139.5957,38.6469],[139.5957,38.6469],[139.5956,38.6469],[139.5955,38.6469],[139.5954,38.6469],[139.5953,38.6469],[139.5953,38.647],[139.5953,38.647],[139.5954,38.6471],[139.5955,38.6471],[139.5957,38.6471],[139.5958,38.647]]],[[[139.598,38.6497],[139.598,38.6497],[139.5979,38.6497],[139.5979,38.6498],[139.5979,38.6499],[139.5979,38.6499],[139.5979,38.65],[139.5979,38.65],[139.5979,38.65],[139.5979,38.65],[139.5979,38.6501],[139.5979,38.6501],[139.5979,38.6503],[139.5978,38.6504],[139.5978,38.6504],[139.5978,38.6505],[139.5979,38.6505],[139.5979,38.6506],[139.598,38.6506],[139.598,38.6505],[139.598,38.6504],[139.598,38.6504],[139.5981,38.6503],[139.5981,38.6502],[139.5981,38.6502],[139.5981,38.6501],[139.5981,38.6501],[139.5981,38.6501],[139.5981,38.65],[139.5981,38.65],[139.5981,38.6499],[139.5981,38.6499],[139.5981,38.6499],[139.5981,38.6498],[139.5981,38.6497],[139.598,38.6497]]],[[[139.6051,38.6595],[139.6049,38.6594],[139.6048,38.6595],[139.6048,38.6596],[139.6048,38.6596],[139.6049,38.6596],[139.6049,38.6596],[139.605,38.6596],[139.6051,38.6595],[139.6051,38.6595],[139.6051,38.6595],[139.6051,38.6595]]],[[[139.605,38.66],[139.605,38.6599],[139.6049,38.66],[139.6049,38.66],[139.6048,38.66],[139.6048,38.6601],[139.6048,38.6601],[139.6048,38.6601],[139.6049,38.6602],[139.605,38.6601],[139.6051,38.6601],[139.6051,38.66],[139.605,38.66]]],[[[139.6052,38.6613],[139.6053,38.6613],[139.6053,38.6613],[139.6054,38.6613],[139.6054,38.6612],[139.6054,38.6612],[139.6053,38.6611],[139.6053,38.6611],[139.6052,38.6611],[139.6051,38.6611],[139.6051,38.6612],[139.6051,38.6612],[139.605,38.6612],[139.605,38.6613],[139.605,38.6613],[139.605,38.6613],[139.6051,38.6613],[139.6052,38.6613],[139.6052,38.6613]]],[[[139.6047,38.6615],[139.6046,38.6614],[139.6046,38.6615],[139.6045,38.6615],[139.6044,38.6615],[139.6044,38.6615],[139.6044,38.6616],[139.6043,38.6616],[139.6043,38.6617],[139.6044,38.6617],[139.6044,38.6617],[139.6045,38.6617],[139.6045,38.6617],[139.6046,38.6617],[139.6046,38.6617],[139.6047,38.6616],[139.6047,38.6616],[139.6047,38.6615],[139.6047,38.6615]]],[[[139.6057,38.6614],[139.6057,38.6614],[139.6057,38.6614],[139.6056,38.6614],[139.6056,38.6615],[139.6055,38.6615],[139.6055,38.6615],[139.6054,38.6616],[139.6054,38.6616],[139.6055,38.6616],[139.6055,38.6617],[139.6055,38.6617],[139.6055,38.6617],[139.6055,38.6618],[139.6055,38.6618],[139.6056,38.6618],[139.6057,38.6618],[139.6057,38.6618],[139.6057,38.6617],[139.6057,38.6617],[139.6058,38.6616],[139.6058,38.6615],[139.6058,38.6615],[139.6057,38.6614]]],[[[139.6064,38.662],[139.6064,38.6619],[139.6064,38.6619],[139.6064,38.6618],[139.6064,38.6618],[139.6064,38.6617],[139.6064,38.6617],[139.6064,38.6616],[139.6064,38.6616],[139.6063,38.6616],[139.6063,38.6615],[139.6063,38.6615],[139.6062,38.6614],[139.6062,38.6614],[139.6061,38.6613],[139.606,38.6614],[139.606,38.6614],[139.606,38.6615],[139.606,38.6615],[139.606,38.6615],[139.606,38.6615],[139.606,38.6616],[139.606,38.6616],[139.606,38.6617],[139.6061,38.6617],[139.6061,38.6618],[139.6061,38.6618],[139.6061,38.6619],[139.6062,38.6619],[139.6062,38.662],[139.6062,38.662],[139.6063,38.662],[139.6063,38.662],[139.6064,38.662]]],[[[139.6067,38.6632],[139.6067,38.6632],[139.6067,38.6632],[139.6068,38.6632],[139.6068,38.6632],[139.6068,38.6631],[139.6068,38.6631],[139.6067,38.663],[139.6067,38.663],[139.6066,38.663],[139.6065,38.6629],[139.6065,38.6629],[139.6065,38.6629],[139.6064,38.6629],[139.6064,38.663],[139.6064,38.663],[139.6065,38.6631],[139.6065,38.6632],[139.6065,38.6632],[139.6065,38.6632],[139.6066,38.6633],[139.6066,38.6633],[139.6067,38.6632]]],[[[139.6096,38.6638],[139.6095,38.6638],[139.6095,38.6638],[139.6095,38.6639],[139.6094,38.6639],[139.6094,38.664],[139.6095,38.6641],[139.6094,38.6641],[139.6095,38.6641],[139.6096,38.6642],[139.6097,38.6642],[139.6097,38.6641],[139.6098,38.6641],[139.6097,38.664],[139.6097,38.6639],[139.6096,38.6639],[139.6096,38.6639],[139.6096,38.6638]]],[[[139.6095,38.6692],[139.6094,38.6692],[139.6093,38.6693],[139.6093,38.6693],[139.6093,38.6694],[139.6093,38.6694],[139.6093,38.6694],[139.6094,38.6695],[139.6094,38.6695],[139.6096,38.6694],[139.6096,38.6694],[139.6096,38.6693],[139.6096,38.6693],[139.6095,38.6692]]],[[[139.6119,38.6701],[139.6118,38.6701],[139.6117,38.6702],[139.6118,38.6702],[139.6118,38.6703],[139.6119,38.6703],[139.612,38.6702],[139.612,38.6702],[139.612,38.6702],[139.6119,38.6701]]],[[[139.6116,38.6702],[139.6116,38.6702],[139.6114,38.6702],[139.6113,38.6703],[139.6114,38.6703],[139.6114,38.6704],[139.6114,38.6704],[139.6115,38.6705],[139.6116,38.6706],[139.6117,38.6705],[139.6117,38.6704],[139.6117,38.6704],[139.6116,38.6704],[139.6116,38.6703],[139.6116,38.6702]]],[[[139.6205,38.6787],[139.6204,38.6787],[139.6203,38.6788],[139.6203,38.6788],[139.6203,38.6789],[139.6204,38.679],[139.6204,38.679],[139.6205,38.6789],[139.6205,38.6789],[139.6205,38.6789],[139.6206,38.6788],[139.6206,38.6788],[139.6205,38.6787]]],[[[139.6205,38.68],[139.6204,38.68],[139.6204,38.68],[139.6203,38.68],[139.6202,38.6801],[139.6202,38.6801],[139.6201,38.6801],[139.6201,38.6803],[139.6201,38.6803],[139.6202,38.6804],[139.6202,38.6804],[139.6202,38.6805],[139.6202,38.6806],[139.6204,38.6806],[139.6204,38.6805],[139.6205,38.6805],[139.6205,38.6804],[139.6206,38.6803],[139.6206,38.6803],[139.6205,38.6802],[139.6206,38.6801],[139.6206,38.68],[139.6205,38.68]]],[[[139.6228,38.6824],[139.6227,38.6824],[139.6227,38.6824],[139.6226,38.6825],[139.6226,38.6825],[139.6226,38.6826],[139.6226,38.6826],[139.6226,38.6827],[139.6226,38.6827],[139.6226,38.6827],[139.6227,38.6828],[139.6228,38.6828],[139.6229,38.6827],[139.6229,38.6826],[139.6229,38.6826],[139.6229,38.6825],[139.6228,38.6824],[139.6228,38.6824]]],[[[139.6238,38.6834],[139.6237,38.6834],[139.6237,38.6834],[139.6237,38.6835],[139.6237,38.6835],[139.6237,38.6836],[139.6238,38.6837],[139.6238,38.6837],[139.6238,38.6837],[139.6239,38.6838],[139.6239,38.6838],[139.624,38.6839],[139.624,38.6839],[139.624,38.6839],[139.6241,38.6839],[139.6241,38.6839],[139.6241,38.6839],[139.6241,38.6838],[139.6241,38.6838],[139.624,38.6838],[139.624,38.6837],[139.624,38.6837],[139.6239,38.6836],[139.6239,38.6835],[139.6238,38.6835],[139.6238,38.6834],[139.6238,38.6834]]],[[[139.6251,38.6852],[139.625,38.6852],[139.625,38.6852],[139.625,38.6852],[139.625,38.6852],[139.6249,38.6852],[139.6249,38.6853],[139.6249,38.6854],[139.6249,38.6854],[139.6249,38.6855],[139.6249,38.6855],[139.625,38.6856],[139.625,38.6856],[139.625,38.6857],[139.6251,38.6857],[139.6251,38.6857],[139.6251,38.6856],[139.6252,38.6855],[139.6252,38.6854],[139.6252,38.6853],[139.6251,38.6853],[139.6252,38.6853],[139.6252,38.6852],[139.6251,38.6852]]],[[[139.6178,38.687],[139.6177,38.687],[139.6177,38.6869],[139.6176,38.6869],[139.6176,38.6869],[139.6176,38.6868],[139.6176,38.6868],[139.6175,38.6868],[139.6175,38.6868],[139.6175,38.6868],[139.6174,38.6868],[139.6174,38.6868],[139.6174,38.6867],[139.6173,38.6867],[139.6173,38.6867],[139.6173,38.6867],[139.6172,38.6868],[139.6171,38.6868],[139.6171,38.6868],[139.6171,38.6868],[139.6171,38.6868],[139.6171,38.6868],[139.6172,38.6869],[139.6172,38.6869],[139.6173,38.6869],[139.6173,38.6869],[139.6173,38.6869],[139.6174,38.687],[139.6174,38.687],[139.6174,38.687],[139.6175,38.687],[139.6175,38.687],[139.6176,38.687],[139.6176,38.687],[139.6176,38.687],[139.6176,38.6871],[139.6177,38.6871],[139.6177,38.6872],[139.6177,38.6872],[139.6178,38.6872],[139.6178,38.6872],[139.6178,38.6871],[139.6178,38.6871],[139.6178,38.6871],[139.6178,38.6871],[139.6178,38.687],[139.6178,38.687]]],[[[139.6179,38.6874],[139.6179,38.6874],[139.6178,38.6874],[139.6178,38.6873],[139.6178,38.6873],[139.6177,38.6873],[139.6177,38.6873],[139.6176,38.6873],[139.6176,38.6873],[139.6176,38.6873],[139.6176,38.6874],[139.6176,38.6874],[139.6176,38.6874],[139.6176,38.6875],[139.6176,38.6875],[139.6177,38.6875],[139.6177,38.6876],[139.6177,38.6876],[139.6178,38.6876],[139.6178,38.6877],[139.6178,38.6877],[139.6179,38.6877],[139.6179,38.6877],[139.6179,38.6877],[139.618,38.6877],[139.618,38.6877],[139.618,38.6877],[139.618,38.6877],[139.618,38.6876],[139.618,38.6875],[139.6179,38.6875],[139.6179,38.6875],[139.6179,38.6874],[139.6179,38.6874],[139.6179,38.6874]]],[[[139.6394,38.6879],[139.6393,38.6879],[139.6393,38.6879],[139.6393,38.688],[139.6392,38.688],[139.6392,38.688],[139.6393,38.6881],[139.6393,38.6881],[139.6394,38.6881],[139.6394,38.6881],[139.6394,38.688],[139.6394,38.688],[139.6394,38.688],[139.6394,38.6879]]],[[[139.6399,38.6882],[139.6399,38.6882],[139.6398,38.6883],[139.6398,38.6883],[139.6398,38.6883],[139.6398,38.6884],[139.6398,38.6884],[139.6399,38.6884],[139.64,38.6884],[139.64,38.6884],[139.64,38.6884],[139.6401,38.6884],[139.6401,38.6884],[139.6401,38.6884],[139.6401,38.6884],[139.6401,38.6883],[139.64,38.6883],[139.64,38.6883],[139.6399,38.6882]]],[[[139.6323,38.6886],[139.6323,38.6886],[139.6313,38.6887],[139.6312,38.6887],[139.6312,38.6887],[139.6312,38.6887],[139.6312,38.6887],[139.6312,38.6888],[139.6313,38.6888],[139.6323,38.6887],[139.6324,38.6887],[139.6324,38.6887],[139.6324,38.6887],[139.6323,38.6886]]],[[[139.6412,38.6894],[139.6411,38.6894],[139.6411,38.6894],[139.641,38.6894],[139.641,38.6894],[139.641,38.6895],[139.641,38.6895],[139.6409,38.6895],[139.6409,38.6896],[139.6409,38.6896],[139.6409,38.6897],[139.6409,38.6897],[139.6409,38.6897],[139.641,38.6898],[139.6411,38.6898],[139.6411,38.6898],[139.6412,38.6898],[139.6412,38.6898],[139.6413,38.6896],[139.6413,38.6896],[139.6413,38.6896],[139.6413,38.6895],[139.6413,38.6895],[139.6413,38.6894],[139.6412,38.6894],[139.6412,38.6894]]],[[[139.651,38.6982],[139.6508,38.6982],[139.6508,38.6982],[139.6508,38.6982],[139.6509,38.6983],[139.6509,38.6983],[139.651,38.6983],[139.651,38.6983],[139.6511,38.6983],[139.651,38.6982],[139.651,38.6982]]],[[[139.6512,38.6984],[139.6512,38.6984],[139.6511,38.6984],[139.6512,38.6985],[139.6511,38.6985],[139.6511,38.6985],[139.6512,38.6986],[139.6512,38.6985],[139.6512,38.6985],[139.6512,38.6984],[139.6513,38.6984],[139.6512,38.6984]]],[[[139.651,38.6985],[139.651,38.6985],[139.6509,38.6985],[139.6509,38.6985],[139.6509,38.6986],[139.6509,38.6986],[139.6509,38.6986],[139.651,38.6986],[139.651,38.6986],[139.651,38.6985]]],[[[139.653,38.7026],[139.6529,38.7026],[139.6529,38.7026],[139.6529,38.7026],[139.6528,38.7026],[139.6527,38.7027],[139.6527,38.7027],[139.6528,38.7027],[139.6528,38.7027],[139.6529,38.7027],[139.6529,38.7027],[139.653,38.7027],[139.653,38.7026],[139.653,38.7026],[139.653,38.7026]]],[[[139.6533,38.7029],[139.6533,38.7029],[139.6533,38.7029],[139.6532,38.7029],[139.6532,38.703],[139.6532,38.703],[139.6532,38.703],[139.6532,38.703],[139.6532,38.7031],[139.6533,38.7031],[139.6533,38.7031],[139.6533,38.7031],[139.6533,38.7031],[139.6534,38.7031],[139.6534,38.7031],[139.6534,38.7031],[139.6534,38.7031],[139.6534,38.703],[139.6534,38.703],[139.6534,38.703],[139.6534,38.703],[139.6534,38.7029],[139.6533,38.7029],[139.6533,38.7029]]],[[[139.6557,38.7034],[139.6557,38.7034],[139.6557,38.7034],[139.6558,38.7034],[139.6559,38.7034],[139.6559,38.7034],[139.6559,38.7034],[139.656,38.7033],[139.656,38.7033],[139.656,38.7033],[139.656,38.7032],[139.656,38.7032],[139.656,38.7032],[139.656,38.7032],[139.656,38.7032],[139.656,38.7031],[139.656,38.7031],[139.656,38.7031],[139.6559,38.7031],[139.6559,38.7032],[139.6559,38.7032],[139.6558,38.7032],[139.6558,38.7032],[139.6558,38.7032],[139.6558,38.7032],[139.6558,38.7033],[139.6558,38.7032],[139.6557,38.7032],[139.6557,38.7033],[139.6557,38.7033],[139.6556,38.7033],[139.6556,38.7033],[139.6556,38.7034],[139.6557,38.7034],[139.6557,38.7034]]],[[[139.6587,38.7039],[139.6586,38.7039],[139.6586,38.7039],[139.6586,38.7039],[139.6586,38.704],[139.6586,38.704],[139.6586,38.704],[139.6587,38.704],[139.6587,38.704],[139.6587,38.7039],[139.6587,38.7039],[139.6587,38.7039]]],[[[139.6585,38.704],[139.6584,38.704],[139.6584,38.704],[139.6583,38.7041],[139.6583,38.7041],[139.6583,38.7041],[139.6583,38.7041],[139.6583,38.7042],[139.6583,38.7042],[139.6583,38.7042],[139.6584,38.7042],[139.6584,38.7042],[139.6584,38.7042],[139.6585,38.7042],[139.6585,38.7041],[139.6585,38.7041],[139.6585,38.7041],[139.6585,38.7041],[139.6585,38.704]]],[[[139.6586,38.7043],[139.6586,38.7043],[139.6585,38.7043],[139.6585,38.7043],[139.6585,38.7044],[139.6585,38.7044],[139.6586,38.7044],[139.6586,38.7044],[139.6586,38.7044],[139.6587,38.7043],[139.6586,38.7043]]],[[[139.6589,38.7045],[139.6589,38.7045],[139.659,38.7045],[139.659,38.7045],[139.659,38.7045],[139.6591,38.7045],[139.6591,38.7044],[139.6591,38.7044],[139.6591,38.7044],[139.6591,38.7044],[139.6591,38.7043],[139.659,38.7043],[139.659,38.7043],[139.6589,38.7043],[139.6589,38.7043],[139.6588,38.7044],[139.6588,38.7044],[139.6587,38.7044],[139.6587,38.7045],[139.6587,38.7045],[139.6588,38.7045],[139.6589,38.7045]]],[[[139.6609,38.7054],[139.6609,38.7054],[139.6609,38.7054],[139.6609,38.7055],[139.6608,38.7055],[139.6608,38.7055],[139.6609,38.7056],[139.6609,38.7056],[139.6609,38.7056],[139.661,38.7055],[139.661,38.7055],[139.661,38.7055],[139.661,38.7055],[139.661,38.7055],[139.6609,38.7054]]],[[[139.6614,38.7077],[139.6614,38.7077],[139.6614,38.7077],[139.6614,38.7078],[139.6613,38.7078],[139.6613,38.7078],[139.6613,38.7078],[139.6613,38.7078],[139.6613,38.7079],[139.6613,38.7079],[139.6613,38.7079],[139.6613,38.708],[139.6613,38.708],[139.6614,38.708],[139.6614,38.7079],[139.6615,38.7079],[139.6615,38.7079],[139.6615,38.7078],[139.6615,38.7078],[139.6615,38.7078],[139.6615,38.7077],[139.6614,38.7077]]],[[[139.6619,38.7107],[139.6619,38.7107],[139.662,38.7107],[139.662,38.7107],[139.662,38.7107],[139.6621,38.7107],[139.6621,38.7106],[139.6621,38.7106],[139.6622,38.7106],[139.6622,38.7106],[139.6622,38.7105],[139.6622,38.7105],[139.6622,38.7105],[139.6622,38.7105],[139.6622,38.7105],[139.6622,38.7104],[139.6622,38.7104],[139.6622,38.7104],[139.6621,38.7104],[139.662,38.7104],[139.662,38.7104],[139.662,38.7104],[139.6619,38.7104],[139.6619,38.7104],[139.6618,38.7104],[139.6618,38.7104],[139.6618,38.7104],[139.6617,38.7104],[139.6617,38.7104],[139.6617,38.7104],[139.6617,38.7104],[139.6617,38.7104],[139.6616,38.7104],[139.6616,38.7105],[139.6616,38.7105],[139.6616,38.7105],[139.6616,38.7105],[139.6616,38.7106],[139.6616,38.7106],[139.6616,38.7106],[139.6617,38.7106],[139.6617,38.7106],[139.6617,38.7106],[139.6617,38.7107],[139.6617,38.7107],[139.6618,38.7107],[139.6618,38.7107],[139.6619,38.7107]]],[[[139.6615,38.7107],[139.6615,38.7107],[139.6614,38.7107],[139.6614,38.7107],[139.6613,38.7107],[139.6613,38.7107],[139.6613,38.7108],[139.6614,38.7108],[139.6614,38.7108],[139.6615,38.7108],[139.6615,38.7108],[139.6615,38.7108],[139.6616,38.7108],[139.6616,38.7108],[139.6616,38.7108],[139.6616,38.7107],[139.6616,38.7107],[139.6616,38.7107],[139.6615,38.7107],[139.6615,38.7107],[139.6615,38.7107]]],[[[139.6637,38.713],[139.6636,38.713],[139.6636,38.713],[139.6636,38.713],[139.6636,38.713],[139.6635,38.7131],[139.6635,38.7131],[139.6635,38.7131],[139.6635,38.7131],[139.6635,38.7131],[139.6636,38.7131],[139.6636,38.7131],[139.6636,38.7131],[139.6636,38.7131],[139.6636,38.7131],[139.6637,38.7131],[139.6637,38.713],[139.6637,38.713],[139.6637,38.713],[139.6637,38.713]]],[[[139.6638,38.7132],[139.6637,38.7132],[139.6637,38.7132],[139.6637,38.7132],[139.6637,38.7132],[139.6637,38.7133],[139.6637,38.7133],[139.6637,38.7133],[139.6637,38.7133],[139.6638,38.7133],[139.6638,38.7133],[139.6638,38.7133],[139.6638,38.7133],[139.6638,38.7133],[139.6638,38.7133],[139.6638,38.7133],[139.6638,38.7133],[139.6638,38.7132],[139.6638,38.7132],[139.6638,38.7132],[139.6638,38.7132],[139.6638,38.7132]]],[[[139.6652,38.7137],[139.6652,38.7137],[139.6652,38.7137],[139.6652,38.7137],[139.6651,38.7137],[139.6651,38.7138],[139.6651,38.7138],[139.665,38.7138],[139.665,38.7139],[139.665,38.7139],[139.665,38.7139],[139.6649,38.7139],[139.6649,38.7139],[139.6649,38.7139],[139.665,38.714],[139.665,38.714],[139.665,38.714],[139.665,38.714],[139.665,38.714],[139.665,38.7139],[139.6651,38.7139],[139.6651,38.7139],[139.6651,38.7139],[139.6651,38.7138],[139.6651,38.7138],[139.6652,38.7138],[139.6652,38.7138],[139.6652,38.7138],[139.6652,38.7138],[139.6652,38.7138],[139.6652,38.7137],[139.6652,38.7137]]],[[[139.6668,38.7153],[139.6668,38.7153],[139.6668,38.7152],[139.6669,38.7152],[139.6669,38.7152],[139.6669,38.7152],[139.6669,38.7151],[139.6669,38.7151],[139.6669,38.7151],[139.6669,38.7151],[139.6668,38.7151],[139.6668,38.7151],[139.6668,38.7151],[139.6667,38.7151],[139.6667,38.7151],[139.6667,38.7151],[139.6667,38.7151],[139.6667,38.7151],[139.6667,38.7151],[139.6666,38.7151],[139.6666,38.7151],[139.6666,38.7151],[139.6666,38.7151],[139.6666,38.7151],[139.6666,38.7151],[139.6666,38.715],[139.6665,38.7151],[139.6665,38.7151],[139.6665,38.7151],[139.6665,38.7151],[139.6665,38.7151],[139.6664,38.7151],[139.6664,38.7152],[139.6664,38.7152],[139.6664,38.7152],[139.6664,38.7153],[139.6664,38.7153],[139.6664,38.7153],[139.6664,38.7153],[139.6665,38.7153],[139.6665,38.7153],[139.6665,38.7153],[139.6665,38.7153],[139.6665,38.7153],[139.6666,38.7153],[139.6666,38.7153],[139.6666,38.7153],[139.6667,38.7153],[139.6667,38.7153],[139.6667,38.7153],[139.6668,38.7153],[139.6668,38.7153],[139.6668,38.7153],[139.6668,38.7153]]],[[[139.6667,38.7155],[139.6667,38.7155],[139.6667,38.7155],[139.6667,38.7155],[139.6666,38.7155],[139.6666,38.7154],[139.6666,38.7154],[139.6666,38.7154],[139.6666,38.7154],[139.6666,38.7154],[139.6666,38.7155],[139.6665,38.7155],[139.6665,38.7155],[139.6665,38.7155],[139.6665,38.7155],[139.6665,38.7155],[139.6665,38.7156],[139.6665,38.7156],[139.6665,38.7156],[139.6665,38.7156],[139.6665,38.7156],[139.6665,38.7156],[139.6665,38.7156],[139.6664,38.7157],[139.6664,38.7157],[139.6664,38.7157],[139.6664,38.7157],[139.6665,38.7157],[139.6665,38.7158],[139.6665,38.7157],[139.6665,38.7157],[139.6666,38.7157],[139.6666,38.7157],[139.6666,38.7156],[139.6666,38.7156],[139.6666,38.7156],[139.6666,38.7156],[139.6667,38.7155],[139.6667,38.7155],[139.6667,38.7155],[139.6667,38.7155],[139.6667,38.7155],[139.6667,38.7155]]],[[[139.6671,38.7163],[139.6671,38.7163],[139.6671,38.7163],[139.6671,38.7163],[139.6671,38.7163],[139.6671,38.7162],[139.6671,38.7162],[139.667,38.7162],[139.667,38.7162],[139.667,38.7162],[139.667,38.7162],[139.6669,38.7162],[139.6669,38.7162],[139.6669,38.7162],[139.6669,38.7162],[139.6669,38.7162],[139.6669,38.7162],[139.6669,38.7162],[139.6669,38.7162],[139.6668,38.7162],[139.6669,38.7162],[139.6669,38.7163],[139.6669,38.7163],[139.6669,38.7163],[139.6669,38.7163],[139.6669,38.7163],[139.667,38.7163],[139.667,38.7163],[139.667,38.7163],[139.667,38.7163],[139.667,38.7163],[139.6671,38.7163]]],[[[139.6684,38.7174],[139.6684,38.7174],[139.6684,38.7174],[139.6685,38.7174],[139.6685,38.7174],[139.6685,38.7174],[139.6685,38.7174],[139.6685,38.7173],[139.6685,38.7173],[139.6685,38.7173],[139.6685,38.7173],[139.6685,38.7173],[139.6685,38.7173],[139.6684,38.7173],[139.6684,38.7173],[139.6684,38.7173],[139.6684,38.7173],[139.6684,38.7173],[139.6684,38.7173],[139.6684,38.7173],[139.6684,38.7173],[139.6683,38.7173],[139.6683,38.7173],[139.6683,38.7173],[139.6682,38.7174],[139.6682,38.7174],[139.6682,38.7174],[139.6683,38.7174],[139.6683,38.7174],[139.6683,38.7174],[139.6683,38.7174],[139.6683,38.7174],[139.6683,38.7174],[139.6684,38.7174],[139.6684,38.7174],[139.6684,38.7174]]],[[[139.6688,38.7178],[139.6688,38.7177],[139.6688,38.7177],[139.6687,38.7177],[139.6687,38.7177],[139.6687,38.7177],[139.6687,38.7177],[139.6687,38.7177],[139.6687,38.7177],[139.6687,38.7178],[139.6686,38.7178],[139.6686,38.7178],[139.6686,38.7178],[139.6686,38.7178],[139.6686,38.7178],[139.6686,38.7178],[139.6686,38.7178],[139.6686,38.7178],[139.6686,38.7178],[139.6686,38.7179],[139.6686,38.7179],[139.6686,38.7179],[139.6686,38.7179],[139.6687,38.7179],[139.6687,38.7179],[139.6687,38.7179],[139.6687,38.7179],[139.6687,38.7178],[139.6687,38.7178],[139.6687,38.7178],[139.6687,38.7178],[139.6688,38.7178],[139.6688,38.7178],[139.6688,38.7178],[139.6688,38.7178],[139.6688,38.7178]]],[[[139.6692,38.7181],[139.6692,38.7181],[139.6692,38.7181],[139.6692,38.7181],[139.6691,38.7181],[139.6691,38.7181],[139.6691,38.7181],[139.6691,38.7181],[139.6691,38.7181],[139.6691,38.7181],[139.6691,38.7182],[139.6692,38.7182],[139.6692,38.7182],[139.6692,38.7182],[139.6692,38.7182],[139.6692,38.7182],[139.6692,38.7182],[139.6692,38.7182],[139.6692,38.7182],[139.6693,38.7182],[139.6693,38.7182],[139.6692,38.7181],[139.6692,38.7181],[139.6692,38.7181],[139.6692,38.7181],[139.6692,38.7181],[139.6692,38.7181]]],[[[139.676,38.7189],[139.676,38.7189],[139.6761,38.7189],[139.6761,38.7188],[139.6761,38.7188],[139.6761,38.7188],[139.6761,38.7188],[139.6761,38.7188],[139.6761,38.7188],[139.676,38.7188],[139.676,38.7188],[139.676,38.7188],[139.676,38.7188],[139.676,38.7188],[139.676,38.7188],[139.676,38.7188],[139.676,38.7189]]],[[[139.6754,38.7188],[139.6754,38.7188],[139.6754,38.7188],[139.6754,38.7188],[139.6754,38.7189],[139.6754,38.7189],[139.6754,38.7189],[139.6754,38.7189],[139.6754,38.7189],[139.6754,38.7189],[139.6755,38.7189],[139.6755,38.7189],[139.6755,38.7189],[139.6755,38.7189],[139.6755,38.7189],[139.6755,38.7189],[139.6754,38.7189],[139.6754,38.7189],[139.6754,38.7188]]],[[[139.6757,38.7189],[139.6757,38.7189],[139.6757,38.7189],[139.6756,38.7189],[139.6756,38.7189],[139.6756,38.7189],[139.6757,38.7189],[139.6757,38.7189],[139.6757,38.7189],[139.6757,38.7189],[139.6757,38.719],[139.6757,38.719],[139.6757,38.719],[139.6757,38.719],[139.6757,38.719],[139.6757,38.719],[139.6757,38.719],[139.6757,38.7189],[139.6757,38.7189],[139.6758,38.7189],[139.6758,38.7189],[139.6758,38.7189],[139.6757,38.7189],[139.6757,38.7189],[139.6757,38.7189],[139.6757,38.7189],[139.6757,38.7189],[139.6757,38.7189]]],[[[139.6748,38.719],[139.6747,38.719],[139.6747,38.719],[139.6747,38.719],[139.6747,38.719],[139.6747,38.719],[139.6747,38.7191],[139.6747,38.7191],[139.6747,38.7191],[139.6747,38.7191],[139.6747,38.7191],[139.6747,38.7191],[139.6747,38.7191],[139.6747,38.7191],[139.6748,38.7191],[139.6748,38.7191],[139.6748,38.7191],[139.6748,38.719],[139.6748,38.719],[139.6748,38.719],[139.6748,38.719],[139.6748,38.719],[139.6748,38.719]]],[[[139.6709,38.7191],[139.6709,38.7191],[139.6709,38.7191],[139.6709,38.7191],[139.6709,38.7191],[139.6709,38.7191],[139.671,38.719],[139.671,38.719],[139.671,38.719],[139.671,38.719],[139.671,38.719],[139.671,38.719],[139.671,38.719],[139.671,38.719],[139.671,38.719],[139.671,38.7189],[139.671,38.7189],[139.6709,38.7189],[139.6709,38.7189],[139.6709,38.7189],[139.6709,38.7189],[139.6709,38.7189],[139.6709,38.7189],[139.6709,38.7189],[139.6708,38.7189],[139.6708,38.7189],[139.6708,38.719],[139.6708,38.719],[139.6708,38.719],[139.6708,38.719],[139.6708,38.719],[139.6708,38.719],[139.6708,38.719],[139.6708,38.719],[139.6708,38.719],[139.6708,38.7191],[139.6708,38.7191],[139.6708,38.7191],[139.6708,38.7191],[139.6709,38.7191]]],[[[139.676,38.719],[139.676,38.719],[139.676,38.719],[139.676,38.719],[139.676,38.7191],[139.676,38.7191],[139.676,38.7191],[139.676,38.7191],[139.676,38.7191],[139.676,38.7191],[139.676,38.7191],[139.6761,38.7191],[139.6761,38.7191],[139.6761,38.7191],[139.6761,38.7191],[139.6761,38.7191],[139.6761,38.719],[139.676,38.719],[139.676,38.719]]],[[[139.6762,38.7192],[139.6762,38.7192],[139.6762,38.7192],[139.6762,38.7192],[139.6762,38.7192],[139.6762,38.7192],[139.6762,38.7192],[139.6762,38.7191],[139.6762,38.7191],[139.6761,38.7191],[139.6761,38.7191],[139.6761,38.7191],[139.6761,38.7191],[139.6761,38.7191],[139.6761,38.7192],[139.6761,38.7192],[139.6761,38.7192],[139.6761,38.7192],[139.6761,38.7192],[139.6761,38.7192],[139.6761,38.7192],[139.6761,38.7192],[139.6761,38.7192],[139.6761,38.7192],[139.6761,38.7192],[139.6762,38.7192],[139.6762,38.7192],[139.6762,38.7192],[139.6762,38.7192],[139.6762,38.7192]]],[[[139.6734,38.7192],[139.6733,38.7192],[139.6733,38.7192],[139.6733,38.7192],[139.6733,38.7192],[139.6733,38.7192],[139.6733,38.7193],[139.6733,38.7193],[139.6734,38.7192],[139.6734,38.7192],[139.6734,38.7192],[139.6734,38.7192],[139.6734,38.7192]]],[[[139.6757,38.7193],[139.6757,38.7193],[139.6757,38.7193],[139.6757,38.7193],[139.6757,38.7192],[139.6758,38.7192],[139.6758,38.7192],[139.6758,38.7192],[139.6757,38.7192],[139.6757,38.7192],[139.6757,38.7192],[139.6757,38.7192],[139.6757,38.7192],[139.6757,38.7192],[139.6757,38.7192],[139.6757,38.7192],[139.6757,38.7192],[139.6757,38.7192],[139.6757,38.7192],[139.6757,38.7192],[139.6757,38.7193],[139.6756,38.7193],[139.6756,38.7193],[139.6756,38.7193],[139.6757,38.7193],[139.6757,38.7193],[139.6757,38.7193],[139.6757,38.7193],[139.6757,38.7193],[139.6757,38.7193]]],[[[139.6746,38.7192],[139.6746,38.7192],[139.6746,38.7192],[139.6746,38.7192],[139.6746,38.7192],[139.6746,38.7192],[139.6746,38.7193],[139.6746,38.7193],[139.6746,38.7193],[139.6746,38.7193],[139.6746,38.7193],[139.6746,38.7193],[139.6746,38.7193],[139.6746,38.7193],[139.6746,38.7193],[139.6747,38.7193],[139.6747,38.7193],[139.6747,38.7193],[139.6747,38.7193],[139.6747,38.7192],[139.6747,38.7192],[139.6746,38.7192],[139.6746,38.7192]]],[[[139.6745,38.7193],[139.6745,38.7193],[139.6745,38.7193],[139.6745,38.7193],[139.6745,38.7194],[139.6745,38.7194],[139.6745,38.7194],[139.6745,38.7194],[139.6745,38.7194],[139.6745,38.7194],[139.6745,38.7194],[139.6745,38.7194],[139.6745,38.7194],[139.6745,38.7194],[139.6745,38.7194],[139.6745,38.7194],[139.6745,38.7194],[139.6745,38.7194],[139.6746,38.7194],[139.6746,38.7194],[139.6745,38.7194],[139.6745,38.7194],[139.6745,38.7193]]],[[[139.6762,38.7194],[139.6762,38.7194],[139.6762,38.7194],[139.6762,38.7194],[139.6762,38.7194],[139.6762,38.7194],[139.6762,38.7194],[139.6762,38.7194],[139.6762,38.7195],[139.6762,38.7195],[139.6762,38.7195],[139.6762,38.7194],[139.6762,38.7194],[139.6762,38.7194],[139.6762,38.7194],[139.6762,38.7194],[139.6762,38.7194]]],[[[139.6763,38.7195],[139.6763,38.7195],[139.6763,38.7195],[139.6763,38.7195],[139.6764,38.7195],[139.6764,38.7195],[139.6764,38.7195],[139.6764,38.7195],[139.6764,38.7195],[139.6763,38.7195],[139.6763,38.7195],[139.6763,38.7195],[139.6763,38.7195],[139.6763,38.7195],[139.6763,38.7195],[139.6763,38.7195],[139.6763,38.7195],[139.6763,38.7195],[139.6763,38.7195],[139.6763,38.7195],[139.6763,38.7195],[139.6763,38.7195],[139.6763,38.7195],[139.6763,38.7195],[139.6763,38.7195],[139.6763,38.7195]]],[[[139.6748,38.7193],[139.6748,38.7193],[139.6748,38.7193],[139.6747,38.7193],[139.6747,38.7193],[139.6747,38.7193],[139.6747,38.7193],[139.6747,38.7193],[139.6747,38.7193],[139.6746,38.7193],[139.6746,38.7193],[139.6746,38.7193],[139.6746,38.7194],[139.6746,38.7194],[139.6746,38.7194],[139.6746,38.7194],[139.6746,38.7194],[139.6747,38.7194],[139.6747,38.7194],[139.6747,38.7194],[139.6747,38.7194],[139.6747,38.7195],[139.6747,38.7195],[139.6748,38.7195],[139.6748,38.7195],[139.6748,38.7196],[139.6748,38.7196],[139.6748,38.7196],[139.6748,38.7196],[139.6748,38.7195],[139.6748,38.7195],[139.6748,38.7195],[139.6748,38.7195],[139.6748,38.7195],[139.6748,38.7194],[139.6748,38.7194],[139.6748,38.7194],[139.6748,38.7194],[139.6748,38.7193],[139.6748,38.7193],[139.6748,38.7193]]],[[[139.6739,38.7195],[139.6739,38.7195],[139.6738,38.7195],[139.6738,38.7195],[139.6738,38.7195],[139.6738,38.7195],[139.6738,38.7195],[139.6738,38.7195],[139.6738,38.7195],[139.6738,38.7195],[139.6738,38.7195],[139.6738,38.7196],[139.6738,38.7196],[139.6738,38.7196],[139.6738,38.7196],[139.6738,38.7196],[139.6738,38.7196],[139.6738,38.7196],[139.6738,38.7196],[139.6739,38.7196],[139.6739,38.7196],[139.6739,38.7195],[139.6739,38.7195],[139.6739,38.7195],[139.6739,38.7195],[139.6739,38.7195],[139.6739,38.7195],[139.6739,38.7195],[139.6739,38.7195],[139.6739,38.7195]]],[[[139.6745,38.7195],[139.6745,38.7195],[139.6745,38.7195],[139.6744,38.7195],[139.6744,38.7195],[139.6744,38.7195],[139.6744,38.7195],[139.6744,38.7195],[139.6744,38.7195],[139.6744,38.7195],[139.6744,38.7195],[139.6744,38.7195],[139.6744,38.7195],[139.6744,38.7195],[139.6744,38.7196],[139.6744,38.7196],[139.6744,38.7196],[139.6744,38.7196],[139.6744,38.7196],[139.6745,38.7196],[139.6745,38.7196],[139.6745,38.7196],[139.6745,38.7196],[139.6745,38.7196],[139.6745,38.7196],[139.6745,38.7196],[139.6745,38.7196],[139.6745,38.7196],[139.6745,38.7196],[139.6745,38.7195],[139.6745,38.7195],[139.6745,38.7195],[139.6745,38.7195],[139.6745,38.7195],[139.6745,38.7195],[139.6745,38.7195]]],[[[139.6738,38.7197],[139.6738,38.7197],[139.6737,38.7197],[139.6737,38.7197],[139.6737,38.7197],[139.6737,38.7197],[139.6737,38.7197],[139.6737,38.7197],[139.6737,38.7198],[139.6737,38.7198],[139.6737,38.7198],[139.6737,38.7198],[139.6737,38.7198],[139.6737,38.7198],[139.6738,38.7198],[139.6738,38.7198],[139.6738,38.7198],[139.6738,38.7198],[139.6738,38.7197],[139.6738,38.7197],[139.6738,38.7197],[139.6738,38.7197],[139.6738,38.7197],[139.6738,38.7197]]],[[[139.6831,38.72],[139.6827,38.7197],[139.6826,38.7197],[139.6826,38.7198],[139.683,38.7201],[139.6831,38.72]]],[[[139.6825,38.7204],[139.6826,38.7204],[139.6826,38.7204],[139.6826,38.7204],[139.6826,38.7204],[139.6826,38.7203],[139.6825,38.7203],[139.6825,38.7203],[139.6825,38.7203],[139.6825,38.7204],[139.6825,38.7204]]],[[[139.6829,38.7203],[139.6829,38.7203],[139.6829,38.7204],[139.6829,38.7204],[139.683,38.7204],[139.683,38.7204],[139.6831,38.7204],[139.6831,38.7204],[139.6831,38.7204],[139.6831,38.7204],[139.6831,38.7204],[139.683,38.7204],[139.683,38.7203],[139.6829,38.7203]]],[[[139.6765,38.7202],[139.6763,38.72],[139.6763,38.72],[139.6762,38.7201],[139.6765,38.7206],[139.6767,38.7205],[139.6765,38.7202],[139.6765,38.7202]]],[[[139.6835,38.7207],[139.6836,38.7207],[139.6836,38.7206],[139.6836,38.7206],[139.6835,38.7206],[139.6835,38.7206],[139.6834,38.7205],[139.6833,38.7205],[139.6833,38.7205],[139.6833,38.7205],[139.6833,38.7205],[139.6833,38.7206],[139.6833,38.7206],[139.6833,38.7206],[139.6833,38.7206],[139.6834,38.7206],[139.6834,38.7206],[139.6834,38.7206],[139.6834,38.7207],[139.6834,38.7207],[139.6834,38.7207],[139.6835,38.7207],[139.6835,38.7207],[139.6835,38.7207],[139.6835,38.7207]]],[[[139.6833,38.7207],[139.6833,38.7207],[139.6833,38.7207],[139.6832,38.7207],[139.6832,38.7207],[139.6831,38.7206],[139.6831,38.7206],[139.6831,38.7206],[139.683,38.7206],[139.683,38.7206],[139.683,38.7206],[139.6829,38.7206],[139.6829,38.7206],[139.6829,38.7206],[139.6829,38.7207],[139.683,38.7207],[139.683,38.7207],[139.6831,38.7207],[139.6831,38.7207],[139.6831,38.7207],[139.6832,38.7207],[139.6832,38.7207],[139.6832,38.7207],[139.6833,38.7207]]],[[[139.6818,38.7208],[139.6818,38.7208],[139.6818,38.7208],[139.6818,38.7208],[139.6818,38.7209],[139.6818,38.7209],[139.6818,38.7209],[139.6819,38.7209],[139.6819,38.7209],[139.6819,38.7208],[139.6819,38.7208],[139.6818,38.7208]]],[[[139.6839,38.7212],[139.684,38.7212],[139.684,38.7212],[139.684,38.7212],[139.6841,38.7212],[139.6841,38.7212],[139.6841,38.7212],[139.6841,38.7212],[139.6838,38.7208],[139.6837,38.7208],[139.6838,38.7208],[139.6837,38.7209],[139.6837,38.7209],[139.6837,38.7209],[139.6839,38.7212]]],[[[139.6843,38.7214],[139.6842,38.7213],[139.6841,38.7213],[139.6841,38.7213],[139.6841,38.7213],[139.6841,38.7212],[139.684,38.7213],[139.684,38.7212],[139.684,38.7213],[139.6842,38.7215],[139.6842,38.7215],[139.6842,38.7215],[139.6842,38.7215],[139.6842,38.7215],[139.6842,38.7215],[139.6842,38.7214],[139.6843,38.7214],[139.6843,38.7214],[139.6843,38.7214]]],[[[139.675,38.7214],[139.6748,38.7209],[139.6747,38.721],[139.675,38.7216],[139.675,38.7216],[139.6751,38.7217],[139.6752,38.7217],[139.675,38.7214],[139.675,38.7214]]],[[[139.6845,38.7219],[139.6845,38.7219],[139.6845,38.7219],[139.6846,38.7219],[139.6846,38.7219],[139.6846,38.7219],[139.6843,38.7214],[139.6843,38.7215],[139.6843,38.7215],[139.6842,38.7215],[139.6842,38.7215],[139.6842,38.7215],[139.6845,38.7219]]],[[[139.684,38.7219],[139.684,38.7219],[139.6839,38.7219],[139.684,38.722],[139.684,38.722],[139.684,38.722],[139.684,38.722],[139.684,38.722],[139.684,38.7219],[139.684,38.7219]]],[[[139.6839,38.722],[139.6839,38.7219],[139.6838,38.722],[139.6838,38.722],[139.6839,38.722],[139.6839,38.722],[139.6839,38.722]]],[[[139.6841,38.722],[139.6841,38.722],[139.6841,38.722],[139.6841,38.722],[139.6841,38.722],[139.6841,38.722],[139.6841,38.722]]],[[[139.684,38.7221],[139.684,38.722],[139.684,38.7221],[139.6839,38.7221],[139.6839,38.7221],[139.684,38.7221],[139.684,38.7221],[139.684,38.7221],[139.684,38.7221],[139.684,38.7221],[139.684,38.7221]]],[[[139.6776,38.7215],[139.6769,38.7214],[139.6768,38.7214],[139.6767,38.7214],[139.6767,38.7214],[139.6767,38.7215],[139.6768,38.7216],[139.677,38.7217],[139.677,38.7217],[139.6784,38.722],[139.6787,38.7222],[139.6789,38.722],[139.6788,38.722],[139.6788,38.7219],[139.6785,38.7218],[139.6785,38.7217],[139.6776,38.7215]]],[[[139.6844,38.7222],[139.6844,38.7222],[139.6844,38.7222],[139.6844,38.7222],[139.6844,38.7222],[139.6844,38.7222],[139.6844,38.7223],[139.6844,38.7223],[139.6844,38.7223],[139.6844,38.7222],[139.6844,38.7222]]],[[[139.6841,38.7223],[139.684,38.7223],[139.684,38.7223],[139.684,38.7223],[139.6841,38.7223],[139.6841,38.7223]]],[[[139.6843,38.7223],[139.6842,38.7223],[139.6842,38.7223],[139.6842,38.7223],[139.6842,38.7223],[139.6842,38.7223],[139.6843,38.7223],[139.6843,38.7223],[139.6843,38.7223],[139.6843,38.7223],[139.6843,38.7223],[139.6843,38.7223],[139.6843,38.7223],[139.6843,38.7223],[139.6843,38.7223]]],[[[139.6841,38.7224],[139.6841,38.7224],[139.6841,38.7224],[139.6841,38.7224],[139.6841,38.7224],[139.6841,38.7224],[139.6841,38.7224]]],[[[139.6845,38.7224],[139.6845,38.7224],[139.6845,38.7224],[139.6845,38.7224],[139.6845,38.7224],[139.6845,38.7224],[139.6845,38.7224],[139.6845,38.7224],[139.6845,38.7224]]],[[[139.6844,38.7225],[139.6844,38.7225],[139.6844,38.7225],[139.6844,38.7225],[139.6844,38.7225],[139.6844,38.7225],[139.6844,38.7225],[139.6844,38.7225],[139.6844,38.7225],[139.6844,38.7225],[139.6844,38.7225]]],[[[139.6737,38.7243],[139.6736,38.7243],[139.6736,38.7243],[139.6735,38.7244],[139.6735,38.7244],[139.6735,38.7245],[139.6735,38.7245],[139.6735,38.7245],[139.6735,38.7245],[139.6736,38.7246],[139.6736,38.7246],[139.6737,38.7245],[139.6737,38.7245],[139.6737,38.7245],[139.6738,38.7244],[139.6738,38.7244],[139.6738,38.7244],[139.6738,38.7244],[139.6737,38.7243],[139.6737,38.7243],[139.6737,38.7243],[139.6737,38.7243]]],[[[139.681,38.7247],[139.681,38.7247],[139.681,38.7247],[139.681,38.7247],[139.681,38.7247],[139.681,38.7247],[139.681,38.7247],[139.681,38.7247],[139.6809,38.7247],[139.6809,38.7247],[139.681,38.7247],[139.681,38.7247],[139.681,38.7248],[139.681,38.7247]]],[[[139.681,38.725],[139.6811,38.725],[139.6811,38.7249],[139.6811,38.7249],[139.6811,38.7249],[139.6811,38.7249],[139.6812,38.7249],[139.6812,38.7249],[139.6812,38.7249],[139.6812,38.7249],[139.6812,38.7249],[139.6812,38.7249],[139.6813,38.7249],[139.6813,38.7249],[139.6813,38.7249],[139.6813,38.7249],[139.6813,38.7249],[139.6813,38.7249],[139.6814,38.7249],[139.6814,38.7249],[139.6814,38.7249],[139.6814,38.7248],[139.6814,38.7248],[139.6813,38.7248],[139.6813,38.7248],[139.6813,38.7248],[139.6813,38.7248],[139.6813,38.7247],[139.6814,38.7247],[139.6813,38.7247],[139.6814,38.7247],[139.6814,38.7247],[139.6814,38.7247],[139.6814,38.7247],[139.6813,38.7247],[139.6813,38.7247],[139.6812,38.7247],[139.6812,38.7247],[139.6812,38.7247],[139.6812,38.7247],[139.6812,38.7247],[139.6811,38.7247],[139.6811,38.7247],[139.6811,38.7247],[139.6811,38.7247],[139.6811,38.7248],[139.6811,38.7248],[139.681,38.7248],[139.681,38.7248],[139.681,38.7248],[139.681,38.7248],[139.681,38.7248],[139.681,38.7248],[139.681,38.7248],[139.681,38.7248],[139.681,38.7248],[139.6809,38.7248],[139.6809,38.7249],[139.6809,38.7249],[139.6809,38.7249],[139.6809,38.7249],[139.6809,38.7249],[139.6809,38.7249],[139.6809,38.725],[139.6809,38.725],[139.6809,38.725],[139.6809,38.725],[139.681,38.725],[139.681,38.725],[139.681,38.725],[139.681,38.725],[139.681,38.725]]],[[[139.6819,38.7261],[139.6819,38.7261],[139.6819,38.7261],[139.6819,38.7261],[139.6819,38.7261],[139.6819,38.7261],[139.6819,38.7261],[139.6819,38.7261],[139.6819,38.7261],[139.6819,38.7261],[139.6819,38.7261],[139.6819,38.7261],[139.6819,38.7261],[139.6819,38.7261],[139.6819,38.7261],[139.6819,38.7261],[139.6819,38.7261],[139.6819,38.7261]]],[[[139.6826,38.7262],[139.6827,38.7262],[139.6827,38.7262],[139.6827,38.7262],[139.6827,38.7262],[139.6828,38.7262],[139.6828,38.7261],[139.6828,38.7261],[139.6828,38.7261],[139.6829,38.7261],[139.6829,38.7261],[139.6829,38.7261],[139.6829,38.7261],[139.683,38.7261],[139.683,38.7261],[139.683,38.7261],[139.683,38.7261],[139.6831,38.7261],[139.6831,38.7261],[139.6831,38.726],[139.6832,38.726],[139.6832,38.726],[139.6832,38.726],[139.6832,38.7259],[139.6832,38.7259],[139.6832,38.7259],[139.6831,38.7258],[139.6831,38.7258],[139.6831,38.7258],[139.6831,38.7258],[139.6831,38.7258],[139.6831,38.7258],[139.6832,38.7258],[139.6832,38.7257],[139.6832,38.7257],[139.6832,38.7257],[139.6832,38.7257],[139.6833,38.7256],[139.6833,38.7256],[139.6833,38.7256],[139.6833,38.7256],[139.6833,38.7256],[139.6834,38.7255],[139.6834,38.7255],[139.6835,38.7255],[139.6835,38.7254],[139.6835,38.7254],[139.6834,38.7253],[139.6835,38.7253],[139.6835,38.7253],[139.6836,38.7254],[139.6836,38.7254],[139.6836,38.7254],[139.6836,38.7255],[139.6836,38.7255],[139.6836,38.7255],[139.6836,38.7255],[139.6836,38.7255],[139.6836,38.7254],[139.6836,38.7254],[139.6836,38.7254],[139.6837,38.7254],[139.6837,38.7253],[139.6837,38.7253],[139.6837,38.7252],[139.6837,38.7252],[139.6837,38.7252],[139.6837,38.7251],[139.6837,38.7251],[139.6838,38.7251],[139.6838,38.725],[139.6839,38.725],[139.6839,38.725],[139.6839,38.725],[139.6838,38.725],[139.6837,38.725],[139.6838,38.725],[139.6838,38.7249],[139.6839,38.7249],[139.6839,38.7249],[139.6839,38.7249],[139.6839,38.7249],[139.6839,38.7249],[139.6839,38.7248],[139.6839,38.7248],[139.6841,38.7249],[139.6841,38.725],[139.6841,38.725],[139.6842,38.725],[139.6842,38.725],[139.6841,38.7248],[139.6841,38.7248],[139.6839,38.7248],[139.6839,38.7248],[139.6839,38.7248],[139.6839,38.7246],[139.6839,38.7245],[139.684,38.7245],[139.684,38.7245],[139.6841,38.7244],[139.6841,38.7243],[139.6841,38.7243],[139.6841,38.7243],[139.6841,38.7243],[139.6841,38.7243],[139.6841,38.7243],[139.684,38.7243],[139.684,38.7245],[139.6839,38.7245],[139.6839,38.7245],[139.6838,38.7245],[139.6838,38.7245],[139.6838,38.7244],[139.6837,38.7244],[139.6838,38.7243],[139.6839,38.7241],[139.684,38.7239],[139.6841,38.7239],[139.6842,38.724],[139.6842,38.7242],[139.6842,38.7242],[139.6843,38.724],[139.6843,38.724],[139.6843,38.7239],[139.6843,38.7238],[139.6843,38.7238],[139.6843,38.7237],[139.6843,38.7237],[139.6843,38.7236],[139.6843,38.7235],[139.6843,38.7235],[139.6843,38.7234],[139.6843,38.7234],[139.6843,38.7233],[139.6843,38.7233],[139.6841,38.7234],[139.6841,38.7233],[139.6841,38.7233],[139.6843,38.7232],[139.6843,38.7231],[139.6842,38.723],[139.684,38.723],[139.6839,38.7231],[139.6839,38.723],[139.6838,38.723],[139.6838,38.723],[139.6838,38.723],[139.6838,38.7231],[139.6838,38.7231],[139.6837,38.7231],[139.6837,38.7232],[139.6837,38.7232],[139.6837,38.7232],[139.6837,38.7232],[139.6836,38.7232],[139.6836,38.7233],[139.6836,38.7233],[139.6835,38.7233],[139.6835,38.7233],[139.6835,38.7234],[139.6834,38.7234],[139.6834,38.7234],[139.6834,38.7234],[139.6833,38.7234],[139.6833,38.7234],[139.6834,38.7234],[139.6833,38.7235],[139.6833,38.7235],[139.6833,38.7235],[139.6833,38.7235],[139.6833,38.7235],[139.6833,38.7235],[139.6833,38.7235],[139.6832,38.7235],[139.6832,38.7236],[139.6832,38.7236],[139.6832,38.7236],[139.6832,38.7236],[139.6832,38.7236],[139.6832,38.7236],[139.6832,38.7236],[139.6832,38.7236],[139.6832,38.7236],[139.6831,38.7237],[139.6831,38.7237],[139.6831,38.7238],[139.6831,38.7238],[139.6831,38.7239],[139.6831,38.7239],[139.6832,38.7239],[139.6832,38.7239],[139.6832,38.7239],[139.6832,38.724],[139.6832,38.724],[139.6831,38.724],[139.6831,38.724],[139.683,38.724],[139.683,38.7239],[139.683,38.7239],[139.6829,38.7239],[139.6829,38.7239],[139.6828,38.7239],[139.6828,38.724],[139.6827,38.724],[139.6827,38.7241],[139.6827,38.7241],[139.6827,38.7241],[139.6828,38.7241],[139.6829,38.7241],[139.6829,38.7241],[139.6828,38.7241],[139.6828,38.7241],[139.6827,38.7241],[139.6827,38.7242],[139.6827,38.7242],[139.6827,38.7242],[139.6827,38.7243],[139.6827,38.7243],[139.6826,38.7243],[139.6826,38.7243],[139.6826,38.7242],[139.6826,38.7242],[139.6825,38.7242],[139.6825,38.7242],[139.6825,38.7242],[139.6824,38.7243],[139.6824,38.7243],[139.6823,38.7243],[139.6823,38.7244],[139.6822,38.7244],[139.6821,38.7244],[139.6821,38.7244],[139.682,38.7244],[139.682,38.7245],[139.6819,38.7245],[139.6819,38.7245],[139.6819,38.7245],[139.6819,38.7245],[139.6818,38.7245],[139.6818,38.7244],[139.6818,38.7244],[139.6817,38.7244],[139.6817,38.7244],[139.6817,38.7244],[139.6817,38.7244],[139.6816,38.7244],[139.6816,38.7244],[139.6816,38.7244],[139.6815,38.7244],[139.6815,38.7244],[139.6815,38.7244],[139.6815,38.7245],[139.6815,38.7245],[139.6815,38.7245],[139.6816,38.7245],[139.6816,38.7245],[139.6816,38.7245],[139.6816,38.7245],[139.6817,38.7245],[139.6817,38.7245],[139.6817,38.7245],[139.6817,38.7245],[139.6817,38.7246],[139.6818,38.7246],[139.6818,38.7246],[139.6818,38.7246],[139.6818,38.7246],[139.6818,38.7246],[139.6818,38.7246],[139.6817,38.7246],[139.6817,38.7246],[139.6817,38.7246],[139.6816,38.7246],[139.6816,38.7246],[139.6816,38.7246],[139.6815,38.7246],[139.6815,38.7246],[139.6815,38.7246],[139.6815,38.7246],[139.6814,38.7247],[139.6814,38.7247],[139.6814,38.7247],[139.6814,38.7247],[139.6814,38.7248],[139.6814,38.7248],[139.6814,38.7249],[139.6814,38.7249],[139.6815,38.7249],[139.6815,38.7248],[139.6815,38.7249],[139.6816,38.7249],[139.6816,38.7249],[139.6815,38.7249],[139.6815,38.7249],[139.6815,38.725],[139.6814,38.725],[139.6814,38.725],[139.6814,38.725],[139.6814,38.725],[139.6813,38.725],[139.6813,38.725],[139.6812,38.725],[139.6812,38.7251],[139.6812,38.7251],[139.6812,38.7251],[139.6812,38.7251],[139.6813,38.7251],[139.6813,38.7251],[139.6813,38.7251],[139.6814,38.7251],[139.6814,38.7251],[139.6814,38.7251],[139.6814,38.7251],[139.6815,38.7251],[139.6815,38.7251],[139.6815,38.7252],[139.6815,38.7252],[139.6815,38.7252],[139.6815,38.7253],[139.6816,38.7253],[139.6815,38.7253],[139.6815,38.7254],[139.6816,38.7254],[139.6816,38.7254],[139.6816,38.7254],[139.6816,38.7254],[139.6816,38.7254],[139.6816,38.7253],[139.6816,38.7253],[139.6817,38.7253],[139.6817,38.7253],[139.6817,38.7253],[139.6817,38.7253],[139.6817,38.7253],[139.6817,38.7253],[139.6818,38.7252],[139.6818,38.7252],[139.6818,38.7252],[139.6818,38.7252],[139.6818,38.7252],[139.6819,38.7252],[139.6819,38.7252],[139.6819,38.7251],[139.682,38.7251],[139.682,38.7252],[139.682,38.7252],[139.682,38.7253],[139.6819,38.7253],[139.6819,38.7254],[139.6819,38.7254],[139.6819,38.7254],[139.6819,38.7254],[139.6819,38.7255],[139.682,38.7255],[139.682,38.7255],[139.682,38.7255],[139.6821,38.7254],[139.6822,38.7254],[139.6822,38.7254],[139.6822,38.7254],[139.6822,38.7254],[139.6821,38.7255],[139.6821,38.7255],[139.682,38.7255],[139.6819,38.7256],[139.6819,38.7256],[139.6819,38.7256],[139.682,38.7256],[139.682,38.7256],[139.6821,38.7256],[139.6822,38.7256],[139.6822,38.7255],[139.6823,38.7255],[139.6823,38.7255],[139.6824,38.7255],[139.6824,38.7255],[139.6824,38.7256],[139.6824,38.7256],[139.6824,38.7256],[139.6823,38.7256],[139.6823,38.7256],[139.6823,38.7256],[139.6823,38.7256],[139.6823,38.7256],[139.6822,38.7257],[139.6821,38.7257],[139.6821,38.7257],[139.6821,38.7257],[139.682,38.7257],[139.682,38.7257],[139.682,38.7257],[139.682,38.7257],[139.6819,38.7258],[139.6819,38.7258],[139.6819,38.7258],[139.6819,38.7258],[139.6818,38.7258],[139.6818,38.7259],[139.6818,38.7259],[139.6818,38.726],[139.6818,38.726],[139.6819,38.726],[139.6819,38.726],[139.6819,38.726],[139.682,38.7259],[139.682,38.726],[139.682,38.726],[139.682,38.726],[139.682,38.726],[139.6821,38.726],[139.6821,38.7259],[139.6821,38.726],[139.6821,38.726],[139.6821,38.726],[139.6822,38.726],[139.6822,38.7261],[139.6822,38.7261],[139.6822,38.7261],[139.6822,38.7261],[139.6822,38.7261],[139.6823,38.7261],[139.6823,38.7261],[139.6823,38.7261],[139.6823,38.7261],[139.6824,38.7261],[139.6824,38.726],[139.6825,38.726],[139.6825,38.7261],[139.6825,38.7261],[139.6825,38.7262],[139.6825,38.7262],[139.6825,38.7262],[139.6825,38.7262],[139.6826,38.7262]]],[[[139.6927,38.727],[139.6928,38.7269],[139.6928,38.7269],[139.6928,38.7269],[139.6928,38.7269],[139.6928,38.7269],[139.6929,38.7269],[139.6929,38.7269],[139.6929,38.7269],[139.6929,38.7268],[139.6929,38.7268],[139.6929,38.7268],[139.6929,38.7268],[139.6929,38.7268],[139.6929,38.7268],[139.6929,38.7268],[139.6929,38.7267],[139.6928,38.7267],[139.6928,38.7267],[139.6928,38.7267],[139.6928,38.7267],[139.6928,38.7267],[139.6928,38.7267],[139.6928,38.7268],[139.6927,38.7268],[139.6927,38.7268],[139.6927,38.7268],[139.6927,38.7268],[139.6927,38.7268],[139.6927,38.7268],[139.6927,38.7268],[139.6927,38.7268],[139.6927,38.7268],[139.6927,38.7268],[139.6927,38.7269],[139.6926,38.7269],[139.6926,38.7269],[139.6926,38.7269],[139.6926,38.7269],[139.6926,38.7269],[139.6927,38.7269],[139.6927,38.7269],[139.6927,38.7269],[139.6927,38.7269],[139.6927,38.7269],[139.6927,38.727]]],[[[139.6931,38.7274],[139.6931,38.7274],[139.6931,38.7274],[139.6931,38.7274],[139.6931,38.7274],[139.6931,38.7275],[139.6931,38.7274],[139.6932,38.7274],[139.6931,38.7274]]],[[[139.6965,38.73],[139.6965,38.73],[139.6966,38.73],[139.6966,38.73],[139.6968,38.7299],[139.6968,38.7299],[139.6968,38.7299],[139.6968,38.7298],[139.6968,38.7298],[139.6967,38.7297],[139.6967,38.7297],[139.6966,38.7297],[139.6966,38.7297],[139.6965,38.7297],[139.6965,38.7298],[139.6964,38.7297],[139.6964,38.7297],[139.6963,38.7297],[139.6963,38.7297],[139.6962,38.7297],[139.6961,38.7297],[139.6961,38.7297],[139.6962,38.7298],[139.6962,38.7298],[139.6962,38.7298],[139.6962,38.7299],[139.6962,38.7299],[139.6963,38.73],[139.6962,38.73],[139.6962,38.7301],[139.6963,38.7301],[139.6964,38.7301],[139.6964,38.7301],[139.6965,38.73]]],[[[139.6999,38.738],[139.6999,38.738],[139.6998,38.738],[139.6998,38.738],[139.6997,38.7381],[139.6997,38.7382],[139.6997,38.7382],[139.6997,38.7382],[139.6997,38.7383],[139.6997,38.7383],[139.6997,38.7383],[139.6997,38.7383],[139.6998,38.7383],[139.6998,38.7383],[139.6999,38.7383],[139.6999,38.7383],[139.6999,38.7382],[139.7,38.7382],[139.7,38.7382],[139.7,38.7382],[139.7,38.7382],[139.7,38.7382],[139.7,38.7381],[139.7,38.7381],[139.7,38.7381],[139.7,38.738],[139.6999,38.738]]],[[[139.702,38.74],[139.7019,38.74],[139.7018,38.74],[139.7017,38.7401],[139.7017,38.7401],[139.7017,38.7401],[139.7017,38.7402],[139.7017,38.7402],[139.7018,38.7402],[139.7019,38.7402],[139.7019,38.7402],[139.702,38.7402],[139.702,38.7401],[139.702,38.7401],[139.702,38.7401],[139.702,38.7401],[139.702,38.74],[139.702,38.74]]],[[[139.7054,38.7445],[139.7054,38.7445],[139.7054,38.7444],[139.7054,38.7444],[139.7054,38.7443],[139.7054,38.7443],[139.7053,38.7442],[139.7052,38.7442],[139.7051,38.7442],[139.7051,38.7442],[139.7051,38.7443],[139.7051,38.7443],[139.7051,38.7444],[139.7052,38.7444],[139.7051,38.7445],[139.7051,38.7445],[139.7051,38.7445],[139.7051,38.7445],[139.7052,38.7446],[139.7053,38.7446],[139.7053,38.7446],[139.7053,38.7446],[139.7054,38.7445]]],[[[139.708,38.7442],[139.7079,38.7442],[139.7078,38.7449],[139.7079,38.7449],[139.708,38.7442]]],[[[139.7083,38.7516],[139.7083,38.7516],[139.7083,38.7516],[139.7082,38.7516],[139.7082,38.7517],[139.7082,38.7517],[139.7082,38.7517],[139.7083,38.7518],[139.7083,38.7518],[139.7083,38.7518],[139.7084,38.7518],[139.7084,38.7518],[139.7085,38.7518],[139.7085,38.7518],[139.7084,38.7517],[139.7084,38.7517],[139.7084,38.7517],[139.7084,38.7516],[139.7083,38.7516],[139.7083,38.7516],[139.7083,38.7516]]],[[[139.7089,38.7518],[139.7089,38.7518],[139.7088,38.7519],[139.7088,38.7519],[139.7088,38.7519],[139.7088,38.7519],[139.7089,38.752],[139.709,38.752],[139.709,38.7519],[139.7089,38.7518]]],[[[139.7093,38.7522],[139.7093,38.7522],[139.7092,38.7523],[139.7092,38.7523],[139.7092,38.7523],[139.7092,38.7523],[139.7093,38.7524],[139.7094,38.7524],[139.7094,38.7524],[139.7094,38.7524],[139.7094,38.7523],[139.7094,38.7523],[139.7093,38.7522]]],[[[139.7223,38.7588],[139.7223,38.7588],[139.7223,38.7588],[139.7223,38.7588],[139.7223,38.7588],[139.7223,38.7588],[139.7223,38.7588],[139.7223,38.7588],[139.7223,38.7588],[139.7223,38.7588]]],[[[139.7224,38.7588],[139.7224,38.7588],[139.7224,38.7588],[139.7224,38.7588],[139.7224,38.7588],[139.7224,38.7588],[139.7224,38.7589],[139.7224,38.7589],[139.7224,38.7589],[139.7224,38.7589],[139.7224,38.7588],[139.7224,38.7588]]],[[[139.7217,38.7589],[139.7217,38.7589],[139.7217,38.7589],[139.7217,38.7589],[139.7217,38.7589],[139.7217,38.7589]]],[[[139.7228,38.759],[139.7228,38.759],[139.7228,38.759],[139.7228,38.759],[139.7228,38.759],[139.7228,38.759],[139.7228,38.759],[139.7228,38.759],[139.7228,38.759],[139.7228,38.759],[139.7228,38.759]]],[[[139.7209,38.759],[139.7209,38.759],[139.7209,38.759],[139.7209,38.759],[139.7209,38.759],[139.7209,38.759],[139.7209,38.759],[139.7209,38.759],[139.7209,38.759],[139.7209,38.759]]],[[[139.7223,38.7589],[139.7223,38.7589],[139.7223,38.7589],[139.7223,38.7589],[139.7223,38.759],[139.7223,38.759],[139.7223,38.759],[139.7224,38.759],[139.7224,38.7589],[139.7224,38.7589],[139.7224,38.7589],[139.7224,38.7589],[139.7224,38.7588],[139.7223,38.7588],[139.7223,38.7588],[139.7223,38.7588],[139.7223,38.7588],[139.7223,38.7589],[139.7222,38.7589],[139.7222,38.7589],[139.7222,38.7589],[139.7222,38.7589],[139.7222,38.7589],[139.7222,38.7589],[139.7222,38.759],[139.7222,38.759],[139.7222,38.759],[139.7222,38.759],[139.7222,38.759],[139.7222,38.759],[139.7223,38.759],[139.7223,38.759],[139.7223,38.759],[139.7223,38.7589]]],[[[139.7222,38.759],[139.7221,38.759],[139.7221,38.759],[139.7221,38.7591],[139.7221,38.7591],[139.7221,38.7591],[139.7222,38.7591],[139.7222,38.7591],[139.7222,38.7591],[139.7222,38.759]]],[[[139.7229,38.759],[139.7229,38.759],[139.7229,38.759],[139.7229,38.759],[139.7228,38.759],[139.7229,38.759],[139.7229,38.759],[139.7229,38.759],[139.7229,38.7591],[139.7229,38.7591],[139.7229,38.7591],[139.7229,38.7591],[139.7229,38.7591],[139.7229,38.7591],[139.7229,38.759],[139.7229,38.759],[139.7229,38.759],[139.7229,38.759],[139.7229,38.759],[139.7229,38.759]]],[[[139.7209,38.7591],[139.7209,38.7591],[139.7209,38.7591],[139.7209,38.7591],[139.7209,38.7591],[139.7209,38.7591],[139.7209,38.759],[139.7209,38.759],[139.7209,38.7591],[139.7208,38.7591],[139.7209,38.7591],[139.7209,38.7591],[139.7209,38.7591],[139.7209,38.7591],[139.7209,38.7591],[139.7209,38.7591],[139.7209,38.7591],[139.7209,38.7591],[139.7209,38.7591]]],[[[139.7228,38.7591],[139.7228,38.7591],[139.7228,38.7591],[139.7228,38.7591],[139.7228,38.7591],[139.7228,38.7591],[139.7228,38.7591],[139.7228,38.7591]]],[[[139.7228,38.7591],[139.7228,38.7591],[139.7228,38.7591],[139.7228,38.7591],[139.7228,38.7591],[139.7228,38.7591],[139.7229,38.7591],[139.7229,38.7591],[139.7228,38.7591]]],[[[139.723,38.7591],[139.723,38.7591],[139.723,38.7591],[139.723,38.7591],[139.723,38.7591],[139.723,38.7591],[139.723,38.7591],[139.723,38.7591],[139.723,38.7591],[139.723,38.7591]]],[[[139.7231,38.7591],[139.7231,38.7591],[139.7231,38.7591],[139.7231,38.7591],[139.7231,38.7591],[139.7231,38.7591],[139.7231,38.7591],[139.7231,38.7591],[139.7231,38.7591],[139.7231,38.7591]]],[[[139.7228,38.7591],[139.7228,38.7591],[139.7228,38.7591],[139.7228,38.7591],[139.7228,38.7591],[139.7228,38.7591]]],[[[139.723,38.7592],[139.723,38.7591],[139.723,38.7592],[139.723,38.7592],[139.723,38.7592],[139.723,38.7592],[139.723,38.7592],[139.723,38.7592],[139.723,38.7592],[139.723,38.7592]]],[[[139.7231,38.7591],[139.7231,38.7591],[139.7231,38.7592],[139.7231,38.7592],[139.7231,38.7592],[139.7231,38.7592],[139.7231,38.7592],[139.7231,38.7592],[139.7231,38.7591],[139.7231,38.7591]]],[[[139.7219,38.7592],[139.7219,38.7591],[139.7219,38.7592],[139.7219,38.7592],[139.7219,38.7592],[139.7219,38.7592],[139.7219,38.7592],[139.7219,38.7592],[139.7219,38.7592],[139.7219,38.7592]]],[[[139.7233,38.7592],[139.7233,38.7592],[139.7233,38.7592],[139.7233,38.7592],[139.7233,38.7592],[139.7233,38.7592],[139.7233,38.7592],[139.7233,38.7592],[139.7233,38.7592],[139.7233,38.7592],[139.7233,38.7592],[139.7233,38.7592]]],[[[139.7218,38.7592],[139.7218,38.7592],[139.7218,38.7592],[139.7218,38.7592],[139.7218,38.7592],[139.7218,38.7592],[139.7219,38.7592],[139.7219,38.7592],[139.7218,38.7592]]],[[[139.7231,38.7592],[139.7231,38.7592],[139.7231,38.7592],[139.7231,38.7592],[139.7231,38.7592],[139.7231,38.7592],[139.7231,38.7592],[139.7231,38.7592],[139.7231,38.7592]]],[[[139.7232,38.7592],[139.7231,38.7592],[139.7231,38.7592],[139.7232,38.7592],[139.7232,38.7592],[139.7232,38.7592],[139.7232,38.7592]]],[[[139.7226,38.7592],[139.7226,38.7592],[139.7226,38.7592],[139.7226,38.7592],[139.7226,38.7592],[139.7226,38.7591],[139.7226,38.7591],[139.7226,38.7591],[139.7226,38.7591],[139.7226,38.7591],[139.7226,38.7591],[139.7226,38.759],[139.7226,38.759],[139.7226,38.759],[139.7226,38.759],[139.7226,38.759],[139.7226,38.759],[139.7226,38.759],[139.7225,38.759],[139.7225,38.759],[139.7225,38.759],[139.7225,38.759],[139.7225,38.759],[139.7225,38.759],[139.7224,38.759],[139.7224,38.7591],[139.7224,38.7591],[139.7224,38.7591],[139.7224,38.7591],[139.7224,38.7591],[139.7224,38.7591],[139.7224,38.7591],[139.7224,38.7591],[139.7224,38.7591],[139.7224,38.7592],[139.7224,38.7592],[139.7224,38.7592],[139.7224,38.7592],[139.7224,38.7592],[139.7224,38.7592],[139.7224,38.7592],[139.7225,38.7592],[139.7225,38.7592],[139.7225,38.7592],[139.7225,38.7592],[139.7225,38.7592],[139.7225,38.7592],[139.7225,38.7592],[139.7225,38.7592],[139.7225,38.7593],[139.7226,38.7593],[139.7226,38.7592],[139.7226,38.7592],[139.7226,38.7592],[139.7226,38.7592],[139.7226,38.7592],[139.7226,38.7592]]],[[[139.7231,38.7592],[139.723,38.7592],[139.723,38.7592],[139.723,38.7592],[139.7231,38.7593],[139.7231,38.7593],[139.7231,38.7592],[139.7231,38.7592]]],[[[139.7232,38.7593],[139.7232,38.7593],[139.7232,38.7593],[139.7232,38.7593],[139.7232,38.7593],[139.7232,38.7593],[139.7232,38.7593],[139.7232,38.7593],[139.7232,38.7593]]],[[[139.7219,38.7592],[139.7219,38.7592],[139.7219,38.7592],[139.7219,38.7592],[139.7219,38.7592],[139.7219,38.7593],[139.7219,38.7593],[139.7219,38.7593],[139.7219,38.7593],[139.7219,38.7593],[139.7219,38.7592],[139.7219,38.7592]]],[[[139.7221,38.7593],[139.7221,38.7593],[139.722,38.7593],[139.722,38.7593],[139.722,38.7593],[139.722,38.7593],[139.722,38.7593],[139.7221,38.7593],[139.7221,38.7593]]],[[[139.7231,38.7593],[139.7231,38.7593],[139.7231,38.7593],[139.7231,38.7593],[139.7231,38.7593],[139.7231,38.7593],[139.7231,38.7593],[139.7231,38.7593],[139.7231,38.7593],[139.7231,38.7593]]],[[[139.7231,38.7593],[139.7231,38.7593],[139.7231,38.7593],[139.7231,38.7593],[139.7231,38.7593]]],[[[139.7232,38.7593],[139.7231,38.7593],[139.7231,38.7593],[139.7231,38.7593],[139.7231,38.7593],[139.7232,38.7593],[139.7232,38.7593],[139.7232,38.7593],[139.7232,38.7593]]],[[[139.7229,38.7593],[139.723,38.7593],[139.723,38.7593],[139.723,38.7593],[139.723,38.7593],[139.723,38.7593],[139.723,38.7593],[139.723,38.7593],[139.723,38.7593],[139.723,38.7593],[139.723,38.7593],[139.7229,38.7593],[139.7229,38.7593],[139.7229,38.7593],[139.7229,38.7593],[139.7229,38.7593],[139.7229,38.7593],[139.7229,38.7593]]],[[[139.7232,38.7593],[139.7232,38.7593],[139.7232,38.7593],[139.7232,38.7593],[139.7232,38.7593],[139.7232,38.7594],[139.7232,38.7594],[139.7232,38.7593],[139.7232,38.7593],[139.7232,38.7593]]],[[[139.7228,38.7593],[139.7228,38.7593],[139.7228,38.7593],[139.7228,38.7593],[139.7229,38.7593],[139.7229,38.7593],[139.7229,38.7593],[139.7229,38.7593],[139.723,38.7592],[139.723,38.7592],[139.723,38.7592],[139.723,38.7592],[139.723,38.7592],[139.723,38.7592],[139.723,38.7592],[139.723,38.7592],[139.723,38.7591],[139.723,38.7591],[139.723,38.7591],[139.7229,38.7591],[139.7229,38.7591],[139.7229,38.7591],[139.7229,38.7591],[139.7229,38.7591],[139.7229,38.7591],[139.7228,38.7591],[139.7228,38.7592],[139.7228,38.7592],[139.7228,38.7592],[139.7228,38.7592],[139.7228,38.7592],[139.7228,38.7592],[139.7228,38.7592],[139.7228,38.7592],[139.7228,38.7592],[139.7227,38.7593],[139.7227,38.7593],[139.7227,38.7593],[139.7227,38.7593],[139.7227,38.7593],[139.7227,38.7594],[139.7227,38.7594],[139.7227,38.7594],[139.7228,38.7593],[139.7228,38.7593],[139.7228,38.7593],[139.7228,38.7593],[139.7228,38.7593]]],[[[139.7231,38.7594],[139.7231,38.7594],[139.7231,38.7594],[139.723,38.7594],[139.7231,38.7594],[139.7231,38.7594],[139.7231,38.7594],[139.7231,38.7594],[139.7231,38.7594]]],[[[139.723,38.7594],[139.723,38.7594],[139.723,38.7594],[139.723,38.7594],[139.723,38.7594],[139.723,38.7594]]],[[[139.7214,38.7594],[139.7214,38.7594],[139.7214,38.7594],[139.7214,38.7594],[139.7214,38.7594],[139.7214,38.7594]]],[[[139.7216,38.7594],[139.7216,38.7594],[139.7216,38.7594],[139.7216,38.7594],[139.7216,38.7594],[139.7216,38.7594],[139.7216,38.7594],[139.7216,38.7594]]],[[[139.7231,38.7594],[139.7231,38.7594],[139.723,38.7594],[139.7231,38.7594],[139.7231,38.7594],[139.7231,38.7594],[139.7231,38.7594],[139.7231,38.7594],[139.7231,38.7594],[139.7231,38.7594]]],[[[139.7232,38.7594],[139.7232,38.7594],[139.7232,38.7594],[139.7232,38.7594],[139.7232,38.7594],[139.7231,38.7594],[139.7231,38.7594],[139.7231,38.7594],[139.7232,38.7594],[139.7232,38.7594],[139.7232,38.7594],[139.7232,38.7594],[139.7232,38.7594],[139.7232,38.7594],[139.7232,38.7594],[139.7232,38.7594]]],[[[139.7228,38.7595],[139.7228,38.7595],[139.7228,38.7595],[139.7228,38.7595],[139.7228,38.7595],[139.7228,38.7595]]],[[[139.7228,38.7595],[139.7228,38.7595],[139.7228,38.7595],[139.7228,38.7595],[139.7228,38.7595],[139.7228,38.7595],[139.7228,38.7595]]],[[[139.7226,38.7597],[139.7226,38.7597],[139.7226,38.7597],[139.7226,38.7597],[139.7226,38.7597],[139.7226,38.7597],[139.7226,38.7597],[139.7226,38.7597]]],[[[139.7224,38.7598],[139.7224,38.7598],[139.7224,38.7598],[139.7224,38.7598],[139.7223,38.7598],[139.7223,38.7598],[139.7223,38.7598],[139.7224,38.7598],[139.7224,38.7598],[139.7224,38.7598],[139.7224,38.7598],[139.7224,38.7598],[139.7224,38.7598]]],[[[139.7227,38.7599],[139.7227,38.7599],[139.7227,38.7599],[139.7227,38.7599],[139.7227,38.7599],[139.7227,38.7599],[139.7227,38.7599],[139.7227,38.7599],[139.7227,38.7599]]],[[[139.7227,38.7599],[139.7227,38.7599],[139.7226,38.7599],[139.7227,38.7599],[139.7227,38.7599],[139.7227,38.7599]]],[[[139.7228,38.7599],[139.7228,38.7599],[139.7228,38.7599],[139.7228,38.7599],[139.7228,38.7599],[139.7228,38.7599],[139.7228,38.7599],[139.7228,38.7599],[139.7228,38.7599]]],[[[139.7236,38.7604],[139.7235,38.7604],[139.7235,38.7604],[139.7235,38.7604],[139.7235,38.7605],[139.7236,38.7605],[139.7236,38.7605],[139.7236,38.7605],[139.7236,38.7605],[139.7236,38.7604],[139.7236,38.7604],[139.7236,38.7604],[139.7236,38.7604],[139.7236,38.7604]]],[[[139.7235,38.7605],[139.7235,38.7605],[139.7235,38.7605],[139.7235,38.7605],[139.7234,38.7605],[139.7235,38.7605],[139.7235,38.7605],[139.7235,38.7605],[139.7235,38.7605],[139.7235,38.7606],[139.7235,38.7606],[139.7235,38.7606],[139.7235,38.7605],[139.7235,38.7605],[139.7235,38.7605]]],[[[139.7234,38.7606],[139.7234,38.7606],[139.7233,38.7606],[139.7233,38.7606],[139.7233,38.7606],[139.7233,38.7607],[139.7233,38.7607],[139.7233,38.7607],[139.7233,38.7607],[139.7234,38.7607],[139.7234,38.7607],[139.7234,38.7606],[139.7234,38.7606]]],[[[139.7243,38.7612],[139.7243,38.7612],[139.7243,38.7612],[139.7242,38.7612],[139.7242,38.7612],[139.7242,38.7612],[139.7242,38.7612],[139.7242,38.7612],[139.7242,38.7612],[139.7242,38.7612],[139.7243,38.7612],[139.7243,38.7612],[139.7243,38.7612],[139.7243,38.7612],[139.7243,38.7612]]],[[[139.7243,38.7612],[139.7243,38.7612],[139.7243,38.7612],[139.7244,38.7612],[139.7244,38.7612],[139.7244,38.7612],[139.7243,38.7612],[139.7243,38.7612],[139.7243,38.7612],[139.7243,38.7612],[139.7243,38.7612],[139.7243,38.7612],[139.7242,38.7612],[139.7242,38.7612],[139.7242,38.7612],[139.7243,38.7612],[139.7243,38.7612],[139.7243,38.7612]]],[[[139.7239,38.7613],[139.7239,38.7613],[139.7239,38.7613],[139.7239,38.7613],[139.7239,38.7613],[139.7239,38.7613],[139.724,38.7612],[139.724,38.7613],[139.724,38.7613],[139.724,38.7612],[139.724,38.7612],[139.724,38.7612],[139.724,38.7612],[139.724,38.7612],[139.724,38.7612],[139.724,38.7612],[139.7239,38.7612],[139.7239,38.7612],[139.7238,38.7611],[139.7238,38.7612],[139.7238,38.7612],[139.7238,38.7612],[139.7237,38.7612],[139.7237,38.7612],[139.7237,38.7612],[139.7237,38.7612],[139.7237,38.7613],[139.7238,38.7613],[139.7238,38.7613],[139.7238,38.7613],[139.7238,38.7613],[139.7238,38.7613],[139.7239,38.7613]]],[[[139.724,38.7613],[139.724,38.7613],[139.724,38.7613],[139.7239,38.7613],[139.7239,38.7613],[139.7239,38.7613],[139.7239,38.7613],[139.724,38.7614],[139.724,38.7614],[139.724,38.7613],[139.724,38.7613],[139.724,38.7613],[139.724,38.7613],[139.724,38.7613]]],[[[139.7237,38.7614],[139.7237,38.7614],[139.7238,38.7614],[139.7238,38.7614],[139.7238,38.7614],[139.7238,38.7614],[139.7238,38.7614],[139.7238,38.7614],[139.7238,38.7614],[139.7238,38.7614],[139.7237,38.7614],[139.7237,38.7614],[139.7237,38.7614],[139.7237,38.7614],[139.7237,38.7614],[139.7237,38.7615],[139.7237,38.7615],[139.7237,38.7615],[139.7237,38.7615],[139.7237,38.7614]]],[[[139.7239,38.7615],[139.7239,38.7615],[139.7239,38.7615],[139.724,38.7615],[139.724,38.7615],[139.724,38.7615],[139.724,38.7615],[139.724,38.7614],[139.724,38.7614],[139.724,38.7614],[139.724,38.7614],[139.724,38.7614],[139.7239,38.7614],[139.7239,38.7614],[139.7239,38.7614],[139.7239,38.7614],[139.7239,38.7614],[139.7239,38.7614],[139.7239,38.7615],[139.7238,38.7615],[139.7238,38.7615],[139.7238,38.7615],[139.7238,38.7615],[139.7238,38.7615],[139.7238,38.7615],[139.7238,38.7615],[139.7238,38.7615],[139.7238,38.7615],[139.7238,38.7615],[139.7238,38.7615],[139.7238,38.7615],[139.7239,38.7615],[139.7239,38.7615],[139.7239,38.7615],[139.7239,38.7615],[139.7239,38.7615]]],[[[139.7238,38.7616],[139.7238,38.7615],[139.7238,38.7615],[139.7237,38.7616],[139.7237,38.7616],[139.7237,38.7616],[139.7237,38.7616],[139.7237,38.7616],[139.7237,38.7616],[139.7237,38.7616],[139.7238,38.7616],[139.7238,38.7616],[139.7238,38.7616],[139.7238,38.7616],[139.7238,38.7616],[139.7238,38.7616]]],[[[139.7238,38.7617],[139.7238,38.7617],[139.7239,38.7617],[139.7239,38.7617],[139.7239,38.7617],[139.7239,38.7617],[139.7239,38.7616],[139.7239,38.7616],[139.7239,38.7616],[139.7239,38.7616],[139.7239,38.7616],[139.7239,38.7616],[139.7239,38.7616],[139.7239,38.7616],[139.7238,38.7616],[139.7238,38.7617],[139.7238,38.7617],[139.7238,38.7617],[139.7238,38.7617],[139.7238,38.7617],[139.7238,38.7617]]],[[[139.724,38.7621],[139.7239,38.7621],[139.7239,38.7621],[139.7239,38.7621],[139.7239,38.7621],[139.724,38.7621],[139.724,38.7621]]],[[[139.7263,38.7624],[139.7263,38.7624],[139.7263,38.7625],[139.7262,38.7625],[139.7263,38.7625],[139.7263,38.7625],[139.7263,38.7625],[139.7263,38.7625],[139.7263,38.7625],[139.7263,38.7624]]],[[[139.7258,38.7626],[139.7258,38.7626],[139.7258,38.7626],[139.7258,38.7626],[139.7258,38.7625],[139.7257,38.7625],[139.7257,38.7626],[139.7257,38.7626],[139.7257,38.7626],[139.7258,38.7626],[139.7258,38.7626]]],[[[139.7263,38.7626],[139.7263,38.7626],[139.7263,38.7626],[139.7262,38.7626],[139.7262,38.7626],[139.7262,38.7626],[139.7262,38.7626],[139.7262,38.7626],[139.7262,38.7627],[139.7262,38.7627],[139.7262,38.7627],[139.7261,38.7627],[139.7261,38.7627],[139.7261,38.7627],[139.7261,38.7627],[139.7261,38.7627],[139.7262,38.7627],[139.7262,38.7627],[139.7262,38.7627],[139.7262,38.7628],[139.7262,38.7628],[139.7262,38.7627],[139.7263,38.7627],[139.7263,38.7627],[139.7263,38.7627],[139.7263,38.7627],[139.7263,38.7627],[139.7263,38.7627],[139.7263,38.7627],[139.7263,38.7626],[139.7263,38.7626],[139.7263,38.7626],[139.7263,38.7626],[139.7263,38.7626],[139.7263,38.7626]]],[[[139.7262,38.7629],[139.7262,38.7629],[139.7262,38.7628],[139.7262,38.7628],[139.7262,38.7628],[139.7262,38.7628],[139.7262,38.7628],[139.7261,38.7628],[139.7261,38.7628],[139.7261,38.7628],[139.7261,38.7628],[139.7261,38.7628],[139.726,38.7628],[139.726,38.7628],[139.726,38.7628],[139.726,38.7628],[139.726,38.7628],[139.7259,38.7628],[139.7259,38.7628],[139.7259,38.7628],[139.7259,38.7628],[139.7259,38.7628],[139.7259,38.7628],[139.7259,38.7628],[139.7259,38.7628],[139.7259,38.7628],[139.7259,38.7628],[139.7259,38.7628],[139.7259,38.7628],[139.7259,38.7628],[139.7259,38.7628],[139.726,38.7629],[139.726,38.7629],[139.726,38.7629],[139.726,38.7629],[139.726,38.7629],[139.7261,38.7629],[139.7261,38.7629],[139.7261,38.7629],[139.7261,38.7629],[139.7261,38.7629],[139.7262,38.7629],[139.7262,38.7629],[139.7262,38.7629],[139.7262,38.7629],[139.7262,38.7629]]],[[[139.728,38.7628],[139.7279,38.7628],[139.7279,38.7628],[139.7279,38.7628],[139.7279,38.7629],[139.7279,38.7629],[139.7279,38.7629],[139.7279,38.7629],[139.728,38.763],[139.7281,38.763],[139.7282,38.763],[139.7282,38.763],[139.7282,38.763],[139.7282,38.7629],[139.7282,38.7629],[139.7282,38.7629],[139.7282,38.7629],[139.7281,38.7629],[139.7281,38.7628],[139.7281,38.7628],[139.728,38.7628],[139.728,38.7628],[139.728,38.7628]]],[[[139.7234,38.7631],[139.7234,38.763],[139.7234,38.7631],[139.7234,38.7631],[139.7234,38.7631],[139.7234,38.7631],[139.7234,38.7631],[139.7234,38.7631],[139.7234,38.7631],[139.7234,38.7631],[139.7234,38.7631],[139.7234,38.7631],[139.7234,38.7631]]],[[[139.7225,38.7633],[139.7225,38.7633],[139.7225,38.7633],[139.7225,38.7633],[139.7225,38.7633],[139.7225,38.7633],[139.7225,38.7633],[139.7225,38.7633],[139.7225,38.7633],[139.7225,38.7633],[139.7225,38.7633],[139.7225,38.7633],[139.7225,38.7632],[139.7225,38.7632],[139.7224,38.7632],[139.7224,38.7632],[139.7224,38.7632],[139.7223,38.7632],[139.7223,38.7633],[139.7223,38.7633],[139.7224,38.7633],[139.7224,38.7633],[139.7224,38.7633],[139.7224,38.7633],[139.7224,38.7633],[139.7224,38.7633],[139.7224,38.7633],[139.7224,38.7633],[139.7225,38.7633],[139.7225,38.7633]]],[[[139.7228,38.7633],[139.7228,38.7633],[139.7228,38.7633],[139.7228,38.7633],[139.7228,38.7633],[139.7227,38.7633],[139.7227,38.7633],[139.7227,38.7633],[139.7228,38.7634],[139.7228,38.7634],[139.7228,38.7633],[139.7229,38.7633],[139.7229,38.7633],[139.7229,38.7633],[139.7229,38.7633],[139.7228,38.7633]]],[[[139.7269,38.763],[139.7268,38.7629],[139.7266,38.763],[139.7268,38.7631],[139.7269,38.7633],[139.7271,38.7634],[139.7272,38.7633],[139.7271,38.7632],[139.727,38.7631],[139.7269,38.763]]],[[[139.7226,38.7633],[139.7226,38.7633],[139.7226,38.7633],[139.7226,38.7633],[139.7226,38.7634],[139.7226,38.7634],[139.7226,38.7634],[139.7226,38.7634],[139.7226,38.7634],[139.7226,38.7634],[139.7226,38.7634],[139.7226,38.7633],[139.7226,38.7633]]],[[[139.7228,38.7634],[139.7228,38.7634],[139.7228,38.7634],[139.7228,38.7634],[139.7229,38.7634],[139.7229,38.7634],[139.7229,38.7634],[139.7229,38.7634],[139.7229,38.7634],[139.7229,38.7634],[139.723,38.7633],[139.723,38.7633],[139.723,38.7633],[139.7229,38.7633],[139.7229,38.7633],[139.7229,38.7634],[139.7228,38.7634],[139.7228,38.7634],[139.7228,38.7634],[139.7228,38.7634],[139.7228,38.7634],[139.7228,38.7634],[139.7228,38.7634],[139.7227,38.7634],[139.7227,38.7634],[139.7227,38.7635],[139.7227,38.7635],[139.7227,38.7635],[139.7228,38.7635],[139.7228,38.7635],[139.7228,38.7634],[139.7228,38.7634],[139.7228,38.7634],[139.7228,38.7634]]],[[[139.7222,38.7635],[139.7222,38.7635],[139.7222,38.7635],[139.7222,38.7635],[139.7222,38.7635],[139.7222,38.7635],[139.7222,38.7635],[139.7222,38.7635],[139.7222,38.7635]]],[[[139.7223,38.7635],[139.7223,38.7635],[139.7223,38.7635],[139.7223,38.7635],[139.7223,38.7635],[139.7223,38.7635],[139.7223,38.7635],[139.7223,38.7635],[139.7223,38.7635],[139.7223,38.7635],[139.7223,38.7635],[139.7223,38.7635]]],[[[139.7226,38.7636],[139.7226,38.7636],[139.7226,38.7636],[139.7226,38.7636],[139.7226,38.7636],[139.7226,38.7636]]],[[[139.7226,38.7636],[139.7226,38.7636],[139.7225,38.7636],[139.7226,38.7636],[139.7226,38.7636],[139.7226,38.7636],[139.7226,38.7636],[139.7226,38.7636]]],[[[139.7219,38.7637],[139.7219,38.7637],[139.722,38.7637],[139.722,38.7637],[139.722,38.7637],[139.722,38.7637],[139.722,38.7637],[139.722,38.7637],[139.722,38.7637],[139.7221,38.7637],[139.7221,38.7636],[139.7221,38.7636],[139.7221,38.7636],[139.7221,38.7636],[139.7221,38.7636],[139.7221,38.7636],[139.7221,38.7636],[139.7221,38.7635],[139.7221,38.7635],[139.7221,38.7635],[139.7221,38.7635],[139.7221,38.7635],[139.7221,38.7635],[139.7221,38.7634],[139.7221,38.7634],[139.7221,38.7634],[139.7222,38.7634],[139.7222,38.7634],[139.7222,38.7634],[139.7222,38.7634],[139.7222,38.7633],[139.7222,38.7633],[139.7222,38.7633],[139.7222,38.7633],[139.7222,38.7633],[139.7222,38.7633],[139.7221,38.7633],[139.7221,38.7633],[139.7221,38.7633],[139.7221,38.7633],[139.7221,38.7633],[139.7221,38.7633],[139.7221,38.7632],[139.7221,38.7632],[139.7221,38.7632],[139.722,38.7632],[139.722,38.7632],[139.722,38.7632],[139.722,38.7632],[139.722,38.7633],[139.722,38.7633],[139.7219,38.7633],[139.7219,38.7633],[139.7219,38.7633],[139.7219,38.7633],[139.7219,38.7633],[139.7219,38.7633],[139.7219,38.7633],[139.7219,38.7633],[139.7219,38.7634],[139.7219,38.7634],[139.7219,38.7634],[139.7219,38.7634],[139.7219,38.7634],[139.7219,38.7634],[139.7219,38.7634],[139.7219,38.7635],[139.7219,38.7635],[139.7219,38.7635],[139.7219,38.7635],[139.7219,38.7635],[139.7219,38.7635],[139.7219,38.7636],[139.7219,38.7636],[139.7219,38.7636],[139.7219,38.7636],[139.7219,38.7636],[139.7219,38.7636],[139.7219,38.7636],[139.7219,38.7636],[139.7219,38.7636],[139.7219,38.7636],[139.7219,38.7636],[139.7219,38.7637],[139.7219,38.7637],[139.7219,38.7637],[139.7219,38.7637],[139.7219,38.7637],[139.7219,38.7637]]],[[[139.7277,38.7636],[139.7275,38.7635],[139.7275,38.7636],[139.7275,38.7636],[139.7277,38.7637],[139.7279,38.7638],[139.7282,38.7638],[139.7282,38.7637],[139.7281,38.7637],[139.728,38.7637],[139.7278,38.7636],[139.7277,38.7636]]],[[[139.7321,38.765],[139.7321,38.765],[139.7322,38.765],[139.7322,38.7649],[139.7322,38.7649],[139.7321,38.7649],[139.7321,38.7649],[139.7321,38.7649],[139.7321,38.7649],[139.732,38.7649],[139.732,38.7649],[139.732,38.7649],[139.732,38.7649],[139.732,38.7649],[139.732,38.7649],[139.7321,38.765],[139.7321,38.765]]],[[[139.7318,38.7652],[139.7317,38.7652],[139.7317,38.7652],[139.7317,38.7652],[139.7318,38.7652],[139.7318,38.7653],[139.7318,38.7652],[139.7318,38.7652]]],[[[139.7319,38.7653],[139.7318,38.7653],[139.7318,38.7653],[139.7318,38.7653],[139.7318,38.7653],[139.7319,38.7653],[139.7319,38.7653],[139.7319,38.7653],[139.7319,38.7653],[139.7319,38.7653]]],[[[139.7318,38.7654],[139.7318,38.7654],[139.7317,38.7654],[139.7317,38.7654],[139.7317,38.7655],[139.7318,38.7655],[139.7318,38.7654],[139.7318,38.7654]]],[[[139.7315,38.7655],[139.7314,38.7655],[139.7314,38.7655],[139.7314,38.7655],[139.7314,38.7655],[139.7314,38.7655],[139.7315,38.7655],[139.7315,38.7655],[139.7315,38.7655]]],[[[139.7313,38.7658],[139.7313,38.7658],[139.7313,38.7658],[139.7312,38.7658],[139.7313,38.7658],[139.7313,38.7658],[139.7313,38.7658],[139.7313,38.7658],[139.7313,38.7658]]],[[[139.7284,38.7665],[139.7283,38.7659],[139.7283,38.7659],[139.7286,38.7655],[139.7288,38.7653],[139.7289,38.7651],[139.7292,38.7646],[139.7291,38.7646],[139.7289,38.7649],[139.7286,38.7653],[139.7284,38.7656],[139.7282,38.7659],[139.7282,38.7667],[139.7282,38.7667],[139.7284,38.7667],[139.7284,38.7667],[139.7284,38.7665]]],[[[139.7321,38.7672],[139.7321,38.7672],[139.732,38.7672],[139.732,38.7672],[139.7321,38.7672],[139.7321,38.7672],[139.7322,38.7672],[139.7322,38.7672],[139.7322,38.7672],[139.7322,38.7672],[139.7321,38.7672],[139.7321,38.7672]]],[[[139.7324,38.7673],[139.7324,38.7673],[139.7323,38.7673],[139.7323,38.7673],[139.7323,38.7673],[139.7324,38.7673],[139.7324,38.7673],[139.7324,38.7673],[139.7324,38.7673],[139.7324,38.7673]]],[[[139.7321,38.7674],[139.7321,38.7674],[139.7321,38.7674],[139.7321,38.7674],[139.7321,38.7674],[139.7321,38.7674],[139.7321,38.7674],[139.7321,38.7674]]],[[[139.7328,38.7678],[139.7328,38.7678],[139.7328,38.7678],[139.7328,38.7678],[139.7328,38.7678],[139.7328,38.7679],[139.7328,38.7678],[139.7328,38.7678],[139.7328,38.7678]]],[[[139.7326,38.7679],[139.7326,38.7679],[139.7325,38.7679],[139.7326,38.7679],[139.7326,38.7679],[139.7326,38.7679],[139.7326,38.7679],[139.7326,38.7679],[139.7326,38.7679],[139.7326,38.7679],[139.7326,38.7679],[139.7326,38.7679]]],[[[139.7332,38.7679],[139.7331,38.7679],[139.7331,38.7679],[139.7331,38.768],[139.7331,38.768],[139.7332,38.768],[139.7332,38.768],[139.7332,38.768],[139.7332,38.768],[139.7332,38.768],[139.7332,38.7679],[139.7332,38.7679],[139.7332,38.7679]]],[[[139.733,38.768],[139.733,38.768],[139.733,38.768],[139.733,38.768],[139.733,38.768],[139.733,38.768],[139.733,38.768]]],[[[139.7276,38.7667],[139.7273,38.7667],[139.7273,38.7668],[139.7271,38.7675],[139.727,38.7679],[139.727,38.7679],[139.727,38.768],[139.7273,38.7681],[139.7273,38.7679],[139.7275,38.7672],[139.7275,38.7672],[139.7276,38.7667]]],[[[139.7323,38.7681],[139.7323,38.7681],[139.7323,38.7681],[139.7323,38.7681],[139.7323,38.7681],[139.7323,38.7681],[139.7323,38.7681],[139.7323,38.7681],[139.7323,38.7681],[139.7323,38.7681]]],[[[139.7333,38.7681],[139.7333,38.7681],[139.7333,38.7681],[139.7333,38.7681],[139.7333,38.7681],[139.7333,38.7681],[139.7333,38.7681],[139.7333,38.7681],[139.7333,38.7681]]],[[[139.7334,38.7681],[139.7334,38.7681],[139.7334,38.7681],[139.7333,38.7682],[139.7334,38.7682],[139.7334,38.7682],[139.7334,38.7682],[139.7334,38.7681],[139.7334,38.7681]]],[[[139.7323,38.7681],[139.7323,38.7681],[139.7323,38.7682],[139.7323,38.7682],[139.7323,38.7681]]],[[[139.7333,38.7682],[139.7333,38.7682],[139.7333,38.7682],[139.7333,38.7682],[139.7333,38.7682],[139.7333,38.7682],[139.7333,38.7682],[139.7333,38.7682],[139.7333,38.7682]]],[[[139.7333,38.7682],[139.7333,38.7682],[139.7333,38.7682],[139.7333,38.7682],[139.7333,38.7682],[139.7333,38.7682],[139.7333,38.7682],[139.7333,38.7682]]],[[[139.7334,38.7682],[139.7334,38.7682],[139.7334,38.7682],[139.7334,38.7682],[139.7334,38.7682],[139.7334,38.7682],[139.7334,38.7682],[139.7334,38.7682]]],[[[139.7335,38.7682],[139.7334,38.7682],[139.7334,38.7682],[139.7334,38.7682],[139.7334,38.7682],[139.7334,38.7682],[139.7335,38.7682],[139.7335,38.7682],[139.7335,38.7682],[139.7335,38.7682]]],[[[139.7334,38.7682],[139.7333,38.7682],[139.7333,38.7682],[139.7333,38.7682],[139.7333,38.7682],[139.7333,38.7682],[139.7333,38.7682],[139.7334,38.7682],[139.7334,38.7682],[139.7334,38.7682]]],[[[139.7335,38.7683],[139.7334,38.7683],[139.7334,38.7683],[139.7334,38.7683],[139.7335,38.7683],[139.7335,38.7683],[139.7335,38.7683],[139.7335,38.7683]]],[[[139.7334,38.7683],[139.7334,38.7683],[139.7334,38.7683],[139.7334,38.7683],[139.7334,38.7683],[139.7334,38.7683],[139.7334,38.7683]]],[[[139.7333,38.7683],[139.7333,38.7683],[139.7333,38.7683],[139.7333,38.7683],[139.7333,38.7683],[139.7333,38.7683],[139.7333,38.7683]]],[[[139.7333,38.7683],[139.7333,38.7683],[139.7333,38.7683],[139.7333,38.7683],[139.7333,38.7683],[139.7333,38.7683],[139.7333,38.7683],[139.7333,38.7683]]],[[[139.7335,38.7683],[139.7334,38.7683],[139.7334,38.7683],[139.7334,38.7684],[139.7334,38.7684],[139.7334,38.7684],[139.7335,38.7684],[139.7335,38.7684],[139.7335,38.7683]]],[[[139.7328,38.7684],[139.7328,38.7683],[139.7328,38.7684],[139.7328,38.7684],[139.7328,38.7684],[139.7328,38.7684],[139.7328,38.7684],[139.7328,38.7684],[139.7328,38.7684]]],[[[139.7334,38.7683],[139.7334,38.7683],[139.7334,38.7683],[139.7334,38.7683],[139.7333,38.7683],[139.7333,38.7683],[139.7333,38.7683],[139.7333,38.7683],[139.7333,38.7683],[139.7334,38.7683],[139.7334,38.7683],[139.7334,38.7683],[139.7334,38.7683],[139.7334,38.7683],[139.7334,38.7684],[139.7334,38.7684],[139.7334,38.7684],[139.7334,38.7684],[139.7334,38.7684],[139.7334,38.7683],[139.7334,38.7683],[139.7334,38.7683],[139.7334,38.7683]]],[[[139.7333,38.7684],[139.7333,38.7684],[139.7333,38.7684],[139.7333,38.7684],[139.7333,38.7684],[139.7333,38.7684],[139.7333,38.7684],[139.7333,38.7684],[139.7333,38.7684]]],[[[139.7327,38.7684],[139.7327,38.7684],[139.7326,38.7684],[139.7326,38.7684],[139.7327,38.7684],[139.7327,38.7684],[139.7327,38.7684],[139.7327,38.7684],[139.7327,38.7684]]],[[[139.7333,38.7684],[139.7333,38.7684],[139.7333,38.7684],[139.7333,38.7684],[139.7333,38.7685],[139.7333,38.7685],[139.7333,38.7685],[139.7333,38.7684],[139.7333,38.7684]]],[[[139.7332,38.7685],[139.7332,38.7685],[139.7332,38.7685],[139.7332,38.7685],[139.7332,38.7685],[139.7332,38.7685],[139.7332,38.7685],[139.7332,38.7685],[139.7332,38.7685],[139.7332,38.7685]]],[[[139.7337,38.7685],[139.7337,38.7685],[139.7337,38.7685],[139.7337,38.7685],[139.7337,38.7685],[139.7337,38.7685],[139.7336,38.7685],[139.7336,38.7685],[139.7336,38.7685],[139.7337,38.7685],[139.7337,38.7685],[139.7337,38.7685],[139.7337,38.7685],[139.7337,38.7685],[139.7337,38.7685]]],[[[139.7339,38.7686],[139.7339,38.7686],[139.7338,38.7686],[139.7338,38.7686],[139.7339,38.7686],[139.7339,38.7686],[139.7339,38.7686]]],[[[139.7338,38.7686],[139.7338,38.7686],[139.7338,38.7686],[139.7338,38.7686],[139.7338,38.7686],[139.7338,38.7686],[139.7338,38.7686],[139.7338,38.7686],[139.7338,38.7686]]],[[[139.733,38.7687],[139.733,38.7686],[139.733,38.7686],[139.733,38.7686],[139.733,38.7686],[139.733,38.7686],[139.733,38.7686],[139.733,38.7686],[139.733,38.7686],[139.733,38.7685],[139.733,38.7685],[139.733,38.7685],[139.7329,38.7685],[139.7329,38.7685],[139.7329,38.7685],[139.7329,38.7685],[139.7329,38.7685],[139.7329,38.7685],[139.7329,38.7685],[139.7329,38.7686],[139.7329,38.7686],[139.7329,38.7686],[139.7329,38.7686],[139.7329,38.7686],[139.7329,38.7686],[139.7329,38.7686],[139.7329,38.7686],[139.7329,38.7686],[139.7329,38.7686],[139.733,38.7687]]],[[[139.7339,38.7686],[139.7339,38.7686],[139.7339,38.7686],[139.7339,38.7687],[139.7339,38.7687],[139.7339,38.7687],[139.7339,38.7686]]],[[[139.7337,38.7686],[139.7337,38.7686],[139.7337,38.7686],[139.7337,38.7686],[139.7337,38.7686],[139.7337,38.7686],[139.7337,38.7686],[139.7337,38.7686],[139.7337,38.7686],[139.7337,38.7686],[139.7337,38.7686],[139.7337,38.7686],[139.7337,38.7687],[139.7338,38.7687],[139.7338,38.7687],[139.7338,38.7687],[139.7338,38.7686],[139.7338,38.7686],[139.7338,38.7686],[139.7338,38.7686],[139.7338,38.7686],[139.7338,38.7686],[139.7337,38.7686],[139.7337,38.7686],[139.7337,38.7686]]],[[[139.734,38.7687],[139.734,38.7686],[139.734,38.7687],[139.734,38.7687],[139.734,38.7687],[139.734,38.7687],[139.734,38.7687]]],[[[139.726,38.7686],[139.7257,38.7677],[139.7256,38.7677],[139.726,38.7687],[139.7261,38.7687],[139.7261,38.7686],[139.726,38.7686]]],[[[139.734,38.7687],[139.734,38.7687],[139.7339,38.7687],[139.7339,38.7687],[139.7339,38.7687],[139.734,38.7687],[139.734,38.7687],[139.734,38.7687],[139.734,38.7687],[139.734,38.7687]]],[[[139.7342,38.7687],[139.7342,38.7687],[139.7342,38.7687],[139.7342,38.7687],[139.7342,38.7687],[139.7342,38.7687],[139.7342,38.7687]]],[[[139.7342,38.7687],[139.7342,38.7687],[139.7342,38.7687],[139.7342,38.7687],[139.7342,38.7687],[139.7342,38.7687],[139.7342,38.7687]]],[[[139.7339,38.7687],[139.7339,38.7687],[139.7339,38.7687],[139.7339,38.7687],[139.7339,38.7687],[139.7339,38.7687],[139.7339,38.7687],[139.7339,38.7687]]],[[[139.7343,38.7687],[139.7343,38.7687],[139.7343,38.7687],[139.7342,38.7687],[139.7343,38.7688],[139.7343,38.7688],[139.7343,38.7688],[139.7343,38.7687]]],[[[139.7344,38.7687],[139.7343,38.7687],[139.7343,38.7687],[139.7343,38.7688],[139.7343,38.7688],[139.7344,38.7688],[139.7344,38.7687]]],[[[139.734,38.7688],[139.734,38.7688],[139.734,38.7688],[139.734,38.7688],[139.734,38.7688],[139.734,38.7688],[139.734,38.7688],[139.734,38.7688],[139.734,38.7688],[139.734,38.7688],[139.734,38.7688],[139.734,38.7688],[139.734,38.7688]]],[[[139.7343,38.7688],[139.7343,38.7688],[139.7343,38.7688],[139.7343,38.7688],[139.7343,38.7688],[139.7343,38.7688],[139.7343,38.7688],[139.7343,38.7688],[139.7343,38.7688]]],[[[139.7343,38.7688],[139.7342,38.7688],[139.7342,38.7688],[139.7342,38.7689],[139.7342,38.7689],[139.7342,38.7689],[139.7343,38.7689],[139.7343,38.7689],[139.7343,38.7689],[139.7343,38.7688]]],[[[139.7337,38.7689],[139.7337,38.7689],[139.7337,38.7689],[139.7337,38.7689],[139.7336,38.7689],[139.7336,38.7689],[139.7337,38.769],[139.7337,38.769],[139.7337,38.769],[139.7337,38.769],[139.7337,38.769],[139.7337,38.7689],[139.7337,38.7689],[139.7337,38.7689],[139.7337,38.7689],[139.7337,38.7689],[139.7337,38.7689],[139.7337,38.7689]]],[[[139.7341,38.7691],[139.7341,38.769],[139.7341,38.769],[139.7341,38.769],[139.734,38.769],[139.734,38.769],[139.734,38.769],[139.734,38.769],[139.734,38.769],[139.734,38.769],[139.734,38.769],[139.734,38.769],[139.734,38.7691],[139.734,38.7691],[139.7341,38.7691]]],[[[139.7349,38.7691],[139.7349,38.7691],[139.7349,38.7691],[139.7349,38.7691],[139.7349,38.7691],[139.7349,38.769],[139.7349,38.769],[139.7348,38.769],[139.7348,38.7691],[139.7348,38.7691],[139.7348,38.7691],[139.7348,38.7691],[139.7349,38.7691],[139.7349,38.7691]]],[[[139.7347,38.7691],[139.7347,38.7691],[139.7346,38.7691],[139.7346,38.7691],[139.7346,38.7691],[139.7347,38.7691],[139.7347,38.7691]]],[[[139.7349,38.7692],[139.735,38.7691],[139.735,38.7691],[139.7349,38.7691],[139.7349,38.7691],[139.7349,38.7691],[139.7349,38.7691],[139.7349,38.7692],[139.7349,38.7692],[139.7349,38.7691],[139.7348,38.7691],[139.7348,38.7692],[139.7348,38.7692],[139.7349,38.7692],[139.7349,38.7692],[139.7349,38.7692],[139.7349,38.7692],[139.7349,38.7692]]],[[[139.7348,38.7692],[139.7348,38.7692],[139.7348,38.7692],[139.7348,38.7692],[139.7348,38.7692],[139.7348,38.7692],[139.7348,38.7692],[139.7348,38.7692]]],[[[139.7353,38.7692],[139.7353,38.7692],[139.7353,38.7692],[139.7353,38.7692],[139.7353,38.7692],[139.7353,38.7692],[139.7353,38.7692],[139.7353,38.7692],[139.7353,38.7692]]],[[[139.7354,38.7692],[139.7353,38.7692],[139.7353,38.7692],[139.7353,38.7692],[139.7353,38.7692],[139.7354,38.7692],[139.7354,38.7692],[139.7354,38.7692]]],[[[139.7354,38.7692],[139.7354,38.7692],[139.7354,38.7692],[139.7354,38.7692],[139.7354,38.7693],[139.7354,38.7693],[139.7354,38.7693],[139.7354,38.7693],[139.7354,38.7693],[139.7354,38.7692],[139.7354,38.7692],[139.7354,38.7692],[139.7354,38.7692]]],[[[139.7358,38.7693],[139.7358,38.7693],[139.7357,38.7693],[139.7357,38.7693],[139.7357,38.7693],[139.7357,38.7693],[139.7358,38.7693],[139.7358,38.7693],[139.7358,38.7693]]],[[[139.7359,38.7693],[139.7359,38.7693],[139.7359,38.7693],[139.7359,38.7693],[139.7359,38.7693],[139.7359,38.7693],[139.7359,38.7693],[139.7359,38.7693],[139.7359,38.7693]]],[[[139.7358,38.7693],[139.7358,38.7693],[139.7358,38.7693],[139.7358,38.7693],[139.7358,38.7693],[139.7358,38.7693],[139.7358,38.7693],[139.7358,38.7693],[139.7358,38.7693],[139.7358,38.7693],[139.7358,38.7693],[139.7358,38.7693],[139.7358,38.7693],[139.7358,38.7693],[139.7358,38.7693]]],[[[139.7359,38.7694],[139.7359,38.7694],[139.7359,38.7694],[139.7359,38.7694],[139.7359,38.7694],[139.7359,38.7694],[139.7359,38.7694],[139.7359,38.7694],[139.7359,38.7694]]],[[[139.7357,38.7693],[139.7356,38.7693],[139.7356,38.7693],[139.7356,38.7693],[139.7356,38.7694],[139.7356,38.7694],[139.7356,38.7694],[139.7356,38.7694],[139.7357,38.7694],[139.7357,38.7694],[139.7357,38.7694],[139.7357,38.7693],[139.7357,38.7693]]],[[[139.7356,38.7692],[139.7356,38.7692],[139.7356,38.7692],[139.7356,38.7692],[139.7355,38.7692],[139.7355,38.7692],[139.7355,38.7693],[139.7354,38.7693],[139.7354,38.7693],[139.7354,38.7693],[139.7354,38.7693],[139.7354,38.7693],[139.7354,38.7693],[139.7354,38.7694],[139.7354,38.7694],[139.7354,38.7694],[139.7355,38.7694],[139.7355,38.7694],[139.7355,38.7694],[139.7355,38.7694],[139.7355,38.7694],[139.7355,38.7694],[139.7355,38.7694],[139.7355,38.7694],[139.7355,38.7694],[139.7355,38.7694],[139.7356,38.7693],[139.7356,38.7693],[139.7356,38.7693],[139.7356,38.7693],[139.7356,38.7693],[139.7356,38.7693],[139.7356,38.7693],[139.7356,38.7693],[139.7356,38.7692]]],[[[139.7359,38.7694],[139.7359,38.7694],[139.7359,38.7694],[139.7359,38.7694],[139.7359,38.7694],[139.7359,38.7694],[139.7359,38.7694],[139.7359,38.7694]]],[[[139.736,38.7694],[139.736,38.7694],[139.736,38.7694],[139.736,38.7694],[139.736,38.7694],[139.736,38.7694],[139.736,38.7694],[139.736,38.7694],[139.736,38.7694],[139.736,38.7694],[139.736,38.7694],[139.736,38.7694],[139.736,38.7694],[139.736,38.7694],[139.736,38.7694],[139.736,38.7694],[139.736,38.7694],[139.736,38.7694]]],[[[139.7351,38.7694],[139.7351,38.7694],[139.7351,38.7694],[139.7351,38.7694],[139.7351,38.7694],[139.7351,38.7695],[139.7351,38.7695],[139.7351,38.7695],[139.7351,38.7695],[139.7351,38.7694],[139.7351,38.7694],[139.7351,38.7694]]],[[[139.736,38.7694],[139.736,38.7694],[139.7359,38.7695],[139.7359,38.7695],[139.7359,38.7695],[139.736,38.7695],[139.736,38.7695],[139.736,38.7694]]],[[[139.7361,38.7695],[139.7361,38.7695],[139.736,38.7695],[139.736,38.7695],[139.736,38.7695],[139.7361,38.7695],[139.7361,38.7695],[139.7361,38.7695]]],[[[139.7354,38.7697],[139.7354,38.7697],[139.7354,38.7697],[139.7354,38.7697],[139.7354,38.7697],[139.7354,38.7697],[139.7354,38.7697],[139.7354,38.7697],[139.7354,38.7697],[139.7354,38.7697],[139.7354,38.7697],[139.7354,38.7697],[139.7354,38.7697],[139.7354,38.7697]]],[[[139.7365,38.7697],[139.7364,38.7697],[139.7364,38.7697],[139.7364,38.7697],[139.7364,38.7697],[139.7364,38.7697],[139.7365,38.7697],[139.7365,38.7697],[139.7365,38.7697],[139.7365,38.7697]]],[[[139.7363,38.7698],[139.7363,38.7698],[139.7363,38.7698],[139.7362,38.7698],[139.7363,38.7698],[139.7363,38.7698],[139.7363,38.7698],[139.7363,38.7698],[139.7363,38.7698]]],[[[139.7368,38.77],[139.7368,38.77],[139.7368,38.77],[139.7368,38.7699],[139.7368,38.7699],[139.7368,38.7699],[139.7368,38.7699],[139.7368,38.7699],[139.7368,38.7698],[139.7367,38.7698],[139.7367,38.7698],[139.7367,38.7698],[139.7367,38.7698],[139.7367,38.7698],[139.7367,38.7698],[139.7367,38.7697],[139.7367,38.7697],[139.7366,38.7697],[139.7366,38.7697],[139.7366,38.7697],[139.7366,38.7697],[139.7366,38.7698],[139.7365,38.7698],[139.7365,38.7698],[139.7365,38.7698],[139.7364,38.7698],[139.7364,38.7698],[139.7364,38.7699],[139.7364,38.7699],[139.7364,38.7699],[139.7364,38.7699],[139.7364,38.77],[139.7364,38.77],[139.7364,38.77],[139.7365,38.77],[139.7365,38.77],[139.7365,38.77],[139.7365,38.77],[139.7365,38.77],[139.7365,38.77],[139.7365,38.77],[139.7366,38.7701],[139.7366,38.77],[139.7366,38.77],[139.7366,38.77],[139.7366,38.77],[139.7366,38.77],[139.7367,38.77],[139.7367,38.77],[139.7367,38.77],[139.7367,38.77],[139.7367,38.77],[139.7367,38.7701],[139.7367,38.7701],[139.7367,38.7701],[139.7367,38.7701],[139.7367,38.7701],[139.7367,38.7701],[139.7368,38.7701],[139.7368,38.7701],[139.7368,38.7702],[139.7367,38.7702],[139.7367,38.7702],[139.7368,38.7702],[139.7368,38.7702],[139.7368,38.7702],[139.7368,38.7703],[139.7368,38.7703],[139.7368,38.7703],[139.7368,38.7703],[139.7369,38.7702],[139.7369,38.7702],[139.7369,38.7702],[139.7369,38.7701],[139.7369,38.7701],[139.7369,38.77],[139.7368,38.77]]],[[[139.7379,38.7703],[139.7378,38.7703],[139.7378,38.7703],[139.7378,38.7703],[139.7378,38.7703],[139.7378,38.7703],[139.7378,38.7703],[139.7379,38.7703],[139.7379,38.7703]]],[[[139.7379,38.7703],[139.7379,38.7703],[139.7379,38.7703],[139.7379,38.7703],[139.7379,38.7703],[139.7379,38.7703],[139.7379,38.7703]]],[[[139.7371,38.7703],[139.7371,38.7703],[139.7371,38.7703],[139.737,38.7703],[139.737,38.7703],[139.7371,38.7703],[139.7371,38.7703],[139.7371,38.7703],[139.7371,38.7703],[139.7371,38.7703]]],[[[139.738,38.7703],[139.7379,38.7703],[139.7379,38.7703],[139.738,38.7703],[139.738,38.7703],[139.738,38.7703],[139.738,38.7703]]],[[[139.7378,38.7703],[139.7378,38.7703],[139.7378,38.7703],[139.7378,38.7703],[139.7378,38.7704],[139.7378,38.7704],[139.7378,38.7704],[139.7378,38.7704],[139.7378,38.7703],[139.7378,38.7703]]],[[[139.7383,38.7704],[139.7383,38.7703],[139.7382,38.7703],[139.7382,38.7703],[139.7382,38.7704],[139.7382,38.7704],[139.7382,38.7704],[139.7382,38.7704],[139.7383,38.7704]]],[[[139.7378,38.7704],[139.7378,38.7704],[139.7378,38.7704],[139.7378,38.7704],[139.7378,38.7704],[139.7378,38.7704],[139.7378,38.7704],[139.7378,38.7704]]],[[[139.7375,38.7704],[139.7375,38.7704],[139.7375,38.7704],[139.7375,38.7704],[139.7375,38.7704],[139.7375,38.7704],[139.7375,38.7704],[139.7375,38.7704],[139.7375,38.7704]]],[[[139.7375,38.7704],[139.7375,38.7704],[139.7375,38.7704],[139.7375,38.7704],[139.7375,38.7704],[139.7375,38.7704],[139.7375,38.7704],[139.7375,38.7704],[139.7375,38.7704]]],[[[139.7376,38.7704],[139.7376,38.7704],[139.7376,38.7704],[139.7376,38.7704],[139.7376,38.7704],[139.7376,38.7704],[139.7376,38.7704],[139.7376,38.7704],[139.7376,38.7704],[139.7376,38.7704]]],[[[139.7384,38.7704],[139.7383,38.7704],[139.7383,38.7704],[139.7383,38.7704],[139.7383,38.7704],[139.7383,38.7704],[139.7383,38.7704],[139.7383,38.7704],[139.7383,38.7704],[139.7383,38.7704],[139.7384,38.7704],[139.7384,38.7704],[139.7384,38.7704],[139.7384,38.7704]]],[[[139.7377,38.7704],[139.7377,38.7704],[139.7377,38.7704],[139.7377,38.7704],[139.7377,38.7704],[139.7377,38.7704],[139.7377,38.7704],[139.7377,38.7704],[139.7377,38.7704]]],[[[139.7383,38.7704],[139.7383,38.7704],[139.7383,38.7704],[139.7383,38.7704],[139.7383,38.7704],[139.7383,38.7704],[139.7383,38.7704]]],[[[139.7378,38.7704],[139.7378,38.7704],[139.7378,38.7704],[139.7378,38.7704],[139.7378,38.7704],[139.7378,38.7704],[139.7378,38.7704],[139.7378,38.7704]]],[[[139.7382,38.7704],[139.7382,38.7704],[139.7382,38.7704],[139.7382,38.7704],[139.7382,38.7704],[139.7382,38.7704],[139.7382,38.7704],[139.7382,38.7704],[139.7382,38.7704]]],[[[139.7377,38.7704],[139.7377,38.7704],[139.7377,38.7704],[139.7377,38.7704],[139.7377,38.7704],[139.7377,38.7704],[139.7377,38.7704],[139.7377,38.7704]]],[[[139.7379,38.7704],[139.7379,38.7704],[139.738,38.7704],[139.738,38.7704],[139.738,38.7704],[139.7379,38.7704],[139.7379,38.7704],[139.7379,38.7703],[139.7379,38.7703],[139.7379,38.7704],[139.7379,38.7704],[139.7379,38.7704],[139.7379,38.7704],[139.7379,38.7704],[139.7379,38.7704],[139.7379,38.7704],[139.7379,38.7704]]],[[[139.7378,38.7704],[139.7378,38.7704],[139.7378,38.7704],[139.7378,38.7704],[139.7378,38.7704],[139.7378,38.7704],[139.7378,38.7704],[139.7378,38.7704]]],[[[139.7376,38.7704],[139.7376,38.7704],[139.7376,38.7704],[139.7376,38.7704],[139.7376,38.7704],[139.7377,38.7704],[139.7376,38.7704]]],[[[139.7378,38.7705],[139.7378,38.7705],[139.7377,38.7705],[139.7377,38.7705],[139.7377,38.7705],[139.7377,38.7705],[139.7377,38.7705],[139.7377,38.7705],[139.7378,38.7705],[139.7378,38.7705],[139.7378,38.7705],[139.7378,38.7705],[139.7378,38.7705]]],[[[139.738,38.7705],[139.738,38.7705],[139.738,38.7705],[139.738,38.7705],[139.738,38.7705],[139.738,38.7705],[139.7379,38.7705],[139.7379,38.7705],[139.7379,38.7705],[139.7379,38.7705],[139.7379,38.7705],[139.7379,38.7705],[139.7379,38.7705],[139.7379,38.7705],[139.7379,38.7705],[139.738,38.7705],[139.738,38.7705],[139.738,38.7705],[139.738,38.7705]]],[[[139.7381,38.7704],[139.738,38.7704],[139.738,38.7704],[139.738,38.7704],[139.738,38.7705],[139.738,38.7705],[139.738,38.7705],[139.7381,38.7705],[139.7381,38.7705],[139.7381,38.7705],[139.7381,38.7705],[139.7381,38.7705],[139.7381,38.7705],[139.7381,38.7705],[139.7381,38.7705],[139.7381,38.7705],[139.7381,38.7704],[139.7381,38.7704],[139.7381,38.7704]]],[[[139.7379,38.7705],[139.7378,38.7705],[139.7378,38.7705],[139.7378,38.7705],[139.7378,38.7705],[139.7378,38.7705],[139.7378,38.7705],[139.7379,38.7705],[139.7379,38.7705],[139.7379,38.7705]]],[[[139.7379,38.7705],[139.7379,38.7705],[139.7379,38.7705],[139.7379,38.7705],[139.7379,38.7705],[139.7379,38.7705],[139.7379,38.7705],[139.7379,38.7705],[139.7379,38.7705]]],[[[139.7381,38.7705],[139.738,38.7705],[139.738,38.7705],[139.738,38.7705],[139.738,38.7706],[139.738,38.7706],[139.7381,38.7705],[139.7381,38.7705]]],[[[139.7381,38.7705],[139.7381,38.7705],[139.7381,38.7705],[139.7381,38.7706],[139.7381,38.7706],[139.7381,38.7706],[139.7381,38.7706],[139.7381,38.7705]]],[[[139.7387,38.7705],[139.7387,38.7705],[139.7387,38.7706],[139.7387,38.7706],[139.7387,38.7706],[139.7387,38.7706],[139.7387,38.7706],[139.7387,38.7705]]],[[[139.738,38.7706],[139.738,38.7706],[139.738,38.7706],[139.738,38.7706],[139.738,38.7706],[139.738,38.7706],[139.738,38.7706]]],[[[139.7379,38.7705],[139.7379,38.7705],[139.7379,38.7705],[139.7378,38.7705],[139.7378,38.7705],[139.7378,38.7705],[139.7378,38.7706],[139.7378,38.7706],[139.7378,38.7706],[139.7378,38.7706],[139.7379,38.7706],[139.7379,38.7706],[139.7379,38.7706],[139.7379,38.7706],[139.7379,38.7705],[139.7379,38.7705]]],[[[139.7379,38.7706],[139.738,38.7706],[139.738,38.7705],[139.738,38.7705],[139.7379,38.7705],[139.7379,38.7706],[139.7379,38.7706],[139.7379,38.7706],[139.7379,38.7706],[139.7379,38.7706],[139.7379,38.7706],[139.7379,38.7706]]],[[[139.738,38.7706],[139.738,38.7706],[139.738,38.7706],[139.738,38.7706],[139.738,38.7706],[139.738,38.7706],[139.738,38.7706]]],[[[139.7382,38.7705],[139.7383,38.7705],[139.7383,38.7705],[139.7383,38.7705],[139.7383,38.7705],[139.7383,38.7705],[139.7383,38.7705],[139.7383,38.7704],[139.7383,38.7705],[139.7383,38.7705],[139.7383,38.7705],[139.7382,38.7705],[139.7382,38.7705],[139.7382,38.7705],[139.7382,38.7705],[139.7382,38.7705],[139.7382,38.7705],[139.7382,38.7705],[139.7382,38.7705],[139.7382,38.7705],[139.7382,38.7705],[139.7382,38.7705],[139.7382,38.7706],[139.7381,38.7706],[139.7381,38.7706],[139.7382,38.7706],[139.7382,38.7706],[139.7382,38.7706],[139.7382,38.7706],[139.7382,38.7706],[139.7382,38.7706],[139.7382,38.7706],[139.7382,38.7705]]],[[[139.7374,38.7705],[139.7374,38.7705],[139.7374,38.7705],[139.7373,38.7705],[139.7373,38.7705],[139.7373,38.7705],[139.7373,38.7705],[139.7373,38.7705],[139.7373,38.7705],[139.7373,38.7705],[139.7372,38.7705],[139.7372,38.7705],[139.7372,38.7705],[139.7372,38.7706],[139.7372,38.7706],[139.7372,38.7706],[139.7372,38.7706],[139.7372,38.7706],[139.7372,38.7706],[139.7372,38.7706],[139.7373,38.7706],[139.7373,38.7706],[139.7373,38.7706],[139.7373,38.7706],[139.7373,38.7706],[139.7373,38.7706],[139.7374,38.7706],[139.7374,38.7706],[139.7374,38.7706],[139.7374,38.7706],[139.7374,38.7705],[139.7374,38.7705],[139.7374,38.7705],[139.7374,38.7705],[139.7374,38.7705]]],[[[139.738,38.7706],[139.738,38.7706],[139.738,38.7706],[139.738,38.7706],[139.738,38.7706],[139.738,38.7706],[139.738,38.7706]]],[[[139.7381,38.7706],[139.7381,38.7706],[139.7381,38.7706],[139.7381,38.7706],[139.7381,38.7706],[139.7381,38.7706],[139.7381,38.7706],[139.7381,38.7706],[139.7381,38.7706],[139.7381,38.7706]]],[[[139.7379,38.7706],[139.7378,38.7706],[139.7378,38.7706],[139.7378,38.7706],[139.7378,38.7706],[139.7378,38.7706],[139.7379,38.7706],[139.7379,38.7706],[139.7379,38.7706]]],[[[139.7388,38.7706],[139.7388,38.7706],[139.7388,38.7706],[139.7388,38.7706],[139.7388,38.7707],[139.7388,38.7707],[139.7388,38.7707],[139.7388,38.7706],[139.7388,38.7706],[139.7388,38.7706]]],[[[139.7382,38.7707],[139.7382,38.7707],[139.7382,38.7707],[139.7383,38.7707],[139.7383,38.7706],[139.7383,38.7707],[139.7384,38.7707],[139.7384,38.7706],[139.7384,38.7706],[139.7384,38.7706],[139.7384,38.7706],[139.7384,38.7706],[139.7384,38.7705],[139.7384,38.7705],[139.7383,38.7705],[139.7383,38.7705],[139.7383,38.7706],[139.7382,38.7706],[139.7382,38.7706],[139.7382,38.7706],[139.7382,38.7706],[139.7382,38.7707],[139.7382,38.7707],[139.7382,38.7707]]],[[[139.7379,38.7706],[139.7379,38.7706],[139.7379,38.7706],[139.7379,38.7706],[139.7379,38.7706],[139.7379,38.7706],[139.7379,38.7706],[139.7379,38.7707],[139.7379,38.7707],[139.7379,38.7707],[139.7379,38.7706],[139.7379,38.7706],[139.7379,38.7706],[139.738,38.7706],[139.738,38.7706],[139.7379,38.7706]]],[[[139.7384,38.7706],[139.7384,38.7706],[139.7384,38.7707],[139.7384,38.7707],[139.7384,38.7707],[139.7384,38.7707],[139.7384,38.7707],[139.7384,38.7706]]],[[[139.7381,38.7707],[139.7381,38.7707],[139.7381,38.7707],[139.7381,38.7707],[139.7381,38.7707],[139.7381,38.7707],[139.7381,38.7707]]],[[[139.7378,38.7706],[139.7378,38.7706],[139.7378,38.7707],[139.7378,38.7707],[139.7378,38.7707],[139.7378,38.7707],[139.7378,38.7707],[139.7378,38.7707],[139.7378,38.7706]]],[[[139.7388,38.7707],[139.7388,38.7707],[139.7388,38.7707],[139.7388,38.7707],[139.7388,38.7707],[139.7388,38.7707],[139.7388,38.7707],[139.7388,38.7707]]],[[[139.7387,38.7706],[139.7387,38.7706],[139.7387,38.7706],[139.7387,38.7706],[139.7387,38.7706],[139.7387,38.7707],[139.7387,38.7707],[139.7387,38.7707],[139.7387,38.7707],[139.7387,38.7707],[139.7387,38.7707],[139.7387,38.7707],[139.7388,38.7707],[139.7388,38.7707],[139.7387,38.7707],[139.7387,38.7706],[139.7387,38.7706],[139.7387,38.7706],[139.7387,38.7706],[139.7387,38.7706]]],[[[139.7389,38.7707],[139.7389,38.7707],[139.7389,38.7707],[139.7389,38.7707],[139.7389,38.7707],[139.7389,38.7707],[139.7389,38.7707],[139.7389,38.7707],[139.7389,38.7707]]],[[[139.7381,38.7707],[139.7381,38.7707],[139.7381,38.7707],[139.7381,38.7707],[139.7381,38.7707],[139.7381,38.7707],[139.7381,38.7707],[139.7381,38.7707]]],[[[139.7383,38.7707],[139.7383,38.7707],[139.7383,38.7707],[139.7383,38.7707],[139.7383,38.7707],[139.7384,38.7707],[139.7383,38.7707],[139.7383,38.7707],[139.7383,38.7707],[139.7383,38.7707],[139.7383,38.7707],[139.7383,38.7707],[139.7382,38.7707],[139.7382,38.7707],[139.7382,38.7707],[139.7382,38.7707],[139.7382,38.7707],[139.7382,38.7707],[139.7382,38.7707],[139.7382,38.7707],[139.7382,38.7707],[139.7382,38.7707],[139.7382,38.7707],[139.7382,38.7707],[139.7382,38.7707],[139.7383,38.7707],[139.7383,38.7707]]],[[[139.7384,38.7707],[139.7384,38.7707],[139.7384,38.7707],[139.7384,38.7707],[139.7385,38.7707],[139.7385,38.7707],[139.7385,38.7707],[139.7385,38.7707],[139.7385,38.7707],[139.7385,38.7707],[139.7385,38.7707],[139.7385,38.7707],[139.7385,38.7707],[139.7384,38.7707],[139.7384,38.7707],[139.7384,38.7707],[139.7384,38.7707],[139.7384,38.7707],[139.7384,38.7707],[139.7384,38.7707],[139.7384,38.7707],[139.7384,38.7707],[139.7384,38.7707]]],[[[139.7386,38.7707],[139.7386,38.7707],[139.7386,38.7707],[139.7386,38.7707],[139.7386,38.7707],[139.7386,38.7707],[139.7386,38.7708],[139.7386,38.7707],[139.7387,38.7707],[139.7387,38.7707],[139.7386,38.7707],[139.7386,38.7707]]],[[[139.7392,38.7707],[139.7392,38.7707],[139.7392,38.7707],[139.7392,38.7707],[139.7392,38.7707],[139.7392,38.7708],[139.7392,38.7708],[139.7392,38.7708],[139.7392,38.7707],[139.7392,38.7707]]],[[[139.7372,38.7708],[139.7372,38.7708],[139.7373,38.7708],[139.7373,38.7708],[139.7373,38.7708],[139.7373,38.7708],[139.7373,38.7708],[139.7373,38.7708],[139.7372,38.7708],[139.7372,38.7708],[139.7372,38.7708],[139.7372,38.7708],[139.7372,38.7708]]],[[[139.7391,38.7708],[139.7391,38.7708],[139.7391,38.7708],[139.7391,38.7708],[139.7391,38.7708],[139.7391,38.7708],[139.7391,38.7708],[139.7391,38.7708],[139.7391,38.7708],[139.7391,38.7708]]],[[[139.7392,38.7708],[139.7392,38.7708],[139.7391,38.7708],[139.7392,38.7708],[139.7392,38.7708],[139.7392,38.7708],[139.7392,38.7708]]],[[[139.7393,38.7708],[139.7393,38.7708],[139.7393,38.7708],[139.7393,38.7708],[139.7393,38.7708],[139.7393,38.7708],[139.7393,38.7708],[139.7392,38.7708],[139.7392,38.7708],[139.7392,38.7708],[139.7392,38.7708],[139.7393,38.7708],[139.7393,38.7708],[139.7393,38.7708],[139.7393,38.7708],[139.7393,38.7708],[139.7393,38.7708],[139.7393,38.7708]]],[[[139.7394,38.7708],[139.7394,38.7708],[139.7394,38.7708],[139.7394,38.7708],[139.7394,38.7708],[139.7394,38.7708],[139.7394,38.7708],[139.7394,38.7708]]],[[[139.7391,38.7708],[139.739,38.7708],[139.739,38.7708],[139.739,38.7708],[139.739,38.7708],[139.739,38.7708],[139.739,38.7708],[139.7391,38.7708],[139.7391,38.7708],[139.7391,38.7708]]],[[[139.7385,38.7708],[139.7385,38.7708],[139.7384,38.7708],[139.7384,38.7708],[139.7384,38.7708],[139.7384,38.7709],[139.7384,38.7709],[139.7384,38.7709],[139.7384,38.7709],[139.7385,38.7709],[139.7385,38.7709],[139.7385,38.7709],[139.7385,38.7709],[139.7385,38.7709],[139.7385,38.7709],[139.7385,38.7708],[139.7385,38.7708],[139.7385,38.7708]]],[[[139.7384,38.7709],[139.7384,38.7709],[139.7384,38.7709],[139.7384,38.7709],[139.7384,38.7709],[139.7384,38.7709],[139.7384,38.7709],[139.7384,38.7709],[139.7384,38.7709]]],[[[139.7391,38.7708],[139.7391,38.7708],[139.739,38.7709],[139.739,38.7709],[139.739,38.7709],[139.7391,38.7709],[139.7391,38.7709],[139.7391,38.7709],[139.7391,38.7709],[139.7391,38.7709],[139.7391,38.7709],[139.7391,38.7709],[139.7391,38.7709],[139.7391,38.7708],[139.7391,38.7708]]],[[[139.7384,38.7709],[139.7384,38.7709],[139.7384,38.7709],[139.7384,38.7709],[139.7384,38.7709],[139.7384,38.7709],[139.7384,38.7709],[139.7384,38.7709],[139.7384,38.7709]]],[[[139.7384,38.7709],[139.7384,38.7709],[139.7384,38.7709],[139.7384,38.7709],[139.7384,38.7709],[139.7384,38.7709],[139.7384,38.7709],[139.7384,38.7709]]],[[[139.7393,38.7709],[139.7392,38.7709],[139.7392,38.7709],[139.7392,38.7709],[139.7392,38.7709],[139.7393,38.771],[139.7393,38.7709],[139.7393,38.7709],[139.7393,38.7709]]],[[[139.7394,38.771],[139.7393,38.771],[139.7393,38.771],[139.7393,38.771],[139.7393,38.771],[139.7393,38.771],[139.7394,38.771],[139.7394,38.771],[139.7394,38.771],[139.7394,38.771]]],[[[139.7393,38.771],[139.7392,38.771],[139.7392,38.771],[139.7392,38.771],[139.7392,38.771],[139.7392,38.7711],[139.7392,38.7711],[139.7393,38.7711],[139.7393,38.7711],[139.7393,38.771],[139.7393,38.771],[139.7393,38.771],[139.7393,38.771],[139.7393,38.771],[139.7393,38.771]]],[[[139.7392,38.7711],[139.7391,38.7711],[139.7391,38.7711],[139.7391,38.7711],[139.7391,38.7711],[139.7391,38.7711],[139.7391,38.7711],[139.7392,38.7711],[139.7392,38.7711],[139.7392,38.7711]]],[[[139.7394,38.7711],[139.7394,38.7711],[139.7394,38.7711],[139.7394,38.7712],[139.7394,38.7712],[139.7394,38.7712],[139.7394,38.7711]]],[[[139.7395,38.7711],[139.7395,38.7711],[139.7395,38.7711],[139.7395,38.7711],[139.7395,38.7712],[139.7395,38.7712],[139.7395,38.7712],[139.7395,38.7711],[139.7395,38.7711],[139.7395,38.7711]]],[[[139.739,38.7712],[139.739,38.7712],[139.739,38.7712],[139.739,38.7712],[139.739,38.7712],[139.739,38.7712],[139.739,38.7712],[139.739,38.7712],[139.739,38.7712]]],[[[139.7393,38.7712],[139.7393,38.7712],[139.7393,38.7712],[139.7393,38.7712],[139.7393,38.7712],[139.7393,38.7712],[139.7393,38.7712],[139.7393,38.7712],[139.7394,38.7712],[139.7393,38.7712],[139.7393,38.7712],[139.7393,38.7712]]],[[[139.7389,38.7712],[139.7389,38.7712],[139.7389,38.7712],[139.7389,38.7712],[139.7389,38.7712],[139.7389,38.7712],[139.7389,38.7712],[139.7389,38.7712],[139.7389,38.7712],[139.7389,38.7712]]],[[[139.7391,38.7713],[139.7392,38.7713],[139.7392,38.7713],[139.7392,38.7713],[139.7392,38.7713],[139.7392,38.7713],[139.7393,38.7713],[139.7393,38.7712],[139.7393,38.7712],[139.7392,38.7712],[139.7392,38.7712],[139.7392,38.7712],[139.7392,38.7712],[139.7391,38.7713],[139.7391,38.7713],[139.7391,38.7713],[139.7391,38.7713]]],[[[139.7392,38.7718],[139.7391,38.7718],[139.7391,38.7718],[139.7391,38.7718],[139.7391,38.7718],[139.7391,38.7718],[139.7391,38.7718],[139.7392,38.7718],[139.7392,38.7718],[139.7392,38.7718]]],[[[139.7393,38.7718],[139.7393,38.7718],[139.7394,38.7718],[139.7394,38.7718],[139.7394,38.7718],[139.7394,38.7718],[139.7394,38.7718],[139.7394,38.7718],[139.7394,38.7718],[139.7394,38.7717],[139.7394,38.7717],[139.7394,38.7717],[139.7394,38.7717],[139.7393,38.7717],[139.7393,38.7717],[139.7393,38.7717],[139.7393,38.7718],[139.7393,38.7718],[139.7393,38.7718],[139.7393,38.7718],[139.7393,38.7718],[139.7393,38.7718],[139.7393,38.7718]]],[[[139.7388,38.7718],[139.7388,38.7718],[139.7388,38.7718],[139.7388,38.7718],[139.7388,38.7719],[139.7388,38.7719],[139.7388,38.7719],[139.7388,38.7718]]],[[[139.7396,38.7719],[139.7395,38.7719],[139.7395,38.7719],[139.7395,38.7719],[139.7396,38.7719],[139.7396,38.7719],[139.7396,38.7719]]],[[[139.7398,38.7719],[139.7398,38.7719],[139.7398,38.7719],[139.7398,38.7719],[139.7397,38.7719],[139.7397,38.7719],[139.7397,38.7719],[139.7397,38.7719],[139.7397,38.7719],[139.7396,38.7719],[139.7396,38.7719],[139.7396,38.7719],[139.7396,38.7719],[139.7397,38.7719],[139.7397,38.7719],[139.7397,38.7719],[139.7397,38.7719],[139.7397,38.7719],[139.7398,38.7719],[139.7398,38.7719]]],[[[139.7388,38.7719],[139.7388,38.7719],[139.7388,38.7719],[139.7388,38.7719],[139.7388,38.7719],[139.7388,38.772],[139.7388,38.7719],[139.7388,38.7719]]],[[[139.7397,38.772],[139.7397,38.772],[139.7397,38.772],[139.7397,38.772],[139.7397,38.772],[139.7397,38.772],[139.7397,38.772],[139.7397,38.772],[139.7397,38.772],[139.7397,38.772],[139.7397,38.772],[139.7397,38.772]]],[[[139.7392,38.772],[139.7392,38.772],[139.7392,38.772],[139.7392,38.772],[139.7392,38.772],[139.7392,38.772],[139.7392,38.772],[139.7392,38.772]]],[[[139.739,38.7721],[139.739,38.7721],[139.739,38.7721],[139.739,38.7721],[139.739,38.7721],[139.739,38.7721],[139.739,38.7721],[139.739,38.7721]]],[[[139.7402,38.7727],[139.7402,38.7727],[139.7402,38.7727],[139.7402,38.7727],[139.7402,38.7727],[139.7402,38.7727],[139.7402,38.7727],[139.7402,38.7727],[139.7402,38.7727],[139.7402,38.7727],[139.7402,38.7727]]],[[[139.7401,38.7727],[139.74,38.7727],[139.74,38.7727],[139.74,38.7727],[139.74,38.7727],[139.74,38.7727],[139.7401,38.7727],[139.7401,38.7727],[139.7401,38.7727]]],[[[139.74,38.7727],[139.74,38.7727],[139.7399,38.7727],[139.7399,38.7727],[139.74,38.7727],[139.74,38.7727],[139.74,38.7727],[139.74,38.7727],[139.74,38.7727]]],[[[139.7401,38.7727],[139.7401,38.7727],[139.7401,38.7727],[139.7401,38.7727],[139.7401,38.7727],[139.7401,38.7728],[139.7401,38.7728],[139.7401,38.7727],[139.7401,38.7727]]],[[[139.7399,38.7727],[139.7399,38.7727],[139.7399,38.7728],[139.7399,38.7728],[139.7399,38.7728],[139.7399,38.7728],[139.7399,38.7728],[139.7399,38.7728],[139.7399,38.7727]]],[[[139.7403,38.7728],[139.7403,38.7728],[139.7403,38.7728],[139.7403,38.7728],[139.7403,38.7728],[139.7403,38.7728],[139.7403,38.7728],[139.7404,38.7728],[139.7403,38.7728]]],[[[139.7403,38.7728],[139.7403,38.7728],[139.7402,38.7728],[139.7402,38.7728],[139.7402,38.7728],[139.7403,38.7728],[139.7403,38.7728],[139.7403,38.7728]]],[[[139.7403,38.7729],[139.7403,38.7728],[139.7402,38.7728],[139.7402,38.7729],[139.7402,38.7729],[139.7403,38.7729],[139.7403,38.7729]]],[[[139.7402,38.7729],[139.7402,38.7729],[139.7402,38.7729],[139.7402,38.7729],[139.7402,38.7729],[139.7402,38.7729],[139.7402,38.7729]]],[[[139.7404,38.7728],[139.7404,38.7728],[139.7404,38.7728],[139.7403,38.7728],[139.7403,38.7729],[139.7403,38.7729],[139.7403,38.7729],[139.7403,38.7729],[139.7403,38.7729],[139.7403,38.7729],[139.7403,38.7729],[139.7403,38.7729],[139.7403,38.7729],[139.7404,38.7729],[139.7404,38.7729],[139.7404,38.7729],[139.7404,38.7729],[139.7404,38.7729],[139.7404,38.7728],[139.7404,38.7728]]],[[[139.7403,38.7729],[139.7402,38.7729],[139.7402,38.7729],[139.7402,38.7729],[139.7402,38.7729],[139.7402,38.7729],[139.7403,38.7729],[139.7403,38.7729],[139.7403,38.7729]]],[[[139.7398,38.7729],[139.7398,38.7729],[139.7398,38.7729],[139.7398,38.7729],[139.7398,38.7729],[139.7398,38.7729],[139.7398,38.7729],[139.7398,38.7729],[139.7398,38.7729],[139.7398,38.7729],[139.7398,38.7729]]],[[[139.7405,38.7729],[139.7405,38.7729],[139.7405,38.7729],[139.7404,38.7729],[139.7404,38.7729],[139.7404,38.7729],[139.7404,38.7729],[139.7404,38.7729],[139.7404,38.7729],[139.7403,38.7729],[139.7403,38.773],[139.7403,38.773],[139.7404,38.773],[139.7404,38.773],[139.7404,38.773],[139.7404,38.773],[139.7404,38.773],[139.7404,38.773],[139.7404,38.773],[139.7404,38.7729],[139.7404,38.7729],[139.7405,38.7729]]],[[[139.741,38.773],[139.741,38.7729],[139.741,38.7729],[139.741,38.773],[139.7409,38.773],[139.741,38.773],[139.741,38.773],[139.741,38.773],[139.741,38.773],[139.741,38.773],[139.741,38.773],[139.741,38.773]]],[[[139.7403,38.773],[139.7403,38.773],[139.7403,38.773],[139.7403,38.773],[139.7403,38.773],[139.7403,38.773],[139.7403,38.773],[139.7403,38.773]]],[[[139.7404,38.773],[139.7404,38.773],[139.7404,38.773],[139.7404,38.773],[139.7404,38.773],[139.7404,38.773],[139.7404,38.773]]],[[[139.7404,38.773],[139.7404,38.773],[139.7404,38.773],[139.7404,38.7731],[139.7404,38.773],[139.7404,38.773],[139.7404,38.773]]],[[[139.74,38.773],[139.74,38.773],[139.7401,38.773],[139.7401,38.773],[139.74,38.773],[139.74,38.773],[139.74,38.773],[139.74,38.773],[139.74,38.773],[139.74,38.773],[139.74,38.773],[139.7399,38.773],[139.7399,38.773],[139.7399,38.773],[139.7399,38.773],[139.7399,38.773],[139.7399,38.773],[139.7399,38.773],[139.7398,38.773],[139.7398,38.773],[139.7398,38.7731],[139.7398,38.7731],[139.7399,38.7731],[139.7399,38.7731],[139.7399,38.7731],[139.7399,38.7731],[139.7399,38.7731],[139.7399,38.7731],[139.7399,38.7731],[139.7399,38.7731],[139.7399,38.773],[139.7399,38.773],[139.74,38.773],[139.74,38.773]]],[[[139.7402,38.7731],[139.7402,38.7731],[139.7402,38.7731],[139.7402,38.7731],[139.7402,38.7731],[139.7402,38.7731],[139.7402,38.7731],[139.7402,38.7731],[139.7402,38.7731],[139.7402,38.7731],[139.7402,38.7731],[139.7402,38.7731],[139.7402,38.7731],[139.7402,38.7731],[139.7402,38.7731]]],[[[139.7404,38.773],[139.7403,38.773],[139.7403,38.773],[139.7403,38.773],[139.7403,38.773],[139.7403,38.7731],[139.7403,38.7731],[139.7403,38.7731],[139.7403,38.7731],[139.7403,38.7731],[139.7403,38.7731],[139.7403,38.7731],[139.7403,38.7731],[139.7404,38.7731],[139.7404,38.7731],[139.7404,38.7731],[139.7404,38.7731],[139.7404,38.7731],[139.7404,38.7731],[139.7404,38.7731],[139.7404,38.773],[139.7404,38.773],[139.7404,38.773],[139.7404,38.773]]],[[[139.74,38.7731],[139.74,38.7731],[139.74,38.7731],[139.74,38.7731],[139.74,38.7732],[139.74,38.7732],[139.74,38.7731],[139.74,38.7731]]],[[[139.7397,38.7732],[139.7397,38.7732],[139.7397,38.7732],[139.7397,38.7732],[139.7397,38.7731],[139.7397,38.7731],[139.7397,38.7731],[139.7397,38.7731],[139.7396,38.7731],[139.7396,38.7731],[139.7396,38.7732],[139.7396,38.7732],[139.7396,38.7732],[139.7397,38.7732],[139.7397,38.7732]]],[[[139.7398,38.7733],[139.7398,38.7733],[139.7399,38.7733],[139.7399,38.7733],[139.7399,38.7733],[139.7399,38.7733],[139.7399,38.7733],[139.7399,38.7733],[139.7399,38.7732],[139.7399,38.7732],[139.74,38.7732],[139.74,38.7732],[139.74,38.7732],[139.74,38.7732],[139.74,38.7732],[139.7399,38.7732],[139.7399,38.7731],[139.7399,38.7731],[139.7399,38.7731],[139.7398,38.7731],[139.7398,38.7731],[139.7398,38.7731],[139.7398,38.7732],[139.7398,38.7732],[139.7398,38.7732],[139.7398,38.7732],[139.7398,38.7732],[139.7398,38.7732],[139.7398,38.7732],[139.7397,38.7732],[139.7397,38.7733],[139.7397,38.7733],[139.7397,38.7733],[139.7398,38.7733],[139.7398,38.7733],[139.7398,38.7733],[139.7398,38.7733]]],[[[139.7412,38.7733],[139.7412,38.7733],[139.7412,38.7733],[139.7412,38.7733],[139.7412,38.7733],[139.7412,38.7733],[139.7412,38.7733],[139.7412,38.7733],[139.7412,38.7733]]],[[[139.7411,38.7733],[139.7411,38.7733],[139.7411,38.7733],[139.7411,38.7733],[139.7411,38.7733],[139.7411,38.7733],[139.7411,38.7733],[139.7411,38.7733]]],[[[139.7413,38.7733],[139.7412,38.7733],[139.7412,38.7733],[139.7412,38.7733],[139.7412,38.7733],[139.7413,38.7733],[139.7413,38.7733],[139.7413,38.7733],[139.7413,38.7733]]],[[[139.7414,38.7733],[139.7414,38.7733],[139.7414,38.7733],[139.7414,38.7733],[139.7414,38.7733],[139.7414,38.7733],[139.7414,38.7733],[139.7414,38.7733],[139.7414,38.7733]]],[[[139.7414,38.7733],[139.7414,38.7733],[139.7414,38.7733],[139.7414,38.7733],[139.7414,38.7733],[139.7414,38.7733],[139.7414,38.7733],[139.7414,38.7733]]],[[[139.7415,38.7733],[139.7415,38.7733],[139.7414,38.7733],[139.7414,38.7734],[139.7415,38.7734],[139.7415,38.7734],[139.7415,38.7733],[139.7415,38.7733]]],[[[139.7415,38.7733],[139.7415,38.7733],[139.7415,38.7733],[139.7415,38.7733],[139.7415,38.7734],[139.7415,38.7734],[139.7415,38.7734],[139.7415,38.7734],[139.7415,38.7733]]],[[[139.7416,38.7734],[139.7416,38.7734],[139.7416,38.7734],[139.7416,38.7734],[139.7416,38.7734],[139.7416,38.7734],[139.7416,38.7734],[139.7416,38.7734]]],[[[139.7416,38.7734],[139.7416,38.7734],[139.7416,38.7734],[139.7416,38.7734],[139.7416,38.7734],[139.7416,38.7734],[139.7416,38.7734],[139.7416,38.7734],[139.7416,38.7734]]],[[[139.7416,38.7734],[139.7416,38.7734],[139.7416,38.7734],[139.7416,38.7734],[139.7416,38.7734],[139.7416,38.7734],[139.7416,38.7734],[139.7416,38.7734]]],[[[139.7411,38.7734],[139.7411,38.7734],[139.7411,38.7734],[139.7411,38.7734],[139.7411,38.7734],[139.7411,38.7734],[139.7411,38.7734],[139.7411,38.7734]]],[[[139.7412,38.7734],[139.7412,38.7734],[139.7412,38.7734],[139.7412,38.7734],[139.7412,38.7734],[139.7412,38.7734],[139.7412,38.7734],[139.7412,38.7734],[139.7412,38.7734],[139.7412,38.7734],[139.7412,38.7734]]],[[[139.7414,38.7734],[139.7414,38.7734],[139.7414,38.7734],[139.7414,38.7734],[139.7414,38.7734],[139.7414,38.7734],[139.7414,38.7734],[139.7414,38.7734]]],[[[139.7416,38.7734],[139.7415,38.7734],[139.7415,38.7734],[139.7415,38.7734],[139.7415,38.7734],[139.7415,38.7734],[139.7416,38.7734],[139.7416,38.7734],[139.7416,38.7734]]],[[[139.7411,38.7734],[139.741,38.7734],[139.741,38.7734],[139.741,38.7734],[139.741,38.7734],[139.741,38.7734],[139.7411,38.7734],[139.7411,38.7734],[139.7411,38.7734],[139.7411,38.7734]]],[[[139.7413,38.7734],[139.7413,38.7734],[139.7413,38.7734],[139.7413,38.7734],[139.7413,38.7734],[139.7413,38.7734],[139.7413,38.7734],[139.7413,38.7734],[139.7413,38.7734]]],[[[139.7415,38.7734],[139.7415,38.7734],[139.7415,38.7734],[139.7415,38.7734],[139.7415,38.7734],[139.7415,38.7734],[139.7415,38.7734],[139.7415,38.7734],[139.7415,38.7734]]],[[[139.7412,38.7735],[139.7412,38.7735],[139.7412,38.7735],[139.7412,38.7735],[139.7412,38.7735],[139.7412,38.7735],[139.7412,38.7735],[139.7412,38.7735],[139.7412,38.7735],[139.7412,38.7735],[139.7412,38.7735]]],[[[139.7422,38.7735],[139.7422,38.7735],[139.7421,38.7735],[139.7421,38.7735],[139.7421,38.7735],[139.7421,38.7735],[139.7422,38.7735],[139.7422,38.7735],[139.7422,38.7735],[139.7422,38.7735]]],[[[139.7421,38.7735],[139.7421,38.7735],[139.7421,38.7735],[139.7421,38.7735],[139.7421,38.7735],[139.7421,38.7735],[139.7421,38.7735],[139.7421,38.7735],[139.7421,38.7735],[139.7421,38.7735]]],[[[139.7415,38.7737],[139.7415,38.7737],[139.7415,38.7737],[139.7416,38.7737],[139.7416,38.7737],[139.7416,38.7737],[139.7416,38.7737],[139.7416,38.7737],[139.7416,38.7736],[139.7417,38.7736],[139.7417,38.7736],[139.7417,38.7736],[139.7417,38.7736],[139.7417,38.7736],[139.7417,38.7736],[139.7417,38.7736],[139.7417,38.7736],[139.7417,38.7736],[139.7417,38.7736],[139.7417,38.7736],[139.7417,38.7736],[139.7416,38.7736],[139.7416,38.7736],[139.7416,38.7736],[139.7416,38.7736],[139.7416,38.7736],[139.7415,38.7736],[139.7415,38.7736],[139.7415,38.7736],[139.7415,38.7736],[139.7415,38.7736],[139.7415,38.7737],[139.7415,38.7737],[139.7414,38.7737],[139.7414,38.7737],[139.7414,38.7737],[139.7414,38.7737],[139.7414,38.7737],[139.7414,38.7737],[139.7414,38.7737],[139.7414,38.7737],[139.7415,38.7737]]],[[[139.7418,38.7737],[139.7418,38.7737],[139.7418,38.7737],[139.7418,38.7737],[139.7418,38.7737],[139.7418,38.7737],[139.7417,38.7737],[139.7417,38.7737],[139.7417,38.7737],[139.7417,38.7738],[139.7417,38.7738],[139.7417,38.7738],[139.7417,38.7738],[139.7417,38.7738],[139.7417,38.7738],[139.7417,38.7738],[139.7417,38.7738],[139.7418,38.7738],[139.7418,38.7738],[139.7418,38.7738],[139.7418,38.7738],[139.7418,38.7737]]],[[[139.7422,38.7738],[139.7422,38.7738],[139.7422,38.7738],[139.7422,38.7738],[139.7422,38.7738],[139.7422,38.7738],[139.7422,38.7738],[139.7422,38.7738],[139.7422,38.7738],[139.7422,38.7738],[139.7422,38.7738],[139.7422,38.7738],[139.7422,38.7738],[139.7422,38.7738],[139.7423,38.7738],[139.7422,38.7738]]],[[[139.7421,38.7738],[139.7421,38.7738],[139.7421,38.7738],[139.7421,38.7738],[139.7421,38.7738],[139.7421,38.7738],[139.7421,38.7738],[139.7421,38.7738],[139.7421,38.7738]]],[[[139.7425,38.7738],[139.7425,38.7738],[139.7425,38.7738],[139.7425,38.7738],[139.7425,38.7739],[139.7425,38.7739],[139.7425,38.7739],[139.7425,38.7738],[139.7425,38.7738],[139.7425,38.7738],[139.7425,38.7738]]],[[[139.7457,38.7746],[139.7457,38.7746],[139.7457,38.7746],[139.7457,38.7746],[139.7457,38.7746],[139.7457,38.7746],[139.7457,38.7746],[139.7457,38.7746],[139.7457,38.7746],[139.7457,38.7746],[139.7457,38.7746]]],[[[139.7456,38.7746],[139.7456,38.7746],[139.7456,38.7746],[139.7456,38.7746],[139.7456,38.7746],[139.7456,38.7746],[139.7456,38.7746],[139.7456,38.7746],[139.7456,38.7746]]],[[[139.7457,38.7747],[139.7457,38.7747],[139.7457,38.7747],[139.7457,38.7747],[139.7457,38.7747],[139.7457,38.7747],[139.7457,38.7747],[139.7457,38.7747],[139.7457,38.7747]]],[[[139.7456,38.7747],[139.7456,38.7747],[139.7456,38.7747],[139.7456,38.7747],[139.7456,38.7747],[139.7456,38.7747],[139.7456,38.7747],[139.7456,38.7747],[139.7456,38.7747],[139.7456,38.7747],[139.7456,38.7747]]],[[[139.7456,38.7747],[139.7455,38.7747],[139.7455,38.7747],[139.7455,38.7747],[139.7455,38.7747],[139.7455,38.7747],[139.7455,38.7747],[139.7455,38.7747],[139.7456,38.7747],[139.7456,38.7747],[139.7456,38.7747]]],[[[139.7454,38.7747],[139.7454,38.7747],[139.7454,38.7747],[139.7454,38.7747],[139.7454,38.7747],[139.7454,38.7747],[139.7454,38.7747],[139.7454,38.7747],[139.7454,38.7747],[139.7454,38.7747]]],[[[139.7456,38.7747],[139.7456,38.7747],[139.7456,38.7747],[139.7456,38.7747],[139.7456,38.7747],[139.7456,38.7747],[139.7456,38.7747],[139.7456,38.7747],[139.7456,38.7747]]],[[[139.7455,38.7747],[139.7455,38.7747],[139.7455,38.7747],[139.7454,38.7748],[139.7455,38.7748],[139.7455,38.7748],[139.7455,38.7748],[139.7455,38.7748],[139.7455,38.7748],[139.7455,38.7748],[139.7455,38.7748],[139.7455,38.7747]]],[[[139.792,38.9417],[139.7917,38.9415],[139.7917,38.9417],[139.7917,38.9417],[139.7986,38.9467],[139.8,38.9495],[139.8001,38.9496],[139.8003,38.9496],[139.8,38.9489],[139.7989,38.9466],[139.792,38.9417]]],[[[139.821,38.966],[139.821,38.9659],[139.8209,38.9659],[139.8206,38.9653],[139.8202,38.9644],[139.82,38.9641],[139.8201,38.9641],[139.82,38.9639],[139.8199,38.9639],[139.8199,38.9638],[139.8199,38.9638],[139.8198,38.9635],[139.8197,38.9634],[139.8197,38.9634],[139.8196,38.9632],[139.8195,38.963],[139.8195,38.963],[139.8194,38.9629],[139.8195,38.9629],[139.8194,38.9627],[139.8193,38.9627],[139.819,38.9621],[139.8188,38.9617],[139.8188,38.9617],[139.8189,38.9616],[139.8188,38.9614],[139.8187,38.9614],[139.8186,38.9613],[139.8184,38.9608],[139.8183,38.9607],[139.8182,38.9606],[139.8182,38.9606],[139.8181,38.9606],[139.8181,38.9606],[139.8179,38.9604],[139.8173,38.96],[139.8167,38.9595],[139.8167,38.9595],[139.8167,38.9595],[139.8161,38.9591],[139.8159,38.9589],[139.8159,38.9589],[139.8156,38.9587],[139.8152,38.9584],[139.8151,38.9583],[139.8151,38.9583],[139.8127,38.9567],[139.8083,38.9535],[139.8036,38.95],[139.8013,38.9484],[139.8011,38.9486],[139.8031,38.95],[139.8083,38.9538],[139.8102,38.9551],[139.8126,38.9568],[139.8148,38.9583],[139.8148,38.9583],[139.8149,38.9584],[139.8152,38.9586],[139.8159,38.9592],[139.8164,38.9595],[139.8167,38.9597],[139.8167,38.9597],[139.817,38.9599],[139.8178,38.9606],[139.8179,38.9606],[139.8182,38.9609],[139.8184,38.9612],[139.8186,38.9616],[139.8188,38.9619],[139.819,38.9624],[139.8191,38.9626],[139.8194,38.9631],[139.8195,38.9634],[139.8197,38.9639],[139.8201,38.9646],[139.8204,38.9652],[139.8207,38.9658],[139.8208,38.9661],[139.821,38.9664],[139.8211,38.9667],[139.8211,38.9667],[139.8214,38.9673],[139.8217,38.9678],[139.8221,38.9687],[139.8222,38.9688],[139.8225,38.9694],[139.8226,38.9697],[139.8233,38.9711],[139.8235,38.9715],[139.8235,38.9715],[139.8236,38.9716],[139.8239,38.9722],[139.8248,38.9741],[139.825,38.9745],[139.825,38.9745],[139.8251,38.9746],[139.8253,38.975],[139.8253,38.975],[139.8253,38.9751],[139.8255,38.9755],[139.8257,38.9754],[139.8254,38.975],[139.8254,38.975],[139.825,38.9741],[139.825,38.9741],[139.8239,38.972],[139.8237,38.9715],[139.8231,38.9704],[139.8227,38.9696],[139.8222,38.9685],[139.8217,38.9675],[139.8213,38.9667],[139.8213,38.9667],[139.8212,38.9664],[139.821,38.9661],[139.821,38.966]]],[[[139.8749,39.0893],[139.8749,39.0892],[139.8748,39.0892],[139.8749,39.0893],[139.875,39.0894],[139.875,39.0895],[139.875,39.0895],[139.8752,39.0896],[139.8752,39.0895],[139.875,39.0894],[139.875,39.0894],[139.875,39.0894],[139.8749,39.0893]]],[[[139.875,39.0895],[139.8749,39.0895],[139.8747,39.0898],[139.8748,39.0898],[139.875,39.0895]]],[[[139.878,39.1032],[139.878,39.1031],[139.8779,39.1031],[139.8778,39.1032],[139.8778,39.1032],[139.8778,39.1033],[139.8778,39.1033],[139.8779,39.1033],[139.8779,39.1033],[139.878,39.1033],[139.8781,39.1033],[139.8781,39.1033],[139.8782,39.1032],[139.8781,39.1032],[139.8781,39.1032],[139.878,39.1032]]],[[[139.8695,39.1118],[139.8695,39.1118],[139.8694,39.1118],[139.8694,39.1118],[139.8694,39.1119],[139.8693,39.1119],[139.8693,39.1119],[139.8693,39.112],[139.8693,39.112],[139.8694,39.112],[139.8694,39.112],[139.8694,39.112],[139.8694,39.1119],[139.8695,39.1119],[139.8695,39.1119],[139.8695,39.1118]]],[[[139.8687,39.1128],[139.8687,39.1128],[139.8686,39.1128],[139.8686,39.1129],[139.8686,39.1129],[139.8686,39.113],[139.8686,39.113],[139.8686,39.1131],[139.8686,39.1131],[139.8686,39.1131],[139.8687,39.1132],[139.8687,39.1132],[139.8688,39.1131],[139.8689,39.1131],[139.8689,39.1131],[139.8689,39.113],[139.8689,39.1129],[139.8688,39.1129],[139.8688,39.1129],[139.8688,39.1129],[139.8687,39.1128]]],[[[140.0634,39.1058],[140.0643,39.1042],[140.0665,39.1008],[140.0667,39.1006],[140.0667,39.1005],[140.0667,39.1005],[140.067,39.1],[140.067,39.1],[140.0671,39.0998],[140.0672,39.0993],[140.0672,39.0985],[140.0669,39.0977],[140.0667,39.0974],[140.0667,39.0974],[140.0654,39.0958],[140.064,39.0944],[140.0625,39.0929],[140.0627,39.0925],[140.0637,39.0917],[140.0637,39.0917],[140.064,39.0915],[140.0662,39.0906],[140.0662,39.0906],[140.0667,39.0903],[140.0667,39.0903],[140.0677,39.0897],[140.0696,39.0888],[140.0705,39.0883],[140.0735,39.0869],[140.075,39.0864],[140.075,39.0864],[140.0758,39.0862],[140.0761,39.0861],[140.0768,39.086],[140.0781,39.086],[140.0794,39.0859],[140.0806,39.0857],[140.0807,39.0857],[140.0819,39.0855],[140.0833,39.0852],[140.0833,39.0851],[140.0835,39.0851],[140.0847,39.0851],[140.086,39.0851],[140.0872,39.0851],[140.0884,39.085],[140.0915,39.0848],[140.0917,39.0848],[140.0917,39.0848],[140.0925,39.0848],[140.094,39.0847],[140.0954,39.0849],[140.0959,39.0849],[140.0962,39.0849],[140.097,39.0846],[140.0979,39.0841],[140.0982,39.084],[140.0985,39.0839],[140.0997,39.0839],[140.1,39.0838],[140.1,39.0838],[140.1005,39.0838],[140.1015,39.0836],[140.1022,39.0833],[140.1022,39.0833],[140.1022,39.0833],[140.1024,39.0833],[140.1026,39.0831],[140.1027,39.0831],[140.1031,39.0827],[140.1032,39.0824],[140.1034,39.0823],[140.1048,39.0821],[140.1062,39.0816],[140.1064,39.0814],[140.1073,39.0808],[140.1079,39.0805],[140.1083,39.0803],[140.1084,39.0803],[140.1084,39.0803],[140.1098,39.0797],[140.1114,39.079],[140.1116,39.0789],[140.1126,39.0786],[140.1135,39.0785],[140.1142,39.0784],[140.1145,39.0784],[140.1147,39.0782],[140.1149,39.0778],[140.1149,39.0771],[140.1149,39.0752],[140.1149,39.075],[140.1149,39.075],[140.115,39.0749],[140.1152,39.0747],[140.1154,39.0745],[140.1157,39.0741],[140.1158,39.0738],[140.1164,39.0732],[140.1166,39.073],[140.1167,39.0725],[140.1167,39.0724],[140.1167,39.0724],[140.1167,39.0724],[140.1167,39.0719],[140.1167,39.0718],[140.1167,39.0715],[140.1167,39.0714],[140.1166,39.0713],[140.1165,39.0707],[140.1167,39.0695],[140.1167,39.0694],[140.1169,39.0682],[140.1172,39.0682],[140.1187,39.0683],[140.1196,39.0682],[140.1201,39.068],[140.1205,39.0677],[140.1207,39.0673],[140.121,39.0667],[140.121,39.0667],[140.121,39.0667],[140.1212,39.0665],[140.1216,39.0664],[140.1218,39.0663],[140.122,39.0662],[140.1222,39.0659],[140.1226,39.0656],[140.1229,39.0653],[140.1234,39.0649],[140.124,39.0643],[140.1245,39.064],[140.1248,39.0638],[140.125,39.0638],[140.125,39.0638],[140.1252,39.0638],[140.1255,39.0637],[140.1259,39.0636],[140.1264,39.0633],[140.1269,39.0632],[140.1276,39.0631],[140.1288,39.063],[140.1298,39.063],[140.1308,39.0632],[140.1314,39.0634],[140.1317,39.0636],[140.1318,39.0637],[140.132,39.0638],[140.1322,39.0639],[140.1324,39.0638],[140.1326,39.0637],[140.1326,39.0637],[140.1329,39.0634],[140.1332,39.0632],[140.1333,39.0634],[140.1334,39.0634],[140.1341,39.064],[140.1344,39.0644],[140.1348,39.0646],[140.1354,39.0648],[140.1359,39.0649],[140.1363,39.0649],[140.1366,39.065],[140.1374,39.0655],[140.1376,39.0656],[140.1378,39.0656],[140.1379,39.0655],[140.1379,39.0654],[140.1378,39.0651],[140.1378,39.0648],[140.1379,39.0645],[140.138,39.0642],[140.1384,39.0639],[140.1394,39.0635],[140.1397,39.0633],[140.1401,39.063],[140.1404,39.0629],[140.1404,39.0629],[140.1408,39.0628],[140.141,39.0626],[140.1412,39.0623],[140.1415,39.0621],[140.1416,39.0621],[140.1417,39.0621],[140.1417,39.062],[140.1423,39.0618],[140.1428,39.0617],[140.1436,39.0615],[140.1439,39.0613],[140.1436,39.0598],[140.1436,39.0596],[140.1443,39.0585],[140.1445,39.0583],[140.1445,39.0583],[140.1446,39.0582],[140.1453,39.0577],[140.1457,39.0575],[140.1459,39.0573],[140.146,39.0571],[140.1459,39.0568],[140.1459,39.0564],[140.1459,39.0564],[140.146,39.0562],[140.1461,39.0561],[140.1471,39.0557],[140.1475,39.0555],[140.1478,39.0553],[140.148,39.0551],[140.148,39.0549],[140.148,39.0544],[140.1479,39.0543],[140.1479,39.0542],[140.1478,39.054],[140.1477,39.0538],[140.1478,39.0536],[140.1479,39.0534],[140.1482,39.0532],[140.1486,39.0531],[140.1488,39.0527],[140.149,39.0524],[140.1492,39.0521],[140.1493,39.0517],[140.1495,39.0514],[140.15,39.0507],[140.15,39.0506],[140.1505,39.05],[140.1505,39.05],[140.1508,39.0497],[140.1508,39.0495],[140.1508,39.0494],[140.1508,39.0492],[140.1511,39.049],[140.1512,39.0489],[140.1516,39.0486],[140.1519,39.0484],[140.1521,39.0483],[140.1525,39.0483],[140.1528,39.0483],[140.1533,39.0484],[140.1536,39.0485],[140.1544,39.0485],[140.1547,39.0485],[140.1549,39.0486],[140.1551,39.0487],[140.1554,39.0488],[140.1571,39.049],[140.1575,39.0491],[140.1576,39.0493],[140.1578,39.0498],[140.1579,39.05],[140.1579,39.05],[140.158,39.0502],[140.1582,39.0506],[140.1583,39.0507],[140.1583,39.0507],[140.1584,39.0507],[140.1587,39.0511],[140.1593,39.0519],[140.1597,39.0524],[140.1599,39.0528],[140.1602,39.0531],[140.1604,39.0533],[140.1608,39.0536],[140.1615,39.0538],[140.1622,39.0542],[140.1625,39.0543],[140.1642,39.0538],[140.1646,39.0536],[140.1648,39.0535],[140.1651,39.0532],[140.1651,39.0531],[140.1656,39.0527],[140.1661,39.0525],[140.1666,39.0524],[140.1667,39.0524],[140.1667,39.0524],[140.167,39.0523],[140.1673,39.0521],[140.1681,39.0518],[140.1684,39.0517],[140.1691,39.0516],[140.1697,39.0515],[140.1702,39.0513],[140.1705,39.0513],[140.1712,39.051],[140.1711,39.0513],[140.1712,39.0516],[140.1713,39.052],[140.1714,39.0521],[140.1716,39.0523],[140.172,39.0527],[140.1724,39.053],[140.1727,39.0536],[140.173,39.0541],[140.173,39.0541],[140.1733,39.0546],[140.1734,39.0548],[140.1734,39.0552],[140.1739,39.0561],[140.1742,39.0566],[140.1746,39.057],[140.1749,39.0573],[140.175,39.0574],[140.175,39.0574],[140.1751,39.0574],[140.1754,39.0575],[140.1757,39.0575],[140.176,39.0575],[140.1764,39.0575],[140.1769,39.0576],[140.1773,39.0577],[140.1782,39.0579],[140.1785,39.0579],[140.1789,39.058],[140.1793,39.0581],[140.1797,39.0581],[140.18,39.058],[140.1804,39.0579],[140.1808,39.0579],[140.1811,39.0579],[140.1813,39.058],[140.1816,39.0582],[140.1819,39.0583],[140.1819,39.0583],[140.182,39.0584],[140.1826,39.0585],[140.1833,39.0586],[140.1834,39.0586],[140.1841,39.0587],[140.185,39.0587],[140.1856,39.0587],[140.1862,39.0587],[140.1872,39.0585],[140.1875,39.0585],[140.1879,39.0586],[140.1881,39.0592],[140.1883,39.0598],[140.1886,39.0606],[140.1886,39.0609],[140.1886,39.0612],[140.1886,39.0614],[140.1886,39.0615],[140.1888,39.0615],[140.1892,39.0615],[140.1892,39.0615],[140.19,39.0614],[140.1909,39.0614],[140.1912,39.0613],[140.1917,39.0612],[140.1917,39.0612],[140.1917,39.0612],[140.1922,39.061],[140.1928,39.0607],[140.1932,39.0605],[140.1935,39.0604],[140.1938,39.0603],[140.1941,39.0604],[140.1946,39.0605],[140.195,39.0607],[140.1954,39.0609],[140.1958,39.061],[140.1963,39.061],[140.1975,39.0612],[140.1979,39.0613],[140.1981,39.0613],[140.1984,39.0611],[140.1988,39.0608],[140.1991,39.0606],[140.1994,39.0604],[140.1995,39.0604],[140.2,39.0602],[140.2,39.0602],[140.2003,39.0601],[140.2009,39.0598],[140.2011,39.0597],[140.2013,39.0595],[140.2015,39.0593],[140.2016,39.059],[140.2016,39.0586],[140.2017,39.0583],[140.2017,39.0583],[140.2017,39.0583],[140.2019,39.0578],[140.2018,39.0575],[140.2017,39.0572],[140.2016,39.0568],[140.2017,39.0564],[140.2018,39.0562],[140.2021,39.056],[140.2024,39.0557],[140.203,39.0555],[140.2032,39.0553],[140.2034,39.0552],[140.2036,39.055],[140.2036,39.0547],[140.2037,39.0545],[140.2038,39.0543],[140.2042,39.0541],[140.2044,39.054],[140.2046,39.0538],[140.2047,39.0537],[140.2048,39.0535],[140.2048,39.0535],[140.2047,39.0532],[140.2046,39.0529],[140.2044,39.0525],[140.2042,39.0523],[140.2041,39.0521],[140.2041,39.0519],[140.2042,39.0515],[140.2043,39.0511],[140.2042,39.0503],[140.2041,39.0501],[140.2039,39.05],[140.2039,39.05],[140.2038,39.05],[140.2037,39.0497],[140.2033,39.0486],[140.2032,39.0484],[140.203,39.0483],[140.2028,39.0482],[140.2025,39.0481],[140.2023,39.0479],[140.202,39.0476],[140.2017,39.0472],[140.2019,39.0468],[140.2024,39.0464],[140.2027,39.046],[140.2029,39.0457],[140.2029,39.0457],[140.203,39.0455],[140.203,39.0453],[140.2027,39.0447],[140.2026,39.0443],[140.2026,39.0435],[140.2025,39.0432],[140.2024,39.0431],[140.2024,39.0429],[140.2024,39.0425],[140.2024,39.042],[140.2025,39.0417],[140.2025,39.0417],[140.2025,39.0416],[140.2027,39.0412],[140.2029,39.0409],[140.2034,39.0401],[140.2036,39.0397],[140.2036,39.0395],[140.2036,39.0393],[140.2035,39.039],[140.2027,39.0378],[140.2022,39.0373],[140.2022,39.0373],[140.2017,39.0368],[140.2009,39.0361],[140.2006,39.0358],[140.2006,39.0357],[140.2007,39.0356],[140.2008,39.0354],[140.2011,39.0352],[140.2015,39.035],[140.2019,39.0349],[140.2023,39.0348],[140.2027,39.0348],[140.2034,39.0347],[140.2043,39.0348],[140.2048,39.0348],[140.2054,39.0348],[140.2059,39.0347],[140.2068,39.0346],[140.2073,39.0346],[140.2078,39.0345],[140.2082,39.0345],[140.2083,39.0344],[140.2084,39.0344],[140.2086,39.0343],[140.2086,39.0343],[140.2091,39.0341],[140.2101,39.0334],[140.2103,39.0333],[140.2103,39.0333],[140.211,39.0331],[140.2113,39.033],[140.2117,39.033],[140.2121,39.0329],[140.2125,39.0328],[140.2128,39.0326],[140.2132,39.0326],[140.2135,39.0325],[140.2141,39.0325],[140.2151,39.0327],[140.2158,39.0328],[140.2161,39.0329],[140.2167,39.033],[140.2167,39.033],[140.2168,39.0331],[140.2172,39.0331],[140.2175,39.0331],[140.2178,39.0329],[140.2182,39.0328],[140.2187,39.0327],[140.2189,39.0325],[140.2195,39.032],[140.2196,39.0319],[140.2201,39.0319],[140.2208,39.0317],[140.2211,39.0316],[140.2218,39.0312],[140.2219,39.0311],[140.222,39.0309],[140.222,39.0301],[140.222,39.0299],[140.2221,39.0298],[140.2222,39.0296],[140.2226,39.0293],[140.2233,39.0287],[140.2235,39.0286],[140.2236,39.0285],[140.2239,39.0284],[140.2242,39.0283],[140.225,39.0283],[140.225,39.0283],[140.225,39.0283],[140.2252,39.0283],[140.2254,39.0282],[140.2256,39.0281],[140.2258,39.0278],[140.2261,39.0275],[140.2264,39.0273],[140.2267,39.0272],[140.2267,39.0272],[140.2272,39.0271],[140.2275,39.0271],[140.228,39.027],[140.2284,39.0271],[140.2288,39.0271],[140.2292,39.0272],[140.2297,39.0273],[140.2307,39.0271],[140.2311,39.027],[140.2314,39.027],[140.2316,39.027],[140.2319,39.027],[140.2323,39.027],[140.2327,39.027],[140.2329,39.027],[140.2331,39.0271],[140.2333,39.0272],[140.2334,39.0272],[140.2336,39.0273],[140.234,39.0274],[140.2343,39.0275],[140.2346,39.0275],[140.235,39.0274],[140.2356,39.0274],[140.236,39.0274],[140.2362,39.0274],[140.2365,39.0275],[140.2369,39.0276],[140.2372,39.0277],[140.2374,39.0279],[140.2375,39.028],[140.2377,39.0281],[140.2381,39.0282],[140.2384,39.0284],[140.2386,39.0285],[140.2393,39.0292],[140.2396,39.0295],[140.2397,39.0295],[140.2398,39.0297],[140.24,39.0297],[140.2402,39.0298],[140.2407,39.0298],[140.2409,39.0298],[140.2412,39.0299],[140.2414,39.03],[140.2417,39.0301],[140.2417,39.0301],[140.2418,39.0302],[140.2422,39.0303],[140.2423,39.0304],[140.2423,39.0304],[140.2425,39.0305],[140.2438,39.0306],[140.2441,39.0306],[140.2443,39.0306],[140.2444,39.0306],[140.2446,39.0307],[140.2447,39.0307],[140.2449,39.0307],[140.2451,39.0308],[140.2453,39.0309],[140.2454,39.0309],[140.2456,39.0309],[140.2459,39.0308],[140.2462,39.0305],[140.2465,39.03],[140.2466,39.0299],[140.2467,39.0299],[140.2472,39.0293],[140.2476,39.029],[140.2483,39.0286],[140.2484,39.0286],[140.2488,39.0282],[140.2495,39.0279],[140.2497,39.0279],[140.25,39.0278],[140.25,39.0278],[140.2502,39.0277],[140.2506,39.0276],[140.2512,39.0278],[140.2521,39.0281],[140.2529,39.0282],[140.253,39.0285],[140.2531,39.0289],[140.2532,39.029],[140.2541,39.0305],[140.2545,39.0309],[140.2546,39.031],[140.2552,39.0315],[140.2561,39.0321],[140.2567,39.0327],[140.2572,39.0332],[140.2575,39.0333],[140.2575,39.0333],[140.2575,39.0333],[140.2581,39.0335],[140.2583,39.0336],[140.2584,39.0336],[140.2587,39.0336],[140.2591,39.0337],[140.2596,39.0339],[140.2599,39.0344],[140.2605,39.0351],[140.2606,39.0352],[140.2609,39.035],[140.2613,39.0348],[140.2621,39.0347],[140.2623,39.0346],[140.2627,39.0341],[140.2627,39.034],[140.2634,39.0334],[140.2635,39.0333],[140.2635,39.0333],[140.2639,39.0331],[140.2644,39.0326],[140.2647,39.0324],[140.2652,39.0321],[140.2658,39.0316],[140.2662,39.0313],[140.2667,39.0313],[140.2667,39.0313],[140.267,39.0313],[140.2672,39.0313],[140.2675,39.0313],[140.268,39.0316],[140.2691,39.0321],[140.2703,39.0325],[140.2709,39.0325],[140.2713,39.0324],[140.2717,39.0321],[140.2718,39.0321],[140.2722,39.0318],[140.2729,39.0314],[140.2742,39.0308],[140.2745,39.0307],[140.2747,39.0307],[140.275,39.0308],[140.275,39.0308],[140.2752,39.0309],[140.2757,39.0309],[140.2761,39.0309],[140.2767,39.0307],[140.2772,39.0305],[140.2773,39.0305],[140.2782,39.0301],[140.2789,39.0299],[140.2796,39.0298],[140.2803,39.0296],[140.2808,39.0295],[140.281,39.0294],[140.281,39.0291],[140.2813,39.029],[140.2815,39.0289],[140.2819,39.0288],[140.283,39.0284],[140.2833,39.0283],[140.2834,39.0283],[140.2843,39.0281],[140.2845,39.0281],[140.2849,39.0281],[140.2856,39.0281],[140.2862,39.0281],[140.2866,39.0281],[140.287,39.0278],[140.2877,39.0271],[140.2881,39.0269],[140.2885,39.0267],[140.2887,39.0265],[140.2888,39.0264],[140.2892,39.026],[140.2897,39.0258],[140.2902,39.0258],[140.2904,39.0257],[140.2907,39.0252],[140.2908,39.0251],[140.2908,39.025],[140.2908,39.025],[140.291,39.0246],[140.2914,39.0242],[140.2917,39.024],[140.2917,39.024],[140.2917,39.024],[140.2921,39.0239],[140.2923,39.0232],[140.2925,39.0229],[140.2928,39.0225],[140.2929,39.022],[140.2929,39.0214],[140.2936,39.0201],[140.2939,39.0197],[140.294,39.0194],[140.2939,39.0192],[140.2939,39.0188],[140.2938,39.0186],[140.2937,39.0184],[140.2939,39.0182],[140.2941,39.0181],[140.2944,39.0181],[140.2954,39.0183],[140.2955,39.0183],[140.2964,39.0184],[140.2971,39.0184],[140.2975,39.0184],[140.2986,39.0176],[140.2989,39.0176],[140.2992,39.0176],[140.2996,39.0177],[140.3,39.0179],[140.3,39.018],[140.3001,39.018],[140.3003,39.018],[140.3009,39.0177],[140.3018,39.0173],[140.3022,39.0171],[140.3025,39.0167],[140.3025,39.0167],[140.3026,39.0165],[140.3029,39.0161],[140.3033,39.0154],[140.3035,39.0152],[140.3038,39.0151],[140.3042,39.015],[140.3063,39.0145],[140.3071,39.0144],[140.3082,39.0143],[140.3083,39.0143],[140.3084,39.0143],[140.3089,39.0142],[140.3098,39.0138],[140.3102,39.0137],[140.3107,39.0136],[140.3109,39.0137],[140.3114,39.0144],[140.3116,39.0147],[140.3119,39.0151],[140.312,39.0154],[140.312,39.0158],[140.3124,39.0161],[140.3126,39.0167],[140.3126,39.0167],[140.3126,39.0167],[140.3126,39.0167],[140.3128,39.0172],[140.3131,39.0175],[140.3133,39.0176],[140.3137,39.018],[140.3142,39.0186],[140.3148,39.0195],[140.315,39.0197],[140.315,39.02],[140.3153,39.0202],[140.3156,39.0205],[140.3161,39.0212],[140.3166,39.0218],[140.3167,39.0219],[140.3167,39.0219],[140.317,39.022],[140.3172,39.0222],[140.3173,39.0225],[140.3173,39.0228],[140.3174,39.0232],[140.3177,39.0239],[140.3177,39.024],[140.3179,39.0244],[140.3179,39.0244],[140.3182,39.0247],[140.3186,39.025],[140.3186,39.025],[140.3187,39.025],[140.3187,39.0251],[140.3188,39.0253],[140.3186,39.0254],[140.3186,39.0258],[140.3187,39.0261],[140.3186,39.0263],[140.3185,39.0268],[140.3182,39.0273],[140.3178,39.0277],[140.3174,39.0281],[140.3174,39.0281],[140.3175,39.0283],[140.3179,39.0287],[140.3183,39.0291],[140.3184,39.0292],[140.3185,39.0297],[140.3185,39.0301],[140.3187,39.0311],[140.3188,39.0313],[140.3191,39.0313],[140.3196,39.0312],[140.3201,39.0311],[140.3201,39.0311],[140.3204,39.0309],[140.3205,39.031],[140.3207,39.0314],[140.3207,39.0316],[140.3209,39.0319],[140.3213,39.0322],[140.3219,39.0324],[140.3229,39.0327],[140.3235,39.0328],[140.3241,39.0332],[140.3246,39.0332],[140.325,39.0332],[140.325,39.0332],[140.3251,39.0332],[140.3253,39.0332],[140.3255,39.0333],[140.3255,39.0333],[140.3257,39.0334],[140.3264,39.0336],[140.3267,39.0338],[140.3269,39.034],[140.3274,39.0343],[140.3277,39.0346],[140.3279,39.0346],[140.3282,39.0347],[140.3285,39.0347],[140.3289,39.0348],[140.3291,39.0348],[140.3291,39.0347],[140.3291,39.0342],[140.3291,39.0341],[140.3293,39.0339],[140.3296,39.0338],[140.3301,39.0335],[140.3303,39.0333],[140.3303,39.0333],[140.3306,39.033],[140.3309,39.0326],[140.3311,39.0322],[140.3312,39.0318],[140.3313,39.0312],[140.3315,39.0309],[140.3318,39.0307],[140.3321,39.0306],[140.3324,39.0305],[140.3326,39.0305],[140.3331,39.0305],[140.3333,39.0305],[140.3334,39.0305],[140.334,39.0306],[140.3345,39.0304],[140.3349,39.0303],[140.3359,39.0302],[140.3366,39.03],[140.3367,39.03],[140.3371,39.0299],[140.3375,39.0298],[140.3377,39.0296],[140.338,39.0294],[140.3383,39.029],[140.3386,39.0288],[140.339,39.0289],[140.3394,39.0289],[140.3397,39.0287],[140.3401,39.0285],[140.3405,39.0283],[140.3411,39.0278],[140.3416,39.0276],[140.3417,39.0275],[140.3417,39.0275],[140.3421,39.0272],[140.3426,39.0268],[140.343,39.0264],[140.3435,39.0263],[140.3438,39.0263],[140.3441,39.0261],[140.3442,39.026],[140.3443,39.0258],[140.345,39.026],[140.3453,39.0259],[140.3457,39.0258],[140.3457,39.0257],[140.3464,39.0254],[140.3474,39.0252],[140.3479,39.025],[140.3479,39.025],[140.3479,39.025],[140.3483,39.0248],[140.3488,39.0247],[140.3493,39.0248],[140.3498,39.0248],[140.35,39.0248],[140.35,39.0248],[140.3502,39.0247],[140.3506,39.0246],[140.3512,39.0246],[140.3517,39.0245],[140.3521,39.0243],[140.3528,39.0242],[140.3533,39.0241],[140.3539,39.0239],[140.3542,39.0238],[140.3547,39.0239],[140.3549,39.0239],[140.3551,39.024],[140.3558,39.0243],[140.3561,39.0245],[140.3564,39.0246],[140.357,39.0249],[140.3572,39.025],[140.3572,39.025],[140.3572,39.025],[140.3574,39.0252],[140.3578,39.0253],[140.3583,39.0254],[140.3584,39.0254],[140.3596,39.0255],[140.3602,39.0256],[140.3614,39.026],[140.3621,39.026],[140.3622,39.026],[140.3624,39.0258],[140.3622,39.0254],[140.3621,39.0251],[140.362,39.025],[140.362,39.025],[140.3616,39.0246],[140.3614,39.0244],[140.3614,39.0242],[140.3614,39.0241],[140.3614,39.0236],[140.3615,39.0232],[140.3615,39.023],[140.3613,39.0227],[140.3613,39.0226],[140.3611,39.0224],[140.361,39.0222],[140.361,39.0219],[140.3612,39.0213],[140.3612,39.0208],[140.3611,39.0205],[140.361,39.0203],[140.3609,39.02],[140.3607,39.0199],[140.3613,39.0192],[140.3614,39.0188],[140.3618,39.0186],[140.3625,39.0184],[140.3626,39.0182],[140.3628,39.0176],[140.3629,39.0171],[140.3629,39.0167],[140.3629,39.0167],[140.3628,39.0165],[140.3629,39.0162],[140.3628,39.0158],[140.3628,39.0157],[140.3627,39.0152],[140.3627,39.0151],[140.3627,39.0148],[140.3627,39.0146],[140.3628,39.0143],[140.3626,39.0136],[140.3627,39.0135],[140.3629,39.0134],[140.3635,39.0131],[140.3641,39.0128],[140.3641,39.0124],[140.364,39.0121],[140.3638,39.0117],[140.3638,39.0114],[140.3639,39.0108],[140.3639,39.0106],[140.364,39.0103],[140.3641,39.0101],[140.3641,39.01],[140.364,39.0097],[140.364,39.0095],[140.3642,39.0094],[140.3645,39.0093],[140.3646,39.0091],[140.3649,39.0089],[140.3651,39.0087],[140.3653,39.0084],[140.3653,39.0083],[140.3653,39.0083],[140.3655,39.008],[140.3657,39.0077],[140.3657,39.0073],[140.3657,39.0071],[140.3658,39.0069],[140.3658,39.0068],[140.3661,39.0066],[140.3667,39.0062],[140.3667,39.0061],[140.3667,39.0061],[140.3667,39.006],[140.3668,39.0056],[140.367,39.0054],[140.3674,39.0053],[140.3683,39.0052],[140.3683,39.0052],[140.3688,39.0052],[140.3692,39.0049],[140.3695,39.0047],[140.3696,39.0046],[140.3701,39.0045],[140.3705,39.0043],[140.3708,39.0041],[140.371,39.0037],[140.3711,39.0033],[140.3712,39.003],[140.3714,39.0029],[140.3715,39.0028],[140.3716,39.0027],[140.3716,39.0026],[140.3728,39.0012],[140.373,39.0009],[140.3729,39.0007],[140.3732,39],[140.3732,39],[140.3732,38.9998],[140.3735,38.9993],[140.3741,38.9987],[140.3746,38.9984],[140.3747,38.9982],[140.3744,38.9978],[140.3744,38.9978],[140.3742,38.9975],[140.3742,38.9973],[140.3743,38.997],[140.3744,38.9967],[140.3744,38.9963],[140.3744,38.996],[140.3746,38.9957],[140.375,38.9954],[140.375,38.9954],[140.3754,38.9951],[140.3755,38.995],[140.3761,38.9946],[140.3762,38.9945],[140.3766,38.9945],[140.3773,38.9948],[140.3784,38.9953],[140.3787,38.9954],[140.3792,38.9953],[140.3796,38.9952],[140.38,38.995],[140.3806,38.9947],[140.3807,38.9946],[140.3812,38.9945],[140.3824,38.9942],[140.3831,38.994],[140.3833,38.994],[140.3834,38.994],[140.3839,38.994],[140.3847,38.994],[140.3851,38.994],[140.3857,38.994],[140.3858,38.9941],[140.3867,38.9944],[140.387,38.9944],[140.3879,38.9935],[140.3884,38.9931],[140.3888,38.9929],[140.3895,38.9924],[140.3897,38.9922],[140.3902,38.9921],[140.3906,38.992],[140.3911,38.992],[140.3917,38.9919],[140.3917,38.9919],[140.3925,38.9919],[140.3927,38.9919],[140.3935,38.9917],[140.3935,38.9917],[140.3935,38.9917],[140.3938,38.9914],[140.3941,38.9913],[140.3947,38.9912],[140.3952,38.9912],[140.3955,38.9913],[140.3962,38.9913],[140.3967,38.9914],[140.3977,38.9914],[140.3984,38.9915],[140.399,38.9917],[140.3991,38.9917],[140.3997,38.9918],[140.4,38.9918],[140.4,38.9918],[140.4005,38.9919],[140.401,38.992],[140.4015,38.9923],[140.4019,38.9924],[140.4024,38.9923],[140.4031,38.9922],[140.4036,38.992],[140.404,38.9919],[140.4047,38.9918],[140.4049,38.9918],[140.4053,38.9917],[140.4058,38.9918],[140.406,38.9918],[140.4063,38.9919],[140.4066,38.9922],[140.4069,38.9924],[140.407,38.9926],[140.4072,38.9927],[140.4077,38.9927],[140.4083,38.9929],[140.4084,38.9929],[140.4085,38.9929],[140.4094,38.9934],[140.4098,38.9937],[140.4104,38.994],[140.4106,38.9941],[140.4108,38.9938],[140.4117,38.9922],[140.4117,38.9922],[140.4121,38.9917],[140.4121,38.9917],[140.4123,38.9913],[140.413,38.9904],[140.4132,38.9901],[140.4133,38.99],[140.4136,38.99],[140.4139,38.99],[140.4153,38.9905],[140.4166,38.9912],[140.4167,38.9912],[140.4167,38.9912],[140.4172,38.9914],[140.4182,38.9917],[140.4183,38.9917],[140.4187,38.9918],[140.4193,38.9918],[140.4198,38.9919],[140.4202,38.9921],[140.4206,38.9923],[140.4209,38.9924],[140.4213,38.9922],[140.4214,38.9922],[140.422,38.9924],[140.4225,38.9924],[140.4235,38.9924],[140.4239,38.9924],[140.4243,38.9924],[140.425,38.9923],[140.425,38.9923],[140.425,38.9923],[140.4257,38.9921],[140.428,38.9919],[140.429,38.9917],[140.4295,38.9917],[140.4301,38.9918],[140.4307,38.9918],[140.4319,38.9919],[140.432,38.9918],[140.432,38.9917],[140.432,38.9917],[140.4321,38.9916],[140.432,38.9911],[140.4323,38.9899],[140.4323,38.9897],[140.4324,38.9894],[140.4331,38.9892],[140.4333,38.9892],[140.4334,38.9891],[140.434,38.989],[140.4343,38.9888],[140.4347,38.9885],[140.4348,38.9881],[140.4353,38.9876],[140.4363,38.9866],[140.4365,38.9864],[140.4366,38.9856],[140.4368,38.9847],[140.4369,38.9842],[140.4371,38.9837],[140.4373,38.9833],[140.4373,38.9833],[140.4375,38.9828],[140.4375,38.9826],[140.4377,38.9821],[140.4379,38.9819],[140.4382,38.9818],[140.4391,38.9815],[140.4394,38.9814],[140.4405,38.9814],[140.4415,38.9815],[140.4417,38.9815],[140.4417,38.9815],[140.4417,38.9815],[140.4423,38.9814],[140.4428,38.9813],[140.4432,38.981],[140.4438,38.9809],[140.4445,38.9808],[140.4451,38.9806],[140.4455,38.9804],[140.4459,38.98],[140.4463,38.9796],[140.4465,38.9793],[140.4465,38.979],[140.4465,38.979],[140.4463,38.9787],[140.4461,38.9785],[140.446,38.9781],[140.446,38.9775],[140.4461,38.977],[140.4463,38.9767],[140.4463,38.975],[140.4463,38.975],[140.4463,38.9739],[140.4463,38.9732],[140.4464,38.9731],[140.4474,38.973],[140.4483,38.973],[140.4493,38.9729],[140.45,38.9727],[140.45,38.9727],[140.45,38.9727],[140.4501,38.9727],[140.4506,38.9725],[140.4511,38.9721],[140.4512,38.9718],[140.451,38.9709],[140.4506,38.9689],[140.4506,38.9687],[140.4501,38.9683],[140.45,38.9682],[140.45,38.9682],[140.4498,38.9681],[140.4498,38.9679],[140.4499,38.9677],[140.45,38.9675],[140.45,38.9675],[140.4504,38.9667],[140.4504,38.9667],[140.4507,38.9662],[140.4509,38.9652],[140.4509,38.9648],[140.4508,38.9646],[140.4507,38.9644],[140.45,38.9637],[140.45,38.9636],[140.4499,38.9635],[140.4498,38.9633],[140.45,38.9631],[140.45,38.9631],[140.4503,38.9627],[140.4514,38.9622],[140.4516,38.962],[140.4518,38.9618],[140.4524,38.9602],[140.4526,38.9596],[140.4528,38.9594],[140.4535,38.959],[140.4537,38.9588],[140.4537,38.9586],[140.4536,38.9583],[140.4536,38.9583],[140.4534,38.9577],[140.4532,38.9571],[140.4531,38.957],[140.453,38.9568],[140.453,38.9564],[140.4531,38.956],[140.4532,38.9554],[140.4533,38.955],[140.4534,38.9549],[140.4532,38.9545],[140.4532,38.9542],[140.4532,38.954],[140.4533,38.9536],[140.4535,38.9532],[140.4537,38.9525],[140.4537,38.9521],[140.4536,38.9518],[140.4532,38.9515],[140.4528,38.9511],[140.4525,38.9505],[140.4522,38.95],[140.4522,38.95],[140.4522,38.95],[140.4521,38.9494],[140.4519,38.9489],[140.4518,38.9486],[140.4514,38.9476],[140.4513,38.9473],[140.4506,38.9466],[140.45,38.946],[140.45,38.946],[140.4496,38.9456],[140.4498,38.9454],[140.45,38.9453],[140.45,38.9453],[140.4505,38.945],[140.4511,38.9446],[140.4513,38.9443],[140.4514,38.9441],[140.4515,38.9436],[140.4513,38.9429],[140.4514,38.9424],[140.4513,38.9417],[140.4513,38.9417],[140.4512,38.9408],[140.4515,38.9394],[140.4516,38.9389],[140.4515,38.9379],[140.4515,38.9377],[140.4515,38.9377],[140.4517,38.9375],[140.4518,38.9375],[140.453,38.9371],[140.4547,38.9365],[140.4551,38.9363],[140.4558,38.9359],[140.4565,38.9353],[140.4569,38.935],[140.4575,38.9346],[140.458,38.9342],[140.4583,38.9339],[140.4583,38.9338],[140.4584,38.9338],[140.4584,38.9337],[140.4584,38.9337],[140.4583,38.9337],[140.4582,38.9335],[140.4582,38.9333],[140.4582,38.9333],[140.4582,38.9327],[140.4581,38.9318],[140.4581,38.9318],[140.4582,38.9314],[140.4582,38.9312],[140.4582,38.9309],[140.4583,38.9307],[140.4584,38.9307],[140.4587,38.9302],[140.4588,38.9301],[140.4587,38.9299],[140.4588,38.9294],[140.4591,38.9287],[140.4594,38.928],[140.4595,38.9278],[140.4599,38.9273],[140.4607,38.9266],[140.4608,38.9266],[140.4618,38.9257],[140.462,38.9254],[140.4621,38.925],[140.4621,38.925],[140.4622,38.9249],[140.4622,38.9244],[140.4622,38.9239],[140.4622,38.9235],[140.4622,38.9233],[140.4622,38.9227],[140.4623,38.9223],[140.4624,38.9222],[140.4625,38.922],[140.4621,38.9217],[140.462,38.9215],[140.4618,38.9211],[140.4617,38.9204],[140.4618,38.9201],[140.4619,38.9197],[140.462,38.9195],[140.4621,38.9194],[140.4632,38.919],[140.4633,38.9189],[140.4638,38.9187],[140.4642,38.9177],[140.4647,38.9173],[140.4651,38.9171],[140.4658,38.917],[140.4662,38.9168],[140.4663,38.9167],[140.4663,38.9167],[140.4666,38.9164],[140.4667,38.9164],[140.4667,38.9163],[140.4695,38.9154],[140.4708,38.9152],[140.4711,38.9151],[140.4716,38.9149],[140.4726,38.9149],[140.4732,38.9153],[140.4736,38.9159],[140.4738,38.916],[140.4742,38.916],[140.4747,38.9157],[140.475,38.9156],[140.475,38.9156],[140.4753,38.9156],[140.476,38.9156],[140.4764,38.9154],[140.4776,38.9154],[140.4781,38.9152],[140.4783,38.9152],[140.4788,38.9149],[140.4792,38.9146],[140.4795,38.9146],[140.4799,38.9147],[140.4807,38.9154],[140.4818,38.9164],[140.4823,38.9166],[140.4824,38.9166],[140.483,38.9156],[140.4833,38.9141],[140.4834,38.914],[140.4834,38.9139],[140.4836,38.9132],[140.4842,38.9122],[140.4851,38.9114],[140.4863,38.9109],[140.4867,38.9108],[140.4874,38.9105],[140.4883,38.9099],[140.4886,38.9094],[140.4889,38.9089],[140.4895,38.9083],[140.4895,38.9083],[140.4899,38.9079],[140.4904,38.9076],[140.4911,38.9075],[140.4915,38.9073],[140.4917,38.9071],[140.4917,38.9071],[140.4918,38.9069],[140.4923,38.9065],[140.492,38.905],[140.492,38.9044],[140.4921,38.9039],[140.4921,38.9036],[140.4922,38.9027],[140.4923,38.9022],[140.4929,38.902],[140.4937,38.9014],[140.4939,38.9011],[140.494,38.9001],[140.494,38.9],[140.494,38.9],[140.4942,38.8992],[140.4943,38.899],[140.4944,38.8989],[140.4945,38.8988],[140.4966,38.8976],[140.4974,38.8972],[140.4985,38.8962],[140.4992,38.8957],[140.4994,38.8955],[140.4998,38.8951],[140.5,38.8949],[140.5,38.8949],[140.5001,38.8949],[140.5003,38.8948],[140.5009,38.8947],[140.5016,38.8949],[140.5022,38.8949],[140.5026,38.8948],[140.5034,38.8946],[140.5039,38.8946],[140.5045,38.8948],[140.5051,38.8949],[140.5052,38.8949],[140.5057,38.8952],[140.5059,38.8955],[140.5064,38.8959],[140.5074,38.8967],[140.5079,38.897],[140.5083,38.8973],[140.5084,38.8973],[140.5084,38.8973],[140.5092,38.8978],[140.5099,38.8982],[140.5103,38.8982],[140.5106,38.8983],[140.5111,38.8985],[140.5114,38.899],[140.5121,38.8992],[140.5125,38.8992],[140.5131,38.8994],[140.5139,38.8996],[140.5151,38.8999],[140.5152,38.8999],[140.5153,38.9],[140.5153,38.9],[140.5155,38.9001],[140.5158,38.9004],[140.5167,38.9002],[140.5167,38.9002],[140.5169,38.9001],[140.5178,38.9],[140.5179,38.9],[140.5195,38.8997],[140.5203,38.8997],[140.5216,38.8997],[140.5223,38.8996],[140.5234,38.8996],[140.5242,38.8996],[140.5248,38.8995],[140.5249,38.8995],[140.525,38.8995],[140.525,38.8994],[140.5253,38.8993],[140.5256,38.8991],[140.5256,38.899],[140.5257,38.8988],[140.5258,38.8978],[140.5258,38.8976],[140.526,38.8975],[140.5265,38.8976],[140.527,38.8978],[140.5278,38.8984],[140.529,38.899],[140.5295,38.8992],[140.5299,38.8993],[140.5304,38.8993],[140.5309,38.8994],[140.5325,38.8998],[140.5329,38.9],[140.5329,38.9],[140.5333,38.9002],[140.5334,38.9002],[140.5341,38.9005],[140.5341,38.9005],[140.535,38.9007],[140.5355,38.9007],[140.5361,38.9006],[140.538,38.9004],[140.5382,38.9002],[140.5384,38.9],[140.5384,38.9],[140.5384,38.9],[140.5391,38.8988],[140.5396,38.8981],[140.5403,38.8972],[140.5405,38.8968],[140.5412,38.896],[140.5417,38.8956],[140.5417,38.8956],[140.5418,38.8955],[140.5418,38.8955],[140.5423,38.8947],[140.5428,38.8943],[140.5433,38.8941],[140.5438,38.8937],[140.5442,38.8932],[140.5446,38.8929],[140.5452,38.8927],[140.5456,38.8924],[140.546,38.8921],[140.5466,38.8917],[140.5466,38.8917],[140.5466,38.8917],[140.5475,38.8911],[140.5476,38.8908],[140.5477,38.8902],[140.5477,38.8899],[140.5471,38.8892],[140.5466,38.8884],[140.5462,38.8874],[140.5462,38.887],[140.5457,38.8862],[140.5456,38.886],[140.5456,38.8853],[140.5459,38.884],[140.5458,38.8836],[140.546,38.8833],[140.546,38.8833],[140.5461,38.8833],[140.5465,38.8829],[140.5475,38.8817],[140.5476,38.8815],[140.5477,38.8812],[140.5476,38.881],[140.5476,38.881],[140.5475,38.8807],[140.5468,38.8801],[140.5463,38.8793],[140.5455,38.8786],[140.5451,38.8784],[140.5444,38.8781],[140.5441,38.8779],[140.5432,38.8763],[140.5429,38.8761],[140.5426,38.876],[140.5423,38.876],[140.5417,38.8763],[140.5417,38.8763],[140.5416,38.8763],[140.5413,38.8763],[140.5412,38.8761],[140.5412,38.8757],[140.5409,38.8752],[140.5408,38.8751],[140.5408,38.875],[140.5408,38.875],[140.5406,38.8747],[140.5404,38.8743],[140.5404,38.8736],[140.5405,38.8733],[140.5402,38.8725],[140.54,38.8723],[140.5396,38.8719],[140.5392,38.8717],[140.5389,38.8715],[140.5388,38.8714],[140.5387,38.8711],[140.5387,38.8708],[140.539,38.8702],[140.539,38.8698],[140.5389,38.8692],[140.5386,38.8688],[140.5386,38.8686],[140.5395,38.8682],[140.5397,38.8679],[140.5398,38.8675],[140.5399,38.8672],[140.5399,38.8671],[140.5398,38.8669],[140.5398,38.8667],[140.5398,38.8667],[140.5399,38.8656],[140.5394,38.865],[140.5394,38.8648],[140.5393,38.8639],[140.5394,38.8636],[140.5397,38.8631],[140.5399,38.8626],[140.54,38.8622],[140.54,38.8619],[140.5404,38.8617],[140.5409,38.8614],[140.5413,38.8613],[140.5417,38.8613],[140.5417,38.8613],[140.544,38.8614],[140.5442,38.8615],[140.5456,38.8613],[140.5462,38.8614],[140.5469,38.8613],[140.5475,38.8612],[140.548,38.861],[140.549,38.8605],[140.5492,38.8603],[140.5499,38.8601],[140.55,38.8601],[140.55,38.8601],[140.551,38.8597],[140.553,38.8591],[140.5535,38.8588],[140.5537,38.8586],[140.5538,38.8583],[140.5538,38.8583],[140.5539,38.8582],[140.5542,38.8578],[140.5544,38.857],[140.5546,38.8568],[140.5557,38.8563],[140.5566,38.8556],[140.5567,38.8554],[140.5566,38.8553],[140.5566,38.8548],[140.5567,38.8544],[140.5571,38.8535],[140.5572,38.8532],[140.5572,38.8527],[140.5573,38.8515],[140.5573,38.8512],[140.5573,38.8503],[140.5573,38.8503],[140.5574,38.85],[140.5574,38.85],[140.5577,38.8493],[140.5581,38.8486],[140.5583,38.8484],[140.5584,38.8483],[140.5587,38.848],[140.5588,38.8478],[140.559,38.8475],[140.5591,38.8473],[140.56,38.8473],[140.5608,38.8476],[140.5612,38.8478],[140.562,38.8482],[140.5623,38.8484],[140.5627,38.8485],[140.563,38.8485],[140.5635,38.8485],[140.564,38.8484],[140.5646,38.8483],[140.5653,38.8482],[140.5655,38.8481],[140.5657,38.8481],[140.5663,38.848],[140.5667,38.8479],[140.5667,38.8478],[140.5671,38.8476],[140.5679,38.8473],[140.5683,38.8472],[140.5693,38.8468],[140.5695,38.8466],[140.5696,38.8459],[140.5697,38.8456],[140.5699,38.8454],[140.571,38.8447],[140.5714,38.8443],[140.5715,38.844],[140.5721,38.8434],[140.5724,38.8432],[140.573,38.843],[140.5733,38.8428],[140.5733,38.8428],[140.5734,38.8426],[140.5734,38.8426],[140.5735,38.8425],[140.5743,38.8422],[140.575,38.842],[140.575,38.842],[140.5751,38.842],[140.5755,38.8418],[140.5757,38.8417],[140.5757,38.8417],[140.5758,38.8416],[140.5759,38.8413],[140.5764,38.8411],[140.5766,38.841],[140.5776,38.8415],[140.5783,38.8417],[140.5783,38.8417],[140.5783,38.8417],[140.5789,38.8417],[140.579,38.8417],[140.579,38.8417],[140.58,38.8414],[140.5804,38.8411],[140.5822,38.8403],[140.5826,38.8399],[140.5829,38.8397],[140.5833,38.8393],[140.5834,38.8393],[140.5835,38.8392],[140.5843,38.8381],[140.5844,38.8379],[140.5847,38.8373],[140.5849,38.837],[140.5855,38.8367],[140.5863,38.8363],[140.5869,38.8363],[140.5876,38.8363],[140.5881,38.8362],[140.5882,38.8362],[140.5884,38.8361],[140.5904,38.8361],[140.5907,38.836],[140.5908,38.8355],[140.591,38.835],[140.591,38.8349],[140.5908,38.8347],[140.5906,38.8345],[140.5905,38.8343],[140.5905,38.8341],[140.5908,38.8338],[140.5912,38.8333],[140.5912,38.8333],[140.5915,38.833],[140.5916,38.8328],[140.5917,38.8327],[140.5917,38.8327],[140.5921,38.8323],[140.5923,38.8322],[140.5925,38.8318],[140.5925,38.8315],[140.5925,38.831],[140.5928,38.8303],[140.5928,38.8299],[140.5928,38.8283],[140.5928,38.828],[140.5929,38.8278],[140.5933,38.8276],[140.5939,38.8275],[140.5952,38.8273],[140.5954,38.8273],[140.596,38.827],[140.5969,38.8266],[140.5973,38.8264],[140.5974,38.8264],[140.5982,38.8262],[140.5985,38.826],[140.5989,38.8253],[140.5989,38.825],[140.5989,38.825],[140.5989,38.825],[140.5987,38.8243],[140.5987,38.8242],[140.5986,38.8237],[140.5985,38.8228],[140.5986,38.8214],[140.5987,38.8211],[140.599,38.8207],[140.5995,38.8197],[140.5996,38.8194],[140.5997,38.8188],[140.5996,38.8183],[140.5994,38.8174],[140.599,38.817],[140.5988,38.8167],[140.5987,38.8167],[140.5986,38.8167],[140.598,38.8163],[140.5975,38.8162],[140.5975,38.8162],[140.5975,38.8162],[140.5972,38.8161],[140.5971,38.816],[140.597,38.8158],[140.597,38.8156],[140.5968,38.8155],[140.5966,38.8153],[140.5965,38.8152],[140.5964,38.8143],[140.596,38.8134],[140.5955,38.813],[140.5954,38.8129],[140.5954,38.8127],[140.5953,38.8116],[140.5951,38.8111],[140.5951,38.811],[140.5951,38.8109],[140.5954,38.8107],[140.5959,38.8104],[140.5969,38.8099],[140.5972,38.8098],[140.5972,38.8098],[140.5976,38.8092],[140.5977,38.8088],[140.5977,38.8087],[140.5975,38.8083],[140.5975,38.8083],[140.597,38.8075],[140.5967,38.8069],[140.5965,38.8065],[140.5964,38.806],[140.5964,38.8055],[140.5966,38.8051],[140.5965,38.8048],[140.5965,38.8042],[140.5964,38.8038],[140.5963,38.8035],[140.5957,38.8025],[140.5957,38.8023],[140.5957,38.8022],[140.5959,38.8021],[140.5971,38.8013],[140.5971,38.8011],[140.5975,38.8009],[140.5981,38.8006],[140.5987,38.8],[140.5987,38.8],[140.5987,38.8],[140.5989,38.7997],[140.599,38.7992],[140.599,38.7986],[140.5989,38.7978],[140.5988,38.7973],[140.5988,38.7968],[140.5989,38.7964],[140.5992,38.7961],[140.5997,38.7957],[140.6,38.795],[140.6,38.795],[140.6001,38.7949],[140.6001,38.7946],[140.6,38.7944],[140.6,38.7942],[140.6,38.7942],[140.5994,38.7934],[140.5991,38.7928],[140.599,38.7928],[140.599,38.792],[140.5991,38.7917],[140.5991,38.7917],[140.5991,38.7917],[140.5997,38.7911],[140.5999,38.7909],[140.6,38.7909],[140.6,38.7908],[140.6003,38.7907],[140.6008,38.7906],[140.6011,38.7905],[140.6027,38.7894],[140.6031,38.7889],[140.6032,38.7885],[140.6031,38.7875],[140.603,38.7862],[140.603,38.7858],[140.603,38.7855],[140.603,38.7852],[140.6035,38.7841],[140.6035,38.7837],[140.6041,38.7833],[140.6041,38.7833],[140.6043,38.7832],[140.606,38.7827],[140.6068,38.7824],[140.6083,38.7828],[140.6084,38.7828],[140.6091,38.783],[140.6115,38.7819],[140.6115,38.7819],[140.6124,38.7818],[140.6127,38.7817],[140.613,38.7814],[140.6132,38.781],[140.6134,38.7805],[140.6138,38.7798],[140.6138,38.7794],[140.6136,38.7786],[140.6138,38.7784],[140.6144,38.7781],[140.6148,38.7779],[140.6153,38.7774],[140.6159,38.7773],[140.6167,38.7771],[140.6167,38.7771],[140.6168,38.7771],[140.6173,38.7769],[140.6182,38.7765],[140.6185,38.7764],[140.6187,38.7763],[140.6199,38.7758],[140.6205,38.7757],[140.6211,38.7756],[140.6216,38.7755],[140.6232,38.7754],[140.6242,38.7752],[140.6245,38.775],[140.6245,38.775],[140.625,38.7747],[140.625,38.7747],[140.6254,38.7744],[140.6262,38.7743],[140.627,38.774],[140.6274,38.7739],[140.6276,38.7739],[140.6279,38.774],[140.6279,38.774],[140.6281,38.774],[140.6283,38.774],[140.6286,38.7741],[140.629,38.7743],[140.6294,38.7745],[140.63,38.775],[140.63,38.775],[140.6303,38.7752],[140.6306,38.7754],[140.6313,38.7757],[140.6315,38.7757],[140.6318,38.7758],[140.6326,38.7758],[140.633,38.7758],[140.6333,38.7759],[140.6334,38.7759],[140.6338,38.7762],[140.6342,38.7764],[140.6348,38.7768],[140.6355,38.7772],[140.636,38.7774],[140.6365,38.7774],[140.6367,38.7774],[140.6368,38.7774],[140.6373,38.7774],[140.6377,38.7772],[140.6382,38.7769],[140.6384,38.7768],[140.6387,38.7767],[140.6411,38.7759],[140.6415,38.7758],[140.6416,38.7758],[140.6417,38.7757],[140.6417,38.7757],[140.6418,38.7757],[140.6421,38.7755],[140.6424,38.7752],[140.6424,38.775],[140.6424,38.775],[140.6425,38.7749],[140.6426,38.7744],[140.6429,38.7732],[140.643,38.773],[140.6432,38.7723],[140.6433,38.7721],[140.6434,38.7719],[140.6434,38.7718],[140.6438,38.7717],[140.6444,38.7715],[140.6446,38.7715],[140.6451,38.7713],[140.6454,38.7709],[140.6457,38.7702],[140.6465,38.7695],[140.6465,38.7691],[140.6463,38.7687],[140.6462,38.7686],[140.6455,38.768],[140.6452,38.7677],[140.6448,38.767],[140.6447,38.7667],[140.6447,38.7667],[140.6447,38.7663],[140.6444,38.7658],[140.6434,38.7648],[140.643,38.7647],[140.6421,38.7647],[140.6417,38.7646],[140.6417,38.7646],[140.6415,38.7645],[140.6409,38.7643],[140.6397,38.7637],[140.6394,38.7635],[140.6388,38.7631],[140.6385,38.7629],[140.638,38.7627],[140.6369,38.7624],[140.6364,38.7622],[140.6355,38.7614],[140.635,38.7609],[140.6347,38.7602],[140.6344,38.7595],[140.6344,38.7588],[140.6345,38.7583],[140.6345,38.7583],[140.6345,38.7581],[140.6345,38.7576],[140.6344,38.7574],[140.6342,38.7572],[140.634,38.7568],[140.6339,38.7564],[140.6336,38.7557],[140.6336,38.7557],[140.6334,38.755],[140.6333,38.755],[140.6333,38.7549],[140.633,38.7544],[140.6323,38.7539],[140.6319,38.7536],[140.6318,38.7534],[140.6318,38.7531],[140.6318,38.7529],[140.6319,38.7528],[140.6313,38.7523],[140.6319,38.7512],[140.632,38.7505],[140.6321,38.75],[140.6321,38.75],[140.6321,38.7495],[140.6318,38.7487],[140.6318,38.7483],[140.6313,38.7471],[140.6309,38.7466],[140.6302,38.7468],[140.6296,38.7467],[140.6291,38.7465],[140.6289,38.7463],[140.6288,38.7462],[140.6288,38.7459],[140.6288,38.7457],[140.6288,38.7453],[140.6287,38.7447],[140.6287,38.7441],[140.6285,38.744],[140.6272,38.7433],[140.627,38.7431],[140.6268,38.743],[140.6262,38.7429],[140.6258,38.743],[140.6251,38.7426],[140.625,38.7426],[140.625,38.7426],[140.6247,38.7426],[140.624,38.7423],[140.6239,38.742],[140.6236,38.7418],[140.6235,38.7418],[140.6232,38.7418],[140.623,38.7417],[140.623,38.7417],[140.623,38.7417],[140.623,38.7413],[140.6226,38.741],[140.6224,38.7408],[140.622,38.7404],[140.6217,38.7401],[140.6216,38.7401],[140.6212,38.7396],[140.6208,38.7393],[140.6206,38.739],[140.6204,38.7387],[140.6204,38.7385],[140.6205,38.7384],[140.6206,38.7383],[140.6206,38.7382],[140.6208,38.7379],[140.6214,38.7376],[140.6216,38.7373],[140.6218,38.7372],[140.622,38.7369],[140.6221,38.7364],[140.622,38.736],[140.622,38.7357],[140.6218,38.7354],[140.6216,38.735],[140.6214,38.7344],[140.6214,38.734],[140.6213,38.734],[140.621,38.7339],[140.621,38.7337],[140.621,38.7333],[140.621,38.7333],[140.621,38.7326],[140.621,38.7322],[140.6209,38.7315],[140.6202,38.7307],[140.6201,38.7306],[140.6192,38.7301],[140.6186,38.7296],[140.6184,38.7294],[140.6181,38.7292],[140.6174,38.7287],[140.6172,38.7285],[140.6169,38.728],[140.6167,38.7278],[140.6167,38.7278],[140.6166,38.7276],[140.6161,38.7272],[140.6161,38.7272],[140.6156,38.7269],[140.6153,38.7267],[140.6147,38.7265],[140.6144,38.7263],[140.6133,38.7258],[140.6126,38.7257],[140.6123,38.7255],[140.6121,38.7253],[140.6118,38.725],[140.6118,38.725],[140.6117,38.7249],[140.6115,38.7244],[140.6106,38.7236],[140.6105,38.7235],[140.6102,38.7233],[140.6095,38.7231],[140.6086,38.723],[140.6084,38.7229],[140.6084,38.7229],[140.6083,38.7229],[140.6082,38.7228],[140.6077,38.7219],[140.6075,38.7218],[140.6073,38.7217],[140.6071,38.7215],[140.607,38.7213],[140.6071,38.721],[140.6072,38.7205],[140.6074,38.7199],[140.6076,38.719],[140.6075,38.7188],[140.6071,38.7185],[140.6069,38.7182],[140.6068,38.7179],[140.6069,38.7175],[140.607,38.7172],[140.6072,38.7167],[140.6072,38.7167],[140.6074,38.7164],[140.6074,38.7164],[140.6076,38.716],[140.6076,38.7155],[140.6075,38.7152],[140.6074,38.7146],[140.6075,38.7137],[140.6076,38.7126],[140.6079,38.7116],[140.6083,38.711],[140.6084,38.7109],[140.6086,38.7106],[140.6089,38.7101],[140.6091,38.7096],[140.6091,38.7088],[140.609,38.7083],[140.609,38.7083],[140.609,38.7082],[140.609,38.7078],[140.609,38.7077],[140.6088,38.7074],[140.6086,38.7072],[140.6084,38.7071],[140.6083,38.707],[140.6075,38.7064],[140.6074,38.7062],[140.6074,38.7058],[140.6073,38.7055],[140.6072,38.7053],[140.6069,38.7049],[140.6065,38.7043],[140.6065,38.7039],[140.6066,38.7037],[140.6068,38.7034],[140.607,38.7033],[140.6074,38.7032],[140.6079,38.7031],[140.6082,38.703],[140.6083,38.7029],[140.6084,38.7029],[140.6086,38.7028],[140.6091,38.7026],[140.6097,38.7023],[140.6107,38.7021],[140.6113,38.7019],[140.6115,38.7018],[140.6124,38.7016],[140.6128,38.7016],[140.6133,38.7017],[140.6139,38.7019],[140.6141,38.7018],[140.6145,38.7017],[140.6154,38.701],[140.6164,38.7005],[140.6167,38.7004],[140.6167,38.7004],[140.6169,38.7003],[140.618,38.7],[140.6184,38.7],[140.6184,38.7],[140.6187,38.7],[140.6195,38.6999],[140.6199,38.6998],[140.6211,38.7],[140.6211,38.7],[140.6212,38.7],[140.6216,38.7001],[140.6224,38.7003],[140.6231,38.7],[140.6231,38.7],[140.6236,38.6998],[140.6231,38.6983],[140.6227,38.6979],[140.6224,38.6978],[140.6219,38.6976],[140.6216,38.6976],[140.6214,38.6975],[140.6208,38.6968],[140.6207,38.6965],[140.6207,38.6963],[140.6213,38.6957],[140.6216,38.6954],[140.6223,38.6943],[140.6235,38.6929],[140.6236,38.6926],[140.6237,38.692],[140.6238,38.6917],[140.6238,38.6917],[140.6238,38.6917],[140.624,38.6914],[140.624,38.6914],[140.624,38.6908],[140.6231,38.69],[140.623,38.6898],[140.6232,38.6896],[140.6235,38.6894],[140.624,38.6885],[140.6244,38.6877],[140.6244,38.6872],[140.6243,38.6867],[140.6237,38.686],[140.6229,38.6855],[140.6216,38.685],[140.6215,38.685],[140.6213,38.6849],[140.6213,38.6846],[140.6212,38.6841],[140.6212,38.6833],[140.6212,38.6833],[140.6212,38.683],[140.6213,38.6825],[140.6214,38.6822],[140.6215,38.682],[140.6216,38.6819],[140.6219,38.6816],[140.622,38.6812],[140.6218,38.6811],[140.6216,38.681],[140.6209,38.6807],[140.6202,38.6806],[140.6201,38.6805],[140.6204,38.68],[140.6203,38.6796],[140.6199,38.6788],[140.6198,38.6784],[140.6196,38.6779],[140.6195,38.6777],[140.6197,38.6775],[140.62,38.6773],[140.6206,38.6766],[140.6207,38.6765],[140.6208,38.6761],[140.6206,38.6759],[140.6202,38.6754],[140.6199,38.675],[140.6199,38.675],[140.6198,38.6748],[140.6195,38.6738],[140.6189,38.673],[140.6182,38.6722],[140.6173,38.6714],[140.6167,38.671],[140.6167,38.671],[140.6166,38.6709],[140.6161,38.6707],[140.6155,38.6706],[140.6152,38.6705],[140.6149,38.67],[140.6145,38.6696],[140.6144,38.6693],[140.6143,38.6689],[140.6142,38.6684],[140.6138,38.6675],[140.6137,38.667],[140.6138,38.6667],[140.6138,38.6667],[140.6138,38.6665],[140.6138,38.666],[140.6137,38.6655],[140.6137,38.6655],[140.6136,38.6653],[140.6135,38.6651],[140.6132,38.6649],[140.6123,38.6644],[140.6121,38.6641],[140.6122,38.6634],[140.6122,38.6634],[140.6122,38.6632],[140.6123,38.6625],[140.6123,38.6624],[140.6124,38.6623],[140.6132,38.662],[140.6134,38.6619],[140.6135,38.6618],[140.6132,38.6616],[140.6129,38.6614],[140.6127,38.6614],[140.6122,38.6612],[140.6117,38.661],[140.6117,38.661],[140.6113,38.6609],[140.611,38.6608],[140.6108,38.6608],[140.6099,38.6607],[140.6094,38.6603],[140.6092,38.66],[140.6092,38.66],[140.6091,38.6599],[140.609,38.6597],[140.6089,38.6596],[140.6089,38.6594],[140.6089,38.6591],[140.6089,38.6589],[140.6088,38.6586],[140.6086,38.6583],[140.6086,38.6583],[140.6085,38.6582],[140.6084,38.658],[140.6083,38.658],[140.6077,38.6574],[140.6072,38.6569],[140.6069,38.6566],[140.6067,38.6563],[140.6066,38.656],[140.6065,38.6559],[140.6061,38.6555],[140.606,38.6554],[140.606,38.6554],[140.606,38.6553],[140.6061,38.6553],[140.6061,38.6552],[140.6063,38.655],[140.6064,38.6547],[140.6063,38.6546],[140.6061,38.6543],[140.6058,38.6539],[140.6059,38.6534],[140.6059,38.6533],[140.6058,38.653],[140.6055,38.6526],[140.6053,38.6521],[140.6053,38.652],[140.6049,38.6517],[140.6045,38.6512],[140.6044,38.6509],[140.6045,38.6508],[140.6045,38.6506],[140.6047,38.6502],[140.6047,38.65],[140.6047,38.65],[140.6047,38.6497],[140.6047,38.6495],[140.6048,38.6494],[140.6052,38.6491],[140.6058,38.6488],[140.6058,38.6488],[140.6058,38.6488],[140.6052,38.6482],[140.6048,38.6478],[140.6044,38.6472],[140.6042,38.6466],[140.6039,38.6462],[140.6037,38.6459],[140.603,38.6449],[140.603,38.6445],[140.6029,38.644],[140.6029,38.6438],[140.6028,38.6437],[140.6025,38.6435],[140.6023,38.6432],[140.6021,38.6427],[140.602,38.6423],[140.6019,38.6417],[140.6019,38.6417],[140.6019,38.6416],[140.6019,38.6412],[140.602,38.6408],[140.602,38.6407],[140.602,38.6406],[140.6019,38.6405],[140.6016,38.6403],[140.6013,38.6399],[140.6012,38.6398],[140.6007,38.6396],[140.6005,38.6395],[140.6,38.6395],[140.6,38.6395],[140.5998,38.6395],[140.5993,38.6395],[140.5982,38.6394],[140.5974,38.6393],[140.5973,38.6392],[140.5967,38.6391],[140.5966,38.639],[140.5964,38.6388],[140.5961,38.6384],[140.596,38.6382],[140.5957,38.638],[140.5955,38.6375],[140.5955,38.6372],[140.5954,38.6371],[140.5953,38.6371],[140.5952,38.637],[140.5946,38.637],[140.5943,38.6369],[140.5939,38.6366],[140.5935,38.6365],[140.5929,38.6363],[140.5924,38.6361],[140.5919,38.6358],[140.5917,38.6356],[140.5917,38.6356],[140.5917,38.6356],[140.5913,38.6351],[140.591,38.6349],[140.5904,38.6345],[140.5902,38.6341],[140.5899,38.6338],[140.5887,38.6339],[140.5885,38.6339],[140.5879,38.6339],[140.5875,38.6341],[140.5872,38.6342],[140.5852,38.6349],[140.5846,38.635],[140.5843,38.6351],[140.5841,38.6353],[140.5836,38.6355],[140.5834,38.6355],[140.5833,38.6355],[140.583,38.6355],[140.5824,38.6356],[140.5811,38.6356],[140.5804,38.6356],[140.5798,38.6357],[140.5796,38.6358],[140.5793,38.6359],[140.5787,38.6362],[140.5784,38.6365],[140.5783,38.6365],[140.5782,38.6367],[140.5782,38.6371],[140.5783,38.6375],[140.5783,38.6376],[140.5782,38.6377],[140.578,38.638],[140.5777,38.6382],[140.5772,38.6384],[140.5767,38.6387],[140.5762,38.6391],[140.5759,38.6392],[140.5753,38.6391],[140.575,38.639],[140.575,38.6389],[140.5748,38.6388],[140.5743,38.6385],[140.5739,38.6381],[140.5734,38.6376],[140.5732,38.6375],[140.5728,38.6376],[140.5721,38.6378],[140.5717,38.638],[140.5711,38.6384],[140.5709,38.6384],[140.5705,38.6384],[140.5705,38.6384],[140.5697,38.638],[140.5694,38.6382],[140.5692,38.6388],[140.5691,38.6391],[140.5689,38.6398],[140.5687,38.6401],[140.5683,38.6405],[140.5683,38.6406],[140.5682,38.6411],[140.5679,38.6417],[140.5679,38.6417],[140.5678,38.6421],[140.5676,38.6424],[140.5674,38.6426],[140.5673,38.6427],[140.567,38.6432],[140.567,38.6434],[140.5669,38.6435],[140.5667,38.6437],[140.5667,38.6437],[140.5665,38.6439],[140.5661,38.6443],[140.566,38.6444],[140.5659,38.6447],[140.5658,38.645],[140.5658,38.6454],[140.5658,38.6454],[140.5658,38.6454],[140.5656,38.6456],[140.5653,38.6458],[140.5652,38.6458],[140.565,38.646],[140.5646,38.6463],[140.5644,38.6464],[140.5641,38.6467],[140.5638,38.647],[140.5638,38.6471],[140.5636,38.6473],[140.5633,38.6476],[140.5628,38.6481],[140.5626,38.6481],[140.5612,38.6481],[140.5609,38.6481],[140.5606,38.648],[140.5594,38.6477],[140.559,38.6477],[140.5588,38.6478],[140.5584,38.6478],[140.5583,38.6478],[140.5574,38.6478],[140.5571,38.6478],[140.5568,38.6478],[140.5563,38.6477],[140.5555,38.6475],[140.5547,38.6471],[140.5547,38.6471],[140.5545,38.6471],[140.554,38.6474],[140.5539,38.6475],[140.5538,38.6476],[140.5536,38.6476],[140.5527,38.6476],[140.5513,38.6475],[140.5512,38.6475],[140.5511,38.6475],[140.551,38.6476],[140.5507,38.6479],[140.5503,38.6484],[140.5502,38.6486],[140.55,38.6486],[140.55,38.6487],[140.55,38.6487],[140.5493,38.6489],[140.5487,38.649],[140.5481,38.6492],[140.5475,38.6494],[140.5472,38.6495],[140.5467,38.6497],[140.5465,38.6497],[140.5465,38.6497],[140.5459,38.6494],[140.5455,38.6491],[140.5444,38.6484],[140.5441,38.6481],[140.5441,38.6474],[140.5441,38.6472],[140.5439,38.6469],[140.5436,38.6465],[140.5435,38.6463],[140.5432,38.646],[140.5429,38.6456],[140.5425,38.6447],[140.5424,38.6442],[140.5422,38.6432],[140.5421,38.643],[140.5421,38.643],[140.5417,38.6425],[140.5417,38.6425],[140.5416,38.6424],[140.5415,38.6421],[140.5414,38.6417],[140.5414,38.6417],[140.5413,38.6411],[140.5411,38.6406],[140.5405,38.6394],[140.5404,38.6391],[140.5403,38.6386],[140.5401,38.6382],[140.5399,38.638],[140.5393,38.6375],[140.5383,38.6368],[140.5381,38.6366],[140.538,38.6364],[140.5379,38.6363],[140.5375,38.6357],[140.5374,38.6354],[140.5373,38.6346],[140.5374,38.6343],[140.5376,38.6338],[140.5383,38.6333],[140.5383,38.6333],[140.5385,38.6332],[140.5389,38.6328],[140.5392,38.6324],[140.5398,38.6317],[140.5404,38.631],[140.5412,38.6303],[140.5417,38.63],[140.5417,38.63],[140.5422,38.6297],[140.5423,38.6296],[140.5424,38.6295],[140.5424,38.6293],[140.5423,38.6289],[140.5418,38.6275],[140.5418,38.6269],[140.5419,38.6266],[140.5422,38.6258],[140.5423,38.6257],[140.5428,38.625],[140.5428,38.625],[140.5428,38.6249],[140.5429,38.6247],[140.5431,38.6242],[140.5433,38.624],[140.5435,38.6239],[140.5443,38.6234],[140.5454,38.6228],[140.5462,38.6223],[140.5469,38.622],[140.547,38.6218],[140.547,38.6218],[140.547,38.6217],[140.5471,38.6216],[140.5471,38.6214],[140.547,38.621],[140.547,38.6209],[140.5474,38.6206],[140.5476,38.6205],[140.5477,38.6204],[140.5478,38.6203],[140.5486,38.6202],[140.5496,38.62],[140.5498,38.62],[140.5499,38.6199],[140.5499,38.6197],[140.5495,38.6193],[140.5489,38.6187],[140.5488,38.6186],[140.5489,38.6184],[140.5492,38.618],[140.5494,38.6177],[140.5497,38.6174],[140.5498,38.6171],[140.5497,38.6167],[140.5497,38.6167],[140.5497,38.6165],[140.5498,38.6163],[140.55,38.6161],[140.55,38.616],[140.5501,38.616],[140.5509,38.6152],[140.5509,38.6152],[140.5516,38.6145],[140.5518,38.6143],[140.5519,38.6142],[140.552,38.6139],[140.5522,38.6133],[140.5523,38.6132],[140.5531,38.613],[140.5535,38.6128],[140.5537,38.6126],[140.5538,38.6124],[140.5541,38.6122],[140.5555,38.612],[140.5561,38.612],[140.5565,38.612],[140.5569,38.6116],[140.5571,38.6114],[140.5571,38.6114],[140.558,38.6112],[140.5581,38.6112],[140.5583,38.6111],[140.5583,38.611],[140.5584,38.611],[140.5588,38.6106],[140.5589,38.6105],[140.5589,38.6104],[140.559,38.6102],[140.5591,38.6101],[140.5593,38.6099],[140.5596,38.6097],[140.5601,38.6096],[140.5603,38.6095],[140.5605,38.6091],[140.5606,38.609],[140.5608,38.6088],[140.5609,38.6087],[140.5608,38.6083],[140.5608,38.6083],[140.5607,38.6083],[140.5607,38.6082],[140.5607,38.6081],[140.5608,38.6081],[140.5614,38.6075],[140.562,38.6074],[140.5621,38.6073],[140.5621,38.6073],[140.5624,38.6069],[140.5624,38.6067],[140.5624,38.6066],[140.5622,38.6059],[140.5621,38.6056],[140.5623,38.6052],[140.5623,38.6049],[140.5622,38.6047],[140.562,38.6045],[140.5614,38.6041],[140.5608,38.6039],[140.5605,38.6039],[140.5602,38.6038],[140.56,38.6037],[140.5596,38.6035],[140.559,38.6032],[140.5585,38.6029],[140.5584,38.6026],[140.5584,38.6026],[140.5583,38.6026],[140.5583,38.6024],[140.5583,38.6023],[140.5583,38.6022],[140.5584,38.6021],[140.5584,38.6021],[140.5591,38.6011],[140.5593,38.6007],[140.5592,38.6006],[140.5592,38.6005],[140.5589,38.6],[140.5589,38.6],[140.5589,38.5999],[140.5589,38.5985],[140.5586,38.598],[140.5584,38.5976],[140.5602,38.5973],[140.5607,38.5972],[140.5609,38.5972],[140.5611,38.5971],[140.5612,38.597],[140.5617,38.5967],[140.5624,38.5961],[140.5629,38.5961],[140.5635,38.596],[140.5639,38.5958],[140.5644,38.5955],[140.5651,38.5953],[140.5657,38.5951],[140.5662,38.5948],[140.5667,38.5947],[140.5667,38.5947],[140.567,38.5946],[140.5676,38.5945],[140.5682,38.5945],[140.5685,38.5944],[140.5694,38.5942],[140.5695,38.5942],[140.5697,38.5941],[140.5697,38.5941],[140.5698,38.594],[140.5697,38.5937],[140.5696,38.5936],[140.5695,38.5934],[140.5694,38.5933],[140.5694,38.5932],[140.5692,38.593],[140.5687,38.5925],[140.5685,38.5923],[140.5684,38.592],[140.5682,38.5917],[140.5682,38.5917],[140.5681,38.5915],[140.5679,38.5909],[140.5678,38.5904],[140.5679,38.59],[140.5681,38.5896],[140.5684,38.5896],[140.5685,38.5895],[140.5686,38.5894],[140.5689,38.5888],[140.5691,38.5887],[140.5698,38.5885],[140.5701,38.5882],[140.5708,38.5877],[140.571,38.5874],[140.5712,38.587],[140.5717,38.5868],[140.572,38.5866],[140.5721,38.5865],[140.572,38.5863],[140.5719,38.5857],[140.5722,38.5848],[140.5722,38.5845],[140.5722,38.5843],[140.5722,38.5842],[140.5721,38.5841],[140.5718,38.5837],[140.5716,38.5833],[140.5715,38.5833],[140.5714,38.5831],[140.571,38.5824],[140.5709,38.5823],[140.5709,38.582],[140.5711,38.5815],[140.5713,38.5811],[140.5714,38.581],[140.5714,38.5808],[140.5714,38.5807],[140.5713,38.5806],[140.5711,38.5805],[140.571,38.5803],[140.571,38.5803],[140.5711,38.5802],[140.5717,38.5798],[140.5724,38.5794],[140.5729,38.5791],[140.573,38.5789],[140.5731,38.5788],[140.5732,38.5786],[140.5734,38.5781],[140.5735,38.5777],[140.5735,38.5771],[140.5735,38.5768],[140.5737,38.5765],[140.5736,38.5763],[140.5742,38.5757],[140.575,38.5751],[140.575,38.5751],[140.5751,38.575],[140.5751,38.575],[140.5751,38.575],[140.5755,38.5747],[140.5756,38.5746],[140.5756,38.5745],[140.5756,38.5744],[140.5752,38.5736],[140.5751,38.5733],[140.575,38.5732],[140.575,38.5732],[140.575,38.5731],[140.575,38.5731],[140.575,38.573],[140.5749,38.5725],[140.575,38.5724],[140.575,38.5724],[140.575,38.5723],[140.5751,38.5722],[140.5756,38.5718],[140.576,38.5714],[140.5762,38.5709],[140.5765,38.5707],[140.5766,38.5705],[140.5769,38.5704],[140.5772,38.5704],[140.5774,38.5705],[140.5778,38.5706],[140.578,38.5705],[140.5783,38.5704],[140.5784,38.5702],[140.5785,38.5701],[140.5785,38.57],[140.5785,38.5697],[140.5783,38.5693],[140.5783,38.5691],[140.5783,38.569],[140.5783,38.5689],[140.5786,38.5686],[140.5787,38.5684],[140.5787,38.5683],[140.5787,38.5682],[140.5786,38.5681],[140.5785,38.5679],[140.5781,38.5676],[140.5776,38.5673],[140.577,38.5671],[140.5769,38.567],[140.5761,38.5668],[140.5757,38.5667],[140.5757,38.5667],[140.5755,38.5666],[140.575,38.5663],[140.575,38.5663],[140.575,38.5663],[140.5746,38.5661],[140.5744,38.566],[140.5741,38.5656],[140.5739,38.5653],[140.5739,38.5653],[140.5737,38.5651],[140.5732,38.5648],[140.5727,38.5645],[140.5722,38.564],[140.5719,38.5637],[140.5716,38.5634],[140.5712,38.5633],[140.5705,38.563],[140.5702,38.563],[140.5696,38.563],[140.5693,38.563],[140.5691,38.5629],[140.5688,38.5628],[140.5686,38.5625],[140.5683,38.5618],[140.5681,38.5613],[140.5679,38.5608],[140.5677,38.5606],[140.5676,38.5605],[140.5673,38.5605],[140.5671,38.5605],[140.5667,38.5605],[140.5667,38.5605],[140.5666,38.5605],[140.5665,38.5604],[140.5664,38.5604],[140.5664,38.5602],[140.5665,38.56],[140.5665,38.5598],[140.5666,38.5596],[140.5667,38.5595],[140.5667,38.5595],[140.5668,38.5594],[140.5669,38.5593],[140.567,38.5592],[140.5672,38.559],[140.5673,38.5588],[140.5673,38.5588],[140.5675,38.5587],[140.5679,38.5587],[140.5682,38.5586],[140.5686,38.5585],[140.5688,38.5584],[140.5688,38.5583],[140.5688,38.5583],[140.569,38.5581],[140.569,38.5579],[140.5691,38.5579],[140.5691,38.5578],[140.569,38.5577],[140.569,38.5575],[140.569,38.5574],[140.5691,38.5573],[140.5696,38.5568],[140.5699,38.5565],[140.57,38.5564],[140.57,38.5563],[140.57,38.5562],[140.5699,38.556],[140.5699,38.5558],[140.5699,38.5556],[140.5699,38.5552],[140.5697,38.5548],[140.5692,38.5543],[140.5687,38.5537],[140.5682,38.5531],[140.568,38.5529],[140.5678,38.5525],[140.5675,38.5523],[140.5671,38.5521],[140.5667,38.5519],[140.5667,38.5519],[140.5665,38.5519],[140.5664,38.5518],[140.5663,38.5517],[140.5664,38.5513],[140.5665,38.5507],[140.5666,38.5505],[140.5667,38.5504],[140.5667,38.5503],[140.5667,38.5502],[140.5668,38.5501],[140.5668,38.55],[140.5668,38.55],[140.5668,38.55],[140.5668,38.5499],[140.5667,38.5498],[140.5667,38.5498],[140.5667,38.5498],[140.5665,38.5495],[140.5663,38.5491],[140.5659,38.5488],[140.5656,38.5485],[140.5653,38.5481],[140.5652,38.548],[140.5652,38.5478],[140.5652,38.5477],[140.5652,38.5476],[140.5651,38.5474],[140.565,38.547],[140.5649,38.5466],[140.5649,38.5464],[140.5648,38.546],[140.5647,38.5459],[140.5646,38.5457],[140.5645,38.5456],[140.564,38.5455],[140.5639,38.5455],[140.5633,38.5454],[140.5627,38.5452],[140.5626,38.5452],[140.5625,38.5451],[140.5621,38.5446],[140.5617,38.5443],[140.5615,38.5441],[140.5614,38.5439],[140.561,38.5435],[140.5609,38.5434],[140.5605,38.5431],[140.5602,38.5429],[140.5602,38.5428],[140.5603,38.5427],[140.5603,38.5426],[140.5602,38.5425],[140.5602,38.5424],[140.56,38.5422],[140.5596,38.5423],[140.559,38.5424],[140.5584,38.5426],[140.5584,38.5426],[140.5583,38.5427],[140.5579,38.5429],[140.5577,38.543],[140.5574,38.543],[140.5573,38.543],[140.5572,38.5429],[140.557,38.5429],[140.5568,38.5429],[140.5565,38.5428],[140.5561,38.5428],[140.5559,38.5427],[140.5557,38.5426],[140.5554,38.5424],[140.5553,38.5423],[140.555,38.5421],[140.5545,38.5417],[140.5545,38.5417],[140.5545,38.5417],[140.5543,38.5414],[140.5542,38.5411],[140.5541,38.5408],[140.5541,38.5405],[140.5542,38.5403],[140.5543,38.5402],[140.5544,38.5398],[140.5545,38.5394],[140.5546,38.5392],[140.5546,38.5391],[140.5545,38.539],[140.5542,38.5386],[140.5541,38.5384],[140.5541,38.5382],[140.5541,38.538],[140.5542,38.5378],[140.5543,38.5376],[140.5547,38.5372],[140.5549,38.5371],[140.5549,38.537],[140.5549,38.5369],[140.5549,38.5368],[140.5548,38.5366],[140.5547,38.5364],[140.5547,38.5362],[140.5546,38.5359],[140.5545,38.5355],[140.5544,38.5353],[140.5544,38.5351],[140.5544,38.5349],[140.5545,38.5346],[140.5547,38.5341],[140.5547,38.5341],[140.5549,38.534],[140.555,38.5339],[140.5552,38.5339],[140.5559,38.5338],[140.556,38.5337],[140.5562,38.5337],[140.5562,38.5336],[140.5562,38.5336],[140.5561,38.5333],[140.5561,38.5333],[140.5559,38.533],[140.5557,38.5325],[140.5556,38.5322],[140.5553,38.5318],[140.5551,38.5313],[140.5551,38.531],[140.5552,38.5309],[140.5555,38.5303],[140.5557,38.53],[140.5559,38.5298],[140.556,38.5298],[140.5561,38.5298],[140.5563,38.5297],[140.5573,38.5298],[140.558,38.5299],[140.5582,38.5299],[140.5583,38.5298],[140.5584,38.5298],[140.5584,38.5298],[140.5591,38.5292],[140.5597,38.5288],[140.5597,38.5288],[140.5603,38.5283],[140.5607,38.5278],[140.5618,38.5271],[140.5622,38.5268],[140.5625,38.5267],[140.5629,38.5267],[140.5637,38.5267],[140.5644,38.5268],[140.5648,38.5269],[140.5653,38.527],[140.5656,38.527],[140.5661,38.5271],[140.5663,38.5272],[140.5665,38.5273],[140.5667,38.5274],[140.5667,38.5274],[140.5669,38.5275],[140.5671,38.5276],[140.5676,38.5277],[140.5679,38.5278],[140.5683,38.5278],[140.5687,38.5277],[140.5689,38.5275],[140.5691,38.5271],[140.5692,38.5271],[140.5694,38.5269],[140.57,38.5264],[140.5703,38.5262],[140.5705,38.5262],[140.5706,38.5261],[140.571,38.5261],[140.5712,38.5261],[140.5715,38.526],[140.5718,38.5258],[140.572,38.5256],[140.5718,38.5255],[140.5716,38.5252],[140.5714,38.525],[140.5714,38.525],[140.5713,38.5248],[140.5712,38.5247],[140.5709,38.5245],[140.5703,38.5243],[140.57,38.5241],[140.5698,38.524],[140.5696,38.5238],[140.5694,38.5235],[140.5692,38.5233],[140.5688,38.5229],[140.5686,38.5226],[140.5684,38.5225],[140.5684,38.5223],[140.5682,38.5217],[140.5681,38.5213],[140.5679,38.5208],[140.5679,38.5207],[140.5678,38.5202],[140.5677,38.5196],[140.5677,38.5194],[140.5678,38.5192],[140.5679,38.519],[140.5683,38.5188],[140.5686,38.5188],[140.5689,38.5186],[140.5694,38.5182],[140.5696,38.518],[140.5698,38.5179],[140.5704,38.5177],[140.5705,38.5176],[140.5705,38.5175],[140.5704,38.5173],[140.5704,38.5172],[140.5703,38.5167],[140.5703,38.5167],[140.5703,38.5165],[140.5703,38.5155],[140.5703,38.5154],[140.5703,38.5153],[140.5702,38.5152],[140.57,38.5151],[140.5695,38.5148],[140.5691,38.5144],[140.5688,38.5142],[140.5686,38.514],[140.5684,38.514],[140.5681,38.5139],[140.5681,38.5139],[140.5674,38.5139],[140.567,38.514],[140.5668,38.514],[140.5667,38.5139],[140.5667,38.5139],[140.5666,38.5139],[140.5663,38.5138],[140.566,38.5135],[140.5657,38.5131],[140.5652,38.5125],[140.5646,38.512],[140.5639,38.5112],[140.5637,38.511],[140.5635,38.5108],[140.5635,38.5107],[140.5635,38.5106],[140.5637,38.5105],[140.5639,38.5105],[140.5641,38.5104],[140.5643,38.5101],[140.5644,38.5098],[140.5645,38.5096],[140.5645,38.5093],[140.5646,38.509],[140.5648,38.5088],[140.5652,38.5085],[140.5654,38.5083],[140.5654,38.5083],[140.5656,38.5081],[140.5658,38.5079],[140.5659,38.5079],[140.5661,38.5077],[140.5666,38.5074],[140.5667,38.5073],[140.5667,38.5073],[140.5667,38.5072],[140.5669,38.5072],[140.5672,38.507],[140.5678,38.5068],[140.5683,38.5066],[140.5687,38.5063],[140.569,38.5061],[140.5692,38.506],[140.5692,38.5057],[140.5694,38.5053],[140.5694,38.5048],[140.5693,38.5043],[140.5693,38.5042],[140.5692,38.5039],[140.5691,38.5038],[140.5689,38.5037],[140.5688,38.5036],[140.5685,38.5035],[140.5681,38.5033],[140.5679,38.5032],[140.5677,38.5029],[140.5675,38.5024],[140.5675,38.5023],[140.5673,38.502],[140.5673,38.5018],[140.5673,38.5016],[140.5674,38.5013],[140.5675,38.5012],[140.5677,38.501],[140.568,38.5009],[140.5685,38.5007],[140.5688,38.5005],[140.569,38.5003],[140.5695,38.5001],[140.5696,38.5],[140.5696,38.5],[140.5699,38.4998],[140.5701,38.4997],[140.5706,38.4994],[140.5709,38.4991],[140.5711,38.499],[140.5711,38.4989],[140.5715,38.4985],[140.5717,38.4982],[140.5718,38.498],[140.5721,38.4975],[140.5722,38.4975],[140.5725,38.4973],[140.5729,38.4973],[140.5732,38.4972],[140.5734,38.4972],[140.5736,38.4969],[140.5737,38.4966],[140.5737,38.4964],[140.5737,38.496],[140.5736,38.4956],[140.5736,38.4954],[140.5736,38.4953],[140.5737,38.4949],[140.5738,38.4948],[140.5741,38.4947],[140.5744,38.4946],[140.575,38.4945],[140.575,38.4945],[140.5751,38.4945],[140.5754,38.4943],[140.5763,38.4941],[140.5764,38.494],[140.5768,38.4938],[140.5771,38.4937],[140.5773,38.4937],[140.5775,38.4938],[140.5777,38.4939],[140.578,38.4941],[140.578,38.4941],[140.5782,38.4942],[140.5784,38.4943],[140.5786,38.4944],[140.5789,38.4943],[140.5791,38.4941],[140.5792,38.494],[140.5793,38.4939],[140.5795,38.4936],[140.5797,38.4933],[140.5798,38.4932],[140.5798,38.4931],[140.5803,38.4928],[140.5805,38.4927],[140.5808,38.4925],[140.5812,38.4924],[140.5814,38.4922],[140.5816,38.4921],[140.5822,38.4917],[140.5822,38.4917],[140.5822,38.4917],[140.5824,38.4915],[140.5824,38.4915],[140.5828,38.4914],[140.5831,38.4913],[140.5833,38.4912],[140.5834,38.4911],[140.5834,38.4911],[140.5837,38.491],[140.584,38.491],[140.5843,38.4909],[140.5845,38.491],[140.5849,38.491],[140.5851,38.491],[140.5854,38.491],[140.5857,38.4908],[140.5859,38.4907],[140.5863,38.4906],[140.5865,38.4906],[140.5868,38.4906],[140.5871,38.4906],[140.5872,38.4905],[140.5875,38.4905],[140.5878,38.4905],[140.5884,38.4905],[140.5887,38.4905],[140.5892,38.4904],[140.5894,38.4904],[140.5897,38.4903],[140.5899,38.4901],[140.5902,38.49],[140.5906,38.4897],[140.5909,38.4897],[140.5911,38.4896],[140.5915,38.4896],[140.5917,38.4895],[140.5917,38.4895],[140.5921,38.4895],[140.5924,38.4894],[140.5927,38.4894],[140.5933,38.4891],[140.5934,38.489],[140.5946,38.4886],[140.5949,38.4885],[140.5954,38.4882],[140.5957,38.4881],[140.5961,38.4879],[140.5967,38.4877],[140.597,38.4876],[140.5974,38.4875],[140.5975,38.4875],[140.5977,38.4874],[140.5982,38.487],[140.5984,38.4868],[140.5985,38.4865],[140.5986,38.4864],[140.5987,38.486],[140.5987,38.4857],[140.5988,38.4855],[140.5989,38.4849],[140.599,38.4847],[140.5992,38.4845],[140.5995,38.4843],[140.5997,38.4841],[140.6,38.484],[140.6,38.4839],[140.6,38.4839],[140.6003,38.4839],[140.6008,38.4839],[140.6012,38.4839],[140.6016,38.4838],[140.6019,38.4837],[140.6023,38.4834],[140.6024,38.4833],[140.6024,38.4833],[140.6025,38.4833],[140.6033,38.4828],[140.6034,38.4827],[140.604,38.4824],[140.6042,38.4823],[140.6044,38.482],[140.6043,38.4818],[140.6043,38.4816],[140.6043,38.4816],[140.604,38.4813],[140.6039,38.4811],[140.6038,38.4809],[140.6036,38.4807],[140.6034,38.4805],[140.6033,38.4803],[140.6032,38.4801],[140.6031,38.4798],[140.603,38.4796],[140.6028,38.4793],[140.6027,38.4791],[140.6027,38.4789],[140.6028,38.4785],[140.6029,38.4783],[140.6029,38.4781],[140.6029,38.4779],[140.6029,38.4776],[140.603,38.4774],[140.6032,38.4773],[140.6033,38.4771],[140.6034,38.4769],[140.6036,38.4766],[140.6038,38.4765],[140.6042,38.4762],[140.6045,38.4759],[140.6047,38.4758],[140.6052,38.4755],[140.6053,38.4753],[140.6054,38.4752],[140.6056,38.475],[140.6056,38.475],[140.6058,38.4748],[140.6059,38.4746],[140.606,38.4744],[140.606,38.4739],[140.606,38.4739],[140.606,38.4737],[140.6065,38.4732],[140.6067,38.4729],[140.6068,38.4727],[140.6069,38.4725],[140.607,38.4721],[140.607,38.4719],[140.6071,38.4716],[140.6072,38.4712],[140.6073,38.4709],[140.6075,38.4707],[140.6078,38.4702],[140.6078,38.47],[140.608,38.4698],[140.6081,38.4693],[140.6081,38.469],[140.6082,38.4688],[140.6081,38.4683],[140.608,38.468],[140.608,38.4678],[140.6079,38.4673],[140.6079,38.467],[140.6079,38.4667],[140.6079,38.4667],[140.6079,38.4667],[140.6078,38.4664],[140.6077,38.4662],[140.6075,38.466],[140.6074,38.4657],[140.6072,38.4654],[140.6072,38.4654],[140.6072,38.4651],[140.6071,38.4648],[140.6071,38.4646],[140.6069,38.4641],[140.6068,38.4639],[140.6067,38.4637],[140.6063,38.4633],[140.6063,38.4632],[140.6064,38.463],[140.6065,38.4627],[140.6067,38.4624],[140.6068,38.4619],[140.6068,38.4615],[140.6069,38.4609],[140.607,38.4606],[140.6074,38.4602],[140.6075,38.46],[140.6078,38.4596],[140.6081,38.459],[140.6082,38.4587],[140.6082,38.4584],[140.6083,38.4584],[140.6084,38.4584],[140.6085,38.4583],[140.6085,38.4583],[140.6095,38.4581],[140.6099,38.4581],[140.61,38.4581],[140.6103,38.4581],[140.6107,38.4581],[140.6112,38.458],[140.6115,38.4579],[140.612,38.4578],[140.6125,38.4577],[140.6129,38.4576],[140.6134,38.4574],[140.6138,38.4572],[140.6141,38.4571],[140.6143,38.457],[140.6146,38.457],[140.615,38.457],[140.6155,38.4571],[140.6159,38.4571],[140.6163,38.457],[140.6167,38.457],[140.6167,38.457],[140.6167,38.457],[140.6169,38.4569],[140.6172,38.4568],[140.618,38.4566],[140.6197,38.4558],[140.6197,38.4556],[140.6199,38.4554],[140.62,38.4552],[140.62,38.4548],[140.6198,38.4548],[140.6197,38.4547],[140.6194,38.4547],[140.6192,38.4547],[140.619,38.4546],[140.6186,38.4546],[140.6182,38.4546],[140.6179,38.4546],[140.6178,38.4546],[140.6175,38.4545],[140.6168,38.4545],[140.6167,38.4544],[140.6167,38.4544],[140.6164,38.4544],[140.616,38.4544],[140.6154,38.4543],[140.615,38.4543],[140.6147,38.4542],[140.6143,38.4541],[140.614,38.4539],[140.6137,38.4538],[140.6134,38.4536],[140.6132,38.4534],[140.613,38.4532],[140.6128,38.4529],[140.6126,38.4528],[140.6126,38.4527],[140.6125,38.4524],[140.6123,38.4522],[140.6122,38.4519],[140.6121,38.4516],[140.612,38.4515],[140.612,38.4513],[140.6119,38.4511],[140.6118,38.4509],[140.6116,38.4508],[140.6114,38.4506],[140.6113,38.4503],[140.6112,38.4501],[140.6111,38.45],[140.6111,38.45],[140.6111,38.4499],[140.6109,38.4493],[140.6108,38.449],[140.6107,38.4488],[140.6105,38.4482],[140.6104,38.448],[140.6103,38.4477],[140.6103,38.4476],[140.6102,38.4474],[140.6099,38.4473],[140.6098,38.447],[140.6097,38.4468],[140.6096,38.4464],[140.6095,38.4463],[140.6093,38.4461],[140.6091,38.446],[140.6089,38.4459],[140.6086,38.4457],[140.6086,38.4454],[140.6085,38.4452],[140.6084,38.4448],[140.6084,38.4447],[140.6084,38.4447],[140.6084,38.4447],[140.6083,38.4447],[140.6082,38.4445],[140.6081,38.4444],[140.608,38.4444],[140.6077,38.4443],[140.6074,38.4442],[140.6071,38.4442],[140.607,38.4442],[140.6067,38.4443],[140.6063,38.4443],[140.606,38.4443],[140.6056,38.4444],[140.6053,38.4443],[140.605,38.4443],[140.6047,38.4442],[140.6044,38.444],[140.6042,38.4439],[140.6039,38.4437],[140.6037,38.4435],[140.6035,38.4433],[140.6033,38.4432],[140.6031,38.443],[140.6029,38.4427],[140.6028,38.4426],[140.6028,38.4422],[140.6027,38.442],[140.6027,38.4418],[140.6026,38.4417],[140.6026,38.4417],[140.6026,38.4416],[140.6025,38.4415],[140.6023,38.4413],[140.6021,38.441],[140.6019,38.4409],[140.6017,38.4409],[140.6015,38.4409],[140.6013,38.441],[140.6011,38.441],[140.6008,38.4409],[140.6006,38.4407],[140.6004,38.4405],[140.6002,38.4403],[140.6001,38.4402],[140.6,38.4401],[140.6,38.4401],[140.5999,38.44],[140.5996,38.4397],[140.5994,38.4395],[140.5992,38.4393],[140.599,38.439],[140.5988,38.4387],[140.5987,38.4385],[140.5986,38.4383],[140.5985,38.438],[140.5982,38.4375],[140.5979,38.4367],[140.5978,38.4366],[140.5978,38.4365],[140.5974,38.4367],[140.5971,38.4369],[140.5968,38.437],[140.5966,38.4373],[140.5964,38.4375],[140.5963,38.4377],[140.596,38.4383],[140.5959,38.4384],[140.5957,38.4386],[140.5955,38.4388],[140.5953,38.4389],[140.5951,38.4391],[140.5949,38.4392],[140.5947,38.4394],[140.5945,38.4397],[140.5944,38.44],[140.5943,38.4401],[140.5942,38.4402],[140.5937,38.4406],[140.5934,38.4408],[140.5932,38.441],[140.5929,38.4413],[140.5928,38.4415],[140.5925,38.4417],[140.5925,38.4417],[140.5924,38.4417],[140.5923,38.4417],[140.5923,38.4417],[140.5922,38.4415],[140.592,38.4412],[140.5919,38.4409],[140.5918,38.4407],[140.5917,38.4406],[140.5917,38.4406],[140.5915,38.4404],[140.5911,38.44],[140.5909,38.4398],[140.5906,38.4396],[140.5903,38.4395],[140.59,38.4393],[140.5898,38.4392],[140.5895,38.4391],[140.5893,38.4392],[140.589,38.4392],[140.5887,38.4393],[140.5884,38.4395],[140.5879,38.4399],[140.5876,38.44],[140.5873,38.4402],[140.5862,38.4405],[140.5859,38.4405],[140.5858,38.4406],[140.5856,38.4405],[140.5853,38.4404],[140.5847,38.44],[140.5845,38.4399],[140.5842,38.4397],[140.5839,38.4395],[140.5836,38.4394],[140.5834,38.4394],[140.5833,38.4394],[140.5833,38.4394],[140.5832,38.4393],[140.5829,38.4391],[140.5827,38.4389],[140.5826,38.4388],[140.5824,38.4386],[140.5822,38.4383],[140.5821,38.438],[140.582,38.4378],[140.5818,38.4376],[140.5816,38.4375],[140.5813,38.4375],[140.5811,38.4374],[140.5806,38.4374],[140.5804,38.4373],[140.5803,38.4372],[140.5804,38.437],[140.5805,38.4367],[140.5805,38.4361],[140.5805,38.436],[140.5805,38.4359],[140.5804,38.4353],[140.5805,38.435],[140.5805,38.4349],[140.5811,38.4344],[140.5814,38.4342],[140.5815,38.434],[140.5817,38.4337],[140.5817,38.4334],[140.5817,38.4333],[140.5817,38.4333],[140.5814,38.4328],[140.5813,38.4326],[140.5812,38.4323],[140.581,38.4317],[140.581,38.4315],[140.581,38.4313],[140.5811,38.4307],[140.5811,38.4304],[140.5811,38.4302],[140.5808,38.4297],[140.5807,38.4294],[140.5807,38.4292],[140.5805,38.4286],[140.5804,38.4284],[140.5804,38.4281],[140.5804,38.4278],[140.5805,38.4275],[140.5805,38.4273],[140.5805,38.427],[140.5805,38.4268],[140.5803,38.4265],[140.58,38.4262],[140.5799,38.426],[140.5796,38.4257],[140.5796,38.4256],[140.5794,38.4253],[140.5793,38.4251],[140.5793,38.425],[140.5793,38.425],[140.5792,38.4248],[140.5792,38.4246],[140.5793,38.4242],[140.5793,38.424],[140.5794,38.4235],[140.5794,38.4232],[140.5792,38.423],[140.5789,38.4229],[140.5786,38.4227],[140.5783,38.4225],[140.578,38.4224],[140.5779,38.4221],[140.5779,38.4219],[140.5779,38.4216],[140.5779,38.4214],[140.578,38.4211],[140.5783,38.4206],[140.5783,38.4203],[140.5782,38.4202],[140.5777,38.4196],[140.5776,38.4195],[140.5774,38.4192],[140.577,38.4189],[140.5766,38.4185],[140.5756,38.4176],[140.5751,38.4172],[140.575,38.4171],[140.575,38.4171],[140.5748,38.4169],[140.5745,38.4167],[140.5745,38.4167],[140.5745,38.4166],[140.574,38.4161],[140.5736,38.4158],[140.5733,38.4156],[140.5726,38.4155],[140.5722,38.4153],[140.572,38.4152],[140.5718,38.4149],[140.5716,38.4144],[140.5716,38.4144],[140.5714,38.4136],[140.5713,38.4134],[140.5713,38.4131],[140.5714,38.4124],[140.5715,38.4118],[140.5715,38.4115],[140.5713,38.4111],[140.5713,38.4107],[140.5713,38.4106],[140.5718,38.4101],[140.5722,38.4097],[140.5726,38.4093],[140.5733,38.4083],[140.5733,38.4083],[140.5734,38.4082],[140.5737,38.4077],[140.5738,38.4076],[140.5738,38.4074],[140.5735,38.4061],[140.5734,38.4057],[140.5734,38.4054],[140.5735,38.4052],[140.5737,38.405],[140.5743,38.4044],[140.5744,38.4043],[140.5744,38.4042],[140.5742,38.4038],[140.574,38.4032],[140.574,38.4029],[140.574,38.4026],[140.5743,38.4016],[140.5743,38.4014],[140.5743,38.4009],[140.5742,38.4004],[140.5742,38.4002],[140.5742,38.4],[140.5742,38.4],[140.5743,38.3996],[140.5743,38.3989],[140.5745,38.3982],[140.5746,38.3979],[140.5746,38.3975],[140.5746,38.3975],[140.5746,38.3972],[140.5745,38.3968],[140.5745,38.3967],[140.5747,38.3965],[140.5748,38.3965],[140.575,38.3964],[140.575,38.3964],[140.5754,38.3963],[140.5763,38.3959],[140.5767,38.3957],[140.577,38.3954],[140.5771,38.3953],[140.5772,38.395],[140.5775,38.3945],[140.5778,38.3938],[140.5782,38.393],[140.5782,38.3929],[140.5782,38.3928],[140.5781,38.3927],[140.5773,38.3924],[140.577,38.3923],[140.5767,38.3921],[140.5763,38.3919],[140.5761,38.3917],[140.5761,38.3917],[140.5757,38.3913],[140.5754,38.391],[140.5753,38.3908],[140.575,38.3905],[140.575,38.3905],[140.5748,38.3903],[140.5745,38.39],[140.574,38.3896],[140.5737,38.3895],[140.5735,38.3893],[140.573,38.389],[140.5726,38.3889],[140.5719,38.3887],[140.5717,38.3886],[140.5717,38.3884],[140.5717,38.3883],[140.5716,38.3879],[140.5714,38.3874],[140.5713,38.3873],[140.5704,38.3869],[140.5701,38.3867],[140.5694,38.3863],[140.5691,38.3862],[140.5688,38.3861],[140.5685,38.3859],[140.5683,38.3857],[140.5679,38.3855],[140.5677,38.3854],[140.5676,38.3853],[140.5675,38.3853],[140.5675,38.3852],[140.5676,38.385],[140.5675,38.3848],[140.5675,38.3847],[140.5673,38.3845],[140.567,38.384],[140.5667,38.3837],[140.5667,38.3836],[140.5667,38.3836],[140.5666,38.3833],[140.5666,38.3833],[140.5666,38.3833],[140.5662,38.3824],[140.5662,38.3824],[140.566,38.382],[140.5659,38.3818],[140.5657,38.3814],[140.5656,38.381],[140.5655,38.3807],[140.5653,38.3804],[140.5649,38.38],[140.5648,38.3798],[140.5644,38.3792],[140.564,38.3786],[140.5637,38.3774],[140.5635,38.3773],[140.5634,38.3772],[140.5632,38.3772],[140.5628,38.3773],[140.5625,38.3773],[140.5622,38.3773],[140.5617,38.3772],[140.5613,38.3771],[140.5611,38.3772],[140.561,38.3772],[140.5609,38.3773],[140.5607,38.3776],[140.5605,38.3777],[140.5603,38.3778],[140.5602,38.3777],[140.5596,38.3776],[140.5591,38.3775],[140.5588,38.3774],[140.5585,38.3774],[140.5584,38.3774],[140.5583,38.3774],[140.5582,38.3774],[140.5577,38.3774],[140.5566,38.3776],[140.5563,38.3776],[140.5562,38.3776],[140.5561,38.3776],[140.5552,38.3772],[140.5543,38.3765],[140.5541,38.3764],[140.5538,38.3764],[140.5532,38.3765],[140.5527,38.3766],[140.5526,38.3765],[140.5522,38.3762],[140.5517,38.3757],[140.5511,38.375],[140.5511,38.375],[140.5508,38.3746],[140.5507,38.3743],[140.5504,38.3738],[140.5503,38.3735],[140.55,38.3727],[140.55,38.3727],[140.55,38.3726],[140.5499,38.3725],[140.5497,38.3723],[140.5496,38.3722],[140.5496,38.3721],[140.5497,38.3719],[140.5498,38.3717],[140.55,38.3715],[140.55,38.3714],[140.5501,38.3713],[140.5503,38.371],[140.5503,38.3709],[140.55,38.3706],[140.55,38.3706],[140.5498,38.3705],[140.5494,38.3702],[140.5489,38.3695],[140.5486,38.3693],[140.5479,38.3689],[140.5477,38.3687],[140.5476,38.3686],[140.5475,38.3684],[140.5475,38.368],[140.5474,38.3676],[140.5472,38.367],[140.5471,38.3667],[140.5471,38.3667],[140.547,38.3661],[140.5469,38.3659],[140.5465,38.3654],[140.5459,38.3645],[140.5457,38.3642],[140.5455,38.3641],[140.5455,38.3641],[140.5454,38.3641],[140.5449,38.3641],[140.5446,38.364],[140.5443,38.364],[140.5438,38.3638],[140.5431,38.3635],[140.5429,38.3634],[140.5424,38.3631],[140.5419,38.3628],[140.5417,38.3626],[140.5417,38.3626],[140.5416,38.3625],[140.5412,38.3622],[140.541,38.3621],[140.5409,38.3621],[140.5404,38.3621],[140.5396,38.3622],[140.5392,38.3622],[140.5386,38.3623],[140.538,38.3623],[140.5375,38.3623],[140.5369,38.3622],[140.5363,38.3622],[140.5359,38.362],[140.5357,38.362],[140.5354,38.362],[140.5353,38.362],[140.5351,38.362],[140.5346,38.3622],[140.5344,38.3622],[140.5337,38.3621],[140.5335,38.3619],[140.5334,38.3619],[140.5333,38.3619],[140.5332,38.3618],[140.533,38.3617],[140.5327,38.3616],[140.5324,38.3615],[140.5317,38.3612],[140.5311,38.3609],[140.5309,38.3607],[140.5305,38.3604],[140.5302,38.3602],[140.5299,38.3601],[140.5293,38.3599],[140.5285,38.3593],[140.5279,38.3587],[140.5276,38.3585],[140.5274,38.3583],[140.5274,38.3583],[140.527,38.3581],[140.5267,38.3579],[140.5264,38.3576],[140.5263,38.3575],[140.5262,38.3573],[140.5258,38.3567],[140.5256,38.3562],[140.5254,38.3559],[140.525,38.3553],[140.525,38.3553],[140.525,38.3553],[140.5249,38.3551],[140.5246,38.3549],[140.5241,38.3546],[140.5239,38.3545],[140.5237,38.3542],[140.5233,38.3537],[140.5232,38.3536],[140.5232,38.3535],[140.523,38.3534],[140.5228,38.3532],[140.5226,38.353],[140.5225,38.3525],[140.5225,38.3522],[140.5223,38.3517],[140.5222,38.3514],[140.5218,38.3506],[140.5217,38.35],[140.5217,38.35],[140.5217,38.3498],[140.5217,38.3497],[140.5217,38.3497],[140.5217,38.3496],[140.5219,38.3492],[140.5221,38.3489],[140.5222,38.3485],[140.5221,38.3482],[140.5219,38.348],[140.5218,38.3479],[140.5216,38.3477],[140.5216,38.3476],[140.5216,38.3473],[140.5217,38.347],[140.5219,38.3463],[140.522,38.346],[140.522,38.3455],[140.5222,38.345],[140.5223,38.3447],[140.5225,38.3444],[140.5226,38.3442],[140.5228,38.3441],[140.523,38.3439],[140.5232,38.3438],[140.5233,38.3436],[140.5234,38.3434],[140.5237,38.3429],[140.5238,38.3427],[140.5238,38.3422],[140.5239,38.3417],[140.524,38.3417],[140.524,38.3417],[140.5241,38.3414],[140.5241,38.3413],[140.5241,38.3411],[140.5239,38.3404],[140.5238,38.3401],[140.5237,38.34],[140.5237,38.3399],[140.5238,38.3393],[140.5238,38.3392],[140.5239,38.339],[140.524,38.3389],[140.5241,38.3387],[140.5242,38.3384],[140.5243,38.3379],[140.5246,38.3375],[140.5248,38.3369],[140.525,38.3364],[140.525,38.3363],[140.525,38.3363],[140.5251,38.3354],[140.5252,38.3348],[140.5253,38.334],[140.5254,38.3336],[140.5253,38.3333],[140.5253,38.3333],[140.5252,38.3332],[140.5252,38.3328],[140.5251,38.3327],[140.5255,38.3325],[140.5259,38.3318],[140.5264,38.3314],[140.5268,38.3309],[140.5273,38.3304],[140.5276,38.3298],[140.5276,38.3293],[140.5276,38.3293],[140.5276,38.3288],[140.5276,38.3282],[140.5276,38.328],[140.5277,38.3278],[140.528,38.3273],[140.5285,38.3269],[140.5288,38.3266],[140.5294,38.3262],[140.5297,38.3258],[140.5303,38.3254],[140.5307,38.3252],[140.5307,38.3251],[140.5307,38.325],[140.5307,38.325],[140.5307,38.325],[140.5304,38.3249],[140.5302,38.3248],[140.53,38.3247],[140.5297,38.3246],[140.5294,38.3244],[140.5293,38.3243],[140.5293,38.3239],[140.5292,38.3235],[140.5291,38.3233],[140.5289,38.3231],[140.5287,38.3229],[140.5286,38.3226],[140.5286,38.3224],[140.5287,38.3221],[140.5289,38.3218],[140.5295,38.3213],[140.5297,38.3211],[140.5297,38.3211],[140.5298,38.3209],[140.5297,38.3207],[140.5294,38.3206],[140.5288,38.3205],[140.5284,38.3204],[140.5279,38.3202],[140.5278,38.32],[140.5278,38.3198],[140.528,38.3195],[140.5281,38.3192],[140.5281,38.319],[140.5279,38.3189],[140.5276,38.3188],[140.5271,38.3187],[140.5266,38.3186],[140.5261,38.3184],[140.5259,38.3181],[140.5258,38.3177],[140.5258,38.3174],[140.5257,38.3174],[140.5253,38.3172],[140.525,38.3171],[140.525,38.3171],[140.5248,38.3171],[140.5243,38.3169],[140.5239,38.3168],[140.5238,38.3167],[140.5238,38.3167],[140.5236,38.3165],[140.5234,38.3163],[140.5234,38.316],[140.5234,38.3158],[140.5232,38.3158],[140.5232,38.3157],[140.5231,38.3156],[140.5229,38.3154],[140.5227,38.3152],[140.5221,38.3143],[140.5219,38.314],[140.5219,38.313],[140.5219,38.3125],[140.5218,38.3117],[140.5217,38.3116],[140.5216,38.3111],[140.5212,38.3106],[140.521,38.3103],[140.5209,38.3101],[140.5205,38.3097],[140.5203,38.3095],[140.5198,38.3095],[140.5192,38.3097],[140.5188,38.3099],[140.5185,38.3101],[140.5183,38.3102],[140.5179,38.3103],[140.5171,38.3107],[140.5167,38.3108],[140.5167,38.3108],[140.5165,38.3109],[140.5158,38.3111],[140.5155,38.3111],[140.5151,38.311],[140.5143,38.3109],[140.513,38.3111],[140.5128,38.3112],[140.5122,38.3112],[140.5117,38.3112],[140.5115,38.3113],[140.5111,38.3116],[140.5108,38.3119],[140.5105,38.3122],[140.5099,38.3128],[140.5098,38.3129],[140.5094,38.3132],[140.5089,38.3133],[140.5084,38.3134],[140.5084,38.3134],[140.5083,38.3134],[140.5083,38.3134],[140.5079,38.3135],[140.5076,38.3137],[140.5074,38.3138],[140.5072,38.3139],[140.5069,38.314],[140.5064,38.3141],[140.5057,38.3141],[140.5052,38.3141],[140.5046,38.3142],[140.5043,38.3143],[140.5043,38.3141],[140.5045,38.3137],[140.5047,38.3134],[140.5047,38.3131],[140.5047,38.3129],[140.5047,38.3126],[140.5047,38.3119],[140.5047,38.3112],[140.5046,38.3104],[140.5045,38.3102],[140.5046,38.3097],[140.5045,38.3096],[140.5045,38.3095],[140.5045,38.309],[140.5044,38.3089],[140.5044,38.3085],[140.5043,38.3083],[140.5043,38.3083],[140.5043,38.3081],[140.5041,38.3079],[140.504,38.3076],[140.5036,38.3074],[140.5035,38.3072],[140.5034,38.3069],[140.5033,38.3067],[140.5028,38.3058],[140.5026,38.3055],[140.502,38.3048],[140.5015,38.3044],[140.5011,38.3041],[140.5009,38.304],[140.5007,38.3038],[140.5001,38.3037],[140.5,38.3037],[140.5,38.3037],[140.4997,38.3037],[140.4997,38.3037],[140.4993,38.3037],[140.499,38.3037],[140.498,38.3037],[140.4977,38.3037],[140.4971,38.3038],[140.4971,38.3038],[140.4966,38.3039],[140.4965,38.3039],[140.4964,38.3039],[140.4962,38.304],[140.4951,38.3031],[140.4946,38.3027],[140.4942,38.3027],[140.4937,38.3028],[140.4931,38.3029],[140.4927,38.3028],[140.4926,38.3027],[140.4925,38.3022],[140.4923,38.3017],[140.4924,38.3012],[140.4929,38.3007],[140.493,38.3006],[140.4931,38.3003],[140.493,38.3],[140.493,38.3],[140.4924,38.2983],[140.4923,38.2979],[140.4919,38.2969],[140.4919,38.2965],[140.4922,38.2959],[140.4923,38.2958],[140.4928,38.2955],[140.4928,38.2955],[140.4926,38.2934],[140.4922,38.2931],[140.4921,38.293],[140.4925,38.2928],[140.4928,38.292],[140.4928,38.2917],[140.4928,38.2917],[140.4929,38.2915],[140.4929,38.2909],[140.4929,38.2907],[140.493,38.2905],[140.4935,38.2898],[140.4935,38.2897],[140.4938,38.2892],[140.4939,38.2889],[140.4939,38.2883],[140.494,38.288],[140.4942,38.2877],[140.4948,38.2869],[140.4956,38.2861],[140.4955,38.2858],[140.4952,38.2854],[140.4952,38.2853],[140.4953,38.2851],[140.4959,38.2845],[140.4959,38.2845],[140.4964,38.284],[140.4965,38.284],[140.4966,38.284],[140.4966,38.284],[140.4969,38.2834],[140.4969,38.2833],[140.4969,38.2833],[140.4969,38.2831],[140.4968,38.283],[140.4966,38.2829],[140.4965,38.2829],[140.4964,38.2829],[140.4962,38.2829],[140.4961,38.2828],[140.4957,38.2823],[140.4951,38.2816],[140.495,38.2815],[140.4944,38.2814],[140.4938,38.2812],[140.4931,38.2808],[140.492,38.2801],[140.4918,38.2797],[140.4918,38.2796],[140.4917,38.2794],[140.4917,38.2794],[140.4915,38.2791],[140.4915,38.2788],[140.4912,38.2779],[140.4906,38.2764],[140.4904,38.2762],[140.4904,38.2762],[140.49,38.276],[140.4896,38.2758],[140.4887,38.2753],[140.4884,38.275],[140.4884,38.275],[140.4882,38.2748],[140.488,38.2746],[140.4879,38.2745],[140.4876,38.2745],[140.487,38.2745],[140.4866,38.2745],[140.486,38.2743],[140.4856,38.2742],[140.4853,38.274],[140.4849,38.2738],[140.4846,38.2737],[140.4841,38.2738],[140.4834,38.2737],[140.4833,38.2737],[140.4831,38.2737],[140.4828,38.2736],[140.4817,38.2733],[140.4807,38.2735],[140.4805,38.2735],[140.4798,38.2736],[140.4795,38.2736],[140.4791,38.2734],[140.4786,38.2732],[140.4781,38.2731],[140.4772,38.2729],[140.4758,38.2724],[140.4755,38.2722],[140.475,38.2717],[140.475,38.2717],[140.4749,38.2716],[140.4734,38.2718],[140.473,38.2718],[140.4729,38.2713],[140.4727,38.2709],[140.4726,38.2706],[140.4721,38.2701],[140.472,38.27],[140.4718,38.2699],[140.4717,38.2698],[140.4712,38.2694],[140.4712,38.2693],[140.4712,38.2691],[140.4714,38.269],[140.4715,38.2687],[140.4715,38.2679],[140.4715,38.2667],[140.4715,38.2667],[140.4715,38.266],[140.4714,38.2658],[140.4712,38.2655],[140.4712,38.2653],[140.4713,38.2651],[140.4716,38.2649],[140.4723,38.2643],[140.4723,38.2642],[140.4723,38.264],[140.4723,38.263],[140.4723,38.2626],[140.4724,38.2622],[140.4727,38.2616],[140.4727,38.2616],[140.4728,38.2614],[140.4728,38.2608],[140.4727,38.2605],[140.4725,38.2603],[140.4723,38.2602],[140.4707,38.2596],[140.4704,38.2595],[140.4703,38.2592],[140.4701,38.2588],[140.4698,38.2583],[140.4698,38.2583],[140.4698,38.2583],[140.4697,38.2581],[140.4695,38.2567],[140.4695,38.2564],[140.4696,38.2563],[140.4698,38.2562],[140.4702,38.2559],[140.4703,38.2556],[140.4705,38.2554],[140.4708,38.255],[140.4711,38.2546],[140.4713,38.2543],[140.4716,38.2537],[140.4719,38.253],[140.472,38.2529],[140.4721,38.2528],[140.4723,38.2526],[140.4724,38.2524],[140.4725,38.2523],[140.4725,38.2522],[140.4725,38.2522],[140.4724,38.2522],[140.4722,38.252],[140.472,38.2519],[140.4718,38.2518],[140.4716,38.2517],[140.4715,38.2515],[140.4714,38.2514],[140.4713,38.2513],[140.4712,38.2512],[140.4711,38.2509],[140.4711,38.2508],[140.4711,38.2507],[140.4711,38.2506],[140.471,38.2504],[140.471,38.2503],[140.471,38.2502],[140.471,38.25],[140.471,38.25],[140.471,38.25],[140.4709,38.2498],[140.4709,38.2497],[140.4709,38.2496],[140.4709,38.2494],[140.4709,38.2494],[140.4709,38.2493],[140.4709,38.2492],[140.4708,38.2491],[140.4706,38.249],[140.4703,38.2487],[140.4699,38.2482],[140.4698,38.248],[140.4697,38.2478],[140.4697,38.2477],[140.4696,38.2476],[140.4696,38.2473],[140.4696,38.2471],[140.4696,38.2471],[140.4697,38.2467],[140.4696,38.2464],[140.4696,38.2461],[140.4696,38.2459],[140.4696,38.2458],[140.4697,38.2457],[140.4698,38.2455],[140.4699,38.2455],[140.4699,38.2454],[140.4699,38.2453],[140.4698,38.2451],[140.4697,38.2446],[140.4696,38.2445],[140.4695,38.2444],[140.4695,38.2442],[140.4695,38.2441],[140.4695,38.2439],[140.4694,38.2437],[140.4693,38.2435],[140.4693,38.2433],[140.4693,38.2432],[140.4692,38.2429],[140.4692,38.2424],[140.4692,38.2422],[140.4692,38.2421],[140.4693,38.2419],[140.4693,38.2417],[140.4693,38.2417],[140.4694,38.2414],[140.4695,38.241],[140.4696,38.2407],[140.4697,38.2405],[140.4699,38.2401],[140.47,38.2399],[140.4701,38.2396],[140.4703,38.2392],[140.4703,38.239],[140.4703,38.239],[140.4703,38.2388],[140.4703,38.2387],[140.4703,38.2386],[140.4703,38.2386],[140.4703,38.2385],[140.4704,38.2384],[140.4704,38.2384],[140.4706,38.2381],[140.4707,38.2379],[140.4708,38.2378],[140.4708,38.2377],[140.4707,38.2375],[140.4707,38.2373],[140.4707,38.2372],[140.4708,38.237],[140.4709,38.237],[140.4709,38.2369],[140.471,38.2367],[140.471,38.2366],[140.471,38.2365],[140.471,38.2364],[140.471,38.2361],[140.471,38.2356],[140.471,38.2354],[140.471,38.2352],[140.4711,38.235],[140.4711,38.2348],[140.471,38.2347],[140.471,38.2347],[140.471,38.2346],[140.4709,38.2345],[140.4708,38.2344],[140.4706,38.2344],[140.4706,38.2343],[140.4705,38.2342],[140.4704,38.2342],[140.4704,38.2341],[140.4702,38.2341],[140.47,38.234],[140.4699,38.2339],[140.4698,38.2338],[140.4696,38.2337],[140.4694,38.2336],[140.469,38.2334],[140.4687,38.2333],[140.4687,38.2333],[140.4687,38.2333],[140.4685,38.2332],[140.4683,38.2332],[140.468,38.2332],[140.4678,38.2331],[140.4676,38.2331],[140.4675,38.2331],[140.4674,38.2331],[140.4673,38.2331],[140.4672,38.2331],[140.4672,38.2331],[140.4671,38.233],[140.4671,38.2328],[140.4671,38.2328],[140.4671,38.2327],[140.4672,38.2326],[140.4673,38.2326],[140.4674,38.2325],[140.4676,38.2324],[140.4676,38.2324],[140.4677,38.2324],[140.4678,38.2322],[140.468,38.2322],[140.4681,38.2322],[140.4682,38.2321],[140.4682,38.2321],[140.4682,38.2321],[140.4682,38.232],[140.4683,38.2319],[140.4683,38.2318],[140.4685,38.2316],[140.4686,38.2314],[140.4687,38.2313],[140.4688,38.231],[140.4688,38.2309],[140.4689,38.2307],[140.4689,38.2305],[140.4689,38.2303],[140.469,38.2302],[140.469,38.23],[140.4691,38.2299],[140.4692,38.2298],[140.4693,38.2297],[140.4693,38.2296],[140.4693,38.2295],[140.4692,38.2293],[140.4692,38.2292],[140.4692,38.2291],[140.4692,38.2289],[140.4692,38.2288],[140.4692,38.2287],[140.4692,38.2286],[140.4692,38.2286],[140.4692,38.2285],[140.4693,38.2284],[140.4693,38.2283],[140.4694,38.2283],[140.4697,38.2281],[140.4698,38.2281],[140.4702,38.2279],[140.4702,38.2279],[140.4704,38.2277],[140.4707,38.2276],[140.4708,38.2275],[140.471,38.2275],[140.4711,38.2274],[140.4713,38.2274],[140.4715,38.2273],[140.4718,38.2272],[140.4721,38.227],[140.4724,38.2268],[140.4726,38.2267],[140.4728,38.2265],[140.4732,38.2262],[140.4734,38.2259],[140.4736,38.2256],[140.4737,38.2255],[140.4738,38.2254],[140.4739,38.2252],[140.474,38.2252],[140.4741,38.225],[140.4741,38.225],[140.4741,38.225],[140.4742,38.2248],[140.4743,38.2245],[140.4743,38.2243],[140.4743,38.2243],[140.4743,38.2242],[140.4743,38.224],[140.4743,38.224],[140.4743,38.2238],[140.4742,38.2234],[140.4741,38.2233],[140.4741,38.2233],[140.474,38.2231],[140.4738,38.2227],[140.4737,38.2226],[140.4737,38.2225],[140.4736,38.2224],[140.4735,38.2223],[140.4734,38.2221],[140.473,38.2217],[140.4728,38.2214],[140.4725,38.221],[140.4724,38.2208],[140.4722,38.2206],[140.4721,38.2203],[140.472,38.2199],[140.4718,38.2194],[140.4718,38.2192],[140.4716,38.2188],[140.4715,38.2183],[140.4714,38.2177],[140.4713,38.2174],[140.4713,38.2171],[140.4713,38.217],[140.4712,38.2168],[140.4712,38.2167],[140.4712,38.2167],[140.4712,38.2165],[140.4711,38.2159],[140.471,38.2154],[140.471,38.2149],[140.4709,38.2146],[140.4709,38.2143],[140.471,38.2138],[140.471,38.2135],[140.4711,38.2132],[140.4711,38.213],[140.4712,38.2127],[140.4715,38.2121],[140.4718,38.2116],[140.472,38.2113],[140.4722,38.2111],[140.4726,38.2106],[140.473,38.2102],[140.4732,38.21],[140.4733,38.2099],[140.4733,38.2099],[140.4733,38.2097],[140.4733,38.2094],[140.4731,38.2089],[140.4729,38.2085],[140.4729,38.2084],[140.4729,38.2083],[140.4729,38.2083],[140.4729,38.2083],[140.4729,38.2081],[140.4729,38.2079],[140.4729,38.2076],[140.4728,38.2074],[140.4728,38.2072],[140.4727,38.2069],[140.4724,38.2065],[140.4723,38.2063],[140.4723,38.2062],[140.4724,38.206],[140.4724,38.2058],[140.4725,38.2056],[140.4726,38.2053],[140.4727,38.2052],[140.4729,38.205],[140.4734,38.2047],[140.4738,38.2044],[140.4739,38.2042],[140.474,38.204],[140.4741,38.2038],[140.4741,38.2036],[140.4742,38.2035],[140.4744,38.2034],[140.4745,38.2033],[140.4746,38.2033],[140.4748,38.2033],[140.4749,38.2033],[140.475,38.2032],[140.475,38.2032],[140.4752,38.2031],[140.4757,38.2026],[140.4762,38.2022],[140.4763,38.2021],[140.4763,38.2021],[140.4764,38.202],[140.4764,38.2019],[140.4765,38.2018],[140.4765,38.2016],[140.4767,38.2014],[140.4768,38.2013],[140.4769,38.2012],[140.4771,38.201],[140.4771,38.201],[140.4772,38.2009],[140.4773,38.2008],[140.4774,38.2005],[140.4774,38.2],[140.4774,38.2],[140.4774,38.1999],[140.4774,38.1995],[140.4775,38.1993],[140.4775,38.1992],[140.4776,38.199],[140.4778,38.1988],[140.478,38.1987],[140.4782,38.1985],[140.4783,38.1984],[140.4784,38.1983],[140.4784,38.1982],[140.4784,38.1982],[140.4783,38.1981],[140.4782,38.1979],[140.4782,38.1978],[140.4781,38.1977],[140.4781,38.1976],[140.4781,38.1975],[140.4782,38.1973],[140.4783,38.197],[140.4783,38.1968],[140.4783,38.1967],[140.4783,38.1966],[140.4783,38.1965],[140.4782,38.1963],[140.478,38.1961],[140.478,38.1959],[140.478,38.1958],[140.478,38.1957],[140.4781,38.1956],[140.4784,38.1953],[140.4785,38.1952],[140.4787,38.1951],[140.4788,38.195],[140.4789,38.1948],[140.479,38.1947],[140.479,38.1945],[140.479,38.1944],[140.479,38.1943],[140.4789,38.1942],[140.4788,38.1941],[140.4787,38.194],[140.4785,38.1937],[140.4784,38.1933],[140.4782,38.193],[140.4782,38.1929],[140.4781,38.1927],[140.4781,38.1926],[140.4781,38.1925],[140.478,38.1923],[140.4778,38.1922],[140.4777,38.192],[140.4777,38.1919],[140.4776,38.1918],[140.4776,38.1918],[140.4777,38.1917],[140.4777,38.1917],[140.4777,38.1915],[140.4777,38.1913],[140.4778,38.1907],[140.4779,38.1905],[140.4779,38.1903],[140.4779,38.1902],[140.4779,38.1901],[140.478,38.19],[140.4781,38.19],[140.4781,38.1899],[140.4781,38.1899],[140.4782,38.1898],[140.4782,38.1897],[140.4782,38.1896],[140.4782,38.1896],[140.4783,38.1895],[140.4784,38.1893],[140.4785,38.1891],[140.4786,38.1889],[140.4786,38.1887],[140.4786,38.1883],[140.4785,38.1878],[140.4785,38.1875],[140.4786,38.1872],[140.4787,38.1869],[140.4788,38.1866],[140.4789,38.1865],[140.479,38.1863],[140.4792,38.1862],[140.4794,38.1861],[140.4795,38.1859],[140.4795,38.1857],[140.4797,38.1855],[140.4799,38.1846],[140.4799,38.1844],[140.48,38.1843],[140.48,38.184],[140.48,38.1838],[140.4801,38.1835],[140.4801,38.1833],[140.4801,38.1833],[140.4801,38.183],[140.4801,38.1827],[140.4802,38.1824],[140.4802,38.1821],[140.4801,38.1819],[140.48,38.1816],[140.48,38.1814],[140.4799,38.1812],[140.4798,38.181],[140.4797,38.1808],[140.4796,38.1807],[140.4794,38.1806],[140.4793,38.1804],[140.4792,38.1803],[140.479,38.1802],[140.4788,38.1801],[140.4786,38.1799],[140.4785,38.1797],[140.4783,38.1796],[140.4781,38.1793],[140.478,38.1792],[140.4779,38.1791],[140.4777,38.179],[140.4775,38.1788],[140.4772,38.1786],[140.477,38.1785],[140.4768,38.1784],[140.4766,38.1781],[140.4764,38.1779],[140.4762,38.1777],[140.4761,38.1775],[140.4759,38.1772],[140.4757,38.177],[140.4756,38.1768],[140.4756,38.1767],[140.4755,38.1766],[140.4754,38.1764],[140.4753,38.1762],[140.4753,38.176],[140.4752,38.1759],[140.4751,38.1757],[140.475,38.1756],[140.475,38.1756],[140.475,38.1756],[140.4749,38.1756],[140.4747,38.1755],[140.4745,38.1755],[140.4744,38.1754],[140.4743,38.1753],[140.4739,38.175],[140.4739,38.175],[140.4739,38.175],[140.4736,38.1748],[140.4735,38.1746],[140.4734,38.1745],[140.4732,38.1741],[140.4731,38.1738],[140.4729,38.1736],[140.4728,38.1734],[140.4727,38.1733],[140.4725,38.1731],[140.4723,38.1729],[140.472,38.1727],[140.4717,38.1725],[140.4716,38.1724],[140.4714,38.1723],[140.4712,38.1722],[140.4711,38.1721],[140.4711,38.172],[140.4708,38.1717],[140.4707,38.1715],[140.4706,38.1713],[140.4704,38.1711],[140.4703,38.171],[140.4701,38.1709],[140.47,38.1708],[140.4698,38.1707],[140.4696,38.1706],[140.4696,38.1706],[140.4696,38.1704],[140.4695,38.1703],[140.4696,38.1701],[140.4696,38.1699],[140.4696,38.1696],[140.4698,38.169],[140.4695,38.1688],[140.4695,38.1684],[140.4695,38.1683],[140.4693,38.1678],[140.4693,38.1673],[140.4695,38.1668],[140.4694,38.1667],[140.4694,38.1667],[140.4692,38.1661],[140.4689,38.1651],[140.4689,38.1648],[140.469,38.1647],[140.4691,38.1641],[140.4693,38.1635],[140.4691,38.163],[140.4686,38.1624],[140.4678,38.1619],[140.4673,38.1613],[140.467,38.1608],[140.4672,38.1602],[140.4673,38.1601],[140.4673,38.16],[140.4676,38.159],[140.4676,38.1583],[140.4676,38.1583],[140.4676,38.1579],[140.4677,38.157],[140.4674,38.1567],[140.4668,38.1563],[140.4667,38.1563],[140.4667,38.1563],[140.4665,38.1563],[140.4658,38.1564],[140.4649,38.1561],[140.464,38.1558],[140.4637,38.1558],[140.4629,38.156],[140.4626,38.1559],[140.4621,38.1558],[140.4617,38.1555],[140.4614,38.1553],[140.4602,38.1542],[140.4594,38.154],[140.4584,38.1536],[140.4583,38.1536],[140.458,38.1535],[140.4575,38.1534],[140.4565,38.153],[140.4557,38.1524],[140.455,38.1521],[140.4546,38.1521],[140.4535,38.1519],[140.4529,38.1517],[140.452,38.1511],[140.4519,38.1509],[140.4515,38.1504],[140.4513,38.15],[140.4513,38.15],[140.4512,38.1499],[140.4511,38.1491],[140.4507,38.1484],[140.4502,38.1475],[140.45,38.1471],[140.45,38.1471],[140.45,38.147],[140.4496,38.1467],[140.449,38.1463],[140.4472,38.1447],[140.4466,38.1441],[140.4459,38.1436],[140.4444,38.1417],[140.4443,38.1417],[140.4443,38.1417],[140.4443,38.1416],[140.4441,38.1414],[140.444,38.1413],[140.4438,38.1409],[140.4438,38.1408],[140.4438,38.1406],[140.4432,38.1398],[140.4427,38.139],[140.4427,38.1378],[140.4427,38.1371],[140.4425,38.137],[140.4424,38.1368],[140.4426,38.1358],[140.4434,38.1349],[140.4437,38.1347],[140.4439,38.1344],[140.4443,38.1335],[140.4444,38.1335],[140.4444,38.1333],[140.4444,38.1333],[140.4446,38.1321],[140.4449,38.1313],[140.4449,38.1311],[140.4455,38.1302],[140.4457,38.1299],[140.4449,38.1298],[140.4445,38.1298],[140.4432,38.1299],[140.4425,38.1299],[140.4423,38.1297],[140.4419,38.1295],[140.4417,38.1296],[140.4417,38.1296],[140.4411,38.1298],[140.44,38.1294],[140.4389,38.1291],[140.4381,38.1289],[140.4371,38.1284],[140.4361,38.1282],[140.4353,38.128],[140.4341,38.1278],[140.4336,38.1276],[140.4334,38.1276],[140.4333,38.1276],[140.4331,38.1276],[140.4318,38.1272],[140.431,38.1269],[140.43,38.1261],[140.4285,38.125],[140.4284,38.125],[140.4284,38.125],[140.4267,38.1237],[140.4262,38.1233],[140.4261,38.1233],[140.4252,38.1219],[140.425,38.1217],[140.425,38.1216],[140.4244,38.1205],[140.4239,38.1194],[140.4238,38.1189],[140.4241,38.1184],[140.425,38.1177],[140.425,38.1177],[140.425,38.1177],[140.4255,38.1172],[140.4257,38.1167],[140.4257,38.1167],[140.4258,38.1166],[140.4258,38.1155],[140.4257,38.1152],[140.4256,38.1149],[140.425,38.1144],[140.425,38.1144],[140.4247,38.1142],[140.4239,38.1132],[140.4235,38.1121],[140.4234,38.1117],[140.4233,38.1112],[140.4223,38.1101],[140.4211,38.1088],[140.4201,38.1083],[140.4201,38.1083],[140.42,38.1083],[140.4197,38.108],[140.4197,38.108],[140.4197,38.1078],[140.42,38.107],[140.4199,38.1065],[140.4195,38.1059],[140.4193,38.1056],[140.4186,38.1049],[140.4179,38.1042],[140.4175,38.1035],[140.4174,38.1029],[140.4178,38.1022],[140.4185,38.1012],[140.4189,38.1002],[140.4189,38.1],[140.4189,38.1],[140.419,38.0999],[140.419,38.0991],[140.4187,38.098],[140.4183,38.097],[140.4183,38.0966],[140.4184,38.0959],[140.4186,38.0946],[140.419,38.0941],[140.4191,38.0939],[140.4196,38.0934],[140.4197,38.093],[140.4195,38.0921],[140.4195,38.0917],[140.4195,38.0917],[140.4194,38.0912],[140.4194,38.0912],[140.4196,38.0904],[140.4199,38.0901],[140.4208,38.0893],[140.4213,38.0885],[140.4213,38.0877],[140.421,38.0871],[140.4209,38.0869],[140.4209,38.0863],[140.4209,38.086],[140.4208,38.0856],[140.4207,38.0853],[140.4202,38.0852],[140.4198,38.085],[140.4196,38.0848],[140.4195,38.084],[140.4195,38.0836],[140.4193,38.0833],[140.4193,38.0833],[140.4186,38.0818],[140.4182,38.0812],[140.4177,38.0803],[140.4171,38.08],[140.4167,38.0797],[140.4167,38.0797],[140.4165,38.0796],[140.4164,38.0795],[140.416,38.0791],[140.4157,38.0789],[140.4146,38.0788],[140.4142,38.0786],[140.414,38.0784],[140.4137,38.0779],[140.4133,38.0773],[140.4129,38.0772],[140.4119,38.0771],[140.4107,38.0769],[140.4096,38.0767],[140.4088,38.0764],[140.4084,38.0762],[140.4083,38.0762],[140.4079,38.0759],[140.4071,38.0755],[140.4066,38.0751],[140.4064,38.075],[140.4064,38.075],[140.4057,38.0746],[140.4052,38.0742],[140.4043,38.0739],[140.4042,38.0737],[140.4037,38.0723],[140.4035,38.0709],[140.4034,38.0707],[140.4032,38.0706],[140.4028,38.0703],[140.4015,38.0701],[140.4001,38.0703],[140.4,38.0703],[140.4,38.0703],[140.4,38.0703],[140.3994,38.07],[140.3991,38.0699],[140.3986,38.0699],[140.3981,38.0699],[140.3977,38.0697],[140.3966,38.0694],[140.394,38.0697],[140.3935,38.0699],[140.3933,38.07],[140.393,38.0704],[140.3918,38.071],[140.3917,38.071],[140.3917,38.071],[140.3909,38.0708],[140.3899,38.0707],[140.3899,38.0707],[140.389,38.0707],[140.3885,38.0708],[140.3877,38.0712],[140.3872,38.0713],[140.3863,38.0712],[140.3854,38.0711],[140.3845,38.071],[140.3839,38.071],[140.3834,38.0713],[140.3833,38.0713],[140.383,38.0715],[140.3821,38.0707],[140.3808,38.0701],[140.3804,38.0699],[140.3802,38.0697],[140.3802,38.0695],[140.3802,38.0695],[140.3802,38.0692],[140.3802,38.069],[140.3804,38.0688],[140.3805,38.0686],[140.3816,38.0678],[140.3818,38.0675],[140.3819,38.0672],[140.3818,38.0667],[140.3818,38.0667],[140.3818,38.0664],[140.3818,38.0659],[140.3819,38.0654],[140.3824,38.0644],[140.3823,38.0641],[140.382,38.0635],[140.3815,38.0631],[140.3802,38.0622],[140.3797,38.062],[140.3795,38.0619],[140.3792,38.0618],[140.3784,38.0614],[140.3775,38.0608],[140.377,38.0604],[140.3762,38.0594],[140.3756,38.0583],[140.3756,38.0583],[140.3755,38.0581],[140.375,38.0575],[140.375,38.0575],[140.375,38.0574],[140.3745,38.0572],[140.3737,38.057],[140.3727,38.0569],[140.372,38.0571],[140.3716,38.057],[140.371,38.0569],[140.3701,38.0568],[140.3695,38.0566],[140.3689,38.0564],[140.3686,38.0564],[140.368,38.0563],[140.3675,38.0564],[140.3671,38.0565],[140.3667,38.0565],[140.3667,38.0566],[140.3665,38.0566],[140.3658,38.0566],[140.3651,38.0564],[140.3645,38.0563],[140.3642,38.0564],[140.3638,38.0566],[140.3633,38.057],[140.3632,38.057],[140.363,38.0571],[140.3623,38.0572],[140.3617,38.0574],[140.3612,38.0576],[140.3609,38.0577],[140.3603,38.0579],[140.3595,38.0581],[140.3584,38.0582],[140.3583,38.0582],[140.3581,38.0583],[140.3574,38.0583],[140.3569,38.0583],[140.3567,38.0583],[140.3567,38.0583],[140.3563,38.0584],[140.3559,38.0585],[140.3556,38.0585],[140.3554,38.0583],[140.3554,38.0583],[140.3551,38.0581],[140.3548,38.0579],[140.3544,38.0579],[140.3537,38.0578],[140.3533,38.0578],[140.3528,38.0576],[140.3523,38.0574],[140.3521,38.0573],[140.3515,38.057],[140.3513,38.0568],[140.3514,38.0565],[140.3514,38.0565],[140.3513,38.056],[140.3511,38.0557],[140.351,38.0554],[140.3509,38.055],[140.3506,38.0548],[140.3503,38.0543],[140.3502,38.0541],[140.35,38.054],[140.35,38.054],[140.35,38.054],[140.3495,38.054],[140.3486,38.0542],[140.3479,38.0543],[140.3474,38.0543],[140.3473,38.0543],[140.3469,38.0543],[140.3465,38.0541],[140.3461,38.0539],[140.3455,38.0537],[140.3447,38.0534],[140.3446,38.0534],[140.3444,38.0534],[140.3439,38.0534],[140.3436,38.0534],[140.3435,38.0535],[140.3432,38.054],[140.3432,38.0541],[140.3431,38.0544],[140.3428,38.0546],[140.3424,38.0547],[140.3417,38.0548],[140.3417,38.0548],[140.3416,38.0548],[140.3406,38.0551],[140.3404,38.0552],[140.34,38.0552],[140.3395,38.055],[140.3391,38.055],[140.3368,38.0551],[140.3365,38.0551],[140.3361,38.0552],[140.3355,38.0555],[140.3348,38.0561],[140.3347,38.0562],[140.3343,38.0562],[140.3334,38.0561],[140.3333,38.0561],[140.3333,38.0561],[140.3331,38.0561],[140.3329,38.0561],[140.3325,38.0561],[140.332,38.0562],[140.3317,38.0562],[140.3315,38.0562],[140.3311,38.056],[140.3306,38.0558],[140.3301,38.0557],[140.3297,38.0556],[140.3294,38.0554],[140.3288,38.0552],[140.3286,38.0552],[140.3278,38.0551],[140.3265,38.0552],[140.3256,38.0551],[140.325,38.055],[140.325,38.055],[140.325,38.055],[140.3247,38.055],[140.324,38.0553],[140.3239,38.0553],[140.3234,38.0556],[140.3228,38.0558],[140.3226,38.0559],[140.3226,38.0559],[140.3224,38.0559],[140.3219,38.0557],[140.321,38.0554],[140.3206,38.0553],[140.3199,38.0554],[140.3191,38.0556],[140.3182,38.0557],[140.3178,38.0559],[140.3176,38.0561],[140.3173,38.0568],[140.317,38.0571],[140.317,38.0574],[140.317,38.0577],[140.3168,38.058],[140.3167,38.0581],[140.3167,38.0581],[140.3166,38.0581],[140.3162,38.0583],[140.3162,38.0583],[140.3161,38.0584],[140.3158,38.0584],[140.3153,38.0584],[140.315,38.0584],[140.3149,38.0583],[140.3149,38.0583],[140.3145,38.0581],[140.3141,38.0578],[140.314,38.0577],[140.3136,38.0576],[140.3128,38.0574],[140.3125,38.0572],[140.3121,38.057],[140.3118,38.057],[140.3112,38.0571],[140.3107,38.0572],[140.31,38.0575],[140.3097,38.0576],[140.3093,38.0576],[140.3089,38.0578],[140.3084,38.0577],[140.3084,38.0576],[140.3083,38.0576],[140.3081,38.0574],[140.3076,38.0571],[140.3071,38.0566],[140.3068,38.0562],[140.3065,38.0557],[140.3063,38.0555],[140.3062,38.0554],[140.3057,38.055],[140.3051,38.0546],[140.3048,38.0543],[140.3045,38.054],[140.304,38.0539],[140.3031,38.0537],[140.3027,38.0536],[140.3025,38.0536],[140.3018,38.0538],[140.3013,38.0539],[140.3005,38.054],[140.3,38.0542],[140.3,38.0542],[140.3,38.0542],[140.2996,38.0545],[140.299,38.055],[140.2986,38.0554],[140.2986,38.0554],[140.2985,38.0557],[140.2985,38.056],[140.2984,38.0562],[140.2979,38.0564],[140.2975,38.0566],[140.2973,38.0568],[140.297,38.057],[140.2966,38.0572],[140.2964,38.0571],[140.296,38.0571],[140.2953,38.0568],[140.2946,38.0567],[140.294,38.0564],[140.2937,38.0562],[140.2934,38.0559],[140.2931,38.0557],[140.2929,38.0556],[140.2926,38.0556],[140.2921,38.0558],[140.2918,38.0563],[140.2917,38.0564],[140.2917,38.0565],[140.2915,38.0568],[140.2915,38.057],[140.2915,38.0572],[140.2915,38.0575],[140.2914,38.0577],[140.2911,38.0578],[140.2911,38.0578],[140.2908,38.0579],[140.2904,38.0579],[140.2901,38.0579],[140.2898,38.058],[140.2897,38.0581],[140.2896,38.0583],[140.2896,38.0583],[140.2896,38.0584],[140.2893,38.0591],[140.2892,38.0593],[140.2891,38.0593],[140.2889,38.0593],[140.2889,38.0593],[140.2882,38.0593],[140.2877,38.0592],[140.2871,38.0589],[140.2867,38.0587],[140.2864,38.0585],[140.2861,38.0585],[140.2857,38.0584],[140.2852,38.0585],[140.2849,38.0585],[140.2842,38.0588],[140.2836,38.0589],[140.2834,38.059],[140.2833,38.059],[140.2832,38.059],[140.2829,38.0591],[140.2826,38.0594],[140.2824,38.0595],[140.2822,38.0596],[140.2819,38.0595],[140.2819,38.0595],[140.2813,38.0592],[140.2808,38.0589],[140.2806,38.0588],[140.2802,38.0583],[140.2802,38.0583],[140.28,38.0582],[140.2799,38.058],[140.2797,38.0578],[140.2794,38.0577],[140.279,38.0574],[140.278,38.057],[140.2776,38.0567],[140.2774,38.0565],[140.2771,38.0562],[140.2774,38.0559],[140.2775,38.0558],[140.278,38.0556],[140.2785,38.0554],[140.2787,38.0553],[140.2788,38.0551],[140.2788,38.0549],[140.2787,38.0544],[140.2787,38.0543],[140.2789,38.0541],[140.279,38.0538],[140.2793,38.0536],[140.2799,38.0531],[140.28,38.053],[140.2802,38.0528],[140.2802,38.0526],[140.2802,38.0524],[140.2803,38.0523],[140.2805,38.0521],[140.2807,38.0519],[140.281,38.0518],[140.2811,38.0518],[140.2812,38.0517],[140.2814,38.0515],[140.2817,38.0513],[140.282,38.051],[140.2826,38.0507],[140.2833,38.0502],[140.2833,38.0502],[140.2833,38.0501],[140.2834,38.0501],[140.2834,38.05],[140.2834,38.05],[140.2834,38.05],[140.2834,38.0498],[140.2834,38.0498],[140.2833,38.0498],[140.2833,38.0497],[140.2831,38.0496],[140.2829,38.0495],[140.2825,38.0494],[140.2822,38.0493],[140.2821,38.0492],[140.282,38.0491],[140.282,38.049],[140.282,38.0487],[140.282,38.0483],[140.2821,38.048],[140.2822,38.0477],[140.2825,38.047],[140.2824,38.0468],[140.2823,38.0467],[140.2821,38.0464],[140.282,38.0462],[140.282,38.0461],[140.282,38.0459],[140.2818,38.0456],[140.2817,38.0454],[140.2817,38.0453],[140.2817,38.0451],[140.2818,38.0447],[140.2819,38.0441],[140.2818,38.044],[140.2817,38.0438],[140.2816,38.0438],[140.2812,38.044],[140.281,38.0441],[140.2808,38.044],[140.2806,38.044],[140.2804,38.0438],[140.2802,38.0436],[140.2799,38.0435],[140.2795,38.0435],[140.2792,38.0435],[140.2791,38.0433],[140.2791,38.0432],[140.2791,38.0429],[140.279,38.0427],[140.2789,38.0422],[140.2789,38.0417],[140.2788,38.0417],[140.2788,38.0417],[140.2785,38.0411],[140.2782,38.0407],[140.2782,38.0406],[140.2782,38.0405],[140.2787,38.0401],[140.2787,38.04],[140.2786,38.0398],[140.2785,38.0395],[140.2784,38.0393],[140.278,38.0386],[140.2777,38.038],[140.2774,38.0378],[140.2773,38.0377],[140.2769,38.0375],[140.2765,38.0371],[140.276,38.0363],[140.2759,38.036],[140.276,38.0356],[140.2762,38.0349],[140.2766,38.034],[140.2768,38.0336],[140.2769,38.0333],[140.2769,38.0333],[140.2769,38.0333],[140.277,38.0331],[140.277,38.0328],[140.2767,38.0323],[140.2765,38.0319],[140.2764,38.0317],[140.2761,38.0315],[140.2759,38.0313],[140.2758,38.0311],[140.2757,38.0309],[140.276,38.0305],[140.2762,38.0302],[140.2762,38.0299],[140.2763,38.0296],[140.2763,38.0292],[140.2763,38.029],[140.2761,38.0289],[140.2761,38.0287],[140.2762,38.0286],[140.2763,38.0286],[140.2766,38.0286],[140.277,38.0286],[140.2775,38.0286],[140.2779,38.0286],[140.2783,38.0283],[140.2791,38.028],[140.2792,38.0278],[140.2792,38.0277],[140.2792,38.0275],[140.2793,38.0274],[140.2795,38.0272],[140.2798,38.0266],[140.2799,38.0264],[140.28,38.026],[140.2802,38.0259],[140.2804,38.0259],[140.2808,38.0259],[140.2812,38.0259],[140.2813,38.0258],[140.2813,38.0258],[140.2814,38.0257],[140.2814,38.0256],[140.2813,38.0254],[140.2813,38.0251],[140.2813,38.025],[140.2813,38.025],[140.2814,38.0245],[140.2814,38.024],[140.2813,38.0236],[140.2812,38.0233],[140.2813,38.0228],[140.2814,38.0223],[140.2814,38.022],[140.2815,38.0215],[140.2817,38.0212],[140.2817,38.0209],[140.2817,38.0207],[140.2817,38.0203],[140.2817,38.02],[140.282,38.0195],[140.2824,38.019],[140.2831,38.0182],[140.2833,38.0179],[140.2834,38.0179],[140.2834,38.0178],[140.2835,38.0175],[140.2836,38.0173],[140.2836,38.0173],[140.2837,38.0168],[140.2837,38.0168],[140.2836,38.0167],[140.2836,38.0167],[140.2836,38.0164],[140.2834,38.0161],[140.2833,38.0161],[140.2833,38.0161],[140.2833,38.0159],[140.2833,38.0158],[140.2833,38.0157],[140.2833,38.0157],[140.2834,38.0157],[140.2835,38.0155],[140.2842,38.0151],[140.2845,38.0149],[140.2846,38.0148],[140.2846,38.0145],[140.2846,38.0143],[140.2848,38.0141],[140.2849,38.014],[140.2853,38.0135],[140.2856,38.013],[140.2857,38.0126],[140.2857,38.0124],[140.2861,38.0118],[140.2863,38.0114],[140.2867,38.0109],[140.2868,38.0106],[140.2868,38.0104],[140.2869,38.0093],[140.2869,38.0087],[140.2869,38.0086],[140.2869,38.0085],[140.2871,38.0084],[140.2873,38.0083],[140.2873,38.0083],[140.2874,38.0083],[140.2881,38.0081],[140.2887,38.0079],[140.2893,38.0075],[140.2896,38.0073],[140.2896,38.0072],[140.2895,38.0071],[140.2891,38.0067],[140.2882,38.0059],[140.2876,38.0053],[140.2871,38.005],[140.2864,38.0045],[140.2859,38.0039],[140.2855,38.0035],[140.2851,38.003],[140.2851,38.0029],[140.2844,38.0025],[140.2837,38.0019],[140.2834,38.0017],[140.2833,38.0017],[140.2833,38.0017],[140.2827,38.0015],[140.2818,38],[140.2818,38],[140.2816,37.9997],[140.2814,37.9989],[140.2813,37.9987],[140.2808,37.9984],[140.2803,37.9973],[140.2802,37.9969],[140.28,37.9965],[140.2795,37.9959],[140.2793,37.9957],[140.2791,37.9955],[140.2787,37.9953],[140.2779,37.9949],[140.2774,37.9946],[140.2769,37.9942],[140.2767,37.9937],[140.2764,37.9934],[140.2762,37.993],[140.2762,37.9928],[140.2763,37.9925],[140.2766,37.9918],[140.2766,37.9917],[140.2766,37.9917],[140.2767,37.9914],[140.2766,37.9911],[140.2763,37.9903],[140.2759,37.9896],[140.2754,37.9891],[140.2753,37.9889],[140.2753,37.9886],[140.2755,37.9882],[140.2757,37.9879],[140.2757,37.9877],[140.2757,37.9873],[140.2755,37.9868],[140.2753,37.9865],[140.2753,37.9863],[140.2754,37.9859],[140.2753,37.985],[140.275,37.984],[140.275,37.9839],[140.275,37.9837],[140.275,37.9835],[140.2751,37.9833],[140.2751,37.9833],[140.2752,37.983],[140.2752,37.9826],[140.2751,37.9823],[140.275,37.9823],[140.275,37.9822],[140.2749,37.9821],[140.2749,37.982],[140.275,37.9819],[140.275,37.9819],[140.275,37.9818],[140.2754,37.9816],[140.2763,37.9814],[140.2768,37.9812],[140.2769,37.9811],[140.2769,37.9809],[140.2771,37.9805],[140.2772,37.9804],[140.2775,37.98],[140.2777,37.9797],[140.2787,37.9787],[140.279,37.9785],[140.2797,37.9782],[140.2799,37.9779],[140.2801,37.9775],[140.28,37.9766],[140.2797,37.9765],[140.2794,37.9764],[140.2783,37.9761],[140.2777,37.9758],[140.2772,37.9756],[140.2767,37.9751],[140.2766,37.975],[140.2766,37.975],[140.276,37.9744],[140.2758,37.9741],[140.2757,37.9738],[140.2758,37.9733],[140.2759,37.9729],[140.276,37.9726],[140.2759,37.9725],[140.2759,37.9724],[140.2758,37.9723],[140.2756,37.9722],[140.2753,37.9722],[140.2751,37.9721],[140.275,37.972],[140.275,37.972],[140.275,37.972],[140.2747,37.9715],[140.2746,37.9713],[140.2737,37.9711],[140.2734,37.9709],[140.2733,37.9708],[140.2733,37.9707],[140.273,37.9699],[140.2725,37.9691],[140.2723,37.9685],[140.2722,37.9684],[140.2719,37.9682],[140.2718,37.968],[140.2717,37.9677],[140.2716,37.9674],[140.2713,37.967],[140.2713,37.9668],[140.2713,37.9667],[140.2713,37.9667],[140.2713,37.9667],[140.2713,37.9666],[140.2714,37.9665],[140.2717,37.9663],[140.2718,37.9661],[140.272,37.9658],[140.272,37.9654],[140.272,37.965],[140.2719,37.9644],[140.272,37.9643],[140.272,37.9641],[140.2721,37.964],[140.2723,37.9638],[140.2725,37.9636],[140.2726,37.9634],[140.2726,37.9633],[140.2724,37.963],[140.2724,37.9628],[140.2724,37.9626],[140.2723,37.9624],[140.2722,37.9623],[140.2723,37.9619],[140.2722,37.9616],[140.2722,37.9613],[140.2723,37.9611],[140.2721,37.9607],[140.2722,37.9605],[140.2722,37.9604],[140.2724,37.9602],[140.2726,37.9597],[140.2727,37.9595],[140.2727,37.9594],[140.2725,37.9591],[140.2724,37.9586],[140.2723,37.9584],[140.2724,37.9583],[140.2724,37.9583],[140.2724,37.9582],[140.2725,37.9579],[140.2727,37.9578],[140.2732,37.9574],[140.2733,37.9571],[140.2733,37.9568],[140.2734,37.9568],[140.2741,37.9569],[140.2748,37.957],[140.275,37.957],[140.275,37.957],[140.2754,37.957],[140.2758,37.9569],[140.2761,37.9568],[140.2762,37.9567],[140.2763,37.9566],[140.2763,37.9562],[140.2763,37.9559],[140.2763,37.955],[140.2763,37.9543],[140.2762,37.9541],[140.2763,37.954],[140.2768,37.9538],[140.277,37.9537],[140.2781,37.9526],[140.2777,37.9523],[140.2776,37.9521],[140.2774,37.9516],[140.2774,37.9512],[140.2774,37.9507],[140.2775,37.9503],[140.2774,37.95],[140.2774,37.95],[140.2774,37.95],[140.2774,37.95],[140.2773,37.9498],[140.2771,37.9495],[140.2769,37.9492],[140.2768,37.9488],[140.2767,37.9486],[140.2765,37.9483],[140.2763,37.9481],[140.2762,37.948],[140.2761,37.9479],[140.2757,37.9475],[140.2753,37.9472],[140.2756,37.9468],[140.2758,37.9467],[140.2758,37.9467],[140.276,37.9466],[140.2762,37.9464],[140.2764,37.9461],[140.2769,37.9457],[140.2773,37.9455],[140.2774,37.9453],[140.2776,37.9449],[140.2777,37.9446],[140.2776,37.9441],[140.2776,37.9438],[140.2777,37.9435],[140.2779,37.9433],[140.278,37.9432],[140.2782,37.9431],[140.2784,37.9427],[140.2786,37.9425],[140.2788,37.9424],[140.2796,37.942],[140.2806,37.9417],[140.2806,37.9417],[140.2807,37.9417],[140.2807,37.9417],[140.2809,37.9416],[140.281,37.9415],[140.281,37.9413],[140.2809,37.9411],[140.2806,37.9409],[140.2805,37.9407],[140.2804,37.9406],[140.2797,37.94],[140.2796,37.9399],[140.2794,37.9395],[140.2791,37.9394],[140.2787,37.9393],[140.2785,37.9393],[140.2782,37.9393],[140.2781,37.9393],[140.2783,37.9389],[140.2784,37.9386],[140.2784,37.9385],[140.2783,37.9381],[140.2783,37.9379],[140.2786,37.9375],[140.2787,37.9372],[140.2787,37.9365],[140.2787,37.9362],[140.2787,37.9361],[140.2789,37.9355],[140.2789,37.9353],[140.2788,37.9346],[140.2788,37.9344],[140.2788,37.9343],[140.2789,37.9342],[140.2793,37.9337],[140.2793,37.9336],[140.279,37.9333],[140.279,37.9333],[140.2789,37.9332],[140.2787,37.9329],[140.2785,37.9326],[140.2784,37.9322],[140.2785,37.9316],[140.2785,37.9313],[140.2784,37.9311],[140.2783,37.9308],[140.2783,37.9306],[140.2784,37.9304],[140.2784,37.9303],[140.2784,37.9301],[140.2783,37.9299],[140.2769,37.929],[140.2768,37.9288],[140.2766,37.9287],[140.2761,37.9285],[140.276,37.9284],[140.2759,37.9283],[140.2758,37.928],[140.2759,37.9278],[140.276,37.9276],[140.2763,37.9274],[140.2765,37.9273],[140.2766,37.927],[140.2766,37.9269],[140.2766,37.9269],[140.2767,37.9266],[140.2765,37.9264],[140.276,37.9257],[140.2756,37.9254],[140.2755,37.9251],[140.2754,37.925],[140.2754,37.925],[140.2753,37.9249],[140.275,37.9247],[140.275,37.9247],[140.275,37.9246],[140.2745,37.9243],[140.2743,37.9241],[140.2742,37.924],[140.2741,37.9237],[140.2739,37.9233],[140.2738,37.9231],[140.2738,37.9229],[140.2739,37.9227],[140.2738,37.9226],[140.2736,37.9224],[140.2734,37.9221],[140.2727,37.9215],[140.2725,37.9211],[140.2723,37.9206],[140.2722,37.9205],[140.2722,37.92],[140.2721,37.9199],[140.2717,37.9197],[140.2717,37.9197],[140.2717,37.9196],[140.2717,37.9196],[140.2712,37.9194],[140.2709,37.9193],[140.2706,37.9192],[140.2702,37.9192],[140.2698,37.9191],[140.2693,37.9189],[140.269,37.9188],[140.2687,37.9185],[140.2681,37.9183],[140.2677,37.9181],[140.2674,37.9178],[140.2671,37.9176],[140.2668,37.9173],[140.2667,37.9172],[140.2667,37.9172],[140.2666,37.9171],[140.2663,37.9167],[140.2663,37.9167],[140.2663,37.9166],[140.2662,37.9164],[140.2662,37.9162],[140.2662,37.9159],[140.2663,37.9155],[140.2663,37.9151],[140.2662,37.9147],[140.2662,37.9145],[140.2664,37.914],[140.2664,37.9138],[140.2664,37.9135],[140.2663,37.9132],[140.2661,37.913],[140.2655,37.9126],[140.2648,37.9122],[140.2646,37.9121],[140.2645,37.9119],[140.2646,37.9116],[140.2646,37.9111],[140.2647,37.9108],[140.2649,37.9105],[140.2651,37.9102],[140.2651,37.9101],[140.2649,37.9097],[140.2649,37.9097],[140.2646,37.9095],[140.2646,37.9094],[140.2646,37.9087],[140.2646,37.9083],[140.2646,37.9083],[140.2646,37.9078],[140.2647,37.9073],[140.2647,37.907],[140.2646,37.9064],[140.2646,37.9062],[140.2647,37.9061],[140.2649,37.9059],[140.2653,37.9056],[140.2654,37.9055],[140.2657,37.9045],[140.2657,37.9044],[140.2656,37.9042],[140.2655,37.904],[140.2653,37.9032],[140.2653,37.9029],[140.2653,37.9027],[140.2656,37.9022],[140.266,37.9013],[140.266,37.9012],[140.266,37.9011],[140.2661,37.9008],[140.2661,37.9],[140.2661,37.9],[140.2661,37.8997],[140.2661,37.8996],[140.2663,37.8995],[140.2665,37.8993],[140.2667,37.8993],[140.2667,37.8993],[140.2671,37.8992],[140.2672,37.8991],[140.2674,37.899],[140.2675,37.8989],[140.2675,37.8987],[140.2674,37.8985],[140.2673,37.8979],[140.2673,37.8974],[140.2673,37.8972],[140.2672,37.897],[140.2671,37.8968],[140.2671,37.8967],[140.2671,37.8966],[140.2673,37.8963],[140.2675,37.8959],[140.2676,37.8957],[140.2682,37.8954],[140.2684,37.8953],[140.2685,37.8951],[140.2685,37.895],[140.2685,37.8945],[140.2686,37.8943],[140.2688,37.8941],[140.269,37.8939],[140.2691,37.8938],[140.2692,37.8935],[140.2697,37.8927],[140.27,37.8924],[140.2701,37.8921],[140.2701,37.8917],[140.2701,37.8917],[140.2702,37.8916],[140.2702,37.8914],[140.2703,37.8912],[140.2705,37.8911],[140.2707,37.8909],[140.2707,37.8907],[140.2707,37.8906],[140.2706,37.8904],[140.2705,37.8903],[140.2701,37.8901],[140.2697,37.8898],[140.269,37.8896],[140.2685,37.8894],[140.2679,37.8892],[140.2679,37.8892],[140.2673,37.8891],[140.2667,37.889],[140.2667,37.889],[140.2666,37.889],[140.2664,37.889],[140.2663,37.8889],[140.2663,37.8888],[140.2663,37.8887],[140.2664,37.8884],[140.2666,37.8881],[140.2667,37.8881],[140.2667,37.888],[140.267,37.8878],[140.2672,37.8876],[140.2672,37.8874],[140.2673,37.8873],[140.2674,37.8872],[140.2674,37.8869],[140.2674,37.8867],[140.2673,37.8865],[140.2671,37.8863],[140.267,37.8862],[140.2668,37.8861],[140.2667,37.8861],[140.2667,37.8861],[140.2663,37.8861],[140.2659,37.8861],[140.2653,37.8863],[140.2651,37.8863],[140.2649,37.8862],[140.2648,37.8861],[140.2648,37.886],[140.2647,37.8858],[140.2649,37.8851],[140.265,37.8846],[140.2651,37.8843],[140.2651,37.8841],[140.2651,37.8839],[140.2652,37.8838],[140.2653,37.8837],[140.2656,37.8835],[140.2657,37.8834],[140.2658,37.8833],[140.2658,37.8833],[140.2658,37.8833],[140.2658,37.8831],[140.2657,37.8829],[140.2654,37.8825],[140.2652,37.8822],[140.2651,37.8819],[140.265,37.8816],[140.265,37.881],[140.265,37.8808],[140.2651,37.8807],[140.2651,37.8806],[140.2652,37.8804],[140.2651,37.8801],[140.2651,37.8799],[140.2649,37.8798],[140.2649,37.8797],[140.2649,37.8795],[140.265,37.8794],[140.2653,37.8792],[140.2654,37.879],[140.2655,37.8789],[140.2654,37.8788],[140.2655,37.8787],[140.2659,37.8783],[140.2664,37.8779],[140.2667,37.8778],[140.2667,37.8778],[140.267,37.8777],[140.2671,37.8776],[140.2673,37.8776],[140.2674,37.8776],[140.2676,37.8775],[140.2678,37.8773],[140.2682,37.8768],[140.2684,37.8764],[140.2687,37.876],[140.269,37.8756],[140.2692,37.8753],[140.2694,37.8751],[140.2695,37.875],[140.2695,37.875],[140.2697,37.8748],[140.2698,37.8746],[140.2699,37.8744],[140.2699,37.8743],[140.2693,37.8736],[140.2693,37.8736],[140.2692,37.8734],[140.2691,37.8733],[140.2692,37.8729],[140.2692,37.8727],[140.2692,37.8726],[140.2691,37.8724],[140.2689,37.8718],[140.2689,37.8717],[140.2686,37.8713],[140.2686,37.8711],[140.2686,37.8709],[140.2687,37.8707],[140.2689,37.8706],[140.2692,37.8703],[140.2694,37.8701],[140.2694,37.87],[140.2695,37.8698],[140.2696,37.8695],[140.2695,37.8693],[140.2695,37.8693],[140.2693,37.8688],[140.2693,37.8687],[140.2693,37.8682],[140.2694,37.8679],[140.2695,37.8675],[140.2696,37.8673],[140.2697,37.867],[140.2699,37.8667],[140.2699,37.8667],[140.2699,37.8667],[140.27,37.8665],[140.2699,37.8661],[140.2698,37.8657],[140.2696,37.8653],[140.2695,37.8652],[140.2695,37.8652],[140.2693,37.8651],[140.2691,37.8651],[140.2683,37.8651],[140.2681,37.8651],[140.2679,37.865],[140.2678,37.8648],[140.2677,37.8647],[140.2675,37.8644],[140.2674,37.8642],[140.2673,37.864],[140.2668,37.8636],[140.2667,37.8636],[140.2667,37.8636],[140.2664,37.8634],[140.266,37.863],[140.2656,37.8625],[140.2655,37.8624],[140.2655,37.8622],[140.2654,37.8618],[140.2653,37.8615],[140.2653,37.8614],[140.2653,37.8612],[140.2655,37.8607],[140.2656,37.8605],[140.2656,37.8603],[140.2655,37.8599],[140.2655,37.8597],[140.2655,37.8593],[140.2655,37.8591],[140.2657,37.8588],[140.2659,37.8585],[140.2661,37.8583],[140.2661,37.8583],[140.2661,37.8583],[140.2663,37.8582],[140.2664,37.8582],[140.2667,37.858],[140.2667,37.858],[140.2669,37.8579],[140.2672,37.8576],[140.2674,37.8575],[140.2674,37.8574],[140.2674,37.8572],[140.2672,37.8564],[140.267,37.8557],[140.2668,37.8555],[140.2667,37.8554],[140.2667,37.8554],[140.2667,37.8554],[140.2666,37.8554],[140.2658,37.8552],[140.2657,37.8552],[140.2655,37.855],[140.2654,37.8549],[140.2653,37.8548],[140.2653,37.8547],[140.2653,37.8547],[140.2654,37.8546],[140.2656,37.8545],[140.2657,37.8544],[140.266,37.854],[140.2662,37.8538],[140.2663,37.8534],[140.2664,37.8531],[140.2665,37.8529],[140.2664,37.8526],[140.2664,37.8522],[140.2664,37.852],[140.2662,37.8516],[140.266,37.8512],[140.2659,37.8509],[140.2658,37.8507],[140.2658,37.8506],[140.2658,37.8504],[140.2658,37.85],[140.2658,37.85],[140.266,37.8493],[140.2662,37.8486],[140.2663,37.8484],[140.2664,37.8482],[140.2665,37.8481],[140.2667,37.848],[140.2667,37.848],[140.2668,37.8479],[140.2671,37.8478],[140.2673,37.8477],[140.2673,37.8477],[140.2673,37.8476],[140.2673,37.8476],[140.2671,37.8473],[140.267,37.8469],[140.2668,37.8466],[140.2667,37.8463],[140.2667,37.8462],[140.2665,37.8458],[140.2665,37.8456],[140.2665,37.8453],[140.2665,37.845],[140.2664,37.8449],[140.2662,37.8446],[140.2657,37.8443],[140.2652,37.8439],[140.2647,37.8435],[140.2643,37.8433],[140.2643,37.8432],[140.2641,37.8431],[140.2639,37.8429],[140.2638,37.8427],[140.2636,37.8426],[140.2631,37.8424],[140.2629,37.8422],[140.2627,37.842],[140.2627,37.8417],[140.2627,37.8417],[140.2626,37.8413],[140.2625,37.841],[140.2623,37.8406],[140.2622,37.8404],[140.2622,37.8404],[140.2622,37.8403],[140.2625,37.8402],[140.2627,37.84],[140.263,37.8399],[140.2632,37.8399],[140.2634,37.8396],[140.2636,37.8395],[140.2639,37.8395],[140.2642,37.8394],[140.2645,37.8393],[140.2647,37.8392],[140.2651,37.839],[140.2652,37.839],[140.2652,37.8389],[140.2652,37.8388],[140.2651,37.8387],[140.2648,37.8385],[140.2643,37.8381],[140.2639,37.8379],[140.2636,37.8378],[140.2635,37.8378],[140.2632,37.8375],[140.263,37.8374],[140.2629,37.8373],[140.2629,37.8373],[140.2627,37.837],[140.2627,37.8369],[140.2627,37.8368],[140.2627,37.8367],[140.2629,37.8366],[140.2632,37.8364],[140.2632,37.8364],[140.2633,37.8363],[140.2633,37.8362],[140.2633,37.836],[140.2633,37.8359],[140.2631,37.8357],[140.2627,37.8354],[140.2624,37.8351],[140.2623,37.835],[140.2623,37.835],[140.2622,37.8347],[140.2621,37.8344],[140.2623,37.8339],[140.2626,37.8333],[140.2626,37.8333],[140.2626,37.8333],[140.2628,37.8327],[140.263,37.8324],[140.2635,37.8317],[140.2644,37.8307],[140.2649,37.8303],[140.265,37.8301],[140.265,37.83],[140.265,37.8297],[140.265,37.8296],[140.2653,37.8293],[140.2654,37.8292],[140.2656,37.829],[140.2656,37.8289],[140.2656,37.8288],[140.2655,37.8286],[140.2655,37.8285],[140.2655,37.8284],[140.2656,37.8283],[140.2659,37.8281],[140.266,37.828],[140.2667,37.8274],[140.2667,37.8273],[140.2669,37.8271],[140.2672,37.8267],[140.2672,37.8263],[140.2674,37.8257],[140.2675,37.8255],[140.2677,37.8255],[140.2679,37.8255],[140.2682,37.8254],[140.2686,37.8255],[140.2689,37.8254],[140.2691,37.8253],[140.2691,37.8253],[140.269,37.825],[140.269,37.825],[140.269,37.8249],[140.2688,37.8245],[140.2688,37.8243],[140.2688,37.8241],[140.2689,37.8239],[140.269,37.8238],[140.2692,37.8237],[140.2694,37.8237],[140.2698,37.8235],[140.2701,37.8235],[140.2705,37.8235],[140.2709,37.8235],[140.2711,37.8235],[140.2714,37.8233],[140.2715,37.8232],[140.2718,37.8231],[140.2719,37.8231],[140.2728,37.8224],[140.2731,37.8223],[140.2738,37.8221],[140.2741,37.8219],[140.2742,37.8218],[140.2743,37.8216],[140.2744,37.8214],[140.2746,37.8211],[140.275,37.8209],[140.275,37.8209],[140.275,37.8209],[140.2755,37.8207],[140.2757,37.8207],[140.2761,37.8207],[140.2765,37.821],[140.2767,37.8211],[140.2768,37.8211],[140.277,37.821],[140.2773,37.8208],[140.2773,37.8208],[140.2775,37.8207],[140.2777,37.8207],[140.2779,37.8208],[140.2781,37.8211],[140.2782,37.8211],[140.2783,37.8211],[140.2785,37.821],[140.2789,37.8207],[140.2791,37.8206],[140.2795,37.8203],[140.2797,37.8201],[140.2798,37.8201],[140.2798,37.82],[140.2797,37.8197],[140.2797,37.8196],[140.2798,37.8195],[140.2799,37.8193],[140.28,37.8193],[140.2803,37.819],[140.281,37.8186],[140.2813,37.8185],[140.2816,37.8184],[140.2821,37.8184],[140.2822,37.8184],[140.2822,37.8184],[140.2823,37.8182],[140.2824,37.8181],[140.2831,37.8176],[140.2833,37.8174],[140.2834,37.8174],[140.2838,37.8171],[140.284,37.8169],[140.2841,37.8169],[140.2844,37.8168],[140.2845,37.8168],[140.2846,37.8167],[140.2846,37.8167],[140.2847,37.8166],[140.2848,37.8163],[140.2851,37.8161],[140.2851,37.816],[140.2851,37.8159],[140.285,37.8159],[140.2849,37.8158],[140.2849,37.8157],[140.2849,37.8155],[140.285,37.8154],[140.2852,37.8153],[140.2853,37.8153],[140.2857,37.8154],[140.2859,37.8155],[140.2861,37.8155],[140.2864,37.8154],[140.2866,37.8152],[140.2867,37.8151],[140.2867,37.8148],[140.2868,37.8146],[140.2869,37.8143],[140.287,37.8141],[140.2871,37.814],[140.2872,37.8139],[140.2874,37.8138],[140.2877,37.8138],[140.288,37.8138],[140.2882,37.8139],[140.2883,37.814],[140.2884,37.8141],[140.2885,37.8143],[140.2886,37.8144],[140.2888,37.8145],[140.2894,37.8148],[140.2898,37.815],[140.2906,37.8151],[140.2908,37.8151],[140.2911,37.815],[140.2914,37.8149],[140.2916,37.8148],[140.2917,37.8147],[140.2917,37.8147],[140.2919,37.8145],[140.2923,37.8143],[140.2927,37.8141],[140.2932,37.8138],[140.2935,37.8134],[140.2936,37.8133],[140.2935,37.8131],[140.2935,37.8129],[140.2933,37.8126],[140.2932,37.8124],[140.2932,37.8122],[140.2931,37.812],[140.2931,37.8117],[140.2933,37.8114],[140.2936,37.8111],[140.2937,37.811],[140.2938,37.8109],[140.2941,37.8108],[140.2943,37.8108],[140.2947,37.8109],[140.2954,37.811],[140.2956,37.8111],[140.2958,37.811],[140.2959,37.811],[140.2959,37.8109],[140.2958,37.8107],[140.2958,37.8105],[140.2958,37.8103],[140.2959,37.8101],[140.2961,37.8097],[140.2963,37.8095],[140.2966,37.8092],[140.2971,37.8089],[140.2973,37.8089],[140.2974,37.8089],[140.2978,37.809],[140.2979,37.809],[140.298,37.809],[140.2985,37.8087],[140.2986,37.8086],[140.2987,37.8083],[140.2987,37.8083],[140.2988,37.8082],[140.2988,37.8079],[140.2988,37.8078],[140.2988,37.8078],[140.2987,37.8077],[140.2986,37.8075],[140.2985,37.8073],[140.2985,37.8072],[140.2984,37.8071],[140.2983,37.8071],[140.2982,37.807],[140.2979,37.8069],[140.2976,37.8065],[140.2975,37.8064],[140.297,37.8063],[140.2968,37.8062],[140.2966,37.806],[140.2963,37.8059],[140.2958,37.8058],[140.2956,37.8058],[140.2955,37.8057],[140.2953,37.8056],[140.2951,37.8052],[140.2951,37.8051],[140.2948,37.8048],[140.2947,37.8048],[140.2945,37.8047],[140.2942,37.8045],[140.2941,37.8044],[140.2941,37.8044],[140.2939,37.8044],[140.2934,37.8042],[140.2931,37.8041],[140.2926,37.8042],[140.2923,37.8041],[140.2922,37.8041],[140.2921,37.804],[140.292,37.8039],[140.2918,37.8036],[140.2917,37.8035],[140.2917,37.8034],[140.2917,37.8034],[140.2916,37.8033],[140.2912,37.8031],[140.291,37.8029],[140.2909,37.8025],[140.2907,37.8024],[140.2906,37.8021],[140.2905,37.8019],[140.2905,37.8018],[140.2905,37.8015],[140.2905,37.8015],[140.2904,37.8014],[140.2904,37.8014],[140.2903,37.8013],[140.2903,37.8012],[140.2901,37.8012],[140.2901,37.8011],[140.2899,37.8011],[140.2885,37.8009],[140.2876,37.8008],[140.2873,37.8008],[140.2869,37.8009],[140.2866,37.8009],[140.2864,37.8008],[140.2863,37.8008],[140.286,37.8006],[140.2858,37.8004],[140.2858,37.8003],[140.2858,37.8003],[140.2857,37.8002],[140.2856,37.8002],[140.2854,37.8],[140.2853,37.8],[140.2852,37.7999],[140.2849,37.7997],[140.2846,37.7996],[140.2844,37.7996],[140.2842,37.7996],[140.2839,37.7995],[140.2838,37.7994],[140.2837,37.7993],[140.2836,37.7991],[140.2836,37.799],[140.2836,37.799],[140.2835,37.7989],[140.2834,37.7989],[140.2834,37.7988],[140.2833,37.7988],[140.2833,37.7988],[140.2831,37.7986],[140.2826,37.7984],[140.2822,37.7982],[140.2821,37.7981],[140.282,37.7979],[140.282,37.7978],[140.2821,37.7974],[140.2821,37.7972],[140.282,37.7971],[140.2818,37.7968],[140.2817,37.7967],[140.2817,37.7966],[140.2817,37.7964],[140.2817,37.7964],[140.2818,37.7963],[140.2818,37.7962],[140.2818,37.7961],[140.282,37.7958],[140.282,37.7957],[140.2819,37.7949],[140.282,37.7947],[140.2821,37.7943],[140.2823,37.7939],[140.2824,37.7935],[140.2825,37.793],[140.2825,37.7928],[140.2825,37.7925],[140.2825,37.7923],[140.2824,37.7922],[140.2823,37.792],[140.2823,37.7919],[140.2822,37.7918],[140.2822,37.7918],[140.2821,37.7917],[140.2821,37.7917],[140.2821,37.7917],[140.2817,37.7914],[140.2816,37.7913],[140.2812,37.791],[140.281,37.7908],[140.2808,37.7907],[140.2806,37.7905],[140.2803,37.7904],[140.2802,37.7904],[140.2801,37.7902],[140.2799,37.79],[140.2799,37.7899],[140.2799,37.7896],[140.2798,37.7894],[140.2797,37.7892],[140.2795,37.789],[140.2792,37.7887],[140.2788,37.7884],[140.2786,37.7882],[140.2783,37.7881],[140.2779,37.7879],[140.2774,37.7878],[140.277,37.7877],[140.2769,37.7877],[140.2769,37.7876],[140.2769,37.7876],[140.2768,37.7874],[140.2768,37.7872],[140.2769,37.7864],[140.2771,37.7861],[140.2771,37.7861],[140.2773,37.7858],[140.2773,37.7856],[140.2775,37.7853],[140.2776,37.7852],[140.2777,37.7851],[140.2778,37.7851],[140.2781,37.7849],[140.2782,37.7849],[140.2783,37.7848],[140.2782,37.7846],[140.2781,37.7845],[140.2779,37.7843],[140.2778,37.7841],[140.2776,37.7839],[140.2776,37.7838],[140.2775,37.7835],[140.2775,37.7834],[140.2775,37.7834],[140.2775,37.7833],[140.2775,37.7833],[140.2774,37.7832],[140.2773,37.7831],[140.2771,37.7829],[140.2771,37.7829],[140.2769,37.7827],[140.2767,37.7825],[140.2765,37.7822],[140.2765,37.782],[140.2763,37.7818],[140.2761,37.7816],[140.276,37.7816],[140.2759,37.7816],[140.2755,37.7816],[140.2753,37.7816],[140.2752,37.7817],[140.275,37.7816],[140.275,37.7816],[140.2749,37.7816],[140.2746,37.7816],[140.2742,37.7816],[140.274,37.7815],[140.2739,37.7815],[140.2737,37.7814],[140.2736,37.7813],[140.2736,37.7811],[140.2735,37.781],[140.2731,37.7809],[140.2729,37.7808],[140.2727,37.7807],[140.2726,37.7806],[140.2725,37.7806],[140.2721,37.7805],[140.2719,37.7805],[140.2713,37.7805],[140.2712,37.7805],[140.2711,37.7805],[140.2709,37.7805],[140.2708,37.7805],[140.2707,37.7805],[140.2704,37.7805],[140.2701,37.7805],[140.27,37.7805],[140.2698,37.7805],[140.2694,37.7804],[140.2693,37.7803],[140.269,37.7803],[140.2687,37.7804],[140.2685,37.7804],[140.2683,37.7804],[140.268,37.7803],[140.2678,37.7803],[140.2677,37.7802],[140.2675,37.78],[140.2674,37.7799],[140.2672,37.7796],[140.2671,37.7796],[140.2671,37.7796],[140.2669,37.7795],[140.2668,37.7794],[140.2667,37.7794],[140.2667,37.7794],[140.2664,37.7793],[140.2662,37.7792],[140.266,37.7791],[140.2658,37.7787],[140.2655,37.7781],[140.2654,37.7779],[140.2653,37.7778],[140.2652,37.7776],[140.2651,37.7776],[140.2648,37.7774],[140.2647,37.7774],[140.2646,37.7772],[140.2643,37.7769],[140.2643,37.7769],[140.2641,37.7767],[140.2639,37.7765],[140.2635,37.7761],[140.2632,37.776],[140.2631,37.7759],[140.2629,37.7757],[140.2628,37.7754],[140.2628,37.7754],[140.2626,37.7752],[140.2626,37.7752],[140.2626,37.7751],[140.2627,37.775],[140.2627,37.775],[140.2632,37.7745],[140.2633,37.7743],[140.2635,37.774],[140.2635,37.7739],[140.2635,37.7738],[140.2634,37.7736],[140.2633,37.7734],[140.2631,37.7732],[140.263,37.773],[140.2628,37.7729],[140.2621,37.7726],[140.2619,37.7724],[140.2617,37.7722],[140.2615,37.772],[140.2613,37.7717],[140.261,37.7714],[140.2608,37.7712],[140.2606,37.7711],[140.2605,37.771],[140.2603,37.7709],[140.26,37.7707],[140.2596,37.7706],[140.2594,37.7706],[140.2588,37.7704],[140.2584,37.7703],[140.2583,37.7702],[140.2581,37.7702],[140.2577,37.7701],[140.2574,37.7699],[140.257,37.7697],[140.2569,37.7696],[140.2567,37.7694],[140.2564,37.7692],[140.2562,37.769],[140.2561,37.7687],[140.2559,37.7685],[140.2557,37.7684],[140.2555,37.7683],[140.2554,37.7682],[140.2553,37.768],[140.2553,37.7679],[140.2553,37.7676],[140.2553,37.7671],[140.2553,37.767],[140.2553,37.7667],[140.2553,37.7667],[140.2552,37.7665],[140.2552,37.7662],[140.255,37.7655],[140.255,37.7648],[140.255,37.7647],[140.255,37.7646],[140.2549,37.7646],[140.2547,37.7645],[140.2546,37.7645],[140.2545,37.7644],[140.254,37.764],[140.2537,37.7638],[140.2534,37.7637],[140.2532,37.7637],[140.2529,37.7637],[140.2527,37.7636],[140.2525,37.7634],[140.2524,37.7632],[140.2522,37.763],[140.252,37.7627],[140.2518,37.7625],[140.2518,37.7624],[140.2515,37.7624],[140.2512,37.7623],[140.2509,37.7622],[140.2507,37.7622],[140.2505,37.762],[140.2501,37.7617],[140.25,37.7616],[140.25,37.7616],[140.2499,37.7615],[140.2494,37.7608],[140.2493,37.7606],[140.2491,37.7605],[140.2485,37.7602],[140.248,37.76],[140.2473,37.7598],[140.2467,37.7597],[140.2465,37.7596],[140.2459,37.7593],[140.2451,37.7589],[140.2446,37.7586],[140.2444,37.7584],[140.2444,37.7583],[140.2444,37.7583],[140.2443,37.7581],[140.2443,37.7577],[140.2442,37.7574],[140.2441,37.7572],[140.2439,37.757],[140.2437,37.7568],[140.2434,37.7566],[140.2432,37.7564],[140.243,37.7561],[140.2427,37.7557],[140.242,37.755],[140.2417,37.7546],[140.2417,37.7546],[140.2413,37.7543],[140.2409,37.7539],[140.2404,37.7535],[140.2403,37.753],[140.2404,37.7522],[140.2405,37.752],[140.2405,37.7511],[140.2405,37.7509],[140.2403,37.7504],[140.2401,37.7502],[140.24,37.75],[140.24,37.75],[140.2399,37.7497],[140.2397,37.7495],[140.2395,37.7493],[140.2393,37.7488],[140.2392,37.7485],[140.2391,37.7484],[140.239,37.7482],[140.2389,37.7481],[140.2388,37.748],[140.2386,37.7479],[140.2381,37.7474],[140.238,37.7473],[140.2377,37.7468],[140.2374,37.7466],[140.2373,37.7465],[140.2372,37.7465],[140.2371,37.7464],[140.237,37.7464],[140.2368,37.7464],[140.2363,37.7461],[140.2357,37.7459],[140.2355,37.7459],[140.2351,37.7459],[140.235,37.7459],[140.2347,37.746],[140.2341,37.7459],[140.2335,37.7459],[140.2335,37.7458],[140.2334,37.7458],[140.2333,37.7458],[140.2332,37.7458],[140.2326,37.7459],[140.2318,37.746],[140.2314,37.746],[140.2308,37.7459],[140.2305,37.7458],[140.23,37.7457],[140.2298,37.7457],[140.2293,37.7457],[140.2291,37.7457],[140.2288,37.7458],[140.2286,37.7458],[140.2282,37.746],[140.2279,37.7461],[140.2275,37.7462],[140.2271,37.7463],[140.2268,37.7464],[140.2266,37.7464],[140.2263,37.7464],[140.2258,37.7465],[140.2256,37.7465],[140.2255,37.7465],[140.2252,37.7464],[140.225,37.7464],[140.225,37.7464],[140.2248,37.7464],[140.2243,37.7465],[140.224,37.7465],[140.2231,37.7466],[140.2227,37.7466],[140.2224,37.7465],[140.2221,37.7464],[140.2219,37.7463],[140.2216,37.7462],[140.2214,37.746],[140.2212,37.7459],[140.2208,37.7458],[140.2205,37.7458],[140.2201,37.7458],[140.2197,37.7458],[140.2194,37.7459],[140.2187,37.7462],[140.2184,37.7463],[140.218,37.7466],[140.2175,37.7469],[140.2174,37.7471],[140.2169,37.7473],[140.2167,37.7475],[140.2167,37.7475],[140.2164,37.7476],[140.216,37.7479],[140.2158,37.7481],[140.2155,37.7482],[140.2154,37.7482],[140.2148,37.7482],[140.2145,37.7482],[140.2143,37.7482],[140.214,37.7482],[140.2137,37.7481],[140.2135,37.748],[140.2131,37.7479],[140.2125,37.7479],[140.212,37.7479],[140.2115,37.748],[140.2108,37.748],[140.2105,37.7481],[140.2101,37.7483],[140.21,37.7483],[140.2097,37.7485],[140.2095,37.7486],[140.2092,37.7486],[140.2086,37.7486],[140.2084,37.7486],[140.2084,37.7486],[140.2083,37.7486],[140.208,37.7488],[140.2077,37.7489],[140.2074,37.749],[140.2071,37.749],[140.2068,37.7489],[140.2063,37.7486],[140.2058,37.7482],[140.2054,37.7479],[140.2051,37.7476],[140.205,37.7475],[140.2048,37.7475],[140.2045,37.7477],[140.2044,37.7477],[140.2038,37.7482],[140.2033,37.7486],[140.2017,37.7498],[140.2013,37.75],[140.2013,37.75],[140.2009,37.7503],[140.2007,37.7504],[140.2002,37.751],[140.2002,37.7511],[140.2,37.7523],[140.2,37.7524],[140.2,37.7524],[140.1999,37.7526],[140.1998,37.7528],[140.1996,37.7528],[140.1993,37.7528],[140.1985,37.7528],[140.1983,37.7528],[140.198,37.7528],[140.1974,37.7528],[140.197,37.753],[140.197,37.753],[140.1967,37.7531],[140.1965,37.7532],[140.1964,37.7532],[140.1952,37.7532],[140.1945,37.7532],[140.1935,37.7532],[140.193,37.7533],[140.1929,37.7532],[140.1926,37.7532],[140.1921,37.7531],[140.1917,37.7531],[140.1917,37.7531],[140.1916,37.7531],[140.1912,37.7532],[140.1908,37.7533],[140.1903,37.7535],[140.1901,37.7536],[140.1894,37.7541],[140.1891,37.7542],[140.1888,37.7542],[140.1886,37.7542],[140.1883,37.7541],[140.1881,37.7541],[140.1879,37.7538],[140.1877,37.7538],[140.1874,37.754],[140.1867,37.7543],[140.1862,37.7545],[140.1855,37.7548],[140.1845,37.7551],[140.1834,37.7554],[140.1833,37.7554],[140.1831,37.7555],[140.1828,37.7555],[140.1828,37.7556],[140.182,37.7558],[140.1815,37.756],[140.1807,37.7562],[140.1802,37.7563],[140.1792,37.7565],[140.1788,37.7565],[140.1783,37.7565],[140.178,37.7565],[140.1774,37.7565],[140.1765,37.7565],[140.1761,37.7564],[140.1758,37.7564],[140.175,37.7564],[140.175,37.7564],[140.175,37.7564],[140.1747,37.7564],[140.1742,37.7563],[140.1738,37.7562],[140.1733,37.7562],[140.1726,37.7561],[140.1719,37.756],[140.1717,37.756],[140.1714,37.756],[140.1713,37.756],[140.1708,37.756],[140.1704,37.756],[140.1702,37.756],[140.1697,37.7561],[140.1696,37.7561],[140.1689,37.7563],[140.1684,37.7566],[140.1684,37.7566],[140.1675,37.757],[140.1673,37.7571],[140.1669,37.7572],[140.1667,37.7573],[140.1667,37.7573],[140.1667,37.7573],[140.1664,37.7573],[140.166,37.7572],[140.1653,37.7571],[140.1648,37.757],[140.1641,37.7568],[140.1637,37.7568],[140.1627,37.7567],[140.1623,37.7567],[140.162,37.7567],[140.1618,37.7567],[140.1616,37.7567],[140.1614,37.7566],[140.1611,37.7565],[140.1608,37.7564],[140.1602,37.7562],[140.1599,37.7561],[140.1597,37.756],[140.159,37.7558],[140.1584,37.7556],[140.1584,37.7556],[140.1583,37.7555],[140.1575,37.7552],[140.1565,37.7548],[140.1562,37.7547],[140.1555,37.7542],[140.1545,37.7536],[140.154,37.7534],[140.1537,37.7534],[140.1525,37.7533],[140.1517,37.7532],[140.1512,37.7531],[140.1511,37.7531],[140.1508,37.753],[140.1505,37.7529],[140.1501,37.7529],[140.15,37.7529],[140.15,37.7529],[140.1498,37.7529],[140.1494,37.7528],[140.1491,37.7528],[140.1484,37.7526],[140.1481,37.7525],[140.148,37.7525],[140.1475,37.7525],[140.1472,37.7526],[140.1467,37.7526],[140.1465,37.7527],[140.1462,37.7527],[140.146,37.7527],[140.1459,37.7525],[140.1459,37.7517],[140.1457,37.7512],[140.1453,37.75],[140.1453,37.75],[140.1451,37.7494],[140.1448,37.7485],[140.1447,37.7483],[140.1445,37.7475],[140.1441,37.7465],[140.144,37.7463],[140.1438,37.7459],[140.1437,37.7456],[140.1434,37.7451],[140.1431,37.7447],[140.1428,37.7443],[140.1424,37.7438],[140.1421,37.7434],[140.1419,37.7433],[140.1417,37.7431],[140.1417,37.7431],[140.1415,37.743],[140.1413,37.7428],[140.1412,37.7427],[140.1411,37.7427],[140.141,37.7426],[140.1407,37.7417],[140.1407,37.7417],[140.1407,37.7417],[140.1404,37.7407],[140.1402,37.7405],[140.1401,37.7402],[140.1401,37.7399],[140.1401,37.7394],[140.1403,37.7389],[140.1406,37.7385],[140.1407,37.7384],[140.1407,37.7381],[140.1407,37.7381],[140.1405,37.7381],[140.14,37.7381],[140.1397,37.7382],[140.1389,37.7385],[140.1384,37.7386],[140.1379,37.7387],[140.1375,37.7387],[140.1374,37.7388],[140.1371,37.7388],[140.1367,37.7388],[140.1364,37.7388],[140.1359,37.7388],[140.1353,37.7387],[140.1349,37.7387],[140.1343,37.7387],[140.1336,37.7385],[140.1334,37.7384],[140.1333,37.7384],[140.1331,37.7383],[140.1327,37.7381],[140.1324,37.7379],[140.1319,37.7375],[140.1315,37.7373],[140.1312,37.7371],[140.1309,37.737],[140.1307,37.7369],[140.1302,37.7365],[140.1295,37.736],[140.1291,37.7358],[140.1287,37.7355],[140.1285,37.7352],[140.1281,37.7347],[140.128,37.7345],[140.1279,37.7343],[140.1278,37.7342],[140.1278,37.7341],[140.1278,37.734],[140.1277,37.734],[140.1276,37.7339],[140.1274,37.7339],[140.1261,37.7339],[140.1258,37.7339],[140.125,37.7338],[140.125,37.7338],[140.1244,37.7338],[140.1235,37.7339],[140.123,37.7339],[140.1226,37.734],[140.1222,37.7341],[140.1217,37.7342],[140.1214,37.7343],[140.1211,37.7343],[140.121,37.7344],[140.1209,37.7344],[140.1206,37.7346],[140.1204,37.7347],[140.1202,37.7347],[140.12,37.7347],[140.1191,37.7345],[140.1188,37.7345],[140.1184,37.7344],[140.1176,37.7344],[140.1167,37.7343],[140.1167,37.7343],[140.1165,37.7343],[140.1165,37.7343],[140.1158,37.7343],[140.1154,37.7344],[140.115,37.7345],[140.1145,37.7348],[140.114,37.7351],[140.1138,37.7352],[140.1125,37.7359],[140.1122,37.7361],[140.1117,37.7363],[140.1111,37.7367],[140.1108,37.7369],[140.1106,37.737],[140.1103,37.7372],[140.11,37.7372],[140.1092,37.7375],[140.1084,37.7378],[140.1083,37.7378],[140.1076,37.738],[140.1071,37.7382],[140.1067,37.7383],[140.1062,37.7383],[140.1059,37.7384],[140.1056,37.7384],[140.1051,37.7382],[140.1044,37.7378],[140.1042,37.7377],[140.1041,37.7374],[140.1038,37.7372],[140.1036,37.7372],[140.1034,37.7372],[140.1029,37.7374],[140.1026,37.7375],[140.1023,37.7376],[140.1021,37.7377],[140.1018,37.738],[140.1016,37.7382],[140.1014,37.7384],[140.1014,37.7387],[140.1013,37.739],[140.1013,37.739],[140.1013,37.7393],[140.1013,37.7394],[140.101,37.7398],[140.1007,37.7399],[140.1004,37.7401],[140.1,37.7402],[140.1,37.7403],[140.1,37.7403],[140.0995,37.7403],[140.0991,37.7405],[140.0989,37.7407],[140.0986,37.741],[140.0985,37.7412],[140.0985,37.7415],[140.0986,37.7417],[140.0986,37.7417],[140.0986,37.7419],[140.0985,37.7422],[140.0985,37.7424],[140.0983,37.7425],[140.0981,37.7427],[140.0976,37.7429],[140.0969,37.7434],[140.0967,37.7436],[140.0965,37.7438],[140.0963,37.744],[140.0962,37.7443],[140.0962,37.7449],[140.0962,37.7453],[140.0962,37.7458],[140.0962,37.746],[140.0961,37.7464],[140.0962,37.7467],[140.0962,37.7468],[140.0962,37.7469],[140.0961,37.7472],[140.0957,37.7477],[140.0956,37.7478],[140.0955,37.748],[140.0953,37.7483],[140.0953,37.7484],[140.0948,37.7488],[140.0944,37.7492],[140.0943,37.7493],[140.0942,37.7494],[140.094,37.7496],[140.0936,37.7497],[140.0934,37.7498],[140.0932,37.7499],[140.0929,37.7499],[140.0927,37.7499],[140.0926,37.75],[140.0926,37.75],[140.0926,37.75],[140.0925,37.7502],[140.0924,37.7504],[140.0922,37.7507],[140.0918,37.751],[140.0917,37.7511],[140.0917,37.7511],[140.0915,37.7512],[140.0911,37.7515],[140.0909,37.7517],[140.0907,37.7521],[140.0904,37.7526],[140.0903,37.7528],[140.0903,37.753],[140.0903,37.7532],[140.0902,37.7535],[140.09,37.7537],[140.0899,37.7539],[140.0894,37.7547],[140.0892,37.7549],[140.0891,37.7552],[140.0889,37.7553],[140.0886,37.7555],[140.0881,37.7556],[140.0877,37.7557],[140.0875,37.7558],[140.0873,37.7559],[140.0872,37.7561],[140.0871,37.7562],[140.087,37.7565],[140.0869,37.7567],[140.0868,37.7568],[140.0866,37.7573],[140.0865,37.7574],[140.0865,37.7576],[140.0867,37.7578],[140.0868,37.758],[140.0867,37.758],[140.0866,37.758],[140.0864,37.758],[140.0862,37.758],[140.0856,37.758],[140.0846,37.758],[140.084,37.758],[140.0837,37.7579],[140.0834,37.7578],[140.0834,37.7578],[140.0833,37.7578],[140.0833,37.7578],[140.0832,37.7577],[140.083,37.7577],[140.0827,37.7575],[140.0824,37.7573],[140.0821,37.7572],[140.0819,37.7571],[140.0816,37.7569],[140.0813,37.7568],[140.081,37.7565],[140.0807,37.7563],[140.0806,37.7562],[140.0805,37.7561],[140.0803,37.7561],[140.0802,37.7561],[140.0799,37.7563],[140.0797,37.7564],[140.0795,37.7564],[140.0792,37.7565],[140.079,37.7565],[140.0787,37.7567],[140.0783,37.7569],[140.0782,37.7569],[140.0781,37.757],[140.0778,37.7572],[140.0773,37.7573],[140.0771,37.7574],[140.0768,37.7574],[140.0765,37.7575],[140.0763,37.7575],[140.0759,37.7575],[140.0753,37.7575],[140.075,37.7575],[140.075,37.7575],[140.0749,37.7575],[140.0747,37.7575],[140.0745,37.7575],[140.0743,37.7575],[140.0741,37.7575],[140.0739,37.7575],[140.0737,37.7576],[140.0735,37.7576],[140.0733,37.7577],[140.073,37.7578],[140.0729,37.7578],[140.0727,37.7578],[140.0726,37.7578],[140.0724,37.7578],[140.0722,37.7578],[140.0719,37.7578],[140.0716,37.7578],[140.0715,37.7578],[140.0712,37.7578],[140.0709,37.7578],[140.0708,37.7578],[140.0706,37.7578],[140.0703,37.7578],[140.0701,37.7578],[140.0699,37.7579],[140.0697,37.7579],[140.0696,37.7579],[140.0694,37.7579],[140.0693,37.7578],[140.0691,37.7578],[140.069,37.7579],[140.0689,37.7581],[140.0688,37.7583],[140.0688,37.7583],[140.0688,37.7585],[140.0686,37.7587],[140.0685,37.7589],[140.0685,37.759],[140.0684,37.7592],[140.0683,37.7593],[140.0683,37.7594],[140.0682,37.7594],[140.0681,37.7595],[140.068,37.7595],[140.0678,37.7596],[140.0677,37.7597],[140.0675,37.7599],[140.0674,37.7601],[140.0674,37.7606],[140.0674,37.7608],[140.0674,37.761],[140.0675,37.7612],[140.0675,37.7613],[140.0676,37.7614],[140.0676,37.7616],[140.0675,37.7618],[140.0675,37.7619],[140.0672,37.7626],[140.067,37.7631],[140.067,37.7632],[140.067,37.7633],[140.0669,37.7634],[140.0669,37.7635],[140.0669,37.7636],[140.067,37.7638],[140.0672,37.7641],[140.0672,37.7642],[140.0672,37.7644],[140.0672,37.7645],[140.0671,37.7646],[140.067,37.7647],[140.0667,37.7647],[140.0667,37.7647],[140.0667,37.7647],[140.0665,37.7648],[140.0664,37.7649],[140.0662,37.7651],[140.0661,37.7652],[140.0661,37.7654],[140.0661,37.7658],[140.066,37.7659],[140.0658,37.766],[140.0655,37.7664],[140.0652,37.7666],[140.0652,37.7667],[140.0652,37.7667],[140.0651,37.7668],[140.0651,37.7668],[140.0651,37.7669],[140.0651,37.767],[140.0651,37.7672],[140.0651,37.7674],[140.065,37.7676],[140.0648,37.7677],[140.0646,37.7678],[140.0645,37.7678],[140.0642,37.7677],[140.0638,37.7677],[140.0635,37.7678],[140.0634,37.7678],[140.0633,37.7681],[140.0632,37.7683],[140.063,37.7686],[140.063,37.7686],[140.0629,37.7688],[140.0626,37.7691],[140.0624,37.7693],[140.0622,37.7694],[140.062,37.7695],[140.0617,37.7695],[140.0614,37.7696],[140.061,37.7697],[140.0608,37.7699],[140.0606,37.7701],[140.0605,37.7703],[140.0602,37.7704],[140.06,37.7705],[140.0597,37.7706],[140.0595,37.7707],[140.0593,37.7709],[140.0589,37.7712],[140.0587,37.7712],[140.0584,37.7713],[140.0583,37.7713],[140.0583,37.7713],[140.058,37.7713],[140.0577,37.7713],[140.0575,37.7713],[140.0573,37.7712],[140.0569,37.7711],[140.0569,37.7711],[140.0565,37.771],[140.0561,37.7709],[140.0557,37.7709],[140.0548,37.7709],[140.0546,37.7709],[140.0543,37.7708],[140.054,37.7708],[140.0538,37.7708],[140.0536,37.7708],[140.0535,37.7708],[140.0534,37.771],[140.0533,37.7713],[140.0533,37.7717],[140.0534,37.7719],[140.0539,37.7728],[140.054,37.7731],[140.0541,37.7735],[140.054,37.7741],[140.0542,37.7743],[140.0544,37.7745],[140.0544,37.7747],[140.0545,37.775],[140.0545,37.775],[140.0545,37.775],[140.0543,37.7754],[140.0539,37.7759],[140.0537,37.7762],[140.0537,37.7763],[140.0537,37.7765],[140.0537,37.7766],[140.0536,37.7767],[140.0533,37.7772],[140.0531,37.7776],[140.0529,37.7782],[140.0527,37.7786],[140.0525,37.7788],[140.0523,37.7789],[140.0522,37.779],[140.0518,37.7792],[140.0514,37.7793],[140.0513,37.7794],[140.051,37.7792],[140.0508,37.7791],[140.0505,37.779],[140.0502,37.779],[140.05,37.779],[140.05,37.779],[140.0499,37.779],[140.0496,37.7789],[140.0493,37.7789],[140.0491,37.7789],[140.0489,37.779],[140.0486,37.7791],[140.0485,37.779],[140.0482,37.7789],[140.0479,37.7786],[140.0477,37.7784],[140.0475,37.7782],[140.0475,37.7781],[140.0474,37.7778],[140.0474,37.7775],[140.0471,37.7772],[140.0468,37.7769],[140.0467,37.7767],[140.0466,37.7765],[140.0464,37.7762],[140.0461,37.7758],[140.0459,37.7755],[140.0456,37.7753],[140.0454,37.7751],[140.0453,37.775],[140.0453,37.775],[140.0449,37.7744],[140.0448,37.7742],[140.0447,37.7741],[140.0447,37.774],[140.0447,37.7738],[140.0447,37.7734],[140.0447,37.7731],[140.0446,37.7729],[140.0444,37.7727],[140.0442,37.7726],[140.0439,37.7726],[140.0436,37.7725],[140.0433,37.7725],[140.0432,37.7725],[140.043,37.7724],[140.0425,37.772],[140.0418,37.7715],[140.0417,37.7714],[140.0417,37.7714],[140.0412,37.7711],[140.0411,37.7709],[140.041,37.7708],[140.0408,37.7704],[140.0406,37.7703],[140.0404,37.7701],[140.0401,37.7698],[140.04,37.7698],[140.0397,37.7696],[140.0395,37.7694],[140.039,37.769],[140.0387,37.7687],[140.0382,37.7684],[140.0377,37.7681],[140.0375,37.768],[140.0373,37.7679],[140.037,37.7678],[140.0367,37.7677],[140.0361,37.7675],[140.0358,37.7674],[140.0356,37.7673],[140.0354,37.7673],[140.0353,37.7673],[140.0351,37.7673],[140.0348,37.7673],[140.0345,37.7674],[140.0342,37.7674],[140.034,37.7674],[140.0338,37.7673],[140.0336,37.7673],[140.0334,37.7674],[140.0333,37.7674],[140.033,37.7675],[140.0326,37.7676],[140.0325,37.7677],[140.0324,37.7678],[140.0321,37.7681],[140.0319,37.7684],[140.0316,37.7687],[140.0315,37.7689],[140.0315,37.7689],[140.0314,37.7688],[140.0314,37.7686],[140.0313,37.7685],[140.0312,37.768],[140.031,37.7678],[140.0309,37.7677],[140.0306,37.7676],[140.0301,37.7674],[140.0298,37.7674],[140.0295,37.7674],[140.0293,37.7674],[140.029,37.7673],[140.0288,37.7672],[140.0282,37.7668],[140.0279,37.7667],[140.0279,37.7667],[140.0279,37.7667],[140.0272,37.7663],[140.0269,37.7662],[140.0266,37.7661],[140.0264,37.7661],[140.0262,37.7662],[140.0259,37.7662],[140.0257,37.7662],[140.0253,37.7662],[140.025,37.7663],[140.025,37.7663],[140.0249,37.7663],[140.0248,37.7663],[140.0245,37.7662],[140.024,37.766],[140.0237,37.7659],[140.0227,37.7655],[140.0223,37.7654],[140.022,37.7653],[140.0219,37.7653],[140.0217,37.7652],[140.0217,37.7652],[140.0216,37.765],[140.0214,37.7647],[140.0213,37.7645],[140.0212,37.7643],[140.021,37.7642],[140.0206,37.764],[140.0204,37.7638],[140.0201,37.7636],[140.0201,37.7635],[140.0201,37.7634],[140.0201,37.7632],[140.0201,37.7631],[140.0201,37.7629],[140.0201,37.7627],[140.0197,37.7622],[140.0197,37.7621],[140.0195,37.762],[140.0193,37.762],[140.019,37.762],[140.0186,37.7621],[140.018,37.7623],[140.0178,37.7624],[140.0177,37.7625],[140.0175,37.7627],[140.0174,37.7628],[140.0171,37.7629],[140.0167,37.7629],[140.0167,37.7629],[140.0167,37.7629],[140.0159,37.7628],[140.0153,37.7628],[140.0149,37.7627],[140.0147,37.7627],[140.0143,37.7625],[140.014,37.7623],[140.0138,37.7623],[140.0137,37.7622],[140.0136,37.7622],[140.0134,37.762],[140.0131,37.7619],[140.0129,37.7618],[140.0126,37.7619],[140.0122,37.762],[140.0119,37.7622],[140.0116,37.7624],[140.0113,37.7626],[140.011,37.763],[140.0105,37.7636],[140.0104,37.7639],[140.0102,37.764],[140.0101,37.764],[140.01,37.7639],[140.0097,37.7635],[140.0094,37.7631],[140.0092,37.7628],[140.009,37.7626],[140.0089,37.7626],[140.0087,37.7626],[140.0086,37.7627],[140.0084,37.7627],[140.0083,37.7627],[140.0083,37.7627],[140.0081,37.7627],[140.0078,37.7625],[140.0075,37.7624],[140.0071,37.7622],[140.007,37.762],[140.0069,37.7619],[140.0068,37.7618],[140.0066,37.7617],[140.0064,37.7616],[140.0062,37.7616],[140.0061,37.7615],[140.006,37.7614],[140.0059,37.7613],[140.0058,37.7612],[140.0057,37.7611],[140.0055,37.761],[140.0053,37.7609],[140.0048,37.7608],[140.0045,37.7607],[140.0042,37.7606],[140.0037,37.7604],[140.0032,37.7602],[140.0028,37.7599],[140.0025,37.7597],[140.0023,37.7596],[140.0021,37.7595],[140.002,37.7594],[140.0018,37.7594],[140.0017,37.7594],[140.0015,37.7596],[140.0013,37.7597],[140.0009,37.7598],[140.0008,37.7598],[140.0005,37.7598],[140.0003,37.7599],[140.0001,37.76],[140,37.7601],[140,37.7601],[140,37.7601],[139.9997,37.7605],[139.9994,37.7611],[139.9993,37.7612],[139.9991,37.7613],[139.9989,37.7613],[139.9985,37.7614],[139.9982,37.7613],[139.998,37.7612],[139.9978,37.7611],[139.9974,37.7609],[139.9972,37.7607],[139.9969,37.7606],[139.9967,37.7606],[139.9966,37.7605],[139.9965,37.7605],[139.9959,37.7603],[139.9956,37.7602],[139.9953,37.7602],[139.9951,37.7601],[139.9947,37.7599],[139.9944,37.7598],[139.9942,37.7596],[139.9937,37.7593],[139.9934,37.7592],[139.9932,37.7591],[139.9927,37.7588],[139.9926,37.7587],[139.9923,37.7588],[139.992,37.759],[139.9917,37.7591],[139.9917,37.7591],[139.9914,37.7593],[139.9912,37.7594],[139.9909,37.7595],[139.9907,37.7596],[139.9903,37.7597],[139.99,37.7598],[139.9897,37.7599],[139.9894,37.76],[139.9892,37.7601],[139.9889,37.7601],[139.9884,37.7601],[139.988,37.7601],[139.9879,37.7601],[139.9877,37.7601],[139.9874,37.7601],[139.9871,37.7602],[139.9869,37.7603],[139.9865,37.7604],[139.9862,37.7606],[139.9861,37.7606],[139.986,37.7607],[139.9855,37.7611],[139.985,37.7614],[139.9845,37.7617],[139.9843,37.7619],[139.9842,37.7622],[139.9841,37.7625],[139.984,37.7627],[139.9839,37.7632],[139.9839,37.7632],[139.9837,37.7636],[139.9837,37.7638],[139.9835,37.764],[139.9834,37.7642],[139.9833,37.7642],[139.9833,37.7642],[139.9831,37.7644],[139.9829,37.7644],[139.9827,37.7645],[139.9824,37.7646],[139.982,37.7647],[139.982,37.7647],[139.9817,37.7649],[139.9815,37.765],[139.9812,37.765],[139.981,37.7651],[139.9805,37.7651],[139.9803,37.7651],[139.98,37.7652],[139.98,37.7652],[139.9798,37.7654],[139.9795,37.7656],[139.9793,37.7658],[139.979,37.7659],[139.9786,37.766],[139.9783,37.7662],[139.978,37.7662],[139.978,37.7666],[139.978,37.7667],[139.978,37.7667],[139.9779,37.7669],[139.9778,37.7672],[139.9778,37.7675],[139.9778,37.7677],[139.978,37.7679],[139.9781,37.7681],[139.9782,37.7682],[139.9783,37.7686],[139.9784,37.7688],[139.9784,37.769],[139.9783,37.7692],[139.9781,37.7696],[139.978,37.7699],[139.9779,37.7702],[139.9779,37.7703],[139.9778,37.7704],[139.9779,37.7706],[139.9781,37.7708],[139.9784,37.7711],[139.9785,37.7712],[139.9786,37.7714],[139.9786,37.7715],[139.9786,37.7717],[139.9787,37.7721],[139.9787,37.7725],[139.9788,37.7728],[139.979,37.7732],[139.979,37.7735],[139.9789,37.7736],[139.9788,37.7738],[139.9785,37.7739],[139.978,37.7742],[139.9777,37.7743],[139.9777,37.7743],[139.9774,37.7745],[139.9771,37.7746],[139.9769,37.7747],[139.9767,37.7749],[139.9766,37.775],[139.9766,37.775],[139.9764,37.7752],[139.9762,37.7754],[139.976,37.7756],[139.9759,37.7757],[139.9758,37.7758],[139.9757,37.7758],[139.9756,37.7758],[139.9753,37.7758],[139.9752,37.7758],[139.975,37.7757],[139.975,37.7757],[139.9749,37.7757],[139.9746,37.7756],[139.9743,37.7756],[139.974,37.7756],[139.9737,37.7756],[139.9734,37.7757],[139.9734,37.7758],[139.9734,37.7761],[139.9734,37.7763],[139.9733,37.7766],[139.9733,37.7768],[139.9733,37.7769],[139.9732,37.7771],[139.9731,37.7773],[139.973,37.7775],[139.9728,37.7775],[139.9725,37.7776],[139.9721,37.7776],[139.972,37.7777],[139.9719,37.7777],[139.9719,37.7779],[139.9719,37.7781],[139.972,37.7783],[139.972,37.7787],[139.972,37.7789],[139.9719,37.7791],[139.9717,37.7792],[139.9716,37.7792],[139.9713,37.7792],[139.9711,37.7792],[139.9711,37.7792],[139.9709,37.7792],[139.9707,37.7795],[139.9705,37.7798],[139.9704,37.7798],[139.9702,37.78],[139.9702,37.7801],[139.9701,37.7803],[139.97,37.7805],[139.97,37.7808],[139.9699,37.7811],[139.9698,37.7812],[139.9696,37.7814],[139.9695,37.7815],[139.9692,37.7818],[139.9689,37.7821],[139.9686,37.7823],[139.9684,37.7825],[139.968,37.7829],[139.9678,37.7831],[139.9676,37.7833],[139.9676,37.7833],[139.9676,37.7833],[139.9675,37.7834],[139.9674,37.7835],[139.9673,37.7837],[139.9673,37.7838],[139.9672,37.784],[139.9672,37.7842],[139.9672,37.7846],[139.9673,37.785],[139.9673,37.7853],[139.9674,37.7856],[139.9675,37.7859],[139.9676,37.786],[139.9678,37.7863],[139.968,37.7866],[139.9683,37.7869],[139.9683,37.7869],[139.9685,37.7872],[139.9687,37.7874],[139.9688,37.7875],[139.9689,37.7877],[139.9689,37.7879],[139.9689,37.7881],[139.9688,37.7884],[139.9688,37.7885],[139.9687,37.7885],[139.9686,37.7886],[139.9683,37.7888],[139.9681,37.789],[139.968,37.7893],[139.9678,37.7896],[139.9677,37.7898],[139.9676,37.79],[139.9674,37.7902],[139.9671,37.7904],[139.9669,37.7906],[139.9667,37.7908],[139.9667,37.7908],[139.9667,37.7908],[139.9664,37.7909],[139.9662,37.791],[139.966,37.791],[139.9657,37.791],[139.9656,37.791],[139.9655,37.791],[139.9652,37.791],[139.965,37.791],[139.9648,37.791],[139.9645,37.7912],[139.9643,37.7914],[139.964,37.7916],[139.964,37.7917],[139.964,37.7917],[139.9637,37.792],[139.9634,37.7922],[139.9632,37.7925],[139.9629,37.7927],[139.9627,37.7931],[139.9626,37.7931],[139.9624,37.7934],[139.9623,37.7936],[139.9622,37.7937],[139.9619,37.7939],[139.9617,37.7941],[139.9614,37.7942],[139.9613,37.7943],[139.9612,37.7944],[139.9611,37.7945],[139.9611,37.7947],[139.9611,37.795],[139.961,37.795],[139.9609,37.7951],[139.9606,37.7953],[139.9603,37.7955],[139.9601,37.7956],[139.9601,37.7958],[139.96,37.796],[139.96,37.7962],[139.96,37.7964],[139.9599,37.7966],[139.9599,37.7968],[139.9598,37.7969],[139.9596,37.7972],[139.9595,37.7974],[139.9594,37.7977],[139.9593,37.7978],[139.9594,37.798],[139.9594,37.7981],[139.9595,37.7982],[139.9596,37.7985],[139.9597,37.7987],[139.9597,37.7988],[139.9598,37.7992],[139.9598,37.7995],[139.9599,37.7998],[139.96,37.8],[139.96,37.8],[139.96,37.8001],[139.9601,37.8004],[139.9603,37.8008],[139.9604,37.801],[139.9604,37.8011],[139.9604,37.8011],[139.9605,37.8012],[139.9608,37.8014],[139.9611,37.8016],[139.9614,37.8018],[139.9616,37.8021],[139.9618,37.8023],[139.9619,37.8026],[139.962,37.8028],[139.9621,37.8033],[139.962,37.8035],[139.9619,37.8037],[139.9619,37.8038],[139.9618,37.8041],[139.9618,37.8043],[139.9618,37.8047],[139.9618,37.8049],[139.9618,37.8051],[139.9619,37.8053],[139.962,37.8054],[139.9621,37.8056],[139.9621,37.8057],[139.9621,37.8058],[139.9621,37.8059],[139.962,37.806],[139.9618,37.8063],[139.9615,37.8064],[139.9613,37.8066],[139.9611,37.8067],[139.9608,37.807],[139.9606,37.8072],[139.9605,37.8075],[139.9603,37.8079],[139.9601,37.8082],[139.9601,37.8083],[139.9601,37.8083],[139.96,37.8085],[139.96,37.8085],[139.9599,37.8087],[139.9599,37.8089],[139.9599,37.809],[139.9599,37.8092],[139.9599,37.8095],[139.96,37.81],[139.96,37.8102],[139.96,37.8105],[139.96,37.8106],[139.96,37.8107],[139.9599,37.8111],[139.9597,37.8114],[139.9595,37.8117],[139.9594,37.8118],[139.9592,37.812],[139.9589,37.8123],[139.9588,37.8125],[139.9587,37.8126],[139.9586,37.8129],[139.9586,37.8131],[139.9585,37.8132],[139.9584,37.8135],[139.9583,37.8137],[139.9583,37.8137],[139.9583,37.8138],[139.9583,37.8139],[139.9582,37.8142],[139.9581,37.8145],[139.958,37.8147],[139.9579,37.8149],[139.9576,37.815],[139.9573,37.815],[139.9571,37.8151],[139.9569,37.8152],[139.9566,37.8154],[139.9563,37.8156],[139.9561,37.8157],[139.9559,37.8157],[139.9556,37.8158],[139.9552,37.8158],[139.955,37.8158],[139.9548,37.8158],[139.9546,37.8157],[139.9541,37.8158],[139.9538,37.8158],[139.9535,37.8157],[139.9532,37.8157],[139.9528,37.8157],[139.9525,37.8157],[139.9522,37.8158],[139.9515,37.8161],[139.9512,37.8162],[139.951,37.8162],[139.9505,37.8162],[139.9502,37.8163],[139.95,37.8163],[139.95,37.8163],[139.9499,37.8164],[139.9496,37.8165],[139.9494,37.8166],[139.9494,37.8167],[139.9494,37.8167],[139.9493,37.8168],[139.949,37.8171],[139.9488,37.8173],[139.9487,37.8175],[139.9485,37.8178],[139.9483,37.818],[139.9482,37.8182],[139.948,37.8183],[139.9478,37.8184],[139.9477,37.8184],[139.9471,37.8186],[139.9469,37.8187],[139.9462,37.8189],[139.9459,37.819],[139.9456,37.8191],[139.9455,37.8191],[139.9452,37.8191],[139.945,37.8192],[139.9449,37.8193],[139.9448,37.8195],[139.9446,37.8197],[139.9445,37.8198],[139.9444,37.8199],[139.9441,37.82],[139.9437,37.8202],[139.9434,37.8204],[139.943,37.8208],[139.9428,37.8209],[139.9425,37.8211],[139.9421,37.8214],[139.942,37.8214],[139.9417,37.8215],[139.9417,37.8215],[139.9417,37.8215],[139.9413,37.8215],[139.9411,37.8216],[139.941,37.8217],[139.9409,37.8217],[139.9407,37.8221],[139.9404,37.8223],[139.9403,37.8224],[139.9402,37.8225],[139.9401,37.8226],[139.9401,37.8229],[139.94,37.8231],[139.94,37.8234],[139.9399,37.8235],[139.9398,37.8237],[139.9395,37.824],[139.9392,37.8242],[139.9392,37.8243],[139.9391,37.8244],[139.939,37.8247],[139.9389,37.825],[139.9389,37.825],[139.9389,37.825],[139.9388,37.8253],[139.9388,37.8256],[139.9388,37.8257],[139.9386,37.826],[139.9385,37.8264],[139.9384,37.8265],[139.9383,37.8267],[139.938,37.827],[139.9378,37.8272],[139.9376,37.8276],[139.9375,37.8278],[139.9373,37.8282],[139.937,37.8283],[139.9364,37.8284],[139.9361,37.8285],[139.9358,37.8286],[139.9351,37.8287],[139.9348,37.8287],[139.9344,37.8288],[139.9338,37.8289],[139.9335,37.829],[139.9333,37.8291],[139.9333,37.8291],[139.9331,37.8292],[139.9329,37.8293],[139.9327,37.8294],[139.9326,37.8294],[139.9323,37.8294],[139.932,37.8292],[139.9318,37.8292],[139.9317,37.8293],[139.9315,37.8293],[139.9313,37.8293],[139.9312,37.8293],[139.931,37.8292],[139.9307,37.829],[139.9302,37.8287],[139.9299,37.8285],[139.9296,37.8284],[139.929,37.8281],[139.9285,37.8279],[139.9282,37.8277],[139.928,37.8275],[139.9278,37.8274],[139.9276,37.8271],[139.9276,37.8269],[139.9276,37.8266],[139.9276,37.8263],[139.9277,37.826],[139.928,37.8258],[139.9281,37.8258],[139.9283,37.8257],[139.9286,37.8258],[139.9289,37.8257],[139.9291,37.8257],[139.9293,37.8256],[139.9294,37.8256],[139.9295,37.8256],[139.9298,37.8256],[139.9301,37.8256],[139.9302,37.8255],[139.9302,37.8254],[139.9302,37.8253],[139.9302,37.8252],[139.9301,37.8251],[139.9299,37.825],[139.9299,37.825],[139.9298,37.8249],[139.9296,37.8247],[139.9295,37.8245],[139.9295,37.8245],[139.9295,37.8243],[139.9295,37.8239],[139.9296,37.8236],[139.9299,37.8233],[139.9299,37.8231],[139.93,37.8229],[139.9301,37.8226],[139.9301,37.8225],[139.9301,37.8224],[139.93,37.8222],[139.9298,37.8221],[139.9296,37.822],[139.9293,37.8218],[139.9289,37.8218],[139.9283,37.8217],[139.928,37.8216],[139.9278,37.8216],[139.9276,37.8215],[139.9275,37.8213],[139.9275,37.8213],[139.9274,37.8211],[139.9273,37.8208],[139.9273,37.8207],[139.9274,37.8206],[139.9275,37.8205],[139.9276,37.8203],[139.9278,37.8202],[139.928,37.8199],[139.928,37.8198],[139.9281,37.8197],[139.9281,37.8196],[139.9281,37.8195],[139.928,37.8194],[139.9279,37.8192],[139.9276,37.819],[139.9275,37.8188],[139.9274,37.8187],[139.9274,37.8186],[139.9274,37.8185],[139.9274,37.8183],[139.9273,37.818],[139.9272,37.8178],[139.927,37.8176],[139.9268,37.8174],[139.9266,37.8171],[139.9261,37.8167],[139.926,37.8167],[139.926,37.8167],[139.9259,37.8166],[139.9257,37.8164],[139.9253,37.8162],[139.9252,37.816],[139.9251,37.8158],[139.9251,37.8156],[139.9252,37.8153],[139.9252,37.8151],[139.9253,37.8148],[139.9253,37.8146],[139.9254,37.8143],[139.9255,37.8142],[139.9254,37.814],[139.9254,37.8139],[139.9253,37.8138],[139.9251,37.8137],[139.925,37.8136],[139.925,37.8136],[139.9249,37.8135],[139.9248,37.8135],[139.9247,37.8135],[139.9242,37.8134],[139.9239,37.8134],[139.9236,37.8133],[139.9233,37.8133],[139.9229,37.8133],[139.9226,37.8134],[139.9222,37.8135],[139.922,37.8135],[139.9217,37.8135],[139.9211,37.8136],[139.9204,37.8137],[139.9201,37.8137],[139.9197,37.8138],[139.9196,37.8138],[139.9195,37.8138],[139.9191,37.8137],[139.9189,37.8136],[139.9185,37.8135],[139.9182,37.8134],[139.9179,37.8133],[139.9176,37.8134],[139.9174,37.8135],[139.9169,37.814],[139.9167,37.8141],[139.9167,37.8141],[139.9165,37.8143],[139.9164,37.8144],[139.9162,37.8144],[139.9161,37.8144],[139.9158,37.8143],[139.9156,37.8142],[139.9153,37.8141],[139.9149,37.8141],[139.9146,37.8141],[139.9142,37.8141],[139.9138,37.8141],[139.9136,37.8142],[139.9134,37.8142],[139.9132,37.8142],[139.913,37.8142],[139.9127,37.8141],[139.9124,37.814],[139.912,37.8138],[139.9117,37.8138],[139.9114,37.814],[139.9112,37.814],[139.9107,37.814],[139.9104,37.814],[139.9101,37.8141],[139.9098,37.8142],[139.9097,37.8143],[139.9093,37.8147],[139.9091,37.8149],[139.909,37.815],[139.9089,37.8151],[139.9087,37.8151],[139.9085,37.8152],[139.9084,37.8152],[139.9083,37.8152],[139.9082,37.8152],[139.9079,37.8152],[139.9075,37.8154],[139.9074,37.8154],[139.9073,37.8154],[139.9068,37.8153],[139.9066,37.8151],[139.9063,37.815],[139.906,37.8148],[139.9055,37.8145],[139.9051,37.8144],[139.9049,37.8143],[139.9047,37.8143],[139.9046,37.8142],[139.9042,37.8142],[139.904,37.8142],[139.9038,37.8142],[139.9038,37.8142],[139.9036,37.8141],[139.9034,37.814],[139.9031,37.8139],[139.9029,37.8139],[139.9028,37.8138],[139.9026,37.8138],[139.9025,37.8137],[139.9024,37.8136],[139.9023,37.8135],[139.9021,37.8133],[139.9017,37.8128],[139.9016,37.8126],[139.9014,37.8124],[139.9012,37.8122],[139.9011,37.8122],[139.9008,37.812],[139.9006,37.8119],[139.9004,37.8118],[139.9,37.8116],[139.9,37.8115],[139.9,37.8115],[139.8999,37.8114],[139.8997,37.8112],[139.8995,37.811],[139.8994,37.8109],[139.8993,37.8109],[139.8992,37.8108],[139.8992,37.8107],[139.8991,37.8104],[139.8988,37.8103],[139.8986,37.8102],[139.8984,37.8102],[139.8981,37.8102],[139.8978,37.8102],[139.8974,37.8102],[139.897,37.8102],[139.8965,37.8103],[139.8961,37.8103],[139.8959,37.8104],[139.8957,37.8104],[139.8952,37.8104],[139.8949,37.8104],[139.8942,37.8105],[139.8939,37.8105],[139.8935,37.8105],[139.8933,37.8105],[139.8932,37.8105],[139.8929,37.8104],[139.8926,37.8103],[139.8923,37.8102],[139.8922,37.8102],[139.8919,37.8102],[139.8917,37.8103],[139.8917,37.8103],[139.8916,37.8103],[139.8913,37.8104],[139.891,37.8105],[139.8906,37.8107],[139.8903,37.8108],[139.89,37.8108],[139.8897,37.8109],[139.8892,37.8111],[139.8891,37.8111],[139.8888,37.811],[139.8885,37.8108],[139.8882,37.8106],[139.8878,37.8103],[139.8876,37.8101],[139.8873,37.8099],[139.887,37.8096],[139.8868,37.8093],[139.8867,37.8092],[139.8866,37.8092],[139.8866,37.8092],[139.8864,37.8093],[139.8863,37.8095],[139.8862,37.8095],[139.8859,37.8097],[139.8857,37.8098],[139.8853,37.81],[139.8852,37.8101],[139.8849,37.8103],[139.8846,37.8104],[139.8842,37.8105],[139.884,37.8105],[139.8836,37.8105],[139.8834,37.8106],[139.8834,37.8106],[139.8833,37.8106],[139.883,37.8107],[139.8828,37.8108],[139.8824,37.8109],[139.8823,37.8109],[139.8822,37.8109],[139.8821,37.8109],[139.8818,37.8108],[139.8816,37.8107],[139.8813,37.8105],[139.8811,37.8104],[139.881,37.8104],[139.8807,37.8103],[139.8804,37.8103],[139.8801,37.8101],[139.8799,37.8101],[139.8798,37.8101],[139.8794,37.8103],[139.8792,37.8105],[139.8791,37.8107],[139.879,37.8109],[139.879,37.8113],[139.879,37.8115],[139.8788,37.8117],[139.8785,37.8118],[139.8785,37.8118],[139.878,37.812],[139.8776,37.8121],[139.8775,37.8122],[139.8774,37.8123],[139.8773,37.8124],[139.8769,37.8127],[139.8767,37.8129],[139.8764,37.813],[139.8762,37.8132],[139.8761,37.8135],[139.8761,37.8138],[139.8761,37.8141],[139.8762,37.8143],[139.8763,37.8146],[139.8764,37.8148],[139.8764,37.815],[139.8764,37.8154],[139.8765,37.8159],[139.8766,37.8161],[139.8767,37.8162],[139.8768,37.8164],[139.8768,37.8166],[139.8768,37.8167],[139.8768,37.8167],[139.8767,37.8168],[139.8767,37.8169],[139.8767,37.8171],[139.8766,37.8172],[139.8764,37.8173],[139.8762,37.8174],[139.8759,37.8174],[139.8754,37.8172],[139.8752,37.8171],[139.875,37.817],[139.875,37.817],[139.875,37.817],[139.8748,37.8169],[139.8747,37.8168],[139.8745,37.8167],[139.8744,37.8167],[139.8744,37.8167],[139.8741,37.8166],[139.8738,37.8165],[139.8735,37.8165],[139.8732,37.8166],[139.8731,37.8167],[139.8731,37.8167],[139.8729,37.8167],[139.8728,37.8168],[139.8726,37.8168],[139.8724,37.817],[139.8721,37.8171],[139.872,37.8172],[139.8719,37.8173],[139.8719,37.8174],[139.8718,37.8176],[139.8718,37.8178],[139.8717,37.8178],[139.8717,37.8178],[139.8716,37.8179],[139.8713,37.818],[139.8711,37.8181],[139.871,37.8183],[139.8709,37.8185],[139.8706,37.819],[139.8703,37.8191],[139.8701,37.8191],[139.8697,37.8191],[139.8694,37.8191],[139.8691,37.8192],[139.8689,37.8194],[139.8687,37.8195],[139.8686,37.8197],[139.8685,37.8198],[139.8684,37.82],[139.8684,37.8201],[139.8683,37.8202],[139.8681,37.8208],[139.868,37.821],[139.8679,37.8213],[139.8678,37.8218],[139.8676,37.822],[139.8674,37.8221],[139.8673,37.8222],[139.8671,37.8224],[139.867,37.8226],[139.8668,37.8228],[139.8667,37.8229],[139.8667,37.8229],[139.8666,37.8229],[139.8664,37.8231],[139.8662,37.8232],[139.866,37.8232],[139.8658,37.8233],[139.8657,37.8233],[139.8656,37.8234],[139.865,37.8238],[139.8648,37.8239],[139.8646,37.8241],[139.864,37.8245],[139.8639,37.8247],[139.8637,37.8248],[139.8631,37.825],[139.863,37.825],[139.863,37.825],[139.8627,37.825],[139.8625,37.8251],[139.8618,37.8253],[139.8616,37.8254],[139.8613,37.8255],[139.8607,37.8257],[139.8606,37.8258],[139.8604,37.8259],[139.8601,37.826],[139.8596,37.8262],[139.8593,37.8263],[139.859,37.8264],[139.8586,37.8265],[139.8583,37.8266],[139.8583,37.8266],[139.8583,37.8266],[139.858,37.8265],[139.8577,37.8265],[139.8576,37.8265],[139.8573,37.8264],[139.8571,37.8263],[139.8568,37.8262],[139.8566,37.8261],[139.8564,37.8261],[139.8562,37.826],[139.856,37.8259],[139.8558,37.8257],[139.8557,37.8255],[139.8555,37.8252],[139.8553,37.825],[139.8552,37.825],[139.8552,37.825],[139.8551,37.8249],[139.8549,37.8247],[139.8546,37.8246],[139.8544,37.8243],[139.8542,37.8242],[139.8541,37.8239],[139.8538,37.8236],[139.8536,37.8235],[139.8534,37.8234],[139.8531,37.8234],[139.8524,37.8234],[139.8521,37.8234],[139.8519,37.8233],[139.8517,37.8232],[139.8516,37.823],[139.8514,37.8228],[139.8513,37.8226],[139.8512,37.8225],[139.8511,37.8222],[139.851,37.8219],[139.851,37.8217],[139.8509,37.8215],[139.8508,37.8214],[139.8506,37.8213],[139.8503,37.8212],[139.85,37.8211],[139.85,37.8211],[139.85,37.8211],[139.8498,37.821],[139.8491,37.8208],[139.8489,37.8208],[139.8485,37.8207],[139.8481,37.8206],[139.8479,37.8206],[139.8476,37.8205],[139.8474,37.8204],[139.8472,37.8204],[139.847,37.8203],[139.8467,37.8201],[139.8464,37.8202],[139.8461,37.8201],[139.846,37.8201],[139.8454,37.8199],[139.8452,37.8199],[139.8449,37.8197],[139.8444,37.8194],[139.8442,37.8193],[139.844,37.8191],[139.8435,37.8187],[139.8433,37.8185],[139.8431,37.8183],[139.8431,37.8183],[139.8427,37.8179],[139.8426,37.8177],[139.8424,37.8175],[139.8422,37.8172],[139.8421,37.817],[139.8419,37.8169],[139.8417,37.8167],[139.8417,37.8167],[139.8417,37.8167],[139.8416,37.8167],[139.8416,37.8167],[139.8414,37.8165],[139.8413,37.8164],[139.8412,37.8164],[139.8411,37.8164],[139.8408,37.8164],[139.8406,37.8165],[139.8404,37.8165],[139.8403,37.8165],[139.84,37.8162],[139.8398,37.8161],[139.8397,37.8161],[139.8396,37.816],[139.8391,37.8155],[139.8389,37.8154],[139.8388,37.8152],[139.8385,37.8148],[139.8383,37.8147],[139.8381,37.8146],[139.8379,37.8145],[139.8375,37.8144],[139.8371,37.8144],[139.8369,37.8144],[139.8366,37.8144],[139.8364,37.8144],[139.8361,37.8145],[139.8359,37.8146],[139.8357,37.8147],[139.8356,37.8149],[139.8351,37.8153],[139.8348,37.8155],[139.8348,37.8155],[139.8346,37.8156],[139.8342,37.8156],[139.8338,37.8156],[139.8336,37.8155],[139.8334,37.8155],[139.8333,37.8155],[139.8333,37.8155],[139.8327,37.8154],[139.8324,37.8154],[139.8322,37.8153],[139.8315,37.8152],[139.8314,37.8152],[139.8314,37.8152],[139.8312,37.8152],[139.8309,37.8151],[139.8305,37.815],[139.8302,37.8149],[139.83,37.8148],[139.8298,37.8147],[139.8293,37.8142],[139.8291,37.8141],[139.8289,37.8139],[139.8287,37.8138],[139.8281,37.8134],[139.8279,37.8133],[139.8273,37.8128],[139.8271,37.8127],[139.827,37.8124],[139.8269,37.8122],[139.8268,37.812],[139.8267,37.812],[139.8266,37.8119],[139.8264,37.8119],[139.8262,37.812],[139.826,37.8121],[139.8258,37.8122],[139.8257,37.8123],[139.8257,37.8123],[139.8256,37.8125],[139.8256,37.8127],[139.8255,37.8128],[139.8254,37.813],[139.8253,37.8131],[139.8252,37.8132],[139.825,37.8132],[139.825,37.8132],[139.8249,37.8132],[139.8247,37.8132],[139.8241,37.8129],[139.8239,37.8128],[139.8237,37.8126],[139.8234,37.8125],[139.8233,37.8124],[139.8231,37.8124],[139.8228,37.8124],[139.8226,37.8123],[139.8224,37.8123],[139.8219,37.8121],[139.8216,37.812],[139.8214,37.8118],[139.821,37.8113],[139.8209,37.8112],[139.8207,37.811],[139.8205,37.8107],[139.8203,37.8105],[139.8202,37.8103],[139.8199,37.8102],[139.8196,37.8101],[139.8193,37.81],[139.819,37.81],[139.8188,37.8098],[139.8187,37.8096],[139.8185,37.8093],[139.8185,37.8091],[139.8183,37.8089],[139.8182,37.8087],[139.818,37.8085],[139.8179,37.8084],[139.8178,37.8083],[139.8178,37.8083],[139.8177,37.8083],[139.8176,37.8081],[139.8173,37.808],[139.8169,37.8078],[139.8167,37.8078],[139.8167,37.8078],[139.8167,37.8078],[139.8164,37.8078],[139.8163,37.8077],[139.8161,37.8076],[139.8159,37.8074],[139.8158,37.8072],[139.8158,37.807],[139.8157,37.8067],[139.8155,37.8065],[139.8153,37.8063],[139.8151,37.8062],[139.8145,37.8059],[139.8142,37.8058],[139.8141,37.8056],[139.8141,37.8055],[139.8138,37.8051],[139.8137,37.8049],[139.8136,37.8047],[139.8136,37.8043],[139.8135,37.8042],[139.8133,37.804],[139.8131,37.8039],[139.8124,37.8037],[139.8123,37.8037],[139.8121,37.8037],[139.8118,37.8037],[139.8111,37.8037],[139.8108,37.8037],[139.8106,37.8036],[139.8103,37.8033],[139.8102,37.8033],[139.8102,37.8033],[139.81,37.8032],[139.8098,37.8033],[139.8095,37.8033],[139.809,37.8034],[139.8087,37.8035],[139.8085,37.8036],[139.8083,37.8036],[139.8083,37.8036],[139.8082,37.8036],[139.8081,37.8037],[139.8078,37.8038],[139.8077,37.804],[139.8075,37.8042],[139.8072,37.8043],[139.8071,37.8045],[139.8067,37.8047],[139.8064,37.8048],[139.8064,37.8049],[139.8063,37.805],[139.806,37.8051],[139.8057,37.8052],[139.8054,37.8053],[139.8051,37.8054],[139.8049,37.8055],[139.8048,37.8056],[139.8046,37.8056],[139.8044,37.8055],[139.8042,37.8054],[139.8042,37.8057],[139.8041,37.8058],[139.8041,37.806],[139.8041,37.8063],[139.8042,37.8065],[139.8043,37.8067],[139.8043,37.8068],[139.8043,37.807],[139.8042,37.8073],[139.8042,37.8073],[139.8042,37.8075],[139.8043,37.8077],[139.8044,37.8079],[139.8044,37.8081],[139.8044,37.8083],[139.8043,37.8083],[139.8043,37.8083],[139.8043,37.8084],[139.8041,37.8087],[139.8041,37.8088],[139.8041,37.809],[139.8041,37.8093],[139.8041,37.8095],[139.8041,37.8097],[139.8041,37.8099],[139.804,37.8103],[139.8039,37.8105],[139.8039,37.8108],[139.8039,37.8109],[139.8038,37.8111],[139.8037,37.8113],[139.8036,37.8115],[139.8034,37.8117],[139.8032,37.8122],[139.8032,37.8122],[139.8031,37.8124],[139.8029,37.8127],[139.8029,37.8128],[139.8028,37.8131],[139.8027,37.8133],[139.8026,37.8135],[139.8026,37.8139],[139.8026,37.8141],[139.8027,37.8143],[139.8028,37.8145],[139.8033,37.8149],[139.8034,37.8152],[139.8032,37.8152],[139.8025,37.8153],[139.8023,37.8154],[139.8021,37.8154],[139.8018,37.8157],[139.8016,37.8158],[139.8013,37.816],[139.8011,37.8161],[139.8004,37.8163],[139.8002,37.8164],[139.8,37.8165],[139.8,37.8165],[139.8,37.8165],[139.7997,37.8166],[139.7996,37.8167],[139.7996,37.8167],[139.7996,37.8167],[139.7994,37.8168],[139.7992,37.8169],[139.799,37.8169],[139.7989,37.817],[139.7983,37.817],[139.798,37.817],[139.7977,37.8171],[139.797,37.8172],[139.797,37.8173],[139.7967,37.8173],[139.7965,37.8173],[139.7962,37.8173],[139.7958,37.8173],[139.7955,37.8174],[139.7953,37.8175],[139.795,37.8176],[139.7947,37.8178],[139.7946,37.8181],[139.7946,37.8183],[139.7946,37.8184],[139.7945,37.8185],[139.7943,37.8188],[139.7942,37.819],[139.7941,37.8192],[139.7939,37.8195],[139.7937,37.8197],[139.7935,37.8199],[139.7934,37.8201],[139.7934,37.8203],[139.7934,37.8206],[139.7933,37.8208],[139.793,37.8209],[139.7923,37.8211],[139.792,37.8212],[139.7918,37.8212],[139.7917,37.8213],[139.7917,37.8213],[139.7911,37.8214],[139.7909,37.8216],[139.7907,37.8217],[139.7905,37.8218],[139.7902,37.8221],[139.79,37.8223],[139.7898,37.8224],[139.7894,37.8227],[139.7893,37.8228],[139.7891,37.823],[139.7889,37.8231],[139.7889,37.8233],[139.7889,37.8234],[139.7889,37.8235],[139.7889,37.8237],[139.7889,37.824],[139.7889,37.8242],[139.7889,37.8244],[139.7889,37.8248],[139.7889,37.825],[139.7889,37.825],[139.7889,37.825],[139.7888,37.8252],[139.7888,37.8253],[139.7887,37.8255],[139.7885,37.8257],[139.7884,37.8259],[139.7883,37.8262],[139.7883,37.8264],[139.7883,37.8265],[139.7882,37.8267],[139.788,37.8269],[139.7879,37.8271],[139.7876,37.8272],[139.7876,37.8273],[139.7875,37.8276],[139.7874,37.8277],[139.7871,37.8279],[139.7869,37.8281],[139.7867,37.8283],[139.7866,37.8285],[139.7864,37.8287],[139.7862,37.8288],[139.7858,37.829],[139.7856,37.8291],[139.7853,37.8292],[139.7852,37.8293],[139.7851,37.8294],[139.7849,37.8296],[139.7847,37.8298],[139.7846,37.83],[139.7844,37.8301],[139.7843,37.8302],[139.7841,37.8304],[139.784,37.8306],[139.7838,37.8308],[139.7837,37.8309],[139.7837,37.831],[139.7836,37.8313],[139.7834,37.8316],[139.7833,37.8317],[139.7833,37.8317],[139.7833,37.8317],[139.7831,37.8319],[139.783,37.832],[139.7827,37.832],[139.7824,37.832],[139.7822,37.832],[139.7814,37.8319],[139.7812,37.8319],[139.7809,37.8319],[139.7807,37.8318],[139.7802,37.8317],[139.78,37.8316],[139.7797,37.8315],[139.7795,37.8314],[139.7793,37.8311],[139.7791,37.8309],[139.7789,37.8308],[139.7787,37.8306],[139.7785,37.8305],[139.7783,37.8304],[139.778,37.8304],[139.7777,37.8304],[139.7777,37.8304],[139.7775,37.8303],[139.7771,37.8302],[139.7768,37.8301],[139.7766,37.83],[139.7764,37.8299],[139.7762,37.8299],[139.7759,37.8299],[139.7756,37.8299],[139.7754,37.8299],[139.7753,37.8299],[139.7752,37.8299],[139.7751,37.83],[139.775,37.8301],[139.775,37.8301],[139.775,37.8301],[139.7749,37.8301],[139.7747,37.8301],[139.7745,37.8302],[139.7742,37.8302],[139.774,37.8302],[139.7735,37.8301],[139.7732,37.83],[139.7729,37.8299],[139.7727,37.8298],[139.7724,37.8298],[139.7723,37.8297],[139.7721,37.8296],[139.7719,37.8294],[139.7718,37.8293],[139.7718,37.8292],[139.7718,37.8291],[139.7718,37.8288],[139.7717,37.8286],[139.7716,37.8285],[139.7714,37.8284],[139.7712,37.8284],[139.7709,37.8284],[139.7706,37.8285],[139.7704,37.8286],[139.77,37.8287],[139.7697,37.8288],[139.7695,37.8288],[139.7692,37.8288],[139.7686,37.8286],[139.7683,37.8285],[139.7681,37.8284],[139.7674,37.8282],[139.7672,37.8281],[139.767,37.828],[139.7667,37.8278],[139.7667,37.8277],[139.7665,37.8276],[139.7663,37.8275],[139.7661,37.8274],[139.766,37.8274],[139.7656,37.8273],[139.7655,37.8273],[139.7654,37.8272],[139.7654,37.8272],[139.7651,37.8271],[139.7649,37.8271],[139.7642,37.827],[139.7639,37.8269],[139.7637,37.8269],[139.7634,37.8268],[139.763,37.8267],[139.7628,37.8266],[139.7626,37.8265],[139.7623,37.8264],[139.762,37.8262],[139.7618,37.826],[139.7616,37.8259],[139.7614,37.8258],[139.761,37.8256],[139.7607,37.8256],[139.7605,37.8255],[139.7598,37.8252],[139.7596,37.8252],[139.7593,37.8252],[139.7591,37.8251],[139.7589,37.8251],[139.7587,37.825],[139.7587,37.825],[139.7586,37.825],[139.7584,37.8249],[139.7583,37.8249],[139.7583,37.8249],[139.7581,37.8247],[139.7579,37.8246],[139.7578,37.8245],[139.7576,37.8244],[139.7575,37.8242],[139.7575,37.824],[139.7575,37.8238],[139.7575,37.8237],[139.7573,37.8235],[139.7571,37.8233],[139.757,37.8232],[139.7569,37.8232],[139.7564,37.8227],[139.7562,37.8226],[139.756,37.8224],[139.7554,37.8221],[139.7551,37.8221],[139.7549,37.822],[139.7541,37.8221],[139.7539,37.8221],[139.7536,37.822],[139.7529,37.8218],[139.7526,37.8218],[139.7524,37.8218],[139.7517,37.8216],[139.7514,37.8216],[139.7511,37.8216],[139.7509,37.8216],[139.7504,37.8215],[139.7501,37.8214],[139.75,37.8214],[139.75,37.8214],[139.7498,37.8213],[139.7493,37.821],[139.749,37.8209],[139.7487,37.8209],[139.748,37.8208],[139.7477,37.8208],[139.7474,37.8208],[139.7469,37.8207],[139.7467,37.8208],[139.7465,37.8207],[139.7463,37.8207],[139.7461,37.8208],[139.746,37.8208],[139.7458,37.8208],[139.7455,37.8208],[139.7453,37.8207],[139.7448,37.8207],[139.7445,37.8207],[139.7443,37.8207],[139.744,37.8206],[139.7437,37.8205],[139.7433,37.8206],[139.743,37.8206],[139.7428,37.8206],[139.7425,37.8206],[139.7423,37.8205],[139.742,37.8204],[139.7418,37.8204],[139.7417,37.8204],[139.7417,37.8204],[139.7416,37.8203],[139.7413,37.8203],[139.7412,37.8203],[139.741,37.8206],[139.7409,37.8208],[139.7408,37.8209],[139.7406,37.8211],[139.7405,37.8213],[139.7404,37.8215],[139.7402,37.8216],[139.74,37.8217],[139.7396,37.8219],[139.7395,37.822],[139.7394,37.8221],[139.7393,37.8224],[139.7392,37.8225],[139.7391,37.8227],[139.7389,37.8228],[139.7387,37.823],[139.7385,37.8231],[139.7385,37.8234],[139.7386,37.8236],[139.7386,37.8237],[139.7386,37.8239],[139.7386,37.8242],[139.7385,37.8244],[139.7385,37.8244],[139.7385,37.8248],[139.7385,37.825],[139.7385,37.825],[139.7385,37.825],[139.7384,37.8252],[139.7383,37.8253],[139.738,37.8254],[139.738,37.8255],[139.7378,37.8258],[139.7377,37.826],[139.7375,37.8261],[139.7374,37.8262],[139.7374,37.8263],[139.7373,37.8264],[139.7373,37.8266],[139.7372,37.8267],[139.7371,37.8268],[139.737,37.8271],[139.7369,37.8272],[139.7369,37.8273],[139.7368,37.8275],[139.7367,37.8276],[139.7365,37.8277],[139.7364,37.8279],[139.7362,37.8281],[139.736,37.8282],[139.7358,37.8283],[139.7356,37.8285],[139.7354,37.8287],[139.7352,37.8288],[139.735,37.8289],[139.7348,37.829],[139.7347,37.8291],[139.7345,37.8293],[139.7343,37.8294],[139.7342,37.8296],[139.734,37.8297],[139.7339,37.8299],[139.7336,37.83],[139.7333,37.8302],[139.7333,37.8302],[139.7333,37.8302],[139.7331,37.8304],[139.733,37.8305],[139.7328,37.8307],[139.7327,37.8308],[139.7325,37.8309],[139.7323,37.8309],[139.7322,37.8309],[139.7319,37.8308],[139.7318,37.8308],[139.7317,37.8308],[139.7313,37.8308],[139.7312,37.8308],[139.731,37.8308],[139.7308,37.8307],[139.7306,37.8306],[139.7304,37.8305],[139.7303,37.8306],[139.7299,37.8308],[139.7298,37.8309],[139.7296,37.831],[139.7293,37.8313],[139.7293,37.8314],[139.7292,37.8315],[139.7292,37.8317],[139.7291,37.8319],[139.7289,37.8321],[139.7288,37.8324],[139.7286,37.8326],[139.7285,37.8328],[139.7284,37.833],[139.7282,37.8331],[139.728,37.8332],[139.728,37.8333],[139.728,37.8333],[139.7279,37.8334],[139.7278,37.8336],[139.7277,37.8338],[139.7276,37.834],[139.7275,37.8342],[139.7275,37.8344],[139.7275,37.8346],[139.7275,37.8349],[139.7275,37.8352],[139.7275,37.8353],[139.7274,37.8353],[139.727,37.8354],[139.7268,37.8354],[139.7266,37.8355],[139.7263,37.8356],[139.7261,37.8357],[139.7259,37.8359],[139.7257,37.836],[139.7254,37.8362],[139.7252,37.8363],[139.725,37.8365],[139.725,37.8365],[139.725,37.8365],[139.7247,37.8366],[139.7246,37.8366],[139.7244,37.8368],[139.7241,37.8369],[139.7239,37.8371],[139.7237,37.8374],[139.7235,37.8376],[139.7232,37.8377],[139.7229,37.8378],[139.7227,37.838],[139.7227,37.8381],[139.7225,37.8383],[139.7224,37.8385],[139.7218,37.8389],[139.7216,37.8391],[139.7214,37.8393],[139.7212,37.8395],[139.7211,37.8395],[139.7209,37.8397],[139.7207,37.8399],[139.7206,37.8401],[139.7205,37.8403],[139.7203,37.8405],[139.7202,37.8406],[139.7201,37.8408],[139.72,37.841],[139.7199,37.8413],[139.7198,37.8415],[139.7197,37.8416],[139.7196,37.8416],[139.7195,37.8417],[139.7195,37.8417],[139.7194,37.8417],[139.7193,37.8418],[139.7192,37.842],[139.7193,37.8421],[139.7194,37.8422],[139.7194,37.8424],[139.7194,37.8426],[139.7193,37.8428],[139.7193,37.8431],[139.7193,37.8432],[139.7193,37.8433],[139.7192,37.8434],[139.7193,37.8436],[139.7193,37.8439],[139.7192,37.8441],[139.7193,37.8442],[139.7192,37.8443],[139.7191,37.8445],[139.719,37.8447],[139.7189,37.8449],[139.7188,37.8451],[139.7188,37.8451],[139.7185,37.8452],[139.7183,37.8453],[139.7182,37.8454],[139.718,37.8456],[139.718,37.8458],[139.7179,37.8459],[139.7177,37.846],[139.7176,37.8461],[139.7175,37.8461],[139.7172,37.8462],[139.717,37.8463],[139.7168,37.8464],[139.7167,37.8465],[139.7167,37.8465],[139.7166,37.8465],[139.7161,37.8469],[139.716,37.847],[139.7159,37.8473],[139.7159,37.8475],[139.7158,37.8477],[139.7159,37.848],[139.7159,37.8484],[139.7159,37.8485],[139.716,37.8488],[139.716,37.849],[139.7161,37.8496],[139.7162,37.8498],[139.7162,37.8499],[139.7162,37.85],[139.7162,37.85],[139.7162,37.85],[139.7163,37.8506],[139.7164,37.8508],[139.7164,37.8509],[139.7164,37.8511],[139.7165,37.8513],[139.7165,37.8517],[139.7165,37.8519],[139.7165,37.8521],[139.7164,37.8526],[139.7164,37.8529],[139.7164,37.8531],[139.7163,37.8534],[139.7162,37.8536],[139.716,37.8538],[139.7159,37.854],[139.7156,37.8542],[139.7152,37.8543],[139.715,37.8543],[139.7147,37.8544],[139.714,37.8546],[139.714,37.8546],[139.7138,37.8547],[139.7136,37.8547],[139.7129,37.8549],[139.7126,37.855],[139.7123,37.8551],[139.7116,37.8552],[139.7114,37.8553],[139.7111,37.8553],[139.7105,37.8555],[139.7104,37.8555],[139.7102,37.8556],[139.7099,37.8556],[139.7095,37.8557],[139.7091,37.8557],[139.7091,37.8557],[139.7089,37.8557],[139.7087,37.8557],[139.7085,37.8557],[139.7083,37.8558],[139.7083,37.8558],[139.708,37.8559],[139.7077,37.8559],[139.7075,37.856],[139.7072,37.856],[139.7069,37.8561],[139.7067,37.856],[139.7064,37.856],[139.7062,37.8559],[139.7057,37.8555],[139.7055,37.8554],[139.7053,37.8552],[139.7048,37.8548],[139.7046,37.8546],[139.7045,37.8544],[139.704,37.854],[139.7038,37.8539],[139.7036,37.8537],[139.7031,37.8532],[139.7029,37.8531],[139.7027,37.853],[139.702,37.8527],[139.7017,37.8526],[139.7016,37.8525],[139.7014,37.8524],[139.7012,37.8522],[139.7009,37.8521],[139.7007,37.852],[139.7006,37.8519],[139.7002,37.8517],[139.7001,37.8516],[139.7,37.8516],[139.7,37.8515],[139.7,37.8515],[139.6998,37.8513],[139.6996,37.8511],[139.6991,37.8507],[139.6989,37.8506],[139.6987,37.8504],[139.6982,37.85],[139.6982,37.85],[139.6982,37.85],[139.698,37.8498],[139.6978,37.8497],[139.6977,37.8496],[139.6975,37.8491],[139.6974,37.8488],[139.6973,37.8487],[139.697,37.8487],[139.6965,37.8486],[139.6963,37.8486],[139.696,37.8485],[139.6952,37.8486],[139.6949,37.8486],[139.6946,37.8486],[139.6938,37.8486],[139.6936,37.8486],[139.6933,37.8486],[139.6925,37.8487],[139.6923,37.8488],[139.692,37.8488],[139.6917,37.8487],[139.6917,37.8487],[139.6916,37.8487],[139.6912,37.8487],[139.691,37.8487],[139.691,37.8487],[139.6907,37.8486],[139.6906,37.8486],[139.6904,37.8484],[139.6903,37.8482],[139.6902,37.848],[139.6901,37.8478],[139.6899,37.8476],[139.6898,37.8475],[139.6895,37.8474],[139.6893,37.8473],[139.689,37.8472],[139.6886,37.847],[139.6884,37.847],[139.6881,37.8469],[139.6878,37.8469],[139.6873,37.8468],[139.687,37.8469],[139.6868,37.847],[139.6865,37.8471],[139.6864,37.8471],[139.6862,37.8471],[139.686,37.8472],[139.6858,37.8472],[139.6855,37.8472],[139.6852,37.8472],[139.6846,37.8472],[139.6844,37.8472],[139.6842,37.8472],[139.684,37.8473],[139.6836,37.8473],[139.6833,37.8473],[139.6833,37.8473],[139.6832,37.8473],[139.683,37.8473],[139.6827,37.8474],[139.6824,37.8474],[139.6822,37.8474],[139.6819,37.8474],[139.6817,37.8473],[139.6814,37.8472],[139.6812,37.847],[139.681,37.847],[139.681,37.847],[139.6808,37.847],[139.6805,37.847],[139.6804,37.8471],[139.6802,37.8472],[139.68,37.8475],[139.6799,37.8477],[139.6798,37.8479],[139.6796,37.8483],[139.6795,37.8485],[139.6793,37.8487],[139.6792,37.8489],[139.6792,37.849],[139.6791,37.8493],[139.679,37.8494],[139.6789,37.8495],[139.6787,37.8496],[139.6784,37.8498],[139.6784,37.8498],[139.6783,37.8499],[139.6783,37.85],[139.6783,37.85],[139.6783,37.85],[139.6784,37.8502],[139.6785,37.8503],[139.6786,37.8505],[139.6787,37.8506],[139.6788,37.8508],[139.6789,37.8509],[139.679,37.8511],[139.6791,37.8513],[139.679,37.8515],[139.6788,37.8517],[139.6786,37.8518],[139.6782,37.852],[139.6779,37.8521],[139.6777,37.8523],[139.6774,37.8525],[139.6772,37.8527],[139.6771,37.8527],[139.6769,37.8528],[139.6766,37.853],[139.6766,37.853],[139.6761,37.8533],[139.676,37.8533],[139.676,37.8534],[139.6759,37.8535],[139.6757,37.8537],[139.6757,37.8538],[139.6756,37.8539],[139.6755,37.8539],[139.6751,37.8541],[139.675,37.8541],[139.675,37.8541],[139.6749,37.8542],[139.6746,37.8543],[139.6741,37.8546],[139.6739,37.8546],[139.6736,37.8547],[139.6733,37.8547],[139.6729,37.8548],[139.6729,37.8549],[139.6728,37.8549],[139.6726,37.8549],[139.6724,37.855],[139.6721,37.8551],[139.6715,37.8554],[139.6712,37.8555],[139.671,37.8556],[139.6706,37.8558],[139.6704,37.856],[139.6702,37.8561],[139.67,37.8563],[139.6698,37.8564],[139.6696,37.8565],[139.6695,37.8566],[139.6693,37.8566],[139.6691,37.8567],[139.6688,37.8568],[139.6685,37.8571],[139.6683,37.8572],[139.6681,37.8574],[139.668,37.8576],[139.6678,37.8579],[139.6677,37.8581],[139.6676,37.8581],[139.6674,37.8583],[139.6673,37.8583],[139.6673,37.8583],[139.6672,37.8584],[139.6672,37.8584],[139.6671,37.8584],[139.6667,37.8585],[139.6667,37.8585],[139.6664,37.8585],[139.6662,37.8585],[139.6659,37.8585],[139.6657,37.8586],[139.6652,37.8588],[139.665,37.8589],[139.6648,37.8591],[139.6647,37.8592],[139.6645,37.8593],[139.6643,37.8593],[139.6641,37.8594],[139.6638,37.8594],[139.6636,37.8596],[139.6633,37.8598],[139.6632,37.8599],[139.663,37.86],[139.6629,37.8601],[139.6627,37.8603],[139.6625,37.8605],[139.6623,37.8606],[139.6621,37.8607],[139.6619,37.8608],[139.6616,37.8609],[139.6614,37.8609],[139.6612,37.861],[139.661,37.8611],[139.6609,37.8611],[139.6607,37.8612],[139.6604,37.8613],[139.6603,37.8615],[139.6601,37.8616],[139.6599,37.8616],[139.6597,37.8616],[139.6595,37.8617],[139.6593,37.8618],[139.6591,37.862],[139.659,37.8622],[139.6588,37.8623],[139.6586,37.8624],[139.6583,37.8625],[139.6583,37.8625],[139.6583,37.8625],[139.6581,37.8628],[139.6581,37.8629],[139.6579,37.863],[139.6577,37.8631],[139.6575,37.8633],[139.6572,37.8635],[139.6571,37.8635],[139.657,37.8637],[139.6569,37.8639],[139.6568,37.8641],[139.6567,37.8643],[139.6566,37.8645],[139.6565,37.8647],[139.6565,37.8649],[139.6564,37.865],[139.6564,37.8653],[139.6565,37.8656],[139.6565,37.8657],[139.6565,37.8659],[139.6565,37.8661],[139.6564,37.8663],[139.6563,37.8665],[139.6563,37.8667],[139.6563,37.8667],[139.6563,37.8667],[139.6564,37.867],[139.6565,37.8671],[139.6566,37.8672],[139.6567,37.8674],[139.6568,37.8677],[139.6569,37.8678],[139.657,37.868],[139.6572,37.8684],[139.6573,37.8686],[139.6575,37.8688],[139.6576,37.869],[139.6577,37.8692],[139.6576,37.8693],[139.6576,37.8693],[139.6575,37.8695],[139.6574,37.8697],[139.6573,37.8699],[139.6572,37.8701],[139.6571,37.8703],[139.6571,37.8704],[139.6572,37.8705],[139.6573,37.8708],[139.6572,37.871],[139.6572,37.871],[139.6571,37.8711],[139.6571,37.8712],[139.657,37.8715],[139.6569,37.8716],[139.6567,37.8717],[139.6565,37.8718],[139.6561,37.8719],[139.6557,37.8721],[139.6555,37.8722],[139.6553,37.8723],[139.6551,37.8724],[139.6549,37.8723],[139.6547,37.8724],[139.6546,37.8726],[139.6544,37.8727],[139.6541,37.8727],[139.6539,37.8727],[139.6538,37.8728],[139.6535,37.873],[139.6533,37.8731],[139.653,37.8731],[139.6527,37.8731],[139.6525,37.8731],[139.6522,37.8732],[139.652,37.8733],[139.6519,37.8735],[139.6515,37.874],[139.6515,37.8741],[139.6515,37.8743],[139.6514,37.8745],[139.6514,37.8747],[139.6514,37.8748],[139.6513,37.8749],[139.6512,37.8749],[139.6511,37.875],[139.6511,37.875],[139.6511,37.875],[139.6509,37.8751],[139.6506,37.8753],[139.6505,37.8754],[139.6505,37.8755],[139.6504,37.8759],[139.6503,37.8761],[139.6501,37.8762],[139.65,37.8762],[139.65,37.8762],[139.65,37.8762],[139.6497,37.8763],[139.6497,37.8763],[139.6495,37.8764],[139.6492,37.8765],[139.649,37.8766],[139.6488,37.8767],[139.6486,37.8769],[139.6486,37.877],[139.6486,37.8771],[139.6485,37.8771],[139.6483,37.8772],[139.648,37.8772],[139.6477,37.8773],[139.6473,37.8773],[139.647,37.8774],[139.6467,37.8775],[139.6462,37.8776],[139.646,37.8776],[139.6458,37.8777],[139.6456,37.8779],[139.6454,37.878],[139.6452,37.8781],[139.6451,37.8781],[139.6449,37.8781],[139.6446,37.878],[139.6443,37.8779],[139.6437,37.8778],[139.6436,37.8778],[139.6434,37.8778],[139.6431,37.8778],[139.6425,37.878],[139.6423,37.8782],[139.642,37.8783],[139.6418,37.8785],[139.6417,37.8785],[139.6417,37.8785],[139.6415,37.8786],[139.6412,37.8788],[139.641,37.879],[139.6408,37.879],[139.6406,37.8791],[139.6403,37.8791],[139.64,37.8793],[139.64,37.8793],[139.6398,37.8794],[139.6397,37.8795],[139.6394,37.8796],[139.6391,37.8797],[139.6389,37.8797],[139.6386,37.8799],[139.6385,37.88],[139.6384,37.8801],[139.6384,37.8803],[139.6383,37.8805],[139.6382,37.8807],[139.6381,37.8809],[139.6381,37.8811],[139.6381,37.8812],[139.6382,37.8814],[139.6382,37.8816],[139.6381,37.8818],[139.6381,37.8819],[139.638,37.8821],[139.638,37.8822],[139.6381,37.8823],[139.6382,37.8824],[139.6381,37.8826],[139.638,37.8829],[139.638,37.883],[139.638,37.8833],[139.638,37.8833],[139.638,37.8836],[139.638,37.8838],[139.6379,37.884],[139.6378,37.8842],[139.6376,37.8843],[139.6373,37.8845],[139.6371,37.8846],[139.6369,37.8847],[139.6367,37.8847],[139.6365,37.8848],[139.6364,37.8848],[139.6362,37.885],[139.636,37.8853],[139.6356,37.8859],[139.6355,37.8861],[139.6354,37.8862],[139.6352,37.8864],[139.6352,37.8864],[139.6351,37.8865],[139.6349,37.8867],[139.6347,37.8869],[139.6345,37.887],[139.6343,37.8873],[139.6341,37.8875],[139.6339,37.8877],[139.6337,37.8878],[139.6334,37.888],[139.6333,37.8881],[139.6333,37.8881],[139.6331,37.8882],[139.6329,37.8884],[139.6326,37.8885],[139.6323,37.8887],[139.6322,37.8889],[139.6321,37.889],[139.632,37.8891],[139.6318,37.8893],[139.6317,37.8896],[139.6316,37.8899],[139.6315,37.8901],[139.6314,37.8903],[139.6314,37.8906],[139.6313,37.8909],[139.6312,37.8911],[139.6312,37.8914],[139.6311,37.8916],[139.631,37.8917],[139.631,37.8917],[139.6308,37.8919],[139.6307,37.8921],[139.6304,37.8923],[139.6304,37.8924],[139.6303,37.8928],[139.6302,37.893],[139.63,37.8932],[139.6297,37.8934],[139.6295,37.8935],[139.6294,37.8936],[139.6293,37.8937],[139.6294,37.8938],[139.6294,37.894],[139.6294,37.8941],[139.6293,37.8942],[139.6294,37.8943],[139.6294,37.8947],[139.6294,37.895],[139.6293,37.8952],[139.6295,37.8956],[139.6296,37.8958],[139.6296,37.896],[139.6297,37.8962],[139.6298,37.8964],[139.6299,37.8966],[139.6299,37.8967],[139.63,37.8968],[139.63,37.897],[139.6302,37.8972],[139.6303,37.8973],[139.6304,37.8973],[139.6305,37.8974],[139.6307,37.8977],[139.6308,37.8979],[139.6309,37.8981],[139.6311,37.8982],[139.6312,37.8983],[139.6314,37.8984],[139.6315,37.8985],[139.6316,37.8986],[139.6318,37.8988],[139.6319,37.8989],[139.632,37.899],[139.632,37.8991],[139.632,37.8992],[139.632,37.8994],[139.6319,37.8996],[139.6319,37.8999],[139.6319,37.9],[139.6319,37.9],[139.6319,37.9003],[139.6318,37.9005],[139.6318,37.9007],[139.6318,37.9009],[139.6317,37.901],[139.6317,37.9012],[139.6316,37.9014],[139.6315,37.9015],[139.6312,37.9016],[139.6311,37.9018],[139.6308,37.902],[139.6305,37.9023],[139.6303,37.9024],[139.6301,37.9025],[139.6299,37.9027],[139.6296,37.903],[139.6295,37.9031],[139.6295,37.9032],[139.6294,37.9034],[139.6293,37.9037],[139.6292,37.904],[139.629,37.9042],[139.6289,37.9044],[139.6289,37.9045],[139.6287,37.9048],[139.6286,37.905],[139.6284,37.9051],[139.6282,37.9053],[139.6281,37.9055],[139.6281,37.9056],[139.6281,37.9059],[139.628,37.9061],[139.6279,37.9063],[139.6279,37.9065],[139.6279,37.9066],[139.6277,37.9067],[139.6276,37.9068],[139.6276,37.9068],[139.6275,37.9071],[139.6274,37.9073],[139.6272,37.9075],[139.6271,37.9078],[139.6271,37.9079],[139.627,37.908],[139.6268,37.9082],[139.6268,37.9083],[139.6268,37.9083],[139.6264,37.9088],[139.6264,37.9089],[139.6263,37.9092],[139.6267,37.9095],[139.6268,37.9097],[139.627,37.9098],[139.6272,37.91],[139.6274,37.9101],[139.6275,37.9103],[139.6276,37.9104],[139.6278,37.9106],[139.6279,37.9109],[139.628,37.911],[139.6283,37.9114],[139.6284,37.9116],[139.6285,37.9118],[139.6285,37.9119],[139.6285,37.9119],[139.6285,37.9119],[139.6286,37.9122],[139.6286,37.9124],[139.6286,37.9125],[139.6284,37.9126],[139.6282,37.9128],[139.6281,37.9128],[139.6279,37.9129],[139.6276,37.9132],[139.6274,37.9133],[139.6274,37.9136],[139.6275,37.9138],[139.6275,37.9139],[139.6275,37.9141],[139.6275,37.9142],[139.6275,37.9144],[139.6274,37.9146],[139.6273,37.9147],[139.6272,37.9149],[139.6271,37.915],[139.6271,37.9152],[139.6271,37.9154],[139.6272,37.9156],[139.6272,37.9159],[139.6273,37.9161],[139.6272,37.9162],[139.6271,37.9164],[139.627,37.9166],[139.6268,37.9167],[139.6268,37.9167],[139.6268,37.9167],[139.6263,37.9168],[139.6261,37.9169],[139.6259,37.917],[139.6257,37.9171],[139.6255,37.9172],[139.6253,37.9174],[139.6251,37.9175],[139.625,37.9176],[139.625,37.9176],[139.625,37.9177],[139.6248,37.9179],[139.6248,37.9181],[139.6248,37.9182],[139.6249,37.9183],[139.625,37.9184],[139.625,37.9184],[139.625,37.9184],[139.6251,37.9185],[139.6252,37.9187],[139.6253,37.9188],[139.6254,37.919],[139.6255,37.9191],[139.6255,37.9192],[139.6256,37.9194],[139.6256,37.9196],[139.6255,37.9198],[139.6253,37.9201],[139.6252,37.9203],[139.6252,37.9208],[139.6253,37.9209],[139.6254,37.9211],[139.6257,37.9213],[139.6262,37.9217],[139.6264,37.9218],[139.6264,37.9219],[139.6265,37.922],[139.6267,37.9221],[139.6268,37.9223],[139.6268,37.9224],[139.6269,37.9227],[139.6269,37.9229],[139.6269,37.9234],[139.627,37.9236],[139.627,37.9238],[139.627,37.924],[139.627,37.9243],[139.6271,37.9246],[139.6272,37.9248],[139.6273,37.9249],[139.6275,37.925],[139.6275,37.925],[139.6275,37.925],[139.6277,37.9251],[139.6279,37.9251],[139.6282,37.9251],[139.6282,37.9251],[139.6284,37.9252],[139.6286,37.9252],[139.6289,37.9253],[139.6291,37.9253],[139.6294,37.9254],[139.6296,37.9254],[139.6297,37.9255],[139.6298,37.9255],[139.6299,37.9256],[139.6301,37.9258],[139.6302,37.9259],[139.6303,37.9261],[139.6303,37.9261],[139.6303,37.9262],[139.6303,37.9262],[139.6303,37.9263],[139.6304,37.9265],[139.6306,37.9267],[139.6307,37.9269],[139.6307,37.9271],[139.6308,37.9272],[139.6308,37.9274],[139.6308,37.9277],[139.6308,37.9279],[139.631,37.9281],[139.6311,37.9284],[139.6313,37.9286],[139.6314,37.9288],[139.6315,37.9289],[139.6315,37.929],[139.6316,37.9293],[139.6316,37.9296],[139.6317,37.9298],[139.6317,37.93],[139.6317,37.9302],[139.6318,37.9303],[139.632,37.9304],[139.6322,37.9306],[139.6325,37.9308],[139.6328,37.9309],[139.633,37.931],[139.6332,37.9311],[139.6333,37.9311],[139.6333,37.9311],[139.6335,37.9311],[139.6337,37.9312],[139.6339,37.9312],[139.6342,37.9312],[139.6345,37.9313],[139.6345,37.9313],[139.6348,37.9314],[139.6351,37.9316],[139.6353,37.9317],[139.6355,37.9318],[139.6357,37.9319],[139.636,37.932],[139.6362,37.932],[139.6364,37.9322],[139.6365,37.9324],[139.6368,37.9326],[139.637,37.9328],[139.6372,37.933],[139.6374,37.9331],[139.6377,37.9333],[139.6378,37.9333],[139.6378,37.9333],[139.6379,37.9335],[139.6381,37.9337],[139.6383,37.9338],[139.6384,37.9339],[139.6386,37.9341],[139.6386,37.9341],[139.6388,37.9342],[139.639,37.9344],[139.6392,37.9345],[139.6393,37.9346],[139.6394,37.9347],[139.6394,37.9348],[139.6394,37.935],[139.6393,37.9352],[139.6394,37.9355],[139.6394,37.9357],[139.6394,37.9359],[139.6395,37.936],[139.6397,37.9362],[139.6398,37.9364],[139.6401,37.9368],[139.6401,37.9369],[139.64,37.9371],[139.64,37.9373],[139.64,37.9375],[139.64,37.9377],[139.6399,37.9379],[139.6398,37.9381],[139.6398,37.9382],[139.6398,37.9383],[139.6398,37.9385],[139.6398,37.9386],[139.6398,37.9388],[139.64,37.939],[139.6401,37.9392],[139.6403,37.9397],[139.6404,37.94],[139.6404,37.94],[139.6404,37.9401],[139.6403,37.9403],[139.6401,37.9404],[139.64,37.9406],[139.6398,37.9408],[139.6396,37.941],[139.6395,37.9411],[139.6394,37.9412],[139.6395,37.9413],[139.6396,37.9415],[139.6398,37.9416],[139.6398,37.9417],[139.6398,37.9417],[139.6399,37.9417],[139.6401,37.9419],[139.6403,37.9421],[139.6404,37.9422],[139.6405,37.9422],[139.6407,37.9424],[139.6409,37.9426],[139.6411,37.9428],[139.6412,37.9428],[139.6413,37.9429],[139.6413,37.9431],[139.6413,37.9432],[139.6413,37.9433],[139.6411,37.9434],[139.641,37.9436],[139.6409,37.9437],[139.6409,37.9439],[139.6408,37.9441],[139.6408,37.9443],[139.6408,37.9444],[139.6408,37.9445],[139.6409,37.9446],[139.6412,37.9448],[139.6414,37.9449],[139.6417,37.9452],[139.6417,37.9452],[139.6419,37.9453],[139.642,37.9455],[139.6421,37.9456],[139.6422,37.9457],[139.6423,37.9458],[139.6424,37.946],[139.6425,37.9461],[139.6427,37.9463],[139.6429,37.9465],[139.643,37.9467],[139.643,37.9468],[139.6429,37.947],[139.6429,37.9472],[139.6428,37.9474],[139.6428,37.9477],[139.6427,37.948],[139.6426,37.9482],[139.6425,37.9484],[139.6423,37.9489],[139.6422,37.9492],[139.6422,37.9494],[139.642,37.9496],[139.6419,37.9498],[139.6419,37.9499],[139.6419,37.95],[139.6419,37.95],[139.6419,37.9501],[139.642,37.9504],[139.642,37.9506],[139.6419,37.9507],[139.6417,37.9508],[139.6417,37.9509],[139.6417,37.9509],[139.6415,37.951],[139.6413,37.9511],[139.641,37.9513],[139.6408,37.9515],[139.6405,37.9516],[139.6404,37.9518],[139.6402,37.9521],[139.6401,37.9523],[139.6401,37.9524],[139.6401,37.9525],[139.6402,37.9527],[139.6403,37.953],[139.6404,37.9533],[139.6405,37.9535],[139.6406,37.9536],[139.6406,37.9536],[139.6406,37.9538],[139.6408,37.9541],[139.6408,37.9542],[139.6408,37.9543],[139.6409,37.9544],[139.6412,37.9545],[139.6414,37.9546],[139.6415,37.9546],[139.6416,37.9547],[139.6417,37.9547],[139.6417,37.9547],[139.6418,37.9548],[139.642,37.955],[139.642,37.9552],[139.6421,37.9555],[139.6421,37.9557],[139.6421,37.956],[139.642,37.9563],[139.642,37.9564],[139.642,37.9566],[139.642,37.9567],[139.6421,37.9568],[139.6422,37.957],[139.6423,37.9573],[139.6423,37.9574],[139.6424,37.9576],[139.6425,37.9578],[139.6426,37.9579],[139.6426,37.9581],[139.6425,37.9583],[139.6425,37.9583],[139.6425,37.9584],[139.6424,37.9587],[139.6423,37.9589],[139.6423,37.9591],[139.6423,37.9592],[139.6423,37.9593],[139.6424,37.9594],[139.6426,37.9596],[139.6427,37.9598],[139.6428,37.96],[139.6429,37.9601],[139.643,37.9602],[139.643,37.9603],[139.643,37.9604],[139.6431,37.9605],[139.6432,37.9606],[139.6434,37.9607],[139.6436,37.9608],[139.6439,37.961],[139.6441,37.9612],[139.6442,37.9614],[139.6443,37.9614],[139.6445,37.9616],[139.6449,37.962],[139.645,37.9622],[139.6452,37.9624],[139.6453,37.9625],[139.6452,37.9626],[139.6451,37.9628],[139.6448,37.9632],[139.6447,37.9634],[139.6445,37.9636],[139.6444,37.9638],[139.6443,37.964],[139.6443,37.9642],[139.6443,37.9643],[139.6444,37.9645],[139.6445,37.9648],[139.6445,37.965],[139.6443,37.9652],[139.6442,37.9653],[139.644,37.9655],[139.644,37.9656],[139.6439,37.9658],[139.6438,37.9661],[139.6437,37.9662],[139.6435,37.9665],[139.6434,37.9667],[139.6434,37.9667],[139.6433,37.9668],[139.6432,37.9669],[139.6431,37.9671],[139.6429,37.9671],[139.6426,37.9671],[139.6423,37.9672],[139.6421,37.9672],[139.6419,37.9672],[139.6417,37.9673],[139.6417,37.9673],[139.6416,37.9673],[139.6414,37.9673],[139.6411,37.9673],[139.6409,37.9672],[139.6407,37.9673],[139.6405,37.9674],[139.6403,37.9675],[139.6402,37.9676],[139.6401,37.9676],[139.6399,37.9678],[139.6396,37.968],[139.6393,37.9681],[139.6391,37.9683],[139.6389,37.9684],[139.6388,37.9685],[139.6386,37.9687],[139.6385,37.9688],[139.6384,37.969],[139.6384,37.9692],[139.6383,37.9694],[139.6382,37.9695],[139.6381,37.9696],[139.638,37.9698],[139.638,37.97],[139.638,37.9702],[139.6381,37.9703],[139.6381,37.9705],[139.6382,37.9707],[139.6384,37.9708],[139.6386,37.9709],[139.6389,37.9711],[139.6391,37.9713],[139.6393,37.9715],[139.6394,37.9716],[139.6395,37.9718],[139.6396,37.9718],[139.6398,37.9721],[139.6399,37.9723],[139.6401,37.9725],[139.6402,37.9727],[139.6403,37.9729],[139.6403,37.9732],[139.6404,37.9733],[139.6404,37.9736],[139.6404,37.9739],[139.6405,37.9741],[139.6405,37.9743],[139.6407,37.9746],[139.6408,37.9749],[139.6409,37.975],[139.6409,37.975],[139.641,37.975],[139.641,37.9751],[139.6411,37.9752],[139.6414,37.9754],[139.6415,37.9754],[139.6417,37.9755],[139.6417,37.9755],[139.6417,37.9755],[139.6419,37.9756],[139.642,37.9757],[139.642,37.9758],[139.642,37.9762],[139.642,37.9764],[139.642,37.9766],[139.6421,37.9768],[139.6422,37.977],[139.6423,37.9771],[139.6423,37.9774],[139.6424,37.9776],[139.6426,37.9777],[139.6431,37.978],[139.6433,37.9782],[139.6436,37.9784],[139.6438,37.9786],[139.6439,37.9788],[139.6441,37.9791],[139.6442,37.9793],[139.6443,37.9794],[139.6443,37.9796],[139.6443,37.9798],[139.6441,37.98],[139.6439,37.9801],[139.6437,37.9804],[139.6435,37.9806],[139.6434,37.9808],[139.6432,37.981],[139.6429,37.9812],[139.6427,37.9814],[139.6424,37.9816],[139.6421,37.9817],[139.6418,37.9819],[139.6417,37.9819],[139.6417,37.9819],[139.6416,37.982],[139.6415,37.9821],[139.6415,37.9822],[139.6413,37.9824],[139.6411,37.9825],[139.641,37.9827],[139.6409,37.9828],[139.6407,37.983],[139.6406,37.9831],[139.6404,37.9833],[139.6404,37.9833],[139.6402,37.9837],[139.64,37.9838],[139.6398,37.984],[139.6396,37.9841],[139.6395,37.9842],[139.6393,37.9844],[139.6393,37.9846],[139.6393,37.9848],[139.6393,37.9851],[139.6393,37.9853],[139.6393,37.9855],[139.6394,37.9857],[139.6395,37.9859],[139.6397,37.9862],[139.6398,37.9864],[139.6398,37.9866],[139.6399,37.9868],[139.64,37.987],[139.6401,37.9871],[139.6405,37.9874],[139.6412,37.9876],[139.6413,37.9877],[139.6416,37.9878],[139.6417,37.9879],[139.6417,37.9879],[139.6419,37.988],[139.6421,37.9881],[139.6423,37.9883],[139.6425,37.9884],[139.6426,37.9886],[139.6427,37.9887],[139.6428,37.989],[139.6428,37.9892],[139.6428,37.9892],[139.6429,37.9895],[139.643,37.9896],[139.6433,37.9898],[139.6434,37.99],[139.6435,37.9902],[139.6436,37.9904],[139.6437,37.9906],[139.6438,37.9907],[139.644,37.9908],[139.6442,37.991],[139.6446,37.9914],[139.6448,37.9916],[139.6449,37.9917],[139.6449,37.9917],[139.6449,37.9918],[139.645,37.9919],[139.645,37.9921],[139.645,37.9923],[139.6449,37.9925],[139.6448,37.9928],[139.6446,37.9933],[139.6445,37.9935],[139.6445,37.9936],[139.6444,37.9937],[139.6442,37.9939],[139.644,37.9941],[139.6438,37.9943],[139.6436,37.9944],[139.6435,37.9945],[139.6435,37.9947],[139.6435,37.9949],[139.6436,37.9951],[139.6437,37.9953],[139.6437,37.9953],[139.6441,37.9953],[139.6444,37.9952],[139.6447,37.9953],[139.6451,37.9953],[139.6454,37.9954],[139.6457,37.9955],[139.6459,37.9955],[139.6461,37.9956],[139.6462,37.9956],[139.6463,37.9956],[139.6464,37.9956],[139.6467,37.9956],[139.6469,37.9956],[139.6472,37.9956],[139.6474,37.9956],[139.6477,37.9956],[139.6479,37.9957],[139.6482,37.9957],[139.6485,37.9957],[139.6487,37.9958],[139.6491,37.9959],[139.6494,37.996],[139.6496,37.9961],[139.6498,37.9962],[139.65,37.9963],[139.65,37.9963],[139.6501,37.9964],[139.6504,37.9964],[139.6505,37.9964],[139.6507,37.9963],[139.651,37.9963],[139.6513,37.9963],[139.6517,37.9964],[139.652,37.9964],[139.6523,37.9964],[139.6526,37.9965],[139.653,37.9964],[139.653,37.9964],[139.6533,37.9964],[139.6535,37.9962],[139.6538,37.9961],[139.6539,37.9961],[139.654,37.9961],[139.6541,37.9962],[139.6542,37.9964],[139.6543,37.9965],[139.6545,37.997],[139.6545,37.9973],[139.6545,37.9975],[139.6546,37.9977],[139.6546,37.998],[139.6546,37.9982],[139.6546,37.9984],[139.6546,37.9987],[139.6546,37.9989],[139.6546,37.9992],[139.6547,37.9994],[139.6547,37.9996],[139.6546,37.9999],[139.6546,38],[139.6546,38],[139.6546,38.0002],[139.655,38.0004],[139.6552,38.0006],[139.6553,38.0008],[139.6549,38.0011],[139.6546,38.0012],[139.6543,38.0015],[139.6538,38.0018],[139.6534,38.0021],[139.6529,38.0025],[139.6528,38.0027],[139.6527,38.0028],[139.6526,38.003],[139.6526,38.0033],[139.6526,38.0036],[139.6526,38.0038],[139.6527,38.0041],[139.653,38.0046],[139.6531,38.0048],[139.6532,38.0051],[139.6534,38.006],[139.6534,38.0063],[139.6532,38.0069],[139.653,38.0073],[139.653,38.0076],[139.6529,38.0079],[139.6529,38.0083],[139.6529,38.0083],[139.6529,38.0083],[139.653,38.0088],[139.653,38.0093],[139.6531,38.0095],[139.6532,38.0099],[139.6534,38.0103],[139.6535,38.0105],[139.6537,38.0107],[139.6538,38.0107],[139.6539,38.0108],[139.6539,38.0111],[139.6538,38.0114],[139.6537,38.0119],[139.6536,38.0121],[139.6536,38.0126],[139.6536,38.0128],[139.6536,38.0128],[139.654,38.0134],[139.6542,38.0137],[139.6544,38.0145],[139.6544,38.0147],[139.6541,38.0155],[139.6539,38.0158],[139.6539,38.016],[139.6539,38.0166],[139.6539,38.0167],[139.6539,38.0167],[139.6538,38.0169],[139.6537,38.0171],[139.6536,38.0173],[139.6535,38.0176],[139.6535,38.0177],[139.6535,38.0179],[139.6535,38.0181],[139.6536,38.0186],[139.6536,38.0189],[139.6535,38.0192],[139.6534,38.0193],[139.6534,38.0194],[139.6532,38.0195],[139.653,38.0196],[139.6528,38.0198],[139.6526,38.0201],[139.6524,38.0206],[139.6523,38.0209],[139.6523,38.0212],[139.6523,38.0215],[139.6526,38.0218],[139.6528,38.022],[139.6528,38.0223],[139.6528,38.0229],[139.6528,38.0233],[139.6529,38.0237],[139.6531,38.0242],[139.6531,38.0246],[139.6533,38.025],[139.6533,38.025],[139.6534,38.0251],[139.654,38.0257],[139.6543,38.0262],[139.6547,38.0267],[139.6549,38.0271],[139.6551,38.0274],[139.6551,38.0275],[139.6553,38.0277],[139.6554,38.0278],[139.6559,38.028],[139.6566,38.0283],[139.6568,38.0285],[139.6568,38.0287],[139.6568,38.0289],[139.6567,38.0292],[139.6565,38.03],[139.6565,38.03],[139.6564,38.0303],[139.6561,38.0309],[139.6561,38.0311],[139.6561,38.0312],[139.6563,38.032],[139.6563,38.0322],[139.6564,38.0325],[139.6564,38.0331],[139.6562,38.0333],[139.6562,38.0333],[139.6562,38.0334],[139.6561,38.0336],[139.6559,38.0337],[139.6558,38.0338],[139.6553,38.0341],[139.655,38.0344],[139.6548,38.0346],[139.6547,38.0348],[139.6547,38.0352],[139.6547,38.0352],[139.6548,38.0354],[139.6549,38.0355],[139.6551,38.0356],[139.6554,38.0356],[139.6557,38.0355],[139.6561,38.0354],[139.6565,38.0354],[139.6568,38.0355],[139.657,38.0357],[139.6571,38.0358],[139.6572,38.036],[139.6571,38.0363],[139.6573,38.0368],[139.6574,38.037],[139.6576,38.0374],[139.6576,38.0374],[139.6577,38.0375],[139.658,38.0377],[139.6582,38.0379],[139.6583,38.038],[139.6583,38.038],[139.6588,38.0384],[139.6595,38.0388],[139.66,38.039],[139.66,38.039],[139.6604,38.0392],[139.6612,38.0393],[139.6616,38.0396],[139.662,38.0398],[139.6624,38.04],[139.6626,38.04],[139.6627,38.04],[139.6637,38.0399],[139.6649,38.0398],[139.6655,38.0398],[139.6661,38.0398],[139.6664,38.0399],[139.6667,38.04],[139.6667,38.04],[139.6671,38.0401],[139.6676,38.0403],[139.6679,38.0403],[139.6685,38.0402],[139.669,38.0402],[139.6702,38.0401],[139.6707,38.04],[139.6711,38.04],[139.6716,38.0402],[139.6722,38.0403],[139.6725,38.0404],[139.6731,38.0405],[139.6735,38.0405],[139.6736,38.0406],[139.6743,38.0405],[139.6748,38.0406],[139.675,38.0407],[139.675,38.0407],[139.6752,38.0408],[139.6754,38.0409],[139.6757,38.041],[139.676,38.0412],[139.6766,38.0415],[139.6768,38.0417],[139.6768,38.0417],[139.6769,38.0417],[139.6771,38.042],[139.6777,38.0424],[139.6781,38.0427],[139.6787,38.0427],[139.6794,38.043],[139.6798,38.043],[139.6801,38.0432],[139.6801,38.0433],[139.6802,38.0434],[139.6801,38.0437],[139.6802,38.0441],[139.6803,38.0445],[139.6804,38.0447],[139.6807,38.045],[139.6809,38.0453],[139.6812,38.0455],[139.6814,38.0456],[139.6814,38.0456],[139.6815,38.0457],[139.6815,38.0458],[139.6814,38.046],[139.6813,38.0463],[139.6813,38.0469],[139.6813,38.0471],[139.6814,38.0474],[139.6816,38.048],[139.6817,38.0483],[139.6817,38.0487],[139.6817,38.0489],[139.6819,38.0493],[139.6821,38.0495],[139.6823,38.0496],[139.6825,38.0496],[139.683,38.0496],[139.6833,38.0495],[139.6833,38.0495],[139.6833,38.0495],[139.6835,38.0496],[139.6839,38.0499],[139.684,38.05],[139.684,38.05],[139.6848,38.0506],[139.6851,38.0509],[139.6853,38.051],[139.6859,38.051],[139.6862,38.051],[139.6866,38.0511],[139.6868,38.0513],[139.687,38.0515],[139.6872,38.0515],[139.6873,38.0515],[139.6876,38.0516],[139.6879,38.0516],[139.6882,38.0518],[139.6883,38.0518],[139.6887,38.0522],[139.6891,38.0525],[139.6895,38.0526],[139.6899,38.0525],[139.6903,38.0524],[139.6904,38.0524],[139.6905,38.0525],[139.6905,38.0526],[139.6905,38.0528],[139.6904,38.0529],[139.6905,38.053],[139.6907,38.0535],[139.6907,38.0537],[139.6907,38.0541],[139.6907,38.0543],[139.6908,38.0545],[139.6907,38.0548],[139.6908,38.0553],[139.6909,38.0557],[139.691,38.0559],[139.6913,38.0562],[139.6917,38.0564],[139.6917,38.0564],[139.6919,38.0566],[139.6925,38.0569],[139.6927,38.057],[139.6924,38.0573],[139.6923,38.0575],[139.6923,38.0576],[139.6922,38.0578],[139.6921,38.058],[139.692,38.0582],[139.692,38.0583],[139.692,38.0583],[139.6919,38.0588],[139.6919,38.0589],[139.6918,38.059],[139.6917,38.0591],[139.6917,38.0592],[139.6914,38.0594],[139.6913,38.0595],[139.6911,38.0598],[139.691,38.06],[139.6908,38.0607],[139.6906,38.061],[139.6904,38.0611],[139.69,38.0616],[139.6898,38.0618],[139.6896,38.0621],[139.6892,38.0625],[139.6889,38.0626],[139.6884,38.0629],[139.6881,38.0632],[139.6874,38.0637],[139.6872,38.0638],[139.6869,38.0641],[139.6866,38.0643],[139.6863,38.0645],[139.6862,38.0647],[139.6862,38.0648],[139.6862,38.065],[139.6862,38.0651],[139.6863,38.0655],[139.6866,38.066],[139.6869,38.0664],[139.6872,38.0666],[139.6872,38.0667],[139.6872,38.0667],[139.6882,38.0676],[139.6888,38.0682],[139.689,38.0684],[139.6893,38.0688],[139.6895,38.0692],[139.6897,38.0696],[139.6898,38.0698],[139.6899,38.0699],[139.6902,38.07],[139.691,38.0701],[139.6914,38.0702],[139.6917,38.0704],[139.6917,38.0704],[139.6917,38.0704],[139.6918,38.0706],[139.6919,38.0707],[139.692,38.0707],[139.692,38.0708],[139.6917,38.0711],[139.6917,38.0711],[139.6916,38.0712],[139.6915,38.0714],[139.6915,38.0715],[139.6914,38.0722],[139.6913,38.0725],[139.6911,38.0732],[139.691,38.0734],[139.6909,38.0735],[139.691,38.0737],[139.6911,38.0741],[139.6914,38.0745],[139.6917,38.0748],[139.6917,38.0748],[139.6917,38.0748],[139.6918,38.075],[139.6918,38.075],[139.6918,38.075],[139.6918,38.0751],[139.6917,38.075],[139.6917,38.075],[139.6917,38.075],[139.6917,38.075],[139.6917,38.075],[139.6915,38.0749],[139.691,38.0747],[139.6904,38.0745],[139.69,38.0745],[139.6895,38.0745],[139.689,38.0746],[139.6885,38.0746],[139.6881,38.0747],[139.6878,38.0748],[139.6876,38.0749],[139.6875,38.075],[139.6875,38.075],[139.6873,38.0751],[139.6872,38.0752],[139.6871,38.0754],[139.6871,38.0754],[139.687,38.0756],[139.687,38.0759],[139.6869,38.0761],[139.6867,38.0766],[139.6866,38.0768],[139.6865,38.0769],[139.6862,38.0768],[139.6856,38.0766],[139.6853,38.0764],[139.6845,38.0761],[139.6842,38.076],[139.684,38.076],[139.6833,38.0759],[139.6833,38.0759],[139.6833,38.0759],[139.6829,38.0758],[139.6826,38.0757],[139.6821,38.0755],[139.6818,38.0754],[139.6815,38.0754],[139.6814,38.0754],[139.681,38.0756],[139.6806,38.0758],[139.6801,38.0761],[139.6799,38.0763],[139.6796,38.0765],[139.6795,38.0766],[139.6793,38.0767],[139.6792,38.0767],[139.6791,38.0766],[139.6789,38.0765],[139.6788,38.0765],[139.6785,38.0765],[139.6783,38.0765],[139.6781,38.0765],[139.6778,38.0764],[139.6777,38.0764],[139.6775,38.0765],[139.6771,38.0766],[139.6768,38.0767],[139.6763,38.0767],[139.6758,38.0766],[139.6755,38.0765],[139.675,38.0766],[139.675,38.0766],[139.675,38.0766],[139.6746,38.0766],[139.6742,38.0767],[139.6739,38.0768],[139.6736,38.0769],[139.6733,38.0769],[139.6729,38.0769],[139.6725,38.0769],[139.6723,38.0769],[139.6722,38.0769],[139.6717,38.0768],[139.6715,38.0768],[139.6714,38.0768],[139.6714,38.0768],[139.6713,38.0769],[139.6713,38.0769],[139.6713,38.0769],[139.6714,38.077],[139.6716,38.0771],[139.6718,38.0771],[139.6721,38.0772],[139.6722,38.0772],[139.6724,38.0773],[139.6724,38.0773],[139.6724,38.0774],[139.6724,38.0774],[139.6723,38.0775],[139.6722,38.0776],[139.672,38.0776],[139.6719,38.0777],[139.6718,38.0777],[139.6717,38.0778],[139.6718,38.0778],[139.6721,38.0779],[139.6724,38.0779],[139.6726,38.078],[139.6727,38.0781],[139.6728,38.0781],[139.6728,38.0783],[139.6727,38.0785],[139.6727,38.0786],[139.6727,38.0787],[139.6728,38.0788],[139.673,38.0791],[139.6732,38.0793],[139.6732,38.0798],[139.6731,38.08],[139.6731,38.08],[139.6732,38.0801],[139.6733,38.0801],[139.6736,38.0801],[139.6737,38.0803],[139.6738,38.0804],[139.6739,38.0805],[139.674,38.0806],[139.674,38.0807],[139.674,38.0808],[139.674,38.0809],[139.6738,38.081],[139.6737,38.0812],[139.6736,38.0814],[139.6735,38.0815],[139.6734,38.0817],[139.6731,38.082],[139.6729,38.0821],[139.6727,38.0822],[139.6726,38.0823],[139.6726,38.0823],[139.6726,38.0824],[139.6728,38.0826],[139.6728,38.0829],[139.6728,38.0831],[139.6728,38.0832],[139.6728,38.0833],[139.6728,38.0833],[139.6727,38.0834],[139.6727,38.0835],[139.6726,38.0837],[139.6726,38.0838],[139.6726,38.084],[139.6728,38.0845],[139.673,38.0849],[139.673,38.0849],[139.6731,38.085],[139.6733,38.0854],[139.6734,38.0857],[139.6733,38.0858],[139.6733,38.0859],[139.6732,38.0859],[139.6731,38.086],[139.673,38.0861],[139.673,38.0862],[139.673,38.0863],[139.6731,38.0864],[139.6732,38.0866],[139.6733,38.0867],[139.6733,38.0869],[139.6732,38.087],[139.6729,38.0873],[139.6728,38.0874],[139.6724,38.0875],[139.6722,38.0877],[139.6722,38.0878],[139.6723,38.0883],[139.6724,38.0886],[139.6725,38.0888],[139.6725,38.0891],[139.6726,38.0892],[139.6728,38.0896],[139.673,38.0899],[139.6731,38.09],[139.6732,38.0901],[139.6736,38.0903],[139.674,38.0906],[139.6747,38.0911],[139.6748,38.0913],[139.6748,38.0916],[139.6748,38.0917],[139.6748,38.0917],[139.675,38.092],[139.675,38.0921],[139.6753,38.0926],[139.6771,38.0964],[139.6788,38.1],[139.6788,38.1],[139.6788,38.1],[139.6792,38.1008],[139.6798,38.1021],[139.6811,38.1048],[139.6827,38.1081],[139.6833,38.1083],[139.6833,38.1083],[139.6835,38.1083],[139.6835,38.1083],[139.6836,38.1084],[139.6843,38.1086],[139.6844,38.1087],[139.6845,38.109],[139.6847,38.1093],[139.6848,38.1095],[139.6849,38.1096],[139.6852,38.1098],[139.6856,38.11],[139.6858,38.1101],[139.6859,38.1102],[139.6859,38.1103],[139.6859,38.1105],[139.686,38.1106],[139.6862,38.1109],[139.6864,38.111],[139.6865,38.1111],[139.6867,38.1111],[139.6869,38.1111],[139.6878,38.1111],[139.6887,38.1112],[139.6889,38.1113],[139.6892,38.1115],[139.6894,38.1117],[139.6897,38.1118],[139.6906,38.112],[139.6908,38.1121],[139.6909,38.1121],[139.6912,38.1124],[139.6917,38.1126],[139.6917,38.1126],[139.6919,38.1128],[139.6921,38.113],[139.6926,38.1139],[139.6927,38.1144],[139.6928,38.1147],[139.6929,38.1148],[139.693,38.115],[139.6932,38.1152],[139.6934,38.1154],[139.6938,38.1156],[139.6939,38.1158],[139.6939,38.1159],[139.6936,38.1166],[139.6935,38.1167],[139.6935,38.1167],[139.6933,38.1169],[139.693,38.1172],[139.6926,38.1174],[139.6924,38.1175],[139.6919,38.1176],[139.6917,38.1177],[139.6917,38.1178],[139.6916,38.1178],[139.6914,38.1181],[139.6909,38.1184],[139.6907,38.1186],[139.6907,38.1188],[139.6906,38.119],[139.6906,38.1191],[139.6906,38.1193],[139.6902,38.1214],[139.6897,38.125],[139.6897,38.125],[139.6895,38.1262],[139.6893,38.1279],[139.6891,38.1289],[139.689,38.1299],[139.6887,38.1323],[139.6887,38.1323],[139.6885,38.1333],[139.6885,38.1333],[139.6885,38.1336],[139.6884,38.1343],[139.6884,38.1346],[139.6884,38.1347],[139.6885,38.1349],[139.6888,38.1352],[139.6889,38.1355],[139.689,38.1356],[139.6891,38.136],[139.6893,38.1361],[139.6895,38.1363],[139.6896,38.1364],[139.6897,38.1366],[139.6898,38.1366],[139.6899,38.1368],[139.69,38.1371],[139.69,38.1373],[139.69,38.1374],[139.6899,38.138],[139.6899,38.1383],[139.6899,38.1385],[139.6901,38.1389],[139.6902,38.139],[139.6903,38.1393],[139.6904,38.1396],[139.6904,38.1398],[139.6904,38.1401],[139.6904,38.1403],[139.6906,38.1406],[139.6906,38.1408],[139.6906,38.141],[139.6905,38.141],[139.6903,38.1413],[139.69,38.1417],[139.6899,38.1417],[139.6899,38.1417],[139.6898,38.1419],[139.6898,38.1421],[139.6899,38.1423],[139.6899,38.1425],[139.69,38.1427],[139.6899,38.143],[139.6898,38.1432],[139.6899,38.1433],[139.69,38.1435],[139.6902,38.1437],[139.6907,38.1441],[139.6908,38.1443],[139.6908,38.1444],[139.6908,38.1445],[139.6909,38.1447],[139.6911,38.1448],[139.6911,38.1448],[139.6912,38.1449],[139.6914,38.1451],[139.6916,38.1452],[139.6917,38.1456],[139.6917,38.1457],[139.6917,38.1457],[139.6917,38.1458],[139.692,38.1465],[139.6922,38.1471],[139.6922,38.1477],[139.6923,38.148],[139.6923,38.1485],[139.6923,38.1487],[139.692,38.149],[139.6917,38.1492],[139.6917,38.1492],[139.6914,38.1494],[139.6909,38.1497],[139.6907,38.1499],[139.6906,38.15],[139.6906,38.15],[139.6906,38.1501],[139.6906,38.1503],[139.6906,38.1509],[139.6906,38.1512],[139.6904,38.1515],[139.6904,38.1517],[139.6904,38.1519],[139.6904,38.1521],[139.6905,38.1523],[139.6905,38.1525],[139.6906,38.1529],[139.6906,38.153],[139.6906,38.1531],[139.6907,38.1533],[139.6907,38.1535],[139.6907,38.1537],[139.6907,38.1538],[139.6906,38.1541],[139.6906,38.1543],[139.6907,38.1546],[139.6907,38.1549],[139.6907,38.155],[139.6906,38.1552],[139.6905,38.1553],[139.6901,38.1555],[139.6899,38.1557],[139.6897,38.1559],[139.6895,38.1562],[139.6891,38.1568],[139.6889,38.157],[139.6888,38.157],[139.6878,38.157],[139.6873,38.1571],[139.6871,38.1573],[139.6867,38.1576],[139.6859,38.1583],[139.6859,38.1583],[139.6859,38.1583],[139.6852,38.1587],[139.6848,38.1592],[139.6847,38.1593],[139.6847,38.1594],[139.6848,38.1595],[139.685,38.1598],[139.6851,38.16],[139.6854,38.1607],[139.6854,38.161],[139.6854,38.1615],[139.6854,38.1616],[139.6854,38.1618],[139.6853,38.1622],[139.6853,38.1627],[139.6854,38.1633],[139.6854,38.1638],[139.6854,38.164],[139.6854,38.1645],[139.6855,38.1649],[139.6856,38.1656],[139.6856,38.166],[139.6855,38.1665],[139.685,38.1667],[139.6849,38.1667],[139.6849,38.1667],[139.6846,38.1669],[139.6844,38.1671],[139.684,38.1679],[139.6838,38.1681],[139.6833,38.1684],[139.6833,38.1684],[139.6828,38.1688],[139.6825,38.1694],[139.6825,38.1696],[139.6824,38.17],[139.6824,38.1706],[139.6822,38.171],[139.6822,38.1714],[139.6823,38.1718],[139.6823,38.1719],[139.6824,38.172],[139.6827,38.172],[139.683,38.1722],[139.6833,38.1724],[139.6833,38.1724],[139.6834,38.1725],[139.6838,38.1728],[139.6842,38.1732],[139.6847,38.1736],[139.6849,38.1741],[139.6851,38.1746],[139.6853,38.1748],[139.6856,38.175],[139.6857,38.175],[139.6857,38.175],[139.6858,38.1751],[139.6859,38.1752],[139.6861,38.1756],[139.6863,38.176],[139.6866,38.1764],[139.6867,38.1769],[139.6868,38.1772],[139.6868,38.1772],[139.687,38.1776],[139.6874,38.1779],[139.6875,38.1781],[139.6876,38.1782],[139.6876,38.1786],[139.6875,38.1789],[139.6874,38.1791],[139.6874,38.1796],[139.6874,38.18],[139.6874,38.1801],[139.6877,38.1806],[139.6877,38.181],[139.6877,38.1812],[139.6877,38.1815],[139.6876,38.182],[139.6876,38.1821],[139.6876,38.1822],[139.6878,38.1822],[139.6879,38.1823],[139.6879,38.1824],[139.688,38.1824],[139.6885,38.1823],[139.6893,38.1821],[139.69,38.1819],[139.6903,38.1819],[139.6906,38.1819],[139.691,38.1821],[139.6913,38.1823],[139.6915,38.1824],[139.6917,38.1824],[139.6917,38.1824],[139.6919,38.1825],[139.6923,38.1825],[139.6926,38.1826],[139.6927,38.1827],[139.6928,38.1829],[139.6929,38.1832],[139.6929,38.1833],[139.6929,38.1833],[139.6931,38.1836],[139.6933,38.1837],[139.6934,38.1839],[139.6935,38.1843],[139.6936,38.1846],[139.6936,38.1847],[139.6937,38.1847],[139.6938,38.1847],[139.6939,38.1847],[139.694,38.1847],[139.6941,38.1846],[139.6942,38.1846],[139.6943,38.1846],[139.6945,38.1847],[139.6948,38.1849],[139.6952,38.1849],[139.6954,38.185],[139.6955,38.185],[139.6958,38.1851],[139.6961,38.1853],[139.6962,38.1853],[139.6962,38.1855],[139.6963,38.1856],[139.6963,38.1857],[139.6963,38.1857],[139.6963,38.1858],[139.6963,38.1863],[139.6964,38.1865],[139.6964,38.1866],[139.6963,38.1867],[139.6962,38.1869],[139.6961,38.1872],[139.6961,38.1875],[139.6961,38.1878],[139.6961,38.188],[139.696,38.1886],[139.6959,38.1887],[139.6959,38.1889],[139.696,38.1891],[139.6962,38.1893],[139.6964,38.1895],[139.6967,38.1897],[139.6969,38.1898],[139.6971,38.1901],[139.6975,38.1904],[139.6976,38.1905],[139.6977,38.1907],[139.6979,38.1909],[139.6982,38.1912],[139.6984,38.1913],[139.6985,38.1914],[139.6985,38.1916],[139.6985,38.1917],[139.6985,38.1917],[139.6985,38.1922],[139.6985,38.1924],[139.6984,38.1926],[139.6982,38.1929],[139.6982,38.1932],[139.6982,38.1935],[139.6982,38.1937],[139.6983,38.1938],[139.6984,38.194],[139.6984,38.1943],[139.6984,38.1945],[139.6983,38.1948],[139.6984,38.1951],[139.6985,38.1951],[139.6988,38.1952],[139.699,38.1953],[139.6992,38.1953],[139.6994,38.1953],[139.6996,38.1955],[139.6997,38.1957],[139.6999,38.1959],[139.7,38.196],[139.7,38.196],[139.7002,38.1961],[139.7003,38.1962],[139.7006,38.1965],[139.7008,38.1968],[139.7009,38.197],[139.701,38.1971],[139.701,38.1972],[139.7012,38.1974],[139.7016,38.1977],[139.7017,38.1978],[139.7018,38.1979],[139.7019,38.198],[139.7021,38.1982],[139.7024,38.1987],[139.7025,38.1989],[139.7025,38.199],[139.7026,38.1992],[139.7026,38.1995],[139.7025,38.1996],[139.7023,38.1998],[139.7021,38.1999],[139.702,38.2],[139.702,38.2],[139.7016,38.2002],[139.7014,38.2004],[139.7011,38.2005],[139.7011,38.2006],[139.701,38.2007],[139.7007,38.2011],[139.7006,38.2012],[139.7005,38.2013],[139.7002,38.2014],[139.7,38.2015],[139.7,38.2015],[139.6996,38.2016],[139.6994,38.2017],[139.6992,38.2019],[139.6992,38.202],[139.6993,38.2023],[139.6991,38.2025],[139.699,38.2026],[139.6989,38.2027],[139.6987,38.2028],[139.6986,38.2029],[139.6992,38.2032],[139.6997,38.2032],[139.6998,38.2033],[139.7,38.2033],[139.7,38.2033],[139.7003,38.2033],[139.7006,38.2033],[139.701,38.2033],[139.7012,38.2032],[139.7014,38.2032],[139.7015,38.2032],[139.7019,38.2033],[139.7023,38.2034],[139.7025,38.2035],[139.7026,38.2036],[139.7028,38.2036],[139.7032,38.2036],[139.7035,38.2037],[139.7037,38.2037],[139.7039,38.2038],[139.7041,38.2038],[139.7042,38.2038],[139.7044,38.2039],[139.7048,38.204],[139.705,38.2042],[139.7051,38.2042],[139.7052,38.2043],[139.7054,38.2043],[139.7054,38.2043],[139.7057,38.2043],[139.7061,38.2042],[139.7063,38.2042],[139.7064,38.2042],[139.707,38.2044],[139.7075,38.2043],[139.7077,38.2043],[139.708,38.2044],[139.7082,38.2044],[139.7083,38.2044],[139.7083,38.2044],[139.7084,38.2044],[139.7089,38.2043],[139.709,38.2044],[139.7091,38.2045],[139.7092,38.2046],[139.7095,38.2048],[139.71,38.2052],[139.7102,38.2053],[139.7104,38.2055],[139.7106,38.2055],[139.7108,38.2056],[139.711,38.2056],[139.7113,38.2057],[139.7119,38.2058],[139.7122,38.206],[139.7124,38.2062],[139.7127,38.2064],[139.7129,38.2066],[139.7132,38.2066],[139.7134,38.2066],[139.7137,38.2065],[139.7142,38.2064],[139.7146,38.2063],[139.7151,38.2062],[139.7153,38.2062],[139.7156,38.2061],[139.7158,38.206],[139.7159,38.2058],[139.716,38.2057],[139.7161,38.2056],[139.7162,38.2055],[139.7166,38.2054],[139.7167,38.2054],[139.7167,38.2054],[139.717,38.2054],[139.7171,38.2053],[139.7173,38.2053],[139.7174,38.2052],[139.7175,38.2051],[139.7181,38.2047],[139.7183,38.2046],[139.7184,38.2045],[139.7186,38.2045],[139.7187,38.2045],[139.7193,38.2045],[139.7195,38.2045],[139.7199,38.2045],[139.7203,38.2044],[139.7205,38.2045],[139.7206,38.2046],[139.7206,38.2047],[139.7207,38.2049],[139.7208,38.205],[139.721,38.2053],[139.7212,38.2055],[139.7214,38.2057],[139.7215,38.2058],[139.7216,38.2059],[139.7217,38.2058],[139.722,38.2057],[139.7223,38.2055],[139.7224,38.2054],[139.7228,38.2053],[139.723,38.2053],[139.7232,38.2053],[139.7235,38.2052],[139.7236,38.205],[139.7236,38.2049],[139.7237,38.2045],[139.7237,38.2044],[139.7238,38.2042],[139.7238,38.204],[139.7239,38.2039],[139.7239,38.2038],[139.724,38.2037],[139.724,38.2036],[139.7242,38.2033],[139.7244,38.2031],[139.7244,38.203],[139.7246,38.2029],[139.7248,38.2028],[139.7249,38.2028],[139.725,38.2028],[139.725,38.2028],[139.725,38.2028],[139.7252,38.2029],[139.7256,38.2029],[139.7257,38.2029],[139.7259,38.2028],[139.726,38.2027],[139.7261,38.2026],[139.7264,38.2025],[139.7267,38.2024],[139.7269,38.2024],[139.7271,38.2024],[139.7272,38.2024],[139.7273,38.2024],[139.7274,38.2024],[139.7275,38.2024],[139.7278,38.2023],[139.728,38.2022],[139.7284,38.2019],[139.7287,38.2017],[139.7288,38.2016],[139.7289,38.2016],[139.7291,38.2015],[139.7292,38.2015],[139.7294,38.2015],[139.7295,38.2015],[139.7297,38.2014],[139.7298,38.2013],[139.7302,38.2011],[139.7304,38.201],[139.7306,38.2009],[139.731,38.2009],[139.7314,38.2008],[139.7317,38.2008],[139.7318,38.2008],[139.7319,38.2009],[139.7321,38.2009],[139.7323,38.201],[139.7324,38.201],[139.7325,38.2011],[139.7326,38.2012],[139.7329,38.2015],[139.733,38.2016],[139.7331,38.2017],[139.7333,38.2017],[139.7333,38.2017],[139.7333,38.2017],[139.7334,38.2017],[139.7338,38.2017],[139.734,38.2018],[139.7343,38.2019],[139.7346,38.202],[139.735,38.2021],[139.7353,38.2021],[139.7356,38.202],[139.7359,38.2019],[139.7362,38.2019],[139.7363,38.2019],[139.7367,38.202],[139.7369,38.202],[139.737,38.202],[139.737,38.2021],[139.7371,38.2021],[139.7373,38.2022],[139.7377,38.2022],[139.738,38.2021],[139.7385,38.2021],[139.7387,38.2021],[139.7389,38.202],[139.7391,38.2019],[139.7392,38.2018],[139.7396,38.2014],[139.7398,38.2011],[139.74,38.201],[139.7402,38.2009],[139.7403,38.2008],[139.7404,38.2007],[139.7406,38.2006],[139.7408,38.2002],[139.7409,38.2001],[139.741,38.2],[139.741,38.2],[139.741,38.2],[139.7411,38.1999],[139.7412,38.1998],[139.7413,38.1998],[139.7416,38.2],[139.7416,38.2],[139.7417,38.2],[139.7417,38.2],[139.7417,38.2],[139.7417,38.2],[139.7418,38.2001],[139.7419,38.2],[139.7419,38.2],[139.7419,38.2],[139.742,38.1999],[139.7422,38.1999],[139.7424,38.1999],[139.7426,38.1999],[139.7427,38.2],[139.7427,38.2],[139.7429,38.2001],[139.7431,38.2001],[139.7432,38.2],[139.7433,38.2],[139.7433,38.2],[139.7433,38.2],[139.7433,38.1999],[139.7434,38.1998],[139.7434,38.1996],[139.7435,38.1995],[139.7436,38.1993],[139.7437,38.1992],[139.7438,38.1992],[139.744,38.1991],[139.7441,38.199],[139.7443,38.199],[139.7444,38.1988],[139.7445,38.1987],[139.7446,38.1987],[139.7448,38.1986],[139.745,38.1985],[139.7451,38.1984],[139.7457,38.1979],[139.7458,38.1977],[139.7459,38.1976],[139.7459,38.1975],[139.746,38.1974],[139.7461,38.1973],[139.7462,38.1972],[139.7463,38.1971],[139.7465,38.1968],[139.7466,38.1966],[139.7467,38.1965],[139.7469,38.1964],[139.7471,38.1963],[139.7479,38.1962],[139.7483,38.1962],[139.7488,38.1961],[139.7492,38.1961],[139.7498,38.1961],[139.75,38.1958],[139.75,38.1957],[139.7501,38.1956],[139.7503,38.1954],[139.7504,38.1952],[139.7507,38.1949],[139.7508,38.1948],[139.7511,38.1948],[139.7512,38.1947],[139.7515,38.1946],[139.7518,38.1945],[139.7521,38.1943],[139.7522,38.1943],[139.7524,38.1943],[139.7527,38.1943],[139.753,38.1941],[139.7531,38.194],[139.7531,38.194],[139.7533,38.1937],[139.7535,38.1935],[139.7536,38.1935],[139.7539,38.1935],[139.7544,38.1934],[139.7545,38.1933],[139.7548,38.1932],[139.7549,38.1931],[139.7551,38.1931],[139.7553,38.1931],[139.7555,38.1931],[139.7556,38.1931],[139.7558,38.193],[139.7565,38.1929],[139.7576,38.193],[139.7578,38.193],[139.7582,38.193],[139.7583,38.1931],[139.7583,38.1931],[139.7587,38.1933],[139.759,38.1935],[139.7592,38.1937],[139.7594,38.1938],[139.7596,38.1939],[139.7598,38.1941],[139.76,38.1944],[139.7601,38.1945],[139.7603,38.1948],[139.7604,38.1949],[139.7608,38.1953],[139.761,38.1955],[139.7611,38.1957],[139.7613,38.1962],[139.7614,38.1965],[139.7614,38.1966],[139.7615,38.1969],[139.7616,38.1972],[139.7618,38.1974],[139.762,38.1975],[139.7621,38.1977],[139.7622,38.1979],[139.7623,38.1983],[139.7623,38.1985],[139.7625,38.1987],[139.7629,38.1987],[139.7633,38.1988],[139.7634,38.1988],[139.7637,38.199],[139.764,38.199],[139.7643,38.1989],[139.7647,38.1987],[139.765,38.1985],[139.7653,38.1984],[139.7655,38.1983],[139.7659,38.1983],[139.7662,38.1982],[139.7666,38.1981],[139.7667,38.1981],[139.7667,38.1981],[139.7669,38.198],[139.7673,38.1981],[139.7677,38.1981],[139.7679,38.1981],[139.7681,38.1981],[139.7685,38.1981],[139.7688,38.198],[139.7689,38.198],[139.7691,38.1978],[139.7694,38.1976],[139.7696,38.1973],[139.7698,38.1972],[139.7698,38.1972],[139.7699,38.1972],[139.7701,38.1972],[139.7708,38.1975],[139.7716,38.1979],[139.772,38.198],[139.7722,38.198],[139.7728,38.1981],[139.7732,38.1982],[139.7734,38.1983],[139.7735,38.1983],[139.7738,38.1984],[139.774,38.1985],[139.7744,38.1985],[139.7749,38.1984],[139.775,38.1983],[139.775,38.1983],[139.7752,38.1983],[139.7755,38.1983],[139.7761,38.1982],[139.7763,38.198],[139.7764,38.1978],[139.7765,38.1977],[139.7767,38.1975],[139.7771,38.1973],[139.7774,38.1971],[139.7776,38.197],[139.7781,38.1966],[139.7783,38.1965],[139.7786,38.1963],[139.7788,38.1962],[139.779,38.196],[139.7791,38.1959],[139.7793,38.1957],[139.7793,38.1957],[139.7794,38.1956],[139.7798,38.1953],[139.78,38.1951],[139.7802,38.195],[139.7805,38.1947],[139.7807,38.1946],[139.7809,38.1945],[139.781,38.1944],[139.7812,38.1942],[139.7813,38.1939],[139.7813,38.1936],[139.7814,38.1934],[139.7814,38.1934],[139.7817,38.1935],[139.7822,38.1936],[139.7825,38.1936],[139.7826,38.1936],[139.7829,38.1935],[139.783,38.1935],[139.7833,38.1934],[139.7834,38.1933],[139.7838,38.1932],[139.784,38.1931],[139.7841,38.1931],[139.7846,38.193],[139.7849,38.1928],[139.7851,38.1926],[139.7852,38.1926],[139.7854,38.1924],[139.7859,38.1922],[139.7861,38.1922],[139.7864,38.1922],[139.7864,38.1923],[139.7865,38.1923],[139.7865,38.1924],[139.7865,38.1929],[139.7865,38.1933],[139.7865,38.1936],[139.7865,38.1938],[139.7865,38.1939],[139.7865,38.1942],[139.7865,38.1943],[139.7866,38.1944],[139.787,38.1947],[139.7874,38.1949],[139.7877,38.195],[139.788,38.1952],[139.7883,38.1954],[139.7885,38.1955],[139.7886,38.1956],[139.7887,38.1958],[139.7888,38.1959],[139.789,38.1962],[139.7891,38.1965],[139.7893,38.197],[139.7894,38.1971],[139.7895,38.1972],[139.7899,38.1975],[139.7901,38.1976],[139.7904,38.1979],[139.7905,38.198],[139.7914,38.1983],[139.7917,38.1984],[139.7917,38.1984],[139.7917,38.1984],[139.7925,38.1985],[139.7926,38.1985],[139.793,38.1985],[139.7932,38.1985],[139.7938,38.1986],[139.7941,38.1987],[139.7941,38.1989],[139.7942,38.1991],[139.7945,38.1997],[139.7946,38.1998],[139.7947,38.1999],[139.7948,38.2],[139.7948,38.2],[139.7952,38.2002],[139.7953,38.2003],[139.7956,38.2005],[139.7956,38.2006],[139.7958,38.2008],[139.7959,38.201],[139.7961,38.2011],[139.7962,38.2012],[139.7965,38.2013],[139.7966,38.2014],[139.7969,38.2015],[139.7973,38.2016],[139.7979,38.2017],[139.7982,38.2018],[139.7984,38.2018],[139.7988,38.202],[139.799,38.2021],[139.7993,38.2022],[139.7996,38.2022],[139.7998,38.2023],[139.8,38.2023],[139.8,38.2023],[139.8002,38.2024],[139.8004,38.2025],[139.8006,38.2026],[139.8008,38.2028],[139.8012,38.2032],[139.8013,38.2034],[139.8013,38.2036],[139.8013,38.2037],[139.8012,38.2041],[139.8012,38.2044],[139.8012,38.2045],[139.8012,38.2047],[139.8013,38.2047],[139.8014,38.205],[139.8016,38.2053],[139.8017,38.2055],[139.8017,38.2056],[139.8019,38.2057],[139.802,38.2057],[139.8021,38.2059],[139.8022,38.2061],[139.8022,38.2063],[139.8021,38.2064],[139.8022,38.2065],[139.8023,38.2066],[139.8026,38.2066],[139.803,38.2065],[139.8033,38.2065],[139.8035,38.2066],[139.8039,38.2067],[139.8043,38.2067],[139.8044,38.2068],[139.8046,38.2068],[139.8049,38.2069],[139.8052,38.2068],[139.8055,38.2068],[139.8057,38.2068],[139.8059,38.2069],[139.8061,38.2069],[139.8061,38.2069],[139.8064,38.2069],[139.8067,38.207],[139.8069,38.207],[139.807,38.2072],[139.8071,38.2073],[139.8073,38.2076],[139.8075,38.2078],[139.8076,38.2078],[139.8077,38.208],[139.8079,38.2081],[139.8081,38.2083],[139.8081,38.2083],[139.8081,38.2083],[139.8083,38.2085],[139.8083,38.2085],[139.8084,38.2085],[139.8087,38.2087],[139.809,38.2089],[139.8093,38.2091],[139.8094,38.2092],[139.8094,38.2093],[139.8095,38.2094],[139.8096,38.2097],[139.8098,38.2101],[139.8099,38.2103],[139.8099,38.2105],[139.8101,38.2108],[139.8102,38.211],[139.8105,38.2111],[139.8107,38.2113],[139.811,38.2115],[139.8114,38.2116],[139.8117,38.2116],[139.8121,38.2117],[139.8126,38.2118],[139.8129,38.2119],[139.8133,38.212],[139.8137,38.2121],[139.8141,38.2123],[139.8142,38.2123],[139.8146,38.2123],[139.8151,38.2124],[139.8155,38.2125],[139.8158,38.2127],[139.816,38.2127],[139.8163,38.2127],[139.8166,38.2127],[139.8167,38.2127],[139.8167,38.2127],[139.8169,38.2126],[139.8173,38.2126],[139.8176,38.2126],[139.8185,38.2127],[139.8186,38.2127],[139.8193,38.2128],[139.8194,38.2133],[139.8195,38.2138],[139.8196,38.2139],[139.8197,38.2141],[139.82,38.2143],[139.8201,38.2145],[139.8202,38.2146],[139.8204,38.2146],[139.8209,38.2147],[139.8209,38.2147],[139.8213,38.2148],[139.8217,38.2149],[139.8219,38.215],[139.8223,38.2151],[139.8225,38.2151],[139.8228,38.2152],[139.8231,38.2155],[139.8233,38.2156],[139.8234,38.2157],[139.8236,38.2158],[139.8237,38.2159],[139.8241,38.2161],[139.8242,38.2162],[139.8245,38.2163],[139.8249,38.2164],[139.825,38.2165],[139.825,38.2165],[139.8251,38.2166],[139.8252,38.2167],[139.8252,38.2167],[139.8254,38.2168],[139.8256,38.2171],[139.8257,38.2173],[139.826,38.2174],[139.8261,38.2175],[139.8264,38.2176],[139.8267,38.2177],[139.8268,38.2177],[139.8269,38.2178],[139.8272,38.218],[139.8274,38.2181],[139.8276,38.2183],[139.8281,38.2185],[139.8283,38.2186],[139.8288,38.2188],[139.829,38.219],[139.8292,38.2191],[139.8295,38.2192],[139.8299,38.2193],[139.8302,38.2195],[139.8303,38.2195],[139.8305,38.2196],[139.8307,38.2197],[139.8309,38.2199],[139.8311,38.22],[139.8315,38.22],[139.8322,38.2201],[139.8325,38.2202],[139.8327,38.2202],[139.833,38.2202],[139.8333,38.2203],[139.8333,38.2203],[139.8335,38.2203],[139.8338,38.2203],[139.834,38.2204],[139.8341,38.2204],[139.8343,38.2205],[139.8344,38.2206],[139.8347,38.2208],[139.8349,38.2209],[139.8351,38.221],[139.8355,38.2211],[139.8359,38.2211],[139.8362,38.2212],[139.8364,38.2212],[139.8366,38.2213],[139.8366,38.2213],[139.8368,38.2214],[139.8369,38.2216],[139.8371,38.2219],[139.8372,38.2221],[139.8373,38.2224],[139.8374,38.2226],[139.8377,38.2228],[139.8378,38.2229],[139.838,38.2231],[139.838,38.2231],[139.8383,38.2233],[139.8385,38.2235],[139.8386,38.2235],[139.8388,38.2236],[139.8391,38.2236],[139.8396,38.2237],[139.84,38.2238],[139.8404,38.224],[139.8407,38.2241],[139.8408,38.2241],[139.8409,38.2241],[139.8416,38.224],[139.8417,38.224],[139.8417,38.224],[139.842,38.2239],[139.8422,38.2239],[139.8425,38.2239],[139.8427,38.2239],[139.8433,38.2238],[139.8437,38.2237],[139.8446,38.224],[139.8451,38.2242],[139.8454,38.2243],[139.8457,38.2244],[139.8459,38.2244],[139.846,38.2244],[139.8463,38.2245],[139.8467,38.2245],[139.847,38.2246],[139.8471,38.2247],[139.8474,38.2248],[139.8476,38.225],[139.8476,38.225],[139.8477,38.2251],[139.8478,38.2252],[139.8481,38.2254],[139.8483,38.2255],[139.8487,38.2257],[139.8488,38.2257],[139.849,38.2257],[139.849,38.2257],[139.8492,38.2257],[139.8495,38.2258],[139.8499,38.226],[139.85,38.2261],[139.85,38.2261],[139.8501,38.2261],[139.8504,38.2263],[139.8506,38.2264],[139.8509,38.2266],[139.8511,38.2267],[139.8515,38.2269],[139.8519,38.227],[139.8521,38.227],[139.8524,38.2271],[139.8528,38.2272],[139.8532,38.2274],[139.8536,38.2276],[139.8538,38.2277],[139.8542,38.2278],[139.8547,38.2281],[139.855,38.2281],[139.8553,38.2283],[139.8556,38.2284],[139.8557,38.2285],[139.856,38.2286],[139.8563,38.2288],[139.8567,38.2291],[139.8569,38.2292],[139.8572,38.2293],[139.8574,38.2294],[139.8577,38.2296],[139.8579,38.2297],[139.8582,38.2299],[139.8583,38.23],[139.8583,38.2301],[139.8584,38.2301],[139.8584,38.2301],[139.8587,38.2304],[139.8588,38.2304],[139.859,38.2306],[139.8592,38.2307],[139.8594,38.2307],[139.8598,38.2309],[139.8602,38.2311],[139.8603,38.2312],[139.8604,38.2313],[139.8606,38.2314],[139.8607,38.2317],[139.8608,38.232],[139.861,38.2323],[139.8612,38.2325],[139.8613,38.2327],[139.8614,38.2328],[139.8618,38.233],[139.862,38.2332],[139.8622,38.2333],[139.8622,38.2333],[139.8622,38.2334],[139.8626,38.2337],[139.8628,38.2339],[139.863,38.2341],[139.8633,38.2344],[139.8634,38.2345],[139.8636,38.2347],[139.8637,38.2348],[139.8639,38.2349],[139.864,38.2352],[139.8642,38.2356],[139.8642,38.2358],[139.8643,38.2361],[139.8645,38.2364],[139.8646,38.2365],[139.8646,38.2367],[139.8645,38.237],[139.8644,38.2376],[139.8643,38.2379],[139.8643,38.2383],[139.8642,38.2384],[139.8641,38.2386],[139.8639,38.2389],[139.8639,38.2391],[139.8641,38.2393],[139.8641,38.2395],[139.8642,38.2397],[139.8643,38.24],[139.8643,38.2402],[139.8643,38.2403],[139.8644,38.2404],[139.8646,38.2406],[139.8647,38.2408],[139.8649,38.2409],[139.8652,38.2411],[139.8653,38.2412],[139.8656,38.2415],[139.8657,38.2416],[139.8657,38.2417],[139.8657,38.2417],[139.8658,38.2418],[139.8658,38.2419],[139.8657,38.2421],[139.8657,38.2425],[139.8657,38.2427],[139.8657,38.2427],[139.8658,38.243],[139.8659,38.2431],[139.866,38.2435],[139.8661,38.2439],[139.8663,38.2441],[139.8664,38.2443],[139.8666,38.2447],[139.8667,38.2447],[139.8667,38.2448],[139.8668,38.2449],[139.8669,38.2452],[139.8671,38.2453],[139.8672,38.2455],[139.8675,38.2456],[139.8677,38.2458],[139.868,38.2459],[139.8682,38.2461],[139.8683,38.2463],[139.8685,38.2466],[139.8686,38.2468],[139.8686,38.2471],[139.8685,38.2474],[139.8685,38.2478],[139.8686,38.248],[139.8687,38.2481],[139.8689,38.2483],[139.869,38.2484],[139.8691,38.2485],[139.8692,38.2486],[139.8695,38.2486],[139.87,38.2486],[139.8702,38.2487],[139.8706,38.2489],[139.8708,38.249],[139.871,38.2491],[139.8714,38.2492],[139.8717,38.2493],[139.8718,38.2493],[139.872,38.2494],[139.8724,38.2498],[139.8725,38.25],[139.8725,38.25],[139.8726,38.2501],[139.8728,38.2503],[139.8731,38.2505],[139.8736,38.2507],[139.8738,38.2508],[139.8741,38.251],[139.8745,38.2514],[139.875,38.2515],[139.875,38.2516],[139.8751,38.2516],[139.8754,38.2517],[139.8755,38.2519],[139.8755,38.252],[139.8757,38.2521],[139.8758,38.2523],[139.8759,38.2527],[139.8759,38.2529],[139.8759,38.253],[139.8759,38.2532],[139.8758,38.2533],[139.8756,38.2535],[139.8754,38.2537],[139.8753,38.2539],[139.8751,38.2542],[139.8751,38.2544],[139.8751,38.2546],[139.8751,38.2547],[139.8751,38.2548],[139.8753,38.255],[139.8755,38.2552],[139.8756,38.2554],[139.8757,38.2556],[139.8758,38.2557],[139.8758,38.2559],[139.8757,38.2561],[139.8757,38.2563],[139.8757,38.2566],[139.8757,38.2568],[139.8757,38.257],[139.8758,38.2571],[139.876,38.2574],[139.8761,38.2575],[139.8762,38.2578],[139.8763,38.2581],[139.8764,38.2583],[139.8764,38.2583],[139.8764,38.2583],[139.8764,38.2586],[139.8764,38.2589],[139.8764,38.2592],[139.8764,38.2594],[139.8764,38.2596],[139.8763,38.2596],[139.8763,38.2597],[139.8764,38.2599],[139.8765,38.26],[139.8765,38.2602],[139.8765,38.2604],[139.8764,38.2606],[139.8763,38.2609],[139.8762,38.2612],[139.8763,38.2614],[139.8764,38.2616],[139.8766,38.2618],[139.8768,38.2619],[139.877,38.262],[139.8773,38.2621],[139.8776,38.2621],[139.8779,38.2622],[139.8782,38.2624],[139.8783,38.2624],[139.8785,38.2625],[139.8788,38.2625],[139.8789,38.2626],[139.8791,38.2627],[139.8792,38.2628],[139.8793,38.2629],[139.8794,38.2631],[139.8796,38.2633],[139.8797,38.2634],[139.8798,38.2635],[139.8801,38.2636],[139.8803,38.2637],[139.8807,38.2638],[139.8812,38.2641],[139.8816,38.2643],[139.882,38.2644],[139.8824,38.2646],[139.8826,38.2647],[139.8829,38.2648],[139.8832,38.2649],[139.8833,38.2649],[139.8834,38.2649],[139.8835,38.2649],[139.8836,38.2649],[139.8839,38.265],[139.8842,38.265],[139.8843,38.2651],[139.8845,38.2652],[139.8847,38.2654],[139.8849,38.2655],[139.8851,38.2657],[139.8854,38.2659],[139.8857,38.2661],[139.8858,38.2663],[139.8859,38.2665],[139.886,38.2667],[139.886,38.2667],[139.8861,38.2668],[139.8862,38.2671],[139.8863,38.2673],[139.8865,38.2675],[139.8865,38.2675],[139.8867,38.2677],[139.887,38.2679],[139.8872,38.2681],[139.8875,38.2683],[139.8878,38.2685],[139.8881,38.2686],[139.8882,38.2688],[139.8882,38.2691],[139.8883,38.2692],[139.8885,38.2693],[139.8887,38.2694],[139.889,38.2695],[139.8893,38.2696],[139.8896,38.2697],[139.8899,38.2698],[139.8902,38.2699],[139.8904,38.27],[139.8907,38.2702],[139.891,38.2704],[139.8912,38.2706],[139.8914,38.2707],[139.8914,38.2707],[139.8916,38.2709],[139.8917,38.2709],[139.8917,38.2709],[139.8918,38.271],[139.8921,38.2712],[139.8924,38.2714],[139.8926,38.2714],[139.8928,38.2715],[139.8929,38.2717],[139.8931,38.2719],[139.8934,38.2719],[139.8939,38.2719],[139.8941,38.2719],[139.8944,38.272],[139.8947,38.2721],[139.8951,38.2722],[139.8954,38.2723],[139.8956,38.2724],[139.8957,38.2726],[139.896,38.2729],[139.8961,38.2731],[139.8963,38.2733],[139.8965,38.2735],[139.8967,38.2736],[139.897,38.2738],[139.8972,38.2738],[139.8974,38.274],[139.8975,38.2742],[139.8977,38.2744],[139.8978,38.2745],[139.898,38.2746],[139.8983,38.2747],[139.8985,38.2748],[139.8988,38.275],[139.8988,38.275],[139.8988,38.275],[139.899,38.2752],[139.8992,38.2754],[139.8994,38.2756],[139.8995,38.2756],[139.8999,38.2758],[139.8998,38.2759],[139.8996,38.2761],[139.8993,38.2762],[139.8992,38.2764],[139.8987,38.2771],[139.8983,38.2776],[139.8982,38.2778],[139.898,38.278],[139.898,38.2783],[139.8981,38.2785],[139.8982,38.2788],[139.8982,38.279],[139.8982,38.2793],[139.8981,38.2796],[139.8981,38.2798],[139.8981,38.28],[139.8982,38.2802],[139.8983,38.2805],[139.8984,38.2808],[139.8984,38.281],[139.8984,38.2812],[139.8983,38.2816],[139.8983,38.2818],[139.8984,38.282],[139.8984,38.2823],[139.8984,38.2825],[139.8985,38.2827],[139.8985,38.2829],[139.8986,38.283],[139.8986,38.2832],[139.8988,38.2833],[139.8988,38.2833],[139.8989,38.2834],[139.8991,38.2837],[139.8992,38.2839],[139.8992,38.2841],[139.8992,38.2844],[139.8992,38.2848],[139.8991,38.285],[139.8991,38.2855],[139.8991,38.2858],[139.8991,38.286],[139.8992,38.2862],[139.8994,38.2865],[139.8996,38.2867],[139.8997,38.2869],[139.8997,38.2871],[139.8998,38.2873],[139.8998,38.2874],[139.8997,38.2877],[139.8996,38.2879],[139.8994,38.2884],[139.8993,38.2886],[139.8992,38.2889],[139.8992,38.2891],[139.8992,38.2894],[139.8992,38.2896],[139.8992,38.2898],[139.8993,38.2901],[139.8993,38.2903],[139.8992,38.2906],[139.8991,38.2908],[139.899,38.291],[139.8989,38.2913],[139.8989,38.2914],[139.8988,38.2915],[139.8988,38.2917],[139.8988,38.2917],[139.8988,38.2918],[139.8988,38.2922],[139.8988,38.2925],[139.8989,38.2928],[139.8989,38.293],[139.8989,38.2931],[139.8989,38.2932],[139.8987,38.2933],[139.8985,38.2935],[139.8983,38.2936],[139.8978,38.294],[139.8975,38.2941],[139.8974,38.2942],[139.8972,38.2943],[139.8967,38.2946],[139.8965,38.2948],[139.8963,38.295],[139.8958,38.2953],[139.8955,38.2955],[139.8955,38.2955],[139.8954,38.2955],[139.8952,38.2956],[139.8949,38.2958],[139.8947,38.2959],[139.8945,38.2961],[139.8944,38.2963],[139.894,38.2967],[139.8938,38.2969],[139.8935,38.297],[139.8931,38.2974],[139.8929,38.2976],[139.8927,38.2978],[139.8923,38.298],[139.8922,38.2981],[139.892,38.2982],[139.8917,38.2984],[139.8917,38.2984],[139.8916,38.2984],[139.8912,38.2986],[139.8908,38.2987],[139.8906,38.2988],[139.89,38.2991],[139.8897,38.2992],[139.8896,38.2994],[139.8895,38.2996],[139.8894,38.2999],[139.8894,38.3],[139.8894,38.3],[139.8893,38.3001],[139.8893,38.3002],[139.8891,38.3003],[139.889,38.3006],[139.8887,38.3008],[139.8885,38.301],[139.8883,38.301],[139.888,38.3011],[139.8876,38.3012],[139.8874,38.3013],[139.8869,38.3013],[139.8866,38.3013],[139.8864,38.3014],[139.8861,38.3015],[139.8859,38.3016],[139.8853,38.3019],[139.8851,38.3021],[139.8848,38.3022],[139.8846,38.3022],[139.8842,38.3023],[139.8839,38.3024],[139.8836,38.3024],[139.8834,38.3024],[139.8834,38.3024],[139.8833,38.3024],[139.883,38.3024],[139.8826,38.3024],[139.8822,38.3024],[139.882,38.3025],[139.8816,38.3026],[139.8814,38.3027],[139.8811,38.3028],[139.8807,38.3029],[139.8805,38.303],[139.8802,38.3031],[139.8797,38.3032],[139.8793,38.3034],[139.8792,38.3035],[139.8792,38.3037],[139.8791,38.3039],[139.8791,38.3041],[139.8793,38.3045],[139.8794,38.3047],[139.8794,38.3049],[139.8794,38.3051],[139.8794,38.3054],[139.8794,38.3057],[139.8793,38.3059],[139.8792,38.3061],[139.8792,38.3063],[139.8791,38.3066],[139.8789,38.3068],[139.8787,38.3073],[139.8785,38.3076],[139.8783,38.3077],[139.8781,38.3082],[139.878,38.3083],[139.878,38.3083],[139.878,38.3084],[139.878,38.3086],[139.878,38.3086],[139.878,38.3087],[139.8779,38.309],[139.8778,38.3091],[139.8776,38.3093],[139.8774,38.3095],[139.8771,38.31],[139.8769,38.3102],[139.8768,38.3104],[139.8768,38.3106],[139.8768,38.3109],[139.8769,38.3112],[139.8769,38.3114],[139.8769,38.3117],[139.8769,38.3119],[139.8768,38.3122],[139.8767,38.3124],[139.8768,38.3128],[139.8768,38.3129],[139.8768,38.3131],[139.8766,38.3132],[139.8764,38.3133],[139.8761,38.3134],[139.876,38.3135],[139.8759,38.3138],[139.8758,38.3141],[139.8757,38.3143],[139.8756,38.3147],[139.8755,38.3148],[139.8754,38.3151],[139.8753,38.3156],[139.8752,38.3158],[139.8751,38.3161],[139.8751,38.3165],[139.875,38.3166],[139.875,38.3167],[139.875,38.3167],[139.875,38.3167],[139.875,38.3167],[139.875,38.3167],[139.8749,38.3167],[139.8748,38.3168],[139.8746,38.3168],[139.874,38.317],[139.8737,38.3171],[139.8728,38.3175],[139.8726,38.3176],[139.8723,38.3177],[139.8717,38.3181],[139.8715,38.3182],[139.8713,38.3184],[139.871,38.3186],[139.8707,38.3188],[139.8705,38.319],[139.8704,38.3191],[139.8703,38.3193],[139.8702,38.3195],[139.8702,38.3196],[139.8702,38.3197],[139.8702,38.3198],[139.8701,38.3199],[139.8697,38.32],[139.8696,38.3201],[139.8694,38.3201],[139.8692,38.3202],[139.8689,38.3203],[139.8686,38.3205],[139.8683,38.3206],[139.8681,38.3207],[139.868,38.3208],[139.8678,38.321],[139.8675,38.3212],[139.8673,38.3213],[139.8671,38.3215],[139.8669,38.3216],[139.8667,38.3218],[139.8667,38.3219],[139.8667,38.3219],[139.8666,38.322],[139.8665,38.3221],[139.8665,38.3222],[139.8665,38.3224],[139.8665,38.3227],[139.8664,38.3229],[139.8664,38.3229],[139.8664,38.323],[139.8662,38.323],[139.8659,38.3231],[139.8658,38.3232],[139.8658,38.3233],[139.8658,38.3235],[139.8659,38.3238],[139.8659,38.324],[139.8658,38.3242],[139.8658,38.3245],[139.8658,38.3246],[139.8657,38.3248],[139.8656,38.325],[139.8656,38.325],[139.8656,38.325],[139.8655,38.3252],[139.8654,38.3254],[139.8653,38.3255],[139.8653,38.3256],[139.8653,38.3258],[139.8652,38.3259],[139.865,38.3261],[139.8648,38.3263],[139.8647,38.3264],[139.8645,38.3267],[139.8643,38.3269],[139.8641,38.3269],[139.8637,38.327],[139.8633,38.327],[139.8629,38.327],[139.8627,38.3271],[139.8625,38.3273],[139.8624,38.3276],[139.8623,38.3278],[139.8622,38.328],[139.8621,38.3285],[139.862,38.3286],[139.8618,38.3287],[139.8616,38.3288],[139.8615,38.3289],[139.8613,38.329],[139.8607,38.3293],[139.8604,38.3294],[139.8602,38.3295],[139.8596,38.3297],[139.8593,38.3299],[139.8591,38.33],[139.8588,38.3301],[139.8587,38.3301],[139.8586,38.3303],[139.8584,38.3305],[139.8584,38.3305],[139.8583,38.3306],[139.8582,38.3307],[139.858,38.3308],[139.8578,38.331],[139.8576,38.3311],[139.8576,38.3312],[139.8574,38.3314],[139.8573,38.3315],[139.8571,38.3316],[139.857,38.3318],[139.857,38.332],[139.857,38.3321],[139.8569,38.3322],[139.8569,38.3322],[139.8569,38.3323],[139.8568,38.3324],[139.8564,38.3325],[139.8563,38.3326],[139.8561,38.3327],[139.8557,38.3328],[139.8554,38.3329],[139.8551,38.333],[139.8548,38.333],[139.8544,38.333],[139.8543,38.333],[139.8541,38.333],[139.8538,38.333],[139.8535,38.3329],[139.8532,38.3329],[139.853,38.3328],[139.8529,38.3328],[139.8527,38.3328],[139.8525,38.3329],[139.8525,38.333],[139.8525,38.3331],[139.8524,38.3332],[139.8524,38.3333],[139.8524,38.3333],[139.8524,38.3334],[139.8523,38.3334],[139.8522,38.3336],[139.8521,38.3337],[139.8519,38.3338],[139.8517,38.3339],[139.8514,38.334],[139.8512,38.3342],[139.8511,38.3344],[139.8508,38.3346],[139.8506,38.3348],[139.8504,38.3349],[139.8501,38.3351],[139.85,38.3352],[139.85,38.3352],[139.8499,38.3353],[139.8496,38.3354],[139.8494,38.3355],[139.8491,38.3356],[139.8489,38.3358],[139.8488,38.3359],[139.8486,38.3361],[139.8483,38.3363],[139.8482,38.3363],[139.8481,38.3364],[139.8477,38.3366],[139.8476,38.3367],[139.8475,38.3368],[139.8475,38.3371],[139.8475,38.3372],[139.8473,38.3374],[139.8472,38.3375],[139.8472,38.3376],[139.8472,38.3379],[139.8472,38.3381],[139.8472,38.3382],[139.8473,38.3383],[139.8475,38.3384],[139.8476,38.3385],[139.8476,38.3385],[139.8477,38.3386],[139.8478,38.3389],[139.8479,38.3391],[139.848,38.3392],[139.8481,38.3394],[139.8482,38.3397],[139.8482,38.3399],[139.8481,38.3402],[139.848,38.3403],[139.848,38.3404],[139.848,38.3407],[139.8479,38.341],[139.8479,38.3412],[139.848,38.3414],[139.8482,38.3416],[139.8482,38.3417],[139.8482,38.3417],[139.8484,38.3419],[139.8486,38.3422],[139.8487,38.3424],[139.8489,38.3426],[139.8489,38.3428],[139.8488,38.3428],[139.8486,38.3428],[139.8484,38.3428],[139.8481,38.3429],[139.8477,38.3429],[139.8474,38.343],[139.8471,38.3431],[139.8471,38.3431],[139.8469,38.3432],[139.8469,38.3432],[139.8468,38.3432],[139.8464,38.3432],[139.8462,38.3432],[139.846,38.3433],[139.8458,38.3433],[139.8457,38.3434],[139.8454,38.3434],[139.8446,38.3433],[139.8442,38.3433],[139.8439,38.3433],[139.8437,38.3433],[139.8436,38.3433],[139.8432,38.3432],[139.8428,38.3432],[139.8425,38.3432],[139.8418,38.3432],[139.8417,38.3432],[139.8417,38.3432],[139.8414,38.3432],[139.8411,38.3432],[139.8409,38.3432],[139.8407,38.3431],[139.8404,38.3431],[139.84,38.343],[139.8398,38.343],[139.8391,38.3428],[139.8387,38.3428],[139.8385,38.3428],[139.8382,38.3429],[139.8381,38.3429],[139.838,38.3431],[139.8379,38.3432],[139.8377,38.3434],[139.8375,38.3436],[139.8373,38.3438],[139.837,38.3439],[139.8369,38.3439],[139.8365,38.344],[139.8362,38.344],[139.8355,38.344],[139.8351,38.344],[139.8348,38.344],[139.8345,38.344],[139.8341,38.344],[139.8338,38.344],[139.8335,38.3441],[139.8333,38.3441],[139.8333,38.3441],[139.8333,38.3441],[139.8332,38.3441],[139.8328,38.3442],[139.8324,38.3442],[139.8321,38.3442],[139.8319,38.3442],[139.8317,38.3442],[139.8314,38.3442],[139.831,38.3443],[139.831,38.3443],[139.8307,38.3443],[139.8306,38.3443],[139.8304,38.3443],[139.8302,38.3442],[139.83,38.3442],[139.8296,38.3441],[139.8294,38.3442],[139.8292,38.3442],[139.8289,38.3443],[139.8286,38.3444],[139.8283,38.3445],[139.828,38.3446],[139.8277,38.3447],[139.8274,38.3449],[139.8272,38.345],[139.8271,38.3453],[139.8271,38.3456],[139.827,38.3457],[139.827,38.3459],[139.8268,38.3461],[139.8267,38.3463],[139.8267,38.3466],[139.8266,38.3469],[139.8264,38.3471],[139.8263,38.3473],[139.8263,38.3474],[139.8263,38.3476],[139.8263,38.3477],[139.8263,38.3479],[139.8262,38.3482],[139.8259,38.3485],[139.8258,38.3486],[139.8258,38.3487],[139.8256,38.3489],[139.8255,38.3492],[139.8255,38.3494],[139.8255,38.3496],[139.8255,38.3498],[139.8256,38.35],[139.8256,38.35],[139.8256,38.35],[139.8258,38.3502],[139.826,38.3505],[139.8257,38.3504],[139.8255,38.3503],[139.8252,38.3503],[139.825,38.3504],[139.825,38.3504],[139.8248,38.3504],[139.8248,38.3504],[139.8246,38.3504],[139.8242,38.3504],[139.824,38.3504],[139.8238,38.3505],[139.8235,38.3506],[139.8232,38.3508],[139.8231,38.3509],[139.8229,38.3511],[139.8226,38.3512],[139.8223,38.3513],[139.822,38.3514],[139.8217,38.3514],[139.8213,38.3515],[139.8209,38.3516],[139.8205,38.3517],[139.8202,38.3518],[139.82,38.3519],[139.8197,38.3521],[139.8195,38.3523],[139.819,38.3526],[139.8188,38.3529],[139.8186,38.3531],[139.8186,38.3532],[139.8185,38.3533],[139.8184,38.3534],[139.8183,38.3536],[139.8183,38.3538],[139.8182,38.3541],[139.8182,38.3542],[139.818,38.3543],[139.8179,38.3545],[139.8177,38.3547],[139.8175,38.355],[139.8174,38.3551],[139.8172,38.3552],[139.8171,38.3553],[139.8169,38.3556],[139.8167,38.3559],[139.8167,38.3559],[139.8167,38.3559],[139.8166,38.356],[139.8165,38.356],[139.8164,38.356],[139.8162,38.356],[139.816,38.3559],[139.8157,38.3558],[139.8154,38.3557],[139.8152,38.3557],[139.8151,38.3557],[139.8149,38.3557],[139.8147,38.3556],[139.8144,38.3556],[139.8141,38.3555],[139.8139,38.3554],[139.8137,38.3554],[139.8133,38.3554],[139.813,38.3554],[139.8127,38.3554],[139.8125,38.3555],[139.8124,38.3555],[139.8122,38.3556],[139.812,38.3556],[139.8117,38.3556],[139.8114,38.3557],[139.8112,38.3557],[139.8111,38.3557],[139.8108,38.3557],[139.8107,38.3557],[139.8103,38.3556],[139.8101,38.3556],[139.81,38.3555],[139.8099,38.3555],[139.8098,38.3555],[139.8096,38.3555],[139.8096,38.3555],[139.8094,38.3555],[139.809,38.3554],[139.8087,38.3553],[139.8084,38.3552],[139.8083,38.3552],[139.8083,38.3552],[139.8081,38.3551],[139.8078,38.355],[139.8075,38.3549],[139.8074,38.3548],[139.8068,38.3548],[139.8064,38.3548],[139.8061,38.3548],[139.806,38.3548],[139.8058,38.3547],[139.8056,38.3547],[139.8054,38.3546],[139.805,38.3548],[139.8048,38.3549],[139.8046,38.355],[139.8044,38.3552],[139.8043,38.3552],[139.8041,38.3552],[139.8038,38.3551],[139.8036,38.3551],[139.8033,38.3549],[139.803,38.3547],[139.8027,38.3545],[139.8024,38.3543],[139.8022,38.3541],[139.802,38.3539],[139.8018,38.3536],[139.8014,38.3536],[139.8013,38.3536],[139.801,38.3536],[139.8008,38.3536],[139.8007,38.3535],[139.8004,38.3533],[139.8003,38.3531],[139.8003,38.3531],[139.8002,38.353],[139.8,38.3527],[139.8,38.3527],[139.8,38.3527],[139.7999,38.3525],[139.7996,38.3524],[139.7993,38.3522],[139.7991,38.3521],[139.7989,38.3519],[139.7988,38.3518],[139.7985,38.3517],[139.7983,38.3516],[139.7982,38.3516],[139.7979,38.3515],[139.7974,38.3515],[139.7971,38.3514],[139.7968,38.3513],[139.7963,38.3512],[139.7962,38.3512],[139.7959,38.3511],[139.7959,38.3511],[139.7955,38.3511],[139.7952,38.351],[139.7949,38.3509],[139.7945,38.3507],[139.7942,38.3506],[139.794,38.3505],[139.7938,38.3504],[139.7936,38.3502],[139.7934,38.35],[139.7934,38.35],[139.7934,38.35],[139.7933,38.3499],[139.7931,38.3498],[139.793,38.3496],[139.7929,38.3496],[139.7926,38.3495],[139.7922,38.3495],[139.7919,38.3495],[139.7917,38.3494],[139.7917,38.3494],[139.7917,38.3494],[139.7915,38.3493],[139.7914,38.3491],[139.7912,38.3489],[139.7911,38.3489],[139.7908,38.3488],[139.7906,38.3488],[139.7904,38.3488],[139.79,38.3488],[139.7896,38.3487],[139.7896,38.3489],[139.7895,38.3491],[139.7894,38.3495],[139.7893,38.3498],[139.7892,38.35],[139.7892,38.35],[139.7892,38.35],[139.789,38.3505],[139.7889,38.3508],[139.7888,38.351],[139.7887,38.3511],[139.7886,38.3511],[139.7884,38.3512],[139.7881,38.3512],[139.7878,38.3513],[139.7876,38.3514],[139.7873,38.3514],[139.7871,38.3516],[139.7869,38.3517],[139.7866,38.3517],[139.7863,38.3518],[139.7859,38.352],[139.7857,38.3521],[139.7855,38.3523],[139.7854,38.3526],[139.7854,38.3528],[139.7852,38.3528],[139.785,38.3528],[139.7848,38.3528],[139.7844,38.3529],[139.7842,38.3529],[139.7839,38.353],[139.7837,38.353],[139.7834,38.353],[139.7834,38.3529],[139.7833,38.3529],[139.7831,38.3529],[139.7828,38.3528],[139.7824,38.3528],[139.7821,38.3528],[139.7817,38.3528],[139.7814,38.3528],[139.781,38.3529],[139.7807,38.3529],[139.7803,38.353],[139.78,38.353],[139.7798,38.3531],[139.7797,38.3531],[139.7793,38.3532],[139.7789,38.3533],[139.7787,38.3535],[139.7785,38.3538],[139.7783,38.3538],[139.7782,38.3538],[139.7779,38.3537],[139.7776,38.3536],[139.7774,38.3536],[139.7772,38.3535],[139.7771,38.3534],[139.7769,38.3533],[139.7766,38.3533],[139.7763,38.3533],[139.7761,38.3534],[139.7759,38.3534],[139.7756,38.3536],[139.7754,38.3538],[139.7751,38.3539],[139.775,38.354],[139.775,38.354],[139.7747,38.354],[139.7744,38.3539],[139.774,38.3539],[139.7737,38.3538],[139.7734,38.3538],[139.7731,38.3536],[139.7729,38.3536],[139.7728,38.3535],[139.7725,38.3535],[139.7721,38.3534],[139.7717,38.3533],[139.7715,38.3532],[139.7712,38.3531],[139.7708,38.3529],[139.7707,38.3529],[139.7706,38.3529],[139.7704,38.3531],[139.7702,38.3532],[139.7701,38.3534],[139.7697,38.354],[139.7695,38.3542],[139.7693,38.3544],[139.7692,38.3545],[139.7692,38.3545],[139.769,38.3546],[139.7688,38.3548],[139.7685,38.3549],[139.7682,38.355],[139.768,38.3551],[139.7678,38.3553],[139.7676,38.3554],[139.7673,38.3556],[139.7671,38.3557],[139.7668,38.3559],[139.7667,38.356],[139.7667,38.356],[139.7667,38.3561],[139.7666,38.3562],[139.7664,38.3564],[139.7664,38.3567],[139.7663,38.3568],[139.7663,38.357],[139.7664,38.3571],[139.7663,38.3573],[139.766,38.3575],[139.7658,38.3577],[139.7656,38.3579],[139.7654,38.3582],[139.7654,38.3582],[139.7653,38.3583],[139.7653,38.3583],[139.7653,38.3584],[139.7651,38.3586],[139.7649,38.3587],[139.7647,38.3588],[139.7645,38.3589],[139.7643,38.3591],[139.7641,38.3592],[139.7639,38.3593],[139.7637,38.3594],[139.7635,38.3596],[139.7632,38.3597],[139.7631,38.3598],[139.763,38.3599],[139.7628,38.3599],[139.7628,38.36],[139.7627,38.3602],[139.7625,38.3603],[139.7623,38.3605],[139.7621,38.3607],[139.7616,38.3611],[139.7615,38.3611],[139.7612,38.3611],[139.7609,38.3611],[139.7607,38.3611],[139.7605,38.3611],[139.7602,38.361],[139.7598,38.3609],[139.7595,38.3609],[139.7593,38.3608],[139.7592,38.3608],[139.759,38.3607],[139.7588,38.3606],[139.7584,38.3606],[139.7583,38.3605],[139.7583,38.3605],[139.7581,38.3605],[139.7581,38.3605],[139.7577,38.3604],[139.7574,38.3602],[139.7571,38.3601],[139.7569,38.36],[139.7561,38.3599],[139.7561,38.3599],[139.7557,38.3598],[139.7554,38.3597],[139.7551,38.3597],[139.7547,38.3597],[139.7543,38.3598],[139.7541,38.3599],[139.7539,38.3599],[139.7537,38.3599],[139.7535,38.3599],[139.7533,38.3598],[139.753,38.3596],[139.7528,38.3594],[139.7525,38.3591],[139.7524,38.359],[139.7523,38.359],[139.7519,38.359],[139.7517,38.3591],[139.7509,38.3592],[139.7507,38.3593],[139.7506,38.3593],[139.7503,38.3594],[139.7501,38.3594],[139.75,38.3595],[139.75,38.3595],[139.7498,38.3595],[139.7497,38.3597],[139.7495,38.3599],[139.7493,38.36],[139.7491,38.3602],[139.7488,38.3605],[139.7486,38.3606],[139.7484,38.3608],[139.7478,38.3611],[139.7475,38.3612],[139.7471,38.3615],[139.7468,38.3616],[139.7467,38.3617],[139.7465,38.3618],[139.7462,38.3619],[139.746,38.3621],[139.7459,38.3622],[139.7457,38.3624],[139.7455,38.3627],[139.7452,38.3629],[139.745,38.3632],[139.7448,38.3634],[139.7446,38.3638],[139.7444,38.364],[139.7442,38.3643],[139.744,38.3644],[139.7439,38.3645],[139.7438,38.3646],[139.7436,38.3647],[139.7434,38.3647],[139.7429,38.3647],[139.7429,38.3647],[139.7426,38.3647],[139.7421,38.3647],[139.7417,38.3647],[139.7417,38.3647],[139.7417,38.3647],[139.7413,38.3648],[139.741,38.3649],[139.7407,38.365],[139.7405,38.3651],[139.7403,38.3653],[139.7402,38.3655],[139.7402,38.3655],[139.7401,38.3658],[139.74,38.366],[139.7399,38.3664],[139.7398,38.3667],[139.7398,38.3667],[139.7398,38.3667],[139.7397,38.3669],[139.7395,38.367],[139.7394,38.3672],[139.7391,38.3673],[139.7389,38.3674],[139.7386,38.3676],[139.7384,38.3677],[139.7382,38.3678],[139.7379,38.3679],[139.7376,38.3681],[139.7374,38.3682],[139.7373,38.3683],[139.737,38.3685],[139.7368,38.3687],[139.7366,38.3689],[139.7364,38.369],[139.7362,38.3692],[139.736,38.3694],[139.7358,38.3696],[139.7355,38.3697],[139.7353,38.3698],[139.7351,38.3699],[139.735,38.37],[139.7349,38.3701],[139.7348,38.3703],[139.7347,38.3705],[139.7347,38.3708],[139.7347,38.371],[139.7346,38.3713],[139.7343,38.3713],[139.7338,38.3714],[139.7335,38.3714],[139.7333,38.3714],[139.7333,38.3714],[139.7333,38.3714],[139.733,38.3714],[139.7329,38.3714],[139.7326,38.3715],[139.7325,38.3716],[139.7324,38.3716],[139.7321,38.3718],[139.7321,38.372],[139.732,38.3722],[139.732,38.3724],[139.7319,38.3726],[139.7318,38.3728],[139.7316,38.3731],[139.7315,38.3732],[139.7314,38.3734],[139.7312,38.3737],[139.731,38.3739],[139.7308,38.374],[139.7305,38.3743],[139.7305,38.3744],[139.7303,38.3746],[139.7303,38.3748],[139.7302,38.375],[139.7302,38.375],[139.7302,38.375],[139.73,38.3755],[139.7299,38.3757],[139.7299,38.3759],[139.7298,38.3761],[139.7296,38.3763],[139.7294,38.3765],[139.7291,38.3767],[139.7289,38.3768],[139.7288,38.377],[139.7288,38.3772],[139.7288,38.3775],[139.7289,38.3777],[139.729,38.3779],[139.7292,38.3781],[139.7292,38.3783],[139.7293,38.3785],[139.7293,38.379],[139.7301,38.3801],[139.7311,38.3814],[139.731,38.3816],[139.7306,38.382],[139.7305,38.3822],[139.7303,38.3823],[139.73,38.3825],[139.7298,38.3827],[139.7296,38.3829],[139.7295,38.3831],[139.7294,38.3833],[139.7294,38.3833],[139.7294,38.3833],[139.7294,38.3835],[139.7294,38.3837],[139.7294,38.3838],[139.7294,38.384],[139.7294,38.3841],[139.7294,38.3841],[139.7294,38.3843],[139.7294,38.3844],[139.7293,38.3845],[139.7291,38.3846],[139.7288,38.3847],[139.7285,38.3848],[139.7282,38.385],[139.728,38.3851],[139.7279,38.3853],[139.7277,38.3855],[139.7275,38.3857],[139.7274,38.3859],[139.7273,38.3861],[139.727,38.3865],[139.7269,38.3867],[139.7265,38.387],[139.7264,38.3871],[139.7264,38.3872],[139.7262,38.3874],[139.7262,38.3875],[139.7261,38.3877],[139.7258,38.3882],[139.7257,38.3884],[139.7256,38.3886],[139.7255,38.3887],[139.7254,38.3889],[139.7254,38.389],[139.7255,38.3892],[139.7255,38.3894],[139.7257,38.3895],[139.7258,38.3898],[139.7259,38.39],[139.7259,38.3902],[139.7259,38.3904],[139.7259,38.3906],[139.7258,38.3909],[139.7257,38.3911],[139.7257,38.3913],[139.7258,38.3916],[139.7256,38.3917],[139.7255,38.3917],[139.7255,38.3917],[139.7255,38.3917],[139.7253,38.3917],[139.725,38.3918],[139.725,38.3918],[139.725,38.3918],[139.7247,38.3919],[139.7244,38.392],[139.7242,38.3921],[139.7239,38.3922],[139.7237,38.3923],[139.7236,38.3924],[139.7235,38.3926],[139.7234,38.3928],[139.7233,38.393],[139.723,38.3935],[139.7229,38.3936],[139.7226,38.3938],[139.7225,38.3939],[139.7224,38.394],[139.7221,38.394],[139.7218,38.3941],[139.7215,38.3941],[139.7213,38.394],[139.7211,38.3939],[139.721,38.3937],[139.7209,38.3936],[139.7207,38.3934],[139.7202,38.393],[139.72,38.3929],[139.7197,38.3928],[139.7195,38.3926],[139.7192,38.3924],[139.719,38.3922],[139.7189,38.392],[139.7188,38.3919],[139.7186,38.3918],[139.7183,38.3917],[139.7181,38.3917],[139.7181,38.3917],[139.718,38.3916],[139.7177,38.3915],[139.7174,38.3914],[139.7173,38.3913],[139.7171,38.3912],[139.717,38.391],[139.7168,38.3908],[139.7167,38.3905],[139.7167,38.3904],[139.7166,38.3904],[139.7164,38.3901],[139.7162,38.39],[139.7157,38.3896],[139.7155,38.3895],[139.7153,38.3894],[139.7151,38.3892],[139.7147,38.389],[139.7146,38.3888],[139.7144,38.3887],[139.7142,38.3885],[139.714,38.3883],[139.714,38.3882],[139.7139,38.3881],[139.7137,38.3879],[139.7134,38.3878],[139.713,38.3876],[139.7129,38.3875],[139.7127,38.3874],[139.7125,38.3871],[139.7123,38.3869],[139.7121,38.3868],[139.7119,38.3868],[139.7112,38.3866],[139.7109,38.3865],[139.7107,38.3865],[139.7103,38.3865],[139.71,38.3866],[139.7098,38.3868],[139.7096,38.387],[139.7096,38.3872],[139.7095,38.3875],[139.7083,38.3887],[139.7083,38.3888],[139.7064,38.3907],[139.706,38.3914],[139.7059,38.3917],[139.7059,38.3917],[139.7057,38.392],[139.7055,38.3923],[139.7053,38.3926],[139.7052,38.3929],[139.7051,38.3932],[139.7049,38.3934],[139.7048,38.3936],[139.7047,38.3937],[139.7047,38.3939],[139.7047,38.3941],[139.7047,38.3943],[139.7046,38.3945],[139.7046,38.3945],[139.7045,38.3946],[139.7044,38.3948],[139.7043,38.395],[139.7043,38.3952],[139.7044,38.3954],[139.7045,38.3956],[139.7047,38.3958],[139.7049,38.3961],[139.7048,38.3963],[139.7048,38.3965],[139.7047,38.3967],[139.7045,38.3968],[139.7043,38.3969],[139.7041,38.397],[139.704,38.3972],[139.7038,38.3974],[139.7038,38.3976],[139.7036,38.3979],[139.7036,38.3982],[139.7035,38.3985],[139.7035,38.3985],[139.7035,38.3988],[139.7035,38.3992],[139.7034,38.3997],[139.7034,38.4],[139.7034,38.4],[139.7034,38.4002],[139.7035,38.4005],[139.7036,38.4008],[139.7037,38.401],[139.7038,38.4012],[139.704,38.4014],[139.704,38.4016],[139.7041,38.4017],[139.704,38.402],[139.704,38.4022],[139.704,38.4026],[139.704,38.4028],[139.704,38.4029],[139.7041,38.4031],[139.7041,38.4035],[139.7041,38.4038],[139.7042,38.404],[139.7042,38.4044],[139.7043,38.4045],[139.7043,38.4047],[139.7045,38.4049],[139.7045,38.405],[139.7046,38.4052],[139.7048,38.4056],[139.7048,38.4057],[139.7049,38.4059],[139.705,38.4061],[139.7052,38.4064],[139.7053,38.4067],[139.7053,38.4068],[139.7054,38.407],[139.7055,38.4072],[139.7056,38.4073],[139.7058,38.4075],[139.7059,38.4076],[139.7061,38.4077],[139.7064,38.4079],[139.7067,38.408],[139.707,38.4081],[139.7073,38.4083],[139.7073,38.4083],[139.7074,38.4084],[139.7076,38.4085],[139.7078,38.4086],[139.7083,38.409],[139.7083,38.409],[139.7083,38.409],[139.7085,38.4091],[139.7087,38.4092],[139.7089,38.4095],[139.7091,38.4096],[139.7092,38.4098],[139.7093,38.41],[139.7095,38.4102],[139.7096,38.4104],[139.7098,38.4106],[139.71,38.4107],[139.7102,38.411],[139.7105,38.4114],[139.7108,38.4116],[139.7111,38.4119],[139.7113,38.412],[139.7114,38.4121],[139.7116,38.4121],[139.7118,38.4124],[139.712,38.4125],[139.712,38.4127],[139.712,38.413],[139.7119,38.4132],[139.7119,38.4134],[139.7119,38.4137],[139.7119,38.4138],[139.7121,38.4141],[139.7123,38.4143],[139.7124,38.4145],[139.7124,38.4148],[139.7124,38.415],[139.7125,38.4151],[139.7126,38.4152],[139.7128,38.4153],[139.7129,38.4154],[139.7131,38.4156],[139.7132,38.416],[139.7134,38.4162],[139.7135,38.4164],[139.7135,38.4165],[139.7135,38.4167],[139.7135,38.4167],[139.7136,38.4167],[139.7137,38.4169],[139.7139,38.4169],[139.7141,38.417],[139.7141,38.417],[139.7142,38.4171],[139.7143,38.4173],[139.7143,38.4175],[139.7144,38.4176],[139.7144,38.4178],[139.7145,38.418],[139.7146,38.4182],[139.7147,38.4183],[139.715,38.4184],[139.7152,38.4184],[139.7153,38.4185],[139.7154,38.4187],[139.7155,38.4189],[139.7154,38.4191],[139.7151,38.4192],[139.7151,38.4194],[139.715,38.4196],[139.715,38.4197],[139.715,38.4199],[139.7152,38.4202],[139.7156,38.4206],[139.7158,38.4207],[139.7166,38.4209],[139.7167,38.4209],[139.7167,38.4209],[139.7169,38.4209],[139.717,38.421],[139.7171,38.4211],[139.7172,38.4213],[139.7172,38.4217],[139.7173,38.4219],[139.7172,38.4221],[139.7171,38.4224],[139.7169,38.4227],[139.7167,38.4229],[139.7167,38.423],[139.7169,38.4232],[139.7172,38.4236],[139.7173,38.4237],[139.7175,38.4239],[139.7177,38.4242],[139.7178,38.4244],[139.7179,38.4247],[139.718,38.425],[139.718,38.425],[139.7181,38.4252],[139.7181,38.4253],[139.718,38.4255],[139.7178,38.4257],[139.7178,38.4259],[139.7178,38.4261],[139.7179,38.4263],[139.718,38.4265],[139.7182,38.4267],[139.7183,38.4269],[139.7183,38.427],[139.7184,38.4272],[139.7183,38.4276],[139.7183,38.4279],[139.7182,38.4282],[139.7183,38.4282],[139.7185,38.4284],[139.7186,38.4286],[139.7186,38.4289],[139.7186,38.429],[139.7186,38.4292],[139.7183,38.4296],[139.7182,38.4299],[139.718,38.4302],[139.7178,38.4303],[139.7176,38.4304],[139.7174,38.4305],[139.7173,38.4306],[139.7171,38.4308],[139.717,38.431],[139.7168,38.4314],[139.7167,38.4317],[139.7167,38.4318],[139.7166,38.4318],[139.7165,38.4321],[139.7165,38.4323],[139.7166,38.4326],[139.7167,38.4326],[139.7167,38.4327],[139.7168,38.4328],[139.7168,38.433],[139.7168,38.4331],[139.7168,38.4333],[139.7168,38.4333],[139.7168,38.4335],[139.7168,38.4337],[139.7167,38.4337],[139.7167,38.4337],[139.7166,38.4338],[139.7165,38.4339],[139.7164,38.434],[139.7165,38.4342],[139.7166,38.4344],[139.7167,38.4345],[139.7167,38.4345],[139.7169,38.4346],[139.717,38.4347],[139.717,38.4348],[139.7169,38.435],[139.7169,38.435],[139.7168,38.4353],[139.7169,38.4356],[139.7172,38.4359],[139.7177,38.4363],[139.7179,38.4365],[139.718,38.4369],[139.7182,38.4374],[139.7184,38.4379],[139.7184,38.4382],[139.7184,38.4384],[139.7183,38.4385],[139.7181,38.4387],[139.718,38.4389],[139.7179,38.4391],[139.7179,38.4394],[139.7178,38.4397],[139.718,38.4402],[139.7181,38.4407],[139.7182,38.441],[139.718,38.4417],[139.718,38.4417],[139.718,38.4418],[139.7179,38.4425],[139.718,38.443],[139.718,38.4434],[139.718,38.4436],[139.718,38.444],[139.7183,38.4447],[139.7184,38.4449],[139.7185,38.4453],[139.7184,38.4454],[139.7182,38.4456],[139.718,38.446],[139.7178,38.4467],[139.7177,38.447],[139.7177,38.4472],[139.7178,38.4477],[139.718,38.4481],[139.7182,38.4483],[139.7183,38.4485],[139.7185,38.4487],[139.7188,38.4489],[139.7189,38.4491],[139.7191,38.4495],[139.7192,38.4499],[139.7193,38.45],[139.7193,38.45],[139.7195,38.4502],[139.7199,38.4506],[139.7201,38.4507],[139.72,38.451],[139.7199,38.4512],[139.7198,38.4514],[139.7196,38.4515],[139.7193,38.4518],[139.7187,38.4524],[139.7185,38.4525],[139.7184,38.4526],[139.7182,38.4532],[139.7179,38.4536],[139.7177,38.4538],[139.7176,38.454],[139.7175,38.4542],[139.7175,38.4544],[139.7176,38.4546],[139.7177,38.4548],[139.7177,38.455],[139.7177,38.4552],[139.7177,38.4558],[139.7174,38.4566],[139.7173,38.457],[139.7172,38.4573],[139.717,38.4574],[139.7167,38.4576],[139.7167,38.4576],[139.7167,38.4576],[139.7165,38.4577],[139.7161,38.4578],[139.7159,38.4579],[139.7156,38.4581],[139.7155,38.4583],[139.7155,38.4583],[139.7155,38.4584],[139.7154,38.4587],[139.7154,38.4588],[139.7153,38.4591],[139.7151,38.4594],[139.7151,38.4596],[139.7153,38.4599],[139.7154,38.4602],[139.7153,38.4605],[139.7153,38.4607],[139.7153,38.4609],[139.7153,38.4611],[139.7153,38.4615],[139.7154,38.4622],[139.7155,38.4623],[139.7154,38.4625],[139.7152,38.4627],[139.7151,38.463],[139.715,38.4632],[139.7151,38.4635],[139.7151,38.4636],[139.7152,38.4638],[139.7156,38.4642],[139.7159,38.4644],[139.7162,38.4646],[139.7167,38.4649],[139.7167,38.4649],[139.7168,38.465],[139.7171,38.4652],[139.7176,38.4654],[139.7182,38.4656],[139.719,38.4662],[139.7191,38.4662],[139.7189,38.4663],[139.7187,38.4665],[139.7179,38.4666],[139.7178,38.4667],[139.7178,38.4667],[139.7174,38.4668],[139.7169,38.467],[139.7167,38.467],[139.7167,38.467],[139.7163,38.4671],[139.716,38.4672],[139.7157,38.4673],[139.7154,38.4675],[139.7152,38.4677],[139.7148,38.4681],[139.7145,38.4685],[139.7144,38.4686],[139.7144,38.4687],[139.7144,38.469],[139.7142,38.4692],[139.7138,38.4694],[139.7136,38.4695],[139.7134,38.4696],[139.7132,38.47],[139.7131,38.4703],[139.7131,38.4706],[139.7131,38.4708],[139.713,38.4711],[139.7129,38.4713],[139.7126,38.4714],[139.7121,38.4717],[139.712,38.4717],[139.7121,38.4722],[139.7121,38.4723],[139.7122,38.4725],[139.7122,38.473],[139.7123,38.4736],[139.7122,38.474],[139.7121,38.4746],[139.7121,38.475],[139.7121,38.475],[139.7121,38.4752],[139.7122,38.4755],[139.7122,38.4757],[139.7121,38.4759],[139.7118,38.4763],[139.7116,38.4764],[139.7114,38.4767],[139.7114,38.4768],[139.7115,38.477],[139.7116,38.4773],[139.7118,38.4774],[139.712,38.4777],[139.7121,38.4781],[139.7122,38.4785],[139.7122,38.479],[139.7123,38.4792],[139.7124,38.4794],[139.7125,38.4795],[139.7127,38.4796],[139.713,38.4796],[139.7133,38.4797],[139.7134,38.4796],[139.7138,38.4794],[139.714,38.4793],[139.714,38.4792],[139.7145,38.479],[139.7149,38.4788],[139.7152,38.4788],[139.7156,38.4789],[139.716,38.479],[139.7163,38.4792],[139.7166,38.4796],[139.7167,38.4796],[139.7167,38.4796],[139.7168,38.4797],[139.7172,38.4799],[139.7175,38.4801],[139.7177,38.4804],[139.7181,38.4809],[139.7184,38.4812],[139.7186,38.4815],[139.7191,38.4818],[139.7193,38.4821],[139.7195,38.4823],[139.7198,38.4824],[139.7203,38.4825],[139.7206,38.4826],[139.7208,38.4827],[139.7209,38.4829],[139.7211,38.4833],[139.7211,38.4833],[139.7211,38.4833],[139.7212,38.4835],[139.7214,38.4836],[139.7216,38.4836],[139.7219,38.4837],[139.7221,38.4837],[139.7222,38.4837],[139.7227,38.4837],[139.7229,38.4838],[139.7231,38.4839],[139.7236,38.4842],[139.7244,38.4845],[139.7246,38.4846],[139.7248,38.4848],[139.725,38.4851],[139.725,38.4851],[139.725,38.4851],[139.7251,38.4852],[139.7252,38.4855],[139.7252,38.4857],[139.7253,38.4858],[139.7257,38.4864],[139.7258,38.4866],[139.7258,38.4868],[139.7256,38.4871],[139.7254,38.4873],[139.7253,38.4874],[139.7253,38.4875],[139.7253,38.4877],[139.7252,38.4879],[139.725,38.488],[139.725,38.4881],[139.725,38.4881],[139.7249,38.4882],[139.725,38.4883],[139.725,38.4883],[139.725,38.4883],[139.7253,38.4886],[139.7253,38.4888],[139.7253,38.4891],[139.7252,38.4892],[139.725,38.4894],[139.725,38.4894],[139.7249,38.4895],[139.7248,38.4897],[139.7247,38.49],[139.7247,38.4902],[139.7246,38.4903],[139.7244,38.4904],[139.7243,38.4905],[139.7239,38.4907],[139.7235,38.4911],[139.7233,38.4912],[139.7231,38.4914],[139.7229,38.4915],[139.7226,38.4916],[139.7224,38.4917],[139.7224,38.4917],[139.7222,38.4917],[139.7219,38.4918],[139.7218,38.4919],[139.7215,38.492],[139.7208,38.4922],[139.7207,38.4924],[139.7206,38.4927],[139.7204,38.4932],[139.7203,38.4934],[139.7203,38.4935],[139.7205,38.4941],[139.7208,38.4947],[139.7208,38.4949],[139.7209,38.4951],[139.7212,38.4956],[139.7213,38.4958],[139.7216,38.496],[139.7218,38.4961],[139.7218,38.4962],[139.7218,38.4962],[139.7213,38.4962],[139.7207,38.4963],[139.7198,38.4967],[139.7191,38.497],[139.7187,38.497],[139.7183,38.4971],[139.7182,38.4972],[139.7179,38.4974],[139.7175,38.4979],[139.7174,38.4981],[139.7173,38.4982],[139.7171,38.4982],[139.7167,38.4982],[139.7167,38.4982],[139.7166,38.4982],[139.7159,38.4982],[139.7156,38.4982],[139.7152,38.4981],[139.7151,38.4981],[139.7149,38.498],[139.7147,38.498],[139.7141,38.4982],[139.7135,38.4984],[139.7127,38.4987],[139.712,38.4989],[139.7119,38.499],[139.7118,38.499],[139.7112,38.4991],[139.7107,38.4993],[139.7102,38.4995],[139.7099,38.4995],[139.7095,38.4995],[139.7085,38.4996],[139.7083,38.4996],[139.7083,38.4996],[139.7076,38.4996],[139.707,38.4998],[139.7066,38.4998],[139.7065,38.4998],[139.7062,38.4998],[139.7058,38.4996],[139.7054,38.4993],[139.7051,38.4992],[139.7042,38.4992],[139.7038,38.4992],[139.7036,38.4993],[139.7032,38.4993],[139.7029,38.4992],[139.7027,38.4991],[139.7025,38.4992],[139.7024,38.4992],[139.7023,38.4994],[139.7022,38.4995],[139.7021,38.5],[139.7021,38.5],[139.7021,38.5],[139.7021,38.5],[139.7021,38.5002],[139.7019,38.5006],[139.7018,38.5009],[139.7018,38.5011],[139.7016,38.5016],[139.7015,38.5018],[139.7013,38.502],[139.7012,38.5021],[139.7011,38.5023],[139.7011,38.5024],[139.701,38.5026],[139.7009,38.5029],[139.7003,38.5034],[139.7001,38.5034],[139.7,38.5034],[139.7,38.5034],[139.699,38.5031],[139.6982,38.5031],[139.6974,38.5033],[139.6959,38.5039],[139.6954,38.5044],[139.6946,38.5055],[139.6936,38.5063],[139.6934,38.5066],[139.6932,38.5068],[139.6929,38.5068],[139.6921,38.5067],[139.6917,38.5067],[139.6917,38.5067],[139.6917,38.5067],[139.6909,38.5067],[139.6898,38.5064],[139.6893,38.5064],[139.6882,38.5063],[139.6874,38.506],[139.6869,38.5061],[139.6867,38.506],[139.686,38.5057],[139.6856,38.5057],[139.6848,38.5058],[139.6844,38.5057],[139.6833,38.5052],[139.6833,38.5052],[139.6833,38.5052],[139.6832,38.5051],[139.6829,38.505],[139.6826,38.505],[139.6821,38.5052],[139.682,38.5053],[139.6817,38.5052],[139.6816,38.5052],[139.6809,38.505],[139.6805,38.505],[139.6796,38.5052],[139.6791,38.5052],[139.6786,38.5053],[139.6779,38.5052],[139.6772,38.5053],[139.6761,38.5055],[139.6753,38.506],[139.675,38.5063],[139.675,38.5063],[139.6748,38.5065],[139.6746,38.5065],[139.6728,38.5066],[139.6721,38.5066],[139.6712,38.5066],[139.6708,38.5066],[139.6695,38.5065],[139.6691,38.5066],[139.6687,38.5068],[139.6684,38.5069],[139.6677,38.5067],[139.6671,38.5065],[139.6667,38.5066],[139.6667,38.5066],[139.6665,38.5066],[139.6655,38.5072],[139.6649,38.5081],[139.6644,38.5083],[139.6644,38.5083],[139.6642,38.5084],[139.6637,38.5085],[139.6631,38.5083],[139.6631,38.5083],[139.6629,38.5083],[139.6627,38.5083],[139.6627,38.5083],[139.6624,38.5084],[139.662,38.5085],[139.6617,38.5083],[139.6616,38.5083],[139.6615,38.5083],[139.6614,38.5082],[139.6609,38.5081],[139.6604,38.5081],[139.6598,38.5078],[139.6593,38.5074],[139.6591,38.5073],[139.6588,38.5074],[139.6583,38.5076],[139.6583,38.5076],[139.658,38.5077],[139.6569,38.5079],[139.6566,38.508],[139.6562,38.5082],[139.6559,38.5082],[139.6557,38.5081],[139.6555,38.5078],[139.6544,38.5075],[139.654,38.5072],[139.6536,38.507],[139.6531,38.507],[139.6531,38.507],[139.6518,38.5075],[139.6515,38.5076],[139.6509,38.5078],[139.6503,38.5078],[139.65,38.5079],[139.65,38.5079],[139.6497,38.508],[139.6495,38.5083],[139.6495,38.5083],[139.6487,38.5094],[139.6482,38.5098],[139.6476,38.5102],[139.6474,38.5106],[139.6461,38.5104],[139.6456,38.5104],[139.6441,38.5105],[139.6435,38.5105],[139.6422,38.5107],[139.6417,38.5107],[139.6417,38.5107],[139.6405,38.5108],[139.6392,38.5111],[139.6384,38.5114],[139.6382,38.5114],[139.6378,38.5114],[139.6376,38.5116],[139.6375,38.5122],[139.6371,38.5126],[139.636,38.5131],[139.636,38.5132],[139.636,38.5136],[139.6369,38.5157],[139.6367,38.5158],[139.6359,38.5163],[139.6357,38.5167],[139.6357,38.5167],[139.6357,38.5167],[139.6352,38.5171],[139.6347,38.5173],[139.6345,38.5175],[139.6341,38.518],[139.6338,38.5182],[139.6333,38.5183],[139.6333,38.5183],[139.6327,38.5185],[139.6324,38.5187],[139.6323,38.519],[139.6323,38.5195],[139.632,38.5201],[139.6318,38.5205],[139.6314,38.5218],[139.6313,38.522],[139.6311,38.5221],[139.6309,38.5222],[139.6304,38.5223],[139.6303,38.5223],[139.6289,38.5224],[139.6287,38.5224],[139.6276,38.5222],[139.6269,38.5221],[139.6262,38.5223],[139.6254,38.5227],[139.625,38.5231],[139.625,38.5231],[139.625,38.5231],[139.6248,38.5232],[139.6244,38.5232],[139.6236,38.5232],[139.6232,38.5233],[139.6227,38.5238],[139.6226,38.5238],[139.6222,38.524],[139.6221,38.524],[139.6219,38.5245],[139.6218,38.525],[139.6218,38.525],[139.6217,38.5254],[139.6214,38.5255],[139.6212,38.5256],[139.6209,38.5256],[139.6202,38.5256],[139.6188,38.5259],[139.6181,38.526],[139.6178,38.5261],[139.6176,38.5261],[139.6172,38.5261],[139.6167,38.526],[139.6167,38.526],[139.6167,38.526],[139.6164,38.5259],[139.6158,38.5258],[139.6155,38.5258],[139.6152,38.5258],[139.6147,38.526],[139.6142,38.5261],[139.614,38.5262],[139.6139,38.5263],[139.6138,38.5262],[139.6129,38.5251],[139.6128,38.525],[139.6128,38.525],[139.6127,38.5249],[139.6122,38.5245],[139.6119,38.5244],[139.6116,38.5241],[139.6114,38.524],[139.6112,38.524],[139.6108,38.524],[139.6106,38.524],[139.6105,38.524],[139.6102,38.524],[139.6098,38.524],[139.6097,38.5239],[139.6095,38.524],[139.6094,38.524],[139.6085,38.5249],[139.6083,38.5249],[139.6083,38.5249],[139.6083,38.5249],[139.6081,38.525],[139.608,38.5249],[139.6071,38.5245],[139.6067,38.5243],[139.6065,38.5243],[139.6059,38.524],[139.6057,38.5239],[139.6055,38.5236],[139.6054,38.5235],[139.6053,38.5235],[139.605,38.5235],[139.605,38.5235],[139.6043,38.5236],[139.6041,38.5236],[139.6038,38.5235],[139.6032,38.5231],[139.6029,38.523],[139.6026,38.523],[139.6016,38.5225],[139.6015,38.5224],[139.6007,38.5224],[139.6004,38.5223],[139.6003,38.5222],[139.6,38.522],[139.6,38.522],[139.6,38.522],[139.5998,38.5221],[139.5994,38.5222],[139.5992,38.5225],[139.5987,38.523],[139.5987,38.5232],[139.5986,38.5234],[139.5976,38.5241],[139.5975,38.5242],[139.5975,38.5244],[139.5975,38.5247],[139.5973,38.5249],[139.5971,38.525],[139.5971,38.525],[139.5971,38.525],[139.5971,38.525],[139.5969,38.5251],[139.5958,38.5253],[139.5957,38.5254],[139.5956,38.5257],[139.5956,38.5265],[139.5955,38.5268],[139.5952,38.5271],[139.5949,38.5273],[139.5938,38.5279],[139.5931,38.5283],[139.5929,38.5285],[139.5928,38.5286],[139.5926,38.5287],[139.5917,38.5287],[139.5917,38.5287],[139.5917,38.5287],[139.5913,38.5288],[139.591,38.5288],[139.5905,38.5291],[139.5895,38.5298],[139.589,38.5301],[139.5884,38.5304],[139.5881,38.5305],[139.588,38.5307],[139.588,38.531],[139.5881,38.5314],[139.588,38.5317],[139.5879,38.5318],[139.5867,38.5325],[139.5862,38.5326],[139.5859,38.5327],[139.5858,38.5329],[139.5857,38.533],[139.5855,38.533],[139.5853,38.5329],[139.5845,38.5325],[139.5843,38.5324],[139.5838,38.5327],[139.5836,38.5327],[139.5833,38.5326],[139.5833,38.5326],[139.5828,38.5325],[139.5827,38.5325],[139.5824,38.5326],[139.5817,38.533],[139.5815,38.5331],[139.5815,38.5332],[139.5815,38.5333],[139.5815,38.5333],[139.5816,38.5339],[139.5816,38.5343],[139.5815,38.5348],[139.5813,38.5353],[139.5809,38.536],[139.5804,38.5365],[139.5798,38.5368],[139.5796,38.5368],[139.579,38.5369],[139.5789,38.537],[139.5789,38.5371],[139.5791,38.5374],[139.5791,38.5375],[139.5789,38.5377],[139.5787,38.538],[139.5784,38.5381],[139.5782,38.5383],[139.578,38.5384],[139.5779,38.5389],[139.5778,38.5391],[139.5774,38.5395],[139.5773,38.5396],[139.5771,38.5396],[139.5767,38.5395],[139.5756,38.5389],[139.5755,38.5389],[139.5754,38.5388],[139.5751,38.5388],[139.575,38.5389],[139.575,38.5389],[139.5745,38.539],[139.5742,38.5391],[139.5734,38.539],[139.5731,38.5391],[139.5729,38.5391],[139.5722,38.5387],[139.5721,38.5387],[139.5718,38.5385],[139.5713,38.5385],[139.571,38.5385],[139.5706,38.5386],[139.5701,38.5389],[139.5697,38.539],[139.5695,38.5391],[139.5694,38.5395],[139.5693,38.5397],[139.5689,38.5399],[139.5684,38.5404],[139.5683,38.5405],[139.5679,38.5407],[139.5673,38.541],[139.5671,38.5411],[139.5671,38.5413],[139.567,38.5414],[139.5669,38.5415],[139.5667,38.5416],[139.5667,38.5416],[139.5666,38.5416],[139.5665,38.5417],[139.5665,38.5417],[139.5665,38.5417],[139.5661,38.5419],[139.5653,38.5424],[139.5651,38.5426],[139.5646,38.5432],[139.5644,38.5434],[139.5643,38.5435],[139.5642,38.5435],[139.564,38.5435],[139.5637,38.5434],[139.5634,38.5432],[139.5627,38.5427],[139.5626,38.5427],[139.5624,38.5428],[139.5621,38.5429],[139.5618,38.5429],[139.5616,38.5429],[139.5612,38.5428],[139.561,38.5428],[139.5607,38.5429],[139.5606,38.5429],[139.5604,38.5431],[139.5603,38.5433],[139.5602,38.5434],[139.5601,38.5435],[139.5596,38.5436],[139.5594,38.5436],[139.5594,38.5437],[139.5595,38.5448],[139.5595,38.545],[139.5594,38.5451],[139.5591,38.5452],[139.5591,38.5452],[139.5588,38.5452],[139.5583,38.5453],[139.5583,38.5453],[139.5583,38.5454],[139.5581,38.5454],[139.5579,38.5453],[139.5576,38.5452],[139.5566,38.5452],[139.5566,38.5453],[139.5566,38.5454],[139.5568,38.546],[139.5568,38.5475],[139.5565,38.5483],[139.5564,38.5483],[139.5563,38.5483],[139.5562,38.5482],[139.5555,38.5479],[139.5552,38.5478],[139.5546,38.5474],[139.5545,38.5475],[139.5544,38.5475],[139.5543,38.5477],[139.5541,38.5478],[139.5539,38.5478],[139.553,38.5476],[139.5526,38.5476],[139.5523,38.5477],[139.5523,38.5477],[139.5522,38.5478],[139.5521,38.548],[139.5522,38.5481],[139.5524,38.5485],[139.5526,38.5488],[139.5527,38.5491],[139.5527,38.5492],[139.5526,38.5494],[139.5524,38.5495],[139.5521,38.5496],[139.5517,38.5497],[139.5516,38.5497],[139.5516,38.55],[139.5516,38.55],[139.5516,38.55],[139.5517,38.5501],[139.5519,38.5503],[139.552,38.5504],[139.5519,38.5505],[139.5519,38.5505],[139.5515,38.5509],[139.5514,38.5511],[139.5515,38.5517],[139.5513,38.552],[139.5511,38.5522],[139.5506,38.5526],[139.5503,38.553],[139.55,38.5532],[139.55,38.5532],[139.55,38.5532],[139.5496,38.5535],[139.5494,38.5536],[139.5492,38.5536],[139.5492,38.5536],[139.5478,38.5529],[139.5478,38.553],[139.5477,38.553],[139.5477,38.5529],[139.5476,38.5529],[139.5477,38.5527],[139.5477,38.5527],[139.5475,38.5526],[139.5474,38.5525],[139.5477,38.5522],[139.5477,38.5522],[139.5477,38.5519],[139.5477,38.5519],[139.5477,38.5517],[139.5476,38.5518],[139.5476,38.5522],[139.5472,38.5526],[139.5471,38.5527],[139.5476,38.5531],[139.548,38.5531],[139.5475,38.5533],[139.5474,38.5533],[139.547,38.5535],[139.547,38.5536],[139.5469,38.5536],[139.5468,38.5537],[139.5467,38.5537],[139.5466,38.5538],[139.5466,38.5539],[139.5465,38.5539],[139.5464,38.554],[139.5464,38.5541],[139.5463,38.5542],[139.5463,38.5542],[139.5463,38.5543],[139.5463,38.5544],[139.5463,38.5545],[139.5458,38.5546],[139.5455,38.5544],[139.5455,38.5544],[139.545,38.5542],[139.545,38.5542],[139.5455,38.5544],[139.5453,38.5547],[139.5453,38.5547],[139.545,38.5551],[139.5449,38.5551],[139.5448,38.5551],[139.5448,38.555],[139.5446,38.555],[139.5446,38.555],[139.5444,38.5549],[139.5443,38.5549],[139.5443,38.5549],[139.5446,38.555],[139.5446,38.555],[139.5448,38.5551],[139.5448,38.5551],[139.5449,38.5551],[139.545,38.5552],[139.545,38.5553],[139.5449,38.5554],[139.5448,38.5556],[139.5448,38.5556],[139.5446,38.5558],[139.5445,38.556],[139.5441,38.5558],[139.5436,38.5556],[139.5434,38.5555],[139.5436,38.5553],[139.5436,38.5552],[139.5439,38.5547],[139.5442,38.5543],[139.5443,38.5541],[139.5443,38.5541],[139.5447,38.5539],[139.5449,38.5537],[139.545,38.5537],[139.5449,38.5536],[139.5449,38.5536],[139.5447,38.5538],[139.5442,38.5541],[139.544,38.5544],[139.5438,38.5547],[139.5435,38.5551],[139.5434,38.5553],[139.5433,38.5554],[139.5433,38.5555],[139.5436,38.5557],[139.5437,38.5557],[139.5436,38.5559],[139.5437,38.5559],[139.5437,38.5559],[139.5437,38.5559],[139.5438,38.556],[139.5438,38.5561],[139.5438,38.5562],[139.5439,38.5564],[139.5438,38.5565],[139.5438,38.5567],[139.5437,38.5569],[139.5436,38.557],[139.5435,38.5571],[139.5434,38.5572],[139.5433,38.5572],[139.5429,38.5571],[139.543,38.5569],[139.5429,38.5569],[139.5428,38.5571],[139.5435,38.5574],[139.5435,38.5575],[139.5435,38.5575],[139.5435,38.5576],[139.5434,38.5576],[139.5434,38.5577],[139.5433,38.5577],[139.5433,38.5578],[139.5433,38.5579],[139.5432,38.5579],[139.5432,38.558],[139.5432,38.558],[139.5431,38.5581],[139.5431,38.5581],[139.5431,38.5581],[139.543,38.5582],[139.543,38.5582],[139.543,38.5583],[139.543,38.5583],[139.5429,38.5583],[139.5429,38.5583],[139.5426,38.5584],[139.5424,38.5585],[139.5422,38.5585],[139.542,38.5585],[139.5418,38.5585],[139.5417,38.5585],[139.5416,38.5585],[139.5415,38.5584],[139.5416,38.5583],[139.5417,38.5582],[139.5419,38.5579],[139.5418,38.5578],[139.5417,38.558],[139.5414,38.5583],[139.5414,38.5583],[139.5413,38.5584],[139.5411,38.5584],[139.5409,38.5584],[139.5408,38.5583],[139.5408,38.5583],[139.5407,38.5583],[139.5407,38.5583],[139.5407,38.5583],[139.5407,38.5583],[139.5406,38.5583],[139.5406,38.5583],[139.5406,38.5583],[139.5406,38.5583],[139.5406,38.5583],[139.5406,38.5583],[139.5406,38.5583],[139.5406,38.5583],[139.5406,38.5583],[139.5406,38.5583],[139.5405,38.5583],[139.5405,38.5582],[139.5405,38.5582],[139.5405,38.5582],[139.5405,38.5582],[139.5405,38.5582],[139.5405,38.5582],[139.5405,38.5582],[139.5405,38.5582],[139.5405,38.5582],[139.5404,38.5582],[139.5404,38.5582],[139.5404,38.5582],[139.5404,38.5582],[139.5404,38.5582],[139.5404,38.5582],[139.5404,38.5582],[139.5404,38.5582],[139.5404,38.5582],[139.5404,38.5582],[139.5403,38.5582],[139.5403,38.5582],[139.5403,38.5582],[139.5403,38.5582],[139.5403,38.5582],[139.5403,38.5582],[139.5403,38.5582],[139.5403,38.5582],[139.5403,38.5582],[139.5403,38.5582],[139.5402,38.5582],[139.5402,38.5582],[139.5402,38.5582],[139.5402,38.5582],[139.5402,38.5582],[139.5402,38.5582],[139.5402,38.5581],[139.5402,38.5581],[139.5402,38.5581],[139.5402,38.5581],[139.5401,38.5581],[139.5401,38.5581],[139.5401,38.5581],[139.5401,38.5581],[139.5401,38.5581],[139.5401,38.5581],[139.5401,38.5581],[139.5401,38.5581],[139.5401,38.5581],[139.54,38.5581],[139.54,38.5581],[139.54,38.5581],[139.54,38.5581],[139.54,38.5581],[139.54,38.5581],[139.54,38.5581],[139.54,38.5581],[139.5399,38.5581],[139.5399,38.5581],[139.5399,38.5581],[139.5399,38.5581],[139.5399,38.5581],[139.5399,38.5581],[139.5399,38.5581],[139.5399,38.5581],[139.5399,38.5581],[139.5398,38.5581],[139.5398,38.5581],[139.5398,38.5581],[139.5398,38.5581],[139.5398,38.5581],[139.5398,38.5581],[139.5398,38.5581],[139.5398,38.5581],[139.5398,38.558],[139.5397,38.558],[139.5397,38.558],[139.5397,38.558],[139.5397,38.558],[139.5397,38.558],[139.5397,38.558],[139.5397,38.558],[139.5397,38.558],[139.5396,38.558],[139.5396,38.558],[139.5396,38.558],[139.5396,38.558],[139.5396,38.558],[139.5396,38.558],[139.5396,38.558],[139.5396,38.558],[139.5396,38.558],[139.5396,38.558],[139.5395,38.558],[139.5395,38.558],[139.5395,38.558],[139.5395,38.558],[139.5395,38.558],[139.5395,38.558],[139.5395,38.558],[139.5395,38.558],[139.5394,38.558],[139.5394,38.558],[139.5394,38.558],[139.5394,38.558],[139.5394,38.558],[139.5394,38.5579],[139.5394,38.5579],[139.5394,38.558],[139.5394,38.5579],[139.5393,38.5579],[139.5393,38.5579],[139.5393,38.5579],[139.5393,38.5579],[139.5393,38.5579],[139.5393,38.5579],[139.5393,38.5579],[139.5392,38.5579],[139.5392,38.5579],[139.5392,38.5579],[139.5392,38.5579],[139.5391,38.5579],[139.5391,38.5579],[139.5391,38.5579],[139.5391,38.5579],[139.5391,38.5579],[139.5391,38.5579],[139.5391,38.558],[139.5391,38.558],[139.5391,38.558],[139.5391,38.558],[139.5391,38.558],[139.5392,38.558],[139.5392,38.558],[139.5392,38.558],[139.5392,38.558],[139.5392,38.558],[139.5392,38.558],[139.5392,38.558],[139.5392,38.558],[139.5392,38.558],[139.5393,38.558],[139.5393,38.558],[139.5393,38.558],[139.5393,38.558],[139.5393,38.558],[139.5393,38.558],[139.5393,38.558],[139.5393,38.558],[139.5394,38.558],[139.5394,38.558],[139.5394,38.558],[139.5394,38.558],[139.5394,38.558],[139.5394,38.558],[139.5394,38.558],[139.5394,38.558],[139.5394,38.558],[139.5394,38.558],[139.5395,38.558],[139.5395,38.558],[139.5394,38.5581],[139.5395,38.5581],[139.5395,38.5581],[139.5395,38.5581],[139.5394,38.5581],[139.5394,38.5581],[139.5394,38.5581],[139.5394,38.5581],[139.5394,38.5581],[139.5395,38.5581],[139.5394,38.5581],[139.5394,38.5581],[139.5394,38.5581],[139.5395,38.5581],[139.5395,38.5582],[139.5395,38.5582],[139.5395,38.5582],[139.5395,38.5582],[139.5395,38.5582],[139.5395,38.5582],[139.5395,38.5582],[139.5395,38.5582],[139.5395,38.5582],[139.5395,38.5582],[139.5395,38.5582],[139.5395,38.5582],[139.5395,38.5582],[139.5395,38.5582],[139.5395,38.5583],[139.5395,38.5583],[139.5396,38.5583],[139.5396,38.5583],[139.5396,38.5583],[139.5396,38.5583],[139.5396,38.5583],[139.5396,38.5583],[139.5396,38.5583],[139.5396,38.5583],[139.5396,38.5583],[139.5396,38.5583],[139.5396,38.5583],[139.5396,38.5583],[139.5396,38.5583],[139.5396,38.5583],[139.5396,38.5583],[139.5396,38.5584],[139.5396,38.5584],[139.5396,38.5584],[139.5396,38.5584],[139.5396,38.5585],[139.5396,38.5585],[139.5397,38.5585],[139.5397,38.5585],[139.5397,38.5585],[139.5397,38.5585],[139.5397,38.5585],[139.5397,38.5585],[139.5397,38.5585],[139.5397,38.5585],[139.5397,38.5585],[139.5397,38.5585],[139.5398,38.5585],[139.5398,38.5585],[139.5398,38.5585],[139.5398,38.5585],[139.5398,38.5585],[139.5397,38.5585],[139.5397,38.5585],[139.5397,38.5585],[139.5397,38.5585],[139.5397,38.5585],[139.5398,38.5585],[139.5398,38.5585],[139.5398,38.5586],[139.5398,38.5586],[139.5398,38.5586],[139.5398,38.5586],[139.5398,38.5586],[139.5398,38.5586],[139.5398,38.5586],[139.5398,38.5586],[139.5399,38.5586],[139.5399,38.5586],[139.5399,38.5586],[139.5399,38.5586],[139.5398,38.5586],[139.5398,38.5586],[139.5398,38.5585],[139.5398,38.5585],[139.5399,38.5585],[139.5399,38.5585],[139.5399,38.5585],[139.5399,38.5585],[139.5399,38.5585],[139.5399,38.5585],[139.5399,38.5585],[139.5399,38.5585],[139.5399,38.5585],[139.5399,38.5586],[139.5399,38.5586],[139.5399,38.5586],[139.5399,38.5586],[139.5399,38.5586],[139.5399,38.5586],[139.5399,38.5586],[139.5399,38.5586],[139.5399,38.5586],[139.5399,38.5586],[139.5399,38.5586],[139.5399,38.5586],[139.5399,38.5586],[139.5399,38.5586],[139.5399,38.5586],[139.54,38.5586],[139.5399,38.5586],[139.5399,38.5586],[139.54,38.5587],[139.54,38.5587],[139.5399,38.5587],[139.5399,38.5587],[139.5399,38.5587],[139.54,38.5587],[139.54,38.5587],[139.54,38.5587],[139.54,38.5587],[139.54,38.5587],[139.54,38.5587],[139.54,38.5587],[139.54,38.5587],[139.54,38.5587],[139.5401,38.5587],[139.5401,38.5587],[139.5401,38.5587],[139.5401,38.5587],[139.5401,38.5587],[139.5401,38.5587],[139.5401,38.5587],[139.5401,38.5587],[139.5401,38.5587],[139.5401,38.5587],[139.5401,38.5587],[139.5402,38.5588],[139.5402,38.5588],[139.5402,38.5588],[139.5402,38.5588],[139.5401,38.5588],[139.5401,38.5588],[139.5401,38.5588],[139.5401,38.5588],[139.5401,38.5588],[139.5401,38.5588],[139.5401,38.5588],[139.5401,38.5588],[139.5401,38.5588],[139.5401,38.5588],[139.5401,38.5589],[139.5401,38.5589],[139.5401,38.5589],[139.5402,38.5589],[139.5401,38.5589],[139.5401,38.5589],[139.5401,38.5589],[139.5401,38.5589],[139.5401,38.5589],[139.5401,38.5589],[139.5401,38.5589],[139.5401,38.5589],[139.5401,38.5589],[139.5401,38.5589],[139.5401,38.5589],[139.5401,38.5589],[139.5401,38.5589],[139.5401,38.5589],[139.5401,38.559],[139.5401,38.559],[139.5401,38.559],[139.5401,38.559],[139.5401,38.559],[139.5401,38.559],[139.5401,38.559],[139.5402,38.559],[139.5402,38.559],[139.5401,38.559],[139.5401,38.559],[139.5401,38.559],[139.5402,38.559],[139.5402,38.559],[139.5402,38.5591],[139.5402,38.5591],[139.5402,38.5591],[139.5402,38.5591],[139.5402,38.5591],[139.5402,38.5591],[139.5402,38.5591],[139.5402,38.5591],[139.5402,38.5591],[139.5402,38.5591],[139.5402,38.5591],[139.5403,38.5591],[139.5403,38.5591],[139.5403,38.5591],[139.5403,38.5591],[139.5403,38.5591],[139.5403,38.5591],[139.5403,38.5591],[139.5403,38.559],[139.5403,38.559],[139.5403,38.559],[139.5403,38.559],[139.5403,38.559],[139.5403,38.559],[139.5404,38.559],[139.5403,38.559],[139.5403,38.559],[139.5403,38.559],[139.5403,38.559],[139.5403,38.559],[139.5403,38.559],[139.5403,38.559],[139.5403,38.559],[139.5403,38.5589],[139.5403,38.5589],[139.5403,38.5589],[139.5403,38.5589],[139.5403,38.5589],[139.5403,38.5589],[139.5403,38.5589],[139.5403,38.5589],[139.5403,38.5589],[139.5403,38.5589],[139.5402,38.5589],[139.5402,38.5589],[139.5402,38.5589],[139.5402,38.5589],[139.5403,38.5589],[139.5403,38.5589],[139.5403,38.5589],[139.5403,38.5589],[139.5403,38.5589],[139.5403,38.5589],[139.5403,38.5589],[139.5403,38.5589],[139.5403,38.5589],[139.5403,38.5589],[139.5403,38.5589],[139.5403,38.5589],[139.5403,38.5589],[139.5404,38.5589],[139.5404,38.5589],[139.5404,38.5589],[139.5404,38.5589],[139.5404,38.5589],[139.5404,38.5589],[139.5404,38.5589],[139.5404,38.5589],[139.5404,38.5589],[139.5404,38.5589],[139.5404,38.5589],[139.5404,38.5589],[139.5404,38.5589],[139.5405,38.5589],[139.5405,38.5589],[139.5405,38.5589],[139.5405,38.559],[139.5405,38.559],[139.5405,38.559],[139.5405,38.559],[139.5405,38.559],[139.5405,38.559],[139.5405,38.559],[139.5405,38.559],[139.5405,38.559],[139.5405,38.559],[139.5405,38.559],[139.5405,38.559],[139.5406,38.559],[139.5406,38.559],[139.5406,38.559],[139.5406,38.559],[139.5406,38.559],[139.5406,38.559],[139.5406,38.559],[139.5406,38.559],[139.5406,38.559],[139.5406,38.5591],[139.5407,38.5591],[139.5407,38.5591],[139.5407,38.5591],[139.5407,38.5591],[139.5408,38.5591],[139.5408,38.559],[139.5408,38.559],[139.5407,38.559],[139.5408,38.559],[139.5408,38.559],[139.5407,38.559],[139.5407,38.559],[139.5407,38.559],[139.5408,38.5589],[139.5408,38.5589],[139.5408,38.5589],[139.5408,38.5589],[139.5408,38.559],[139.5408,38.559],[139.5408,38.559],[139.5408,38.559],[139.5408,38.559],[139.5409,38.559],[139.5409,38.559],[139.5409,38.559],[139.5409,38.559],[139.5409,38.559],[139.5409,38.559],[139.5409,38.559],[139.5409,38.559],[139.5409,38.559],[139.5409,38.559],[139.5409,38.5591],[139.5409,38.5591],[139.5409,38.5591],[139.5409,38.5591],[139.5409,38.5591],[139.5409,38.5591],[139.5409,38.5591],[139.5409,38.5591],[139.541,38.5591],[139.541,38.5591],[139.541,38.5591],[139.541,38.5591],[139.541,38.5591],[139.5409,38.5591],[139.5409,38.559],[139.541,38.559],[139.541,38.559],[139.5409,38.559],[139.5409,38.559],[139.5409,38.559],[139.541,38.559],[139.541,38.559],[139.541,38.559],[139.541,38.559],[139.541,38.559],[139.541,38.559],[139.541,38.559],[139.541,38.559],[139.541,38.559],[139.5411,38.559],[139.5411,38.559],[139.5411,38.559],[139.5411,38.5591],[139.5411,38.5591],[139.5411,38.5591],[139.5411,38.5591],[139.5411,38.5591],[139.5411,38.5591],[139.5411,38.5591],[139.5412,38.5591],[139.5412,38.5591],[139.5412,38.5591],[139.5412,38.5591],[139.5412,38.5591],[139.5412,38.5591],[139.5412,38.5591],[139.5412,38.5591],[139.5413,38.5591],[139.5413,38.5591],[139.5413,38.5591],[139.5413,38.5591],[139.5413,38.5591],[139.5412,38.5591],[139.5412,38.5591],[139.5412,38.5591],[139.5412,38.5591],[139.5413,38.5592],[139.5412,38.5592],[139.5412,38.5592],[139.5412,38.5592],[139.5412,38.5592],[139.5412,38.5592],[139.5412,38.5592],[139.5412,38.5592],[139.5412,38.5592],[139.5412,38.5592],[139.5412,38.5592],[139.5412,38.5592],[139.5412,38.5592],[139.5412,38.5592],[139.5412,38.5592],[139.5412,38.5592],[139.5412,38.5592],[139.5412,38.5592],[139.5412,38.5592],[139.5412,38.5592],[139.5412,38.5592],[139.5412,38.5592],[139.5412,38.5592],[139.5412,38.5592],[139.5412,38.5592],[139.5412,38.5592],[139.5411,38.5592],[139.5411,38.5592],[139.5411,38.5592],[139.5411,38.5592],[139.5411,38.5592],[139.5411,38.5592],[139.5411,38.5592],[139.5411,38.5592],[139.5411,38.5592],[139.5411,38.5592],[139.5411,38.5592],[139.5411,38.5592],[139.5411,38.5592],[139.5411,38.5592],[139.5411,38.5592],[139.5411,38.5592],[139.5411,38.5593],[139.5411,38.5593],[139.5411,38.5593],[139.5411,38.5593],[139.5411,38.5593],[139.5411,38.5593],[139.5411,38.5593],[139.5411,38.5593],[139.5411,38.5593],[139.5411,38.5593],[139.5411,38.5593],[139.5411,38.5593],[139.5411,38.5593],[139.5411,38.5594],[139.5411,38.5594],[139.5411,38.5594],[139.5412,38.5594],[139.5412,38.5594],[139.5412,38.5594],[139.5412,38.5594],[139.5412,38.5594],[139.5412,38.5594],[139.5412,38.5593],[139.5413,38.5593],[139.5413,38.5593],[139.5413,38.5593],[139.5413,38.5593],[139.5413,38.5593],[139.5413,38.5593],[139.5413,38.5593],[139.5413,38.5593],[139.5413,38.5593],[139.5413,38.5593],[139.5413,38.5593],[139.5413,38.5593],[139.5413,38.5593],[139.5413,38.5593],[139.5414,38.5593],[139.5414,38.5593],[139.5414,38.5593],[139.5414,38.5593],[139.5414,38.5593],[139.5413,38.5596],[139.5412,38.5596],[139.5411,38.56],[139.5412,38.56],[139.5413,38.5601],[139.5413,38.5602],[139.5412,38.5603],[139.5412,38.5604],[139.5412,38.5604],[139.5412,38.5604],[139.5411,38.5603],[139.5411,38.5603],[139.5412,38.5603],[139.5411,38.5603],[139.5411,38.5603],[139.5411,38.5603],[139.5411,38.5603],[139.5411,38.5603],[139.5411,38.5603],[139.5411,38.5603],[139.5411,38.5603],[139.5411,38.5603],[139.5411,38.5603],[139.5411,38.5602],[139.5411,38.5602],[139.5411,38.5602],[139.5411,38.5602],[139.5411,38.5602],[139.5411,38.5602],[139.5411,38.5602],[139.5411,38.5602],[139.541,38.5602],[139.541,38.5602],[139.541,38.5602],[139.541,38.5602],[139.541,38.5602],[139.541,38.5602],[139.541,38.5602],[139.541,38.5602],[139.541,38.5602],[139.541,38.5602],[139.541,38.5602],[139.541,38.5602],[139.541,38.5602],[139.541,38.5602],[139.541,38.5601],[139.541,38.5601],[139.541,38.5601],[139.5409,38.5601],[139.5409,38.5601],[139.5409,38.5601],[139.5409,38.5601],[139.5409,38.5601],[139.5409,38.5601],[139.5409,38.5601],[139.5409,38.5601],[139.5409,38.5601],[139.5409,38.5601],[139.5408,38.5601],[139.5408,38.5601],[139.5408,38.5601],[139.5408,38.5601],[139.5408,38.5601],[139.5408,38.5601],[139.5408,38.5601],[139.5408,38.5602],[139.5408,38.5602],[139.5408,38.5602],[139.5407,38.5602],[139.5407,38.5602],[139.5407,38.5602],[139.5407,38.5602],[139.5407,38.5602],[139.5407,38.5602],[139.5407,38.5602],[139.5407,38.5602],[139.5407,38.5602],[139.5407,38.5602],[139.5407,38.5602],[139.5406,38.5602],[139.5406,38.5602],[139.5406,38.5602],[139.5406,38.5602],[139.5406,38.5602],[139.5406,38.5602],[139.5406,38.5602],[139.5406,38.5602],[139.5406,38.5602],[139.5406,38.5602],[139.5405,38.5602],[139.5405,38.5602],[139.5405,38.5602],[139.5405,38.5602],[139.5405,38.5602],[139.5405,38.5602],[139.5405,38.5602],[139.5405,38.5602],[139.5405,38.5602],[139.5405,38.5602],[139.5405,38.5602],[139.5405,38.5602],[139.5405,38.5602],[139.5405,38.5602],[139.5405,38.5602],[139.5405,38.5602],[139.5405,38.5603],[139.5405,38.5603],[139.5405,38.5603],[139.5405,38.5603],[139.5405,38.5603],[139.5405,38.5603],[139.5405,38.5603],[139.5405,38.5603],[139.5405,38.5603],[139.5405,38.5603],[139.5405,38.5603],[139.5405,38.5603],[139.5405,38.5603],[139.5405,38.5603],[139.5405,38.5604],[139.5405,38.5604],[139.5405,38.5604],[139.5406,38.5604],[139.5406,38.5604],[139.5406,38.5604],[139.5406,38.5604],[139.5406,38.5604],[139.5406,38.5604],[139.5406,38.5604],[139.5406,38.5604],[139.5406,38.5605],[139.5406,38.5605],[139.5406,38.5605],[139.5406,38.5605],[139.5406,38.5605],[139.5406,38.5605],[139.5406,38.5605],[139.5406,38.5605],[139.5406,38.5605],[139.5406,38.5605],[139.5406,38.5605],[139.5406,38.5605],[139.5406,38.5605],[139.5406,38.5605],[139.5406,38.5605],[139.5406,38.5606],[139.5406,38.5606],[139.5406,38.5606],[139.5406,38.5606],[139.5406,38.5606],[139.5406,38.5606],[139.5406,38.5606],[139.5406,38.5606],[139.5406,38.5606],[139.5406,38.5606],[139.5406,38.5606],[139.5406,38.5606],[139.5406,38.5606],[139.5406,38.5606],[139.5406,38.5607],[139.5406,38.5607],[139.5406,38.5607],[139.5406,38.5607],[139.5406,38.5607],[139.5406,38.5607],[139.5406,38.5607],[139.5406,38.5607],[139.5406,38.5607],[139.5406,38.5607],[139.5406,38.5607],[139.5406,38.5607],[139.5406,38.5607],[139.5406,38.5607],[139.5407,38.5607],[139.5407,38.5607],[139.5407,38.5607],[139.5407,38.5607],[139.5407,38.5607],[139.5407,38.5607],[139.5407,38.5607],[139.5407,38.5607],[139.5407,38.5607],[139.5407,38.5607],[139.5408,38.5607],[139.5408,38.5607],[139.5408,38.5607],[139.5408,38.5607],[139.5408,38.5607],[139.5408,38.5607],[139.5408,38.5607],[139.5408,38.5607],[139.5408,38.5607],[139.5408,38.5607],[139.5408,38.5607],[139.5408,38.5607],[139.5408,38.5606],[139.5408,38.5606],[139.5408,38.5606],[139.5408,38.5606],[139.5408,38.5606],[139.5408,38.5606],[139.5408,38.5606],[139.5409,38.5606],[139.5409,38.5606],[139.5409,38.5606],[139.5409,38.5606],[139.5409,38.5605],[139.5409,38.5605],[139.5409,38.5605],[139.5409,38.5605],[139.5409,38.5605],[139.5409,38.5605],[139.5409,38.5605],[139.5409,38.5605],[139.5409,38.5605],[139.5409,38.5605],[139.5409,38.5605],[139.5409,38.5605],[139.5409,38.5605],[139.5409,38.5604],[139.5409,38.5604],[139.5409,38.5604],[139.5409,38.5604],[139.5409,38.5604],[139.5409,38.5605],[139.5409,38.5605],[139.5409,38.5605],[139.5409,38.5605],[139.5409,38.5605],[139.541,38.5604],[139.541,38.5604],[139.5409,38.5604],[139.5409,38.5604],[139.541,38.5604],[139.541,38.5604],[139.541,38.5604],[139.541,38.5604],[139.541,38.5604],[139.541,38.5604],[139.541,38.5604],[139.541,38.5604],[139.541,38.5604],[139.541,38.5604],[139.541,38.5604],[139.541,38.5604],[139.541,38.5604],[139.541,38.5604],[139.541,38.5604],[139.541,38.5604],[139.5411,38.5604],[139.5411,38.5604],[139.5411,38.5604],[139.5411,38.5604],[139.5411,38.5604],[139.5411,38.5604],[139.5411,38.5604],[139.5411,38.5604],[139.5411,38.5604],[139.5412,38.5604],[139.5412,38.5604],[139.5412,38.5605],[139.5414,38.5606],[139.5417,38.5607],[139.5417,38.5607],[139.5417,38.5608],[139.5417,38.5608],[139.5417,38.5608],[139.5417,38.5608],[139.5417,38.5608],[139.5417,38.5608],[139.5417,38.5608],[139.5417,38.5608],[139.5417,38.5608],[139.5417,38.5608],[139.5417,38.5608],[139.5417,38.5608],[139.5417,38.5608],[139.5417,38.5608],[139.5417,38.5608],[139.5417,38.5608],[139.5417,38.5608],[139.5417,38.5608],[139.5417,38.5608],[139.5417,38.5608],[139.5416,38.5608],[139.5416,38.5608],[139.5416,38.5608],[139.5416,38.5608],[139.5416,38.5609],[139.5416,38.5609],[139.5416,38.5609],[139.5416,38.5609],[139.5416,38.5609],[139.5416,38.5609],[139.5416,38.5609],[139.5416,38.5609],[139.5416,38.5609],[139.5416,38.5609],[139.5416,38.5609],[139.5415,38.5609],[139.5415,38.5609],[139.5415,38.5609],[139.5416,38.5609],[139.5416,38.5609],[139.5416,38.5609],[139.5416,38.5609],[139.5416,38.561],[139.5416,38.561],[139.5416,38.561],[139.5416,38.561],[139.5416,38.561],[139.5416,38.561],[139.5416,38.561],[139.5416,38.561],[139.5416,38.561],[139.5416,38.561],[139.5416,38.561],[139.5416,38.561],[139.5416,38.561],[139.5416,38.5611],[139.5416,38.5611],[139.5416,38.5611],[139.5416,38.5611],[139.5416,38.5611],[139.5416,38.5611],[139.5416,38.5611],[139.5416,38.5611],[139.5416,38.5611],[139.5416,38.5611],[139.5416,38.5611],[139.5416,38.5611],[139.5416,38.5611],[139.5416,38.5612],[139.5416,38.5612],[139.5416,38.5612],[139.5416,38.5612],[139.5416,38.5612],[139.5416,38.5612],[139.5416,38.5612],[139.5416,38.5612],[139.5416,38.5612],[139.5416,38.5612],[139.5416,38.5612],[139.5416,38.5612],[139.5416,38.5612],[139.5416,38.5612],[139.5416,38.5612],[139.5416,38.5613],[139.5416,38.5613],[139.5416,38.5613],[139.5416,38.5613],[139.5416,38.5613],[139.5416,38.5613],[139.5416,38.5613],[139.5416,38.5613],[139.5416,38.5613],[139.5416,38.5613],[139.5416,38.5613],[139.5416,38.5613],[139.5416,38.5614],[139.5416,38.5614],[139.5416,38.5614],[139.5416,38.5614],[139.5416,38.5614],[139.5416,38.5614],[139.5417,38.5614],[139.5417,38.5614],[139.5417,38.5614],[139.5417,38.5614],[139.5417,38.5614],[139.5417,38.5614],[139.5417,38.5614],[139.5417,38.5615],[139.5417,38.5615],[139.5417,38.5615],[139.5417,38.5615],[139.5417,38.5615],[139.5417,38.5615],[139.5418,38.5615],[139.5418,38.5615],[139.5418,38.5615],[139.5418,38.5615],[139.5418,38.5615],[139.5418,38.5615],[139.5418,38.5615],[139.5418,38.5615],[139.5419,38.5615],[139.5419,38.5615],[139.5419,38.5615],[139.5419,38.5615],[139.5419,38.5615],[139.5419,38.5615],[139.5419,38.5615],[139.5419,38.5615],[139.5419,38.5615],[139.542,38.5615],[139.542,38.5615],[139.542,38.5615],[139.542,38.5615],[139.542,38.5615],[139.542,38.5615],[139.542,38.5615],[139.542,38.5615],[139.542,38.5615],[139.542,38.5615],[139.542,38.5615],[139.5421,38.5616],[139.5421,38.5616],[139.5421,38.5615],[139.5421,38.5616],[139.5422,38.5616],[139.5421,38.5621],[139.5423,38.5621],[139.5423,38.562],[139.5423,38.562],[139.5423,38.5617],[139.5423,38.5617],[139.5423,38.5617],[139.5424,38.5617],[139.5424,38.5617],[139.5423,38.5616],[139.5423,38.5616],[139.5423,38.5615],[139.5423,38.5615],[139.5422,38.5615],[139.5422,38.5615],[139.5422,38.5614],[139.5422,38.5614],[139.5422,38.5614],[139.5422,38.5614],[139.5422,38.5614],[139.5422,38.5614],[139.5422,38.5614],[139.5422,38.5614],[139.5422,38.5614],[139.5422,38.5614],[139.5422,38.5614],[139.5422,38.5614],[139.5422,38.5614],[139.5422,38.5614],[139.5422,38.5614],[139.5422,38.5614],[139.5422,38.5614],[139.5422,38.5613],[139.5422,38.5613],[139.5422,38.5613],[139.5422,38.5613],[139.5422,38.5613],[139.5422,38.5613],[139.5422,38.5613],[139.5422,38.5613],[139.5422,38.5613],[139.5422,38.5613],[139.5422,38.5613],[139.5422,38.5613],[139.5422,38.5613],[139.5422,38.5613],[139.5422,38.5613],[139.5422,38.5612],[139.5422,38.5612],[139.5422,38.5612],[139.5422,38.5612],[139.5422,38.5612],[139.5422,38.5612],[139.5422,38.5612],[139.5422,38.5612],[139.5422,38.5612],[139.5422,38.5612],[139.5422,38.5612],[139.5422,38.5612],[139.5422,38.5612],[139.5422,38.5612],[139.5422,38.5611],[139.5422,38.5611],[139.5422,38.5611],[139.5422,38.5611],[139.5422,38.5611],[139.5422,38.5611],[139.5422,38.5611],[139.5422,38.5611],[139.5422,38.5611],[139.5422,38.5611],[139.5422,38.5611],[139.5422,38.561],[139.5422,38.561],[139.5422,38.561],[139.5422,38.561],[139.5422,38.561],[139.5422,38.561],[139.5421,38.561],[139.5421,38.561],[139.5421,38.561],[139.5421,38.561],[139.5421,38.561],[139.5421,38.561],[139.5421,38.5609],[139.5421,38.5609],[139.5421,38.5609],[139.5421,38.5609],[139.5422,38.5609],[139.5424,38.5606],[139.5425,38.5605],[139.5426,38.5604],[139.5426,38.5604],[139.5426,38.5604],[139.5426,38.5604],[139.5426,38.5604],[139.5426,38.5604],[139.5426,38.5604],[139.5426,38.5604],[139.5426,38.5604],[139.5426,38.5604],[139.5426,38.5603],[139.5426,38.5603],[139.5426,38.5603],[139.5427,38.5603],[139.5427,38.5603],[139.5427,38.5603],[139.5427,38.5603],[139.5427,38.5603],[139.5427,38.5603],[139.5427,38.5603],[139.5427,38.5603],[139.5427,38.5603],[139.5427,38.5603],[139.5427,38.5603],[139.5427,38.5603],[139.5427,38.5603],[139.5427,38.5603],[139.5428,38.5603],[139.5428,38.5603],[139.5428,38.5603],[139.5428,38.5602],[139.5428,38.5602],[139.5428,38.5602],[139.5428,38.5602],[139.5428,38.5602],[139.5428,38.5602],[139.5428,38.5602],[139.5428,38.5602],[139.5428,38.5602],[139.5428,38.5602],[139.5429,38.5602],[139.5429,38.5602],[139.5429,38.5602],[139.5429,38.5602],[139.5429,38.5602],[139.5429,38.5602],[139.5429,38.5602],[139.5429,38.5602],[139.5429,38.5602],[139.5429,38.5602],[139.5429,38.5602],[139.5429,38.5602],[139.5429,38.5602],[139.543,38.5602],[139.543,38.5602],[139.543,38.5602],[139.543,38.5602],[139.543,38.5602],[139.543,38.5602],[139.543,38.5602],[139.543,38.5602],[139.543,38.5602],[139.543,38.5602],[139.5431,38.5601],[139.5431,38.5601],[139.5431,38.5601],[139.5431,38.5601],[139.5431,38.5601],[139.5431,38.5601],[139.5431,38.5601],[139.5431,38.5601],[139.5431,38.5601],[139.5431,38.5601],[139.5432,38.5601],[139.5432,38.5601],[139.5432,38.5601],[139.5432,38.5601],[139.5432,38.5601],[139.5432,38.5601],[139.5432,38.5601],[139.5432,38.5601],[139.5432,38.5601],[139.5432,38.5601],[139.5432,38.5601],[139.5432,38.5601],[139.5432,38.5601],[139.5432,38.5601],[139.5435,38.5603],[139.5435,38.5603],[139.5435,38.5602],[139.5433,38.5601],[139.5433,38.5601],[139.5431,38.56],[139.543,38.56],[139.5427,38.56],[139.5427,38.56],[139.5426,38.56],[139.5424,38.5604],[139.5423,38.5605],[139.5421,38.5607],[139.542,38.5607],[139.5417,38.5606],[139.5415,38.5605],[139.5414,38.5598],[139.5417,38.5592],[139.5417,38.5591],[139.5418,38.5591],[139.542,38.5591],[139.5428,38.5592],[139.5429,38.5598],[139.5434,38.5599],[139.5434,38.5599],[139.5435,38.5598],[139.5437,38.5599],[139.5452,38.5589],[139.545,38.5588],[139.5439,38.5595],[139.5437,38.5594],[139.5438,38.5593],[139.5438,38.5592],[139.5437,38.5593],[139.5435,38.5591],[139.5435,38.559],[139.5444,38.5583],[139.5445,38.5583],[139.545,38.5582],[139.5451,38.5582],[139.5452,38.5582],[139.5453,38.5582],[139.5454,38.5582],[139.5456,38.5582],[139.5456,38.5583],[139.5456,38.5583],[139.5456,38.5583],[139.5457,38.5583],[139.5458,38.5583],[139.5459,38.5583],[139.5459,38.5583],[139.5459,38.5584],[139.546,38.5584],[139.5461,38.5584],[139.5461,38.5584],[139.5461,38.5585],[139.5461,38.5585],[139.5462,38.5584],[139.5463,38.5585],[139.5463,38.5585],[139.5463,38.5585],[139.5465,38.5585],[139.5465,38.5586],[139.5466,38.5586],[139.5466,38.5586],[139.5466,38.5586],[139.5466,38.5587],[139.5467,38.5586],[139.5468,38.5587],[139.5469,38.5587],[139.547,38.5588],[139.5471,38.5588],[139.5471,38.5589],[139.5471,38.5589],[139.5471,38.5589],[139.5471,38.5589],[139.5472,38.559],[139.5473,38.5591],[139.5474,38.5592],[139.5475,38.5593],[139.5476,38.5593],[139.5476,38.5594],[139.5477,38.5594],[139.5477,38.5594],[139.5477,38.5595],[139.5478,38.5596],[139.5478,38.5597],[139.5478,38.5598],[139.5478,38.5598],[139.5479,38.5599],[139.5477,38.5599],[139.5478,38.56],[139.5479,38.5599],[139.548,38.5599],[139.5481,38.5598],[139.5482,38.5598],[139.5483,38.5599],[139.5483,38.5599],[139.5483,38.56],[139.5483,38.5601],[139.5483,38.5602],[139.5484,38.5603],[139.5485,38.5604],[139.5484,38.5605],[139.5484,38.5609],[139.5484,38.5609],[139.5485,38.5609],[139.5485,38.561],[139.5485,38.5612],[139.5485,38.5613],[139.5484,38.5615],[139.5484,38.5615],[139.5483,38.5617],[139.5481,38.5621],[139.5481,38.5621],[139.5482,38.5621],[139.5483,38.5621],[139.5477,38.5623],[139.5475,38.5623],[139.5474,38.5621],[139.5474,38.562],[139.5464,38.5623],[139.546,38.5624],[139.5458,38.5625],[139.5458,38.5625],[139.546,38.5632],[139.5459,38.5633],[139.5456,38.5632],[139.5456,38.5632],[139.545,38.5629],[139.5449,38.5629],[139.5449,38.5629],[139.5448,38.5628],[139.5443,38.5626],[139.5443,38.5626],[139.5441,38.5626],[139.5441,38.5625],[139.5438,38.5624],[139.5438,38.5624],[139.5437,38.5624],[139.5437,38.5624],[139.5434,38.5622],[139.5434,38.5622],[139.5432,38.5621],[139.5431,38.5622],[139.5441,38.5627],[139.5447,38.5629],[139.5447,38.5629],[139.5457,38.5634],[139.5459,38.5634],[139.546,38.5635],[139.546,38.5635],[139.5465,38.5637],[139.5466,38.5638],[139.547,38.5639],[139.5471,38.5642],[139.5471,38.5642],[139.5471,38.5643],[139.5471,38.5642],[139.5471,38.5642],[139.5471,38.5643],[139.5471,38.5643],[139.547,38.5643],[139.547,38.5642],[139.547,38.5643],[139.547,38.5642],[139.547,38.5642],[139.547,38.5642],[139.5469,38.5642],[139.5469,38.5642],[139.5469,38.5642],[139.5469,38.5642],[139.5469,38.5643],[139.5469,38.5643],[139.547,38.5643],[139.547,38.5643],[139.547,38.5643],[139.547,38.5643],[139.547,38.5644],[139.547,38.5644],[139.547,38.5644],[139.5471,38.5644],[139.5471,38.5644],[139.5471,38.5644],[139.5471,38.5644],[139.5471,38.5644],[139.5471,38.5645],[139.5471,38.5645],[139.5471,38.5645],[139.5472,38.5645],[139.5472,38.5645],[139.5472,38.5646],[139.5472,38.5646],[139.5472,38.5646],[139.5472,38.5646],[139.5472,38.5646],[139.5472,38.5646],[139.5472,38.5647],[139.5472,38.5647],[139.5472,38.5647],[139.5472,38.5647],[139.5472,38.5647],[139.5472,38.5647],[139.5472,38.5648],[139.5472,38.5648],[139.5472,38.5648],[139.5471,38.5648],[139.5471,38.5648],[139.5471,38.5648],[139.5471,38.5648],[139.5471,38.5649],[139.5471,38.5649],[139.5471,38.5649],[139.5471,38.5649],[139.5471,38.5649],[139.5471,38.5649],[139.5471,38.5649],[139.5472,38.565],[139.5472,38.565],[139.5472,38.565],[139.5472,38.565],[139.5472,38.565],[139.5472,38.565],[139.5472,38.565],[139.5472,38.565],[139.5473,38.5651],[139.5473,38.5651],[139.5473,38.5651],[139.5473,38.565],[139.5473,38.565],[139.5473,38.565],[139.5473,38.565],[139.5473,38.565],[139.5473,38.565],[139.5473,38.565],[139.5473,38.565],[139.5473,38.565],[139.5473,38.5649],[139.5473,38.5649],[139.5473,38.5649],[139.5473,38.5649],[139.5473,38.5649],[139.5473,38.5649],[139.5473,38.5649],[139.5474,38.5649],[139.5474,38.5649],[139.5474,38.5649],[139.5474,38.5649],[139.5474,38.5649],[139.5474,38.5649],[139.5475,38.5649],[139.5475,38.5649],[139.548,38.566],[139.5479,38.5659],[139.5479,38.5659],[139.5479,38.5659],[139.5479,38.5659],[139.5479,38.566],[139.5479,38.566],[139.5478,38.566],[139.5478,38.566],[139.5478,38.566],[139.5478,38.566],[139.5478,38.566],[139.5477,38.566],[139.5477,38.566],[139.5477,38.566],[139.5477,38.566],[139.5477,38.566],[139.5476,38.566],[139.5477,38.566],[139.5477,38.566],[139.5477,38.566],[139.5477,38.566],[139.5477,38.5661],[139.5477,38.5661],[139.5477,38.5661],[139.5477,38.5661],[139.5477,38.5661],[139.5477,38.5662],[139.5477,38.5662],[139.5477,38.5662],[139.5477,38.5662],[139.5477,38.5662],[139.5477,38.5662],[139.5477,38.5662],[139.5477,38.5663],[139.5477,38.5663],[139.5478,38.5663],[139.5478,38.5663],[139.5478,38.5663],[139.5478,38.5663],[139.5477,38.5663],[139.5477,38.5663],[139.5477,38.5664],[139.5477,38.5664],[139.5477,38.5664],[139.5477,38.5664],[139.5478,38.5664],[139.5477,38.5664],[139.5477,38.5665],[139.5477,38.5665],[139.5477,38.5665],[139.5477,38.5665],[139.5477,38.5665],[139.5477,38.5665],[139.5477,38.5665],[139.5476,38.5665],[139.5476,38.5665],[139.5476,38.5666],[139.5476,38.5666],[139.5476,38.5666],[139.5476,38.5666],[139.5476,38.5666],[139.5476,38.5666],[139.5476,38.5666],[139.5476,38.5667],[139.5476,38.5667],[139.5476,38.5667],[139.5476,38.5667],[139.5476,38.5667],[139.5476,38.5667],[139.5476,38.5667],[139.5476,38.5668],[139.5476,38.5668],[139.5477,38.5668],[139.5477,38.5668],[139.5477,38.5668],[139.5477,38.5668],[139.5477,38.5668],[139.5477,38.5668],[139.5478,38.5668],[139.5478,38.5668],[139.5478,38.5669],[139.5478,38.5669],[139.5478,38.5668],[139.5478,38.5668],[139.5479,38.5668],[139.5479,38.5668],[139.5479,38.5668],[139.5479,38.5668],[139.5479,38.5668],[139.5479,38.5668],[139.548,38.5668],[139.548,38.5668],[139.548,38.5668],[139.548,38.5668],[139.548,38.5669],[139.548,38.5669],[139.548,38.5669],[139.548,38.5669],[139.548,38.5669],[139.5481,38.5669],[139.5481,38.5669],[139.5481,38.5669],[139.5482,38.5669],[139.5482,38.5669],[139.5482,38.5669],[139.5482,38.5669],[139.5482,38.5669],[139.5483,38.5669],[139.5483,38.5669],[139.5483,38.5669],[139.5483,38.5669],[139.5483,38.5669],[139.5483,38.5669],[139.5483,38.5668],[139.5483,38.5668],[139.5484,38.5668],[139.5484,38.5668],[139.5484,38.5668],[139.5484,38.5668],[139.5484,38.5668],[139.5484,38.5668],[139.5484,38.5668],[139.5485,38.5668],[139.5485,38.5668],[139.5485,38.5668],[139.5485,38.5668],[139.5485,38.5668],[139.5485,38.5668],[139.5486,38.5668],[139.5486,38.5668],[139.5486,38.5668],[139.5486,38.5667],[139.5487,38.5667],[139.5487,38.5667],[139.5487,38.5667],[139.5487,38.5667],[139.5488,38.5667],[139.549,38.5666],[139.5494,38.5666],[139.5496,38.5666],[139.5497,38.5667],[139.55,38.567],[139.5502,38.5672],[139.5509,38.5679],[139.5509,38.5679],[139.5509,38.5679],[139.5509,38.5679],[139.5509,38.5679],[139.5508,38.5679],[139.5508,38.568],[139.5508,38.568],[139.5508,38.568],[139.5508,38.568],[139.5508,38.568],[139.5509,38.568],[139.5509,38.568],[139.551,38.568],[139.5511,38.5681],[139.5511,38.5682],[139.5511,38.5682],[139.5512,38.5682],[139.5512,38.5682],[139.5512,38.5682],[139.5513,38.5682],[139.5515,38.5685],[139.5519,38.5689],[139.5519,38.5689],[139.5521,38.5691],[139.5523,38.5693],[139.5524,38.5695],[139.5526,38.5697],[139.5525,38.5697],[139.5527,38.5699],[139.5528,38.5699],[139.5528,38.5699],[139.5528,38.5699],[139.5528,38.57],[139.5529,38.5701],[139.5529,38.5701],[139.5529,38.5701],[139.5529,38.5702],[139.5528,38.5702],[139.5528,38.5703],[139.5528,38.5703],[139.5529,38.5704],[139.553,38.5705],[139.5531,38.5706],[139.5531,38.5707],[139.5532,38.5708],[139.5533,38.5709],[139.5533,38.5709],[139.5534,38.571],[139.5535,38.571],[139.5535,38.5712],[139.5536,38.5712],[139.5537,38.5714],[139.5537,38.5715],[139.5538,38.5716],[139.5538,38.5717],[139.5539,38.5718],[139.554,38.5721],[139.5541,38.5724],[139.5541,38.5725],[139.5542,38.5727],[139.5542,38.5728],[139.5543,38.5731],[139.5543,38.5732],[139.5544,38.5733],[139.5544,38.5734],[139.5544,38.5735],[139.5544,38.5735],[139.5544,38.5735],[139.5545,38.5735],[139.5546,38.5735],[139.5547,38.5735],[139.5548,38.5735],[139.5549,38.5736],[139.5551,38.5738],[139.5551,38.5741],[139.5553,38.5745],[139.5553,38.575],[139.5553,38.575],[139.5554,38.5752],[139.5555,38.5752],[139.5554,38.575],[139.5554,38.575],[139.5554,38.5745],[139.5552,38.5741],[139.5552,38.5739],[139.5554,38.5741],[139.5557,38.5743],[139.5559,38.5744],[139.5557,38.5747],[139.5557,38.5747],[139.5559,38.5744],[139.556,38.5744],[139.5561,38.5745],[139.5562,38.5745],[139.5569,38.5749],[139.5571,38.575],[139.5571,38.575],[139.5572,38.5751],[139.5574,38.5753],[139.5575,38.5755],[139.5577,38.5758],[139.5582,38.5769],[139.5583,38.577],[139.5582,38.577],[139.5582,38.5771],[139.5581,38.5772],[139.5581,38.5772],[139.558,38.5773],[139.558,38.5772],[139.5579,38.5772],[139.5579,38.5772],[139.5578,38.5771],[139.5578,38.5771],[139.5577,38.5772],[139.5576,38.5771],[139.5576,38.5771],[139.5575,38.5772],[139.5575,38.5772],[139.5576,38.5773],[139.5576,38.5773],[139.5577,38.5774],[139.5577,38.5774],[139.5578,38.5774],[139.5579,38.5774],[139.5579,38.5775],[139.558,38.5775],[139.5581,38.5775],[139.5582,38.5775],[139.5582,38.5775],[139.5583,38.5776],[139.5583,38.5776],[139.5583,38.5777],[139.5583,38.5777],[139.5584,38.5777],[139.5586,38.5781],[139.5586,38.5783],[139.5587,38.5785],[139.5586,38.5788],[139.5585,38.5789],[139.5585,38.579],[139.5585,38.5791],[139.5584,38.5793],[139.5584,38.5794],[139.5583,38.5795],[139.5583,38.5795],[139.5583,38.5795],[139.5583,38.5795],[139.5577,38.5797],[139.5577,38.5796],[139.5576,38.5795],[139.5575,38.5795],[139.5573,38.5795],[139.5572,38.5795],[139.5572,38.5795],[139.5571,38.5795],[139.557,38.5795],[139.5569,38.5795],[139.5568,38.5795],[139.5568,38.5795],[139.5567,38.5795],[139.5566,38.5795],[139.5565,38.5796],[139.5565,38.5796],[139.5566,38.5796],[139.5566,38.5797],[139.5567,38.5797],[139.5566,38.5798],[139.5566,38.5798],[139.5565,38.5798],[139.5565,38.5799],[139.5564,38.5799],[139.5565,38.58],[139.5565,38.58],[139.5566,38.58],[139.5566,38.5801],[139.5566,38.5801],[139.5567,38.5801],[139.5567,38.5802],[139.5567,38.5802],[139.5568,38.5802],[139.5569,38.5802],[139.5568,38.5803],[139.5568,38.5803],[139.5569,38.5803],[139.557,38.5803],[139.5571,38.5804],[139.5571,38.5804],[139.5572,38.5803],[139.5572,38.5803],[139.5574,38.5803],[139.5574,38.5804],[139.5574,38.5804],[139.5574,38.5805],[139.5573,38.5805],[139.5573,38.5806],[139.5573,38.5806],[139.5573,38.5807],[139.5573,38.5807],[139.5573,38.5808],[139.5574,38.5808],[139.5574,38.5808],[139.5575,38.5809],[139.5575,38.581],[139.5576,38.581],[139.5576,38.5811],[139.5577,38.5811],[139.5578,38.5811],[139.5578,38.581],[139.5578,38.581],[139.5579,38.581],[139.5579,38.581],[139.558,38.581],[139.558,38.5811],[139.5581,38.5811],[139.5582,38.5811],[139.5582,38.581],[139.5582,38.581],[139.5582,38.581],[139.5582,38.5809],[139.5582,38.5809],[139.5583,38.5808],[139.5583,38.5808],[139.5584,38.5808],[139.5586,38.5808],[139.5588,38.5808],[139.559,38.5808],[139.5592,38.5809],[139.5594,38.5811],[139.5597,38.5812],[139.5597,38.5813],[139.5599,38.5818],[139.5599,38.5822],[139.5599,38.5825],[139.5599,38.5828],[139.5598,38.5829],[139.5597,38.5829],[139.5597,38.583],[139.5596,38.583],[139.5596,38.5829],[139.5596,38.5828],[139.5595,38.5828],[139.5595,38.5827],[139.5594,38.5827],[139.5593,38.5827],[139.5592,38.5827],[139.5592,38.5827],[139.5591,38.5827],[139.5591,38.5827],[139.559,38.5827],[139.5589,38.5827],[139.5589,38.5827],[139.5589,38.5828],[139.559,38.5828],[139.559,38.5829],[139.5591,38.583],[139.5592,38.5831],[139.5593,38.5831],[139.5593,38.5833],[139.5594,38.5833],[139.5594,38.5833],[139.5594,38.5833],[139.5594,38.5834],[139.5594,38.5835],[139.5594,38.5835],[139.5594,38.5836],[139.5595,38.5836],[139.5594,38.5837],[139.5595,38.5838],[139.5595,38.5838],[139.5595,38.5838],[139.5595,38.5839],[139.5595,38.5839],[139.5596,38.5839],[139.5595,38.584],[139.5596,38.5841],[139.5596,38.5841],[139.5597,38.5841],[139.5597,38.5842],[139.5598,38.5842],[139.5598,38.5842],[139.5599,38.5842],[139.5599,38.5844],[139.5599,38.5844],[139.5598,38.5844],[139.5598,38.5845],[139.5598,38.5845],[139.5597,38.5845],[139.5597,38.5846],[139.5597,38.5846],[139.5597,38.5847],[139.5597,38.5847],[139.5597,38.5848],[139.5597,38.5848],[139.5597,38.5849],[139.5597,38.5849],[139.5598,38.5849],[139.5597,38.585],[139.5597,38.5851],[139.5598,38.5852],[139.5598,38.5852],[139.5597,38.5853],[139.5598,38.5853],[139.5598,38.5853],[139.5598,38.5854],[139.5598,38.5854],[139.5599,38.5856],[139.5599,38.5856],[139.5599,38.5857],[139.5599,38.5857],[139.5599,38.5858],[139.5598,38.5859],[139.5599,38.5859],[139.5598,38.5861],[139.5597,38.5861],[139.5596,38.5861],[139.5596,38.5862],[139.5596,38.5863],[139.5596,38.5864],[139.5595,38.5865],[139.5596,38.5865],[139.5597,38.5866],[139.5598,38.5867],[139.5598,38.5867],[139.5598,38.5868],[139.5599,38.5869],[139.56,38.5869],[139.5601,38.5869],[139.5601,38.587],[139.5601,38.587],[139.5602,38.587],[139.5601,38.5871],[139.5601,38.5872],[139.5602,38.5872],[139.5602,38.5872],[139.5603,38.5872],[139.5604,38.5873],[139.5604,38.5873],[139.5605,38.5873],[139.5606,38.5874],[139.5606,38.5874],[139.5607,38.5874],[139.5608,38.5874],[139.5609,38.5874],[139.5609,38.5875],[139.561,38.5875],[139.561,38.5875],[139.5611,38.5875],[139.5612,38.5876],[139.5612,38.5876],[139.5613,38.5876],[139.5613,38.5877],[139.5613,38.5877],[139.5614,38.5877],[139.5615,38.5879],[139.5615,38.5879],[139.5615,38.5879],[139.5614,38.5879],[139.5613,38.5878],[139.5612,38.5878],[139.561,38.5879],[139.561,38.5878],[139.5609,38.5879],[139.5609,38.5879],[139.5609,38.588],[139.561,38.588],[139.5611,38.588],[139.5611,38.588],[139.5612,38.5881],[139.5613,38.5881],[139.5612,38.5881],[139.5612,38.5883],[139.5612,38.5883],[139.5613,38.5884],[139.5613,38.5884],[139.5615,38.5883],[139.5616,38.5883],[139.5616,38.5883],[139.5616,38.5884],[139.5616,38.5884],[139.5616,38.5885],[139.5617,38.5885],[139.5618,38.5885],[139.5619,38.5884],[139.5619,38.5885],[139.5619,38.5885],[139.562,38.5886],[139.563,38.5898],[139.5632,38.5898],[139.5632,38.5899],[139.563,38.59],[139.5631,38.5902],[139.5632,38.5902],[139.5631,38.5901],[139.5636,38.5896],[139.5638,38.5899],[139.5638,38.5899],[139.5637,38.5899],[139.5638,38.59],[139.5638,38.59],[139.5638,38.59],[139.5639,38.5903],[139.564,38.5904],[139.5641,38.5906],[139.5636,38.5907],[139.5636,38.5908],[139.5638,38.5907],[139.5644,38.5914],[139.5638,38.5915],[139.5634,38.5914],[139.5632,38.5908],[139.5632,38.5906],[139.5631,38.5906],[139.5631,38.5908],[139.5631,38.591],[139.5631,38.591],[139.563,38.591],[139.563,38.5909],[139.5629,38.591],[139.5629,38.591],[139.5628,38.591],[139.5627,38.591],[139.5626,38.591],[139.5626,38.5911],[139.5625,38.5911],[139.5625,38.5911],[139.5624,38.5911],[139.5624,38.5912],[139.5624,38.5913],[139.5624,38.5914],[139.5626,38.5914],[139.5627,38.5914],[139.5627,38.5914],[139.5629,38.5915],[139.5629,38.5915],[139.5629,38.5915],[139.5628,38.5916],[139.5628,38.5916],[139.5628,38.5916],[139.5627,38.5917],[139.5627,38.5917],[139.5627,38.5917],[139.5627,38.5917],[139.5627,38.5918],[139.5628,38.5918],[139.5629,38.5918],[139.5629,38.5919],[139.563,38.5919],[139.563,38.592],[139.563,38.5921],[139.5631,38.5922],[139.5632,38.5921],[139.5633,38.5921],[139.5634,38.592],[139.5635,38.592],[139.5636,38.5919],[139.5636,38.5918],[139.5637,38.5917],[139.5644,38.5917],[139.5644,38.5917],[139.5647,38.5916],[139.5647,38.5917],[139.5647,38.5917],[139.5652,38.5923],[139.5653,38.5924],[139.5653,38.5926],[139.5654,38.5928],[139.5654,38.5929],[139.5654,38.5932],[139.5653,38.5936],[139.5652,38.5938],[139.5651,38.594],[139.5651,38.594],[139.5648,38.5943],[139.5648,38.5944],[139.5648,38.5944],[139.5647,38.5944],[139.5646,38.5944],[139.5646,38.5944],[139.5645,38.5944],[139.5645,38.5944],[139.5644,38.5945],[139.5643,38.5945],[139.5642,38.5945],[139.5641,38.5946],[139.5641,38.5947],[139.5642,38.5947],[139.5641,38.5948],[139.5641,38.5949],[139.5642,38.5949],[139.5641,38.595],[139.564,38.5951],[139.564,38.5951],[139.564,38.5952],[139.5638,38.5953],[139.5637,38.5953],[139.5636,38.5953],[139.5636,38.5954],[139.5636,38.5955],[139.5636,38.5955],[139.5637,38.5955],[139.5639,38.5955],[139.5639,38.5955],[139.564,38.5955],[139.5641,38.5955],[139.5641,38.5955],[139.5642,38.5954],[139.5643,38.5954],[139.5644,38.5954],[139.5645,38.5954],[139.5645,38.5955],[139.5646,38.5955],[139.5647,38.5955],[139.5647,38.5956],[139.5648,38.5956],[139.5648,38.5957],[139.5649,38.5956],[139.5649,38.5957],[139.5649,38.5958],[139.5649,38.5958],[139.5648,38.5959],[139.5647,38.5959],[139.5647,38.596],[139.5647,38.596],[139.5648,38.5961],[139.5648,38.5961],[139.5648,38.5962],[139.5648,38.5962],[139.565,38.5962],[139.565,38.5963],[139.565,38.5963],[139.5651,38.5963],[139.5652,38.5963],[139.5653,38.5963],[139.5653,38.5962],[139.5654,38.5963],[139.5654,38.5963],[139.5655,38.5964],[139.5654,38.5964],[139.5654,38.5965],[139.5654,38.5965],[139.5655,38.5965],[139.5655,38.5966],[139.5656,38.5966],[139.5657,38.5966],[139.5658,38.5967],[139.5659,38.5967],[139.5659,38.5967],[139.566,38.5968],[139.566,38.5968],[139.5659,38.5968],[139.5659,38.5969],[139.5658,38.5969],[139.5657,38.597],[139.5656,38.597],[139.5657,38.5971],[139.5657,38.5971],[139.5658,38.5972],[139.5658,38.5972],[139.5659,38.5973],[139.5659,38.5973],[139.5659,38.5974],[139.5661,38.5974],[139.5661,38.5975],[139.5663,38.5975],[139.5662,38.5976],[139.5663,38.5976],[139.5663,38.5976],[139.5664,38.5976],[139.5665,38.5976],[139.5666,38.5976],[139.5666,38.5977],[139.5666,38.5977],[139.5666,38.5978],[139.5667,38.5978],[139.5667,38.5978],[139.5667,38.5978],[139.5667,38.5978],[139.5668,38.5979],[139.5668,38.5979],[139.567,38.5979],[139.567,38.5979],[139.567,38.598],[139.5671,38.598],[139.5672,38.598],[139.5672,38.598],[139.5674,38.598],[139.5674,38.5979],[139.5679,38.5981],[139.5682,38.5983],[139.5684,38.5984],[139.5685,38.5984],[139.5684,38.5985],[139.5684,38.5986],[139.5683,38.5986],[139.5682,38.5987],[139.5682,38.5988],[139.5682,38.5988],[139.5683,38.5989],[139.5683,38.599],[139.5684,38.599],[139.5684,38.599],[139.5685,38.5991],[139.5686,38.5991],[139.5687,38.5992],[139.5687,38.5992],[139.5688,38.5991],[139.5689,38.5991],[139.569,38.5992],[139.5691,38.5991],[139.5692,38.5992],[139.5693,38.5992],[139.5694,38.5992],[139.5695,38.5992],[139.5696,38.5992],[139.5697,38.5991],[139.5697,38.5992],[139.5699,38.5993],[139.57,38.5994],[139.5701,38.5996],[139.5702,38.5997],[139.5702,38.5998],[139.5703,38.5998],[139.5702,38.5999],[139.5702,38.5999],[139.5702,38.6],[139.5702,38.6],[139.5702,38.6],[139.5701,38.6001],[139.5701,38.6001],[139.5701,38.6002],[139.57,38.6002],[139.57,38.6003],[139.57,38.6004],[139.57,38.6004],[139.5699,38.6005],[139.57,38.6005],[139.5699,38.6006],[139.5699,38.6006],[139.57,38.6007],[139.57,38.6007],[139.5699,38.6008],[139.5699,38.6009],[139.57,38.6009],[139.5699,38.601],[139.5699,38.601],[139.5699,38.6011],[139.57,38.6011],[139.57,38.6012],[139.5701,38.6012],[139.5701,38.6013],[139.5702,38.6013],[139.5703,38.6014],[139.5703,38.6015],[139.5704,38.6016],[139.5705,38.6016],[139.5705,38.6016],[139.5705,38.6018],[139.5704,38.6018],[139.5704,38.6018],[139.5704,38.6018],[139.5703,38.6019],[139.5702,38.6019],[139.5702,38.6019],[139.5701,38.6018],[139.57,38.6018],[139.5699,38.6018],[139.5698,38.6018],[139.5698,38.6018],[139.5697,38.6017],[139.5697,38.6018],[139.5696,38.6018],[139.5696,38.6018],[139.5695,38.6018],[139.5695,38.6018],[139.5695,38.6019],[139.5695,38.6019],[139.5695,38.6019],[139.5695,38.6019],[139.5694,38.602],[139.5694,38.602],[139.5694,38.602],[139.5693,38.602],[139.5693,38.602],[139.5692,38.602],[139.5691,38.6019],[139.5692,38.6019],[139.5691,38.6018],[139.569,38.6018],[139.569,38.6018],[139.5689,38.6018],[139.5688,38.6018],[139.5688,38.6018],[139.5688,38.6019],[139.5688,38.6019],[139.5687,38.602],[139.5687,38.602],[139.5687,38.602],[139.5688,38.6021],[139.5688,38.6021],[139.5688,38.6022],[139.5686,38.6022],[139.5686,38.6023],[139.5685,38.6022],[139.5684,38.6022],[139.5683,38.6021],[139.5683,38.6022],[139.5683,38.6022],[139.5683,38.6023],[139.5683,38.6023],[139.5683,38.6024],[139.5684,38.6025],[139.5685,38.6025],[139.5686,38.6025],[139.5686,38.6026],[139.5687,38.6026],[139.5687,38.6026],[139.5688,38.6026],[139.5688,38.6026],[139.5688,38.6026],[139.5689,38.6026],[139.569,38.6026],[139.5689,38.6027],[139.569,38.6028],[139.5689,38.6028],[139.5689,38.6028],[139.5689,38.6029],[139.5689,38.603],[139.5689,38.603],[139.5688,38.603],[139.5688,38.603],[139.5689,38.6031],[139.569,38.6031],[139.5692,38.6031],[139.5692,38.6031],[139.5693,38.6031],[139.5694,38.603],[139.5694,38.603],[139.5694,38.603],[139.5695,38.6031],[139.5695,38.6031],[139.5696,38.6032],[139.5696,38.6032],[139.5695,38.6033],[139.5695,38.6033],[139.5694,38.6034],[139.5694,38.6034],[139.5695,38.6035],[139.5695,38.6035],[139.5695,38.6036],[139.5697,38.6036],[139.5698,38.6036],[139.5699,38.6036],[139.5699,38.6035],[139.5698,38.6034],[139.5698,38.6034],[139.5699,38.6033],[139.5699,38.6032],[139.57,38.6032],[139.57,38.6032],[139.5701,38.6032],[139.5701,38.6032],[139.5702,38.6032],[139.5703,38.6032],[139.5704,38.6032],[139.5704,38.6032],[139.5705,38.6032],[139.5706,38.6032],[139.5706,38.6032],[139.5706,38.6032],[139.5707,38.6033],[139.5708,38.6033],[139.5709,38.6034],[139.5709,38.6034],[139.571,38.6035],[139.571,38.6035],[139.5711,38.6035],[139.5711,38.6036],[139.5711,38.6036],[139.5712,38.6036],[139.5713,38.6036],[139.5713,38.6037],[139.5713,38.6037],[139.5714,38.6037],[139.5715,38.6037],[139.5714,38.6037],[139.5714,38.6038],[139.5713,38.6038],[139.5713,38.6038],[139.5713,38.6039],[139.5713,38.6039],[139.5712,38.6039],[139.5711,38.6039],[139.5711,38.604],[139.571,38.604],[139.571,38.604],[139.571,38.6041],[139.571,38.6041],[139.5711,38.6042],[139.5712,38.6042],[139.5712,38.6042],[139.5714,38.6042],[139.5714,38.6042],[139.5714,38.6042],[139.5716,38.6042],[139.5717,38.6041],[139.5717,38.6041],[139.5718,38.6042],[139.572,38.6042],[139.572,38.6042],[139.5721,38.6042],[139.5722,38.6042],[139.5723,38.6041],[139.5723,38.6041],[139.5723,38.6041],[139.5723,38.6041],[139.5724,38.604],[139.5724,38.604],[139.5724,38.6039],[139.5724,38.6039],[139.573,38.6042],[139.5733,38.6043],[139.5736,38.6045],[139.5739,38.6048],[139.5741,38.605],[139.5741,38.6051],[139.5742,38.6055],[139.5742,38.6059],[139.5742,38.606],[139.5743,38.606],[139.5743,38.6062],[139.5744,38.6063],[139.5744,38.6064],[139.5744,38.6065],[139.5745,38.6066],[139.5745,38.6067],[139.5746,38.6069],[139.5747,38.6071],[139.5748,38.6072],[139.5748,38.6073],[139.5748,38.6076],[139.5749,38.6077],[139.575,38.6078],[139.575,38.6078],[139.575,38.6078],[139.5751,38.608],[139.575,38.6083],[139.575,38.6083],[139.575,38.6085],[139.575,38.6086],[139.575,38.6086],[139.5749,38.6091],[139.5742,38.6095],[139.574,38.6096],[139.574,38.6096],[139.5739,38.6096],[139.5738,38.6096],[139.5738,38.6096],[139.5737,38.6097],[139.5737,38.6098],[139.5738,38.6098],[139.5738,38.6099],[139.5739,38.6099],[139.5739,38.61],[139.574,38.6101],[139.574,38.6101],[139.574,38.6102],[139.5737,38.6103],[139.5737,38.6103],[139.5737,38.6103],[139.5736,38.6104],[139.5736,38.6104],[139.5737,38.6105],[139.5737,38.6106],[139.5737,38.6106],[139.5738,38.6107],[139.5738,38.6107],[139.5739,38.6108],[139.5739,38.6108],[139.5739,38.6109],[139.574,38.611],[139.574,38.611],[139.574,38.6111],[139.574,38.6112],[139.5741,38.6112],[139.5742,38.6112],[139.5742,38.6114],[139.5742,38.6114],[139.5742,38.6109],[139.5738,38.6103],[139.5741,38.6102],[139.5741,38.6102],[139.5741,38.6103],[139.5743,38.6102],[139.5744,38.6102],[139.5744,38.6102],[139.5745,38.6101],[139.5745,38.6101],[139.5745,38.61],[139.5744,38.6099],[139.5743,38.6098],[139.5743,38.6098],[139.5742,38.6098],[139.5742,38.6097],[139.5742,38.6096],[139.5741,38.6096],[139.5743,38.6095],[139.5744,38.6097],[139.5745,38.6098],[139.5745,38.6098],[139.5749,38.6101],[139.575,38.6102],[139.575,38.6103],[139.5751,38.6103],[139.5751,38.6104],[139.575,38.6104],[139.575,38.6104],[139.5749,38.6105],[139.5746,38.6105],[139.5746,38.6105],[139.5749,38.6106],[139.575,38.6105],[139.575,38.6105],[139.5752,38.6104],[139.5753,38.6105],[139.5756,38.6107],[139.5758,38.6109],[139.5762,38.6111],[139.5765,38.6113],[139.577,38.6116],[139.5772,38.612],[139.5774,38.6123],[139.5774,38.6124],[139.5773,38.6124],[139.5773,38.6125],[139.5772,38.6125],[139.5772,38.6126],[139.5771,38.6126],[139.577,38.6127],[139.5768,38.6128],[139.5766,38.6128],[139.5764,38.6129],[139.5763,38.6129],[139.5763,38.613],[139.5765,38.6131],[139.5764,38.6132],[139.5764,38.6134],[139.5765,38.6134],[139.5764,38.6135],[139.5765,38.6136],[139.5766,38.6136],[139.5766,38.6136],[139.5766,38.6135],[139.5767,38.6135],[139.5768,38.6133],[139.5768,38.6133],[139.5768,38.6132],[139.5769,38.6132],[139.5771,38.6132],[139.5771,38.6131],[139.5773,38.6132],[139.5774,38.6133],[139.5776,38.6133],[139.5777,38.6133],[139.5777,38.6134],[139.5778,38.6134],[139.5779,38.6134],[139.5779,38.6135],[139.5779,38.6136],[139.578,38.6137],[139.578,38.6138],[139.578,38.6138],[139.578,38.6139],[139.578,38.614],[139.578,38.6141],[139.578,38.6141],[139.578,38.6142],[139.5781,38.6142],[139.5782,38.6142],[139.5782,38.6143],[139.5783,38.6144],[139.5784,38.6144],[139.5785,38.6143],[139.5785,38.6144],[139.5785,38.6143],[139.5787,38.6142],[139.5788,38.6144],[139.5791,38.6149],[139.5791,38.6149],[139.5791,38.615],[139.579,38.615],[139.5789,38.615],[139.5789,38.6151],[139.5787,38.615],[139.5786,38.6151],[139.5785,38.6151],[139.5786,38.6151],[139.5786,38.6152],[139.5787,38.6153],[139.5787,38.6153],[139.5787,38.6154],[139.5787,38.6155],[139.5788,38.6155],[139.5788,38.6155],[139.5789,38.6155],[139.5789,38.6155],[139.5789,38.6155],[139.5789,38.6155],[139.5789,38.6155],[139.5789,38.6156],[139.5789,38.6156],[139.5789,38.6156],[139.5789,38.6156],[139.5789,38.6156],[139.5788,38.6156],[139.5788,38.6156],[139.5788,38.6156],[139.5788,38.6156],[139.5788,38.6156],[139.5788,38.6156],[139.5788,38.6156],[139.5788,38.6157],[139.5788,38.6157],[139.5788,38.6157],[139.5788,38.6157],[139.5788,38.6157],[139.5788,38.6157],[139.5788,38.6157],[139.5788,38.6157],[139.5788,38.6157],[139.5788,38.6157],[139.5788,38.6157],[139.5788,38.6157],[139.5788,38.6157],[139.5788,38.6157],[139.5788,38.6158],[139.5788,38.6158],[139.5788,38.6158],[139.5788,38.6158],[139.5788,38.6158],[139.5788,38.6158],[139.5789,38.6158],[139.5789,38.6158],[139.5789,38.6158],[139.5789,38.6158],[139.5789,38.6158],[139.5789,38.6158],[139.5789,38.6158],[139.5789,38.6158],[139.5789,38.6159],[139.5789,38.6159],[139.5789,38.6159],[139.579,38.6159],[139.579,38.6159],[139.579,38.6159],[139.579,38.6159],[139.579,38.6159],[139.579,38.6159],[139.579,38.6159],[139.579,38.6159],[139.579,38.6159],[139.579,38.6159],[139.5791,38.6159],[139.5791,38.6159],[139.5791,38.6159],[139.5791,38.6159],[139.5791,38.6159],[139.5791,38.6159],[139.5791,38.6159],[139.5791,38.6159],[139.5791,38.6159],[139.5792,38.6159],[139.5792,38.6159],[139.5792,38.6159],[139.5792,38.6159],[139.5792,38.6159],[139.5792,38.6159],[139.5792,38.6158],[139.5792,38.6158],[139.5792,38.6158],[139.5793,38.6158],[139.5793,38.6158],[139.5793,38.6158],[139.5793,38.6158],[139.5793,38.6158],[139.5793,38.6158],[139.5793,38.6158],[139.5794,38.6158],[139.5794,38.6157],[139.5794,38.6157],[139.5794,38.6157],[139.5794,38.6157],[139.5794,38.6157],[139.5794,38.6157],[139.5794,38.6157],[139.5794,38.6157],[139.5794,38.6157],[139.5795,38.6157],[139.5795,38.6157],[139.5795,38.6157],[139.5795,38.6157],[139.5795,38.6157],[139.5795,38.6157],[139.5795,38.6158],[139.5795,38.6158],[139.5795,38.6158],[139.5795,38.6158],[139.5795,38.6158],[139.5795,38.6158],[139.5795,38.6158],[139.5795,38.6158],[139.5795,38.6158],[139.5795,38.6158],[139.5795,38.6158],[139.5795,38.6158],[139.5795,38.6158],[139.5795,38.6158],[139.5795,38.6159],[139.5795,38.6159],[139.5794,38.6159],[139.5794,38.6159],[139.5794,38.6159],[139.5794,38.6159],[139.5794,38.6159],[139.5794,38.6159],[139.5794,38.6159],[139.5794,38.6159],[139.5794,38.6159],[139.5794,38.6159],[139.5793,38.6159],[139.5793,38.616],[139.5793,38.616],[139.5793,38.616],[139.5793,38.616],[139.5793,38.616],[139.5793,38.616],[139.5793,38.616],[139.5793,38.616],[139.5792,38.616],[139.5792,38.616],[139.5792,38.616],[139.5792,38.616],[139.5792,38.6161],[139.5792,38.6161],[139.5792,38.6161],[139.5791,38.6161],[139.5791,38.6161],[139.5791,38.6161],[139.5791,38.6161],[139.5791,38.6161],[139.5791,38.6161],[139.5791,38.6161],[139.5791,38.6161],[139.5791,38.6162],[139.5791,38.6162],[139.5791,38.6162],[139.5791,38.6162],[139.5791,38.6162],[139.5791,38.6162],[139.5791,38.6162],[139.5791,38.6162],[139.5791,38.6162],[139.5791,38.6162],[139.5792,38.6162],[139.5792,38.6162],[139.5792,38.6162],[139.5792,38.6162],[139.5792,38.6162],[139.5792,38.6162],[139.5792,38.6162],[139.5792,38.6162],[139.5792,38.6162],[139.5792,38.6162],[139.5793,38.6162],[139.5793,38.6162],[139.5793,38.6162],[139.5793,38.6162],[139.5793,38.6162],[139.5793,38.6162],[139.5793,38.6162],[139.5793,38.6162],[139.5793,38.6162],[139.5793,38.6162],[139.5793,38.6162],[139.5793,38.6162],[139.5794,38.6162],[139.5794,38.6162],[139.5794,38.6162],[139.5794,38.6161],[139.5794,38.6161],[139.5794,38.6161],[139.5794,38.6161],[139.5794,38.6161],[139.5795,38.6161],[139.5795,38.6161],[139.5795,38.6161],[139.5795,38.6161],[139.5795,38.6161],[139.5795,38.6161],[139.5795,38.6161],[139.5796,38.6161],[139.5796,38.6161],[139.5796,38.6161],[139.5796,38.6161],[139.5796,38.6161],[139.5796,38.6161],[139.5796,38.6161],[139.5796,38.6161],[139.5796,38.6161],[139.5796,38.6161],[139.5797,38.6161],[139.5797,38.6161],[139.5797,38.6161],[139.5797,38.6161],[139.5797,38.6161],[139.5797,38.6162],[139.5797,38.6162],[139.5797,38.6162],[139.5797,38.6162],[139.5797,38.6162],[139.5797,38.6162],[139.5797,38.6162],[139.5797,38.6162],[139.5797,38.6162],[139.5797,38.6162],[139.5798,38.6162],[139.5798,38.6163],[139.5798,38.6163],[139.5797,38.6163],[139.5798,38.6163],[139.5798,38.6163],[139.5798,38.6163],[139.5797,38.6163],[139.5797,38.6163],[139.5797,38.6163],[139.5797,38.6163],[139.5797,38.6163],[139.5797,38.6164],[139.5797,38.6164],[139.5797,38.6164],[139.5797,38.6164],[139.5797,38.6164],[139.5796,38.6164],[139.5796,38.6164],[139.5796,38.6164],[139.5796,38.6164],[139.5796,38.6164],[139.5796,38.6164],[139.5796,38.6164],[139.5795,38.6165],[139.5795,38.6165],[139.5795,38.6165],[139.5795,38.6165],[139.5795,38.6165],[139.5795,38.6165],[139.5795,38.6165],[139.5795,38.6165],[139.5795,38.6166],[139.5795,38.6166],[139.5795,38.6166],[139.5795,38.6166],[139.5795,38.6166],[139.5795,38.6166],[139.5795,38.6166],[139.5795,38.6166],[139.5795,38.6166],[139.5795,38.6166],[139.5796,38.6166],[139.5796,38.6166],[139.5796,38.6166],[139.5796,38.6166],[139.5796,38.6166],[139.5796,38.6166],[139.5796,38.6166],[139.5796,38.6165],[139.5796,38.6165],[139.5796,38.6165],[139.5796,38.6165],[139.5796,38.6165],[139.5796,38.6165],[139.5796,38.6165],[139.5797,38.6165],[139.5797,38.6165],[139.5797,38.6165],[139.5797,38.6165],[139.5797,38.6165],[139.5797,38.6165],[139.5797,38.6165],[139.5797,38.6165],[139.5797,38.6165],[139.5797,38.6165],[139.5797,38.6165],[139.5798,38.6165],[139.5798,38.6164],[139.5798,38.6164],[139.5798,38.6164],[139.5798,38.6164],[139.5798,38.6164],[139.5798,38.6164],[139.5798,38.6164],[139.5798,38.6164],[139.5798,38.6164],[139.5798,38.6164],[139.5799,38.6164],[139.5799,38.6164],[139.5799,38.6164],[139.5799,38.6164],[139.5799,38.6164],[139.5799,38.6164],[139.5799,38.6164],[139.5799,38.6164],[139.5799,38.6163],[139.5799,38.6164],[139.58,38.6164],[139.58,38.6163],[139.58,38.6163],[139.58,38.6163],[139.58,38.6164],[139.58,38.6164],[139.58,38.6164],[139.58,38.6164],[139.58,38.6164],[139.58,38.6164],[139.58,38.6164],[139.58,38.6164],[139.58,38.6164],[139.58,38.6164],[139.5801,38.6165],[139.58,38.6165],[139.58,38.6165],[139.58,38.6165],[139.58,38.6165],[139.58,38.6165],[139.58,38.6165],[139.58,38.6165],[139.58,38.6165],[139.58,38.6165],[139.58,38.6166],[139.58,38.6166],[139.5801,38.6166],[139.5801,38.6166],[139.5801,38.6166],[139.5801,38.6166],[139.5801,38.6166],[139.5801,38.6166],[139.5801,38.6166],[139.5801,38.6166],[139.5801,38.6166],[139.5802,38.6166],[139.5802,38.6166],[139.5802,38.6166],[139.5802,38.6166],[139.5802,38.6166],[139.5802,38.6166],[139.5802,38.6166],[139.5802,38.6166],[139.5803,38.6166],[139.5803,38.6166],[139.5803,38.6166],[139.5803,38.6166],[139.5803,38.6166],[139.5803,38.6166],[139.5803,38.6166],[139.5803,38.6166],[139.5804,38.6166],[139.5804,38.6167],[139.5804,38.6167],[139.5804,38.6167],[139.5804,38.6167],[139.5804,38.6167],[139.5804,38.6167],[139.5805,38.6167],[139.5806,38.6169],[139.5809,38.6171],[139.5811,38.6173],[139.5813,38.6175],[139.5813,38.6176],[139.5813,38.6176],[139.5814,38.6177],[139.5814,38.6177],[139.5814,38.6177],[139.5814,38.6177],[139.5814,38.6177],[139.5814,38.6177],[139.5814,38.6177],[139.5814,38.6178],[139.5814,38.6178],[139.5814,38.6178],[139.5814,38.6178],[139.5814,38.6178],[139.5814,38.6178],[139.5814,38.6178],[139.5814,38.6178],[139.5814,38.6178],[139.5814,38.6178],[139.5814,38.6178],[139.5814,38.6178],[139.5814,38.6179],[139.5814,38.6179],[139.5814,38.6179],[139.5814,38.6179],[139.5814,38.6179],[139.5814,38.6179],[139.5815,38.6179],[139.5815,38.6179],[139.5815,38.6179],[139.5815,38.6179],[139.5815,38.6179],[139.5815,38.6179],[139.5815,38.6179],[139.5815,38.6179],[139.5815,38.6179],[139.5816,38.6179],[139.5816,38.6179],[139.5816,38.6179],[139.5816,38.6179],[139.5816,38.6179],[139.5816,38.6179],[139.5816,38.6179],[139.5818,38.618],[139.5818,38.618],[139.582,38.6182],[139.5823,38.6185],[139.5823,38.6185],[139.5823,38.6185],[139.5823,38.6185],[139.5823,38.6185],[139.5824,38.6186],[139.5824,38.6185],[139.5825,38.6186],[139.5826,38.6188],[139.5826,38.6189],[139.5827,38.619],[139.5828,38.6192],[139.5828,38.6192],[139.5828,38.6192],[139.5828,38.6192],[139.5828,38.6192],[139.5828,38.6192],[139.5828,38.6193],[139.5828,38.6193],[139.5828,38.6193],[139.5828,38.6193],[139.5828,38.6193],[139.5828,38.6193],[139.5828,38.6193],[139.5828,38.6193],[139.5828,38.6193],[139.5828,38.6193],[139.5828,38.6193],[139.5828,38.6193],[139.5828,38.6193],[139.5828,38.6193],[139.5827,38.6193],[139.5827,38.6193],[139.5827,38.6193],[139.5827,38.6193],[139.5827,38.6194],[139.5827,38.6194],[139.5827,38.6194],[139.5827,38.6194],[139.5827,38.6194],[139.5826,38.6194],[139.5826,38.6194],[139.5826,38.6194],[139.5826,38.6194],[139.5826,38.6194],[139.5826,38.6194],[139.5826,38.6195],[139.5826,38.6195],[139.5826,38.6195],[139.5825,38.6195],[139.5825,38.6195],[139.5825,38.6195],[139.5825,38.6195],[139.5825,38.6195],[139.5825,38.6195],[139.5825,38.6195],[139.5824,38.6196],[139.5824,38.6196],[139.5824,38.6196],[139.5824,38.6196],[139.5824,38.6196],[139.5824,38.6196],[139.5823,38.6196],[139.5823,38.6196],[139.5823,38.6197],[139.5823,38.6197],[139.5823,38.6197],[139.5823,38.6197],[139.5823,38.6197],[139.5823,38.6197],[139.5823,38.6197],[139.5823,38.6197],[139.5823,38.6197],[139.5823,38.6197],[139.5823,38.6197],[139.5823,38.6197],[139.5823,38.6198],[139.5823,38.6198],[139.5823,38.6198],[139.5823,38.6198],[139.5823,38.6198],[139.5824,38.6198],[139.5824,38.6198],[139.5824,38.6198],[139.5824,38.6198],[139.5824,38.6198],[139.5824,38.6198],[139.5825,38.6198],[139.5825,38.6198],[139.5825,38.6198],[139.5825,38.6198],[139.5825,38.6198],[139.5825,38.6198],[139.5825,38.6198],[139.5825,38.6198],[139.5825,38.6198],[139.5825,38.6198],[139.5825,38.6198],[139.5825,38.6198],[139.5826,38.6198],[139.5826,38.6198],[139.5826,38.6198],[139.5826,38.6198],[139.5826,38.6198],[139.5827,38.6197],[139.5827,38.6197],[139.5827,38.6197],[139.5827,38.6197],[139.5827,38.6197],[139.5827,38.6197],[139.5827,38.6197],[139.5827,38.6196],[139.5827,38.6196],[139.5828,38.6196],[139.5828,38.6196],[139.5828,38.6196],[139.5828,38.6196],[139.5829,38.6196],[139.5829,38.6197],[139.5829,38.6197],[139.5829,38.6197],[139.583,38.6198],[139.5829,38.6199],[139.5829,38.62],[139.5829,38.62],[139.5829,38.62],[139.5828,38.62],[139.5828,38.62],[139.5828,38.6201],[139.5828,38.6201],[139.5828,38.6201],[139.5828,38.6201],[139.5828,38.6201],[139.5828,38.6201],[139.5828,38.6202],[139.5828,38.6202],[139.5828,38.6202],[139.5828,38.6202],[139.5828,38.6202],[139.5828,38.6202],[139.5828,38.6202],[139.5828,38.6202],[139.5828,38.6202],[139.5828,38.6202],[139.5828,38.6202],[139.5828,38.6202],[139.5828,38.6202],[139.5828,38.6202],[139.5829,38.6201],[139.5828,38.6201],[139.5828,38.6201],[139.5828,38.6201],[139.5828,38.6201],[139.5829,38.6201],[139.5829,38.6201],[139.5829,38.6201],[139.5829,38.6201],[139.5829,38.6201],[139.5829,38.6202],[139.5829,38.6202],[139.583,38.6202],[139.5831,38.6203],[139.5833,38.6204],[139.5833,38.6204],[139.5834,38.6204],[139.5835,38.6205],[139.5835,38.6206],[139.5836,38.6206],[139.5837,38.6207],[139.5837,38.6208],[139.5837,38.6208],[139.5837,38.6208],[139.5837,38.6208],[139.5837,38.6208],[139.5837,38.6209],[139.5837,38.6209],[139.5837,38.6209],[139.5837,38.6209],[139.5837,38.6209],[139.5837,38.6209],[139.5837,38.6209],[139.5837,38.6209],[139.5837,38.6208],[139.5837,38.6208],[139.5838,38.6209],[139.5838,38.6209],[139.5838,38.621],[139.5838,38.621],[139.5839,38.621],[139.5839,38.6211],[139.5839,38.6211],[139.5839,38.6211],[139.5839,38.6211],[139.5839,38.6211],[139.5839,38.6211],[139.584,38.6211],[139.584,38.6211],[139.5841,38.621],[139.5841,38.6211],[139.5842,38.6211],[139.5843,38.6212],[139.5844,38.6212],[139.5845,38.6213],[139.5848,38.6216],[139.585,38.6218],[139.5849,38.6218],[139.584,38.6224],[139.5843,38.6228],[139.5844,38.6227],[139.5842,38.6224],[139.5844,38.6223],[139.5845,38.6223],[139.5847,38.6223],[139.5848,38.6223],[139.585,38.6223],[139.5851,38.6224],[139.5853,38.6225],[139.5856,38.6228],[139.5857,38.623],[139.5857,38.623],[139.5857,38.6231],[139.5857,38.6231],[139.5857,38.6231],[139.5857,38.6232],[139.5858,38.6232],[139.5858,38.6232],[139.5858,38.6233],[139.5859,38.6233],[139.5859,38.6233],[139.5859,38.6233],[139.5859,38.6233],[139.586,38.6234],[139.586,38.6234],[139.586,38.6235],[139.5861,38.6238],[139.5861,38.624],[139.586,38.6244],[139.586,38.6246],[139.5859,38.6247],[139.5851,38.625],[139.585,38.6251],[139.585,38.6251],[139.5849,38.625],[139.5848,38.625],[139.5848,38.625],[139.5847,38.625],[139.5847,38.625],[139.5847,38.625],[139.5847,38.625],[139.5847,38.6249],[139.5846,38.6249],[139.5846,38.6248],[139.5845,38.6247],[139.5845,38.6246],[139.5844,38.6246],[139.5844,38.6245],[139.5844,38.6245],[139.5844,38.6244],[139.5844,38.6244],[139.5844,38.6244],[139.5843,38.6244],[139.5843,38.6244],[139.5843,38.6243],[139.5843,38.6243],[139.5842,38.6243],[139.5842,38.6244],[139.5842,38.6244],[139.5842,38.6244],[139.5842,38.6244],[139.5842,38.6244],[139.5842,38.6244],[139.5842,38.6245],[139.5843,38.6246],[139.5843,38.6247],[139.5844,38.6248],[139.5845,38.625],[139.5845,38.625],[139.5846,38.6251],[139.5847,38.6253],[139.5848,38.6255],[139.585,38.6257],[139.5852,38.626],[139.5852,38.6261],[139.5853,38.6261],[139.5853,38.6261],[139.5853,38.6261],[139.5853,38.6261],[139.5853,38.6261],[139.5853,38.6261],[139.5854,38.6261],[139.5854,38.6261],[139.5854,38.6261],[139.5854,38.6261],[139.5854,38.6261],[139.5854,38.6261],[139.5854,38.626],[139.5854,38.626],[139.5854,38.626],[139.5854,38.626],[139.5853,38.6259],[139.5853,38.6259],[139.5852,38.6258],[139.5852,38.6258],[139.5852,38.6257],[139.5851,38.6256],[139.585,38.6255],[139.585,38.6255],[139.585,38.6254],[139.585,38.6254],[139.585,38.6254],[139.585,38.6253],[139.5851,38.6253],[139.5851,38.6252],[139.5851,38.6252],[139.5852,38.6252],[139.5852,38.6252],[139.5853,38.6251],[139.5856,38.625],[139.5857,38.625],[139.586,38.6249],[139.5861,38.6249],[139.5864,38.625],[139.5865,38.625],[139.5867,38.6251],[139.587,38.6253],[139.5872,38.6254],[139.5872,38.6254],[139.5873,38.6255],[139.5874,38.6256],[139.5874,38.6257],[139.5874,38.6258],[139.5874,38.6259],[139.5875,38.6259],[139.5875,38.626],[139.5875,38.6261],[139.5875,38.6261],[139.5875,38.6261],[139.5875,38.6261],[139.5875,38.6261],[139.5875,38.6262],[139.5875,38.6262],[139.5875,38.6262],[139.5875,38.6263],[139.5875,38.6263],[139.5875,38.6263],[139.5874,38.6264],[139.5874,38.6264],[139.5874,38.6264],[139.5874,38.6264],[139.5874,38.6265],[139.5874,38.6265],[139.5874,38.6265],[139.5875,38.6266],[139.5875,38.6266],[139.5875,38.6266],[139.5875,38.6267],[139.5876,38.6267],[139.5876,38.6268],[139.5876,38.6269],[139.5877,38.6269],[139.5877,38.627],[139.5877,38.627],[139.5877,38.6271],[139.5877,38.6271],[139.5877,38.6271],[139.5877,38.6271],[139.5877,38.6271],[139.5877,38.6271],[139.5877,38.6271],[139.5877,38.6271],[139.5877,38.6272],[139.5877,38.6272],[139.5877,38.6272],[139.5877,38.6272],[139.5877,38.6272],[139.5877,38.6272],[139.5877,38.6272],[139.5877,38.6272],[139.5877,38.6272],[139.5877,38.6272],[139.5877,38.6272],[139.5877,38.6272],[139.5877,38.6272],[139.5877,38.6272],[139.5878,38.6272],[139.5878,38.6272],[139.5878,38.6272],[139.5878,38.6272],[139.5878,38.6272],[139.5878,38.6272],[139.5878,38.6273],[139.5878,38.6273],[139.5877,38.6273],[139.5877,38.6273],[139.5877,38.6273],[139.5877,38.6273],[139.5877,38.6273],[139.5877,38.6273],[139.5877,38.6273],[139.5877,38.6273],[139.5877,38.6273],[139.5877,38.6273],[139.5877,38.6273],[139.5877,38.6273],[139.5877,38.6273],[139.5876,38.6273],[139.5876,38.6273],[139.5876,38.6273],[139.5876,38.6273],[139.5876,38.6273],[139.5876,38.6273],[139.5876,38.6273],[139.5875,38.6273],[139.5875,38.6273],[139.5875,38.6273],[139.5875,38.6274],[139.5875,38.6274],[139.5875,38.6274],[139.5875,38.6274],[139.5875,38.6274],[139.5875,38.6274],[139.5875,38.6274],[139.5875,38.6274],[139.5875,38.6274],[139.5875,38.6274],[139.5875,38.6274],[139.5875,38.6274],[139.5875,38.6274],[139.5875,38.6274],[139.5875,38.6274],[139.5876,38.6274],[139.5876,38.6274],[139.5876,38.6274],[139.5876,38.6274],[139.5876,38.6274],[139.5876,38.6274],[139.5876,38.6274],[139.5876,38.6274],[139.5876,38.6274],[139.5876,38.6274],[139.5877,38.6275],[139.5877,38.6275],[139.5877,38.6275],[139.5877,38.6275],[139.5877,38.6275],[139.5877,38.6275],[139.5877,38.6275],[139.5877,38.6275],[139.5877,38.6275],[139.5877,38.6275],[139.5877,38.6275],[139.5877,38.6275],[139.5877,38.6275],[139.5877,38.6275],[139.5878,38.6275],[139.5878,38.6275],[139.5879,38.6275],[139.588,38.6275],[139.588,38.6275],[139.588,38.6275],[139.5881,38.6275],[139.5881,38.6275],[139.5883,38.6275],[139.5883,38.6276],[139.5884,38.6277],[139.5884,38.6278],[139.5885,38.6279],[139.5885,38.628],[139.5885,38.628],[139.5886,38.6281],[139.5886,38.6282],[139.5886,38.6283],[139.5887,38.6284],[139.5886,38.6284],[139.5886,38.6285],[139.5886,38.6285],[139.5886,38.6286],[139.5886,38.6286],[139.5886,38.6287],[139.5886,38.6289],[139.5887,38.6289],[139.5887,38.6286],[139.5887,38.6287],[139.5887,38.6288],[139.5887,38.6289],[139.5887,38.629],[139.5887,38.6292],[139.5887,38.6293],[139.5886,38.6298],[139.5886,38.63],[139.5886,38.6302],[139.5885,38.6303],[139.5885,38.6305],[139.5887,38.6305],[139.5887,38.6304],[139.5887,38.6305],[139.5886,38.6306],[139.5885,38.6306],[139.5885,38.6306],[139.5885,38.6306],[139.5885,38.6306],[139.5885,38.6306],[139.5885,38.6306],[139.5885,38.6306],[139.5885,38.6306],[139.5884,38.6306],[139.5884,38.6306],[139.5884,38.6306],[139.5884,38.6306],[139.5885,38.6306],[139.5884,38.6306],[139.5884,38.6306],[139.5884,38.6306],[139.5884,38.6306],[139.5884,38.6306],[139.5884,38.6306],[139.5884,38.6306],[139.5884,38.6306],[139.5884,38.6306],[139.5883,38.6306],[139.5883,38.6306],[139.5883,38.6306],[139.5883,38.6306],[139.5883,38.6306],[139.5883,38.6306],[139.5883,38.6306],[139.5883,38.6306],[139.5883,38.6306],[139.5883,38.6306],[139.5883,38.6306],[139.5883,38.6306],[139.5883,38.6306],[139.5882,38.6306],[139.5882,38.6305],[139.5882,38.6305],[139.5882,38.6305],[139.5882,38.6305],[139.5882,38.6305],[139.5882,38.6305],[139.5882,38.6305],[139.5882,38.6305],[139.5882,38.6305],[139.5881,38.6305],[139.5881,38.6305],[139.5881,38.6305],[139.5881,38.6305],[139.5881,38.6305],[139.5881,38.6305],[139.5881,38.6305],[139.5881,38.6305],[139.5881,38.6305],[139.5881,38.6305],[139.5881,38.6305],[139.5881,38.6305],[139.5881,38.6305],[139.5881,38.6305],[139.5881,38.6305],[139.5881,38.6305],[139.5881,38.6305],[139.5881,38.6305],[139.5881,38.6306],[139.5881,38.6306],[139.5881,38.6306],[139.5881,38.6306],[139.5881,38.6306],[139.5881,38.6306],[139.5881,38.6306],[139.5881,38.6306],[139.5881,38.6306],[139.5881,38.6306],[139.5881,38.6306],[139.5881,38.6306],[139.5881,38.6306],[139.5881,38.6306],[139.5881,38.6306],[139.5881,38.6306],[139.5882,38.6306],[139.5882,38.6306],[139.5882,38.6306],[139.5882,38.6306],[139.5882,38.6306],[139.5882,38.6306],[139.5882,38.6306],[139.5882,38.6306],[139.5882,38.6306],[139.5882,38.6306],[139.5882,38.6306],[139.5882,38.6306],[139.5882,38.6306],[139.5882,38.6306],[139.5882,38.6306],[139.5882,38.6306],[139.5882,38.6306],[139.5882,38.6307],[139.5882,38.6307],[139.5882,38.6307],[139.5882,38.6307],[139.5882,38.6307],[139.5882,38.6307],[139.5882,38.6307],[139.5882,38.6307],[139.5882,38.6307],[139.5882,38.6307],[139.5883,38.6307],[139.5883,38.6307],[139.5883,38.6307],[139.5883,38.6307],[139.5883,38.6307],[139.5883,38.6307],[139.5883,38.6307],[139.5883,38.6307],[139.5883,38.6307],[139.5883,38.6307],[139.5883,38.6307],[139.5883,38.6307],[139.5883,38.6307],[139.5883,38.6307],[139.5883,38.6308],[139.5883,38.6308],[139.5883,38.6308],[139.5883,38.6308],[139.5883,38.6308],[139.5883,38.6308],[139.5883,38.6308],[139.5883,38.6308],[139.5883,38.6308],[139.5883,38.6308],[139.5883,38.6308],[139.5883,38.6308],[139.5883,38.6308],[139.5883,38.6308],[139.5883,38.6308],[139.5883,38.6308],[139.5883,38.6308],[139.5884,38.6308],[139.5884,38.6308],[139.5884,38.6308],[139.5884,38.6309],[139.5884,38.6309],[139.5884,38.6309],[139.5884,38.6309],[139.5884,38.6309],[139.5884,38.6309],[139.5884,38.6309],[139.5884,38.6309],[139.5884,38.6309],[139.5884,38.6309],[139.5884,38.6309],[139.5885,38.6309],[139.5885,38.6309],[139.5885,38.6309],[139.5885,38.6309],[139.5885,38.6309],[139.5885,38.6309],[139.5885,38.6309],[139.5885,38.6309],[139.5885,38.6309],[139.5885,38.6309],[139.5885,38.6309],[139.5885,38.6309],[139.5885,38.6309],[139.5885,38.6309],[139.5885,38.6309],[139.5885,38.6309],[139.5885,38.6309],[139.5886,38.6309],[139.5886,38.6309],[139.5886,38.6309],[139.5886,38.6309],[139.5886,38.6309],[139.5886,38.6309],[139.5886,38.6309],[139.5886,38.6309],[139.5886,38.6308],[139.5886,38.6309],[139.5886,38.6309],[139.5888,38.6309],[139.5888,38.6309],[139.5889,38.6311],[139.5887,38.6312],[139.5887,38.6312],[139.5886,38.6312],[139.5886,38.6312],[139.5886,38.6312],[139.5886,38.6312],[139.5887,38.6312],[139.5887,38.6313],[139.5887,38.6313],[139.5887,38.6313],[139.5888,38.6314],[139.5884,38.6313],[139.5884,38.6313],[139.5883,38.6312],[139.5883,38.6313],[139.5887,38.6314],[139.5888,38.6315],[139.5888,38.6315],[139.5887,38.6315],[139.5887,38.6315],[139.5887,38.6315],[139.5887,38.6315],[139.5887,38.6315],[139.5887,38.6315],[139.5887,38.6315],[139.5887,38.6315],[139.5886,38.6314],[139.5886,38.6314],[139.5886,38.6315],[139.5886,38.6315],[139.5886,38.6315],[139.5886,38.6315],[139.5886,38.6315],[139.5886,38.6315],[139.5886,38.6315],[139.5886,38.6315],[139.5886,38.6315],[139.5886,38.6315],[139.5886,38.6315],[139.5887,38.6315],[139.5887,38.6315],[139.5887,38.6316],[139.5887,38.6316],[139.5887,38.6316],[139.5887,38.6316],[139.5887,38.6316],[139.5887,38.6316],[139.5888,38.6316],[139.5888,38.6316],[139.5888,38.6316],[139.5888,38.6316],[139.5888,38.6316],[139.5888,38.6316],[139.5888,38.6316],[139.5888,38.6316],[139.5889,38.6316],[139.5889,38.6316],[139.5889,38.6316],[139.5889,38.6317],[139.5889,38.6317],[139.5889,38.6317],[139.5889,38.6317],[139.5889,38.6317],[139.5889,38.6317],[139.5888,38.6317],[139.5888,38.6317],[139.5888,38.6317],[139.5888,38.6317],[139.5888,38.6317],[139.5888,38.6317],[139.5888,38.6316],[139.5888,38.6316],[139.5887,38.6316],[139.5887,38.6316],[139.5887,38.6316],[139.5887,38.6316],[139.5887,38.6316],[139.5887,38.6316],[139.5886,38.6316],[139.5886,38.6316],[139.5886,38.6316],[139.5886,38.6316],[139.5886,38.6316],[139.5886,38.6316],[139.5886,38.6316],[139.5885,38.6316],[139.5885,38.6317],[139.5885,38.6317],[139.5885,38.6317],[139.5885,38.6317],[139.5884,38.6317],[139.5884,38.6317],[139.5884,38.6317],[139.5884,38.6317],[139.5884,38.6317],[139.5884,38.6317],[139.5884,38.6317],[139.5884,38.6317],[139.5884,38.6317],[139.5884,38.6317],[139.5884,38.6318],[139.5884,38.6318],[139.5884,38.6318],[139.5884,38.6318],[139.5884,38.6318],[139.5884,38.6318],[139.5884,38.6318],[139.5884,38.6318],[139.5884,38.6318],[139.5884,38.6318],[139.5884,38.6318],[139.5885,38.6318],[139.5885,38.6318],[139.5885,38.6318],[139.5885,38.6318],[139.5885,38.6319],[139.5885,38.6319],[139.5885,38.6319],[139.5885,38.6319],[139.5885,38.6319],[139.5886,38.6319],[139.5886,38.6319],[139.5886,38.6319],[139.5886,38.6319],[139.5886,38.6319],[139.5886,38.6319],[139.5886,38.6319],[139.5886,38.6319],[139.5886,38.6319],[139.5886,38.6319],[139.5887,38.6319],[139.5887,38.6319],[139.5887,38.6319],[139.5887,38.6319],[139.5887,38.6319],[139.5887,38.6319],[139.5887,38.6319],[139.5887,38.6319],[139.5887,38.6319],[139.5888,38.6319],[139.5888,38.6319],[139.5888,38.6319],[139.5888,38.6319],[139.5888,38.6319],[139.5888,38.6319],[139.5888,38.6319],[139.5888,38.6319],[139.5888,38.632],[139.5889,38.632],[139.5889,38.632],[139.5889,38.632],[139.5889,38.632],[139.5889,38.632],[139.5889,38.632],[139.5889,38.632],[139.5889,38.632],[139.589,38.632],[139.589,38.632],[139.589,38.632],[139.589,38.632],[139.589,38.632],[139.589,38.632],[139.589,38.632],[139.589,38.632],[139.5891,38.632],[139.5891,38.632],[139.5891,38.632],[139.5891,38.6321],[139.5891,38.6321],[139.5891,38.6321],[139.5891,38.6321],[139.5891,38.6321],[139.5891,38.6321],[139.5891,38.6321],[139.5891,38.6321],[139.5891,38.6321],[139.5891,38.6321],[139.5891,38.6321],[139.5891,38.6321],[139.5892,38.6321],[139.5892,38.6321],[139.5892,38.6322],[139.5892,38.6322],[139.5892,38.6322],[139.5892,38.6322],[139.5892,38.6322],[139.5892,38.6322],[139.5892,38.6322],[139.5892,38.6322],[139.5892,38.6322],[139.5892,38.6322],[139.5892,38.6323],[139.5892,38.6323],[139.5892,38.6323],[139.5892,38.6323],[139.5892,38.6323],[139.5892,38.6323],[139.5892,38.6323],[139.5892,38.6323],[139.5892,38.6323],[139.5892,38.6324],[139.5892,38.6324],[139.5892,38.6324],[139.5892,38.6324],[139.5892,38.6324],[139.5892,38.6324],[139.5892,38.6324],[139.5892,38.6324],[139.5893,38.6324],[139.5893,38.6324],[139.5893,38.6324],[139.5893,38.6324],[139.5893,38.6324],[139.5893,38.6324],[139.5893,38.6325],[139.5893,38.6324],[139.5893,38.6325],[139.5893,38.6325],[139.5894,38.6325],[139.5894,38.6325],[139.5894,38.6325],[139.5894,38.6325],[139.5894,38.6325],[139.5894,38.6325],[139.5894,38.6325],[139.5894,38.6325],[139.5894,38.6325],[139.5894,38.6325],[139.5894,38.6326],[139.5894,38.6326],[139.5894,38.6326],[139.5894,38.6326],[139.5894,38.6326],[139.5894,38.6326],[139.5894,38.6326],[139.5894,38.6326],[139.5894,38.6326],[139.5893,38.6326],[139.5893,38.6326],[139.5893,38.6326],[139.5893,38.6326],[139.5893,38.6326],[139.5893,38.6326],[139.5893,38.6326],[139.5893,38.6326],[139.5892,38.6326],[139.5892,38.6326],[139.5892,38.6326],[139.5892,38.6326],[139.5891,38.6327],[139.5891,38.6327],[139.5891,38.6327],[139.5891,38.6327],[139.5892,38.6327],[139.5892,38.6327],[139.5892,38.6327],[139.5892,38.6327],[139.5892,38.6327],[139.5892,38.6327],[139.5892,38.6327],[139.5892,38.6327],[139.5893,38.6327],[139.5893,38.6327],[139.5893,38.6327],[139.5893,38.6327],[139.5893,38.6327],[139.5893,38.6328],[139.5893,38.6327],[139.5893,38.6327],[139.5893,38.6328],[139.5894,38.6328],[139.5894,38.6328],[139.5894,38.6328],[139.5894,38.6328],[139.5894,38.6328],[139.5894,38.6328],[139.5894,38.6328],[139.5894,38.6328],[139.5895,38.6328],[139.5895,38.6328],[139.5895,38.6328],[139.5895,38.6328],[139.5895,38.6328],[139.5895,38.6328],[139.5895,38.6328],[139.5895,38.6328],[139.5896,38.6328],[139.5896,38.6328],[139.5896,38.6328],[139.5896,38.6328],[139.5896,38.6328],[139.5896,38.6329],[139.5896,38.6329],[139.5896,38.6329],[139.5896,38.6329],[139.5896,38.6329],[139.5896,38.6329],[139.5896,38.6329],[139.5896,38.633],[139.5895,38.633],[139.5895,38.633],[139.5896,38.633],[139.5896,38.633],[139.5896,38.633],[139.5896,38.633],[139.5896,38.633],[139.5896,38.633],[139.5896,38.6331],[139.5896,38.6331],[139.5896,38.6331],[139.5896,38.6331],[139.5896,38.6331],[139.5896,38.6331],[139.5896,38.6331],[139.5896,38.6331],[139.5896,38.6331],[139.5896,38.6332],[139.5897,38.6332],[139.5897,38.6332],[139.5897,38.6332],[139.5897,38.6332],[139.5897,38.6332],[139.5897,38.6332],[139.5897,38.6332],[139.5897,38.6332],[139.5898,38.6332],[139.5898,38.6332],[139.5898,38.6332],[139.5898,38.6332],[139.5898,38.6332],[139.5898,38.6332],[139.5899,38.6332],[139.5899,38.6332],[139.5899,38.6332],[139.5899,38.6332],[139.5899,38.6332],[139.5899,38.6332],[139.59,38.6332],[139.59,38.6332],[139.59,38.6332],[139.59,38.6332],[139.59,38.6332],[139.59,38.6332],[139.59,38.6332],[139.59,38.6332],[139.59,38.6332],[139.5901,38.6332],[139.5901,38.6332],[139.5901,38.6332],[139.5901,38.6332],[139.59,38.6332],[139.59,38.6331],[139.59,38.6331],[139.59,38.6331],[139.59,38.6331],[139.59,38.6331],[139.59,38.6331],[139.59,38.6331],[139.59,38.6331],[139.59,38.633],[139.59,38.633],[139.59,38.633],[139.59,38.633],[139.5901,38.633],[139.5901,38.633],[139.5901,38.633],[139.5901,38.633],[139.5901,38.633],[139.5901,38.633],[139.5901,38.6329],[139.5901,38.6329],[139.5902,38.6329],[139.5902,38.6329],[139.5902,38.6329],[139.5902,38.6329],[139.5903,38.633],[139.5904,38.633],[139.5904,38.633],[139.5904,38.633],[139.5904,38.633],[139.5904,38.6329],[139.5904,38.6329],[139.5905,38.6329],[139.5905,38.6329],[139.5906,38.633],[139.5907,38.633],[139.5907,38.633],[139.5907,38.633],[139.5907,38.633],[139.5908,38.6331],[139.5908,38.6331],[139.5909,38.6331],[139.5909,38.6331],[139.591,38.6332],[139.591,38.6332],[139.591,38.6333],[139.5911,38.6333],[139.5911,38.6334],[139.5911,38.6334],[139.5911,38.6335],[139.5911,38.6335],[139.5911,38.6335],[139.5911,38.6335],[139.5911,38.6335],[139.5911,38.6335],[139.591,38.6335],[139.591,38.6335],[139.591,38.6335],[139.591,38.6336],[139.591,38.6336],[139.591,38.6336],[139.591,38.6336],[139.591,38.6337],[139.5911,38.6337],[139.5911,38.6337],[139.5911,38.6338],[139.5911,38.6338],[139.5911,38.6338],[139.5912,38.6338],[139.5912,38.6339],[139.5912,38.6339],[139.5912,38.6339],[139.5912,38.6339],[139.5912,38.6339],[139.5912,38.634],[139.5912,38.634],[139.5912,38.634],[139.5912,38.634],[139.5912,38.634],[139.5913,38.6341],[139.5913,38.6341],[139.5913,38.6342],[139.5913,38.6342],[139.5913,38.6343],[139.5913,38.6344],[139.5913,38.6345],[139.5913,38.6346],[139.5913,38.6346],[139.5913,38.6347],[139.5913,38.6348],[139.5913,38.6348],[139.5913,38.6349],[139.5914,38.635],[139.5914,38.635],[139.5914,38.6351],[139.5914,38.6351],[139.5915,38.6352],[139.5915,38.6352],[139.5915,38.6352],[139.5915,38.6352],[139.5915,38.6352],[139.5915,38.6353],[139.5915,38.6353],[139.5915,38.6353],[139.5915,38.6353],[139.5916,38.6354],[139.5916,38.6354],[139.5916,38.6355],[139.5916,38.6355],[139.5916,38.6355],[139.5917,38.6356],[139.5917,38.6356],[139.5917,38.6356],[139.5917,38.6356],[139.5917,38.6356],[139.5917,38.6356],[139.5917,38.6356],[139.5916,38.6356],[139.5916,38.6356],[139.5916,38.6356],[139.5916,38.6356],[139.5915,38.6356],[139.5915,38.6357],[139.5915,38.6357],[139.5915,38.6357],[139.5915,38.6357],[139.5914,38.6357],[139.5914,38.6357],[139.5914,38.6357],[139.5913,38.6357],[139.5913,38.6357],[139.5913,38.6357],[139.5913,38.6357],[139.5913,38.6357],[139.5913,38.6357],[139.5913,38.6357],[139.5912,38.6357],[139.5912,38.6357],[139.5912,38.6357],[139.5912,38.6357],[139.5911,38.6357],[139.5911,38.6357],[139.5911,38.6357],[139.5911,38.6358],[139.5911,38.6358],[139.5911,38.6358],[139.5911,38.6358],[139.5911,38.6359],[139.5911,38.6359],[139.5911,38.6359],[139.5912,38.6359],[139.5912,38.6359],[139.5912,38.636],[139.5912,38.636],[139.5912,38.636],[139.5912,38.636],[139.5912,38.6361],[139.5912,38.6361],[139.5913,38.6361],[139.5913,38.6361],[139.5913,38.6361],[139.5913,38.6361],[139.5914,38.6361],[139.5914,38.6361],[139.5915,38.6361],[139.5915,38.6361],[139.5915,38.6361],[139.5915,38.6361],[139.5915,38.636],[139.5915,38.636],[139.5915,38.636],[139.5915,38.6359],[139.5915,38.6359],[139.5915,38.6359],[139.5915,38.6359],[139.5915,38.6358],[139.5916,38.6359],[139.5916,38.6359],[139.5916,38.6359],[139.5917,38.6359],[139.5917,38.6359],[139.5917,38.6359],[139.5917,38.6359],[139.5918,38.6359],[139.5918,38.6359],[139.5919,38.6358],[139.592,38.6359],[139.5923,38.6362],[139.5924,38.6363],[139.5926,38.6366],[139.5928,38.637],[139.5917,38.6374],[139.5917,38.6374],[139.5907,38.6376],[139.5917,38.6393],[139.5917,38.6393],[139.5919,38.6398],[139.5919,38.641],[139.5921,38.641],[139.5922,38.6398],[139.5917,38.6389],[139.5917,38.6389],[139.5913,38.6382],[139.5914,38.6382],[139.5912,38.6379],[139.5911,38.638],[139.5909,38.6377],[139.5917,38.6375],[139.5917,38.6375],[139.5918,38.6374],[139.5921,38.6381],[139.5918,38.6382],[139.5918,38.6383],[139.5929,38.6379],[139.5936,38.6391],[139.5925,38.6394],[139.5927,38.6398],[139.5949,38.639],[139.5955,38.6395],[139.5957,38.6397],[139.5958,38.6399],[139.5959,38.6401],[139.596,38.6403],[139.5961,38.6407],[139.5961,38.6411],[139.5961,38.6412],[139.5961,38.6412],[139.5961,38.6412],[139.5961,38.6413],[139.5961,38.6413],[139.5961,38.6414],[139.5961,38.6414],[139.596,38.6415],[139.5959,38.6415],[139.5958,38.6416],[139.5958,38.6416],[139.5957,38.6417],[139.5957,38.6417],[139.5957,38.6417],[139.5956,38.6417],[139.5956,38.6418],[139.5955,38.6418],[139.5955,38.6419],[139.5954,38.6419],[139.5954,38.6419],[139.5953,38.642],[139.5952,38.642],[139.5951,38.642],[139.595,38.642],[139.595,38.642],[139.5949,38.642],[139.5949,38.6421],[139.5948,38.6421],[139.5948,38.6421],[139.5949,38.6422],[139.5949,38.6423],[139.595,38.6423],[139.595,38.6424],[139.595,38.6424],[139.595,38.6425],[139.5951,38.6426],[139.5951,38.6426],[139.5952,38.6426],[139.5952,38.6427],[139.5952,38.6427],[139.5953,38.6427],[139.5954,38.6427],[139.5954,38.6427],[139.5955,38.6427],[139.5956,38.6428],[139.5955,38.6428],[139.5954,38.6429],[139.5954,38.643],[139.5954,38.643],[139.5953,38.6431],[139.5953,38.6432],[139.5953,38.6432],[139.5954,38.6432],[139.5954,38.6432],[139.5955,38.6432],[139.5955,38.6432],[139.5957,38.6432],[139.5957,38.6432],[139.5958,38.6433],[139.5958,38.6434],[139.5959,38.6434],[139.596,38.6436],[139.5961,38.6439],[139.5962,38.6441],[139.5963,38.6444],[139.5963,38.6447],[139.5963,38.6449],[139.5962,38.6452],[139.5962,38.6454],[139.5964,38.6454],[139.5965,38.6451],[139.5965,38.6449],[139.5965,38.6447],[139.5965,38.6445],[139.5965,38.6444],[139.5967,38.6444],[139.5968,38.6449],[139.5968,38.6451],[139.5968,38.6452],[139.5967,38.6454],[139.5966,38.6456],[139.5965,38.6458],[139.5964,38.6458],[139.5964,38.6457],[139.5961,38.6457],[139.5961,38.6459],[139.5961,38.646],[139.5961,38.646],[139.5961,38.6459],[139.596,38.6459],[139.5959,38.646],[139.5958,38.6459],[139.5957,38.6459],[139.5956,38.6459],[139.5956,38.6459],[139.5953,38.6458],[139.5953,38.6459],[139.5952,38.6459],[139.5952,38.6459],[139.5951,38.6459],[139.595,38.6459],[139.5951,38.646],[139.595,38.646],[139.595,38.646],[139.5949,38.6461],[139.5949,38.6461],[139.5949,38.6462],[139.5949,38.6462],[139.5949,38.6463],[139.595,38.6463],[139.595,38.6463],[139.595,38.6463],[139.595,38.6464],[139.595,38.6464],[139.595,38.6465],[139.5951,38.6465],[139.5951,38.6465],[139.5951,38.6466],[139.5951,38.6466],[139.5951,38.6467],[139.5952,38.6467],[139.5952,38.6467],[139.5952,38.6468],[139.5953,38.6468],[139.5953,38.6468],[139.5955,38.6468],[139.5955,38.6468],[139.5956,38.6468],[139.5957,38.6467],[139.5958,38.6467],[139.5959,38.6467],[139.5959,38.6467],[139.596,38.6467],[139.5962,38.6466],[139.5962,38.6465],[139.5963,38.6465],[139.5963,38.6464],[139.5963,38.6464],[139.5964,38.6467],[139.5965,38.6469],[139.5966,38.647],[139.5969,38.6473],[139.5971,38.6475],[139.5972,38.6476],[139.5973,38.6477],[139.5973,38.6477],[139.5972,38.6477],[139.5971,38.6477],[139.5971,38.6478],[139.597,38.6479],[139.597,38.6479],[139.597,38.648],[139.5971,38.648],[139.5972,38.648],[139.5972,38.6481],[139.5971,38.6481],[139.5971,38.6482],[139.597,38.6482],[139.597,38.6483],[139.5971,38.6484],[139.5971,38.6484],[139.5971,38.6484],[139.5972,38.6485],[139.5972,38.6485],[139.5972,38.6485],[139.5973,38.6485],[139.5972,38.6487],[139.5973,38.6487],[139.5974,38.6488],[139.5974,38.6488],[139.5975,38.6488],[139.5976,38.6487],[139.5976,38.6488],[139.5978,38.6491],[139.5979,38.6492],[139.5979,38.6496],[139.5981,38.6497],[139.5981,38.6497],[139.598,38.6495],[139.598,38.6492],[139.5978,38.6491],[139.5977,38.6488],[139.5977,38.6487],[139.5981,38.6485],[139.5983,38.6487],[139.5983,38.6488],[139.5983,38.6488],[139.5984,38.649],[139.5984,38.6493],[139.5984,38.6494],[139.5984,38.6495],[139.5983,38.6497],[139.5982,38.6498],[139.5982,38.6498],[139.5982,38.6499],[139.5982,38.6499],[139.5983,38.65],[139.5983,38.65],[139.5983,38.65],[139.5983,38.65],[139.5982,38.6501],[139.5982,38.6501],[139.5982,38.6502],[139.5982,38.6502],[139.5982,38.6503],[139.5983,38.6503],[139.5983,38.6504],[139.5983,38.6504],[139.5983,38.6504],[139.5984,38.6504],[139.5984,38.6504],[139.5984,38.6504],[139.5984,38.6504],[139.5985,38.6505],[139.5986,38.6505],[139.5986,38.6504],[139.5987,38.6504],[139.5987,38.6504],[139.5987,38.6505],[139.5987,38.6504],[139.5988,38.6505],[139.5989,38.6505],[139.5989,38.6505],[139.599,38.6505],[139.5991,38.6505],[139.5991,38.6506],[139.5992,38.6506],[139.5992,38.6505],[139.5993,38.6506],[139.5993,38.6506],[139.5994,38.6507],[139.5994,38.6507],[139.5995,38.6507],[139.5995,38.6507],[139.5996,38.6508],[139.5996,38.6508],[139.5996,38.6508],[139.5996,38.6509],[139.5997,38.6509],[139.5997,38.651],[139.5997,38.651],[139.5997,38.6511],[139.5998,38.6511],[139.5998,38.6511],[139.5999,38.6511],[139.6,38.6511],[139.6,38.6511],[139.6,38.6511],[139.6,38.6511],[139.6001,38.6511],[139.6002,38.6511],[139.6003,38.6511],[139.6004,38.6514],[139.6005,38.6517],[139.6006,38.652],[139.6007,38.6522],[139.6009,38.6524],[139.6011,38.6526],[139.6013,38.6527],[139.6014,38.6529],[139.6012,38.6528],[139.6011,38.6528],[139.6011,38.6529],[139.601,38.6529],[139.601,38.653],[139.601,38.653],[139.601,38.653],[139.6009,38.6531],[139.6009,38.6532],[139.601,38.6532],[139.601,38.6532],[139.601,38.6533],[139.6011,38.6533],[139.6011,38.6533],[139.6011,38.6534],[139.6011,38.6534],[139.6011,38.6534],[139.6012,38.6535],[139.6012,38.6535],[139.6012,38.6536],[139.6012,38.6536],[139.6013,38.6537],[139.6013,38.6537],[139.6013,38.6538],[139.6013,38.6538],[139.6012,38.6538],[139.6012,38.6538],[139.6011,38.6538],[139.601,38.6537],[139.6009,38.6538],[139.6009,38.6538],[139.6008,38.6539],[139.6008,38.6539],[139.6007,38.6539],[139.6007,38.654],[139.6007,38.654],[139.6007,38.6541],[139.6006,38.6541],[139.6006,38.6541],[139.6006,38.6542],[139.6006,38.6542],[139.6006,38.6542],[139.6007,38.6542],[139.6007,38.6542],[139.6008,38.6543],[139.6009,38.6543],[139.6009,38.6543],[139.6009,38.6543],[139.601,38.6542],[139.601,38.6542],[139.601,38.6543],[139.601,38.6543],[139.601,38.6544],[139.601,38.6544],[139.601,38.6545],[139.601,38.6545],[139.6009,38.6545],[139.6009,38.6545],[139.6009,38.6545],[139.6008,38.6545],[139.6007,38.6545],[139.6007,38.6545],[139.6007,38.6546],[139.6007,38.6546],[139.6007,38.6546],[139.6008,38.6547],[139.6008,38.6547],[139.6008,38.6547],[139.6009,38.6548],[139.6009,38.6548],[139.6009,38.6548],[139.601,38.6548],[139.6011,38.6549],[139.6012,38.6549],[139.6013,38.6549],[139.6014,38.6549],[139.6015,38.6549],[139.6015,38.6549],[139.6016,38.6549],[139.6016,38.6549],[139.6017,38.6549],[139.6017,38.6549],[139.6018,38.6549],[139.6018,38.655],[139.6019,38.6549],[139.6019,38.655],[139.6019,38.6553],[139.602,38.6554],[139.6023,38.6555],[139.6023,38.6555],[139.6023,38.6555],[139.6024,38.6558],[139.6024,38.6559],[139.6025,38.6559],[139.6026,38.656],[139.6026,38.656],[139.6025,38.656],[139.6025,38.6561],[139.6024,38.6562],[139.6023,38.6562],[139.6023,38.6562],[139.6023,38.6562],[139.6022,38.6562],[139.6022,38.6563],[139.6022,38.6563],[139.6022,38.6564],[139.6023,38.6564],[139.6023,38.6565],[139.6024,38.6565],[139.6024,38.6565],[139.6024,38.6565],[139.6025,38.6565],[139.6025,38.6565],[139.6025,38.6565],[139.6026,38.6565],[139.6026,38.6565],[139.6026,38.6564],[139.6026,38.6564],[139.6027,38.6564],[139.6029,38.6563],[139.603,38.6563],[139.603,38.6565],[139.603,38.6566],[139.6031,38.6568],[139.6033,38.6569],[139.6033,38.657],[139.6034,38.6571],[139.6037,38.6572],[139.6037,38.6572],[139.6038,38.6574],[139.604,38.6576],[139.6042,38.6577],[139.6042,38.6578],[139.6043,38.6579],[139.6044,38.6579],[139.6045,38.658],[139.6046,38.6581],[139.6046,38.6583],[139.6046,38.6583],[139.6046,38.6583],[139.6048,38.6583],[139.6048,38.6583],[139.6048,38.6583],[139.6049,38.6584],[139.605,38.6584],[139.605,38.6584],[139.6052,38.6585],[139.6053,38.6585],[139.6054,38.6585],[139.6054,38.6586],[139.6057,38.6589],[139.6058,38.6592],[139.6059,38.6594],[139.6059,38.6594],[139.6058,38.6596],[139.6057,38.6598],[139.6057,38.6599],[139.606,38.6603],[139.6061,38.6605],[139.6061,38.6606],[139.6061,38.6607],[139.606,38.6609],[139.606,38.661],[139.6059,38.661],[139.6059,38.661],[139.6058,38.661],[139.6058,38.6611],[139.606,38.6612],[139.6063,38.6613],[139.6064,38.6613],[139.6065,38.6614],[139.6067,38.6615],[139.6069,38.6617],[139.6071,38.6617],[139.6073,38.6618],[139.6075,38.6619],[139.6076,38.6619],[139.6077,38.6621],[139.6077,38.6622],[139.6076,38.6623],[139.6077,38.6623],[139.6077,38.6623],[139.6078,38.6624],[139.6079,38.6624],[139.608,38.6624],[139.608,38.6625],[139.6081,38.6625],[139.6082,38.6625],[139.6082,38.6626],[139.6082,38.6626],[139.6083,38.6626],[139.6083,38.6626],[139.6083,38.6626],[139.6084,38.6627],[139.6084,38.6627],[139.6085,38.6627],[139.6086,38.6627],[139.6088,38.6628],[139.6088,38.6629],[139.6087,38.6629],[139.6087,38.6631],[139.6088,38.6631],[139.6088,38.6631],[139.6089,38.6631],[139.609,38.663],[139.6091,38.663],[139.6092,38.663],[139.6093,38.663],[139.6093,38.6631],[139.6094,38.6631],[139.6094,38.6631],[139.6095,38.6632],[139.6095,38.6632],[139.6096,38.6632],[139.6096,38.6633],[139.6096,38.6633],[139.6096,38.6634],[139.6097,38.6635],[139.6098,38.6635],[139.6098,38.6635],[139.6098,38.6636],[139.6099,38.6637],[139.6099,38.6637],[139.6099,38.6638],[139.61,38.6639],[139.6101,38.6639],[139.6101,38.6639],[139.6102,38.6639],[139.6102,38.664],[139.6103,38.664],[139.6104,38.6641],[139.6105,38.6641],[139.6106,38.6641],[139.6106,38.6642],[139.6104,38.6642],[139.6104,38.6643],[139.6104,38.6643],[139.6103,38.6643],[139.6103,38.6644],[139.6104,38.6644],[139.6105,38.6645],[139.6105,38.6644],[139.6106,38.6645],[139.6107,38.6645],[139.6108,38.6644],[139.6109,38.6644],[139.6109,38.6643],[139.611,38.6643],[139.611,38.6643],[139.6111,38.6643],[139.6112,38.6643],[139.6112,38.6643],[139.6113,38.6645],[139.6114,38.6648],[139.6114,38.6651],[139.6114,38.6653],[139.6114,38.6653],[139.6113,38.6654],[139.6113,38.6655],[139.6113,38.6655],[139.6112,38.6656],[139.6112,38.6657],[139.6111,38.6657],[139.611,38.6657],[139.6109,38.6656],[139.6109,38.6657],[139.6108,38.6657],[139.6107,38.6657],[139.6106,38.6658],[139.6106,38.6658],[139.6105,38.6659],[139.6105,38.6659],[139.6105,38.6659],[139.6104,38.666],[139.6104,38.666],[139.6103,38.6661],[139.6103,38.6662],[139.6104,38.6662],[139.6104,38.6663],[139.6105,38.6663],[139.6105,38.6663],[139.6105,38.6663],[139.6103,38.6664],[139.6102,38.6665],[139.6102,38.6666],[139.6102,38.6666],[139.6102,38.6667],[139.6102,38.6667],[139.6102,38.6667],[139.6102,38.6668],[139.6101,38.6668],[139.6101,38.6669],[139.6101,38.667],[139.6102,38.667],[139.6103,38.667],[139.6104,38.667],[139.6105,38.667],[139.6107,38.6671],[139.6107,38.6671],[139.6106,38.6672],[139.6105,38.6672],[139.6105,38.6673],[139.6104,38.6673],[139.6104,38.6674],[139.6105,38.6675],[139.6105,38.6675],[139.6106,38.6675],[139.6106,38.6675],[139.6107,38.6676],[139.6107,38.6676],[139.6106,38.6677],[139.6106,38.6678],[139.6106,38.6678],[139.6105,38.6678],[139.6105,38.6679],[139.6106,38.6679],[139.6105,38.668],[139.6104,38.668],[139.6104,38.6681],[139.6104,38.6681],[139.6104,38.6682],[139.6103,38.6682],[139.6103,38.6682],[139.6104,38.6682],[139.6104,38.6683],[139.6104,38.6683],[139.6105,38.6684],[139.6104,38.6684],[139.6104,38.6684],[139.6104,38.6685],[139.6104,38.6685],[139.6104,38.6686],[139.6103,38.6686],[139.6103,38.6686],[139.6102,38.6686],[139.6101,38.6686],[139.6101,38.6686],[139.61,38.6686],[139.6099,38.6685],[139.6099,38.6685],[139.6098,38.6686],[139.6097,38.6687],[139.6097,38.6687],[139.6097,38.6688],[139.6098,38.6689],[139.6098,38.669],[139.6098,38.669],[139.6098,38.6691],[139.6098,38.6692],[139.6099,38.6692],[139.61,38.6692],[139.6101,38.6692],[139.6102,38.6692],[139.6102,38.6692],[139.6102,38.6693],[139.6101,38.6694],[139.6101,38.6694],[139.6102,38.6695],[139.6103,38.6695],[139.6105,38.6694],[139.6106,38.6695],[139.6106,38.6695],[139.6108,38.6694],[139.6108,38.6694],[139.6109,38.6694],[139.611,38.6694],[139.611,38.6695],[139.611,38.6695],[139.6111,38.6696],[139.6112,38.6695],[139.6113,38.6697],[139.6113,38.6697],[139.6114,38.6697],[139.6115,38.6697],[139.6116,38.6697],[139.6117,38.6698],[139.6117,38.6698],[139.6118,38.6697],[139.6119,38.6698],[139.612,38.6698],[139.612,38.6698],[139.6121,38.6698],[139.6121,38.6698],[139.6122,38.6699],[139.6123,38.6699],[139.6124,38.6699],[139.6124,38.6698],[139.6125,38.6699],[139.6126,38.67],[139.6126,38.67],[139.6128,38.6699],[139.6128,38.6699],[139.613,38.6699],[139.6132,38.67],[139.6134,38.67],[139.6135,38.6701],[139.6137,38.6702],[139.6139,38.6704],[139.614,38.6705],[139.6141,38.6706],[139.6142,38.6707],[139.6144,38.6708],[139.6145,38.6709],[139.6147,38.6711],[139.6149,38.6713],[139.615,38.6714],[139.615,38.6714],[139.615,38.6714],[139.6151,38.6714],[139.6151,38.6715],[139.6152,38.6715],[139.6152,38.6715],[139.6151,38.6716],[139.6151,38.6716],[139.6151,38.6716],[139.6151,38.6717],[139.6151,38.6717],[139.6152,38.6717],[139.6152,38.6717],[139.6152,38.6717],[139.6152,38.6717],[139.6152,38.6718],[139.6152,38.6718],[139.6152,38.6719],[139.6153,38.6719],[139.6153,38.6721],[139.6154,38.6722],[139.6153,38.6723],[139.6153,38.6724],[139.6152,38.6724],[139.6151,38.6724],[139.6151,38.6725],[139.6151,38.6726],[139.615,38.6727],[139.615,38.6728],[139.615,38.6729],[139.615,38.673],[139.6149,38.673],[139.6149,38.6732],[139.615,38.6732],[139.615,38.6733],[139.6151,38.6733],[139.6151,38.6734],[139.6151,38.6735],[139.615,38.6735],[139.615,38.6736],[139.6149,38.6737],[139.615,38.6738],[139.6149,38.6738],[139.6149,38.6739],[139.615,38.6739],[139.6149,38.6739],[139.6148,38.674],[139.6148,38.674],[139.6148,38.6741],[139.6148,38.6742],[139.6147,38.6742],[139.6147,38.6742],[139.6147,38.6743],[139.6148,38.6744],[139.6149,38.6745],[139.615,38.6745],[139.615,38.6745],[139.615,38.6745],[139.6151,38.6746],[139.6152,38.6746],[139.6153,38.6746],[139.6153,38.6747],[139.6154,38.6747],[139.6154,38.6748],[139.6154,38.6748],[139.6154,38.6749],[139.6153,38.6749],[139.6153,38.675],[139.6153,38.675],[139.6153,38.675],[139.6153,38.675],[139.6154,38.675],[139.6156,38.675],[139.6156,38.6751],[139.6158,38.6752],[139.6159,38.6752],[139.6159,38.6752],[139.6162,38.6753],[139.6163,38.6753],[139.6163,38.6753],[139.6163,38.6754],[139.6162,38.6754],[139.6162,38.6754],[139.6162,38.6755],[139.6162,38.6756],[139.6162,38.6756],[139.6163,38.6756],[139.6164,38.6756],[139.6164,38.6757],[139.6165,38.6757],[139.6166,38.6757],[139.6167,38.6757],[139.6167,38.6757],[139.6167,38.6757],[139.6167,38.6758],[139.617,38.6759],[139.6171,38.6759],[139.6171,38.676],[139.6172,38.676],[139.6172,38.676],[139.6172,38.6761],[139.6171,38.6761],[139.6171,38.6762],[139.6171,38.6763],[139.6171,38.6763],[139.6171,38.6764],[139.6171,38.6764],[139.6172,38.6765],[139.6172,38.6764],[139.6173,38.6764],[139.6174,38.6764],[139.6175,38.6763],[139.6175,38.6763],[139.6175,38.6762],[139.6177,38.6761],[139.6177,38.6761],[139.6178,38.6761],[139.6179,38.6761],[139.6179,38.6761],[139.6179,38.6762],[139.6182,38.6764],[139.6183,38.6764],[139.6183,38.6765],[139.6183,38.6765],[139.6184,38.6765],[139.6185,38.6765],[139.6186,38.6765],[139.6186,38.6767],[139.6187,38.6768],[139.6188,38.6768],[139.6188,38.6769],[139.6188,38.6769],[139.6189,38.677],[139.6189,38.677],[139.6193,38.6775],[139.6197,38.6779],[139.6201,38.6782],[139.6203,38.6783],[139.6207,38.6784],[139.621,38.6785],[139.6211,38.6785],[139.6215,38.6793],[139.6215,38.6794],[139.6215,38.6794],[139.6215,38.6795],[139.6215,38.6796],[139.6215,38.6796],[139.6215,38.6797],[139.6215,38.6797],[139.6215,38.6798],[139.6215,38.6799],[139.6217,38.68],[139.6217,38.68],[139.6217,38.6801],[139.6217,38.6801],[139.6217,38.6802],[139.6218,38.6802],[139.6218,38.6803],[139.6218,38.6803],[139.6218,38.6803],[139.6219,38.6803],[139.6219,38.6803],[139.6219,38.6804],[139.6219,38.6804],[139.6218,38.6804],[139.6218,38.6804],[139.6218,38.6804],[139.6217,38.6804],[139.6217,38.6804],[139.6217,38.6804],[139.6216,38.6804],[139.6216,38.6805],[139.6216,38.6805],[139.6216,38.6806],[139.6217,38.6806],[139.6217,38.6806],[139.6217,38.6806],[139.6218,38.6806],[139.6218,38.6806],[139.6219,38.6806],[139.622,38.6806],[139.622,38.6806],[139.6221,38.6807],[139.6221,38.6807],[139.6222,38.6808],[139.6222,38.6809],[139.6222,38.6809],[139.6222,38.6809],[139.6223,38.6809],[139.6224,38.6809],[139.6224,38.6809],[139.6225,38.6809],[139.6225,38.6809],[139.6224,38.681],[139.6224,38.681],[139.6223,38.681],[139.6223,38.681],[139.6222,38.6811],[139.6222,38.6812],[139.6222,38.6813],[139.6221,38.6813],[139.6221,38.6813],[139.622,38.6813],[139.622,38.6814],[139.622,38.6815],[139.6221,38.6815],[139.6221,38.6816],[139.6221,38.6816],[139.6221,38.6816],[139.6221,38.6817],[139.6222,38.6817],[139.6222,38.6817],[139.6223,38.6817],[139.6223,38.6817],[139.6224,38.6817],[139.6224,38.6817],[139.6224,38.6817],[139.6225,38.6817],[139.6225,38.6816],[139.6226,38.6817],[139.6226,38.6817],[139.6227,38.6816],[139.6228,38.6816],[139.6228,38.6816],[139.6228,38.6817],[139.6229,38.6818],[139.6229,38.6818],[139.623,38.6818],[139.6231,38.6818],[139.623,38.6819],[139.6231,38.6819],[139.6231,38.682],[139.6231,38.682],[139.6231,38.682],[139.623,38.682],[139.623,38.6821],[139.623,38.6821],[139.623,38.6822],[139.623,38.6822],[139.623,38.6823],[139.623,38.6824],[139.6231,38.6825],[139.6231,38.6825],[139.6232,38.6826],[139.6232,38.6826],[139.6233,38.6826],[139.6233,38.6826],[139.6234,38.6826],[139.6235,38.6826],[139.6235,38.6826],[139.6235,38.6826],[139.6236,38.6826],[139.6237,38.6826],[139.6237,38.6827],[139.6238,38.6827],[139.6238,38.6828],[139.6238,38.6828],[139.6239,38.683],[139.624,38.6831],[139.6241,38.6831],[139.624,38.6832],[139.624,38.6833],[139.624,38.6833],[139.624,38.6833],[139.624,38.6833],[139.624,38.6833],[139.624,38.6834],[139.624,38.6834],[139.6241,38.6835],[139.6241,38.6836],[139.6242,38.6836],[139.6242,38.6836],[139.6242,38.6837],[139.6242,38.6837],[139.6242,38.6837],[139.6242,38.6838],[139.6243,38.6838],[139.6243,38.6838],[139.6243,38.6838],[139.6243,38.6838],[139.6243,38.6838],[139.6243,38.6839],[139.6243,38.6839],[139.6243,38.6839],[139.6243,38.684],[139.6244,38.6841],[139.6244,38.6841],[139.6244,38.6841],[139.6244,38.6842],[139.6243,38.6842],[139.6243,38.6843],[139.6243,38.6843],[139.6243,38.6843],[139.6244,38.6844],[139.6244,38.6845],[139.6244,38.6845],[139.6244,38.6846],[139.6244,38.6846],[139.6244,38.6847],[139.6244,38.6847],[139.6245,38.6848],[139.6245,38.6848],[139.6246,38.6848],[139.6246,38.6849],[139.6246,38.6849],[139.6246,38.6849],[139.6246,38.6849],[139.6247,38.685],[139.6247,38.685],[139.6248,38.6849],[139.6248,38.6849],[139.6249,38.6849],[139.6249,38.6849],[139.625,38.6849],[139.625,38.6849],[139.625,38.6849],[139.6251,38.685],[139.6251,38.685],[139.6251,38.685],[139.6252,38.6851],[139.6253,38.6852],[139.6254,38.6852],[139.6254,38.6852],[139.6254,38.6853],[139.6255,38.6853],[139.6256,38.6853],[139.6256,38.6854],[139.6256,38.6854],[139.6256,38.6854],[139.6257,38.6854],[139.6258,38.6855],[139.6259,38.6855],[139.6259,38.6855],[139.6266,38.6867],[139.6268,38.6867],[139.6271,38.6875],[139.6276,38.6876],[139.6278,38.6875],[139.628,38.6875],[139.6292,38.6873],[139.6305,38.6869],[139.6306,38.6869],[139.6313,38.6875],[139.6313,38.6874],[139.6306,38.6868],[139.6301,38.6865],[139.63,38.6866],[139.6304,38.6868],[139.6292,38.6872],[139.6279,38.6875],[139.6276,38.6872],[139.6276,38.6869],[139.6277,38.6869],[139.6286,38.6868],[139.6304,38.6859],[139.6303,38.6857],[139.6309,38.6855],[139.631,38.6856],[139.6312,38.6859],[139.6308,38.6861],[139.6308,38.6862],[139.6313,38.6859],[139.631,38.6856],[139.6321,38.685],[139.6327,38.6858],[139.6317,38.6865],[139.6318,38.6866],[139.6328,38.6858],[139.6323,38.6851],[139.6323,38.6851],[139.6325,38.6851],[139.6326,38.6851],[139.633,38.6848],[139.6332,38.6848],[139.6333,38.6848],[139.6333,38.6848],[139.6333,38.6848],[139.6335,38.6848],[139.6337,38.6848],[139.6339,38.6848],[139.634,38.6848],[139.6341,38.6847],[139.6342,38.6847],[139.6343,38.6846],[139.6344,38.6846],[139.6345,38.6846],[139.6349,38.6847],[139.6349,38.6847],[139.6349,38.6847],[139.635,38.6848],[139.635,38.6849],[139.635,38.6849],[139.6351,38.6848],[139.6351,38.6848],[139.6352,38.6847],[139.6355,38.6848],[139.6358,38.685],[139.6363,38.6854],[139.6365,38.6856],[139.6368,38.6857],[139.6371,38.6858],[139.6373,38.6859],[139.6384,38.6866],[139.6384,38.687],[139.6383,38.6871],[139.6382,38.6871],[139.6381,38.6872],[139.638,38.6872],[139.638,38.6872],[139.638,38.6872],[139.6379,38.6873],[139.6379,38.6873],[139.6379,38.6874],[139.6378,38.6874],[139.6378,38.6874],[139.6377,38.6875],[139.6378,38.6876],[139.6378,38.6876],[139.6378,38.6877],[139.6378,38.6877],[139.6378,38.6877],[139.6379,38.6877],[139.638,38.6877],[139.638,38.6877],[139.638,38.6877],[139.638,38.6876],[139.638,38.6876],[139.6381,38.6876],[139.6381,38.6875],[139.6382,38.6874],[139.6382,38.6874],[139.6383,38.6873],[139.6383,38.6873],[139.6384,38.6873],[139.6383,38.6874],[139.6383,38.6874],[139.6383,38.6875],[139.6383,38.6875],[139.6384,38.6876],[139.6384,38.6876],[139.6384,38.6877],[139.6385,38.6877],[139.6385,38.6877],[139.6386,38.6877],[139.6387,38.6877],[139.6388,38.6877],[139.6389,38.6876],[139.6389,38.6876],[139.6389,38.6875],[139.6389,38.6875],[139.6389,38.6874],[139.639,38.6874],[139.639,38.6873],[139.639,38.6873],[139.639,38.6872],[139.6391,38.687],[139.6403,38.6879],[139.6409,38.6883],[139.6412,38.6885],[139.6414,38.6888],[139.6415,38.6889],[139.6417,38.6891],[139.6417,38.6891],[139.6417,38.6892],[139.6417,38.6892],[139.6417,38.6892],[139.6415,38.6892],[139.6415,38.6893],[139.6417,38.6893],[139.6417,38.6893],[139.6418,38.6893],[139.642,38.6899],[139.6418,38.6899],[139.6418,38.6899],[139.6417,38.6899],[139.6417,38.69],[139.6417,38.6901],[139.6418,38.6901],[139.6418,38.6902],[139.6417,38.6902],[139.6417,38.6902],[139.6418,38.6903],[139.6418,38.6904],[139.6418,38.6904],[139.6418,38.6905],[139.6418,38.6905],[139.6419,38.6906],[139.6419,38.6907],[139.6419,38.6908],[139.6419,38.6908],[139.642,38.6908],[139.642,38.6908],[139.6421,38.6908],[139.6421,38.6908],[139.6422,38.6908],[139.6422,38.6908],[139.6423,38.6908],[139.6423,38.6908],[139.6424,38.6908],[139.6424,38.6908],[139.6425,38.6908],[139.6425,38.6907],[139.6425,38.6907],[139.6426,38.6908],[139.6429,38.691],[139.643,38.6911],[139.6431,38.6912],[139.6431,38.6913],[139.643,38.6913],[139.643,38.6913],[139.643,38.6914],[139.643,38.6914],[139.643,38.6915],[139.643,38.6915],[139.6429,38.6915],[139.6428,38.6915],[139.6427,38.6916],[139.6427,38.6917],[139.6427,38.6917],[139.6426,38.6917],[139.6425,38.6917],[139.6425,38.6917],[139.6424,38.6918],[139.6424,38.6919],[139.6424,38.6919],[139.6425,38.692],[139.6426,38.692],[139.6427,38.692],[139.6427,38.6919],[139.6427,38.6919],[139.6428,38.6919],[139.6426,38.6923],[139.6444,38.6929],[139.6444,38.6931],[139.6447,38.6933],[139.6447,38.6932],[139.6445,38.6931],[139.6444,38.6925],[139.6443,38.6925],[139.6443,38.6927],[139.6432,38.6924],[139.6434,38.692],[139.6433,38.692],[139.6435,38.6917],[139.6444,38.692],[139.6446,38.692],[139.6447,38.6918],[139.6455,38.692],[139.6453,38.6922],[139.6452,38.6923],[139.6449,38.6923],[139.6447,38.6922],[139.6447,38.6922],[139.6449,38.6924],[139.6451,38.6924],[139.6449,38.6925],[139.6449,38.6925],[139.6454,38.6923],[139.6454,38.6923],[139.6458,38.6921],[139.6459,38.6921],[139.646,38.6923],[139.6463,38.6924],[139.6467,38.6927],[139.6471,38.6929],[139.6477,38.6933],[139.6479,38.6934],[139.6484,38.6939],[139.6487,38.6941],[139.6492,38.6945],[139.6496,38.6949],[139.6497,38.6951],[139.65,38.6954],[139.65,38.6955],[139.6501,38.6955],[139.6503,38.6958],[139.6504,38.6961],[139.6505,38.6964],[139.6505,38.6965],[139.6505,38.6966],[139.6504,38.6967],[139.6503,38.6967],[139.6502,38.6968],[139.6502,38.6969],[139.6502,38.6969],[139.65,38.6969],[139.65,38.6969],[139.65,38.6969],[139.65,38.697],[139.6499,38.697],[139.6499,38.697],[139.6498,38.6969],[139.6498,38.6969],[139.6497,38.697],[139.6497,38.697],[139.6497,38.697],[139.6497,38.697],[139.6498,38.6971],[139.6499,38.6971],[139.6499,38.6972],[139.65,38.6972],[139.65,38.6972],[139.65,38.6972],[139.65,38.6972],[139.6501,38.6972],[139.6502,38.6972],[139.6502,38.6971],[139.6503,38.6971],[139.6503,38.6971],[139.6503,38.697],[139.6503,38.697],[139.6503,38.697],[139.6504,38.697],[139.6505,38.6969],[139.6505,38.6969],[139.6506,38.697],[139.6506,38.697],[139.6505,38.6971],[139.6506,38.6971],[139.6506,38.6972],[139.6506,38.6972],[139.6506,38.6972],[139.6507,38.6972],[139.6507,38.6973],[139.6507,38.6973],[139.6508,38.6974],[139.6508,38.6974],[139.6509,38.6974],[139.6509,38.6974],[139.651,38.6974],[139.6509,38.6975],[139.6509,38.6975],[139.6509,38.6976],[139.6509,38.6976],[139.651,38.6977],[139.651,38.6977],[139.6511,38.6977],[139.6511,38.6977],[139.6511,38.6977],[139.6511,38.6977],[139.6511,38.6977],[139.6511,38.6978],[139.6511,38.6979],[139.6512,38.6979],[139.6512,38.6979],[139.6512,38.698],[139.6513,38.698],[139.6513,38.698],[139.6513,38.6981],[139.6513,38.6981],[139.6513,38.6982],[139.6513,38.6982],[139.6514,38.6983],[139.6514,38.6984],[139.6515,38.6984],[139.6516,38.6988],[139.6515,38.6989],[139.6515,38.6989],[139.6514,38.6989],[139.6515,38.699],[139.6514,38.699],[139.6514,38.6991],[139.6515,38.6992],[139.6515,38.6993],[139.6515,38.6993],[139.6515,38.6994],[139.6516,38.6994],[139.6516,38.6994],[139.6517,38.6994],[139.6518,38.6996],[139.6517,38.6996],[139.6516,38.6997],[139.6516,38.6998],[139.6516,38.6998],[139.6517,38.6999],[139.6517,38.6999],[139.6518,38.6999],[139.6519,38.6999],[139.6519,38.6999],[139.6519,38.6999],[139.652,38.7],[139.652,38.7],[139.6521,38.7002],[139.652,38.7003],[139.652,38.7003],[139.652,38.7004],[139.652,38.7004],[139.652,38.7005],[139.6521,38.7005],[139.652,38.7006],[139.652,38.7006],[139.6521,38.7007],[139.6521,38.7008],[139.6521,38.7008],[139.6521,38.7008],[139.6521,38.7009],[139.6521,38.7009],[139.6521,38.701],[139.6521,38.7011],[139.6521,38.7011],[139.6522,38.7011],[139.6522,38.7012],[139.6522,38.7012],[139.6522,38.7012],[139.6522,38.7013],[139.6522,38.7014],[139.6522,38.7015],[139.6523,38.7015],[139.6522,38.7016],[139.6522,38.7016],[139.6522,38.7017],[139.6522,38.7017],[139.6522,38.7018],[139.6523,38.7018],[139.6524,38.7017],[139.6524,38.7017],[139.6525,38.7017],[139.6525,38.7017],[139.6526,38.7017],[139.6526,38.7017],[139.6527,38.7017],[139.6527,38.7018],[139.6526,38.7019],[139.6526,38.7019],[139.6526,38.7019],[139.6525,38.702],[139.6525,38.702],[139.6525,38.7021],[139.6524,38.7021],[139.6524,38.7021],[139.6524,38.7021],[139.6525,38.7022],[139.6525,38.7022],[139.6526,38.7021],[139.6526,38.7021],[139.6527,38.7021],[139.6527,38.7021],[139.6528,38.7021],[139.6529,38.7021],[139.653,38.7021],[139.653,38.702],[139.653,38.702],[139.6531,38.702],[139.6531,38.7021],[139.653,38.7022],[139.653,38.7022],[139.653,38.7022],[139.653,38.7023],[139.653,38.7023],[139.6529,38.7023],[139.6528,38.7023],[139.6528,38.7024],[139.6526,38.7025],[139.6526,38.7025],[139.6526,38.7025],[139.6527,38.7025],[139.6528,38.7025],[139.653,38.7025],[139.653,38.7025],[139.6531,38.7024],[139.6531,38.7024],[139.6532,38.7024],[139.6533,38.7024],[139.6533,38.7024],[139.6534,38.7024],[139.6533,38.7025],[139.6533,38.7026],[139.6533,38.7026],[139.6533,38.7027],[139.6533,38.7027],[139.6534,38.7027],[139.6534,38.7027],[139.6534,38.7027],[139.6534,38.7027],[139.6534,38.7028],[139.6534,38.7028],[139.6534,38.7028],[139.6534,38.7028],[139.6534,38.7028],[139.6534,38.7028],[139.6534,38.7029],[139.6534,38.7029],[139.6534,38.7029],[139.6535,38.7029],[139.6535,38.7029],[139.6535,38.7029],[139.6535,38.7029],[139.6535,38.7029],[139.6536,38.7029],[139.6536,38.7029],[139.6536,38.7029],[139.6536,38.7029],[139.6536,38.7028],[139.6536,38.7028],[139.6536,38.7028],[139.6536,38.7028],[139.6536,38.7028],[139.6536,38.7028],[139.6536,38.7028],[139.6537,38.7028],[139.6537,38.7028],[139.6537,38.7028],[139.6537,38.7028],[139.6538,38.7028],[139.6538,38.7028],[139.6538,38.7028],[139.6538,38.7028],[139.6538,38.7028],[139.6538,38.7028],[139.6538,38.7029],[139.6538,38.7029],[139.6538,38.7029],[139.6538,38.7029],[139.6538,38.7029],[139.6538,38.7029],[139.6538,38.703],[139.6538,38.703],[139.6538,38.703],[139.6538,38.703],[139.6538,38.703],[139.6538,38.7031],[139.6538,38.7031],[139.6538,38.7031],[139.6538,38.7031],[139.6538,38.7031],[139.6538,38.7032],[139.6538,38.7032],[139.6538,38.7032],[139.6539,38.7032],[139.6539,38.7032],[139.6539,38.7032],[139.6539,38.7032],[139.6539,38.7032],[139.654,38.7032],[139.654,38.7032],[139.654,38.7032],[139.654,38.7033],[139.654,38.7033],[139.6541,38.7033],[139.6541,38.7033],[139.6541,38.7033],[139.6541,38.7033],[139.6542,38.7033],[139.6542,38.7033],[139.6542,38.7033],[139.6542,38.7033],[139.6543,38.7033],[139.6543,38.7034],[139.6543,38.7034],[139.6543,38.7034],[139.6543,38.7034],[139.6544,38.7034],[139.6544,38.7034],[139.6544,38.7034],[139.6544,38.7034],[139.6545,38.7034],[139.6545,38.7034],[139.6545,38.7034],[139.6545,38.7034],[139.6546,38.7034],[139.6546,38.7034],[139.6546,38.7034],[139.6546,38.7034],[139.6546,38.7034],[139.6547,38.7034],[139.6547,38.7034],[139.6547,38.7034],[139.6547,38.7033],[139.6548,38.7033],[139.6548,38.7033],[139.6548,38.7033],[139.6548,38.7033],[139.6548,38.7033],[139.6549,38.7033],[139.6549,38.7033],[139.6549,38.7033],[139.6549,38.7033],[139.6549,38.7032],[139.655,38.7033],[139.655,38.7032],[139.655,38.7032],[139.655,38.7032],[139.6551,38.7032],[139.6551,38.7032],[139.6551,38.7032],[139.6551,38.7032],[139.6551,38.7032],[139.6552,38.7032],[139.6552,38.7032],[139.6552,38.7032],[139.6553,38.7032],[139.6553,38.7032],[139.6553,38.7032],[139.6553,38.7032],[139.6554,38.7032],[139.6554,38.7032],[139.6554,38.7032],[139.6554,38.7031],[139.6555,38.7031],[139.6555,38.7031],[139.6555,38.7031],[139.6555,38.7031],[139.6555,38.7031],[139.6556,38.703],[139.6556,38.703],[139.6556,38.703],[139.6556,38.703],[139.6556,38.703],[139.6556,38.703],[139.6557,38.703],[139.6557,38.7029],[139.6557,38.7029],[139.6557,38.7029],[139.6557,38.7029],[139.6558,38.7029],[139.6558,38.7029],[139.6558,38.7029],[139.6558,38.7029],[139.6559,38.703],[139.6559,38.703],[139.6559,38.703],[139.6559,38.703],[139.656,38.703],[139.656,38.703],[139.656,38.703],[139.656,38.703],[139.6561,38.703],[139.6561,38.703],[139.6561,38.703],[139.6561,38.703],[139.6562,38.703],[139.6562,38.703],[139.6562,38.703],[139.6562,38.703],[139.6562,38.703],[139.6563,38.703],[139.6563,38.703],[139.6563,38.703],[139.6563,38.703],[139.6564,38.703],[139.6564,38.703],[139.6564,38.703],[139.6564,38.703],[139.6565,38.703],[139.6565,38.703],[139.6565,38.703],[139.6565,38.703],[139.6566,38.703],[139.6566,38.7031],[139.6566,38.7031],[139.6566,38.7031],[139.6566,38.7031],[139.6566,38.7031],[139.6567,38.7031],[139.6567,38.7031],[139.6567,38.7031],[139.6567,38.7031],[139.6567,38.7031],[139.6568,38.7031],[139.6568,38.7031],[139.6568,38.7031],[139.6568,38.7031],[139.6569,38.7031],[139.6569,38.7032],[139.6569,38.7032],[139.6569,38.7032],[139.657,38.7032],[139.657,38.7032],[139.657,38.7032],[139.657,38.7032],[139.657,38.7032],[139.6571,38.7032],[139.6571,38.7032],[139.6571,38.7032],[139.6571,38.7032],[139.6572,38.7032],[139.6572,38.7032],[139.6572,38.7032],[139.6572,38.7032],[139.6572,38.7032],[139.6572,38.7032],[139.6573,38.7032],[139.6573,38.7032],[139.6573,38.7032],[139.6573,38.7032],[139.6573,38.7032],[139.6574,38.7032],[139.6574,38.7033],[139.6574,38.7033],[139.6574,38.7033],[139.6574,38.7033],[139.6575,38.7033],[139.6575,38.7033],[139.6575,38.7033],[139.6575,38.7033],[139.6576,38.7033],[139.6576,38.7033],[139.6576,38.7033],[139.6576,38.7034],[139.6577,38.7034],[139.6577,38.7034],[139.6577,38.7034],[139.6577,38.7034],[139.6577,38.7034],[139.6578,38.7034],[139.6578,38.7034],[139.6578,38.7034],[139.6578,38.7034],[139.6579,38.7034],[139.6579,38.7034],[139.658,38.7034],[139.658,38.7035],[139.658,38.7035],[139.658,38.7035],[139.658,38.7035],[139.658,38.7035],[139.658,38.7035],[139.658,38.7036],[139.658,38.7036],[139.658,38.7036],[139.6579,38.7036],[139.6579,38.7036],[139.6579,38.7037],[139.6579,38.7037],[139.6579,38.7037],[139.6579,38.7037],[139.6579,38.7038],[139.6579,38.7038],[139.6578,38.7038],[139.6578,38.7038],[139.6578,38.7038],[139.6578,38.7038],[139.6578,38.7038],[139.6578,38.7038],[139.6577,38.7038],[139.6577,38.7038],[139.6577,38.7038],[139.6576,38.7039],[139.6577,38.7039],[139.6576,38.7039],[139.6576,38.7039],[139.6576,38.7039],[139.6575,38.7039],[139.6575,38.7039],[139.6576,38.704],[139.6576,38.704],[139.6576,38.704],[139.6576,38.704],[139.6576,38.704],[139.6576,38.704],[139.6576,38.704],[139.6576,38.7041],[139.6577,38.7041],[139.6577,38.7041],[139.6577,38.7041],[139.6577,38.7041],[139.6578,38.7041],[139.6577,38.704],[139.6578,38.704],[139.6578,38.704],[139.6578,38.704],[139.6578,38.704],[139.6578,38.704],[139.6578,38.704],[139.6579,38.704],[139.6579,38.7039],[139.6579,38.7039],[139.6579,38.7039],[139.6579,38.7039],[139.6579,38.7039],[139.6579,38.704],[139.658,38.704],[139.658,38.704],[139.658,38.7039],[139.658,38.7039],[139.658,38.704],[139.6581,38.704],[139.6581,38.704],[139.6581,38.704],[139.6581,38.7039],[139.6582,38.704],[139.6582,38.7039],[139.6582,38.7039],[139.6582,38.7039],[139.6582,38.7039],[139.6583,38.7039],[139.6583,38.7039],[139.6583,38.7039],[139.6583,38.7039],[139.6584,38.7039],[139.6584,38.7039],[139.6584,38.7039],[139.6586,38.7037],[139.6586,38.7037],[139.659,38.7038],[139.6591,38.7038],[139.6591,38.7038],[139.6592,38.7038],[139.6594,38.7039],[139.6593,38.7039],[139.6592,38.704],[139.6591,38.704],[139.6591,38.7041],[139.659,38.7041],[139.659,38.7042],[139.6592,38.7043],[139.6592,38.7043],[139.6592,38.7041],[139.6592,38.7041],[139.6592,38.7041],[139.6593,38.704],[139.6594,38.704],[139.6595,38.7039],[139.6595,38.7039],[139.6602,38.7041],[139.6597,38.7045],[139.6594,38.7045],[139.6594,38.7046],[139.6598,38.7045],[139.6602,38.7043],[139.6603,38.7042],[139.6606,38.7043],[139.6606,38.7044],[139.6607,38.7044],[139.6607,38.7045],[139.6608,38.7046],[139.6608,38.7047],[139.6608,38.7047],[139.6609,38.7048],[139.661,38.7048],[139.661,38.7049],[139.661,38.7049],[139.661,38.705],[139.6611,38.705],[139.6611,38.705],[139.6611,38.705],[139.6611,38.7051],[139.661,38.7051],[139.661,38.7051],[139.661,38.7051],[139.661,38.7051],[139.661,38.7051],[139.6609,38.7051],[139.6609,38.7051],[139.6609,38.7052],[139.6609,38.7052],[139.6609,38.7052],[139.6609,38.7052],[139.6609,38.7052],[139.661,38.7052],[139.661,38.7053],[139.661,38.7053],[139.661,38.7053],[139.661,38.7053],[139.661,38.7053],[139.661,38.7053],[139.661,38.7054],[139.661,38.7054],[139.661,38.7054],[139.661,38.7054],[139.661,38.7054],[139.661,38.7055],[139.661,38.7055],[139.661,38.7055],[139.661,38.7055],[139.661,38.7055],[139.661,38.7055],[139.661,38.7056],[139.661,38.7056],[139.661,38.7056],[139.661,38.7056],[139.6609,38.7056],[139.6609,38.7056],[139.6609,38.7057],[139.6609,38.7057],[139.6608,38.7057],[139.6608,38.7057],[139.6608,38.7057],[139.6608,38.7057],[139.6608,38.7056],[139.6607,38.7056],[139.6607,38.7056],[139.6607,38.7056],[139.6607,38.7057],[139.6606,38.7057],[139.6606,38.7057],[139.6606,38.7057],[139.6606,38.7057],[139.6606,38.7056],[139.6606,38.7057],[139.6605,38.7057],[139.6605,38.7057],[139.6605,38.7057],[139.6605,38.7057],[139.6605,38.7057],[139.6605,38.7057],[139.6604,38.7058],[139.6604,38.7058],[139.6605,38.7058],[139.6605,38.7058],[139.6605,38.7058],[139.6605,38.7058],[139.6605,38.7058],[139.6605,38.7058],[139.6606,38.7058],[139.6606,38.7058],[139.6606,38.7058],[139.6606,38.7058],[139.6606,38.7058],[139.6607,38.7058],[139.6607,38.7058],[139.6607,38.7058],[139.6607,38.7058],[139.6608,38.7058],[139.6608,38.7058],[139.6608,38.7058],[139.6608,38.7058],[139.6608,38.7058],[139.6608,38.7058],[139.6609,38.7058],[139.6609,38.7058],[139.6609,38.7058],[139.6609,38.7058],[139.6609,38.7058],[139.6609,38.7058],[139.6609,38.7058],[139.661,38.7058],[139.661,38.7058],[139.661,38.7058],[139.661,38.7057],[139.6611,38.7058],[139.6611,38.7058],[139.6611,38.7057],[139.6611,38.7057],[139.6612,38.7057],[139.6612,38.7057],[139.6612,38.7058],[139.6612,38.7058],[139.6612,38.7058],[139.6612,38.7058],[139.6613,38.7059],[139.6613,38.7059],[139.6613,38.706],[139.6613,38.706],[139.6612,38.706],[139.6611,38.706],[139.6611,38.706],[139.6611,38.706],[139.6611,38.706],[139.6611,38.706],[139.6611,38.7061],[139.6611,38.7061],[139.6611,38.7061],[139.6611,38.7061],[139.6611,38.7061],[139.6611,38.7061],[139.661,38.7061],[139.661,38.7061],[139.661,38.7061],[139.6609,38.7061],[139.6609,38.7061],[139.6609,38.7061],[139.661,38.7062],[139.661,38.7062],[139.661,38.7062],[139.661,38.7062],[139.661,38.7062],[139.661,38.7063],[139.6609,38.7063],[139.6607,38.7064],[139.6607,38.7064],[139.6607,38.7064],[139.6607,38.7064],[139.6607,38.7064],[139.6608,38.7065],[139.6608,38.7065],[139.6608,38.7065],[139.6608,38.7065],[139.6608,38.7066],[139.6608,38.7066],[139.6609,38.7065],[139.6609,38.7066],[139.6609,38.7066],[139.6609,38.7066],[139.6609,38.7066],[139.6608,38.7067],[139.6607,38.7067],[139.6606,38.7068],[139.6606,38.7068],[139.6606,38.7068],[139.6607,38.7068],[139.6607,38.7068],[139.6609,38.7068],[139.6611,38.7067],[139.6612,38.7067],[139.6612,38.7068],[139.6612,38.7068],[139.6611,38.7069],[139.6611,38.7069],[139.6608,38.707],[139.6607,38.707],[139.6606,38.707],[139.6605,38.7071],[139.6605,38.7071],[139.6605,38.7071],[139.6605,38.7071],[139.6606,38.7071],[139.6606,38.7071],[139.6607,38.7072],[139.6607,38.7072],[139.6608,38.7072],[139.6609,38.7072],[139.661,38.7072],[139.661,38.7072],[139.661,38.7072],[139.661,38.7072],[139.661,38.7072],[139.6611,38.7072],[139.6612,38.7071],[139.6613,38.7072],[139.6613,38.7072],[139.6611,38.7073],[139.6611,38.7073],[139.6612,38.7073],[139.6612,38.7074],[139.661,38.7074],[139.6609,38.7074],[139.6607,38.7074],[139.6607,38.7074],[139.6606,38.7075],[139.6605,38.7075],[139.6605,38.7076],[139.6604,38.7076],[139.6605,38.7077],[139.6605,38.7077],[139.6605,38.7077],[139.6605,38.7078],[139.6605,38.7078],[139.6606,38.7079],[139.6608,38.7079],[139.6613,38.7077],[139.6616,38.7076],[139.6616,38.7075],[139.6617,38.7074],[139.6618,38.7073],[139.6618,38.7073],[139.6619,38.7072],[139.662,38.7072],[139.6621,38.7072],[139.6623,38.7072],[139.6624,38.7072],[139.6625,38.7073],[139.6626,38.7073],[139.6628,38.7074],[139.6629,38.7074],[139.663,38.7075],[139.6631,38.7075],[139.6632,38.7076],[139.6632,38.7077],[139.6633,38.7078],[139.6633,38.7079],[139.6634,38.708],[139.6635,38.7081],[139.6635,38.7082],[139.6635,38.7082],[139.6635,38.7083],[139.6635,38.7083],[139.6635,38.7084],[139.6636,38.7084],[139.6636,38.7085],[139.6635,38.7086],[139.6635,38.7087],[139.6635,38.7087],[139.6635,38.7087],[139.6635,38.7087],[139.6635,38.7087],[139.6635,38.7087],[139.6635,38.7088],[139.6635,38.7088],[139.6635,38.7088],[139.6635,38.7088],[139.6635,38.7088],[139.6635,38.7088],[139.6634,38.7089],[139.6634,38.7089],[139.6634,38.7089],[139.6634,38.7089],[139.6634,38.7089],[139.6634,38.7089],[139.6634,38.709],[139.6634,38.709],[139.6634,38.709],[139.6634,38.709],[139.6634,38.709],[139.6633,38.709],[139.6633,38.7091],[139.6633,38.7091],[139.6633,38.7091],[139.6633,38.7091],[139.6633,38.7091],[139.6633,38.7092],[139.6633,38.7092],[139.6632,38.7092],[139.6632,38.7092],[139.6632,38.7092],[139.6632,38.7093],[139.6632,38.7093],[139.6632,38.7093],[139.6632,38.7093],[139.6631,38.7093],[139.6631,38.7094],[139.6631,38.7094],[139.6631,38.7094],[139.6631,38.7094],[139.6631,38.7094],[139.6631,38.7095],[139.6631,38.7095],[139.663,38.7095],[139.663,38.7095],[139.663,38.7095],[139.663,38.7096],[139.663,38.7096],[139.663,38.7096],[139.663,38.7096],[139.6629,38.7096],[139.6629,38.7096],[139.6629,38.7097],[139.6629,38.7097],[139.6629,38.7097],[139.6629,38.7097],[139.6628,38.7097],[139.6629,38.7098],[139.6629,38.7098],[139.6628,38.7098],[139.6628,38.7098],[139.6628,38.7099],[139.6629,38.7099],[139.6628,38.7099],[139.6628,38.7099],[139.6628,38.7099],[139.6629,38.7099],[139.6628,38.71],[139.6628,38.71],[139.6628,38.71],[139.6628,38.71],[139.6628,38.71],[139.6628,38.7101],[139.6628,38.7101],[139.6628,38.7101],[139.6628,38.7101],[139.6628,38.7101],[139.6628,38.7101],[139.6628,38.7101],[139.6628,38.7102],[139.6628,38.7102],[139.6628,38.7102],[139.6628,38.7102],[139.6628,38.7102],[139.6628,38.7102],[139.6628,38.7103],[139.6628,38.7103],[139.6628,38.7103],[139.6628,38.7103],[139.6628,38.7103],[139.6628,38.7104],[139.6628,38.7104],[139.6628,38.7104],[139.6628,38.7104],[139.6628,38.7104],[139.6628,38.7105],[139.6628,38.7105],[139.6628,38.7105],[139.6628,38.7105],[139.6628,38.7105],[139.6627,38.7105],[139.6627,38.7106],[139.6627,38.7106],[139.6627,38.7106],[139.6628,38.7106],[139.6627,38.7106],[139.6627,38.7106],[139.6627,38.7107],[139.6628,38.7107],[139.6628,38.7107],[139.6628,38.7107],[139.6628,38.7107],[139.6629,38.7107],[139.6629,38.7106],[139.6629,38.7106],[139.6629,38.7106],[139.6629,38.7106],[139.6629,38.7106],[139.6629,38.7106],[139.6629,38.7106],[139.6629,38.7106],[139.6629,38.7106],[139.6629,38.7106],[139.663,38.7106],[139.663,38.7107],[139.663,38.7107],[139.663,38.7107],[139.663,38.7107],[139.6629,38.7107],[139.6629,38.7107],[139.6629,38.7108],[139.6629,38.7108],[139.6629,38.7108],[139.6629,38.7108],[139.6629,38.7108],[139.6629,38.7108],[139.6629,38.7109],[139.6629,38.7109],[139.6629,38.7109],[139.663,38.7109],[139.663,38.711],[139.6631,38.711],[139.6631,38.711],[139.6631,38.711],[139.6631,38.711],[139.6631,38.711],[139.6632,38.711],[139.6632,38.711],[139.6632,38.711],[139.6632,38.711],[139.6632,38.711],[139.6632,38.7111],[139.6632,38.7111],[139.6632,38.7111],[139.6631,38.7111],[139.6631,38.7111],[139.6631,38.7111],[139.6631,38.7112],[139.6631,38.7112],[139.6631,38.7112],[139.6631,38.7112],[139.6631,38.7112],[139.6631,38.7112],[139.6631,38.7112],[139.663,38.7112],[139.663,38.7112],[139.663,38.7112],[139.663,38.7112],[139.6629,38.7112],[139.6629,38.7112],[139.6629,38.7112],[139.6629,38.7112],[139.6628,38.7112],[139.6628,38.7112],[139.6628,38.7112],[139.6628,38.7113],[139.6627,38.7112],[139.6627,38.7113],[139.6627,38.7113],[139.6627,38.7113],[139.6626,38.7113],[139.6626,38.7113],[139.6626,38.7114],[139.6626,38.7114],[139.6626,38.7114],[139.6626,38.7114],[139.6626,38.7114],[139.6626,38.7114],[139.6626,38.7115],[139.6627,38.7115],[139.6627,38.7115],[139.6627,38.7115],[139.6627,38.7115],[139.6627,38.7114],[139.6627,38.7114],[139.6628,38.7114],[139.6628,38.7114],[139.6628,38.7114],[139.6629,38.7114],[139.6629,38.7114],[139.6629,38.7114],[139.6629,38.7114],[139.6629,38.7114],[139.6629,38.7113],[139.663,38.7114],[139.663,38.7114],[139.663,38.7114],[139.663,38.7114],[139.663,38.7114],[139.663,38.7114],[139.6631,38.7114],[139.6631,38.7114],[139.6631,38.7114],[139.6631,38.7114],[139.6631,38.7114],[139.6631,38.7114],[139.6631,38.7114],[139.6632,38.7114],[139.6632,38.7114],[139.6632,38.7115],[139.6632,38.7115],[139.6632,38.7115],[139.6632,38.7115],[139.6632,38.7115],[139.6632,38.7115],[139.6632,38.7115],[139.6632,38.7115],[139.6632,38.7115],[139.6631,38.7115],[139.6631,38.7116],[139.6631,38.7115],[139.663,38.7115],[139.663,38.7116],[139.663,38.7116],[139.663,38.7116],[139.663,38.7116],[139.6629,38.7116],[139.6629,38.7116],[139.6629,38.7116],[139.6629,38.7116],[139.6628,38.7116],[139.6628,38.7116],[139.6628,38.7116],[139.6628,38.7116],[139.6628,38.7116],[139.6627,38.7116],[139.6627,38.7116],[139.6627,38.7117],[139.6627,38.7117],[139.6626,38.7117],[139.6626,38.7117],[139.6626,38.7117],[139.6626,38.7117],[139.6625,38.7117],[139.6625,38.7118],[139.6625,38.7118],[139.6625,38.7118],[139.6625,38.7118],[139.6625,38.7118],[139.6625,38.7119],[139.6625,38.7119],[139.6625,38.7119],[139.6625,38.7119],[139.6624,38.7119],[139.6624,38.7119],[139.6624,38.712],[139.6624,38.712],[139.6624,38.712],[139.6624,38.712],[139.6624,38.712],[139.6624,38.712],[139.6623,38.712],[139.6623,38.712],[139.6623,38.712],[139.6623,38.7121],[139.6622,38.7121],[139.6622,38.7121],[139.6622,38.7121],[139.6622,38.7121],[139.6622,38.7121],[139.6621,38.7121],[139.6621,38.7122],[139.6621,38.7122],[139.6621,38.7122],[139.6621,38.7122],[139.6621,38.7122],[139.6621,38.7122],[139.662,38.7122],[139.662,38.7122],[139.662,38.7123],[139.662,38.7123],[139.662,38.7123],[139.662,38.7123],[139.662,38.7123],[139.662,38.7123],[139.662,38.7123],[139.662,38.7124],[139.662,38.7124],[139.662,38.7124],[139.662,38.7124],[139.662,38.7124],[139.662,38.7124],[139.662,38.7124],[139.6621,38.7124],[139.6621,38.7124],[139.6621,38.7124],[139.6621,38.7125],[139.6622,38.7125],[139.6622,38.7124],[139.6622,38.7124],[139.6623,38.7124],[139.6623,38.7124],[139.6623,38.7124],[139.6623,38.7124],[139.6624,38.7124],[139.6624,38.7125],[139.6624,38.7125],[139.6624,38.7125],[139.6625,38.7125],[139.6625,38.7125],[139.6625,38.7125],[139.6625,38.7125],[139.6625,38.7125],[139.6626,38.7125],[139.6626,38.7125],[139.6626,38.7124],[139.6627,38.7124],[139.6627,38.7124],[139.6627,38.7124],[139.6628,38.7124],[139.6628,38.7124],[139.6628,38.7124],[139.6628,38.7124],[139.6628,38.7123],[139.6628,38.7123],[139.6628,38.7123],[139.6629,38.7123],[139.6629,38.7123],[139.6629,38.7123],[139.6629,38.7123],[139.6629,38.7124],[139.6629,38.7124],[139.6629,38.7124],[139.663,38.7124],[139.663,38.7124],[139.663,38.7124],[139.663,38.7124],[139.663,38.7124],[139.6631,38.7124],[139.6631,38.7124],[139.6631,38.7124],[139.6631,38.7124],[139.6631,38.7124],[139.6632,38.7124],[139.6631,38.7124],[139.6631,38.7124],[139.6631,38.7124],[139.6631,38.7124],[139.663,38.7124],[139.663,38.7125],[139.663,38.7125],[139.663,38.7125],[139.6629,38.7125],[139.6629,38.7125],[139.6629,38.7125],[139.6629,38.7125],[139.6629,38.7125],[139.6629,38.7126],[139.6629,38.7126],[139.6629,38.7126],[139.6629,38.7126],[139.6628,38.7126],[139.6629,38.7127],[139.6628,38.7127],[139.6628,38.7127],[139.6629,38.7127],[139.6628,38.7128],[139.6628,38.7128],[139.6628,38.7128],[139.6628,38.7128],[139.6627,38.7128],[139.6627,38.7129],[139.6627,38.7129],[139.6627,38.7129],[139.6626,38.7129],[139.6626,38.7129],[139.6626,38.7129],[139.6626,38.7129],[139.6626,38.713],[139.6626,38.713],[139.6625,38.713],[139.6625,38.713],[139.6625,38.713],[139.6625,38.713],[139.6625,38.713],[139.6624,38.7131],[139.6624,38.7131],[139.6624,38.7131],[139.6624,38.7131],[139.6624,38.7131],[139.6624,38.7131],[139.6624,38.7132],[139.6624,38.7132],[139.6624,38.7132],[139.6625,38.7132],[139.6625,38.7132],[139.6625,38.7132],[139.6625,38.7132],[139.6626,38.7132],[139.6626,38.7132],[139.6626,38.7132],[139.6627,38.7132],[139.6627,38.7132],[139.6627,38.7131],[139.6627,38.7131],[139.6628,38.7131],[139.6628,38.7131],[139.6628,38.7131],[139.6628,38.7131],[139.6628,38.7131],[139.6628,38.713],[139.6629,38.713],[139.6629,38.713],[139.6629,38.713],[139.6629,38.713],[139.6629,38.7129],[139.6629,38.7129],[139.6629,38.7129],[139.663,38.7129],[139.663,38.7129],[139.663,38.7129],[139.663,38.7129],[139.663,38.7128],[139.663,38.7128],[139.663,38.7128],[139.663,38.7128],[139.663,38.7128],[139.663,38.7127],[139.663,38.7127],[139.6631,38.7127],[139.6631,38.7127],[139.6631,38.7127],[139.6631,38.7127],[139.6631,38.7127],[139.6632,38.7127],[139.6632,38.7127],[139.6632,38.7127],[139.6632,38.7127],[139.6633,38.7127],[139.6633,38.7126],[139.6633,38.7127],[139.6633,38.7127],[139.6633,38.7126],[139.6634,38.7126],[139.6634,38.7127],[139.6634,38.7127],[139.6634,38.7127],[139.6634,38.7127],[139.6633,38.7127],[139.6633,38.7127],[139.6633,38.7127],[139.6633,38.7127],[139.6633,38.7128],[139.6633,38.7128],[139.6633,38.7128],[139.6633,38.7128],[139.6632,38.7128],[139.6632,38.7128],[139.6632,38.7128],[139.6632,38.7129],[139.6632,38.7129],[139.6632,38.7129],[139.6632,38.7129],[139.6632,38.7129],[139.6632,38.7129],[139.6631,38.7129],[139.6631,38.713],[139.6631,38.713],[139.6631,38.713],[139.6631,38.713],[139.6631,38.713],[139.6631,38.713],[139.663,38.713],[139.663,38.7131],[139.663,38.7131],[139.663,38.7131],[139.663,38.7131],[139.663,38.7131],[139.663,38.7132],[139.663,38.7132],[139.663,38.7132],[139.663,38.7132],[139.663,38.7132],[139.663,38.7132],[139.663,38.7133],[139.663,38.7133],[139.6631,38.7133],[139.6631,38.7132],[139.6631,38.7132],[139.6631,38.7132],[139.6631,38.7132],[139.6631,38.7132],[139.6631,38.7132],[139.6632,38.7132],[139.6632,38.7132],[139.6632,38.7132],[139.6632,38.7132],[139.6632,38.7131],[139.6632,38.7131],[139.6633,38.7131],[139.6633,38.7131],[139.6633,38.7131],[139.6633,38.7131],[139.6633,38.7131],[139.6633,38.713],[139.6633,38.713],[139.6634,38.713],[139.6634,38.713],[139.6634,38.713],[139.6634,38.713],[139.6634,38.713],[139.6634,38.7129],[139.6634,38.7129],[139.6634,38.7129],[139.6635,38.7129],[139.6635,38.7129],[139.6635,38.7129],[139.6635,38.7129],[139.6635,38.7128],[139.6635,38.7128],[139.6635,38.7128],[139.6635,38.7128],[139.6636,38.7128],[139.6636,38.7128],[139.6636,38.7127],[139.6636,38.7127],[139.6636,38.7127],[139.6636,38.7127],[139.6636,38.7127],[139.6636,38.7127],[139.6636,38.7126],[139.6637,38.7126],[139.6637,38.7126],[139.6637,38.7126],[139.6637,38.7126],[139.6637,38.7126],[139.6637,38.7126],[139.6637,38.7126],[139.6637,38.7127],[139.6637,38.7127],[139.6637,38.7127],[139.6638,38.7127],[139.6638,38.7127],[139.6638,38.7127],[139.6638,38.7128],[139.6638,38.7128],[139.6638,38.7128],[139.6638,38.7128],[139.6638,38.7128],[139.6638,38.7129],[139.6638,38.7129],[139.6638,38.7129],[139.6638,38.7129],[139.6638,38.7129],[139.6638,38.7129],[139.6638,38.713],[139.6638,38.713],[139.6637,38.713],[139.6637,38.713],[139.6638,38.713],[139.6638,38.713],[139.6638,38.713],[139.6638,38.713],[139.6638,38.713],[139.6638,38.713],[139.6639,38.713],[139.6639,38.713],[139.6639,38.713],[139.6639,38.713],[139.664,38.713],[139.664,38.713],[139.6639,38.713],[139.6639,38.713],[139.6639,38.713],[139.6639,38.713],[139.6639,38.7131],[139.6639,38.7131],[139.6639,38.7131],[139.6639,38.7131],[139.6639,38.7131],[139.6639,38.7131],[139.6638,38.7132],[139.6638,38.7132],[139.6638,38.7132],[139.6638,38.7132],[139.6638,38.7132],[139.6638,38.7132],[139.6639,38.7132],[139.6639,38.7133],[139.6639,38.7132],[139.664,38.7132],[139.664,38.7132],[139.664,38.7132],[139.664,38.7132],[139.664,38.7132],[139.664,38.7132],[139.664,38.7132],[139.6641,38.7132],[139.6641,38.7131],[139.6641,38.7131],[139.6641,38.7131],[139.6641,38.7131],[139.6642,38.7131],[139.6642,38.7131],[139.6642,38.7131],[139.6642,38.7131],[139.6643,38.7131],[139.6643,38.7131],[139.6643,38.7131],[139.6643,38.7131],[139.6643,38.7131],[139.6643,38.7131],[139.6643,38.7131],[139.6644,38.7132],[139.6644,38.7132],[139.6644,38.7132],[139.6644,38.7132],[139.6644,38.7132],[139.6644,38.7132],[139.6644,38.7132],[139.6644,38.7132],[139.6643,38.7133],[139.6643,38.7133],[139.6643,38.7133],[139.6643,38.7133],[139.6643,38.7133],[139.6643,38.7134],[139.6643,38.7134],[139.6643,38.7134],[139.6642,38.7135],[139.6642,38.7135],[139.6642,38.7136],[139.6641,38.7137],[139.6641,38.7137],[139.6641,38.7137],[139.664,38.7137],[139.664,38.7138],[139.664,38.7138],[139.664,38.7138],[139.664,38.7138],[139.664,38.7139],[139.6641,38.7138],[139.6642,38.7138],[139.6642,38.7138],[139.6643,38.7138],[139.6644,38.7137],[139.6645,38.7136],[139.6646,38.7136],[139.6647,38.7135],[139.6647,38.7135],[139.6648,38.7135],[139.6649,38.7135],[139.665,38.7135],[139.6651,38.7136],[139.6652,38.7136],[139.6653,38.7136],[139.6654,38.7137],[139.6654,38.7138],[139.6655,38.7137],[139.6655,38.7138],[139.6655,38.7138],[139.6654,38.7138],[139.6655,38.7139],[139.6655,38.7139],[139.6655,38.7139],[139.6655,38.7139],[139.6655,38.714],[139.6654,38.714],[139.6654,38.714],[139.6654,38.714],[139.6654,38.714],[139.6654,38.7141],[139.6654,38.7141],[139.6654,38.7142],[139.6655,38.7142],[139.6655,38.7142],[139.6655,38.7142],[139.6655,38.7142],[139.6656,38.7141],[139.6656,38.7141],[139.6657,38.7141],[139.6657,38.7141],[139.6657,38.7141],[139.6658,38.714],[139.6658,38.714],[139.6659,38.714],[139.6659,38.7139],[139.6659,38.7139],[139.6659,38.7138],[139.6659,38.7138],[139.6659,38.7137],[139.666,38.7137],[139.666,38.7137],[139.6661,38.7137],[139.6661,38.7137],[139.6662,38.7137],[139.6662,38.7137],[139.6662,38.7137],[139.6663,38.7137],[139.6664,38.7138],[139.6664,38.7138],[139.6665,38.7138],[139.6666,38.7138],[139.6667,38.7138],[139.6668,38.7139],[139.6669,38.7139],[139.667,38.7139],[139.6671,38.7139],[139.6672,38.7139],[139.6673,38.7139],[139.6673,38.714],[139.6674,38.714],[139.6674,38.7141],[139.6675,38.7141],[139.6675,38.7141],[139.6675,38.7142],[139.6675,38.7142],[139.6675,38.7142],[139.6675,38.7143],[139.6675,38.7143],[139.6675,38.7143],[139.6676,38.7144],[139.6676,38.7144],[139.6676,38.7145],[139.6676,38.7145],[139.6676,38.7145],[139.6676,38.7146],[139.6676,38.7146],[139.6675,38.7146],[139.6675,38.7146],[139.6675,38.7147],[139.6675,38.7147],[139.6675,38.7147],[139.6674,38.7147],[139.6674,38.7147],[139.6674,38.7147],[139.6674,38.7147],[139.6674,38.7147],[139.6674,38.7147],[139.6673,38.7147],[139.6673,38.7148],[139.6673,38.7148],[139.6673,38.7148],[139.6674,38.7148],[139.6674,38.7148],[139.6673,38.7148],[139.6673,38.7149],[139.6673,38.7149],[139.6673,38.7149],[139.6673,38.7149],[139.6673,38.7149],[139.6673,38.7149],[139.6672,38.715],[139.6672,38.715],[139.6672,38.715],[139.6672,38.715],[139.6672,38.715],[139.6672,38.715],[139.6672,38.7151],[139.6672,38.7151],[139.6672,38.7151],[139.6671,38.7151],[139.6671,38.7151],[139.6671,38.7151],[139.6671,38.7151],[139.6671,38.7151],[139.6671,38.7152],[139.6671,38.7152],[139.667,38.7152],[139.667,38.7152],[139.667,38.7152],[139.667,38.7153],[139.6669,38.7153],[139.667,38.7153],[139.6669,38.7153],[139.6669,38.7153],[139.6669,38.7153],[139.6669,38.7154],[139.6669,38.7154],[139.6669,38.7154],[139.6669,38.7154],[139.6669,38.7154],[139.6668,38.7154],[139.6668,38.7154],[139.6668,38.7155],[139.6668,38.7155],[139.6668,38.7155],[139.6668,38.7155],[139.6668,38.7155],[139.6668,38.7155],[139.6668,38.7155],[139.6668,38.7155],[139.6668,38.7155],[139.6668,38.7156],[139.6668,38.7156],[139.6668,38.7156],[139.6668,38.7156],[139.6667,38.7156],[139.6667,38.7156],[139.6667,38.7157],[139.6667,38.7157],[139.6667,38.7157],[139.6667,38.7157],[139.6667,38.7157],[139.6667,38.7157],[139.6666,38.7157],[139.6666,38.7158],[139.6666,38.7158],[139.6666,38.7158],[139.6666,38.7158],[139.6666,38.7159],[139.6666,38.7159],[139.6667,38.7159],[139.6667,38.7159],[139.6667,38.7159],[139.6667,38.7159],[139.6667,38.7159],[139.6668,38.7159],[139.6668,38.7159],[139.6668,38.7159],[139.6669,38.7159],[139.6669,38.7159],[139.6669,38.7159],[139.6669,38.7159],[139.6669,38.7159],[139.6669,38.7158],[139.667,38.7158],[139.667,38.7158],[139.667,38.7158],[139.6671,38.7158],[139.6671,38.7158],[139.6671,38.7157],[139.6671,38.7157],[139.6672,38.7157],[139.6672,38.7157],[139.6672,38.7157],[139.6673,38.7156],[139.6673,38.7156],[139.6673,38.7156],[139.6673,38.7156],[139.6673,38.7155],[139.6673,38.7155],[139.6674,38.7155],[139.6674,38.7155],[139.6674,38.7155],[139.6674,38.7154],[139.6675,38.7154],[139.6675,38.7154],[139.6675,38.7154],[139.6675,38.7154],[139.6676,38.7154],[139.6676,38.7154],[139.6676,38.7154],[139.6676,38.7154],[139.6676,38.7154],[139.6676,38.7155],[139.6677,38.7155],[139.6677,38.7155],[139.6677,38.7155],[139.6677,38.7155],[139.6677,38.7156],[139.6677,38.7156],[139.6677,38.7156],[139.6677,38.7156],[139.6677,38.7156],[139.6677,38.7156],[139.6677,38.7156],[139.6677,38.7156],[139.6676,38.7156],[139.6676,38.7156],[139.6676,38.7157],[139.6676,38.7157],[139.6676,38.7157],[139.6676,38.7157],[139.6676,38.7157],[139.6675,38.7157],[139.6675,38.7157],[139.6675,38.7157],[139.6675,38.7157],[139.6675,38.7157],[139.6675,38.7157],[139.6675,38.7157],[139.6674,38.7157],[139.6674,38.7158],[139.6674,38.7158],[139.6674,38.7158],[139.6674,38.7158],[139.6673,38.7158],[139.6673,38.7158],[139.6673,38.7159],[139.6673,38.7159],[139.6673,38.7159],[139.6673,38.7159],[139.6672,38.7159],[139.6672,38.716],[139.6672,38.716],[139.6672,38.716],[139.6672,38.716],[139.6672,38.716],[139.6672,38.7161],[139.6671,38.7161],[139.6671,38.7161],[139.6672,38.7161],[139.6671,38.7161],[139.6671,38.7162],[139.6671,38.7162],[139.6671,38.7162],[139.6672,38.7162],[139.6672,38.7163],[139.6672,38.7163],[139.6672,38.7163],[139.6672,38.7163],[139.6672,38.7164],[139.6672,38.7164],[139.6673,38.7164],[139.6673,38.7164],[139.6674,38.7164],[139.6674,38.7164],[139.6675,38.7164],[139.6675,38.7165],[139.6675,38.7165],[139.6676,38.7165],[139.6676,38.7165],[139.6677,38.7166],[139.6678,38.7166],[139.6678,38.7166],[139.6678,38.7167],[139.6678,38.7167],[139.6678,38.7167],[139.6678,38.7168],[139.6678,38.7168],[139.6678,38.7168],[139.6678,38.7168],[139.6678,38.7168],[139.6677,38.7168],[139.6677,38.7168],[139.6677,38.7168],[139.6676,38.7169],[139.6676,38.7169],[139.6677,38.7169],[139.6677,38.7169],[139.6678,38.7169],[139.6678,38.7169],[139.6678,38.7169],[139.6678,38.717],[139.6678,38.717],[139.6679,38.717],[139.6679,38.717],[139.6679,38.717],[139.6679,38.717],[139.668,38.717],[139.668,38.717],[139.6681,38.717],[139.6681,38.717],[139.6681,38.717],[139.6681,38.717],[139.6682,38.717],[139.6682,38.717],[139.6683,38.717],[139.6683,38.717],[139.6683,38.717],[139.6684,38.717],[139.6684,38.717],[139.6684,38.7171],[139.6685,38.7171],[139.6685,38.7171],[139.6685,38.7172],[139.6686,38.7172],[139.6686,38.7172],[139.6686,38.7172],[139.6686,38.7173],[139.6687,38.7173],[139.6688,38.7173],[139.6688,38.7174],[139.6689,38.7174],[139.6689,38.7174],[139.6689,38.7174],[139.6689,38.7174],[139.669,38.7174],[139.669,38.7175],[139.669,38.7175],[139.669,38.7175],[139.6691,38.7175],[139.6691,38.7175],[139.6691,38.7176],[139.6691,38.7176],[139.6691,38.7176],[139.6691,38.7176],[139.669,38.7176],[139.669,38.7176],[139.669,38.7176],[139.669,38.7176],[139.669,38.7176],[139.669,38.7176],[139.6689,38.7176],[139.6689,38.7176],[139.6689,38.7176],[139.6689,38.7176],[139.6689,38.7176],[139.6688,38.7176],[139.6688,38.7177],[139.6688,38.7177],[139.6688,38.7177],[139.6688,38.7177],[139.6688,38.7177],[139.6688,38.7177],[139.6688,38.7177],[139.6689,38.7177],[139.6689,38.7177],[139.6689,38.7177],[139.6689,38.7178],[139.6689,38.7178],[139.6689,38.7178],[139.6689,38.7178],[139.6689,38.7179],[139.6689,38.7179],[139.6688,38.7179],[139.6688,38.7179],[139.6688,38.7179],[139.6688,38.7179],[139.6688,38.718],[139.6688,38.718],[139.6688,38.718],[139.6688,38.718],[139.6689,38.718],[139.6689,38.7181],[139.6689,38.7181],[139.6689,38.7181],[139.6689,38.7181],[139.6689,38.7181],[139.6689,38.7181],[139.669,38.7181],[139.669,38.7182],[139.669,38.7182],[139.669,38.7182],[139.669,38.7182],[139.6691,38.7182],[139.6691,38.7182],[139.6691,38.7182],[139.6691,38.7181],[139.6691,38.7181],[139.6691,38.7181],[139.6691,38.7181],[139.6691,38.7181],[139.6691,38.718],[139.6691,38.718],[139.6691,38.718],[139.6691,38.718],[139.6691,38.718],[139.6692,38.718],[139.6692,38.718],[139.6692,38.718],[139.6692,38.718],[139.6693,38.718],[139.6693,38.718],[139.6693,38.7179],[139.6693,38.7179],[139.6694,38.7179],[139.6694,38.7179],[139.6694,38.7179],[139.6695,38.718],[139.6695,38.718],[139.6695,38.718],[139.6695,38.718],[139.6695,38.718],[139.6696,38.718],[139.6696,38.718],[139.6696,38.718],[139.6697,38.718],[139.6697,38.718],[139.6697,38.718],[139.6697,38.718],[139.6698,38.7181],[139.6698,38.7181],[139.6698,38.7181],[139.6699,38.7181],[139.6699,38.7181],[139.6699,38.7181],[139.6699,38.7181],[139.67,38.7181],[139.67,38.7181],[139.67,38.7181],[139.6701,38.7181],[139.6701,38.7181],[139.6701,38.7182],[139.6701,38.7182],[139.6702,38.7182],[139.6702,38.7182],[139.6702,38.7182],[139.6702,38.7182],[139.6702,38.7182],[139.6702,38.7182],[139.6703,38.7183],[139.6703,38.7183],[139.6703,38.7183],[139.6704,38.7183],[139.6704,38.7183],[139.6704,38.7184],[139.6704,38.7184],[139.6705,38.7184],[139.6705,38.7184],[139.6706,38.7184],[139.6706,38.7184],[139.6706,38.7184],[139.6706,38.7184],[139.6707,38.7184],[139.6707,38.7184],[139.6707,38.7184],[139.6708,38.7184],[139.6708,38.7184],[139.6708,38.7184],[139.6708,38.7184],[139.6708,38.7184],[139.6708,38.7185],[139.6708,38.7185],[139.6708,38.7185],[139.6708,38.7185],[139.6708,38.7185],[139.6708,38.7185],[139.6708,38.7185],[139.6707,38.7185],[139.6707,38.7185],[139.6707,38.7185],[139.6707,38.7185],[139.6706,38.7186],[139.6706,38.7186],[139.6706,38.7186],[139.6706,38.7186],[139.6706,38.7186],[139.6706,38.7187],[139.6706,38.7187],[139.6706,38.7187],[139.6706,38.7187],[139.6705,38.7187],[139.6705,38.7188],[139.6705,38.7188],[139.6705,38.7188],[139.6706,38.7188],[139.6706,38.7188],[139.6707,38.7188],[139.6707,38.7188],[139.6707,38.7188],[139.6707,38.7188],[139.6707,38.7187],[139.6708,38.7187],[139.6707,38.7187],[139.6708,38.7187],[139.6708,38.7187],[139.6708,38.7186],[139.6708,38.7186],[139.6709,38.7186],[139.6709,38.7186],[139.6709,38.7186],[139.671,38.7186],[139.671,38.7186],[139.671,38.7186],[139.6711,38.7186],[139.6711,38.7185],[139.6711,38.7186],[139.6711,38.7186],[139.6711,38.7186],[139.6711,38.7186],[139.6711,38.7186],[139.671,38.7186],[139.671,38.7186],[139.671,38.7186],[139.6709,38.7187],[139.6709,38.7187],[139.6709,38.7187],[139.6709,38.7187],[139.6709,38.7188],[139.6709,38.7188],[139.6709,38.7188],[139.6709,38.7188],[139.6709,38.7188],[139.671,38.7188],[139.671,38.7188],[139.6711,38.7189],[139.6711,38.7189],[139.6712,38.7189],[139.6712,38.7189],[139.6712,38.7189],[139.6713,38.7189],[139.6713,38.7189],[139.6713,38.7189],[139.6713,38.7189],[139.6713,38.7189],[139.6713,38.719],[139.6713,38.719],[139.6714,38.719],[139.6714,38.719],[139.6715,38.7189],[139.6715,38.7189],[139.6715,38.7189],[139.6715,38.7189],[139.6715,38.7189],[139.6715,38.7189],[139.6715,38.7189],[139.6715,38.7189],[139.6716,38.7189],[139.6716,38.7189],[139.6716,38.7189],[139.6716,38.7189],[139.6716,38.719],[139.6716,38.719],[139.6717,38.7189],[139.6717,38.7189],[139.6717,38.7189],[139.6717,38.7189],[139.6717,38.7189],[139.6717,38.7189],[139.6717,38.7188],[139.6717,38.7188],[139.6717,38.7189],[139.6718,38.7189],[139.6717,38.7189],[139.6717,38.7189],[139.6717,38.7189],[139.6718,38.719],[139.6718,38.719],[139.6718,38.719],[139.6719,38.719],[139.6719,38.7189],[139.6719,38.7189],[139.6719,38.7189],[139.6719,38.7189],[139.6719,38.7189],[139.6718,38.7188],[139.6718,38.7188],[139.6718,38.7188],[139.6718,38.7188],[139.6718,38.7188],[139.6719,38.7188],[139.6719,38.7189],[139.6719,38.7189],[139.6719,38.7189],[139.6719,38.719],[139.6719,38.719],[139.6719,38.719],[139.6719,38.7191],[139.6719,38.7191],[139.672,38.7191],[139.672,38.7191],[139.672,38.719],[139.672,38.719],[139.672,38.719],[139.672,38.7189],[139.672,38.7189],[139.6721,38.719],[139.6721,38.7189],[139.6721,38.7189],[139.6721,38.7189],[139.6721,38.7188],[139.6721,38.7188],[139.6721,38.7188],[139.6721,38.7187],[139.6721,38.7187],[139.6721,38.7187],[139.6721,38.7187],[139.6721,38.7187],[139.6722,38.7187],[139.6722,38.7187],[139.6722,38.7186],[139.6723,38.7187],[139.6723,38.7187],[139.6723,38.7187],[139.6723,38.7188],[139.6724,38.7188],[139.6724,38.7188],[139.6724,38.7188],[139.6725,38.7188],[139.6725,38.7188],[139.6725,38.7188],[139.6726,38.7188],[139.6726,38.7188],[139.6727,38.7188],[139.6727,38.7188],[139.6727,38.7188],[139.6728,38.7188],[139.6728,38.7188],[139.6728,38.7188],[139.6728,38.7188],[139.6728,38.7188],[139.6729,38.7188],[139.6729,38.7188],[139.6729,38.7188],[139.673,38.7189],[139.673,38.7189],[139.673,38.7189],[139.673,38.7189],[139.673,38.719],[139.673,38.719],[139.673,38.719],[139.673,38.719],[139.673,38.7191],[139.673,38.7191],[139.673,38.7191],[139.673,38.7191],[139.673,38.7191],[139.673,38.7191],[139.6731,38.7191],[139.6731,38.7191],[139.6732,38.7191],[139.6732,38.7191],[139.6732,38.7191],[139.6732,38.7191],[139.6733,38.7191],[139.6733,38.7191],[139.6734,38.7191],[139.6734,38.7191],[139.6734,38.7191],[139.6734,38.7191],[139.6734,38.7191],[139.6734,38.7191],[139.6734,38.7192],[139.6735,38.7192],[139.6735,38.7192],[139.6735,38.7192],[139.6735,38.7191],[139.6736,38.7191],[139.6736,38.7191],[139.6736,38.7191],[139.6736,38.7191],[139.6736,38.7191],[139.6736,38.7191],[139.6736,38.7191],[139.6736,38.7191],[139.6736,38.7191],[139.6737,38.7191],[139.6737,38.7191],[139.6737,38.7191],[139.6738,38.7191],[139.6738,38.7191],[139.6738,38.7191],[139.6739,38.7191],[139.6739,38.7191],[139.6739,38.7191],[139.6739,38.7191],[139.674,38.7191],[139.674,38.7191],[139.674,38.7191],[139.6741,38.7191],[139.6741,38.7191],[139.6741,38.7191],[139.6741,38.7191],[139.6741,38.7191],[139.6742,38.7191],[139.6742,38.719],[139.6742,38.719],[139.6743,38.7191],[139.6743,38.7191],[139.6744,38.7191],[139.6745,38.7191],[139.6745,38.7191],[139.6745,38.719],[139.6745,38.719],[139.6745,38.719],[139.675,38.7189],[139.6757,38.7187],[139.6757,38.7187],[139.6758,38.7188],[139.6758,38.7188],[139.6759,38.7188],[139.6759,38.7188],[139.6759,38.7188],[139.6759,38.7187],[139.6759,38.7187],[139.6759,38.7187],[139.6759,38.7187],[139.6759,38.7186],[139.6759,38.7186],[139.6759,38.7186],[139.6759,38.7186],[139.6759,38.7186],[139.6759,38.7185],[139.6759,38.7185],[139.6759,38.7185],[139.676,38.7185],[139.676,38.7185],[139.6762,38.7186],[139.6763,38.7186],[139.6765,38.7187],[139.6766,38.7188],[139.6766,38.7189],[139.6768,38.719],[139.6768,38.7191],[139.6769,38.7192],[139.6769,38.7192],[139.677,38.7193],[139.6771,38.7195],[139.6771,38.7195],[139.6773,38.7197],[139.6773,38.7197],[139.6774,38.7197],[139.6774,38.7197],[139.6775,38.7198],[139.6776,38.7197],[139.6774,38.7195],[139.6774,38.7195],[139.6771,38.7192],[139.6771,38.7192],[139.6768,38.7188],[139.6768,38.7189],[139.6767,38.7188],[139.6767,38.7188],[139.6767,38.7188],[139.6765,38.7186],[139.6767,38.7185],[139.6766,38.7184],[139.6765,38.7185],[139.6764,38.7184],[139.6763,38.7185],[139.6761,38.7184],[139.6763,38.7182],[139.6766,38.7183],[139.6766,38.7173],[139.6771,38.7173],[139.6771,38.7175],[139.6772,38.7175],[139.6772,38.7173],[139.6777,38.7173],[139.6777,38.7175],[139.6777,38.7175],[139.6778,38.7175],[139.6778,38.7174],[139.6783,38.7174],[139.6783,38.7176],[139.6784,38.7176],[139.6788,38.7176],[139.6791,38.7176],[139.6794,38.7176],[139.6797,38.7176],[139.68,38.7176],[139.6812,38.7176],[139.6812,38.7189],[139.6812,38.7189],[139.68,38.7189],[139.6799,38.7189],[139.6799,38.7189],[139.6789,38.7189],[139.6789,38.7188],[139.6787,38.7187],[139.6787,38.7187],[139.6783,38.7182],[139.6783,38.7182],[139.6783,38.7181],[139.6783,38.7181],[139.6783,38.7181],[139.6772,38.7181],[139.6772,38.718],[139.6771,38.718],[139.6771,38.7181],[139.677,38.7182],[139.677,38.7182],[139.6771,38.7181],[139.6772,38.7181],[139.6772,38.7182],[139.6772,38.7182],[139.6773,38.7182],[139.6774,38.7182],[139.6774,38.7182],[139.6775,38.7182],[139.6776,38.7182],[139.6777,38.7182],[139.6777,38.7182],[139.6778,38.7182],[139.6778,38.7182],[139.6779,38.7182],[139.678,38.7182],[139.6781,38.7182],[139.6781,38.7182],[139.6782,38.7183],[139.6783,38.7184],[139.6784,38.7185],[139.6784,38.7186],[139.6785,38.7187],[139.6786,38.7187],[139.6786,38.7187],[139.6786,38.7188],[139.6787,38.7188],[139.6787,38.7189],[139.6787,38.7189],[139.6788,38.719],[139.6788,38.719],[139.6788,38.719],[139.6788,38.719],[139.6788,38.7191],[139.6788,38.7191],[139.6788,38.7191],[139.6789,38.7191],[139.6789,38.7191],[139.679,38.7191],[139.6791,38.7191],[139.6793,38.7191],[139.6795,38.7191],[139.6798,38.7191],[139.6799,38.7191],[139.6799,38.7191],[139.6808,38.7191],[139.6822,38.7191],[139.6822,38.7191],[139.6825,38.7192],[139.6825,38.7192],[139.6826,38.7192],[139.6831,38.7197],[139.6832,38.7196],[139.6828,38.7192],[139.6827,38.7191],[139.6831,38.7189],[139.6833,38.7192],[139.6835,38.7194],[139.6838,38.7196],[139.6837,38.7196],[139.6838,38.7197],[139.6835,38.7198],[139.6834,38.7199],[139.6834,38.7199],[139.6834,38.72],[139.6835,38.7201],[139.6841,38.7209],[139.6847,38.7216],[139.685,38.722],[139.6851,38.722],[139.6852,38.7221],[139.685,38.7223],[139.6851,38.7223],[139.6852,38.7222],[139.6852,38.7223],[139.6853,38.7223],[139.6853,38.7224],[139.6852,38.7224],[139.6852,38.7225],[139.6852,38.7225],[139.6852,38.7227],[139.6852,38.7228],[139.6852,38.7228],[139.6852,38.7229],[139.6853,38.7229],[139.6853,38.7229],[139.6854,38.7229],[139.6855,38.7228],[139.6858,38.7228],[139.686,38.7227],[139.6864,38.7227],[139.6865,38.7227],[139.6866,38.7227],[139.6868,38.7227],[139.6869,38.7227],[139.6871,38.7227],[139.6873,38.7227],[139.6875,38.7227],[139.6876,38.7227],[139.6881,38.7228],[139.688,38.7227],[139.688,38.7227],[139.688,38.7226],[139.6879,38.7226],[139.6879,38.7224],[139.6879,38.7223],[139.6879,38.7223],[139.688,38.7223],[139.688,38.7223],[139.688,38.7224],[139.688,38.7224],[139.688,38.7225],[139.688,38.7225],[139.688,38.7226],[139.6881,38.7226],[139.6881,38.7227],[139.6881,38.7228],[139.6883,38.7229],[139.6884,38.7229],[139.6888,38.7231],[139.6892,38.7232],[139.6893,38.7233],[139.6894,38.7233],[139.6896,38.7233],[139.6899,38.7234],[139.6899,38.7233],[139.6901,38.7232],[139.6902,38.7231],[139.6902,38.7231],[139.6903,38.7231],[139.6903,38.7232],[139.6902,38.7232],[139.6901,38.7233],[139.69,38.7234],[139.6899,38.7234],[139.6898,38.7234],[139.6895,38.7233],[139.6901,38.7237],[139.6902,38.7237],[139.6903,38.7237],[139.6904,38.7238],[139.6905,38.7238],[139.6909,38.7242],[139.6911,38.7244],[139.6912,38.7245],[139.6912,38.7245],[139.6913,38.7245],[139.6913,38.7245],[139.6913,38.7245],[139.6913,38.7246],[139.6913,38.7246],[139.6912,38.7246],[139.6912,38.7246],[139.6912,38.7247],[139.6912,38.7247],[139.6912,38.7247],[139.6912,38.7247],[139.6912,38.7248],[139.6912,38.7248],[139.6912,38.7248],[139.6912,38.7248],[139.6912,38.7249],[139.6913,38.7249],[139.6913,38.7249],[139.6913,38.7249],[139.6914,38.7249],[139.6914,38.7249],[139.6914,38.7249],[139.6914,38.7249],[139.6915,38.7249],[139.6915,38.7249],[139.6915,38.7248],[139.6914,38.7247],[139.6914,38.7246],[139.6914,38.7245],[139.6914,38.7245],[139.6914,38.7244],[139.6914,38.7244],[139.6914,38.7243],[139.6915,38.7243],[139.6915,38.7243],[139.6915,38.7243],[139.6916,38.7243],[139.6916,38.7243],[139.6915,38.7244],[139.6915,38.7244],[139.6915,38.7244],[139.6915,38.7244],[139.6915,38.7245],[139.6915,38.7246],[139.6915,38.7246],[139.6915,38.7247],[139.6915,38.7248],[139.6916,38.7248],[139.6916,38.7248],[139.6917,38.7248],[139.6917,38.7248],[139.6918,38.7248],[139.6918,38.7249],[139.6919,38.725],[139.6919,38.725],[139.6921,38.7252],[139.6921,38.7253],[139.6921,38.7253],[139.6921,38.7253],[139.6922,38.7254],[139.6922,38.7254],[139.6922,38.7254],[139.6922,38.7254],[139.6922,38.7255],[139.6922,38.7255],[139.6922,38.7255],[139.6922,38.7255],[139.6922,38.7255],[139.6922,38.7256],[139.6922,38.7256],[139.6922,38.7256],[139.6922,38.7256],[139.6923,38.7256],[139.6923,38.7256],[139.6923,38.7257],[139.6923,38.7257],[139.6923,38.7257],[139.6924,38.7257],[139.6924,38.7257],[139.6924,38.7257],[139.6924,38.7257],[139.6924,38.7258],[139.6924,38.7258],[139.6925,38.7258],[139.6925,38.7258],[139.6925,38.7259],[139.6925,38.7259],[139.6926,38.726],[139.6925,38.726],[139.6925,38.726],[139.6925,38.726],[139.6925,38.7261],[139.6925,38.7261],[139.6925,38.7261],[139.6924,38.7262],[139.6924,38.7262],[139.6924,38.7262],[139.6924,38.7262],[139.6924,38.7262],[139.6925,38.7262],[139.6925,38.7262],[139.6926,38.7262],[139.6926,38.7262],[139.6927,38.7262],[139.6927,38.7262],[139.6927,38.7262],[139.6928,38.7262],[139.6928,38.7262],[139.6927,38.7262],[139.6927,38.7262],[139.6927,38.7263],[139.6927,38.7263],[139.6927,38.7264],[139.6928,38.7264],[139.6928,38.7264],[139.6927,38.7264],[139.6927,38.7265],[139.6928,38.7265],[139.6928,38.7265],[139.6928,38.7265],[139.6929,38.7265],[139.6929,38.7265],[139.6929,38.7266],[139.6929,38.7266],[139.6928,38.7266],[139.6928,38.7266],[139.6929,38.7267],[139.693,38.7268],[139.693,38.7268],[139.693,38.7268],[139.6931,38.7268],[139.6931,38.7268],[139.6931,38.7269],[139.6932,38.7269],[139.6931,38.7269],[139.6931,38.7269],[139.6931,38.727],[139.6931,38.727],[139.6931,38.727],[139.693,38.727],[139.693,38.727],[139.693,38.7271],[139.693,38.7271],[139.693,38.7271],[139.693,38.7271],[139.693,38.7271],[139.6931,38.7271],[139.6931,38.7271],[139.6931,38.7272],[139.6931,38.7272],[139.6931,38.7272],[139.6931,38.7272],[139.6931,38.7273],[139.6931,38.7273],[139.6932,38.7273],[139.6932,38.7273],[139.6932,38.7273],[139.6932,38.7273],[139.6932,38.7274],[139.6932,38.7274],[139.6932,38.7274],[139.6932,38.7274],[139.6932,38.7275],[139.6932,38.7276],[139.6932,38.7276],[139.6933,38.7277],[139.6934,38.7277],[139.6934,38.7277],[139.6934,38.7277],[139.6935,38.7277],[139.6935,38.7278],[139.6936,38.7277],[139.6937,38.7277],[139.6937,38.7278],[139.6936,38.7278],[139.6936,38.7278],[139.6934,38.7279],[139.6934,38.7279],[139.6934,38.7279],[139.6934,38.728],[139.6935,38.7281],[139.6936,38.7281],[139.6936,38.7281],[139.6937,38.7281],[139.6937,38.7281],[139.6938,38.7281],[139.6938,38.7281],[139.6939,38.728],[139.6939,38.7279],[139.6939,38.7279],[139.6939,38.7279],[139.694,38.728],[139.694,38.7281],[139.6941,38.7281],[139.6942,38.728],[139.6942,38.728],[139.6942,38.7279],[139.6943,38.7279],[139.6943,38.7279],[139.6943,38.728],[139.6944,38.728],[139.6944,38.7281],[139.6945,38.7281],[139.6946,38.7281],[139.6947,38.7282],[139.6948,38.7282],[139.6948,38.7283],[139.6948,38.7284],[139.6949,38.7284],[139.6949,38.7284],[139.695,38.7285],[139.695,38.7286],[139.6951,38.7286],[139.6951,38.7286],[139.6952,38.7286],[139.6952,38.7286],[139.6953,38.7287],[139.6953,38.7287],[139.6953,38.7287],[139.6954,38.7287],[139.6955,38.7287],[139.6956,38.7287],[139.6956,38.7287],[139.6957,38.7287],[139.6957,38.7286],[139.6957,38.7286],[139.6957,38.7285],[139.6958,38.7285],[139.6958,38.7285],[139.6959,38.7285],[139.6959,38.7284],[139.6961,38.7284],[139.6962,38.7284],[139.6963,38.7285],[139.6965,38.7285],[139.6966,38.7286],[139.6967,38.7287],[139.6968,38.7288],[139.6969,38.7289],[139.697,38.7291],[139.697,38.7292],[139.6971,38.7293],[139.6971,38.7294],[139.6972,38.7295],[139.6973,38.7295],[139.6975,38.7296],[139.6977,38.7297],[139.698,38.7299],[139.6982,38.73],[139.6983,38.7301],[139.6984,38.7302],[139.6984,38.7303],[139.6985,38.7305],[139.6986,38.7306],[139.6986,38.7306],[139.6986,38.7307],[139.6986,38.7308],[139.6986,38.7308],[139.6987,38.7309],[139.6987,38.7309],[139.6988,38.7309],[139.6987,38.731],[139.6987,38.731],[139.6987,38.7311],[139.6988,38.7311],[139.6988,38.7311],[139.6988,38.7312],[139.6987,38.7312],[139.6987,38.7312],[139.6987,38.7313],[139.6987,38.7313],[139.6988,38.7313],[139.6987,38.7314],[139.6987,38.7314],[139.6987,38.7315],[139.6986,38.7315],[139.6985,38.7315],[139.6985,38.7315],[139.6984,38.7315],[139.6983,38.7315],[139.6983,38.7315],[139.6983,38.7316],[139.6984,38.7316],[139.6984,38.7317],[139.6984,38.7317],[139.6984,38.7317],[139.6985,38.7317],[139.6986,38.7318],[139.6987,38.7318],[139.6987,38.7318],[139.6987,38.7319],[139.6987,38.7319],[139.6987,38.732],[139.6987,38.732],[139.6987,38.7321],[139.6987,38.7322],[139.6987,38.7322],[139.6986,38.7322],[139.6986,38.7322],[139.6985,38.7322],[139.6984,38.7322],[139.6984,38.7322],[139.6983,38.7322],[139.6983,38.7322],[139.6983,38.7322],[139.6984,38.7322],[139.6984,38.7323],[139.6985,38.7323],[139.6985,38.7323],[139.6985,38.7323],[139.6984,38.7323],[139.6984,38.7323],[139.6984,38.7323],[139.6983,38.7323],[139.6982,38.7323],[139.6982,38.7323],[139.6981,38.7324],[139.6981,38.7324],[139.6981,38.7325],[139.6981,38.7325],[139.6982,38.7326],[139.6982,38.7326],[139.6982,38.7326],[139.6984,38.7327],[139.6984,38.7327],[139.6983,38.7328],[139.6982,38.7327],[139.6981,38.7327],[139.6981,38.7328],[139.698,38.7328],[139.6979,38.7328],[139.6978,38.7328],[139.6978,38.7329],[139.6978,38.7329],[139.6977,38.7329],[139.6976,38.7329],[139.6976,38.7329],[139.6975,38.7329],[139.6975,38.7329],[139.6975,38.733],[139.6974,38.733],[139.6974,38.7331],[139.6975,38.7331],[139.6975,38.7332],[139.6975,38.7332],[139.6975,38.7333],[139.6975,38.7333],[139.6975,38.7333],[139.6975,38.7333],[139.6975,38.7334],[139.6974,38.7334],[139.6975,38.7335],[139.6974,38.7335],[139.6974,38.7336],[139.6973,38.7336],[139.6972,38.7337],[139.6972,38.7337],[139.6972,38.7338],[139.6972,38.7338],[139.6972,38.7338],[139.697,38.7338],[139.697,38.7338],[139.6969,38.7338],[139.6969,38.7339],[139.6969,38.7339],[139.697,38.7339],[139.697,38.734],[139.6971,38.734],[139.6971,38.734],[139.697,38.7341],[139.6969,38.7341],[139.6969,38.7341],[139.6968,38.7341],[139.6967,38.7342],[139.6966,38.7342],[139.6966,38.7342],[139.6967,38.7343],[139.6968,38.7343],[139.6968,38.7343],[139.6969,38.7343],[139.6969,38.7343],[139.6971,38.7343],[139.6971,38.7343],[139.6972,38.7343],[139.6971,38.7344],[139.697,38.7344],[139.6969,38.7344],[139.6969,38.7344],[139.6968,38.7344],[139.6968,38.7344],[139.6968,38.7345],[139.6969,38.7345],[139.6969,38.7345],[139.6969,38.7346],[139.6967,38.7346],[139.6967,38.7347],[139.6967,38.7347],[139.6967,38.7348],[139.6968,38.7348],[139.6968,38.7348],[139.6969,38.7347],[139.697,38.7347],[139.697,38.7347],[139.6971,38.7347],[139.6971,38.7347],[139.6971,38.7347],[139.6971,38.7348],[139.6971,38.7349],[139.697,38.7349],[139.697,38.735],[139.6969,38.735],[139.6969,38.7351],[139.697,38.7351],[139.697,38.7351],[139.697,38.7351],[139.6971,38.7352],[139.6971,38.7352],[139.6971,38.7352],[139.6972,38.7352],[139.6973,38.7352],[139.6973,38.7352],[139.6973,38.7351],[139.6974,38.7351],[139.6975,38.7351],[139.6975,38.7352],[139.6974,38.7352],[139.6974,38.7353],[139.6975,38.7354],[139.6975,38.7354],[139.6975,38.7354],[139.6976,38.7354],[139.6977,38.7354],[139.6978,38.7354],[139.6978,38.7354],[139.6979,38.7354],[139.698,38.7355],[139.698,38.7355],[139.6981,38.7355],[139.6981,38.7355],[139.6983,38.7356],[139.6983,38.7356],[139.6984,38.7356],[139.6985,38.7356],[139.6985,38.7357],[139.6985,38.7357],[139.6986,38.7357],[139.6987,38.7358],[139.6988,38.7358],[139.6988,38.7358],[139.6989,38.7358],[139.6991,38.7359],[139.6991,38.736],[139.6992,38.736],[139.6992,38.7361],[139.6993,38.7361],[139.6992,38.7362],[139.6991,38.7363],[139.6991,38.7363],[139.6991,38.7364],[139.699,38.7364],[139.6989,38.7364],[139.6988,38.7364],[139.6987,38.7364],[139.6986,38.7365],[139.6986,38.7365],[139.6986,38.7366],[139.6986,38.7367],[139.6985,38.7367],[139.6985,38.7367],[139.6985,38.7368],[139.6985,38.7368],[139.6985,38.7369],[139.6985,38.7369],[139.6986,38.7369],[139.6987,38.7369],[139.6987,38.7369],[139.6988,38.7369],[139.6988,38.7369],[139.6989,38.7369],[139.6989,38.737],[139.699,38.7369],[139.699,38.7369],[139.6991,38.7369],[139.6991,38.7369],[139.6992,38.7369],[139.6993,38.7369],[139.6994,38.7369],[139.6994,38.7369],[139.6995,38.7369],[139.6995,38.7368],[139.6996,38.7368],[139.6996,38.7369],[139.6997,38.7369],[139.6998,38.7368],[139.6998,38.7369],[139.6998,38.7369],[139.7,38.737],[139.7,38.7371],[139.7,38.7371],[139.7,38.7371],[139.7001,38.7371],[139.7002,38.7372],[139.7003,38.7372],[139.7003,38.7372],[139.7004,38.7372],[139.7004,38.7373],[139.7005,38.7373],[139.7005,38.7373],[139.7006,38.7374],[139.7005,38.7375],[139.7005,38.7376],[139.7004,38.7376],[139.7004,38.7377],[139.7003,38.7378],[139.7002,38.7378],[139.7002,38.7379],[139.7002,38.7379],[139.7002,38.7379],[139.7002,38.7379],[139.7003,38.7379],[139.7004,38.7379],[139.7004,38.738],[139.7005,38.738],[139.7006,38.738],[139.7007,38.738],[139.7007,38.738],[139.7008,38.738],[139.7008,38.7381],[139.7008,38.7381],[139.7007,38.7381],[139.7007,38.7382],[139.7006,38.7383],[139.7006,38.7383],[139.7006,38.7383],[139.7007,38.7383],[139.7007,38.7383],[139.7009,38.7383],[139.701,38.7383],[139.701,38.7383],[139.701,38.7383],[139.7011,38.7384],[139.7011,38.7384],[139.701,38.7385],[139.7011,38.7385],[139.7011,38.7386],[139.7011,38.7386],[139.7011,38.7387],[139.701,38.7387],[139.701,38.7387],[139.7011,38.7388],[139.7011,38.7388],[139.7012,38.7388],[139.7012,38.7389],[139.7013,38.7389],[139.7013,38.7389],[139.7012,38.7389],[139.7012,38.739],[139.7012,38.739],[139.7012,38.739],[139.7013,38.7391],[139.7013,38.7391],[139.7014,38.7391],[139.7015,38.7392],[139.7015,38.7392],[139.7015,38.7392],[139.7016,38.7392],[139.7016,38.7392],[139.7017,38.7392],[139.7018,38.7392],[139.7018,38.7392],[139.7018,38.7392],[139.7019,38.7393],[139.7019,38.7392],[139.702,38.7393],[139.7021,38.7394],[139.7021,38.7394],[139.7022,38.7395],[139.7022,38.7396],[139.7022,38.7397],[139.7022,38.7398],[139.7021,38.7398],[139.7021,38.7398],[139.702,38.7398],[139.702,38.7399],[139.702,38.7399],[139.702,38.7399],[139.702,38.7399],[139.702,38.7399],[139.7021,38.7399],[139.7022,38.74],[139.7022,38.7401],[139.7022,38.7401],[139.7022,38.7401],[139.7021,38.7402],[139.7021,38.7402],[139.702,38.7403],[139.7021,38.7404],[139.7021,38.7404],[139.7022,38.7404],[139.7023,38.7404],[139.7023,38.7405],[139.7023,38.7405],[139.7024,38.7406],[139.7024,38.7407],[139.7024,38.7407],[139.7024,38.7408],[139.7024,38.7408],[139.7024,38.7409],[139.7024,38.7409],[139.7025,38.741],[139.7026,38.741],[139.7026,38.7411],[139.7026,38.7411],[139.7027,38.7411],[139.7028,38.7413],[139.7029,38.7413],[139.7029,38.7413],[139.703,38.7413],[139.7031,38.7414],[139.7031,38.7414],[139.7031,38.7415],[139.7031,38.7415],[139.7032,38.7416],[139.7033,38.7416],[139.7033,38.7417],[139.7033,38.7417],[139.7033,38.7418],[139.7033,38.7418],[139.7034,38.7419],[139.7034,38.742],[139.7035,38.742],[139.7035,38.742],[139.7035,38.7421],[139.7036,38.7421],[139.7036,38.7422],[139.7037,38.7422],[139.7037,38.7422],[139.7037,38.7423],[139.7039,38.7425],[139.704,38.7425],[139.704,38.7425],[139.704,38.7426],[139.7042,38.7427],[139.7042,38.7427],[139.7043,38.7427],[139.7044,38.7429],[139.7044,38.7429],[139.7046,38.743],[139.7046,38.743],[139.7046,38.7431],[139.7048,38.7432],[139.7048,38.7432],[139.7048,38.7433],[139.7049,38.7434],[139.705,38.7434],[139.705,38.7434],[139.7051,38.7434],[139.7051,38.7435],[139.7052,38.7435],[139.7052,38.7435],[139.7052,38.7436],[139.7053,38.7437],[139.7053,38.7438],[139.7053,38.7438],[139.7052,38.7439],[139.7052,38.7439],[139.7052,38.744],[139.7052,38.744],[139.7052,38.7441],[139.7053,38.7441],[139.7053,38.7441],[139.7054,38.7441],[139.7055,38.7442],[139.7056,38.7442],[139.7056,38.7442],[139.7056,38.7443],[139.7057,38.7444],[139.7057,38.7444],[139.7057,38.7445],[139.7058,38.7445],[139.7059,38.7445],[139.7059,38.7444],[139.7059,38.7444],[139.706,38.7444],[139.7061,38.7443],[139.7061,38.7442],[139.7062,38.7442],[139.7062,38.7442],[139.7063,38.7442],[139.7064,38.7442],[139.7064,38.7441],[139.7065,38.7441],[139.7065,38.7442],[139.7066,38.7442],[139.7066,38.7442],[139.7068,38.7442],[139.7069,38.7441],[139.7069,38.7441],[139.707,38.7441],[139.707,38.7441],[139.7071,38.7442],[139.7071,38.7442],[139.7071,38.7442],[139.7072,38.7442],[139.7073,38.7442],[139.7073,38.7442],[139.7074,38.7442],[139.7074,38.7442],[139.7075,38.7442],[139.7076,38.7443],[139.7076,38.7443],[139.7077,38.7443],[139.7078,38.7443],[139.7078,38.7442],[139.7077,38.7442],[139.7076,38.7442],[139.7076,38.7441],[139.7075,38.7441],[139.7074,38.744],[139.7073,38.744],[139.7073,38.744],[139.7072,38.744],[139.7072,38.744],[139.707,38.744],[139.707,38.744],[139.7069,38.7439],[139.7069,38.7439],[139.7069,38.7439],[139.7068,38.7439],[139.7069,38.7439],[139.7069,38.7438],[139.7069,38.7438],[139.707,38.7438],[139.7073,38.7438],[139.7075,38.7438],[139.7076,38.7438],[139.7077,38.7438],[139.7079,38.7439],[139.708,38.7439],[139.708,38.7439],[139.7081,38.744],[139.7082,38.7441],[139.7082,38.7441],[139.7081,38.7441],[139.708,38.7442],[139.708,38.7442],[139.708,38.7442],[139.7083,38.7443],[139.7083,38.7444],[139.7083,38.7444],[139.7084,38.7444],[139.7085,38.7445],[139.7087,38.7446],[139.7087,38.7447],[139.7088,38.7448],[139.7088,38.7448],[139.7088,38.7449],[139.7088,38.7449],[139.7087,38.745],[139.7087,38.745],[139.7086,38.745],[139.7085,38.7451],[139.7083,38.7451],[139.7083,38.7451],[139.7083,38.7451],[139.7083,38.7451],[139.7083,38.7452],[139.7074,38.7453],[139.7074,38.7454],[139.7082,38.7452],[139.7082,38.7458],[139.7074,38.7458],[139.7073,38.7458],[139.7073,38.7457],[139.7073,38.7456],[139.7072,38.7456],[139.7073,38.7455],[139.7072,38.7455],[139.7071,38.7454],[139.707,38.7454],[139.707,38.7454],[139.707,38.7454],[139.7069,38.7454],[139.7069,38.7455],[139.7069,38.7455],[139.7068,38.7455],[139.7067,38.7455],[139.7066,38.7456],[139.7065,38.7456],[139.7065,38.7456],[139.7066,38.7457],[139.7066,38.7457],[139.7067,38.7458],[139.7068,38.7458],[139.7068,38.7458],[139.7067,38.7459],[139.7066,38.7459],[139.7066,38.7459],[139.7066,38.7459],[139.7066,38.7459],[139.7065,38.7459],[139.7064,38.7459],[139.7063,38.746],[139.7063,38.746],[139.7063,38.746],[139.7063,38.7461],[139.7063,38.7461],[139.7063,38.7462],[139.7063,38.7462],[139.7063,38.7462],[139.7063,38.7463],[139.7063,38.7463],[139.7063,38.7464],[139.7063,38.7464],[139.7063,38.7464],[139.7062,38.7465],[139.7063,38.7465],[139.7063,38.7466],[139.7063,38.7466],[139.7064,38.7466],[139.7064,38.7466],[139.7065,38.7466],[139.7065,38.7466],[139.7066,38.7466],[139.7066,38.7466],[139.7067,38.7466],[139.7067,38.7466],[139.7068,38.7467],[139.7068,38.7467],[139.7068,38.7467],[139.7068,38.7467],[139.7068,38.7468],[139.7068,38.7468],[139.7068,38.7469],[139.7068,38.7469],[139.7068,38.747],[139.7068,38.747],[139.7069,38.7471],[139.7069,38.7471],[139.707,38.7471],[139.707,38.7471],[139.7071,38.747],[139.7071,38.747],[139.7071,38.747],[139.7072,38.7471],[139.7072,38.7471],[139.7073,38.7471],[139.7073,38.7471],[139.7073,38.7471],[139.7074,38.7471],[139.7074,38.7471],[139.7075,38.7471],[139.7075,38.7471],[139.7075,38.7472],[139.7076,38.7472],[139.7076,38.7472],[139.7077,38.7472],[139.7077,38.7472],[139.7078,38.7473],[139.7078,38.7473],[139.7078,38.7473],[139.7078,38.7473],[139.7079,38.7474],[139.7079,38.7474],[139.7078,38.7475],[139.7079,38.7476],[139.7079,38.7476],[139.7079,38.7477],[139.7079,38.7478],[139.708,38.7478],[139.708,38.7479],[139.708,38.748],[139.708,38.7481],[139.708,38.7481],[139.708,38.7481],[139.708,38.7481],[139.708,38.7482],[139.7081,38.7483],[139.7081,38.7484],[139.7081,38.7486],[139.7081,38.7486],[139.7081,38.7487],[139.7081,38.7488],[139.7081,38.7488],[139.708,38.7488],[139.708,38.7489],[139.7079,38.7489],[139.7079,38.749],[139.7079,38.749],[139.7079,38.7491],[139.7079,38.7491],[139.7078,38.7491],[139.7077,38.7492],[139.7077,38.7492],[139.7077,38.7492],[139.7076,38.7492],[139.7076,38.7493],[139.7075,38.7493],[139.7076,38.7494],[139.7076,38.7494],[139.7077,38.7494],[139.7078,38.7495],[139.7077,38.7495],[139.7077,38.7495],[139.7077,38.7496],[139.7077,38.7496],[139.7076,38.7496],[139.7076,38.7497],[139.7075,38.7497],[139.7075,38.7497],[139.7074,38.7498],[139.7073,38.7498],[139.7073,38.7499],[139.7073,38.7499],[139.7073,38.75],[139.7074,38.7499],[139.7075,38.7499],[139.7076,38.7499],[139.7076,38.7499],[139.7077,38.7499],[139.7077,38.75],[139.7077,38.75],[139.7077,38.75],[139.7077,38.75],[139.7077,38.7501],[139.7077,38.7502],[139.7076,38.7502],[139.7075,38.7503],[139.7074,38.7503],[139.7074,38.7503],[139.7074,38.7503],[139.7074,38.7504],[139.7075,38.7505],[139.7075,38.7505],[139.7076,38.7504],[139.7076,38.7504],[139.7077,38.7504],[139.7078,38.7504],[139.7079,38.7504],[139.7079,38.7504],[139.7079,38.7504],[139.708,38.7505],[139.708,38.7506],[139.708,38.7506],[139.7081,38.7506],[139.7081,38.7506],[139.7082,38.7507],[139.7082,38.7508],[139.7082,38.7508],[139.7082,38.7509],[139.7082,38.7509],[139.7082,38.751],[139.7083,38.751],[139.7083,38.751],[139.7083,38.751],[139.7083,38.751],[139.7084,38.7511],[139.7084,38.7511],[139.7085,38.7511],[139.7085,38.7512],[139.7086,38.7513],[139.7086,38.7514],[139.7086,38.7514],[139.7087,38.7515],[139.7087,38.7515],[139.7088,38.7516],[139.7088,38.7516],[139.7088,38.7516],[139.7089,38.7517],[139.709,38.7518],[139.709,38.7518],[139.7091,38.7519],[139.7092,38.7519],[139.7092,38.7519],[139.7092,38.7519],[139.7093,38.7519],[139.7093,38.752],[139.7093,38.752],[139.7093,38.752],[139.7094,38.752],[139.7094,38.7521],[139.7095,38.7521],[139.7095,38.7521],[139.7096,38.7522],[139.7096,38.7523],[139.7096,38.7523],[139.7096,38.7524],[139.7096,38.7524],[139.7097,38.7525],[139.7098,38.7525],[139.7098,38.7525],[139.7099,38.7526],[139.7099,38.7526],[139.71,38.7527],[139.7101,38.7527],[139.7102,38.7527],[139.7102,38.7528],[139.7103,38.7528],[139.7104,38.7528],[139.7105,38.7528],[139.7106,38.7528],[139.7107,38.7528],[139.7109,38.7528],[139.711,38.7528],[139.7111,38.7529],[139.7112,38.7529],[139.7112,38.7528],[139.7113,38.7528],[139.7113,38.7529],[139.7114,38.7529],[139.7114,38.753],[139.7114,38.753],[139.7114,38.753],[139.7115,38.7531],[139.7116,38.7531],[139.7116,38.7532],[139.7116,38.7532],[139.7116,38.7532],[139.7117,38.7533],[139.7118,38.7533],[139.7118,38.7533],[139.7119,38.7533],[139.7119,38.7534],[139.712,38.7534],[139.712,38.7534],[139.7121,38.7534],[139.7121,38.7534],[139.7122,38.7534],[139.7123,38.7533],[139.7123,38.7533],[139.7123,38.7533],[139.7124,38.7533],[139.7125,38.7532],[139.7125,38.7532],[139.7125,38.7533],[139.7126,38.7533],[139.7125,38.7534],[139.7126,38.7535],[139.7125,38.7535],[139.7125,38.7535],[139.7125,38.7536],[139.7125,38.7536],[139.7125,38.7536],[139.7125,38.7537],[139.7126,38.7537],[139.7127,38.7537],[139.7128,38.7538],[139.7128,38.7538],[139.7129,38.7537],[139.7129,38.7538],[139.713,38.7537],[139.713,38.7537],[139.7131,38.7537],[139.7132,38.7537],[139.7132,38.7538],[139.7132,38.7538],[139.7132,38.7538],[139.7132,38.7539],[139.7132,38.7539],[139.7133,38.7539],[139.7134,38.7539],[139.7134,38.7539],[139.7134,38.7539],[139.7134,38.754],[139.7135,38.754],[139.7135,38.7541],[139.7136,38.7541],[139.7136,38.7541],[139.7137,38.7541],[139.7137,38.754],[139.7137,38.754],[139.7138,38.754],[139.7138,38.754],[139.7139,38.754],[139.7141,38.754],[139.7141,38.754],[139.714,38.7541],[139.714,38.7541],[139.714,38.7542],[139.714,38.7542],[139.714,38.7543],[139.714,38.7543],[139.714,38.7543],[139.714,38.7544],[139.7141,38.7544],[139.7141,38.7544],[139.7142,38.7544],[139.7143,38.7544],[139.7144,38.7544],[139.7144,38.7544],[139.7145,38.7544],[139.7145,38.7544],[139.7146,38.7544],[139.7146,38.7543],[139.7146,38.7543],[139.7146,38.7543],[139.7146,38.7543],[139.7147,38.7542],[139.7147,38.7542],[139.7147,38.7542],[139.7146,38.7541],[139.7147,38.7541],[139.7147,38.754],[139.7148,38.754],[139.7148,38.7541],[139.7148,38.7541],[139.7148,38.7542],[139.7148,38.7542],[139.7148,38.7543],[139.7148,38.7543],[139.7148,38.7544],[139.7149,38.7544],[139.7149,38.7544],[139.715,38.7543],[139.715,38.7543],[139.715,38.7543],[139.7151,38.7543],[139.7151,38.7542],[139.7151,38.7542],[139.7152,38.7542],[139.7153,38.7542],[139.7154,38.7542],[139.7154,38.7543],[139.7154,38.7544],[139.7155,38.7545],[139.7155,38.7545],[139.7156,38.7545],[139.7155,38.7546],[139.7155,38.7546],[139.7154,38.7546],[139.7154,38.7547],[139.7154,38.7548],[139.7155,38.7548],[139.7155,38.7548],[139.7156,38.7548],[139.7156,38.7548],[139.7157,38.7547],[139.7157,38.7547],[139.7158,38.7547],[139.7159,38.7547],[139.716,38.7547],[139.716,38.7546],[139.716,38.7546],[139.7161,38.7546],[139.7161,38.7546],[139.7162,38.7546],[139.7162,38.7546],[139.7163,38.7546],[139.7164,38.7546],[139.7164,38.7546],[139.7165,38.7546],[139.7165,38.7547],[139.7165,38.7547],[139.7166,38.7547],[139.7166,38.7547],[139.7167,38.7548],[139.7167,38.7548],[139.7167,38.7548],[139.7168,38.7548],[139.7168,38.7548],[139.7169,38.7548],[139.7169,38.7548],[139.717,38.7549],[139.7171,38.7549],[139.7171,38.755],[139.7171,38.755],[139.7171,38.7551],[139.7171,38.7551],[139.7171,38.7552],[139.7171,38.7552],[139.7171,38.7553],[139.7171,38.7554],[139.717,38.7554],[139.7169,38.7554],[139.7169,38.7554],[139.7169,38.7554],[139.7169,38.7555],[139.7168,38.7555],[139.7167,38.7555],[139.7167,38.7555],[139.7167,38.7555],[139.7167,38.7556],[139.7167,38.7556],[139.7167,38.7556],[139.7166,38.7557],[139.7166,38.7557],[139.7166,38.7557],[139.7165,38.7558],[139.7165,38.7558],[139.7165,38.7558],[139.7166,38.7559],[139.7166,38.7559],[139.7167,38.756],[139.7167,38.756],[139.7167,38.756],[139.7167,38.756],[139.7168,38.756],[139.7168,38.756],[139.7168,38.7561],[139.7169,38.7561],[139.7169,38.7562],[139.7169,38.7562],[139.717,38.7562],[139.717,38.7562],[139.7171,38.7562],[139.7171,38.7562],[139.7172,38.7561],[139.7172,38.7561],[139.7173,38.7561],[139.7174,38.756],[139.7175,38.756],[139.7175,38.756],[139.7175,38.756],[139.7175,38.7561],[139.7175,38.7561],[139.7175,38.7562],[139.7175,38.7562],[139.7174,38.7563],[139.7174,38.7563],[139.7174,38.7563],[139.7174,38.7564],[139.7175,38.7564],[139.7175,38.7565],[139.7175,38.7565],[139.7176,38.7565],[139.7176,38.7565],[139.7177,38.7565],[139.7178,38.7565],[139.7179,38.7565],[139.7179,38.7565],[139.7179,38.7565],[139.718,38.7565],[139.7179,38.7565],[139.7179,38.7566],[139.7178,38.7566],[139.7178,38.7567],[139.7178,38.7567],[139.7177,38.7568],[139.7178,38.7569],[139.7177,38.7569],[139.7177,38.757],[139.7178,38.757],[139.7178,38.757],[139.7179,38.757],[139.718,38.757],[139.718,38.757],[139.7181,38.757],[139.7182,38.757],[139.7182,38.757],[139.7182,38.757],[139.7183,38.757],[139.7184,38.757],[139.7185,38.757],[139.7185,38.757],[139.7186,38.757],[139.7186,38.757],[139.7187,38.757],[139.7188,38.757],[139.7188,38.757],[139.7189,38.7571],[139.7189,38.7571],[139.7189,38.7571],[139.719,38.7571],[139.719,38.7572],[139.719,38.7572],[139.7191,38.7572],[139.7191,38.7572],[139.7191,38.7573],[139.7191,38.7573],[139.7192,38.7574],[139.7192,38.7574],[139.7192,38.7574],[139.7193,38.7575],[139.7194,38.7575],[139.7194,38.7575],[139.7194,38.7575],[139.7194,38.7575],[139.7195,38.7576],[139.7196,38.7576],[139.7197,38.7576],[139.7197,38.7576],[139.7198,38.7577],[139.7199,38.7577],[139.7199,38.7577],[139.72,38.7577],[139.7201,38.7577],[139.7202,38.7577],[139.7203,38.7578],[139.7204,38.7578],[139.7204,38.7578],[139.7205,38.7578],[139.7205,38.7578],[139.7206,38.7578],[139.7206,38.7579],[139.7207,38.7579],[139.7208,38.7579],[139.7209,38.758],[139.721,38.758],[139.7211,38.758],[139.7211,38.7581],[139.7212,38.7581],[139.7212,38.7581],[139.7213,38.7581],[139.7213,38.7581],[139.7215,38.7582],[139.7216,38.7582],[139.7218,38.7582],[139.722,38.7582],[139.7221,38.7582],[139.7222,38.7582],[139.7223,38.7583],[139.7223,38.7583],[139.7223,38.7583],[139.7223,38.7583],[139.7223,38.7583],[139.7223,38.7583],[139.7223,38.7583],[139.7223,38.7583],[139.7223,38.7584],[139.7223,38.7584],[139.7222,38.7584],[139.7222,38.7584],[139.7222,38.7584],[139.7222,38.7584],[139.7222,38.7584],[139.7222,38.7584],[139.7222,38.7584],[139.7222,38.7584],[139.7222,38.7584],[139.7222,38.7584],[139.7222,38.7584],[139.7222,38.7584],[139.7222,38.7585],[139.7221,38.7585],[139.7221,38.7585],[139.7221,38.7585],[139.7221,38.7585],[139.7221,38.7585],[139.7222,38.7585],[139.7222,38.7585],[139.7222,38.7585],[139.7222,38.7585],[139.7222,38.7585],[139.7222,38.7585],[139.7222,38.7585],[139.7222,38.7585],[139.7222,38.7585],[139.7222,38.7585],[139.7222,38.7585],[139.7222,38.7585],[139.7222,38.7585],[139.7222,38.7585],[139.7222,38.7586],[139.7222,38.7586],[139.7222,38.7586],[139.7221,38.7586],[139.7221,38.7586],[139.7221,38.7586],[139.7221,38.7586],[139.7221,38.7586],[139.7221,38.7586],[139.7221,38.7586],[139.7221,38.7587],[139.7221,38.7587],[139.7221,38.7587],[139.7221,38.7587],[139.7221,38.7587],[139.7221,38.7587],[139.7221,38.7587],[139.7221,38.7587],[139.722,38.7587],[139.722,38.7587],[139.7221,38.7587],[139.7221,38.7587],[139.7221,38.7587],[139.7221,38.7587],[139.7221,38.7587],[139.7221,38.7587],[139.7221,38.7587],[139.7222,38.7587],[139.7222,38.7587],[139.7222,38.7587],[139.7222,38.7587],[139.7222,38.7587],[139.7222,38.7588],[139.7222,38.7588],[139.7222,38.7587],[139.7223,38.7587],[139.7223,38.7587],[139.7223,38.7587],[139.7223,38.7587],[139.7223,38.7587],[139.7223,38.7587],[139.7222,38.7587],[139.7222,38.7587],[139.7222,38.7586],[139.7222,38.7586],[139.7222,38.7586],[139.7222,38.7586],[139.7222,38.7586],[139.7222,38.7586],[139.7223,38.7586],[139.7223,38.7586],[139.7223,38.7586],[139.7223,38.7586],[139.7223,38.7586],[139.7224,38.7586],[139.7224,38.7586],[139.7224,38.7585],[139.7224,38.7585],[139.7224,38.7586],[139.7224,38.7586],[139.7224,38.7586],[139.7224,38.7586],[139.7224,38.7586],[139.7224,38.7586],[139.7224,38.7586],[139.7224,38.7586],[139.7225,38.7586],[139.7225,38.7586],[139.7224,38.7586],[139.7224,38.7587],[139.7224,38.7587],[139.7224,38.7587],[139.7224,38.7587],[139.7225,38.7587],[139.7225,38.7587],[139.7225,38.7587],[139.7225,38.7587],[139.7225,38.7587],[139.7225,38.7587],[139.7225,38.7587],[139.7225,38.7587],[139.7225,38.7587],[139.7225,38.7587],[139.7225,38.7588],[139.7225,38.7588],[139.7225,38.7588],[139.7225,38.7588],[139.7225,38.7588],[139.7225,38.7588],[139.7225,38.7588],[139.7225,38.7588],[139.7225,38.7588],[139.7225,38.7588],[139.7226,38.7588],[139.7226,38.7588],[139.7226,38.7588],[139.7226,38.7588],[139.7226,38.7588],[139.7226,38.7589],[139.7226,38.7589],[139.7226,38.7589],[139.7226,38.7589],[139.7226,38.7589],[139.7226,38.7589],[139.7226,38.7589],[139.7226,38.7589],[139.7226,38.7589],[139.7226,38.7589],[139.7226,38.7589],[139.7226,38.7589],[139.7226,38.759],[139.7227,38.759],[139.7227,38.7589],[139.7227,38.7589],[139.7227,38.7589],[139.7227,38.7589],[139.7227,38.7589],[139.7228,38.7589],[139.7228,38.7589],[139.7228,38.7589],[139.7228,38.7589],[139.7228,38.7589],[139.7228,38.7588],[139.7228,38.7588],[139.7228,38.7588],[139.7228,38.7588],[139.7228,38.7588],[139.7228,38.7588],[139.7229,38.7588],[139.7229,38.7588],[139.7229,38.7588],[139.7229,38.7588],[139.7229,38.7588],[139.7229,38.7588],[139.7229,38.7587],[139.723,38.7588],[139.723,38.7588],[139.723,38.7588],[139.723,38.7588],[139.723,38.7588],[139.723,38.7588],[139.7229,38.7588],[139.7229,38.7588],[139.7229,38.7588],[139.7229,38.7588],[139.7229,38.7588],[139.7229,38.7588],[139.7229,38.7588],[139.7229,38.7588],[139.7229,38.7589],[139.7229,38.7589],[139.7229,38.7589],[139.723,38.7589],[139.723,38.7589],[139.723,38.7589],[139.723,38.7589],[139.723,38.7589],[139.723,38.7589],[139.723,38.7589],[139.723,38.7589],[139.723,38.7589],[139.723,38.759],[139.723,38.759],[139.723,38.7589],[139.723,38.759],[139.723,38.759],[139.723,38.759],[139.723,38.759],[139.723,38.759],[139.723,38.759],[139.723,38.759],[139.723,38.759],[139.723,38.759],[139.723,38.759],[139.723,38.759],[139.723,38.759],[139.723,38.759],[139.723,38.759],[139.723,38.759],[139.7231,38.759],[139.7231,38.759],[139.7231,38.7591],[139.7231,38.7591],[139.7231,38.7591],[139.7231,38.759],[139.7231,38.7591],[139.7232,38.7591],[139.7232,38.7591],[139.7232,38.7591],[139.7232,38.7591],[139.7232,38.7591],[139.7232,38.7591],[139.7232,38.7591],[139.7232,38.7591],[139.7232,38.7591],[139.7232,38.7591],[139.7232,38.7591],[139.7232,38.7591],[139.7232,38.7591],[139.7232,38.7591],[139.7233,38.7591],[139.7233,38.7591],[139.7233,38.7591],[139.7233,38.7591],[139.7233,38.7591],[139.7233,38.7591],[139.7234,38.7591],[139.7234,38.7591],[139.7234,38.7591],[139.7234,38.7592],[139.7234,38.7592],[139.7234,38.7592],[139.7234,38.7593],[139.7234,38.7593],[139.7234,38.7593],[139.7234,38.7594],[139.7233,38.7595],[139.7232,38.7596],[139.7234,38.7598],[139.7235,38.7598],[139.7238,38.7602],[139.7239,38.7603],[139.724,38.7602],[139.7241,38.7605],[139.7241,38.7605],[139.724,38.7602],[139.7235,38.7598],[139.7235,38.7598],[139.7239,38.7595],[139.724,38.7596],[139.7242,38.7598],[139.7244,38.76],[139.7245,38.7602],[139.7246,38.7603],[139.7246,38.7604],[139.7247,38.7607],[139.7248,38.7606],[139.7249,38.7608],[139.7246,38.7608],[139.7243,38.7609],[139.7242,38.7607],[139.7242,38.7607],[139.7243,38.7609],[139.7243,38.7611],[139.7244,38.7612],[139.7244,38.7612],[139.7244,38.7613],[139.7243,38.7614],[139.7243,38.7614],[139.7243,38.7614],[139.7242,38.7614],[139.7242,38.7614],[139.7242,38.7614],[139.7242,38.7614],[139.7242,38.7614],[139.7242,38.7614],[139.7242,38.7614],[139.7243,38.7614],[139.7243,38.7614],[139.7243,38.7614],[139.7243,38.7613],[139.7243,38.7613],[139.7243,38.7613],[139.7243,38.7613],[139.7243,38.7613],[139.7243,38.7613],[139.7243,38.7613],[139.7243,38.7613],[139.7243,38.7613],[139.7243,38.7613],[139.7243,38.7613],[139.7243,38.7613],[139.7242,38.7613],[139.7242,38.7613],[139.7242,38.7613],[139.7242,38.7613],[139.7242,38.7613],[139.7242,38.7613],[139.7242,38.7613],[139.7242,38.7612],[139.7241,38.7612],[139.7241,38.7612],[139.7241,38.7613],[139.7241,38.7613],[139.7241,38.7613],[139.7241,38.7613],[139.7241,38.7613],[139.7241,38.7613],[139.7241,38.7613],[139.7241,38.7613],[139.7241,38.7613],[139.7241,38.7613],[139.7241,38.7613],[139.7241,38.7614],[139.7241,38.7614],[139.724,38.7614],[139.724,38.7614],[139.724,38.7614],[139.7241,38.7615],[139.7241,38.7615],[139.7241,38.7615],[139.7241,38.7615],[139.7241,38.7614],[139.7241,38.7614],[139.7241,38.7614],[139.7241,38.7614],[139.7241,38.7615],[139.7241,38.7615],[139.7241,38.7615],[139.7241,38.7615],[139.7241,38.7615],[139.7241,38.7615],[139.7241,38.7615],[139.7242,38.7615],[139.7242,38.7615],[139.7242,38.7615],[139.7242,38.7615],[139.7242,38.7615],[139.7242,38.7615],[139.7242,38.7617],[139.7242,38.7617],[139.7242,38.7618],[139.7242,38.7618],[139.7242,38.7619],[139.7241,38.7619],[139.7241,38.7619],[139.7241,38.762],[139.7239,38.7621],[139.7239,38.7621],[139.7239,38.7622],[139.7239,38.7621],[139.7239,38.7621],[139.7238,38.7621],[139.7238,38.7621],[139.7238,38.7621],[139.7238,38.7621],[139.7237,38.7622],[139.7237,38.7622],[139.7237,38.7622],[139.7236,38.7622],[139.7236,38.7622],[139.7236,38.7621],[139.7236,38.7621],[139.7235,38.7621],[139.7235,38.7621],[139.7235,38.7622],[139.7235,38.7622],[139.7235,38.7622],[139.7235,38.7622],[139.7234,38.7622],[139.7234,38.7622],[139.7234,38.7622],[139.7234,38.7622],[139.7234,38.7622],[139.7234,38.7622],[139.7234,38.7622],[139.7233,38.7622],[139.7233,38.7623],[139.7233,38.7623],[139.7233,38.7623],[139.7233,38.7623],[139.7233,38.7623],[139.7233,38.7623],[139.7233,38.7623],[139.7232,38.7623],[139.7232,38.7624],[139.7232,38.7624],[139.7232,38.7624],[139.7232,38.7624],[139.7232,38.7624],[139.7232,38.7624],[139.7232,38.7624],[139.7232,38.7624],[139.7232,38.7625],[139.7232,38.7625],[139.7231,38.7625],[139.7231,38.7625],[139.7231,38.7625],[139.7231,38.7625],[139.7231,38.7625],[139.723,38.7625],[139.723,38.7625],[139.723,38.7625],[139.723,38.7625],[139.723,38.7625],[139.723,38.7625],[139.723,38.7625],[139.723,38.7625],[139.7229,38.7625],[139.7229,38.7625],[139.7229,38.7625],[139.7229,38.7625],[139.7229,38.7626],[139.7229,38.7626],[139.7229,38.7626],[139.7229,38.7626],[139.7229,38.7626],[139.7229,38.7626],[139.7229,38.7627],[139.7228,38.7627],[139.7228,38.7627],[139.7228,38.7627],[139.7228,38.7627],[139.7228,38.7627],[139.7228,38.7627],[139.7227,38.7627],[139.7227,38.7627],[139.7227,38.7627],[139.7227,38.7627],[139.7227,38.7628],[139.7226,38.7628],[139.7226,38.7628],[139.7226,38.7628],[139.7226,38.7628],[139.7226,38.7629],[139.7226,38.7629],[139.7225,38.7629],[139.7225,38.7629],[139.7225,38.7628],[139.7225,38.7628],[139.7225,38.7628],[139.7225,38.7628],[139.7224,38.7629],[139.7224,38.7629],[139.7224,38.7629],[139.7224,38.7629],[139.7224,38.7629],[139.7224,38.7629],[139.7224,38.7629],[139.7223,38.7629],[139.7223,38.7629],[139.7223,38.7629],[139.7223,38.7629],[139.7223,38.763],[139.7223,38.763],[139.7223,38.763],[139.7223,38.763],[139.7223,38.763],[139.7223,38.763],[139.7223,38.763],[139.7223,38.7631],[139.7223,38.7631],[139.7223,38.7631],[139.7223,38.7631],[139.7223,38.7631],[139.7223,38.7631],[139.7224,38.7631],[139.7224,38.7632],[139.7224,38.7632],[139.7224,38.7632],[139.7224,38.7632],[139.7224,38.7632],[139.7224,38.7632],[139.7225,38.7632],[139.7225,38.7632],[139.7225,38.7632],[139.7225,38.7632],[139.7225,38.7632],[139.7226,38.7632],[139.7226,38.7632],[139.7226,38.7633],[139.7226,38.7633],[139.7226,38.7633],[139.7226,38.7633],[139.7226,38.7633],[139.7226,38.7633],[139.7227,38.7633],[139.7227,38.7633],[139.7227,38.7633],[139.7228,38.7633],[139.7228,38.7633],[139.7228,38.7633],[139.7228,38.7633],[139.7228,38.7632],[139.7229,38.7632],[139.7229,38.7632],[139.7229,38.7632],[139.7229,38.7632],[139.7229,38.7632],[139.7229,38.7632],[139.723,38.7632],[139.723,38.7632],[139.723,38.7632],[139.723,38.7632],[139.723,38.7631],[139.723,38.7631],[139.723,38.7631],[139.723,38.7631],[139.723,38.7631],[139.723,38.7631],[139.723,38.7631],[139.723,38.763],[139.723,38.763],[139.723,38.763],[139.723,38.763],[139.723,38.763],[139.723,38.763],[139.723,38.763],[139.723,38.763],[139.723,38.7629],[139.723,38.7629],[139.723,38.7629],[139.723,38.7629],[139.723,38.7629],[139.723,38.7629],[139.723,38.763],[139.723,38.763],[139.7231,38.763],[139.7231,38.763],[139.7231,38.763],[139.7231,38.763],[139.7231,38.763],[139.7232,38.7631],[139.7232,38.7631],[139.7232,38.7631],[139.7232,38.7631],[139.7232,38.7631],[139.7232,38.7631],[139.7232,38.7631],[139.7233,38.7631],[139.7233,38.7631],[139.7233,38.7631],[139.7233,38.7631],[139.7233,38.7631],[139.7233,38.763],[139.7233,38.763],[139.7233,38.763],[139.7233,38.763],[139.7233,38.763],[139.7233,38.763],[139.7233,38.7629],[139.7233,38.7629],[139.7233,38.7629],[139.7233,38.7629],[139.7234,38.7629],[139.7234,38.7629],[139.7234,38.7629],[139.7234,38.7629],[139.7234,38.7629],[139.7235,38.7629],[139.7235,38.7629],[139.7235,38.7629],[139.7235,38.7629],[139.7235,38.7629],[139.7235,38.7629],[139.7235,38.763],[139.7235,38.763],[139.7235,38.763],[139.7235,38.763],[139.7235,38.763],[139.7234,38.7629],[139.7234,38.7629],[139.7234,38.763],[139.7234,38.763],[139.7234,38.763],[139.7234,38.763],[139.7234,38.763],[139.7234,38.763],[139.7234,38.763],[139.7234,38.763],[139.7234,38.763],[139.7235,38.763],[139.7235,38.763],[139.7235,38.763],[139.7235,38.763],[139.7235,38.763],[139.7235,38.7631],[139.7235,38.7631],[139.7235,38.7631],[139.7235,38.7631],[139.7235,38.7631],[139.7236,38.7631],[139.7236,38.7631],[139.7236,38.7631],[139.7236,38.7631],[139.7236,38.7631],[139.7236,38.7631],[139.7237,38.7631],[139.7237,38.7631],[139.7237,38.763],[139.7237,38.763],[139.7237,38.763],[139.7237,38.763],[139.7237,38.763],[139.7237,38.763],[139.7237,38.7629],[139.7237,38.7629],[139.7237,38.7629],[139.7237,38.7629],[139.7237,38.763],[139.7238,38.763],[139.7238,38.763],[139.7238,38.763],[139.7239,38.763],[139.7239,38.763],[139.7239,38.763],[139.7239,38.763],[139.7239,38.7629],[139.7239,38.763],[139.7239,38.763],[139.7239,38.763],[139.7239,38.763],[139.7239,38.763],[139.7239,38.763],[139.7239,38.763],[139.7239,38.763],[139.7239,38.763],[139.7238,38.763],[139.7238,38.763],[139.7238,38.7631],[139.7238,38.7631],[139.7238,38.7631],[139.7238,38.7631],[139.7239,38.7631],[139.7239,38.7631],[139.7239,38.7631],[139.7239,38.7631],[139.7239,38.7631],[139.7239,38.7631],[139.7239,38.7631],[139.724,38.7631],[139.724,38.7631],[139.724,38.7631],[139.724,38.7631],[139.724,38.7631],[139.724,38.7631],[139.724,38.7631],[139.724,38.7631],[139.724,38.7631],[139.7241,38.7631],[139.724,38.7631],[139.724,38.7631],[139.724,38.7631],[139.724,38.763],[139.724,38.763],[139.724,38.763],[139.724,38.763],[139.7241,38.763],[139.7241,38.763],[139.7241,38.763],[139.7241,38.763],[139.7241,38.7629],[139.7241,38.763],[139.7241,38.763],[139.7241,38.7629],[139.7242,38.763],[139.7242,38.763],[139.7242,38.7629],[139.7242,38.7629],[139.7242,38.763],[139.7242,38.763],[139.7242,38.763],[139.7242,38.763],[139.7243,38.7629],[139.7243,38.7629],[139.7243,38.7629],[139.7243,38.7629],[139.7243,38.7629],[139.7243,38.7629],[139.7244,38.7629],[139.7244,38.7629],[139.7244,38.7629],[139.7244,38.7629],[139.7244,38.7629],[139.7244,38.7629],[139.7245,38.7629],[139.7245,38.7628],[139.7244,38.7627],[139.7244,38.7627],[139.7244,38.7627],[139.7245,38.7627],[139.7245,38.7627],[139.7245,38.7627],[139.7245,38.7627],[139.7245,38.7627],[139.7245,38.7626],[139.7245,38.7626],[139.7245,38.7626],[139.7245,38.7626],[139.7245,38.7626],[139.7245,38.7626],[139.7245,38.7625],[139.7245,38.7625],[139.7245,38.7625],[139.7245,38.7625],[139.7245,38.7625],[139.7245,38.7625],[139.7245,38.7625],[139.7245,38.7625],[139.7245,38.7625],[139.7245,38.7625],[139.7245,38.7625],[139.7245,38.7625],[139.7245,38.7625],[139.7245,38.7625],[139.7246,38.7625],[139.7246,38.7625],[139.7246,38.7625],[139.7246,38.7625],[139.7246,38.7625],[139.7247,38.7625],[139.7247,38.7625],[139.7247,38.7625],[139.7247,38.7625],[139.7247,38.7625],[139.7247,38.7625],[139.7248,38.7625],[139.7248,38.7625],[139.7248,38.7625],[139.7248,38.7625],[139.7248,38.7625],[139.7248,38.7625],[139.7248,38.7625],[139.7248,38.7625],[139.7248,38.7625],[139.7247,38.7625],[139.7247,38.7625],[139.7248,38.7626],[139.7248,38.7626],[139.7248,38.7626],[139.7248,38.7626],[139.7248,38.7626],[139.7248,38.7626],[139.7248,38.7626],[139.7247,38.7627],[139.7247,38.7627],[139.7247,38.7627],[139.7247,38.7627],[139.7247,38.7627],[139.7248,38.7628],[139.7247,38.7628],[139.7247,38.7628],[139.7248,38.7628],[139.7248,38.7628],[139.7248,38.7628],[139.7248,38.7628],[139.7248,38.7628],[139.7249,38.7628],[139.7249,38.7628],[139.725,38.7628],[139.725,38.7628],[139.725,38.7628],[139.725,38.7628],[139.725,38.7628],[139.725,38.7628],[139.725,38.7628],[139.7251,38.7628],[139.7251,38.7628],[139.7251,38.7627],[139.7251,38.7627],[139.7251,38.7627],[139.7251,38.7627],[139.7252,38.7627],[139.7252,38.7627],[139.7252,38.7627],[139.7252,38.7627],[139.7252,38.7626],[139.7252,38.7626],[139.7253,38.7626],[139.7253,38.7626],[139.7253,38.7626],[139.7253,38.7626],[139.7253,38.7626],[139.7253,38.7626],[139.7253,38.7626],[139.7253,38.7626],[139.7254,38.7626],[139.7254,38.7626],[139.7254,38.7626],[139.7254,38.7626],[139.7254,38.7626],[139.7254,38.7626],[139.7254,38.7625],[139.7255,38.7625],[139.7255,38.7625],[139.7255,38.7625],[139.7255,38.7625],[139.7255,38.7625],[139.7255,38.7625],[139.7255,38.7624],[139.7258,38.7624],[139.7258,38.7624],[139.7258,38.7624],[139.7258,38.7625],[139.7258,38.7625],[139.7258,38.7625],[139.7259,38.7625],[139.7259,38.7625],[139.7259,38.7625],[139.7259,38.7626],[139.726,38.7625],[139.726,38.7626],[139.726,38.7625],[139.726,38.7625],[139.726,38.7625],[139.726,38.7625],[139.726,38.7625],[139.726,38.7625],[139.726,38.7624],[139.726,38.7624],[139.726,38.7624],[139.726,38.7623],[139.7264,38.7624],[139.7265,38.7624],[139.7265,38.7624],[139.7265,38.7625],[139.7265,38.7625],[139.7265,38.7625],[139.7265,38.7625],[139.7266,38.7626],[139.7266,38.7626],[139.7265,38.7626],[139.7265,38.7626],[139.7265,38.7626],[139.7265,38.7627],[139.7265,38.7627],[139.7265,38.7627],[139.7265,38.7627],[139.7265,38.7627],[139.7265,38.7627],[139.7265,38.7628],[139.7264,38.7628],[139.7264,38.7628],[139.7264,38.7628],[139.7264,38.7628],[139.7264,38.7629],[139.7265,38.7629],[139.7265,38.7629],[139.7265,38.7629],[139.7265,38.7628],[139.7265,38.7628],[139.7265,38.7628],[139.7266,38.7628],[139.7266,38.7628],[139.7266,38.7628],[139.7266,38.7628],[139.7266,38.7627],[139.7267,38.7627],[139.7267,38.7627],[139.7267,38.7627],[139.7268,38.7627],[139.7268,38.7627],[139.7268,38.7627],[139.7267,38.7627],[139.7268,38.7628],[139.7268,38.7628],[139.7267,38.7628],[139.7267,38.7628],[139.7267,38.7628],[139.7267,38.7629],[139.7267,38.7629],[139.7268,38.7629],[139.7268,38.7628],[139.7268,38.7628],[139.7268,38.7628],[139.7269,38.7628],[139.7269,38.7628],[139.7269,38.7628],[139.7269,38.7628],[139.727,38.7628],[139.727,38.7628],[139.727,38.7627],[139.7269,38.7627],[139.727,38.7627],[139.7269,38.7627],[139.727,38.7627],[139.7269,38.7626],[139.7269,38.7626],[139.7269,38.7626],[139.7269,38.7626],[139.7269,38.7625],[139.7268,38.7625],[139.7268,38.7625],[139.7268,38.7625],[139.7267,38.7625],[139.7267,38.7624],[139.7267,38.7624],[139.7269,38.7624],[139.7269,38.7624],[139.7269,38.7625],[139.7269,38.7625],[139.7269,38.7625],[139.7269,38.7625],[139.7269,38.7625],[139.7269,38.7626],[139.727,38.7626],[139.727,38.7626],[139.727,38.7626],[139.727,38.7627],[139.7271,38.7627],[139.7271,38.7627],[139.7271,38.7627],[139.7272,38.7627],[139.7272,38.7627],[139.7272,38.7627],[139.7272,38.7627],[139.7272,38.7626],[139.7273,38.7626],[139.7273,38.7626],[139.7273,38.7625],[139.7273,38.7625],[139.7272,38.7625],[139.7272,38.7625],[139.7272,38.7625],[139.7272,38.7625],[139.7272,38.7624],[139.7273,38.7625],[139.7273,38.7625],[139.7273,38.7625],[139.7273,38.7626],[139.7273,38.7626],[139.7273,38.7626],[139.7274,38.7627],[139.7274,38.7627],[139.7275,38.7627],[139.7274,38.7628],[139.7274,38.7628],[139.7274,38.7628],[139.7275,38.7629],[139.7275,38.7629],[139.7275,38.7629],[139.7275,38.7628],[139.7275,38.7628],[139.7275,38.7628],[139.7275,38.7627],[139.7275,38.7627],[139.7276,38.7627],[139.7276,38.7627],[139.7277,38.7627],[139.7278,38.7627],[139.7283,38.7628],[139.7284,38.7629],[139.7285,38.7629],[139.7285,38.763],[139.7285,38.763],[139.7285,38.7631],[139.7285,38.7631],[139.7285,38.7631],[139.7285,38.7632],[139.7285,38.7632],[139.7285,38.7632],[139.7286,38.7632],[139.7286,38.7631],[139.7287,38.7631],[139.7287,38.7631],[139.7288,38.7632],[139.7288,38.7633],[139.7288,38.7634],[139.7287,38.7635],[139.7287,38.7635],[139.7285,38.7634],[139.7285,38.7635],[139.7288,38.7636],[139.729,38.7637],[139.7291,38.7638],[139.7292,38.7642],[139.7293,38.7645],[139.7293,38.7645],[139.7293,38.7645],[139.7294,38.7645],[139.7294,38.7645],[139.7293,38.7645],[139.7292,38.764],[139.7291,38.7636],[139.7294,38.7636],[139.7295,38.7634],[139.7296,38.7634],[139.7298,38.7633],[139.7298,38.7633],[139.7299,38.7633],[139.7299,38.7633],[139.73,38.7633],[139.7301,38.7633],[139.7301,38.7633],[139.7301,38.7634],[139.7301,38.7636],[139.7303,38.7638],[139.7306,38.7636],[139.7311,38.7634],[139.7316,38.7632],[139.7318,38.7631],[139.7318,38.7631],[139.7323,38.7628],[139.7324,38.7629],[139.7324,38.7629],[139.7326,38.7632],[139.7326,38.7632],[139.7326,38.7632],[139.7327,38.7632],[139.7327,38.7631],[139.7327,38.7631],[139.7324,38.7628],[139.7322,38.7626],[139.7321,38.7624],[139.7321,38.7624],[139.7321,38.7624],[139.7321,38.7624],[139.7324,38.7621],[139.7326,38.7619],[139.7327,38.762],[139.733,38.7621],[139.7333,38.7622],[139.7335,38.7622],[139.7337,38.7623],[139.7339,38.7625],[139.7341,38.7626],[139.7341,38.7627],[139.7343,38.7628],[139.7344,38.7628],[139.7344,38.7628],[139.7345,38.7628],[139.7345,38.7628],[139.7345,38.7628],[139.7345,38.7628],[139.7345,38.7628],[139.7344,38.7629],[139.7344,38.7629],[139.7344,38.7631],[139.7343,38.7634],[139.7343,38.7634],[139.7344,38.7634],[139.7343,38.7635],[139.7342,38.7636],[139.7341,38.7637],[139.734,38.7638],[139.7339,38.7638],[139.7339,38.7638],[139.7339,38.7639],[139.7339,38.7639],[139.734,38.7639],[139.734,38.764],[139.7339,38.7641],[139.7339,38.7641],[139.7339,38.7642],[139.7339,38.7643],[139.7339,38.7645],[139.7338,38.7646],[139.7338,38.7646],[139.7336,38.7645],[139.7333,38.7645],[139.7333,38.7645],[139.7333,38.7643],[139.7334,38.7643],[139.7334,38.7641],[139.7335,38.7638],[139.7335,38.7638],[139.7336,38.7637],[139.7338,38.7638],[139.7338,38.7637],[139.7335,38.7636],[139.7333,38.7636],[139.7332,38.7635],[139.7332,38.7635],[139.7332,38.7635],[139.7331,38.7635],[139.733,38.7635],[139.7333,38.7636],[139.7334,38.7637],[139.7333,38.7639],[139.7333,38.764],[139.7333,38.7641],[139.7332,38.7641],[139.7332,38.7641],[139.7331,38.7641],[139.7331,38.7641],[139.7331,38.7641],[139.7331,38.7642],[139.7331,38.7642],[139.7331,38.7642],[139.7331,38.7643],[139.7331,38.7643],[139.7331,38.7643],[139.7331,38.7643],[139.7331,38.7644],[139.7331,38.7644],[139.7331,38.7644],[139.733,38.7644],[139.733,38.7645],[139.7331,38.7645],[139.7331,38.7646],[139.7331,38.7646],[139.7331,38.7646],[139.7331,38.7647],[139.733,38.7647],[139.733,38.7648],[139.7329,38.7648],[139.7329,38.7648],[139.7329,38.7649],[139.7328,38.7649],[139.7328,38.7649],[139.7327,38.7649],[139.7327,38.7649],[139.7326,38.7649],[139.7326,38.7649],[139.7326,38.7648],[139.7326,38.7648],[139.7327,38.7648],[139.7326,38.7648],[139.7326,38.7648],[139.7326,38.7648],[139.7326,38.7648],[139.7325,38.7648],[139.7325,38.7648],[139.7325,38.7648],[139.7324,38.7648],[139.7324,38.7648],[139.7323,38.7648],[139.7323,38.7649],[139.7323,38.7649],[139.7323,38.7649],[139.7323,38.765],[139.7323,38.765],[139.7323,38.765],[139.7324,38.765],[139.7324,38.765],[139.7325,38.765],[139.7325,38.7651],[139.7325,38.7651],[139.7325,38.7651],[139.7325,38.7651],[139.7325,38.7652],[139.7325,38.7652],[139.7325,38.7652],[139.7325,38.7652],[139.7324,38.7652],[139.7324,38.7652],[139.7323,38.7652],[139.7323,38.7652],[139.7323,38.7652],[139.7322,38.7652],[139.7322,38.7652],[139.7322,38.7652],[139.7322,38.7653],[139.7322,38.7653],[139.7322,38.7653],[139.7322,38.7653],[139.7323,38.7653],[139.7323,38.7654],[139.7323,38.7654],[139.7323,38.7654],[139.7324,38.7654],[139.7324,38.7655],[139.7322,38.7656],[139.732,38.7657],[139.7315,38.7659],[139.7315,38.7663],[139.7314,38.7664],[139.7309,38.7663],[139.7309,38.7663],[139.7305,38.7662],[139.7298,38.7662],[139.7295,38.7661],[139.7295,38.7662],[139.7297,38.7662],[139.7298,38.7662],[139.7306,38.7664],[139.7316,38.7665],[139.7316,38.7665],[139.7316,38.7665],[139.7316,38.7666],[139.7316,38.7666],[139.7316,38.7666],[139.7316,38.7666],[139.7316,38.7666],[139.7317,38.7667],[139.7317,38.7667],[139.7317,38.7667],[139.7317,38.7667],[139.7317,38.7667],[139.7318,38.7667],[139.7318,38.7666],[139.7318,38.7666],[139.7318,38.7666],[139.7318,38.7666],[139.7318,38.7666],[139.7318,38.7665],[139.7318,38.7665],[139.7317,38.7665],[139.7317,38.7665],[139.7318,38.7664],[139.7318,38.7664],[139.7319,38.7665],[139.7319,38.7665],[139.7319,38.7665],[139.7319,38.7665],[139.7319,38.7665],[139.732,38.7665],[139.732,38.7665],[139.732,38.7665],[139.732,38.7665],[139.732,38.7666],[139.732,38.7666],[139.732,38.7666],[139.7321,38.7666],[139.7321,38.7666],[139.7321,38.7666],[139.7321,38.7666],[139.7322,38.7666],[139.7322,38.7667],[139.7322,38.7667],[139.7323,38.7667],[139.7323,38.7667],[139.7323,38.7667],[139.7323,38.7667],[139.7323,38.7667],[139.7323,38.7667],[139.7324,38.7667],[139.7324,38.7667],[139.7324,38.7666],[139.7324,38.7666],[139.7324,38.7666],[139.7325,38.7667],[139.7325,38.7667],[139.7325,38.7667],[139.7326,38.7666],[139.7326,38.7667],[139.7326,38.7667],[139.7326,38.7667],[139.7326,38.7667],[139.7326,38.7667],[139.7326,38.7667],[139.7326,38.7668],[139.7326,38.7668],[139.7326,38.7668],[139.7326,38.7668],[139.7326,38.7668],[139.7327,38.7668],[139.7327,38.7668],[139.7327,38.7668],[139.7327,38.7668],[139.7327,38.7668],[139.7327,38.7669],[139.7327,38.7669],[139.7327,38.7669],[139.7328,38.7669],[139.7328,38.7669],[139.7328,38.7669],[139.7328,38.7669],[139.7328,38.7669],[139.7328,38.7669],[139.7328,38.7669],[139.7328,38.7669],[139.7328,38.7669],[139.7329,38.7669],[139.7329,38.767],[139.7329,38.767],[139.7329,38.767],[139.7329,38.767],[139.7329,38.767],[139.7329,38.767],[139.7329,38.767],[139.7329,38.767],[139.7329,38.767],[139.7329,38.767],[139.733,38.767],[139.733,38.7671],[139.733,38.7671],[139.733,38.7671],[139.733,38.7671],[139.733,38.7671],[139.733,38.7671],[139.7329,38.7671],[139.7329,38.7671],[139.7329,38.7671],[139.7329,38.7671],[139.7329,38.7671],[139.7329,38.7671],[139.7328,38.7671],[139.7328,38.7671],[139.7328,38.7671],[139.7328,38.7671],[139.7328,38.7671],[139.7328,38.7671],[139.7328,38.7671],[139.7327,38.767],[139.7327,38.767],[139.7327,38.767],[139.7327,38.767],[139.7327,38.7671],[139.7327,38.7671],[139.7327,38.7671],[139.7327,38.7671],[139.7327,38.7671],[139.7327,38.7671],[139.7327,38.7672],[139.7327,38.7671],[139.7327,38.7671],[139.7326,38.7672],[139.7326,38.7672],[139.7326,38.7672],[139.7325,38.7672],[139.7325,38.7672],[139.7325,38.7672],[139.7325,38.7672],[139.7325,38.7672],[139.7325,38.7672],[139.7325,38.7673],[139.7325,38.7673],[139.7325,38.7673],[139.7325,38.7673],[139.7325,38.7673],[139.7325,38.7673],[139.7325,38.7673],[139.7325,38.7673],[139.7326,38.7673],[139.7326,38.7674],[139.7326,38.7674],[139.7326,38.7674],[139.7326,38.7674],[139.7326,38.7674],[139.7326,38.7674],[139.7326,38.7674],[139.7327,38.7674],[139.7327,38.7674],[139.7327,38.7674],[139.7326,38.7674],[139.7326,38.7675],[139.7326,38.7675],[139.7326,38.7675],[139.7325,38.7675],[139.7325,38.7675],[139.7325,38.7675],[139.7325,38.7675],[139.7325,38.7675],[139.7325,38.7675],[139.7324,38.7675],[139.7324,38.7675],[139.7324,38.7675],[139.7324,38.7675],[139.7323,38.7675],[139.7323,38.7675],[139.7323,38.7675],[139.7323,38.7675],[139.7323,38.7675],[139.7323,38.7675],[139.7324,38.7675],[139.7324,38.7675],[139.7324,38.7675],[139.7324,38.7675],[139.7325,38.7675],[139.7325,38.7675],[139.7325,38.7676],[139.7325,38.7676],[139.7326,38.7676],[139.7326,38.7676],[139.7326,38.7676],[139.7326,38.7676],[139.7327,38.7675],[139.7327,38.7675],[139.7327,38.7675],[139.7327,38.7675],[139.7327,38.7675],[139.7327,38.7675],[139.7328,38.7675],[139.7328,38.7675],[139.7328,38.7675],[139.7328,38.7675],[139.7328,38.7675],[139.7328,38.7675],[139.7328,38.7675],[139.7328,38.7675],[139.7328,38.7675],[139.7328,38.7676],[139.7329,38.7676],[139.7329,38.7676],[139.7329,38.7676],[139.7329,38.7676],[139.7329,38.7676],[139.7329,38.7676],[139.7329,38.7677],[139.7329,38.7677],[139.7328,38.7677],[139.7328,38.7677],[139.7328,38.7677],[139.7328,38.7677],[139.7328,38.7677],[139.7327,38.7677],[139.7327,38.7677],[139.7327,38.7677],[139.7327,38.7677],[139.7327,38.7677],[139.7327,38.7677],[139.7327,38.7678],[139.7328,38.7678],[139.7328,38.7678],[139.7328,38.7678],[139.7328,38.7678],[139.7328,38.7678],[139.7329,38.7678],[139.7329,38.7678],[139.7329,38.7677],[139.7329,38.7677],[139.7329,38.7677],[139.733,38.7677],[139.733,38.7677],[139.733,38.7677],[139.733,38.7677],[139.733,38.7677],[139.733,38.7677],[139.7331,38.7677],[139.7331,38.7677],[139.7331,38.7677],[139.7331,38.7677],[139.7331,38.7677],[139.7331,38.7678],[139.7331,38.7678],[139.7331,38.7678],[139.7331,38.7678],[139.7331,38.7679],[139.7331,38.7679],[139.7331,38.7679],[139.7332,38.7679],[139.7332,38.7679],[139.7332,38.7679],[139.7332,38.7679],[139.7332,38.7679],[139.7332,38.7679],[139.7333,38.7679],[139.7333,38.7679],[139.7333,38.7679],[139.7333,38.7679],[139.7333,38.7679],[139.7334,38.7679],[139.7334,38.7679],[139.7334,38.7679],[139.7334,38.7679],[139.7334,38.7679],[139.7334,38.7679],[139.7334,38.7679],[139.7334,38.7679],[139.7334,38.768],[139.7334,38.768],[139.7334,38.768],[139.7334,38.768],[139.7334,38.768],[139.7335,38.768],[139.7335,38.768],[139.7335,38.768],[139.7335,38.768],[139.7335,38.768],[139.7335,38.7681],[139.7335,38.7681],[139.7335,38.7681],[139.7335,38.7681],[139.7335,38.7682],[139.7335,38.7682],[139.7335,38.7682],[139.7335,38.7682],[139.7335,38.7682],[139.7335,38.7682],[139.7335,38.7682],[139.7335,38.7682],[139.7335,38.7683],[139.7335,38.7683],[139.7335,38.7683],[139.7335,38.7683],[139.7335,38.7683],[139.7335,38.7683],[139.7335,38.7684],[139.7335,38.7684],[139.7336,38.7683],[139.7336,38.7683],[139.7336,38.7683],[139.7336,38.7684],[139.7337,38.7683],[139.7337,38.7684],[139.7337,38.7684],[139.7337,38.7684],[139.7338,38.7684],[139.7338,38.7684],[139.7338,38.7684],[139.7338,38.7684],[139.7338,38.7684],[139.7338,38.7684],[139.7338,38.7685],[139.7338,38.7685],[139.7338,38.7685],[139.7338,38.7685],[139.7339,38.7685],[139.7339,38.7685],[139.7339,38.7685],[139.734,38.7685],[139.734,38.7685],[139.734,38.7685],[139.734,38.7685],[139.734,38.7685],[139.7341,38.7685],[139.7341,38.7685],[139.7341,38.7685],[139.7341,38.7685],[139.7341,38.7685],[139.7341,38.7685],[139.7341,38.7686],[139.7341,38.7685],[139.734,38.7685],[139.734,38.7686],[139.734,38.7686],[139.734,38.7686],[139.734,38.7685],[139.7339,38.7685],[139.7339,38.7685],[139.7338,38.7685],[139.7338,38.7685],[139.7339,38.7685],[139.7339,38.7685],[139.7339,38.7686],[139.7339,38.7686],[139.7339,38.7686],[139.7339,38.7686],[139.734,38.7686],[139.734,38.7686],[139.734,38.7686],[139.734,38.7686],[139.734,38.7686],[139.734,38.7686],[139.7341,38.7686],[139.7341,38.7687],[139.7341,38.7687],[139.7341,38.7687],[139.7341,38.7687],[139.7341,38.7687],[139.7341,38.7686],[139.7342,38.7686],[139.7342,38.7686],[139.7342,38.7687],[139.7342,38.7687],[139.7342,38.7687],[139.7342,38.7687],[139.7342,38.7686],[139.7343,38.7686],[139.7343,38.7687],[139.7343,38.7687],[139.7343,38.7687],[139.7343,38.7687],[139.7343,38.7687],[139.7343,38.7687],[139.7343,38.7687],[139.7343,38.7687],[139.7344,38.7687],[139.7344,38.7687],[139.7344,38.7687],[139.7344,38.7687],[139.7344,38.7687],[139.7344,38.7686],[139.7343,38.7686],[139.7343,38.7686],[139.7344,38.7686],[139.7344,38.7686],[139.7344,38.7686],[139.7344,38.7686],[139.7344,38.7686],[139.7344,38.7686],[139.7344,38.7687],[139.7344,38.7687],[139.7344,38.7687],[139.7344,38.7687],[139.7345,38.7687],[139.7345,38.7687],[139.7345,38.7687],[139.7346,38.7687],[139.7346,38.7687],[139.7346,38.7688],[139.7346,38.7688],[139.7346,38.7688],[139.7345,38.7688],[139.7345,38.7688],[139.7345,38.7688],[139.7345,38.7688],[139.7345,38.7689],[139.7345,38.7689],[139.7345,38.7689],[139.7344,38.7689],[139.7344,38.7689],[139.7344,38.7689],[139.7344,38.7689],[139.7344,38.7689],[139.7344,38.769],[139.7344,38.769],[139.7344,38.769],[139.7344,38.769],[139.7344,38.769],[139.7345,38.769],[139.7345,38.769],[139.7345,38.769],[139.7345,38.7691],[139.7346,38.7691],[139.7346,38.7691],[139.7346,38.7691],[139.7346,38.7691],[139.7346,38.7691],[139.7346,38.7691],[139.7347,38.7691],[139.7347,38.7691],[139.7347,38.7691],[139.7347,38.7691],[139.7347,38.7691],[139.7348,38.7691],[139.7348,38.7691],[139.7348,38.7691],[139.7348,38.7691],[139.7347,38.7691],[139.7347,38.7691],[139.7347,38.769],[139.7347,38.769],[139.7346,38.769],[139.7347,38.769],[139.7347,38.7689],[139.7346,38.7689],[139.7347,38.7689],[139.7346,38.7689],[139.7346,38.7689],[139.7346,38.7688],[139.7346,38.7688],[139.7346,38.7688],[139.7346,38.7688],[139.7346,38.7688],[139.7346,38.7688],[139.7346,38.7688],[139.7347,38.7688],[139.7347,38.7689],[139.7347,38.7689],[139.7347,38.7689],[139.7347,38.7689],[139.7347,38.7689],[139.7348,38.7689],[139.7348,38.7689],[139.7348,38.7689],[139.7348,38.7689],[139.7349,38.7689],[139.7349,38.7689],[139.7349,38.7689],[139.7349,38.7689],[139.7349,38.7689],[139.7348,38.769],[139.7348,38.769],[139.7348,38.769],[139.7348,38.769],[139.7349,38.769],[139.7349,38.769],[139.7349,38.769],[139.7349,38.769],[139.7349,38.769],[139.7349,38.769],[139.735,38.769],[139.735,38.769],[139.735,38.769],[139.735,38.769],[139.735,38.769],[139.7351,38.769],[139.7351,38.769],[139.7351,38.769],[139.7351,38.769],[139.7352,38.769],[139.7352,38.769],[139.7352,38.769],[139.7352,38.769],[139.7352,38.769],[139.7353,38.769],[139.7353,38.769],[139.7353,38.769],[139.7353,38.769],[139.7353,38.769],[139.7353,38.769],[139.7353,38.769],[139.7353,38.769],[139.7353,38.769],[139.7353,38.7691],[139.7354,38.7691],[139.7353,38.7691],[139.7354,38.7691],[139.7354,38.7691],[139.7354,38.7691],[139.7354,38.7692],[139.7354,38.7692],[139.7354,38.7692],[139.7354,38.7692],[139.7354,38.7692],[139.7355,38.7692],[139.7355,38.7692],[139.7355,38.7692],[139.7355,38.7692],[139.7356,38.7692],[139.7356,38.7692],[139.7356,38.7692],[139.7356,38.7692],[139.7357,38.7692],[139.7357,38.7692],[139.7357,38.7692],[139.7357,38.7693],[139.7357,38.7692],[139.7357,38.7692],[139.7358,38.7692],[139.7358,38.7692],[139.7358,38.7692],[139.7358,38.7692],[139.7358,38.7692],[139.7358,38.7692],[139.7359,38.7692],[139.7359,38.7692],[139.7359,38.7692],[139.7359,38.7692],[139.7358,38.7692],[139.7358,38.7693],[139.7359,38.7693],[139.7359,38.7693],[139.7359,38.7693],[139.7359,38.7693],[139.7359,38.7693],[139.736,38.7692],[139.736,38.7692],[139.736,38.7693],[139.736,38.7693],[139.736,38.7693],[139.736,38.7693],[139.736,38.7693],[139.7361,38.7693],[139.7361,38.7693],[139.7361,38.7693],[139.7361,38.7693],[139.7361,38.7694],[139.7361,38.7694],[139.7361,38.7694],[139.7361,38.7694],[139.7361,38.7694],[139.7361,38.7694],[139.7361,38.7694],[139.7361,38.7694],[139.7361,38.7694],[139.7361,38.7695],[139.7361,38.7695],[139.7361,38.7695],[139.7362,38.7695],[139.7362,38.7695],[139.7362,38.7696],[139.7362,38.7696],[139.7362,38.7696],[139.7362,38.7696],[139.7362,38.7696],[139.7362,38.7696],[139.7362,38.7695],[139.7363,38.7695],[139.7363,38.7696],[139.7363,38.7696],[139.7363,38.7696],[139.7363,38.7696],[139.7364,38.7696],[139.7364,38.7696],[139.7364,38.7695],[139.7364,38.7695],[139.7365,38.7694],[139.7366,38.7695],[139.7365,38.7695],[139.7365,38.7696],[139.7365,38.7696],[139.7365,38.7696],[139.7364,38.7696],[139.7365,38.7696],[139.7365,38.7696],[139.7365,38.7696],[139.7365,38.7696],[139.7365,38.7696],[139.7366,38.7697],[139.7366,38.7697],[139.7366,38.7697],[139.7366,38.7696],[139.7366,38.7696],[139.7367,38.7697],[139.7368,38.7698],[139.7368,38.7698],[139.7369,38.7699],[139.7369,38.7699],[139.7369,38.7699],[139.7369,38.7699],[139.7369,38.77],[139.7369,38.77],[139.7369,38.77],[139.7369,38.77],[139.7369,38.77],[139.7369,38.7701],[139.7369,38.7701],[139.7369,38.7701],[139.7369,38.7701],[139.7369,38.7701],[139.737,38.7701],[139.737,38.7702],[139.737,38.7702],[139.737,38.7702],[139.737,38.7702],[139.737,38.7702],[139.737,38.7702],[139.737,38.7703],[139.737,38.7703],[139.7371,38.7702],[139.7371,38.7702],[139.7371,38.7702],[139.7371,38.7702],[139.7371,38.7702],[139.7372,38.7702],[139.7372,38.7702],[139.7372,38.7702],[139.7372,38.7702],[139.7372,38.7702],[139.7372,38.7702],[139.7372,38.7703],[139.7371,38.7703],[139.7371,38.7703],[139.7371,38.7703],[139.7371,38.7703],[139.7371,38.7703],[139.7371,38.7703],[139.7371,38.7704],[139.737,38.7704],[139.737,38.7704],[139.737,38.7704],[139.737,38.7704],[139.737,38.7704],[139.7371,38.7704],[139.7371,38.7705],[139.7371,38.7705],[139.7371,38.7704],[139.7372,38.7704],[139.7372,38.7704],[139.7372,38.7704],[139.7372,38.7703],[139.7372,38.7703],[139.7373,38.7703],[139.7373,38.7703],[139.7372,38.7702],[139.7373,38.7702],[139.7373,38.7702],[139.7373,38.7702],[139.7373,38.7703],[139.7373,38.7703],[139.7374,38.7703],[139.7374,38.7703],[139.7374,38.7703],[139.7374,38.7703],[139.7375,38.7703],[139.7375,38.7703],[139.7375,38.7703],[139.7375,38.7703],[139.7375,38.7703],[139.7375,38.7703],[139.7375,38.7703],[139.7375,38.7703],[139.7374,38.7703],[139.7374,38.7704],[139.7375,38.7704],[139.7375,38.7704],[139.7375,38.7704],[139.7375,38.7704],[139.7375,38.7703],[139.7376,38.7703],[139.7376,38.7703],[139.7376,38.7703],[139.7376,38.7703],[139.7376,38.7703],[139.7377,38.7703],[139.7377,38.7702],[139.7377,38.7703],[139.7377,38.7703],[139.7377,38.7703],[139.7377,38.7703],[139.7377,38.7703],[139.7378,38.7703],[139.7378,38.7703],[139.7378,38.7703],[139.7378,38.7702],[139.7378,38.7702],[139.7379,38.7702],[139.7379,38.7702],[139.7379,38.7702],[139.7379,38.7702],[139.7379,38.7702],[139.7379,38.7702],[139.7379,38.7702],[139.738,38.7702],[139.738,38.7702],[139.738,38.7702],[139.738,38.7702],[139.738,38.7703],[139.738,38.7703],[139.738,38.7703],[139.738,38.7704],[139.738,38.7704],[139.738,38.7704],[139.738,38.7704],[139.738,38.7704],[139.738,38.7704],[139.7381,38.7704],[139.7381,38.7704],[139.7381,38.7704],[139.7381,38.7704],[139.7381,38.7704],[139.7382,38.7704],[139.7382,38.7704],[139.7382,38.7704],[139.7382,38.7704],[139.7382,38.7703],[139.7382,38.7703],[139.7383,38.7703],[139.7383,38.7703],[139.7383,38.7703],[139.7383,38.7703],[139.7383,38.7703],[139.7383,38.7704],[139.7383,38.7704],[139.7383,38.7704],[139.7384,38.7704],[139.7384,38.7703],[139.7384,38.7704],[139.7384,38.7704],[139.7384,38.7704],[139.7384,38.7704],[139.7384,38.7704],[139.7384,38.7704],[139.7384,38.7704],[139.7384,38.7704],[139.7384,38.7704],[139.7384,38.7705],[139.7384,38.7705],[139.7384,38.7705],[139.7384,38.7705],[139.7384,38.7705],[139.7384,38.7705],[139.7384,38.7705],[139.7384,38.7704],[139.7384,38.7704],[139.7385,38.7704],[139.7385,38.7704],[139.7385,38.7705],[139.7385,38.7705],[139.7385,38.7705],[139.7385,38.7705],[139.7385,38.7705],[139.7385,38.7705],[139.7385,38.7706],[139.7385,38.7706],[139.7385,38.7706],[139.7385,38.7706],[139.7384,38.7707],[139.7385,38.7707],[139.7385,38.7707],[139.7385,38.7707],[139.7385,38.7707],[139.7385,38.7707],[139.7386,38.7707],[139.7386,38.7707],[139.7386,38.7706],[139.7386,38.7706],[139.7386,38.7706],[139.7386,38.7706],[139.7386,38.7706],[139.7386,38.7705],[139.7386,38.7705],[139.7387,38.7705],[139.7387,38.7705],[139.7387,38.7705],[139.7387,38.7705],[139.7387,38.7705],[139.7387,38.7705],[139.7388,38.7705],[139.7388,38.7705],[139.7388,38.7706],[139.7388,38.7706],[139.7388,38.7706],[139.7388,38.7706],[139.7388,38.7706],[139.7388,38.7706],[139.7388,38.7706],[139.7389,38.7706],[139.7389,38.7706],[139.7389,38.7706],[139.7389,38.7706],[139.7389,38.7706],[139.7389,38.7706],[139.7389,38.7706],[139.7389,38.7706],[139.7389,38.7706],[139.7389,38.7706],[139.7389,38.7706],[139.7389,38.7706],[139.7389,38.7706],[139.7389,38.7706],[139.739,38.7706],[139.739,38.7706],[139.739,38.7706],[139.739,38.7706],[139.739,38.7706],[139.739,38.7706],[139.739,38.7706],[139.739,38.7706],[139.739,38.7707],[139.739,38.7707],[139.739,38.7707],[139.739,38.7707],[139.739,38.7707],[139.7389,38.7707],[139.7389,38.7707],[139.7389,38.7707],[139.7389,38.7707],[139.7389,38.7708],[139.7389,38.7708],[139.7389,38.7708],[139.7389,38.7708],[139.7389,38.7708],[139.7389,38.7708],[139.7389,38.7708],[139.7389,38.7708],[139.739,38.7708],[139.739,38.7708],[139.739,38.7708],[139.739,38.7708],[139.739,38.7707],[139.739,38.7707],[139.739,38.7707],[139.7391,38.7707],[139.7391,38.7707],[139.7391,38.7707],[139.7391,38.7706],[139.7391,38.7706],[139.7391,38.7706],[139.7391,38.7706],[139.7391,38.7706],[139.7391,38.7706],[139.7392,38.7706],[139.7392,38.7706],[139.7392,38.7706],[139.7392,38.7706],[139.7392,38.7706],[139.7392,38.7706],[139.7392,38.7707],[139.7391,38.7707],[139.7391,38.7707],[139.7391,38.7707],[139.7392,38.7707],[139.7392,38.7707],[139.7392,38.7707],[139.7392,38.7706],[139.7392,38.7706],[139.7393,38.7706],[139.7393,38.7706],[139.7393,38.7706],[139.7393,38.7706],[139.7393,38.7707],[139.7393,38.7707],[139.7393,38.7707],[139.7393,38.7707],[139.7392,38.7707],[139.7392,38.7707],[139.7392,38.7707],[139.7392,38.7707],[139.7393,38.7707],[139.7393,38.7707],[139.7393,38.7707],[139.7393,38.7707],[139.7393,38.7707],[139.7394,38.7707],[139.7394,38.7707],[139.7394,38.7707],[139.7394,38.7707],[139.7394,38.7707],[139.7394,38.7707],[139.7394,38.7708],[139.7394,38.7708],[139.7394,38.7708],[139.7394,38.7708],[139.7394,38.7708],[139.7394,38.7708],[139.7394,38.7708],[139.7395,38.7708],[139.7395,38.7708],[139.7395,38.7708],[139.7395,38.7708],[139.7395,38.7708],[139.7395,38.7708],[139.7395,38.7708],[139.7396,38.7708],[139.7396,38.7708],[139.7396,38.7708],[139.7397,38.7708],[139.7397,38.7708],[139.7397,38.7708],[139.7397,38.7709],[139.7397,38.7709],[139.7397,38.7709],[139.7397,38.771],[139.7396,38.771],[139.7396,38.771],[139.7395,38.7711],[139.7395,38.7712],[139.7395,38.7712],[139.7395,38.7712],[139.7393,38.7714],[139.7396,38.7716],[139.7396,38.7716],[139.7397,38.7717],[139.7399,38.7719],[139.7401,38.7721],[139.7405,38.7724],[139.7406,38.773],[139.7406,38.773],[139.7405,38.7725],[139.7405,38.7724],[139.7403,38.7722],[139.74,38.7719],[139.74,38.7719],[139.7398,38.7718],[139.7396,38.7716],[139.74,38.7713],[139.7406,38.7718],[139.7406,38.7718],[139.7408,38.772],[139.7409,38.7721],[139.741,38.7722],[139.7411,38.7724],[139.7411,38.7725],[139.7411,38.7725],[139.7412,38.7726],[139.7412,38.7727],[139.7412,38.7727],[139.7412,38.7727],[139.7411,38.7727],[139.7411,38.7727],[139.7411,38.7727],[139.7411,38.7727],[139.7411,38.7727],[139.7411,38.7727],[139.7412,38.7727],[139.7412,38.7727],[139.7412,38.7727],[139.7413,38.7727],[139.7413,38.7727],[139.7413,38.7728],[139.7413,38.7728],[139.7413,38.7728],[139.7412,38.7728],[139.7412,38.7728],[139.7412,38.7728],[139.7412,38.7728],[139.7413,38.7729],[139.7413,38.7729],[139.7413,38.7729],[139.7413,38.7729],[139.7413,38.7729],[139.7413,38.7729],[139.7413,38.7729],[139.7413,38.7729],[139.7412,38.773],[139.7412,38.773],[139.7412,38.773],[139.7411,38.773],[139.7411,38.773],[139.7411,38.773],[139.7411,38.773],[139.741,38.773],[139.741,38.7731],[139.741,38.7731],[139.741,38.7731],[139.741,38.7731],[139.741,38.7731],[139.741,38.7731],[139.741,38.7731],[139.741,38.7731],[139.741,38.7732],[139.741,38.7732],[139.741,38.7732],[139.741,38.7732],[139.741,38.7732],[139.741,38.7732],[139.741,38.7732],[139.741,38.7732],[139.741,38.7732],[139.741,38.7732],[139.7411,38.7733],[139.7411,38.7733],[139.7411,38.7733],[139.7411,38.7733],[139.7411,38.7733],[139.7411,38.7733],[139.7411,38.7733],[139.7411,38.7733],[139.7411,38.7733],[139.7412,38.7733],[139.7412,38.7733],[139.7412,38.7733],[139.7412,38.7733],[139.7413,38.7733],[139.7413,38.7733],[139.7413,38.7733],[139.7413,38.7733],[139.7413,38.7733],[139.7413,38.7733],[139.7414,38.7733],[139.7414,38.7733],[139.7414,38.7733],[139.7414,38.7733],[139.7414,38.7733],[139.7414,38.7733],[139.7415,38.7733],[139.7415,38.7733],[139.7415,38.7733],[139.7415,38.7733],[139.7416,38.7733],[139.7416,38.7733],[139.7416,38.7733],[139.7416,38.7733],[139.7416,38.7733],[139.7416,38.7733],[139.7416,38.7733],[139.7417,38.7733],[139.7417,38.7733],[139.7417,38.7733],[139.7417,38.7733],[139.7417,38.7734],[139.7417,38.7734],[139.7417,38.7734],[139.7417,38.7734],[139.7417,38.7734],[139.7417,38.7734],[139.7416,38.7734],[139.7416,38.7734],[139.7416,38.7734],[139.7416,38.7734],[139.7416,38.7735],[139.7416,38.7735],[139.7416,38.7735],[139.7416,38.7735],[139.7416,38.7735],[139.7416,38.7735],[139.7416,38.7735],[139.7416,38.7735],[139.7417,38.7735],[139.7417,38.7735],[139.7417,38.7735],[139.7417,38.7735],[139.7417,38.7735],[139.7417,38.7735],[139.7417,38.7735],[139.7417,38.7734],[139.7418,38.7734],[139.7418,38.7734],[139.7418,38.7734],[139.7418,38.7734],[139.7418,38.7734],[139.7418,38.7735],[139.7418,38.7735],[139.7418,38.7735],[139.7418,38.7735],[139.7418,38.7735],[139.7419,38.7735],[139.7419,38.7735],[139.7419,38.7735],[139.7419,38.7735],[139.7419,38.7735],[139.7419,38.7735],[139.7419,38.7735],[139.742,38.7735],[139.742,38.7735],[139.742,38.7735],[139.742,38.7734],[139.742,38.7734],[139.7421,38.7734],[139.7421,38.7734],[139.7421,38.7734],[139.7421,38.7734],[139.7421,38.7734],[139.7421,38.7734],[139.7422,38.7734],[139.7422,38.7734],[139.7422,38.7734],[139.7422,38.7734],[139.7422,38.7734],[139.7423,38.7734],[139.7423,38.7734],[139.7423,38.7734],[139.7423,38.7734],[139.7423,38.7734],[139.7423,38.7734],[139.7423,38.7734],[139.7423,38.7734],[139.7422,38.7734],[139.7422,38.7735],[139.7423,38.7735],[139.7423,38.7735],[139.7423,38.7735],[139.7423,38.7735],[139.7423,38.7735],[139.7422,38.7735],[139.7422,38.7735],[139.7422,38.7735],[139.7422,38.7735],[139.7422,38.7736],[139.7422,38.7736],[139.7422,38.7736],[139.7422,38.7736],[139.7422,38.7736],[139.7421,38.7736],[139.7421,38.7736],[139.7421,38.7736],[139.7421,38.7736],[139.742,38.7736],[139.742,38.7737],[139.742,38.7737],[139.742,38.7737],[139.742,38.7737],[139.742,38.7737],[139.742,38.7738],[139.742,38.7738],[139.742,38.7738],[139.742,38.7738],[139.742,38.7738],[139.742,38.7738],[139.742,38.7738],[139.7421,38.7738],[139.7421,38.7738],[139.7421,38.7738],[139.7421,38.7738],[139.7421,38.7738],[139.7421,38.7737],[139.7422,38.7737],[139.7422,38.7737],[139.7422,38.7737],[139.7422,38.7737],[139.7422,38.7737],[139.7422,38.7737],[139.7422,38.7737],[139.7422,38.7736],[139.7423,38.7736],[139.7423,38.7736],[139.7423,38.7736],[139.7423,38.7736],[139.7423,38.7736],[139.7423,38.7736],[139.7423,38.7736],[139.7424,38.7736],[139.7424,38.7736],[139.7424,38.7736],[139.7424,38.7736],[139.7424,38.7735],[139.7424,38.7735],[139.7424,38.7735],[139.7424,38.7735],[139.7424,38.7735],[139.7424,38.7735],[139.7424,38.7735],[139.7424,38.7735],[139.7424,38.7735],[139.7424,38.7734],[139.7424,38.7734],[139.7424,38.7734],[139.7425,38.7734],[139.7425,38.7734],[139.7425,38.7733],[139.7425,38.7733],[139.7427,38.7734],[139.7427,38.7734],[139.7427,38.7734],[139.7427,38.7734],[139.7427,38.7734],[139.7427,38.7734],[139.7428,38.7734],[139.7428,38.7734],[139.7428,38.7735],[139.7428,38.7735],[139.7428,38.7735],[139.7427,38.7735],[139.7427,38.7735],[139.7427,38.7735],[139.7427,38.7735],[139.7427,38.7735],[139.7427,38.7735],[139.7427,38.7735],[139.7426,38.7735],[139.7426,38.7735],[139.7426,38.7736],[139.7426,38.7736],[139.7425,38.7736],[139.7425,38.7736],[139.7425,38.7736],[139.7425,38.7736],[139.7425,38.7736],[139.7425,38.7736],[139.7425,38.7736],[139.7425,38.7737],[139.7425,38.7737],[139.7425,38.7737],[139.7425,38.7737],[139.7424,38.7737],[139.7424,38.7737],[139.7424,38.7737],[139.7424,38.7737],[139.7424,38.7737],[139.7424,38.7738],[139.7424,38.7738],[139.7424,38.7738],[139.7424,38.7738],[139.7424,38.7738],[139.7425,38.7738],[139.7425,38.7737],[139.7425,38.7737],[139.7425,38.7737],[139.7425,38.7737],[139.7425,38.7737],[139.7426,38.7737],[139.7426,38.7737],[139.7426,38.7737],[139.7426,38.7737],[139.7427,38.7736],[139.7427,38.7736],[139.7427,38.7736],[139.7427,38.7736],[139.7427,38.7737],[139.7427,38.7737],[139.7427,38.7737],[139.7427,38.7737],[139.7427,38.7737],[139.7427,38.7737],[139.7427,38.7737],[139.7427,38.7737],[139.7426,38.7737],[139.7426,38.7738],[139.7426,38.7738],[139.7426,38.7738],[139.7425,38.7738],[139.7425,38.7738],[139.7426,38.7738],[139.7426,38.7738],[139.7426,38.7738],[139.7426,38.7738],[139.7426,38.7738],[139.7426,38.7738],[139.7426,38.7738],[139.7426,38.7738],[139.7427,38.7738],[139.7427,38.7738],[139.7427,38.7738],[139.7427,38.7738],[139.7427,38.7738],[139.7427,38.7738],[139.7428,38.7738],[139.7428,38.7738],[139.7428,38.7737],[139.7428,38.7737],[139.7428,38.7737],[139.7428,38.7737],[139.7428,38.7737],[139.7428,38.7737],[139.7428,38.7737],[139.7428,38.7737],[139.7428,38.7737],[139.7429,38.7737],[139.7429,38.7737],[139.7429,38.7737],[139.7429,38.7737],[139.7429,38.7738],[139.7428,38.7738],[139.7428,38.7738],[139.7428,38.7738],[139.7428,38.7738],[139.7428,38.7738],[139.7428,38.7738],[139.7428,38.7738],[139.7429,38.7738],[139.7429,38.7738],[139.7429,38.7738],[139.7429,38.7738],[139.743,38.7738],[139.743,38.7738],[139.743,38.7738],[139.743,38.7738],[139.743,38.7738],[139.743,38.7738],[139.743,38.7738],[139.7431,38.7738],[139.743,38.7738],[139.743,38.7738],[139.743,38.7739],[139.743,38.7739],[139.743,38.7739],[139.743,38.7739],[139.743,38.7739],[139.743,38.7739],[139.743,38.7739],[139.743,38.7739],[139.7431,38.7739],[139.7431,38.7739],[139.7431,38.7739],[139.7431,38.7739],[139.7431,38.7739],[139.7431,38.7739],[139.7431,38.7739],[139.7431,38.7739],[139.7431,38.7739],[139.7431,38.774],[139.7432,38.774],[139.7432,38.774],[139.7432,38.774],[139.7432,38.7739],[139.7432,38.7739],[139.7432,38.7739],[139.7433,38.7739],[139.7433,38.7739],[139.7433,38.774],[139.7433,38.774],[139.7433,38.774],[139.7433,38.774],[139.7433,38.774],[139.7433,38.774],[139.7433,38.774],[139.7434,38.774],[139.7434,38.774],[139.7434,38.774],[139.7434,38.774],[139.7434,38.774],[139.7434,38.774],[139.7435,38.774],[139.7435,38.774],[139.7435,38.774],[139.7435,38.774],[139.7435,38.774],[139.7435,38.774],[139.7435,38.774],[139.7435,38.774],[139.7435,38.7741],[139.7435,38.7741],[139.7435,38.7741],[139.7435,38.7741],[139.7436,38.7741],[139.7436,38.7741],[139.7436,38.7741],[139.7436,38.7741],[139.7436,38.7741],[139.7437,38.7741],[139.7437,38.7741],[139.7437,38.7741],[139.7437,38.7741],[139.7437,38.7741],[139.7438,38.7741],[139.7438,38.7741],[139.7438,38.7741],[139.7438,38.774],[139.7438,38.774],[139.7439,38.774],[139.7439,38.774],[139.7439,38.774],[139.7439,38.774],[139.744,38.774],[139.744,38.774],[139.744,38.774],[139.744,38.774],[139.744,38.774],[139.7441,38.774],[139.7441,38.774],[139.7441,38.774],[139.7441,38.774],[139.7441,38.774],[139.7442,38.774],[139.7441,38.774],[139.7442,38.774],[139.7441,38.774],[139.7441,38.774],[139.7441,38.774],[139.7441,38.774],[139.7441,38.7741],[139.7441,38.7741],[139.7441,38.7741],[139.7441,38.7741],[139.7441,38.7741],[139.7441,38.7741],[139.7441,38.7741],[139.7441,38.7742],[139.7441,38.7742],[139.7441,38.7742],[139.7441,38.7742],[139.7441,38.7742],[139.7441,38.7742],[139.7441,38.7742],[139.7442,38.7742],[139.7442,38.7742],[139.7442,38.7742],[139.7442,38.7742],[139.7442,38.7742],[139.7442,38.7742],[139.7442,38.7742],[139.7442,38.7742],[139.7442,38.7742],[139.7442,38.7742],[139.7442,38.7742],[139.7441,38.7742],[139.7441,38.7742],[139.7441,38.7742],[139.7441,38.7742],[139.7441,38.7742],[139.7441,38.7743],[139.7441,38.7743],[139.7441,38.7743],[139.7441,38.7743],[139.7441,38.7743],[139.7441,38.7743],[139.7442,38.7743],[139.7442,38.7743],[139.7442,38.7743],[139.7442,38.7743],[139.7442,38.7743],[139.7442,38.7743],[139.7442,38.7743],[139.7442,38.7743],[139.7442,38.7743],[139.7442,38.7743],[139.7442,38.7743],[139.7442,38.7743],[139.7442,38.7744],[139.7442,38.7744],[139.7442,38.7744],[139.7442,38.7744],[139.7442,38.7744],[139.7442,38.7744],[139.7443,38.7744],[139.7443,38.7744],[139.7443,38.7744],[139.7443,38.7744],[139.7443,38.7744],[139.7444,38.7744],[139.7444,38.7744],[139.7444,38.7743],[139.7444,38.7743],[139.7445,38.7744],[139.7445,38.7744],[139.7445,38.7744],[139.7445,38.7744],[139.7445,38.7744],[139.7445,38.7744],[139.7445,38.7744],[139.7445,38.7744],[139.7444,38.7744],[139.7444,38.7744],[139.7444,38.7744],[139.7444,38.7744],[139.7443,38.7744],[139.7443,38.7744],[139.7443,38.7744],[139.7443,38.7745],[139.7443,38.7745],[139.7443,38.7745],[139.7443,38.7745],[139.7443,38.7745],[139.7443,38.7745],[139.7443,38.7745],[139.7442,38.7745],[139.7442,38.7745],[139.7442,38.7745],[139.7442,38.7745],[139.7442,38.7745],[139.7442,38.7745],[139.7442,38.7746],[139.7442,38.7746],[139.7442,38.7746],[139.7442,38.7746],[139.7442,38.7746],[139.7443,38.7746],[139.7443,38.7746],[139.7443,38.7746],[139.7442,38.7746],[139.7442,38.7746],[139.7442,38.7746],[139.7442,38.7746],[139.7442,38.7746],[139.7442,38.7746],[139.7442,38.7746],[139.7442,38.7746],[139.7442,38.7746],[139.7442,38.7746],[139.7442,38.7746],[139.7443,38.7746],[139.7443,38.7746],[139.7443,38.7746],[139.7443,38.7746],[139.7443,38.7746],[139.7444,38.7746],[139.7444,38.7746],[139.7444,38.7746],[139.7444,38.7746],[139.7444,38.7747],[139.7444,38.7747],[139.7444,38.7747],[139.7445,38.7747],[139.7445,38.7747],[139.7445,38.7747],[139.7445,38.7747],[139.7445,38.7747],[139.7446,38.7747],[139.7446,38.7746],[139.7446,38.7746],[139.7446,38.7746],[139.7446,38.7746],[139.7447,38.7746],[139.7447,38.7746],[139.7447,38.7746],[139.7447,38.7746],[139.7447,38.7746],[139.7447,38.7746],[139.7448,38.7746],[139.7448,38.7746],[139.7448,38.7746],[139.7448,38.7746],[139.7448,38.7746],[139.7448,38.7746],[139.7448,38.7746],[139.7448,38.7746],[139.7449,38.7746],[139.7449,38.7746],[139.7449,38.7746],[139.7449,38.7746],[139.7449,38.7746],[139.745,38.7746],[139.745,38.7746],[139.745,38.7746],[139.745,38.7745],[139.745,38.7746],[139.745,38.7746],[139.745,38.7746],[139.7451,38.7746],[139.7451,38.7746],[139.7451,38.7746],[139.7451,38.7746],[139.7451,38.7746],[139.7451,38.7746],[139.7452,38.7746],[139.7452,38.7746],[139.7452,38.7746],[139.7452,38.7746],[139.7452,38.7746],[139.7452,38.7746],[139.7453,38.7746],[139.7453,38.7746],[139.7453,38.7746],[139.7453,38.7746],[139.7453,38.7747],[139.7453,38.7747],[139.7453,38.7747],[139.7453,38.7747],[139.7454,38.7747],[139.7454,38.7747],[139.7454,38.7747],[139.7454,38.7746],[139.7455,38.7746],[139.7455,38.7746],[139.7455,38.7746],[139.7455,38.7746],[139.7455,38.7746],[139.7456,38.7746],[139.7456,38.7746],[139.7457,38.7745],[139.7457,38.7745],[139.7458,38.7746],[139.7457,38.7748],[139.7461,38.775],[139.7462,38.775],[139.7462,38.775],[139.7462,38.7751],[139.7463,38.7751],[139.7463,38.7751],[139.7464,38.7751],[139.7464,38.7752],[139.7465,38.7752],[139.7465,38.7753],[139.7465,38.7754],[139.7466,38.7754],[139.7466,38.7755],[139.7466,38.7756],[139.7466,38.7757],[139.7466,38.7757],[139.7466,38.7757],[139.7466,38.7757],[139.7467,38.7758],[139.7467,38.7759],[139.7467,38.7759],[139.7467,38.776],[139.7468,38.776],[139.7468,38.7761],[139.7469,38.7761],[139.7469,38.7761],[139.7469,38.7762],[139.747,38.7762],[139.747,38.7763],[139.7471,38.7764],[139.7471,38.7764],[139.7471,38.7765],[139.7471,38.7765],[139.7472,38.7767],[139.7472,38.7768],[139.7472,38.7769],[139.7472,38.7769],[139.7473,38.7769],[139.7473,38.777],[139.7473,38.777],[139.7475,38.7771],[139.7476,38.7771],[139.7477,38.7772],[139.7478,38.7773],[139.7479,38.7774],[139.7479,38.7774],[139.748,38.7775],[139.748,38.7776],[139.7481,38.7776],[139.7481,38.7777],[139.7481,38.7777],[139.7481,38.7778],[139.7482,38.7779],[139.7482,38.7779],[139.7483,38.778],[139.7484,38.7781],[139.7484,38.7781],[139.7484,38.7782],[139.7484,38.7783],[139.7485,38.7783],[139.7486,38.7785],[139.7486,38.7785],[139.7487,38.7786],[139.7487,38.7787],[139.7487,38.7787],[139.7488,38.7788],[139.7488,38.7788],[139.749,38.7789],[139.7492,38.7791],[139.7493,38.7791],[139.7494,38.7793],[139.7494,38.7796],[139.7494,38.7798],[139.7495,38.7799],[139.7496,38.78],[139.7496,38.78],[139.7497,38.78],[139.7498,38.7801],[139.7499,38.7802],[139.75,38.7802],[139.75,38.7802],[139.75,38.7803],[139.75,38.7803],[139.75,38.7804],[139.75,38.7805],[139.7501,38.7806],[139.7501,38.7807],[139.7502,38.7808],[139.7503,38.781],[139.7504,38.7811],[139.7505,38.7812],[139.7506,38.7813],[139.7506,38.7815],[139.7506,38.7818],[139.7506,38.7819],[139.7507,38.7819],[139.7509,38.782],[139.751,38.782],[139.7511,38.7821],[139.7512,38.7822],[139.7513,38.7823],[139.7513,38.7823],[139.7513,38.7824],[139.7513,38.7825],[139.7513,38.7827],[139.7513,38.7828],[139.7515,38.7829],[139.7516,38.783],[139.7518,38.7832],[139.7519,38.7833],[139.7519,38.7833],[139.752,38.7835],[139.7522,38.7837],[139.7523,38.7839],[139.7523,38.784],[139.7523,38.7841],[139.7524,38.7842],[139.7524,38.7844],[139.7524,38.7844],[139.7523,38.7844],[139.7523,38.7844],[139.7523,38.7845],[139.7524,38.7846],[139.7524,38.7847],[139.7525,38.7848],[139.7526,38.7849],[139.7528,38.7849],[139.7529,38.785],[139.753,38.7851],[139.7531,38.7852],[139.7532,38.7852],[139.7533,38.7853],[139.7533,38.7854],[139.7533,38.7854],[139.7534,38.7854],[139.7534,38.7854],[139.7535,38.7855],[139.7535,38.7856],[139.7536,38.7857],[139.7538,38.786],[139.7539,38.7862],[139.7539,38.7863],[139.754,38.7864],[139.754,38.7865],[139.754,38.7866],[139.7541,38.7866],[139.7541,38.7867],[139.7541,38.7868],[139.7542,38.7869],[139.7542,38.787],[139.7542,38.787],[139.7542,38.7871],[139.7542,38.7873],[139.7542,38.7874],[139.7542,38.7875],[139.7543,38.7876],[139.7544,38.7878],[139.7545,38.7878],[139.7546,38.7879],[139.7547,38.788],[139.7548,38.7881],[139.7549,38.7883],[139.755,38.7884],[139.755,38.7884],[139.755,38.7885],[139.755,38.7885],[139.7551,38.7886],[139.7552,38.7887],[139.7552,38.7888],[139.7554,38.7891],[139.7554,38.7892],[139.7554,38.7893],[139.7555,38.7893],[139.7556,38.7894],[139.7556,38.7895],[139.7557,38.7896],[139.7557,38.7896],[139.7557,38.7897],[139.7557,38.7897],[139.7557,38.7898],[139.7557,38.7898],[139.7557,38.7899],[139.7558,38.79],[139.7558,38.79],[139.7558,38.7902],[139.7559,38.7902],[139.756,38.7903],[139.756,38.7903],[139.7561,38.7903],[139.7561,38.7904],[139.7562,38.7906],[139.7562,38.7906],[139.7562,38.7906],[139.7562,38.7906],[139.7564,38.7909],[139.7565,38.7911],[139.7565,38.7912],[139.7566,38.7912],[139.7566,38.7913],[139.7568,38.7914],[139.7568,38.7915],[139.7569,38.7917],[139.757,38.7918],[139.7572,38.7921],[139.7574,38.7923],[139.7574,38.7925],[139.7575,38.7925],[139.7575,38.7927],[139.7576,38.7927],[139.7576,38.7928],[139.7576,38.7929],[139.7576,38.7929],[139.7577,38.793],[139.7577,38.7931],[139.7578,38.7932],[139.7579,38.7933],[139.7579,38.7933],[139.758,38.7934],[139.7581,38.7935],[139.7581,38.7935],[139.7582,38.7937],[139.7583,38.7938],[139.7583,38.7939],[139.7584,38.794],[139.7584,38.794],[139.7584,38.7941],[139.7585,38.7942],[139.7585,38.7942],[139.7586,38.7943],[139.7586,38.7943],[139.7586,38.7943],[139.7586,38.7944],[139.7586,38.7944],[139.7586,38.7945],[139.7586,38.7945],[139.7587,38.7946],[139.7587,38.7947],[139.7587,38.7947],[139.7588,38.7948],[139.7588,38.7949],[139.7588,38.795],[139.7588,38.795],[139.7589,38.7953],[139.7589,38.7953],[139.7589,38.7954],[139.759,38.7955],[139.759,38.7955],[139.7591,38.7957],[139.7592,38.7958],[139.7592,38.7959],[139.7592,38.7959],[139.7593,38.796],[139.7593,38.7961],[139.7596,38.7963],[139.7596,38.7964],[139.7597,38.7965],[139.7597,38.7965],[139.7598,38.7966],[139.7598,38.7968],[139.7599,38.7969],[139.7599,38.7969],[139.7599,38.797],[139.76,38.797],[139.76,38.7971],[139.7601,38.7972],[139.7602,38.7974],[139.7602,38.7975],[139.7603,38.7976],[139.7603,38.7977],[139.7603,38.7977],[139.7604,38.798],[139.7605,38.7981],[139.7606,38.7983],[139.7608,38.7987],[139.761,38.7989],[139.7611,38.799],[139.7611,38.799],[139.7612,38.7991],[139.7612,38.7991],[139.7613,38.7992],[139.7613,38.7993],[139.7614,38.7994],[139.7614,38.7995],[139.7615,38.7996],[139.7616,38.7998],[139.7617,38.8],[139.7618,38.8001],[139.7618,38.8002],[139.7618,38.8002],[139.7618,38.8003],[139.7619,38.8004],[139.762,38.8006],[139.7621,38.8008],[139.7622,38.8009],[139.7622,38.8011],[139.7623,38.8013],[139.7623,38.8014],[139.7624,38.8015],[139.7623,38.8017],[139.7625,38.8021],[139.7627,38.8024],[139.7628,38.8026],[139.7629,38.8028],[139.7629,38.8031],[139.763,38.8034],[139.7631,38.8036],[139.7632,38.8039],[139.7634,38.8041],[139.7636,38.8045],[139.7638,38.8048],[139.764,38.8051],[139.7641,38.8052],[139.7642,38.8054],[139.7643,38.8056],[139.7644,38.8058],[139.7645,38.806],[139.7646,38.8062],[139.7648,38.8065],[139.7649,38.8067],[139.765,38.8069],[139.7651,38.8071],[139.7651,38.8073],[139.7651,38.8075],[139.7651,38.8077],[139.7652,38.8079],[139.7654,38.8081],[139.7656,38.8083],[139.7656,38.8083],[139.7656,38.8083],[139.7656,38.8083],[139.7657,38.8086],[139.7659,38.8089],[139.766,38.8091],[139.7661,38.8094],[139.7663,38.8098],[139.7664,38.8099],[139.7665,38.8102],[139.7665,38.8103],[139.7667,38.8105],[139.7667,38.8105],[139.7667,38.8106],[139.767,38.8109],[139.7672,38.8112],[139.7674,38.8116],[139.7676,38.8119],[139.7677,38.8121],[139.7679,38.8124],[139.768,38.8125],[139.7681,38.8128],[139.7681,38.8133],[139.7682,38.8135],[139.7683,38.8138],[139.7686,38.8143],[139.7688,38.8146],[139.7691,38.815],[139.7693,38.8153],[139.7694,38.8154],[139.7694,38.8156],[139.7693,38.816],[139.7694,38.8162],[139.7695,38.8163],[139.7696,38.8164],[139.7697,38.8166],[139.7697,38.8167],[139.7697,38.8167],[139.7697,38.8167],[139.7697,38.8168],[139.7698,38.8169],[139.7702,38.8174],[139.7703,38.8176],[139.7703,38.8177],[139.7704,38.8182],[139.7704,38.8184],[139.7705,38.8187],[139.7709,38.8192],[139.7711,38.8195],[139.7714,38.8198],[139.7716,38.8203],[139.7719,38.8206],[139.772,38.8209],[139.7721,38.8211],[139.7721,38.8213],[139.7722,38.8215],[139.7724,38.8222],[139.7726,38.8227],[139.7728,38.8231],[139.773,38.8233],[139.7733,38.8235],[139.7734,38.8237],[139.7734,38.824],[139.7735,38.8243],[139.7735,38.8246],[139.7737,38.8249],[139.7737,38.825],[139.7737,38.825],[139.7741,38.8252],[139.7741,38.8253],[139.7741,38.8253],[139.7741,38.8253],[139.7742,38.8253],[139.7742,38.8254],[139.7742,38.8254],[139.7742,38.8254],[139.7742,38.8254],[139.7742,38.8255],[139.7742,38.8255],[139.7742,38.8255],[139.7743,38.8256],[139.7743,38.8257],[139.7743,38.8257],[139.7743,38.8258],[139.7743,38.8258],[139.7744,38.8259],[139.7744,38.8259],[139.7744,38.8259],[139.7744,38.826],[139.7744,38.826],[139.7744,38.826],[139.7745,38.8261],[139.7745,38.8261],[139.7745,38.8262],[139.7746,38.8262],[139.7746,38.8263],[139.7746,38.8263],[139.7747,38.8263],[139.7747,38.8264],[139.7747,38.8264],[139.7747,38.8264],[139.7747,38.8265],[139.7747,38.8265],[139.7747,38.8265],[139.7747,38.8266],[139.7747,38.8266],[139.7748,38.8266],[139.7748,38.8267],[139.7748,38.8267],[139.7749,38.8268],[139.7749,38.8268],[139.7749,38.8269],[139.7749,38.8269],[139.7749,38.8269],[139.775,38.8269],[139.775,38.827],[139.775,38.827],[139.775,38.827],[139.775,38.8271],[139.775,38.8271],[139.775,38.8271],[139.775,38.8271],[139.775,38.8271],[139.7751,38.8272],[139.7751,38.8272],[139.7751,38.8273],[139.7751,38.8273],[139.7751,38.8273],[139.7751,38.8274],[139.7751,38.8274],[139.7752,38.8274],[139.7752,38.8275],[139.7752,38.8275],[139.7752,38.8275],[139.7752,38.8276],[139.7753,38.8276],[139.7753,38.8276],[139.7753,38.8276],[139.7753,38.8277],[139.7753,38.8277],[139.7753,38.8278],[139.7754,38.8278],[139.7754,38.8278],[139.7754,38.8278],[139.7754,38.8279],[139.7754,38.8279],[139.7754,38.8279],[139.7754,38.828],[139.7755,38.828],[139.7755,38.828],[139.7755,38.8281],[139.7755,38.8281],[139.7755,38.8282],[139.7755,38.8282],[139.7755,38.8282],[139.7755,38.8283],[139.7755,38.8283],[139.7756,38.8283],[139.7756,38.8284],[139.7756,38.8284],[139.7756,38.8284],[139.7756,38.8285],[139.7756,38.8285],[139.7756,38.8285],[139.7756,38.8285],[139.7757,38.8286],[139.7757,38.8286],[139.7757,38.8286],[139.7757,38.8287],[139.7757,38.8287],[139.7757,38.8287],[139.7757,38.8287],[139.7758,38.8288],[139.7758,38.8288],[139.7758,38.8289],[139.7758,38.8289],[139.7758,38.8289],[139.7758,38.8289],[139.7759,38.829],[139.7759,38.829],[139.7759,38.829],[139.7759,38.8291],[139.7759,38.8291],[139.7759,38.8291],[139.7759,38.8292],[139.7759,38.8292],[139.776,38.8292],[139.776,38.8293],[139.776,38.8293],[139.776,38.8294],[139.7761,38.8295],[139.7761,38.8295],[139.7762,38.8296],[139.7762,38.8296],[139.7762,38.8296],[139.7762,38.8297],[139.7762,38.8297],[139.7762,38.8297],[139.7762,38.8298],[139.7762,38.8298],[139.7762,38.8299],[139.7763,38.8299],[139.7763,38.8299],[139.7763,38.8299],[139.7763,38.83],[139.7763,38.83],[139.7763,38.8301],[139.7764,38.8301],[139.7764,38.8302],[139.7764,38.8302],[139.7764,38.8302],[139.7764,38.8302],[139.7765,38.8303],[139.7765,38.8303],[139.7765,38.8304],[139.7765,38.8305],[139.7765,38.8305],[139.7765,38.8306],[139.7765,38.8306],[139.7766,38.8306],[139.7766,38.8307],[139.7766,38.8307],[139.7766,38.8307],[139.7766,38.8308],[139.7766,38.8308],[139.7766,38.8309],[139.7767,38.8309],[139.7767,38.831],[139.7767,38.831],[139.7767,38.8311],[139.7767,38.8311],[139.7767,38.8312],[139.7768,38.8312],[139.7768,38.8312],[139.7768,38.8312],[139.7768,38.8312],[139.7768,38.8313],[139.7769,38.8313],[139.7769,38.8313],[139.7769,38.8314],[139.7769,38.8314],[139.7769,38.8314],[139.7769,38.8315],[139.777,38.8315],[139.777,38.8316],[139.777,38.8316],[139.777,38.8316],[139.777,38.8317],[139.777,38.8317],[139.7771,38.8317],[139.7771,38.8318],[139.7771,38.8318],[139.7771,38.8318],[139.7771,38.8318],[139.7771,38.8319],[139.7771,38.8319],[139.7771,38.8319],[139.7772,38.832],[139.7772,38.832],[139.7772,38.832],[139.7772,38.8321],[139.7773,38.8321],[139.7773,38.8321],[139.7773,38.8321],[139.7773,38.8322],[139.7773,38.8322],[139.7773,38.8322],[139.7774,38.8322],[139.7774,38.8323],[139.7774,38.8323],[139.7774,38.8323],[139.7774,38.8323],[139.7774,38.8324],[139.7774,38.8324],[139.7774,38.8325],[139.7774,38.8325],[139.7774,38.8326],[139.7774,38.8326],[139.7774,38.8326],[139.7774,38.8326],[139.7774,38.8327],[139.7774,38.8327],[139.7775,38.8327],[139.7775,38.8327],[139.7775,38.8328],[139.7775,38.8328],[139.7775,38.8328],[139.7773,38.833],[139.7773,38.8332],[139.7773,38.8333],[139.7773,38.8333],[139.7773,38.8333],[139.7774,38.8335],[139.7776,38.8338],[139.7777,38.8341],[139.7778,38.8345],[139.7779,38.8349],[139.7779,38.8351],[139.7781,38.8354],[139.7782,38.8356],[139.7784,38.8359],[139.7786,38.8362],[139.7788,38.8365],[139.7791,38.837],[139.7793,38.8373],[139.7794,38.8375],[139.7794,38.8377],[139.7794,38.8379],[139.7794,38.838],[139.7794,38.8384],[139.7794,38.8386],[139.7794,38.8387],[139.7794,38.8388],[139.7796,38.8389],[139.7797,38.839],[139.7797,38.8393],[139.7798,38.8395],[139.7799,38.8397],[139.7799,38.8398],[139.7799,38.8399],[139.7799,38.8401],[139.78,38.8402],[139.7802,38.8404],[139.7803,38.8406],[139.7804,38.8409],[139.7804,38.8411],[139.7805,38.8413],[139.7805,38.8415],[139.7805,38.8416],[139.7806,38.8417],[139.7806,38.8417],[139.7806,38.8417],[139.7807,38.8418],[139.7809,38.842],[139.7809,38.8422],[139.781,38.8423],[139.781,38.8425],[139.7809,38.8427],[139.781,38.8429],[139.781,38.8432],[139.7811,38.8433],[139.7812,38.8437],[139.7813,38.8439],[139.7814,38.8443],[139.7816,38.8446],[139.7818,38.8448],[139.7819,38.8451],[139.782,38.8452],[139.7821,38.8454],[139.7821,38.8455],[139.7822,38.8457],[139.7823,38.8459],[139.7823,38.846],[139.7824,38.8462],[139.7825,38.8464],[139.7825,38.8465],[139.7826,38.8465],[139.7827,38.8465],[139.7828,38.8466],[139.7829,38.8468],[139.7832,38.847],[139.7832,38.8471],[139.7833,38.8472],[139.7833,38.8473],[139.7833,38.8474],[139.7833,38.8476],[139.7833,38.8477],[139.7833,38.8478],[139.7833,38.8478],[139.7834,38.8479],[139.7836,38.8483],[139.7838,38.8486],[139.7839,38.8488],[139.7841,38.8491],[139.7842,38.8494],[139.7844,38.8498],[139.7844,38.8499],[139.7843,38.8499],[139.7842,38.85],[139.7842,38.85],[139.7842,38.85],[139.7842,38.85],[139.7842,38.8501],[139.7842,38.8502],[139.7842,38.8504],[139.7843,38.8505],[139.7845,38.8507],[139.7847,38.8511],[139.7848,38.8514],[139.785,38.8516],[139.785,38.8518],[139.7851,38.8521],[139.7852,38.8524],[139.7853,38.8527],[139.7854,38.8528],[139.7855,38.8532],[139.7857,38.8535],[139.7857,38.8537],[139.7856,38.854],[139.7856,38.8542],[139.7857,38.8544],[139.7858,38.8545],[139.7859,38.8547],[139.7859,38.8548],[139.7859,38.855],[139.786,38.8551],[139.7863,38.8558],[139.7866,38.8565],[139.7866,38.8567],[139.7867,38.8569],[139.7867,38.8571],[139.7867,38.8572],[139.7868,38.8573],[139.7869,38.8575],[139.787,38.8576],[139.7871,38.8578],[139.7872,38.858],[139.7873,38.8583],[139.7874,38.8583],[139.7874,38.8583],[139.7874,38.8583],[139.7875,38.8587],[139.7876,38.8589],[139.7878,38.8593],[139.7881,38.8603],[139.7884,38.8609],[139.7886,38.8613],[139.7887,38.8615],[139.7888,38.8617],[139.789,38.8619],[139.789,38.862],[139.789,38.8622],[139.789,38.8623],[139.789,38.8625],[139.7891,38.8626],[139.7892,38.8627],[139.7893,38.863],[139.7893,38.8633],[139.7894,38.8634],[139.7895,38.8636],[139.7896,38.8637],[139.7896,38.864],[139.7897,38.8643],[139.7897,38.8647],[139.7897,38.8648],[139.7898,38.8649],[139.79,38.8651],[139.7903,38.8652],[139.7906,38.8653],[139.7907,38.8654],[139.7908,38.8658],[139.7909,38.8661],[139.791,38.8665],[139.791,38.8667],[139.791,38.8667],[139.7912,38.8672],[139.7917,38.8682],[139.7917,38.8682],[139.7917,38.8683],[139.7918,38.8685],[139.792,38.869],[139.7923,38.8694],[139.7925,38.8697],[139.7926,38.8699],[139.7927,38.8702],[139.7928,38.8706],[139.7929,38.8709],[139.7929,38.8711],[139.7929,38.8713],[139.793,38.8714],[139.7931,38.8718],[139.7932,38.8723],[139.7932,38.8731],[139.7932,38.8732],[139.7933,38.8733],[139.7933,38.8734],[139.7934,38.8735],[139.7934,38.8735],[139.7934,38.8736],[139.7934,38.8737],[139.7934,38.8737],[139.7935,38.8738],[139.7935,38.8739],[139.7936,38.8739],[139.7936,38.874],[139.7936,38.8741],[139.7937,38.8742],[139.7938,38.8744],[139.7938,38.8744],[139.7938,38.8745],[139.7938,38.8746],[139.7939,38.8747],[139.7939,38.8747],[139.7939,38.8747],[139.7939,38.8748],[139.794,38.8749],[139.794,38.875],[139.794,38.875],[139.794,38.875],[139.794,38.875],[139.794,38.8751],[139.7941,38.8752],[139.7941,38.8753],[139.7941,38.8753],[139.7941,38.8753],[139.7942,38.8754],[139.7942,38.8755],[139.7942,38.8755],[139.7942,38.8756],[139.7943,38.8757],[139.7943,38.8758],[139.7943,38.8759],[139.7944,38.8761],[139.7944,38.8762],[139.7944,38.8763],[139.7944,38.8764],[139.7945,38.8766],[139.7945,38.8768],[139.7945,38.8769],[139.7946,38.8771],[139.7946,38.8772],[139.7947,38.8773],[139.7947,38.8774],[139.7947,38.8775],[139.7947,38.8776],[139.7948,38.8777],[139.7948,38.8778],[139.7948,38.8778],[139.7949,38.878],[139.7949,38.878],[139.7949,38.8781],[139.7949,38.8782],[139.795,38.8783],[139.795,38.8784],[139.795,38.8785],[139.795,38.8785],[139.7951,38.8789],[139.7951,38.879],[139.7951,38.879],[139.7951,38.8791],[139.7952,38.8792],[139.7953,38.8794],[139.7953,38.8795],[139.7954,38.8796],[139.7954,38.8796],[139.7955,38.8796],[139.7955,38.8797],[139.7956,38.8797],[139.7956,38.8797],[139.7956,38.8798],[139.7957,38.8799],[139.7957,38.88],[139.7957,38.88],[139.7958,38.8801],[139.7958,38.8801],[139.7959,38.8801],[139.796,38.8801],[139.796,38.8801],[139.796,38.8801],[139.7961,38.8801],[139.7961,38.8801],[139.7961,38.8801],[139.7961,38.8801],[139.7962,38.8801],[139.7962,38.8801],[139.7962,38.8801],[139.7962,38.8801],[139.7961,38.8801],[139.7961,38.8802],[139.796,38.8802],[139.796,38.8802],[139.796,38.8801],[139.7959,38.8801],[139.7959,38.8801],[139.7958,38.8801],[139.7957,38.8801],[139.7957,38.8801],[139.7957,38.8801],[139.7957,38.8801],[139.7957,38.8801],[139.7957,38.8801],[139.7957,38.8802],[139.7957,38.8802],[139.7957,38.8802],[139.7957,38.8802],[139.7957,38.8802],[139.7957,38.8803],[139.7957,38.8803],[139.7957,38.8803],[139.7957,38.8803],[139.7957,38.8803],[139.7958,38.8804],[139.7958,38.8804],[139.7958,38.8805],[139.7958,38.8805],[139.7958,38.8806],[139.7958,38.8806],[139.7958,38.8807],[139.7959,38.8809],[139.796,38.881],[139.796,38.8811],[139.796,38.8811],[139.7961,38.8812],[139.7961,38.8813],[139.7961,38.8814],[139.7961,38.8815],[139.7961,38.8816],[139.7962,38.8817],[139.7963,38.8818],[139.7963,38.882],[139.7964,38.882],[139.7964,38.8821],[139.7964,38.8823],[139.7965,38.8824],[139.7965,38.8825],[139.7965,38.8826],[139.7965,38.8827],[139.7966,38.8828],[139.7966,38.8829],[139.7966,38.8829],[139.7966,38.883],[139.7967,38.8831],[139.7967,38.8832],[139.7967,38.8833],[139.7968,38.8833],[139.7968,38.8834],[139.7968,38.8835],[139.7969,38.8836],[139.7969,38.8837],[139.797,38.8838],[139.7971,38.8839],[139.7972,38.8841],[139.7973,38.8843],[139.7974,38.8844],[139.7974,38.8846],[139.7975,38.8847],[139.7975,38.8849],[139.7975,38.885],[139.7975,38.885],[139.7975,38.8851],[139.7975,38.8852],[139.7975,38.8853],[139.7975,38.8854],[139.7976,38.8855],[139.7976,38.8855],[139.7976,38.8856],[139.7977,38.8857],[139.7977,38.8858],[139.7978,38.8859],[139.7978,38.886],[139.7979,38.8861],[139.798,38.8862],[139.798,38.8863],[139.798,38.8864],[139.7981,38.8865],[139.7981,38.8867],[139.7982,38.8868],[139.7983,38.887],[139.7983,38.8872],[139.7984,38.8873],[139.7984,38.8874],[139.7984,38.8874],[139.7984,38.8875],[139.7985,38.8877],[139.7985,38.8878],[139.7985,38.8879],[139.7985,38.8879],[139.7985,38.888],[139.7985,38.8881],[139.7986,38.8881],[139.7986,38.8882],[139.7986,38.8883],[139.7986,38.8884],[139.7986,38.8884],[139.7986,38.8885],[139.7987,38.8887],[139.7987,38.8888],[139.7988,38.8889],[139.7988,38.889],[139.7988,38.8891],[139.7988,38.8892],[139.7988,38.8893],[139.7989,38.8895],[139.7989,38.8896],[139.799,38.8897],[139.799,38.8898],[139.799,38.8899],[139.7991,38.89],[139.7991,38.8901],[139.7991,38.8902],[139.7992,38.8902],[139.7992,38.8903],[139.7992,38.8904],[139.7992,38.8904],[139.7992,38.8904],[139.7992,38.8904],[139.7992,38.8904],[139.7993,38.8904],[139.7993,38.8904],[139.7993,38.8905],[139.7993,38.8905],[139.7993,38.8905],[139.7993,38.8905],[139.7993,38.8906],[139.7993,38.8906],[139.7994,38.8907],[139.7994,38.8907],[139.7994,38.8907],[139.7994,38.8907],[139.7994,38.8907],[139.7994,38.8907],[139.7994,38.8909],[139.7994,38.8909],[139.7994,38.8909],[139.7994,38.8909],[139.7994,38.891],[139.7995,38.891],[139.7995,38.891],[139.7995,38.891],[139.7995,38.891],[139.7995,38.8911],[139.7995,38.8911],[139.7995,38.8912],[139.7995,38.8912],[139.7996,38.8913],[139.7996,38.8913],[139.7996,38.8913],[139.7996,38.8914],[139.7996,38.8914],[139.7996,38.8914],[139.7996,38.8914],[139.7996,38.8915],[139.7996,38.8915],[139.7996,38.8915],[139.7997,38.8915],[139.7997,38.8916],[139.7997,38.8916],[139.7997,38.8916],[139.7997,38.8916],[139.7997,38.8916],[139.7997,38.8917],[139.7997,38.8917],[139.7997,38.8917],[139.7997,38.8917],[139.7997,38.8917],[139.7998,38.8917],[139.7998,38.8917],[139.7998,38.8918],[139.7998,38.8918],[139.7998,38.8918],[139.7998,38.8918],[139.7998,38.8919],[139.7998,38.8919],[139.7998,38.8919],[139.7998,38.8919],[139.7998,38.8919],[139.7998,38.8919],[139.7999,38.892],[139.7999,38.892],[139.7999,38.892],[139.7999,38.892],[139.7999,38.892],[139.7999,38.8921],[139.7999,38.8921],[139.7999,38.8921],[139.7999,38.8921],[139.7999,38.8921],[139.7999,38.8921],[139.7999,38.8921],[139.7999,38.8922],[139.7999,38.8922],[139.7999,38.8922],[139.7999,38.8922],[139.7999,38.8922],[139.8,38.8923],[139.8,38.8923],[139.8,38.8924],[139.8,38.8924],[139.8,38.8924],[139.8,38.8925],[139.8,38.8925],[139.8,38.8925],[139.8,38.8925],[139.8,38.8925],[139.8,38.8926],[139.8001,38.8926],[139.8001,38.8927],[139.8001,38.8927],[139.8001,38.8928],[139.8001,38.8928],[139.8001,38.8928],[139.8001,38.8928],[139.8001,38.8929],[139.8001,38.8929],[139.8001,38.8929],[139.8001,38.8929],[139.8001,38.8929],[139.8001,38.8929],[139.8001,38.893],[139.8001,38.893],[139.8001,38.893],[139.8001,38.893],[139.8001,38.893],[139.8001,38.8931],[139.8001,38.8931],[139.8002,38.8931],[139.8002,38.8932],[139.8002,38.8932],[139.8002,38.8932],[139.8002,38.8932],[139.8002,38.8932],[139.8002,38.8932],[139.8002,38.8932],[139.8002,38.8933],[139.8002,38.8933],[139.8002,38.8933],[139.8002,38.8933],[139.8002,38.8933],[139.8002,38.8934],[139.8002,38.8934],[139.8002,38.8934],[139.8002,38.8934],[139.8002,38.8934],[139.8002,38.8934],[139.8002,38.8935],[139.8003,38.8935],[139.8003,38.8935],[139.8003,38.8936],[139.8003,38.8936],[139.8003,38.8936],[139.8003,38.8936],[139.8003,38.8936],[139.8003,38.8937],[139.8003,38.8937],[139.8003,38.8937],[139.8003,38.8937],[139.8003,38.8938],[139.8003,38.8938],[139.8003,38.8939],[139.8003,38.8939],[139.8003,38.8939],[139.8003,38.894],[139.8003,38.894],[139.8004,38.8941],[139.8004,38.8941],[139.8004,38.8941],[139.8004,38.8941],[139.8004,38.8942],[139.8004,38.8942],[139.8004,38.8943],[139.8004,38.8943],[139.8004,38.8943],[139.8004,38.8943],[139.8004,38.8944],[139.8004,38.8944],[139.8005,38.8944],[139.8005,38.8944],[139.8005,38.8944],[139.8005,38.8945],[139.8005,38.8945],[139.8005,38.8945],[139.8005,38.8945],[139.8005,38.8945],[139.8005,38.8946],[139.8005,38.8946],[139.8005,38.8946],[139.8005,38.8947],[139.8005,38.8947],[139.8005,38.8947],[139.8005,38.8947],[139.8005,38.8947],[139.8005,38.8948],[139.8005,38.8948],[139.8005,38.8948],[139.8005,38.8949],[139.8006,38.8949],[139.8005,38.8949],[139.8006,38.8949],[139.8006,38.8949],[139.8006,38.8949],[139.8006,38.895],[139.8006,38.895],[139.8006,38.895],[139.8006,38.895],[139.8006,38.8951],[139.8006,38.8951],[139.8006,38.8952],[139.8006,38.8952],[139.8007,38.8952],[139.8007,38.8952],[139.8007,38.8953],[139.8007,38.8953],[139.8007,38.8954],[139.8008,38.8955],[139.8008,38.8955],[139.8008,38.8955],[139.8008,38.8956],[139.8008,38.8956],[139.8008,38.8956],[139.8009,38.8957],[139.8009,38.8957],[139.801,38.8958],[139.8011,38.8959],[139.8011,38.8959],[139.8011,38.8959],[139.8011,38.8959],[139.8011,38.8959],[139.8011,38.896],[139.8011,38.896],[139.8012,38.8961],[139.8012,38.8961],[139.8012,38.8961],[139.8012,38.8961],[139.8012,38.8962],[139.8013,38.8962],[139.8013,38.8962],[139.8013,38.8963],[139.8013,38.8963],[139.8013,38.8963],[139.8013,38.8963],[139.8013,38.8963],[139.8013,38.8963],[139.8013,38.8964],[139.8013,38.8964],[139.8013,38.8964],[139.8013,38.8964],[139.8013,38.8964],[139.8013,38.8964],[139.8014,38.8965],[139.8014,38.8965],[139.8014,38.8965],[139.8014,38.8965],[139.8014,38.8966],[139.8014,38.8966],[139.8014,38.8966],[139.8014,38.8966],[139.8014,38.8967],[139.8014,38.8967],[139.8015,38.8967],[139.8015,38.8967],[139.8015,38.8968],[139.8015,38.8968],[139.8015,38.8968],[139.8015,38.8969],[139.8015,38.8969],[139.8015,38.897],[139.8016,38.897],[139.8016,38.8971],[139.8016,38.8972],[139.8016,38.8973],[139.8017,38.8974],[139.8017,38.8974],[139.8017,38.8974],[139.8017,38.8975],[139.8017,38.8976],[139.8017,38.8976],[139.8017,38.8976],[139.8018,38.8976],[139.8018,38.8977],[139.8018,38.8977],[139.8018,38.8977],[139.8018,38.8978],[139.8018,38.8978],[139.8019,38.8979],[139.8019,38.8979],[139.8019,38.8979],[139.8019,38.898],[139.802,38.8981],[139.802,38.8981],[139.802,38.8981],[139.802,38.8982],[139.8021,38.8982],[139.8021,38.8983],[139.8021,38.8983],[139.8021,38.8983],[139.8021,38.8984],[139.8021,38.8984],[139.8021,38.8984],[139.8021,38.8984],[139.8021,38.8984],[139.8021,38.8985],[139.8021,38.8985],[139.8021,38.8985],[139.8021,38.8985],[139.8022,38.8986],[139.8021,38.8987],[139.8021,38.8987],[139.8022,38.8987],[139.8022,38.8987],[139.8022,38.8987],[139.8022,38.8988],[139.8022,38.8988],[139.8022,38.8988],[139.8022,38.8989],[139.8022,38.8989],[139.8022,38.8989],[139.8022,38.899],[139.8022,38.8991],[139.8022,38.8991],[139.8022,38.8992],[139.8022,38.8992],[139.8022,38.8993],[139.8022,38.8993],[139.8022,38.8993],[139.8022,38.8993],[139.8022,38.8994],[139.8022,38.8994],[139.8022,38.8994],[139.8023,38.8995],[139.8023,38.8995],[139.8023,38.8995],[139.8023,38.8996],[139.8023,38.8996],[139.8023,38.8996],[139.8023,38.8996],[139.8025,38.8998],[139.8025,38.8999],[139.8025,38.8999],[139.8025,38.8999],[139.8025,38.8999],[139.8025,38.8999],[139.8025,38.8999],[139.8025,38.9],[139.8025,38.9],[139.8025,38.9],[139.8025,38.9],[139.8025,38.9],[139.8026,38.9],[139.8026,38.9001],[139.8026,38.9001],[139.8026,38.9001],[139.8026,38.9002],[139.8027,38.9003],[139.8027,38.9003],[139.8027,38.9003],[139.8027,38.9003],[139.8027,38.9003],[139.8028,38.9004],[139.8028,38.9004],[139.8028,38.9004],[139.8028,38.9004],[139.8028,38.9005],[139.8029,38.9005],[139.8029,38.9005],[139.8029,38.9006],[139.8029,38.9006],[139.8029,38.9006],[139.803,38.9007],[139.803,38.9007],[139.803,38.9007],[139.803,38.9007],[139.803,38.9007],[139.803,38.9007],[139.803,38.9008],[139.803,38.9008],[139.803,38.9008],[139.803,38.9008],[139.803,38.9008],[139.803,38.9008],[139.803,38.9008],[139.803,38.9009],[139.803,38.9009],[139.803,38.9009],[139.8031,38.9009],[139.8031,38.9009],[139.8031,38.9009],[139.8031,38.9009],[139.8031,38.9009],[139.8031,38.901],[139.8031,38.901],[139.8031,38.901],[139.8031,38.9011],[139.8031,38.9011],[139.8031,38.9011],[139.8032,38.9012],[139.8032,38.9012],[139.8032,38.9012],[139.8032,38.9012],[139.8032,38.9012],[139.8032,38.9013],[139.8032,38.9013],[139.8032,38.9014],[139.8032,38.9014],[139.8032,38.9014],[139.8032,38.9014],[139.8032,38.9014],[139.8032,38.9014],[139.8032,38.9015],[139.8033,38.9015],[139.8033,38.9015],[139.8033,38.9015],[139.8033,38.9016],[139.8033,38.9017],[139.8033,38.9017],[139.8033,38.9017],[139.8033,38.9018],[139.8033,38.9018],[139.8033,38.9018],[139.8033,38.9018],[139.8034,38.9019],[139.8034,38.9019],[139.8034,38.9019],[139.8034,38.902],[139.8034,38.902],[139.8035,38.902],[139.8035,38.9021],[139.8035,38.9022],[139.8035,38.9022],[139.8036,38.9022],[139.8036,38.9023],[139.8036,38.9023],[139.8036,38.9024],[139.8036,38.9025],[139.8037,38.9025],[139.8037,38.9026],[139.8037,38.9027],[139.8037,38.9028],[139.8037,38.9028],[139.8037,38.903],[139.8037,38.903],[139.8037,38.903],[139.8037,38.9031],[139.8037,38.9031],[139.8038,38.9032],[139.8038,38.9032],[139.8038,38.9032],[139.8039,38.9034],[139.8039,38.9034],[139.8039,38.9035],[139.8039,38.9035],[139.8039,38.9036],[139.804,38.9036],[139.804,38.9036],[139.804,38.9037],[139.804,38.9037],[139.804,38.9037],[139.804,38.9037],[139.804,38.9037],[139.804,38.9038],[139.804,38.9038],[139.804,38.9038],[139.8041,38.9042],[139.8042,38.9044],[139.8042,38.9045],[139.8042,38.9047],[139.8043,38.9048],[139.8043,38.905],[139.8044,38.9051],[139.8045,38.9053],[139.8045,38.9055],[139.8046,38.9056],[139.8047,38.9057],[139.8048,38.9059],[139.8048,38.906],[139.8048,38.906],[139.8048,38.9061],[139.8049,38.9062],[139.8049,38.9062],[139.8049,38.9063],[139.8049,38.9063],[139.8049,38.9066],[139.805,38.9069],[139.805,38.9072],[139.805,38.9074],[139.8051,38.9076],[139.8051,38.9077],[139.8051,38.9079],[139.805,38.9081],[139.805,38.9082],[139.805,38.9083],[139.805,38.9083],[139.805,38.9083],[139.805,38.9084],[139.805,38.9085],[139.805,38.9086],[139.805,38.9088],[139.805,38.909],[139.805,38.9092],[139.8049,38.9092],[139.8049,38.9093],[139.8048,38.9095],[139.8048,38.9095],[139.8048,38.9096],[139.8048,38.9096],[139.8048,38.9097],[139.8049,38.9097],[139.8049,38.9097],[139.805,38.9098],[139.8051,38.9098],[139.8051,38.9099],[139.8052,38.9099],[139.8052,38.9099],[139.8053,38.91],[139.8053,38.91],[139.8054,38.9101],[139.8054,38.9102],[139.8055,38.9102],[139.8055,38.9104],[139.8055,38.9104],[139.8055,38.9106],[139.8055,38.9107],[139.8055,38.9108],[139.8054,38.9109],[139.8054,38.9109],[139.8052,38.9111],[139.805,38.9112],[139.805,38.9113],[139.8049,38.9113],[139.8049,38.9114],[139.8049,38.9115],[139.805,38.9116],[139.805,38.9116],[139.8052,38.9117],[139.8053,38.9117],[139.8054,38.9118],[139.8054,38.9118],[139.8055,38.9119],[139.8056,38.912],[139.8057,38.9121],[139.8058,38.9122],[139.8058,38.9122],[139.8058,38.9123],[139.8059,38.9124],[139.8058,38.9125],[139.8058,38.9126],[139.8058,38.9127],[139.8057,38.9128],[139.8057,38.9128],[139.8056,38.9129],[139.8055,38.913],[139.8055,38.9131],[139.8056,38.9133],[139.8056,38.9134],[139.8056,38.9134],[139.8057,38.9135],[139.8058,38.9136],[139.8059,38.9137],[139.806,38.9137],[139.8061,38.9138],[139.8061,38.9139],[139.8062,38.9139],[139.8062,38.914],[139.8062,38.9141],[139.8062,38.9142],[139.8062,38.9143],[139.8062,38.9144],[139.8061,38.9145],[139.8061,38.9145],[139.8061,38.9145],[139.806,38.9147],[139.8059,38.9148],[139.8059,38.9148],[139.8059,38.9149],[139.8059,38.915],[139.8059,38.9152],[139.8059,38.9152],[139.806,38.9153],[139.8061,38.9154],[139.8061,38.9154],[139.8062,38.9155],[139.8063,38.9156],[139.8065,38.9157],[139.8065,38.9158],[139.8065,38.9158],[139.8065,38.9159],[139.8065,38.9161],[139.8064,38.9162],[139.8063,38.9164],[139.8062,38.9165],[139.8062,38.9165],[139.8062,38.9165],[139.8063,38.9167],[139.8063,38.9167],[139.8063,38.9168],[139.8064,38.9169],[139.8064,38.917],[139.8065,38.917],[139.8066,38.917],[139.8068,38.9171],[139.807,38.9172],[139.8071,38.9173],[139.8072,38.9174],[139.8073,38.9175],[139.8074,38.9176],[139.8074,38.9177],[139.8075,38.9178],[139.8075,38.918],[139.8075,38.9181],[139.8075,38.9181],[139.8076,38.9182],[139.8076,38.9182],[139.8076,38.9183],[139.8076,38.9185],[139.8077,38.9186],[139.8077,38.9189],[139.8077,38.919],[139.8078,38.9191],[139.8078,38.9191],[139.8078,38.9192],[139.8078,38.9193],[139.8078,38.9194],[139.8079,38.9196],[139.8079,38.9196],[139.8079,38.9198],[139.8079,38.9199],[139.8079,38.92],[139.8079,38.9201],[139.8079,38.9201],[139.8079,38.9204],[139.8079,38.9205],[139.8079,38.9205],[139.8079,38.9206],[139.8079,38.9206],[139.8078,38.9208],[139.8078,38.921],[139.8079,38.9211],[139.8078,38.9212],[139.8078,38.9213],[139.8078,38.9213],[139.8078,38.9214],[139.8078,38.9214],[139.8078,38.9215],[139.8078,38.9216],[139.8078,38.9216],[139.8078,38.9217],[139.8076,38.9218],[139.8076,38.9218],[139.8076,38.9219],[139.8082,38.9237],[139.8083,38.9242],[139.8086,38.925],[139.8087,38.9253],[139.8083,38.9254],[139.8083,38.9254],[139.807,38.926],[139.8069,38.926],[139.804,38.9272],[139.8023,38.9278],[139.8008,38.9284],[139.8008,38.9284],[139.8005,38.9285],[139.8002,38.9294],[139.8,38.9297],[139.8,38.9298],[139.7999,38.9301],[139.7998,38.93],[139.7997,38.9302],[139.7998,38.9303],[139.7997,38.9305],[139.7996,38.9305],[139.7984,38.9333],[139.7984,38.9333],[139.7978,38.9345],[139.7953,38.9356],[139.7953,38.9357],[139.7981,38.9346],[139.7986,38.9333],[139.7986,38.9333],[139.8,38.9303],[139.7999,38.9303],[139.8,38.9302],[139.8,38.9301],[139.8,38.9301],[139.8,38.9301],[139.8,38.9301],[139.8,38.9301],[139.8,38.9301],[139.8,38.93],[139.8006,38.9286],[139.8008,38.9285],[139.8008,38.9285],[139.8021,38.928],[139.8021,38.928],[139.8036,38.9274],[139.8036,38.9274],[139.8056,38.9266],[139.8079,38.9257],[139.8083,38.9255],[139.8083,38.9255],[139.8087,38.9254],[139.809,38.9264],[139.8093,38.9273],[139.8093,38.9273],[139.8093,38.9274],[139.809,38.9277],[139.809,38.9277],[139.8093,38.9274],[139.8094,38.9274],[139.8095,38.9275],[139.8099,38.9285],[139.8087,38.9284],[139.8085,38.9284],[139.8085,38.9284],[139.8083,38.9284],[139.8083,38.9284],[139.8082,38.9284],[139.8082,38.9284],[139.808,38.9284],[139.808,38.9284],[139.8079,38.9284],[139.8079,38.9285],[139.808,38.9285],[139.808,38.9285],[139.8082,38.9285],[139.8082,38.9285],[139.8083,38.9285],[139.8083,38.9285],[139.8085,38.9285],[139.8085,38.9285],[139.8087,38.9285],[139.81,38.9286],[139.8102,38.9291],[139.8103,38.9292],[139.8102,38.9292],[139.8101,38.9293],[139.8101,38.9293],[139.8101,38.9294],[139.8101,38.9296],[139.8101,38.9297],[139.8101,38.9297],[139.81,38.9298],[139.8099,38.9298],[139.8088,38.93],[139.8083,38.9301],[139.8083,38.9301],[139.8052,38.9307],[139.8029,38.9301],[139.8029,38.9301],[139.8052,38.9307],[139.8052,38.9307],[139.8065,38.9333],[139.8065,38.9333],[139.8079,38.9362],[139.8083,38.936],[139.8083,38.936],[139.8131,38.9346],[139.8135,38.9348],[139.8137,38.9351],[139.8144,38.9357],[139.815,38.9362],[139.8151,38.9362],[139.8152,38.9363],[139.8153,38.9364],[139.8154,38.9364],[139.8154,38.9365],[139.8154,38.9365],[139.8154,38.9365],[139.8154,38.9365],[139.8154,38.9366],[139.8155,38.9366],[139.8155,38.9366],[139.8156,38.9366],[139.8158,38.9369],[139.8159,38.9369],[139.8159,38.9368],[139.816,38.9368],[139.8161,38.9369],[139.8161,38.937],[139.8161,38.9372],[139.8162,38.9373],[139.8162,38.9373],[139.8162,38.9374],[139.8163,38.9375],[139.8164,38.9377],[139.8164,38.9378],[139.8163,38.9378],[139.8163,38.9379],[139.8163,38.938],[139.8163,38.938],[139.8163,38.9381],[139.8163,38.9381],[139.8163,38.9382],[139.8162,38.9383],[139.8162,38.9384],[139.8161,38.9385],[139.8161,38.9386],[139.816,38.9387],[139.8159,38.9389],[139.8159,38.9389],[139.8158,38.939],[139.8157,38.939],[139.8157,38.9391],[139.8157,38.9391],[139.8157,38.9391],[139.8157,38.9391],[139.8157,38.9392],[139.8157,38.9392],[139.8158,38.9392],[139.8158,38.9392],[139.8158,38.9392],[139.8159,38.9392],[139.8159,38.9393],[139.8159,38.9393],[139.816,38.9394],[139.8161,38.9394],[139.8161,38.9395],[139.8162,38.9395],[139.8164,38.9397],[139.8165,38.9398],[139.8166,38.9398],[139.8166,38.9399],[139.8167,38.9399],[139.8167,38.9399],[139.8167,38.9399],[139.8168,38.9401],[139.8169,38.9402],[139.8169,38.9403],[139.817,38.9404],[139.8171,38.9405],[139.8171,38.9407],[139.8171,38.9408],[139.8172,38.9409],[139.8172,38.941],[139.8172,38.9411],[139.8172,38.9412],[139.8172,38.9413],[139.8172,38.9414],[139.8172,38.9415],[139.8172,38.9415],[139.8172,38.9416],[139.8172,38.9416],[139.8172,38.9416],[139.8172,38.9416],[139.8172,38.9416],[139.8172,38.9417],[139.8172,38.9417],[139.8172,38.9417],[139.8172,38.9417],[139.8172,38.9417],[139.8172,38.9417],[139.8172,38.9417],[139.8172,38.9418],[139.8172,38.9418],[139.8172,38.9418],[139.8173,38.9418],[139.8173,38.9419],[139.8173,38.9419],[139.8173,38.9419],[139.8174,38.942],[139.8174,38.9421],[139.8175,38.9422],[139.8175,38.9423],[139.8176,38.9424],[139.8177,38.9425],[139.8177,38.9426],[139.8177,38.9427],[139.8177,38.9427],[139.8177,38.9427],[139.8177,38.9428],[139.8178,38.9428],[139.8178,38.9428],[139.8178,38.9428],[139.8178,38.9428],[139.8178,38.9428],[139.8178,38.9429],[139.8178,38.9429],[139.8178,38.943],[139.8178,38.943],[139.8176,38.943],[139.817,38.9432],[139.8167,38.9433],[139.8167,38.9433],[139.8163,38.9434],[139.8155,38.9436],[139.8149,38.9438],[139.8139,38.9441],[139.8131,38.9444],[139.8116,38.9449],[139.813,38.9478],[139.8129,38.9479],[139.8135,38.949],[139.8137,38.9494],[139.8139,38.9498],[139.814,38.9498],[139.8141,38.95],[139.8142,38.9501],[139.8143,38.9503],[139.8125,38.9509],[139.8125,38.9508],[139.8123,38.9509],[139.8124,38.951],[139.8132,38.9507],[139.8132,38.9508],[139.8135,38.9507],[139.8135,38.9506],[139.8143,38.9504],[139.8156,38.95],[139.8156,38.95],[139.8156,38.95],[139.8163,38.9498],[139.8164,38.95],[139.8164,38.95],[139.8167,38.9505],[139.8167,38.9505],[139.8167,38.9506],[139.8167,38.9506],[139.8167,38.9507],[139.8164,38.9507],[139.8164,38.9509],[139.8167,38.9508],[139.8167,38.9508],[139.8168,38.9507],[139.8192,38.95],[139.8193,38.95],[139.8193,38.95],[139.8218,38.9492],[139.8218,38.9493],[139.8221,38.9499],[139.8221,38.95],[139.8221,38.95],[139.8221,38.95],[139.8223,38.9503],[139.8225,38.9508],[139.8227,38.9511],[139.8229,38.9515],[139.8231,38.952],[139.8233,38.9523],[139.8234,38.9525],[139.8234,38.9526],[139.8236,38.9529],[139.8239,38.9531],[139.824,38.9533],[139.824,38.9533],[139.8249,38.9534],[139.825,38.9534],[139.825,38.9534],[139.8252,38.9535],[139.8257,38.9536],[139.8267,38.9538],[139.8282,38.954],[139.8285,38.9541],[139.8293,38.9542],[139.8307,38.9545],[139.8313,38.9546],[139.8315,38.9547],[139.8316,38.9543],[139.8318,38.9539],[139.8323,38.954],[139.833,38.9541],[139.8331,38.9541],[139.8333,38.9542],[139.8333,38.9542],[139.8335,38.9542],[139.8338,38.9541],[139.8341,38.9541],[139.8338,38.9551],[139.834,38.9555],[139.8341,38.9554],[139.8341,38.9553],[139.8344,38.9542],[139.8351,38.9543],[139.8356,38.9554],[139.8359,38.956],[139.8346,38.9564],[139.8346,38.9564],[139.8343,38.9557],[139.8341,38.9557],[139.8344,38.9564],[139.8345,38.9564],[139.8346,38.9565],[139.8347,38.9565],[139.8349,38.9564],[139.835,38.9565],[139.835,38.9566],[139.8351,38.9567],[139.8351,38.9567],[139.8352,38.9567],[139.8352,38.9568],[139.8352,38.9569],[139.8352,38.9569],[139.8352,38.9571],[139.8352,38.9572],[139.8352,38.9574],[139.8351,38.9575],[139.8351,38.9576],[139.8352,38.9577],[139.8351,38.9577],[139.8354,38.9583],[139.8363,38.9601],[139.8363,38.9603],[139.8364,38.9604],[139.8365,38.9606],[139.8365,38.9607],[139.8366,38.9609],[139.8367,38.961],[139.8367,38.9611],[139.8368,38.9613],[139.8369,38.9615],[139.837,38.9617],[139.837,38.9618],[139.8371,38.9619],[139.8372,38.9621],[139.8372,38.9622],[139.8373,38.9624],[139.8374,38.9625],[139.8374,38.9627],[139.8375,38.9627],[139.8375,38.9629],[139.8355,38.9635],[139.8354,38.9635],[139.8351,38.9636],[139.8348,38.9637],[139.8342,38.9638],[139.8338,38.964],[139.8338,38.9639],[139.8337,38.964],[139.8336,38.9637],[139.8335,38.9631],[139.8334,38.963],[139.8333,38.9629],[139.8333,38.9628],[139.8332,38.9627],[139.8329,38.9622],[139.8328,38.962],[139.8326,38.9615],[139.8324,38.9609],[139.8323,38.9607],[139.8322,38.9604],[139.8323,38.9603],[139.8324,38.9602],[139.8325,38.9602],[139.8326,38.9601],[139.8328,38.9601],[139.8328,38.96],[139.8328,38.96],[139.8328,38.9599],[139.8327,38.9598],[139.8325,38.9598],[139.8321,38.9597],[139.8319,38.9597],[139.8317,38.9597],[139.8316,38.9597],[139.8309,38.9596],[139.8307,38.9596],[139.8304,38.9595],[139.83,38.9593],[139.8298,38.9591],[139.8298,38.9589],[139.8298,38.9589],[139.8299,38.9588],[139.83,38.9587],[139.83,38.9587],[139.83,38.9587],[139.83,38.9587],[139.8297,38.9586],[139.8295,38.9585],[139.8295,38.9585],[139.8294,38.9585],[139.8294,38.9584],[139.8294,38.9584],[139.8294,38.9584],[139.8294,38.9584],[139.8294,38.9583],[139.8294,38.9583],[139.8294,38.9583],[139.8294,38.9583],[139.8294,38.9583],[139.8295,38.9583],[139.8295,38.9582],[139.8295,38.9582],[139.8295,38.9582],[139.8295,38.9581],[139.8295,38.9581],[139.8294,38.9581],[139.8294,38.958],[139.8295,38.958],[139.8287,38.9578],[139.828,38.9577],[139.8271,38.9575],[139.8265,38.9574],[139.8261,38.9574],[139.8256,38.9573],[139.8255,38.9573],[139.825,38.9575],[139.825,38.9575],[139.8245,38.9576],[139.8245,38.9576],[139.825,38.9575],[139.825,38.9575],[139.8256,38.9573],[139.8256,38.9574],[139.8257,38.9577],[139.8259,38.958],[139.8259,38.9581],[139.826,38.9582],[139.826,38.9583],[139.826,38.9583],[139.826,38.9583],[139.826,38.9584],[139.8257,38.9585],[139.8255,38.9585],[139.8255,38.9585],[139.8254,38.9585],[139.8252,38.9586],[139.8252,38.9586],[139.825,38.9586],[139.825,38.9586],[139.8249,38.9586],[139.8247,38.9587],[139.8245,38.9588],[139.8245,38.9588],[139.8243,38.9588],[139.824,38.9583],[139.824,38.9583],[139.824,38.9583],[139.8239,38.958],[139.8238,38.9578],[139.8237,38.9579],[139.8239,38.9583],[139.8239,38.9583],[139.8239,38.9583],[139.8242,38.9589],[139.8241,38.9589],[139.824,38.959],[139.8237,38.959],[139.8234,38.9591],[139.8231,38.9592],[139.8228,38.9593],[139.8225,38.9594],[139.8222,38.9595],[139.822,38.9596],[139.8218,38.9596],[139.8215,38.9597],[139.8212,38.9598],[139.8209,38.9599],[139.8206,38.96],[139.8202,38.9601],[139.82,38.9602],[139.8197,38.9603],[139.8194,38.9604],[139.819,38.9605],[139.8189,38.9605],[139.8189,38.9606],[139.819,38.9608],[139.8191,38.9609],[139.8192,38.9612],[139.8193,38.9613],[139.8192,38.9613],[139.8192,38.9613],[139.8191,38.9613],[139.8191,38.9613],[139.8191,38.9614],[139.8192,38.9614],[139.8192,38.9614],[139.8192,38.9613],[139.8193,38.9613],[139.8193,38.9614],[139.8194,38.9615],[139.8195,38.9617],[139.8195,38.9618],[139.8196,38.962],[139.8197,38.9621],[139.8198,38.9623],[139.8198,38.9624],[139.8199,38.9626],[139.82,38.9627],[139.8201,38.9629],[139.8201,38.963],[139.8202,38.9632],[139.8203,38.9633],[139.8204,38.9635],[139.8205,38.9638],[139.8206,38.9639],[139.8207,38.9641],[139.8207,38.9642],[139.8207,38.9642],[139.8206,38.9642],[139.8206,38.9642],[139.8205,38.9643],[139.8206,38.9643],[139.8206,38.9643],[139.8207,38.9643],[139.8207,38.9643],[139.8207,38.9643],[139.8208,38.9644],[139.8209,38.9645],[139.821,38.9647],[139.821,38.9648],[139.8211,38.965],[139.8212,38.9651],[139.8213,38.9653],[139.8213,38.9654],[139.8214,38.9656],[139.8215,38.9657],[139.8216,38.9659],[139.8216,38.966],[139.8217,38.9662],[139.8218,38.9663],[139.8218,38.9665],[139.8219,38.9666],[139.8219,38.9667],[139.8219,38.9667],[139.822,38.9668],[139.8221,38.9669],[139.8221,38.9671],[139.8222,38.9672],[139.8223,38.9674],[139.8224,38.9675],[139.8224,38.9677],[139.8225,38.9678],[139.8226,38.968],[139.8227,38.9681],[139.8228,38.9683],[139.8229,38.9685],[139.823,38.9688],[139.8231,38.969],[139.823,38.969],[139.823,38.969],[139.8229,38.969],[139.8229,38.969],[139.8229,38.9691],[139.823,38.9691],[139.8231,38.9691],[139.8231,38.969],[139.8231,38.969],[139.8232,38.9692],[139.8234,38.9695],[139.8235,38.9697],[139.8236,38.9699],[139.8237,38.9702],[139.8238,38.9704],[139.8239,38.9706],[139.824,38.9708],[139.8241,38.9708],[139.8241,38.9709],[139.8241,38.9709],[139.8241,38.9711],[139.8243,38.9713],[139.8244,38.9715],[139.8243,38.9715],[139.8242,38.9715],[139.8242,38.9715],[139.8242,38.9715],[139.8242,38.9716],[139.8242,38.9716],[139.8243,38.9716],[139.8243,38.9715],[139.8244,38.9715],[139.825,38.9728],[139.825,38.9728],[139.8256,38.974],[139.8255,38.974],[139.8255,38.974],[139.8254,38.974],[139.8254,38.9741],[139.8254,38.9741],[139.8255,38.9741],[139.8255,38.9741],[139.8256,38.974],[139.8256,38.974],[139.826,38.9749],[139.8316,38.9732],[139.8319,38.9731],[139.8319,38.9731],[139.832,38.9731],[139.832,38.9731],[139.8321,38.9731],[139.8321,38.9731],[139.8322,38.9731],[139.8322,38.9731],[139.8322,38.9732],[139.8323,38.9732],[139.8324,38.9732],[139.8324,38.9733],[139.8325,38.9733],[139.8326,38.9734],[139.8327,38.9735],[139.8328,38.9735],[139.8328,38.9736],[139.8329,38.9737],[139.8329,38.9737],[139.833,38.9738],[139.833,38.9738],[139.8331,38.9739],[139.8331,38.9739],[139.8332,38.974],[139.8332,38.9741],[139.8333,38.9742],[139.8333,38.9742],[139.8334,38.9742],[139.8334,38.9742],[139.8335,38.9743],[139.8335,38.9743],[139.8335,38.9744],[139.8336,38.9744],[139.8336,38.9745],[139.8337,38.9746],[139.8338,38.9747],[139.8338,38.9748],[139.8339,38.9748],[139.8339,38.9749],[139.834,38.975],[139.834,38.975],[139.834,38.975],[139.834,38.975],[139.8341,38.975],[139.8341,38.9751],[139.8342,38.9751],[139.8342,38.9752],[139.8342,38.9752],[139.8343,38.9752],[139.8343,38.9752],[139.8343,38.9753],[139.8344,38.9754],[139.8344,38.9754],[139.8345,38.9754],[139.8345,38.9755],[139.8346,38.9755],[139.8346,38.9756],[139.8346,38.9757],[139.8346,38.9757],[139.8347,38.9757],[139.8347,38.9758],[139.8347,38.9758],[139.8347,38.9758],[139.8348,38.9759],[139.8348,38.9759],[139.8348,38.976],[139.8349,38.9761],[139.8349,38.9762],[139.835,38.9762],[139.835,38.9762],[139.835,38.9762],[139.835,38.9762],[139.8351,38.9762],[139.8351,38.9762],[139.8351,38.9762],[139.8352,38.9763],[139.8352,38.9764],[139.8352,38.9764],[139.8353,38.9765],[139.8353,38.9765],[139.8353,38.9766],[139.8353,38.9766],[139.8354,38.9767],[139.8354,38.9767],[139.8355,38.9768],[139.8355,38.9768],[139.8355,38.9768],[139.8355,38.9769],[139.8355,38.977],[139.8356,38.977],[139.8356,38.9771],[139.8357,38.9772],[139.8357,38.9772],[139.8358,38.9773],[139.8358,38.9773],[139.8358,38.9774],[139.8359,38.9774],[139.8359,38.9774],[139.8359,38.9774],[139.8359,38.9774],[139.8359,38.9775],[139.8359,38.9775],[139.8359,38.9775],[139.836,38.9775],[139.8361,38.9776],[139.8362,38.9776],[139.8363,38.978],[139.8367,38.9784],[139.8367,38.9784],[139.8368,38.9785],[139.8368,38.9785],[139.8369,38.9785],[139.8369,38.9786],[139.837,38.9787],[139.837,38.9788],[139.837,38.9788],[139.837,38.9789],[139.8371,38.9789],[139.8371,38.979],[139.8372,38.9792],[139.8373,38.9793],[139.8373,38.9794],[139.8373,38.9794],[139.8373,38.9794],[139.8374,38.9794],[139.8374,38.9795],[139.8376,38.9799],[139.8377,38.9801],[139.8378,38.9803],[139.8378,38.9805],[139.8379,38.9807],[139.838,38.9809],[139.8381,38.9811],[139.8383,38.9813],[139.8384,38.9814],[139.8385,38.9815],[139.8386,38.9817],[139.8386,38.9818],[139.8386,38.982],[139.8387,38.9822],[139.839,38.9829],[139.8391,38.9833],[139.8391,38.9833],[139.8391,38.9833],[139.8391,38.9834],[139.8392,38.9837],[139.8391,38.9839],[139.839,38.9841],[139.838,38.9844],[139.838,38.9843],[139.8379,38.9843],[139.8379,38.9844],[139.8379,38.9845],[139.838,38.9846],[139.8381,38.9847],[139.8381,38.9846],[139.8381,38.9846],[139.8394,38.9842],[139.8396,38.9842],[139.8396,38.9842],[139.8397,38.9842],[139.8397,38.9842],[139.8397,38.9843],[139.8398,38.9843],[139.8398,38.9843],[139.8398,38.9844],[139.8398,38.9844],[139.8399,38.9844],[139.8399,38.9845],[139.8399,38.9845],[139.84,38.9846],[139.84,38.9846],[139.84,38.9847],[139.8401,38.9848],[139.8401,38.9849],[139.8402,38.985],[139.8402,38.9851],[139.8402,38.9851],[139.8402,38.9851],[139.8403,38.9852],[139.8403,38.9853],[139.8403,38.9853],[139.8404,38.9854],[139.8404,38.9855],[139.8405,38.9856],[139.8406,38.9858],[139.8406,38.9859],[139.8406,38.9859],[139.8406,38.9859],[139.8407,38.986],[139.8407,38.9861],[139.8407,38.9861],[139.8407,38.9862],[139.8407,38.9862],[139.8407,38.9863],[139.8408,38.9863],[139.8408,38.9864],[139.8408,38.9865],[139.8409,38.9865],[139.8409,38.9866],[139.8409,38.9867],[139.841,38.9867],[139.841,38.9868],[139.8411,38.9868],[139.8411,38.9869],[139.8412,38.987],[139.8412,38.987],[139.8412,38.9871],[139.8413,38.9871],[139.8413,38.9872],[139.8413,38.9873],[139.8414,38.9873],[139.8414,38.9874],[139.8414,38.9875],[139.8415,38.9876],[139.8416,38.9877],[139.8416,38.9878],[139.8416,38.9879],[139.8416,38.9879],[139.8416,38.9879],[139.8416,38.988],[139.8416,38.9881],[139.8416,38.9881],[139.8416,38.9882],[139.8416,38.9882],[139.8416,38.9883],[139.8416,38.9884],[139.8416,38.9885],[139.841,38.9886],[139.841,38.9886],[139.8409,38.9886],[139.8409,38.9886],[139.8408,38.9886],[139.8408,38.9886],[139.8408,38.9887],[139.8408,38.9887],[139.8408,38.9888],[139.8409,38.9889],[139.8409,38.9889],[139.8409,38.9889],[139.8409,38.9889],[139.841,38.9889],[139.841,38.9889],[139.8411,38.9889],[139.8411,38.9889],[139.8411,38.9888],[139.8411,38.9888],[139.8417,38.9887],[139.8417,38.9887],[139.8417,38.9887],[139.8418,38.9887],[139.8418,38.9888],[139.8419,38.9888],[139.8419,38.9888],[139.8419,38.9888],[139.842,38.9889],[139.842,38.9889],[139.842,38.989],[139.842,38.989],[139.8421,38.9891],[139.8421,38.9891],[139.8421,38.9891],[139.8422,38.9892],[139.8422,38.9892],[139.8422,38.9892],[139.8422,38.9893],[139.8422,38.9893],[139.8422,38.9893],[139.8421,38.9893],[139.8421,38.9894],[139.842,38.9894],[139.8422,38.9898],[139.8423,38.99],[139.8423,38.99],[139.8424,38.9901],[139.8424,38.9901],[139.8425,38.9902],[139.8426,38.9903],[139.8427,38.9914],[139.8427,38.9917],[139.8427,38.9917],[139.8427,38.9918],[139.8427,38.9925],[139.8428,38.9925],[139.843,38.9925],[139.843,38.9925],[139.843,38.9925],[139.8431,38.9926],[139.8431,38.9926],[139.8431,38.9926],[139.8432,38.9926],[139.8432,38.9927],[139.8432,38.9927],[139.8432,38.9927],[139.8433,38.9927],[139.8433,38.9928],[139.8433,38.9928],[139.8434,38.9928],[139.8434,38.9928],[139.8434,38.9929],[139.8434,38.9929],[139.8434,38.9929],[139.8434,38.9929],[139.8434,38.993],[139.8434,38.993],[139.8434,38.993],[139.8434,38.993],[139.8434,38.9931],[139.8434,38.9931],[139.8434,38.9931],[139.8434,38.9932],[139.8435,38.9932],[139.8435,38.9932],[139.8436,38.9933],[139.8436,38.9933],[139.8436,38.9934],[139.8437,38.9934],[139.8437,38.9935],[139.8437,38.9935],[139.8437,38.9935],[139.8438,38.9936],[139.8438,38.9936],[139.8438,38.9937],[139.8439,38.9937],[139.8439,38.9938],[139.8439,38.9938],[139.8439,38.9939],[139.844,38.9939],[139.844,38.994],[139.844,38.994],[139.844,38.9941],[139.844,38.9941],[139.844,38.9941],[139.844,38.9942],[139.844,38.9942],[139.8441,38.9943],[139.8441,38.9943],[139.8441,38.9944],[139.8441,38.9944],[139.8441,38.9945],[139.8442,38.9945],[139.8442,38.9946],[139.8442,38.9946],[139.8442,38.9947],[139.8442,38.9947],[139.8442,38.9948],[139.8443,38.9948],[139.8443,38.9949],[139.8443,38.9949],[139.8443,38.995],[139.8444,38.995],[139.8444,38.9951],[139.8444,38.9951],[139.8444,38.9952],[139.8445,38.9952],[139.8445,38.9953],[139.8445,38.9953],[139.8445,38.9954],[139.8445,38.9954],[139.8446,38.9954],[139.8446,38.9955],[139.8446,38.9955],[139.8446,38.9956],[139.8446,38.9957],[139.8446,38.9957],[139.8446,38.9957],[139.8446,38.9958],[139.8446,38.9958],[139.8446,38.9959],[139.8446,38.9959],[139.8446,38.996],[139.8446,38.996],[139.8446,38.9961],[139.8446,38.9961],[139.8446,38.9962],[139.8447,38.9962],[139.8447,38.9963],[139.8447,38.9963],[139.8447,38.9964],[139.8447,38.9964],[139.8447,38.9965],[139.8448,38.9965],[139.8448,38.9966],[139.8448,38.9966],[139.8448,38.9967],[139.8448,38.9968],[139.8448,38.9968],[139.8448,38.9969],[139.8448,38.9969],[139.8448,38.997],[139.8448,38.997],[139.8448,38.997],[139.8448,38.9971],[139.8448,38.9971],[139.8448,38.9972],[139.8448,38.9972],[139.8442,38.9973],[139.8442,38.9973],[139.8442,38.9973],[139.8441,38.9973],[139.8441,38.9973],[139.8441,38.9973],[139.8441,38.9973],[139.844,38.9974],[139.844,38.9974],[139.844,38.9974],[139.8441,38.9975],[139.8441,38.9975],[139.8441,38.9975],[139.8442,38.9976],[139.8442,38.9976],[139.8443,38.9976],[139.8443,38.9976],[139.8443,38.9976],[139.8443,38.9976],[139.8443,38.9976],[139.8443,38.9975],[139.8443,38.9975],[139.8443,38.9975],[139.845,38.9973],[139.845,38.9973],[139.8451,38.9974],[139.8451,38.9974],[139.8452,38.9974],[139.8453,38.9975],[139.8453,38.9976],[139.8453,38.9977],[139.8454,38.9978],[139.8455,38.998],[139.8455,38.9981],[139.8456,38.9983],[139.8457,38.9986],[139.8458,38.9987],[139.8459,38.999],[139.8459,38.9991],[139.846,38.9991],[139.846,38.9992],[139.846,38.9992],[139.846,38.9992],[139.846,38.9992],[139.846,38.9993],[139.846,38.9993],[139.846,38.9993],[139.8459,38.9993],[139.8459,38.9993],[139.846,38.9994],[139.846,38.9995],[139.8461,38.9999],[139.8462,39],[139.8462,39],[139.8463,39.0001],[139.8464,39.0004],[139.8464,39.0006],[139.8465,39.0007],[139.8465,39.0008],[139.8466,39.0008],[139.8466,39.0008],[139.8466,39.0008],[139.8466,39.0009],[139.8466,39.0009],[139.8466,39.001],[139.8466,39.001],[139.8467,39.001],[139.8467,39.0011],[139.8468,39.0014],[139.8469,39.0016],[139.8469,39.0017],[139.847,39.0019],[139.847,39.002],[139.847,39.002],[139.847,39.0021],[139.847,39.0022],[139.8471,39.0023],[139.8471,39.0024],[139.8471,39.0026],[139.8472,39.0028],[139.8472,39.0029],[139.8472,39.0029],[139.8473,39.003],[139.8473,39.0031],[139.8474,39.0032],[139.8474,39.0032],[139.8475,39.0033],[139.8476,39.0034],[139.8477,39.0035],[139.8478,39.0036],[139.8478,39.0037],[139.8478,39.0037],[139.8479,39.0038],[139.8479,39.0039],[139.8479,39.0041],[139.848,39.0043],[139.848,39.0044],[139.848,39.0044],[139.848,39.0045],[139.848,39.0047],[139.848,39.0047],[139.848,39.0048],[139.848,39.0049],[139.848,39.0049],[139.848,39.005],[139.8481,39.005],[139.8481,39.0051],[139.8481,39.0051],[139.8482,39.0052],[139.8482,39.0053],[139.8482,39.0054],[139.8482,39.0055],[139.8482,39.0056],[139.8482,39.0057],[139.8482,39.0057],[139.8482,39.0058],[139.8482,39.0058],[139.8481,39.0058],[139.8476,39.0059],[139.8476,39.0059],[139.8476,39.0059],[139.8476,39.0059],[139.8476,39.0059],[139.8476,39.0059],[139.8475,39.0059],[139.8475,39.0059],[139.8475,39.0059],[139.8475,39.006],[139.8474,39.006],[139.8474,39.006],[139.8474,39.006],[139.8475,39.0061],[139.8475,39.0061],[139.8475,39.0061],[139.8476,39.0062],[139.8476,39.0062],[139.8476,39.0062],[139.8476,39.0062],[139.8476,39.0062],[139.8477,39.0062],[139.8477,39.0061],[139.8477,39.0061],[139.8477,39.0061],[139.8477,39.0061],[139.848,39.006],[139.8482,39.0059],[139.8484,39.0059],[139.8485,39.0059],[139.8485,39.0059],[139.8486,39.006],[139.8487,39.006],[139.8488,39.0061],[139.8488,39.0061],[139.8489,39.0062],[139.849,39.0063],[139.849,39.0064],[139.8492,39.0067],[139.8492,39.0068],[139.8494,39.0071],[139.8495,39.0074],[139.8497,39.0077],[139.8497,39.0079],[139.8498,39.008],[139.8498,39.008],[139.8498,39.0081],[139.8498,39.0082],[139.8498,39.0083],[139.8498,39.0083],[139.8498,39.0083],[139.8498,39.0084],[139.8499,39.0086],[139.8499,39.0087],[139.8499,39.0088],[139.8499,39.0088],[139.85,39.0089],[139.85,39.0089],[139.85,39.0089],[139.85,39.0089],[139.8501,39.0089],[139.8501,39.0089],[139.8501,39.009],[139.8501,39.009],[139.8501,39.009],[139.8501,39.0091],[139.8501,39.0092],[139.8501,39.0092],[139.8501,39.0092],[139.8501,39.0092],[139.8501,39.0092],[139.8502,39.0093],[139.8502,39.0093],[139.8502,39.0093],[139.8502,39.0094],[139.8504,39.0102],[139.8505,39.0105],[139.8506,39.0107],[139.8507,39.011],[139.851,39.0114],[139.8512,39.0118],[139.8513,39.0122],[139.8516,39.0127],[139.8517,39.0131],[139.8519,39.0135],[139.8522,39.0148],[139.8522,39.0149],[139.8523,39.015],[139.8524,39.0152],[139.8527,39.0157],[139.853,39.0164],[139.8531,39.0167],[139.8531,39.0167],[139.8533,39.0172],[139.8534,39.0178],[139.8536,39.0185],[139.8538,39.0189],[139.854,39.0196],[139.8542,39.02],[139.8543,39.0206],[139.8545,39.0209],[139.8547,39.0212],[139.8549,39.0216],[139.8552,39.0223],[139.8554,39.0227],[139.8555,39.0229],[139.8556,39.0233],[139.8556,39.0234],[139.8557,39.0239],[139.8559,39.0241],[139.8562,39.0246],[139.8563,39.025],[139.8563,39.025],[139.8563,39.025],[139.8565,39.0259],[139.8569,39.0269],[139.8573,39.0276],[139.8574,39.0278],[139.8575,39.0282],[139.8577,39.0289],[139.8577,39.0293],[139.8579,39.0298],[139.8583,39.0305],[139.8583,39.0306],[139.8584,39.0306],[139.8585,39.0311],[139.8587,39.0314],[139.8589,39.0318],[139.859,39.0319],[139.8592,39.0324],[139.8595,39.0332],[139.8595,39.0333],[139.8595,39.0333],[139.8597,39.0336],[139.8599,39.034],[139.8602,39.0346],[139.8603,39.0349],[139.8605,39.036],[139.8606,39.0365],[139.8608,39.0368],[139.8609,39.0372],[139.8609,39.0373],[139.8611,39.0378],[139.8615,39.0386],[139.8616,39.0389],[139.8619,39.0394],[139.8622,39.0401],[139.8623,39.0405],[139.8625,39.0409],[139.8627,39.0414],[139.8628,39.0417],[139.8628,39.0417],[139.8628,39.0419],[139.8629,39.0423],[139.8632,39.043],[139.8636,39.0439],[139.8637,39.0443],[139.8642,39.0454],[139.8644,39.0459],[139.8647,39.0468],[139.865,39.0474],[139.8653,39.0477],[139.8654,39.048],[139.8655,39.0483],[139.8656,39.0487],[139.8657,39.0488],[139.8657,39.0489],[139.8657,39.0489],[139.8657,39.0489],[139.8657,39.049],[139.8657,39.049],[139.8657,39.0491],[139.8657,39.0491],[139.8657,39.0491],[139.8657,39.0492],[139.8658,39.0492],[139.8658,39.0492],[139.8658,39.0493],[139.8658,39.0493],[139.8658,39.0494],[139.8658,39.0494],[139.8658,39.0494],[139.8658,39.0495],[139.8658,39.0495],[139.8658,39.0495],[139.8659,39.0496],[139.8659,39.0496],[139.8659,39.0496],[139.8659,39.0497],[139.8659,39.0497],[139.8659,39.0497],[139.866,39.0498],[139.866,39.0498],[139.866,39.0498],[139.866,39.0499],[139.866,39.0499],[139.866,39.0499],[139.866,39.05],[139.866,39.05],[139.866,39.05],[139.866,39.05],[139.866,39.05],[139.866,39.05],[139.8661,39.0501],[139.8661,39.0501],[139.8661,39.0501],[139.8661,39.0501],[139.8661,39.0502],[139.8662,39.0506],[139.8664,39.051],[139.8664,39.051],[139.8664,39.051],[139.8664,39.0511],[139.8665,39.0511],[139.8665,39.0512],[139.8665,39.0512],[139.8666,39.0513],[139.8666,39.0513],[139.8666,39.0514],[139.8667,39.0515],[139.8667,39.0515],[139.8667,39.0515],[139.8668,39.0517],[139.8668,39.0518],[139.8669,39.0518],[139.8669,39.0519],[139.867,39.0519],[139.8671,39.0521],[139.8671,39.0522],[139.8671,39.0522],[139.8671,39.0522],[139.8671,39.0523],[139.8671,39.0523],[139.8671,39.0523],[139.8672,39.0523],[139.8672,39.0523],[139.8672,39.0524],[139.8672,39.0524],[139.8672,39.0525],[139.8672,39.0525],[139.8672,39.0526],[139.8672,39.0527],[139.8672,39.0528],[139.8672,39.0529],[139.8673,39.0529],[139.8673,39.053],[139.8673,39.053],[139.8673,39.0531],[139.8673,39.0532],[139.8673,39.0533],[139.8673,39.0533],[139.8673,39.0533],[139.8673,39.0534],[139.8673,39.0534],[139.8673,39.0534],[139.8674,39.0536],[139.8675,39.0539],[139.8675,39.0539],[139.8675,39.0539],[139.8675,39.0539],[139.8675,39.0539],[139.8675,39.054],[139.8675,39.054],[139.8675,39.054],[139.8675,39.054],[139.8675,39.054],[139.8675,39.054],[139.8675,39.054],[139.8675,39.054],[139.8675,39.054],[139.8675,39.0541],[139.8675,39.0541],[139.8675,39.0541],[139.8675,39.0541],[139.8675,39.0542],[139.8675,39.0542],[139.8675,39.0542],[139.8675,39.0542],[139.8675,39.0542],[139.8675,39.0543],[139.8675,39.0543],[139.8675,39.0543],[139.8675,39.0543],[139.8675,39.0544],[139.8675,39.0544],[139.8676,39.0544],[139.8676,39.0544],[139.8676,39.0545],[139.8676,39.0545],[139.8676,39.0545],[139.8676,39.0545],[139.8676,39.0546],[139.8677,39.0547],[139.8677,39.0548],[139.8677,39.0548],[139.8677,39.0548],[139.8677,39.0548],[139.8677,39.0549],[139.8677,39.0549],[139.8677,39.0549],[139.8677,39.0549],[139.8677,39.0549],[139.8678,39.0549],[139.8678,39.055],[139.8678,39.055],[139.8678,39.055],[139.8678,39.0551],[139.8678,39.0551],[139.8678,39.0551],[139.8678,39.0552],[139.8678,39.0552],[139.8678,39.0553],[139.8679,39.0553],[139.8679,39.0553],[139.8679,39.0554],[139.8679,39.0554],[139.8679,39.0554],[139.8679,39.0554],[139.8679,39.0554],[139.8679,39.0554],[139.8679,39.0554],[139.8679,39.0554],[139.8679,39.0554],[139.8679,39.0554],[139.8679,39.0555],[139.8679,39.0555],[139.8679,39.0555],[139.8679,39.0555],[139.8679,39.0555],[139.8679,39.0555],[139.8679,39.0555],[139.8679,39.0555],[139.8679,39.0556],[139.8679,39.0556],[139.8679,39.0556],[139.8679,39.0556],[139.8679,39.0556],[139.8679,39.0556],[139.8679,39.0557],[139.8679,39.0557],[139.8679,39.0557],[139.8679,39.0557],[139.868,39.0557],[139.868,39.0558],[139.868,39.0558],[139.868,39.0558],[139.868,39.0558],[139.868,39.0558],[139.868,39.0559],[139.8681,39.0559],[139.8681,39.056],[139.8681,39.056],[139.8681,39.056],[139.8681,39.056],[139.8682,39.0561],[139.8682,39.0561],[139.8682,39.0561],[139.8682,39.0561],[139.8682,39.0562],[139.8682,39.0562],[139.8682,39.0562],[139.8682,39.0562],[139.8682,39.0562],[139.8683,39.0563],[139.8683,39.0563],[139.8683,39.0563],[139.8683,39.0563],[139.8683,39.0563],[139.8683,39.0563],[139.8683,39.0563],[139.8683,39.0563],[139.8683,39.0564],[139.8683,39.0564],[139.8683,39.0564],[139.8683,39.0564],[139.8683,39.0564],[139.8683,39.0565],[139.8683,39.0565],[139.8683,39.0565],[139.8683,39.0565],[139.8683,39.0566],[139.8683,39.0566],[139.8683,39.0566],[139.8683,39.0567],[139.8683,39.0567],[139.8684,39.0567],[139.8684,39.0567],[139.8684,39.0567],[139.8684,39.0567],[139.8684,39.0567],[139.8684,39.0568],[139.8684,39.0568],[139.8684,39.0568],[139.8684,39.0568],[139.8684,39.0568],[139.8684,39.0568],[139.8684,39.0568],[139.8684,39.0568],[139.8684,39.0569],[139.8684,39.0569],[139.8684,39.0569],[139.8684,39.0569],[139.8684,39.0569],[139.8684,39.0569],[139.8684,39.0569],[139.8684,39.057],[139.8684,39.057],[139.8684,39.057],[139.8684,39.057],[139.8684,39.057],[139.8684,39.057],[139.8684,39.0571],[139.8684,39.0571],[139.8684,39.0571],[139.8684,39.0571],[139.8684,39.0571],[139.8684,39.0571],[139.8684,39.0571],[139.8684,39.0571],[139.8684,39.0571],[139.8685,39.0572],[139.8685,39.0572],[139.8685,39.0572],[139.8685,39.0572],[139.8685,39.0572],[139.8685,39.0572],[139.8685,39.0573],[139.8685,39.0573],[139.8685,39.0573],[139.8685,39.0573],[139.8685,39.0573],[139.8685,39.0573],[139.8685,39.0573],[139.8685,39.0574],[139.8685,39.0574],[139.8685,39.0574],[139.8685,39.0574],[139.8685,39.0574],[139.8685,39.0574],[139.8685,39.0574],[139.8685,39.0574],[139.8685,39.0574],[139.8686,39.0575],[139.8686,39.0575],[139.8686,39.0575],[139.8686,39.0575],[139.8686,39.0575],[139.8686,39.0575],[139.8686,39.0575],[139.8686,39.0575],[139.8686,39.0575],[139.8686,39.0576],[139.8686,39.0576],[139.8686,39.0576],[139.8686,39.0576],[139.8686,39.0576],[139.8686,39.0576],[139.8686,39.0576],[139.8686,39.0576],[139.8686,39.0576],[139.8686,39.0577],[139.8686,39.0577],[139.8686,39.0577],[139.8686,39.0577],[139.8686,39.0577],[139.8686,39.0577],[139.8686,39.0577],[139.8686,39.0577],[139.8686,39.0578],[139.8686,39.0578],[139.8686,39.0578],[139.8686,39.0578],[139.8686,39.0578],[139.8686,39.0578],[139.8686,39.0578],[139.8686,39.0579],[139.8686,39.0579],[139.8686,39.0579],[139.8686,39.0579],[139.8686,39.0579],[139.8686,39.0579],[139.8686,39.0579],[139.8686,39.0579],[139.8686,39.0579],[139.8686,39.0579],[139.8686,39.058],[139.8686,39.058],[139.8686,39.058],[139.8687,39.058],[139.8687,39.0581],[139.8687,39.0581],[139.8687,39.0581],[139.8687,39.0581],[139.8687,39.0581],[139.8687,39.0581],[139.8687,39.0581],[139.8687,39.0582],[139.8687,39.0582],[139.8687,39.0582],[139.8687,39.0582],[139.8687,39.0582],[139.8687,39.0582],[139.8687,39.0582],[139.8688,39.0583],[139.8688,39.0583],[139.8688,39.0583],[139.8688,39.0583],[139.8688,39.0584],[139.8688,39.0584],[139.8688,39.0584],[139.8688,39.0584],[139.8688,39.0585],[139.8688,39.0586],[139.8688,39.0586],[139.8688,39.0586],[139.8688,39.0586],[139.8688,39.0587],[139.8688,39.0587],[139.8688,39.0587],[139.8688,39.0587],[139.8688,39.0587],[139.8688,39.0587],[139.8688,39.0587],[139.8689,39.0588],[139.8689,39.0588],[139.8689,39.0588],[139.8689,39.0588],[139.8689,39.0588],[139.8689,39.0588],[139.8689,39.0589],[139.8689,39.0589],[139.8689,39.0589],[139.8689,39.0589],[139.8689,39.0589],[139.869,39.0589],[139.869,39.0589],[139.869,39.0589],[139.869,39.059],[139.869,39.059],[139.869,39.059],[139.869,39.059],[139.869,39.059],[139.869,39.059],[139.869,39.0591],[139.869,39.0591],[139.869,39.0591],[139.869,39.0591],[139.8691,39.0592],[139.8691,39.0592],[139.8691,39.0593],[139.8691,39.0593],[139.8691,39.0593],[139.8691,39.0593],[139.8691,39.0593],[139.8691,39.0594],[139.8691,39.0594],[139.8691,39.0594],[139.8691,39.0595],[139.8691,39.0595],[139.8691,39.0595],[139.8692,39.0596],[139.8692,39.0596],[139.8692,39.0596],[139.8692,39.0596],[139.8692,39.0596],[139.8692,39.0596],[139.8692,39.0596],[139.8692,39.0596],[139.8692,39.0596],[139.8692,39.0596],[139.8692,39.0597],[139.8691,39.0597],[139.8691,39.0597],[139.8691,39.0597],[139.8691,39.0597],[139.8691,39.0597],[139.8691,39.0597],[139.8691,39.0598],[139.8691,39.0598],[139.8691,39.0598],[139.8691,39.0598],[139.8691,39.0598],[139.8691,39.0598],[139.8691,39.0598],[139.8692,39.0598],[139.8692,39.0598],[139.8692,39.0598],[139.8692,39.0598],[139.8692,39.0598],[139.8692,39.0599],[139.8692,39.0599],[139.8692,39.0599],[139.8692,39.0599],[139.8692,39.0599],[139.8692,39.0599],[139.8692,39.0599],[139.8692,39.0599],[139.8692,39.0599],[139.8692,39.0599],[139.8693,39.06],[139.8693,39.06],[139.8693,39.06],[139.8693,39.06],[139.8693,39.06],[139.8693,39.06],[139.8693,39.06],[139.8693,39.06],[139.8693,39.06],[139.8693,39.0601],[139.8694,39.0601],[139.8694,39.0603],[139.8694,39.0603],[139.8694,39.0603],[139.8694,39.0603],[139.8694,39.0603],[139.8694,39.0603],[139.8694,39.0604],[139.8694,39.0604],[139.8694,39.0604],[139.8694,39.0604],[139.8694,39.0605],[139.8694,39.0605],[139.8694,39.0606],[139.8694,39.0606],[139.8694,39.0607],[139.8694,39.0607],[139.8694,39.0607],[139.8694,39.0607],[139.8694,39.0607],[139.8694,39.0607],[139.8695,39.0608],[139.8695,39.0608],[139.8695,39.0608],[139.8695,39.0608],[139.8695,39.0608],[139.8695,39.0608],[139.8695,39.0609],[139.8695,39.0609],[139.8695,39.061],[139.8695,39.061],[139.8696,39.0611],[139.8696,39.0611],[139.8696,39.0611],[139.8696,39.0612],[139.8696,39.0612],[139.8696,39.0612],[139.8696,39.0612],[139.8696,39.0612],[139.8696,39.0612],[139.8696,39.0613],[139.8697,39.0613],[139.8697,39.0613],[139.8697,39.0613],[139.8697,39.0614],[139.8697,39.0614],[139.8697,39.0614],[139.8697,39.0614],[139.8697,39.0614],[139.8697,39.0615],[139.8698,39.0615],[139.8698,39.0615],[139.8698,39.0615],[139.8698,39.0615],[139.8698,39.0616],[139.8698,39.0616],[139.8698,39.0616],[139.8698,39.0616],[139.8698,39.0616],[139.8698,39.0616],[139.8698,39.0617],[139.8698,39.0617],[139.8698,39.0617],[139.8698,39.0617],[139.8698,39.0618],[139.8698,39.0618],[139.8698,39.0618],[139.8698,39.0618],[139.8698,39.0618],[139.8698,39.0619],[139.8698,39.0619],[139.8698,39.0619],[139.8698,39.0619],[139.8698,39.0619],[139.8698,39.0619],[139.8698,39.0619],[139.8698,39.0619],[139.8698,39.0619],[139.8698,39.0619],[139.8698,39.062],[139.8698,39.062],[139.8698,39.062],[139.8698,39.062],[139.8699,39.062],[139.8699,39.062],[139.8699,39.062],[139.8699,39.0621],[139.8699,39.0621],[139.8699,39.0621],[139.8699,39.0621],[139.8699,39.0621],[139.8699,39.0621],[139.8699,39.0621],[139.8699,39.0621],[139.8699,39.0622],[139.8699,39.0622],[139.8699,39.0622],[139.8699,39.0622],[139.8699,39.0622],[139.8699,39.0622],[139.8699,39.0623],[139.8699,39.0623],[139.8699,39.0623],[139.8699,39.0623],[139.8699,39.0623],[139.8699,39.0623],[139.8699,39.0623],[139.8699,39.0623],[139.8699,39.0623],[139.8699,39.0623],[139.87,39.0623],[139.87,39.0624],[139.87,39.0624],[139.87,39.0624],[139.87,39.0624],[139.87,39.0624],[139.87,39.0624],[139.87,39.0624],[139.87,39.0625],[139.87,39.0625],[139.87,39.0625],[139.87,39.0625],[139.87,39.0625],[139.87,39.0625],[139.87,39.0626],[139.87,39.0626],[139.87,39.0626],[139.87,39.0626],[139.87,39.0626],[139.87,39.0627],[139.87,39.0627],[139.87,39.0627],[139.87,39.0628],[139.87,39.0628],[139.87,39.0629],[139.87,39.0629],[139.87,39.0629],[139.87,39.063],[139.87,39.063],[139.8701,39.063],[139.8701,39.063],[139.8701,39.0631],[139.8701,39.0631],[139.8701,39.0632],[139.8701,39.0633],[139.8701,39.0633],[139.8701,39.0633],[139.8701,39.0633],[139.8701,39.0634],[139.8702,39.0634],[139.8702,39.0634],[139.8702,39.0634],[139.8702,39.0635],[139.8702,39.0635],[139.8702,39.0635],[139.8702,39.0635],[139.8702,39.0635],[139.8702,39.0635],[139.8702,39.0635],[139.8702,39.0636],[139.8702,39.0636],[139.8702,39.0636],[139.8702,39.0636],[139.8702,39.0637],[139.8702,39.0638],[139.8702,39.0638],[139.8702,39.0638],[139.8702,39.0638],[139.8702,39.0639],[139.8702,39.0639],[139.8702,39.0639],[139.8702,39.0639],[139.8702,39.0639],[139.8702,39.064],[139.8702,39.064],[139.8702,39.064],[139.8702,39.064],[139.8702,39.0641],[139.8702,39.0641],[139.8702,39.0642],[139.8702,39.0643],[139.8701,39.0643],[139.8701,39.0643],[139.8701,39.0643],[139.8701,39.0644],[139.8701,39.0644],[139.8702,39.0644],[139.8702,39.0644],[139.8702,39.0644],[139.8702,39.0644],[139.8702,39.0645],[139.8702,39.0645],[139.8702,39.0645],[139.8702,39.0646],[139.8702,39.0646],[139.8702,39.0647],[139.8702,39.0647],[139.8702,39.0647],[139.8702,39.0648],[139.8702,39.0648],[139.8702,39.0648],[139.8702,39.0648],[139.8702,39.0648],[139.8702,39.0648],[139.8702,39.0649],[139.8702,39.0649],[139.8702,39.065],[139.8702,39.065],[139.8702,39.065],[139.8702,39.065],[139.8702,39.065],[139.8702,39.0654],[139.8703,39.0657],[139.8703,39.0658],[139.8703,39.0659],[139.8703,39.0659],[139.8703,39.0659],[139.8703,39.0659],[139.8703,39.0659],[139.8703,39.0659],[139.8703,39.0659],[139.8703,39.0659],[139.8703,39.066],[139.8703,39.066],[139.8703,39.066],[139.8703,39.066],[139.8703,39.066],[139.8703,39.066],[139.8703,39.066],[139.8703,39.066],[139.8703,39.066],[139.8704,39.0661],[139.8704,39.0661],[139.8704,39.0661],[139.8704,39.0661],[139.8704,39.0661],[139.8704,39.0661],[139.8704,39.0661],[139.8704,39.0661],[139.8704,39.0662],[139.8704,39.0662],[139.8704,39.0662],[139.8704,39.0662],[139.8704,39.0662],[139.8704,39.0662],[139.8705,39.0663],[139.8705,39.0663],[139.8705,39.0663],[139.8705,39.0663],[139.8705,39.0663],[139.8705,39.0663],[139.8706,39.0664],[139.8706,39.0665],[139.8703,39.0665],[139.8698,39.0666],[139.8696,39.0667],[139.8695,39.0667],[139.8693,39.0667],[139.8689,39.0668],[139.8687,39.0668],[139.8681,39.0669],[139.8673,39.0671],[139.8667,39.0671],[139.8667,39.0671],[139.8656,39.0673],[139.8655,39.0675],[139.8646,39.0691],[139.8647,39.0692],[139.8656,39.0674],[139.8667,39.0672],[139.8667,39.0672],[139.8673,39.0671],[139.8679,39.067],[139.8679,39.067],[139.8684,39.0669],[139.8687,39.0669],[139.8687,39.0669],[139.8688,39.0668],[139.8688,39.0669],[139.8689,39.0669],[139.869,39.0669],[139.8691,39.0669],[139.8691,39.0668],[139.8691,39.0668],[139.8691,39.0668],[139.8694,39.0667],[139.8698,39.0667],[139.8698,39.0667],[139.8699,39.0667],[139.8703,39.0666],[139.8703,39.0666],[139.8703,39.0667],[139.8703,39.0667],[139.8703,39.0667],[139.8704,39.0669],[139.8704,39.0669],[139.8704,39.0669],[139.8704,39.0669],[139.8704,39.0669],[139.8704,39.0669],[139.8704,39.067],[139.8704,39.067],[139.8704,39.067],[139.8704,39.0671],[139.8705,39.0671],[139.8705,39.0671],[139.8705,39.0671],[139.8705,39.0672],[139.8705,39.0672],[139.8705,39.0672],[139.8705,39.0672],[139.8705,39.0673],[139.8705,39.0673],[139.8705,39.0673],[139.8705,39.0673],[139.8705,39.0673],[139.8705,39.0673],[139.8705,39.0674],[139.8705,39.0674],[139.8705,39.0674],[139.8705,39.0674],[139.8705,39.0674],[139.8705,39.0674],[139.8705,39.0675],[139.8705,39.0675],[139.8705,39.0675],[139.8705,39.0675],[139.8705,39.0675],[139.8705,39.0676],[139.8705,39.0676],[139.8705,39.0676],[139.8705,39.0677],[139.8705,39.0677],[139.8705,39.0677],[139.8705,39.0677],[139.8705,39.0677],[139.8705,39.0678],[139.8704,39.0679],[139.8704,39.0679],[139.8704,39.0679],[139.8704,39.068],[139.8704,39.068],[139.8704,39.068],[139.8704,39.0681],[139.8704,39.0681],[139.8703,39.0681],[139.8703,39.0681],[139.8703,39.0681],[139.8703,39.0682],[139.8703,39.0682],[139.8703,39.0682],[139.8702,39.0683],[139.8702,39.0684],[139.8702,39.0684],[139.8701,39.0684],[139.8701,39.0685],[139.8701,39.0685],[139.8701,39.0685],[139.8701,39.0686],[139.8701,39.0686],[139.8701,39.0686],[139.87,39.0686],[139.87,39.0687],[139.87,39.0687],[139.87,39.0687],[139.87,39.0687],[139.87,39.0687],[139.87,39.0687],[139.87,39.0687],[139.87,39.0687],[139.87,39.0687],[139.87,39.0687],[139.87,39.0687],[139.87,39.0688],[139.87,39.0688],[139.87,39.0688],[139.87,39.0689],[139.87,39.0689],[139.8702,39.0688],[139.8702,39.0688],[139.8705,39.0686],[139.8723,39.0683],[139.8726,39.0696],[139.8728,39.0696],[139.8727,39.0705],[139.8703,39.0704],[139.8699,39.0699],[139.8702,39.0697],[139.8716,39.0698],[139.8716,39.0697],[139.8702,39.0696],[139.8698,39.0699],[139.8693,39.0693],[139.8695,39.0692],[139.8694,39.0692],[139.8693,39.0693],[139.8687,39.0687],[139.8686,39.0687],[139.8679,39.068],[139.8679,39.068],[139.8674,39.0681],[139.8674,39.0682],[139.8673,39.0682],[139.8667,39.0682],[139.8667,39.0682],[139.8666,39.0682],[139.8664,39.0685],[139.8663,39.0686],[139.8664,39.0687],[139.8666,39.0683],[139.8667,39.0683],[139.8667,39.0682],[139.8673,39.0682],[139.8674,39.0682],[139.8674,39.0682],[139.8679,39.0682],[139.8681,39.0684],[139.8685,39.0688],[139.8689,39.0692],[139.8693,39.0696],[139.8695,39.0698],[139.8697,39.07],[139.8697,39.0701],[139.8698,39.0701],[139.8698,39.0701],[139.8698,39.0702],[139.8698,39.0702],[139.8698,39.0702],[139.8698,39.0702],[139.8698,39.0702],[139.8698,39.0703],[139.8699,39.0703],[139.8699,39.0703],[139.8699,39.0703],[139.8699,39.0704],[139.8699,39.0704],[139.8699,39.0704],[139.8699,39.0704],[139.8699,39.0704],[139.8699,39.0704],[139.8699,39.0704],[139.8699,39.0704],[139.8699,39.0704],[139.8699,39.0705],[139.8699,39.0705],[139.8699,39.0705],[139.8699,39.0706],[139.8699,39.0706],[139.8699,39.0706],[139.8694,39.0707],[139.869,39.0708],[139.869,39.0708],[139.8689,39.0708],[139.8687,39.0708],[139.8688,39.0709],[139.8687,39.0709],[139.8686,39.0709],[139.8685,39.0709],[139.8682,39.0709],[139.8682,39.0709],[139.8677,39.071],[139.8677,39.071],[139.8672,39.071],[139.8667,39.0711],[139.8667,39.0711],[139.8665,39.0711],[139.8659,39.0711],[139.8648,39.0712],[139.8646,39.0711],[139.8638,39.0708],[139.8637,39.0708],[139.8642,39.0711],[139.8648,39.0713],[139.8651,39.0713],[139.8665,39.0712],[139.8667,39.0712],[139.8667,39.0712],[139.8667,39.0712],[139.8672,39.0712],[139.8676,39.0712],[139.8681,39.0711],[139.8685,39.071],[139.8686,39.071],[139.8687,39.071],[139.8687,39.0709],[139.869,39.0708],[139.8694,39.0707],[139.8694,39.0707],[139.8695,39.0707],[139.8695,39.0707],[139.8698,39.0707],[139.8699,39.0706],[139.8699,39.0707],[139.8699,39.071],[139.87,39.0713],[139.8699,39.0713],[139.8696,39.0714],[139.8695,39.0714],[139.8694,39.0715],[139.8695,39.0715],[139.8696,39.0715],[139.8696,39.0715],[139.8694,39.0716],[139.8694,39.0717],[139.8694,39.0717],[139.8695,39.0717],[139.8695,39.0717],[139.8696,39.0717],[139.8696,39.0716],[139.8696,39.0715],[139.8698,39.0714],[139.8698,39.0714],[139.8699,39.0714],[139.8699,39.0714],[139.8699,39.0714],[139.8699,39.0714],[139.8699,39.0714],[139.8699,39.0714],[139.8699,39.0714],[139.8699,39.0714],[139.8699,39.0714],[139.8699,39.0714],[139.8699,39.0715],[139.8699,39.0715],[139.8699,39.0715],[139.8699,39.0715],[139.8699,39.0715],[139.8699,39.0715],[139.8699,39.0715],[139.8699,39.0715],[139.8699,39.0715],[139.8699,39.0715],[139.8698,39.0715],[139.8697,39.0715],[139.8697,39.0716],[139.8697,39.0716],[139.8697,39.0717],[139.8698,39.0717],[139.8698,39.0717],[139.8698,39.0717],[139.8698,39.0717],[139.8699,39.0718],[139.8699,39.0717],[139.8698,39.0718],[139.8698,39.0718],[139.8697,39.0718],[139.8697,39.0718],[139.8697,39.0718],[139.8697,39.0719],[139.8697,39.0719],[139.8697,39.0719],[139.8697,39.0719],[139.8697,39.0719],[139.8697,39.072],[139.8697,39.072],[139.8697,39.072],[139.8696,39.072],[139.8696,39.072],[139.8696,39.072],[139.8696,39.072],[139.8696,39.072],[139.8696,39.072],[139.8696,39.072],[139.8696,39.072],[139.8696,39.072],[139.8696,39.072],[139.8696,39.072],[139.8696,39.072],[139.8696,39.072],[139.8696,39.072],[139.8696,39.072],[139.8696,39.072],[139.8696,39.072],[139.8695,39.072],[139.8695,39.072],[139.8695,39.072],[139.8695,39.072],[139.8695,39.072],[139.8695,39.072],[139.8695,39.0721],[139.8695,39.0721],[139.8695,39.0721],[139.8695,39.0721],[139.8695,39.0721],[139.8695,39.0721],[139.8695,39.0721],[139.8695,39.0721],[139.8695,39.0721],[139.8695,39.0721],[139.8695,39.0721],[139.8695,39.0721],[139.8695,39.0721],[139.8695,39.0721],[139.8695,39.0721],[139.8694,39.0721],[139.8694,39.0721],[139.8694,39.0721],[139.8694,39.0721],[139.8694,39.0721],[139.8694,39.0721],[139.8694,39.0721],[139.8694,39.0721],[139.8694,39.0721],[139.8694,39.0721],[139.8694,39.072],[139.8694,39.072],[139.8693,39.072],[139.8692,39.072],[139.8691,39.0721],[139.8691,39.0721],[139.8691,39.0721],[139.8691,39.0721],[139.869,39.0722],[139.8689,39.0722],[139.8689,39.0723],[139.8688,39.0724],[139.8688,39.0724],[139.8687,39.0724],[139.8687,39.0724],[139.8686,39.0724],[139.8686,39.0725],[139.8686,39.0725],[139.8686,39.0725],[139.8686,39.0725],[139.8686,39.0725],[139.8686,39.0725],[139.8686,39.0725],[139.8686,39.0725],[139.8686,39.0725],[139.8686,39.0725],[139.8686,39.0724],[139.8686,39.0723],[139.8685,39.0723],[139.8685,39.0723],[139.8684,39.0723],[139.8684,39.0724],[139.8684,39.0725],[139.8683,39.0726],[139.8682,39.0726],[139.8681,39.0726],[139.8681,39.0726],[139.8681,39.0726],[139.8681,39.0727],[139.8681,39.0727],[139.868,39.0727],[139.868,39.0728],[139.868,39.0728],[139.8679,39.0728],[139.8679,39.0729],[139.8679,39.073],[139.8679,39.0731],[139.8678,39.0731],[139.8677,39.0731],[139.8677,39.0732],[139.8677,39.0733],[139.8678,39.0733],[139.8677,39.0734],[139.8677,39.0734],[139.8676,39.0735],[139.8676,39.0735],[139.8676,39.0736],[139.8676,39.0736],[139.8675,39.0737],[139.8675,39.0737],[139.8676,39.0737],[139.8677,39.0737],[139.8677,39.0737],[139.8678,39.0736],[139.8678,39.0736],[139.8678,39.0735],[139.8679,39.0735],[139.8679,39.0736],[139.8678,39.0737],[139.8678,39.0737],[139.8679,39.0738],[139.868,39.0738],[139.868,39.0738],[139.868,39.0737],[139.8681,39.0736],[139.8681,39.0735],[139.8682,39.0735],[139.8683,39.0735],[139.8684,39.0735],[139.8685,39.0736],[139.8685,39.0736],[139.8686,39.0737],[139.8687,39.0738],[139.8688,39.0739],[139.8688,39.0739],[139.8689,39.074],[139.8689,39.074],[139.8688,39.074],[139.8688,39.074],[139.8688,39.074],[139.8687,39.074],[139.8687,39.074],[139.8686,39.0741],[139.8687,39.0741],[139.8687,39.0741],[139.8686,39.0741],[139.8686,39.0741],[139.8685,39.074],[139.8683,39.0739],[139.8683,39.0739],[139.8683,39.074],[139.8683,39.074],[139.8685,39.0741],[139.8686,39.0742],[139.8687,39.0742],[139.8688,39.0742],[139.8688,39.0742],[139.8688,39.0741],[139.8689,39.0741],[139.869,39.0742],[139.8691,39.0743],[139.869,39.0744],[139.869,39.0744],[139.869,39.0744],[139.8689,39.0744],[139.8689,39.0744],[139.8689,39.0744],[139.869,39.0743],[139.869,39.0743],[139.8689,39.0742],[139.8688,39.0742],[139.8688,39.0743],[139.8687,39.0743],[139.8688,39.0744],[139.8688,39.0744],[139.8688,39.0745],[139.8687,39.0745],[139.8688,39.0745],[139.8689,39.0746],[139.8689,39.0747],[139.869,39.0746],[139.869,39.0746],[139.8691,39.0745],[139.8691,39.0745],[139.8692,39.0745],[139.8692,39.0746],[139.8693,39.0748],[139.8693,39.0749],[139.8693,39.0749],[139.8692,39.0748],[139.8691,39.0748],[139.869,39.0748],[139.869,39.0748],[139.8691,39.0749],[139.8691,39.0749],[139.8693,39.0749],[139.8694,39.075],[139.8695,39.075],[139.8695,39.075],[139.8695,39.075],[139.8695,39.075],[139.8694,39.075],[139.8694,39.0751],[139.8694,39.0751],[139.8695,39.0751],[139.8695,39.0751],[139.8695,39.0752],[139.8695,39.0753],[139.8695,39.0753],[139.8695,39.0753],[139.8696,39.0753],[139.8697,39.0754],[139.8697,39.0754],[139.8698,39.0754],[139.8698,39.0754],[139.8699,39.0754],[139.8699,39.0755],[139.87,39.0755],[139.87,39.0755],[139.8701,39.0756],[139.8702,39.0757],[139.8702,39.0757],[139.8702,39.0758],[139.8703,39.0758],[139.8704,39.0758],[139.8705,39.0758],[139.8705,39.0759],[139.8705,39.0759],[139.8705,39.076],[139.8705,39.0761],[139.8706,39.0761],[139.8706,39.0761],[139.8707,39.0761],[139.8707,39.0762],[139.8707,39.0762],[139.8708,39.0762],[139.8709,39.0763],[139.871,39.0763],[139.871,39.0764],[139.8711,39.0764],[139.8712,39.0764],[139.8712,39.0765],[139.8712,39.0765],[139.8713,39.0765],[139.8713,39.0765],[139.8714,39.0765],[139.8714,39.0766],[139.8714,39.0766],[139.8715,39.0766],[139.8715,39.0766],[139.8716,39.0766],[139.8716,39.0767],[139.8718,39.0768],[139.8718,39.0768],[139.872,39.0769],[139.8722,39.077],[139.8723,39.0771],[139.8724,39.0772],[139.8724,39.0773],[139.8725,39.0774],[139.8725,39.0775],[139.8726,39.0775],[139.8726,39.0775],[139.8727,39.0775],[139.8727,39.0776],[139.8727,39.0776],[139.8728,39.0777],[139.8728,39.0777],[139.8728,39.0778],[139.8728,39.0778],[139.8728,39.0778],[139.8728,39.0778],[139.8728,39.0778],[139.8728,39.0779],[139.8728,39.0779],[139.8728,39.0779],[139.8729,39.0779],[139.8729,39.0779],[139.8729,39.078],[139.8729,39.078],[139.8729,39.078],[139.8729,39.0781],[139.8729,39.0781],[139.8729,39.0782],[139.8729,39.0782],[139.8729,39.0782],[139.8729,39.0782],[139.8729,39.0783],[139.8729,39.0783],[139.8729,39.0783],[139.8729,39.0783],[139.8729,39.0783],[139.8729,39.0783],[139.8728,39.0784],[139.8728,39.0784],[139.8727,39.0786],[139.8728,39.0786],[139.8728,39.0786],[139.8727,39.0786],[139.8727,39.0787],[139.8727,39.0788],[139.8727,39.0788],[139.8726,39.0789],[139.8726,39.0789],[139.8726,39.0789],[139.8726,39.079],[139.8726,39.079],[139.8726,39.0791],[139.8726,39.0791],[139.8726,39.0791],[139.8726,39.0791],[139.8726,39.0792],[139.8725,39.0792],[139.8725,39.0793],[139.8725,39.0793],[139.8725,39.0793],[139.8725,39.0793],[139.8725,39.0794],[139.8725,39.0794],[139.8725,39.0795],[139.8724,39.0795],[139.8724,39.0795],[139.8724,39.0795],[139.8724,39.0795],[139.8724,39.0795],[139.8724,39.0795],[139.8724,39.0796],[139.8724,39.0796],[139.8724,39.0796],[139.8724,39.0796],[139.8724,39.0796],[139.8724,39.0796],[139.8724,39.0796],[139.8724,39.0796],[139.8723,39.0796],[139.8723,39.0796],[139.8723,39.0797],[139.8723,39.0797],[139.8723,39.0797],[139.8723,39.0797],[139.8723,39.0797],[139.8723,39.0797],[139.8723,39.0797],[139.8723,39.0797],[139.8723,39.0797],[139.8722,39.0797],[139.8722,39.0797],[139.8722,39.0797],[139.8722,39.0797],[139.8722,39.0797],[139.8722,39.0797],[139.8721,39.0797],[139.8721,39.0798],[139.8721,39.0798],[139.8721,39.0798],[139.8721,39.0798],[139.8721,39.0798],[139.8721,39.0798],[139.8721,39.0798],[139.8721,39.0798],[139.8721,39.0798],[139.872,39.0798],[139.872,39.0798],[139.872,39.0798],[139.872,39.0798],[139.872,39.0799],[139.872,39.0799],[139.872,39.0799],[139.8719,39.0799],[139.8718,39.0799],[139.8717,39.0799],[139.8716,39.0799],[139.8715,39.0799],[139.8715,39.0799],[139.8715,39.08],[139.8715,39.08],[139.8715,39.0799],[139.8714,39.0799],[139.8713,39.0799],[139.8712,39.0799],[139.8712,39.08],[139.8711,39.08],[139.8712,39.0801],[139.8712,39.0801],[139.8712,39.0801],[139.8713,39.0801],[139.8714,39.0801],[139.8714,39.0802],[139.8715,39.0801],[139.8715,39.0802],[139.8715,39.0802],[139.8714,39.0802],[139.8713,39.0802],[139.8713,39.0802],[139.8709,39.0803],[139.8708,39.0803],[139.8708,39.0803],[139.8708,39.0803],[139.8709,39.0812],[139.871,39.0821],[139.8712,39.0821],[139.8712,39.0821],[139.8721,39.082],[139.8722,39.082],[139.8722,39.082],[139.8722,39.082],[139.8722,39.082],[139.8722,39.082],[139.8722,39.082],[139.8722,39.0821],[139.8722,39.0821],[139.8722,39.0821],[139.8722,39.0821],[139.8722,39.0821],[139.8722,39.0821],[139.8722,39.0821],[139.8722,39.0821],[139.8722,39.0821],[139.8722,39.0821],[139.8723,39.0822],[139.8723,39.0822],[139.8723,39.0822],[139.8723,39.0822],[139.8723,39.0822],[139.8723,39.0822],[139.8723,39.0822],[139.8723,39.0823],[139.8723,39.0823],[139.8723,39.0823],[139.8723,39.0823],[139.8723,39.0823],[139.8723,39.0823],[139.8723,39.0823],[139.8723,39.0823],[139.8723,39.0823],[139.8723,39.0824],[139.8723,39.0824],[139.8723,39.0824],[139.8723,39.0824],[139.8723,39.0824],[139.8723,39.0825],[139.8723,39.0825],[139.8723,39.0825],[139.8723,39.0825],[139.8723,39.0825],[139.8723,39.0825],[139.8723,39.0825],[139.8723,39.0825],[139.8723,39.0826],[139.8723,39.0826],[139.8723,39.0826],[139.8723,39.0826],[139.8723,39.0826],[139.8723,39.0826],[139.8723,39.0826],[139.8723,39.0826],[139.8723,39.0826],[139.8723,39.0826],[139.8723,39.0826],[139.8723,39.0826],[139.8723,39.0826],[139.8723,39.0826],[139.8723,39.0826],[139.8723,39.0826],[139.8722,39.0826],[139.8722,39.0826],[139.8722,39.0826],[139.8722,39.0826],[139.8722,39.0826],[139.8722,39.0826],[139.8722,39.0826],[139.8722,39.0826],[139.8722,39.0826],[139.8722,39.0826],[139.8721,39.0826],[139.8721,39.0826],[139.8721,39.0826],[139.8721,39.0826],[139.8721,39.0826],[139.8721,39.0826],[139.8721,39.0826],[139.8721,39.0826],[139.8721,39.0826],[139.8721,39.0826],[139.8721,39.0827],[139.8721,39.0827],[139.8721,39.0827],[139.8721,39.0827],[139.8721,39.0827],[139.8721,39.0827],[139.8721,39.0827],[139.8721,39.0827],[139.8721,39.0827],[139.8721,39.0827],[139.872,39.0827],[139.872,39.0827],[139.872,39.0827],[139.872,39.0827],[139.872,39.0827],[139.872,39.0827],[139.872,39.0828],[139.8721,39.0828],[139.8721,39.0828],[139.8721,39.0828],[139.8721,39.0829],[139.8721,39.0829],[139.8721,39.083],[139.8721,39.083],[139.8721,39.083],[139.8721,39.083],[139.8721,39.083],[139.8721,39.0831],[139.8721,39.0831],[139.8721,39.0831],[139.8721,39.0831],[139.8721,39.0831],[139.8721,39.0831],[139.8721,39.0831],[139.8721,39.0831],[139.8721,39.0832],[139.8721,39.0832],[139.8721,39.0832],[139.8721,39.0832],[139.8721,39.0832],[139.8721,39.0832],[139.8721,39.0832],[139.8722,39.0832],[139.8722,39.0832],[139.8722,39.0832],[139.8722,39.0832],[139.8722,39.0832],[139.8722,39.0832],[139.8722,39.0832],[139.8722,39.0832],[139.8722,39.0832],[139.8722,39.0832],[139.8722,39.0832],[139.8722,39.0832],[139.8722,39.0832],[139.8722,39.0832],[139.8722,39.0832],[139.8723,39.0832],[139.8723,39.0832],[139.8723,39.0832],[139.8723,39.0832],[139.8723,39.0832],[139.8723,39.0832],[139.8723,39.0832],[139.8724,39.0832],[139.8724,39.0832],[139.8724,39.0832],[139.8724,39.0832],[139.8724,39.0832],[139.8724,39.0832],[139.8724,39.0832],[139.8724,39.0832],[139.8724,39.0832],[139.8724,39.0833],[139.8724,39.0833],[139.8725,39.0837],[139.8725,39.0837],[139.8724,39.0837],[139.8724,39.0837],[139.8724,39.0837],[139.8724,39.0837],[139.8724,39.0837],[139.8724,39.0837],[139.8724,39.0837],[139.8724,39.0836],[139.8724,39.0836],[139.8724,39.0836],[139.8724,39.0836],[139.8724,39.0836],[139.8724,39.0836],[139.8724,39.0836],[139.8724,39.0836],[139.8723,39.0836],[139.8723,39.0836],[139.8723,39.0836],[139.8723,39.0836],[139.8723,39.0836],[139.8723,39.0836],[139.8723,39.0836],[139.8723,39.0836],[139.8723,39.0836],[139.8723,39.0836],[139.8723,39.0836],[139.8723,39.0836],[139.8723,39.0836],[139.8723,39.0836],[139.8723,39.0836],[139.8723,39.0836],[139.8723,39.0836],[139.8722,39.0836],[139.8722,39.0836],[139.8722,39.0836],[139.8722,39.0836],[139.8722,39.0836],[139.8722,39.0836],[139.8722,39.0836],[139.8722,39.0837],[139.8722,39.0837],[139.8722,39.0837],[139.8722,39.0837],[139.8722,39.0837],[139.8722,39.0837],[139.8722,39.0837],[139.8722,39.0837],[139.8722,39.0838],[139.8722,39.0838],[139.8722,39.0838],[139.8722,39.0838],[139.8722,39.0838],[139.8722,39.0839],[139.8722,39.0839],[139.8722,39.0839],[139.8722,39.084],[139.8722,39.084],[139.8722,39.084],[139.8722,39.0841],[139.8722,39.0841],[139.8722,39.0841],[139.8722,39.0841],[139.8722,39.0841],[139.8722,39.0841],[139.8722,39.0841],[139.8722,39.0841],[139.8722,39.0841],[139.8722,39.0841],[139.8722,39.0841],[139.8722,39.0842],[139.8722,39.0842],[139.8722,39.0842],[139.8722,39.0842],[139.8722,39.0842],[139.8722,39.0842],[139.8722,39.0842],[139.8722,39.0842],[139.8722,39.0842],[139.8722,39.0842],[139.8722,39.0842],[139.8722,39.0842],[139.8722,39.0842],[139.8722,39.0842],[139.8722,39.0842],[139.8722,39.0842],[139.8722,39.0842],[139.8722,39.0842],[139.8722,39.0842],[139.8722,39.0843],[139.8722,39.0843],[139.8722,39.0843],[139.8722,39.0843],[139.8722,39.0843],[139.8723,39.0843],[139.8723,39.0843],[139.8723,39.0843],[139.8723,39.0843],[139.8723,39.0843],[139.8723,39.0843],[139.8723,39.0843],[139.8723,39.0843],[139.8723,39.0843],[139.8723,39.0843],[139.8723,39.0843],[139.8723,39.0843],[139.8723,39.0843],[139.8723,39.0843],[139.8723,39.0843],[139.8723,39.0843],[139.8723,39.0843],[139.8723,39.0843],[139.8723,39.0844],[139.8723,39.0844],[139.8724,39.0844],[139.8724,39.0844],[139.8724,39.0844],[139.8724,39.0844],[139.8724,39.0845],[139.8724,39.0845],[139.8724,39.0845],[139.8724,39.0845],[139.8724,39.0845],[139.8724,39.0845],[139.8724,39.0845],[139.8724,39.0845],[139.8724,39.0845],[139.8724,39.0845],[139.8724,39.0845],[139.8724,39.0845],[139.8724,39.0846],[139.8724,39.0846],[139.8724,39.0846],[139.8724,39.0846],[139.8724,39.0846],[139.8724,39.0846],[139.8724,39.0846],[139.8725,39.0847],[139.8725,39.0847],[139.8725,39.0847],[139.8725,39.0847],[139.8725,39.0847],[139.8725,39.0847],[139.8725,39.0848],[139.8725,39.0848],[139.8725,39.0848],[139.8725,39.0848],[139.8725,39.0848],[139.8725,39.0849],[139.8725,39.0849],[139.8725,39.0849],[139.8725,39.0849],[139.8726,39.085],[139.8726,39.085],[139.8726,39.085],[139.8726,39.0851],[139.8726,39.0851],[139.8726,39.0851],[139.8726,39.0851],[139.8726,39.0851],[139.8726,39.0851],[139.8726,39.0852],[139.8726,39.0852],[139.8726,39.0852],[139.8726,39.0853],[139.8726,39.0853],[139.8726,39.0853],[139.8726,39.0853],[139.8726,39.0853],[139.8726,39.0853],[139.8726,39.0853],[139.8726,39.0853],[139.8726,39.0853],[139.8726,39.0853],[139.8726,39.0853],[139.8726,39.0853],[139.8726,39.0853],[139.8726,39.0854],[139.8726,39.0854],[139.8726,39.0854],[139.8726,39.0854],[139.8727,39.0854],[139.8727,39.0854],[139.8727,39.0854],[139.8727,39.0854],[139.8727,39.0854],[139.8727,39.0855],[139.8727,39.0855],[139.8727,39.0855],[139.8727,39.0855],[139.8727,39.0856],[139.8727,39.0856],[139.8727,39.0856],[139.8727,39.0856],[139.8727,39.0856],[139.8727,39.0856],[139.8727,39.0856],[139.8727,39.0857],[139.8727,39.0857],[139.8728,39.0857],[139.8728,39.0857],[139.8727,39.0857],[139.8727,39.0857],[139.8727,39.0858],[139.8727,39.0858],[139.8727,39.0858],[139.8727,39.0858],[139.8727,39.0858],[139.8727,39.0858],[139.8727,39.0858],[139.8728,39.0858],[139.8728,39.0858],[139.8728,39.0858],[139.8728,39.0859],[139.8728,39.0859],[139.8728,39.086],[139.8728,39.086],[139.8728,39.0861],[139.8728,39.0861],[139.8729,39.0862],[139.8729,39.0862],[139.8729,39.0862],[139.8729,39.0862],[139.8729,39.0862],[139.8729,39.0863],[139.8729,39.0863],[139.8729,39.0863],[139.8729,39.0864],[139.8729,39.0864],[139.873,39.0864],[139.873,39.0864],[139.873,39.0864],[139.873,39.0864],[139.873,39.0864],[139.873,39.0865],[139.873,39.0865],[139.873,39.0865],[139.873,39.0865],[139.873,39.0865],[139.873,39.0865],[139.873,39.0866],[139.873,39.0866],[139.873,39.0866],[139.873,39.0866],[139.873,39.0866],[139.873,39.0866],[139.873,39.0866],[139.873,39.0867],[139.873,39.0867],[139.8731,39.0868],[139.8731,39.0868],[139.8731,39.0868],[139.8731,39.0869],[139.8731,39.0869],[139.8731,39.0869],[139.8731,39.0869],[139.8731,39.0869],[139.8731,39.0869],[139.8731,39.087],[139.8731,39.087],[139.8731,39.087],[139.8731,39.087],[139.8731,39.087],[139.8731,39.087],[139.8731,39.087],[139.8731,39.087],[139.8731,39.087],[139.8731,39.087],[139.8731,39.087],[139.8731,39.087],[139.8732,39.087],[139.8732,39.087],[139.8732,39.087],[139.8732,39.0871],[139.8732,39.0871],[139.8732,39.0871],[139.8732,39.0871],[139.8732,39.0871],[139.8732,39.0871],[139.8732,39.0871],[139.8732,39.0871],[139.8732,39.0871],[139.8732,39.0871],[139.8732,39.0871],[139.8732,39.0871],[139.8732,39.0871],[139.8732,39.0871],[139.8732,39.0871],[139.8732,39.0871],[139.8733,39.0872],[139.8733,39.0872],[139.8733,39.0872],[139.8733,39.0873],[139.8733,39.0873],[139.8733,39.0873],[139.8733,39.0873],[139.8733,39.0874],[139.8733,39.0874],[139.8733,39.0874],[139.8734,39.0874],[139.8734,39.0874],[139.8734,39.0874],[139.8734,39.0875],[139.8734,39.0875],[139.8734,39.0875],[139.8734,39.0875],[139.8734,39.0875],[139.8734,39.0875],[139.8734,39.0875],[139.8734,39.0875],[139.8734,39.0876],[139.8734,39.0876],[139.8734,39.0876],[139.8734,39.0876],[139.8734,39.0876],[139.8734,39.0876],[139.8734,39.0877],[139.8734,39.0877],[139.8734,39.0877],[139.8734,39.0877],[139.8734,39.0877],[139.8734,39.0878],[139.8734,39.0878],[139.8734,39.0878],[139.8734,39.0878],[139.8734,39.0878],[139.8734,39.0878],[139.8734,39.0878],[139.8734,39.0879],[139.8734,39.0879],[139.8734,39.0879],[139.8734,39.0879],[139.8735,39.0879],[139.8735,39.0879],[139.8735,39.0879],[139.8735,39.0879],[139.8735,39.088],[139.8735,39.088],[139.8735,39.088],[139.8735,39.088],[139.8735,39.088],[139.8735,39.088],[139.8735,39.088],[139.8736,39.0881],[139.8736,39.0881],[139.8736,39.0881],[139.8736,39.0882],[139.8736,39.0882],[139.8737,39.0882],[139.8737,39.0882],[139.8737,39.0883],[139.8737,39.0883],[139.8737,39.0883],[139.8737,39.0883],[139.8738,39.0883],[139.8738,39.0883],[139.8738,39.0883],[139.8738,39.0883],[139.8738,39.0884],[139.8738,39.0884],[139.8738,39.0884],[139.8738,39.0884],[139.8738,39.0884],[139.8738,39.0884],[139.8738,39.0884],[139.8739,39.0884],[139.8739,39.0884],[139.8739,39.0884],[139.8739,39.0884],[139.8739,39.0884],[139.8739,39.0884],[139.874,39.0884],[139.874,39.0884],[139.874,39.0884],[139.874,39.0884],[139.874,39.0884],[139.874,39.0884],[139.874,39.0884],[139.874,39.0884],[139.874,39.0884],[139.874,39.0884],[139.874,39.0884],[139.874,39.0884],[139.8741,39.0884],[139.8742,39.0885],[139.8743,39.0885],[139.8744,39.0886],[139.8743,39.0886],[139.8746,39.0888],[139.8747,39.0889],[139.8747,39.0889],[139.8747,39.0889],[139.8747,39.0889],[139.8747,39.0889],[139.8747,39.0889],[139.8747,39.0889],[139.8747,39.0889],[139.8747,39.0889],[139.8747,39.0889],[139.8747,39.0889],[139.8747,39.0889],[139.8747,39.0889],[139.8747,39.0889],[139.8747,39.0889],[139.8747,39.0889],[139.8747,39.0889],[139.8747,39.0889],[139.8747,39.0889],[139.8748,39.0889],[139.8748,39.0889],[139.8748,39.0889],[139.8748,39.0889],[139.8748,39.0889],[139.8748,39.0889],[139.8748,39.0889],[139.8748,39.0889],[139.8748,39.0889],[139.8748,39.0889],[139.8748,39.0889],[139.8748,39.0889],[139.8748,39.0889],[139.8748,39.089],[139.8748,39.089],[139.8748,39.089],[139.8748,39.089],[139.8748,39.089],[139.8748,39.089],[139.8748,39.089],[139.8748,39.089],[139.8748,39.089],[139.8748,39.089],[139.8748,39.089],[139.8748,39.0891],[139.8749,39.0891],[139.8749,39.0891],[139.8749,39.0891],[139.8749,39.0891],[139.8749,39.0891],[139.875,39.0891],[139.875,39.0891],[139.875,39.0891],[139.8751,39.0891],[139.8751,39.0891],[139.8752,39.0891],[139.8756,39.0891],[139.8757,39.0891],[139.8757,39.0891],[139.8756,39.0895],[139.8756,39.0895],[139.8757,39.0892],[139.8757,39.0892],[139.8758,39.0892],[139.876,39.0892],[139.8761,39.0893],[139.8761,39.0893],[139.8762,39.0893],[139.8763,39.0893],[139.8763,39.0893],[139.8764,39.0894],[139.8764,39.0894],[139.8765,39.0894],[139.8765,39.0894],[139.8766,39.0895],[139.8767,39.0896],[139.8768,39.0897],[139.8769,39.0898],[139.877,39.0898],[139.8771,39.0899],[139.8772,39.09],[139.8772,39.09],[139.8773,39.0901],[139.8773,39.0901],[139.8773,39.0901],[139.8773,39.0901],[139.8773,39.0901],[139.8773,39.0901],[139.8773,39.0901],[139.8773,39.0901],[139.8772,39.0902],[139.8772,39.0902],[139.8772,39.0902],[139.8771,39.0902],[139.8771,39.0902],[139.8771,39.0902],[139.8771,39.0902],[139.8771,39.0903],[139.8771,39.0903],[139.8772,39.0903],[139.8772,39.0903],[139.8773,39.0904],[139.8773,39.0905],[139.8773,39.0905],[139.8773,39.0909],[139.8773,39.091],[139.8775,39.0914],[139.8775,39.0915],[139.8775,39.0916],[139.8775,39.0917],[139.8775,39.0917],[139.8776,39.092],[139.8776,39.0923],[139.8777,39.0924],[139.8777,39.0925],[139.8777,39.0927],[139.8778,39.0928],[139.8781,39.0934],[139.8782,39.0935],[139.8782,39.0937],[139.8782,39.0942],[139.8782,39.0948],[139.8782,39.095],[139.8782,39.095],[139.8783,39.0951],[139.8784,39.0952],[139.8787,39.0954],[139.879,39.0956],[139.8791,39.0957],[139.8792,39.0958],[139.8793,39.096],[139.8793,39.0962],[139.8794,39.0964],[139.8794,39.0967],[139.8793,39.0969],[139.8791,39.0973],[139.879,39.0974],[139.879,39.0974],[139.8789,39.0974],[139.8789,39.0975],[139.8788,39.0975],[139.8788,39.0976],[139.8788,39.0976],[139.8788,39.0977],[139.8788,39.0977],[139.8788,39.0978],[139.8787,39.0978],[139.8787,39.0978],[139.8787,39.0978],[139.8786,39.0978],[139.8786,39.0979],[139.8786,39.0979],[139.8786,39.098],[139.8786,39.0981],[139.8785,39.0981],[139.8785,39.0981],[139.8785,39.0982],[139.8785,39.0982],[139.8785,39.0983],[139.8785,39.0983],[139.8784,39.0983],[139.8785,39.0984],[139.8784,39.0985],[139.8784,39.0985],[139.8783,39.0985],[139.8782,39.0985],[139.8782,39.0986],[139.8781,39.0986],[139.878,39.0986],[139.878,39.0987],[139.878,39.0987],[139.8779,39.0987],[139.8779,39.0987],[139.8778,39.0988],[139.8778,39.0988],[139.8777,39.0988],[139.8777,39.0989],[139.8777,39.0989],[139.8777,39.099],[139.8777,39.099],[139.8776,39.099],[139.8776,39.0991],[139.8777,39.0991],[139.8777,39.0992],[139.8777,39.0992],[139.8777,39.0992],[139.8777,39.0993],[139.8776,39.0993],[139.8776,39.0993],[139.8775,39.0993],[139.8775,39.0994],[139.8775,39.0995],[139.8775,39.0995],[139.8774,39.0996],[139.8774,39.0996],[139.8774,39.0997],[139.8774,39.0997],[139.8774,39.0998],[139.8775,39.0999],[139.8775,39.0999],[139.8776,39.0999],[139.8776,39.1],[139.8776,39.1],[139.8776,39.1],[139.8776,39.1],[139.8777,39.1],[139.8777,39.1],[139.8777,39.1001],[139.8777,39.1002],[139.8776,39.1002],[139.8776,39.1003],[139.8776,39.1003],[139.8777,39.1004],[139.8777,39.1004],[139.8777,39.1005],[139.8778,39.1006],[139.8777,39.1006],[139.8778,39.1007],[139.8778,39.1007],[139.8778,39.1007],[139.8778,39.1008],[139.8778,39.1008],[139.8779,39.1009],[139.8779,39.1009],[139.8779,39.101],[139.878,39.101],[139.878,39.101],[139.878,39.101],[139.878,39.1011],[139.8781,39.1011],[139.878,39.1012],[139.8781,39.1012],[139.8781,39.1012],[139.8781,39.1013],[139.8781,39.1014],[139.8781,39.1014],[139.8781,39.1015],[139.8782,39.1015],[139.8782,39.1016],[139.8782,39.1016],[139.8782,39.1016],[139.8783,39.1017],[139.8783,39.1018],[139.8784,39.1018],[139.8784,39.1018],[139.8784,39.1019],[139.8785,39.102],[139.8785,39.1021],[139.8786,39.1021],[139.8786,39.1021],[139.8787,39.1022],[139.8787,39.1025],[139.8787,39.1027],[139.8786,39.1029],[139.8786,39.1029],[139.8785,39.1029],[139.8785,39.1029],[139.8785,39.103],[139.8785,39.103],[139.8785,39.1031],[139.8784,39.1031],[139.8784,39.1032],[139.8785,39.1032],[139.8785,39.1032],[139.8785,39.1033],[139.8784,39.1033],[139.8784,39.1034],[139.8783,39.1034],[139.8783,39.1035],[139.8783,39.1035],[139.8783,39.1035],[139.8783,39.1036],[139.8784,39.1036],[139.8783,39.1037],[139.8783,39.1037],[139.8782,39.1038],[139.8782,39.1038],[139.8782,39.1039],[139.8782,39.1039],[139.8782,39.104],[139.8782,39.104],[139.8782,39.104],[139.8782,39.1043],[139.8782,39.1044],[139.8781,39.1044],[139.878,39.1046],[139.8778,39.1046],[139.8778,39.1046],[139.8777,39.1045],[139.8776,39.1045],[139.8776,39.1045],[139.8775,39.1046],[139.8774,39.1046],[139.8774,39.1046],[139.8774,39.1046],[139.8774,39.1047],[139.8774,39.1047],[139.8774,39.1047],[139.8772,39.1048],[139.877,39.1048],[139.877,39.1049],[139.8775,39.1048],[139.8775,39.1048],[139.8775,39.1049],[139.8775,39.1049],[139.8775,39.105],[139.8776,39.105],[139.8777,39.105],[139.8777,39.105],[139.8777,39.1051],[139.8777,39.1053],[139.8777,39.1054],[139.8776,39.1054],[139.8776,39.1055],[139.8774,39.1055],[139.8774,39.1055],[139.8773,39.1055],[139.8772,39.1055],[139.8771,39.1054],[139.8771,39.1054],[139.877,39.1054],[139.877,39.1054],[139.8769,39.1054],[139.8768,39.1054],[139.8768,39.1053],[139.8768,39.1052],[139.8767,39.1052],[139.8767,39.1053],[139.8767,39.1055],[139.8767,39.1055],[139.8766,39.1055],[139.8766,39.1055],[139.8765,39.1056],[139.8765,39.1056],[139.8764,39.1056],[139.8763,39.1057],[139.8763,39.1057],[139.8762,39.1057],[139.8762,39.1057],[139.8761,39.1057],[139.8759,39.1057],[139.8758,39.1057],[139.8758,39.1057],[139.8757,39.1057],[139.8755,39.1057],[139.8755,39.1057],[139.8754,39.1058],[139.8752,39.1058],[139.8752,39.1058],[139.875,39.1058],[139.875,39.1058],[139.875,39.1058],[139.875,39.1058],[139.8749,39.1058],[139.8748,39.1058],[139.8746,39.1059],[139.8745,39.1059],[139.8744,39.1059],[139.8743,39.1059],[139.8743,39.1059],[139.8742,39.1059],[139.8741,39.1059],[139.8741,39.1059],[139.874,39.1059],[139.874,39.1059],[139.8739,39.1059],[139.8738,39.1059],[139.8737,39.106],[139.8736,39.106],[139.8736,39.106],[139.8735,39.106],[139.8735,39.1061],[139.8735,39.1061],[139.8734,39.1061],[139.8734,39.1062],[139.8733,39.1063],[139.8734,39.1063],[139.8735,39.1063],[139.8735,39.1063],[139.8735,39.1063],[139.8735,39.1064],[139.8735,39.1064],[139.8734,39.1065],[139.8734,39.1065],[139.8734,39.1065],[139.8734,39.1066],[139.8735,39.1066],[139.8735,39.1067],[139.8735,39.1068],[139.8735,39.1068],[139.8735,39.1069],[139.8735,39.107],[139.8735,39.107],[139.8736,39.1071],[139.8736,39.1071],[139.8737,39.1071],[139.8737,39.1071],[139.8737,39.1072],[139.8738,39.1072],[139.8738,39.1072],[139.8738,39.1073],[139.8737,39.1073],[139.8737,39.1074],[139.8736,39.1074],[139.8735,39.1074],[139.8734,39.1074],[139.8734,39.1074],[139.8733,39.1074],[139.8733,39.1075],[139.8733,39.1075],[139.8732,39.1075],[139.8731,39.1075],[139.8731,39.1076],[139.8731,39.1076],[139.873,39.1077],[139.873,39.1077],[139.873,39.1077],[139.8731,39.1078],[139.8731,39.1078],[139.8731,39.1078],[139.8731,39.1079],[139.8733,39.1079],[139.8734,39.1079],[139.8734,39.1079],[139.8734,39.1079],[139.8735,39.1079],[139.8735,39.1079],[139.8735,39.108],[139.8736,39.108],[139.8736,39.108],[139.8736,39.108],[139.8736,39.1081],[139.8737,39.1082],[139.8736,39.1082],[139.8736,39.1083],[139.8737,39.1083],[139.8737,39.1083],[139.8737,39.1083],[139.8736,39.1084],[139.8736,39.1085],[139.8735,39.1085],[139.8735,39.1085],[139.8734,39.1085],[139.8733,39.1084],[139.8733,39.1085],[139.8733,39.1085],[139.8733,39.1086],[139.8732,39.1086],[139.8733,39.1087],[139.8732,39.1087],[139.8732,39.1088],[139.8732,39.1088],[139.8733,39.1089],[139.8733,39.1089],[139.8733,39.1089],[139.8733,39.109],[139.8733,39.109],[139.8734,39.1091],[139.8733,39.1091],[139.8734,39.1092],[139.8734,39.1092],[139.8734,39.1092],[139.8734,39.1093],[139.8735,39.1093],[139.8735,39.1093],[139.8735,39.1093],[139.8736,39.1094],[139.8736,39.1094],[139.8736,39.1097],[139.8736,39.1098],[139.8736,39.1099],[139.8734,39.1101],[139.8732,39.1103],[139.8731,39.1104],[139.8728,39.1105],[139.8727,39.1106],[139.8725,39.1106],[139.8719,39.1108],[139.8719,39.1108],[139.8718,39.1108],[139.8718,39.1108],[139.8717,39.1108],[139.8716,39.1108],[139.8716,39.1108],[139.8715,39.1108],[139.8714,39.1108],[139.8714,39.1109],[139.8713,39.1109],[139.8713,39.1109],[139.8712,39.1109],[139.8711,39.1109],[139.871,39.1109],[139.871,39.1109],[139.8709,39.1109],[139.8709,39.1109],[139.8708,39.1109],[139.8707,39.1108],[139.8707,39.1108],[139.8706,39.1108],[139.8706,39.1108],[139.8705,39.1109],[139.8705,39.1109],[139.8705,39.1109],[139.8704,39.111],[139.8704,39.111],[139.8703,39.111],[139.8702,39.111],[139.8702,39.1111],[139.8702,39.1111],[139.8702,39.1111],[139.8701,39.1112],[139.8701,39.1112],[139.87,39.1113],[139.87,39.1113],[139.87,39.1114],[139.87,39.1114],[139.87,39.1115],[139.8699,39.1115],[139.8699,39.1116],[139.8698,39.1116],[139.8698,39.1117],[139.8698,39.1117],[139.8698,39.1118],[139.8698,39.1118],[139.8698,39.1118],[139.8697,39.1118],[139.8697,39.1118],[139.8696,39.1119],[139.8696,39.1119],[139.8696,39.1119],[139.8695,39.112],[139.8695,39.1121],[139.8695,39.1121],[139.8696,39.1122],[139.8695,39.1122],[139.8695,39.1122],[139.8695,39.1123],[139.8695,39.1124],[139.8694,39.1124],[139.8694,39.1124],[139.8693,39.1124],[139.8692,39.1124],[139.8692,39.1124],[139.8692,39.1124],[139.8692,39.1125],[139.8692,39.1126],[139.8693,39.1126],[139.8693,39.1127],[139.8692,39.1128],[139.8692,39.1128],[139.8692,39.1129],[139.8691,39.113],[139.8691,39.113],[139.8691,39.113],[139.8692,39.1131],[139.8692,39.1131],[139.8691,39.1131],[139.8691,39.1132],[139.8692,39.1132],[139.8692,39.1133],[139.8692,39.1134],[139.8692,39.1134],[139.8693,39.1134],[139.8693,39.1135],[139.8693,39.1136],[139.8693,39.1136],[139.8694,39.1137],[139.8694,39.1137],[139.8694,39.1138],[139.8694,39.1138],[139.8694,39.1138],[139.8695,39.1139],[139.8695,39.1139],[139.8696,39.1139],[139.8696,39.1139],[139.8696,39.114],[139.8697,39.114],[139.8696,39.1141],[139.8696,39.1141],[139.8696,39.1141],[139.8697,39.1142],[139.8698,39.1142],[139.8698,39.1143],[139.8698,39.1143],[139.8698,39.1143],[139.8699,39.1143],[139.87,39.1143],[139.87,39.1143],[139.8701,39.1143],[139.8703,39.1142],[139.8703,39.1143],[139.8704,39.1145],[139.8705,39.1148],[139.8706,39.115],[139.8703,39.115],[139.8703,39.115],[139.8702,39.1149],[139.8701,39.1149],[139.8701,39.1149],[139.87,39.115],[139.8699,39.115],[139.8698,39.1151],[139.8697,39.1151],[139.8696,39.1152],[139.8696,39.1152],[139.8696,39.1153],[139.8695,39.1153],[139.8694,39.1153],[139.8693,39.1153],[139.8691,39.1154],[139.8691,39.1154],[139.869,39.1155],[139.869,39.1155],[139.869,39.1155],[139.8689,39.1156],[139.8689,39.1157],[139.869,39.1158],[139.8689,39.1158],[139.8689,39.1159],[139.869,39.1159],[139.869,39.116],[139.869,39.116],[139.8692,39.1161],[139.8692,39.1161],[139.8693,39.1162],[139.8694,39.1163],[139.8694,39.1163],[139.8695,39.1163],[139.8695,39.1164],[139.8695,39.1165],[139.8696,39.1165],[139.8696,39.1166],[139.8696,39.1167],[139.8696,39.1167],[139.8697,39.1167],[139.8697,39.1168],[139.8698,39.1169],[139.8698,39.117],[139.8699,39.1171],[139.8699,39.1171],[139.8699,39.1172],[139.8699,39.1172],[139.87,39.1173],[139.87,39.1174],[139.8699,39.1175],[139.87,39.1176],[139.8699,39.1176],[139.8699,39.1177],[139.8699,39.1177],[139.8698,39.1178],[139.8697,39.1179],[139.8697,39.1179],[139.8696,39.118],[139.8696,39.118],[139.8696,39.1181],[139.8695,39.1182],[139.8695,39.1182],[139.8696,39.1183],[139.8707,39.1183],[139.8716,39.1183],[139.8743,39.1183],[139.875,39.1183],[139.875,39.1183],[139.876,39.1183],[139.8763,39.1183],[139.877,39.1183],[139.8833,39.1184],[139.8833,39.1184],[139.8865,39.1185],[139.8874,39.1185],[139.8917,39.1186],[139.8917,39.1186],[139.8985,39.1187],[139.8989,39.1187],[139.9,39.1187],[139.9,39.1187],[139.906,39.1188],[139.9083,39.1185],[139.9083,39.1185],[139.9095,39.1183],[139.9167,39.1172],[139.9167,39.1172],[139.9202,39.1167],[139.9203,39.1167],[139.9204,39.1166],[139.922,39.1164],[139.9225,39.1163],[139.925,39.1159],[139.925,39.1159],[139.9313,39.115],[139.9333,39.1147],[139.9333,39.1147],[139.9348,39.1144],[139.9417,39.1134],[139.9417,39.1134],[139.9422,39.1133],[139.9457,39.1128],[139.9478,39.1167],[139.9478,39.1167],[139.9481,39.1172],[139.9497,39.1167],[139.95,39.1167],[139.95,39.1167],[139.95,39.1167],[139.9501,39.1167],[139.9583,39.1146],[139.9583,39.1146],[139.9603,39.1141],[139.9646,39.113],[139.9667,39.1125],[139.9667,39.1125],[139.9709,39.1114],[139.975,39.1104],[139.975,39.1104],[139.9752,39.1103],[139.9763,39.11],[139.9767,39.1099],[139.9772,39.1098],[139.9815,39.1087],[139.9826,39.1084],[139.9829,39.1083],[139.9829,39.1083],[139.9833,39.1082],[139.9833,39.1082],[139.9833,39.1082],[139.9917,39.1062],[139.9917,39.1062],[139.9921,39.1061],[139.9944,39.1055],[139.9954,39.1083],[139.9954,39.1083],[139.9966,39.1123],[139.9967,39.1128],[139.9972,39.1144],[139.9973,39.1149],[139.9975,39.1154],[139.9975,39.1154],[139.9975,39.1155],[139.9976,39.1158],[139.9988,39.1167],[139.9988,39.1167],[140,39.1175],[140,39.1175],[140,39.1175],[140.0004,39.1178],[140.0007,39.118],[140.0034,39.1199],[140.0078,39.123],[140.0083,39.1232],[140.0083,39.1232],[140.0085,39.1232],[140.0104,39.1236],[140.0136,39.1241],[140.0167,39.1247],[140.0167,39.1247],[140.0182,39.125],[140.0182,39.125],[140.0193,39.1252],[140.021,39.1255],[140.0239,39.1261],[140.0241,39.1261],[140.025,39.1263],[140.025,39.1263],[140.0301,39.1273],[140.0333,39.1279],[140.0333,39.1279],[140.0409,39.1293],[140.0414,39.1294],[140.0417,39.1295],[140.0417,39.1295],[140.0465,39.1304],[140.0469,39.1305],[140.05,39.131],[140.05,39.1311],[140.0517,39.1314],[140.0521,39.1314],[140.0531,39.1316],[140.0571,39.1324],[140.0577,39.1325],[140.0583,39.1326],[140.0583,39.1326],[140.062,39.1333],[140.062,39.1333],[140.0621,39.1334],[140.0624,39.1335],[140.0624,39.1333],[140.0624,39.1333],[140.0623,39.1314],[140.0622,39.1309],[140.0619,39.1252],[140.0619,39.125],[140.0619,39.125],[140.0618,39.1224],[140.0618,39.1223],[140.0616,39.1182],[140.0616,39.1167],[140.0616,39.1167],[140.0615,39.1135],[140.0615,39.1134],[140.0616,39.1111],[140.0621,39.1091],[140.0622,39.1088],[140.0624,39.1083],[140.0624,39.1083],[140.0625,39.1079],[140.0629,39.1069],[140.0634,39.1058]]],[[[139.5248,39.1784],[139.5247,39.1784],[139.5247,39.1784],[139.5247,39.1784],[139.5247,39.1785],[139.5247,39.1785],[139.5247,39.1786],[139.5248,39.1786],[139.5248,39.1786],[139.5249,39.1786],[139.5249,39.1785],[139.5249,39.1785],[139.5248,39.1785],[139.5248,39.1784],[139.5248,39.1784],[139.5248,39.1784],[139.5248,39.1784]]],[[[139.5252,39.1785],[139.5251,39.1785],[139.5251,39.1785],[139.525,39.1785],[139.525,39.1785],[139.5251,39.1786],[139.5251,39.1786],[139.5252,39.1786],[139.5252,39.1786],[139.5252,39.1785],[139.5252,39.1785]]],[[[139.5253,39.1788],[139.5252,39.1787],[139.5251,39.1787],[139.5251,39.1789],[139.5251,39.1789],[139.5251,39.1789],[139.5253,39.1789],[139.5253,39.179],[139.5254,39.179],[139.5254,39.179],[139.5255,39.179],[139.5255,39.179],[139.5255,39.179],[139.5255,39.1789],[139.5255,39.1788],[139.5254,39.1788],[139.5254,39.1788],[139.5253,39.1788]]],[[[139.5237,39.1789],[139.5236,39.1789],[139.5235,39.1789],[139.5234,39.179],[139.5234,39.179],[139.5233,39.1791],[139.5234,39.1791],[139.5235,39.1792],[139.5235,39.1792],[139.5236,39.1792],[139.5236,39.1792],[139.5237,39.1791],[139.5238,39.1791],[139.5239,39.1791],[139.5239,39.1791],[139.5239,39.179],[139.5238,39.1789],[139.5238,39.1789],[139.5237,39.1789]]],[[[139.5242,39.1794],[139.5241,39.1793],[139.5241,39.1793],[139.524,39.1794],[139.524,39.1794],[139.524,39.1794],[139.5239,39.1794],[139.5239,39.1795],[139.5239,39.1795],[139.524,39.1795],[139.524,39.1795],[139.5241,39.1795],[139.5241,39.1795],[139.5242,39.1794],[139.5242,39.1794],[139.5242,39.1794]]],[[[139.5236,39.18],[139.5236,39.18],[139.5235,39.18],[139.5234,39.18],[139.5234,39.1801],[139.5234,39.1801],[139.5233,39.1801],[139.5233,39.1802],[139.5233,39.1802],[139.5234,39.1802],[139.5234,39.1802],[139.5234,39.1803],[139.5234,39.1803],[139.5234,39.1803],[139.5235,39.1803],[139.5236,39.1802],[139.5236,39.1802],[139.5237,39.1802],[139.5237,39.1801],[139.5237,39.1801],[139.5237,39.18],[139.5236,39.18]]],[[[139.5249,39.1804],[139.5249,39.1804],[139.5249,39.1804],[139.5248,39.1805],[139.5248,39.1806],[139.5248,39.1806],[139.5249,39.1806],[139.5249,39.1806],[139.5249,39.1805],[139.5249,39.1805],[139.5249,39.1804],[139.5249,39.1804]]],[[[139.5252,39.1805],[139.5251,39.1805],[139.5251,39.1805],[139.525,39.1806],[139.525,39.1807],[139.525,39.1807],[139.525,39.1807],[139.525,39.1808],[139.525,39.1808],[139.525,39.1808],[139.525,39.1809],[139.525,39.1809],[139.5251,39.1809],[139.5251,39.1809],[139.5252,39.1808],[139.5251,39.1808],[139.5251,39.1807],[139.5252,39.1807],[139.5253,39.1806],[139.5253,39.1806],[139.5252,39.1805],[139.5252,39.1805]]],[[[139.5481,39.1811],[139.5481,39.1811],[139.548,39.1811],[139.548,39.1811],[139.548,39.1811],[139.548,39.1812],[139.548,39.1812],[139.5481,39.1812],[139.5481,39.1813],[139.5481,39.1813],[139.5481,39.1812],[139.5481,39.1812],[139.5481,39.1811],[139.5481,39.1811]]],[[[139.545,39.1812],[139.5449,39.1811],[139.5448,39.1812],[139.5448,39.1812],[139.5448,39.1812],[139.5448,39.1813],[139.5449,39.1813],[139.5449,39.1813],[139.545,39.1812],[139.545,39.1812],[139.545,39.1812],[139.545,39.1812],[139.545,39.1812]]],[[[139.5249,39.1812],[139.5248,39.181],[139.5248,39.181],[139.5247,39.181],[139.5247,39.181],[139.5247,39.1809],[139.5247,39.1809],[139.5246,39.1808],[139.5246,39.1808],[139.5246,39.1807],[139.5247,39.1806],[139.5247,39.1806],[139.5247,39.1805],[139.5247,39.1805],[139.5247,39.1804],[139.5247,39.1804],[139.5247,39.1804],[139.5247,39.1803],[139.5247,39.1803],[139.5246,39.1802],[139.5246,39.1802],[139.5245,39.1802],[139.5244,39.1802],[139.5244,39.1802],[139.5243,39.1802],[139.5242,39.1801],[139.5241,39.1801],[139.524,39.1802],[139.524,39.1802],[139.524,39.1802],[139.5239,39.1802],[139.5238,39.1803],[139.5238,39.1804],[139.5237,39.1805],[139.5237,39.1805],[139.5237,39.1805],[139.5237,39.1806],[139.5237,39.1807],[139.5238,39.1807],[139.5237,39.1807],[139.5237,39.1808],[139.5237,39.1808],[139.5238,39.1809],[139.5239,39.1809],[139.5239,39.181],[139.524,39.1811],[139.524,39.1811],[139.524,39.1811],[139.5241,39.1811],[139.5241,39.1811],[139.5241,39.1811],[139.5242,39.1812],[139.5243,39.1813],[139.5243,39.1813],[139.5243,39.1813],[139.5244,39.1814],[139.5245,39.1814],[139.5246,39.1814],[139.5246,39.1814],[139.5246,39.1815],[139.5246,39.1815],[139.5247,39.1815],[139.5247,39.1815],[139.5248,39.1814],[139.5248,39.1814],[139.5248,39.1813],[139.5248,39.1812],[139.5249,39.1812]]],[[[139.5256,39.1807],[139.5255,39.1806],[139.5254,39.1806],[139.5254,39.1806],[139.5253,39.1806],[139.5253,39.1807],[139.5253,39.1808],[139.5253,39.1809],[139.5253,39.181],[139.5253,39.181],[139.5253,39.1811],[139.5253,39.1811],[139.5253,39.1811],[139.5253,39.1812],[139.5253,39.1812],[139.5254,39.1813],[139.5254,39.1813],[139.5254,39.1813],[139.5254,39.1814],[139.5255,39.1815],[139.5255,39.1815],[139.5256,39.1815],[139.5257,39.1816],[139.5257,39.1816],[139.5258,39.1816],[139.5259,39.1816],[139.526,39.1816],[139.5261,39.1815],[139.5262,39.1814],[139.5262,39.1814],[139.5262,39.1813],[139.5262,39.1813],[139.5262,39.1812],[139.5262,39.1812],[139.5262,39.1811],[139.5262,39.1811],[139.5262,39.181],[139.5262,39.181],[139.5261,39.181],[139.5261,39.1809],[139.526,39.1809],[139.526,39.1809],[139.5258,39.1808],[139.5258,39.1808],[139.5257,39.1808],[139.5257,39.1808],[139.5256,39.1807],[139.5256,39.1807],[139.5256,39.1807]]],[[[139.5238,39.1816],[139.5238,39.1815],[139.5238,39.1816],[139.5239,39.1815],[139.524,39.1815],[139.524,39.1815],[139.524,39.1814],[139.5239,39.1814],[139.5239,39.1814],[139.5239,39.1814],[139.5238,39.1813],[139.5238,39.1813],[139.5237,39.1813],[139.5237,39.1813],[139.5236,39.1813],[139.5236,39.1813],[139.5235,39.1813],[139.5234,39.1813],[139.5234,39.1813],[139.5234,39.1814],[139.5235,39.1814],[139.5235,39.1814],[139.5235,39.1815],[139.5235,39.1815],[139.5236,39.1816],[139.5237,39.1816],[139.5238,39.1816]]],[[[139.5459,39.1816],[139.5458,39.1816],[139.5458,39.1816],[139.5458,39.1816],[139.5458,39.1817],[139.5458,39.1817],[139.5459,39.1817],[139.5459,39.1817],[139.5459,39.1817],[139.5459,39.1816],[139.5459,39.1816]]],[[[139.5261,39.1817],[139.5259,39.1817],[139.5259,39.1817],[139.5258,39.1817],[139.5258,39.1818],[139.5257,39.1818],[139.5257,39.1819],[139.5257,39.1819],[139.5257,39.1819],[139.5257,39.1819],[139.5257,39.182],[139.5257,39.182],[139.5258,39.182],[139.5259,39.182],[139.526,39.182],[139.526,39.182],[139.526,39.1819],[139.5261,39.1818],[139.5261,39.1818],[139.5261,39.1818],[139.5261,39.1817],[139.5261,39.1817],[139.5261,39.1817]]],[[[139.5463,39.1821],[139.5463,39.1821],[139.5462,39.1821],[139.5462,39.1822],[139.5462,39.1822],[139.5462,39.1822],[139.5463,39.1823],[139.5463,39.1823],[139.5464,39.1823],[139.5464,39.1823],[139.5464,39.1823],[139.5464,39.1823],[139.5464,39.1822],[139.5464,39.1822],[139.5464,39.1822],[139.5463,39.1821]]],[[[139.5479,39.1819],[139.5479,39.1817],[139.548,39.1817],[139.548,39.1816],[139.548,39.1816],[139.548,39.1815],[139.548,39.1815],[139.548,39.1814],[139.548,39.1813],[139.5479,39.1813],[139.5478,39.1811],[139.5478,39.1811],[139.5477,39.1811],[139.5477,39.1812],[139.5476,39.1812],[139.5475,39.1812],[139.5475,39.1812],[139.5474,39.1813],[139.5473,39.1814],[139.5472,39.1815],[139.5472,39.1815],[139.5472,39.1815],[139.5471,39.1815],[139.5471,39.1816],[139.5469,39.1816],[139.5468,39.1817],[139.5468,39.1817],[139.5467,39.1817],[139.5467,39.1818],[139.5466,39.1817],[139.5465,39.1817],[139.5465,39.1818],[139.5465,39.1818],[139.5464,39.1818],[139.5464,39.1819],[139.5464,39.1819],[139.5465,39.1819],[139.5465,39.182],[139.5465,39.182],[139.5465,39.182],[139.5465,39.1821],[139.5466,39.1822],[139.5467,39.1822],[139.5467,39.1823],[139.5469,39.1824],[139.547,39.1824],[139.5472,39.1823],[139.5472,39.1823],[139.5473,39.1823],[139.5475,39.1822],[139.5476,39.1822],[139.5477,39.1821],[139.5478,39.1821],[139.5478,39.182],[139.5478,39.182],[139.5479,39.182],[139.5479,39.1819],[139.5479,39.1819],[139.5479,39.1819]]],[[[139.525,39.1825],[139.5251,39.1824],[139.5251,39.1824],[139.5252,39.1824],[139.5252,39.1822],[139.5251,39.1822],[139.5252,39.1821],[139.5252,39.1821],[139.5251,39.182],[139.5251,39.1819],[139.5251,39.1819],[139.5251,39.1819],[139.5251,39.1819],[139.5251,39.1818],[139.525,39.1818],[139.525,39.1818],[139.525,39.1817],[139.525,39.1817],[139.5249,39.1817],[139.5249,39.1817],[139.5248,39.1816],[139.5247,39.1816],[139.5247,39.1816],[139.5246,39.1815],[139.5246,39.1815],[139.5244,39.1815],[139.5244,39.1815],[139.5244,39.1815],[139.5243,39.1816],[139.5243,39.1816],[139.5243,39.1816],[139.5243,39.1816],[139.5243,39.1816],[139.5243,39.1817],[139.5243,39.1818],[139.5244,39.1818],[139.5244,39.1818],[139.5244,39.1818],[139.5245,39.1819],[139.5245,39.182],[139.5245,39.182],[139.5245,39.1821],[139.5245,39.1821],[139.5245,39.1821],[139.5244,39.1821],[139.5244,39.1821],[139.5244,39.1823],[139.5244,39.1823],[139.5244,39.1823],[139.5244,39.1824],[139.5245,39.1824],[139.5245,39.1825],[139.5246,39.1825],[139.5246,39.1825],[139.5247,39.1825],[139.5248,39.1825],[139.5248,39.1825],[139.5249,39.1825],[139.525,39.1825],[139.525,39.1825],[139.525,39.1825],[139.525,39.1825],[139.525,39.1825]]],[[[139.546,39.1822],[139.5459,39.1822],[139.5459,39.1822],[139.5458,39.1823],[139.5458,39.1823],[139.5458,39.1823],[139.5458,39.1824],[139.5458,39.1824],[139.5457,39.1824],[139.5457,39.1825],[139.5457,39.1825],[139.5457,39.1826],[139.5457,39.1826],[139.5458,39.1826],[139.5458,39.1826],[139.5459,39.1826],[139.5459,39.1826],[139.5459,39.1825],[139.546,39.1824],[139.546,39.1824],[139.546,39.1822]]],[[[139.5266,39.182],[139.5265,39.1819],[139.5265,39.1819],[139.5264,39.1819],[139.5264,39.1819],[139.5263,39.182],[139.5263,39.182],[139.5262,39.182],[139.5261,39.182],[139.5261,39.1821],[139.5261,39.1821],[139.5261,39.1821],[139.526,39.1822],[139.526,39.1822],[139.526,39.1823],[139.5261,39.1823],[139.5261,39.1824],[139.5261,39.1824],[139.5261,39.1824],[139.5262,39.1825],[139.5262,39.1826],[139.5262,39.1827],[139.5263,39.1827],[139.5263,39.1828],[139.5264,39.1828],[139.5264,39.1828],[139.5264,39.1827],[139.5264,39.1827],[139.5264,39.1826],[139.5264,39.1825],[139.5264,39.1824],[139.5265,39.1824],[139.5265,39.1823],[139.5265,39.1823],[139.5265,39.1823],[139.5266,39.1822],[139.5266,39.1822],[139.5266,39.1821],[139.5266,39.1821],[139.5266,39.1821],[139.5266,39.182],[139.5266,39.182]]],[[[139.5407,39.1832],[139.5406,39.1832],[139.5405,39.1833],[139.5405,39.1833],[139.5399,39.1839],[139.5399,39.184],[139.5406,39.1833],[139.5406,39.1833],[139.5407,39.1832]]],[[[139.5214,39.184],[139.5215,39.184],[139.5215,39.184],[139.5216,39.184],[139.5216,39.184],[139.5216,39.184],[139.5217,39.184],[139.5217,39.184],[139.5217,39.184],[139.5218,39.1839],[139.5218,39.1839],[139.5218,39.1838],[139.5217,39.1838],[139.5217,39.1837],[139.5217,39.1837],[139.5216,39.1838],[139.5215,39.1839],[139.5214,39.1839],[139.5214,39.184],[139.5214,39.184],[139.5214,39.184],[139.5214,39.184],[139.5214,39.184]]],[[[139.5482,39.1838],[139.5481,39.1837],[139.5478,39.1839],[139.5475,39.1842],[139.5475,39.1843],[139.5482,39.1838]]],[[[139.5216,39.1841],[139.5216,39.1841],[139.5215,39.1842],[139.5214,39.1842],[139.5214,39.1843],[139.5215,39.1843],[139.5215,39.1843],[139.5216,39.1843],[139.5216,39.1843],[139.5217,39.1843],[139.5217,39.1842],[139.5217,39.1842],[139.5216,39.1841]]],[[[139.5242,39.1849],[139.5243,39.1848],[139.5243,39.1848],[139.5244,39.1849],[139.5244,39.1848],[139.5244,39.1848],[139.5244,39.1847],[139.5245,39.1846],[139.5245,39.1846],[139.5245,39.1846],[139.5245,39.1845],[139.5245,39.1844],[139.5245,39.1844],[139.5245,39.1844],[139.5244,39.1844],[139.5244,39.1843],[139.5244,39.1843],[139.5243,39.1843],[139.5242,39.1843],[139.5241,39.1843],[139.5241,39.1843],[139.5241,39.1844],[139.524,39.1844],[139.524,39.1844],[139.5239,39.1844],[139.5238,39.1844],[139.5237,39.1844],[139.5237,39.1845],[139.5237,39.1846],[139.5237,39.1846],[139.5237,39.1846],[139.5237,39.1846],[139.5237,39.1847],[139.5238,39.1847],[139.5238,39.1847],[139.5238,39.1848],[139.5238,39.1849],[139.5239,39.1849],[139.524,39.1849],[139.524,39.1849],[139.5241,39.1849],[139.5242,39.1849],[139.5242,39.1849]]],[[[139.5224,39.1848],[139.5223,39.1847],[139.5223,39.1848],[139.5222,39.1848],[139.5222,39.1848],[139.5222,39.1848],[139.5222,39.1849],[139.5223,39.1849],[139.5223,39.1849],[139.5224,39.1849],[139.5224,39.1849],[139.5224,39.1848],[139.5224,39.1848]]],[[[139.5238,39.1856],[139.5238,39.1856],[139.5238,39.1856],[139.5238,39.1856],[139.5238,39.1855],[139.5238,39.1855],[139.5237,39.1855],[139.5237,39.1854],[139.5237,39.1854],[139.5237,39.1853],[139.5237,39.1853],[139.5238,39.1853],[139.5239,39.1854],[139.5239,39.1854],[139.524,39.1854],[139.524,39.1854],[139.524,39.1855],[139.5241,39.1855],[139.5241,39.1855],[139.5241,39.1855],[139.5242,39.1855],[139.5242,39.1854],[139.5242,39.1853],[139.5242,39.1853],[139.5242,39.1852],[139.5242,39.1852],[139.5242,39.1852],[139.5241,39.1852],[139.5241,39.1851],[139.5241,39.1851],[139.5241,39.1851],[139.524,39.1851],[139.524,39.185],[139.524,39.185],[139.5239,39.185],[139.5239,39.185],[139.5238,39.185],[139.5237,39.185],[139.5237,39.185],[139.5237,39.185],[139.5236,39.185],[139.5235,39.185],[139.5235,39.185],[139.5235,39.1851],[139.5235,39.1851],[139.5235,39.1852],[139.5234,39.1852],[139.5234,39.1852],[139.5234,39.1853],[139.5235,39.1854],[139.5234,39.1854],[139.5234,39.1855],[139.5234,39.1856],[139.5235,39.1856],[139.5235,39.1856],[139.5236,39.1856],[139.5236,39.1856],[139.5236,39.1857],[139.5237,39.1857],[139.5237,39.1857],[139.5238,39.1856]]],[[[139.5201,39.1856],[139.5201,39.1856],[139.52,39.1856],[139.52,39.1856],[139.52,39.1856],[139.52,39.1857],[139.5201,39.1857],[139.5202,39.1857],[139.5202,39.1857],[139.5202,39.1856],[139.5202,39.1856],[139.5201,39.1856]]],[[[139.5387,39.1859],[139.5387,39.1859],[139.5387,39.1859],[139.5388,39.1859],[139.5388,39.1858],[139.5388,39.1858],[139.5388,39.1858],[139.5388,39.1857],[139.5389,39.1857],[139.5389,39.1857],[139.5389,39.1857],[139.5389,39.1856],[139.5388,39.1856],[139.5388,39.1856],[139.5388,39.1856],[139.5388,39.1855],[139.5387,39.1855],[139.5386,39.1855],[139.5386,39.1855],[139.5386,39.1855],[139.5385,39.1856],[139.5384,39.1857],[139.5385,39.1857],[139.5385,39.1857],[139.5385,39.1858],[139.5385,39.1858],[139.5385,39.1859],[139.5386,39.1859],[139.5387,39.1859]]],[[[139.5232,39.1861],[139.5232,39.1861],[139.5231,39.1861],[139.5231,39.1861],[139.5231,39.1862],[139.5231,39.1862],[139.5231,39.1863],[139.5231,39.1863],[139.5231,39.1864],[139.5231,39.1865],[139.5232,39.1865],[139.5233,39.1865],[139.5233,39.1864],[139.5233,39.1863],[139.5234,39.1863],[139.5234,39.1863],[139.5234,39.1862],[139.5234,39.1862],[139.5233,39.1861],[139.5232,39.1861]]],[[[139.5503,39.1848],[139.5502,39.1848],[139.5501,39.185],[139.5501,39.1852],[139.5501,39.1854],[139.5501,39.1867],[139.5504,39.1871],[139.5506,39.1874],[139.5506,39.1874],[139.5503,39.1869],[139.5502,39.1867],[139.5502,39.1859],[139.5502,39.1856],[139.5502,39.1852],[139.5502,39.185],[139.5503,39.1848]]],[[[139.5226,39.1875],[139.5226,39.1875],[139.5227,39.1874],[139.5227,39.1874],[139.5227,39.1874],[139.5228,39.1874],[139.5228,39.1873],[139.5228,39.1873],[139.5228,39.1872],[139.5228,39.1871],[139.5228,39.1871],[139.5228,39.1871],[139.5228,39.187],[139.5227,39.1869],[139.5227,39.1869],[139.5228,39.1869],[139.5227,39.1868],[139.5228,39.1867],[139.5228,39.1866],[139.5228,39.1866],[139.5228,39.1865],[139.5228,39.1865],[139.5229,39.1865],[139.5229,39.1864],[139.5229,39.1864],[139.5229,39.1863],[139.5229,39.1863],[139.5229,39.1863],[139.5229,39.1862],[139.5229,39.1861],[139.5229,39.186],[139.5229,39.186],[139.5229,39.186],[139.5229,39.1859],[139.5229,39.1859],[139.5228,39.1858],[139.5229,39.1858],[139.5229,39.1857],[139.5228,39.1857],[139.5228,39.1856],[139.5228,39.1856],[139.5228,39.1855],[139.5228,39.1854],[139.5228,39.1854],[139.5228,39.1854],[139.5228,39.1853],[139.5228,39.1853],[139.5228,39.1853],[139.5228,39.1853],[139.5227,39.1852],[139.5226,39.1852],[139.5226,39.1852],[139.5225,39.1852],[139.5225,39.1852],[139.5224,39.1851],[139.5223,39.1851],[139.5222,39.1852],[139.5222,39.1852],[139.5221,39.1852],[139.5221,39.1852],[139.5221,39.1851],[139.5219,39.1851],[139.5219,39.1851],[139.5218,39.1852],[139.5218,39.1852],[139.5217,39.1851],[139.5216,39.1851],[139.5216,39.1851],[139.5215,39.1851],[139.5215,39.1851],[139.5213,39.1851],[139.5212,39.1852],[139.5212,39.1852],[139.5211,39.1852],[139.5211,39.1852],[139.521,39.1852],[139.521,39.1853],[139.521,39.1853],[139.521,39.1853],[139.5209,39.1853],[139.5208,39.1854],[139.5208,39.1855],[139.5208,39.1855],[139.5207,39.1856],[139.5207,39.1856],[139.5206,39.1857],[139.5206,39.1857],[139.5205,39.1857],[139.5205,39.1857],[139.5205,39.1858],[139.5204,39.1858],[139.5204,39.1859],[139.5205,39.186],[139.5205,39.186],[139.5204,39.186],[139.5204,39.1862],[139.5205,39.1863],[139.5204,39.1863],[139.5205,39.1865],[139.5205,39.1865],[139.5206,39.1865],[139.5206,39.1865],[139.5206,39.1866],[139.5206,39.1866],[139.5206,39.1867],[139.5207,39.1867],[139.5207,39.1867],[139.5208,39.1868],[139.5209,39.1868],[139.5209,39.1868],[139.521,39.1868],[139.521,39.1868],[139.521,39.1868],[139.5211,39.1868],[139.5212,39.1868],[139.5212,39.1868],[139.5213,39.1867],[139.5214,39.1867],[139.5215,39.1866],[139.5216,39.1866],[139.5216,39.1866],[139.5217,39.1866],[139.5217,39.1866],[139.5218,39.1866],[139.5219,39.1866],[139.5219,39.1866],[139.5219,39.1867],[139.5219,39.1867],[139.5219,39.1868],[139.5219,39.1868],[139.522,39.1868],[139.522,39.1868],[139.522,39.1869],[139.522,39.187],[139.5221,39.187],[139.5222,39.1871],[139.5222,39.1871],[139.5222,39.1872],[139.5222,39.1872],[139.5222,39.1873],[139.5222,39.1873],[139.5222,39.1873],[139.5222,39.1874],[139.5223,39.1875],[139.5223,39.1875],[139.5224,39.1875],[139.5225,39.1875],[139.5226,39.1875]]],[[[139.5505,39.188],[139.5505,39.1879],[139.5504,39.1879],[139.5505,39.1881],[139.5505,39.1888],[139.5506,39.189],[139.551,39.1897],[139.5513,39.1898],[139.5517,39.1899],[139.5517,39.1898],[139.5514,39.1898],[139.5511,39.1897],[139.5511,39.1897],[139.551,39.1895],[139.5507,39.1889],[139.5506,39.1888],[139.5506,39.1887],[139.5505,39.188]]],[[[139.5524,39.1909],[139.5519,39.1906],[139.5519,39.1907],[139.5524,39.191],[139.5524,39.1909]]],[[[139.5393,39.1916],[139.5393,39.1916],[139.5394,39.1916],[139.5395,39.1916],[139.5395,39.1916],[139.5395,39.1915],[139.5395,39.1915],[139.5395,39.1914],[139.5395,39.1914],[139.5395,39.1914],[139.5395,39.1914],[139.5394,39.1913],[139.5394,39.1914],[139.5393,39.1913],[139.5393,39.1913],[139.5392,39.1913],[139.5392,39.1914],[139.5391,39.1914],[139.5391,39.1914],[139.5391,39.1915],[139.5391,39.1915],[139.539,39.1915],[139.539,39.1916],[139.5391,39.1916],[139.5391,39.1916],[139.5392,39.1917],[139.5392,39.1917],[139.5392,39.1917],[139.5392,39.1917],[139.5393,39.1916]]],[[[139.5535,39.1917],[139.5527,39.1911],[139.5527,39.1912],[139.5533,39.1917],[139.5533,39.1917],[139.5535,39.1918],[139.5536,39.1917],[139.5535,39.1917],[139.5535,39.1917]]],[[[139.5546,39.1926],[139.5539,39.1919],[139.5538,39.192],[139.5543,39.1925],[139.5545,39.1927],[139.5546,39.1926]]],[[[139.5385,39.1927],[139.5385,39.1927],[139.5386,39.1927],[139.5387,39.1927],[139.5387,39.1926],[139.5388,39.1926],[139.5387,39.1925],[139.5388,39.1925],[139.5388,39.1924],[139.5387,39.1924],[139.5386,39.1923],[139.5386,39.1923],[139.5386,39.1923],[139.5386,39.1922],[139.5386,39.1922],[139.5386,39.1921],[139.5385,39.1921],[139.5385,39.1921],[139.5385,39.1921],[139.5384,39.1921],[139.5384,39.192],[139.5384,39.1921],[139.5382,39.1922],[139.5382,39.1922],[139.5382,39.1922],[139.5382,39.1922],[139.5382,39.1922],[139.5382,39.1923],[139.5382,39.1924],[139.5383,39.1924],[139.5382,39.1925],[139.5382,39.1925],[139.5383,39.1925],[139.5384,39.1926],[139.5384,39.1926],[139.5384,39.1926],[139.5385,39.1927],[139.5385,39.1927]]],[[[139.5563,39.1923],[139.556,39.1922],[139.5559,39.1923],[139.5566,39.1925],[139.5575,39.1929],[139.5575,39.1928],[139.5563,39.1923]]],[[[139.5629,39.1947],[139.563,39.1947],[139.5631,39.1947],[139.5631,39.1947],[139.5632,39.1947],[139.5632,39.1947],[139.5632,39.1946],[139.5633,39.1945],[139.5632,39.1945],[139.5632,39.1944],[139.5631,39.1944],[139.5631,39.1944],[139.5631,39.1944],[139.5631,39.1944],[139.563,39.1944],[139.563,39.1945],[139.563,39.1945],[139.5629,39.1945],[139.5629,39.1945],[139.5629,39.1946],[139.5628,39.1946],[139.5628,39.1947],[139.5628,39.1947],[139.5629,39.1947],[139.5629,39.1947]]],[[[139.5649,39.1955],[139.5649,39.1954],[139.565,39.1955],[139.565,39.1955],[139.5651,39.1955],[139.5652,39.1954],[139.5652,39.1954],[139.5653,39.1953],[139.5653,39.1953],[139.5654,39.1953],[139.5654,39.1952],[139.5654,39.1952],[139.5654,39.1952],[139.5654,39.1952],[139.5655,39.1952],[139.5655,39.1952],[139.5656,39.1952],[139.5656,39.1951],[139.5656,39.1951],[139.5657,39.1951],[139.5657,39.195],[139.5658,39.195],[139.5657,39.1949],[139.5656,39.1948],[139.5655,39.1948],[139.5654,39.1948],[139.5654,39.1948],[139.5653,39.1948],[139.5652,39.1948],[139.5652,39.1948],[139.5651,39.1948],[139.5651,39.1948],[139.565,39.1948],[139.565,39.1948],[139.5649,39.1948],[139.5649,39.1948],[139.5648,39.1948],[139.5647,39.1948],[139.5646,39.1949],[139.5646,39.1949],[139.5646,39.1949],[139.5645,39.1949],[139.5645,39.1949],[139.5644,39.1949],[139.5643,39.195],[139.5643,39.195],[139.5642,39.195],[139.5642,39.1951],[139.5642,39.1952],[139.5642,39.1952],[139.5642,39.1952],[139.5642,39.1953],[139.5643,39.1953],[139.5643,39.1954],[139.5644,39.1954],[139.5644,39.1954],[139.5645,39.1954],[139.5646,39.1954],[139.5646,39.1954],[139.5646,39.1954],[139.5647,39.1954],[139.5648,39.1955],[139.5649,39.1955]]],[[[139.5386,39.1976],[139.5387,39.1976],[139.5387,39.1975],[139.5387,39.1975],[139.5387,39.1975],[139.5387,39.1974],[139.5387,39.1974],[139.5386,39.1974],[139.5386,39.1974],[139.5385,39.1974],[139.5385,39.1973],[139.5384,39.1973],[139.5383,39.1973],[139.5382,39.1973],[139.5382,39.1973],[139.5381,39.1973],[139.5381,39.1974],[139.5381,39.1974],[139.5381,39.1974],[139.5379,39.1975],[139.5379,39.1975],[139.538,39.1975],[139.5379,39.1975],[139.5379,39.1976],[139.5379,39.1976],[139.538,39.1976],[139.538,39.1976],[139.5381,39.1976],[139.5381,39.1976],[139.5381,39.1976],[139.5382,39.1976],[139.5383,39.1976],[139.5383,39.1976],[139.5383,39.1976],[139.5384,39.1976],[139.5385,39.1976],[139.5385,39.1977],[139.5386,39.1977],[139.5386,39.1976]]],[[[139.5389,39.1975],[139.5388,39.1975],[139.5388,39.1976],[139.5387,39.1976],[139.5387,39.1977],[139.5388,39.1977],[139.5388,39.1978],[139.5388,39.1978],[139.5389,39.1978],[139.5389,39.1979],[139.539,39.1979],[139.5391,39.1979],[139.5392,39.1979],[139.5392,39.1979],[139.5392,39.1979],[139.5391,39.1978],[139.5391,39.1978],[139.5391,39.1977],[139.539,39.1977],[139.539,39.1977],[139.539,39.1976],[139.5389,39.1976],[139.5389,39.1976],[139.5389,39.1975]]],[[[139.5659,39.1978],[139.5658,39.1978],[139.5657,39.1978],[139.5657,39.1978],[139.5656,39.1979],[139.5655,39.1979],[139.5655,39.198],[139.5655,39.198],[139.5655,39.1981],[139.5655,39.1981],[139.5656,39.1981],[139.5657,39.1981],[139.5658,39.198],[139.5659,39.1979],[139.5659,39.1979],[139.5659,39.1978]]],[[[139.5409,39.1985],[139.541,39.1985],[139.541,39.1984],[139.5409,39.1983],[139.5409,39.1983],[139.5409,39.1982],[139.5408,39.1982],[139.5408,39.1981],[139.5408,39.1981],[139.5408,39.1981],[139.5408,39.1981],[139.5407,39.198],[139.5407,39.198],[139.5406,39.198],[139.5406,39.198],[139.5405,39.198],[139.5405,39.198],[139.5405,39.198],[139.5404,39.1979],[139.5403,39.1979],[139.5402,39.198],[139.5402,39.198],[139.5402,39.1981],[139.5401,39.1981],[139.5401,39.1981],[139.54,39.1981],[139.5399,39.1981],[139.5399,39.1981],[139.5399,39.1982],[139.54,39.1982],[139.54,39.1982],[139.54,39.1982],[139.54,39.1983],[139.54,39.1983],[139.5401,39.1983],[139.5402,39.1983],[139.5402,39.1984],[139.5402,39.1984],[139.5402,39.1984],[139.5403,39.1984],[139.5404,39.1984],[139.5404,39.1984],[139.5404,39.1984],[139.5405,39.1984],[139.5406,39.1984],[139.5406,39.1984],[139.5407,39.1985],[139.5408,39.1985],[139.5408,39.1985],[139.5408,39.1986],[139.5409,39.1986],[139.5409,39.1986],[139.5409,39.1985],[139.5409,39.1985]]],[[[139.5447,39.1983],[139.5447,39.1983],[139.5446,39.1983],[139.5446,39.1983],[139.5446,39.1982],[139.5445,39.1982],[139.5445,39.1982],[139.5444,39.1983],[139.5444,39.1983],[139.5444,39.1983],[139.5444,39.1984],[139.5444,39.1984],[139.5444,39.1985],[139.5445,39.1985],[139.5445,39.1986],[139.5445,39.1986],[139.5445,39.1986],[139.5446,39.1986],[139.5446,39.1986],[139.5446,39.1986],[139.5447,39.1986],[139.5447,39.1986],[139.5448,39.1986],[139.5448,39.1985],[139.5448,39.1984],[139.5448,39.1984],[139.5448,39.1984],[139.5448,39.1984],[139.5447,39.1983]]],[[[139.5434,39.1986],[139.5434,39.1986],[139.5434,39.1986],[139.5433,39.1986],[139.5433,39.1985],[139.5433,39.1985],[139.5433,39.1985],[139.5432,39.1985],[139.5432,39.1986],[139.5432,39.1986],[139.5433,39.1987],[139.5433,39.1987],[139.5434,39.1987],[139.5435,39.1987],[139.5435,39.1987],[139.5435,39.1987],[139.5435,39.1986],[139.5434,39.1986]]],[[[139.5408,39.1989],[139.5408,39.1988],[139.5407,39.1988],[139.5408,39.1988],[139.5408,39.1987],[139.5408,39.1987],[139.5407,39.1986],[139.5406,39.1987],[139.5406,39.1987],[139.5405,39.1986],[139.5405,39.1986],[139.5404,39.1986],[139.5404,39.1986],[139.5403,39.1986],[139.5403,39.1986],[139.5402,39.1986],[139.5402,39.1988],[139.5402,39.1988],[139.5403,39.1988],[139.5403,39.1988],[139.5403,39.1988],[139.5403,39.1988],[139.5404,39.1989],[139.5405,39.1989],[139.5405,39.1988],[139.5405,39.1989],[139.5406,39.1989],[139.5407,39.1989],[139.5407,39.1989],[139.5408,39.1989],[139.5408,39.1989]]],[[[139.5434,39.199],[139.5434,39.1989],[139.5434,39.1988],[139.5433,39.1988],[139.5433,39.1988],[139.5433,39.1988],[139.5433,39.1988],[139.5432,39.1987],[139.5432,39.1987],[139.5432,39.1987],[139.5431,39.1987],[139.5431,39.1987],[139.5431,39.1986],[139.5431,39.1986],[139.543,39.1987],[139.543,39.1987],[139.543,39.1987],[139.543,39.1988],[139.5429,39.1988],[139.543,39.1988],[139.543,39.1989],[139.5431,39.1989],[139.5431,39.1989],[139.5431,39.199],[139.5433,39.199],[139.5433,39.199],[139.5433,39.199],[139.5434,39.199],[139.5434,39.199],[139.5434,39.199]]],[[[139.5675,39.1988],[139.5674,39.1988],[139.5674,39.1988],[139.5673,39.1988],[139.5673,39.1988],[139.5673,39.1988],[139.5671,39.1989],[139.5671,39.1989],[139.5671,39.1989],[139.5671,39.199],[139.5672,39.199],[139.5672,39.199],[139.5672,39.1991],[139.5672,39.1991],[139.5672,39.1991],[139.5673,39.1991],[139.5673,39.1992],[139.5674,39.1992],[139.5674,39.1992],[139.5674,39.1991],[139.5674,39.1991],[139.5674,39.199],[139.5674,39.199],[139.5675,39.1989],[139.5675,39.1989],[139.5675,39.1988]]],[[[139.5437,39.1989],[139.5437,39.1989],[139.5436,39.1989],[139.5436,39.1989],[139.5436,39.1989],[139.5435,39.199],[139.5435,39.199],[139.5435,39.1991],[139.5435,39.1991],[139.5434,39.1991],[139.5434,39.1991],[139.5434,39.1992],[139.5435,39.1992],[139.5436,39.1992],[139.5436,39.1992],[139.5436,39.1992],[139.5437,39.1992],[139.5437,39.1991],[139.5437,39.1991],[139.5437,39.199],[139.5437,39.199],[139.5437,39.199],[139.5437,39.1989],[139.5437,39.1989],[139.5437,39.1989]]],[[[139.5686,39.1997],[139.5686,39.1997],[139.5686,39.1996],[139.5686,39.1996],[139.5686,39.1995],[139.5686,39.1994],[139.5686,39.1994],[139.5685,39.1994],[139.5685,39.1994],[139.5685,39.1994],[139.5684,39.1994],[139.5684,39.1993],[139.5683,39.1993],[139.5683,39.1993],[139.5682,39.1993],[139.5681,39.1993],[139.5681,39.1994],[139.5681,39.1994],[139.5681,39.1994],[139.5681,39.1995],[139.5681,39.1995],[139.5681,39.1996],[139.5681,39.1996],[139.5682,39.1997],[139.5682,39.1997],[139.5683,39.1997],[139.5683,39.1997],[139.5684,39.1997],[139.5684,39.1998],[139.5685,39.1998],[139.5685,39.1998],[139.5686,39.1997],[139.5686,39.1997]]],[[[139.5478,39.2001],[139.5478,39.2001],[139.5479,39.2001],[139.5479,39.2001],[139.548,39.2001],[139.548,39.2],[139.548,39.2],[139.548,39.2],[139.548,39.1999],[139.548,39.1999],[139.548,39.1999],[139.548,39.1999],[139.548,39.1998],[139.548,39.1998],[139.5479,39.1998],[139.5479,39.1998],[139.5478,39.1998],[139.5477,39.1999],[139.5477,39.1999],[139.5477,39.1999],[139.5476,39.1999],[139.5476,39.1999],[139.5475,39.1999],[139.5475,39.1998],[139.5474,39.1999],[139.5473,39.1999],[139.5473,39.1999],[139.5473,39.1999],[139.5473,39.2],[139.5473,39.2],[139.5473,39.2],[139.5473,39.2],[139.5474,39.2],[139.5474,39.2],[139.5475,39.2],[139.5475,39.2],[139.5475,39.2001],[139.5476,39.2001],[139.5476,39.2001],[139.5477,39.2001],[139.5478,39.2001],[139.5478,39.2001]]],[[[139.5451,39.2037],[139.545,39.2037],[139.545,39.2037],[139.5449,39.2037],[139.5449,39.2038],[139.5449,39.2039],[139.545,39.2039],[139.545,39.2039],[139.5451,39.2039],[139.5451,39.2039],[139.5451,39.2038],[139.5451,39.2037],[139.5451,39.2037]]],[[[139.5605,39.2039],[139.5588,39.2039],[139.5588,39.204],[139.5598,39.204],[139.5605,39.204],[139.5605,39.2039]]],[[[139.5448,39.2043],[139.5448,39.2043],[139.5449,39.2043],[139.5449,39.2043],[139.5449,39.2042],[139.5449,39.2042],[139.5449,39.2041],[139.5449,39.2041],[139.5448,39.2041],[139.5448,39.2041],[139.5448,39.2041],[139.5447,39.2041],[139.5446,39.2041],[139.5446,39.2042],[139.5446,39.2042],[139.5445,39.2042],[139.5445,39.2042],[139.5445,39.2043],[139.5445,39.2043],[139.5446,39.2043],[139.5446,39.2043],[139.5447,39.2043],[139.5447,39.2043],[139.5447,39.2043],[139.5448,39.2043],[139.5448,39.2043]]],[[[139.5459,39.2043],[139.5459,39.2043],[139.5459,39.2043],[139.5458,39.2043],[139.5458,39.2043],[139.5458,39.2042],[139.5457,39.2042],[139.5457,39.2042],[139.5456,39.2042],[139.5456,39.2043],[139.5456,39.2043],[139.5456,39.2043],[139.5456,39.2044],[139.5456,39.2044],[139.5456,39.2045],[139.5456,39.2045],[139.5457,39.2044],[139.5458,39.2044],[139.5458,39.2044],[139.5459,39.2043]]],[[[139.5456,39.2048],[139.5455,39.2047],[139.5454,39.2047],[139.5454,39.2047],[139.5454,39.2048],[139.5454,39.2049],[139.5455,39.2049],[139.5455,39.2049],[139.5455,39.2049],[139.5455,39.205],[139.5456,39.205],[139.5456,39.2049],[139.5456,39.2049],[139.5456,39.2049],[139.5457,39.2049],[139.5457,39.2049],[139.5456,39.2048],[139.5456,39.2048]]],[[[139.5479,39.207],[139.5478,39.207],[139.5478,39.207],[139.5478,39.207],[139.5478,39.2071],[139.5477,39.2071],[139.5477,39.2072],[139.5477,39.2072],[139.5477,39.2073],[139.5477,39.2073],[139.5477,39.2073],[139.5478,39.2074],[139.5478,39.2074],[139.5479,39.2074],[139.5479,39.2074],[139.5479,39.2073],[139.5479,39.2073],[139.548,39.2072],[139.548,39.2072],[139.5479,39.2071],[139.5479,39.2071],[139.5479,39.207],[139.5479,39.207]]],[[[139.5461,39.2073],[139.5459,39.2073],[139.5459,39.2073],[139.5458,39.2074],[139.5458,39.2074],[139.5458,39.2074],[139.5459,39.2075],[139.546,39.2075],[139.546,39.2075],[139.5461,39.2074],[139.5461,39.2074],[139.5461,39.2074],[139.5461,39.2073],[139.5461,39.2073]]],[[[139.5504,39.2086],[139.5505,39.2085],[139.5505,39.2085],[139.5506,39.2085],[139.5507,39.2084],[139.5507,39.2084],[139.5507,39.2083],[139.5507,39.2083],[139.5506,39.2083],[139.5507,39.2082],[139.5508,39.2083],[139.5509,39.2083],[139.5509,39.2082],[139.551,39.2081],[139.551,39.2081],[139.5511,39.208],[139.5511,39.2079],[139.5511,39.2079],[139.5512,39.2079],[139.5512,39.2077],[139.5512,39.2077],[139.5512,39.2076],[139.5512,39.2076],[139.5513,39.2075],[139.5513,39.2074],[139.5513,39.2074],[139.5513,39.2073],[139.5513,39.2073],[139.5514,39.2073],[139.5516,39.2072],[139.5516,39.2071],[139.5517,39.2072],[139.5519,39.2071],[139.5519,39.2071],[139.552,39.2071],[139.5522,39.207],[139.5523,39.2069],[139.5524,39.207],[139.5526,39.2069],[139.5526,39.2069],[139.5526,39.2068],[139.5527,39.2069],[139.5529,39.2068],[139.5529,39.2067],[139.553,39.2068],[139.5532,39.2067],[139.5532,39.2066],[139.5533,39.2066],[139.5535,39.2066],[139.5535,39.2065],[139.5536,39.2065],[139.5538,39.2064],[139.5538,39.2063],[139.5539,39.2064],[139.5541,39.2062],[139.5541,39.2062],[139.5542,39.2062],[139.5544,39.206],[139.5544,39.206],[139.5543,39.2059],[139.5546,39.2058],[139.5549,39.2056],[139.5561,39.2063],[139.5566,39.206],[139.5582,39.2048],[139.5583,39.2048],[139.5583,39.2048],[139.5584,39.2048],[139.5589,39.2049],[139.5589,39.2048],[139.5583,39.2048],[139.5583,39.2048],[139.5581,39.2047],[139.558,39.2049],[139.5561,39.2062],[139.5559,39.206],[139.5557,39.206],[139.5553,39.2057],[139.5556,39.2053],[139.5557,39.2054],[139.5565,39.2047],[139.5569,39.2049],[139.557,39.2051],[139.5571,39.205],[139.557,39.2049],[139.5566,39.2047],[139.5561,39.2043],[139.5564,39.204],[139.5566,39.2041],[139.5567,39.2039],[139.5566,39.2038],[139.5575,39.2031],[139.5579,39.2029],[139.5582,39.2034],[139.5583,39.2034],[139.5583,39.2034],[139.5583,39.2034],[139.5587,39.2038],[139.5589,39.2036],[139.559,39.2036],[139.5592,39.2035],[139.5592,39.2034],[139.5592,39.2033],[139.5592,39.2032],[139.5592,39.2032],[139.5592,39.2031],[139.5593,39.203],[139.5594,39.203],[139.5594,39.2028],[139.5596,39.2029],[139.5596,39.2028],[139.5593,39.2028],[139.5592,39.2028],[139.5589,39.203],[139.5589,39.2032],[139.5591,39.2035],[139.5589,39.2036],[139.5586,39.2032],[139.5588,39.2031],[139.5586,39.2029],[139.5594,39.2024],[139.5596,39.2026],[139.5603,39.2023],[139.5603,39.2021],[139.5604,39.2021],[139.5604,39.2022],[139.5604,39.2027],[139.56,39.2029],[139.5599,39.203],[139.5598,39.2028],[139.5597,39.2028],[139.56,39.2033],[139.5602,39.2036],[139.5603,39.2036],[139.5602,39.2034],[139.56,39.2031],[139.5604,39.2027],[139.5605,39.2021],[139.5605,39.2021],[139.5606,39.2021],[139.5606,39.2021],[139.5607,39.2021],[139.5607,39.202],[139.5608,39.202],[139.5609,39.2019],[139.5611,39.2018],[139.5611,39.2018],[139.5613,39.2017],[139.5613,39.2016],[139.5616,39.2014],[139.5617,39.2013],[139.5619,39.2011],[139.5621,39.201],[139.5623,39.2009],[139.5625,39.2008],[139.5626,39.2007],[139.5627,39.2007],[139.5628,39.2007],[139.563,39.2007],[139.5631,39.2007],[139.5632,39.2006],[139.5633,39.2006],[139.5633,39.2005],[139.5634,39.2004],[139.5634,39.2001],[139.5634,39.2001],[139.5635,39.2001],[139.5635,39.2],[139.5635,39.2],[139.5635,39.1999],[139.5636,39.1998],[139.5638,39.1996],[139.5639,39.1995],[139.5642,39.1993],[139.5642,39.1993],[139.5642,39.1993],[139.5644,39.1991],[139.5646,39.1989],[139.5647,39.1988],[139.5647,39.1988],[139.5648,39.1987],[139.5648,39.1985],[139.5647,39.1983],[139.5647,39.1982],[139.5647,39.1981],[139.5646,39.198],[139.5645,39.198],[139.5644,39.1979],[139.5644,39.1978],[139.5642,39.1977],[139.564,39.1976],[139.5639,39.1975],[139.5639,39.1974],[139.5638,39.1973],[139.5638,39.1973],[139.5638,39.1972],[139.5638,39.1971],[139.5639,39.1971],[139.5639,39.1969],[139.5641,39.1969],[139.5641,39.1969],[139.5642,39.1969],[139.5643,39.1968],[139.5644,39.1969],[139.5645,39.1968],[139.5645,39.1967],[139.5645,39.1966],[139.5645,39.1965],[139.5644,39.1964],[139.5643,39.1964],[139.5643,39.1964],[139.5643,39.1963],[139.5642,39.1963],[139.5641,39.1962],[139.564,39.1962],[139.564,39.1962],[139.564,39.1961],[139.5638,39.196],[139.5637,39.196],[139.5637,39.196],[139.5635,39.1959],[139.5635,39.1959],[139.5634,39.1958],[139.5633,39.1957],[139.5632,39.1957],[139.5632,39.1957],[139.5631,39.1956],[139.563,39.1956],[139.5629,39.1956],[139.5628,39.1956],[139.5626,39.1956],[139.5626,39.1956],[139.5625,39.1955],[139.5624,39.1955],[139.5623,39.1955],[139.5623,39.1954],[139.5622,39.1954],[139.5622,39.1954],[139.5621,39.1954],[139.562,39.1953],[139.5619,39.1953],[139.5619,39.1953],[139.5618,39.1954],[139.5617,39.1954],[139.5617,39.1954],[139.5617,39.1955],[139.5617,39.1956],[139.5617,39.1957],[139.5618,39.1958],[139.5619,39.1958],[139.5619,39.1959],[139.5618,39.196],[139.5618,39.1961],[139.5616,39.1962],[139.5615,39.1962],[139.5614,39.1963],[139.5612,39.1963],[139.5611,39.1963],[139.561,39.1963],[139.5609,39.1962],[139.5608,39.1962],[139.5607,39.1961],[139.5606,39.196],[139.5606,39.196],[139.5606,39.1959],[139.5605,39.1959],[139.5605,39.1958],[139.5605,39.1958],[139.5605,39.1958],[139.5605,39.1957],[139.5605,39.1957],[139.5605,39.1956],[139.5605,39.1956],[139.5605,39.1955],[139.5606,39.1955],[139.5608,39.1955],[139.5608,39.1954],[139.5609,39.1954],[139.5609,39.1953],[139.5609,39.1953],[139.5609,39.1952],[139.5609,39.1952],[139.5615,39.1947],[139.5622,39.1949],[139.5622,39.1949],[139.5615,39.1947],[139.5609,39.1951],[139.5609,39.1951],[139.5608,39.195],[139.5608,39.195],[139.5607,39.195],[139.5607,39.195],[139.5606,39.195],[139.5605,39.1949],[139.5604,39.195],[139.5604,39.195],[139.5604,39.1951],[139.5603,39.1951],[139.5602,39.1952],[139.5602,39.1953],[139.5602,39.1953],[139.5601,39.1954],[139.5601,39.1953],[139.5599,39.1952],[139.56,39.1951],[139.56,39.195],[139.56,39.195],[139.56,39.1949],[139.56,39.1949],[139.5599,39.1948],[139.5598,39.1949],[139.5597,39.1949],[139.5597,39.1949],[139.5596,39.1948],[139.5594,39.1948],[139.5594,39.1949],[139.5593,39.1949],[139.5591,39.195],[139.5591,39.1951],[139.559,39.1951],[139.559,39.1952],[139.559,39.1953],[139.5591,39.1953],[139.5591,39.1953],[139.5591,39.1954],[139.5592,39.1954],[139.5593,39.1954],[139.5593,39.1955],[139.5595,39.1955],[139.5596,39.1955],[139.5596,39.1957],[139.5583,39.1956],[139.5583,39.1956],[139.5583,39.1956],[139.5581,39.1955],[139.558,39.1954],[139.558,39.1952],[139.5579,39.1947],[139.5579,39.1946],[139.5578,39.1945],[139.5577,39.1944],[139.5576,39.1943],[139.5575,39.1943],[139.5574,39.1942],[139.5573,39.1942],[139.5572,39.1941],[139.5572,39.194],[139.5571,39.194],[139.5571,39.194],[139.5564,39.1938],[139.5558,39.1935],[139.5556,39.1936],[139.5556,39.1936],[139.5558,39.1936],[139.557,39.1941],[139.5568,39.1944],[139.5553,39.1937],[139.5551,39.1939],[139.5542,39.1934],[139.5547,39.1927],[139.5554,39.1931],[139.5552,39.1933],[139.5553,39.1933],[139.5555,39.1931],[139.556,39.193],[139.556,39.1929],[139.5555,39.193],[139.5549,39.1927],[139.5547,39.1926],[139.5542,39.1933],[139.5541,39.1934],[139.5541,39.1934],[139.554,39.1933],[139.5539,39.1932],[139.5538,39.1931],[139.554,39.1931],[139.5539,39.1929],[139.5537,39.193],[139.5535,39.1928],[139.5537,39.1928],[139.5536,39.1926],[139.5533,39.1926],[139.5532,39.1924],[139.5531,39.1924],[139.5531,39.1922],[139.553,39.1921],[139.5529,39.192],[139.5529,39.192],[139.5528,39.1919],[139.5527,39.1919],[139.5522,39.1917],[139.5522,39.1917],[139.5516,39.1914],[139.5516,39.191],[139.5516,39.1909],[139.5516,39.1906],[139.5515,39.1902],[139.5514,39.1902],[139.5514,39.1904],[139.5515,39.1909],[139.5509,39.1909],[139.5503,39.1906],[139.5501,39.1903],[139.55,39.19],[139.55,39.19],[139.5499,39.1898],[139.55,39.1898],[139.55,39.1898],[139.5504,39.1896],[139.5505,39.1897],[139.5507,39.19],[139.5511,39.1905],[139.5511,39.1904],[139.5508,39.19],[139.5504,39.1894],[139.5501,39.189],[139.55,39.189],[139.55,39.1889],[139.5497,39.1885],[139.5496,39.1886],[139.55,39.1891],[139.55,39.1891],[139.5503,39.1895],[139.5504,39.1896],[139.55,39.1897],[139.55,39.1897],[139.5499,39.1898],[139.5499,39.1898],[139.5498,39.1897],[139.5496,39.1894],[139.5483,39.1884],[139.5484,39.1884],[139.5481,39.1876],[139.5485,39.1875],[139.5489,39.1877],[139.5491,39.1878],[139.5499,39.1883],[139.5499,39.1882],[139.5489,39.1876],[139.5484,39.1864],[139.5482,39.1864],[139.5481,39.1862],[139.5479,39.1855],[139.548,39.1852],[139.5483,39.1847],[139.5482,39.1846],[139.548,39.1852],[139.5478,39.1855],[139.5474,39.1856],[139.5474,39.1856],[139.5478,39.1856],[139.5479,39.1858],[139.5481,39.1865],[139.5474,39.1867],[139.5469,39.1848],[139.5471,39.1848],[139.5474,39.1848],[139.5473,39.1845],[139.5471,39.1845],[139.5471,39.1838],[139.5477,39.1833],[139.5477,39.1833],[139.5477,39.1833],[139.5479,39.1833],[139.5479,39.1833],[139.5485,39.1834],[139.5485,39.1833],[139.5485,39.1833],[139.5486,39.1832],[139.5487,39.1832],[139.5487,39.1833],[139.5488,39.1833],[139.5488,39.1833],[139.5488,39.1833],[139.5488,39.1834],[139.5489,39.1833],[139.5489,39.1834],[139.5491,39.1835],[139.5491,39.1835],[139.5492,39.1836],[139.5493,39.1836],[139.5494,39.1836],[139.5495,39.1837],[139.5495,39.1837],[139.5496,39.1837],[139.5497,39.1837],[139.5498,39.1837],[139.5499,39.1837],[139.5499,39.1837],[139.55,39.1837],[139.55,39.1837],[139.55,39.1837],[139.5501,39.1837],[139.5501,39.1837],[139.5502,39.1836],[139.5507,39.184],[139.5511,39.1842],[139.5511,39.1841],[139.5507,39.184],[139.5503,39.1836],[139.5503,39.1836],[139.5504,39.1835],[139.5504,39.1835],[139.5504,39.1834],[139.5505,39.1834],[139.5505,39.1833],[139.5505,39.1833],[139.5505,39.1833],[139.5505,39.1833],[139.5505,39.1832],[139.5505,39.1832],[139.5505,39.1831],[139.5505,39.183],[139.5504,39.183],[139.5504,39.1829],[139.5502,39.1828],[139.5502,39.1827],[139.5501,39.1827],[139.55,39.1827],[139.55,39.1827],[139.55,39.1827],[139.55,39.1827],[139.5499,39.1826],[139.5498,39.1826],[139.5498,39.1825],[139.5498,39.1825],[139.5496,39.1824],[139.5496,39.1824],[139.5495,39.1824],[139.5495,39.1824],[139.5495,39.1824],[139.5494,39.1824],[139.5494,39.1824],[139.5494,39.1823],[139.5494,39.1823],[139.5494,39.1823],[139.5494,39.1822],[139.5495,39.1822],[139.5495,39.1821],[139.5495,39.1821],[139.5495,39.182],[139.5494,39.1819],[139.5494,39.1819],[139.5493,39.1819],[139.5493,39.1818],[139.5493,39.1818],[139.5492,39.1818],[139.5491,39.1818],[139.549,39.1818],[139.549,39.1817],[139.5489,39.1817],[139.5488,39.1817],[139.5487,39.1816],[139.5486,39.1816],[139.5485,39.1817],[139.5484,39.1817],[139.5482,39.1819],[139.5482,39.1819],[139.5481,39.1819],[139.548,39.182],[139.548,39.1821],[139.5479,39.1821],[139.5478,39.1822],[139.5478,39.1822],[139.5478,39.1823],[139.5477,39.1823],[139.5477,39.1823],[139.5477,39.1825],[139.5475,39.1825],[139.5474,39.1825],[139.5471,39.1827],[139.547,39.1827],[139.5468,39.1828],[139.5464,39.1829],[139.5462,39.1829],[139.546,39.1829],[139.5459,39.1829],[139.5458,39.1829],[139.5456,39.1828],[139.5455,39.1827],[139.5454,39.1827],[139.5453,39.1825],[139.5453,39.1825],[139.5453,39.1825],[139.5454,39.1824],[139.5454,39.1824],[139.5455,39.1822],[139.5455,39.1822],[139.5454,39.1822],[139.5455,39.1821],[139.5454,39.182],[139.5454,39.1819],[139.5453,39.1819],[139.5452,39.182],[139.5452,39.182],[139.5451,39.1821],[139.545,39.182],[139.545,39.182],[139.5451,39.1819],[139.5451,39.1818],[139.5451,39.1818],[139.5452,39.1817],[139.5452,39.1817],[139.5451,39.1815],[139.5451,39.1815],[139.545,39.1815],[139.545,39.1815],[139.5448,39.1814],[139.5447,39.1814],[139.5446,39.1814],[139.5444,39.1814],[139.5443,39.1815],[139.5443,39.1814],[139.544,39.1815],[139.544,39.1815],[139.5439,39.1815],[139.5437,39.1816],[139.5437,39.1817],[139.5437,39.1816],[139.5436,39.1817],[139.5436,39.1818],[139.5435,39.1818],[139.5433,39.1819],[139.5433,39.1819],[139.5432,39.1819],[139.5431,39.182],[139.543,39.182],[139.543,39.182],[139.5427,39.1821],[139.5427,39.1821],[139.5426,39.1821],[139.5424,39.1822],[139.5424,39.1822],[139.5423,39.1822],[139.5421,39.1823],[139.5421,39.1823],[139.5421,39.1824],[139.542,39.1824],[139.542,39.1825],[139.542,39.1826],[139.542,39.1826],[139.542,39.1826],[139.542,39.1826],[139.5417,39.1827],[139.5417,39.1827],[139.5411,39.183],[139.5411,39.183],[139.5417,39.1828],[139.5417,39.1828],[139.5419,39.1827],[139.5419,39.1828],[139.542,39.1829],[139.542,39.1829],[139.5422,39.1831],[139.5423,39.183],[139.5423,39.1831],[139.5424,39.1831],[139.5425,39.1832],[139.5425,39.1832],[139.5425,39.1832],[139.5423,39.1833],[139.5423,39.1833],[139.5423,39.1833],[139.5423,39.1833],[139.5423,39.1833],[139.5423,39.1833],[139.5422,39.1833],[139.5422,39.1833],[139.5422,39.1833],[139.542,39.1834],[139.542,39.1835],[139.5419,39.1835],[139.5419,39.1837],[139.5419,39.1837],[139.5419,39.1837],[139.542,39.1838],[139.5422,39.1839],[139.5422,39.1839],[139.5422,39.184],[139.5422,39.1841],[139.5423,39.1841],[139.5422,39.1842],[139.5422,39.1843],[139.5423,39.1843],[139.5422,39.1843],[139.5421,39.1844],[139.542,39.1845],[139.542,39.1845],[139.5418,39.1846],[139.5418,39.1847],[139.5418,39.1847],[139.5417,39.1847],[139.5417,39.1848],[139.5417,39.1848],[139.5413,39.185],[139.5411,39.1854],[139.541,39.1856],[139.541,39.1856],[139.541,39.1857],[139.541,39.1857],[139.5409,39.1858],[139.5408,39.1859],[139.5406,39.1861],[139.5405,39.1862],[139.5405,39.1862],[139.5405,39.1862],[139.5403,39.1864],[139.5402,39.1866],[139.5401,39.1869],[139.5401,39.1869],[139.5401,39.1869],[139.54,39.1871],[139.54,39.1871],[139.5399,39.1872],[139.5399,39.1874],[139.5399,39.1875],[139.5398,39.1878],[139.5398,39.1878],[139.5398,39.1879],[139.5398,39.188],[139.5397,39.1881],[139.5397,39.1884],[139.5397,39.1886],[139.5397,39.1887],[139.5397,39.1888],[139.5398,39.1892],[139.5399,39.1896],[139.54,39.1897],[139.54,39.1899],[139.54,39.1899],[139.5401,39.19],[139.5402,39.1903],[139.5403,39.1904],[139.5403,39.1904],[139.5403,39.1905],[139.5403,39.1906],[139.5404,39.1907],[139.5405,39.191],[139.5406,39.1913],[139.5408,39.1917],[139.5408,39.1917],[139.5408,39.1917],[139.5408,39.1917],[139.5409,39.1919],[139.5409,39.192],[139.5409,39.192],[139.541,39.1922],[139.541,39.1923],[139.541,39.1925],[139.5411,39.1928],[139.5411,39.193],[139.5411,39.1931],[139.541,39.1932],[139.541,39.1933],[139.541,39.1934],[139.5409,39.1935],[139.5408,39.1937],[139.5407,39.1938],[139.5405,39.1939],[139.5405,39.194],[139.5405,39.194],[139.5404,39.194],[139.5404,39.194],[139.5403,39.194],[139.5402,39.1939],[139.5401,39.1939],[139.5401,39.1939],[139.5401,39.1938],[139.5401,39.1937],[139.5399,39.1936],[139.5398,39.1936],[139.5398,39.1936],[139.5398,39.1935],[139.5398,39.1935],[139.5397,39.1935],[139.5396,39.1934],[139.5396,39.1934],[139.5395,39.1934],[139.5395,39.1934],[139.5394,39.1934],[139.5393,39.1934],[139.5393,39.1934],[139.5393,39.1935],[139.5392,39.1935],[139.5392,39.1936],[139.5392,39.1937],[139.5393,39.1937],[139.5393,39.1938],[139.5393,39.1938],[139.5392,39.1938],[139.5392,39.194],[139.5392,39.194],[139.5392,39.194],[139.5392,39.1941],[139.5392,39.1941],[139.5391,39.1941],[139.5391,39.1942],[139.5391,39.1943],[139.5392,39.1943],[139.5392,39.1943],[139.5391,39.1944],[139.5391,39.1944],[139.5391,39.1946],[139.5391,39.1946],[139.5391,39.1946],[139.5391,39.1947],[139.5391,39.1948],[139.5391,39.1948],[139.5392,39.1948],[139.5392,39.1949],[139.5392,39.1949],[139.5392,39.195],[139.5392,39.195],[139.5392,39.1951],[139.5392,39.1951],[139.5392,39.1952],[139.5392,39.1952],[139.5392,39.1953],[139.5392,39.1953],[139.5392,39.1953],[139.5392,39.1954],[139.5392,39.1954],[139.5391,39.1955],[139.5392,39.1955],[139.5392,39.1955],[139.5392,39.1956],[139.5393,39.1956],[139.5393,39.1956],[139.5393,39.1956],[139.5394,39.1957],[139.5395,39.1956],[139.5395,39.1957],[139.5396,39.1957],[139.5397,39.1957],[139.5397,39.1957],[139.5397,39.1957],[139.5397,39.1957],[139.5397,39.1957],[139.5398,39.1958],[139.5399,39.1958],[139.5399,39.1958],[139.5399,39.1957],[139.5399,39.1957],[139.54,39.1957],[139.54,39.1956],[139.54,39.1955],[139.54,39.1955],[139.5401,39.1955],[139.5402,39.1955],[139.5402,39.1954],[139.5402,39.1954],[139.5402,39.1953],[139.5403,39.1953],[139.5404,39.1952],[139.5404,39.1952],[139.5405,39.1952],[139.5405,39.1951],[139.5404,39.1951],[139.5405,39.1951],[139.5405,39.195],[139.5406,39.195],[139.5406,39.195],[139.5406,39.1949],[139.5406,39.1949],[139.5405,39.1948],[139.5406,39.1948],[139.5406,39.1948],[139.5407,39.1947],[139.5409,39.1947],[139.5411,39.1948],[139.5412,39.1948],[139.5413,39.1949],[139.5415,39.195],[139.5417,39.1951],[139.5417,39.1951],[139.5417,39.1952],[139.5417,39.1952],[139.542,39.1954],[139.5421,39.1955],[139.5421,39.1955],[139.5423,39.1957],[139.5423,39.1958],[139.5425,39.196],[139.5426,39.196],[139.5427,39.1963],[139.543,39.1965],[139.5431,39.1966],[139.5434,39.1969],[139.5435,39.197],[139.5436,39.1971],[139.5437,39.1971],[139.5439,39.1972],[139.5442,39.1974],[139.5444,39.1975],[139.5447,39.1977],[139.5449,39.1978],[139.5452,39.1979],[139.5453,39.1979],[139.5454,39.198],[139.5458,39.1979],[139.5459,39.1979],[139.5461,39.198],[139.5462,39.198],[139.5463,39.1981],[139.5465,39.1981],[139.5465,39.1982],[139.5467,39.1982],[139.5467,39.1983],[139.5469,39.1983],[139.5471,39.1984],[139.5472,39.1985],[139.5473,39.1986],[139.5476,39.1988],[139.5477,39.199],[139.5478,39.1991],[139.5478,39.1991],[139.5478,39.1992],[139.5478,39.1992],[139.5479,39.1993],[139.548,39.1994],[139.5482,39.1996],[139.5483,39.1997],[139.5484,39.1998],[139.5484,39.1999],[139.5483,39.1999],[139.5483,39.2],[139.5483,39.2],[139.5483,39.2001],[139.5484,39.2001],[139.5485,39.2002],[139.5485,39.2002],[139.5486,39.2003],[139.5487,39.2003],[139.5487,39.2004],[139.5488,39.2004],[139.549,39.2004],[139.549,39.2005],[139.5491,39.2006],[139.5492,39.2006],[139.5492,39.2007],[139.5494,39.2007],[139.5495,39.201],[139.5496,39.201],[139.5496,39.2011],[139.5497,39.2012],[139.5497,39.2013],[139.5498,39.2013],[139.5498,39.2014],[139.5499,39.2015],[139.5499,39.2015],[139.55,39.2017],[139.55,39.2017],[139.55,39.2018],[139.5501,39.202],[139.5501,39.202],[139.5501,39.202],[139.5502,39.2022],[139.5502,39.2024],[139.5502,39.2027],[139.5502,39.2027],[139.5502,39.2028],[139.5502,39.2029],[139.5501,39.203],[139.5501,39.2031],[139.55,39.2031],[139.55,39.2031],[139.55,39.2031],[139.55,39.2032],[139.5499,39.2033],[139.5498,39.2034],[139.5498,39.2034],[139.5496,39.2036],[139.5496,39.2036],[139.5495,39.2037],[139.5495,39.2038],[139.5494,39.204],[139.5493,39.2041],[139.5493,39.2042],[139.5493,39.2043],[139.5492,39.2043],[139.5492,39.2044],[139.5491,39.2045],[139.5491,39.2046],[139.5491,39.2046],[139.5491,39.2048],[139.549,39.2048],[139.549,39.2051],[139.549,39.2053],[139.549,39.2057],[139.549,39.2057],[139.549,39.2058],[139.5489,39.206],[139.5489,39.206],[139.5489,39.2061],[139.5489,39.2061],[139.5489,39.2062],[139.5489,39.2062],[139.549,39.2063],[139.5489,39.2063],[139.5488,39.2064],[139.5488,39.2065],[139.5488,39.2065],[139.5488,39.2066],[139.5489,39.2066],[139.5489,39.2066],[139.5489,39.2067],[139.5491,39.2067],[139.5491,39.2068],[139.5491,39.2069],[139.549,39.2069],[139.549,39.207],[139.5489,39.2071],[139.5489,39.2071],[139.5489,39.2072],[139.5489,39.2073],[139.549,39.2073],[139.549,39.2074],[139.5491,39.2075],[139.5492,39.2075],[139.5492,39.2076],[139.5493,39.2077],[139.5494,39.2077],[139.5494,39.2078],[139.5495,39.2079],[139.5496,39.2079],[139.5495,39.208],[139.5495,39.2081],[139.5496,39.2082],[139.5497,39.2082],[139.5496,39.2082],[139.5497,39.2083],[139.5497,39.2083],[139.5497,39.2084],[139.5498,39.2084],[139.5498,39.2084],[139.55,39.2085],[139.55,39.2085],[139.55,39.2085],[139.5501,39.2085],[139.5502,39.2085],[139.5504,39.2086]]],[[[139.5517,39.2097],[139.5516,39.2097],[139.5516,39.2097],[139.5515,39.2097],[139.5515,39.2098],[139.5515,39.2099],[139.5515,39.2099],[139.5515,39.21],[139.5515,39.21],[139.5515,39.2101],[139.5516,39.2101],[139.5516,39.2101],[139.5516,39.2101],[139.5516,39.21],[139.5517,39.21],[139.5517,39.2099],[139.5517,39.2099],[139.5517,39.2098],[139.5517,39.2098],[139.5517,39.2098],[139.5517,39.2097]]],[[[139.5513,39.2105],[139.5512,39.2105],[139.5511,39.2105],[139.5511,39.2106],[139.5512,39.2106],[139.5512,39.2106],[139.5513,39.2105],[139.5513,39.2105]]],[[[139.5454,39.2107],[139.5454,39.2107],[139.5453,39.2107],[139.5452,39.2107],[139.5452,39.2108],[139.5452,39.2108],[139.5452,39.2108],[139.5452,39.2109],[139.5453,39.2109],[139.5454,39.2109],[139.5454,39.2108],[139.5455,39.2108],[139.5455,39.2107],[139.5454,39.2107]]],[[[139.5524,39.2124],[139.5524,39.2124],[139.5523,39.2124],[139.5522,39.2125],[139.5522,39.2125],[139.5522,39.2125],[139.5522,39.2126],[139.5523,39.2126],[139.5523,39.2126],[139.5524,39.2126],[139.5524,39.2126],[139.5524,39.2125],[139.5525,39.2125],[139.5525,39.2125],[139.5524,39.2124]]],[[[139.5523,39.2129],[139.5523,39.2129],[139.5522,39.2129],[139.5522,39.213],[139.5522,39.213],[139.5522,39.2131],[139.5522,39.2131],[139.5523,39.2131],[139.5523,39.2131],[139.5523,39.2131],[139.5524,39.213],[139.5523,39.2129]]],[[[139.5557,39.2143],[139.5557,39.2143],[139.5557,39.2144],[139.5557,39.2144],[139.5558,39.2144],[139.5558,39.2144],[139.5558,39.2144],[139.5558,39.2143],[139.5557,39.2143]]],[[[139.5559,39.215],[139.5559,39.2149],[139.556,39.2149],[139.556,39.2149],[139.556,39.2148],[139.556,39.2148],[139.5559,39.2148],[139.5559,39.2148],[139.5558,39.2147],[139.5558,39.2147],[139.5558,39.2147],[139.5557,39.2147],[139.5557,39.2146],[139.5557,39.2146],[139.5557,39.2145],[139.5556,39.2145],[139.5556,39.2144],[139.5556,39.2144],[139.5555,39.2144],[139.5555,39.2144],[139.5554,39.2145],[139.5554,39.2145],[139.5554,39.2145],[139.5554,39.2145],[139.5554,39.2146],[139.5554,39.2147],[139.5554,39.2147],[139.5554,39.2148],[139.5554,39.2148],[139.5554,39.2149],[139.5555,39.2149],[139.5555,39.2149],[139.5556,39.215],[139.5557,39.215],[139.5557,39.2149],[139.5558,39.215],[139.5559,39.215]]],[[[139.551,39.2155],[139.551,39.2154],[139.551,39.2154],[139.551,39.2154],[139.551,39.2154],[139.551,39.2153],[139.551,39.2153],[139.5509,39.2152],[139.5509,39.2152],[139.5508,39.2152],[139.5509,39.2152],[139.5509,39.2151],[139.5508,39.2151],[139.5508,39.215],[139.5507,39.215],[139.5507,39.215],[139.5507,39.2151],[139.5506,39.215],[139.5506,39.215],[139.5505,39.215],[139.5504,39.215],[139.5504,39.215],[139.5505,39.2151],[139.5504,39.2151],[139.5504,39.2151],[139.5504,39.2151],[139.5502,39.2151],[139.5502,39.2152],[139.5502,39.2152],[139.5502,39.2152],[139.5502,39.2153],[139.5502,39.2153],[139.5502,39.2153],[139.5502,39.2153],[139.5502,39.2154],[139.5503,39.2154],[139.5503,39.2154],[139.5504,39.2154],[139.5504,39.2155],[139.5504,39.2155],[139.5505,39.2155],[139.5506,39.2155],[139.5507,39.2155],[139.5507,39.2155],[139.5508,39.2154],[139.5508,39.2155],[139.5508,39.2155],[139.5509,39.2155],[139.551,39.2155]]]]},"properties":{"code":"9060","name":"山形","namekana":"やまがた"}}]}