{"features":[{"type":"Feature","geometry":{"coordinates":[[[[140.8415,35.7503],[140.8413,35.7501],[140.8411,35.7503],[140.8413,35.7504],[140.8415,35.7503]]],[[[140.7628,35.8416],[140.7617,35.8411],[140.7617,35.841],[140.7617,35.841],[140.7616,35.841],[140.7616,35.841],[140.7614,35.8409],[140.7614,35.8409],[140.7616,35.841],[140.7615,35.8411],[140.7616,35.8411],[140.7616,35.8411],[140.7622,35.8413],[140.7629,35.8417],[140.7631,35.8418],[140.7654,35.8429],[140.7654,35.8429],[140.7654,35.8428],[140.7654,35.8428],[140.7644,35.8423],[140.7637,35.842],[140.763,35.8417],[140.7628,35.8416]]],[[[140.6872,35.9183],[140.6871,35.9182],[140.687,35.9183],[140.687,35.9183],[140.687,35.9183],[140.6871,35.9183],[140.6871,35.9183],[140.6872,35.9183],[140.6872,35.9183],[140.6872,35.9183]]],[[[140.6878,35.9186],[140.6877,35.9186],[140.6876,35.9186],[140.6876,35.9186],[140.6876,35.9186],[140.6877,35.9187],[140.6877,35.9187],[140.6878,35.9187],[140.6878,35.9186]]],[[[140.6899,35.9198],[140.6898,35.9198],[140.6898,35.9198],[140.6898,35.9198],[140.6898,35.9198],[140.6898,35.9199],[140.6898,35.9199],[140.6899,35.9199],[140.6899,35.9199],[140.6899,35.9198],[140.6899,35.9198]]],[[[140.6902,35.92],[140.6901,35.92],[140.6901,35.92],[140.6901,35.92],[140.6901,35.92],[140.6901,35.92],[140.6901,35.9201],[140.6901,35.9201],[140.6902,35.9201],[140.6902,35.92],[140.6902,35.92],[140.6902,35.92],[140.6902,35.92],[140.6902,35.92]]],[[[140.6904,35.92],[140.6902,35.92],[140.6902,35.92],[140.6902,35.92],[140.6902,35.9201],[140.6903,35.9201],[140.6903,35.9201],[140.6903,35.9201],[140.6904,35.92]]],[[[140.6905,35.9202],[140.6904,35.9201],[140.6904,35.9201],[140.6904,35.9202],[140.6904,35.9202],[140.6904,35.9202],[140.6904,35.9202],[140.6904,35.9202],[140.6905,35.9202],[140.6905,35.9202],[140.6905,35.9202],[140.6905,35.9202],[140.6905,35.9202]]],[[[140.6906,35.9202],[140.6905,35.9201],[140.6905,35.9202],[140.6905,35.9202],[140.6905,35.9202],[140.6906,35.9203],[140.6907,35.9203],[140.6907,35.9203],[140.6907,35.9203],[140.6906,35.9202]]],[[[140.6908,35.9203],[140.6907,35.9203],[140.6907,35.9203],[140.6907,35.9203],[140.6907,35.9203],[140.6907,35.9203],[140.6907,35.9204],[140.6907,35.9204],[140.6907,35.9204],[140.6907,35.9204],[140.6907,35.9204],[140.6908,35.9203],[140.6908,35.9203]]],[[[140.6908,35.9204],[140.6908,35.9204],[140.6908,35.9204],[140.6908,35.9204],[140.6908,35.9204],[140.6908,35.9204],[140.6908,35.9204],[140.6908,35.9204],[140.6908,35.9204],[140.6908,35.9204],[140.6908,35.9204],[140.6908,35.9204],[140.6908,35.9204]]],[[[140.6911,35.9205],[140.691,35.9205],[140.691,35.9205],[140.691,35.9205],[140.691,35.9205],[140.691,35.9206],[140.6911,35.9206],[140.6911,35.9206],[140.6911,35.9205],[140.6911,35.9205]]],[[[140.6959,35.9306],[140.6959,35.9306],[140.6962,35.9307],[140.6962,35.9307],[140.6959,35.9305],[140.6962,35.9302],[140.6959,35.93],[140.6948,35.9294],[140.6946,35.9295],[140.6945,35.9297],[140.6944,35.93],[140.6943,35.9301],[140.6943,35.9302],[140.694,35.9308],[140.6942,35.9319],[140.6949,35.9321],[140.695,35.9322],[140.6951,35.9322],[140.6971,35.933],[140.6976,35.9333],[140.6976,35.9333],[140.699,35.9343],[140.6991,35.9342],[140.6978,35.9333],[140.6978,35.9333],[140.6972,35.9329],[140.6955,35.9323],[140.6955,35.9321],[140.6955,35.9319],[140.6956,35.9314],[140.6956,35.9313],[140.6956,35.9312],[140.6956,35.9311],[140.6956,35.931],[140.6957,35.9309],[140.6959,35.9306]]],[[[140.681,35.9733],[140.6809,35.9731],[140.6796,35.9736],[140.6797,35.9737],[140.681,35.9733]]],[[[140.5866,36.2913],[140.5865,36.2912],[140.5862,36.2917],[140.5862,36.2917],[140.5851,36.2931],[140.5848,36.2934],[140.585,36.3],[140.585,36.3],[140.585,36.3011],[140.585,36.3018],[140.5852,36.3018],[140.5852,36.3011],[140.5851,36.3],[140.5851,36.3],[140.585,36.2937],[140.585,36.2934],[140.5852,36.2931],[140.5864,36.2917],[140.5864,36.2917],[140.5866,36.2913]]],[[[140.5888,36.31],[140.5889,36.31],[140.5889,36.31],[140.5889,36.3099],[140.5889,36.3099],[140.5889,36.3099],[140.589,36.3099],[140.589,36.3098],[140.589,36.3098],[140.589,36.3097],[140.5889,36.3097],[140.5889,36.3097],[140.5888,36.3097],[140.5888,36.3097],[140.5887,36.3096],[140.5887,36.3097],[140.5886,36.3096],[140.5886,36.3097],[140.5886,36.3097],[140.5886,36.3097],[140.5885,36.3097],[140.5885,36.3098],[140.5885,36.3098],[140.5885,36.3099],[140.5886,36.31],[140.5887,36.31],[140.5887,36.31],[140.5888,36.31],[140.5888,36.31],[140.5888,36.31]]],[[[140.5871,36.3098],[140.5871,36.3098],[140.587,36.3098],[140.587,36.3098],[140.5869,36.3099],[140.5869,36.3099],[140.5869,36.31],[140.5868,36.3101],[140.5868,36.3102],[140.5869,36.3102],[140.5868,36.3103],[140.5869,36.3103],[140.5869,36.3103],[140.5869,36.3104],[140.5871,36.3103],[140.5871,36.3102],[140.5871,36.3102],[140.5872,36.3101],[140.5872,36.31],[140.5872,36.3099],[140.5872,36.3099],[140.5871,36.3098]]],[[[140.5864,36.3106],[140.5865,36.3105],[140.5864,36.3104],[140.5864,36.3104],[140.5863,36.3104],[140.5862,36.3104],[140.5862,36.3105],[140.5863,36.3105],[140.5863,36.3106],[140.5864,36.3106],[140.5864,36.3106]]],[[[140.5886,36.3128],[140.5886,36.3128],[140.5887,36.3128],[140.5887,36.3127],[140.5886,36.3126],[140.5886,36.3126],[140.5886,36.3125],[140.5885,36.3124],[140.5885,36.3124],[140.5885,36.3124],[140.5884,36.3125],[140.5883,36.3125],[140.5883,36.3127],[140.5882,36.3127],[140.5883,36.3128],[140.5883,36.3128],[140.5885,36.3129],[140.5885,36.3129],[140.5886,36.3129],[140.5886,36.3128]]],[[[140.589,36.3131],[140.589,36.3131],[140.5889,36.3131],[140.5889,36.3132],[140.589,36.3132],[140.589,36.3132],[140.589,36.3132],[140.589,36.3131]]],[[[140.5894,36.3135],[140.5895,36.3135],[140.5895,36.3134],[140.5895,36.3134],[140.5895,36.3134],[140.5894,36.3134],[140.5893,36.3134],[140.5894,36.3135],[140.5894,36.3135],[140.5894,36.3135]]],[[[140.5898,36.3137],[140.5898,36.3136],[140.5897,36.3136],[140.5896,36.3137],[140.5895,36.3137],[140.5896,36.3137],[140.5896,36.3138],[140.5896,36.3139],[140.5896,36.3139],[140.5897,36.3139],[140.5896,36.3139],[140.5897,36.314],[140.5897,36.314],[140.5898,36.314],[140.5898,36.314],[140.5898,36.314],[140.5898,36.314],[140.5899,36.314],[140.5899,36.314],[140.5899,36.3139],[140.5899,36.3139],[140.59,36.3139],[140.59,36.3138],[140.5899,36.3138],[140.5899,36.3137],[140.5899,36.3137],[140.5899,36.3137],[140.5899,36.3137],[140.5898,36.3137]]],[[[140.5897,36.3145],[140.5898,36.3145],[140.5897,36.3144],[140.5897,36.3144],[140.5897,36.3144],[140.5897,36.3143],[140.5896,36.3143],[140.5896,36.3143],[140.5896,36.3142],[140.5895,36.3141],[140.5895,36.3142],[140.5894,36.3141],[140.5894,36.3141],[140.5894,36.3141],[140.5894,36.3141],[140.5894,36.314],[140.5893,36.314],[140.5892,36.314],[140.5892,36.3139],[140.5891,36.314],[140.589,36.3141],[140.5891,36.3142],[140.5891,36.3142],[140.5891,36.3142],[140.5891,36.3143],[140.5891,36.3143],[140.5891,36.3144],[140.5892,36.3144],[140.5892,36.3145],[140.5893,36.3145],[140.5893,36.3145],[140.5894,36.3145],[140.5895,36.3145],[140.5895,36.3146],[140.5896,36.3146],[140.5897,36.3145]]],[[[140.5917,36.3168],[140.5916,36.3168],[140.5916,36.3168],[140.5917,36.3168],[140.5917,36.3168],[140.5917,36.3167],[140.5917,36.3167],[140.5917,36.3167],[140.5917,36.3167],[140.5917,36.3166],[140.5917,36.3166],[140.5917,36.3166],[140.5917,36.3166],[140.5916,36.3165],[140.5916,36.3165],[140.5915,36.3165],[140.5914,36.3166],[140.5913,36.3166],[140.5913,36.3166],[140.5912,36.3166],[140.5912,36.3167],[140.5912,36.3167],[140.5912,36.3167],[140.5912,36.3167],[140.5912,36.3168],[140.5912,36.3168],[140.5912,36.3168],[140.5913,36.3168],[140.5914,36.3168],[140.5913,36.3169],[140.5914,36.3169],[140.5914,36.317],[140.5915,36.317],[140.5915,36.317],[140.5915,36.317],[140.5916,36.317],[140.5916,36.317],[140.5916,36.317],[140.5916,36.317],[140.5917,36.3169],[140.5917,36.3169],[140.5917,36.3169],[140.5917,36.3168]]],[[[140.5915,36.3174],[140.5915,36.3174],[140.5914,36.3174],[140.5915,36.3174],[140.5915,36.3175],[140.5916,36.3174],[140.5915,36.3174]]],[[[140.5923,36.3179],[140.5924,36.3179],[140.5924,36.3178],[140.5923,36.3177],[140.5924,36.3176],[140.5924,36.3176],[140.5925,36.3176],[140.5925,36.3175],[140.5925,36.3174],[140.5924,36.3174],[140.5924,36.3173],[140.5923,36.3174],[140.5922,36.3174],[140.5921,36.3174],[140.5921,36.3175],[140.5921,36.3175],[140.5921,36.3176],[140.5921,36.3177],[140.592,36.3177],[140.5921,36.3178],[140.5921,36.3178],[140.592,36.3178],[140.592,36.3179],[140.592,36.3179],[140.5921,36.3179],[140.5922,36.318],[140.5922,36.318],[140.5923,36.318],[140.5923,36.3179]]],[[[140.5946,36.3214],[140.5947,36.3212],[140.5948,36.3212],[140.5948,36.3211],[140.5947,36.3211],[140.5948,36.321],[140.5948,36.321],[140.5948,36.3209],[140.5947,36.3209],[140.5947,36.3209],[140.5946,36.3209],[140.5946,36.3208],[140.5946,36.3207],[140.5946,36.3207],[140.5945,36.3207],[140.5945,36.3206],[140.5945,36.3206],[140.5945,36.3205],[140.5945,36.3205],[140.5945,36.3205],[140.5944,36.3205],[140.5943,36.3206],[140.5943,36.3206],[140.5943,36.3208],[140.5942,36.3208],[140.5942,36.3209],[140.5942,36.321],[140.5942,36.321],[140.5942,36.3211],[140.5943,36.3212],[140.5943,36.3212],[140.5943,36.3212],[140.5944,36.3213],[140.5944,36.3213],[140.5945,36.3213],[140.5945,36.3213],[140.5945,36.3214],[140.5945,36.3215],[140.5945,36.3215],[140.5946,36.3215],[140.5946,36.3214]]],[[[140.5945,36.3219],[140.5944,36.3218],[140.5944,36.3218],[140.5944,36.3219],[140.5944,36.3219],[140.5945,36.3219],[140.5945,36.3219]]],[[[140.5952,36.3218],[140.5953,36.3218],[140.5952,36.3217],[140.5951,36.3218],[140.5951,36.3218],[140.595,36.3218],[140.5949,36.3218],[140.5948,36.3219],[140.5949,36.322],[140.5948,36.3221],[140.5948,36.3221],[140.5948,36.3222],[140.5948,36.3222],[140.5948,36.3223],[140.5949,36.3224],[140.5949,36.3224],[140.5949,36.3224],[140.595,36.3223],[140.5951,36.3223],[140.5951,36.3223],[140.5952,36.3222],[140.5953,36.3222],[140.5953,36.3221],[140.5953,36.322],[140.5953,36.322],[140.5952,36.322],[140.5952,36.322],[140.5952,36.3219],[140.5952,36.3219],[140.5952,36.3218]]],[[[140.5942,36.3237],[140.5942,36.3237],[140.5941,36.3237],[140.5941,36.3237],[140.5942,36.3237]]],[[[140.5945,36.3237],[140.5945,36.3237],[140.5944,36.3237],[140.5944,36.3237],[140.5944,36.3237],[140.5944,36.3237],[140.5944,36.3237],[140.5945,36.3237],[140.5945,36.3237]]],[[[140.6051,36.3377],[140.6051,36.3367],[140.605,36.3367],[140.6051,36.3377],[140.6051,36.3377]]],[[[140.5967,36.338],[140.5974,36.3378],[140.5976,36.3377],[140.5976,36.3376],[140.598,36.3375],[140.5987,36.3374],[140.599,36.3374],[140.5997,36.3372],[140.6,36.3371],[140.6,36.3371],[140.6002,36.337],[140.6006,36.3369],[140.6007,36.3368],[140.6009,36.3367],[140.6009,36.3367],[140.601,36.3366],[140.601,36.3367],[140.601,36.3367],[140.602,36.3373],[140.6019,36.3373],[140.602,36.3374],[140.6021,36.3373],[140.6023,36.3375],[140.6023,36.3374],[140.6024,36.3375],[140.6025,36.3374],[140.6017,36.337],[140.601,36.3366],[140.6009,36.3366],[140.6009,36.3366],[140.6006,36.3367],[140.6005,36.3368],[140.6,36.337],[140.6,36.337],[140.5998,36.337],[140.5992,36.3372],[140.5986,36.3374],[140.5976,36.3376],[140.5975,36.3375],[140.5969,36.3376],[140.5965,36.3378],[140.5965,36.3378],[140.5954,36.3378],[140.5955,36.3376],[140.5952,36.3375],[140.5951,36.3375],[140.595,36.3375],[140.595,36.3375],[140.595,36.3377],[140.5951,36.3377],[140.5953,36.3381],[140.5953,36.3381],[140.5954,36.3381],[140.5959,36.3382],[140.5963,36.3382],[140.5965,36.3381],[140.5967,36.338]]],[[[140.6394,36.3972],[140.6392,36.3971],[140.6385,36.3986],[140.6387,36.3987],[140.6394,36.3972]]],[[[140.6258,36.4273],[140.6258,36.4271],[140.625,36.4271],[140.625,36.4271],[140.6222,36.4272],[140.6222,36.4273],[140.625,36.4273],[140.625,36.4273],[140.6258,36.4273]]],[[[140.6278,36.4376],[140.6278,36.4341],[140.6275,36.4341],[140.6275,36.4348],[140.6275,36.4348],[140.6275,36.4373],[140.6275,36.4373],[140.6275,36.4373],[140.6275,36.4374],[140.6275,36.4374],[140.6275,36.4374],[140.6275,36.4375],[140.6275,36.4376],[140.6275,36.4376],[140.6278,36.4376]]],[[[140.6371,36.4028],[140.6369,36.4027],[140.636,36.4049],[140.636,36.4065],[140.636,36.4083],[140.636,36.4083],[140.6362,36.412],[140.6362,36.4149],[140.6362,36.4167],[140.6362,36.4167],[140.6362,36.425],[140.6362,36.4333],[140.6362,36.4417],[140.6362,36.4417],[140.6362,36.4421],[140.6362,36.4453],[140.6364,36.4453],[140.6364,36.4417],[140.6364,36.4417],[140.6364,36.4333],[140.6364,36.425],[140.6364,36.4167],[140.6364,36.4167],[140.6364,36.4167],[140.6364,36.4167],[140.6364,36.4124],[140.6364,36.4117],[140.6363,36.4085],[140.6363,36.4083],[140.6363,36.4083],[140.6362,36.4049],[140.6371,36.4028]]],[[[140.6364,36.475],[140.6364,36.4745],[140.6363,36.4745],[140.6363,36.475],[140.6363,36.475],[140.6364,36.4772],[140.6365,36.4772],[140.6364,36.475],[140.6364,36.475]]],[[[140.6301,36.4865],[140.6301,36.4864],[140.6301,36.4864],[140.6301,36.4863],[140.6301,36.4863],[140.6301,36.4862],[140.6301,36.4862],[140.6302,36.4862],[140.6303,36.4861],[140.6303,36.486],[140.6303,36.486],[140.6304,36.4859],[140.6304,36.4859],[140.6305,36.4858],[140.6305,36.4857],[140.6306,36.4857],[140.6306,36.4856],[140.6306,36.4856],[140.6307,36.4855],[140.6307,36.4855],[140.6308,36.4854],[140.6309,36.4853],[140.6309,36.4852],[140.631,36.485],[140.6311,36.485],[140.6311,36.485],[140.6312,36.4849],[140.6312,36.4848],[140.6313,36.4848],[140.6313,36.4847],[140.6314,36.4847],[140.6314,36.4846],[140.6314,36.4845],[140.6316,36.4844],[140.6317,36.4843],[140.6318,36.4841],[140.632,36.4839],[140.6321,36.4837],[140.6323,36.4834],[140.6324,36.4833],[140.6324,36.4833],[140.6325,36.4832],[140.6326,36.483],[140.6328,36.4828],[140.6329,36.4827],[140.633,36.4826],[140.633,36.4825],[140.6331,36.4824],[140.6331,36.4824],[140.6332,36.4823],[140.6332,36.4823],[140.6332,36.4822],[140.6333,36.4821],[140.6333,36.4821],[140.6333,36.4821],[140.6333,36.4821],[140.6334,36.482],[140.6334,36.482],[140.6335,36.4819],[140.6335,36.4819],[140.6336,36.4818],[140.6336,36.4818],[140.6336,36.4814],[140.6336,36.4814],[140.6335,36.4814],[140.6335,36.4814],[140.6335,36.4814],[140.6335,36.4815],[140.6334,36.4816],[140.6334,36.4816],[140.6333,36.4817],[140.6333,36.4817],[140.6331,36.482],[140.633,36.4821],[140.6321,36.4833],[140.6321,36.4833],[140.6298,36.4863],[140.6298,36.4865],[140.6298,36.4865],[140.6298,36.4869],[140.6298,36.4869],[140.6298,36.4869],[140.6298,36.4869],[140.6298,36.4872],[140.6298,36.4873],[140.6299,36.4885],[140.6299,36.4904],[140.6299,36.4917],[140.6299,36.4917],[140.6299,36.4922],[140.6302,36.4935],[140.6306,36.4949],[140.6307,36.4949],[140.63,36.4922],[140.63,36.4917],[140.63,36.4917],[140.63,36.4901],[140.63,36.4889],[140.6301,36.4881],[140.6301,36.4873],[140.6301,36.4872],[140.6301,36.4872],[140.6301,36.4871],[140.6301,36.487],[140.6301,36.487],[140.6301,36.4868],[140.6301,36.4866],[140.6301,36.4865],[140.6301,36.4865]]],[[[140.6305,36.4949],[140.6305,36.4949],[140.6304,36.4949],[140.6306,36.4957],[140.6308,36.4966],[140.6308,36.4971],[140.6308,36.4971],[140.6309,36.4979],[140.6308,36.4985],[140.6308,36.4985],[140.6309,36.4979],[140.6309,36.4975],[140.6309,36.4966],[140.6305,36.4949]]],[[[140.6388,36.4991],[140.6388,36.4991],[140.6388,36.4991],[140.6388,36.4991],[140.6387,36.4991],[140.6387,36.4991],[140.6386,36.4992],[140.6386,36.4992],[140.6386,36.4993],[140.6387,36.4993],[140.6387,36.4993],[140.6387,36.4993],[140.6388,36.4993],[140.6388,36.4993],[140.6389,36.4993],[140.6389,36.4993],[140.6389,36.4992],[140.6389,36.4992],[140.639,36.4992],[140.639,36.4992],[140.639,36.4992],[140.639,36.4992],[140.6389,36.4992],[140.6389,36.4991],[140.6389,36.4991],[140.6389,36.4991],[140.6388,36.4991]]],[[[140.6353,36.5081],[140.6352,36.5081],[140.6352,36.5081],[140.6352,36.5081],[140.6352,36.5082],[140.6353,36.5082],[140.6353,36.5083],[140.6353,36.5083],[140.6353,36.5083],[140.6353,36.5084],[140.6353,36.5084],[140.6353,36.5085],[140.6353,36.5085],[140.6353,36.5086],[140.6354,36.5086],[140.6354,36.5087],[140.6354,36.5086],[140.6355,36.5086],[140.6355,36.5086],[140.6355,36.5086],[140.6355,36.5085],[140.6355,36.5085],[140.6355,36.5084],[140.6355,36.5084],[140.6355,36.5083],[140.6355,36.5083],[140.6355,36.5083],[140.6354,36.5082],[140.6354,36.5082],[140.6353,36.5081],[140.6353,36.5081],[140.6353,36.5081]]],[[[140.6463,36.5421],[140.6463,36.5421],[140.6463,36.5421],[140.6463,36.5421],[140.6463,36.5421],[140.6463,36.5421],[140.6463,36.5421],[140.6463,36.5421],[140.6463,36.5422],[140.6463,36.5422],[140.6464,36.5422],[140.6464,36.5422],[140.6465,36.5422],[140.6465,36.5422],[140.6465,36.5421],[140.6464,36.5421],[140.6464,36.5421],[140.6463,36.5421]]],[[[140.6467,36.5422],[140.6466,36.5422],[140.6466,36.5422],[140.6466,36.5422],[140.6466,36.5422],[140.6466,36.5423],[140.6466,36.5423],[140.6468,36.5424],[140.647,36.5424],[140.6471,36.5425],[140.6473,36.5425],[140.6473,36.5425],[140.6473,36.5425],[140.6473,36.5425],[140.6473,36.5425],[140.6473,36.5425],[140.6473,36.5425],[140.6474,36.5424],[140.6474,36.5424],[140.6473,36.5424],[140.6473,36.5424],[140.6473,36.5424],[140.6473,36.5424],[140.6471,36.5423],[140.6467,36.5422],[140.6467,36.5422]]],[[[140.6476,36.5425],[140.6476,36.5425],[140.6476,36.5425],[140.6476,36.5425],[140.6476,36.5425],[140.6476,36.5425],[140.6476,36.5425],[140.6476,36.5425],[140.6475,36.5425],[140.6475,36.5425],[140.6475,36.5425],[140.6475,36.5425],[140.6475,36.5425],[140.6475,36.5425],[140.6475,36.5425],[140.6475,36.5425],[140.6475,36.5426],[140.6475,36.5426],[140.6475,36.5426],[140.6475,36.5426],[140.6475,36.5426],[140.6476,36.5426],[140.6476,36.5426],[140.6476,36.5426],[140.6476,36.5426],[140.6476,36.5426],[140.6476,36.5426],[140.6476,36.5426],[140.6476,36.5426],[140.6476,36.5426],[140.6476,36.5426],[140.6476,36.5426],[140.6477,36.5426],[140.6477,36.5427],[140.6477,36.5427],[140.6477,36.5427],[140.6477,36.5427],[140.6477,36.5427],[140.6477,36.5427],[140.6477,36.5427],[140.6477,36.5427],[140.6477,36.5427],[140.6478,36.5427],[140.6478,36.5427],[140.6478,36.5427],[140.6478,36.5427],[140.6478,36.5427],[140.6478,36.5427],[140.6478,36.5427],[140.6478,36.5427],[140.6478,36.5427],[140.6479,36.5427],[140.6479,36.5427],[140.6479,36.5427],[140.6479,36.5427],[140.6479,36.5427],[140.6479,36.5427],[140.6479,36.5427],[140.6479,36.5427],[140.6479,36.5427],[140.6479,36.5427],[140.648,36.5427],[140.648,36.5427],[140.648,36.5427],[140.648,36.5427],[140.648,36.5427],[140.648,36.5427],[140.648,36.5427],[140.648,36.5427],[140.648,36.5427],[140.648,36.5426],[140.648,36.5426],[140.648,36.5426],[140.648,36.5426],[140.648,36.5426],[140.648,36.5426],[140.6479,36.5426],[140.6479,36.5426],[140.6479,36.5426],[140.6479,36.5426],[140.6479,36.5426],[140.6479,36.5426],[140.6479,36.5426],[140.6479,36.5426],[140.6479,36.5425],[140.6479,36.5425],[140.6479,36.5425],[140.6478,36.5425],[140.6478,36.5425],[140.6478,36.5425],[140.6478,36.5425],[140.6478,36.5425],[140.6478,36.5425],[140.6478,36.5425],[140.6478,36.5425],[140.6478,36.5425],[140.6478,36.5425],[140.6477,36.5425],[140.6477,36.5425],[140.6477,36.5425],[140.6477,36.5425],[140.6477,36.5425],[140.6477,36.5425],[140.6477,36.5425],[140.6477,36.5425],[140.6477,36.5425],[140.6476,36.5425],[140.6476,36.5425]]],[[[140.6506,36.5441],[140.6506,36.5441],[140.6505,36.5441],[140.6505,36.5441],[140.6505,36.5441],[140.6505,36.5442],[140.6506,36.5442],[140.6506,36.5441],[140.6506,36.5441],[140.6506,36.5441]]],[[[140.6621,36.5807],[140.6621,36.5807],[140.6621,36.5807],[140.6621,36.5807],[140.6621,36.5807],[140.662,36.5808],[140.6621,36.5808],[140.6621,36.5808],[140.6621,36.5808],[140.6621,36.5808],[140.6621,36.5809],[140.6621,36.5809],[140.6621,36.5809],[140.6622,36.5809],[140.6622,36.5809],[140.6622,36.5809],[140.6622,36.5809],[140.6622,36.5809],[140.6622,36.5808],[140.6622,36.5808],[140.6621,36.5808],[140.6621,36.5808],[140.6621,36.5808],[140.6622,36.5808],[140.6622,36.5808],[140.6622,36.5807],[140.6622,36.5807],[140.6621,36.5807]]],[[[140.6623,36.5809],[140.6623,36.5809],[140.6623,36.5809],[140.6623,36.5809],[140.6623,36.5809],[140.6623,36.5809]]],[[[140.6624,36.581],[140.6623,36.5809],[140.6623,36.581],[140.6623,36.581],[140.6623,36.581],[140.6624,36.581]]],[[[140.6624,36.581],[140.6624,36.581],[140.6623,36.581],[140.6623,36.581],[140.6624,36.581],[140.6624,36.581]]],[[[140.6631,36.5811],[140.663,36.5811],[140.663,36.5811],[140.663,36.5811],[140.663,36.5811],[140.663,36.5811],[140.663,36.5811],[140.663,36.5811],[140.6631,36.5811],[140.6631,36.5811],[140.6631,36.5811],[140.6631,36.5811],[140.6631,36.5811],[140.6631,36.5811],[140.6631,36.5811],[140.6631,36.5811],[140.6631,36.5811]]],[[[140.6625,36.5811],[140.6625,36.5811],[140.6625,36.5811],[140.6625,36.5811],[140.6624,36.5811],[140.6624,36.5811],[140.6624,36.5811],[140.6624,36.5811],[140.6625,36.5811],[140.6625,36.5811],[140.6625,36.5811],[140.6625,36.5811],[140.6625,36.5811],[140.6625,36.5811],[140.6625,36.5811]]],[[[140.6631,36.5811],[140.6631,36.5811],[140.6631,36.5811],[140.6631,36.5811],[140.6631,36.5811],[140.6631,36.5811],[140.6631,36.5811],[140.6632,36.5811],[140.6632,36.5811],[140.6632,36.5811],[140.6632,36.5811],[140.6632,36.5811],[140.6631,36.5811]]],[[[140.6628,36.5814],[140.6628,36.5814],[140.6628,36.5814],[140.6628,36.5813],[140.6628,36.5813],[140.6628,36.5813],[140.6628,36.5813],[140.6628,36.5813],[140.6628,36.5813],[140.6627,36.5813],[140.6627,36.5813],[140.6627,36.5813],[140.6627,36.5813],[140.6628,36.5814],[140.6628,36.5814],[140.6628,36.5814]]],[[[140.6629,36.5813],[140.6629,36.5813],[140.6629,36.5813],[140.6628,36.5813],[140.6628,36.5814],[140.6628,36.5814],[140.6628,36.5814],[140.6628,36.5814],[140.6629,36.5814],[140.6629,36.5814],[140.6629,36.5814],[140.6629,36.5814],[140.6629,36.5814],[140.6629,36.5813]]],[[[140.6718,36.5975],[140.6718,36.5975],[140.6718,36.5975],[140.6718,36.5976],[140.6718,36.5976],[140.6718,36.5976],[140.6718,36.5976],[140.6718,36.5976],[140.6718,36.5976],[140.6718,36.5975]]],[[[140.6715,36.5976],[140.6715,36.5976],[140.6714,36.5976],[140.6715,36.5976],[140.6715,36.5976]]],[[[140.6721,36.5976],[140.6721,36.5976],[140.6721,36.5976],[140.6721,36.5976],[140.6721,36.5975],[140.6721,36.5975],[140.6721,36.5975],[140.672,36.5975],[140.672,36.5975],[140.6719,36.5974],[140.6719,36.5974],[140.6719,36.5974],[140.6719,36.5974],[140.6718,36.5975],[140.6719,36.5975],[140.6719,36.5975],[140.6719,36.5975],[140.6719,36.5975],[140.6719,36.5975],[140.672,36.5975],[140.672,36.5975],[140.6719,36.5975],[140.6719,36.5975],[140.672,36.5975],[140.672,36.5975],[140.672,36.5975],[140.672,36.5976],[140.672,36.5976],[140.672,36.5976],[140.672,36.5975],[140.6721,36.5975],[140.6721,36.5976],[140.6721,36.5976],[140.6721,36.5976],[140.6721,36.5976],[140.6721,36.5976],[140.6721,36.5976],[140.6722,36.5976],[140.6721,36.5976],[140.6721,36.5976],[140.6721,36.5976],[140.6721,36.5976],[140.6721,36.5977],[140.6721,36.5977],[140.6722,36.5976],[140.6722,36.5976],[140.6722,36.5976],[140.6722,36.5976],[140.6721,36.5976]]],[[[140.6717,36.5975],[140.6716,36.5974],[140.6716,36.5975],[140.6716,36.5975],[140.6716,36.5976],[140.6715,36.5976],[140.6715,36.5976],[140.6715,36.5976],[140.6715,36.5977],[140.6715,36.5977],[140.6715,36.5976],[140.6716,36.5976],[140.6717,36.5976],[140.6717,36.5975]]],[[[140.6721,36.5977],[140.6721,36.5977],[140.6721,36.5977],[140.6721,36.5977],[140.6721,36.5977],[140.6721,36.5977],[140.6721,36.5977],[140.6722,36.5977],[140.6721,36.5977]]],[[[140.6718,36.5977],[140.6718,36.5976],[140.6717,36.5976],[140.6717,36.5977],[140.6717,36.5977],[140.6717,36.5977],[140.6718,36.5977],[140.6718,36.5977],[140.6718,36.5977]]],[[[140.6806,36.6144],[140.6804,36.6143],[140.6804,36.6143],[140.6804,36.6143],[140.6803,36.6143],[140.6803,36.6143],[140.6802,36.6143],[140.6802,36.6143],[140.6802,36.6143],[140.6802,36.6143],[140.6802,36.6143],[140.6802,36.6144],[140.6803,36.6144],[140.6803,36.6144],[140.6803,36.6144],[140.6804,36.6144],[140.6804,36.6144],[140.6804,36.6144],[140.6804,36.6144],[140.6805,36.6144],[140.6805,36.6144],[140.6805,36.6144],[140.6805,36.6144],[140.6806,36.6144],[140.6806,36.6144],[140.6806,36.6144]]],[[[140.6835,36.6159],[140.6835,36.6159],[140.6835,36.6159],[140.6835,36.6159],[140.6835,36.6159],[140.6835,36.616],[140.6835,36.616],[140.6835,36.616],[140.6835,36.616],[140.6835,36.616],[140.6835,36.616],[140.6835,36.616],[140.6836,36.6159],[140.6836,36.6159],[140.6835,36.6159]]],[[[140.6833,36.6163],[140.6833,36.6163],[140.6833,36.6163],[140.6832,36.6163],[140.6832,36.6163],[140.6832,36.6163],[140.6832,36.6163],[140.6832,36.6163],[140.6832,36.6164],[140.6831,36.6164],[140.6831,36.6164],[140.6831,36.6164],[140.6831,36.6164],[140.6831,36.6165],[140.6831,36.6165],[140.6831,36.6165],[140.6831,36.6165],[140.6831,36.6165],[140.6832,36.6165],[140.6832,36.6164],[140.6832,36.6164],[140.6833,36.6164],[140.6833,36.6163],[140.6833,36.6163],[140.6833,36.6163],[140.6833,36.6163]]],[[[140.6896,36.6248],[140.6895,36.6248],[140.6895,36.6249],[140.6895,36.6249],[140.6894,36.625],[140.6894,36.625],[140.6894,36.625],[140.6894,36.6251],[140.6894,36.6252],[140.6895,36.6252],[140.6895,36.6252],[140.6896,36.6252],[140.6896,36.6252],[140.6896,36.6251],[140.6897,36.625],[140.6897,36.625],[140.6897,36.625],[140.6897,36.6249],[140.6897,36.6249],[140.6896,36.6249],[140.6896,36.6248]]],[[[140.7079,36.6545],[140.7079,36.6545],[140.7079,36.6545],[140.7079,36.6545],[140.7079,36.6546],[140.7079,36.6546],[140.7079,36.6546],[140.7079,36.6546],[140.7079,36.6546],[140.7079,36.6546],[140.7079,36.6545],[140.7079,36.6545]]],[[[140.7089,36.6546],[140.7089,36.6546],[140.7088,36.6546],[140.7088,36.6546],[140.7088,36.6546],[140.7088,36.6547],[140.7088,36.6547],[140.7088,36.6547],[140.7089,36.6547],[140.7089,36.6548],[140.7089,36.6548],[140.7089,36.6548],[140.709,36.6548],[140.709,36.6548],[140.709,36.6548],[140.709,36.6548],[140.709,36.6547],[140.7089,36.6547],[140.7089,36.6547],[140.7089,36.6546],[140.7089,36.6546],[140.7089,36.6546]]],[[[140.7086,36.6548],[140.7086,36.6548],[140.7085,36.6548],[140.7085,36.6548],[140.7085,36.6548],[140.7086,36.6549],[140.7086,36.6549],[140.7086,36.6549],[140.7086,36.6549],[140.7086,36.6548],[140.7086,36.6548],[140.7086,36.6548],[140.7086,36.6548]]],[[[140.7129,36.6575],[140.7128,36.6575],[140.7128,36.6575],[140.7128,36.6575],[140.7128,36.6576],[140.7128,36.6576],[140.7128,36.6576],[140.7128,36.6576],[140.7129,36.6577],[140.7129,36.6577],[140.7129,36.6577],[140.7129,36.6576],[140.7129,36.6576],[140.7129,36.6576],[140.7129,36.6576],[140.7129,36.6575]]],[[[140.7124,36.6585],[140.7124,36.6585],[140.7124,36.6585],[140.7123,36.6585],[140.7123,36.6585],[140.7122,36.6586],[140.7122,36.6586],[140.7121,36.6586],[140.7121,36.6587],[140.7121,36.6587],[140.7121,36.6588],[140.7121,36.6588],[140.7122,36.6588],[140.7122,36.6588],[140.7123,36.6588],[140.7123,36.6588],[140.7123,36.6587],[140.7123,36.6587],[140.7123,36.6587],[140.7123,36.6587],[140.7123,36.6586],[140.7124,36.6586],[140.7124,36.6586],[140.7124,36.6585],[140.7124,36.6585]]],[[[140.7168,36.6861],[140.7167,36.686],[140.7167,36.686],[140.7167,36.6861],[140.7167,36.6861],[140.7166,36.6861],[140.7167,36.6862],[140.7167,36.6862],[140.7167,36.6862],[140.7167,36.6862],[140.7167,36.6863],[140.7167,36.6863],[140.7168,36.6863],[140.7168,36.6863],[140.7168,36.6862],[140.7168,36.6861],[140.7168,36.6861]]],[[[140.7171,36.6865],[140.7171,36.6865],[140.7171,36.6865],[140.7171,36.6866],[140.7171,36.6866],[140.7171,36.6867],[140.7171,36.6867],[140.7171,36.6867],[140.7172,36.6866],[140.7172,36.6866],[140.7172,36.6865],[140.7171,36.6865]]],[[[140.7176,36.687],[140.7175,36.6869],[140.7175,36.687],[140.7175,36.6871],[140.7175,36.6871],[140.7175,36.6871],[140.7175,36.6871],[140.7176,36.6871],[140.7176,36.687],[140.7176,36.687]]],[[[140.7168,36.6879],[140.7168,36.6878],[140.7167,36.6878],[140.7167,36.6879],[140.7167,36.6879],[140.7167,36.6879],[140.7167,36.688],[140.7168,36.688],[140.7168,36.688],[140.7168,36.6879],[140.7168,36.6879]]],[[[140.7178,36.6881],[140.7178,36.6881],[140.7177,36.6881],[140.7177,36.6882],[140.7177,36.6883],[140.7178,36.6883],[140.7178,36.6883],[140.7178,36.6882],[140.7178,36.6881]]],[[[140.7179,36.6885],[140.7179,36.6885],[140.7179,36.6885],[140.7179,36.6885],[140.7179,36.6885],[140.7179,36.6884],[140.7179,36.6884],[140.7179,36.6884],[140.7179,36.6884],[140.7179,36.6884],[140.7179,36.6884],[140.7179,36.6884],[140.7179,36.6884],[140.7179,36.6884],[140.7179,36.6884],[140.7178,36.6884],[140.7178,36.6884],[140.7178,36.6884],[140.7178,36.6884],[140.7178,36.6884],[140.7178,36.6885],[140.7178,36.6885],[140.7178,36.6885],[140.7178,36.6885],[140.7179,36.6885],[140.7179,36.6885],[140.7179,36.6885]]],[[[140.7177,36.6885],[140.7177,36.6884],[140.7176,36.6885],[140.7176,36.6885],[140.7176,36.6885],[140.7176,36.6885],[140.7177,36.6885],[140.7177,36.6885]]],[[[140.7172,36.6885],[140.7171,36.6884],[140.7169,36.6884],[140.717,36.6885],[140.717,36.6886],[140.7171,36.6887],[140.7171,36.6886],[140.7171,36.6886],[140.7172,36.6886],[140.7172,36.6885],[140.7172,36.6885]]],[[[140.718,36.6887],[140.7179,36.6887],[140.7179,36.6887],[140.7178,36.6887],[140.7178,36.6887],[140.7179,36.6888],[140.718,36.6888],[140.718,36.6887]]],[[[140.7447,36.7128],[140.7446,36.7128],[140.7446,36.7128],[140.7446,36.7128],[140.7445,36.7128],[140.7444,36.7128],[140.7444,36.7129],[140.7444,36.7129],[140.7444,36.7129],[140.7444,36.7129],[140.7444,36.7129],[140.7444,36.7129],[140.7444,36.713],[140.7444,36.713],[140.7444,36.713],[140.7444,36.713],[140.7444,36.713],[140.7445,36.713],[140.7445,36.7131],[140.7445,36.7131],[140.7445,36.7131],[140.7445,36.7131],[140.7445,36.7132],[140.7446,36.7132],[140.7447,36.7132],[140.7447,36.7132],[140.7447,36.7131],[140.7449,36.713],[140.7448,36.713],[140.7448,36.7129],[140.7447,36.7129],[140.7448,36.7129],[140.7448,36.7128],[140.7447,36.7128]]],[[[140.7302,36.7161],[140.7302,36.7161],[140.7301,36.7161],[140.7301,36.7161],[140.73,36.7161],[140.73,36.7162],[140.73,36.7163],[140.7301,36.7163],[140.7302,36.7163],[140.7303,36.7162],[140.7303,36.7162],[140.7303,36.7161],[140.7302,36.7161],[140.7302,36.7161]]],[[[140.7287,36.7177],[140.7286,36.7177],[140.7285,36.7178],[140.7285,36.7179],[140.7285,36.7179],[140.7286,36.7179],[140.7286,36.7179],[140.7286,36.7179],[140.7287,36.7179],[140.7287,36.7178],[140.7287,36.7177],[140.7287,36.7177]]],[[[140.7287,36.7182],[140.7286,36.7181],[140.7286,36.7181],[140.7285,36.7181],[140.7285,36.7181],[140.7284,36.7181],[140.7284,36.7181],[140.7283,36.7181],[140.7283,36.7182],[140.7283,36.7182],[140.7284,36.7182],[140.7284,36.7182],[140.7284,36.7183],[140.7285,36.7184],[140.7285,36.7184],[140.7285,36.7184],[140.7286,36.7184],[140.7287,36.7184],[140.7287,36.7183],[140.7287,36.7183],[140.7287,36.7183],[140.7287,36.7182],[140.7287,36.7182]]],[[[140.73,36.7194],[140.73,36.7194],[140.7301,36.7194],[140.7301,36.7194],[140.7301,36.7194],[140.7301,36.7194],[140.7302,36.7194],[140.7302,36.7192],[140.7302,36.7192],[140.7302,36.7192],[140.7302,36.7191],[140.7301,36.7191],[140.7301,36.7191],[140.7301,36.7191],[140.73,36.7191],[140.7299,36.7191],[140.7299,36.7191],[140.7299,36.7192],[140.7299,36.7192],[140.7299,36.7192],[140.7299,36.7193],[140.7299,36.7193],[140.7299,36.7194],[140.7298,36.7194],[140.7299,36.7194],[140.7299,36.7195],[140.73,36.7194],[140.73,36.7194]]],[[[140.7333,36.7208],[140.7333,36.7208],[140.7333,36.7208],[140.7333,36.7208],[140.7334,36.7208],[140.7334,36.7208],[140.7334,36.7208],[140.7334,36.7207],[140.7334,36.7207],[140.7334,36.7206],[140.7333,36.7206],[140.7333,36.7206],[140.7333,36.7205],[140.7333,36.7205],[140.7332,36.7205],[140.7331,36.7205],[140.7331,36.7205],[140.733,36.7205],[140.733,36.7205],[140.7329,36.7206],[140.7329,36.7206],[140.7329,36.7207],[140.7329,36.7208],[140.733,36.7208],[140.733,36.7209],[140.7331,36.7209],[140.7331,36.7209],[140.7331,36.7208],[140.7332,36.7209],[140.7332,36.7209],[140.7333,36.7208]]],[[[140.7574,36.7941],[140.7575,36.794],[140.7575,36.7941],[140.7575,36.7941],[140.7576,36.7941],[140.7577,36.794],[140.7577,36.794],[140.7578,36.7939],[140.7579,36.7939],[140.7579,36.7938],[140.7579,36.7938],[140.7579,36.7938],[140.7578,36.7937],[140.7578,36.7937],[140.7577,36.7936],[140.7576,36.7936],[140.7575,36.7936],[140.7574,36.7937],[140.7572,36.7937],[140.7572,36.7937],[140.7572,36.7937],[140.7572,36.7938],[140.7572,36.7938],[140.7571,36.7939],[140.7571,36.7939],[140.7571,36.794],[140.7571,36.794],[140.7571,36.794],[140.7572,36.7941],[140.7573,36.7941],[140.7573,36.7941],[140.7574,36.7941]]],[[[140.7622,36.8049],[140.7621,36.8049],[140.7621,36.8049],[140.762,36.805],[140.762,36.805],[140.7621,36.805],[140.7622,36.8049],[140.7622,36.8049]]],[[[140.7626,36.8055],[140.7626,36.8055],[140.7626,36.8055],[140.7626,36.8055],[140.7625,36.8055],[140.7625,36.8055],[140.7625,36.8055],[140.7624,36.8055],[140.7624,36.8055],[140.7624,36.8055],[140.7624,36.8056],[140.7623,36.8056],[140.7623,36.8056],[140.7623,36.8056],[140.7623,36.8056],[140.7623,36.8056],[140.7623,36.8056],[140.7623,36.8057],[140.7622,36.8057],[140.7622,36.8057],[140.7622,36.8058],[140.7622,36.8058],[140.7622,36.8058],[140.7622,36.8058],[140.7622,36.8058],[140.7622,36.8058],[140.7622,36.8058],[140.7623,36.8058],[140.7623,36.8058],[140.7623,36.8058],[140.7624,36.8058],[140.7624,36.8058],[140.7624,36.8058],[140.7624,36.8058],[140.7625,36.8058],[140.7625,36.8057],[140.7625,36.8057],[140.7625,36.8057],[140.7626,36.8057],[140.7626,36.8056],[140.7626,36.8056],[140.7626,36.8056],[140.7626,36.8056],[140.7626,36.8055],[140.7626,36.8055],[140.7627,36.8055],[140.7627,36.8055],[140.7627,36.8055],[140.7626,36.8055],[140.7626,36.8055],[140.7626,36.8055],[140.7626,36.8055]]],[[[140.7867,36.8224],[140.7856,36.821],[140.7855,36.8211],[140.7865,36.8224],[140.7867,36.8224]]],[[[140.7878,36.8243],[140.7858,36.8224],[140.7857,36.8225],[140.7877,36.8244],[140.7898,36.825],[140.7917,36.8256],[140.7928,36.8259],[140.7928,36.8258],[140.7917,36.8254],[140.7902,36.825],[140.7878,36.8243]]],[[[140.804,36.8289],[140.8039,36.8289],[140.8039,36.8289],[140.8039,36.8289],[140.8039,36.829],[140.8039,36.829],[140.8039,36.829],[140.8039,36.829],[140.8039,36.829],[140.804,36.829],[140.804,36.829],[140.804,36.829],[140.804,36.829],[140.804,36.829],[140.804,36.829],[140.804,36.829],[140.804,36.8289],[140.804,36.8289]]],[[[140.804,36.8291],[140.804,36.8291],[140.804,36.8291],[140.804,36.8291],[140.804,36.8291],[140.804,36.8291],[140.804,36.8292],[140.804,36.8292],[140.8041,36.8292],[140.8041,36.8292],[140.8041,36.8292],[140.8041,36.8293],[140.8042,36.8293],[140.8042,36.8293],[140.8042,36.8293],[140.8042,36.8293],[140.8042,36.8292],[140.8042,36.8292],[140.8042,36.8292],[140.8042,36.8292],[140.8042,36.8292],[140.8041,36.8292],[140.8041,36.8291],[140.8041,36.8291],[140.8041,36.8291],[140.8041,36.8291],[140.8041,36.8291],[140.804,36.8291]]],[[[140.8037,36.833],[140.8037,36.833],[140.8037,36.833],[140.8037,36.833],[140.8036,36.833],[140.8036,36.833],[140.8036,36.833],[140.8036,36.833],[140.8036,36.833],[140.8036,36.833],[140.8036,36.833],[140.8036,36.833],[140.8036,36.8331],[140.8036,36.8331],[140.8036,36.8331],[140.8036,36.8331],[140.8036,36.8331],[140.8036,36.8331],[140.8036,36.8331],[140.8036,36.8331],[140.8036,36.8331],[140.8036,36.8331],[140.8037,36.8331],[140.8037,36.8331],[140.8037,36.8331],[140.8037,36.8331],[140.8037,36.8331],[140.8037,36.8331],[140.8037,36.8331],[140.8037,36.8331],[140.8037,36.8331],[140.8037,36.8331],[140.8037,36.8331],[140.8037,36.8331],[140.8037,36.833]]],[[[140.8038,36.8333],[140.8039,36.8333],[140.8039,36.8333],[140.8039,36.8333],[140.8039,36.8333],[140.8039,36.8333],[140.8039,36.8333],[140.8039,36.8332],[140.8039,36.8332],[140.8039,36.8332],[140.8039,36.8332],[140.8039,36.8332],[140.8039,36.8332],[140.8038,36.8332],[140.8038,36.8332],[140.8038,36.8332],[140.8038,36.8332],[140.8038,36.8331],[140.8038,36.8331],[140.8038,36.8331],[140.8038,36.8331],[140.8038,36.8331],[140.8037,36.8331],[140.8037,36.8331],[140.8037,36.8331],[140.8037,36.8331],[140.8037,36.8331],[140.8037,36.8332],[140.8037,36.8332],[140.8038,36.8332],[140.8038,36.8332],[140.8038,36.8332],[140.8038,36.8333],[140.8038,36.8333],[140.8038,36.8333],[140.8038,36.8333]]],[[[140.8034,36.8337],[140.8034,36.8337],[140.8034,36.8337],[140.8034,36.8337],[140.8034,36.8337],[140.8034,36.8337],[140.8034,36.8337],[140.8034,36.8337],[140.8034,36.8338],[140.8034,36.8338],[140.8034,36.8338],[140.8034,36.8338],[140.8034,36.8337],[140.8034,36.8337],[140.8034,36.8337],[140.8034,36.8337],[140.8034,36.8337],[140.8034,36.8337]]],[[[140.8039,36.8335],[140.8038,36.8335],[140.8038,36.8335],[140.8038,36.8335],[140.8038,36.8335],[140.8038,36.8335],[140.8038,36.8335],[140.8038,36.8335],[140.8038,36.8335],[140.8038,36.8335],[140.8037,36.8335],[140.8037,36.8335],[140.8037,36.8335],[140.8037,36.8335],[140.8037,36.8335],[140.8037,36.8334],[140.8037,36.8334],[140.8037,36.8334],[140.8037,36.8335],[140.8036,36.8335],[140.8036,36.8335],[140.8036,36.8335],[140.8036,36.8335],[140.8036,36.8336],[140.8036,36.8336],[140.8036,36.8336],[140.8036,36.8336],[140.8036,36.8336],[140.8036,36.8336],[140.8036,36.8336],[140.8037,36.8336],[140.8037,36.8336],[140.8037,36.8337],[140.8037,36.8337],[140.8037,36.8337],[140.8037,36.8337],[140.8037,36.8337],[140.8038,36.8337],[140.8038,36.8337],[140.8038,36.8337],[140.8038,36.8338],[140.8038,36.8338],[140.8038,36.8338],[140.8039,36.8338],[140.8039,36.8338],[140.8039,36.8338],[140.8039,36.8337],[140.8039,36.8337],[140.8039,36.8337],[140.8039,36.8337],[140.8039,36.8337],[140.8039,36.8336],[140.8039,36.8336],[140.8039,36.8336],[140.8039,36.8336],[140.8039,36.8335]]],[[[140.804,36.8338],[140.804,36.8337],[140.804,36.8338],[140.804,36.8338],[140.8039,36.8338],[140.8039,36.8338],[140.8039,36.8338],[140.8039,36.8338],[140.8039,36.8339],[140.8039,36.8339],[140.804,36.8339],[140.804,36.8339],[140.804,36.8339],[140.804,36.8339],[140.804,36.8339],[140.804,36.8339],[140.804,36.8338],[140.804,36.8338],[140.804,36.8338],[140.804,36.8338],[140.804,36.8338]]],[[[140.8041,36.8339],[140.8041,36.8339],[140.8041,36.8339],[140.804,36.8339],[140.804,36.8339],[140.804,36.8339],[140.804,36.834],[140.804,36.834],[140.804,36.834],[140.804,36.834],[140.804,36.834],[140.804,36.834],[140.804,36.834],[140.8039,36.834],[140.8039,36.8341],[140.8039,36.8341],[140.8039,36.8341],[140.8039,36.8341],[140.804,36.8341],[140.804,36.8341],[140.804,36.8341],[140.804,36.8341],[140.8041,36.8341],[140.8041,36.8341],[140.8041,36.834],[140.8041,36.834],[140.8041,36.834],[140.8041,36.834],[140.8041,36.8339],[140.8041,36.8339],[140.8041,36.8339]]],[[[140.8042,36.8343],[140.8041,36.8343],[140.8041,36.8343],[140.8041,36.8343],[140.8041,36.8343],[140.8041,36.8343],[140.8041,36.8343],[140.8041,36.8343],[140.8041,36.8343],[140.8041,36.8343],[140.8042,36.8343],[140.8042,36.8343],[140.8042,36.8343],[140.8042,36.8343],[140.8042,36.8343],[140.8042,36.8343],[140.8042,36.8343]]],[[[140.8034,36.8345],[140.8034,36.8345],[140.8034,36.8345],[140.8034,36.8345],[140.8034,36.8345],[140.8034,36.8345],[140.8034,36.8346],[140.8034,36.8346],[140.8034,36.8346],[140.8034,36.8346],[140.8035,36.8346],[140.8035,36.8346],[140.8035,36.8346],[140.8035,36.8346],[140.8035,36.8346],[140.8035,36.8346],[140.8035,36.8346],[140.8035,36.8346],[140.8035,36.8346],[140.8035,36.8346],[140.8035,36.8345],[140.8035,36.8345],[140.8035,36.8345],[140.8034,36.8345]]],[[[140.8045,36.8346],[140.8045,36.8346],[140.8045,36.8346],[140.8045,36.8346],[140.8045,36.8346],[140.8045,36.8346],[140.8045,36.8347],[140.8045,36.8347],[140.8045,36.8347],[140.8045,36.8347],[140.8045,36.8347],[140.8045,36.8347],[140.8045,36.8347],[140.8046,36.8347],[140.8046,36.8347],[140.8046,36.8347],[140.8046,36.8347],[140.8046,36.8346],[140.8046,36.8346],[140.8045,36.8346]]],[[[140.8042,36.836],[140.8042,36.836],[140.8042,36.836],[140.8042,36.836],[140.8042,36.836],[140.8042,36.836],[140.8042,36.836],[140.8042,36.8361],[140.8042,36.8361],[140.8042,36.8361],[140.8042,36.8361],[140.8042,36.8361],[140.8043,36.8361],[140.8043,36.8361],[140.8043,36.8361],[140.8043,36.8361],[140.8043,36.836],[140.8043,36.836],[140.8043,36.836],[140.8043,36.836],[140.8042,36.836],[140.8042,36.836]]],[[[140.8044,36.836],[140.8044,36.836],[140.8043,36.836],[140.8043,36.836],[140.8043,36.836],[140.8043,36.8361],[140.8043,36.8361],[140.8043,36.8361],[140.8044,36.8361],[140.8044,36.8361],[140.8044,36.8361],[140.8044,36.8361],[140.8044,36.8361],[140.8044,36.8361],[140.8044,36.8361],[140.8044,36.8361],[140.8044,36.836],[140.8044,36.836],[140.8044,36.836],[140.8044,36.836]]],[[[140.803,36.8379],[140.803,36.8379],[140.803,36.8379],[140.8029,36.8379],[140.8029,36.8379],[140.8029,36.8379],[140.8029,36.8379],[140.8029,36.8379],[140.8029,36.8379],[140.8029,36.838],[140.8029,36.838],[140.8029,36.838],[140.803,36.838],[140.803,36.838],[140.803,36.838],[140.803,36.838],[140.803,36.838],[140.803,36.838],[140.803,36.838],[140.803,36.838],[140.803,36.8379],[140.803,36.8379],[140.803,36.8379],[140.803,36.8379],[140.803,36.8379],[140.803,36.8379]]],[[[140.8026,36.8392],[140.8025,36.8392],[140.8025,36.8392],[140.8025,36.8392],[140.8025,36.8392],[140.8025,36.8393],[140.8024,36.8393],[140.8024,36.8393],[140.8024,36.8393],[140.8025,36.8393],[140.8025,36.8393],[140.8025,36.8393],[140.8025,36.8393],[140.8026,36.8393],[140.8026,36.8393],[140.8026,36.8393],[140.8026,36.8393],[140.8026,36.8392],[140.8026,36.8392],[140.8026,36.8392],[140.8026,36.8392]]],[[[140.7973,36.8438],[140.7973,36.8437],[140.7973,36.8437],[140.7973,36.8438],[140.7972,36.8437],[140.7972,36.8437],[140.7972,36.8437],[140.7972,36.8437],[140.7972,36.8437],[140.7972,36.8437],[140.7972,36.8437],[140.7972,36.8438],[140.7972,36.8438],[140.7972,36.8438],[140.7973,36.8438],[140.7973,36.8438],[140.7973,36.8438],[140.7973,36.8438],[140.7973,36.8438],[140.7973,36.8438],[140.7973,36.8438]]],[[[140.7972,36.844],[140.7972,36.844],[140.7972,36.844],[140.7972,36.844],[140.7971,36.844],[140.7971,36.844],[140.7971,36.844],[140.7971,36.844],[140.7971,36.844],[140.7971,36.844],[140.7971,36.844],[140.7971,36.844],[140.7972,36.8441],[140.7972,36.8441],[140.7972,36.8441],[140.7972,36.8441],[140.7972,36.8441],[140.7972,36.8441],[140.7972,36.8441],[140.7972,36.844],[140.7972,36.844],[140.7972,36.844],[140.7972,36.844],[140.7972,36.844],[140.7972,36.844]]],[[[140.8007,36.861],[140.8007,36.861],[140.8007,36.861],[140.8007,36.861],[140.8008,36.8609],[140.8008,36.8609],[140.8007,36.8608],[140.8007,36.8608],[140.8007,36.8607],[140.8007,36.8607],[140.8007,36.8606],[140.8007,36.8606],[140.8007,36.8605],[140.8007,36.8605],[140.8007,36.8604],[140.8007,36.8604],[140.8007,36.8603],[140.8006,36.8603],[140.8006,36.8602],[140.8006,36.8602],[140.8006,36.8601],[140.8006,36.8601],[140.8006,36.86],[140.8006,36.86],[140.8006,36.8599],[140.8006,36.8599],[140.8006,36.8599],[140.8005,36.8599],[140.8005,36.8598],[140.8005,36.8598],[140.8005,36.8598],[140.8004,36.8598],[140.8004,36.8598],[140.8004,36.8598],[140.8004,36.8598],[140.8004,36.8598],[140.8001,36.8596],[140.8002,36.8595],[140.8002,36.8595],[140.8002,36.8595],[140.8002,36.8595],[140.8002,36.8595],[140.8001,36.8595],[140.8001,36.8594],[140.8001,36.8594],[140.8001,36.8593],[140.8,36.8593],[140.8,36.8593],[140.8,36.8593],[140.8,36.8592],[140.7999,36.8592],[140.7999,36.8592],[140.7999,36.8591],[140.7998,36.8591],[140.7998,36.859],[140.7998,36.859],[140.7998,36.859],[140.7998,36.8589],[140.7998,36.8589],[140.7998,36.8588],[140.7998,36.8588],[140.7998,36.8588],[140.7998,36.8587],[140.7998,36.8587],[140.7998,36.8586],[140.7998,36.8586],[140.7998,36.8585],[140.7997,36.8585],[140.7997,36.8585],[140.7997,36.8584],[140.7997,36.8584],[140.7997,36.8583],[140.7997,36.8583],[140.7997,36.8583],[140.7997,36.8582],[140.7997,36.8582],[140.7997,36.8582],[140.7997,36.8582],[140.7997,36.8582],[140.7996,36.8582],[140.7995,36.8574],[140.7993,36.8574],[140.7994,36.8581],[140.7994,36.8583],[140.7995,36.8587],[140.7995,36.8592],[140.8,36.8597],[140.8,36.8597],[140.8003,36.86],[140.8004,36.8608],[140.8004,36.8608],[140.8004,36.8608],[140.8004,36.8608],[140.8004,36.8608],[140.8004,36.8608],[140.8004,36.8609],[140.8004,36.8609],[140.8004,36.8609],[140.8004,36.8609],[140.8004,36.861],[140.8004,36.861],[140.8004,36.861],[140.8004,36.861],[140.8004,36.861],[140.8005,36.861],[140.8005,36.861],[140.8005,36.861],[140.8006,36.861],[140.8006,36.861],[140.8006,36.861],[140.8007,36.861]]],[[[140.5871,36.9445],[140.5873,36.9443],[140.5874,36.9442],[140.5875,36.9441],[140.5876,36.944],[140.5876,36.9439],[140.5876,36.9438],[140.5875,36.9435],[140.5876,36.9434],[140.5876,36.9432],[140.5877,36.943],[140.5878,36.9428],[140.5879,36.9427],[140.588,36.9425],[140.5881,36.942],[140.5883,36.9418],[140.5883,36.9417],[140.5883,36.9417],[140.5884,36.9416],[140.5884,36.9415],[140.5884,36.9414],[140.5884,36.9412],[140.5885,36.9411],[140.5886,36.9409],[140.5887,36.9407],[140.5887,36.9405],[140.5889,36.9402],[140.589,36.94],[140.5891,36.9398],[140.5892,36.9397],[140.5892,36.9396],[140.5893,36.9395],[140.5894,36.9394],[140.5896,36.9392],[140.5899,36.9391],[140.5901,36.939],[140.5904,36.9388],[140.5906,36.9386],[140.5908,36.9385],[140.591,36.9383],[140.5911,36.9383],[140.5911,36.9382],[140.5912,36.9382],[140.5913,36.9382],[140.5914,36.9381],[140.5917,36.9381],[140.5917,36.9381],[140.5917,36.9381],[140.5917,36.9381],[140.5919,36.9382],[140.5921,36.9383],[140.5921,36.9384],[140.5922,36.9385],[140.5922,36.9386],[140.5923,36.9388],[140.5924,36.939],[140.5925,36.9392],[140.5925,36.9392],[140.5926,36.9393],[140.5926,36.9393],[140.5927,36.9393],[140.5928,36.9393],[140.5929,36.9393],[140.5929,36.9393],[140.5931,36.9392],[140.5934,36.9392],[140.5934,36.9391],[140.5935,36.9391],[140.5935,36.9391],[140.5936,36.939],[140.5936,36.939],[140.5937,36.939],[140.5938,36.9389],[140.5939,36.9389],[140.594,36.9387],[140.5941,36.9386],[140.5941,36.9385],[140.5942,36.9384],[140.5942,36.9383],[140.5943,36.9382],[140.5944,36.9381],[140.5945,36.9381],[140.5945,36.938],[140.5944,36.9378],[140.5943,36.9376],[140.5941,36.9375],[140.5939,36.9374],[140.5937,36.9373],[140.5936,36.9372],[140.5934,36.937],[140.5933,36.9368],[140.5932,36.9368],[140.5931,36.9367],[140.593,36.9366],[140.5928,36.9364],[140.5927,36.9363],[140.5925,36.9361],[140.5925,36.936],[140.5925,36.9359],[140.5925,36.9358],[140.5926,36.9356],[140.5928,36.9354],[140.593,36.9352],[140.5931,36.9351],[140.5932,36.935],[140.5934,36.9348],[140.5936,36.9346],[140.5938,36.9344],[140.5939,36.9343],[140.5939,36.9342],[140.5939,36.9341],[140.594,36.9339],[140.594,36.9337],[140.594,36.9337],[140.594,36.9335],[140.594,36.9333],[140.594,36.9333],[140.594,36.9333],[140.594,36.9331],[140.594,36.9331],[140.5941,36.9329],[140.5942,36.9327],[140.5944,36.9325],[140.5945,36.9324],[140.5945,36.9323],[140.5945,36.9322],[140.5945,36.9322],[140.5944,36.932],[140.5941,36.9319],[140.594,36.9317],[140.594,36.9316],[140.594,36.9315],[140.594,36.9313],[140.594,36.9311],[140.594,36.9309],[140.5941,36.9308],[140.5941,36.9307],[140.5942,36.9306],[140.5943,36.9305],[140.5944,36.9304],[140.5944,36.9303],[140.5945,36.9301],[140.5943,36.9298],[140.5942,36.9297],[140.5942,36.9296],[140.594,36.9294],[140.594,36.9293],[140.5938,36.9291],[140.5936,36.929],[140.5935,36.9289],[140.5935,36.9288],[140.5935,36.9287],[140.5935,36.9287],[140.5935,36.9286],[140.5936,36.9286],[140.5937,36.9285],[140.5938,36.9285],[140.5941,36.9283],[140.594,36.9282],[140.5939,36.9281],[140.5938,36.9281],[140.5937,36.928],[140.5935,36.9279],[140.5933,36.9278],[140.5932,36.9276],[140.593,36.9275],[140.5929,36.9273],[140.5928,36.9272],[140.5927,36.9271],[140.5927,36.9269],[140.5927,36.9267],[140.5928,36.9266],[140.5929,36.9265],[140.593,36.9265],[140.5931,36.9264],[140.5932,36.9264],[140.5933,36.9264],[140.5935,36.9264],[140.5935,36.9264],[140.5938,36.9263],[140.5941,36.9263],[140.5942,36.9262],[140.5944,36.9261],[140.5945,36.926],[140.5946,36.926],[140.5949,36.9258],[140.5952,36.9257],[140.5956,36.9256],[140.5959,36.9255],[140.5961,36.9255],[140.5964,36.9254],[140.5966,36.9254],[140.5967,36.9254],[140.5969,36.9254],[140.597,36.9253],[140.5971,36.9253],[140.5974,36.9253],[140.5976,36.9252],[140.5978,36.9251],[140.598,36.925],[140.5981,36.925],[140.5981,36.925],[140.5981,36.925],[140.5982,36.9249],[140.5982,36.9249],[140.5984,36.9247],[140.5985,36.9245],[140.5985,36.9243],[140.5986,36.9242],[140.5987,36.9241],[140.5987,36.924],[140.5989,36.9238],[140.599,36.9236],[140.5991,36.9235],[140.5992,36.9234],[140.5994,36.9234],[140.5996,36.9233],[140.5998,36.9231],[140.6,36.9231],[140.6,36.9231],[140.6,36.923],[140.6002,36.923],[140.6004,36.923],[140.6005,36.923],[140.6007,36.9229],[140.601,36.9229],[140.6012,36.9228],[140.6013,36.9227],[140.6013,36.9226],[140.6012,36.9225],[140.6011,36.9224],[140.601,36.9223],[140.6009,36.9222],[140.6007,36.922],[140.6007,36.9219],[140.6006,36.9217],[140.6006,36.9217],[140.6006,36.9215],[140.6006,36.9213],[140.6007,36.9211],[140.6008,36.9209],[140.6008,36.9208],[140.6008,36.9208],[140.6009,36.9208],[140.6009,36.9208],[140.6009,36.9207],[140.6011,36.9207],[140.6012,36.9206],[140.6015,36.9206],[140.6017,36.9206],[140.6019,36.9205],[140.6022,36.9204],[140.6024,36.9204],[140.6026,36.9202],[140.6027,36.9201],[140.6029,36.92],[140.6029,36.9199],[140.603,36.9199],[140.603,36.9198],[140.603,36.9198],[140.6029,36.9197],[140.6029,36.9196],[140.6029,36.9191],[140.6029,36.919],[140.6031,36.9187],[140.6032,36.9186],[140.6034,36.9185],[140.6038,36.9184],[140.604,36.9182],[140.6041,36.9179],[140.6042,36.9177],[140.6045,36.9172],[140.6045,36.917],[140.6045,36.9168],[140.6046,36.9167],[140.6046,36.9167],[140.6046,36.9166],[140.6047,36.9165],[140.6052,36.9162],[140.6054,36.9161],[140.6055,36.916],[140.6057,36.9157],[140.6059,36.9155],[140.6064,36.915],[140.6065,36.9149],[140.6067,36.9147],[140.6068,36.9146],[140.6069,36.9144],[140.6069,36.9142],[140.6069,36.9139],[140.6069,36.9137],[140.6069,36.9135],[140.607,36.9133],[140.6071,36.9131],[140.6071,36.9129],[140.6072,36.9128],[140.6073,36.9127],[140.6077,36.9125],[140.6079,36.9124],[140.608,36.9124],[140.6081,36.9124],[140.6083,36.9123],[140.6083,36.9123],[140.6084,36.9122],[140.6085,36.9122],[140.6086,36.9121],[140.6087,36.9119],[140.6089,36.9117],[140.6093,36.9116],[140.6095,36.9116],[140.6098,36.9117],[140.6098,36.9116],[140.6098,36.9115],[140.61,36.9113],[140.6101,36.911],[140.6103,36.9108],[140.6104,36.9107],[140.6105,36.9106],[140.6108,36.9105],[140.611,36.9104],[140.6113,36.9103],[140.6114,36.9103],[140.6116,36.9103],[140.612,36.9105],[140.6123,36.9106],[140.6125,36.9107],[140.6126,36.9107],[140.6126,36.9107],[140.6128,36.9106],[140.6129,36.9104],[140.613,36.9102],[140.6131,36.9095],[140.6132,36.9094],[140.6133,36.9092],[140.6135,36.9091],[140.6137,36.9091],[140.6139,36.909],[140.6141,36.9088],[140.6143,36.9086],[140.6144,36.9085],[140.6144,36.9084],[140.6143,36.9083],[140.6143,36.9083],[140.6143,36.9083],[140.6143,36.9082],[140.6145,36.9078],[140.6146,36.9076],[140.6147,36.9073],[140.6147,36.9072],[140.6148,36.9072],[140.6148,36.9072],[140.6151,36.9071],[140.6153,36.907],[140.6156,36.9068],[140.6156,36.9067],[140.6157,36.9066],[140.6156,36.9065],[140.6154,36.9062],[140.6154,36.9061],[140.6153,36.9059],[140.615,36.9053],[140.6148,36.9048],[140.6147,36.9045],[140.6147,36.9043],[140.6147,36.9042],[140.6147,36.904],[140.6148,36.9038],[140.6149,36.9037],[140.6152,36.9035],[140.6154,36.9034],[140.6155,36.9033],[140.6157,36.9033],[140.6158,36.9033],[140.616,36.9033],[140.6164,36.9034],[140.6167,36.9034],[140.6167,36.9034],[140.6168,36.9034],[140.6173,36.9035],[140.6176,36.9034],[140.618,36.9033],[140.6186,36.9032],[140.6187,36.9032],[140.619,36.9031],[140.6195,36.903],[140.6197,36.9029],[140.6199,36.9029],[140.6203,36.9027],[140.6206,36.9026],[140.6208,36.9025],[140.621,36.9024],[140.6211,36.9025],[140.6213,36.9027],[140.6215,36.9029],[140.6217,36.9032],[140.6217,36.9032],[140.6219,36.9033],[140.622,36.9033],[140.6222,36.9033],[140.6224,36.9033],[140.6227,36.9032],[140.6228,36.9032],[140.623,36.9031],[140.6232,36.903],[140.6234,36.9029],[140.6235,36.9029],[140.6237,36.9028],[140.6239,36.9028],[140.6239,36.9027],[140.624,36.9027],[140.6241,36.9026],[140.6243,36.9026],[140.6249,36.9026],[140.625,36.9026],[140.625,36.9026],[140.6253,36.9026],[140.6254,36.9026],[140.6254,36.9025],[140.6255,36.9023],[140.6256,36.9022],[140.6256,36.9021],[140.6257,36.902],[140.6257,36.902],[140.6258,36.9019],[140.6259,36.9019],[140.6263,36.9021],[140.6269,36.9024],[140.6274,36.9027],[140.6278,36.9028],[140.628,36.9029],[140.6281,36.9024],[140.6281,36.902],[140.6282,36.9018],[140.6283,36.9016],[140.6284,36.9015],[140.6286,36.9014],[140.6288,36.9013],[140.6291,36.9013],[140.6294,36.9012],[140.6296,36.9011],[140.63,36.901],[140.6302,36.9009],[140.6303,36.9009],[140.6305,36.9008],[140.6306,36.9007],[140.6306,36.9006],[140.6306,36.9005],[140.6306,36.9002],[140.6306,36.9001],[140.6306,36.9],[140.6306,36.9],[140.6306,36.9],[140.6307,36.9],[140.6308,36.8999],[140.6309,36.8999],[140.6311,36.8998],[140.6314,36.8998],[140.6316,36.8998],[140.6318,36.8998],[140.6319,36.8997],[140.6322,36.8997],[140.6325,36.8996],[140.6326,36.8995],[140.6329,36.8994],[140.6331,36.8993],[140.6333,36.8992],[140.6333,36.8992],[140.6334,36.8992],[140.6336,36.8991],[140.6336,36.8991],[140.6338,36.8991],[140.6341,36.899],[140.6343,36.899],[140.6344,36.899],[140.6346,36.899],[140.635,36.899],[140.6352,36.899],[140.6352,36.8989],[140.6354,36.8988],[140.6356,36.8985],[140.6357,36.8984],[140.6357,36.8983],[140.6358,36.8982],[140.6358,36.898],[140.6359,36.8979],[140.636,36.8977],[140.6361,36.8976],[140.6362,36.8976],[140.6362,36.8976],[140.6363,36.8976],[140.6364,36.8976],[140.6366,36.8976],[140.6368,36.8976],[140.637,36.8976],[140.6372,36.8976],[140.6373,36.8976],[140.6374,36.8976],[140.6379,36.8977],[140.6381,36.8978],[140.6386,36.8979],[140.639,36.898],[140.6391,36.898],[140.6395,36.8982],[140.6397,36.8983],[140.6401,36.8984],[140.6403,36.8984],[140.6406,36.8986],[140.6409,36.8986],[140.6411,36.8987],[140.6416,36.8989],[140.6417,36.8989],[140.6417,36.8989],[140.642,36.8991],[140.6421,36.8991],[140.6422,36.8991],[140.6424,36.8991],[140.6425,36.8991],[140.6427,36.8991],[140.6428,36.8991],[140.6431,36.8991],[140.6433,36.899],[140.6436,36.899],[140.644,36.899],[140.644,36.899],[140.6443,36.8989],[140.6445,36.8989],[140.6448,36.899],[140.6452,36.8991],[140.6458,36.8992],[140.6462,36.8993],[140.6464,36.8994],[140.6466,36.8995],[140.6466,36.8996],[140.6467,36.8997],[140.6467,36.8998],[140.6467,36.8999],[140.6467,36.9],[140.6467,36.9],[140.6467,36.9],[140.6466,36.9002],[140.6466,36.9003],[140.6467,36.9006],[140.6467,36.9008],[140.6468,36.9009],[140.6469,36.901],[140.647,36.901],[140.6472,36.901],[140.6474,36.901],[140.6475,36.901],[140.6476,36.9009],[140.6479,36.9008],[140.6482,36.9008],[140.6484,36.9007],[140.6488,36.9005],[140.649,36.9004],[140.6493,36.9004],[140.6494,36.9003],[140.6495,36.9002],[140.6496,36.9002],[140.6498,36.9001],[140.65,36.9],[140.65,36.9],[140.65,36.9],[140.65,36.9],[140.6501,36.9],[140.6501,36.9],[140.6502,36.8999],[140.6504,36.8998],[140.6507,36.8997],[140.6509,36.8997],[140.6511,36.8997],[140.6515,36.8998],[140.652,36.9],[140.652,36.9],[140.652,36.9],[140.6523,36.9002],[140.6527,36.9003],[140.653,36.9004],[140.6533,36.9005],[140.6535,36.9005],[140.6537,36.9006],[140.654,36.9008],[140.6543,36.9009],[140.6545,36.901],[140.6548,36.901],[140.655,36.901],[140.655,36.901],[140.6551,36.9009],[140.6551,36.9008],[140.6551,36.9006],[140.6551,36.9003],[140.6552,36.9001],[140.6552,36.9],[140.6552,36.9],[140.6552,36.8998],[140.6552,36.8995],[140.6552,36.8994],[140.6552,36.8993],[140.6552,36.8992],[140.6551,36.8991],[140.6551,36.899],[140.6551,36.8989],[140.655,36.8988],[140.6551,36.8987],[140.6553,36.8985],[140.6553,36.8985],[140.6555,36.8982],[140.6556,36.898],[140.6557,36.8978],[140.6558,36.8976],[140.6558,36.8975],[140.6559,36.8973],[140.6559,36.8972],[140.6561,36.8972],[140.6563,36.8971],[140.6565,36.8972],[140.6568,36.8972],[140.657,36.8973],[140.6572,36.8973],[140.6575,36.8973],[140.6578,36.8973],[140.6581,36.8973],[140.6583,36.8972],[140.6584,36.8972],[140.6586,36.8972],[140.6589,36.8971],[140.6591,36.8971],[140.6593,36.897],[140.6595,36.8969],[140.6598,36.8967],[140.6599,36.8967],[140.66,36.8967],[140.6601,36.8967],[140.6602,36.8967],[140.6605,36.8967],[140.6607,36.8968],[140.661,36.8968],[140.6612,36.8968],[140.6615,36.8968],[140.6617,36.8967],[140.6619,36.8967],[140.6622,36.8966],[140.6624,36.8965],[140.6627,36.8964],[140.6628,36.8964],[140.6631,36.8964],[140.6634,36.8965],[140.6636,36.8966],[140.6637,36.8966],[140.664,36.8966],[140.6642,36.8966],[140.6643,36.8966],[140.6645,36.8965],[140.6646,36.8964],[140.6648,36.8963],[140.6648,36.8962],[140.6651,36.896],[140.6657,36.8956],[140.6661,36.8953],[140.6663,36.8952],[140.6665,36.8951],[140.6667,36.895],[140.6667,36.895],[140.6667,36.895],[140.6669,36.895],[140.667,36.895],[140.6672,36.8951],[140.6674,36.8951],[140.6675,36.8951],[140.6677,36.8951],[140.6681,36.895],[140.6686,36.8948],[140.6691,36.8947],[140.6692,36.8946],[140.6693,36.8946],[140.6694,36.8945],[140.6696,36.8945],[140.6698,36.8945],[140.67,36.8944],[140.6703,36.8944],[140.6704,36.8943],[140.6704,36.8942],[140.6705,36.8942],[140.6705,36.8941],[140.6706,36.8939],[140.6707,36.8939],[140.6709,36.8938],[140.6711,36.8937],[140.6713,36.8937],[140.6714,36.8936],[140.6716,36.8935],[140.6717,36.8935],[140.6717,36.8935],[140.6718,36.8935],[140.672,36.8935],[140.6721,36.8936],[140.6723,36.8936],[140.6724,36.8936],[140.6725,36.8936],[140.6727,36.8936],[140.6728,36.8936],[140.6729,36.8935],[140.673,36.8935],[140.6732,36.8933],[140.6732,36.8933],[140.6734,36.8932],[140.6735,36.8932],[140.6735,36.8932],[140.6735,36.8932],[140.6736,36.8933],[140.6738,36.8933],[140.674,36.8934],[140.6743,36.8935],[140.6743,36.8935],[140.6745,36.8936],[140.675,36.8937],[140.675,36.8937],[140.675,36.8937],[140.6751,36.8938],[140.6754,36.8938],[140.6758,36.8938],[140.6761,36.8938],[140.6763,36.8938],[140.6764,36.8938],[140.6765,36.8937],[140.6765,36.8936],[140.6769,36.8935],[140.6772,36.8934],[140.6775,36.8934],[140.6778,36.8934],[140.678,36.8933],[140.6784,36.8933],[140.6785,36.8932],[140.6786,36.8932],[140.6787,36.8931],[140.6788,36.8931],[140.6791,36.893],[140.6791,36.893],[140.6794,36.893],[140.6799,36.8933],[140.68,36.8934],[140.6801,36.8934],[140.6802,36.8933],[140.6804,36.8931],[140.6805,36.893],[140.6806,36.8929],[140.6807,36.8928],[140.681,36.8927],[140.6813,36.8925],[140.6814,36.8925],[140.6815,36.8924],[140.6817,36.8922],[140.6818,36.892],[140.682,36.8918],[140.682,36.8918],[140.6821,36.8917],[140.6823,36.8917],[140.6823,36.8917],[140.6823,36.8917],[140.6823,36.8916],[140.6825,36.8913],[140.6827,36.8912],[140.6828,36.8911],[140.6829,36.8911],[140.6831,36.8911],[140.6831,36.891],[140.6833,36.8908],[140.6833,36.8908],[140.6834,36.8908],[140.6835,36.8907],[140.6835,36.8907],[140.6837,36.8906],[140.684,36.8906],[140.6844,36.8905],[140.6847,36.8905],[140.685,36.8905],[140.6852,36.8905],[140.6853,36.8905],[140.6856,36.8904],[140.6858,36.8903],[140.6859,36.8902],[140.686,36.89],[140.686,36.89],[140.6862,36.8901],[140.6864,36.8902],[140.6865,36.8902],[140.6867,36.8903],[140.6867,36.8903],[140.6869,36.8902],[140.6872,36.8901],[140.6876,36.8898],[140.6879,36.8897],[140.6883,36.8895],[140.6884,36.8894],[140.6885,36.8893],[140.6885,36.8892],[140.6884,36.8891],[140.6883,36.8889],[140.6882,36.8888],[140.688,36.8886],[140.688,36.8885],[140.688,36.8885],[140.6882,36.8884],[140.6884,36.8884],[140.6885,36.8884],[140.6887,36.8883],[140.6888,36.8883],[140.689,36.8882],[140.6891,36.8882],[140.6893,36.8882],[140.6895,36.8882],[140.6896,36.8882],[140.6897,36.8883],[140.6899,36.8884],[140.69,36.8884],[140.6904,36.8885],[140.6905,36.8885],[140.6908,36.8885],[140.6909,36.8885],[140.6911,36.8885],[140.6913,36.8883],[140.6916,36.8881],[140.6917,36.888],[140.6917,36.888],[140.6917,36.888],[140.6918,36.8879],[140.6919,36.8878],[140.6922,36.8876],[140.6924,36.8875],[140.6925,36.8876],[140.6925,36.8876],[140.693,36.888],[140.6933,36.8883],[140.6935,36.8885],[140.6936,36.8885],[140.6937,36.8885],[140.694,36.8885],[140.6942,36.8885],[140.6944,36.8885],[140.6945,36.8886],[140.6948,36.8887],[140.6949,36.8887],[140.695,36.8888],[140.695,36.8888],[140.6951,36.8888],[140.6952,36.8887],[140.6952,36.8886],[140.6953,36.8883],[140.6953,36.8883],[140.6953,36.8883],[140.6954,36.8882],[140.6956,36.8881],[140.6958,36.8879],[140.6959,36.8879],[140.6961,36.8879],[140.6962,36.8878],[140.6964,36.8877],[140.6966,36.8876],[140.6968,36.8875],[140.6969,36.8874],[140.6969,36.8873],[140.6969,36.8872],[140.6969,36.8871],[140.6967,36.8869],[140.6965,36.8866],[140.6964,36.8865],[140.6964,36.8864],[140.6963,36.8863],[140.6963,36.8862],[140.6964,36.886],[140.6965,36.8858],[140.6968,36.8855],[140.697,36.8853],[140.6973,36.885],[140.6977,36.8848],[140.6979,36.8846],[140.698,36.8846],[140.6981,36.8845],[140.6982,36.8845],[140.6984,36.8844],[140.6984,36.8844],[140.6985,36.8842],[140.6987,36.884],[140.6989,36.8837],[140.699,36.8836],[140.6991,36.8835],[140.6992,36.8835],[140.6994,36.8836],[140.6996,36.8836],[140.6999,36.8836],[140.7,36.8836],[140.7,36.8836],[140.7003,36.8837],[140.7007,36.8837],[140.7011,36.8837],[140.7015,36.8836],[140.7018,36.8836],[140.7022,36.8835],[140.7024,36.8835],[140.7026,36.8834],[140.7027,36.8833],[140.7027,36.8833],[140.7029,36.8832],[140.7031,36.883],[140.7033,36.8829],[140.7035,36.8827],[140.7035,36.8826],[140.7036,36.8824],[140.7036,36.8823],[140.7037,36.8821],[140.7037,36.882],[140.7039,36.8819],[140.7041,36.8818],[140.7042,36.8817],[140.7044,36.8817],[140.7046,36.8817],[140.7048,36.8817],[140.7051,36.8817],[140.7054,36.8817],[140.7056,36.8817],[140.7059,36.8816],[140.7061,36.8814],[140.7062,36.8814],[140.7062,36.8813],[140.7062,36.8812],[140.706,36.8811],[140.7059,36.8809],[140.7056,36.8808],[140.7055,36.8807],[140.7054,36.8806],[140.7052,36.8805],[140.7051,36.8804],[140.705,36.8803],[140.705,36.8802],[140.7051,36.8801],[140.7052,36.88],[140.7054,36.8799],[140.7056,36.8796],[140.7057,36.8796],[140.7057,36.8795],[140.7056,36.8793],[140.7056,36.8792],[140.7055,36.879],[140.7055,36.8788],[140.7054,36.8787],[140.7054,36.8786],[140.7055,36.8785],[140.7055,36.8784],[140.7055,36.8784],[140.7057,36.8784],[140.7059,36.8784],[140.706,36.8784],[140.7061,36.8784],[140.7062,36.8784],[140.7064,36.8783],[140.7066,36.8783],[140.7067,36.8783],[140.707,36.8783],[140.7071,36.8783],[140.7073,36.8783],[140.7074,36.8783],[140.7074,36.8783],[140.7075,36.8783],[140.7077,36.8782],[140.7078,36.8781],[140.708,36.878],[140.7081,36.8778],[140.7082,36.8777],[140.7083,36.8776],[140.7084,36.8776],[140.7084,36.8776],[140.7086,36.8774],[140.7088,36.8773],[140.709,36.8773],[140.7091,36.8772],[140.7094,36.8772],[140.7097,36.8772],[140.7098,36.8772],[140.7099,36.8771],[140.7099,36.877],[140.71,36.8769],[140.7101,36.8767],[140.7101,36.8765],[140.7101,36.8764],[140.7102,36.8762],[140.7103,36.8761],[140.7105,36.876],[140.7106,36.8759],[140.7107,36.8758],[140.7108,36.8756],[140.7108,36.8755],[140.711,36.8754],[140.7111,36.8753],[140.7112,36.8752],[140.7113,36.8752],[140.7115,36.8751],[140.7116,36.875],[140.7116,36.875],[140.7118,36.8748],[140.712,36.8746],[140.7122,36.8744],[140.7124,36.8742],[140.7126,36.874],[140.7127,36.874],[140.7128,36.8739],[140.7129,36.8738],[140.7131,36.8737],[140.7134,36.8735],[140.7135,36.8734],[140.7137,36.8732],[140.7138,36.873],[140.714,36.8729],[140.7141,36.8728],[140.7143,36.8728],[140.7146,36.8727],[140.7149,36.8727],[140.7153,36.8726],[140.7156,36.8726],[140.7159,36.8727],[140.716,36.8727],[140.7162,36.8727],[140.7164,36.8726],[140.7166,36.8726],[140.7167,36.8726],[140.7167,36.8726],[140.7168,36.8725],[140.7171,36.8724],[140.7172,36.8723],[140.7174,36.8722],[140.7176,36.8722],[140.7177,36.8721],[140.7179,36.8722],[140.7181,36.8723],[140.7184,36.8724],[140.7186,36.8725],[140.719,36.8726],[140.7191,36.8726],[140.7194,36.8726],[140.7195,36.8726],[140.7197,36.8725],[140.7198,36.8724],[140.7199,36.8723],[140.72,36.8722],[140.72,36.8721],[140.7201,36.872],[140.7201,36.8719],[140.7202,36.8718],[140.7202,36.8717],[140.7202,36.8716],[140.7202,36.8715],[140.7203,36.8713],[140.7204,36.8713],[140.7205,36.8712],[140.7206,36.8711],[140.7209,36.871],[140.7211,36.871],[140.7213,36.8709],[140.7214,36.8709],[140.7216,36.8709],[140.7218,36.871],[140.7221,36.871],[140.7222,36.8711],[140.7224,36.8711],[140.7227,36.871],[140.7229,36.871],[140.7231,36.871],[140.7232,36.871],[140.7233,36.871],[140.7233,36.8711],[140.7234,36.8712],[140.7235,36.8713],[140.7235,36.8715],[140.7236,36.8717],[140.7236,36.8719],[140.7236,36.872],[140.7236,36.8723],[140.7236,36.8725],[140.7235,36.8728],[140.7235,36.873],[140.7236,36.8732],[140.7237,36.8734],[140.7238,36.8736],[140.7239,36.8738],[140.7241,36.874],[140.7243,36.8741],[140.7244,36.8742],[140.7245,36.8742],[140.7248,36.8743],[140.725,36.8743],[140.725,36.8743],[140.725,36.8743],[140.7253,36.8744],[140.7255,36.8744],[140.7257,36.8745],[140.7259,36.8745],[140.7262,36.8745],[140.7264,36.8745],[140.7266,36.8745],[140.7268,36.8745],[140.7271,36.8745],[140.7274,36.8744],[140.7274,36.8744],[140.7277,36.8743],[140.7279,36.8742],[140.7282,36.8742],[140.7284,36.8742],[140.7285,36.8742],[140.7287,36.8743],[140.7287,36.8744],[140.7289,36.8744],[140.7291,36.8744],[140.7293,36.8744],[140.7294,36.8744],[140.7295,36.8744],[140.7297,36.8743],[140.7299,36.8742],[140.7301,36.8741],[140.7304,36.874],[140.7306,36.8739],[140.7308,36.8739],[140.7309,36.8738],[140.731,36.8737],[140.731,36.8736],[140.7311,36.8733],[140.7311,36.8732],[140.731,36.8728],[140.7311,36.8727],[140.7311,36.8726],[140.7311,36.8725],[140.7312,36.8724],[140.7316,36.8723],[140.7319,36.8722],[140.7322,36.8721],[140.7328,36.872],[140.7331,36.8719],[140.7333,36.8718],[140.7334,36.8718],[140.7335,36.8718],[140.734,36.8716],[140.7341,36.8716],[140.7342,36.8716],[140.7343,36.8716],[140.7344,36.8717],[140.7346,36.8719],[140.7348,36.8723],[140.7349,36.8724],[140.7351,36.8726],[140.7352,36.8727],[140.7352,36.8727],[140.7353,36.8727],[140.7354,36.8727],[140.7355,36.8727],[140.7357,36.8727],[140.7358,36.8728],[140.736,36.8729],[140.7361,36.8729],[140.7362,36.8729],[140.7364,36.8729],[140.7365,36.8729],[140.7366,36.8729],[140.7367,36.873],[140.7368,36.8731],[140.7369,36.8733],[140.737,36.8734],[140.7372,36.8734],[140.7373,36.8735],[140.7375,36.8735],[140.7376,36.8736],[140.7378,36.8737],[140.7379,36.8738],[140.7381,36.8739],[140.7382,36.874],[140.7382,36.8741],[140.7383,36.8742],[140.7385,36.8743],[140.7387,36.8743],[140.739,36.8744],[140.7393,36.8746],[140.7394,36.8746],[140.7396,36.8747],[140.7397,36.8749],[140.7398,36.875],[140.7398,36.875],[140.7398,36.875],[140.7398,36.8752],[140.7398,36.8752],[140.7398,36.8752],[140.7399,36.8753],[140.74,36.8753],[140.7402,36.8754],[140.7404,36.8755],[140.7405,36.8756],[140.7407,36.8756],[140.7408,36.8756],[140.7408,36.8756],[140.741,36.8755],[140.7412,36.8754],[140.7415,36.8753],[140.7416,36.8752],[140.7417,36.8751],[140.7417,36.8751],[140.7418,36.875],[140.7418,36.875],[140.7418,36.875],[140.742,36.8748],[140.7423,36.8745],[140.7424,36.8743],[140.7426,36.8741],[140.7426,36.874],[140.7427,36.8738],[140.7427,36.8737],[140.7427,36.8736],[140.7428,36.8735],[140.7428,36.8734],[140.7428,36.8734],[140.7429,36.8733],[140.7432,36.8732],[140.7436,36.8731],[140.7439,36.873],[140.7439,36.873],[140.7442,36.873],[140.7445,36.8729],[140.7446,36.8728],[140.7447,36.8728],[140.7447,36.8726],[140.7447,36.8725],[140.7447,36.8724],[140.7447,36.8723],[140.7447,36.8722],[140.7447,36.8721],[140.7448,36.8719],[140.7449,36.8718],[140.7452,36.8717],[140.7455,36.8715],[140.7457,36.8713],[140.7459,36.8712],[140.746,36.8712],[140.7462,36.8712],[140.7464,36.8713],[140.7466,36.8714],[140.7467,36.8714],[140.747,36.8714],[140.7477,36.8714],[140.7482,36.871],[140.7493,36.8703],[140.7499,36.8702],[140.75,36.8703],[140.75,36.8703],[140.7508,36.8703],[140.752,36.8704],[140.7525,36.8703],[140.7528,36.8702],[140.7535,36.8701],[140.7541,36.87],[140.7547,36.8699],[140.7551,36.8698],[140.7554,36.8696],[140.7556,36.8695],[140.7557,36.8693],[140.7558,36.8691],[140.7559,36.8689],[140.7561,36.8686],[140.7562,36.8685],[140.7567,36.868],[140.7573,36.8675],[140.7577,36.8674],[140.7583,36.8673],[140.7584,36.8673],[140.7584,36.8673],[140.7588,36.8677],[140.7591,36.868],[140.7593,36.8684],[140.7598,36.869],[140.7598,36.8698],[140.7599,36.8706],[140.76,36.871],[140.7599,36.8717],[140.7597,36.8718],[140.7593,36.872],[140.7586,36.8719],[140.7584,36.8719],[140.7583,36.8719],[140.7582,36.872],[140.758,36.8721],[140.758,36.8722],[140.7579,36.8723],[140.7579,36.8724],[140.7579,36.8724],[140.7581,36.8724],[140.7582,36.8724],[140.7583,36.8724],[140.7584,36.8724],[140.7586,36.8724],[140.7594,36.8724],[140.7597,36.8724],[140.7601,36.8724],[140.7604,36.8722],[140.7605,36.8714],[140.7607,36.871],[140.7615,36.8707],[140.7617,36.8706],[140.762,36.8703],[140.7619,36.8702],[140.7614,36.8702],[140.7607,36.8703],[140.7605,36.8702],[140.7604,36.87],[140.7605,36.8696],[140.7603,36.8689],[140.76,36.8681],[140.7599,36.8673],[140.7599,36.8673],[140.7597,36.8669],[140.7599,36.8667],[140.7605,36.8668],[140.7609,36.8667],[140.761,36.8667],[140.761,36.8667],[140.7614,36.8664],[140.7616,36.8659],[140.7617,36.8657],[140.7618,36.8653],[140.7623,36.8652],[140.7627,36.8648],[140.763,36.8644],[140.7633,36.8644],[140.7635,36.8647],[140.7636,36.865],[140.7637,36.8655],[140.7637,36.8656],[140.7639,36.8657],[140.7642,36.8661],[140.7642,36.8665],[140.764,36.8667],[140.764,36.8667],[140.764,36.8667],[140.764,36.8669],[140.7644,36.8669],[140.7646,36.8667],[140.7647,36.8667],[140.7647,36.8667],[140.7648,36.8661],[140.7648,36.8658],[140.7648,36.8657],[140.7646,36.8655],[140.7644,36.8654],[140.7641,36.8646],[140.7637,36.8643],[140.7635,36.864],[140.7634,36.8637],[140.7638,36.8632],[140.7641,36.8631],[140.7645,36.8632],[140.765,36.8633],[140.7653,36.8632],[140.7655,36.8634],[140.7656,36.8637],[140.7657,36.8639],[140.7659,36.8642],[140.766,36.8644],[140.7659,36.8647],[140.7659,36.865],[140.766,36.8654],[140.7658,36.8659],[140.7654,36.8667],[140.7654,36.8667],[140.7653,36.8668],[140.7654,36.8674],[140.7654,36.8675],[140.7655,36.8674],[140.7656,36.8674],[140.7657,36.8672],[140.766,36.8667],[140.766,36.8667],[140.766,36.8666],[140.7666,36.8656],[140.7667,36.8656],[140.7667,36.8656],[140.7668,36.8655],[140.7669,36.8654],[140.7673,36.8651],[140.7673,36.8648],[140.7671,36.8648],[140.7667,36.865],[140.7667,36.865],[140.7667,36.8649],[140.7665,36.8646],[140.7667,36.8644],[140.7667,36.8644],[140.7667,36.8643],[140.7671,36.8642],[140.7671,36.8641],[140.7671,36.8638],[140.7668,36.8638],[140.7667,36.8639],[140.7667,36.8639],[140.7666,36.8639],[140.7664,36.8639],[140.7663,36.8633],[140.7664,36.8631],[140.7667,36.8631],[140.7667,36.8631],[140.7668,36.8631],[140.7671,36.8629],[140.7673,36.8626],[140.7672,36.8623],[140.767,36.8623],[140.7667,36.8625],[140.7667,36.8625],[140.7663,36.8627],[140.7662,36.8627],[140.766,36.8627],[140.7659,36.8627],[140.7654,36.8626],[140.7649,36.8625],[140.765,36.8623],[140.7654,36.8621],[140.7659,36.8619],[140.7662,36.8618],[140.7667,36.8616],[140.7667,36.8616],[140.7668,36.8616],[140.7672,36.8615],[140.7679,36.8616],[140.7686,36.8618],[140.7692,36.8622],[140.7698,36.8623],[140.7706,36.8626],[140.7707,36.8626],[140.7713,36.8629],[140.7715,36.8631],[140.7718,36.8642],[140.7717,36.8645],[140.7716,36.8645],[140.7714,36.8646],[140.7709,36.8646],[140.7702,36.8648],[140.7702,36.8648],[140.7697,36.8651],[140.769,36.8654],[140.7678,36.8663],[140.7675,36.8666],[140.7675,36.8667],[140.7674,36.8667],[140.7673,36.8669],[140.7671,36.8674],[140.7671,36.8677],[140.7673,36.8678],[140.7675,36.8675],[140.7677,36.8669],[140.7679,36.8667],[140.7679,36.8667],[140.7681,36.8665],[140.7686,36.8661],[140.7691,36.8658],[140.7698,36.8656],[140.7703,36.8654],[140.7705,36.8653],[140.771,36.8651],[140.7715,36.865],[140.7721,36.8651],[140.7722,36.8652],[140.7725,36.8656],[140.7725,36.8656],[140.7727,36.866],[140.7726,36.8661],[140.7726,36.8662],[140.7722,36.8666],[140.7722,36.8667],[140.7722,36.8667],[140.7721,36.8671],[140.7717,36.8676],[140.7715,36.8679],[140.7715,36.8682],[140.7717,36.8685],[140.7721,36.8686],[140.7722,36.8681],[140.7723,36.8676],[140.7723,36.8676],[140.7726,36.867],[140.7727,36.8669],[140.7729,36.8667],[140.773,36.8667],[140.773,36.8667],[140.7735,36.8663],[140.7737,36.8664],[140.7741,36.8666],[140.7742,36.8667],[140.7742,36.8667],[140.7743,36.8668],[140.7748,36.8671],[140.775,36.8671],[140.775,36.8671],[140.775,36.8671],[140.7755,36.8672],[140.7767,36.8673],[140.7772,36.8674],[140.7778,36.8673],[140.7782,36.8671],[140.779,36.8667],[140.779,36.8667],[140.7793,36.8665],[140.7799,36.8658],[140.7805,36.8649],[140.7813,36.8639],[140.7816,36.8635],[140.7819,36.8633],[140.7822,36.8632],[140.7825,36.8632],[140.7828,36.8632],[140.7828,36.8632],[140.783,36.8633],[140.7833,36.8633],[140.7834,36.8633],[140.7835,36.8634],[140.784,36.863],[140.7848,36.8623],[140.785,36.8623],[140.7854,36.8623],[140.7856,36.8623],[140.7857,36.8623],[140.7861,36.8622],[140.7864,36.8621],[140.7864,36.862],[140.7861,36.8615],[140.786,36.861],[140.7861,36.8606],[140.7862,36.8603],[140.7862,36.8597],[140.7861,36.8592],[140.786,36.8591],[140.7859,36.8588],[140.7854,36.8584],[140.7854,36.8583],[140.7854,36.8583],[140.7853,36.8579],[140.7854,36.8576],[140.7856,36.8572],[140.7856,36.8569],[140.7856,36.8568],[140.7858,36.8564],[140.7862,36.8562],[140.7869,36.8562],[140.7872,36.8562],[140.7875,36.8564],[140.788,36.8566],[140.7884,36.8567],[140.7892,36.8565],[140.7896,36.8565],[140.7897,36.8565],[140.7899,36.8566],[140.7901,36.8568],[140.7903,36.8569],[140.7905,36.857],[140.7907,36.8571],[140.7908,36.8572],[140.7908,36.8573],[140.7911,36.8574],[140.7912,36.8578],[140.7911,36.8582],[140.7911,36.8583],[140.7911,36.8583],[140.791,36.8586],[140.7916,36.8587],[140.7917,36.8587],[140.7917,36.8587],[140.7922,36.8586],[140.7928,36.8586],[140.793,36.8587],[140.7932,36.8589],[140.7935,36.8593],[140.7935,36.8594],[140.7935,36.8595],[140.7935,36.8594],[140.7935,36.8593],[140.7935,36.8593],[140.7935,36.8593],[140.7935,36.8593],[140.7936,36.8593],[140.7936,36.8593],[140.7936,36.8592],[140.7936,36.8592],[140.7936,36.8592],[140.7936,36.8592],[140.7936,36.8592],[140.7936,36.8592],[140.7937,36.8592],[140.7937,36.8592],[140.7937,36.8592],[140.7937,36.8592],[140.7937,36.8592],[140.7938,36.8592],[140.7938,36.8592],[140.7938,36.8593],[140.7938,36.8593],[140.7938,36.8593],[140.7938,36.8593],[140.7938,36.8593],[140.7938,36.8593],[140.7938,36.8593],[140.7939,36.8593],[140.7939,36.8593],[140.7939,36.8593],[140.7939,36.8593],[140.7939,36.8593],[140.7939,36.8593],[140.7939,36.8593],[140.7939,36.8593],[140.7939,36.8593],[140.7939,36.8593],[140.7939,36.8593],[140.7939,36.8593],[140.7939,36.8593],[140.7939,36.8593],[140.7939,36.8593],[140.794,36.8593],[140.794,36.8593],[140.794,36.8593],[140.794,36.8593],[140.794,36.8593],[140.794,36.8593],[140.794,36.8593],[140.7941,36.8593],[140.7941,36.8593],[140.7941,36.8594],[140.7942,36.8594],[140.7942,36.8594],[140.7942,36.8594],[140.7942,36.8594],[140.7942,36.8594],[140.7943,36.8594],[140.7943,36.8594],[140.7943,36.8594],[140.7943,36.8594],[140.7944,36.8594],[140.7944,36.8594],[140.7944,36.8594],[140.7945,36.8594],[140.7945,36.8593],[140.7946,36.8593],[140.7946,36.8593],[140.7947,36.8593],[140.7947,36.8594],[140.7948,36.8594],[140.7949,36.8594],[140.795,36.8594],[140.795,36.8594],[140.7951,36.8594],[140.7951,36.8594],[140.7952,36.8594],[140.7953,36.8594],[140.7954,36.8594],[140.7954,36.8594],[140.7955,36.8594],[140.7955,36.8594],[140.7956,36.8594],[140.7957,36.8594],[140.7957,36.8594],[140.7958,36.8594],[140.7958,36.8594],[140.7959,36.8594],[140.7959,36.8594],[140.796,36.8594],[140.7961,36.8594],[140.7961,36.8594],[140.7962,36.8594],[140.7963,36.8594],[140.7963,36.8594],[140.7963,36.8594],[140.7963,36.8594],[140.7964,36.8594],[140.7977,36.8594],[140.7978,36.8594],[140.7984,36.8594],[140.7984,36.8593],[140.7979,36.8593],[140.7978,36.8593],[140.7972,36.8593],[140.7964,36.8593],[140.7963,36.8593],[140.7963,36.8593],[140.7963,36.8593],[140.7963,36.8593],[140.7963,36.8593],[140.7962,36.8593],[140.7962,36.8593],[140.7961,36.8593],[140.7961,36.8593],[140.796,36.8593],[140.796,36.8593],[140.796,36.8593],[140.7959,36.8593],[140.7959,36.8593],[140.7958,36.8593],[140.7958,36.8593],[140.7957,36.8593],[140.7957,36.8593],[140.7957,36.8593],[140.7956,36.8593],[140.7958,36.859],[140.7961,36.8586],[140.796,36.8585],[140.7957,36.859],[140.7957,36.859],[140.7951,36.8588],[140.7943,36.8584],[140.794,36.8583],[140.7936,36.8581],[140.7939,36.858],[140.7938,36.8579],[140.7935,36.8581],[140.7933,36.8579],[140.7927,36.8575],[140.7933,36.857],[140.7938,36.8565],[140.7943,36.8561],[140.7949,36.8566],[140.7949,36.8572],[140.7952,36.8573],[140.7958,36.8576],[140.796,36.8572],[140.7964,36.8574],[140.7962,36.8578],[140.7964,36.8579],[140.7963,36.8581],[140.7964,36.8581],[140.7965,36.8579],[140.7969,36.8573],[140.7976,36.8575],[140.7978,36.8576],[140.7982,36.8578],[140.7983,36.8582],[140.7979,36.8583],[140.7978,36.8584],[140.7976,36.8585],[140.7977,36.8585],[140.7978,36.8584],[140.7981,36.8583],[140.7983,36.8582],[140.7984,36.8582],[140.7984,36.8582],[140.7984,36.8581],[140.7984,36.8581],[140.7984,36.8581],[140.7984,36.8581],[140.7984,36.858],[140.7984,36.858],[140.7984,36.8579],[140.7984,36.8579],[140.7984,36.8579],[140.7984,36.8578],[140.7984,36.8577],[140.7984,36.8577],[140.7984,36.8576],[140.7984,36.8576],[140.7984,36.8575],[140.7984,36.8575],[140.7984,36.8575],[140.7984,36.8574],[140.7984,36.8574],[140.7984,36.8573],[140.7984,36.8573],[140.7984,36.8573],[140.7984,36.8572],[140.7984,36.8572],[140.7984,36.8572],[140.7984,36.8572],[140.7983,36.8571],[140.7983,36.8571],[140.7983,36.8571],[140.7982,36.8571],[140.7982,36.8571],[140.7981,36.857],[140.7981,36.857],[140.798,36.857],[140.798,36.857],[140.7979,36.8569],[140.7979,36.8569],[140.7978,36.8569],[140.7978,36.8569],[140.7978,36.8569],[140.7977,36.8569],[140.7976,36.8568],[140.7976,36.8568],[140.7975,36.8568],[140.7975,36.8568],[140.7974,36.8568],[140.7974,36.8568],[140.7973,36.8568],[140.7973,36.8568],[140.7973,36.8567],[140.7972,36.8567],[140.7972,36.8567],[140.7972,36.8567],[140.7971,36.8567],[140.7971,36.8567],[140.797,36.8567],[140.7969,36.8566],[140.7969,36.8566],[140.7968,36.8566],[140.7968,36.8566],[140.7967,36.8565],[140.7967,36.8565],[140.7966,36.8565],[140.7966,36.8565],[140.7965,36.8565],[140.7965,36.8564],[140.7964,36.8564],[140.7964,36.8564],[140.7963,36.8564],[140.7963,36.8564],[140.7962,36.8563],[140.7962,36.8563],[140.7961,36.8563],[140.7961,36.8563],[140.7961,36.8563],[140.796,36.8563],[140.796,36.8562],[140.7959,36.8562],[140.7959,36.8562],[140.7959,36.8562],[140.7958,36.8562],[140.7958,36.8562],[140.7958,36.8562],[140.7958,36.8561],[140.7958,36.8561],[140.7958,36.8561],[140.7958,36.8561],[140.7959,36.856],[140.7959,36.856],[140.7959,36.856],[140.7959,36.8559],[140.7959,36.8559],[140.796,36.8559],[140.796,36.8558],[140.796,36.8558],[140.7961,36.8558],[140.7961,36.8557],[140.7961,36.8557],[140.7961,36.8556],[140.7962,36.8556],[140.7962,36.8555],[140.7962,36.8555],[140.7962,36.8555],[140.7963,36.8554],[140.7963,36.8554],[140.7963,36.8554],[140.7963,36.8553],[140.7964,36.8553],[140.7964,36.8552],[140.7964,36.8552],[140.7964,36.8551],[140.7965,36.8551],[140.7965,36.855],[140.7965,36.855],[140.7965,36.8549],[140.7966,36.8549],[140.7966,36.8548],[140.7966,36.8548],[140.7966,36.8548],[140.7966,36.8547],[140.7967,36.8547],[140.7967,36.8546],[140.7967,36.8546],[140.7967,36.8545],[140.7967,36.8545],[140.7967,36.8545],[140.7967,36.8544],[140.7967,36.8544],[140.7967,36.8544],[140.7968,36.8543],[140.7968,36.8542],[140.7968,36.8542],[140.7968,36.8542],[140.7968,36.8541],[140.7968,36.8541],[140.7968,36.8541],[140.7967,36.8541],[140.7967,36.854],[140.7967,36.854],[140.7967,36.854],[140.7967,36.854],[140.7967,36.8539],[140.7967,36.8539],[140.7968,36.8539],[140.7968,36.8539],[140.7968,36.8539],[140.7968,36.8538],[140.7968,36.8538],[140.7968,36.8538],[140.7968,36.8538],[140.7969,36.8538],[140.7969,36.8538],[140.7969,36.8538],[140.797,36.8538],[140.797,36.8538],[140.797,36.8538],[140.7971,36.8538],[140.7971,36.8537],[140.7971,36.8537],[140.7971,36.8537],[140.7972,36.8537],[140.7972,36.8537],[140.7972,36.8537],[140.7972,36.8537],[140.7973,36.8537],[140.7973,36.8537],[140.7973,36.8537],[140.7973,36.8537],[140.7973,36.8537],[140.7974,36.8537],[140.7974,36.8537],[140.7974,36.8537],[140.7974,36.8537],[140.7975,36.8537],[140.7975,36.8538],[140.7975,36.8538],[140.7975,36.8538],[140.7976,36.8538],[140.7976,36.8538],[140.7976,36.8538],[140.7977,36.8538],[140.7977,36.8538],[140.7977,36.8538],[140.7977,36.8538],[140.7978,36.8538],[140.7978,36.8538],[140.7978,36.8538],[140.7978,36.8538],[140.7978,36.8538],[140.7979,36.8538],[140.7979,36.8537],[140.7979,36.8537],[140.7979,36.8537],[140.7979,36.8537],[140.7979,36.8536],[140.798,36.8536],[140.798,36.8536],[140.798,36.8536],[140.798,36.8536],[140.798,36.8536],[140.798,36.8535],[140.798,36.8535],[140.7981,36.8535],[140.7981,36.8535],[140.7981,36.8535],[140.7981,36.8535],[140.7981,36.8535],[140.7982,36.8535],[140.7982,36.8534],[140.7982,36.8534],[140.7982,36.8534],[140.7981,36.8533],[140.7981,36.8533],[140.7981,36.8533],[140.7981,36.8532],[140.7981,36.8532],[140.7981,36.8532],[140.7981,36.8532],[140.7981,36.8532],[140.7981,36.8532],[140.7981,36.8531],[140.798,36.8531],[140.798,36.8531],[140.798,36.8531],[140.798,36.8531],[140.798,36.8531],[140.7979,36.853],[140.7979,36.853],[140.7979,36.853],[140.7979,36.8529],[140.7979,36.8529],[140.7979,36.8529],[140.7979,36.8529],[140.7979,36.8529],[140.7979,36.8529],[140.7979,36.8529],[140.7979,36.8528],[140.798,36.8528],[140.798,36.8528],[140.798,36.8528],[140.798,36.8528],[140.798,36.8528],[140.7981,36.8528],[140.7981,36.8528],[140.7981,36.8528],[140.7981,36.8528],[140.7981,36.8528],[140.7982,36.8527],[140.7982,36.8527],[140.7982,36.8527],[140.7982,36.8527],[140.7982,36.8527],[140.7982,36.8527],[140.7982,36.8526],[140.7982,36.8526],[140.7982,36.8526],[140.7982,36.8526],[140.7982,36.8526],[140.7982,36.8525],[140.7982,36.8525],[140.7982,36.8525],[140.7982,36.8525],[140.7982,36.8524],[140.7982,36.8524],[140.7983,36.8524],[140.7983,36.8524],[140.7983,36.8524],[140.7983,36.8523],[140.7983,36.8523],[140.7983,36.8523],[140.7984,36.8523],[140.7984,36.8523],[140.7984,36.8523],[140.7984,36.8522],[140.7984,36.8522],[140.7984,36.8522],[140.7984,36.8522],[140.7984,36.8522],[140.7984,36.8521],[140.7985,36.8521],[140.7985,36.8521],[140.7985,36.852],[140.7985,36.852],[140.7985,36.852],[140.7985,36.852],[140.7986,36.8519],[140.7986,36.8519],[140.7986,36.8519],[140.7986,36.8518],[140.7986,36.8518],[140.7986,36.8518],[140.7986,36.8518],[140.7987,36.8517],[140.7987,36.8517],[140.7987,36.8517],[140.7987,36.8516],[140.7987,36.8516],[140.7987,36.8515],[140.7987,36.8515],[140.7987,36.8515],[140.7987,36.8514],[140.7987,36.8514],[140.7987,36.8513],[140.7987,36.8513],[140.7988,36.8513],[140.7988,36.8512],[140.7988,36.8512],[140.7988,36.8512],[140.7988,36.8511],[140.7987,36.8511],[140.7987,36.8511],[140.7987,36.8511],[140.7987,36.8511],[140.7986,36.8511],[140.7986,36.8511],[140.7986,36.8511],[140.7986,36.8511],[140.7985,36.8512],[140.7985,36.8512],[140.7985,36.8512],[140.7985,36.8512],[140.7985,36.8512],[140.7985,36.8512],[140.7985,36.8513],[140.7985,36.8513],[140.7985,36.8513],[140.7985,36.8513],[140.7985,36.8514],[140.7985,36.8514],[140.7985,36.8515],[140.7985,36.8515],[140.7985,36.8516],[140.7985,36.8517],[140.7985,36.8517],[140.7985,36.8517],[140.7984,36.8518],[140.7984,36.8519],[140.7983,36.8519],[140.7983,36.8519],[140.7983,36.8519],[140.7982,36.8519],[140.7982,36.8519],[140.7982,36.8519],[140.7981,36.8519],[140.7981,36.8519],[140.7981,36.8519],[140.798,36.8519],[140.798,36.8519],[140.7979,36.8519],[140.7979,36.8519],[140.7979,36.8519],[140.7978,36.8519],[140.7978,36.8519],[140.7978,36.8519],[140.7977,36.8518],[140.7977,36.8518],[140.7977,36.8518],[140.7976,36.8518],[140.7976,36.8518],[140.7976,36.8518],[140.7975,36.8517],[140.7975,36.8517],[140.7975,36.8517],[140.7974,36.8517],[140.7974,36.8516],[140.7974,36.8516],[140.7973,36.8516],[140.7973,36.8515],[140.7973,36.8515],[140.7972,36.8515],[140.7972,36.8514],[140.7972,36.8514],[140.7971,36.8514],[140.7971,36.8514],[140.7971,36.8513],[140.7971,36.8513],[140.7971,36.8513],[140.797,36.8512],[140.797,36.8512],[140.797,36.8512],[140.797,36.8512],[140.797,36.8511],[140.797,36.8511],[140.797,36.8511],[140.797,36.8511],[140.797,36.8511],[140.797,36.8511],[140.797,36.851],[140.7969,36.851],[140.7969,36.8509],[140.797,36.8509],[140.7968,36.8505],[140.7968,36.8504],[140.7968,36.8504],[140.7968,36.8504],[140.7968,36.8503],[140.7968,36.8503],[140.7968,36.8502],[140.7968,36.8502],[140.7968,36.8502],[140.7967,36.8501],[140.7967,36.8501],[140.7967,36.85],[140.7967,36.85],[140.7967,36.85],[140.7967,36.85],[140.7967,36.8499],[140.7967,36.8499],[140.7967,36.8499],[140.7966,36.8498],[140.7966,36.8498],[140.7966,36.8498],[140.7966,36.8497],[140.7966,36.8497],[140.7966,36.8497],[140.7966,36.8496],[140.7966,36.8496],[140.7966,36.8496],[140.7966,36.8495],[140.7966,36.8495],[140.7966,36.8495],[140.7966,36.8494],[140.7966,36.8494],[140.7966,36.8494],[140.7966,36.8494],[140.7966,36.8494],[140.7965,36.8494],[140.7965,36.8493],[140.7965,36.8493],[140.7966,36.8493],[140.7966,36.8493],[140.7966,36.8492],[140.7966,36.8492],[140.7966,36.8492],[140.7966,36.8491],[140.7966,36.8491],[140.7966,36.8491],[140.7966,36.849],[140.7966,36.849],[140.7966,36.849],[140.7966,36.8489],[140.7966,36.8489],[140.7966,36.8489],[140.7966,36.8489],[140.7966,36.8488],[140.7966,36.8488],[140.7966,36.8488],[140.7966,36.8487],[140.7966,36.8487],[140.7966,36.8486],[140.7966,36.8486],[140.7966,36.8486],[140.7966,36.8486],[140.7966,36.8485],[140.7966,36.8485],[140.7966,36.8485],[140.7966,36.8484],[140.7966,36.8484],[140.7967,36.8484],[140.7967,36.8483],[140.7967,36.8483],[140.7967,36.8483],[140.7967,36.8483],[140.7967,36.8482],[140.7967,36.8482],[140.7967,36.8482],[140.7967,36.8481],[140.7967,36.8481],[140.7967,36.8481],[140.7967,36.8481],[140.7967,36.848],[140.7967,36.848],[140.7967,36.848],[140.7967,36.848],[140.7967,36.8479],[140.7967,36.8479],[140.7968,36.8479],[140.7968,36.8478],[140.7968,36.8478],[140.7968,36.8478],[140.7968,36.8478],[140.7968,36.8478],[140.7968,36.8477],[140.7968,36.8477],[140.7968,36.8477],[140.7968,36.8477],[140.7968,36.8476],[140.7968,36.8476],[140.7969,36.8476],[140.7969,36.8475],[140.7969,36.8475],[140.7969,36.8474],[140.7969,36.8474],[140.7969,36.8474],[140.7969,36.8474],[140.7969,36.8474],[140.7969,36.8473],[140.7969,36.8473],[140.7969,36.8472],[140.7969,36.8472],[140.7969,36.8472],[140.7969,36.8472],[140.7969,36.8471],[140.7969,36.8471],[140.7969,36.8471],[140.7972,36.8467],[140.7977,36.8468],[140.798,36.8468],[140.798,36.8469],[140.798,36.8469],[140.798,36.847],[140.7983,36.847],[140.7984,36.8466],[140.7984,36.8466],[140.7984,36.8466],[140.7982,36.8465],[140.7981,36.8465],[140.7981,36.8465],[140.798,36.8466],[140.798,36.8466],[140.798,36.8467],[140.7977,36.8466],[140.7971,36.8465],[140.7971,36.8464],[140.7971,36.8463],[140.7971,36.8462],[140.7971,36.8462],[140.797,36.8459],[140.797,36.8458],[140.797,36.8457],[140.797,36.8456],[140.797,36.8456],[140.797,36.8455],[140.797,36.8455],[140.7969,36.8454],[140.7969,36.8453],[140.7969,36.8452],[140.7969,36.8451],[140.7969,36.8451],[140.7969,36.845],[140.7969,36.845],[140.7969,36.845],[140.7969,36.845],[140.7968,36.8449],[140.7969,36.8447],[140.7969,36.8445],[140.7969,36.8443],[140.7969,36.8442],[140.7969,36.8442],[140.7969,36.8442],[140.7969,36.8442],[140.7969,36.8442],[140.7969,36.8442],[140.7969,36.8442],[140.797,36.8442],[140.797,36.8442],[140.797,36.8442],[140.797,36.8442],[140.797,36.8442],[140.797,36.8442],[140.797,36.8442],[140.797,36.8442],[140.797,36.8441],[140.797,36.8441],[140.797,36.8441],[140.797,36.8441],[140.797,36.8441],[140.797,36.8441],[140.797,36.8441],[140.797,36.8441],[140.797,36.8441],[140.797,36.844],[140.797,36.844],[140.797,36.844],[140.797,36.844],[140.797,36.844],[140.797,36.844],[140.797,36.844],[140.797,36.844],[140.797,36.844],[140.797,36.844],[140.797,36.844],[140.797,36.844],[140.797,36.844],[140.797,36.844],[140.797,36.844],[140.797,36.844],[140.797,36.844],[140.797,36.844],[140.797,36.844],[140.797,36.844],[140.797,36.844],[140.797,36.844],[140.797,36.844],[140.797,36.844],[140.797,36.844],[140.7971,36.844],[140.7971,36.8439],[140.7971,36.8439],[140.7971,36.8439],[140.7971,36.844],[140.7971,36.844],[140.7971,36.844],[140.7971,36.844],[140.7971,36.844],[140.7971,36.844],[140.7971,36.844],[140.7971,36.844],[140.7971,36.844],[140.7971,36.844],[140.7971,36.844],[140.7971,36.8439],[140.7972,36.8439],[140.7972,36.8439],[140.7972,36.8439],[140.7972,36.8439],[140.7972,36.8439],[140.7972,36.8439],[140.7972,36.8439],[140.7972,36.8439],[140.7972,36.8439],[140.7972,36.8439],[140.7972,36.8439],[140.7972,36.8439],[140.7972,36.8439],[140.7972,36.8439],[140.7972,36.8439],[140.7972,36.8439],[140.7972,36.8439],[140.7972,36.8439],[140.7972,36.8439],[140.7972,36.8439],[140.7972,36.8439],[140.7971,36.8439],[140.7971,36.8439],[140.7971,36.8439],[140.7971,36.8439],[140.7971,36.8439],[140.7971,36.8439],[140.7971,36.8439],[140.7971,36.8439],[140.7971,36.8439],[140.7971,36.8439],[140.7971,36.8439],[140.7971,36.8439],[140.7971,36.8439],[140.7971,36.8439],[140.7972,36.8439],[140.7972,36.8439],[140.7971,36.8439],[140.7971,36.8439],[140.7971,36.8439],[140.7971,36.8439],[140.7971,36.8438],[140.7971,36.8438],[140.7971,36.8438],[140.7971,36.8438],[140.7971,36.8438],[140.7971,36.8438],[140.7971,36.8438],[140.7971,36.8438],[140.7971,36.8438],[140.7971,36.8438],[140.7971,36.8438],[140.7971,36.8438],[140.7971,36.8438],[140.7971,36.8438],[140.7971,36.8438],[140.7971,36.8438],[140.7971,36.8438],[140.7971,36.8438],[140.7971,36.8438],[140.7971,36.8438],[140.7971,36.8438],[140.7971,36.8437],[140.7971,36.8437],[140.7971,36.8437],[140.7971,36.8437],[140.7972,36.8437],[140.7972,36.8437],[140.7972,36.8437],[140.7972,36.8437],[140.7972,36.8437],[140.7972,36.8437],[140.7972,36.8437],[140.7972,36.8437],[140.7972,36.8437],[140.7972,36.8437],[140.7972,36.8437],[140.7973,36.8437],[140.7973,36.8437],[140.7973,36.8436],[140.7973,36.8436],[140.7973,36.8436],[140.7973,36.8436],[140.7973,36.8436],[140.7972,36.8436],[140.7972,36.8436],[140.7972,36.8436],[140.7972,36.8436],[140.7972,36.8436],[140.7972,36.8436],[140.7972,36.8436],[140.7972,36.8436],[140.7972,36.8436],[140.7972,36.8436],[140.7972,36.8436],[140.7972,36.8436],[140.7972,36.8436],[140.7972,36.8436],[140.7972,36.8436],[140.7972,36.8436],[140.7972,36.8436],[140.7972,36.8436],[140.7972,36.8435],[140.7972,36.8435],[140.7972,36.8435],[140.7972,36.8435],[140.7972,36.8435],[140.7972,36.8435],[140.7972,36.8435],[140.7972,36.8435],[140.7972,36.8435],[140.7972,36.8435],[140.7972,36.8435],[140.7972,36.8435],[140.7972,36.8435],[140.7971,36.8435],[140.7971,36.8435],[140.7971,36.8435],[140.7971,36.8435],[140.7971,36.8435],[140.7971,36.8435],[140.7971,36.8435],[140.7971,36.8435],[140.7971,36.8435],[140.7971,36.8435],[140.7971,36.8435],[140.7971,36.8435],[140.7971,36.8435],[140.7971,36.8434],[140.7971,36.8434],[140.7971,36.8434],[140.7971,36.8435],[140.7971,36.8435],[140.797,36.8435],[140.797,36.8435],[140.797,36.8435],[140.7971,36.8433],[140.7971,36.8431],[140.7971,36.8431],[140.7971,36.8431],[140.7971,36.8431],[140.7971,36.8431],[140.7971,36.8431],[140.7971,36.8431],[140.7971,36.8431],[140.7971,36.8431],[140.7971,36.8431],[140.7971,36.8431],[140.7972,36.8431],[140.7972,36.8431],[140.7972,36.8431],[140.7972,36.843],[140.7972,36.843],[140.7971,36.843],[140.7971,36.843],[140.7971,36.843],[140.7971,36.843],[140.7971,36.843],[140.7971,36.843],[140.7971,36.843],[140.7971,36.843],[140.7971,36.8429],[140.7971,36.8429],[140.7971,36.8429],[140.7971,36.8429],[140.7971,36.8429],[140.7971,36.8428],[140.7971,36.8428],[140.7972,36.8428],[140.7972,36.8427],[140.7972,36.8427],[140.7972,36.8427],[140.7972,36.8427],[140.7972,36.8426],[140.7972,36.8426],[140.7972,36.8426],[140.7972,36.8425],[140.7973,36.8425],[140.7973,36.8425],[140.7973,36.8425],[140.7973,36.8425],[140.7973,36.8425],[140.7973,36.8424],[140.7973,36.8424],[140.7973,36.8424],[140.7974,36.8424],[140.7974,36.8424],[140.7974,36.8423],[140.7974,36.8423],[140.7974,36.8422],[140.7974,36.8422],[140.7974,36.8422],[140.7974,36.8422],[140.7974,36.8421],[140.7974,36.8421],[140.7975,36.8421],[140.7975,36.8421],[140.7975,36.8421],[140.7975,36.8421],[140.7975,36.8421],[140.7975,36.8421],[140.7975,36.842],[140.7976,36.842],[140.7976,36.842],[140.7976,36.842],[140.7976,36.842],[140.7976,36.842],[140.7976,36.842],[140.7977,36.8419],[140.7977,36.8419],[140.7977,36.8419],[140.7977,36.8419],[140.7977,36.8419],[140.7977,36.8419],[140.7977,36.8419],[140.7977,36.8419],[140.7977,36.8419],[140.7977,36.8419],[140.7977,36.8419],[140.7978,36.8419],[140.7978,36.8419],[140.7978,36.8419],[140.7978,36.8419],[140.7978,36.8419],[140.7978,36.8419],[140.7978,36.8419],[140.7978,36.8418],[140.7978,36.8418],[140.7978,36.8418],[140.7978,36.8418],[140.7978,36.8418],[140.7978,36.8418],[140.7978,36.8418],[140.7978,36.8418],[140.7978,36.8418],[140.7978,36.8418],[140.7978,36.8418],[140.7978,36.8418],[140.7978,36.8418],[140.7978,36.8418],[140.7979,36.8417],[140.7979,36.8417],[140.7979,36.8417],[140.7979,36.8417],[140.7979,36.8417],[140.7979,36.8417],[140.7979,36.8417],[140.7979,36.8417],[140.7978,36.8417],[140.7978,36.8417],[140.7978,36.8417],[140.7978,36.8417],[140.7978,36.8417],[140.7978,36.8417],[140.7978,36.8417],[140.7978,36.8416],[140.7979,36.8416],[140.7979,36.8416],[140.7979,36.8416],[140.7979,36.8416],[140.7979,36.8416],[140.7979,36.8416],[140.7979,36.8416],[140.7979,36.8416],[140.7979,36.8416],[140.7979,36.8416],[140.7979,36.8416],[140.7979,36.8416],[140.7979,36.8415],[140.7979,36.8415],[140.7979,36.8415],[140.7979,36.8415],[140.7979,36.8415],[140.7979,36.8415],[140.7979,36.8415],[140.7979,36.8414],[140.7979,36.8414],[140.7979,36.8414],[140.7979,36.8414],[140.7979,36.8414],[140.7979,36.8414],[140.7979,36.8415],[140.7979,36.8415],[140.798,36.8415],[140.798,36.8415],[140.7979,36.8414],[140.7979,36.8414],[140.7979,36.8414],[140.7979,36.8414],[140.798,36.8414],[140.798,36.8414],[140.798,36.8414],[140.798,36.8414],[140.798,36.8413],[140.798,36.8413],[140.7979,36.8413],[140.7979,36.8414],[140.7979,36.8414],[140.7978,36.8414],[140.7978,36.8414],[140.7978,36.8414],[140.7978,36.8414],[140.7978,36.8414],[140.7978,36.8414],[140.7978,36.8414],[140.7978,36.8414],[140.7978,36.8415],[140.7978,36.8415],[140.7978,36.8415],[140.7977,36.8415],[140.7977,36.8415],[140.7977,36.8415],[140.7977,36.8415],[140.7977,36.8415],[140.7977,36.8415],[140.7977,36.8415],[140.7977,36.8415],[140.7977,36.8415],[140.7977,36.8415],[140.7977,36.8415],[140.7977,36.8415],[140.7977,36.8415],[140.7977,36.8415],[140.7977,36.8414],[140.7977,36.8414],[140.7977,36.8414],[140.7976,36.8414],[140.7976,36.8414],[140.7976,36.8414],[140.7976,36.8414],[140.7976,36.8414],[140.7976,36.8414],[140.7975,36.8414],[140.7975,36.8414],[140.7975,36.8414],[140.7974,36.8414],[140.7974,36.8414],[140.7974,36.8414],[140.7974,36.8414],[140.7974,36.8414],[140.7974,36.8414],[140.7974,36.8415],[140.7974,36.8415],[140.7974,36.8415],[140.7974,36.8415],[140.7974,36.8415],[140.7974,36.8415],[140.7974,36.8415],[140.7974,36.8415],[140.7973,36.8415],[140.7973,36.8415],[140.7973,36.8415],[140.7972,36.8415],[140.7972,36.8415],[140.7972,36.8415],[140.7971,36.8415],[140.7971,36.8415],[140.7971,36.8415],[140.7971,36.8415],[140.7971,36.8415],[140.7972,36.8415],[140.7972,36.8415],[140.7972,36.8415],[140.7973,36.8415],[140.7973,36.8415],[140.7973,36.8415],[140.7973,36.8414],[140.7973,36.8414],[140.7973,36.8414],[140.7973,36.8414],[140.7973,36.8414],[140.7973,36.8414],[140.7973,36.8414],[140.7973,36.8414],[140.7973,36.8414],[140.7973,36.8414],[140.7973,36.8414],[140.7973,36.8414],[140.7973,36.8414],[140.7973,36.8414],[140.7973,36.8414],[140.7973,36.8414],[140.7973,36.8414],[140.7973,36.8414],[140.7973,36.8414],[140.7974,36.8413],[140.7974,36.8413],[140.7975,36.8414],[140.7975,36.8413],[140.7975,36.8413],[140.7975,36.8413],[140.7975,36.8413],[140.7976,36.8413],[140.7976,36.8413],[140.7976,36.8413],[140.7976,36.8413],[140.7977,36.8413],[140.7977,36.8413],[140.7977,36.8413],[140.7977,36.8414],[140.7977,36.8414],[140.7977,36.8414],[140.7977,36.8414],[140.7977,36.8414],[140.7977,36.8414],[140.7977,36.8414],[140.7977,36.8414],[140.7977,36.8414],[140.7977,36.8414],[140.7978,36.8414],[140.7978,36.8414],[140.7978,36.8414],[140.7978,36.8414],[140.7978,36.8413],[140.7978,36.8413],[140.7978,36.8413],[140.798,36.8412],[140.798,36.8412],[140.798,36.8412],[140.798,36.8412],[140.798,36.8412],[140.798,36.8411],[140.798,36.8411],[140.798,36.8411],[140.798,36.8411],[140.7981,36.8411],[140.7981,36.841],[140.7981,36.841],[140.7981,36.841],[140.7981,36.841],[140.7981,36.841],[140.7981,36.841],[140.7981,36.841],[140.7981,36.841],[140.7981,36.841],[140.7981,36.841],[140.7981,36.841],[140.7981,36.841],[140.7981,36.841],[140.7981,36.841],[140.7981,36.841],[140.7982,36.841],[140.7982,36.841],[140.7982,36.8409],[140.7983,36.8409],[140.7983,36.8409],[140.7983,36.8409],[140.7983,36.8409],[140.7983,36.8409],[140.7984,36.8409],[140.7984,36.8408],[140.7984,36.8408],[140.7984,36.8408],[140.7984,36.8408],[140.7984,36.8408],[140.7984,36.8408],[140.7984,36.8407],[140.7984,36.8407],[140.7984,36.8407],[140.7984,36.8407],[140.7985,36.8407],[140.7985,36.8407],[140.7985,36.8406],[140.7985,36.8406],[140.7985,36.8406],[140.7985,36.8406],[140.7985,36.8406],[140.7985,36.8406],[140.7985,36.8406],[140.7985,36.8406],[140.7985,36.8406],[140.7986,36.8404],[140.7987,36.8404],[140.7988,36.8403],[140.7988,36.8403],[140.7988,36.8403],[140.7988,36.8403],[140.7988,36.8402],[140.7988,36.8402],[140.7988,36.8402],[140.7988,36.8402],[140.7989,36.8401],[140.7989,36.8401],[140.7989,36.8401],[140.7989,36.8401],[140.7989,36.8401],[140.7989,36.8401],[140.799,36.8401],[140.799,36.8401],[140.799,36.8401],[140.799,36.8401],[140.799,36.84],[140.7991,36.84],[140.7991,36.84],[140.7991,36.84],[140.7991,36.84],[140.7991,36.84],[140.7991,36.84],[140.7992,36.84],[140.7992,36.84],[140.7992,36.84],[140.7992,36.84],[140.7992,36.84],[140.7992,36.84],[140.7993,36.84],[140.7993,36.84],[140.7994,36.84],[140.7995,36.8399],[140.7995,36.8399],[140.7995,36.8399],[140.7996,36.8399],[140.7996,36.8399],[140.7996,36.8399],[140.7996,36.8399],[140.7996,36.8399],[140.7996,36.8399],[140.7996,36.8399],[140.7997,36.8399],[140.7997,36.8399],[140.7998,36.8399],[140.7998,36.8399],[140.7998,36.84],[140.7998,36.84],[140.7998,36.84],[140.7999,36.84],[140.7999,36.8401],[140.7999,36.8401],[140.8,36.8401],[140.8,36.8401],[140.8,36.84],[140.8,36.84],[140.8,36.84],[140.8001,36.84],[140.8001,36.84],[140.8001,36.84],[140.8002,36.84],[140.8002,36.84],[140.8003,36.84],[140.8003,36.84],[140.8003,36.84],[140.8004,36.84],[140.8004,36.8399],[140.8004,36.8399],[140.8005,36.8399],[140.8005,36.8399],[140.8006,36.8399],[140.8006,36.8399],[140.8006,36.8399],[140.8007,36.8399],[140.8007,36.8399],[140.8007,36.8399],[140.8007,36.8399],[140.8008,36.8399],[140.8008,36.8398],[140.8009,36.8398],[140.8009,36.8398],[140.8009,36.8398],[140.8009,36.8398],[140.801,36.8398],[140.801,36.8398],[140.801,36.8398],[140.8011,36.8397],[140.8011,36.8397],[140.8011,36.8397],[140.8011,36.8397],[140.8012,36.8397],[140.8012,36.8397],[140.8012,36.8397],[140.8012,36.8397],[140.8012,36.8397],[140.8012,36.8397],[140.8012,36.8397],[140.8012,36.8397],[140.8012,36.8397],[140.8012,36.8397],[140.8012,36.8397],[140.8012,36.8397],[140.8012,36.8397],[140.8012,36.8397],[140.8012,36.8397],[140.8012,36.8397],[140.8012,36.8397],[140.8012,36.8397],[140.8012,36.8397],[140.8013,36.8397],[140.8013,36.8397],[140.8013,36.8397],[140.8013,36.8397],[140.8013,36.8397],[140.8013,36.8397],[140.8013,36.8397],[140.8013,36.8397],[140.8013,36.8397],[140.8013,36.8397],[140.8013,36.8397],[140.8013,36.8397],[140.8013,36.8397],[140.8013,36.8397],[140.8013,36.8396],[140.8013,36.8396],[140.8013,36.8396],[140.8014,36.8396],[140.8014,36.8396],[140.8014,36.8396],[140.8014,36.8396],[140.8014,36.8396],[140.8015,36.8396],[140.8015,36.8396],[140.8015,36.8396],[140.8015,36.8396],[140.8015,36.8396],[140.8015,36.8396],[140.8015,36.8396],[140.8016,36.8396],[140.8016,36.8396],[140.8016,36.8396],[140.8016,36.8396],[140.8016,36.8396],[140.8016,36.8396],[140.8016,36.8396],[140.8016,36.8396],[140.8016,36.8396],[140.8016,36.8396],[140.8016,36.8396],[140.8016,36.8396],[140.8016,36.8396],[140.8016,36.8396],[140.8017,36.8396],[140.8017,36.8396],[140.8017,36.8396],[140.8017,36.8396],[140.8017,36.8396],[140.8017,36.8396],[140.8017,36.8396],[140.8017,36.8396],[140.8018,36.8396],[140.8018,36.8396],[140.8018,36.8396],[140.8019,36.8396],[140.8019,36.8396],[140.8019,36.8396],[140.8019,36.8396],[140.8019,36.8396],[140.8019,36.8396],[140.8019,36.8396],[140.8019,36.8396],[140.802,36.8396],[140.802,36.8396],[140.802,36.8396],[140.802,36.8396],[140.802,36.8396],[140.802,36.8396],[140.802,36.8396],[140.802,36.8396],[140.802,36.8396],[140.802,36.8396],[140.802,36.8396],[140.802,36.8396],[140.802,36.8396],[140.802,36.8396],[140.802,36.8396],[140.802,36.8396],[140.802,36.8396],[140.802,36.8396],[140.802,36.8396],[140.802,36.8396],[140.802,36.8395],[140.802,36.8395],[140.802,36.8395],[140.802,36.8395],[140.802,36.8395],[140.802,36.8395],[140.802,36.8395],[140.8021,36.8395],[140.8021,36.8395],[140.8022,36.8395],[140.8022,36.8395],[140.8023,36.8395],[140.8023,36.8395],[140.8023,36.8395],[140.8023,36.8395],[140.8023,36.8395],[140.8023,36.8395],[140.8023,36.8395],[140.8023,36.8395],[140.8024,36.8394],[140.8024,36.8394],[140.8024,36.8394],[140.8024,36.8394],[140.8024,36.8394],[140.8024,36.8394],[140.8024,36.8394],[140.8024,36.8394],[140.8024,36.8394],[140.8024,36.8394],[140.8024,36.8394],[140.8024,36.8394],[140.8024,36.8394],[140.8024,36.8394],[140.8024,36.8394],[140.8024,36.8394],[140.8024,36.8394],[140.8024,36.8394],[140.8024,36.8394],[140.8024,36.8394],[140.8024,36.8394],[140.8024,36.8394],[140.8024,36.8394],[140.8024,36.8394],[140.8024,36.8393],[140.8024,36.8393],[140.8024,36.8393],[140.8024,36.8393],[140.8023,36.8392],[140.8023,36.8392],[140.8023,36.8392],[140.8023,36.8392],[140.8023,36.8393],[140.8023,36.8393],[140.8022,36.8392],[140.8022,36.8392],[140.8022,36.8392],[140.8022,36.8392],[140.8022,36.8391],[140.8022,36.8391],[140.8022,36.8391],[140.8022,36.839],[140.8022,36.839],[140.8022,36.839],[140.8022,36.839],[140.8021,36.839],[140.8021,36.839],[140.8021,36.839],[140.8021,36.839],[140.8021,36.839],[140.8021,36.8389],[140.8021,36.8389],[140.8021,36.8389],[140.8021,36.8389],[140.802,36.8389],[140.802,36.8389],[140.8019,36.8389],[140.8019,36.8389],[140.8019,36.8389],[140.8019,36.8389],[140.8018,36.8389],[140.8018,36.8389],[140.8018,36.8389],[140.8018,36.8389],[140.8018,36.8388],[140.8018,36.8388],[140.8018,36.8388],[140.8018,36.8388],[140.8018,36.8388],[140.8018,36.8388],[140.8018,36.8388],[140.8018,36.8388],[140.8017,36.8388],[140.8017,36.8388],[140.8017,36.8388],[140.8017,36.8388],[140.8017,36.8387],[140.8017,36.8387],[140.8018,36.8387],[140.8018,36.8387],[140.8018,36.8387],[140.8018,36.8387],[140.8018,36.8387],[140.8018,36.8387],[140.8018,36.8386],[140.8019,36.8385],[140.8019,36.8385],[140.802,36.8385],[140.8021,36.8384],[140.8021,36.8383],[140.8021,36.8383],[140.8021,36.8383],[140.8021,36.8383],[140.8021,36.8383],[140.8022,36.8383],[140.8022,36.8383],[140.8022,36.8383],[140.8022,36.8383],[140.8022,36.8383],[140.8022,36.8383],[140.8023,36.8383],[140.8023,36.8383],[140.8023,36.8383],[140.8023,36.8383],[140.8023,36.8383],[140.8023,36.8383],[140.8024,36.8383],[140.8024,36.8383],[140.8024,36.8383],[140.8024,36.8383],[140.8024,36.8383],[140.8024,36.8383],[140.8024,36.8383],[140.8024,36.8383],[140.8024,36.8383],[140.8024,36.8383],[140.8024,36.8383],[140.8024,36.8383],[140.8024,36.8383],[140.8024,36.8383],[140.8025,36.8383],[140.8025,36.8383],[140.8025,36.8383],[140.8025,36.8383],[140.8025,36.8383],[140.8025,36.8383],[140.8026,36.8383],[140.8026,36.8383],[140.8026,36.8383],[140.8026,36.8383],[140.8026,36.8383],[140.8027,36.8384],[140.8027,36.8384],[140.8028,36.8383],[140.8028,36.8383],[140.8028,36.8383],[140.8028,36.8383],[140.8027,36.8383],[140.8027,36.8383],[140.8027,36.8383],[140.8027,36.8383],[140.8026,36.8382],[140.8026,36.8382],[140.8026,36.8382],[140.8026,36.8382],[140.8026,36.8382],[140.8025,36.8381],[140.8025,36.8381],[140.8025,36.8381],[140.8025,36.8381],[140.8025,36.8381],[140.8025,36.8381],[140.8025,36.8381],[140.8025,36.8381],[140.8025,36.8381],[140.8025,36.838],[140.8025,36.838],[140.8025,36.838],[140.8025,36.838],[140.8025,36.838],[140.8025,36.838],[140.8025,36.838],[140.8025,36.838],[140.8025,36.838],[140.8025,36.838],[140.8025,36.838],[140.8026,36.838],[140.8026,36.838],[140.8026,36.838],[140.8026,36.838],[140.8026,36.838],[140.8026,36.838],[140.8026,36.838],[140.8026,36.8379],[140.8026,36.8379],[140.8026,36.8379],[140.8027,36.8379],[140.8027,36.8379],[140.8027,36.8379],[140.8027,36.8379],[140.8027,36.8379],[140.8028,36.8379],[140.8028,36.8379],[140.8029,36.8379],[140.8029,36.8379],[140.8029,36.8379],[140.8029,36.8379],[140.8029,36.8379],[140.8029,36.8379],[140.8029,36.8379],[140.8029,36.8379],[140.8029,36.8379],[140.8029,36.8379],[140.8029,36.8379],[140.8029,36.8379],[140.8029,36.8379],[140.8029,36.8379],[140.8029,36.8379],[140.8029,36.8379],[140.8029,36.8379],[140.8029,36.8379],[140.8029,36.8379],[140.8029,36.8379],[140.8029,36.8379],[140.8029,36.8379],[140.8029,36.8379],[140.8029,36.8379],[140.8029,36.8379],[140.8029,36.8379],[140.8029,36.8379],[140.8029,36.8379],[140.8029,36.8379],[140.8029,36.8379],[140.8029,36.8379],[140.8029,36.8379],[140.8029,36.8379],[140.8029,36.8379],[140.8029,36.8379],[140.8029,36.8379],[140.8028,36.8378],[140.8028,36.8378],[140.8028,36.8378],[140.8028,36.8378],[140.8027,36.8377],[140.8026,36.8377],[140.8025,36.8376],[140.8024,36.8376],[140.8023,36.8376],[140.8024,36.8376],[140.8024,36.8376],[140.8024,36.8375],[140.8024,36.8375],[140.8024,36.8375],[140.8024,36.8375],[140.8024,36.8375],[140.8024,36.8374],[140.8024,36.8374],[140.8024,36.8374],[140.8025,36.8374],[140.8025,36.8373],[140.8025,36.8373],[140.8025,36.8373],[140.8025,36.8373],[140.8025,36.8373],[140.8025,36.8373],[140.8025,36.8373],[140.8024,36.8372],[140.8024,36.8372],[140.8024,36.8372],[140.8025,36.8372],[140.8025,36.8372],[140.8025,36.8372],[140.8025,36.8372],[140.8026,36.8372],[140.8026,36.8372],[140.8026,36.8372],[140.8026,36.8372],[140.8026,36.8372],[140.8026,36.8372],[140.8027,36.8372],[140.8027,36.8372],[140.8027,36.8372],[140.8027,36.8372],[140.8027,36.8372],[140.8027,36.8372],[140.8027,36.8372],[140.8027,36.8372],[140.8027,36.8372],[140.8027,36.8371],[140.8027,36.8371],[140.8027,36.8371],[140.8027,36.8371],[140.8027,36.8371],[140.8028,36.8371],[140.8028,36.8371],[140.8028,36.8371],[140.8028,36.8371],[140.8028,36.8371],[140.8028,36.8371],[140.8028,36.8371],[140.8028,36.8371],[140.8028,36.8371],[140.8028,36.8371],[140.8028,36.8371],[140.8029,36.8371],[140.8029,36.8371],[140.8029,36.8372],[140.8029,36.8372],[140.8029,36.8372],[140.8029,36.8372],[140.8029,36.8372],[140.8029,36.8372],[140.803,36.8372],[140.803,36.8372],[140.8031,36.8372],[140.8031,36.8371],[140.8032,36.8371],[140.8032,36.8371],[140.8032,36.8371],[140.8032,36.8371],[140.8032,36.8371],[140.8032,36.8371],[140.8033,36.8371],[140.8033,36.8372],[140.8033,36.8372],[140.8033,36.8372],[140.8033,36.8372],[140.8033,36.8372],[140.8033,36.8372],[140.8033,36.8372],[140.8033,36.8372],[140.8033,36.8372],[140.8033,36.8372],[140.8033,36.8372],[140.8033,36.8372],[140.8033,36.8372],[140.8033,36.8372],[140.8034,36.8372],[140.8034,36.8372],[140.8034,36.8372],[140.8034,36.8372],[140.8034,36.8372],[140.8034,36.8372],[140.8034,36.8372],[140.8034,36.8372],[140.8034,36.8372],[140.8034,36.8372],[140.8034,36.8372],[140.8034,36.8372],[140.8034,36.8372],[140.8034,36.8372],[140.8035,36.8372],[140.8035,36.8372],[140.8035,36.8372],[140.8035,36.8372],[140.8035,36.8372],[140.8035,36.8372],[140.8035,36.8372],[140.8035,36.8372],[140.8036,36.8372],[140.8036,36.8371],[140.8036,36.8371],[140.8037,36.8371],[140.8037,36.8371],[140.8037,36.8371],[140.8037,36.8371],[140.8037,36.8371],[140.8037,36.8371],[140.8037,36.8371],[140.8037,36.8371],[140.8037,36.8371],[140.8037,36.8371],[140.8037,36.8371],[140.8037,36.8371],[140.8037,36.8371],[140.8037,36.8371],[140.8037,36.8371],[140.8037,36.8371],[140.8037,36.8371],[140.8037,36.8371],[140.8037,36.8371],[140.8037,36.8371],[140.8037,36.8371],[140.8037,36.8371],[140.8037,36.8371],[140.8037,36.8371],[140.8037,36.8371],[140.8037,36.8371],[140.8037,36.8371],[140.8038,36.837],[140.8038,36.837],[140.8038,36.837],[140.8038,36.837],[140.8038,36.837],[140.8038,36.837],[140.8038,36.837],[140.8038,36.837],[140.8037,36.837],[140.8037,36.837],[140.8037,36.837],[140.8037,36.837],[140.8037,36.8369],[140.8037,36.8369],[140.8037,36.8369],[140.8037,36.8369],[140.8037,36.8369],[140.8037,36.8369],[140.8037,36.8369],[140.8037,36.8369],[140.8036,36.8369],[140.8036,36.8369],[140.8036,36.8369],[140.8036,36.8369],[140.8036,36.8369],[140.8036,36.8369],[140.8036,36.8369],[140.8036,36.8369],[140.8036,36.8369],[140.8036,36.8369],[140.8036,36.8369],[140.8036,36.8369],[140.8036,36.8369],[140.8036,36.8369],[140.8036,36.8369],[140.8036,36.8369],[140.8036,36.8369],[140.8036,36.8369],[140.8036,36.8369],[140.8035,36.8369],[140.8035,36.8369],[140.8035,36.8369],[140.8035,36.8369],[140.8034,36.8368],[140.8033,36.8368],[140.8033,36.8368],[140.8033,36.8368],[140.8033,36.8368],[140.8032,36.8368],[140.8032,36.8368],[140.8032,36.8368],[140.803,36.8368],[140.8029,36.8367],[140.8028,36.8367],[140.8027,36.8367],[140.8026,36.8366],[140.8026,36.8366],[140.8026,36.8366],[140.8026,36.8366],[140.8026,36.8366],[140.8026,36.8366],[140.8026,36.8366],[140.8026,36.8366],[140.8026,36.8366],[140.8026,36.8366],[140.8026,36.8366],[140.8026,36.8366],[140.8026,36.8365],[140.8026,36.8365],[140.8026,36.8365],[140.8026,36.8365],[140.8026,36.8365],[140.8026,36.8365],[140.8026,36.8365],[140.8026,36.8365],[140.8026,36.8365],[140.8026,36.8365],[140.8026,36.8365],[140.8026,36.8364],[140.8026,36.8364],[140.8027,36.8364],[140.8027,36.8364],[140.8027,36.8364],[140.8027,36.8364],[140.8027,36.8364],[140.8027,36.8364],[140.8027,36.8364],[140.8028,36.8364],[140.8029,36.8363],[140.803,36.8363],[140.803,36.8363],[140.803,36.8363],[140.803,36.8363],[140.803,36.8363],[140.803,36.8363],[140.803,36.8363],[140.803,36.8363],[140.803,36.8363],[140.803,36.8363],[140.803,36.8363],[140.803,36.8363],[140.803,36.8363],[140.803,36.8363],[140.803,36.8363],[140.803,36.8363],[140.803,36.8363],[140.803,36.8363],[140.803,36.8363],[140.803,36.8363],[140.803,36.8363],[140.803,36.8363],[140.803,36.8362],[140.803,36.8362],[140.803,36.8362],[140.803,36.8362],[140.803,36.8362],[140.803,36.8362],[140.803,36.8362],[140.803,36.8362],[140.8029,36.8362],[140.8029,36.8362],[140.8029,36.8361],[140.8028,36.8361],[140.8028,36.8361],[140.8028,36.8361],[140.8027,36.8361],[140.8027,36.8361],[140.8027,36.8361],[140.8027,36.8361],[140.8026,36.8361],[140.8026,36.8361],[140.8026,36.8361],[140.8026,36.836],[140.8026,36.836],[140.8026,36.836],[140.8026,36.836],[140.8025,36.836],[140.8025,36.836],[140.8025,36.836],[140.8025,36.836],[140.8025,36.836],[140.8025,36.836],[140.8025,36.836],[140.8025,36.836],[140.8025,36.836],[140.8025,36.836],[140.8025,36.836],[140.8025,36.8359],[140.8025,36.8358],[140.8025,36.8358],[140.8025,36.8358],[140.8025,36.8358],[140.8025,36.8358],[140.8025,36.8358],[140.8025,36.8358],[140.8025,36.8358],[140.8025,36.8358],[140.8026,36.8357],[140.8026,36.8357],[140.8026,36.8357],[140.8026,36.8357],[140.8027,36.8356],[140.8027,36.8356],[140.8027,36.8356],[140.8027,36.8356],[140.8027,36.8356],[140.8028,36.8356],[140.8028,36.8356],[140.8028,36.8356],[140.8028,36.8356],[140.8028,36.8356],[140.8028,36.8356],[140.8028,36.8356],[140.8028,36.8356],[140.8028,36.8356],[140.8029,36.8356],[140.803,36.8356],[140.8031,36.8357],[140.8031,36.8357],[140.8031,36.8357],[140.8032,36.8357],[140.8033,36.8357],[140.8033,36.8357],[140.8034,36.8357],[140.8034,36.8357],[140.8035,36.8357],[140.8035,36.8357],[140.8035,36.8358],[140.8036,36.8358],[140.8036,36.8358],[140.8036,36.8358],[140.8036,36.8358],[140.8036,36.8358],[140.8036,36.8358],[140.8036,36.8358],[140.8036,36.8358],[140.8036,36.8358],[140.8036,36.8358],[140.8036,36.8358],[140.8036,36.8358],[140.8036,36.8358],[140.8036,36.8358],[140.8036,36.8359],[140.8037,36.8359],[140.8037,36.8359],[140.8037,36.8359],[140.8037,36.8359],[140.8037,36.8359],[140.8037,36.8359],[140.8037,36.8359],[140.8037,36.8359],[140.8037,36.8359],[140.8037,36.8359],[140.8037,36.836],[140.8038,36.836],[140.8038,36.836],[140.8038,36.836],[140.8038,36.836],[140.8038,36.836],[140.8038,36.836],[140.8039,36.836],[140.8039,36.836],[140.8039,36.836],[140.8039,36.836],[140.8039,36.836],[140.8039,36.836],[140.8039,36.836],[140.8039,36.836],[140.804,36.836],[140.804,36.836],[140.804,36.836],[140.804,36.836],[140.804,36.836],[140.804,36.836],[140.804,36.836],[140.804,36.836],[140.8041,36.836],[140.8041,36.836],[140.8041,36.836],[140.8041,36.836],[140.8041,36.836],[140.8041,36.836],[140.8041,36.836],[140.8041,36.836],[140.8041,36.836],[140.8041,36.836],[140.8042,36.836],[140.8042,36.836],[140.8042,36.836],[140.8042,36.836],[140.8042,36.836],[140.8042,36.8359],[140.8042,36.8359],[140.8042,36.8359],[140.8042,36.8359],[140.8042,36.8359],[140.8042,36.8359],[140.8041,36.8359],[140.8041,36.8358],[140.8041,36.8357],[140.8041,36.8357],[140.8041,36.8356],[140.8041,36.8356],[140.8041,36.8355],[140.8041,36.8355],[140.8041,36.8355],[140.8041,36.8355],[140.804,36.8354],[140.804,36.8354],[140.804,36.8353],[140.8039,36.8353],[140.8038,36.8352],[140.8038,36.8352],[140.8038,36.8352],[140.8038,36.8352],[140.8038,36.8352],[140.8038,36.8352],[140.8038,36.8352],[140.8038,36.8352],[140.8038,36.8352],[140.8038,36.8352],[140.8038,36.8352],[140.8038,36.8352],[140.8038,36.8352],[140.8038,36.8352],[140.8038,36.8352],[140.8037,36.8352],[140.8037,36.8352],[140.8037,36.8352],[140.8037,36.8352],[140.8037,36.8351],[140.8037,36.8351],[140.8037,36.8351],[140.8037,36.835],[140.8037,36.835],[140.8036,36.835],[140.8036,36.835],[140.8036,36.835],[140.8036,36.8349],[140.8036,36.8349],[140.8036,36.8349],[140.8036,36.8349],[140.8036,36.8349],[140.8036,36.8349],[140.8036,36.8349],[140.8036,36.8349],[140.8036,36.8349],[140.8036,36.8349],[140.8035,36.8348],[140.8035,36.8348],[140.8035,36.8348],[140.8035,36.8348],[140.8035,36.8348],[140.8035,36.8348],[140.8035,36.8348],[140.8035,36.8348],[140.8035,36.8348],[140.8035,36.8348],[140.8035,36.8348],[140.8034,36.8348],[140.8034,36.8348],[140.8034,36.8348],[140.8034,36.8348],[140.8034,36.8348],[140.8034,36.8347],[140.8034,36.8347],[140.8034,36.8347],[140.8034,36.8347],[140.8034,36.8347],[140.8034,36.8347],[140.8034,36.8347],[140.8034,36.8347],[140.8034,36.8347],[140.8034,36.8347],[140.8034,36.8347],[140.8034,36.8347],[140.8034,36.8346],[140.8034,36.8346],[140.8033,36.8345],[140.8031,36.8345],[140.803,36.8345],[140.803,36.8345],[140.803,36.8345],[140.803,36.8345],[140.803,36.8345],[140.803,36.8345],[140.803,36.8345],[140.803,36.8345],[140.803,36.8345],[140.803,36.8345],[140.803,36.8344],[140.8029,36.8344],[140.8029,36.8344],[140.8029,36.8344],[140.8029,36.8344],[140.8029,36.8344],[140.8029,36.8344],[140.8029,36.8344],[140.8029,36.8344],[140.8029,36.8344],[140.8029,36.8344],[140.8029,36.8344],[140.8029,36.8344],[140.8029,36.8344],[140.803,36.8344],[140.803,36.8344],[140.803,36.8344],[140.803,36.8344],[140.803,36.8344],[140.803,36.8344],[140.803,36.8344],[140.803,36.8344],[140.803,36.8344],[140.803,36.8344],[140.803,36.8344],[140.803,36.8344],[140.803,36.8344],[140.803,36.8344],[140.803,36.8344],[140.803,36.8343],[140.803,36.8343],[140.803,36.8343],[140.8029,36.8343],[140.8029,36.8343],[140.8029,36.8343],[140.8029,36.8343],[140.8029,36.8343],[140.8029,36.8342],[140.8029,36.8342],[140.8029,36.8342],[140.8029,36.8342],[140.8029,36.8342],[140.8029,36.8342],[140.8029,36.8342],[140.8029,36.8342],[140.8029,36.8342],[140.8029,36.8342],[140.8029,36.8342],[140.8029,36.8341],[140.8029,36.8341],[140.8029,36.8341],[140.803,36.8341],[140.803,36.8341],[140.803,36.834],[140.803,36.834],[140.803,36.834],[140.803,36.834],[140.803,36.834],[140.803,36.834],[140.803,36.834],[140.8031,36.834],[140.8031,36.834],[140.8031,36.834],[140.8031,36.8339],[140.8031,36.8339],[140.8031,36.8339],[140.8031,36.8339],[140.8031,36.8339],[140.8031,36.8339],[140.8031,36.8339],[140.8031,36.8339],[140.8031,36.8338],[140.8031,36.8338],[140.8031,36.8338],[140.8031,36.8338],[140.8031,36.8338],[140.8031,36.8338],[140.8031,36.8338],[140.8031,36.8338],[140.8031,36.8338],[140.8031,36.8338],[140.8031,36.8338],[140.8031,36.8338],[140.8031,36.8338],[140.8031,36.8338],[140.8031,36.8338],[140.8031,36.8337],[140.8031,36.8337],[140.8031,36.8337],[140.8031,36.8337],[140.8031,36.8337],[140.8031,36.8337],[140.8031,36.8337],[140.8031,36.8337],[140.8031,36.8337],[140.8031,36.8337],[140.8031,36.8336],[140.8031,36.8336],[140.8031,36.8336],[140.8031,36.8336],[140.8032,36.8335],[140.8032,36.8335],[140.8032,36.8335],[140.8032,36.8335],[140.8032,36.8335],[140.8032,36.8335],[140.8032,36.8335],[140.8032,36.8335],[140.8032,36.8335],[140.8032,36.8335],[140.8032,36.8335],[140.8032,36.8335],[140.8032,36.8335],[140.8032,36.8335],[140.8032,36.8335],[140.8032,36.8335],[140.8032,36.8335],[140.8032,36.8335],[140.8032,36.8335],[140.8032,36.8335],[140.8034,36.8335],[140.8034,36.8335],[140.8034,36.8335],[140.8034,36.8335],[140.8034,36.8334],[140.8035,36.8334],[140.8035,36.8334],[140.8035,36.8334],[140.8035,36.8334],[140.8035,36.8334],[140.8035,36.8334],[140.8035,36.8334],[140.8035,36.8334],[140.8035,36.8334],[140.8035,36.8334],[140.8035,36.8334],[140.8035,36.8334],[140.8035,36.8334],[140.8035,36.8334],[140.8035,36.8334],[140.8035,36.8334],[140.8035,36.8334],[140.8035,36.8334],[140.8035,36.8334],[140.8035,36.8334],[140.8035,36.8334],[140.8034,36.8334],[140.8034,36.8334],[140.8034,36.8334],[140.8034,36.8334],[140.8034,36.8334],[140.8034,36.8334],[140.8034,36.8334],[140.8034,36.8334],[140.8034,36.8334],[140.8034,36.8334],[140.8034,36.8334],[140.8034,36.8333],[140.8033,36.8333],[140.8033,36.8333],[140.8033,36.8333],[140.8033,36.8334],[140.8033,36.8334],[140.8033,36.8334],[140.8033,36.8334],[140.8032,36.8334],[140.8032,36.8334],[140.8032,36.8334],[140.8032,36.8334],[140.8032,36.8334],[140.8032,36.8334],[140.8032,36.8334],[140.8032,36.8334],[140.8032,36.8334],[140.8031,36.8333],[140.8031,36.8333],[140.8031,36.8333],[140.8031,36.8333],[140.8031,36.8333],[140.8031,36.8333],[140.8031,36.8333],[140.8031,36.8333],[140.8031,36.8333],[140.8031,36.8333],[140.8032,36.8333],[140.8032,36.8333],[140.8032,36.8333],[140.8032,36.8333],[140.8032,36.8333],[140.8032,36.8333],[140.8032,36.8333],[140.8032,36.8333],[140.8032,36.8333],[140.8032,36.8333],[140.8032,36.8333],[140.8032,36.8333],[140.8032,36.8333],[140.8032,36.8333],[140.8031,36.8333],[140.8031,36.8333],[140.8031,36.8333],[140.803,36.8333],[140.803,36.8333],[140.803,36.8333],[140.803,36.8333],[140.8029,36.8333],[140.8028,36.8333],[140.8028,36.8333],[140.8028,36.8333],[140.8027,36.8333],[140.8027,36.8333],[140.8027,36.8333],[140.8027,36.8333],[140.8026,36.8333],[140.8026,36.8333],[140.8026,36.8333],[140.8025,36.8333],[140.8025,36.8333],[140.8025,36.8333],[140.8025,36.8332],[140.8025,36.8332],[140.8025,36.8332],[140.8024,36.8332],[140.8024,36.8332],[140.8024,36.8332],[140.8024,36.8331],[140.8024,36.8331],[140.8024,36.8331],[140.8023,36.833],[140.8023,36.833],[140.8023,36.833],[140.8023,36.833],[140.8023,36.8329],[140.8023,36.8329],[140.8022,36.8329],[140.8022,36.8329],[140.8023,36.8328],[140.8023,36.8328],[140.8023,36.8328],[140.8023,36.8327],[140.8023,36.8327],[140.8023,36.8327],[140.8023,36.8327],[140.8023,36.8326],[140.8023,36.8326],[140.8023,36.8326],[140.8023,36.8325],[140.8024,36.8325],[140.8024,36.8325],[140.8024,36.8324],[140.8024,36.8324],[140.8024,36.8324],[140.8024,36.8324],[140.8024,36.8324],[140.8025,36.8325],[140.8025,36.8325],[140.8026,36.8325],[140.8027,36.8326],[140.8027,36.8326],[140.8027,36.8326],[140.8027,36.8326],[140.8027,36.8326],[140.8027,36.8326],[140.8027,36.8326],[140.8027,36.8326],[140.8027,36.8326],[140.8027,36.8326],[140.8027,36.8326],[140.8027,36.8326],[140.8027,36.8326],[140.8027,36.8326],[140.8027,36.8326],[140.8027,36.8326],[140.8028,36.8326],[140.8028,36.8326],[140.8028,36.8326],[140.8028,36.8326],[140.8028,36.8326],[140.8028,36.8326],[140.8028,36.8326],[140.8028,36.8326],[140.8028,36.8326],[140.8029,36.8326],[140.8029,36.8326],[140.8029,36.8326],[140.8029,36.8326],[140.803,36.8326],[140.803,36.8325],[140.803,36.8325],[140.8031,36.8325],[140.8031,36.8324],[140.8032,36.8324],[140.8032,36.8324],[140.8032,36.8324],[140.8032,36.8324],[140.8032,36.8323],[140.8033,36.8323],[140.8033,36.8323],[140.8033,36.8323],[140.8033,36.8323],[140.8033,36.8323],[140.8034,36.8323],[140.8034,36.8323],[140.8034,36.8323],[140.8034,36.8323],[140.8036,36.8323],[140.8036,36.8323],[140.8036,36.8323],[140.8036,36.8323],[140.8036,36.8323],[140.8036,36.8323],[140.8036,36.8323],[140.8036,36.8323],[140.8036,36.8323],[140.8036,36.8323],[140.8036,36.8323],[140.8036,36.8323],[140.8036,36.8323],[140.8037,36.8323],[140.8037,36.8322],[140.8037,36.8322],[140.8037,36.8322],[140.8037,36.8322],[140.8037,36.8322],[140.8037,36.8322],[140.8037,36.8322],[140.8037,36.8322],[140.8037,36.8322],[140.8037,36.8322],[140.8037,36.8322],[140.8037,36.8321],[140.8037,36.8321],[140.8037,36.8321],[140.8037,36.8321],[140.8037,36.8321],[140.8037,36.8321],[140.8037,36.8321],[140.8037,36.8321],[140.8037,36.832],[140.8037,36.832],[140.8037,36.832],[140.8037,36.832],[140.8037,36.832],[140.8038,36.832],[140.8038,36.832],[140.8038,36.832],[140.8038,36.832],[140.8038,36.832],[140.8039,36.832],[140.8039,36.832],[140.8039,36.8319],[140.8039,36.8319],[140.8039,36.8319],[140.804,36.8319],[140.804,36.8319],[140.804,36.8319],[140.804,36.8319],[140.804,36.8319],[140.804,36.8319],[140.804,36.8319],[140.804,36.8319],[140.804,36.8319],[140.804,36.8319],[140.804,36.8319],[140.804,36.8319],[140.804,36.8319],[140.804,36.8319],[140.8041,36.8319],[140.8041,36.8319],[140.8041,36.8319],[140.8041,36.8319],[140.8041,36.8319],[140.8041,36.8319],[140.8041,36.8319],[140.8041,36.8319],[140.8041,36.8319],[140.8041,36.8319],[140.8042,36.8319],[140.8042,36.832],[140.8042,36.832],[140.8042,36.832],[140.8042,36.832],[140.8042,36.832],[140.8042,36.832],[140.8043,36.832],[140.8043,36.8321],[140.8043,36.8321],[140.8043,36.8321],[140.8044,36.8321],[140.8044,36.8321],[140.8044,36.8321],[140.8045,36.8321],[140.8045,36.8321],[140.8045,36.8321],[140.8045,36.8321],[140.8045,36.8321],[140.8045,36.8321],[140.8046,36.8321],[140.8046,36.8321],[140.8046,36.8321],[140.8046,36.8321],[140.8046,36.8321],[140.8046,36.8321],[140.8046,36.8321],[140.8046,36.8321],[140.8046,36.8321],[140.8046,36.8321],[140.8046,36.8321],[140.8047,36.8321],[140.8047,36.832],[140.8047,36.832],[140.8047,36.832],[140.8047,36.832],[140.8047,36.832],[140.8047,36.832],[140.8047,36.832],[140.8047,36.832],[140.8047,36.832],[140.8048,36.832],[140.8048,36.8319],[140.8048,36.8319],[140.8048,36.8319],[140.8048,36.8318],[140.8048,36.8318],[140.8048,36.8318],[140.8048,36.8318],[140.8048,36.8318],[140.8048,36.8318],[140.8048,36.8318],[140.8048,36.8318],[140.8048,36.8318],[140.8048,36.8318],[140.8048,36.8318],[140.8048,36.8318],[140.8049,36.8318],[140.8049,36.8318],[140.8049,36.8318],[140.8049,36.8318],[140.8049,36.8318],[140.8049,36.8318],[140.805,36.8318],[140.805,36.8317],[140.805,36.8317],[140.805,36.8317],[140.805,36.8317],[140.805,36.8317],[140.805,36.8317],[140.805,36.8317],[140.805,36.8317],[140.805,36.8317],[140.805,36.8317],[140.805,36.8317],[140.805,36.8317],[140.805,36.8316],[140.805,36.8316],[140.8051,36.8316],[140.8051,36.8316],[140.8051,36.8316],[140.8051,36.8316],[140.8051,36.8316],[140.8051,36.8316],[140.8051,36.8316],[140.8051,36.8316],[140.8051,36.8316],[140.8051,36.8316],[140.8051,36.8316],[140.8051,36.8316],[140.8051,36.8316],[140.8051,36.8315],[140.8051,36.8315],[140.8051,36.8315],[140.8052,36.8315],[140.8052,36.8315],[140.8052,36.8315],[140.8052,36.8315],[140.8052,36.8315],[140.8052,36.8315],[140.8052,36.8315],[140.8052,36.8315],[140.8052,36.8315],[140.8052,36.8315],[140.8052,36.8314],[140.8052,36.8314],[140.8053,36.8314],[140.8053,36.8314],[140.8053,36.8314],[140.8053,36.8315],[140.8053,36.8315],[140.8053,36.8315],[140.8053,36.8315],[140.8053,36.8315],[140.8054,36.8315],[140.8054,36.8315],[140.8054,36.8315],[140.8054,36.8315],[140.8054,36.8315],[140.8054,36.8315],[140.8054,36.8315],[140.8054,36.8315],[140.8055,36.8314],[140.8055,36.8314],[140.8055,36.8314],[140.8055,36.8314],[140.8055,36.8314],[140.8055,36.8314],[140.8055,36.8314],[140.8056,36.8314],[140.8056,36.8314],[140.8056,36.8314],[140.8056,36.8314],[140.8056,36.8314],[140.8057,36.8314],[140.8057,36.8314],[140.8057,36.8314],[140.8057,36.8314],[140.8057,36.8313],[140.8057,36.8313],[140.8057,36.8313],[140.8057,36.8313],[140.8057,36.8313],[140.8057,36.8313],[140.8057,36.8313],[140.8057,36.8313],[140.8057,36.8313],[140.8057,36.8313],[140.8057,36.8313],[140.8057,36.8313],[140.8057,36.8313],[140.8057,36.8313],[140.8057,36.8313],[140.8057,36.8313],[140.8057,36.8312],[140.8057,36.8312],[140.8057,36.8312],[140.8057,36.8312],[140.8057,36.8312],[140.8057,36.8312],[140.8057,36.8312],[140.8057,36.8312],[140.8057,36.8312],[140.8057,36.8312],[140.8057,36.8312],[140.8057,36.8311],[140.8057,36.8311],[140.8057,36.8311],[140.8057,36.8311],[140.8057,36.8311],[140.8057,36.831],[140.8057,36.831],[140.8057,36.831],[140.8057,36.831],[140.8056,36.831],[140.8056,36.831],[140.8056,36.831],[140.8056,36.8309],[140.8056,36.8309],[140.8056,36.8309],[140.8056,36.8309],[140.8056,36.8309],[140.8056,36.8308],[140.8056,36.8308],[140.8056,36.8308],[140.8056,36.8308],[140.8056,36.8308],[140.8056,36.8308],[140.8056,36.8308],[140.8056,36.8308],[140.8055,36.8308],[140.8055,36.8308],[140.8055,36.8308],[140.8055,36.8308],[140.8055,36.8307],[140.8055,36.8307],[140.8055,36.8307],[140.8055,36.8307],[140.8055,36.8307],[140.8055,36.8307],[140.8055,36.8307],[140.8055,36.8307],[140.8055,36.8307],[140.8055,36.8306],[140.8055,36.8306],[140.8055,36.8306],[140.8054,36.8305],[140.8053,36.8305],[140.8053,36.8304],[140.8053,36.8304],[140.8053,36.8304],[140.8053,36.8304],[140.8052,36.8303],[140.8052,36.8303],[140.8052,36.8303],[140.8052,36.8303],[140.8051,36.8303],[140.8051,36.8302],[140.8051,36.8302],[140.805,36.8302],[140.805,36.8302],[140.805,36.8302],[140.805,36.8302],[140.8049,36.8301],[140.8049,36.8301],[140.8048,36.8301],[140.8048,36.83],[140.8048,36.83],[140.8047,36.83],[140.8047,36.83],[140.8047,36.83],[140.8047,36.83],[140.8047,36.8299],[140.8047,36.8299],[140.8047,36.8299],[140.8047,36.8299],[140.8047,36.8299],[140.8048,36.8299],[140.8048,36.8299],[140.8048,36.8299],[140.8047,36.8299],[140.8047,36.8299],[140.8047,36.8298],[140.8047,36.8298],[140.8047,36.8298],[140.8046,36.8298],[140.8046,36.8298],[140.8046,36.8298],[140.8046,36.8298],[140.8045,36.8298],[140.8045,36.8298],[140.8045,36.8297],[140.8045,36.8297],[140.8045,36.8297],[140.8045,36.8297],[140.8045,36.8297],[140.8045,36.8297],[140.8044,36.8297],[140.8044,36.8297],[140.8044,36.8297],[140.8044,36.8297],[140.8044,36.8297],[140.8043,36.8297],[140.8043,36.8297],[140.8043,36.8296],[140.8043,36.8296],[140.8043,36.8296],[140.8042,36.8296],[140.8042,36.8296],[140.8042,36.8296],[140.8042,36.8296],[140.8041,36.8295],[140.8041,36.8295],[140.8041,36.8295],[140.804,36.8295],[140.804,36.8294],[140.804,36.8294],[140.804,36.8294],[140.804,36.8294],[140.8039,36.8294],[140.8039,36.8294],[140.8039,36.8294],[140.8039,36.8293],[140.8038,36.8293],[140.8038,36.8293],[140.8038,36.8293],[140.8038,36.8293],[140.8037,36.8292],[140.8037,36.8292],[140.8037,36.8292],[140.8037,36.8292],[140.8037,36.8292],[140.8037,36.8292],[140.8037,36.8292],[140.8037,36.8292],[140.8037,36.8292],[140.8037,36.8292],[140.8037,36.8292],[140.8037,36.8291],[140.8037,36.8291],[140.8036,36.8291],[140.8036,36.8291],[140.8035,36.8291],[140.8034,36.8291],[140.8034,36.8291],[140.8034,36.8291],[140.8033,36.8291],[140.8032,36.8291],[140.8031,36.8291],[140.8031,36.8291],[140.803,36.8292],[140.8029,36.8292],[140.8028,36.8292],[140.8028,36.8292],[140.8027,36.8292],[140.8026,36.8292],[140.8026,36.8293],[140.8026,36.8293],[140.8025,36.8293],[140.8025,36.8293],[140.8024,36.8293],[140.8024,36.8293],[140.8024,36.8293],[140.8024,36.8293],[140.8024,36.8293],[140.8024,36.8293],[140.8024,36.8293],[140.8024,36.8293],[140.8023,36.8293],[140.8023,36.8293],[140.8023,36.8292],[140.8023,36.8292],[140.8023,36.8292],[140.8023,36.8292],[140.8023,36.8292],[140.8022,36.8291],[140.8021,36.829],[140.802,36.829],[140.8018,36.8289],[140.8017,36.8288],[140.8016,36.8287],[140.8015,36.8286],[140.8015,36.8286],[140.8014,36.8286],[140.8014,36.8285],[140.8014,36.8285],[140.8013,36.8285],[140.8013,36.8284],[140.8012,36.8284],[140.8012,36.8284],[140.8012,36.8284],[140.8011,36.8283],[140.801,36.8282],[140.8008,36.8281],[140.8008,36.8281],[140.8007,36.8281],[140.8007,36.8281],[140.8006,36.828],[140.8006,36.828],[140.8006,36.828],[140.8005,36.8279],[140.8004,36.8279],[140.8004,36.8279],[140.8003,36.8278],[140.8002,36.8278],[140.8002,36.8277],[140.8001,36.8277],[140.8001,36.8277],[140.8,36.8277],[140.8,36.8277],[140.8,36.8277],[140.8,36.8276],[140.8,36.8276],[140.7999,36.8276],[140.7999,36.8276],[140.7999,36.8276],[140.7999,36.8276],[140.7999,36.8276],[140.7999,36.8276],[140.7999,36.8276],[140.7998,36.8276],[140.7998,36.8276],[140.7998,36.8276],[140.7998,36.8276],[140.7998,36.8276],[140.7998,36.8276],[140.7998,36.8276],[140.7997,36.8276],[140.7997,36.8276],[140.7997,36.8275],[140.7997,36.8275],[140.7997,36.8275],[140.7997,36.8275],[140.7997,36.8275],[140.7997,36.8275],[140.7997,36.8275],[140.7997,36.8275],[140.7997,36.8274],[140.7997,36.8274],[140.7997,36.8274],[140.7997,36.8274],[140.7997,36.8274],[140.7997,36.8274],[140.7997,36.8273],[140.7997,36.8273],[140.7997,36.8273],[140.7997,36.8273],[140.7997,36.8273],[140.7997,36.8273],[140.7997,36.8273],[140.7997,36.8273],[140.7997,36.8272],[140.7997,36.8272],[140.7997,36.8272],[140.7997,36.8272],[140.7997,36.8272],[140.7997,36.8272],[140.7997,36.8272],[140.7997,36.8272],[140.7997,36.8272],[140.7997,36.8271],[140.7997,36.8271],[140.7997,36.8271],[140.7997,36.8271],[140.7997,36.8271],[140.7997,36.8271],[140.7997,36.827],[140.7997,36.827],[140.7997,36.827],[140.7996,36.827],[140.7996,36.8269],[140.7996,36.8269],[140.7996,36.8269],[140.7996,36.827],[140.7996,36.827],[140.7996,36.827],[140.7996,36.827],[140.7996,36.8271],[140.7996,36.8271],[140.7995,36.8271],[140.7995,36.8271],[140.7994,36.8271],[140.7994,36.8271],[140.7994,36.8271],[140.7994,36.8271],[140.7993,36.8271],[140.7993,36.8271],[140.7993,36.8271],[140.7993,36.8271],[140.7993,36.8271],[140.7993,36.8271],[140.7993,36.8271],[140.7993,36.8271],[140.7992,36.8272],[140.7992,36.8272],[140.7992,36.8272],[140.7992,36.8272],[140.7992,36.8272],[140.7992,36.8272],[140.7992,36.8272],[140.7992,36.8272],[140.7992,36.8273],[140.7992,36.8273],[140.7992,36.8273],[140.7992,36.8273],[140.7992,36.8273],[140.7992,36.8273],[140.7992,36.8273],[140.7992,36.8273],[140.7991,36.8274],[140.7991,36.8274],[140.7991,36.8274],[140.7991,36.8274],[140.7991,36.8274],[140.7991,36.8274],[140.7991,36.8274],[140.799,36.8274],[140.799,36.8274],[140.799,36.8274],[140.799,36.8274],[140.7989,36.8274],[140.7989,36.8273],[140.7989,36.8273],[140.7989,36.8273],[140.7989,36.8273],[140.7989,36.8273],[140.7988,36.8273],[140.7988,36.8273],[140.7988,36.8273],[140.7988,36.8273],[140.7988,36.8273],[140.7988,36.8273],[140.7988,36.8273],[140.7988,36.8273],[140.7988,36.8273],[140.7988,36.8273],[140.7988,36.8273],[140.7988,36.8273],[140.7988,36.8273],[140.7988,36.8273],[140.7988,36.8273],[140.7987,36.8273],[140.7987,36.8273],[140.7987,36.8274],[140.7987,36.8274],[140.7987,36.8274],[140.7987,36.8274],[140.7986,36.8274],[140.7986,36.8275],[140.7986,36.8275],[140.7985,36.8277],[140.7985,36.8277],[140.7985,36.8277],[140.7984,36.8277],[140.7984,36.8277],[140.7983,36.8277],[140.7983,36.8277],[140.7982,36.8277],[140.7982,36.8277],[140.7982,36.8277],[140.7981,36.8277],[140.7981,36.8276],[140.798,36.8276],[140.798,36.8276],[140.798,36.8276],[140.798,36.8276],[140.7979,36.8276],[140.7979,36.8275],[140.7979,36.8275],[140.7979,36.8275],[140.7979,36.8275],[140.7978,36.8274],[140.7978,36.8274],[140.7978,36.8274],[140.7978,36.8273],[140.7978,36.8273],[140.7978,36.8273],[140.7978,36.8272],[140.7978,36.8272],[140.7978,36.8272],[140.7977,36.8272],[140.7977,36.8271],[140.7977,36.8271],[140.7977,36.8271],[140.7977,36.8271],[140.7977,36.8271],[140.7977,36.8271],[140.7977,36.827],[140.7977,36.827],[140.7977,36.827],[140.7977,36.827],[140.7977,36.827],[140.7976,36.8269],[140.7976,36.8269],[140.7976,36.8269],[140.7976,36.8269],[140.7976,36.8269],[140.7976,36.8269],[140.7976,36.8269],[140.7976,36.8269],[140.7976,36.8269],[140.7976,36.8268],[140.7976,36.8268],[140.7976,36.8268],[140.7976,36.8268],[140.7975,36.8268],[140.7975,36.8269],[140.7975,36.8269],[140.7975,36.8269],[140.7975,36.8269],[140.7975,36.8269],[140.7975,36.8268],[140.7975,36.8268],[140.7975,36.8268],[140.7975,36.8268],[140.7975,36.8268],[140.7974,36.8268],[140.7974,36.8267],[140.7974,36.8267],[140.7974,36.8267],[140.7974,36.8267],[140.7973,36.8267],[140.7973,36.8267],[140.7973,36.8267],[140.7973,36.8267],[140.7973,36.8267],[140.7972,36.8267],[140.7972,36.8267],[140.7972,36.8267],[140.7972,36.8267],[140.7972,36.8267],[140.7972,36.8266],[140.7972,36.8266],[140.7972,36.8266],[140.7972,36.8266],[140.7972,36.8266],[140.7972,36.8266],[140.7972,36.8266],[140.7972,36.8266],[140.7971,36.8266],[140.7971,36.8266],[140.7971,36.8266],[140.7971,36.8266],[140.7971,36.8266],[140.7971,36.8266],[140.7971,36.8266],[140.7971,36.8266],[140.797,36.8266],[140.797,36.8266],[140.797,36.8266],[140.797,36.8266],[140.797,36.8266],[140.797,36.8266],[140.797,36.8266],[140.797,36.8266],[140.797,36.8265],[140.797,36.8265],[140.797,36.8265],[140.797,36.8265],[140.797,36.8265],[140.797,36.8265],[140.7969,36.8265],[140.7969,36.8265],[140.7969,36.8265],[140.7969,36.8265],[140.7969,36.8265],[140.7969,36.8265],[140.7969,36.8265],[140.7969,36.8265],[140.7969,36.8265],[140.7969,36.8265],[140.7969,36.8266],[140.7969,36.8266],[140.7969,36.8266],[140.7969,36.8266],[140.7969,36.8266],[140.7968,36.8266],[140.7968,36.8266],[140.7968,36.8265],[140.7968,36.8265],[140.7968,36.8265],[140.7968,36.8265],[140.7968,36.8265],[140.7967,36.8265],[140.7967,36.8265],[140.7967,36.8265],[140.7967,36.8265],[140.7966,36.8266],[140.7966,36.8266],[140.7966,36.8266],[140.7966,36.8266],[140.7965,36.8266],[140.7965,36.8266],[140.7965,36.8266],[140.7965,36.8266],[140.7965,36.8266],[140.7964,36.8266],[140.7964,36.8266],[140.7964,36.8266],[140.7964,36.8266],[140.7964,36.8266],[140.7963,36.8266],[140.7963,36.8266],[140.7963,36.8266],[140.7963,36.8266],[140.7963,36.8266],[140.7962,36.8266],[140.7962,36.8266],[140.7962,36.8266],[140.7962,36.8266],[140.7961,36.8266],[140.7961,36.8266],[140.7961,36.8266],[140.7961,36.8266],[140.7961,36.8265],[140.796,36.8265],[140.796,36.8265],[140.796,36.8265],[140.796,36.8265],[140.796,36.8265],[140.7959,36.8265],[140.7959,36.8265],[140.7959,36.8265],[140.7959,36.8265],[140.7959,36.8265],[140.7959,36.8265],[140.7959,36.8266],[140.7958,36.8266],[140.7958,36.8266],[140.7958,36.8266],[140.7958,36.8266],[140.7958,36.8266],[140.7958,36.8266],[140.7957,36.8266],[140.7957,36.8266],[140.7957,36.8266],[140.7956,36.8266],[140.7956,36.8266],[140.7956,36.8266],[140.7956,36.8266],[140.7955,36.8266],[140.7955,36.8266],[140.7955,36.8266],[140.7955,36.8266],[140.7955,36.8266],[140.7954,36.8266],[140.7954,36.8266],[140.7954,36.8266],[140.7954,36.8266],[140.7954,36.8266],[140.7953,36.8266],[140.7953,36.8266],[140.7953,36.8266],[140.7953,36.8266],[140.7952,36.8267],[140.7952,36.8267],[140.7952,36.8267],[140.7952,36.8267],[140.7952,36.8267],[140.7951,36.8267],[140.7951,36.8267],[140.7951,36.8267],[140.7951,36.8267],[140.7951,36.8267],[140.795,36.8267],[140.795,36.8267],[140.795,36.8268],[140.795,36.8268],[140.795,36.8268],[140.794,36.8265],[140.7926,36.8261],[140.7925,36.8261],[140.7925,36.8261],[140.7925,36.8261],[140.7918,36.8277],[140.7917,36.8277],[140.7917,36.8277],[140.7908,36.8277],[140.7905,36.8276],[140.7901,36.8274],[140.7884,36.8269],[140.7884,36.827],[140.79,36.8275],[140.7906,36.8277],[140.7908,36.8278],[140.7909,36.8278],[140.7909,36.8277],[140.7917,36.8278],[140.7918,36.8278],[140.7918,36.8279],[140.7925,36.8279],[140.7934,36.828],[140.7936,36.8283],[140.7935,36.8283],[140.7936,36.8288],[140.7937,36.8288],[140.7938,36.829],[140.7935,36.8291],[140.7935,36.8291],[140.7933,36.8291],[140.7933,36.8291],[140.7931,36.8292],[140.7931,36.8292],[140.7931,36.8292],[140.7929,36.8293],[140.7928,36.8292],[140.7928,36.8292],[140.7927,36.8292],[140.7919,36.8297],[140.7918,36.8298],[140.7917,36.8298],[140.7913,36.8297],[140.7914,36.8285],[140.7909,36.8285],[140.7908,36.8298],[140.7889,36.8296],[140.789,36.828],[140.7883,36.8279],[140.7881,36.8296],[140.7861,36.8295],[140.7863,36.8273],[140.787,36.8273],[140.7871,36.8268],[140.7873,36.8268],[140.7873,36.8267],[140.7861,36.8267],[140.7862,36.8255],[140.7861,36.8255],[140.786,36.827],[140.7858,36.827],[140.7856,36.827],[140.7854,36.8255],[140.7853,36.8255],[140.7852,36.825],[140.7852,36.825],[140.7852,36.8249],[140.7852,36.8249],[140.7848,36.8249],[140.7842,36.8249],[140.7842,36.8249],[140.7848,36.8249],[140.7848,36.825],[140.7846,36.8268],[140.7833,36.8267],[140.7826,36.8267],[140.7828,36.825],[140.7828,36.8248],[140.7833,36.8248],[140.7833,36.8248],[140.7828,36.8248],[140.7825,36.8248],[140.7826,36.8237],[140.7833,36.8232],[140.7844,36.8225],[140.7843,36.8225],[140.7836,36.8229],[140.7833,36.8231],[140.7825,36.8237],[140.7824,36.8245],[140.7824,36.8245],[140.7824,36.8245],[140.7824,36.8245],[140.7823,36.8246],[140.7823,36.8246],[140.7823,36.8246],[140.7823,36.8246],[140.7823,36.8246],[140.7823,36.8247],[140.7823,36.8249],[140.7823,36.825],[140.7823,36.8254],[140.7823,36.8254],[140.7822,36.8254],[140.7822,36.8254],[140.7821,36.8254],[140.7821,36.8254],[140.782,36.8254],[140.782,36.8254],[140.782,36.8254],[140.782,36.8254],[140.7819,36.8254],[140.7819,36.8254],[140.7819,36.8254],[140.7818,36.8254],[140.7818,36.8254],[140.7818,36.8254],[140.7818,36.8254],[140.7817,36.8254],[140.7817,36.8254],[140.7817,36.8254],[140.7816,36.8254],[140.7816,36.8254],[140.7816,36.8254],[140.7816,36.8254],[140.7815,36.8254],[140.7815,36.8255],[140.7814,36.8255],[140.7814,36.8255],[140.7814,36.8255],[140.7813,36.8255],[140.7813,36.8255],[140.7813,36.8255],[140.7813,36.8255],[140.7813,36.8255],[140.7812,36.8255],[140.7812,36.8254],[140.7812,36.8254],[140.7812,36.8254],[140.7811,36.8254],[140.7811,36.8254],[140.7811,36.8254],[140.7811,36.8254],[140.781,36.8254],[140.781,36.8254],[140.781,36.8254],[140.781,36.8255],[140.7809,36.8255],[140.7809,36.8255],[140.7809,36.8255],[140.7808,36.8255],[140.7808,36.8255],[140.7808,36.8255],[140.7808,36.8255],[140.7807,36.8255],[140.7807,36.8255],[140.7807,36.8255],[140.7806,36.8255],[140.7806,36.8255],[140.7806,36.8255],[140.7805,36.8255],[140.7805,36.8255],[140.7804,36.8255],[140.7804,36.8254],[140.7804,36.8254],[140.7803,36.8254],[140.7803,36.8254],[140.7803,36.8254],[140.7802,36.8254],[140.7802,36.8254],[140.7801,36.8254],[140.7801,36.8254],[140.7801,36.8254],[140.7801,36.8254],[140.78,36.8254],[140.78,36.8254],[140.7799,36.8254],[140.7799,36.8254],[140.7799,36.8254],[140.7798,36.8254],[140.7797,36.8254],[140.7797,36.8254],[140.7797,36.8254],[140.7796,36.8254],[140.7796,36.8254],[140.7795,36.8254],[140.7795,36.8254],[140.7795,36.8254],[140.7794,36.8253],[140.7794,36.8253],[140.7793,36.8253],[140.7793,36.8253],[140.7793,36.8253],[140.7792,36.8253],[140.7792,36.8253],[140.7792,36.8253],[140.7792,36.8253],[140.7791,36.8253],[140.7791,36.8253],[140.7791,36.8253],[140.7791,36.8253],[140.779,36.8252],[140.779,36.8252],[140.779,36.8253],[140.779,36.8253],[140.779,36.8253],[140.779,36.8253],[140.779,36.8253],[140.7788,36.8252],[140.7788,36.8252],[140.7787,36.8252],[140.7787,36.8252],[140.7787,36.8251],[140.7786,36.8251],[140.7786,36.8251],[140.7786,36.8251],[140.7785,36.8251],[140.7785,36.8251],[140.7785,36.8251],[140.7784,36.8251],[140.7784,36.8251],[140.7784,36.8251],[140.7784,36.8251],[140.7784,36.8251],[140.7783,36.825],[140.7783,36.825],[140.7782,36.825],[140.7782,36.825],[140.7782,36.825],[140.7781,36.825],[140.7781,36.825],[140.778,36.825],[140.7779,36.8251],[140.7779,36.8251],[140.7779,36.8251],[140.7777,36.8251],[140.7777,36.825],[140.7776,36.825],[140.7776,36.825],[140.7776,36.825],[140.7775,36.825],[140.7775,36.825],[140.7774,36.825],[140.7774,36.825],[140.7774,36.825],[140.7773,36.825],[140.7773,36.825],[140.7773,36.8249],[140.7772,36.8249],[140.7772,36.8249],[140.7772,36.8249],[140.7771,36.8249],[140.7771,36.8249],[140.7771,36.8249],[140.777,36.8248],[140.777,36.8248],[140.777,36.8248],[140.777,36.8248],[140.7769,36.8248],[140.7769,36.8248],[140.7769,36.8248],[140.7768,36.8248],[140.7768,36.8247],[140.7767,36.8247],[140.7766,36.8247],[140.7766,36.8247],[140.7765,36.8247],[140.7765,36.8247],[140.7764,36.8247],[140.7764,36.8247],[140.7764,36.8246],[140.7763,36.8246],[140.7763,36.8246],[140.7762,36.8246],[140.776,36.8245],[140.7758,36.8244],[140.7758,36.8244],[140.7758,36.8244],[140.7758,36.8244],[140.7757,36.8244],[140.7757,36.8244],[140.7757,36.8244],[140.7757,36.8244],[140.7756,36.8243],[140.7756,36.8243],[140.7756,36.8243],[140.7756,36.8243],[140.7755,36.8243],[140.7755,36.8243],[140.7755,36.8242],[140.7754,36.8242],[140.7754,36.8242],[140.7754,36.8242],[140.7754,36.8242],[140.7753,36.8242],[140.7753,36.8242],[140.7753,36.8242],[140.7752,36.8241],[140.7752,36.8241],[140.7751,36.8241],[140.7751,36.8241],[140.7751,36.8241],[140.7751,36.824],[140.7751,36.824],[140.775,36.824],[140.775,36.824],[140.775,36.824],[140.775,36.824],[140.775,36.824],[140.7749,36.824],[140.7749,36.824],[140.7749,36.8239],[140.7748,36.8239],[140.7748,36.8239],[140.7748,36.8239],[140.7748,36.8239],[140.7747,36.8238],[140.7747,36.8238],[140.7746,36.8238],[140.7746,36.8238],[140.7746,36.8238],[140.7746,36.8237],[140.7745,36.8237],[140.7745,36.8237],[140.7745,36.8237],[140.7744,36.8237],[140.7744,36.8237],[140.7743,36.8236],[140.7743,36.8236],[140.7743,36.8236],[140.7742,36.8236],[140.7742,36.8236],[140.7742,36.8236],[140.7742,36.8235],[140.7741,36.8235],[140.7741,36.8235],[140.7741,36.8235],[140.7741,36.8235],[140.774,36.8234],[140.774,36.8234],[140.774,36.8234],[140.7739,36.8234],[140.7739,36.8234],[140.7739,36.8234],[140.7739,36.8234],[140.7738,36.8233],[140.7738,36.8233],[140.7738,36.8233],[140.7738,36.8233],[140.7737,36.8233],[140.7737,36.8232],[140.7737,36.8232],[140.7736,36.8232],[140.7736,36.8232],[140.7735,36.8232],[140.7735,36.8231],[140.7735,36.8231],[140.7735,36.8231],[140.7734,36.8231],[140.7734,36.823],[140.7734,36.823],[140.7733,36.823],[140.7733,36.823],[140.7733,36.823],[140.7732,36.823],[140.7732,36.8229],[140.7732,36.8229],[140.7732,36.8229],[140.7732,36.8229],[140.7732,36.8229],[140.7732,36.8229],[140.7731,36.8229],[140.7731,36.8228],[140.7731,36.8228],[140.7731,36.8228],[140.773,36.8228],[140.773,36.8227],[140.773,36.8227],[140.7729,36.8227],[140.7729,36.8227],[140.7729,36.8226],[140.7728,36.8226],[140.7728,36.8226],[140.7728,36.8226],[140.7728,36.8226],[140.7727,36.8225],[140.7727,36.8225],[140.7727,36.8225],[140.7727,36.8225],[140.7727,36.8225],[140.7726,36.8225],[140.7726,36.8224],[140.7726,36.8224],[140.7725,36.8224],[140.7725,36.8223],[140.7725,36.8223],[140.7725,36.8223],[140.7725,36.8223],[140.7724,36.8223],[140.7724,36.8222],[140.7724,36.8222],[140.7724,36.8222],[140.7723,36.8222],[140.7723,36.8222],[140.7723,36.8221],[140.7723,36.8221],[140.7722,36.822],[140.7722,36.822],[140.7722,36.822],[140.7722,36.822],[140.7722,36.822],[140.7721,36.8219],[140.7721,36.8219],[140.7721,36.8219],[140.772,36.8219],[140.772,36.8218],[140.772,36.8218],[140.7719,36.8217],[140.7719,36.8217],[140.7718,36.8217],[140.7718,36.8217],[140.7718,36.8216],[140.7718,36.8216],[140.7718,36.8216],[140.7717,36.8216],[140.7717,36.8216],[140.7717,36.8215],[140.7716,36.8215],[140.7716,36.8215],[140.7716,36.8214],[140.7715,36.8214],[140.7715,36.8213],[140.7714,36.8213],[140.7714,36.8213],[140.7714,36.8213],[140.7714,36.8212],[140.7714,36.8212],[140.7713,36.8212],[140.7713,36.8212],[140.7712,36.8211],[140.7712,36.8211],[140.7712,36.821],[140.7711,36.821],[140.7711,36.821],[140.7711,36.821],[140.7711,36.821],[140.7711,36.8209],[140.771,36.8209],[140.771,36.8209],[140.771,36.8209],[140.771,36.8208],[140.771,36.8208],[140.7709,36.8208],[140.7709,36.8208],[140.7709,36.8207],[140.7709,36.8207],[140.7708,36.8207],[140.7708,36.8207],[140.7708,36.8207],[140.7708,36.8207],[140.7708,36.8206],[140.7708,36.8206],[140.7707,36.8206],[140.7707,36.8206],[140.7707,36.8206],[140.7707,36.8205],[140.7707,36.8205],[140.7706,36.8205],[140.7706,36.8205],[140.7706,36.8204],[140.7706,36.8204],[140.7705,36.8204],[140.7705,36.8204],[140.7705,36.8203],[140.7705,36.8203],[140.7705,36.8203],[140.7705,36.8203],[140.7705,36.8203],[140.7704,36.8203],[140.7704,36.8202],[140.7704,36.8202],[140.7704,36.8202],[140.7703,36.8202],[140.7703,36.8202],[140.7703,36.8202],[140.7703,36.8201],[140.7703,36.8201],[140.7703,36.8201],[140.7703,36.8201],[140.7702,36.82],[140.7702,36.82],[140.7702,36.82],[140.7702,36.82],[140.7701,36.82],[140.7701,36.8199],[140.7701,36.8199],[140.7701,36.8199],[140.7701,36.8199],[140.77,36.8199],[140.77,36.8198],[140.77,36.8198],[140.77,36.8198],[140.7699,36.8197],[140.7699,36.8197],[140.7699,36.8197],[140.7699,36.8197],[140.7699,36.8197],[140.7698,36.8196],[140.7698,36.8196],[140.7698,36.8196],[140.7698,36.8196],[140.7697,36.8196],[140.7697,36.8195],[140.7697,36.8195],[140.7697,36.8195],[140.7696,36.8195],[140.7696,36.8195],[140.7696,36.8194],[140.7696,36.8194],[140.7695,36.8194],[140.7695,36.8194],[140.7695,36.8193],[140.7695,36.8193],[140.7695,36.8193],[140.7694,36.8193],[140.7694,36.8192],[140.7694,36.8192],[140.7693,36.8192],[140.7693,36.8192],[140.7693,36.8191],[140.7693,36.8191],[140.7693,36.8191],[140.7693,36.8191],[140.7692,36.8191],[140.7692,36.819],[140.7692,36.819],[140.7692,36.819],[140.7691,36.819],[140.7691,36.8189],[140.7691,36.8189],[140.7691,36.8189],[140.7691,36.8189],[140.769,36.8188],[140.769,36.8188],[140.769,36.8188],[140.7689,36.8188],[140.7689,36.8187],[140.7689,36.8187],[140.7688,36.8187],[140.7688,36.8187],[140.7688,36.8186],[140.7687,36.8186],[140.7687,36.8186],[140.7687,36.8185],[140.7686,36.8185],[140.7686,36.8184],[140.7686,36.8184],[140.7686,36.8184],[140.7686,36.8184],[140.7685,36.8184],[140.7685,36.8184],[140.7685,36.8183],[140.7685,36.8183],[140.7685,36.8183],[140.7684,36.8183],[140.7684,36.8182],[140.7684,36.8182],[140.7684,36.8182],[140.7683,36.8182],[140.7683,36.8181],[140.7683,36.8181],[140.7683,36.8181],[140.7683,36.8181],[140.7683,36.8181],[140.7683,36.818],[140.7683,36.818],[140.7682,36.818],[140.7682,36.818],[140.7682,36.818],[140.7681,36.8179],[140.7681,36.8179],[140.7681,36.8179],[140.7681,36.8178],[140.768,36.8178],[140.768,36.8178],[140.768,36.8177],[140.7679,36.8177],[140.7679,36.8176],[140.7679,36.8176],[140.7679,36.8176],[140.7679,36.8175],[140.7679,36.8175],[140.7678,36.8175],[140.7678,36.8175],[140.7678,36.8174],[140.7678,36.8174],[140.7678,36.8174],[140.7678,36.8173],[140.7678,36.8173],[140.7678,36.8172],[140.7678,36.8172],[140.7677,36.8172],[140.7677,36.8172],[140.7677,36.8171],[140.7677,36.8171],[140.7676,36.8171],[140.7676,36.8171],[140.7676,36.817],[140.7676,36.817],[140.7675,36.817],[140.7675,36.8169],[140.7675,36.8169],[140.7675,36.8169],[140.7675,36.8169],[140.7675,36.8169],[140.7674,36.8168],[140.7674,36.8168],[140.7674,36.8168],[140.7674,36.8168],[140.7674,36.8167],[140.7674,36.8167],[140.7674,36.8167],[140.7673,36.8167],[140.7673,36.8166],[140.7673,36.8166],[140.7673,36.8166],[140.7673,36.8165],[140.7672,36.8165],[140.7672,36.8165],[140.7672,36.8165],[140.7672,36.8165],[140.7672,36.8165],[140.7672,36.8164],[140.7672,36.8164],[140.7671,36.8164],[140.7671,36.8164],[140.7671,36.8164],[140.7671,36.8163],[140.7671,36.8163],[140.7671,36.8163],[140.7671,36.8162],[140.767,36.8162],[140.767,36.8162],[140.767,36.8162],[140.767,36.8162],[140.767,36.8162],[140.767,36.8161],[140.767,36.8161],[140.767,36.8161],[140.767,36.8161],[140.767,36.816],[140.7669,36.816],[140.7669,36.816],[140.7669,36.8159],[140.7669,36.8159],[140.7669,36.8159],[140.7669,36.8158],[140.7669,36.8158],[140.7668,36.8158],[140.7668,36.8158],[140.7668,36.8157],[140.7668,36.8157],[140.7668,36.8157],[140.7668,36.8157],[140.7668,36.8156],[140.7667,36.8156],[140.7667,36.8155],[140.7667,36.8155],[140.7667,36.8155],[140.7667,36.8154],[140.7667,36.8154],[140.7667,36.8154],[140.7666,36.8154],[140.7666,36.8153],[140.7666,36.8153],[140.7666,36.8152],[140.7666,36.8152],[140.7665,36.8152],[140.7665,36.8151],[140.7665,36.8151],[140.7665,36.8151],[140.7665,36.8151],[140.7665,36.815],[140.7665,36.815],[140.7665,36.815],[140.7665,36.815],[140.7665,36.815],[140.7665,36.815],[140.7665,36.815],[140.7664,36.815],[140.7664,36.815],[140.7664,36.815],[140.7664,36.8149],[140.7664,36.8149],[140.7663,36.8149],[140.7663,36.8148],[140.7663,36.8148],[140.7663,36.8148],[140.7663,36.8148],[140.7662,36.8147],[140.7662,36.8147],[140.7662,36.8147],[140.7662,36.8146],[140.7661,36.8146],[140.7661,36.8146],[140.7661,36.8146],[140.7661,36.8146],[140.7661,36.8146],[140.7661,36.8145],[140.7661,36.8145],[140.7661,36.8145],[140.7661,36.8145],[140.766,36.8144],[140.766,36.8144],[140.766,36.8144],[140.766,36.8144],[140.766,36.8143],[140.766,36.8143],[140.766,36.8143],[140.766,36.8143],[140.7659,36.8143],[140.766,36.8143],[140.766,36.8142],[140.766,36.8142],[140.766,36.8142],[140.766,36.8142],[140.766,36.8142],[140.766,36.8142],[140.7659,36.8141],[140.7659,36.8141],[140.7659,36.8141],[140.7659,36.8141],[140.7659,36.814],[140.7658,36.814],[140.7658,36.814],[140.7658,36.814],[140.7658,36.8139],[140.7657,36.8139],[140.7657,36.8139],[140.7657,36.8139],[140.7657,36.8138],[140.7657,36.8138],[140.7657,36.8138],[140.7657,36.8138],[140.7656,36.8138],[140.7656,36.8137],[140.7656,36.8137],[140.7656,36.8137],[140.7656,36.8137],[140.7656,36.8136],[140.7656,36.8136],[140.7655,36.8136],[140.7655,36.8136],[140.7655,36.8136],[140.7655,36.8135],[140.7655,36.8135],[140.7655,36.8135],[140.7655,36.8135],[140.7655,36.8134],[140.7655,36.8134],[140.7655,36.8134],[140.7654,36.8134],[140.7654,36.8134],[140.7654,36.8134],[140.7654,36.8133],[140.7654,36.8133],[140.7654,36.8132],[140.7653,36.8132],[140.7653,36.8132],[140.7653,36.8132],[140.7653,36.8131],[140.7652,36.813],[140.7652,36.813],[140.7652,36.813],[140.7652,36.813],[140.7652,36.8129],[140.7652,36.8129],[140.7652,36.8129],[140.7651,36.8129],[140.7651,36.8128],[140.7651,36.8128],[140.7651,36.8128],[140.765,36.8127],[140.765,36.8127],[140.765,36.8127],[140.765,36.8126],[140.765,36.8126],[140.765,36.8126],[140.765,36.8125],[140.7649,36.8125],[140.7649,36.8125],[140.7649,36.8124],[140.7649,36.8124],[140.7649,36.8124],[140.7648,36.8124],[140.7648,36.8123],[140.7648,36.8122],[140.7647,36.8122],[140.7647,36.8122],[140.7647,36.8121],[140.7647,36.8121],[140.7647,36.8121],[140.7647,36.8121],[140.7647,36.812],[140.7647,36.812],[140.7646,36.812],[140.7646,36.812],[140.7646,36.8119],[140.7646,36.8119],[140.7646,36.8119],[140.7646,36.8119],[140.7646,36.8118],[140.7645,36.8118],[140.7645,36.8118],[140.7645,36.8118],[140.7645,36.8118],[140.7645,36.8118],[140.7645,36.8118],[140.7645,36.8117],[140.7644,36.8117],[140.7644,36.8117],[140.7644,36.8117],[140.7644,36.8117],[140.7644,36.8117],[140.7644,36.8116],[140.7644,36.8116],[140.7644,36.8116],[140.7644,36.8115],[140.7644,36.8115],[140.7644,36.8115],[140.7644,36.8115],[140.7644,36.8114],[140.7644,36.8114],[140.7644,36.8114],[140.7644,36.8113],[140.7644,36.8113],[140.7643,36.8113],[140.7643,36.8113],[140.7643,36.8112],[140.7643,36.8112],[140.7643,36.8112],[140.7643,36.8112],[140.7642,36.8111],[140.7642,36.8111],[140.7642,36.8111],[140.7642,36.811],[140.7642,36.811],[140.7642,36.811],[140.7642,36.811],[140.7641,36.8109],[140.7641,36.8109],[140.7641,36.8109],[140.7641,36.8109],[140.7641,36.8108],[140.7641,36.8108],[140.7641,36.8108],[140.7641,36.8108],[140.7641,36.8107],[140.764,36.8107],[140.764,36.8106],[140.764,36.8106],[140.764,36.8106],[140.764,36.8106],[140.764,36.8105],[140.764,36.8105],[140.764,36.8105],[140.7639,36.8105],[140.7639,36.8105],[140.7639,36.8104],[140.7639,36.8104],[140.7639,36.8104],[140.7639,36.8104],[140.7639,36.8104],[140.7639,36.8104],[140.7639,36.8105],[140.7639,36.8104],[140.7639,36.8104],[140.7638,36.8104],[140.7638,36.8104],[140.7638,36.8104],[140.7638,36.8104],[140.7638,36.8104],[140.7638,36.8103],[140.7638,36.8103],[140.7638,36.8103],[140.7637,36.8103],[140.7637,36.8102],[140.7637,36.8102],[140.7637,36.8102],[140.7637,36.8102],[140.7637,36.8101],[140.7636,36.8101],[140.7636,36.8101],[140.7636,36.81],[140.7636,36.81],[140.7636,36.81],[140.7636,36.8099],[140.7636,36.8099],[140.7636,36.8099],[140.7635,36.8099],[140.7635,36.8098],[140.7635,36.8098],[140.7635,36.8098],[140.7635,36.8098],[140.7635,36.8098],[140.7635,36.8097],[140.7635,36.8097],[140.7635,36.8097],[140.7635,36.8097],[140.7635,36.8096],[140.7635,36.8096],[140.7635,36.8096],[140.7635,36.8096],[140.7635,36.8095],[140.7635,36.8095],[140.7634,36.8095],[140.7634,36.8094],[140.7634,36.8094],[140.7634,36.8094],[140.7634,36.8094],[140.7634,36.8093],[140.7633,36.8093],[140.7633,36.8093],[140.7633,36.8093],[140.7633,36.8092],[140.7633,36.8092],[140.7633,36.8092],[140.7632,36.8092],[140.7632,36.8091],[140.7632,36.8091],[140.7632,36.8091],[140.7632,36.8091],[140.7632,36.809],[140.7632,36.809],[140.7632,36.809],[140.7631,36.809],[140.7631,36.8089],[140.7631,36.8089],[140.7631,36.8089],[140.7631,36.8088],[140.7631,36.8088],[140.763,36.8088],[140.763,36.8088],[140.763,36.8088],[140.763,36.8087],[140.763,36.8087],[140.7629,36.8087],[140.7629,36.8086],[140.7629,36.8086],[140.7629,36.8086],[140.7629,36.8085],[140.7628,36.8085],[140.7628,36.8084],[140.7628,36.8084],[140.7628,36.8084],[140.7628,36.8084],[140.7628,36.8084],[140.7628,36.8084],[140.7628,36.8084],[140.7628,36.8083],[140.7628,36.8083],[140.7628,36.8083],[140.7628,36.8083],[140.7627,36.8083],[140.7627,36.8082],[140.7627,36.8082],[140.7627,36.8082],[140.7627,36.8081],[140.7627,36.8081],[140.7627,36.8081],[140.7627,36.8081],[140.7627,36.8081],[140.7627,36.8081],[140.7627,36.8081],[140.7627,36.808],[140.7627,36.808],[140.7626,36.808],[140.7626,36.808],[140.7626,36.8079],[140.7626,36.8079],[140.7626,36.8079],[140.7626,36.8078],[140.7626,36.8078],[140.7626,36.8078],[140.7626,36.8078],[140.7626,36.8078],[140.7626,36.8078],[140.7626,36.8078],[140.7626,36.8077],[140.7625,36.8077],[140.7625,36.8077],[140.7625,36.8077],[140.7625,36.8077],[140.7625,36.8077],[140.7625,36.8076],[140.7625,36.8076],[140.7625,36.8076],[140.7625,36.8076],[140.7625,36.8076],[140.7625,36.8076],[140.7625,36.8076],[140.7625,36.8076],[140.7625,36.8076],[140.7625,36.8075],[140.7624,36.8075],[140.7624,36.8075],[140.7624,36.8075],[140.7624,36.8075],[140.7624,36.8075],[140.7624,36.8075],[140.7624,36.8074],[140.7624,36.8074],[140.7624,36.8074],[140.7624,36.8074],[140.7624,36.8074],[140.7624,36.8074],[140.7624,36.8073],[140.7624,36.8073],[140.7624,36.8073],[140.7623,36.8073],[140.7623,36.8073],[140.7623,36.8073],[140.7623,36.8072],[140.7623,36.8072],[140.7623,36.8072],[140.7623,36.8072],[140.7623,36.8072],[140.7623,36.8071],[140.7623,36.8071],[140.7623,36.8071],[140.7622,36.8071],[140.7622,36.8071],[140.7622,36.807],[140.7622,36.807],[140.7622,36.807],[140.7622,36.807],[140.7622,36.8069],[140.7622,36.8069],[140.7622,36.8069],[140.7621,36.8069],[140.7621,36.8069],[140.7621,36.8068],[140.7621,36.8068],[140.7621,36.8068],[140.7621,36.8067],[140.7621,36.8067],[140.7621,36.8067],[140.7621,36.8067],[140.7621,36.8067],[140.7621,36.8066],[140.7621,36.8066],[140.7621,36.8066],[140.762,36.8066],[140.762,36.8065],[140.762,36.8065],[140.762,36.8065],[140.762,36.8065],[140.762,36.8065],[140.762,36.8064],[140.762,36.8064],[140.762,36.8064],[140.762,36.8064],[140.762,36.8064],[140.7619,36.8063],[140.7619,36.8063],[140.7619,36.8063],[140.7619,36.8062],[140.7619,36.8062],[140.7619,36.8062],[140.7619,36.8062],[140.7619,36.8061],[140.7619,36.8061],[140.7619,36.8061],[140.7619,36.8061],[140.7619,36.8061],[140.7619,36.806],[140.7618,36.806],[140.7618,36.806],[140.7618,36.806],[140.7618,36.806],[140.7618,36.8059],[140.7618,36.8059],[140.7618,36.8059],[140.7618,36.8059],[140.7618,36.8059],[140.7618,36.8058],[140.7617,36.8058],[140.7617,36.8058],[140.7617,36.8058],[140.7617,36.8057],[140.7617,36.8057],[140.7617,36.8057],[140.7616,36.8057],[140.7616,36.8057],[140.7616,36.8056],[140.7616,36.8056],[140.7616,36.8056],[140.7616,36.8056],[140.7616,36.8056],[140.7616,36.8055],[140.7616,36.8055],[140.7616,36.8055],[140.7616,36.8055],[140.7616,36.8054],[140.7615,36.8054],[140.7615,36.8054],[140.7615,36.8054],[140.7615,36.8054],[140.7615,36.8054],[140.7615,36.8054],[140.7615,36.8054],[140.7615,36.8053],[140.7615,36.8053],[140.7615,36.8053],[140.7615,36.8053],[140.7615,36.8053],[140.7615,36.8053],[140.7615,36.8052],[140.7615,36.8052],[140.7615,36.8052],[140.7614,36.8051],[140.7613,36.8052],[140.7612,36.8053],[140.7611,36.8053],[140.7611,36.8053],[140.7611,36.8053],[140.761,36.8053],[140.761,36.8053],[140.761,36.8053],[140.7609,36.8053],[140.7609,36.8053],[140.7609,36.8053],[140.7608,36.8053],[140.7608,36.8054],[140.7608,36.8054],[140.7608,36.8054],[140.7607,36.8054],[140.7607,36.8054],[140.7607,36.8054],[140.7607,36.8054],[140.7607,36.8054],[140.7606,36.8053],[140.7606,36.8053],[140.7606,36.8053],[140.7606,36.8053],[140.7606,36.8053],[140.7607,36.8053],[140.7607,36.8053],[140.7607,36.8053],[140.7607,36.8053],[140.7607,36.8053],[140.7607,36.8053],[140.7608,36.8053],[140.7608,36.8053],[140.7608,36.8053],[140.7608,36.8053],[140.7608,36.8053],[140.7608,36.8053],[140.7608,36.8053],[140.7608,36.8053],[140.7609,36.8053],[140.7609,36.8053],[140.7609,36.8053],[140.7609,36.8053],[140.7609,36.8053],[140.7609,36.8053],[140.7609,36.8053],[140.761,36.8053],[140.761,36.8053],[140.761,36.8053],[140.761,36.8053],[140.761,36.8053],[140.761,36.8053],[140.761,36.8053],[140.7611,36.8053],[140.7611,36.8053],[140.7611,36.8053],[140.7611,36.8053],[140.7611,36.8053],[140.7611,36.8053],[140.7611,36.8053],[140.7611,36.8052],[140.7611,36.8052],[140.7611,36.8052],[140.7611,36.8052],[140.7611,36.8052],[140.7611,36.8052],[140.7611,36.8052],[140.7611,36.8052],[140.7611,36.8052],[140.7611,36.8051],[140.7611,36.8051],[140.7611,36.8051],[140.761,36.8051],[140.761,36.8051],[140.761,36.8051],[140.761,36.8051],[140.761,36.805],[140.761,36.805],[140.761,36.805],[140.761,36.805],[140.761,36.805],[140.761,36.805],[140.7609,36.8049],[140.7609,36.8049],[140.7609,36.8049],[140.7609,36.8049],[140.7609,36.8049],[140.7609,36.8048],[140.7609,36.8048],[140.7609,36.8048],[140.7609,36.8048],[140.7609,36.8048],[140.7609,36.8047],[140.7609,36.8047],[140.7609,36.8047],[140.7609,36.8047],[140.7609,36.8047],[140.7609,36.8047],[140.7609,36.8046],[140.7609,36.8046],[140.7609,36.8046],[140.7609,36.8046],[140.7609,36.8046],[140.7609,36.8046],[140.7609,36.8045],[140.7609,36.8045],[140.7609,36.8045],[140.7609,36.8045],[140.7609,36.8045],[140.7608,36.8045],[140.7608,36.8044],[140.7608,36.8044],[140.7608,36.8044],[140.7608,36.8044],[140.7608,36.8043],[140.7608,36.8043],[140.7608,36.8043],[140.7608,36.8043],[140.7608,36.8043],[140.7608,36.8042],[140.7608,36.8042],[140.7608,36.8042],[140.7608,36.8042],[140.7608,36.8041],[140.7608,36.8041],[140.7608,36.8041],[140.7607,36.8041],[140.7607,36.8041],[140.7607,36.8041],[140.7607,36.804],[140.7607,36.804],[140.7607,36.804],[140.7607,36.804],[140.7607,36.804],[140.7607,36.8039],[140.7607,36.8039],[140.7607,36.8039],[140.7606,36.8039],[140.7606,36.8039],[140.7606,36.8039],[140.7606,36.8038],[140.7606,36.8038],[140.7606,36.8038],[140.7606,36.8038],[140.7606,36.8037],[140.7606,36.8037],[140.7606,36.8037],[140.7605,36.8036],[140.7605,36.8036],[140.7605,36.8036],[140.7605,36.8036],[140.7605,36.8036],[140.7605,36.8036],[140.7605,36.8035],[140.7605,36.8035],[140.7605,36.8035],[140.7604,36.8035],[140.7604,36.8035],[140.7604,36.8035],[140.7604,36.8034],[140.7604,36.8034],[140.7604,36.8034],[140.7604,36.8034],[140.7604,36.8034],[140.7604,36.8033],[140.7604,36.8033],[140.7604,36.8033],[140.7603,36.8033],[140.7603,36.8033],[140.7603,36.8033],[140.7603,36.8033],[140.7603,36.8032],[140.7603,36.8032],[140.7603,36.8032],[140.7603,36.8032],[140.7603,36.8031],[140.7603,36.8031],[140.7603,36.8031],[140.7602,36.8031],[140.7602,36.8031],[140.7602,36.803],[140.7602,36.803],[140.7602,36.803],[140.7602,36.803],[140.7602,36.803],[140.7602,36.803],[140.7602,36.803],[140.7602,36.8029],[140.7601,36.8029],[140.7601,36.8029],[140.7601,36.8029],[140.7601,36.8029],[140.7601,36.8028],[140.7601,36.8028],[140.7601,36.8028],[140.7601,36.8028],[140.7601,36.8028],[140.7601,36.8027],[140.7601,36.8027],[140.76,36.8027],[140.76,36.8027],[140.76,36.8027],[140.76,36.8027],[140.76,36.8026],[140.76,36.8026],[140.76,36.8026],[140.76,36.8026],[140.76,36.8026],[140.76,36.8025],[140.76,36.8025],[140.76,36.8025],[140.76,36.8025],[140.76,36.8025],[140.76,36.8025],[140.76,36.8024],[140.76,36.8024],[140.76,36.8024],[140.76,36.8024],[140.76,36.8024],[140.76,36.8024],[140.76,36.8023],[140.76,36.8023],[140.76,36.8023],[140.76,36.8023],[140.7599,36.8023],[140.7599,36.8023],[140.7599,36.8022],[140.7599,36.8022],[140.7599,36.8022],[140.7599,36.8022],[140.7599,36.8022],[140.7599,36.8022],[140.7599,36.8022],[140.7599,36.8021],[140.7599,36.8021],[140.7599,36.8021],[140.7599,36.8021],[140.7598,36.8021],[140.7598,36.8021],[140.7598,36.8021],[140.7598,36.8021],[140.7598,36.802],[140.7598,36.802],[140.7598,36.802],[140.7598,36.802],[140.7598,36.802],[140.7597,36.8019],[140.7597,36.8019],[140.7597,36.8019],[140.7597,36.8019],[140.7597,36.8019],[140.7597,36.8019],[140.7597,36.8019],[140.7597,36.8018],[140.7597,36.8018],[140.7597,36.8018],[140.7597,36.8018],[140.7596,36.8018],[140.7596,36.8018],[140.7596,36.8017],[140.7596,36.8017],[140.7596,36.8017],[140.7596,36.8017],[140.7596,36.8017],[140.7596,36.8017],[140.7596,36.8017],[140.7596,36.8017],[140.7596,36.8016],[140.7595,36.8016],[140.7595,36.8016],[140.7595,36.8016],[140.7595,36.8016],[140.7595,36.8016],[140.7595,36.8015],[140.7595,36.8015],[140.7595,36.8015],[140.7595,36.8015],[140.7595,36.8015],[140.7595,36.8015],[140.7595,36.8015],[140.7594,36.8015],[140.7594,36.8014],[140.7594,36.8014],[140.7594,36.8014],[140.7594,36.8014],[140.7594,36.8014],[140.7594,36.8014],[140.7594,36.8014],[140.7594,36.8014],[140.7594,36.8013],[140.7594,36.8013],[140.7594,36.8013],[140.7594,36.8013],[140.7594,36.8013],[140.7594,36.8013],[140.7594,36.8013],[140.7594,36.8013],[140.7594,36.8013],[140.7594,36.8013],[140.7594,36.8012],[140.7594,36.8012],[140.7594,36.8012],[140.7594,36.8012],[140.7594,36.8012],[140.7594,36.8012],[140.7594,36.8012],[140.7594,36.8012],[140.7593,36.8012],[140.7593,36.8012],[140.7593,36.8012],[140.7593,36.8012],[140.7593,36.8012],[140.7593,36.8012],[140.7593,36.8012],[140.7593,36.8011],[140.7593,36.8011],[140.7593,36.8011],[140.7592,36.8011],[140.7592,36.8011],[140.7592,36.801],[140.7592,36.801],[140.7592,36.801],[140.7592,36.801],[140.7592,36.8009],[140.7592,36.8009],[140.7592,36.8009],[140.7592,36.8008],[140.7592,36.8008],[140.7592,36.8008],[140.7592,36.8008],[140.7592,36.8007],[140.7592,36.8007],[140.7592,36.8007],[140.7592,36.8007],[140.7591,36.8007],[140.7591,36.8006],[140.7591,36.8006],[140.7591,36.8006],[140.7591,36.8005],[140.7591,36.8005],[140.7591,36.8005],[140.7591,36.8005],[140.7591,36.8005],[140.7591,36.8004],[140.7591,36.8004],[140.7591,36.8004],[140.7591,36.8004],[140.7591,36.8003],[140.7591,36.8003],[140.7591,36.8003],[140.7591,36.8003],[140.7591,36.8003],[140.759,36.8003],[140.759,36.8002],[140.759,36.8002],[140.759,36.8002],[140.759,36.8002],[140.759,36.8002],[140.759,36.8002],[140.759,36.8002],[140.759,36.8002],[140.759,36.8002],[140.759,36.8002],[140.759,36.8002],[140.759,36.8002],[140.759,36.8002],[140.7589,36.8002],[140.7589,36.8002],[140.7589,36.8002],[140.7589,36.8003],[140.7589,36.8003],[140.7589,36.8003],[140.7589,36.8003],[140.7589,36.8003],[140.7589,36.8003],[140.7589,36.8003],[140.7588,36.8003],[140.7588,36.8003],[140.7588,36.8003],[140.7588,36.8002],[140.7588,36.8002],[140.7588,36.8002],[140.7588,36.8002],[140.7588,36.8002],[140.7588,36.8002],[140.7588,36.8002],[140.7588,36.8002],[140.7588,36.8002],[140.7588,36.8002],[140.7588,36.8002],[140.7588,36.8002],[140.7588,36.8002],[140.7588,36.8003],[140.7588,36.8003],[140.7588,36.8003],[140.7587,36.8003],[140.7587,36.8002],[140.7587,36.8002],[140.7587,36.8002],[140.7587,36.8002],[140.7587,36.8002],[140.7587,36.8002],[140.7587,36.8002],[140.7587,36.8002],[140.7587,36.8002],[140.7586,36.8002],[140.7586,36.8002],[140.7586,36.8001],[140.7586,36.8001],[140.7586,36.8001],[140.7586,36.8001],[140.7585,36.8001],[140.7585,36.8],[140.7585,36.8],[140.7585,36.8],[140.7585,36.8],[140.7585,36.8],[140.7584,36.8],[140.7584,36.8],[140.7584,36.7999],[140.7584,36.7999],[140.7584,36.7999],[140.7583,36.7999],[140.7583,36.7999],[140.7583,36.7999],[140.7583,36.7999],[140.7583,36.7999],[140.7583,36.7999],[140.7583,36.7999],[140.7583,36.7999],[140.7583,36.7999],[140.7583,36.7999],[140.7583,36.7999],[140.7582,36.7999],[140.7582,36.7999],[140.7582,36.7999],[140.7582,36.7999],[140.7582,36.7999],[140.7582,36.7999],[140.7582,36.7999],[140.7582,36.7999],[140.7582,36.7999],[140.7582,36.7999],[140.7582,36.7999],[140.7582,36.7999],[140.7582,36.7999],[140.7582,36.7999],[140.7582,36.7999],[140.7581,36.7999],[140.7581,36.7999],[140.7581,36.7999],[140.7581,36.7999],[140.7581,36.7999],[140.7581,36.7999],[140.7581,36.7999],[140.7581,36.7999],[140.7581,36.7999],[140.7581,36.7999],[140.7581,36.7999],[140.7581,36.7999],[140.7579,36.7999],[140.7578,36.8],[140.7578,36.7999],[140.7579,36.7998],[140.7581,36.7998],[140.7581,36.7998],[140.7581,36.7998],[140.7581,36.7998],[140.7581,36.7998],[140.7581,36.7998],[140.7581,36.7998],[140.7581,36.7998],[140.7581,36.7998],[140.7582,36.7998],[140.7582,36.7998],[140.7582,36.7998],[140.7582,36.7998],[140.7582,36.7998],[140.7582,36.7999],[140.7582,36.7999],[140.7582,36.7999],[140.7582,36.7999],[140.7582,36.7999],[140.7582,36.7999],[140.7582,36.7999],[140.7583,36.7999],[140.7583,36.7999],[140.7583,36.7999],[140.7583,36.7999],[140.7583,36.7999],[140.7583,36.7999],[140.7583,36.7999],[140.7583,36.7999],[140.7583,36.7999],[140.7583,36.7999],[140.7583,36.7999],[140.7583,36.7999],[140.7583,36.7999],[140.7583,36.7999],[140.7584,36.7999],[140.7584,36.7999],[140.7584,36.7999],[140.7584,36.7999],[140.7584,36.7999],[140.7584,36.7999],[140.7584,36.7999],[140.7584,36.7999],[140.7584,36.7999],[140.7584,36.7999],[140.7584,36.7999],[140.7585,36.7999],[140.7585,36.7999],[140.7585,36.8],[140.7585,36.8],[140.7585,36.8],[140.7585,36.8],[140.7585,36.8],[140.7585,36.8],[140.7585,36.8],[140.7585,36.8],[140.7585,36.8],[140.7585,36.8],[140.7586,36.8],[140.7586,36.8],[140.7586,36.8],[140.7586,36.8],[140.7586,36.8001],[140.7586,36.8001],[140.7586,36.8001],[140.7586,36.8001],[140.7586,36.8001],[140.7586,36.8001],[140.7586,36.8001],[140.7586,36.8001],[140.7586,36.8001],[140.7587,36.8001],[140.7587,36.8001],[140.7587,36.8002],[140.7587,36.8002],[140.7587,36.8002],[140.7587,36.8002],[140.7587,36.8002],[140.7587,36.8002],[140.7587,36.8002],[140.7587,36.8002],[140.7587,36.8002],[140.7587,36.8002],[140.7587,36.8002],[140.7587,36.8002],[140.7588,36.8002],[140.7588,36.8002],[140.7588,36.8002],[140.7588,36.8002],[140.7588,36.8002],[140.7588,36.8002],[140.7588,36.8002],[140.7588,36.8002],[140.7588,36.8002],[140.7588,36.8002],[140.7588,36.8002],[140.7588,36.8002],[140.7588,36.8002],[140.7588,36.8002],[140.7589,36.8002],[140.7589,36.8002],[140.7589,36.8002],[140.7589,36.8002],[140.7589,36.8002],[140.7589,36.8002],[140.7589,36.8002],[140.7589,36.8002],[140.7589,36.8002],[140.7589,36.8002],[140.7589,36.8002],[140.759,36.8002],[140.759,36.8002],[140.759,36.8002],[140.759,36.8002],[140.759,36.8002],[140.759,36.8002],[140.759,36.8002],[140.759,36.8002],[140.759,36.8001],[140.759,36.8001],[140.759,36.8001],[140.759,36.8001],[140.759,36.8001],[140.759,36.8001],[140.759,36.8001],[140.759,36.8001],[140.759,36.8001],[140.759,36.8],[140.759,36.8],[140.759,36.8],[140.759,36.8],[140.759,36.8],[140.759,36.8],[140.759,36.7999],[140.7589,36.7999],[140.7589,36.7999],[140.7589,36.7998],[140.7589,36.7998],[140.7589,36.7998],[140.7589,36.7998],[140.7589,36.7998],[140.7588,36.7997],[140.7588,36.7997],[140.7588,36.7997],[140.7588,36.7997],[140.7588,36.7997],[140.7588,36.7996],[140.7588,36.7996],[140.7588,36.7996],[140.7587,36.7996],[140.7587,36.7996],[140.7587,36.7995],[140.7587,36.7995],[140.7587,36.7995],[140.7587,36.7994],[140.7586,36.7994],[140.7586,36.7994],[140.7586,36.7994],[140.7586,36.7993],[140.7586,36.7993],[140.7586,36.7993],[140.7586,36.7993],[140.7586,36.7993],[140.7585,36.7992],[140.7585,36.7992],[140.7585,36.7992],[140.7585,36.7992],[140.7585,36.7991],[140.7585,36.7991],[140.7585,36.7991],[140.7585,36.7991],[140.7585,36.799],[140.7585,36.799],[140.7585,36.799],[140.7584,36.799],[140.7584,36.799],[140.7584,36.799],[140.7584,36.7989],[140.7584,36.7989],[140.7584,36.7989],[140.7584,36.7989],[140.7584,36.7989],[140.7584,36.7988],[140.7584,36.7988],[140.7584,36.7988],[140.7584,36.7988],[140.7584,36.7988],[140.7584,36.7987],[140.7584,36.7987],[140.7584,36.7987],[140.7584,36.7987],[140.7584,36.7986],[140.7584,36.7986],[140.7584,36.7986],[140.7584,36.7986],[140.7584,36.7986],[140.7584,36.7985],[140.7584,36.7985],[140.7584,36.7985],[140.7584,36.7985],[140.7584,36.7985],[140.7584,36.7985],[140.7584,36.7984],[140.7584,36.7984],[140.7584,36.7984],[140.7584,36.7983],[140.7584,36.7983],[140.7584,36.7983],[140.7584,36.7983],[140.7584,36.7983],[140.7584,36.7982],[140.7584,36.7982],[140.7584,36.7982],[140.7584,36.7982],[140.7584,36.7982],[140.7584,36.7981],[140.7584,36.7981],[140.7584,36.7981],[140.7584,36.7981],[140.7584,36.798],[140.7584,36.798],[140.7584,36.798],[140.7583,36.798],[140.7583,36.798],[140.7583,36.798],[140.7583,36.7979],[140.7583,36.7979],[140.7583,36.7979],[140.7583,36.7979],[140.7583,36.7979],[140.7583,36.7979],[140.7583,36.7978],[140.7583,36.7978],[140.7583,36.7978],[140.7583,36.7978],[140.7583,36.7978],[140.7583,36.7977],[140.7582,36.7977],[140.7582,36.7977],[140.7582,36.7976],[140.7582,36.7976],[140.7582,36.7976],[140.7582,36.7976],[140.7582,36.7976],[140.7582,36.7976],[140.7582,36.7975],[140.7582,36.7975],[140.7582,36.7975],[140.7582,36.7975],[140.7582,36.7975],[140.7581,36.7975],[140.7581,36.7974],[140.7581,36.7974],[140.7581,36.7974],[140.7581,36.7974],[140.7581,36.7973],[140.7581,36.7973],[140.7581,36.7973],[140.758,36.7973],[140.758,36.7972],[140.758,36.7972],[140.758,36.7972],[140.758,36.7972],[140.758,36.7972],[140.758,36.7972],[140.758,36.7971],[140.758,36.7971],[140.7579,36.7971],[140.7579,36.7971],[140.7579,36.7971],[140.7579,36.7971],[140.7579,36.797],[140.7579,36.797],[140.7579,36.797],[140.7579,36.7969],[140.7579,36.7969],[140.7579,36.7969],[140.7579,36.7969],[140.7579,36.7969],[140.7579,36.7968],[140.7579,36.7968],[140.7579,36.7968],[140.7579,36.7968],[140.7579,36.7968],[140.7579,36.7968],[140.7579,36.7967],[140.7579,36.7967],[140.7579,36.7967],[140.7579,36.7967],[140.7579,36.7967],[140.7579,36.7967],[140.7579,36.7966],[140.7578,36.7966],[140.7578,36.7966],[140.7578,36.7966],[140.7578,36.7966],[140.7578,36.7966],[140.7578,36.7966],[140.7578,36.7966],[140.7578,36.7966],[140.7578,36.7966],[140.7578,36.7966],[140.7578,36.7965],[140.7578,36.7965],[140.7578,36.7965],[140.7578,36.7965],[140.7578,36.7965],[140.7578,36.7965],[140.7578,36.7964],[140.7578,36.7964],[140.7578,36.7964],[140.7578,36.7964],[140.7578,36.7963],[140.7578,36.7963],[140.7578,36.7963],[140.7578,36.7963],[140.7578,36.7962],[140.7578,36.7962],[140.7578,36.7962],[140.7578,36.7962],[140.7578,36.7962],[140.7578,36.7962],[140.7578,36.7961],[140.7578,36.7961],[140.7578,36.7961],[140.7578,36.7961],[140.7578,36.7961],[140.7578,36.796],[140.7578,36.796],[140.7578,36.796],[140.7578,36.796],[140.7578,36.796],[140.7578,36.7959],[140.7578,36.7959],[140.7577,36.7959],[140.7577,36.7959],[140.7577,36.7958],[140.7577,36.7958],[140.7577,36.7958],[140.7577,36.7958],[140.7577,36.7957],[140.7577,36.7957],[140.7577,36.7957],[140.7577,36.7957],[140.7577,36.7956],[140.7577,36.7956],[140.7577,36.7956],[140.7577,36.7956],[140.7577,36.7956],[140.7577,36.7955],[140.7577,36.7955],[140.7576,36.7955],[140.7576,36.7955],[140.7576,36.7955],[140.7576,36.7955],[140.7576,36.7954],[140.7576,36.7954],[140.7576,36.7954],[140.7576,36.7954],[140.7576,36.7954],[140.7576,36.7954],[140.7576,36.7953],[140.7576,36.7953],[140.7576,36.7953],[140.7576,36.7953],[140.7576,36.7953],[140.7576,36.7953],[140.7576,36.7953],[140.7576,36.7952],[140.7576,36.7952],[140.7576,36.7952],[140.7575,36.7952],[140.7575,36.7952],[140.7575,36.7952],[140.7575,36.7951],[140.7575,36.7951],[140.7575,36.7951],[140.7575,36.7951],[140.7575,36.7951],[140.7575,36.7951],[140.7575,36.7951],[140.7575,36.7951],[140.7575,36.795],[140.7574,36.795],[140.7574,36.795],[140.7574,36.795],[140.7574,36.795],[140.7574,36.795],[140.7574,36.7949],[140.7574,36.7949],[140.7575,36.7949],[140.7575,36.7949],[140.7575,36.7949],[140.7575,36.7949],[140.7575,36.7949],[140.7575,36.7949],[140.7575,36.7948],[140.7575,36.7948],[140.7575,36.7948],[140.7575,36.7948],[140.7575,36.7948],[140.7575,36.7948],[140.7575,36.7948],[140.7575,36.7947],[140.7575,36.7947],[140.7575,36.7947],[140.7573,36.7944],[140.7573,36.7944],[140.7573,36.7943],[140.7573,36.7943],[140.7573,36.7943],[140.7572,36.7941],[140.7572,36.7941],[140.7572,36.7941],[140.7572,36.7941],[140.7572,36.7941],[140.7572,36.7941],[140.757,36.7942],[140.757,36.7943],[140.7568,36.7944],[140.7568,36.7943],[140.7569,36.7942],[140.757,36.7941],[140.757,36.7941],[140.757,36.794],[140.757,36.794],[140.757,36.7941],[140.757,36.7941],[140.7569,36.7942],[140.7568,36.7943],[140.7567,36.7944],[140.7567,36.7945],[140.7566,36.7945],[140.7563,36.7945],[140.7559,36.7946],[140.7559,36.7946],[140.7559,36.7946],[140.7559,36.7946],[140.7558,36.7946],[140.7558,36.7946],[140.7558,36.7946],[140.7558,36.7946],[140.7558,36.7946],[140.7558,36.7945],[140.7558,36.7945],[140.7558,36.7945],[140.7557,36.7945],[140.7557,36.7945],[140.7557,36.7945],[140.7557,36.7945],[140.7557,36.7945],[140.7557,36.7945],[140.7557,36.7945],[140.7556,36.7944],[140.7556,36.7944],[140.7556,36.7944],[140.7556,36.7944],[140.7556,36.7944],[140.7556,36.7944],[140.7556,36.7944],[140.7555,36.7944],[140.7555,36.7944],[140.7555,36.7944],[140.7555,36.7944],[140.7555,36.7944],[140.7555,36.7943],[140.7555,36.7943],[140.7554,36.7943],[140.7554,36.7943],[140.7554,36.7943],[140.7554,36.7943],[140.7554,36.7943],[140.7554,36.7943],[140.7554,36.7943],[140.7554,36.7943],[140.7554,36.7943],[140.7554,36.7943],[140.7554,36.7943],[140.7553,36.7943],[140.7553,36.7943],[140.7553,36.7943],[140.7553,36.7942],[140.7553,36.7942],[140.7553,36.7942],[140.7553,36.7942],[140.7553,36.7942],[140.7553,36.7942],[140.7552,36.7942],[140.7552,36.7942],[140.7552,36.7942],[140.7552,36.7942],[140.7552,36.7942],[140.7552,36.7942],[140.7552,36.7942],[140.7551,36.7941],[140.7551,36.7941],[140.7551,36.7941],[140.7551,36.7941],[140.7551,36.7941],[140.7551,36.7941],[140.7551,36.7941],[140.7551,36.7941],[140.7551,36.7941],[140.7551,36.7941],[140.7551,36.7941],[140.7551,36.7941],[140.755,36.7941],[140.755,36.794],[140.755,36.794],[140.7549,36.7939],[140.7547,36.7937],[140.7544,36.7935],[140.7543,36.7934],[140.7541,36.7932],[140.754,36.7931],[140.754,36.793],[140.754,36.793],[140.7537,36.7927],[140.7535,36.7923],[140.7534,36.7922],[140.7531,36.7918],[140.753,36.7917],[140.753,36.7917],[140.7524,36.7906],[140.7522,36.7903],[140.7521,36.79],[140.752,36.7899],[140.752,36.7897],[140.7518,36.7895],[140.7516,36.7893],[140.7513,36.789],[140.7512,36.7889],[140.7511,36.7888],[140.7511,36.7887],[140.751,36.7886],[140.751,36.7885],[140.7511,36.7884],[140.7511,36.7883],[140.751,36.7881],[140.751,36.788],[140.7509,36.7879],[140.7508,36.7878],[140.7506,36.7877],[140.7504,36.7876],[140.7503,36.7874],[140.7502,36.7872],[140.75,36.7867],[140.75,36.7866],[140.75,36.7866],[140.7499,36.7865],[140.7498,36.7863],[140.7495,36.7861],[140.7493,36.7859],[140.7492,36.7858],[140.7492,36.7856],[140.7492,36.7852],[140.7491,36.785],[140.7491,36.785],[140.749,36.7849],[140.7487,36.7847],[140.7486,36.7846],[140.7486,36.7845],[140.7485,36.7844],[140.7483,36.7841],[140.7483,36.7841],[140.7483,36.7839],[140.7483,36.7837],[140.7482,36.7836],[140.7482,36.7834],[140.7481,36.7833],[140.7481,36.7833],[140.7481,36.7832],[140.7478,36.7829],[140.7477,36.7828],[140.7477,36.7826],[140.7477,36.7824],[140.7476,36.7822],[140.7476,36.782],[140.7475,36.7818],[140.7475,36.7818],[140.7473,36.7816],[140.7472,36.7815],[140.7471,36.7813],[140.7469,36.7808],[140.7468,36.7807],[140.7467,36.7806],[140.7465,36.7804],[140.7465,36.7803],[140.7464,36.7801],[140.7464,36.7798],[140.7464,36.7797],[140.7464,36.7795],[140.7463,36.7792],[140.7462,36.7791],[140.7462,36.779],[140.7461,36.7788],[140.7459,36.7786],[140.7459,36.7786],[140.7457,36.7784],[140.7457,36.7782],[140.7455,36.7778],[140.7455,36.7769],[140.7455,36.7768],[140.7454,36.7766],[140.7452,36.7764],[140.7452,36.7763],[140.745,36.776],[140.7448,36.7758],[140.7446,36.7756],[140.7445,36.7754],[140.7444,36.7753],[140.7444,36.775],[140.7444,36.775],[140.7444,36.7749],[140.7445,36.7745],[140.7444,36.7744],[140.7444,36.7743],[140.7441,36.7741],[140.744,36.774],[140.7439,36.7739],[140.7438,36.7738],[140.7437,36.7736],[140.7437,36.7734],[140.7438,36.7731],[140.7438,36.773],[140.7438,36.7729],[140.7436,36.7726],[140.7434,36.7723],[140.7433,36.7721],[140.7432,36.7719],[140.7431,36.7717],[140.743,36.7716],[140.7429,36.7714],[140.7429,36.7713],[140.7429,36.771],[140.7428,36.7709],[140.7427,36.7705],[140.7426,36.7703],[140.7424,36.77],[140.7423,36.7698],[140.7421,36.7694],[140.742,36.7691],[140.742,36.7688],[140.742,36.7684],[140.742,36.7683],[140.7419,36.7681],[140.7417,36.7678],[140.7417,36.7677],[140.7417,36.7676],[140.7417,36.7676],[140.7416,36.7676],[140.7413,36.7667],[140.7412,36.7667],[140.7412,36.7666],[140.741,36.7662],[140.7409,36.7659],[140.7408,36.7655],[140.7407,36.7653],[140.7405,36.765],[140.7404,36.7649],[140.7403,36.7647],[140.7401,36.7644],[140.7399,36.764],[140.7397,36.7636],[140.7396,36.7633],[140.7394,36.7628],[140.7392,36.7625],[140.7391,36.7623],[140.739,36.762],[140.7389,36.7619],[140.7389,36.7619],[140.7389,36.7618],[140.7389,36.7618],[140.7388,36.7617],[140.7388,36.7615],[140.7386,36.7611],[140.7386,36.761],[140.7385,36.7606],[140.7383,36.7601],[140.7382,36.7596],[140.7381,36.7594],[140.7381,36.7591],[140.7381,36.759],[140.738,36.7588],[140.7378,36.7585],[140.7377,36.7583],[140.7377,36.7583],[140.7377,36.7583],[140.7375,36.7577],[140.7374,36.7576],[140.7372,36.7573],[140.7371,36.7571],[140.737,36.757],[140.7369,36.7568],[140.7369,36.7567],[140.7369,36.7565],[140.7369,36.7563],[140.7369,36.7562],[140.7366,36.7558],[140.7364,36.7555],[140.7363,36.7553],[140.7357,36.7542],[140.7356,36.754],[140.7354,36.7534],[140.7353,36.7532],[140.7353,36.7531],[140.735,36.7526],[140.7348,36.7521],[140.7348,36.7521],[140.7344,36.751],[140.7343,36.751],[140.7336,36.7501],[140.7335,36.75],[140.7335,36.75],[140.7335,36.7499],[140.7335,36.7498],[140.7334,36.7496],[140.7334,36.7494],[140.7334,36.7492],[140.7333,36.7492],[140.7332,36.7489],[140.7332,36.7489],[140.7332,36.7489],[140.7332,36.7488],[140.7332,36.7488],[140.7332,36.7488],[140.7332,36.7488],[140.7332,36.7487],[140.7332,36.7487],[140.7332,36.7487],[140.7331,36.7487],[140.7331,36.7486],[140.7331,36.7486],[140.7331,36.7486],[140.733,36.7485],[140.733,36.7483],[140.7329,36.7481],[140.7328,36.7479],[140.7328,36.7476],[140.7327,36.7474],[140.7326,36.7472],[140.7325,36.747],[140.7324,36.7468],[140.7324,36.7466],[140.7323,36.7465],[140.7322,36.7461],[140.7321,36.7458],[140.732,36.7457],[140.7319,36.7455],[140.7319,36.7454],[140.7319,36.7453],[140.7318,36.7452],[140.7318,36.7451],[140.7317,36.7448],[140.7316,36.7446],[140.7315,36.7445],[140.7314,36.7443],[140.7314,36.7441],[140.7313,36.7438],[140.7312,36.7436],[140.731,36.7432],[140.7309,36.743],[140.7308,36.7429],[140.7307,36.7428],[140.7307,36.7427],[140.7306,36.7427],[140.7306,36.7424],[140.7306,36.7424],[140.7306,36.7423],[140.7307,36.7422],[140.7306,36.742],[140.7306,36.7418],[140.7306,36.7417],[140.7306,36.7417],[140.7304,36.7412],[140.7303,36.7408],[140.7302,36.7404],[140.7302,36.7402],[140.7302,36.7401],[140.7302,36.74],[140.7301,36.74],[140.7301,36.74],[140.7301,36.7399],[140.7301,36.7398],[140.73,36.7397],[140.73,36.7397],[140.73,36.7397],[140.73,36.7396],[140.73,36.7396],[140.73,36.7395],[140.7299,36.7395],[140.7299,36.7394],[140.7299,36.7394],[140.7299,36.7393],[140.7299,36.7393],[140.7299,36.7392],[140.7299,36.7391],[140.7298,36.739],[140.7298,36.739],[140.7298,36.7389],[140.7298,36.7389],[140.7298,36.7388],[140.7298,36.7388],[140.7297,36.7387],[140.7297,36.7387],[140.7297,36.7386],[140.7297,36.7386],[140.7297,36.7385],[140.7297,36.7385],[140.7297,36.7384],[140.7296,36.7383],[140.7296,36.7383],[140.7296,36.7382],[140.7296,36.7381],[140.7296,36.7381],[140.7296,36.738],[140.7296,36.738],[140.7296,36.7379],[140.7295,36.7379],[140.7295,36.7378],[140.7295,36.7377],[140.7295,36.7377],[140.7295,36.7376],[140.7295,36.7376],[140.7295,36.7375],[140.7295,36.7374],[140.7295,36.7374],[140.7295,36.7373],[140.7295,36.7373],[140.7295,36.7372],[140.7294,36.7372],[140.7294,36.7371],[140.7294,36.7371],[140.7294,36.737],[140.7294,36.737],[140.7294,36.7369],[140.7294,36.7368],[140.7293,36.7368],[140.7293,36.7367],[140.7293,36.7367],[140.7293,36.7366],[140.7293,36.7366],[140.7293,36.7365],[140.7293,36.7365],[140.7293,36.7364],[140.7293,36.7364],[140.7293,36.7363],[140.7293,36.7363],[140.7293,36.7362],[140.7293,36.7362],[140.7293,36.7361],[140.7293,36.7361],[140.7293,36.736],[140.7293,36.736],[140.7293,36.7359],[140.7293,36.7359],[140.7293,36.7358],[140.7292,36.7357],[140.7292,36.7357],[140.7292,36.7356],[140.7292,36.7356],[140.7292,36.7355],[140.7292,36.7355],[140.7292,36.7354],[140.7291,36.7354],[140.7291,36.7353],[140.7291,36.7353],[140.7291,36.7353],[140.7291,36.7352],[140.7291,36.7351],[140.7291,36.7351],[140.7291,36.735],[140.7291,36.735],[140.7291,36.7349],[140.7291,36.7349],[140.7291,36.7349],[140.729,36.7348],[140.729,36.7348],[140.729,36.7347],[140.729,36.7347],[140.729,36.7346],[140.729,36.7346],[140.7289,36.7346],[140.7289,36.7346],[140.7289,36.7346],[140.7289,36.7345],[140.7289,36.7345],[140.7289,36.7345],[140.729,36.7345],[140.729,36.7345],[140.729,36.7345],[140.729,36.7345],[140.729,36.7345],[140.729,36.7345],[140.729,36.7344],[140.729,36.7344],[140.729,36.7344],[140.729,36.7343],[140.729,36.7343],[140.7289,36.7342],[140.7289,36.7342],[140.7289,36.7341],[140.7289,36.734],[140.7289,36.734],[140.7289,36.7339],[140.7289,36.7338],[140.7289,36.7337],[140.7289,36.7337],[140.7289,36.7337],[140.7289,36.7336],[140.7288,36.7336],[140.7288,36.7335],[140.7288,36.7335],[140.7288,36.7334],[140.7288,36.7333],[140.7288,36.7333],[140.7288,36.7333],[140.7288,36.7333],[140.7288,36.7332],[140.7288,36.7331],[140.7288,36.7331],[140.7288,36.733],[140.7288,36.7329],[140.7287,36.7329],[140.7287,36.7328],[140.7287,36.7328],[140.7287,36.7327],[140.7287,36.7327],[140.7287,36.7326],[140.7287,36.7326],[140.7287,36.7325],[140.7287,36.7324],[140.7287,36.7324],[140.7287,36.7323],[140.7287,36.7323],[140.7287,36.7322],[140.7287,36.7322],[140.7286,36.7321],[140.7286,36.7321],[140.7286,36.732],[140.7286,36.732],[140.7286,36.7319],[140.7286,36.7318],[140.7286,36.7318],[140.7286,36.7317],[140.7286,36.7317],[140.7286,36.7316],[140.7286,36.7316],[140.7286,36.7315],[140.7285,36.7314],[140.7285,36.7314],[140.7285,36.7313],[140.7285,36.7313],[140.7285,36.7312],[140.7285,36.7311],[140.7285,36.7311],[140.7284,36.731],[140.7284,36.7309],[140.7284,36.7309],[140.7284,36.7308],[140.7284,36.7308],[140.7284,36.7307],[140.7284,36.7307],[140.7284,36.7307],[140.7284,36.7307],[140.7284,36.7306],[140.7284,36.7306],[140.7284,36.7305],[140.7284,36.7305],[140.7284,36.7305],[140.7284,36.7304],[140.7284,36.7304],[140.7284,36.7303],[140.7284,36.7303],[140.7284,36.7302],[140.7284,36.7302],[140.7284,36.7301],[140.7284,36.7301],[140.7284,36.73],[140.7284,36.73],[140.7284,36.7299],[140.7284,36.7299],[140.7284,36.7298],[140.7283,36.7298],[140.7283,36.7298],[140.7283,36.7297],[140.7284,36.7297],[140.7284,36.7296],[140.7284,36.7295],[140.7284,36.7295],[140.7284,36.7294],[140.7284,36.7293],[140.7284,36.7292],[140.7284,36.7291],[140.7284,36.7291],[140.7284,36.729],[140.7284,36.7289],[140.7283,36.7289],[140.7283,36.7289],[140.7283,36.7288],[140.7282,36.7288],[140.7282,36.7288],[140.7282,36.7287],[140.7282,36.7287],[140.7282,36.7286],[140.7282,36.7286],[140.7282,36.7286],[140.7282,36.7285],[140.7282,36.7285],[140.7282,36.7284],[140.7282,36.7284],[140.7282,36.7283],[140.7282,36.7283],[140.7282,36.7282],[140.7282,36.7282],[140.7282,36.7282],[140.7282,36.7281],[140.7282,36.7281],[140.7282,36.728],[140.7282,36.728],[140.7282,36.7279],[140.7282,36.7279],[140.7282,36.7278],[140.7282,36.7278],[140.7281,36.7277],[140.7281,36.7277],[140.7281,36.7277],[140.7281,36.7276],[140.7282,36.7276],[140.7282,36.7276],[140.7282,36.7275],[140.7282,36.7275],[140.7282,36.7275],[140.7282,36.7274],[140.7282,36.7274],[140.7282,36.7273],[140.7282,36.7273],[140.7282,36.7272],[140.7282,36.7272],[140.7282,36.7271],[140.7282,36.7271],[140.7282,36.727],[140.7282,36.727],[140.7282,36.7269],[140.7282,36.7269],[140.7282,36.7268],[140.7282,36.7268],[140.7282,36.7267],[140.7283,36.7267],[140.7283,36.7267],[140.7283,36.7266],[140.7283,36.7266],[140.7283,36.7265],[140.7283,36.7265],[140.7283,36.7264],[140.7283,36.7264],[140.7283,36.7263],[140.7283,36.7263],[140.7283,36.7262],[140.7283,36.7262],[140.7283,36.7261],[140.7283,36.7261],[140.7283,36.7261],[140.7284,36.726],[140.7284,36.7259],[140.7284,36.7259],[140.7284,36.7258],[140.7284,36.7257],[140.7284,36.7257],[140.7284,36.7256],[140.7284,36.7256],[140.7284,36.7255],[140.7284,36.7254],[140.7284,36.7254],[140.7284,36.7253],[140.7284,36.7252],[140.7284,36.7251],[140.7284,36.725],[140.7284,36.725],[140.7284,36.725],[140.7284,36.7249],[140.7284,36.7249],[140.7284,36.7248],[140.7284,36.7247],[140.7284,36.7247],[140.7284,36.7246],[140.7284,36.7246],[140.7284,36.7245],[140.7285,36.7245],[140.7285,36.7244],[140.7285,36.7244],[140.7286,36.7244],[140.7286,36.7244],[140.7286,36.7244],[140.7287,36.7243],[140.7287,36.7243],[140.7287,36.7242],[140.7287,36.7242],[140.7287,36.7242],[140.7286,36.7241],[140.7286,36.7241],[140.7286,36.724],[140.7286,36.724],[140.7286,36.7239],[140.7286,36.7239],[140.7286,36.7238],[140.7286,36.7237],[140.7286,36.7237],[140.7286,36.7236],[140.7287,36.7235],[140.7286,36.7235],[140.7286,36.7234],[140.7287,36.7233],[140.7287,36.7233],[140.7288,36.7233],[140.7289,36.7232],[140.729,36.7232],[140.729,36.7232],[140.729,36.7232],[140.7291,36.7231],[140.7291,36.7231],[140.729,36.723],[140.729,36.7229],[140.7289,36.7229],[140.7289,36.7229],[140.7288,36.7227],[140.7288,36.7226],[140.7288,36.7226],[140.7288,36.7225],[140.7287,36.7224],[140.7286,36.7223],[140.7283,36.722],[140.7282,36.7219],[140.728,36.7217],[140.728,36.7217],[140.728,36.7216],[140.728,36.7216],[140.728,36.7216],[140.728,36.7215],[140.728,36.7215],[140.728,36.7215],[140.728,36.7215],[140.728,36.7215],[140.7281,36.7215],[140.7281,36.7215],[140.7282,36.7215],[140.7283,36.7215],[140.7284,36.7215],[140.7284,36.7215],[140.7285,36.7215],[140.7285,36.7216],[140.7284,36.7216],[140.7283,36.7216],[140.7283,36.7216],[140.7283,36.7216],[140.7283,36.7216],[140.7284,36.7217],[140.7285,36.7218],[140.7285,36.7218],[140.7286,36.7219],[140.7286,36.7219],[140.7287,36.7219],[140.7287,36.7219],[140.7287,36.7218],[140.7287,36.7218],[140.7287,36.7218],[140.7287,36.7218],[140.7288,36.7217],[140.7289,36.7217],[140.7289,36.7217],[140.7289,36.7217],[140.729,36.7216],[140.7291,36.7216],[140.7291,36.7215],[140.7292,36.7215],[140.7292,36.7214],[140.7293,36.7214],[140.7293,36.7213],[140.7293,36.7212],[140.7292,36.7212],[140.7292,36.7211],[140.7291,36.7211],[140.7291,36.721],[140.729,36.721],[140.729,36.7209],[140.7289,36.7209],[140.7289,36.7209],[140.7288,36.7209],[140.7287,36.7209],[140.7286,36.7209],[140.7286,36.7209],[140.7285,36.721],[140.7285,36.721],[140.7284,36.7211],[140.7284,36.7211],[140.7283,36.721],[140.7283,36.721],[140.7282,36.721],[140.7281,36.7209],[140.7281,36.7209],[140.728,36.7208],[140.728,36.7208],[140.7279,36.7207],[140.728,36.7206],[140.728,36.7206],[140.7281,36.7206],[140.7281,36.7206],[140.7282,36.7205],[140.7282,36.7205],[140.7282,36.7205],[140.7282,36.7205],[140.7282,36.7205],[140.7283,36.7205],[140.7283,36.7205],[140.7284,36.7205],[140.7284,36.7206],[140.7285,36.7206],[140.7286,36.7206],[140.7286,36.7206],[140.7287,36.7205],[140.7288,36.7205],[140.7288,36.7205],[140.7289,36.7205],[140.7289,36.7204],[140.7289,36.7204],[140.729,36.7204],[140.7291,36.7204],[140.7291,36.7204],[140.7292,36.7204],[140.7292,36.7203],[140.7292,36.7203],[140.7292,36.7203],[140.7291,36.7203],[140.729,36.7202],[140.729,36.7202],[140.729,36.7202],[140.729,36.7202],[140.729,36.7201],[140.729,36.7201],[140.729,36.72],[140.7289,36.72],[140.7289,36.7199],[140.7289,36.7199],[140.7289,36.7199],[140.7289,36.7199],[140.7288,36.7198],[140.7287,36.7197],[140.7285,36.7197],[140.7284,36.7196],[140.7283,36.7194],[140.7282,36.7193],[140.7282,36.719],[140.7282,36.719],[140.7284,36.7189],[140.7284,36.7189],[140.7285,36.7188],[140.7285,36.7187],[140.7284,36.7187],[140.7284,36.7186],[140.7283,36.7185],[140.7283,36.7185],[140.7281,36.7184],[140.728,36.7184],[140.7279,36.7183],[140.7279,36.7182],[140.7278,36.7182],[140.7276,36.7183],[140.7274,36.7183],[140.7273,36.7183],[140.7271,36.7183],[140.727,36.7182],[140.727,36.7181],[140.727,36.7181],[140.7271,36.7181],[140.7274,36.7182],[140.7274,36.7182],[140.7276,36.718],[140.7276,36.718],[140.7277,36.718],[140.7277,36.7179],[140.7278,36.7178],[140.728,36.7177],[140.7282,36.7176],[140.7284,36.7174],[140.7287,36.7172],[140.7289,36.7171],[140.7291,36.7169],[140.7292,36.7168],[140.7293,36.7168],[140.7293,36.7167],[140.7293,36.7167],[140.7293,36.7167],[140.7293,36.716],[140.7293,36.7155],[140.7293,36.7155],[140.7293,36.7155],[140.729,36.7151],[140.7289,36.7148],[140.7287,36.7145],[140.7284,36.7147],[140.7284,36.7147],[140.7283,36.7148],[140.7284,36.7149],[140.7285,36.715],[140.7285,36.715],[140.7287,36.7153],[140.7288,36.7154],[140.7287,36.7154],[140.7286,36.7154],[140.7286,36.7154],[140.7285,36.7155],[140.7284,36.7155],[140.7283,36.7156],[140.7282,36.7156],[140.7281,36.7156],[140.728,36.7156],[140.7278,36.7157],[140.7277,36.7157],[140.7276,36.7157],[140.7275,36.7157],[140.7274,36.7157],[140.7273,36.7156],[140.7272,36.7156],[140.7271,36.7156],[140.727,36.7156],[140.7269,36.7155],[140.7269,36.7155],[140.7267,36.7155],[140.7266,36.7155],[140.7265,36.7154],[140.7264,36.7154],[140.7263,36.7154],[140.7262,36.7153],[140.7262,36.7153],[140.7261,36.7152],[140.726,36.7152],[140.726,36.7151],[140.726,36.7151],[140.7259,36.715],[140.7259,36.715],[140.7258,36.7149],[140.7258,36.7148],[140.7257,36.7148],[140.7257,36.7147],[140.7257,36.7146],[140.7256,36.7146],[140.7256,36.7145],[140.7256,36.7144],[140.7255,36.7143],[140.7255,36.7143],[140.7255,36.7142],[140.7255,36.7141],[140.7254,36.714],[140.7254,36.7139],[140.7254,36.7138],[140.7254,36.7137],[140.7254,36.7137],[140.7253,36.7136],[140.7253,36.7135],[140.7253,36.7135],[140.7253,36.7134],[140.7252,36.7133],[140.7252,36.7133],[140.7251,36.7132],[140.7251,36.7132],[140.7251,36.7131],[140.725,36.7131],[140.725,36.7131],[140.725,36.713],[140.725,36.713],[140.7249,36.7129],[140.7249,36.7128],[140.7248,36.7128],[140.7248,36.7127],[140.7248,36.7126],[140.7247,36.7125],[140.7247,36.7124],[140.7246,36.7124],[140.7246,36.7123],[140.7246,36.7122],[140.7246,36.7121],[140.7246,36.7121],[140.7246,36.712],[140.7246,36.7119],[140.7246,36.7118],[140.7246,36.7117],[140.7245,36.7117],[140.7245,36.7116],[140.7245,36.7116],[140.7244,36.7115],[140.7244,36.7114],[140.7243,36.7114],[140.7243,36.7114],[140.7242,36.7113],[140.7242,36.7113],[140.7241,36.7112],[140.7241,36.7112],[140.724,36.7111],[140.7239,36.7111],[140.7239,36.711],[140.7238,36.7109],[140.7238,36.7109],[140.7238,36.7108],[140.7237,36.7107],[140.7237,36.7107],[140.7237,36.7106],[140.7237,36.7105],[140.7237,36.7105],[140.7237,36.7104],[140.7237,36.7104],[140.7237,36.7103],[140.7237,36.7102],[140.7237,36.7101],[140.7237,36.71],[140.7237,36.71],[140.7236,36.7099],[140.7236,36.7099],[140.7235,36.7098],[140.7234,36.7098],[140.7234,36.7097],[140.7233,36.7097],[140.7232,36.7096],[140.7232,36.7096],[140.7231,36.7095],[140.7231,36.7094],[140.723,36.7094],[140.723,36.7093],[140.7229,36.7093],[140.7229,36.7092],[140.7228,36.7092],[140.7228,36.7091],[140.7227,36.709],[140.7227,36.709],[140.7226,36.7089],[140.7226,36.7088],[140.7226,36.7088],[140.7226,36.7087],[140.7226,36.7086],[140.7225,36.7086],[140.7225,36.7085],[140.7225,36.7085],[140.7225,36.7084],[140.7226,36.7084],[140.7226,36.7083],[140.7226,36.7083],[140.7226,36.7083],[140.7226,36.7083],[140.7225,36.7082],[140.7225,36.7081],[140.7225,36.7081],[140.7225,36.708],[140.7225,36.7079],[140.7225,36.7078],[140.7225,36.7078],[140.7224,36.7077],[140.7224,36.7077],[140.7223,36.7076],[140.7223,36.7076],[140.7222,36.7075],[140.7222,36.7075],[140.7221,36.7074],[140.7221,36.7074],[140.722,36.7073],[140.722,36.7073],[140.7219,36.7072],[140.7219,36.7072],[140.7219,36.7071],[140.7218,36.707],[140.7218,36.707],[140.7218,36.7069],[140.7218,36.7068],[140.7218,36.7067],[140.7218,36.7067],[140.7218,36.7066],[140.7218,36.7065],[140.7218,36.7065],[140.7218,36.7064],[140.7218,36.7063],[140.7218,36.7063],[140.7218,36.7062],[140.7218,36.7062],[140.7218,36.7061],[140.7218,36.706],[140.7218,36.706],[140.7218,36.7059],[140.7218,36.7059],[140.7218,36.7058],[140.7217,36.7058],[140.7217,36.7058],[140.7216,36.7057],[140.7216,36.7057],[140.7215,36.7056],[140.7215,36.7056],[140.7215,36.7056],[140.7215,36.7056],[140.7214,36.7055],[140.7214,36.7055],[140.7214,36.7055],[140.7214,36.7055],[140.7213,36.7054],[140.7213,36.7054],[140.7213,36.7054],[140.7213,36.7054],[140.7213,36.7054],[140.7212,36.7053],[140.7212,36.7053],[140.7212,36.7053],[140.7212,36.7053],[140.7212,36.7053],[140.7212,36.7052],[140.7212,36.7052],[140.7211,36.7052],[140.7211,36.7052],[140.7211,36.7052],[140.7211,36.7051],[140.7211,36.7051],[140.7211,36.7051],[140.7211,36.7051],[140.7211,36.705],[140.721,36.705],[140.721,36.705],[140.721,36.705],[140.721,36.7049],[140.721,36.7049],[140.721,36.7049],[140.721,36.7049],[140.721,36.7049],[140.721,36.7048],[140.721,36.7048],[140.721,36.7048],[140.721,36.7048],[140.721,36.7047],[140.721,36.7047],[140.721,36.7047],[140.721,36.7047],[140.721,36.7046],[140.721,36.7046],[140.7209,36.7046],[140.7209,36.7045],[140.7209,36.7045],[140.7209,36.7045],[140.7209,36.7045],[140.7209,36.7044],[140.7209,36.7044],[140.7209,36.7044],[140.7209,36.7044],[140.7209,36.7043],[140.7209,36.7043],[140.7209,36.7043],[140.7209,36.7042],[140.7209,36.7042],[140.7209,36.7042],[140.7209,36.7042],[140.7209,36.7041],[140.7209,36.7041],[140.7209,36.7041],[140.7208,36.7041],[140.7208,36.704],[140.7208,36.704],[140.7208,36.704],[140.7208,36.704],[140.7208,36.7039],[140.7208,36.7039],[140.7207,36.7039],[140.7207,36.7039],[140.7207,36.7038],[140.7207,36.7038],[140.7207,36.7038],[140.7207,36.7038],[140.7206,36.7038],[140.7206,36.7037],[140.7206,36.7037],[140.7206,36.7037],[140.7206,36.7037],[140.7206,36.7036],[140.7205,36.7036],[140.7205,36.7036],[140.7205,36.7036],[140.7205,36.7036],[140.7205,36.7035],[140.7204,36.7035],[140.7204,36.7035],[140.7204,36.7035],[140.7204,36.7034],[140.7204,36.7034],[140.7203,36.7034],[140.7203,36.7034],[140.7203,36.7033],[140.7203,36.7033],[140.7203,36.7033],[140.7203,36.7033],[140.7203,36.7032],[140.7203,36.7032],[140.7202,36.7032],[140.7202,36.7032],[140.7202,36.7031],[140.7202,36.7031],[140.7202,36.7031],[140.7202,36.703],[140.7202,36.703],[140.7202,36.703],[140.7202,36.703],[140.7202,36.7029],[140.7202,36.7029],[140.7202,36.7029],[140.7202,36.7029],[140.7202,36.7028],[140.7202,36.7028],[140.7202,36.7028],[140.7202,36.7028],[140.7201,36.7027],[140.7201,36.7027],[140.7201,36.7027],[140.7201,36.7027],[140.7201,36.7026],[140.7201,36.7026],[140.7201,36.7026],[140.7201,36.7025],[140.7201,36.7025],[140.7201,36.7025],[140.7201,36.7025],[140.7201,36.7024],[140.7201,36.7024],[140.7201,36.7024],[140.7201,36.7023],[140.7201,36.7023],[140.7201,36.7023],[140.7201,36.7023],[140.7201,36.7022],[140.7201,36.7022],[140.7201,36.7022],[140.7201,36.7022],[140.7201,36.7021],[140.72,36.7021],[140.72,36.7021],[140.72,36.7021],[140.72,36.702],[140.72,36.702],[140.7199,36.702],[140.7199,36.702],[140.7199,36.702],[140.7199,36.702],[140.7199,36.7019],[140.7198,36.7019],[140.7198,36.7019],[140.7198,36.7019],[140.7198,36.7019],[140.7198,36.7018],[140.7198,36.7018],[140.7197,36.7018],[140.7197,36.7018],[140.7197,36.7017],[140.7197,36.7017],[140.7197,36.7017],[140.7196,36.7017],[140.7196,36.7017],[140.7196,36.7017],[140.7196,36.7016],[140.7196,36.7016],[140.7196,36.7016],[140.7195,36.7016],[140.7195,36.7016],[140.7195,36.7016],[140.7195,36.7015],[140.7195,36.7015],[140.7195,36.7015],[140.7194,36.7015],[140.7194,36.7014],[140.7194,36.7014],[140.7194,36.7014],[140.7194,36.7014],[140.7193,36.7013],[140.7193,36.7013],[140.7193,36.7013],[140.7193,36.7013],[140.7193,36.7012],[140.7193,36.7012],[140.7193,36.7012],[140.7193,36.7011],[140.7192,36.7011],[140.7192,36.7011],[140.7192,36.7011],[140.7192,36.701],[140.7192,36.701],[140.7192,36.701],[140.7192,36.701],[140.7192,36.7009],[140.7192,36.7009],[140.7192,36.7009],[140.7192,36.7008],[140.7192,36.7008],[140.7192,36.7008],[140.7192,36.7007],[140.7192,36.7007],[140.7192,36.7007],[140.7192,36.7006],[140.7192,36.7006],[140.7192,36.7006],[140.7192,36.7006],[140.7192,36.7005],[140.7192,36.7005],[140.7192,36.7005],[140.7192,36.7004],[140.7192,36.7004],[140.7192,36.7004],[140.7192,36.7004],[140.7192,36.7003],[140.7192,36.7003],[140.7192,36.7003],[140.7192,36.7003],[140.7192,36.7002],[140.7192,36.7002],[140.7192,36.7002],[140.7192,36.7002],[140.7192,36.7001],[140.7192,36.7001],[140.7192,36.7001],[140.7192,36.7001],[140.7191,36.7],[140.7191,36.7],[140.7191,36.7],[140.7191,36.7],[140.7191,36.7],[140.7191,36.7],[140.7191,36.6999],[140.7191,36.6999],[140.7191,36.6999],[140.7191,36.6999],[140.7191,36.6998],[140.719,36.6998],[140.719,36.6998],[140.719,36.6998],[140.719,36.6998],[140.719,36.6997],[140.719,36.6997],[140.7189,36.6997],[140.7189,36.6997],[140.7189,36.6997],[140.7189,36.6997],[140.7189,36.6996],[140.7188,36.6996],[140.7188,36.6996],[140.7188,36.6996],[140.7188,36.6995],[140.7188,36.6995],[140.7188,36.6995],[140.7188,36.6995],[140.7187,36.6994],[140.7187,36.6994],[140.7187,36.6994],[140.7187,36.6994],[140.7187,36.6993],[140.7187,36.6993],[140.7187,36.6993],[140.7186,36.6993],[140.7186,36.6992],[140.7186,36.6992],[140.7186,36.6992],[140.7186,36.6992],[140.7186,36.6991],[140.7186,36.6991],[140.7186,36.6991],[140.7186,36.6991],[140.7186,36.699],[140.7186,36.699],[140.7186,36.699],[140.7186,36.699],[140.7186,36.6989],[140.7186,36.6989],[140.7186,36.6989],[140.7186,36.6989],[140.7186,36.6988],[140.7186,36.6988],[140.7186,36.6988],[140.7186,36.6988],[140.7186,36.6987],[140.7186,36.6987],[140.7185,36.6987],[140.7185,36.6987],[140.7185,36.6986],[140.7186,36.6986],[140.7186,36.6986],[140.7185,36.6985],[140.7185,36.6984],[140.7185,36.6983],[140.7185,36.6982],[140.7185,36.6981],[140.7185,36.698],[140.7184,36.6979],[140.7183,36.6979],[140.7183,36.6978],[140.7182,36.6978],[140.7181,36.6976],[140.718,36.6976],[140.718,36.6975],[140.7179,36.6974],[140.7179,36.6974],[140.718,36.6973],[140.718,36.6973],[140.718,36.6973],[140.718,36.6973],[140.7181,36.6973],[140.7182,36.6972],[140.7183,36.6972],[140.7184,36.6972],[140.7184,36.6971],[140.7184,36.6971],[140.7184,36.6971],[140.7184,36.6971],[140.7184,36.697],[140.7184,36.697],[140.7184,36.6968],[140.7183,36.6967],[140.7187,36.6965],[140.7188,36.6965],[140.7188,36.6965],[140.7188,36.6965],[140.7188,36.6964],[140.7192,36.6963],[140.7192,36.6963],[140.7188,36.6964],[140.7188,36.6964],[140.7187,36.6963],[140.7187,36.6964],[140.7186,36.6964],[140.7186,36.6964],[140.7186,36.6964],[140.7185,36.6964],[140.7185,36.6964],[140.7184,36.6964],[140.7184,36.6964],[140.7184,36.6964],[140.7184,36.6964],[140.7183,36.6964],[140.7183,36.6965],[140.7182,36.6965],[140.7182,36.6965],[140.7182,36.6965],[140.7182,36.6965],[140.7181,36.6965],[140.7181,36.6965],[140.7181,36.6964],[140.718,36.6964],[140.718,36.6964],[140.718,36.6964],[140.718,36.6963],[140.7179,36.6963],[140.7179,36.6963],[140.7179,36.6962],[140.7179,36.6962],[140.7179,36.6961],[140.7178,36.6961],[140.7178,36.6961],[140.7178,36.6961],[140.7178,36.696],[140.7178,36.696],[140.7178,36.6959],[140.7178,36.6959],[140.7178,36.6959],[140.7178,36.6958],[140.7177,36.6958],[140.7177,36.6958],[140.7177,36.6958],[140.7177,36.6957],[140.7177,36.6957],[140.7176,36.6957],[140.7176,36.6957],[140.7176,36.6956],[140.7176,36.6956],[140.7176,36.6956],[140.7175,36.6955],[140.7175,36.6955],[140.7175,36.6955],[140.7175,36.6954],[140.7175,36.6954],[140.7175,36.6953],[140.7175,36.6953],[140.7174,36.6953],[140.7174,36.6953],[140.7174,36.6952],[140.7174,36.6952],[140.7174,36.6952],[140.7174,36.6951],[140.7173,36.6951],[140.7173,36.6951],[140.7173,36.695],[140.7173,36.695],[140.7173,36.695],[140.7172,36.6949],[140.7172,36.6948],[140.7172,36.6948],[140.7172,36.6947],[140.7172,36.6947],[140.7172,36.6947],[140.7171,36.6946],[140.7171,36.6946],[140.7171,36.6945],[140.7171,36.6945],[140.7171,36.6945],[140.717,36.6944],[140.717,36.6944],[140.717,36.6943],[140.717,36.6943],[140.717,36.6942],[140.7169,36.6942],[140.7169,36.6942],[140.7169,36.6941],[140.7169,36.6941],[140.7169,36.694],[140.7168,36.694],[140.7168,36.694],[140.7168,36.6939],[140.7168,36.6939],[140.7168,36.6938],[140.7168,36.6938],[140.7168,36.6938],[140.7168,36.6937],[140.7168,36.6937],[140.7168,36.6937],[140.7167,36.6936],[140.7167,36.6936],[140.7167,36.6936],[140.7167,36.6935],[140.7167,36.6935],[140.7167,36.6935],[140.7167,36.6934],[140.7167,36.6934],[140.7167,36.6934],[140.7167,36.6934],[140.7167,36.6934],[140.7167,36.6933],[140.7166,36.6933],[140.7166,36.6932],[140.7166,36.6932],[140.7166,36.6932],[140.7166,36.6931],[140.7166,36.6931],[140.7166,36.6931],[140.7166,36.693],[140.7166,36.693],[140.7166,36.6929],[140.7166,36.6929],[140.7166,36.6928],[140.7166,36.6928],[140.7165,36.6928],[140.7165,36.6927],[140.7165,36.6927],[140.7165,36.6926],[140.7165,36.6926],[140.7165,36.6926],[140.7165,36.6926],[140.7165,36.6925],[140.7165,36.6924],[140.7165,36.6922],[140.7166,36.6921],[140.7166,36.6917],[140.7166,36.6917],[140.7166,36.6916],[140.7165,36.6912],[140.7164,36.691],[140.7164,36.6901],[140.7164,36.69],[140.7164,36.6898],[140.7164,36.6895],[140.7164,36.6893],[140.7163,36.689],[140.7163,36.6888],[140.7162,36.6884],[140.7162,36.6876],[140.7162,36.6874],[140.7161,36.6868],[140.716,36.686],[140.716,36.6858],[140.7159,36.6853],[140.7158,36.6852],[140.7158,36.6851],[140.7158,36.6849],[140.7158,36.6849],[140.7158,36.6848],[140.7157,36.6845],[140.7157,36.6844],[140.7157,36.6843],[140.7155,36.6839],[140.7154,36.6835],[140.7154,36.6834],[140.7154,36.6833],[140.7154,36.6833],[140.7154,36.6833],[140.7153,36.6832],[140.7153,36.683],[140.7153,36.6827],[140.7152,36.6824],[140.7152,36.6822],[140.7151,36.6818],[140.715,36.6812],[140.715,36.681],[140.715,36.6806],[140.715,36.6803],[140.715,36.68],[140.715,36.6798],[140.7149,36.6796],[140.7149,36.6795],[140.7149,36.6793],[140.7148,36.6791],[140.7147,36.678],[140.7147,36.6779],[140.7147,36.6778],[140.7147,36.6775],[140.7146,36.6772],[140.7145,36.6768],[140.7144,36.6765],[140.7144,36.6761],[140.7144,36.676],[140.7145,36.6757],[140.7145,36.6751],[140.7145,36.675],[140.7145,36.675],[140.7145,36.675],[140.7144,36.6747],[140.7144,36.6746],[140.7144,36.6746],[140.7143,36.6741],[140.7143,36.6738],[140.7143,36.6734],[140.7143,36.6734],[140.7144,36.673],[140.7144,36.6728],[140.7144,36.6727],[140.7145,36.6724],[140.7145,36.6722],[140.7145,36.6719],[140.7145,36.6714],[140.7145,36.671],[140.7145,36.6709],[140.7145,36.6706],[140.7145,36.6705],[140.7145,36.6698],[140.7146,36.6697],[140.7145,36.6694],[140.7145,36.6692],[140.7146,36.6686],[140.7148,36.6682],[140.7148,36.6678],[140.7148,36.6677],[140.7148,36.6675],[140.7148,36.6674],[140.7148,36.6671],[140.7148,36.667],[140.7148,36.6667],[140.7149,36.6667],[140.7149,36.6667],[140.715,36.6664],[140.7151,36.6662],[140.7151,36.6659],[140.7151,36.6657],[140.7151,36.6655],[140.7151,36.6654],[140.7151,36.6652],[140.7151,36.665],[140.7151,36.6649],[140.7151,36.6649],[140.7151,36.6648],[140.7152,36.6648],[140.7154,36.6648],[140.7154,36.6648],[140.7155,36.6648],[140.7156,36.6647],[140.7157,36.6646],[140.7157,36.6646],[140.7157,36.6645],[140.7157,36.6644],[140.7157,36.6644],[140.7158,36.6643],[140.7159,36.6643],[140.7159,36.6643],[140.7162,36.6642],[140.7163,36.6642],[140.7164,36.6641],[140.7165,36.6641],[140.7166,36.664],[140.7167,36.664],[140.7167,36.6639],[140.7167,36.6639],[140.7167,36.6638],[140.7167,36.6638],[140.7167,36.6637],[140.7167,36.6637],[140.7167,36.6636],[140.7167,36.6635],[140.7167,36.6635],[140.7166,36.6635],[140.7166,36.6634],[140.7164,36.6634],[140.7163,36.6634],[140.7161,36.6633],[140.7161,36.6633],[140.7161,36.663],[140.7161,36.6629],[140.7161,36.6626],[140.7161,36.6625],[140.7163,36.6624],[140.7165,36.6623],[140.7165,36.6623],[140.7166,36.6623],[140.7167,36.6623],[140.7167,36.6623],[140.7167,36.6623],[140.7167,36.6623],[140.7167,36.6622],[140.7167,36.6622],[140.7167,36.6621],[140.7167,36.662],[140.7167,36.662],[140.7167,36.662],[140.7166,36.6619],[140.7166,36.6617],[140.7165,36.6616],[140.7164,36.6616],[140.7163,36.6616],[140.7163,36.6616],[140.7162,36.6616],[140.7161,36.6615],[140.716,36.6615],[140.7159,36.6615],[140.7158,36.6615],[140.7157,36.6615],[140.7155,36.6616],[140.7154,36.6617],[140.7153,36.6617],[140.7151,36.6617],[140.715,36.6617],[140.7149,36.6616],[140.7148,36.6616],[140.7144,36.6616],[140.7143,36.6615],[140.7142,36.6615],[140.7139,36.6614],[140.7137,36.6613],[140.7137,36.6612],[140.7136,36.6611],[140.7136,36.661],[140.7136,36.6607],[140.7136,36.6605],[140.7136,36.6605],[140.7136,36.6605],[140.7135,36.6605],[140.7135,36.6605],[140.7134,36.6605],[140.7134,36.6604],[140.7133,36.6604],[140.7133,36.6603],[140.7132,36.6602],[140.7132,36.6602],[140.7132,36.6602],[140.7131,36.6601],[140.7131,36.6601],[140.713,36.6601],[140.7129,36.66],[140.7128,36.66],[140.7128,36.6599],[140.7127,36.6599],[140.7127,36.6598],[140.7126,36.6597],[140.7125,36.6597],[140.7124,36.6596],[140.7124,36.6596],[140.7124,36.6596],[140.7124,36.6595],[140.7123,36.6595],[140.7123,36.6595],[140.7122,36.6595],[140.7122,36.6595],[140.7121,36.6595],[140.7119,36.6595],[140.7119,36.6595],[140.7118,36.6595],[140.7118,36.6595],[140.7118,36.6594],[140.7117,36.6594],[140.7117,36.6593],[140.7117,36.6593],[140.7117,36.6593],[140.7117,36.6592],[140.7117,36.6592],[140.7117,36.6591],[140.7118,36.6591],[140.7119,36.659],[140.7119,36.6589],[140.7119,36.6588],[140.712,36.6587],[140.712,36.6587],[140.712,36.6586],[140.712,36.6585],[140.712,36.6584],[140.712,36.6583],[140.712,36.6583],[140.712,36.6583],[140.7121,36.6582],[140.7123,36.6579],[140.7123,36.6579],[140.7123,36.6578],[140.7124,36.6578],[140.7124,36.6578],[140.7124,36.6577],[140.7123,36.6576],[140.7122,36.6573],[140.7121,36.6571],[140.7121,36.657],[140.712,36.657],[140.7119,36.6568],[140.7118,36.6568],[140.7118,36.6568],[140.7117,36.6569],[140.7116,36.6569],[140.7116,36.6569],[140.7116,36.6569],[140.7115,36.6569],[140.7114,36.6569],[140.7114,36.6568],[140.7113,36.6568],[140.7112,36.6568],[140.7112,36.6568],[140.7111,36.6568],[140.711,36.6569],[140.7109,36.657],[140.7108,36.657],[140.7107,36.6571],[140.7105,36.6571],[140.7104,36.6572],[140.7103,36.6572],[140.7103,36.6571],[140.7102,36.6571],[140.7102,36.657],[140.7102,36.657],[140.7101,36.6569],[140.71,36.6568],[140.71,36.6567],[140.7099,36.6566],[140.7097,36.6565],[140.7097,36.6565],[140.7097,36.6564],[140.7097,36.6564],[140.7097,36.6563],[140.7097,36.6563],[140.7096,36.6563],[140.7096,36.6562],[140.7096,36.6562],[140.7095,36.6562],[140.7095,36.6562],[140.7095,36.6562],[140.7094,36.6563],[140.7094,36.6563],[140.7094,36.6563],[140.7094,36.6563],[140.7093,36.6563],[140.7092,36.6562],[140.7092,36.6562],[140.7092,36.6562],[140.7092,36.6561],[140.7092,36.6561],[140.7093,36.656],[140.7093,36.656],[140.7092,36.656],[140.7092,36.656],[140.7092,36.656],[140.7092,36.656],[140.7091,36.656],[140.7091,36.6561],[140.709,36.6561],[140.709,36.6561],[140.709,36.6561],[140.7089,36.6561],[140.7089,36.656],[140.7088,36.656],[140.7088,36.6559],[140.7089,36.6559],[140.7089,36.6558],[140.7088,36.6558],[140.7088,36.6557],[140.7088,36.6556],[140.7088,36.6556],[140.7088,36.6555],[140.7088,36.6555],[140.7088,36.6554],[140.7088,36.6553],[140.7088,36.6553],[140.7087,36.6552],[140.7087,36.6552],[140.7087,36.6551],[140.7086,36.6551],[140.7086,36.655],[140.7085,36.655],[140.7084,36.6549],[140.7083,36.6549],[140.7083,36.6549],[140.7083,36.6548],[140.7081,36.6548],[140.7081,36.6548],[140.708,36.6548],[140.708,36.6548],[140.7079,36.6548],[140.7079,36.6549],[140.7078,36.6549],[140.7078,36.655],[140.7076,36.655],[140.7075,36.655],[140.7074,36.655],[140.7073,36.655],[140.7072,36.655],[140.7071,36.655],[140.707,36.655],[140.7069,36.6551],[140.7068,36.6551],[140.7067,36.6551],[140.7066,36.6552],[140.7065,36.6552],[140.7064,36.6552],[140.7063,36.6552],[140.7062,36.6551],[140.7061,36.6551],[140.7059,36.6551],[140.7057,36.655],[140.7056,36.655],[140.7055,36.655],[140.7055,36.6549],[140.7054,36.6548],[140.7054,36.6547],[140.7054,36.6547],[140.7054,36.6547],[140.7053,36.6548],[140.7053,36.6549],[140.7053,36.655],[140.7053,36.655],[140.7053,36.6551],[140.7053,36.6552],[140.7053,36.6553],[140.7053,36.6553],[140.7052,36.6554],[140.7052,36.6554],[140.7051,36.6555],[140.705,36.6555],[140.705,36.6555],[140.7049,36.6555],[140.7048,36.6556],[140.7044,36.6557],[140.7043,36.6558],[140.7042,36.6558],[140.7041,36.6558],[140.704,36.6557],[140.7039,36.6555],[140.7039,36.6555],[140.7039,36.6555],[140.7039,36.6555],[140.7038,36.6555],[140.7038,36.6555],[140.7038,36.6555],[140.7037,36.6555],[140.7037,36.6555],[140.7036,36.6555],[140.7036,36.6554],[140.7035,36.6554],[140.7035,36.6554],[140.7034,36.6554],[140.7033,36.6554],[140.7033,36.6553],[140.7032,36.6553],[140.7032,36.6552],[140.7032,36.6552],[140.7031,36.6552],[140.7031,36.6552],[140.703,36.6552],[140.703,36.6551],[140.703,36.6551],[140.7029,36.6551],[140.7029,36.6551],[140.7029,36.655],[140.7029,36.655],[140.7028,36.655],[140.7028,36.655],[140.7027,36.6549],[140.7027,36.6549],[140.7026,36.6548],[140.7026,36.6548],[140.7025,36.6548],[140.7025,36.6547],[140.7025,36.6547],[140.7024,36.6546],[140.7023,36.6546],[140.7023,36.6545],[140.7022,36.6545],[140.7021,36.6544],[140.702,36.6544],[140.702,36.6544],[140.7019,36.6543],[140.7019,36.6543],[140.7018,36.6542],[140.7018,36.6541],[140.7017,36.654],[140.7017,36.6539],[140.7021,36.6537],[140.7021,36.6538],[140.7022,36.6538],[140.7022,36.6539],[140.7022,36.6539],[140.7023,36.6539],[140.7023,36.6539],[140.7023,36.6539],[140.7023,36.6538],[140.7023,36.6538],[140.702,36.6535],[140.702,36.6535],[140.702,36.6535],[140.7019,36.6535],[140.7019,36.6535],[140.702,36.6536],[140.702,36.6537],[140.702,36.6537],[140.7017,36.6539],[140.7015,36.6538],[140.7015,36.6538],[140.7014,36.6538],[140.7013,36.6536],[140.7013,36.6536],[140.7012,36.6535],[140.7012,36.6535],[140.7012,36.6534],[140.7012,36.6533],[140.7012,36.6532],[140.7014,36.653],[140.7015,36.6531],[140.7015,36.6531],[140.7016,36.6532],[140.7016,36.6532],[140.7016,36.6532],[140.7017,36.6531],[140.7016,36.6531],[140.7014,36.6529],[140.7013,36.6529],[140.7013,36.6529],[140.7013,36.6529],[140.7013,36.6529],[140.7013,36.6529],[140.7013,36.653],[140.7014,36.653],[140.7013,36.6531],[140.7011,36.6532],[140.701,36.6532],[140.701,36.6531],[140.701,36.6531],[140.701,36.6531],[140.701,36.6531],[140.7009,36.6531],[140.7008,36.653],[140.7008,36.653],[140.7007,36.653],[140.7007,36.6529],[140.7007,36.6529],[140.7007,36.6529],[140.7007,36.6529],[140.7006,36.6529],[140.7006,36.6529],[140.7006,36.6528],[140.7006,36.6528],[140.7006,36.6528],[140.7006,36.6527],[140.7006,36.6526],[140.7008,36.6525],[140.7008,36.6525],[140.7009,36.6525],[140.7009,36.6526],[140.701,36.6526],[140.701,36.6526],[140.701,36.6526],[140.701,36.6525],[140.701,36.6525],[140.7009,36.6524],[140.7008,36.6523],[140.7008,36.6523],[140.7007,36.6522],[140.7007,36.6522],[140.7007,36.6523],[140.7007,36.6523],[140.7007,36.6523],[140.7007,36.6524],[140.7008,36.6524],[140.7008,36.6524],[140.7005,36.6526],[140.7004,36.6524],[140.7003,36.6524],[140.7003,36.6524],[140.7002,36.6523],[140.7001,36.6522],[140.7001,36.6521],[140.7001,36.6521],[140.7001,36.6521],[140.7001,36.6521],[140.7,36.652],[140.7,36.6519],[140.7,36.6519],[140.7,36.6518],[140.7,36.6518],[140.7,36.6517],[140.7,36.6517],[140.7,36.6516],[140.6999,36.6515],[140.7,36.6514],[140.7,36.6513],[140.7,36.6513],[140.7,36.6513],[140.7,36.6512],[140.7,36.6512],[140.7,36.6512],[140.7,36.6512],[140.7,36.6512],[140.7,36.6512],[140.7,36.6512],[140.7,36.6511],[140.7,36.6511],[140.7001,36.6511],[140.7002,36.6512],[140.7002,36.6512],[140.7003,36.6512],[140.7003,36.6512],[140.7003,36.6512],[140.7003,36.6511],[140.7003,36.6511],[140.7002,36.6509],[140.7002,36.6509],[140.7002,36.6508],[140.7008,36.6506],[140.7008,36.6505],[140.7009,36.6505],[140.7009,36.6505],[140.7012,36.6503],[140.7012,36.6503],[140.7012,36.6502],[140.7011,36.6502],[140.701,36.6503],[140.7009,36.6503],[140.7009,36.6503],[140.7008,36.6502],[140.7,36.6506],[140.7,36.6506],[140.6998,36.6507],[140.6997,36.6508],[140.6991,36.65],[140.6991,36.65],[140.6991,36.65],[140.6991,36.65],[140.6992,36.6496],[140.6992,36.6496],[140.699,36.6496],[140.699,36.6496],[140.6991,36.6492],[140.6992,36.6491],[140.6992,36.649],[140.6993,36.6488],[140.6993,36.6487],[140.6993,36.6487],[140.6995,36.6488],[140.6997,36.6488],[140.7,36.6489],[140.7,36.6489],[140.7002,36.6489],[140.7004,36.649],[140.7004,36.6489],[140.7004,36.6489],[140.7005,36.6489],[140.7005,36.6489],[140.701,36.6493],[140.7009,36.6494],[140.7012,36.6496],[140.7015,36.65],[140.7015,36.65],[140.7017,36.6503],[140.7018,36.6502],[140.7018,36.6502],[140.702,36.6505],[140.7019,36.6505],[140.702,36.6505],[140.702,36.6505],[140.702,36.6506],[140.702,36.6506],[140.7021,36.6506],[140.7021,36.6506],[140.7022,36.6506],[140.7022,36.6506],[140.7022,36.6505],[140.7022,36.6505],[140.7023,36.6505],[140.7023,36.6504],[140.7022,36.6504],[140.7022,36.6503],[140.7021,36.6502],[140.7019,36.6501],[140.7019,36.65],[140.7019,36.65],[140.7018,36.6499],[140.7017,36.6498],[140.7016,36.6496],[140.7014,36.6495],[140.7013,36.6493],[140.7008,36.6489],[140.7006,36.6488],[140.7005,36.6488],[140.7005,36.6488],[140.7,36.6487],[140.7,36.6487],[140.6996,36.6487],[140.6989,36.6485],[140.6989,36.6485],[140.6989,36.6485],[140.6989,36.6486],[140.6988,36.6486],[140.6988,36.6486],[140.6988,36.6487],[140.6987,36.6488],[140.6987,36.6489],[140.6987,36.6489],[140.6987,36.6489],[140.6986,36.6489],[140.6986,36.6489],[140.6986,36.6489],[140.6986,36.6489],[140.6985,36.6489],[140.6985,36.6489],[140.6985,36.6489],[140.6985,36.649],[140.6985,36.649],[140.6985,36.649],[140.6985,36.649],[140.6985,36.649],[140.6986,36.6491],[140.6986,36.6491],[140.6986,36.6491],[140.6985,36.6491],[140.6985,36.6492],[140.6985,36.6492],[140.6984,36.6493],[140.6984,36.6493],[140.6983,36.6493],[140.6981,36.6494],[140.698,36.6494],[140.6979,36.6493],[140.6978,36.6493],[140.6977,36.6493],[140.6976,36.6492],[140.6974,36.6492],[140.6973,36.6492],[140.6972,36.6492],[140.697,36.6491],[140.6969,36.6491],[140.6968,36.649],[140.6967,36.649],[140.6967,36.649],[140.6967,36.649],[140.6967,36.6489],[140.6967,36.6489],[140.6967,36.6489],[140.6967,36.6489],[140.6967,36.6489],[140.6967,36.6489],[140.6966,36.6488],[140.6966,36.6487],[140.6965,36.6486],[140.6965,36.6486],[140.6965,36.6484],[140.6965,36.6484],[140.6965,36.6484],[140.6965,36.6484],[140.6966,36.6484],[140.6966,36.6484],[140.6966,36.6484],[140.6966,36.6484],[140.6966,36.6483],[140.6965,36.6482],[140.6965,36.6481],[140.6964,36.648],[140.6964,36.6478],[140.6963,36.6477],[140.6962,36.6475],[140.6961,36.6474],[140.6961,36.6473],[140.6959,36.6471],[140.6958,36.647],[140.6957,36.6469],[140.6955,36.6467],[140.6954,36.6466],[140.6953,36.6465],[140.6951,36.6464],[140.695,36.6464],[140.695,36.6464],[140.695,36.6463],[140.695,36.6462],[140.695,36.6461],[140.695,36.6461],[140.6949,36.646],[140.6949,36.6458],[140.6949,36.6457],[140.6948,36.6455],[140.6948,36.6454],[140.6947,36.6452],[140.6947,36.6451],[140.6947,36.645],[140.6946,36.645],[140.6946,36.645],[140.6946,36.6449],[140.6945,36.6449],[140.6944,36.6449],[140.6943,36.6449],[140.6943,36.6448],[140.6942,36.6448],[140.6942,36.6447],[140.6942,36.6447],[140.6942,36.6447],[140.6941,36.6447],[140.694,36.6447],[140.6938,36.6447],[140.6937,36.6446],[140.6936,36.6446],[140.6936,36.6446],[140.6936,36.6445],[140.6936,36.6444],[140.6935,36.6444],[140.6936,36.6443],[140.6936,36.6443],[140.6936,36.6442],[140.6936,36.6441],[140.6933,36.6435],[140.6931,36.643],[140.6927,36.6421],[140.6925,36.6417],[140.6925,36.6417],[140.6924,36.6414],[140.6924,36.6414],[140.6923,36.6413],[140.6923,36.6412],[140.6922,36.6412],[140.6922,36.6412],[140.6921,36.6411],[140.6921,36.6411],[140.6921,36.6411],[140.692,36.6411],[140.692,36.6411],[140.692,36.641],[140.6919,36.641],[140.6919,36.641],[140.6919,36.641],[140.6919,36.6409],[140.6919,36.6409],[140.692,36.6408],[140.692,36.6407],[140.692,36.6407],[140.6917,36.6393],[140.6917,36.6393],[140.6916,36.6389],[140.6916,36.6388],[140.6916,36.6386],[140.6915,36.6385],[140.6916,36.6384],[140.6916,36.6384],[140.6916,36.6383],[140.6915,36.6382],[140.6915,36.6381],[140.6915,36.6379],[140.6915,36.6378],[140.6915,36.6377],[140.6915,36.6377],[140.6915,36.6376],[140.6914,36.6375],[140.6914,36.6375],[140.6914,36.6375],[140.6913,36.6375],[140.6913,36.6375],[140.6913,36.6374],[140.6913,36.6374],[140.6913,36.6374],[140.6913,36.6373],[140.6913,36.6373],[140.6913,36.6373],[140.6913,36.6373],[140.6913,36.6373],[140.6913,36.6373],[140.6912,36.6373],[140.6912,36.6373],[140.6912,36.6372],[140.6912,36.6372],[140.6912,36.6372],[140.6912,36.6372],[140.6912,36.6372],[140.6912,36.6372],[140.6912,36.6371],[140.6912,36.6371],[140.6912,36.6371],[140.6912,36.637],[140.6912,36.637],[140.6912,36.637],[140.6911,36.6369],[140.6911,36.6369],[140.6911,36.6369],[140.6911,36.6369],[140.6911,36.6368],[140.6911,36.6368],[140.6911,36.6368],[140.6911,36.6368],[140.6911,36.6368],[140.6911,36.6367],[140.6911,36.6367],[140.6911,36.6366],[140.6911,36.6366],[140.6911,36.6366],[140.6911,36.6365],[140.691,36.6365],[140.6909,36.6365],[140.6909,36.6365],[140.6908,36.6364],[140.6908,36.6364],[140.6908,36.6364],[140.6908,36.6364],[140.6909,36.6363],[140.691,36.6362],[140.691,36.6361],[140.691,36.6361],[140.691,36.6361],[140.691,36.636],[140.691,36.636],[140.691,36.6359],[140.691,36.6359],[140.691,36.6359],[140.6911,36.6358],[140.6911,36.6358],[140.6911,36.6357],[140.6911,36.6357],[140.6911,36.6357],[140.6911,36.6356],[140.6911,36.6356],[140.6911,36.6355],[140.6911,36.6355],[140.691,36.6354],[140.691,36.6352],[140.691,36.635],[140.6909,36.6348],[140.6909,36.6348],[140.6909,36.6347],[140.6908,36.6346],[140.6907,36.6345],[140.6907,36.6343],[140.6906,36.6342],[140.6906,36.6341],[140.6906,36.6339],[140.6906,36.6339],[140.6906,36.6339],[140.6906,36.6339],[140.6906,36.6338],[140.6906,36.6338],[140.6906,36.6337],[140.6906,36.6337],[140.6907,36.6336],[140.6907,36.6335],[140.6908,36.6334],[140.6908,36.6334],[140.6909,36.6334],[140.6909,36.6333],[140.6909,36.6333],[140.691,36.6333],[140.6912,36.6332],[140.6913,36.6331],[140.6913,36.6331],[140.6915,36.6331],[140.6915,36.6331],[140.6917,36.633],[140.6917,36.633],[140.6918,36.633],[140.6918,36.633],[140.6919,36.633],[140.6919,36.633],[140.6919,36.633],[140.692,36.6329],[140.6919,36.6329],[140.6919,36.6329],[140.6919,36.6329],[140.6918,36.6329],[140.6917,36.6328],[140.6917,36.6328],[140.6917,36.6328],[140.6916,36.6328],[140.6915,36.6328],[140.6915,36.6328],[140.6913,36.6328],[140.6912,36.6328],[140.6911,36.6327],[140.691,36.6326],[140.6909,36.6324],[140.6909,36.6323],[140.6909,36.6321],[140.6908,36.632],[140.6908,36.6318],[140.6908,36.6317],[140.6907,36.6315],[140.6907,36.6314],[140.6907,36.6313],[140.6908,36.6312],[140.6908,36.6312],[140.6909,36.6311],[140.6909,36.631],[140.6908,36.6308],[140.6907,36.6306],[140.6907,36.6305],[140.6907,36.6305],[140.6906,36.6305],[140.6906,36.6305],[140.6906,36.6305],[140.6906,36.6304],[140.6907,36.6302],[140.6907,36.6302],[140.6907,36.6302],[140.6907,36.6302],[140.6907,36.6302],[140.6907,36.6302],[140.6907,36.6302],[140.6906,36.6302],[140.6906,36.6302],[140.6906,36.6302],[140.6906,36.6302],[140.6905,36.6302],[140.6905,36.6303],[140.6904,36.6303],[140.6904,36.6303],[140.6903,36.6302],[140.6903,36.6302],[140.6902,36.6302],[140.6902,36.6302],[140.6902,36.6302],[140.6901,36.6301],[140.69,36.6301],[140.69,36.63],[140.6899,36.63],[140.6899,36.6299],[140.6899,36.6299],[140.6899,36.6298],[140.6899,36.6298],[140.6899,36.6297],[140.6899,36.6297],[140.6898,36.6297],[140.6898,36.6297],[140.6898,36.6298],[140.6897,36.6298],[140.6897,36.6297],[140.6897,36.6297],[140.6897,36.6296],[140.6897,36.6295],[140.6897,36.6295],[140.6897,36.6294],[140.6897,36.6293],[140.6897,36.6292],[140.6897,36.6292],[140.6897,36.629],[140.6897,36.6289],[140.6896,36.6288],[140.6896,36.6288],[140.6896,36.6287],[140.6896,36.6287],[140.6896,36.6286],[140.6896,36.6285],[140.6897,36.6284],[140.6897,36.6284],[140.6897,36.6283],[140.6897,36.6282],[140.6897,36.6282],[140.6898,36.6282],[140.6898,36.6281],[140.6898,36.6281],[140.6899,36.6281],[140.6899,36.6279],[140.69,36.6278],[140.6899,36.6277],[140.6899,36.6276],[140.6899,36.6276],[140.69,36.6275],[140.6899,36.6275],[140.6899,36.6274],[140.6899,36.6273],[140.6899,36.6272],[140.6899,36.6272],[140.6899,36.6271],[140.6899,36.627],[140.6898,36.627],[140.6897,36.6269],[140.6897,36.6269],[140.6896,36.6269],[140.6896,36.6268],[140.6896,36.6267],[140.6896,36.6267],[140.6895,36.6266],[140.6895,36.6266],[140.6895,36.6265],[140.6895,36.6265],[140.6894,36.6265],[140.6893,36.6264],[140.6893,36.6264],[140.6893,36.6264],[140.6893,36.6263],[140.6894,36.6263],[140.6894,36.6262],[140.6895,36.6262],[140.6895,36.6262],[140.6895,36.6261],[140.6895,36.626],[140.6895,36.6259],[140.6894,36.6258],[140.6894,36.6257],[140.6894,36.6257],[140.6894,36.6256],[140.6894,36.6255],[140.6894,36.6254],[140.6894,36.6254],[140.6894,36.6253],[140.6893,36.6253],[140.6893,36.6253],[140.6893,36.6253],[140.6893,36.625],[140.6893,36.625],[140.6893,36.625],[140.6893,36.6249],[140.6894,36.6248],[140.6894,36.6247],[140.6895,36.6246],[140.6895,36.6245],[140.6895,36.6244],[140.6895,36.6243],[140.6895,36.6243],[140.6896,36.6242],[140.6896,36.6242],[140.6897,36.6241],[140.6896,36.624],[140.6896,36.6239],[140.6895,36.6238],[140.6895,36.6237],[140.6894,36.6236],[140.6893,36.6235],[140.6892,36.6233],[140.6891,36.6232],[140.689,36.6231],[140.689,36.623],[140.689,36.6228],[140.689,36.6226],[140.689,36.6225],[140.689,36.6223],[140.689,36.622],[140.689,36.622],[140.689,36.6219],[140.689,36.6217],[140.6891,36.6215],[140.6891,36.6214],[140.6892,36.6214],[140.6893,36.6213],[140.6894,36.6213],[140.6895,36.6212],[140.6895,36.6212],[140.6895,36.6211],[140.6895,36.621],[140.6895,36.621],[140.6894,36.6209],[140.6893,36.6208],[140.6892,36.6208],[140.689,36.6207],[140.6888,36.6206],[140.6886,36.6205],[140.6884,36.6204],[140.6882,36.6203],[140.6881,36.6202],[140.688,36.6201],[140.688,36.6201],[140.6879,36.6201],[140.6879,36.6201],[140.6879,36.62],[140.6879,36.62],[140.6879,36.6199],[140.688,36.6199],[140.688,36.6198],[140.688,36.6197],[140.6878,36.6194],[140.6878,36.6194],[140.6878,36.6194],[140.6877,36.6195],[140.6877,36.6195],[140.6877,36.6195],[140.6879,36.6198],[140.6879,36.6198],[140.6878,36.6199],[140.6878,36.6199],[140.6878,36.6199],[140.6877,36.62],[140.6875,36.62],[140.6874,36.62],[140.6873,36.6201],[140.6873,36.6201],[140.6872,36.6201],[140.6871,36.6201],[140.6871,36.6201],[140.687,36.62],[140.6869,36.62],[140.6868,36.62],[140.6867,36.62],[140.6867,36.62],[140.6866,36.62],[140.6866,36.62],[140.6866,36.62],[140.6865,36.6201],[140.6865,36.6201],[140.6864,36.6201],[140.6864,36.6201],[140.6864,36.62],[140.6864,36.62],[140.6864,36.62],[140.6863,36.6199],[140.6863,36.6199],[140.6863,36.6199],[140.6862,36.6198],[140.6861,36.6197],[140.686,36.6197],[140.6859,36.6196],[140.6858,36.6195],[140.6857,36.6195],[140.6856,36.6194],[140.6856,36.6193],[140.6855,36.6192],[140.6854,36.6192],[140.6854,36.6192],[140.6854,36.6191],[140.6854,36.6191],[140.6853,36.619],[140.6847,36.6185],[140.6844,36.6182],[140.684,36.6178],[140.6836,36.6174],[140.6834,36.6172],[140.6834,36.6171],[140.6833,36.617],[140.6833,36.617],[140.6832,36.6168],[140.6832,36.6167],[140.6831,36.6167],[140.6831,36.6167],[140.6831,36.6166],[140.683,36.6166],[140.6829,36.6165],[140.6829,36.6165],[140.6828,36.6165],[140.6827,36.6166],[140.6827,36.6166],[140.6824,36.6166],[140.6823,36.6166],[140.6822,36.6165],[140.6821,36.6165],[140.682,36.6164],[140.6819,36.6164],[140.6818,36.6163],[140.6817,36.6162],[140.6816,36.6162],[140.6816,36.6161],[140.6815,36.6161],[140.6815,36.616],[140.6814,36.616],[140.6814,36.616],[140.6813,36.6159],[140.6812,36.6159],[140.6812,36.6158],[140.6811,36.6158],[140.6811,36.6157],[140.6811,36.6157],[140.6811,36.6157],[140.6812,36.6156],[140.6812,36.6156],[140.6812,36.6156],[140.6812,36.6155],[140.6812,36.6155],[140.6811,36.6154],[140.6811,36.6153],[140.6811,36.6153],[140.6811,36.6153],[140.6811,36.6153],[140.681,36.6153],[140.681,36.6152],[140.6809,36.6152],[140.6809,36.6152],[140.6808,36.6152],[140.6808,36.6152],[140.6807,36.6152],[140.6807,36.6152],[140.6807,36.6152],[140.6806,36.6152],[140.6806,36.6152],[140.6806,36.6151],[140.6806,36.6151],[140.6806,36.6151],[140.6806,36.6151],[140.6806,36.6151],[140.6806,36.6151],[140.6806,36.6151],[140.6805,36.615],[140.6805,36.615],[140.6805,36.615],[140.6805,36.615],[140.6805,36.615],[140.6805,36.615],[140.6804,36.615],[140.6804,36.615],[140.6804,36.615],[140.6804,36.615],[140.6803,36.615],[140.6803,36.615],[140.6802,36.615],[140.6802,36.615],[140.6801,36.6149],[140.6801,36.6149],[140.6801,36.6149],[140.68,36.6148],[140.68,36.6148],[140.68,36.6148],[140.68,36.6148],[140.68,36.6147],[140.6801,36.6147],[140.68,36.6147],[140.68,36.6147],[140.68,36.6146],[140.68,36.6146],[140.68,36.6146],[140.68,36.6146],[140.6801,36.6144],[140.6802,36.6144],[140.6801,36.6143],[140.6801,36.6143],[140.6802,36.6143],[140.6802,36.6143],[140.6802,36.6143],[140.6801,36.6143],[140.6801,36.6143],[140.6801,36.6143],[140.6801,36.6143],[140.6801,36.6143],[140.6801,36.6143],[140.6801,36.6143],[140.6801,36.6142],[140.6801,36.6142],[140.6801,36.6142],[140.6801,36.6142],[140.6801,36.6142],[140.6801,36.6142],[140.6801,36.6142],[140.6801,36.6142],[140.68,36.6142],[140.68,36.6142],[140.68,36.6142],[140.68,36.6142],[140.68,36.6142],[140.68,36.6141],[140.68,36.6141],[140.68,36.614],[140.6799,36.614],[140.6799,36.614],[140.6799,36.614],[140.6799,36.614],[140.68,36.6139],[140.68,36.6139],[140.68,36.6139],[140.68,36.6139],[140.68,36.6139],[140.68,36.6139],[140.6799,36.6139],[140.6799,36.6139],[140.6799,36.6139],[140.6799,36.6139],[140.6799,36.6139],[140.6799,36.6139],[140.6799,36.6139],[140.6799,36.6139],[140.6799,36.6139],[140.6798,36.6139],[140.6798,36.6138],[140.6798,36.6138],[140.6798,36.6138],[140.6798,36.6137],[140.6798,36.6137],[140.6799,36.6136],[140.6799,36.6136],[140.6799,36.6135],[140.6799,36.6135],[140.6799,36.6135],[140.6799,36.6135],[140.6799,36.6134],[140.6798,36.6134],[140.6798,36.6134],[140.6798,36.6134],[140.6798,36.6134],[140.6798,36.6134],[140.6798,36.6134],[140.6798,36.6133],[140.6798,36.6133],[140.6797,36.6133],[140.6798,36.6133],[140.6799,36.6133],[140.6799,36.6133],[140.6799,36.6132],[140.6798,36.6129],[140.6797,36.6127],[140.6797,36.6126],[140.6797,36.6126],[140.6796,36.6125],[140.6796,36.6125],[140.6795,36.6123],[140.6792,36.612],[140.6791,36.6119],[140.6788,36.6117],[140.6787,36.6116],[140.6786,36.6114],[140.6784,36.6113],[140.6783,36.6112],[140.6783,36.6111],[140.6783,36.6111],[140.6783,36.6111],[140.6782,36.6111],[140.6782,36.6111],[140.6782,36.6111],[140.6782,36.6111],[140.6782,36.6111],[140.6782,36.611],[140.6782,36.611],[140.6782,36.611],[140.6782,36.611],[140.6782,36.6107],[140.6782,36.6107],[140.6782,36.6107],[140.6782,36.6107],[140.6781,36.6106],[140.6781,36.6104],[140.6781,36.6104],[140.6781,36.6103],[140.6779,36.6096],[140.6779,36.6096],[140.6779,36.6096],[140.6779,36.6096],[140.6779,36.6096],[140.6777,36.6096],[140.6777,36.6096],[140.6777,36.6097],[140.6777,36.6097],[140.6777,36.6097],[140.6776,36.6097],[140.6776,36.6097],[140.6775,36.6094],[140.6775,36.6094],[140.6775,36.6094],[140.6775,36.6094],[140.6776,36.6094],[140.6777,36.6094],[140.6777,36.6094],[140.6778,36.6094],[140.6778,36.6094],[140.6776,36.6091],[140.6774,36.6086],[140.6774,36.6086],[140.6774,36.6085],[140.6773,36.6085],[140.6773,36.6085],[140.6772,36.6084],[140.6772,36.6083],[140.6772,36.6083],[140.6772,36.6083],[140.6771,36.6083],[140.6771,36.6082],[140.6771,36.6082],[140.6771,36.6082],[140.6771,36.6082],[140.6771,36.6081],[140.6771,36.608],[140.6771,36.608],[140.6771,36.6079],[140.6771,36.6078],[140.6771,36.6078],[140.6771,36.6077],[140.677,36.6076],[140.6768,36.6073],[140.6767,36.6072],[140.6765,36.607],[140.6763,36.6068],[140.6762,36.6067],[140.6762,36.6066],[140.6761,36.6066],[140.676,36.6065],[140.6759,36.6065],[140.6759,36.6065],[140.6758,36.6064],[140.6757,36.6065],[140.6756,36.6064],[140.6756,36.6064],[140.6755,36.6064],[140.6755,36.6064],[140.6755,36.6064],[140.6755,36.6063],[140.6754,36.6062],[140.6754,36.6062],[140.6754,36.6062],[140.6753,36.6061],[140.6753,36.6061],[140.6753,36.6061],[140.6753,36.6061],[140.6753,36.606],[140.6752,36.6059],[140.6752,36.6059],[140.6752,36.6059],[140.6751,36.6059],[140.6751,36.6059],[140.6751,36.6059],[140.675,36.6059],[140.675,36.6058],[140.675,36.6058],[140.675,36.6058],[140.675,36.6058],[140.675,36.6058],[140.675,36.6057],[140.675,36.6057],[140.675,36.6057],[140.675,36.6057],[140.675,36.6056],[140.6751,36.6056],[140.6751,36.6055],[140.6751,36.6054],[140.6751,36.6053],[140.6751,36.6053],[140.6751,36.6052],[140.675,36.6051],[140.675,36.6051],[140.675,36.6051],[140.6749,36.6049],[140.6747,36.6048],[140.6746,36.6046],[140.6746,36.6045],[140.6745,36.6044],[140.6744,36.6043],[140.6744,36.6042],[140.6743,36.6041],[140.6743,36.604],[140.6742,36.604],[140.6741,36.6038],[140.6741,36.6037],[140.674,36.6036],[140.674,36.6035],[140.6739,36.6034],[140.6739,36.6033],[140.6738,36.6032],[140.6738,36.6031],[140.6738,36.603],[140.6737,36.6029],[140.6737,36.6027],[140.6736,36.6027],[140.6735,36.6025],[140.6735,36.6024],[140.6734,36.6023],[140.6734,36.6022],[140.6734,36.6021],[140.6734,36.602],[140.6733,36.6019],[140.6733,36.6018],[140.6733,36.6016],[140.6732,36.6015],[140.6732,36.6014],[140.6732,36.6013],[140.6732,36.6013],[140.6731,36.6011],[140.6731,36.601],[140.6731,36.6009],[140.673,36.6007],[140.6729,36.6005],[140.6729,36.6003],[140.6728,36.6002],[140.6728,36.6001],[140.6728,36.6001],[140.6728,36.6],[140.6727,36.6],[140.6727,36.6],[140.6727,36.6],[140.6727,36.6],[140.6726,36.5999],[140.6725,36.5999],[140.6724,36.5999],[140.6723,36.6],[140.6723,36.5999],[140.6723,36.5998],[140.6723,36.5998],[140.6723,36.5998],[140.6723,36.5998],[140.6723,36.5998],[140.6723,36.5998],[140.6723,36.5997],[140.6723,36.5997],[140.6722,36.5997],[140.6722,36.5996],[140.6722,36.5996],[140.6722,36.5996],[140.6722,36.5996],[140.6722,36.5995],[140.6722,36.5995],[140.6722,36.5994],[140.6721,36.5993],[140.6721,36.5992],[140.672,36.5991],[140.672,36.5991],[140.672,36.5991],[140.6719,36.599],[140.6719,36.599],[140.6719,36.599],[140.6719,36.5989],[140.6719,36.5989],[140.6719,36.5989],[140.6719,36.5988],[140.6719,36.5988],[140.6719,36.5988],[140.6719,36.5988],[140.6719,36.5987],[140.6718,36.5986],[140.6718,36.5986],[140.6718,36.5985],[140.6717,36.5984],[140.6717,36.5983],[140.6716,36.5982],[140.6716,36.5982],[140.6715,36.5981],[140.6715,36.598],[140.6714,36.598],[140.6714,36.598],[140.6714,36.5979],[140.6713,36.5979],[140.6713,36.5979],[140.6713,36.5979],[140.6713,36.5979],[140.6713,36.5979],[140.6713,36.5979],[140.6713,36.5979],[140.6713,36.5979],[140.6714,36.5979],[140.6714,36.5979],[140.6714,36.5979],[140.6715,36.5979],[140.6715,36.5979],[140.6715,36.5979],[140.6715,36.5979],[140.6715,36.5979],[140.6715,36.5979],[140.6715,36.5979],[140.6715,36.5979],[140.6714,36.5979],[140.6714,36.5978],[140.6713,36.5978],[140.6713,36.5978],[140.6713,36.5978],[140.6713,36.5978],[140.6713,36.5978],[140.6713,36.5978],[140.6713,36.5977],[140.6713,36.5977],[140.6713,36.5977],[140.6713,36.5977],[140.6713,36.5977],[140.6713,36.5977],[140.6713,36.5976],[140.6713,36.5976],[140.6712,36.5976],[140.6712,36.5976],[140.6712,36.5976],[140.6713,36.5975],[140.6714,36.5976],[140.6714,36.5976],[140.6714,36.5976],[140.6714,36.5975],[140.6714,36.5975],[140.6714,36.5975],[140.6714,36.5974],[140.6713,36.5975],[140.6713,36.5975],[140.6712,36.5975],[140.6713,36.5975],[140.6712,36.5975],[140.6711,36.5976],[140.6711,36.5976],[140.6711,36.5976],[140.6711,36.5976],[140.6711,36.5976],[140.671,36.5976],[140.671,36.5976],[140.671,36.5976],[140.671,36.5976],[140.671,36.5976],[140.671,36.5976],[140.671,36.5975],[140.671,36.5975],[140.671,36.5975],[140.671,36.5975],[140.671,36.5975],[140.671,36.5975],[140.6709,36.5975],[140.6709,36.5975],[140.6709,36.5975],[140.6709,36.5975],[140.6709,36.5975],[140.6709,36.5975],[140.6709,36.5975],[140.6709,36.5975],[140.6709,36.5975],[140.6709,36.5975],[140.6708,36.5975],[140.6708,36.5975],[140.6708,36.5975],[140.6708,36.5975],[140.6708,36.5975],[140.6708,36.5975],[140.6707,36.5974],[140.6707,36.5974],[140.6706,36.5973],[140.6705,36.5972],[140.6704,36.5971],[140.6704,36.5971],[140.6704,36.597],[140.6703,36.597],[140.6703,36.5969],[140.6702,36.5969],[140.6702,36.5969],[140.6701,36.5968],[140.6701,36.5967],[140.67,36.5967],[140.67,36.5967],[140.67,36.5967],[140.6699,36.5966],[140.6699,36.5966],[140.6698,36.5965],[140.6698,36.5965],[140.6697,36.5965],[140.6697,36.5964],[140.6697,36.5964],[140.6696,36.5964],[140.6696,36.5963],[140.6696,36.5963],[140.6695,36.5962],[140.6695,36.5962],[140.6695,36.5962],[140.6695,36.5962],[140.6695,36.5961],[140.6695,36.5961],[140.6694,36.5961],[140.6694,36.596],[140.6693,36.5959],[140.6692,36.5959],[140.6692,36.5958],[140.6691,36.5958],[140.6691,36.5957],[140.669,36.5957],[140.669,36.5957],[140.669,36.5957],[140.669,36.5957],[140.669,36.5957],[140.669,36.5957],[140.6689,36.5957],[140.6689,36.5957],[140.6689,36.5957],[140.6689,36.5957],[140.6689,36.5957],[140.6689,36.5956],[140.6688,36.5956],[140.6688,36.5956],[140.6688,36.5956],[140.6687,36.5955],[140.6686,36.5954],[140.6685,36.5953],[140.6683,36.5951],[140.6683,36.5951],[140.6676,36.5943],[140.667,36.5945],[140.6667,36.5946],[140.6667,36.5946],[140.6665,36.5946],[140.6665,36.5946],[140.6665,36.5946],[140.6664,36.5946],[140.6664,36.5945],[140.6664,36.5945],[140.6664,36.5944],[140.6664,36.5944],[140.6664,36.5943],[140.6663,36.5941],[140.6662,36.594],[140.6662,36.5939],[140.6661,36.5938],[140.666,36.5937],[140.6659,36.5937],[140.6658,36.5935],[140.6657,36.5933],[140.6657,36.5932],[140.6656,36.5931],[140.6656,36.593],[140.6656,36.5929],[140.6655,36.5929],[140.6655,36.5928],[140.6654,36.5927],[140.6654,36.5926],[140.6654,36.5926],[140.6654,36.5926],[140.6654,36.5926],[140.6654,36.5925],[140.6654,36.5925],[140.6653,36.5924],[140.6653,36.5924],[140.6653,36.5923],[140.6652,36.5922],[140.6652,36.5922],[140.6652,36.5922],[140.6651,36.5921],[140.665,36.592],[140.6649,36.5919],[140.6648,36.5917],[140.6648,36.5917],[140.6647,36.5917],[140.6646,36.5914],[140.6644,36.5912],[140.6644,36.5911],[140.6643,36.5909],[140.6642,36.5906],[140.6641,36.5904],[140.6641,36.5903],[140.6641,36.5902],[140.6641,36.59],[140.6641,36.5897],[140.6641,36.5896],[140.6641,36.5895],[140.6641,36.5894],[140.664,36.5893],[140.6639,36.5892],[140.6639,36.5891],[140.6638,36.5889],[140.6638,36.5889],[140.6638,36.5889],[140.6638,36.5889],[140.6638,36.5889],[140.6637,36.5889],[140.6637,36.5888],[140.6637,36.5888],[140.6637,36.5887],[140.6637,36.5887],[140.6637,36.5886],[140.6637,36.5885],[140.6636,36.5884],[140.6636,36.5883],[140.6635,36.5882],[140.6635,36.5881],[140.6635,36.5881],[140.6634,36.5879],[140.6634,36.5877],[140.6634,36.5875],[140.6633,36.5873],[140.6633,36.5872],[140.6633,36.587],[140.6632,36.5869],[140.6632,36.5868],[140.6631,36.5866],[140.6631,36.5865],[140.663,36.5864],[140.663,36.5862],[140.6629,36.5861],[140.6629,36.586],[140.6629,36.586],[140.6629,36.586],[140.6628,36.586],[140.6628,36.586],[140.6628,36.586],[140.6628,36.5859],[140.6628,36.5859],[140.6628,36.5859],[140.6628,36.5859],[140.6628,36.5858],[140.6628,36.5857],[140.6627,36.5855],[140.6627,36.5854],[140.6627,36.5853],[140.6627,36.5851],[140.6627,36.585],[140.6626,36.5848],[140.6626,36.5847],[140.6626,36.5847],[140.6626,36.5847],[140.6626,36.5847],[140.6625,36.5844],[140.6625,36.5844],[140.6625,36.5844],[140.6625,36.5843],[140.6625,36.5842],[140.6624,36.5841],[140.6624,36.584],[140.6624,36.5839],[140.6624,36.5839],[140.6624,36.5838],[140.6624,36.5836],[140.6624,36.5833],[140.6624,36.5833],[140.6624,36.5831],[140.6624,36.5831],[140.6624,36.5829],[140.6623,36.5829],[140.6623,36.5828],[140.6624,36.5828],[140.6624,36.5827],[140.6624,36.5827],[140.6626,36.5826],[140.6626,36.5825],[140.6626,36.5822],[140.6626,36.5821],[140.6626,36.5821],[140.6626,36.582],[140.6626,36.5819],[140.6626,36.5818],[140.6626,36.5817],[140.6625,36.5817],[140.6625,36.5816],[140.6625,36.5816],[140.6626,36.5815],[140.6626,36.5815],[140.6626,36.5814],[140.6626,36.5814],[140.6626,36.5814],[140.6626,36.5814],[140.6625,36.5813],[140.6625,36.5813],[140.6624,36.5813],[140.6624,36.5812],[140.6624,36.5812],[140.6623,36.5812],[140.6623,36.5812],[140.6623,36.5811],[140.6622,36.5811],[140.6621,36.5811],[140.6621,36.5811],[140.662,36.5811],[140.662,36.581],[140.6619,36.581],[140.6619,36.581],[140.6619,36.5809],[140.6619,36.5809],[140.6618,36.5809],[140.6618,36.5808],[140.6618,36.5808],[140.6618,36.5808],[140.6618,36.5808],[140.6618,36.5808],[140.6617,36.5808],[140.6617,36.5808],[140.6617,36.5808],[140.6617,36.5808],[140.6617,36.5809],[140.6616,36.5809],[140.6615,36.5809],[140.6615,36.5809],[140.6615,36.5809],[140.6613,36.5808],[140.6613,36.5808],[140.6613,36.5808],[140.6613,36.5808],[140.6612,36.5807],[140.6612,36.5807],[140.6612,36.5807],[140.6612,36.5806],[140.6611,36.5805],[140.6611,36.5803],[140.6611,36.5803],[140.6611,36.5803],[140.6611,36.5803],[140.6611,36.58],[140.6611,36.5799],[140.6611,36.5798],[140.6611,36.5797],[140.6611,36.5796],[140.6612,36.5792],[140.6624,36.5784],[140.6623,36.5774],[140.6617,36.5768],[140.6606,36.5771],[140.6604,36.5767],[140.6603,36.5765],[140.6603,36.5765],[140.6602,36.5757],[140.6601,36.5757],[140.6602,36.5761],[140.6602,36.5761],[140.6603,36.5767],[140.6605,36.5772],[140.6616,36.5769],[140.662,36.5772],[140.662,36.5773],[140.6622,36.5775],[140.6622,36.5782],[140.6608,36.5792],[140.6605,36.5789],[140.6607,36.5788],[140.6605,36.5786],[140.6593,36.579],[140.6589,36.578],[140.6587,36.5781],[140.6586,36.5778],[140.659,36.5777],[140.6592,36.5777],[140.6592,36.5777],[140.6598,36.5778],[140.6598,36.5777],[140.66,36.5778],[140.66,36.5778],[140.66,36.5778],[140.6601,36.5778],[140.6601,36.5778],[140.6601,36.5778],[140.6601,36.5778],[140.6601,36.5779],[140.6602,36.5779],[140.6602,36.5779],[140.6602,36.5779],[140.6602,36.5778],[140.6602,36.5778],[140.6602,36.5778],[140.6602,36.5779],[140.6602,36.5779],[140.6603,36.5779],[140.6603,36.5779],[140.6603,36.5779],[140.6603,36.5779],[140.6603,36.5779],[140.6603,36.5779],[140.6603,36.5778],[140.6603,36.5778],[140.6603,36.5778],[140.6603,36.5778],[140.6603,36.5778],[140.6603,36.5778],[140.6603,36.5777],[140.6603,36.5777],[140.6602,36.5777],[140.6602,36.5777],[140.6602,36.5777],[140.6602,36.5777],[140.6602,36.5777],[140.6602,36.5777],[140.6602,36.5777],[140.6602,36.5777],[140.6601,36.5777],[140.6601,36.5777],[140.6601,36.5777],[140.6601,36.5777],[140.6601,36.5777],[140.6601,36.5777],[140.66,36.5777],[140.66,36.5777],[140.66,36.5778],[140.66,36.5778],[140.6598,36.5777],[140.6599,36.5775],[140.66,36.5775],[140.6598,36.577],[140.6598,36.577],[140.6597,36.5768],[140.6597,36.5768],[140.6597,36.577],[140.6597,36.577],[140.6598,36.5774],[140.6593,36.5775],[140.6592,36.5775],[140.6589,36.5776],[140.6583,36.5777],[140.6583,36.5777],[140.6578,36.5779],[140.6579,36.5779],[140.6578,36.5779],[140.6575,36.5778],[140.6575,36.5777],[140.657,36.5774],[140.6573,36.5769],[140.6573,36.577],[140.658,36.5761],[140.6583,36.5756],[140.6582,36.5755],[140.6572,36.5768],[140.6571,36.5769],[140.6571,36.5769],[140.6569,36.5769],[140.6569,36.5769],[140.6568,36.5768],[140.6567,36.5768],[140.6567,36.5767],[140.6566,36.5767],[140.6562,36.5766],[140.6561,36.5766],[140.6561,36.5766],[140.656,36.5766],[140.6559,36.5766],[140.6559,36.5766],[140.6558,36.5766],[140.6558,36.5766],[140.6557,36.5766],[140.6556,36.5765],[140.6554,36.5764],[140.6551,36.5762],[140.6549,36.576],[140.6547,36.5757],[140.6544,36.5754],[140.6542,36.5751],[140.6542,36.575],[140.6542,36.575],[140.654,36.5747],[140.6536,36.5742],[140.6534,36.5739],[140.6533,36.5735],[140.653,36.5731],[140.6529,36.573],[140.6528,36.5729],[140.6528,36.5729],[140.6528,36.5728],[140.6528,36.5727],[140.6528,36.5727],[140.6528,36.5726],[140.6527,36.5724],[140.6527,36.5723],[140.6527,36.5721],[140.6526,36.5716],[140.6526,36.5714],[140.6525,36.5712],[140.6524,36.5711],[140.6523,36.571],[140.6523,36.571],[140.6522,36.5709],[140.6522,36.5709],[140.6522,36.5708],[140.6522,36.5708],[140.6522,36.5708],[140.6522,36.5708],[140.6522,36.5708],[140.6522,36.5707],[140.6522,36.5707],[140.6522,36.5707],[140.6522,36.5707],[140.6521,36.5706],[140.6521,36.5706],[140.6521,36.5705],[140.6521,36.5705],[140.6521,36.5704],[140.6521,36.5704],[140.6521,36.5704],[140.6521,36.5703],[140.652,36.5703],[140.652,36.5702],[140.652,36.5701],[140.652,36.5701],[140.652,36.5698],[140.652,36.5696],[140.652,36.5696],[140.652,36.5695],[140.652,36.5695],[140.652,36.5694],[140.652,36.5694],[140.6519,36.5693],[140.6519,36.5692],[140.6519,36.5692],[140.6519,36.5691],[140.6519,36.5691],[140.6519,36.569],[140.6519,36.569],[140.6518,36.569],[140.6518,36.5689],[140.6518,36.5689],[140.6518,36.5688],[140.6517,36.5688],[140.6517,36.5688],[140.6517,36.5687],[140.6516,36.5686],[140.6516,36.5686],[140.6516,36.5686],[140.6516,36.5685],[140.6515,36.5685],[140.6515,36.5685],[140.6515,36.5685],[140.6515,36.5684],[140.6515,36.5684],[140.6515,36.5684],[140.6514,36.5684],[140.6514,36.5683],[140.6514,36.5683],[140.6514,36.5683],[140.6514,36.5682],[140.6514,36.5682],[140.6513,36.5682],[140.6513,36.5681],[140.6513,36.5681],[140.6513,36.5681],[140.6513,36.568],[140.6512,36.568],[140.6512,36.5679],[140.6512,36.5679],[140.6512,36.5678],[140.6512,36.5678],[140.6511,36.5678],[140.6511,36.5678],[140.6511,36.5677],[140.6511,36.5677],[140.6511,36.5677],[140.6511,36.5676],[140.6511,36.5676],[140.651,36.5676],[140.651,36.5676],[140.651,36.5675],[140.651,36.5675],[140.651,36.5675],[140.651,36.5675],[140.6509,36.5674],[140.6509,36.5674],[140.6509,36.5674],[140.6509,36.5673],[140.6508,36.5673],[140.6508,36.5673],[140.6508,36.5673],[140.6508,36.5672],[140.6507,36.5672],[140.6507,36.5672],[140.6507,36.5672],[140.6507,36.5672],[140.6507,36.5671],[140.6507,36.5671],[140.6507,36.5671],[140.6508,36.5671],[140.6508,36.5671],[140.6508,36.567],[140.6508,36.567],[140.6508,36.567],[140.6507,36.567],[140.6507,36.567],[140.6507,36.567],[140.6507,36.567],[140.6507,36.567],[140.6506,36.567],[140.6506,36.567],[140.6506,36.567],[140.6506,36.567],[140.6506,36.567],[140.6505,36.567],[140.6505,36.567],[140.6505,36.567],[140.6505,36.567],[140.6504,36.567],[140.6504,36.567],[140.6504,36.567],[140.6504,36.5669],[140.6504,36.5669],[140.6503,36.5669],[140.6503,36.5669],[140.6503,36.5668],[140.6503,36.5668],[140.6503,36.5668],[140.6503,36.5667],[140.6503,36.5667],[140.6503,36.5667],[140.6503,36.5666],[140.6503,36.5666],[140.6503,36.5666],[140.6502,36.5665],[140.6502,36.5665],[140.6502,36.5665],[140.6502,36.5664],[140.6502,36.5664],[140.6502,36.5664],[140.6503,36.5664],[140.6503,36.5664],[140.6503,36.5664],[140.6503,36.5663],[140.6503,36.5663],[140.6503,36.5663],[140.6503,36.5663],[140.6503,36.5663],[140.6503,36.5662],[140.6503,36.5662],[140.6503,36.5662],[140.6502,36.5662],[140.6502,36.5662],[140.6502,36.5662],[140.6502,36.5662],[140.6502,36.5663],[140.6501,36.5663],[140.6501,36.5663],[140.6501,36.5663],[140.6501,36.5663],[140.65,36.5663],[140.65,36.5663],[140.65,36.5663],[140.65,36.5663],[140.65,36.5663],[140.65,36.5663],[140.65,36.5663],[140.6499,36.5662],[140.6499,36.5662],[140.6499,36.5662],[140.6499,36.5662],[140.6499,36.5661],[140.6499,36.5661],[140.6499,36.5661],[140.6499,36.566],[140.6499,36.566],[140.6499,36.566],[140.6499,36.566],[140.6499,36.566],[140.6499,36.5659],[140.6499,36.5659],[140.6499,36.5659],[140.6498,36.5658],[140.6498,36.5658],[140.6498,36.5657],[140.6498,36.5657],[140.6498,36.5655],[140.6498,36.5655],[140.6498,36.5654],[140.6496,36.5651],[140.6494,36.5648],[140.6494,36.5648],[140.6494,36.5647],[140.6494,36.5647],[140.6494,36.5647],[140.6494,36.5647],[140.6494,36.5646],[140.6494,36.5646],[140.6494,36.5645],[140.6494,36.5645],[140.6494,36.5644],[140.6494,36.5644],[140.6493,36.5643],[140.6493,36.5643],[140.6493,36.5642],[140.6493,36.5642],[140.6492,36.5641],[140.6492,36.5641],[140.6492,36.564],[140.6491,36.5639],[140.6491,36.5639],[140.6491,36.5639],[140.6491,36.5638],[140.6491,36.5638],[140.6491,36.5638],[140.6491,36.5638],[140.649,36.5638],[140.649,36.5637],[140.649,36.5637],[140.649,36.5637],[140.649,36.5637],[140.6489,36.5637],[140.6489,36.5636],[140.6489,36.5636],[140.6489,36.5636],[140.6489,36.5636],[140.6489,36.5635],[140.6489,36.5635],[140.6489,36.5635],[140.6489,36.5635],[140.6489,36.5634],[140.6488,36.5634],[140.6488,36.5634],[140.6488,36.5634],[140.6488,36.5634],[140.6488,36.5634],[140.6488,36.5633],[140.6488,36.5633],[140.6488,36.5633],[140.6488,36.5633],[140.6488,36.5632],[140.6488,36.5632],[140.6488,36.5632],[140.6487,36.5631],[140.6487,36.563],[140.6486,36.5629],[140.6486,36.5629],[140.6486,36.5627],[140.6485,36.5627],[140.6485,36.5626],[140.6485,36.5625],[140.6484,36.5624],[140.6484,36.5623],[140.6484,36.5623],[140.6484,36.5622],[140.6484,36.5622],[140.6484,36.5621],[140.6483,36.562],[140.6483,36.562],[140.6483,36.5619],[140.6483,36.5618],[140.6483,36.5618],[140.6483,36.5617],[140.6483,36.5616],[140.6483,36.5616],[140.6483,36.5615],[140.6483,36.5615],[140.6483,36.5615],[140.6483,36.5614],[140.6482,36.5612],[140.6482,36.5611],[140.6482,36.561],[140.6482,36.5609],[140.6482,36.5608],[140.6482,36.5608],[140.6481,36.5606],[140.648,36.5606],[140.648,36.5605],[140.6479,36.5601],[140.6479,36.5601],[140.6479,36.56],[140.6477,36.5596],[140.6477,36.5595],[140.6477,36.5594],[140.6477,36.5592],[140.6477,36.559],[140.6476,36.5589],[140.6476,36.5589],[140.6476,36.5588],[140.6475,36.5587],[140.6474,36.5586],[140.6474,36.5586],[140.6473,36.5585],[140.6473,36.5585],[140.6472,36.5585],[140.6472,36.5585],[140.6472,36.5584],[140.6471,36.5584],[140.6471,36.5584],[140.6471,36.5584],[140.6471,36.5583],[140.6471,36.5583],[140.6471,36.5583],[140.6471,36.5583],[140.647,36.5583],[140.647,36.5582],[140.647,36.5582],[140.647,36.5582],[140.6469,36.5581],[140.6469,36.5581],[140.6469,36.558],[140.6469,36.558],[140.6469,36.558],[140.6468,36.5579],[140.6468,36.5579],[140.6468,36.5578],[140.6468,36.5578],[140.6468,36.5577],[140.6467,36.5577],[140.6467,36.5576],[140.6467,36.5575],[140.6467,36.5575],[140.6467,36.5575],[140.6466,36.5574],[140.6466,36.5574],[140.6466,36.5574],[140.6466,36.5573],[140.6466,36.5573],[140.6466,36.5573],[140.6466,36.5573],[140.6466,36.5573],[140.6466,36.5572],[140.6466,36.5572],[140.6466,36.5572],[140.6465,36.5571],[140.6465,36.557],[140.6465,36.557],[140.6465,36.5569],[140.6465,36.5569],[140.6465,36.5569],[140.6465,36.5569],[140.6464,36.5568],[140.6464,36.5568],[140.6464,36.5568],[140.6464,36.5568],[140.6464,36.5567],[140.6463,36.5567],[140.6463,36.5567],[140.6463,36.5566],[140.6463,36.5565],[140.6462,36.5565],[140.6462,36.5565],[140.6461,36.556],[140.6461,36.556],[140.646,36.556],[140.646,36.556],[140.646,36.5559],[140.646,36.5559],[140.646,36.5558],[140.6459,36.5558],[140.6459,36.5557],[140.6459,36.5557],[140.6459,36.5556],[140.6459,36.5556],[140.6458,36.5555],[140.6458,36.5554],[140.6458,36.5554],[140.6458,36.5554],[140.6458,36.5553],[140.6458,36.5553],[140.6457,36.5552],[140.6457,36.5552],[140.6457,36.5552],[140.6457,36.5551],[140.6457,36.5551],[140.6457,36.5551],[140.6457,36.555],[140.6456,36.555],[140.6456,36.5549],[140.6456,36.5549],[140.6456,36.5548],[140.6456,36.5548],[140.6456,36.5548],[140.6456,36.5548],[140.6456,36.5548],[140.6455,36.5547],[140.6455,36.5547],[140.6455,36.5546],[140.6454,36.5544],[140.6453,36.5542],[140.6453,36.5541],[140.6452,36.5539],[140.6451,36.5537],[140.6451,36.5535],[140.645,36.5534],[140.645,36.5532],[140.6449,36.553],[140.6448,36.5529],[140.6448,36.5527],[140.6447,36.5525],[140.6447,36.5523],[140.6446,36.5522],[140.6446,36.552],[140.6445,36.5519],[140.6445,36.5518],[140.6444,36.5517],[140.6444,36.5517],[140.6443,36.5516],[140.6443,36.5516],[140.6441,36.5516],[140.644,36.5516],[140.6439,36.5516],[140.6439,36.5516],[140.6438,36.5516],[140.6438,36.5515],[140.6437,36.5515],[140.6438,36.5513],[140.6439,36.5512],[140.644,36.5511],[140.644,36.551],[140.6441,36.5509],[140.6441,36.5509],[140.6441,36.5508],[140.6441,36.5507],[140.6441,36.5506],[140.6441,36.5505],[140.644,36.5505],[140.644,36.5504],[140.644,36.5503],[140.6441,36.5501],[140.6441,36.55],[140.6441,36.55],[140.6441,36.55],[140.6441,36.5499],[140.6441,36.5498],[140.6441,36.5498],[140.644,36.5497],[140.644,36.5496],[140.644,36.5494],[140.644,36.5491],[140.644,36.5491],[140.644,36.549],[140.644,36.5489],[140.6441,36.5487],[140.6442,36.5485],[140.6442,36.5485],[140.6442,36.5484],[140.6442,36.5484],[140.6443,36.5482],[140.6443,36.5481],[140.6444,36.5479],[140.6445,36.5478],[140.6445,36.5477],[140.6445,36.5477],[140.6446,36.5477],[140.6447,36.5476],[140.6448,36.5476],[140.6448,36.5475],[140.6449,36.5473],[140.6451,36.5471],[140.6451,36.547],[140.6451,36.5469],[140.6451,36.5468],[140.6451,36.5468],[140.6451,36.5468],[140.6451,36.5468],[140.645,36.5467],[140.645,36.5467],[140.6451,36.5466],[140.6451,36.5465],[140.6452,36.5464],[140.6452,36.5463],[140.6452,36.5463],[140.6453,36.5462],[140.6453,36.546],[140.6453,36.546],[140.6454,36.5459],[140.6454,36.5458],[140.6455,36.5457],[140.6456,36.5455],[140.6457,36.5453],[140.6458,36.5452],[140.6458,36.5452],[140.6458,36.545],[140.6459,36.5448],[140.6459,36.5447],[140.646,36.5447],[140.646,36.5446],[140.646,36.5446],[140.646,36.5446],[140.646,36.5446],[140.646,36.5446],[140.646,36.5446],[140.646,36.5445],[140.646,36.5445],[140.646,36.5445],[140.646,36.5445],[140.646,36.5445],[140.6461,36.5445],[140.6461,36.5444],[140.6461,36.5444],[140.6461,36.5444],[140.6461,36.5444],[140.6461,36.5444],[140.6461,36.5444],[140.6461,36.5443],[140.6461,36.5443],[140.6461,36.5443],[140.6461,36.5443],[140.6461,36.5443],[140.6462,36.5443],[140.6462,36.5442],[140.6462,36.5442],[140.6462,36.5442],[140.6462,36.5442],[140.6462,36.5442],[140.6462,36.5442],[140.6462,36.5441],[140.6462,36.5441],[140.6461,36.5441],[140.6461,36.5441],[140.6461,36.5441],[140.6461,36.544],[140.6461,36.544],[140.6461,36.544],[140.6461,36.544],[140.6461,36.544],[140.6461,36.544],[140.6461,36.5439],[140.6461,36.5439],[140.6461,36.5439],[140.6461,36.5439],[140.6461,36.5439],[140.6461,36.5439],[140.6461,36.5438],[140.6461,36.5438],[140.646,36.5438],[140.646,36.5438],[140.646,36.5438],[140.646,36.5438],[140.646,36.5437],[140.646,36.5437],[140.646,36.5437],[140.646,36.5437],[140.646,36.5437],[140.646,36.5437],[140.646,36.5436],[140.646,36.5436],[140.646,36.5436],[140.646,36.5436],[140.6459,36.5436],[140.6459,36.5436],[140.6459,36.5435],[140.6459,36.5435],[140.6459,36.5435],[140.6459,36.5435],[140.6459,36.5435],[140.6459,36.5435],[140.6459,36.5434],[140.6458,36.5434],[140.6458,36.5434],[140.6458,36.5433],[140.6458,36.5433],[140.6457,36.5432],[140.6457,36.5432],[140.6457,36.5432],[140.6457,36.5432],[140.6457,36.5432],[140.6457,36.5432],[140.6457,36.5432],[140.6457,36.5431],[140.6457,36.5431],[140.6456,36.5431],[140.6456,36.5431],[140.6456,36.5431],[140.6456,36.5431],[140.6456,36.543],[140.6456,36.543],[140.6456,36.543],[140.6456,36.543],[140.6456,36.543],[140.6456,36.543],[140.6456,36.5429],[140.6456,36.5429],[140.6456,36.5429],[140.6455,36.5429],[140.6455,36.5429],[140.6455,36.5429],[140.6455,36.5428],[140.6455,36.5428],[140.6455,36.5428],[140.6455,36.5428],[140.6455,36.5428],[140.6455,36.5427],[140.6455,36.5427],[140.6455,36.5427],[140.6455,36.5427],[140.6455,36.5427],[140.6455,36.5427],[140.6455,36.5426],[140.6455,36.5426],[140.6455,36.5426],[140.6455,36.5426],[140.6455,36.5426],[140.6456,36.5426],[140.6456,36.5425],[140.6458,36.5424],[140.6459,36.5424],[140.646,36.5422],[140.6462,36.5417],[140.6462,36.5417],[140.6465,36.5412],[140.6462,36.5412],[140.6461,36.5413],[140.6461,36.5415],[140.646,36.5417],[140.646,36.5417],[140.6459,36.5418],[140.6458,36.542],[140.6458,36.5421],[140.6457,36.5422],[140.6457,36.5422],[140.6457,36.5422],[140.6456,36.5422],[140.6455,36.5422],[140.6454,36.5421],[140.6453,36.5421],[140.6451,36.542],[140.645,36.542],[140.6449,36.542],[140.6448,36.542],[140.6447,36.5419],[140.6447,36.5419],[140.6446,36.5419],[140.6446,36.5419],[140.6446,36.5419],[140.6446,36.5419],[140.6446,36.5419],[140.6447,36.5418],[140.6447,36.5418],[140.6447,36.5418],[140.6447,36.5417],[140.6447,36.5417],[140.6447,36.5417],[140.6447,36.5417],[140.6446,36.5417],[140.6444,36.5421],[140.6444,36.5421],[140.6444,36.5423],[140.6442,36.5424],[140.6441,36.5424],[140.6436,36.5417],[140.6436,36.5417],[140.6435,36.5414],[140.6439,36.5412],[140.6442,36.5411],[140.6443,36.5412],[140.6444,36.5413],[140.6445,36.5413],[140.6445,36.5413],[140.6445,36.5414],[140.6445,36.5414],[140.6446,36.5414],[140.6446,36.5414],[140.6446,36.5414],[140.6447,36.5414],[140.6447,36.5414],[140.6447,36.5413],[140.6446,36.5412],[140.6442,36.5408],[140.6442,36.5408],[140.6447,36.5405],[140.6447,36.5405],[140.6447,36.5405],[140.6448,36.5404],[140.6454,36.5407],[140.6454,36.5406],[140.645,36.5403],[140.6448,36.5403],[140.644,36.5407],[140.6434,36.541],[140.6429,36.5412],[140.6424,36.5414],[140.6423,36.5414],[140.6421,36.5414],[140.6421,36.5414],[140.6419,36.5413],[140.6419,36.5412],[140.6418,36.5412],[140.6418,36.5412],[140.6417,36.5411],[140.6417,36.5411],[140.6416,36.541],[140.6415,36.5409],[140.6414,36.5407],[140.6412,36.5405],[140.6411,36.5405],[140.6411,36.5404],[140.641,36.5403],[140.6409,36.5402],[140.6408,36.5401],[140.6405,36.5399],[140.6405,36.5398],[140.6403,36.5397],[140.6403,36.5397],[140.6401,36.5396],[140.6399,36.5395],[140.6396,36.5394],[140.6395,36.5393],[140.6395,36.5392],[140.6394,36.5392],[140.6394,36.5392],[140.6394,36.5392],[140.6394,36.5392],[140.6394,36.5392],[140.6394,36.5392],[140.6394,36.5392],[140.6394,36.5392],[140.6394,36.5392],[140.6394,36.5392],[140.6393,36.5391],[140.6393,36.5391],[140.6393,36.5391],[140.6392,36.539],[140.6392,36.5389],[140.6392,36.5389],[140.6391,36.5388],[140.639,36.5387],[140.6389,36.5386],[140.6388,36.5385],[140.6387,36.5385],[140.6387,36.5385],[140.6387,36.5384],[140.6387,36.5383],[140.6387,36.5383],[140.6387,36.5383],[140.6386,36.5383],[140.6386,36.5382],[140.6385,36.5381],[140.6385,36.538],[140.6385,36.538],[140.6385,36.538],[140.6385,36.538],[140.6385,36.5379],[140.6385,36.5379],[140.6385,36.5379],[140.6385,36.5379],[140.6385,36.5378],[140.6385,36.5378],[140.6384,36.5378],[140.6384,36.5376],[140.6384,36.5376],[140.6384,36.5376],[140.6384,36.5376],[140.6384,36.5376],[140.6383,36.5376],[140.6383,36.5376],[140.6383,36.5376],[140.6382,36.5375],[140.6382,36.5375],[140.6382,36.5374],[140.6382,36.5374],[140.6382,36.5374],[140.6382,36.5374],[140.6383,36.5374],[140.6383,36.5373],[140.6383,36.5373],[140.6383,36.5372],[140.6383,36.5371],[140.6383,36.5371],[140.6382,36.537],[140.6382,36.5369],[140.6382,36.5369],[140.6382,36.5368],[140.6382,36.5368],[140.6382,36.5367],[140.6382,36.5367],[140.6382,36.5367],[140.6382,36.5366],[140.6382,36.5366],[140.6382,36.5365],[140.6381,36.5365],[140.6381,36.5365],[140.6381,36.5364],[140.6381,36.5361],[140.6381,36.5361],[140.6381,36.536],[140.638,36.536],[140.638,36.5359],[140.638,36.5359],[140.6379,36.5358],[140.6379,36.5356],[140.6379,36.5356],[140.6379,36.5355],[140.6379,36.5354],[140.6379,36.5354],[140.6379,36.5352],[140.6379,36.535],[140.6379,36.5348],[140.6379,36.5346],[140.6379,36.5344],[140.6379,36.5344],[140.6378,36.5342],[140.6378,36.5341],[140.6378,36.5339],[140.6377,36.5338],[140.6377,36.5337],[140.6377,36.5337],[140.6377,36.5337],[140.6377,36.5336],[140.6375,36.5334],[140.6375,36.5333],[140.6375,36.5333],[140.6375,36.5333],[140.6375,36.5333],[140.6375,36.5333],[140.6375,36.5333],[140.6375,36.5332],[140.6375,36.5332],[140.6375,36.5332],[140.6375,36.5331],[140.6374,36.533],[140.6374,36.533],[140.6374,36.533],[140.6375,36.5327],[140.6375,36.5323],[140.6375,36.5322],[140.6373,36.5315],[140.6372,36.5311],[140.6371,36.5311],[140.6371,36.531],[140.6371,36.5307],[140.6371,36.5307],[140.6371,36.5306],[140.6371,36.5305],[140.6371,36.5305],[140.637,36.5305],[140.637,36.5304],[140.6369,36.5302],[140.6369,36.5301],[140.6369,36.5301],[140.6369,36.53],[140.6369,36.53],[140.6369,36.53],[140.6368,36.53],[140.6368,36.5299],[140.6367,36.5298],[140.6366,36.5297],[140.6366,36.5296],[140.6366,36.5296],[140.6366,36.5295],[140.6366,36.5294],[140.6365,36.5294],[140.6365,36.5293],[140.6364,36.5293],[140.6364,36.5292],[140.6364,36.5292],[140.6364,36.5291],[140.6364,36.5291],[140.6364,36.5291],[140.6363,36.5289],[140.6363,36.5289],[140.6363,36.5288],[140.6363,36.5288],[140.6363,36.5288],[140.6363,36.5287],[140.6362,36.5287],[140.6362,36.5287],[140.6362,36.5286],[140.6361,36.5286],[140.6361,36.5285],[140.636,36.5284],[140.636,36.5283],[140.6359,36.5281],[140.6358,36.528],[140.6358,36.528],[140.6357,36.5278],[140.6356,36.5277],[140.6356,36.5276],[140.6355,36.5275],[140.6355,36.5275],[140.6355,36.5274],[140.6353,36.527],[140.6352,36.5266],[140.6351,36.5263],[140.635,36.526],[140.6347,36.525],[140.6347,36.525],[140.6347,36.5249],[140.6345,36.5243],[140.6343,36.5239],[140.6342,36.5235],[140.634,36.523],[140.634,36.5229],[140.6337,36.5221],[140.6337,36.522],[140.6337,36.522],[140.6336,36.5219],[140.6335,36.5215],[140.6334,36.5213],[140.6334,36.5212],[140.6334,36.5211],[140.6334,36.5208],[140.6334,36.5208],[140.6334,36.5208],[140.6334,36.5208],[140.6334,36.5208],[140.6335,36.5205],[140.6336,36.5198],[140.6338,36.5192],[140.6339,36.5189],[140.634,36.5187],[140.634,36.5187],[140.634,36.5187],[140.634,36.5187],[140.634,36.5187],[140.634,36.5187],[140.6341,36.5186],[140.6342,36.5187],[140.6347,36.5186],[140.6347,36.5185],[140.6342,36.5186],[140.6342,36.5186],[140.6342,36.5186],[140.6342,36.5186],[140.6341,36.5186],[140.6341,36.5186],[140.6341,36.5185],[140.6341,36.5185],[140.6341,36.5185],[140.6341,36.5185],[140.6341,36.5184],[140.6341,36.5184],[140.6341,36.5183],[140.6341,36.5183],[140.6341,36.5182],[140.6341,36.5181],[140.6341,36.518],[140.6341,36.518],[140.6341,36.518],[140.6341,36.5179],[140.6341,36.5179],[140.6341,36.5179],[140.6341,36.5178],[140.6341,36.5178],[140.6341,36.5177],[140.6341,36.5176],[140.6341,36.5176],[140.6341,36.5175],[140.6341,36.5175],[140.6341,36.5175],[140.6341,36.5175],[140.6341,36.5174],[140.634,36.5173],[140.6339,36.5171],[140.6339,36.5171],[140.6338,36.517],[140.6336,36.5167],[140.6336,36.5167],[140.6336,36.5165],[140.6335,36.5164],[140.6335,36.5164],[140.6335,36.5163],[140.6335,36.5162],[140.6335,36.5161],[140.6335,36.5161],[140.6335,36.5161],[140.6335,36.5161],[140.6335,36.516],[140.6336,36.516],[140.6336,36.516],[140.6336,36.516],[140.634,36.5158],[140.634,36.5158],[140.634,36.5158],[140.634,36.5158],[140.634,36.5158],[140.6341,36.5158],[140.6341,36.5158],[140.6341,36.5158],[140.6341,36.5158],[140.6341,36.5158],[140.6341,36.5158],[140.6341,36.5157],[140.6341,36.5157],[140.6341,36.5157],[140.6341,36.5157],[140.6341,36.5156],[140.6341,36.5156],[140.6341,36.5156],[140.6341,36.5156],[140.6341,36.5156],[140.6341,36.5156],[140.6341,36.5156],[140.6341,36.5155],[140.634,36.5155],[140.634,36.5155],[140.634,36.5155],[140.634,36.5154],[140.6339,36.5153],[140.6339,36.5153],[140.6338,36.5153],[140.6338,36.5152],[140.6338,36.5152],[140.6337,36.5152],[140.6337,36.5151],[140.6334,36.515],[140.6333,36.515],[140.6333,36.515],[140.6332,36.515],[140.6332,36.515],[140.6331,36.515],[140.633,36.515],[140.633,36.5149],[140.6329,36.5149],[140.6329,36.5149],[140.6328,36.5149],[140.6327,36.5149],[140.6326,36.5149],[140.6326,36.5149],[140.6326,36.5149],[140.6325,36.5148],[140.6325,36.5148],[140.6321,36.5144],[140.632,36.5142],[140.6319,36.5141],[140.6318,36.514],[140.6318,36.5139],[140.6317,36.5138],[140.6316,36.5135],[140.6315,36.5129],[140.6315,36.5123],[140.6315,36.5118],[140.6315,36.5117],[140.6316,36.5117],[140.6316,36.5116],[140.6317,36.5115],[140.6318,36.5111],[140.6324,36.5102],[140.6324,36.5102],[140.6325,36.5101],[140.6325,36.5101],[140.6331,36.5099],[140.6331,36.5098],[140.6331,36.5098],[140.6331,36.5098],[140.633,36.5098],[140.633,36.5098],[140.6325,36.5099],[140.6324,36.51],[140.6324,36.51],[140.6324,36.51],[140.6324,36.51],[140.6322,36.5099],[140.6322,36.5099],[140.6322,36.5099],[140.6323,36.5099],[140.6325,36.5098],[140.6325,36.5098],[140.6326,36.5097],[140.6326,36.5097],[140.6327,36.5097],[140.6327,36.5097],[140.6328,36.5097],[140.6328,36.5097],[140.6329,36.5097],[140.6329,36.5096],[140.633,36.5096],[140.633,36.5095],[140.633,36.5095],[140.633,36.5095],[140.633,36.5094],[140.633,36.5094],[140.633,36.5094],[140.6331,36.5094],[140.6331,36.5094],[140.6331,36.5094],[140.6331,36.5094],[140.6331,36.5094],[140.6332,36.5093],[140.6332,36.5093],[140.6332,36.5093],[140.6332,36.5093],[140.6332,36.5093],[140.6332,36.5093],[140.6332,36.5093],[140.6332,36.5093],[140.6332,36.5093],[140.6333,36.5093],[140.6333,36.5093],[140.6333,36.5092],[140.6332,36.5092],[140.6332,36.5091],[140.6332,36.5091],[140.6332,36.5091],[140.6332,36.509],[140.6331,36.509],[140.6331,36.509],[140.6331,36.509],[140.633,36.509],[140.633,36.509],[140.633,36.5091],[140.633,36.5091],[140.6329,36.5091],[140.6329,36.5091],[140.6329,36.5091],[140.6329,36.5089],[140.6329,36.5089],[140.6329,36.5088],[140.6328,36.5088],[140.6328,36.5088],[140.6326,36.5087],[140.6326,36.5087],[140.6325,36.5086],[140.6324,36.5085],[140.6323,36.5084],[140.6322,36.5084],[140.6322,36.5083],[140.6322,36.5083],[140.6321,36.5083],[140.632,36.5082],[140.6319,36.5081],[140.6318,36.508],[140.6318,36.508],[140.6318,36.5079],[140.6318,36.5078],[140.6317,36.5078],[140.6317,36.5078],[140.6316,36.5077],[140.6316,36.5077],[140.6315,36.5076],[140.6313,36.5075],[140.6312,36.5074],[140.6311,36.5073],[140.6311,36.5072],[140.631,36.5072],[140.631,36.5071],[140.6309,36.507],[140.6309,36.5068],[140.6308,36.5066],[140.6307,36.5064],[140.6306,36.5062],[140.6305,36.506],[140.6305,36.5059],[140.6304,36.5058],[140.6304,36.5057],[140.6304,36.5055],[140.6303,36.5054],[140.6302,36.5051],[140.6302,36.5049],[140.6302,36.5049],[140.6302,36.5049],[140.6302,36.5048],[140.6302,36.5047],[140.6301,36.5046],[140.6301,36.5044],[140.6301,36.5043],[140.6301,36.5042],[140.6301,36.5041],[140.6301,36.5041],[140.6301,36.5039],[140.63,36.5038],[140.6299,36.5036],[140.6298,36.5036],[140.6298,36.5035],[140.6297,36.5035],[140.6297,36.5034],[140.6297,36.5034],[140.6297,36.5033],[140.6296,36.5032],[140.6296,36.5032],[140.6296,36.5031],[140.6295,36.5031],[140.6296,36.5031],[140.6296,36.503],[140.6296,36.503],[140.6296,36.503],[140.6297,36.5029],[140.6297,36.5029],[140.6298,36.5029],[140.6299,36.5028],[140.6299,36.5028],[140.6299,36.5028],[140.6299,36.5027],[140.631,36.5019],[140.6308,36.5013],[140.6306,36.5007],[140.6303,36.5001],[140.6303,36.5001],[140.6302,36.5],[140.6302,36.5],[140.6292,36.499],[140.6296,36.4987],[140.6296,36.4986],[140.6295,36.4987],[140.6295,36.4987],[140.6291,36.499],[140.629,36.4988],[140.6289,36.4988],[140.6289,36.4989],[140.6287,36.4989],[140.6287,36.4989],[140.629,36.4989],[140.6293,36.4992],[140.6296,36.4995],[140.6296,36.4995],[140.6301,36.5],[140.6301,36.5],[140.6302,36.5002],[140.6304,36.5005],[140.6303,36.5006],[140.6304,36.5007],[140.6304,36.5009],[140.6308,36.5019],[140.6298,36.5026],[140.6296,36.5027],[140.6292,36.503],[140.6292,36.503],[140.6291,36.5031],[140.6285,36.5026],[140.629,36.5022],[140.6286,36.5018],[140.6295,36.5012],[140.6291,36.5008],[140.6283,36.5013],[140.628,36.501],[140.6279,36.501],[140.6277,36.5008],[140.6272,36.5003],[140.6273,36.5003],[140.6277,36.5],[140.6277,36.5],[140.6283,36.4996],[140.6284,36.4996],[140.6283,36.4996],[140.6284,36.4997],[140.6285,36.4997],[140.6284,36.4996],[140.6284,36.4996],[140.6283,36.4996],[140.6286,36.4994],[140.6286,36.4993],[140.6285,36.4994],[140.6284,36.4993],[140.6273,36.5],[140.6273,36.5],[140.627,36.5002],[140.627,36.5004],[140.6265,36.5002],[140.6265,36.5003],[140.6263,36.5002],[140.6263,36.5001],[140.6261,36.5],[140.6261,36.5],[140.6261,36.5],[140.6264,36.4995],[140.6267,36.4989],[140.6273,36.4979],[140.6275,36.4975],[140.6284,36.4959],[140.6284,36.4959],[140.6284,36.4958],[140.6283,36.4952],[140.6283,36.4952],[140.6283,36.4952],[140.6277,36.4949],[140.6276,36.4949],[140.6276,36.4949],[140.6266,36.4967],[140.6265,36.4969],[140.6261,36.4968],[140.6252,36.4965],[140.625,36.4964],[140.6249,36.4964],[140.6245,36.4962],[140.625,36.4953],[140.625,36.4953],[140.6253,36.4948],[140.6252,36.4947],[140.625,36.4945],[140.625,36.4945],[140.6242,36.4936],[140.6236,36.4941],[140.6222,36.4954],[140.6209,36.494],[140.6208,36.4939],[140.6207,36.4936],[140.6205,36.4934],[140.6204,36.4932],[140.6199,36.4924],[140.6198,36.4922],[140.6196,36.4919],[140.6196,36.4919],[140.6194,36.4917],[140.6194,36.4917],[140.6193,36.4915],[140.6192,36.4914],[140.6192,36.4913],[140.6191,36.4913],[140.6191,36.4914],[140.6191,36.4915],[140.6193,36.4917],[140.6193,36.4917],[140.6195,36.4919],[140.619,36.4922],[140.619,36.4922],[140.619,36.4922],[140.619,36.4922],[140.619,36.4922],[140.6189,36.4921],[140.6185,36.4917],[140.6185,36.4917],[140.6184,36.4915],[140.6189,36.4915],[140.6189,36.4915],[140.6189,36.4915],[140.6189,36.4914],[140.6189,36.4914],[140.6189,36.4914],[140.6189,36.4914],[140.6184,36.4915],[140.6177,36.4907],[140.6216,36.4886],[140.621,36.4873],[140.6207,36.4865],[140.6179,36.4864],[140.6167,36.4867],[140.6167,36.4867],[140.6167,36.4867],[140.6162,36.4868],[140.6153,36.487],[140.6142,36.4872],[140.6138,36.4873],[140.6131,36.4875],[140.613,36.4875],[140.6129,36.4875],[140.6127,36.4876],[140.6125,36.4872],[140.6121,36.4866],[140.6121,36.4865],[140.6121,36.4864],[140.6121,36.4863],[140.6121,36.4862],[140.612,36.4861],[140.612,36.486],[140.612,36.486],[140.6119,36.4859],[140.612,36.4858],[140.6121,36.4858],[140.6121,36.4858],[140.612,36.4858],[140.6117,36.4848],[140.6115,36.4848],[140.6114,36.4845],[140.6117,36.4844],[140.6117,36.4844],[140.6118,36.4844],[140.6118,36.4844],[140.612,36.4844],[140.6125,36.4857],[140.6123,36.4857],[140.6124,36.4858],[140.6128,36.4857],[140.6133,36.4856],[140.6133,36.4855],[140.6128,36.4856],[140.6125,36.4847],[140.6135,36.4845],[140.6136,36.4845],[140.6139,36.4854],[140.6136,36.4854],[140.6137,36.4855],[140.6143,36.4854],[140.6149,36.4852],[140.6155,36.4851],[140.6163,36.4849],[140.6167,36.4848],[140.6167,36.4848],[140.6167,36.4848],[140.6172,36.4847],[140.6177,36.4846],[140.6181,36.4845],[140.6189,36.4844],[140.6194,36.4843],[140.6201,36.4841],[140.6209,36.4839],[140.6217,36.4838],[140.6224,36.4836],[140.6225,36.4834],[140.6226,36.4833],[140.6226,36.4833],[140.6226,36.4833],[140.6234,36.4819],[140.6236,36.482],[140.6236,36.482],[140.625,36.4826],[140.625,36.4826],[140.6255,36.4828],[140.6255,36.4828],[140.6255,36.4828],[140.6255,36.4828],[140.626,36.483],[140.6269,36.4833],[140.6269,36.4833],[140.6274,36.4835],[140.6278,36.4836],[140.6278,36.4836],[140.6279,36.4836],[140.6278,36.4836],[140.6281,36.4836],[140.6281,36.4836],[140.6282,36.4837],[140.6282,36.4835],[140.6274,36.4834],[140.6274,36.4834],[140.6272,36.4833],[140.6272,36.4833],[140.6265,36.4831],[140.6258,36.4828],[140.6252,36.4825],[140.625,36.4825],[140.625,36.4825],[140.6248,36.4824],[140.6242,36.4821],[140.6236,36.4819],[140.6226,36.4815],[140.6211,36.4809],[140.6205,36.4807],[140.6195,36.4803],[140.6193,36.4802],[140.6192,36.4803],[140.6188,36.4806],[140.6186,36.4808],[140.6177,36.4817],[140.6171,36.4823],[140.6167,36.4827],[140.6167,36.4827],[140.6162,36.4831],[140.6157,36.4832],[140.6154,36.4833],[140.6147,36.4835],[140.6144,36.4835],[140.6144,36.4833],[140.6139,36.4816],[140.6137,36.4808],[140.6138,36.4808],[140.614,36.4808],[140.6142,36.4808],[140.6145,36.4808],[140.6146,36.4808],[140.6148,36.4808],[140.6149,36.4808],[140.6149,36.4809],[140.615,36.4809],[140.6151,36.4809],[140.6154,36.4809],[140.6156,36.4809],[140.6157,36.4809],[140.6158,36.4809],[140.6158,36.4809],[140.6159,36.4809],[140.6159,36.4809],[140.6159,36.4808],[140.6159,36.4808],[140.6159,36.4808],[140.6159,36.4807],[140.6159,36.4806],[140.6158,36.4806],[140.6158,36.4806],[140.6157,36.4806],[140.6152,36.4806],[140.615,36.4806],[140.615,36.4806],[140.6149,36.4806],[140.6149,36.4806],[140.6149,36.4806],[140.6146,36.4806],[140.6144,36.4806],[140.6143,36.4806],[140.6142,36.4806],[140.6142,36.4806],[140.6142,36.4805],[140.6142,36.4805],[140.6141,36.4805],[140.614,36.4804],[140.614,36.4803],[140.6139,36.4803],[140.6139,36.4802],[140.6139,36.4802],[140.6138,36.4801],[140.6138,36.48],[140.6137,36.4799],[140.6137,36.4799],[140.6136,36.4798],[140.6136,36.4798],[140.6135,36.4798],[140.6135,36.4797],[140.6135,36.4797],[140.6134,36.4796],[140.6134,36.4795],[140.6134,36.4795],[140.6134,36.4794],[140.6133,36.4793],[140.6133,36.4793],[140.6132,36.4792],[140.6131,36.4791],[140.6131,36.479],[140.613,36.4789],[140.613,36.4788],[140.6129,36.4787],[140.6128,36.4787],[140.6128,36.4786],[140.6128,36.4785],[140.6127,36.4785],[140.6127,36.4784],[140.6126,36.4783],[140.6125,36.4782],[140.6125,36.4781],[140.6124,36.478],[140.6124,36.4779],[140.6124,36.4778],[140.6123,36.4777],[140.6123,36.4777],[140.6123,36.4776],[140.6122,36.4776],[140.6122,36.4774],[140.6122,36.4774],[140.6121,36.4772],[140.612,36.4771],[140.612,36.4771],[140.6119,36.477],[140.6119,36.477],[140.6118,36.4769],[140.6118,36.4768],[140.6117,36.4767],[140.6117,36.4766],[140.6116,36.4765],[140.6116,36.4765],[140.6116,36.4764],[140.6115,36.4764],[140.6115,36.4763],[140.6115,36.4763],[140.6115,36.4762],[140.6115,36.4761],[140.6114,36.4761],[140.6114,36.476],[140.6114,36.476],[140.6114,36.4759],[140.6114,36.4759],[140.6114,36.4759],[140.6114,36.4759],[140.6114,36.4758],[140.6113,36.4758],[140.6113,36.4757],[140.6113,36.4757],[140.6113,36.4756],[140.6112,36.4756],[140.6112,36.4755],[140.6112,36.4754],[140.6112,36.4754],[140.6112,36.4754],[140.6111,36.4754],[140.6111,36.4753],[140.6111,36.4753],[140.6111,36.4753],[140.6111,36.4752],[140.6111,36.4752],[140.6111,36.4751],[140.6111,36.4751],[140.611,36.4751],[140.611,36.475],[140.611,36.475],[140.611,36.475],[140.611,36.4749],[140.611,36.4749],[140.611,36.4749],[140.611,36.4749],[140.611,36.4748],[140.611,36.4748],[140.611,36.4748],[140.611,36.4748],[140.611,36.4747],[140.6109,36.4744],[140.6109,36.4742],[140.6109,36.4741],[140.6109,36.474],[140.6109,36.4739],[140.6109,36.4739],[140.6109,36.4738],[140.6109,36.4738],[140.6108,36.4738],[140.6108,36.4738],[140.6108,36.4738],[140.6108,36.4737],[140.6108,36.4737],[140.6108,36.4737],[140.6108,36.4737],[140.6108,36.4737],[140.6108,36.4736],[140.6108,36.4736],[140.6108,36.4736],[140.6108,36.4736],[140.6108,36.4735],[140.6108,36.4735],[140.6107,36.4735],[140.6107,36.4734],[140.6107,36.4734],[140.6107,36.4734],[140.6107,36.4734],[140.6107,36.4734],[140.6107,36.4733],[140.6107,36.4732],[140.6106,36.473],[140.6107,36.4729],[140.6107,36.4729],[140.6107,36.4729],[140.6107,36.4729],[140.6107,36.4729],[140.6107,36.4729],[140.6106,36.4728],[140.6106,36.4728],[140.6106,36.4728],[140.6106,36.4727],[140.6106,36.4727],[140.6107,36.4727],[140.6106,36.4727],[140.6107,36.4726],[140.6107,36.4726],[140.6107,36.4726],[140.6106,36.4725],[140.6106,36.4725],[140.6106,36.4725],[140.6106,36.4725],[140.6106,36.4724],[140.6106,36.4724],[140.6106,36.4724],[140.6106,36.4723],[140.6106,36.4723],[140.6107,36.4723],[140.6107,36.4723],[140.6106,36.4722],[140.6106,36.4722],[140.6106,36.4721],[140.6106,36.4721],[140.6106,36.4721],[140.6106,36.4721],[140.6106,36.472],[140.6106,36.472],[140.6106,36.472],[140.6106,36.472],[140.6106,36.4718],[140.6106,36.4716],[140.6106,36.4714],[140.6105,36.4713],[140.6105,36.4713],[140.6105,36.4713],[140.6105,36.471],[140.6104,36.4708],[140.6104,36.4706],[140.6104,36.4704],[140.6104,36.4704],[140.6104,36.4704],[140.6104,36.4703],[140.6104,36.4702],[140.6104,36.47],[140.6104,36.47],[140.6104,36.4699],[140.6104,36.4698],[140.6104,36.4696],[140.6104,36.4695],[140.6104,36.4695],[140.6104,36.4694],[140.6104,36.4694],[140.6104,36.4694],[140.6104,36.4693],[140.6104,36.4693],[140.6104,36.4693],[140.6103,36.4693],[140.6103,36.4692],[140.6103,36.4691],[140.6103,36.4691],[140.6103,36.4691],[140.6103,36.4691],[140.6102,36.4691],[140.6102,36.4691],[140.6099,36.4691],[140.6097,36.4691],[140.6097,36.4689],[140.6098,36.4689],[140.6102,36.4689],[140.6102,36.4688],[140.6103,36.4688],[140.6103,36.4688],[140.6103,36.4688],[140.6103,36.4687],[140.6103,36.4687],[140.6103,36.4687],[140.6103,36.4687],[140.6104,36.4687],[140.6104,36.4687],[140.6104,36.4686],[140.6105,36.4686],[140.6106,36.4685],[140.6106,36.4685],[140.6107,36.4684],[140.6107,36.4683],[140.6108,36.4683],[140.6109,36.4683],[140.6111,36.4683],[140.6111,36.4683],[140.6111,36.4683],[140.6112,36.4683],[140.6112,36.4683],[140.6115,36.4683],[140.6119,36.4683],[140.6123,36.4682],[140.6127,36.4682],[140.6134,36.4681],[140.6142,36.4681],[140.6144,36.4681],[140.6144,36.4681],[140.6145,36.4681],[140.6145,36.468],[140.6145,36.468],[140.6147,36.4677],[140.6148,36.4676],[140.6151,36.4671],[140.6153,36.4669],[140.6154,36.4667],[140.6156,36.4665],[140.616,36.4659],[140.6163,36.4654],[140.6164,36.4654],[140.6165,36.4653],[140.6162,36.4652],[140.6161,36.4653],[140.6161,36.4654],[140.6159,36.4656],[140.6158,36.4657],[140.6153,36.4664],[140.6151,36.4667],[140.6149,36.467],[140.6146,36.4675],[140.6145,36.4676],[140.6144,36.4676],[140.6143,36.4678],[140.6142,36.4678],[140.6142,36.4678],[140.6141,36.4678],[140.614,36.4678],[140.6137,36.4679],[140.6133,36.4679],[140.6133,36.4679],[140.6133,36.4679],[140.6133,36.4679],[140.6133,36.4677],[140.6133,36.4676],[140.6132,36.4676],[140.6132,36.4676],[140.6132,36.4677],[140.6132,36.4677],[140.6132,36.4679],[140.6131,36.4679],[140.613,36.4679],[140.6129,36.4679],[140.6129,36.4679],[140.6128,36.4679],[140.6128,36.4678],[140.6128,36.4674],[140.6128,36.4672],[140.6127,36.4672],[140.6126,36.4671],[140.6126,36.4671],[140.6119,36.4671],[140.6118,36.4671],[140.6111,36.4672],[140.6112,36.4675],[140.6111,36.4675],[140.6111,36.4675],[140.6111,36.4676],[140.6111,36.4676],[140.6111,36.4677],[140.6111,36.4677],[140.6108,36.4677],[140.6105,36.4677],[140.6105,36.4677],[140.6105,36.4677],[140.6105,36.4677],[140.6105,36.4676],[140.6104,36.4674],[140.6104,36.4672],[140.6104,36.4672],[140.6104,36.4671],[140.6104,36.4671],[140.6103,36.4671],[140.6103,36.467],[140.6104,36.467],[140.6104,36.4669],[140.6104,36.4668],[140.6105,36.4668],[140.6105,36.4668],[140.6105,36.4667],[140.6105,36.4667],[140.6105,36.4666],[140.6104,36.4666],[140.6104,36.4665],[140.6104,36.4665],[140.6103,36.4664],[140.6103,36.4664],[140.6103,36.4663],[140.6103,36.4663],[140.6103,36.4663],[140.6103,36.4663],[140.6103,36.4662],[140.6103,36.4661],[140.6103,36.4658],[140.6102,36.4656],[140.6102,36.4654],[140.6102,36.4654],[140.6102,36.4654],[140.6103,36.4653],[140.6103,36.4653],[140.6103,36.4653],[140.6103,36.4652],[140.6104,36.4652],[140.6104,36.4652],[140.6104,36.4652],[140.6104,36.4652],[140.6105,36.4651],[140.6106,36.4651],[140.6106,36.4651],[140.6109,36.4651],[140.6114,36.4651],[140.612,36.465],[140.6127,36.465],[140.6132,36.4649],[140.6132,36.4649],[140.6134,36.465],[140.6137,36.4652],[140.6139,36.4653],[140.6139,36.4653],[140.614,36.4653],[140.6144,36.4656],[140.6144,36.4656],[140.6145,36.4656],[140.6145,36.4657],[140.6145,36.4657],[140.6146,36.4657],[140.6146,36.4657],[140.6146,36.4657],[140.6148,36.4655],[140.6147,36.4654],[140.6146,36.4655],[140.6144,36.4653],[140.6139,36.4651],[140.6135,36.4648],[140.6134,36.4647],[140.6134,36.4647],[140.6133,36.4647],[140.6128,36.4647],[140.6122,36.4648],[140.6117,36.4649],[140.6113,36.4649],[140.611,36.4649],[140.6109,36.4649],[140.6108,36.4649],[140.6108,36.4649],[140.6108,36.465],[140.6107,36.465],[140.6106,36.4649],[140.6106,36.4649],[140.6105,36.4648],[140.6104,36.4647],[140.6103,36.4647],[140.6103,36.4646],[140.6102,36.4646],[140.6102,36.4645],[140.6101,36.4644],[140.61,36.4643],[140.61,36.464],[140.61,36.4638],[140.61,36.4638],[140.61,36.4637],[140.61,36.4637],[140.61,36.4635],[140.6099,36.4634],[140.6099,36.4634],[140.6099,36.4633],[140.61,36.4633],[140.61,36.4632],[140.6099,36.4631],[140.6099,36.4631],[140.6099,36.4631],[140.6098,36.4631],[140.6098,36.4631],[140.6097,36.463],[140.6097,36.4629],[140.6097,36.4629],[140.6096,36.4629],[140.6096,36.4629],[140.6096,36.4628],[140.6096,36.4627],[140.6095,36.4626],[140.6095,36.4623],[140.6095,36.4622],[140.6094,36.4619],[140.6094,36.4617],[140.6094,36.4615],[140.6093,36.4614],[140.6093,36.4613],[140.6093,36.4612],[140.6093,36.4611],[140.6093,36.4609],[140.6092,36.4608],[140.6092,36.4607],[140.6092,36.4606],[140.6092,36.4605],[140.6092,36.4604],[140.6092,36.4603],[140.6091,36.4603],[140.6092,36.4602],[140.6092,36.4602],[140.6092,36.4602],[140.6092,36.4602],[140.6092,36.4602],[140.6092,36.4601],[140.6092,36.4601],[140.6092,36.46],[140.6092,36.4599],[140.6094,36.4599],[140.6094,36.4599],[140.6094,36.4599],[140.6094,36.4599],[140.6094,36.4599],[140.6094,36.4599],[140.6094,36.4599],[140.6094,36.4599],[140.6094,36.4599],[140.6094,36.4599],[140.6094,36.4599],[140.6094,36.4599],[140.6094,36.4599],[140.6094,36.4599],[140.6094,36.4599],[140.6094,36.4599],[140.6094,36.4599],[140.6094,36.4599],[140.6094,36.4599],[140.6094,36.4599],[140.6094,36.4599],[140.6094,36.4599],[140.6094,36.4599],[140.6094,36.4599],[140.6094,36.4599],[140.6094,36.4599],[140.6094,36.4599],[140.6094,36.4599],[140.6094,36.4599],[140.6094,36.4599],[140.6094,36.4599],[140.6094,36.4599],[140.6092,36.4599],[140.6092,36.4599],[140.6092,36.4598],[140.6092,36.4598],[140.6091,36.4597],[140.6091,36.4597],[140.6091,36.4596],[140.6091,36.4596],[140.6091,36.4596],[140.6091,36.4596],[140.6091,36.4596],[140.6091,36.4595],[140.6091,36.4595],[140.6091,36.4595],[140.6091,36.4594],[140.6091,36.4594],[140.6091,36.4594],[140.6091,36.4594],[140.6091,36.4594],[140.6091,36.4594],[140.6091,36.4593],[140.6091,36.4593],[140.6091,36.4593],[140.6091,36.4592],[140.6091,36.4592],[140.6091,36.4592],[140.6091,36.4592],[140.6091,36.4592],[140.6091,36.4591],[140.6091,36.4591],[140.6091,36.4591],[140.609,36.4591],[140.609,36.4591],[140.609,36.4591],[140.609,36.4591],[140.6089,36.4591],[140.6089,36.4591],[140.6091,36.4591],[140.6091,36.4591],[140.6091,36.4591],[140.6091,36.4591],[140.6091,36.4591],[140.6091,36.4591],[140.6091,36.4591],[140.6091,36.4591],[140.6091,36.4591],[140.6091,36.4591],[140.6091,36.4591],[140.6091,36.4591],[140.6091,36.4591],[140.6091,36.4591],[140.6091,36.4591],[140.6091,36.4591],[140.6091,36.4591],[140.6091,36.4591],[140.6091,36.4591],[140.6091,36.4591],[140.6091,36.4591],[140.6091,36.4591],[140.6091,36.4591],[140.6091,36.4591],[140.6091,36.4591],[140.6091,36.4591],[140.6091,36.4591],[140.6091,36.459],[140.6091,36.459],[140.6091,36.459],[140.6091,36.459],[140.6091,36.4589],[140.609,36.4589],[140.609,36.4589],[140.609,36.4588],[140.609,36.4588],[140.609,36.4588],[140.6091,36.4587],[140.6091,36.4587],[140.609,36.4586],[140.609,36.4586],[140.6091,36.4586],[140.609,36.4585],[140.609,36.4584],[140.609,36.4583],[140.609,36.4582],[140.609,36.4581],[140.609,36.4581],[140.609,36.4581],[140.609,36.4581],[140.609,36.458],[140.609,36.458],[140.609,36.458],[140.609,36.4579],[140.609,36.4579],[140.609,36.4578],[140.609,36.4578],[140.609,36.4577],[140.609,36.4577],[140.609,36.4577],[140.609,36.4577],[140.6089,36.4576],[140.6089,36.4574],[140.6089,36.4573],[140.6089,36.4572],[140.6089,36.4571],[140.6089,36.457],[140.6088,36.4567],[140.6088,36.4566],[140.6088,36.4564],[140.6088,36.4562],[140.6087,36.456],[140.6087,36.4558],[140.6087,36.4556],[140.6087,36.4553],[140.6086,36.4551],[140.6086,36.4548],[140.6086,36.4547],[140.6086,36.4545],[140.6086,36.4544],[140.6086,36.4542],[140.6086,36.4541],[140.6087,36.4541],[140.6087,36.4541],[140.6087,36.454],[140.6087,36.454],[140.6087,36.454],[140.6086,36.454],[140.6086,36.4537],[140.6085,36.4535],[140.6085,36.4532],[140.6085,36.4529],[140.6084,36.4527],[140.6084,36.4523],[140.6084,36.4521],[140.6084,36.452],[140.6084,36.4519],[140.6085,36.4519],[140.6085,36.4519],[140.6085,36.4518],[140.6085,36.4518],[140.6085,36.4517],[140.6085,36.4517],[140.6085,36.4517],[140.6085,36.4516],[140.6085,36.4514],[140.6085,36.4514],[140.6085,36.4513],[140.6085,36.4511],[140.6085,36.451],[140.6085,36.4509],[140.6085,36.4509],[140.6085,36.4508],[140.6085,36.4508],[140.6085,36.4507],[140.6085,36.4507],[140.6086,36.4506],[140.6086,36.4506],[140.6086,36.4505],[140.6087,36.4504],[140.6087,36.4504],[140.6087,36.4503],[140.6087,36.4503],[140.6087,36.4502],[140.6088,36.4501],[140.6088,36.4501],[140.6088,36.45],[140.6088,36.45],[140.6088,36.45],[140.6088,36.4498],[140.6087,36.4498],[140.6087,36.4497],[140.6087,36.4497],[140.6087,36.4497],[140.6088,36.4496],[140.6088,36.4496],[140.6088,36.4494],[140.6088,36.4494],[140.6088,36.4493],[140.6088,36.4493],[140.6088,36.4493],[140.6088,36.4492],[140.6088,36.4491],[140.6088,36.449],[140.6088,36.449],[140.6088,36.449],[140.6088,36.4489],[140.6088,36.4489],[140.6089,36.4488],[140.6089,36.4487],[140.6089,36.4487],[140.6089,36.4487],[140.6089,36.4486],[140.6089,36.4486],[140.6089,36.4485],[140.6089,36.4484],[140.6089,36.4484],[140.6089,36.4483],[140.6089,36.4483],[140.609,36.4482],[140.609,36.4481],[140.609,36.448],[140.6091,36.448],[140.6091,36.448],[140.6091,36.4479],[140.6091,36.4479],[140.6091,36.4478],[140.6091,36.4477],[140.6091,36.4477],[140.6091,36.4477],[140.6091,36.4476],[140.6092,36.4475],[140.6092,36.4475],[140.6092,36.4475],[140.6092,36.4475],[140.6092,36.4474],[140.6092,36.4474],[140.6092,36.4473],[140.6092,36.4472],[140.6092,36.4472],[140.6092,36.4471],[140.6092,36.4471],[140.6093,36.447],[140.6093,36.4469],[140.6093,36.4469],[140.6093,36.4468],[140.6093,36.4468],[140.6093,36.4467],[140.6093,36.4466],[140.6093,36.4466],[140.6094,36.4465],[140.6094,36.4465],[140.6094,36.4465],[140.6094,36.4464],[140.6094,36.4464],[140.6095,36.4463],[140.6095,36.4462],[140.6095,36.4462],[140.6096,36.4461],[140.6096,36.4461],[140.6096,36.446],[140.6096,36.446],[140.6096,36.4459],[140.6096,36.4458],[140.6096,36.4457],[140.6097,36.4456],[140.6097,36.4455],[140.6097,36.4454],[140.6098,36.4452],[140.6098,36.4451],[140.6098,36.4451],[140.6098,36.4451],[140.6098,36.445],[140.6099,36.445],[140.6099,36.4449],[140.6099,36.4449],[140.61,36.4448],[140.61,36.4448],[140.61,36.4448],[140.61,36.4447],[140.61,36.4446],[140.61,36.4446],[140.61,36.4446],[140.6101,36.4444],[140.6101,36.4444],[140.6101,36.4443],[140.6101,36.4443],[140.6101,36.4442],[140.6101,36.4441],[140.6102,36.4441],[140.6102,36.444],[140.6102,36.4439],[140.6102,36.4439],[140.6102,36.4439],[140.6102,36.4438],[140.6102,36.4437],[140.6102,36.4437],[140.6102,36.4436],[140.6103,36.4436],[140.6103,36.4436],[140.6103,36.4436],[140.6103,36.4436],[140.6103,36.4435],[140.6104,36.4434],[140.6104,36.4434],[140.6106,36.4435],[140.6106,36.4435],[140.6104,36.4434],[140.6104,36.4434],[140.6104,36.4434],[140.6104,36.4433],[140.6104,36.4433],[140.6104,36.4433],[140.6105,36.4433],[140.6105,36.4433],[140.6105,36.4433],[140.6105,36.4433],[140.6105,36.4433],[140.6105,36.4432],[140.6105,36.4432],[140.6105,36.4432],[140.6105,36.4432],[140.6106,36.4433],[140.6106,36.4433],[140.6107,36.4433],[140.6107,36.4433],[140.6108,36.4433],[140.6108,36.4433],[140.6108,36.4433],[140.6109,36.4433],[140.6111,36.4432],[140.6113,36.4431],[140.6115,36.443],[140.6116,36.443],[140.6117,36.443],[140.6117,36.4429],[140.6117,36.4429],[140.6117,36.4429],[140.6117,36.4428],[140.6117,36.4428],[140.6117,36.4428],[140.6117,36.4427],[140.6117,36.4427],[140.6117,36.4427],[140.6117,36.4427],[140.6116,36.4427],[140.6116,36.4426],[140.6116,36.4426],[140.6115,36.4426],[140.6115,36.4426],[140.6114,36.4427],[140.6114,36.4427],[140.6112,36.4428],[140.6112,36.4428],[140.6112,36.4428],[140.6111,36.4428],[140.6111,36.4428],[140.6109,36.4429],[140.6109,36.4429],[140.6108,36.4429],[140.6108,36.443],[140.6108,36.443],[140.6108,36.443],[140.6108,36.443],[140.6107,36.443],[140.6107,36.443],[140.6106,36.4429],[140.6105,36.4429],[140.6104,36.4428],[140.6103,36.4428],[140.6098,36.4425],[140.6094,36.4423],[140.6093,36.4422],[140.6093,36.4422],[140.6092,36.4422],[140.6091,36.4421],[140.6091,36.4421],[140.6091,36.4421],[140.6091,36.4421],[140.6091,36.442],[140.6091,36.442],[140.6092,36.4419],[140.6092,36.4418],[140.6092,36.4418],[140.6092,36.4417],[140.6092,36.4416],[140.6092,36.4415],[140.6092,36.4415],[140.6092,36.4414],[140.6091,36.4414],[140.6091,36.4413],[140.609,36.4412],[140.6089,36.4412],[140.6089,36.4412],[140.6089,36.4411],[140.6089,36.441],[140.609,36.441],[140.609,36.441],[140.609,36.441],[140.6091,36.4409],[140.6091,36.4408],[140.6092,36.4407],[140.6092,36.4406],[140.6092,36.4406],[140.6093,36.4405],[140.6093,36.4405],[140.6093,36.4405],[140.6093,36.4405],[140.6093,36.4405],[140.6094,36.4404],[140.6094,36.4404],[140.6094,36.4404],[140.6094,36.4404],[140.6094,36.4404],[140.6094,36.4404],[140.6097,36.4405],[140.6101,36.4406],[140.6105,36.4408],[140.6105,36.4408],[140.6105,36.4408],[140.6105,36.4408],[140.6106,36.4408],[140.6107,36.4409],[140.611,36.441],[140.611,36.441],[140.6111,36.441],[140.6112,36.441],[140.6112,36.441],[140.6113,36.4411],[140.6114,36.4411],[140.6115,36.4411],[140.6116,36.4411],[140.6119,36.4412],[140.612,36.4412],[140.6121,36.4412],[140.6122,36.4412],[140.6123,36.4413],[140.6125,36.4413],[140.6128,36.4413],[140.613,36.4414],[140.6132,36.4414],[140.6132,36.4414],[140.6133,36.4415],[140.6133,36.4415],[140.6134,36.4415],[140.6136,36.4415],[140.6138,36.4415],[140.6142,36.4416],[140.6142,36.4416],[140.6145,36.4417],[140.6146,36.4417],[140.615,36.4417],[140.6151,36.4418],[140.6151,36.4418],[140.6152,36.4418],[140.6152,36.4418],[140.6155,36.4418],[140.6158,36.4418],[140.6162,36.4418],[140.6166,36.4418],[140.6167,36.4418],[140.6169,36.4418],[140.6171,36.4418],[140.6172,36.4418],[140.6173,36.4418],[140.6174,36.4418],[140.6174,36.4418],[140.6175,36.4417],[140.6175,36.4417],[140.6176,36.4418],[140.6176,36.4418],[140.6176,36.4418],[140.6176,36.4418],[140.6177,36.4417],[140.6177,36.4417],[140.6177,36.4417],[140.6179,36.4418],[140.6179,36.4418],[140.6179,36.4418],[140.6181,36.4417],[140.6182,36.4417],[140.6183,36.4417],[140.6183,36.4417],[140.6184,36.4417],[140.6184,36.4417],[140.6185,36.4417],[140.6185,36.4417],[140.6186,36.4417],[140.6186,36.4417],[140.6186,36.4417],[140.6187,36.4418],[140.6187,36.4418],[140.6187,36.4418],[140.6187,36.4417],[140.6188,36.4417],[140.6188,36.4417],[140.6188,36.4417],[140.619,36.4417],[140.6191,36.4417],[140.6191,36.4417],[140.6191,36.4418],[140.6191,36.4418],[140.6191,36.4418],[140.6191,36.4418],[140.6192,36.4418],[140.6192,36.4418],[140.6192,36.4417],[140.6192,36.4417],[140.6192,36.4417],[140.6192,36.4417],[140.6193,36.4417],[140.6193,36.4417],[140.6193,36.4417],[140.6193,36.4418],[140.6193,36.4418],[140.6194,36.4417],[140.6194,36.4417],[140.6194,36.4417],[140.6195,36.4417],[140.6195,36.4417],[140.6196,36.4417],[140.6196,36.4417],[140.6196,36.4417],[140.6196,36.4417],[140.6197,36.4417],[140.6197,36.4417],[140.6197,36.4417],[140.6197,36.4417],[140.6197,36.4417],[140.6197,36.4417],[140.6198,36.4418],[140.6198,36.4418],[140.6198,36.4417],[140.6199,36.4417],[140.62,36.4417],[140.62,36.4417],[140.62,36.4417],[140.6201,36.4417],[140.6201,36.4417],[140.6201,36.4417],[140.6201,36.4417],[140.6202,36.4417],[140.6202,36.4417],[140.6202,36.4417],[140.6203,36.4417],[140.6203,36.4417],[140.6203,36.4417],[140.6204,36.4417],[140.6204,36.4417],[140.6205,36.4417],[140.6206,36.4417],[140.6206,36.4417],[140.6207,36.4417],[140.6207,36.4417],[140.6207,36.4417],[140.6207,36.4417],[140.6208,36.4417],[140.6208,36.4417],[140.6209,36.4417],[140.6209,36.4417],[140.621,36.4417],[140.621,36.4417],[140.6211,36.4417],[140.6212,36.4417],[140.6213,36.4417],[140.6213,36.4417],[140.6214,36.4417],[140.6215,36.4417],[140.6216,36.4417],[140.6217,36.4417],[140.6218,36.4417],[140.6218,36.4417],[140.6218,36.4417],[140.6219,36.4417],[140.622,36.4417],[140.622,36.4417],[140.622,36.4417],[140.6221,36.4417],[140.6222,36.4417],[140.6223,36.4417],[140.6223,36.4417],[140.6223,36.4417],[140.6224,36.4417],[140.6224,36.4417],[140.6224,36.4417],[140.6224,36.4417],[140.6224,36.4416],[140.6238,36.4416],[140.6249,36.4416],[140.625,36.4416],[140.6273,36.4416],[140.6327,36.4415],[140.6329,36.4415],[140.6329,36.4414],[140.6327,36.4414],[140.6327,36.4414],[140.6273,36.4415],[140.6273,36.4415],[140.6273,36.4415],[140.6273,36.4376],[140.6273,36.4375],[140.6273,36.4374],[140.6273,36.4373],[140.6272,36.4348],[140.6272,36.4348],[140.6272,36.4333],[140.6272,36.4312],[140.625,36.4312],[140.6206,36.4312],[140.6194,36.4313],[140.6194,36.432],[140.6193,36.432],[140.6193,36.432],[140.6192,36.432],[140.6192,36.432],[140.6192,36.432],[140.6192,36.432],[140.6191,36.432],[140.6191,36.432],[140.6191,36.432],[140.6191,36.432],[140.619,36.432],[140.619,36.432],[140.619,36.432],[140.619,36.432],[140.6189,36.432],[140.6189,36.432],[140.6189,36.432],[140.6189,36.432],[140.6188,36.432],[140.6188,36.432],[140.6188,36.432],[140.6188,36.432],[140.6188,36.432],[140.6188,36.432],[140.6187,36.432],[140.6187,36.432],[140.6187,36.432],[140.6187,36.432],[140.6186,36.432],[140.6186,36.432],[140.6186,36.432],[140.6186,36.432],[140.6185,36.432],[140.6185,36.432],[140.6185,36.432],[140.6185,36.432],[140.6184,36.432],[140.6184,36.432],[140.6184,36.432],[140.6184,36.432],[140.6184,36.432],[140.6184,36.432],[140.6183,36.432],[140.6183,36.432],[140.6183,36.432],[140.6183,36.432],[140.6182,36.432],[140.6182,36.432],[140.6182,36.432],[140.6182,36.432],[140.6181,36.432],[140.6181,36.432],[140.6181,36.432],[140.6181,36.432],[140.618,36.432],[140.618,36.432],[140.618,36.432],[140.618,36.432],[140.6179,36.432],[140.6179,36.432],[140.6179,36.432],[140.6179,36.432],[140.6179,36.432],[140.6179,36.432],[140.6178,36.432],[140.6178,36.432],[140.6178,36.432],[140.6178,36.432],[140.6177,36.432],[140.6177,36.432],[140.6177,36.432],[140.6177,36.432],[140.6176,36.432],[140.6176,36.432],[140.6176,36.432],[140.6176,36.432],[140.6176,36.432],[140.6176,36.432],[140.6175,36.432],[140.6175,36.432],[140.6175,36.432],[140.6175,36.432],[140.6174,36.432],[140.6174,36.432],[140.6174,36.432],[140.6174,36.432],[140.6173,36.432],[140.6173,36.432],[140.6173,36.432],[140.6173,36.432],[140.6172,36.432],[140.6172,36.432],[140.6172,36.432],[140.6172,36.432],[140.6171,36.432],[140.6171,36.432],[140.6171,36.432],[140.6171,36.432],[140.6171,36.432],[140.6171,36.432],[140.617,36.432],[140.617,36.432],[140.617,36.432],[140.617,36.432],[140.6169,36.432],[140.6169,36.432],[140.6169,36.432],[140.6169,36.432],[140.6168,36.432],[140.6168,36.432],[140.6168,36.432],[140.6168,36.432],[140.6167,36.432],[140.6167,36.432],[140.6167,36.432],[140.6166,36.432],[140.6166,36.4313],[140.6141,36.4313],[140.61,36.4313],[140.61,36.4301],[140.61,36.428],[140.6099,36.428],[140.6099,36.4283],[140.6083,36.4283],[140.6083,36.4283],[140.6083,36.4265],[140.6083,36.4265],[140.6083,36.4265],[140.6098,36.4265],[140.6098,36.4272],[140.6098,36.4272],[140.6098,36.4275],[140.6099,36.4275],[140.6099,36.4272],[140.6099,36.4272],[140.6101,36.4272],[140.6102,36.4272],[140.6117,36.4272],[140.6144,36.4272],[140.6144,36.4272],[140.6165,36.4272],[140.6167,36.4272],[140.6188,36.4272],[140.6188,36.4271],[140.6182,36.4271],[140.6182,36.4267],[140.6181,36.4267],[140.6181,36.4264],[140.6236,36.4263],[140.6236,36.4262],[140.6181,36.4262],[140.6181,36.425],[140.6181,36.4215],[140.6167,36.4215],[140.6167,36.4215],[140.6149,36.4215],[140.6149,36.4214],[140.6147,36.4214],[140.6141,36.4214],[140.6141,36.4212],[140.6126,36.4212],[140.6126,36.4182],[140.6126,36.4182],[140.6126,36.4167],[140.6126,36.4149],[140.6125,36.4149],[140.6125,36.4167],[140.6125,36.4182],[140.6089,36.4182],[140.6089,36.4182],[140.6087,36.4172],[140.6087,36.4167],[140.6087,36.4167],[140.6087,36.4147],[140.6087,36.4144],[140.6087,36.4142],[140.6087,36.4135],[140.6089,36.4123],[140.6089,36.4122],[140.6089,36.4121],[140.609,36.4121],[140.609,36.4119],[140.609,36.4118],[140.6091,36.4117],[140.6091,36.4116],[140.6092,36.4115],[140.6097,36.411],[140.6102,36.4109],[140.6124,36.4109],[140.6124,36.4144],[140.6125,36.4144],[140.6125,36.4109],[140.6137,36.4109],[140.6137,36.4113],[140.6139,36.4113],[140.6139,36.4109],[140.6156,36.4109],[140.6156,36.4106],[140.614,36.4106],[140.6139,36.4106],[140.6139,36.4086],[140.6136,36.4085],[140.6135,36.4083],[140.6135,36.4083],[140.6133,36.4078],[140.6131,36.4078],[140.6131,36.4083],[140.6131,36.4083],[140.6132,36.4104],[140.6097,36.4105],[140.6097,36.4104],[140.6097,36.4098],[140.6105,36.4097],[140.6105,36.4091],[140.6097,36.4092],[140.6097,36.4083],[140.6097,36.4083],[140.6097,36.4073],[140.6102,36.4073],[140.6102,36.4069],[140.6097,36.4069],[140.6097,36.4052],[140.615,36.4051],[140.6167,36.4071],[140.6167,36.4071],[140.6178,36.4083],[140.6178,36.4083],[140.6188,36.4094],[140.6188,36.4112],[140.619,36.4112],[140.619,36.4095],[140.6191,36.4093],[140.6183,36.4083],[140.6183,36.4083],[140.6167,36.4065],[140.6167,36.4065],[140.6153,36.405],[140.615,36.4046],[140.6148,36.4045],[140.6143,36.4045],[140.6136,36.4045],[140.6124,36.4046],[140.6124,36.4045],[140.612,36.4032],[140.612,36.4031],[140.6119,36.4028],[140.6119,36.4027],[140.6118,36.401],[140.6117,36.4],[140.6117,36.4],[140.6117,36.4],[140.6117,36.3992],[140.6123,36.3976],[140.6126,36.396],[140.6126,36.3958],[140.6127,36.3958],[140.6133,36.3935],[140.6133,36.3934],[140.6134,36.3932],[140.6134,36.3932],[140.6134,36.3931],[140.6134,36.3931],[140.6134,36.393],[140.6135,36.3929],[140.6139,36.3917],[140.6139,36.3917],[140.6142,36.391],[140.6148,36.3894],[140.615,36.3889],[140.6151,36.3887],[140.6151,36.3886],[140.6152,36.3884],[140.6158,36.3872],[140.6159,36.387],[140.616,36.3868],[140.6162,36.3866],[140.6167,36.386],[140.6167,36.386],[140.6167,36.3859],[140.6169,36.3857],[140.6171,36.3856],[140.6172,36.3855],[140.6176,36.3852],[140.6178,36.385],[140.6181,36.3848],[140.6184,36.3847],[140.6184,36.3846],[140.6184,36.3846],[140.6182,36.3845],[140.6181,36.3845],[140.6181,36.3845],[140.618,36.3845],[140.618,36.3844],[140.6179,36.3844],[140.618,36.3844],[140.618,36.3844],[140.6181,36.3844],[140.6181,36.3844],[140.6183,36.3845],[140.6184,36.3845],[140.6184,36.3846],[140.6184,36.3846],[140.6185,36.3847],[140.6185,36.3847],[140.6188,36.3846],[140.6189,36.3846],[140.6191,36.3845],[140.6192,36.3845],[140.6198,36.3844],[140.6199,36.3845],[140.62,36.3845],[140.6201,36.3845],[140.6202,36.3845],[140.6202,36.3845],[140.6203,36.3848],[140.6204,36.3851],[140.6207,36.3857],[140.6209,36.3861],[140.621,36.3861],[140.621,36.386],[140.621,36.3859],[140.6207,36.3853],[140.6206,36.3851],[140.6205,36.3848],[140.6204,36.3845],[140.6204,36.3845],[140.6204,36.3845],[140.6204,36.3844],[140.6205,36.3844],[140.6207,36.3843],[140.6208,36.3843],[140.621,36.3843],[140.6212,36.3843],[140.6213,36.3842],[140.6214,36.3845],[140.6215,36.3848],[140.6224,36.3853],[140.6225,36.3852],[140.6225,36.3852],[140.6225,36.3852],[140.6223,36.385],[140.6217,36.3847],[140.6218,36.3847],[140.6217,36.3845],[140.6215,36.3836],[140.6215,36.3836],[140.6215,36.3835],[140.6228,36.3836],[140.6228,36.3837],[140.6229,36.3837],[140.6233,36.3845],[140.6234,36.3848],[140.6234,36.3849],[140.6229,36.3847],[140.6229,36.3847],[140.6229,36.3848],[140.6233,36.3849],[140.6237,36.3849],[140.6237,36.3849],[140.6238,36.3849],[140.6237,36.3851],[140.6237,36.3852],[140.6237,36.3852],[140.6237,36.3852],[140.6233,36.3853],[140.6233,36.3853],[140.6231,36.3853],[140.6229,36.3855],[140.6229,36.3855],[140.6225,36.3858],[140.6224,36.3862],[140.6224,36.3863],[140.6225,36.3863],[140.6225,36.3864],[140.6227,36.3864],[140.6227,36.3864],[140.6228,36.3859],[140.6233,36.3856],[140.6237,36.3854],[140.6238,36.3854],[140.6238,36.3854],[140.6238,36.3854],[140.6238,36.3855],[140.6239,36.3856],[140.6239,36.3856],[140.624,36.3856],[140.624,36.3856],[140.624,36.3857],[140.6241,36.3858],[140.6241,36.3858],[140.6242,36.3858],[140.6243,36.3858],[140.6243,36.3858],[140.6243,36.3859],[140.6244,36.3859],[140.6245,36.3858],[140.6245,36.3858],[140.6246,36.3859],[140.6246,36.3859],[140.6247,36.3858],[140.6247,36.3858],[140.6247,36.3857],[140.6247,36.3856],[140.6247,36.3856],[140.6247,36.3856],[140.6246,36.3856],[140.6246,36.3856],[140.6245,36.3855],[140.6244,36.3855],[140.6243,36.3855],[140.6242,36.3855],[140.6242,36.3854],[140.6242,36.3854],[140.6242,36.3854],[140.6241,36.3853],[140.6241,36.3853],[140.624,36.3853],[140.624,36.3849],[140.624,36.3845],[140.624,36.3845],[140.624,36.3845],[140.624,36.3844],[140.6241,36.3843],[140.6242,36.3843],[140.6244,36.3841],[140.6246,36.3839],[140.6246,36.3838],[140.6246,36.3838],[140.6247,36.3836],[140.625,36.3835],[140.625,36.3835],[140.6252,36.3833],[140.6252,36.3833],[140.6252,36.3833],[140.6254,36.3832],[140.6255,36.383],[140.6257,36.3828],[140.6257,36.3827],[140.6257,36.3825],[140.6257,36.3824],[140.6258,36.3822],[140.6258,36.3821],[140.626,36.3821],[140.6261,36.382],[140.6261,36.382],[140.6261,36.382],[140.6262,36.3819],[140.6262,36.3819],[140.6263,36.3819],[140.6263,36.3819],[140.6262,36.3819],[140.6262,36.382],[140.6262,36.382],[140.6263,36.382],[140.6263,36.382],[140.6263,36.382],[140.6263,36.382],[140.6263,36.382],[140.6263,36.3821],[140.6264,36.3821],[140.6265,36.382],[140.6265,36.382],[140.6265,36.3819],[140.6265,36.3819],[140.6265,36.382],[140.6264,36.3819],[140.6264,36.3819],[140.6265,36.3819],[140.6266,36.3819],[140.6266,36.3819],[140.6267,36.3818],[140.6267,36.3818],[140.6267,36.3818],[140.6267,36.3817],[140.6265,36.3818],[140.6265,36.3817],[140.6265,36.3817],[140.6264,36.3817],[140.6265,36.3818],[140.6264,36.3818],[140.6263,36.3818],[140.6263,36.3818],[140.6263,36.3817],[140.6264,36.3816],[140.6266,36.3815],[140.6267,36.3814],[140.6267,36.3814],[140.6268,36.3814],[140.6269,36.3814],[140.627,36.3814],[140.627,36.3814],[140.627,36.3814],[140.627,36.3814],[140.6271,36.3814],[140.6271,36.3814],[140.6271,36.3814],[140.6271,36.3814],[140.6271,36.3813],[140.6271,36.3813],[140.6272,36.3813],[140.6272,36.3814],[140.6274,36.3813],[140.6275,36.3813],[140.6275,36.3813],[140.6274,36.3813],[140.6273,36.3813],[140.6273,36.3812],[140.6273,36.3812],[140.6273,36.3811],[140.6274,36.3811],[140.6276,36.381],[140.6277,36.3809],[140.6279,36.3809],[140.6279,36.3808],[140.6278,36.3808],[140.6277,36.3808],[140.6277,36.3808],[140.6277,36.3808],[140.6273,36.3809],[140.6271,36.381],[140.627,36.381],[140.6269,36.381],[140.6269,36.3809],[140.6268,36.3807],[140.6269,36.3806],[140.6268,36.3806],[140.6268,36.3806],[140.6267,36.3802],[140.6267,36.3801],[140.6269,36.3801],[140.6268,36.38],[140.6268,36.38],[140.6267,36.38],[140.6267,36.38],[140.6268,36.3799],[140.6269,36.3799],[140.6268,36.3799],[140.6267,36.3799],[140.6267,36.3799],[140.6267,36.3798],[140.6267,36.3794],[140.6267,36.3792],[140.6268,36.3791],[140.6268,36.379],[140.6268,36.379],[140.6269,36.3789],[140.627,36.3787],[140.627,36.3786],[140.6272,36.3782],[140.6272,36.3778],[140.6272,36.3778],[140.6272,36.3777],[140.6272,36.3777],[140.6272,36.3777],[140.6273,36.3775],[140.6273,36.3775],[140.6273,36.3775],[140.6273,36.3774],[140.6273,36.3773],[140.6273,36.3773],[140.6273,36.3773],[140.6273,36.3772],[140.6273,36.3772],[140.6273,36.3772],[140.6274,36.3771],[140.6273,36.3771],[140.6273,36.3772],[140.6272,36.3771],[140.6272,36.3771],[140.6272,36.3771],[140.6271,36.3772],[140.6271,36.3771],[140.6269,36.3769],[140.6268,36.3768],[140.6266,36.3766],[140.6266,36.3764],[140.6265,36.3764],[140.6265,36.3764],[140.6265,36.3762],[140.6264,36.3761],[140.6263,36.376],[140.6262,36.3757],[140.6262,36.3757],[140.6262,36.3757],[140.6262,36.3755],[140.6261,36.3754],[140.6258,36.3753],[140.6258,36.3753],[140.6258,36.3753],[140.6257,36.3753],[140.6254,36.375],[140.6254,36.375],[140.6254,36.375],[140.6252,36.3749],[140.625,36.3747],[140.625,36.3747],[140.6249,36.3746],[140.6249,36.3745],[140.6248,36.3743],[140.6248,36.3743],[140.6247,36.3742],[140.6247,36.3741],[140.6247,36.3741],[140.6247,36.3741],[140.6247,36.3741],[140.6247,36.3741],[140.6247,36.374],[140.6247,36.374],[140.6247,36.374],[140.6247,36.374],[140.6247,36.3739],[140.6247,36.3739],[140.6247,36.3739],[140.6247,36.3739],[140.6247,36.3739],[140.6248,36.3737],[140.6248,36.3735],[140.6248,36.3734],[140.6247,36.3733],[140.6246,36.373],[140.6246,36.3726],[140.6246,36.3722],[140.6247,36.3719],[140.6247,36.3719],[140.6247,36.3718],[140.6248,36.3717],[140.6249,36.3716],[140.625,36.3716],[140.625,36.3715],[140.6249,36.3715],[140.6249,36.3715],[140.6249,36.3715],[140.6249,36.3715],[140.625,36.3715],[140.625,36.3715],[140.625,36.3715],[140.625,36.3714],[140.625,36.3714],[140.625,36.3714],[140.625,36.3713],[140.625,36.3712],[140.625,36.3712],[140.6251,36.3711],[140.6251,36.3711],[140.6251,36.3711],[140.6252,36.3711],[140.6252,36.3711],[140.6252,36.371],[140.6252,36.371],[140.6251,36.3709],[140.6251,36.3707],[140.6251,36.3707],[140.6251,36.3707],[140.6251,36.3707],[140.6252,36.3707],[140.6252,36.3706],[140.6253,36.3706],[140.6253,36.3706],[140.6252,36.3706],[140.6251,36.3706],[140.6251,36.3706],[140.625,36.3706],[140.625,36.3706],[140.6249,36.3706],[140.6249,36.3706],[140.6248,36.3706],[140.6248,36.3706],[140.6247,36.3705],[140.6246,36.3704],[140.6247,36.3704],[140.6247,36.3703],[140.6247,36.3703],[140.6249,36.3703],[140.6249,36.3703],[140.6249,36.3703],[140.625,36.3703],[140.625,36.3703],[140.625,36.3703],[140.625,36.3703],[140.625,36.3703],[140.625,36.3702],[140.625,36.3702],[140.625,36.3702],[140.625,36.3702],[140.625,36.3702],[140.6249,36.3702],[140.6249,36.3702],[140.6249,36.3702],[140.6247,36.3702],[140.6247,36.3702],[140.6245,36.3702],[140.6245,36.3701],[140.6245,36.37],[140.6245,36.37],[140.6245,36.37],[140.6245,36.37],[140.6245,36.37],[140.6245,36.3699],[140.6246,36.3699],[140.6246,36.3699],[140.6246,36.3699],[140.6246,36.3699],[140.6248,36.3699],[140.6247,36.3699],[140.6247,36.3699],[140.6247,36.3698],[140.6248,36.3698],[140.6249,36.3698],[140.625,36.3697],[140.625,36.3697],[140.625,36.3696],[140.625,36.3696],[140.6251,36.3695],[140.6251,36.3695],[140.625,36.3694],[140.625,36.3694],[140.625,36.3694],[140.6249,36.3694],[140.6248,36.3692],[140.6248,36.3692],[140.6247,36.3692],[140.6248,36.369],[140.6248,36.369],[140.625,36.369],[140.625,36.369],[140.625,36.369],[140.625,36.369],[140.625,36.369],[140.6249,36.369],[140.6249,36.369],[140.6247,36.369],[140.6247,36.369],[140.6246,36.369],[140.6248,36.3689],[140.625,36.3689],[140.625,36.3689],[140.625,36.3689],[140.625,36.3689],[140.625,36.3689],[140.6252,36.3688],[140.6252,36.3688],[140.6251,36.3688],[140.6251,36.3688],[140.625,36.3688],[140.625,36.3688],[140.625,36.3688],[140.6249,36.3689],[140.6248,36.3689],[140.6247,36.3689],[140.6246,36.3689],[140.6246,36.3689],[140.6245,36.3688],[140.6246,36.3687],[140.6246,36.3687],[140.6247,36.3687],[140.6247,36.3687],[140.6248,36.3687],[140.6249,36.3687],[140.6249,36.3686],[140.6248,36.3687],[140.6248,36.3686],[140.6248,36.3686],[140.6247,36.3686],[140.6247,36.3686],[140.6248,36.3686],[140.6248,36.3686],[140.6248,36.3686],[140.6249,36.3686],[140.6249,36.3686],[140.6249,36.3686],[140.6249,36.3686],[140.625,36.3686],[140.625,36.3686],[140.625,36.3686],[140.6251,36.3686],[140.6251,36.3686],[140.6251,36.3685],[140.625,36.3685],[140.625,36.3685],[140.625,36.3685],[140.6251,36.3685],[140.6251,36.3685],[140.6251,36.3685],[140.6251,36.3685],[140.6251,36.3685],[140.6251,36.3684],[140.625,36.3684],[140.625,36.3685],[140.625,36.3685],[140.6249,36.3685],[140.6249,36.3685],[140.6248,36.3685],[140.6248,36.3685],[140.6247,36.3684],[140.6247,36.3684],[140.6248,36.3684],[140.6248,36.3684],[140.6247,36.3684],[140.6247,36.3683],[140.6248,36.3683],[140.6248,36.3683],[140.6249,36.3683],[140.6249,36.3683],[140.6249,36.3682],[140.6249,36.3682],[140.6248,36.3683],[140.6248,36.3683],[140.6248,36.3683],[140.6247,36.3683],[140.6247,36.3682],[140.6248,36.3682],[140.6248,36.3682],[140.6248,36.3682],[140.6248,36.3682],[140.6248,36.3682],[140.6248,36.3682],[140.6248,36.3682],[140.6249,36.3682],[140.6249,36.3682],[140.6249,36.3682],[140.6249,36.3681],[140.6248,36.3681],[140.6245,36.3682],[140.6244,36.3682],[140.6243,36.3682],[140.6243,36.3682],[140.6242,36.3681],[140.6242,36.3681],[140.6242,36.368],[140.6241,36.368],[140.6242,36.368],[140.6243,36.368],[140.6243,36.3679],[140.6243,36.3679],[140.6242,36.3679],[140.6242,36.3679],[140.6242,36.3679],[140.6241,36.3679],[140.6241,36.368],[140.6239,36.368],[140.6238,36.368],[140.6238,36.368],[140.6237,36.368],[140.6237,36.368],[140.6237,36.3679],[140.6237,36.3678],[140.6237,36.3677],[140.6238,36.3677],[140.624,36.3677],[140.624,36.3677],[140.624,36.3677],[140.624,36.3677],[140.6239,36.3677],[140.6239,36.3677],[140.6239,36.3677],[140.6238,36.3677],[140.6239,36.3677],[140.6238,36.3676],[140.6238,36.3677],[140.6238,36.3677],[140.6237,36.3677],[140.6237,36.3677],[140.6236,36.3676],[140.6235,36.3675],[140.6235,36.3675],[140.6234,36.3674],[140.6233,36.3673],[140.6232,36.3673],[140.6231,36.3672],[140.623,36.3673],[140.623,36.3672],[140.6229,36.3672],[140.6229,36.3672],[140.6229,36.3671],[140.6229,36.3671],[140.6229,36.367],[140.623,36.367],[140.623,36.367],[140.623,36.367],[140.623,36.367],[140.6229,36.367],[140.6229,36.367],[140.6229,36.367],[140.6229,36.367],[140.6228,36.367],[140.6228,36.3668],[140.6228,36.3667],[140.6228,36.3667],[140.6228,36.3667],[140.6227,36.3665],[140.6226,36.3664],[140.6226,36.3663],[140.6226,36.3662],[140.6226,36.3662],[140.6226,36.366],[140.6226,36.3658],[140.6226,36.3658],[140.6226,36.3656],[140.6226,36.3656],[140.6226,36.3655],[140.6225,36.3655],[140.6225,36.3654],[140.6224,36.3654],[140.6223,36.3653],[140.6223,36.3652],[140.6222,36.3649],[140.6222,36.3647],[140.6222,36.3645],[140.6222,36.3644],[140.6223,36.3644],[140.6223,36.3643],[140.6223,36.3643],[140.6223,36.3643],[140.6223,36.3642],[140.6223,36.364],[140.6223,36.364],[140.6225,36.3639],[140.6225,36.3638],[140.6225,36.3638],[140.6225,36.3638],[140.6224,36.3638],[140.6224,36.3637],[140.6223,36.3636],[140.6223,36.3635],[140.6223,36.3635],[140.6223,36.3633],[140.6223,36.3631],[140.6222,36.363],[140.6222,36.363],[140.6222,36.3629],[140.6221,36.3628],[140.6221,36.3628],[140.622,36.3627],[140.6219,36.3628],[140.6218,36.3629],[140.6216,36.3626],[140.6216,36.3625],[140.6217,36.3625],[140.6217,36.3625],[140.622,36.3623],[140.6221,36.3623],[140.6222,36.3622],[140.6222,36.3621],[140.6222,36.3621],[140.6221,36.3621],[140.622,36.3621],[140.622,36.3621],[140.6221,36.362],[140.6221,36.362],[140.622,36.3619],[140.6219,36.3619],[140.6218,36.3618],[140.6216,36.3617],[140.6216,36.3617],[140.6215,36.3616],[140.6214,36.3615],[140.6213,36.3613],[140.6213,36.3612],[140.6213,36.3611],[140.6213,36.3611],[140.6213,36.3608],[140.6213,36.3608],[140.6213,36.3607],[140.6212,36.3606],[140.6212,36.3606],[140.6213,36.3606],[140.6212,36.3606],[140.6213,36.3605],[140.6212,36.3605],[140.6212,36.3605],[140.6212,36.3604],[140.6212,36.3604],[140.6212,36.3603],[140.6211,36.3603],[140.6211,36.3603],[140.6211,36.3602],[140.6211,36.3602],[140.621,36.3602],[140.621,36.3602],[140.621,36.3602],[140.6211,36.3601],[140.6211,36.3601],[140.6211,36.3601],[140.6211,36.3601],[140.6211,36.3601],[140.6212,36.36],[140.6212,36.3599],[140.6212,36.3599],[140.6212,36.3599],[140.6211,36.3599],[140.6211,36.3599],[140.6211,36.3599],[140.6211,36.3599],[140.6211,36.3599],[140.6211,36.3599],[140.6211,36.3599],[140.621,36.3599],[140.621,36.3599],[140.621,36.3599],[140.621,36.3598],[140.621,36.3598],[140.6211,36.3597],[140.6211,36.3596],[140.621,36.3596],[140.621,36.3596],[140.621,36.3596],[140.621,36.3596],[140.621,36.3596],[140.621,36.3596],[140.621,36.3596],[140.621,36.3595],[140.621,36.3595],[140.6209,36.3595],[140.6209,36.3596],[140.6207,36.3595],[140.6207,36.3595],[140.6207,36.3595],[140.6207,36.3595],[140.6207,36.3595],[140.6206,36.3595],[140.6206,36.3594],[140.6205,36.3594],[140.6205,36.3594],[140.6205,36.3594],[140.6205,36.3594],[140.6204,36.3594],[140.6204,36.3594],[140.6204,36.3594],[140.6204,36.3593],[140.6204,36.3593],[140.6204,36.3593],[140.6204,36.3593],[140.6203,36.3594],[140.6203,36.3594],[140.6203,36.3594],[140.62,36.3595],[140.62,36.3594],[140.6199,36.3594],[140.6199,36.3594],[140.6199,36.3595],[140.6199,36.3595],[140.6198,36.3596],[140.6198,36.3595],[140.6196,36.3595],[140.6196,36.3595],[140.6195,36.3593],[140.6197,36.3592],[140.6197,36.3591],[140.6197,36.3591],[140.6196,36.3589],[140.6194,36.3588],[140.6191,36.3588],[140.6191,36.3588],[140.619,36.3588],[140.619,36.3588],[140.619,36.3588],[140.619,36.3588],[140.619,36.3588],[140.6189,36.3588],[140.6189,36.3588],[140.6185,36.3588],[140.6185,36.3589],[140.6184,36.3589],[140.6183,36.3589],[140.6183,36.359],[140.6182,36.3589],[140.6182,36.3588],[140.6182,36.3588],[140.6182,36.3587],[140.6182,36.3587],[140.6182,36.3587],[140.6181,36.3587],[140.6181,36.3587],[140.6181,36.3587],[140.6181,36.3587],[140.618,36.3586],[140.618,36.3586],[140.6179,36.3586],[140.6178,36.3586],[140.6173,36.3584],[140.6174,36.3583],[140.6174,36.3583],[140.6174,36.3582],[140.6174,36.3582],[140.6176,36.3581],[140.6176,36.3581],[140.6176,36.358],[140.6177,36.358],[140.6177,36.358],[140.6177,36.3579],[140.6176,36.358],[140.6176,36.3579],[140.6176,36.3579],[140.6175,36.3579],[140.6174,36.3579],[140.6173,36.3577],[140.6173,36.3577],[140.6171,36.3578],[140.6171,36.3578],[140.617,36.3578],[140.6169,36.3579],[140.6169,36.3579],[140.6169,36.3578],[140.6169,36.3578],[140.6169,36.3577],[140.6169,36.3577],[140.6169,36.3577],[140.617,36.3577],[140.6171,36.3577],[140.6171,36.3576],[140.6171,36.3576],[140.6171,36.3575],[140.6171,36.3575],[140.617,36.3575],[140.617,36.3575],[140.617,36.3574],[140.6169,36.3575],[140.6168,36.3575],[140.6168,36.3575],[140.6168,36.3576],[140.6168,36.3576],[140.6168,36.3576],[140.6167,36.3576],[140.6167,36.3576],[140.6167,36.3576],[140.6166,36.3576],[140.6166,36.3577],[140.6165,36.3577],[140.6165,36.3578],[140.6165,36.3578],[140.6165,36.3578],[140.6165,36.3577],[140.6165,36.3577],[140.6165,36.3577],[140.6166,36.3576],[140.6166,36.3576],[140.6167,36.3576],[140.6167,36.3576],[140.6167,36.3576],[140.6167,36.3576],[140.6166,36.3576],[140.6166,36.3575],[140.6166,36.3575],[140.6166,36.3575],[140.6165,36.3575],[140.6165,36.3575],[140.6165,36.3576],[140.6165,36.3576],[140.6165,36.3576],[140.6165,36.3575],[140.6163,36.3575],[140.6163,36.3575],[140.6163,36.3575],[140.6162,36.3575],[140.6162,36.3575],[140.6162,36.3575],[140.6162,36.3576],[140.6161,36.3576],[140.6161,36.3577],[140.6158,36.3575],[140.6157,36.3575],[140.6155,36.3574],[140.6155,36.3574],[140.6158,36.3567],[140.6158,36.3567],[140.6157,36.3566],[140.6157,36.3567],[140.6157,36.3567],[140.6156,36.357],[140.6156,36.357],[140.6156,36.357],[140.6155,36.357],[140.6155,36.357],[140.6155,36.357],[140.6152,36.3569],[140.6151,36.3569],[140.6151,36.3568],[140.615,36.3568],[140.615,36.3567],[140.6149,36.3567],[140.6149,36.3567],[140.6148,36.3567],[140.6147,36.3567],[140.6147,36.3567],[140.6146,36.3566],[140.6145,36.3565],[140.6145,36.3565],[140.6144,36.3565],[140.6143,36.3564],[140.6143,36.3564],[140.6142,36.3562],[140.6142,36.3562],[140.6141,36.3561],[140.6139,36.3558],[140.6139,36.3558],[140.6138,36.3557],[140.6138,36.3557],[140.6138,36.3557],[140.6138,36.3556],[140.6139,36.3556],[140.6142,36.3552],[140.6143,36.3551],[140.6144,36.355],[140.6144,36.3549],[140.6143,36.3548],[140.6141,36.3547],[140.614,36.3546],[140.6136,36.3543],[140.6136,36.3542],[140.6135,36.3539],[140.6134,36.3536],[140.6134,36.3534],[140.6134,36.3533],[140.6133,36.3531],[140.6132,36.353],[140.6131,36.353],[140.613,36.3531],[140.613,36.3532],[140.613,36.3533],[140.6132,36.3537],[140.6133,36.354],[140.6134,36.3543],[140.6134,36.3544],[140.6137,36.3547],[140.614,36.3548],[140.614,36.3549],[140.614,36.3549],[140.614,36.355],[140.614,36.355],[140.6139,36.3551],[140.6139,36.3553],[140.6139,36.3553],[140.6138,36.3554],[140.6137,36.3555],[140.6136,36.3555],[140.6136,36.3555],[140.6135,36.3556],[140.6134,36.3556],[140.6134,36.3556],[140.6133,36.3556],[140.6129,36.3554],[140.613,36.3553],[140.613,36.3553],[140.6124,36.3549],[140.6125,36.3549],[140.6128,36.3545],[140.6125,36.3543],[140.6128,36.354],[140.6127,36.354],[140.6125,36.3543],[140.6125,36.3543],[140.6122,36.3542],[140.6122,36.3542],[140.6124,36.3543],[140.6121,36.3546],[140.6121,36.3547],[140.612,36.3547],[140.6119,36.3547],[140.6118,36.3547],[140.6117,36.3547],[140.6117,36.3547],[140.6116,36.3547],[140.6115,36.3546],[140.6114,36.3545],[140.6113,36.3544],[140.6112,36.3543],[140.6111,36.3542],[140.611,36.3541],[140.6109,36.3539],[140.6109,36.3537],[140.6108,36.3536],[140.6108,36.3535],[140.6108,36.3533],[140.6108,36.3532],[140.6109,36.3531],[140.6109,36.3531],[140.6109,36.3531],[140.611,36.3531],[140.611,36.3531],[140.6113,36.3531],[140.6116,36.3531],[140.6119,36.3532],[140.6122,36.3532],[140.6124,36.3532],[140.6124,36.3532],[140.6126,36.3533],[140.6126,36.3532],[140.6123,36.3531],[140.6119,36.3531],[140.6115,36.3531],[140.6112,36.3531],[140.6109,36.353],[140.6108,36.353],[140.6108,36.353],[140.6108,36.353],[140.6107,36.353],[140.6102,36.3533],[140.6098,36.3535],[140.6098,36.3534],[140.6097,36.3533],[140.6096,36.3531],[140.6098,36.353],[140.6098,36.353],[140.6096,36.3531],[140.6096,36.3528],[140.6095,36.3526],[140.6095,36.3526],[140.6095,36.3525],[140.6094,36.3525],[140.6093,36.3524],[140.6092,36.3522],[140.609,36.3518],[140.6089,36.3517],[140.6087,36.3515],[140.6086,36.3513],[140.6085,36.351],[140.6084,36.3505],[140.6083,36.3505],[140.6083,36.3505],[140.6082,36.3501],[140.6081,36.35],[140.6081,36.35],[140.6081,36.35],[140.608,36.3498],[140.608,36.3495],[140.608,36.3493],[140.6078,36.3484],[140.6077,36.348],[140.6074,36.3476],[140.6072,36.3472],[140.6076,36.347],[140.6074,36.3468],[140.6072,36.3465],[140.6073,36.3464],[140.607,36.346],[140.6077,36.3457],[140.6083,36.3454],[140.6083,36.3454],[140.6094,36.345],[140.6083,36.3434],[140.6083,36.3434],[140.6078,36.3426],[140.6061,36.3434],[140.6061,36.3434],[140.6056,36.3427],[140.6055,36.3426],[140.6054,36.3425],[140.6051,36.3421],[140.6048,36.3417],[140.6048,36.3417],[140.6046,36.3414],[140.6046,36.3414],[140.6032,36.3395],[140.6034,36.339],[140.6035,36.3387],[140.6035,36.3387],[140.6035,36.3386],[140.6036,36.3384],[140.6037,36.3381],[140.6038,36.3379],[140.6038,36.3378],[140.6038,36.3378],[140.6037,36.3378],[140.6036,36.3378],[140.6035,36.3378],[140.6035,36.3378],[140.6034,36.3378],[140.6034,36.338],[140.6033,36.3384],[140.6032,36.3387],[140.603,36.3391],[140.6029,36.3395],[140.6027,36.3395],[140.6025,36.3393],[140.6023,36.339],[140.6022,36.339],[140.6021,36.339],[140.6021,36.3391],[140.6023,36.3393],[140.6025,36.3396],[140.6024,36.3398],[140.6023,36.3399],[140.6024,36.34],[140.6025,36.34],[140.6026,36.34],[140.6029,36.3398],[140.6033,36.3403],[140.6036,36.3407],[140.604,36.3413],[140.6041,36.3414],[140.6043,36.3417],[140.6043,36.3417],[140.6045,36.3419],[140.6049,36.3424],[140.6053,36.3429],[140.6053,36.343],[140.6044,36.3434],[140.6042,36.3433],[140.6039,36.3434],[140.6032,36.3426],[140.6032,36.3426],[140.6032,36.3426],[140.6039,36.3423],[140.6038,36.3422],[140.6032,36.3425],[140.6031,36.3425],[140.6031,36.3424],[140.6026,36.3417],[140.6026,36.3417],[140.6024,36.3414],[140.6023,36.3413],[140.6023,36.3413],[140.6023,36.3413],[140.6029,36.341],[140.6028,36.3409],[140.6022,36.3412],[140.6022,36.3412],[140.6022,36.3411],[140.6017,36.3405],[140.6016,36.3404],[140.6021,36.3402],[140.6021,36.3402],[140.6023,36.3401],[140.6022,36.3399],[140.6021,36.34],[140.6017,36.3401],[140.6016,36.3401],[140.6015,36.3402],[140.6011,36.3396],[140.601,36.3392],[140.6009,36.339],[140.6008,36.3387],[140.6008,36.3387],[140.6007,36.3387],[140.6007,36.3385],[140.6007,36.3384],[140.6006,36.3383],[140.6006,36.3383],[140.6007,36.3382],[140.6007,36.3382],[140.6007,36.3382],[140.6007,36.3381],[140.6006,36.3381],[140.6006,36.3382],[140.6005,36.3382],[140.6006,36.3382],[140.6005,36.3383],[140.6006,36.3387],[140.6006,36.3387],[140.6007,36.339],[140.6009,36.3397],[140.6009,36.3397],[140.6,36.3401],[140.6,36.3401],[140.5998,36.3402],[140.5987,36.3387],[140.5987,36.3387],[140.5986,36.3386],[140.5983,36.3387],[140.5983,36.3387],[140.5974,36.3391],[140.5983,36.3409],[140.5977,36.3412],[140.5971,36.3414],[140.5967,36.3417],[140.5967,36.3417],[140.5967,36.3417],[140.5966,36.3417],[140.5966,36.3417],[140.5966,36.3417],[140.5953,36.34],[140.5945,36.3388],[140.5945,36.3388],[140.5942,36.3384],[140.594,36.3381],[140.5941,36.338],[140.594,36.3378],[140.5945,36.3377],[140.5945,36.338],[140.5948,36.338],[140.5948,36.338],[140.5948,36.3378],[140.5948,36.3379],[140.5947,36.3378],[140.5946,36.3376],[140.594,36.3373],[140.5939,36.3373],[140.5943,36.3363],[140.595,36.3348],[140.5959,36.3351],[140.5961,36.3351],[140.5963,36.3352],[140.5963,36.3352],[140.5964,36.3353],[140.5966,36.3353],[140.5967,36.3353],[140.5974,36.3354],[140.5974,36.3354],[140.5975,36.3355],[140.5982,36.3355],[140.5982,36.3354],[140.5976,36.3354],[140.5976,36.3354],[140.5975,36.3354],[140.5974,36.3354],[140.5974,36.3354],[140.5968,36.3353],[140.5967,36.3353],[140.5966,36.3353],[140.5959,36.335],[140.5951,36.3348],[140.5951,36.3347],[140.5951,36.3347],[140.5951,36.3347],[140.5951,36.3346],[140.595,36.3345],[140.595,36.3344],[140.595,36.3344],[140.5949,36.3341],[140.5949,36.3341],[140.5948,36.3341],[140.5948,36.3341],[140.5948,36.3341],[140.5948,36.3341],[140.5948,36.3341],[140.5948,36.3341],[140.5947,36.3341],[140.5947,36.3341],[140.5947,36.3341],[140.5947,36.3341],[140.5947,36.3341],[140.5947,36.3341],[140.5947,36.334],[140.5948,36.334],[140.5948,36.334],[140.5948,36.334],[140.5948,36.334],[140.5948,36.334],[140.5948,36.3339],[140.5948,36.3339],[140.5948,36.3339],[140.5948,36.3338],[140.5948,36.3338],[140.5948,36.3338],[140.5948,36.3337],[140.5948,36.3337],[140.5948,36.3337],[140.5948,36.3334],[140.5948,36.3334],[140.5948,36.3333],[140.5948,36.3333],[140.5948,36.3333],[140.5948,36.3333],[140.5948,36.3333],[140.5948,36.3332],[140.5948,36.3331],[140.5948,36.3331],[140.5948,36.333],[140.5948,36.333],[140.5948,36.333],[140.5948,36.333],[140.5948,36.3329],[140.5948,36.3329],[140.5948,36.3329],[140.5948,36.3329],[140.5948,36.3329],[140.5948,36.3328],[140.5947,36.3328],[140.5947,36.3328],[140.5947,36.3327],[140.5947,36.3326],[140.5947,36.3326],[140.5947,36.3326],[140.5947,36.3325],[140.5947,36.3324],[140.5947,36.3324],[140.5946,36.3323],[140.5946,36.3323],[140.5946,36.3323],[140.5946,36.3322],[140.5946,36.3322],[140.5945,36.3321],[140.5945,36.3321],[140.5944,36.3321],[140.5944,36.3321],[140.5944,36.3321],[140.5944,36.3321],[140.5945,36.332],[140.5945,36.332],[140.5945,36.3319],[140.5945,36.3319],[140.5945,36.3319],[140.5944,36.3318],[140.5944,36.3318],[140.5944,36.3317],[140.5944,36.3317],[140.5943,36.3314],[140.5943,36.3313],[140.5943,36.3313],[140.5943,36.3312],[140.5943,36.3312],[140.5943,36.3312],[140.5943,36.3311],[140.5943,36.3311],[140.5942,36.3311],[140.5941,36.3302],[140.5941,36.3301],[140.5941,36.3301],[140.5941,36.3301],[140.5941,36.3301],[140.5941,36.3301],[140.5941,36.3301],[140.5941,36.3301],[140.5941,36.33],[140.5941,36.33],[140.5941,36.33],[140.5941,36.33],[140.5941,36.3299],[140.5941,36.3299],[140.5941,36.3299],[140.5941,36.3298],[140.5941,36.3298],[140.5941,36.3297],[140.5941,36.3297],[140.5941,36.3296],[140.5941,36.3296],[140.5941,36.3296],[140.5941,36.3295],[140.5941,36.3295],[140.5941,36.3295],[140.5941,36.3294],[140.5941,36.3294],[140.5941,36.3294],[140.594,36.3292],[140.594,36.3292],[140.594,36.3291],[140.594,36.3291],[140.594,36.3291],[140.594,36.329],[140.594,36.329],[140.594,36.329],[140.594,36.329],[140.594,36.329],[140.594,36.3289],[140.5939,36.3289],[140.5939,36.3289],[140.5939,36.3289],[140.5939,36.3288],[140.594,36.3288],[140.594,36.3288],[140.594,36.3288],[140.594,36.3287],[140.594,36.3287],[140.594,36.3287],[140.594,36.3287],[140.594,36.3286],[140.594,36.3286],[140.594,36.3286],[140.5939,36.3286],[140.5939,36.3285],[140.5939,36.3285],[140.5939,36.3284],[140.5939,36.3284],[140.5939,36.3284],[140.5939,36.3283],[140.5939,36.3283],[140.5939,36.3283],[140.5939,36.3283],[140.5939,36.3282],[140.5939,36.3282],[140.5939,36.3282],[140.5939,36.3282],[140.5939,36.3282],[140.5939,36.3282],[140.5939,36.3282],[140.5939,36.3281],[140.5938,36.3281],[140.5938,36.328],[140.5938,36.328],[140.5939,36.328],[140.5939,36.328],[140.5939,36.328],[140.5939,36.328],[140.5939,36.328],[140.5939,36.328],[140.5939,36.328],[140.5939,36.3279],[140.5939,36.3279],[140.5939,36.3279],[140.5939,36.3278],[140.5939,36.3277],[140.5939,36.3277],[140.5939,36.3276],[140.5938,36.3276],[140.5938,36.3275],[140.5938,36.3275],[140.5938,36.3274],[140.5938,36.3273],[140.5938,36.3273],[140.5938,36.3272],[140.5938,36.3272],[140.5938,36.3271],[140.5938,36.327],[140.5938,36.3269],[140.5937,36.3268],[140.5937,36.3266],[140.5937,36.3266],[140.5937,36.3266],[140.5937,36.3265],[140.5937,36.3265],[140.5937,36.3264],[140.5937,36.3264],[140.5937,36.3263],[140.5936,36.3263],[140.5936,36.3262],[140.5936,36.3262],[140.5936,36.3262],[140.5936,36.326],[140.5935,36.3258],[140.5935,36.3257],[140.5935,36.3255],[140.5935,36.3254],[140.5934,36.3254],[140.5934,36.3253],[140.5934,36.3253],[140.5934,36.3252],[140.5934,36.3252],[140.5934,36.3251],[140.5934,36.325],[140.5934,36.325],[140.5934,36.325],[140.5934,36.325],[140.5934,36.325],[140.5934,36.3249],[140.5934,36.3246],[140.5934,36.3246],[140.5935,36.3245],[140.5935,36.3245],[140.5935,36.3244],[140.5935,36.3243],[140.5936,36.3243],[140.5936,36.3241],[140.5936,36.3241],[140.5937,36.324],[140.5938,36.3238],[140.5938,36.3238],[140.5938,36.3238],[140.5938,36.3237],[140.5938,36.3236],[140.5937,36.3236],[140.5937,36.3235],[140.5937,36.3234],[140.5936,36.3234],[140.5936,36.3234],[140.5936,36.3233],[140.5936,36.3232],[140.5935,36.3232],[140.5935,36.3231],[140.5935,36.3231],[140.5935,36.323],[140.5935,36.323],[140.5935,36.3229],[140.5935,36.3229],[140.5935,36.3229],[140.5935,36.3229],[140.5935,36.3228],[140.5935,36.3228],[140.5935,36.3228],[140.5935,36.3227],[140.5935,36.3227],[140.5935,36.3227],[140.5936,36.3226],[140.5936,36.3226],[140.5936,36.3225],[140.5936,36.3225],[140.5936,36.3225],[140.5937,36.3224],[140.5939,36.322],[140.5939,36.3219],[140.5939,36.3219],[140.5939,36.3219],[140.5939,36.3219],[140.5939,36.3218],[140.5939,36.3218],[140.5939,36.3218],[140.5939,36.3216],[140.5939,36.3215],[140.5939,36.3215],[140.5939,36.3215],[140.5939,36.3215],[140.5938,36.3214],[140.5938,36.3214],[140.5938,36.3214],[140.5938,36.3214],[140.5937,36.3214],[140.5936,36.3213],[140.5935,36.3212],[140.5935,36.3212],[140.5935,36.3211],[140.5934,36.3211],[140.5934,36.3211],[140.5934,36.3209],[140.5934,36.3209],[140.5934,36.3208],[140.5933,36.3206],[140.5933,36.3206],[140.5933,36.3205],[140.5932,36.3205],[140.5932,36.3204],[140.5931,36.3204],[140.5931,36.3204],[140.593,36.3203],[140.593,36.3203],[140.5929,36.3203],[140.5928,36.3202],[140.5928,36.3202],[140.5928,36.3201],[140.5926,36.32],[140.5926,36.3199],[140.5926,36.3199],[140.5926,36.3199],[140.5926,36.3198],[140.5926,36.3198],[140.5926,36.3198],[140.5926,36.3198],[140.5926,36.3197],[140.5926,36.3197],[140.5926,36.3197],[140.5926,36.3196],[140.5926,36.3196],[140.5926,36.3195],[140.5927,36.3195],[140.5927,36.3195],[140.5927,36.3194],[140.5927,36.3194],[140.5927,36.3194],[140.5928,36.3193],[140.5928,36.3193],[140.5928,36.3192],[140.5928,36.3192],[140.5928,36.3191],[140.5928,36.3191],[140.5928,36.3191],[140.5928,36.3191],[140.5928,36.3191],[140.5927,36.3191],[140.5927,36.319],[140.5926,36.319],[140.5926,36.319],[140.5926,36.319],[140.5925,36.319],[140.5924,36.3189],[140.5923,36.3189],[140.5923,36.3189],[140.5923,36.3189],[140.5922,36.3188],[140.5922,36.3188],[140.5921,36.3188],[140.5921,36.3188],[140.5921,36.3188],[140.592,36.3187],[140.5919,36.3186],[140.5917,36.3184],[140.5917,36.3184],[140.5916,36.3184],[140.5916,36.3184],[140.5915,36.3183],[140.5915,36.3183],[140.5914,36.3182],[140.5914,36.3182],[140.5913,36.3182],[140.5913,36.3181],[140.5913,36.3181],[140.5912,36.318],[140.5912,36.318],[140.5912,36.318],[140.5912,36.3179],[140.5912,36.3179],[140.5911,36.3179],[140.5911,36.3178],[140.5911,36.3178],[140.5912,36.3177],[140.5912,36.3177],[140.5911,36.3176],[140.5911,36.3175],[140.5911,36.3175],[140.5911,36.3174],[140.5911,36.3174],[140.5911,36.3174],[140.5911,36.3174],[140.5911,36.3173],[140.591,36.3172],[140.5911,36.3172],[140.5911,36.3172],[140.5911,36.3171],[140.5911,36.3171],[140.5911,36.3171],[140.5911,36.3171],[140.5911,36.3171],[140.591,36.317],[140.5909,36.317],[140.5909,36.3169],[140.5909,36.3169],[140.5908,36.3168],[140.5908,36.3168],[140.5908,36.3167],[140.5908,36.3167],[140.5908,36.3167],[140.5908,36.3167],[140.5908,36.3167],[140.5908,36.3166],[140.5908,36.3166],[140.5908,36.3165],[140.5908,36.3164],[140.5908,36.3164],[140.5908,36.3164],[140.5908,36.3164],[140.5908,36.3164],[140.5907,36.3164],[140.5906,36.3164],[140.5906,36.3164],[140.5905,36.3163],[140.5904,36.3163],[140.5904,36.3163],[140.5904,36.3163],[140.5903,36.3162],[140.5903,36.3162],[140.5901,36.316],[140.5901,36.316],[140.5901,36.316],[140.59,36.3159],[140.59,36.3159],[140.59,36.3159],[140.59,36.3158],[140.59,36.3158],[140.5899,36.3158],[140.5899,36.3158],[140.5898,36.3158],[140.5898,36.3157],[140.5897,36.3157],[140.5897,36.3157],[140.5895,36.3155],[140.5895,36.3155],[140.5895,36.3154],[140.5895,36.3154],[140.5895,36.3154],[140.5895,36.3154],[140.5894,36.3154],[140.5894,36.3153],[140.5895,36.3153],[140.5895,36.3153],[140.5895,36.3153],[140.5895,36.3153],[140.5895,36.3153],[140.5896,36.3153],[140.5896,36.3153],[140.5896,36.3153],[140.5896,36.3153],[140.5896,36.3153],[140.5896,36.3153],[140.5896,36.3152],[140.5895,36.3152],[140.5895,36.3152],[140.5894,36.3152],[140.5894,36.3152],[140.5894,36.3152],[140.5893,36.3152],[140.5893,36.3152],[140.5893,36.3152],[140.5893,36.3152],[140.5892,36.3153],[140.5892,36.3153],[140.5891,36.3153],[140.589,36.3152],[140.5889,36.3151],[140.5889,36.315],[140.5889,36.315],[140.5889,36.3149],[140.5889,36.3149],[140.5889,36.3148],[140.5889,36.3148],[140.5888,36.3148],[140.5888,36.3148],[140.5888,36.3147],[140.5888,36.3147],[140.5888,36.3147],[140.5888,36.3147],[140.5889,36.3146],[140.5889,36.3146],[140.5889,36.3146],[140.5888,36.3146],[140.5888,36.3146],[140.5888,36.3146],[140.5888,36.3146],[140.5888,36.3146],[140.5887,36.3146],[140.5887,36.3146],[140.5887,36.3145],[140.5887,36.3145],[140.5887,36.3145],[140.5887,36.3144],[140.5887,36.3143],[140.5887,36.3143],[140.5888,36.3142],[140.5888,36.3142],[140.5888,36.3142],[140.5888,36.3142],[140.5887,36.3141],[140.5887,36.3141],[140.5887,36.314],[140.5887,36.314],[140.5886,36.3139],[140.5885,36.3138],[140.5885,36.3138],[140.5885,36.3137],[140.5885,36.3137],[140.5885,36.3136],[140.5885,36.3135],[140.5885,36.3135],[140.5885,36.3135],[140.5884,36.3134],[140.5884,36.3134],[140.5884,36.3134],[140.5884,36.3133],[140.5884,36.3133],[140.5883,36.3133],[140.5883,36.3133],[140.5882,36.3133],[140.5882,36.3133],[140.5882,36.3133],[140.5882,36.3133],[140.5881,36.3132],[140.5881,36.3132],[140.588,36.3131],[140.5879,36.3131],[140.5879,36.3131],[140.5879,36.3131],[140.5879,36.3131],[140.5879,36.313],[140.5878,36.313],[140.5878,36.313],[140.5878,36.313],[140.5878,36.313],[140.5878,36.313],[140.5877,36.313],[140.5877,36.313],[140.5877,36.313],[140.5877,36.3129],[140.5877,36.3129],[140.5876,36.3129],[140.5876,36.3129],[140.5875,36.3128],[140.5875,36.3128],[140.5875,36.3128],[140.5875,36.3128],[140.5875,36.3128],[140.5873,36.3128],[140.5873,36.3127],[140.5874,36.3127],[140.5874,36.3127],[140.5874,36.3127],[140.5873,36.3126],[140.5873,36.3126],[140.5873,36.3126],[140.5872,36.3126],[140.5872,36.3125],[140.5872,36.3125],[140.5872,36.3126],[140.5872,36.3126],[140.5872,36.3126],[140.5871,36.3127],[140.5871,36.3127],[140.5871,36.3127],[140.5871,36.3127],[140.5871,36.3127],[140.5871,36.3127],[140.587,36.3127],[140.5869,36.3126],[140.5869,36.3126],[140.5868,36.3125],[140.5868,36.3125],[140.5867,36.3124],[140.5867,36.3123],[140.5866,36.3123],[140.5866,36.3123],[140.5866,36.3123],[140.5866,36.3122],[140.5866,36.3122],[140.5866,36.3121],[140.5866,36.3121],[140.5866,36.3121],[140.5865,36.312],[140.5865,36.312],[140.5865,36.312],[140.5865,36.312],[140.5866,36.312],[140.5866,36.312],[140.5866,36.3119],[140.5866,36.3119],[140.5866,36.3119],[140.5866,36.3118],[140.5866,36.3118],[140.5866,36.3118],[140.5867,36.3118],[140.5867,36.3118],[140.5867,36.3117],[140.5867,36.3117],[140.5867,36.3116],[140.5867,36.3116],[140.5868,36.3116],[140.5868,36.3116],[140.5868,36.3116],[140.5868,36.3115],[140.5868,36.3115],[140.5868,36.3115],[140.5868,36.3115],[140.5868,36.3115],[140.5868,36.3115],[140.5869,36.3115],[140.5869,36.3115],[140.5869,36.3114],[140.5869,36.3114],[140.5869,36.3114],[140.5869,36.3114],[140.5869,36.3114],[140.5869,36.3114],[140.5869,36.3114],[140.5869,36.3114],[140.5869,36.3114],[140.5868,36.3114],[140.5868,36.3114],[140.5868,36.3114],[140.5868,36.3113],[140.5868,36.3113],[140.5868,36.3114],[140.5868,36.3114],[140.5868,36.3114],[140.5868,36.3114],[140.5867,36.3114],[140.5867,36.3114],[140.5867,36.3114],[140.5867,36.3113],[140.5866,36.3113],[140.5866,36.3113],[140.5866,36.3113],[140.5866,36.3113],[140.5865,36.3113],[140.5865,36.3112],[140.5865,36.3112],[140.5864,36.3112],[140.5864,36.3112],[140.5864,36.3112],[140.5864,36.3111],[140.5864,36.3111],[140.5864,36.3111],[140.5864,36.3111],[140.5864,36.3111],[140.5864,36.3111],[140.5864,36.311],[140.5864,36.311],[140.5864,36.311],[140.5864,36.311],[140.5864,36.311],[140.5864,36.3111],[140.5863,36.3111],[140.5863,36.3111],[140.5862,36.311],[140.5862,36.311],[140.5862,36.311],[140.5862,36.311],[140.5862,36.311],[140.5862,36.3109],[140.5862,36.3109],[140.5862,36.3109],[140.5862,36.3108],[140.5862,36.3108],[140.5862,36.3107],[140.5861,36.3107],[140.5861,36.3107],[140.5861,36.3107],[140.5861,36.3107],[140.5861,36.3108],[140.5861,36.3108],[140.5861,36.3109],[140.5861,36.3109],[140.5861,36.3109],[140.5861,36.3109],[140.5861,36.311],[140.5861,36.311],[140.586,36.311],[140.586,36.311],[140.5858,36.3109],[140.5857,36.3109],[140.5856,36.3109],[140.5855,36.3109],[140.5855,36.3109],[140.5855,36.3109],[140.5855,36.3109],[140.5854,36.3109],[140.5853,36.3109],[140.5853,36.3108],[140.5853,36.3094],[140.5854,36.3094],[140.5854,36.3093],[140.5854,36.3092],[140.5854,36.3092],[140.5854,36.3092],[140.5854,36.3092],[140.5853,36.3091],[140.5853,36.3091],[140.5853,36.3091],[140.5852,36.3091],[140.5851,36.3091],[140.5847,36.309],[140.5847,36.309],[140.5845,36.309],[140.5845,36.309],[140.5844,36.309],[140.5843,36.309],[140.5833,36.3088],[140.5833,36.3088],[140.5811,36.3086],[140.5811,36.3086],[140.581,36.3086],[140.5805,36.3083],[140.5805,36.3083],[140.5794,36.3078],[140.5793,36.3078],[140.5792,36.3077],[140.5792,36.3076],[140.5791,36.3075],[140.5786,36.3069],[140.5786,36.3069],[140.5786,36.3068],[140.5786,36.3065],[140.5785,36.3065],[140.5785,36.3058],[140.5786,36.3058],[140.5786,36.3053],[140.5786,36.3051],[140.5786,36.3033],[140.5786,36.3031],[140.5786,36.303],[140.5786,36.3029],[140.5786,36.3029],[140.5786,36.3029],[140.5786,36.3028],[140.5786,36.3025],[140.5786,36.3024],[140.5786,36.3024],[140.5786,36.3023],[140.5787,36.3023],[140.5797,36.3011],[140.5797,36.3011],[140.5797,36.301],[140.5797,36.301],[140.5798,36.3009],[140.5797,36.3008],[140.5783,36.3023],[140.5783,36.3031],[140.5783,36.3031],[140.5783,36.3053],[140.5783,36.3053],[140.5783,36.3066],[140.5782,36.3066],[140.5782,36.3066],[140.5782,36.3066],[140.5782,36.3069],[140.5782,36.3069],[140.5782,36.3069],[140.5783,36.3069],[140.5786,36.3073],[140.5786,36.3074],[140.5786,36.3074],[140.5787,36.3074],[140.5788,36.3076],[140.5788,36.3076],[140.5789,36.3077],[140.579,36.3078],[140.579,36.3078],[140.579,36.3078],[140.579,36.3078],[140.579,36.3078],[140.5789,36.3078],[140.5789,36.3078],[140.5789,36.3078],[140.5789,36.3079],[140.5788,36.3079],[140.5788,36.3079],[140.5787,36.3082],[140.5788,36.3082],[140.5788,36.3083],[140.5788,36.3083],[140.5789,36.3079],[140.5789,36.308],[140.579,36.3079],[140.579,36.3079],[140.579,36.3079],[140.5791,36.3079],[140.579,36.308],[140.5798,36.3083],[140.5798,36.3083],[140.5804,36.3086],[140.581,36.3089],[140.5833,36.3091],[140.5833,36.3091],[140.5847,36.3093],[140.5846,36.3105],[140.5848,36.3105],[140.5848,36.3108],[140.5848,36.3108],[140.5848,36.3108],[140.5848,36.3108],[140.5848,36.3108],[140.5835,36.3108],[140.5835,36.3106],[140.5833,36.3106],[140.5833,36.3106],[140.5832,36.3106],[140.5832,36.3097],[140.5831,36.3097],[140.5831,36.3106],[140.5812,36.3107],[140.5812,36.3098],[140.581,36.3098],[140.581,36.3107],[140.5791,36.3107],[140.579,36.3095],[140.5802,36.3094],[140.5802,36.3094],[140.5787,36.3094],[140.5787,36.3088],[140.5786,36.3088],[140.5787,36.3107],[140.5774,36.3107],[140.5774,36.3094],[140.5766,36.3094],[140.5758,36.3098],[140.5751,36.3086],[140.575,36.3086],[140.575,36.3086],[140.5749,36.3083],[140.5749,36.3083],[140.5744,36.3077],[140.5733,36.3077],[140.5725,36.3083],[140.5724,36.3083],[140.572,36.3087],[140.5715,36.3091],[140.571,36.3087],[140.5706,36.3083],[140.5706,36.3083],[140.57,36.3078],[140.5719,36.3063],[140.571,36.3055],[140.5714,36.3052],[140.5715,36.3046],[140.5714,36.3046],[140.5713,36.3051],[140.5708,36.3055],[140.5708,36.3055],[140.5695,36.3064],[140.5695,36.3063],[140.5694,36.3064],[140.5693,36.3063],[140.5694,36.3062],[140.5693,36.3062],[140.5691,36.3064],[140.5691,36.3063],[140.5691,36.3063],[140.569,36.3063],[140.5692,36.3061],[140.569,36.3059],[140.5711,36.3043],[140.5711,36.3044],[140.5712,36.3043],[140.5711,36.3042],[140.5715,36.304],[140.5718,36.3042],[140.5719,36.3041],[140.5716,36.3039],[140.5722,36.3034],[140.5723,36.3034],[140.5723,36.3034],[140.5722,36.3033],[140.5746,36.3015],[140.5746,36.3015],[140.5745,36.3014],[140.5734,36.3023],[140.5734,36.3023],[140.5723,36.3031],[140.5723,36.3031],[140.5723,36.3031],[140.5723,36.3031],[140.5722,36.3031],[140.5722,36.3031],[140.5722,36.303],[140.5722,36.303],[140.5722,36.303],[140.5722,36.303],[140.5722,36.303],[140.5721,36.303],[140.5721,36.303],[140.5721,36.303],[140.572,36.303],[140.572,36.303],[140.572,36.303],[140.572,36.303],[140.5719,36.303],[140.5719,36.3029],[140.5719,36.3029],[140.5719,36.3029],[140.5719,36.3029],[140.5719,36.3029],[140.5718,36.3029],[140.5718,36.3029],[140.5718,36.3029],[140.5718,36.3029],[140.5717,36.3028],[140.5717,36.3028],[140.5717,36.3028],[140.5716,36.3027],[140.5716,36.3027],[140.5715,36.3027],[140.5715,36.3026],[140.5715,36.3026],[140.5714,36.3026],[140.5714,36.3026],[140.5713,36.3027],[140.5713,36.3027],[140.5713,36.3027],[140.5712,36.3027],[140.5712,36.3027],[140.5712,36.3027],[140.5712,36.3027],[140.5711,36.3027],[140.5711,36.3028],[140.5711,36.3028],[140.5711,36.3028],[140.5711,36.3028],[140.5711,36.3028],[140.5711,36.3027],[140.5711,36.3027],[140.5711,36.3027],[140.571,36.3027],[140.571,36.3027],[140.571,36.3027],[140.571,36.3027],[140.571,36.3027],[140.5709,36.3027],[140.5709,36.3027],[140.5709,36.3027],[140.5708,36.3027],[140.5708,36.3026],[140.5708,36.3026],[140.5708,36.3026],[140.5708,36.3026],[140.5708,36.3026],[140.5708,36.3026],[140.5708,36.3026],[140.5708,36.3025],[140.5707,36.3025],[140.5707,36.3025],[140.5707,36.3025],[140.5707,36.3025],[140.5707,36.3025],[140.5707,36.3025],[140.5707,36.3025],[140.5707,36.3025],[140.5707,36.3025],[140.5708,36.3025],[140.5708,36.3025],[140.5708,36.3025],[140.5709,36.3025],[140.5709,36.3025],[140.5709,36.3025],[140.5709,36.3025],[140.5709,36.3025],[140.5709,36.3025],[140.5709,36.3025],[140.5709,36.3024],[140.5709,36.3024],[140.5709,36.3024],[140.5709,36.3023],[140.5709,36.3023],[140.5709,36.3022],[140.5708,36.3022],[140.5708,36.3022],[140.5708,36.3022],[140.5708,36.3022],[140.5708,36.3022],[140.5708,36.3022],[140.5707,36.3021],[140.5707,36.3021],[140.5707,36.3021],[140.5707,36.3021],[140.5706,36.3021],[140.5706,36.3021],[140.5706,36.302],[140.5706,36.302],[140.5706,36.302],[140.5706,36.302],[140.5706,36.302],[140.5705,36.302],[140.5705,36.302],[140.5705,36.3019],[140.5705,36.3019],[140.5704,36.3019],[140.5704,36.3019],[140.5704,36.3019],[140.5704,36.3018],[140.5704,36.3018],[140.5704,36.3018],[140.5704,36.3018],[140.5703,36.3018],[140.5703,36.3018],[140.5703,36.3018],[140.5703,36.3018],[140.5703,36.3018],[140.5702,36.3018],[140.5702,36.3018],[140.5702,36.3018],[140.5702,36.3018],[140.5702,36.3018],[140.5701,36.3017],[140.5701,36.3017],[140.5701,36.3017],[140.5701,36.3017],[140.57,36.3017],[140.57,36.3017],[140.57,36.3017],[140.57,36.3017],[140.57,36.3017],[140.57,36.3017],[140.57,36.3017],[140.57,36.3016],[140.57,36.3016],[140.5699,36.3016],[140.5699,36.3016],[140.5699,36.3016],[140.5699,36.3016],[140.5699,36.3016],[140.5699,36.3016],[140.5699,36.3016],[140.5698,36.3016],[140.5698,36.3016],[140.5698,36.3016],[140.5698,36.3016],[140.5698,36.3016],[140.5698,36.3015],[140.5698,36.3015],[140.5698,36.3015],[140.5697,36.3015],[140.5697,36.3015],[140.5697,36.3015],[140.5697,36.3014],[140.5697,36.3014],[140.5696,36.3014],[140.5696,36.3014],[140.5695,36.3014],[140.5695,36.3013],[140.5694,36.3013],[140.5694,36.3013],[140.5694,36.3013],[140.5693,36.3013],[140.5693,36.3013],[140.5693,36.3013],[140.5693,36.3013],[140.5693,36.3013],[140.5692,36.3014],[140.5692,36.3014],[140.5692,36.3014],[140.5692,36.3014],[140.5692,36.3014],[140.5692,36.3014],[140.5691,36.3014],[140.5691,36.3014],[140.5691,36.3014],[140.5691,36.3014],[140.5691,36.3014],[140.569,36.3014],[140.569,36.3014],[140.569,36.3013],[140.569,36.3013],[140.569,36.3013],[140.569,36.3013],[140.569,36.3013],[140.569,36.3013],[140.569,36.3013],[140.569,36.3013],[140.569,36.3013],[140.569,36.3012],[140.569,36.3012],[140.569,36.3012],[140.569,36.3012],[140.569,36.3011],[140.569,36.3011],[140.569,36.3011],[140.569,36.301],[140.5689,36.301],[140.5689,36.301],[140.5689,36.301],[140.5689,36.3009],[140.5689,36.3009],[140.5689,36.3009],[140.5688,36.3009],[140.5688,36.3009],[140.5688,36.3009],[140.5688,36.3009],[140.5687,36.3009],[140.5687,36.3009],[140.5687,36.3008],[140.5687,36.3008],[140.5687,36.3008],[140.5686,36.3008],[140.5686,36.3008],[140.5686,36.3008],[140.5686,36.3008],[140.5686,36.3008],[140.5686,36.3007],[140.5686,36.3007],[140.5686,36.3007],[140.5686,36.3007],[140.5685,36.3006],[140.5685,36.3006],[140.5685,36.3006],[140.5685,36.3006],[140.5684,36.3006],[140.5684,36.3006],[140.5684,36.3006],[140.5683,36.3006],[140.5682,36.3005],[140.5682,36.3005],[140.5682,36.3005],[140.5682,36.3005],[140.568,36.3004],[140.5679,36.3004],[140.5679,36.3004],[140.5678,36.3004],[140.5677,36.3003],[140.5677,36.3003],[140.5676,36.3003],[140.5676,36.3002],[140.5676,36.3002],[140.5676,36.3002],[140.5676,36.3001],[140.5676,36.3001],[140.5676,36.3001],[140.5676,36.3001],[140.5675,36.3],[140.5675,36.3],[140.5675,36.3],[140.5675,36.3],[140.5674,36.3],[140.5674,36.3],[140.5674,36.3],[140.5674,36.3],[140.5674,36.3],[140.5674,36.3],[140.5673,36.3],[140.5672,36.2999],[140.5672,36.2999],[140.5672,36.2999],[140.5671,36.2999],[140.5671,36.2999],[140.5671,36.2999],[140.5671,36.2998],[140.5671,36.2998],[140.5671,36.2998],[140.567,36.2997],[140.567,36.2997],[140.567,36.2997],[140.567,36.2997],[140.567,36.2997],[140.5669,36.2997],[140.5669,36.2997],[140.5669,36.2997],[140.5669,36.2997],[140.5668,36.2996],[140.5668,36.2996],[140.5667,36.2996],[140.5667,36.2995],[140.5667,36.2995],[140.5667,36.2995],[140.5666,36.2995],[140.5666,36.2995],[140.5666,36.2995],[140.5665,36.2995],[140.5665,36.2995],[140.5664,36.2995],[140.5664,36.2995],[140.5664,36.2994],[140.5663,36.2994],[140.5663,36.2994],[140.5663,36.2994],[140.5663,36.2994],[140.5662,36.2995],[140.5662,36.2995],[140.5662,36.2995],[140.5662,36.2995],[140.5662,36.2994],[140.5662,36.2994],[140.5662,36.2993],[140.5662,36.2993],[140.5662,36.2992],[140.5662,36.2992],[140.5662,36.2992],[140.5662,36.2992],[140.5662,36.2992],[140.5662,36.2991],[140.5662,36.2991],[140.5661,36.299],[140.5661,36.299],[140.566,36.2989],[140.5659,36.2988],[140.5659,36.2988],[140.5659,36.2988],[140.5658,36.2988],[140.5658,36.2987],[140.5658,36.2987],[140.5657,36.2987],[140.5657,36.2987],[140.5657,36.2987],[140.5657,36.2987],[140.5656,36.2985],[140.5655,36.2985],[140.5655,36.2985],[140.5655,36.2985],[140.5654,36.2985],[140.5654,36.2984],[140.5654,36.2984],[140.5654,36.2984],[140.5654,36.2984],[140.5653,36.2983],[140.5653,36.2983],[140.5653,36.2983],[140.5652,36.2983],[140.5652,36.2982],[140.5652,36.2982],[140.5651,36.2981],[140.5651,36.2981],[140.565,36.2981],[140.5649,36.2981],[140.5649,36.2981],[140.5649,36.298],[140.5649,36.298],[140.5649,36.298],[140.5649,36.2979],[140.5649,36.2979],[140.5649,36.2979],[140.5648,36.2979],[140.5648,36.2979],[140.5648,36.2979],[140.5647,36.2978],[140.5647,36.2978],[140.5647,36.2978],[140.5646,36.2977],[140.5646,36.2977],[140.5646,36.2977],[140.5646,36.2977],[140.5646,36.2976],[140.5645,36.2976],[140.5645,36.2976],[140.5645,36.2976],[140.5645,36.2976],[140.5645,36.2976],[140.5644,36.2976],[140.5644,36.2976],[140.5644,36.2975],[140.5644,36.2975],[140.5644,36.2975],[140.5644,36.2975],[140.5643,36.2974],[140.5643,36.2974],[140.5643,36.2974],[140.5643,36.2974],[140.5643,36.2974],[140.5643,36.2973],[140.5643,36.2973],[140.5643,36.2973],[140.5642,36.2973],[140.5642,36.2973],[140.5642,36.2973],[140.5642,36.2973],[140.5642,36.2972],[140.5641,36.2972],[140.5641,36.2972],[140.5641,36.2972],[140.5641,36.2972],[140.5641,36.2972],[140.5641,36.2971],[140.564,36.2971],[140.564,36.2971],[140.564,36.2971],[140.564,36.2971],[140.564,36.2971],[140.564,36.297],[140.5639,36.297],[140.5639,36.297],[140.5639,36.2969],[140.5639,36.2969],[140.5639,36.2969],[140.5638,36.2968],[140.5638,36.2968],[140.5638,36.2968],[140.5638,36.2968],[140.5638,36.2968],[140.5637,36.2967],[140.5637,36.2967],[140.5637,36.2967],[140.5636,36.2966],[140.5635,36.2966],[140.5635,36.2966],[140.5635,36.2965],[140.5635,36.2965],[140.5635,36.2965],[140.5634,36.2964],[140.5634,36.2963],[140.5634,36.2963],[140.5634,36.2963],[140.5634,36.2962],[140.5642,36.2961],[140.5641,36.2959],[140.5624,36.2962],[140.5623,36.2962],[140.5623,36.2962],[140.5623,36.2962],[140.5622,36.2962],[140.5622,36.2962],[140.5621,36.2962],[140.5621,36.2962],[140.5621,36.2962],[140.562,36.2962],[140.562,36.2962],[140.562,36.2962],[140.5619,36.2962],[140.5619,36.2963],[140.5619,36.2963],[140.5619,36.2963],[140.5619,36.2963],[140.5619,36.2963],[140.5619,36.2963],[140.5619,36.2963],[140.5619,36.2963],[140.5619,36.2963],[140.5619,36.2963],[140.5619,36.2964],[140.5618,36.2964],[140.5618,36.2963],[140.5619,36.2963],[140.5619,36.2963],[140.5618,36.2963],[140.5618,36.2963],[140.5618,36.2963],[140.5619,36.2963],[140.5619,36.2963],[140.5619,36.2962],[140.5619,36.2962],[140.5619,36.2962],[140.5619,36.2962],[140.562,36.2962],[140.562,36.2962],[140.562,36.2962],[140.562,36.2962],[140.562,36.2962],[140.562,36.2962],[140.5624,36.2962],[140.5625,36.2962],[140.5625,36.2962],[140.5625,36.2962],[140.5625,36.2962],[140.5625,36.2962],[140.5625,36.2961],[140.5625,36.2961],[140.5625,36.2961],[140.5625,36.2961],[140.5625,36.2961],[140.5625,36.296],[140.5625,36.296],[140.5625,36.296],[140.5625,36.296],[140.5625,36.296],[140.5625,36.296],[140.5625,36.2959],[140.5625,36.2959],[140.5624,36.2959],[140.5624,36.2959],[140.5624,36.2958],[140.5624,36.2958],[140.5623,36.2958],[140.5623,36.2958],[140.5623,36.2957],[140.5622,36.2956],[140.5622,36.2956],[140.5622,36.2956],[140.5622,36.2956],[140.5622,36.2955],[140.5621,36.2955],[140.5621,36.2955],[140.5621,36.2954],[140.5621,36.2954],[140.5621,36.2954],[140.5621,36.2953],[140.5621,36.2952],[140.5621,36.2952],[140.562,36.2952],[140.562,36.2951],[140.562,36.2951],[140.562,36.2951],[140.5621,36.295],[140.5621,36.295],[140.5621,36.295],[140.5621,36.295],[140.562,36.295],[140.562,36.295],[140.562,36.2949],[140.562,36.2949],[140.562,36.2949],[140.562,36.2949],[140.562,36.2949],[140.562,36.2949],[140.562,36.2949],[140.562,36.2949],[140.562,36.2949],[140.562,36.2948],[140.562,36.2948],[140.562,36.2948],[140.562,36.2948],[140.5619,36.2948],[140.5619,36.2948],[140.5619,36.2946],[140.5619,36.2946],[140.5619,36.2946],[140.5619,36.2946],[140.5619,36.2946],[140.5619,36.2946],[140.5619,36.2946],[140.5619,36.2947],[140.5619,36.2947],[140.5619,36.2947],[140.5619,36.2947],[140.5619,36.2947],[140.5619,36.2947],[140.5618,36.2947],[140.5618,36.2947],[140.5618,36.2947],[140.5618,36.2947],[140.5617,36.2946],[140.5617,36.2946],[140.5617,36.2946],[140.5617,36.2946],[140.5616,36.2945],[140.5616,36.2945],[140.5617,36.2944],[140.5617,36.2944],[140.5617,36.2943],[140.5617,36.2943],[140.5617,36.2943],[140.5617,36.2943],[140.5617,36.2943],[140.5616,36.2942],[140.5616,36.2942],[140.5616,36.2942],[140.5615,36.2942],[140.5615,36.2942],[140.5615,36.2941],[140.5615,36.2941],[140.5615,36.2941],[140.5615,36.2941],[140.5614,36.2941],[140.5614,36.2941],[140.5614,36.2941],[140.5613,36.294],[140.5613,36.294],[140.5613,36.294],[140.5612,36.294],[140.5612,36.294],[140.5611,36.2939],[140.5611,36.2938],[140.5611,36.2938],[140.5611,36.2938],[140.5611,36.2938],[140.5611,36.2938],[140.5611,36.2938],[140.5611,36.2938],[140.5611,36.2937],[140.5611,36.2937],[140.561,36.2937],[140.561,36.2937],[140.561,36.2937],[140.561,36.2936],[140.561,36.2936],[140.561,36.2936],[140.561,36.2936],[140.561,36.2936],[140.561,36.2936],[140.561,36.2935],[140.561,36.2935],[140.561,36.2935],[140.561,36.2935],[140.561,36.2934],[140.561,36.2934],[140.561,36.2934],[140.561,36.2934],[140.561,36.2934],[140.561,36.2934],[140.561,36.2934],[140.561,36.2934],[140.561,36.2933],[140.561,36.2933],[140.561,36.2933],[140.561,36.2933],[140.561,36.2933],[140.5609,36.2932],[140.5609,36.2932],[140.5609,36.2932],[140.5608,36.2932],[140.5608,36.2932],[140.5608,36.2932],[140.5608,36.2932],[140.5608,36.2932],[140.5607,36.2931],[140.5607,36.2931],[140.5607,36.2931],[140.5607,36.2931],[140.5607,36.2931],[140.5607,36.2931],[140.5607,36.2931],[140.5607,36.2931],[140.5606,36.293],[140.5606,36.293],[140.5606,36.293],[140.5606,36.293],[140.5606,36.293],[140.5606,36.293],[140.5606,36.293],[140.5606,36.293],[140.5606,36.293],[140.5606,36.293],[140.5605,36.2929],[140.5605,36.2929],[140.5605,36.2929],[140.5605,36.2928],[140.5605,36.2928],[140.5605,36.2927],[140.5605,36.2927],[140.5605,36.2927],[140.5605,36.2927],[140.5605,36.2926],[140.5605,36.2926],[140.5605,36.2926],[140.5605,36.2925],[140.5605,36.2925],[140.5605,36.2925],[140.5604,36.2925],[140.5604,36.2925],[140.5604,36.2925],[140.5604,36.2925],[140.5604,36.2925],[140.5604,36.2924],[140.5603,36.2924],[140.5603,36.2924],[140.5603,36.2924],[140.5603,36.2924],[140.5603,36.2924],[140.5603,36.2923],[140.5602,36.2923],[140.5602,36.2923],[140.5602,36.2922],[140.5602,36.2922],[140.5601,36.292],[140.5601,36.292],[140.5601,36.292],[140.5601,36.292],[140.5601,36.2919],[140.5601,36.2919],[140.56,36.2918],[140.56,36.2918],[140.56,36.2918],[140.56,36.2917],[140.56,36.2917],[140.56,36.2917],[140.56,36.2917],[140.56,36.2917],[140.56,36.2916],[140.56,36.2916],[140.56,36.2916],[140.56,36.2916],[140.56,36.2916],[140.56,36.2916],[140.56,36.2915],[140.56,36.2915],[140.56,36.2915],[140.56,36.2915],[140.56,36.2914],[140.56,36.2914],[140.56,36.2914],[140.56,36.2914],[140.56,36.2913],[140.5599,36.2913],[140.5599,36.2912],[140.5599,36.2912],[140.5599,36.2911],[140.5598,36.2911],[140.5598,36.2911],[140.5598,36.291],[140.5598,36.291],[140.5598,36.291],[140.5599,36.2909],[140.5599,36.2908],[140.5599,36.2908],[140.5599,36.2907],[140.5599,36.2907],[140.5599,36.2907],[140.5598,36.2905],[140.5598,36.2904],[140.5598,36.2904],[140.5598,36.2903],[140.5598,36.2902],[140.5598,36.2902],[140.5598,36.2902],[140.5598,36.2901],[140.5598,36.2901],[140.5598,36.29],[140.5598,36.29],[140.5598,36.2899],[140.5598,36.2899],[140.5598,36.2899],[140.5598,36.2899],[140.5598,36.2898],[140.5603,36.2898],[140.5623,36.2895],[140.5623,36.2895],[140.5623,36.2894],[140.5623,36.2894],[140.5623,36.2894],[140.5623,36.2894],[140.5623,36.2894],[140.5623,36.2893],[140.5623,36.2893],[140.5622,36.2893],[140.5622,36.2893],[140.5622,36.2893],[140.5602,36.2896],[140.5602,36.2897],[140.5598,36.2897],[140.5598,36.2897],[140.5598,36.2897],[140.5598,36.2897],[140.5598,36.2897],[140.5598,36.2897],[140.5598,36.2897],[140.5598,36.2896],[140.5598,36.2896],[140.5598,36.2896],[140.5598,36.2896],[140.5597,36.2896],[140.5597,36.2895],[140.5597,36.2895],[140.5597,36.2895],[140.5597,36.2895],[140.5597,36.2894],[140.5596,36.2894],[140.5596,36.2894],[140.5596,36.2894],[140.5596,36.2894],[140.5595,36.2893],[140.5595,36.2893],[140.5595,36.2893],[140.5595,36.2893],[140.5594,36.2892],[140.5594,36.2892],[140.5594,36.2892],[140.5594,36.2892],[140.5594,36.2892],[140.5594,36.2892],[140.5593,36.2892],[140.5593,36.2892],[140.5593,36.2892],[140.5593,36.2892],[140.5593,36.2892],[140.5592,36.2892],[140.5592,36.2892],[140.5592,36.2892],[140.5592,36.2892],[140.5592,36.2892],[140.5592,36.2892],[140.5592,36.2892],[140.5591,36.2892],[140.5591,36.2892],[140.5591,36.2892],[140.5591,36.2892],[140.5591,36.2892],[140.5591,36.2892],[140.5591,36.2892],[140.5591,36.2892],[140.5591,36.2892],[140.5591,36.2892],[140.5591,36.2892],[140.559,36.2892],[140.559,36.2892],[140.559,36.2892],[140.559,36.2893],[140.5589,36.2894],[140.5589,36.2894],[140.5589,36.2894],[140.5589,36.2894],[140.5589,36.2895],[140.5589,36.2895],[140.5589,36.2895],[140.5589,36.2895],[140.5589,36.2895],[140.5589,36.2896],[140.5588,36.2896],[140.5588,36.2896],[140.5588,36.2897],[140.5588,36.2897],[140.5588,36.2897],[140.5588,36.2897],[140.5587,36.2897],[140.5587,36.2898],[140.5587,36.2898],[140.5586,36.2898],[140.5586,36.2898],[140.5586,36.2898],[140.5586,36.2898],[140.5586,36.2898],[140.5586,36.2898],[140.5586,36.2898],[140.5586,36.2898],[140.5586,36.2898],[140.5586,36.2898],[140.5587,36.2897],[140.5587,36.2897],[140.5587,36.2897],[140.5587,36.2897],[140.5588,36.2897],[140.5588,36.2897],[140.5588,36.2896],[140.5588,36.2896],[140.5588,36.2896],[140.5588,36.2896],[140.5588,36.2895],[140.5589,36.2895],[140.5589,36.2895],[140.5589,36.2895],[140.5589,36.2895],[140.5589,36.2894],[140.5589,36.2894],[140.5589,36.2894],[140.5589,36.2894],[140.559,36.2892],[140.559,36.2892],[140.559,36.2892],[140.559,36.2892],[140.559,36.2892],[140.559,36.2892],[140.5591,36.2892],[140.5591,36.2892],[140.5591,36.2892],[140.5591,36.2892],[140.5591,36.2892],[140.5591,36.2892],[140.5591,36.2892],[140.5591,36.2892],[140.5591,36.2892],[140.5591,36.2892],[140.5591,36.2892],[140.5592,36.2892],[140.5592,36.2892],[140.5592,36.2892],[140.5592,36.2892],[140.5592,36.2892],[140.5592,36.2892],[140.5592,36.2892],[140.5592,36.2891],[140.5593,36.2891],[140.5593,36.2891],[140.5593,36.2891],[140.5593,36.2891],[140.5593,36.2891],[140.5593,36.2891],[140.5593,36.2891],[140.5593,36.2891],[140.5593,36.289],[140.5593,36.289],[140.5593,36.289],[140.5593,36.289],[140.5593,36.2889],[140.5593,36.2889],[140.5593,36.2889],[140.5593,36.2889],[140.5593,36.2888],[140.5593,36.2888],[140.5592,36.2887],[140.5592,36.2887],[140.5592,36.2887],[140.5592,36.2886],[140.5592,36.2886],[140.5592,36.2886],[140.5592,36.2886],[140.5592,36.2885],[140.5592,36.2885],[140.5592,36.2885],[140.5592,36.2885],[140.5592,36.2885],[140.5592,36.2884],[140.5592,36.2884],[140.5592,36.2884],[140.5592,36.2884],[140.5591,36.2883],[140.5591,36.2883],[140.5591,36.2882],[140.559,36.2882],[140.559,36.2882],[140.559,36.2881],[140.5591,36.2881],[140.5591,36.2881],[140.5591,36.288],[140.5591,36.288],[140.5591,36.288],[140.5592,36.2879],[140.5592,36.2879],[140.5592,36.2879],[140.5592,36.2878],[140.5592,36.2878],[140.5591,36.2878],[140.5591,36.2878],[140.5591,36.2878],[140.5591,36.2878],[140.5591,36.2878],[140.5591,36.2878],[140.5591,36.2878],[140.5591,36.2878],[140.559,36.2878],[140.559,36.2878],[140.559,36.2877],[140.559,36.2877],[140.559,36.2877],[140.559,36.2876],[140.559,36.2876],[140.559,36.2876],[140.559,36.2876],[140.559,36.2876],[140.559,36.2876],[140.559,36.2876],[140.559,36.2876],[140.559,36.2876],[140.559,36.2876],[140.559,36.2876],[140.559,36.2876],[140.5591,36.2876],[140.5591,36.2876],[140.5591,36.2876],[140.5591,36.2876],[140.5591,36.2876],[140.5591,36.2875],[140.559,36.2875],[140.559,36.2875],[140.559,36.2875],[140.559,36.2875],[140.5589,36.2875],[140.5589,36.2874],[140.5589,36.2874],[140.5589,36.2874],[140.5588,36.2874],[140.5588,36.2872],[140.5588,36.2872],[140.5588,36.2872],[140.5588,36.2871],[140.5588,36.2871],[140.5588,36.287],[140.5588,36.287],[140.5587,36.287],[140.5587,36.2869],[140.5587,36.2869],[140.5587,36.2869],[140.5587,36.2868],[140.5587,36.2868],[140.5587,36.2867],[140.5587,36.2867],[140.5586,36.2867],[140.5586,36.2866],[140.5586,36.2865],[140.5586,36.2865],[140.5586,36.2865],[140.5586,36.2864],[140.5586,36.2864],[140.5586,36.2864],[140.5586,36.2863],[140.5585,36.2863],[140.5585,36.2863],[140.5585,36.2863],[140.5585,36.2862],[140.5585,36.2862],[140.5585,36.2862],[140.5585,36.2861],[140.5585,36.286],[140.5585,36.286],[140.5585,36.286],[140.5584,36.286],[140.5584,36.2859],[140.5584,36.2859],[140.5585,36.2859],[140.5585,36.2859],[140.5585,36.2858],[140.5585,36.2858],[140.5584,36.2857],[140.5584,36.2857],[140.5584,36.2856],[140.5584,36.2856],[140.5584,36.2855],[140.5584,36.2855],[140.5584,36.2854],[140.5586,36.2853],[140.5585,36.2849],[140.5585,36.2839],[140.5585,36.2833],[140.5585,36.2833],[140.5585,36.2833],[140.5585,36.283],[140.5585,36.2825],[140.5585,36.2818],[140.5585,36.2817],[140.5584,36.2814],[140.5584,36.281],[140.5584,36.2804],[140.5584,36.2802],[140.5584,36.2799],[140.5584,36.2796],[140.5584,36.2791],[140.5584,36.2787],[140.5584,36.2779],[140.5584,36.2774],[140.5584,36.2766],[140.5584,36.2762],[140.5584,36.276],[140.5583,36.2758],[140.5583,36.2757],[140.5583,36.2751],[140.5583,36.2751],[140.5583,36.275],[140.5583,36.275],[140.5583,36.2745],[140.5583,36.2739],[140.5583,36.2739],[140.5583,36.2732],[140.5583,36.2727],[140.5583,36.2727],[140.5583,36.2727],[140.5583,36.2727],[140.5584,36.2727],[140.5585,36.2727],[140.5585,36.2727],[140.5585,36.2727],[140.5585,36.2727],[140.5585,36.2726],[140.5585,36.2726],[140.5585,36.2726],[140.5585,36.2726],[140.5585,36.2726],[140.5584,36.2726],[140.5584,36.2726],[140.5584,36.2726],[140.5584,36.2726],[140.5584,36.2726],[140.5584,36.272],[140.5584,36.2715],[140.5587,36.2715],[140.5594,36.2715],[140.5594,36.2714],[140.5594,36.2713],[140.5587,36.2712],[140.5585,36.2712],[140.5587,36.2682],[140.5587,36.2667],[140.5587,36.2667],[140.5588,36.2659],[140.559,36.2626],[140.5594,36.2625],[140.56,36.2625],[140.5601,36.2623],[140.5594,36.2623],[140.559,36.2621],[140.5592,36.2593],[140.5593,36.2583],[140.5593,36.2583],[140.5593,36.258],[140.5593,36.2579],[140.5593,36.2579],[140.5595,36.2564],[140.5596,36.2558],[140.5596,36.2557],[140.5596,36.2557],[140.5596,36.2557],[140.5596,36.2555],[140.5596,36.2554],[140.5596,36.2553],[140.5597,36.2552],[140.5597,36.2552],[140.5597,36.2552],[140.5597,36.2551],[140.5597,36.2551],[140.5597,36.255],[140.5597,36.2549],[140.5597,36.2548],[140.5597,36.2547],[140.5597,36.2547],[140.5597,36.2547],[140.5597,36.2546],[140.5597,36.2546],[140.5597,36.2545],[140.5597,36.2544],[140.5597,36.2544],[140.5597,36.2543],[140.5598,36.2542],[140.5598,36.2542],[140.5597,36.2541],[140.5597,36.2541],[140.5598,36.254],[140.5598,36.254],[140.5598,36.254],[140.5599,36.2538],[140.5601,36.2538],[140.5602,36.2537],[140.5603,36.2536],[140.5605,36.2536],[140.5607,36.2536],[140.5608,36.2536],[140.5609,36.2537],[140.5609,36.2537],[140.5609,36.2538],[140.5608,36.2538],[140.5608,36.2538],[140.5608,36.2539],[140.5608,36.2539],[140.5608,36.2539],[140.5608,36.254],[140.5609,36.254],[140.5609,36.254],[140.5609,36.254],[140.5611,36.254],[140.5612,36.254],[140.5614,36.2538],[140.5615,36.2537],[140.5615,36.2535],[140.5615,36.2532],[140.5615,36.2531],[140.5614,36.253],[140.5613,36.2529],[140.5611,36.2529],[140.5609,36.2529],[140.5609,36.253],[140.5609,36.253],[140.5609,36.2531],[140.561,36.2531],[140.561,36.2531],[140.561,36.2531],[140.561,36.2531],[140.561,36.2531],[140.561,36.2531],[140.5607,36.2532],[140.5604,36.2531],[140.5601,36.253],[140.56,36.2529],[140.5598,36.2526],[140.5598,36.2526],[140.5598,36.2525],[140.5598,36.2525],[140.5598,36.2525],[140.5598,36.2525],[140.5598,36.2524],[140.5599,36.2524],[140.5599,36.2519],[140.5599,36.2517],[140.5599,36.2517],[140.5599,36.2516],[140.5599,36.2516],[140.5599,36.2516],[140.5599,36.2515],[140.5599,36.2515],[140.56,36.2515],[140.56,36.2514],[140.56,36.2514],[140.56,36.2514],[140.56,36.2513],[140.5601,36.2512],[140.5601,36.2512],[140.5601,36.2511],[140.5601,36.2511],[140.5601,36.2511],[140.5601,36.251],[140.5602,36.251],[140.5602,36.251],[140.5602,36.2509],[140.5602,36.2509],[140.5602,36.2508],[140.5602,36.2508],[140.5601,36.2508],[140.5601,36.2508],[140.5601,36.2507],[140.5602,36.2506],[140.5601,36.2505],[140.5602,36.2505],[140.5602,36.2504],[140.5602,36.2504],[140.5602,36.2504],[140.5602,36.2503],[140.5601,36.2503],[140.5601,36.2502],[140.5601,36.2502],[140.5601,36.2501],[140.5601,36.25],[140.5601,36.25],[140.5601,36.25],[140.5601,36.2499],[140.5601,36.2499],[140.5601,36.2498],[140.5601,36.2497],[140.5601,36.2497],[140.5601,36.2497],[140.5601,36.2497],[140.5602,36.2496],[140.5602,36.2496],[140.5602,36.2495],[140.5602,36.2495],[140.5602,36.2494],[140.5603,36.2492],[140.5603,36.2492],[140.5603,36.2491],[140.5603,36.249],[140.5603,36.249],[140.5603,36.2489],[140.5603,36.2489],[140.5603,36.2487],[140.5602,36.2486],[140.5602,36.2485],[140.5602,36.2484],[140.5602,36.2483],[140.5602,36.2482],[140.5603,36.2481],[140.5603,36.2481],[140.5603,36.248],[140.5604,36.248],[140.5604,36.2479],[140.5604,36.2477],[140.5604,36.2477],[140.5604,36.2476],[140.5604,36.2474],[140.5604,36.2473],[140.5605,36.2472],[140.5605,36.2471],[140.5605,36.247],[140.5605,36.247],[140.5605,36.2469],[140.5605,36.2468],[140.5605,36.2467],[140.5605,36.2466],[140.5605,36.2465],[140.5605,36.2464],[140.5605,36.2464],[140.5605,36.2463],[140.5605,36.2462],[140.5605,36.2462],[140.5605,36.2461],[140.5605,36.246],[140.5606,36.2458],[140.5606,36.2458],[140.5606,36.2457],[140.5607,36.2457],[140.5607,36.2456],[140.5607,36.2455],[140.5607,36.2455],[140.5607,36.2454],[140.5606,36.2453],[140.5608,36.2451],[140.561,36.2449],[140.5612,36.2448],[140.5614,36.2447],[140.5615,36.2447],[140.5616,36.2447],[140.5616,36.2448],[140.5617,36.2448],[140.5616,36.2448],[140.5616,36.2449],[140.5616,36.2449],[140.5617,36.245],[140.5617,36.245],[140.5619,36.245],[140.5621,36.2449],[140.5622,36.2448],[140.5623,36.2447],[140.5623,36.2445],[140.5623,36.2443],[140.5623,36.2443],[140.5623,36.2442],[140.5622,36.2441],[140.5622,36.244],[140.5621,36.244],[140.562,36.2439],[140.5619,36.2439],[140.5618,36.2439],[140.5618,36.2439],[140.5617,36.2439],[140.5617,36.244],[140.5617,36.244],[140.5617,36.2441],[140.5617,36.2441],[140.5618,36.2441],[140.5618,36.2441],[140.5618,36.2442],[140.5617,36.2442],[140.5615,36.2443],[140.5613,36.2442],[140.5611,36.2441],[140.5609,36.244],[140.5608,36.2438],[140.5608,36.2437],[140.5608,36.2435],[140.5607,36.2435],[140.5607,36.2434],[140.5608,36.2434],[140.5608,36.2433],[140.5608,36.2433],[140.5608,36.2432],[140.5608,36.2432],[140.5607,36.2431],[140.5607,36.2431],[140.5608,36.243],[140.5608,36.2428],[140.5608,36.2428],[140.5609,36.2427],[140.5609,36.2427],[140.5609,36.2426],[140.5609,36.2425],[140.5609,36.2425],[140.5609,36.2424],[140.5609,36.2423],[140.5609,36.2422],[140.5609,36.2422],[140.561,36.2422],[140.561,36.2421],[140.561,36.2421],[140.561,36.242],[140.561,36.242],[140.561,36.2419],[140.561,36.2418],[140.561,36.2418],[140.561,36.2417],[140.561,36.2417],[140.561,36.2417],[140.561,36.2416],[140.561,36.2416],[140.5611,36.2415],[140.561,36.2414],[140.5611,36.2412],[140.5611,36.241],[140.5611,36.241],[140.5611,36.2407],[140.5611,36.2407],[140.5611,36.2404],[140.5613,36.2397],[140.5613,36.2397],[140.5613,36.2396],[140.5613,36.2396],[140.5613,36.2395],[140.5613,36.2395],[140.5613,36.2394],[140.5613,36.2394],[140.5613,36.2394],[140.5613,36.2393],[140.5613,36.2393],[140.5613,36.2392],[140.5613,36.2392],[140.5613,36.2391],[140.5613,36.2391],[140.5613,36.239],[140.5613,36.239],[140.5613,36.2389],[140.5613,36.2389],[140.5613,36.2388],[140.5614,36.2386],[140.5614,36.2386],[140.5614,36.2383],[140.5614,36.2382],[140.5614,36.238],[140.5614,36.238],[140.5615,36.2376],[140.5615,36.2376],[140.5616,36.2374],[140.5616,36.2373],[140.5616,36.2372],[140.5616,36.2369],[140.5616,36.2367],[140.5617,36.2363],[140.5617,36.2362],[140.5617,36.2362],[140.5617,36.2361],[140.5617,36.2361],[140.5617,36.236],[140.5617,36.236],[140.5617,36.236],[140.5618,36.2358],[140.5619,36.2357],[140.5621,36.2356],[140.5622,36.2356],[140.563,36.2357],[140.563,36.2356],[140.5632,36.2356],[140.5632,36.2356],[140.5632,36.2357],[140.5632,36.2357],[140.5632,36.2357],[140.5632,36.2358],[140.5631,36.2358],[140.5631,36.2358],[140.563,36.2359],[140.5629,36.2359],[140.5629,36.2359],[140.5628,36.2359],[140.5628,36.2359],[140.5628,36.236],[140.5629,36.236],[140.5629,36.236],[140.563,36.236],[140.5631,36.236],[140.5631,36.236],[140.5632,36.236],[140.5633,36.2359],[140.5634,36.2358],[140.5634,36.2357],[140.5634,36.2355],[140.5634,36.2354],[140.5634,36.2353],[140.5633,36.2352],[140.5633,36.2351],[140.5632,36.2351],[140.5631,36.235],[140.563,36.235],[140.563,36.2351],[140.563,36.2351],[140.563,36.2351],[140.563,36.2351],[140.563,36.2352],[140.563,36.2352],[140.5631,36.2352],[140.5632,36.2352],[140.5632,36.2353],[140.5632,36.2354],[140.5632,36.2354],[140.5632,36.2354],[140.5632,36.2355],[140.5631,36.2355],[140.5623,36.2354],[140.5622,36.2353],[140.5621,36.2353],[140.562,36.2351],[140.5618,36.2349],[140.5617,36.2345],[140.5617,36.2345],[140.5617,36.2345],[140.5617,36.2344],[140.5618,36.2344],[140.5618,36.2343],[140.5618,36.2342],[140.5618,36.2342],[140.5618,36.2341],[140.5619,36.2341],[140.5619,36.234],[140.5619,36.234],[140.5619,36.2339],[140.5619,36.2339],[140.5619,36.2339],[140.5619,36.2338],[140.562,36.2338],[140.562,36.2338],[140.562,36.2338],[140.562,36.2338],[140.562,36.2338],[140.5621,36.2337],[140.5621,36.2337],[140.5621,36.2337],[140.5621,36.2337],[140.5621,36.2337],[140.5621,36.2336],[140.5621,36.2336],[140.5621,36.2336],[140.5621,36.2335],[140.5622,36.2335],[140.5622,36.2335],[140.5622,36.2334],[140.5622,36.2334],[140.5622,36.2334],[140.5621,36.2334],[140.5621,36.2333],[140.5621,36.2333],[140.5621,36.2333],[140.5621,36.2333],[140.5621,36.2332],[140.5621,36.2332],[140.5621,36.2331],[140.5621,36.2331],[140.5621,36.2331],[140.5621,36.233],[140.5621,36.233],[140.5621,36.2329],[140.5621,36.2329],[140.5621,36.2328],[140.5621,36.2328],[140.5621,36.2328],[140.5621,36.2327],[140.5621,36.2327],[140.5621,36.2326],[140.5621,36.2326],[140.5621,36.2324],[140.5621,36.2323],[140.5621,36.2323],[140.5622,36.2323],[140.5622,36.2322],[140.5622,36.2321],[140.5623,36.2321],[140.5623,36.2319],[140.5624,36.2319],[140.5624,36.2319],[140.5624,36.2318],[140.5624,36.2317],[140.5624,36.2316],[140.5624,36.2316],[140.5624,36.2315],[140.5624,36.2315],[140.5624,36.2314],[140.5624,36.2314],[140.5624,36.2312],[140.5624,36.2312],[140.5624,36.2312],[140.5624,36.2311],[140.5624,36.231],[140.5625,36.2309],[140.5625,36.2309],[140.5625,36.2308],[140.5626,36.2305],[140.5626,36.2304],[140.5626,36.2294],[140.5627,36.2285],[140.5628,36.2283],[140.5628,36.2282],[140.5628,36.2282],[140.5627,36.2282],[140.5628,36.2282],[140.5626,36.2282],[140.5625,36.2281],[140.5623,36.228],[140.5622,36.228],[140.5622,36.228],[140.5623,36.228],[140.5625,36.2281],[140.5628,36.2282],[140.5628,36.2281],[140.5628,36.2281],[140.5628,36.228],[140.5628,36.228],[140.5629,36.2279],[140.5629,36.2278],[140.5629,36.2278],[140.5629,36.2277],[140.5629,36.2277],[140.563,36.2276],[140.5631,36.2275],[140.5632,36.2274],[140.5632,36.2273],[140.5634,36.2272],[140.5635,36.2272],[140.5636,36.2272],[140.5637,36.2271],[140.5638,36.2271],[140.5639,36.2271],[140.564,36.2271],[140.5641,36.2271],[140.5641,36.2271],[140.5642,36.2271],[140.5643,36.2271],[140.5644,36.2272],[140.5644,36.2272],[140.5644,36.2272],[140.5644,36.2273],[140.5643,36.2273],[140.5643,36.2273],[140.5643,36.2273],[140.5642,36.2274],[140.5642,36.2274],[140.5641,36.2274],[140.5641,36.2274],[140.564,36.2274],[140.564,36.2274],[140.564,36.2274],[140.564,36.2275],[140.564,36.2275],[140.564,36.2275],[140.564,36.2275],[140.564,36.2276],[140.5641,36.2276],[140.5641,36.2276],[140.5642,36.2276],[140.5643,36.2276],[140.5643,36.2276],[140.5644,36.2276],[140.5645,36.2275],[140.5646,36.2274],[140.5647,36.2273],[140.5647,36.2271],[140.5647,36.2269],[140.5647,36.2268],[140.5647,36.2267],[140.5646,36.2266],[140.5644,36.2265],[140.5643,36.2265],[140.5643,36.2265],[140.5642,36.2265],[140.5642,36.2265],[140.5642,36.2265],[140.5641,36.2265],[140.5641,36.2266],[140.5641,36.2266],[140.5641,36.2266],[140.5642,36.2267],[140.5642,36.2267],[140.5642,36.2267],[140.5643,36.2267],[140.5643,36.2267],[140.5644,36.2268],[140.5644,36.2268],[140.5644,36.2268],[140.5644,36.2269],[140.5644,36.2269],[140.5644,36.2269],[140.5644,36.2269],[140.5644,36.2269],[140.5643,36.2269],[140.564,36.2269],[140.5638,36.2269],[140.5637,36.2269],[140.5636,36.2269],[140.5635,36.2268],[140.5634,36.2268],[140.5633,36.2267],[140.5633,36.2266],[140.5632,36.2265],[140.5631,36.226],[140.5631,36.2259],[140.5631,36.2259],[140.5631,36.2258],[140.5631,36.2257],[140.5631,36.2257],[140.5631,36.2256],[140.5631,36.2255],[140.5631,36.2254],[140.5631,36.2253],[140.5631,36.2251],[140.5631,36.2251],[140.5632,36.225],[140.5632,36.225],[140.5632,36.2249],[140.5632,36.2248],[140.5632,36.2248],[140.5634,36.2243],[140.5633,36.2242],[140.5634,36.2241],[140.5634,36.224],[140.5634,36.2239],[140.5634,36.2239],[140.5635,36.2235],[140.5635,36.2234],[140.5635,36.2232],[140.5635,36.2231],[140.5635,36.223],[140.5636,36.2229],[140.5637,36.2227],[140.5637,36.2226],[140.5637,36.2226],[140.5638,36.2224],[140.5638,36.2223],[140.5639,36.222],[140.5639,36.222],[140.5639,36.2218],[140.5639,36.2216],[140.5636,36.2216],[140.5635,36.2216],[140.5634,36.2216],[140.5634,36.2217],[140.5633,36.2217],[140.5633,36.2217],[140.5632,36.2217],[140.5631,36.2217],[140.5631,36.2217],[140.5631,36.2218],[140.563,36.2218],[140.5629,36.2218],[140.5629,36.2218],[140.563,36.2218],[140.5631,36.2218],[140.5631,36.2217],[140.5631,36.2217],[140.5632,36.2217],[140.5633,36.2217],[140.5633,36.2217],[140.5634,36.2217],[140.5634,36.2216],[140.5635,36.2216],[140.5635,36.2216],[140.5636,36.2216],[140.5636,36.2215],[140.5638,36.2215],[140.5638,36.2215],[140.5638,36.2215],[140.5639,36.2214],[140.5639,36.2213],[140.5639,36.2213],[140.5639,36.2212],[140.5639,36.2212],[140.5639,36.2212],[140.5639,36.2212],[140.5639,36.2212],[140.5639,36.2212],[140.5639,36.2212],[140.5639,36.2212],[140.564,36.2211],[140.564,36.221],[140.564,36.2208],[140.564,36.2206],[140.564,36.2206],[140.564,36.2204],[140.5641,36.2204],[140.5641,36.2203],[140.5641,36.2202],[140.5642,36.2201],[140.5642,36.2201],[140.5642,36.22],[140.5643,36.22],[140.5643,36.2198],[140.5643,36.2198],[140.5643,36.2196],[140.5643,36.2195],[140.5643,36.2194],[140.5644,36.2193],[140.5644,36.2193],[140.5643,36.2191],[140.5643,36.2191],[140.5643,36.2189],[140.5643,36.2188],[140.5644,36.2185],[140.5647,36.2182],[140.5649,36.2181],[140.5651,36.2179],[140.5653,36.2178],[140.5653,36.2178],[140.566,36.2179],[140.566,36.2179],[140.5659,36.2179],[140.5659,36.2179],[140.5658,36.2179],[140.5657,36.2179],[140.5656,36.218],[140.5656,36.218],[140.5656,36.2181],[140.5656,36.2181],[140.5656,36.2182],[140.5657,36.2182],[140.5658,36.2182],[140.5659,36.2182],[140.5661,36.2181],[140.5662,36.218],[140.5662,36.2179],[140.5663,36.2178],[140.5663,36.2176],[140.5663,36.2175],[140.5663,36.2174],[140.5662,36.2173],[140.566,36.2172],[140.566,36.2171],[140.5659,36.2171],[140.5658,36.2171],[140.5658,36.2171],[140.5657,36.2171],[140.5657,36.2172],[140.5657,36.2173],[140.5658,36.2173],[140.5658,36.2173],[140.5659,36.2173],[140.5659,36.2174],[140.5659,36.2174],[140.566,36.2174],[140.566,36.2174],[140.566,36.2175],[140.566,36.2175],[140.566,36.2176],[140.5658,36.2175],[140.5656,36.2175],[140.5655,36.2174],[140.5654,36.2174],[140.5652,36.2173],[140.565,36.217],[140.5649,36.2169],[140.5649,36.2167],[140.5649,36.2167],[140.5649,36.2165],[140.5649,36.2163],[140.565,36.2161],[140.565,36.2161],[140.5651,36.2159],[140.5651,36.2159],[140.5651,36.2158],[140.5651,36.2158],[140.5651,36.2158],[140.5651,36.2158],[140.5647,36.2158],[140.5647,36.2158],[140.5646,36.2158],[140.5645,36.2159],[140.5645,36.2159],[140.5644,36.216],[140.5643,36.216],[140.5642,36.216],[140.5642,36.216],[140.5643,36.216],[140.5644,36.216],[140.5645,36.2159],[140.5645,36.2159],[140.5646,36.2158],[140.5646,36.2158],[140.5647,36.2158],[140.5651,36.2158],[140.5652,36.2157],[140.5652,36.2157],[140.5652,36.2155],[140.5652,36.2153],[140.5653,36.2152],[140.5653,36.2149],[140.5652,36.2147],[140.5652,36.2146],[140.5651,36.2146],[140.5651,36.2145],[140.5651,36.2144],[140.5652,36.2143],[140.5652,36.2142],[140.5653,36.2139],[140.5654,36.2138],[140.5654,36.2137],[140.5654,36.2136],[140.5657,36.2125],[140.5657,36.2122],[140.5657,36.2122],[140.5657,36.212],[140.5657,36.2119],[140.5657,36.2119],[140.5658,36.2117],[140.5658,36.2116],[140.5659,36.2114],[140.5664,36.21],[140.5665,36.2095],[140.5667,36.2093],[140.5667,36.2093],[140.5668,36.2092],[140.5668,36.2091],[140.567,36.2091],[140.5671,36.209],[140.5674,36.2089],[140.5678,36.2089],[140.5678,36.2089],[140.5678,36.209],[140.5678,36.209],[140.5677,36.2091],[140.5677,36.2091],[140.5675,36.2091],[140.5675,36.2091],[140.5675,36.2091],[140.5675,36.2091],[140.5674,36.2092],[140.5675,36.2093],[140.5675,36.2093],[140.5676,36.2093],[140.5678,36.2093],[140.5679,36.2092],[140.568,36.2091],[140.568,36.2091],[140.568,36.209],[140.5681,36.2088],[140.5681,36.2086],[140.5681,36.2086],[140.568,36.2085],[140.5679,36.2084],[140.5679,36.2083],[140.5679,36.2083],[140.5679,36.2083],[140.5677,36.2083],[140.5676,36.2083],[140.5676,36.2083],[140.5676,36.2083],[140.5676,36.2083],[140.5676,36.2084],[140.5676,36.2084],[140.5677,36.2085],[140.5678,36.2085],[140.5679,36.2086],[140.5679,36.2086],[140.5679,36.2086],[140.5678,36.2087],[140.5676,36.2086],[140.5675,36.2086],[140.5671,36.2085],[140.5669,36.2084],[140.5669,36.2083],[140.5669,36.2083],[140.5669,36.2083],[140.5668,36.2082],[140.5668,36.2081],[140.5668,36.208],[140.5668,36.2079],[140.5669,36.2077],[140.5669,36.2076],[140.5669,36.2076],[140.5669,36.2075],[140.5669,36.2073],[140.5667,36.2073],[140.5667,36.2073],[140.5664,36.2073],[140.5662,36.2073],[140.5661,36.2073],[140.5661,36.2073],[140.5662,36.2073],[140.5664,36.2073],[140.5667,36.2073],[140.5667,36.2073],[140.5669,36.2073],[140.5668,36.2072],[140.5668,36.2072],[140.5668,36.2072],[140.5668,36.2071],[140.5668,36.2071],[140.5669,36.2071],[140.567,36.2071],[140.567,36.2071],[140.567,36.2071],[140.5671,36.207],[140.5671,36.2068],[140.5671,36.2067],[140.5671,36.2066],[140.5671,36.2065],[140.5671,36.2064],[140.5671,36.2064],[140.5672,36.2062],[140.5672,36.2057],[140.5673,36.2052],[140.5674,36.2051],[140.5675,36.2048],[140.5675,36.2046],[140.5676,36.2044],[140.5677,36.2039],[140.5677,36.2038],[140.5676,36.2034],[140.5677,36.203],[140.5678,36.2027],[140.5678,36.2025],[140.5682,36.2015],[140.5683,36.2012],[140.5682,36.201],[140.5682,36.201],[140.5684,36.2004],[140.5685,36.2002],[140.5685,36.2],[140.5685,36.2],[140.5686,36.1999],[140.5692,36.2],[140.5692,36.2],[140.5697,36.2001],[140.5697,36.2],[140.5697,36.2],[140.5697,36.2],[140.5686,36.1998],[140.569,36.1983],[140.569,36.1983],[140.569,36.1973],[140.5692,36.1967],[140.5695,36.1956],[140.5697,36.1947],[140.5698,36.1946],[140.5698,36.1945],[140.5698,36.1944],[140.5698,36.1943],[140.5699,36.1942],[140.5699,36.1942],[140.5699,36.1942],[140.57,36.1941],[140.57,36.1941],[140.57,36.1941],[140.57,36.1941],[140.57,36.194],[140.57,36.1937],[140.57,36.1935],[140.5701,36.1932],[140.5701,36.1929],[140.5702,36.1928],[140.5702,36.1927],[140.5703,36.1926],[140.5703,36.1924],[140.5704,36.1922],[140.5704,36.192],[140.5705,36.192],[140.5705,36.1919],[140.5705,36.1918],[140.5704,36.1918],[140.5704,36.1917],[140.5704,36.1917],[140.5704,36.1917],[140.5704,36.1916],[140.5704,36.1915],[140.5704,36.1915],[140.5704,36.1915],[140.5705,36.1914],[140.5705,36.1913],[140.5705,36.1912],[140.5706,36.1911],[140.5706,36.1911],[140.5706,36.1911],[140.5706,36.191],[140.5717,36.1913],[140.5718,36.1912],[140.5706,36.1909],[140.5709,36.1902],[140.5708,36.1899],[140.5708,36.1897],[140.5708,36.1895],[140.5709,36.1894],[140.5709,36.1892],[140.571,36.189],[140.5711,36.1886],[140.5711,36.1883],[140.5713,36.1881],[140.5714,36.1879],[140.5714,36.1879],[140.5714,36.1877],[140.5714,36.1876],[140.5715,36.1875],[140.5715,36.1874],[140.5715,36.1872],[140.5715,36.187],[140.5715,36.1869],[140.5718,36.1856],[140.572,36.1848],[140.572,36.1848],[140.5722,36.1841],[140.5723,36.1835],[140.5723,36.1835],[140.5723,36.1834],[140.5723,36.1834],[140.5723,36.1834],[140.5723,36.1834],[140.5723,36.1833],[140.5723,36.1833],[140.5724,36.1832],[140.5725,36.1829],[140.5725,36.1827],[140.5726,36.1827],[140.5726,36.1827],[140.5727,36.1823],[140.5728,36.1821],[140.5728,36.1819],[140.5729,36.1812],[140.5729,36.181],[140.5731,36.1805],[140.5731,36.1804],[140.5732,36.1802],[140.5733,36.1801],[140.5733,36.18],[140.5733,36.1799],[140.5733,36.1798],[140.5734,36.1797],[140.5735,36.1794],[140.5735,36.1793],[140.5737,36.1791],[140.5737,36.1791],[140.5737,36.179],[140.5738,36.1787],[140.5738,36.1786],[140.5738,36.1784],[140.5738,36.1782],[140.5738,36.1781],[140.5742,36.1768],[140.5746,36.1753],[140.5746,36.1751],[140.5747,36.175],[140.5747,36.175],[140.5747,36.1749],[140.5748,36.1746],[140.575,36.1739],[140.575,36.1739],[140.575,36.1738],[140.575,36.1738],[140.5752,36.1732],[140.5758,36.1712],[140.5759,36.1707],[140.5762,36.1697],[140.5763,36.1695],[140.5766,36.1685],[140.577,36.167],[140.5771,36.1669],[140.5772,36.1667],[140.5772,36.1667],[140.5773,36.1664],[140.5775,36.1658],[140.5775,36.1655],[140.5778,36.1647],[140.5782,36.1634],[140.5782,36.1633],[140.5782,36.1632],[140.5782,36.1631],[140.5783,36.1631],[140.5787,36.1616],[140.5787,36.1615],[140.5787,36.1614],[140.5788,36.1614],[140.5788,36.1612],[140.5788,36.1611],[140.5789,36.1611],[140.5789,36.161],[140.579,36.1609],[140.579,36.1607],[140.579,36.1606],[140.5791,36.1605],[140.5791,36.1604],[140.5791,36.1604],[140.5792,36.1602],[140.5792,36.1601],[140.5793,36.16],[140.5793,36.1599],[140.5793,36.1598],[140.5793,36.1596],[140.5794,36.1594],[140.5794,36.1593],[140.5794,36.1592],[140.5794,36.1591],[140.5794,36.1591],[140.5794,36.159],[140.5793,36.1589],[140.5793,36.1589],[140.5792,36.1589],[140.5792,36.1589],[140.5793,36.1589],[140.5793,36.1589],[140.5794,36.1589],[140.5795,36.1588],[140.5795,36.1588],[140.5795,36.1588],[140.5795,36.1587],[140.5796,36.1586],[140.5796,36.1586],[140.5796,36.1585],[140.5797,36.1583],[140.5797,36.1583],[140.5797,36.1583],[140.5798,36.1582],[140.5798,36.1579],[140.5798,36.1578],[140.5798,36.1578],[140.5798,36.1577],[140.5798,36.1577],[140.5798,36.1577],[140.5799,36.1576],[140.58,36.1575],[140.58,36.1575],[140.58,36.1574],[140.58,36.1574],[140.58,36.1573],[140.58,36.1572],[140.5801,36.1571],[140.5801,36.157],[140.5801,36.157],[140.5802,36.1569],[140.5802,36.1568],[140.5803,36.1566],[140.5803,36.1565],[140.5803,36.1564],[140.5804,36.1563],[140.5808,36.155],[140.5808,36.1548],[140.5813,36.1536],[140.5813,36.1536],[140.5814,36.1534],[140.5814,36.153],[140.5814,36.1528],[140.5814,36.1528],[140.5814,36.1528],[140.5813,36.1527],[140.5813,36.1527],[140.5813,36.1527],[140.5813,36.1527],[140.5815,36.1527],[140.5815,36.1527],[140.5816,36.1527],[140.5817,36.1523],[140.5825,36.1501],[140.5826,36.15],[140.5826,36.15],[140.5827,36.1496],[140.583,36.1485],[140.5832,36.1479],[140.5833,36.1476],[140.5833,36.1476],[140.5837,36.1469],[140.5837,36.1469],[140.584,36.1458],[140.5841,36.1457],[140.5845,36.1445],[140.5845,36.1444],[140.5846,36.1443],[140.5846,36.1442],[140.5847,36.1441],[140.5847,36.144],[140.5848,36.1439],[140.5848,36.1438],[140.5849,36.1436],[140.585,36.1434],[140.585,36.1433],[140.585,36.1432],[140.5851,36.1431],[140.5851,36.143],[140.5852,36.1429],[140.5852,36.1427],[140.5854,36.1424],[140.5854,36.1424],[140.5855,36.1421],[140.5855,36.1419],[140.5855,36.1417],[140.5855,36.1417],[140.5856,36.1414],[140.5857,36.1413],[140.5857,36.1413],[140.5862,36.1398],[140.5864,36.1394],[140.5866,36.1387],[140.587,36.1378],[140.5874,36.1364],[140.5875,36.136],[140.5876,36.136],[140.588,36.1347],[140.5885,36.1337],[140.5885,36.1337],[140.5886,36.1336],[140.5886,36.1336],[140.5886,36.1335],[140.5886,36.1335],[140.5887,36.1333],[140.5887,36.1333],[140.5887,36.1333],[140.5887,36.1333],[140.5887,36.1332],[140.5887,36.1331],[140.5887,36.1331],[140.5888,36.133],[140.5888,36.1329],[140.5888,36.1328],[140.5888,36.1328],[140.5888,36.1327],[140.5888,36.1326],[140.5888,36.1326],[140.5888,36.1325],[140.5888,36.1324],[140.5888,36.1324],[140.5889,36.1324],[140.5889,36.1323],[140.589,36.1323],[140.589,36.1322],[140.5891,36.1322],[140.5892,36.132],[140.5892,36.1319],[140.5892,36.1318],[140.5892,36.1317],[140.5892,36.1316],[140.5892,36.1316],[140.5893,36.1315],[140.5893,36.1315],[140.5893,36.1314],[140.5893,36.1313],[140.5894,36.1313],[140.5894,36.1312],[140.5894,36.1311],[140.5894,36.131],[140.5894,36.1309],[140.5894,36.1309],[140.5894,36.1308],[140.5894,36.1308],[140.5894,36.1307],[140.5895,36.1306],[140.5895,36.1306],[140.5895,36.1306],[140.5895,36.1305],[140.5896,36.1305],[140.5896,36.1305],[140.5896,36.1304],[140.5897,36.1304],[140.5897,36.1303],[140.5897,36.1303],[140.5898,36.1301],[140.5898,36.1299],[140.5898,36.1299],[140.5899,36.1298],[140.5899,36.1297],[140.5899,36.1295],[140.5899,36.1293],[140.5899,36.1293],[140.59,36.1292],[140.59,36.1291],[140.59,36.1291],[140.59,36.1291],[140.5901,36.129],[140.5901,36.1289],[140.5901,36.1289],[140.5902,36.1288],[140.5902,36.1288],[140.5903,36.1287],[140.5903,36.1287],[140.5903,36.1287],[140.5904,36.1286],[140.5904,36.1285],[140.5904,36.1285],[140.5904,36.1284],[140.5904,36.1283],[140.5904,36.1283],[140.5905,36.1282],[140.5906,36.1282],[140.5906,36.1281],[140.5907,36.1279],[140.5907,36.1279],[140.5907,36.1278],[140.5909,36.1275],[140.5909,36.1274],[140.5909,36.1274],[140.5909,36.1274],[140.5909,36.1274],[140.5911,36.1269],[140.5912,36.1264],[140.5913,36.1263],[140.5913,36.1262],[140.5913,36.1261],[140.5913,36.1261],[140.5913,36.1261],[140.5914,36.126],[140.5914,36.1259],[140.5914,36.1259],[140.5914,36.1258],[140.5914,36.1258],[140.5915,36.1257],[140.5916,36.1256],[140.5916,36.1256],[140.5916,36.1256],[140.5916,36.1255],[140.5916,36.1255],[140.5916,36.1255],[140.5916,36.1254],[140.5916,36.1254],[140.5916,36.1254],[140.5916,36.1253],[140.5916,36.1253],[140.5916,36.1252],[140.5916,36.1252],[140.5916,36.1252],[140.5916,36.1251],[140.5916,36.125],[140.5916,36.125],[140.5916,36.125],[140.5916,36.1249],[140.5916,36.1249],[140.5916,36.1248],[140.5916,36.1248],[140.5917,36.1248],[140.5917,36.1248],[140.5917,36.1248],[140.5917,36.1247],[140.5917,36.1247],[140.5918,36.1247],[140.5918,36.1246],[140.5918,36.1246],[140.5919,36.1246],[140.5919,36.1245],[140.5919,36.1244],[140.5919,36.1243],[140.5919,36.1243],[140.5919,36.1242],[140.5919,36.1241],[140.5919,36.1241],[140.5919,36.1241],[140.592,36.124],[140.5921,36.124],[140.5921,36.124],[140.5921,36.124],[140.5922,36.1239],[140.5922,36.1238],[140.5923,36.1236],[140.5923,36.1236],[140.5923,36.1235],[140.5923,36.1235],[140.5924,36.1234],[140.5924,36.1233],[140.5925,36.123],[140.5925,36.123],[140.5925,36.123],[140.5926,36.1228],[140.5927,36.1226],[140.5927,36.1226],[140.5927,36.1225],[140.5927,36.1225],[140.5927,36.1224],[140.5927,36.1223],[140.5927,36.1223],[140.5928,36.1222],[140.593,36.1217],[140.593,36.1217],[140.593,36.1215],[140.593,36.1214],[140.5928,36.1214],[140.5928,36.1214],[140.5927,36.1213],[140.5927,36.1213],[140.5926,36.1213],[140.5926,36.1213],[140.5926,36.1213],[140.5926,36.1213],[140.5926,36.1213],[140.5927,36.1213],[140.5927,36.1213],[140.5927,36.1213],[140.5927,36.1213],[140.5929,36.1213],[140.5929,36.1213],[140.5931,36.1213],[140.5931,36.1212],[140.5932,36.1212],[140.5932,36.1211],[140.5937,36.1198],[140.5937,36.1198],[140.5938,36.1197],[140.5942,36.1186],[140.5943,36.1181],[140.5943,36.1181],[140.5947,36.117],[140.5947,36.117],[140.5949,36.1167],[140.5949,36.1167],[140.5952,36.1159],[140.5954,36.1153],[140.5951,36.1151],[140.5951,36.1151],[140.5951,36.1151],[140.595,36.1151],[140.595,36.1151],[140.595,36.1151],[140.5949,36.115],[140.5948,36.1149],[140.595,36.115],[140.595,36.115],[140.5952,36.115],[140.5952,36.1151],[140.5953,36.1151],[140.5953,36.1151],[140.5954,36.115],[140.5956,36.115],[140.5956,36.1148],[140.5959,36.1143],[140.5959,36.1143],[140.596,36.1143],[140.5962,36.1138],[140.5966,36.113],[140.5966,36.1129],[140.5969,36.1124],[140.5976,36.111],[140.5977,36.1108],[140.5978,36.1107],[140.5978,36.1106],[140.5979,36.1106],[140.5979,36.1105],[140.598,36.1104],[140.598,36.1102],[140.5981,36.1101],[140.5981,36.1099],[140.5982,36.1098],[140.5987,36.1089],[140.5987,36.1089],[140.5987,36.1089],[140.5989,36.1083],[140.5989,36.1083],[140.5991,36.108],[140.5991,36.1079],[140.5994,36.1072],[140.5999,36.1062],[140.6,36.1059],[140.6,36.1059],[140.6003,36.1052],[140.6004,36.105],[140.6005,36.1048],[140.6005,36.1047],[140.6006,36.1047],[140.6006,36.1046],[140.6007,36.1044],[140.6009,36.1038],[140.6011,36.1035],[140.6011,36.1035],[140.6011,36.1035],[140.6011,36.1034],[140.6011,36.1034],[140.6012,36.1031],[140.6013,36.103],[140.6013,36.103],[140.6013,36.1029],[140.6013,36.1028],[140.6014,36.1028],[140.6015,36.1027],[140.6015,36.1026],[140.6016,36.1023],[140.6017,36.1021],[140.6017,36.102],[140.6017,36.1019],[140.6017,36.1018],[140.6017,36.1018],[140.6018,36.1017],[140.6019,36.1016],[140.6019,36.1014],[140.602,36.1013],[140.6021,36.1012],[140.6022,36.1009],[140.6023,36.1008],[140.6023,36.1008],[140.6023,36.1007],[140.6023,36.1006],[140.6023,36.1005],[140.6024,36.1004],[140.6024,36.1003],[140.6025,36.1],[140.6025,36.1],[140.6026,36.0997],[140.6027,36.0997],[140.6027,36.0995],[140.603,36.0989],[140.603,36.0988],[140.603,36.0987],[140.603,36.0987],[140.6031,36.0986],[140.6033,36.0983],[140.6034,36.0981],[140.6035,36.0981],[140.6035,36.098],[140.6037,36.0975],[140.6037,36.0975],[140.6037,36.0974],[140.6043,36.0964],[140.6044,36.0962],[140.6045,36.0961],[140.6045,36.096],[140.6048,36.0954],[140.6048,36.0953],[140.6049,36.0953],[140.6049,36.0952],[140.6049,36.0952],[140.6049,36.0951],[140.6058,36.0934],[140.6058,36.0933],[140.6058,36.0932],[140.6059,36.0931],[140.6059,36.0931],[140.6059,36.093],[140.606,36.093],[140.606,36.0929],[140.6061,36.0929],[140.6061,36.0928],[140.6062,36.0928],[140.6062,36.0926],[140.6062,36.0926],[140.6063,36.0924],[140.6063,36.0923],[140.6064,36.0923],[140.6065,36.0921],[140.6065,36.092],[140.6065,36.0919],[140.6064,36.0918],[140.6063,36.0917],[140.6063,36.0917],[140.6063,36.0917],[140.6063,36.0916],[140.6064,36.0916],[140.6066,36.0916],[140.6067,36.0915],[140.6067,36.0915],[140.6068,36.0914],[140.6068,36.0913],[140.6068,36.0912],[140.6067,36.0911],[140.6066,36.0911],[140.6067,36.091],[140.6068,36.0909],[140.6069,36.0909],[140.607,36.0909],[140.6071,36.0909],[140.6071,36.0908],[140.6072,36.0908],[140.6073,36.0906],[140.6073,36.0905],[140.6073,36.0904],[140.6073,36.0903],[140.6073,36.0903],[140.6073,36.0902],[140.6074,36.09],[140.6074,36.0899],[140.6074,36.0899],[140.6076,36.0896],[140.6078,36.0891],[140.6081,36.0883],[140.6082,36.088],[140.6082,36.0879],[140.6082,36.0879],[140.6082,36.0878],[140.6083,36.0878],[140.6083,36.0878],[140.6083,36.0878],[140.6084,36.0878],[140.6085,36.0877],[140.6085,36.0877],[140.6084,36.0876],[140.6084,36.0876],[140.6083,36.0876],[140.6083,36.0876],[140.6083,36.0876],[140.6083,36.0876],[140.6083,36.0875],[140.6083,36.0875],[140.6083,36.0875],[140.6083,36.0874],[140.6084,36.0874],[140.6085,36.0874],[140.6085,36.0873],[140.6085,36.0873],[140.6085,36.0872],[140.6085,36.0872],[140.6085,36.0871],[140.6085,36.087],[140.6086,36.0869],[140.6087,36.0867],[140.6088,36.0866],[140.6088,36.0865],[140.6089,36.0864],[140.6089,36.0863],[140.609,36.0862],[140.609,36.0861],[140.609,36.086],[140.6091,36.0859],[140.6093,36.0856],[140.6093,36.0855],[140.6093,36.0854],[140.6093,36.0853],[140.6094,36.0852],[140.6094,36.0851],[140.6095,36.085],[140.6096,36.0849],[140.6097,36.0847],[140.6097,36.0847],[140.6097,36.0846],[140.6097,36.0845],[140.6097,36.0845],[140.6098,36.0844],[140.6098,36.0843],[140.6098,36.0842],[140.6099,36.0841],[140.6101,36.0837],[140.6103,36.0835],[140.6103,36.0834],[140.6104,36.0833],[140.6104,36.0833],[140.6104,36.0833],[140.6104,36.0832],[140.6104,36.0831],[140.6104,36.083],[140.6104,36.083],[140.6104,36.0829],[140.6104,36.0828],[140.6104,36.0827],[140.6104,36.0826],[140.6105,36.0826],[140.6105,36.0825],[140.6106,36.0824],[140.6106,36.0823],[140.6107,36.0821],[140.6107,36.0821],[140.6107,36.082],[140.6107,36.082],[140.6107,36.082],[140.6107,36.0819],[140.6107,36.0819],[140.6107,36.0819],[140.6108,36.0818],[140.611,36.0818],[140.6111,36.0818],[140.6111,36.0818],[140.6112,36.0818],[140.6113,36.0818],[140.6113,36.0818],[140.6114,36.0818],[140.6114,36.0818],[140.6114,36.0818],[140.6116,36.0815],[140.6118,36.081],[140.6118,36.0808],[140.6119,36.0807],[140.6119,36.0806],[140.612,36.0805],[140.6121,36.0804],[140.6121,36.0803],[140.6121,36.0802],[140.6121,36.0802],[140.6121,36.0802],[140.6121,36.0801],[140.6121,36.08],[140.6122,36.08],[140.6122,36.0799],[140.6122,36.0798],[140.6123,36.0796],[140.6124,36.0794],[140.6126,36.0792],[140.6126,36.0791],[140.6126,36.0791],[140.6126,36.0791],[140.6126,36.0791],[140.6127,36.079],[140.6127,36.079],[140.6135,36.0774],[140.6136,36.0772],[140.6137,36.0771],[140.6138,36.0771],[140.6139,36.0771],[140.6142,36.0771],[140.6149,36.0773],[140.6154,36.0775],[140.6155,36.0774],[140.615,36.0772],[140.6143,36.077],[140.6142,36.077],[140.6142,36.0769],[140.6142,36.0768],[140.6146,36.076],[140.6147,36.0757],[140.6148,36.0754],[140.6148,36.0753],[140.6148,36.0753],[140.615,36.075],[140.615,36.0749],[140.6154,36.074],[140.616,36.0728],[140.6161,36.0726],[140.6167,36.0714],[140.6168,36.0712],[140.6169,36.0709],[140.6169,36.0709],[140.617,36.0707],[140.6171,36.0705],[140.6172,36.0703],[140.6174,36.0698],[140.6174,36.0697],[140.6179,36.0686],[140.6181,36.0682],[140.6181,36.0682],[140.6181,36.0681],[140.6182,36.068],[140.6183,36.0678],[140.6183,36.0677],[140.6186,36.0672],[140.6189,36.0667],[140.619,36.0667],[140.619,36.0667],[140.6193,36.0663],[140.6194,36.0663],[140.6194,36.0662],[140.6195,36.0662],[140.6195,36.0662],[140.6195,36.0662],[140.6196,36.0662],[140.6197,36.0662],[140.6197,36.0663],[140.6197,36.0663],[140.6208,36.0667],[140.6209,36.0665],[140.62,36.0662],[140.62,36.0662],[140.6199,36.0661],[140.6199,36.0661],[140.6199,36.0661],[140.6199,36.066],[140.62,36.066],[140.62,36.0659],[140.62,36.0658],[140.6201,36.0658],[140.6201,36.0658],[140.6201,36.0657],[140.6201,36.0656],[140.6202,36.0656],[140.6202,36.0655],[140.6202,36.0655],[140.6202,36.0654],[140.6203,36.0653],[140.6203,36.0652],[140.6204,36.0651],[140.6204,36.065],[140.6205,36.0649],[140.6205,36.0648],[140.6205,36.0647],[140.6205,36.0647],[140.6206,36.0646],[140.6206,36.0645],[140.6206,36.0645],[140.6207,36.0644],[140.6207,36.0644],[140.6207,36.0644],[140.6207,36.0643],[140.6208,36.0642],[140.6208,36.0642],[140.6208,36.0642],[140.6208,36.0641],[140.6209,36.0639],[140.6209,36.0638],[140.6209,36.0638],[140.6209,36.0637],[140.6209,36.0637],[140.621,36.0636],[140.621,36.0635],[140.6211,36.0635],[140.6211,36.0634],[140.6211,36.0633],[140.6212,36.0633],[140.6212,36.0632],[140.6212,36.0632],[140.6214,36.0629],[140.6215,36.0628],[140.6215,36.0628],[140.6216,36.0627],[140.6218,36.0622],[140.6221,36.0614],[140.6224,36.0603],[140.6225,36.0602],[140.6225,36.0602],[140.6225,36.0601],[140.6225,36.0601],[140.6225,36.0601],[140.6225,36.06],[140.6225,36.06],[140.6225,36.06],[140.6225,36.06],[140.6226,36.0597],[140.6227,36.0596],[140.623,36.0588],[140.6234,36.0584],[140.6235,36.0583],[140.6235,36.0583],[140.6235,36.0582],[140.6235,36.0582],[140.6236,36.0581],[140.6236,36.0581],[140.6236,36.058],[140.6236,36.058],[140.6237,36.058],[140.6237,36.0579],[140.6237,36.0579],[140.6238,36.0579],[140.6238,36.0579],[140.6238,36.0579],[140.6239,36.0579],[140.6239,36.0579],[140.6241,36.058],[140.6241,36.058],[140.6241,36.058],[140.6242,36.058],[140.6247,36.0582],[140.625,36.0583],[140.625,36.0583],[140.6251,36.0584],[140.6251,36.0583],[140.6252,36.0582],[140.625,36.0581],[140.6242,36.0578],[140.6242,36.0577],[140.6242,36.0576],[140.6242,36.0576],[140.6243,36.0575],[140.6243,36.0574],[140.6243,36.0573],[140.6244,36.0573],[140.6244,36.0573],[140.6246,36.0568],[140.6248,36.0561],[140.6249,36.056],[140.625,36.0557],[140.6252,36.0551],[140.6254,36.0547],[140.6254,36.0546],[140.6254,36.0546],[140.6261,36.053],[140.6266,36.0522],[140.6267,36.052],[140.6267,36.0519],[140.6267,36.0518],[140.6267,36.0517],[140.6271,36.0512],[140.6271,36.0512],[140.6272,36.051],[140.6272,36.051],[140.6272,36.051],[140.6272,36.051],[140.6273,36.0509],[140.6274,36.0508],[140.6275,36.0506],[140.6276,36.0504],[140.6277,36.0502],[140.6278,36.0501],[140.6279,36.05],[140.6279,36.05],[140.6281,36.0499],[140.6283,36.0498],[140.6285,36.0497],[140.6285,36.0497],[140.6286,36.0497],[140.629,36.0499],[140.6292,36.0499],[140.6294,36.0499],[140.6295,36.0496],[140.6291,36.0495],[140.6291,36.0495],[140.629,36.0494],[140.6289,36.0494],[140.6289,36.0493],[140.6288,36.0492],[140.6288,36.0492],[140.6288,36.0489],[140.6287,36.0487],[140.6287,36.0486],[140.6288,36.0485],[140.6288,36.0484],[140.6289,36.0481],[140.629,36.0479],[140.6292,36.0474],[140.6292,36.0473],[140.6292,36.0473],[140.6293,36.047],[140.6294,36.0466],[140.6295,36.0466],[140.6296,36.0464],[140.6297,36.0462],[140.63,36.0456],[140.6306,36.0443],[140.6308,36.0438],[140.631,36.0432],[140.6314,36.0423],[140.6314,36.0423],[140.6319,36.0417],[140.6322,36.0411],[140.6326,36.0405],[140.6329,36.04],[140.6331,36.0398],[140.6332,36.0397],[140.6333,36.0397],[140.6334,36.0396],[140.6335,36.0396],[140.6336,36.0396],[140.6337,36.0396],[140.6338,36.0396],[140.6339,36.0396],[140.6339,36.0396],[140.6341,36.0396],[140.6342,36.0397],[140.6342,36.0397],[140.6342,36.0398],[140.6343,36.0398],[140.6343,36.0398],[140.6344,36.0398],[140.6344,36.0398],[140.6345,36.0397],[140.6346,36.0395],[140.6347,36.0394],[140.6347,36.0394],[140.6346,36.0393],[140.6346,36.0393],[140.6346,36.0393],[140.6345,36.0393],[140.6344,36.0393],[140.6344,36.0393],[140.6341,36.0392],[140.6339,36.039],[140.6338,36.0389],[140.6338,36.0386],[140.6338,36.0384],[140.6339,36.0383],[140.6339,36.0382],[140.6339,36.0381],[140.6342,36.0374],[140.6344,36.0371],[140.6352,36.0357],[140.6353,36.0355],[140.6354,36.0353],[140.636,36.0343],[140.6361,36.0342],[140.6361,36.0342],[140.6361,36.0342],[140.6361,36.0342],[140.637,36.0345],[140.6371,36.0343],[140.6362,36.0339],[140.6361,36.0338],[140.6361,36.0337],[140.6361,36.0336],[140.6362,36.0336],[140.6362,36.0335],[140.6362,36.0335],[140.6363,36.0333],[140.6365,36.0331],[140.6367,36.0327],[140.6374,36.0315],[140.6374,36.0314],[140.6374,36.0314],[140.6376,36.0311],[140.6376,36.0311],[140.6376,36.0311],[140.6376,36.0311],[140.6377,36.031],[140.6378,36.0309],[140.6379,36.0308],[140.6381,36.0306],[140.6383,36.0305],[140.6384,36.0305],[140.6385,36.0305],[140.6385,36.0304],[140.6388,36.0304],[140.6389,36.0305],[140.6395,36.0306],[140.6396,36.0304],[140.6396,36.0303],[140.6393,36.0302],[140.6393,36.0302],[140.6391,36.0302],[140.639,36.0301],[140.6389,36.0299],[140.6389,36.0299],[140.6389,36.0298],[140.6389,36.0294],[140.6394,36.0283],[140.6398,36.0275],[140.64,36.027],[140.64,36.027],[140.64,36.027],[140.64,36.0269],[140.64,36.0269],[140.6401,36.0266],[140.6407,36.0256],[140.6409,36.0254],[140.641,36.0251],[140.6411,36.025],[140.6412,36.0248],[140.6412,36.0248],[140.6412,36.0248],[140.6412,36.0248],[140.6415,36.0243],[140.6415,36.0243],[140.6415,36.0243],[140.6415,36.0243],[140.6416,36.0242],[140.6416,36.0242],[140.6417,36.0241],[140.6417,36.0241],[140.6418,36.024],[140.6418,36.024],[140.6419,36.0239],[140.642,36.0239],[140.642,36.0239],[140.6423,36.0238],[140.6424,36.0238],[140.6425,36.0238],[140.6425,36.0238],[140.6425,36.0238],[140.6429,36.024],[140.6429,36.024],[140.643,36.024],[140.643,36.0241],[140.643,36.0241],[140.643,36.0241],[140.643,36.0241],[140.643,36.0242],[140.643,36.0242],[140.6431,36.0242],[140.6431,36.0242],[140.6432,36.0242],[140.6433,36.0241],[140.6433,36.0241],[140.6434,36.024],[140.6434,36.0239],[140.6435,36.0238],[140.6435,36.0237],[140.6435,36.0237],[140.6435,36.0237],[140.6435,36.0236],[140.6434,36.0236],[140.6434,36.0236],[140.6433,36.0236],[140.6433,36.0236],[140.6433,36.0236],[140.6432,36.0236],[140.643,36.0236],[140.643,36.0236],[140.643,36.0236],[140.643,36.0236],[140.6429,36.0235],[140.6426,36.0233],[140.6424,36.023],[140.6424,36.0227],[140.6426,36.0221],[140.6426,36.022],[140.6434,36.0204],[140.6436,36.0201],[140.644,36.0192],[140.6445,36.0185],[140.6449,36.0177],[140.6449,36.0176],[140.645,36.0176],[140.6452,36.0172],[140.6453,36.0171],[140.6453,36.0171],[140.6452,36.0171],[140.6453,36.0171],[140.6453,36.017],[140.6453,36.017],[140.6454,36.0169],[140.6456,36.0167],[140.6456,36.0167],[140.6456,36.0167],[140.6457,36.0166],[140.6458,36.0165],[140.6458,36.0164],[140.6458,36.0164],[140.6458,36.0164],[140.6459,36.0164],[140.6459,36.0164],[140.6459,36.0164],[140.6459,36.0164],[140.646,36.0163],[140.6461,36.0163],[140.6462,36.0163],[140.6462,36.0162],[140.6465,36.0162],[140.6465,36.0161],[140.6465,36.0161],[140.6466,36.0162],[140.6474,36.0165],[140.6475,36.0165],[140.6476,36.0165],[140.6476,36.0166],[140.6476,36.0167],[140.6476,36.0167],[140.6476,36.0167],[140.6476,36.0167],[140.6476,36.0167],[140.6476,36.0167],[140.6477,36.0166],[140.6477,36.0166],[140.6478,36.0164],[140.6479,36.0164],[140.6479,36.0163],[140.6479,36.0162],[140.6479,36.0162],[140.6478,36.0161],[140.6477,36.0161],[140.6477,36.0161],[140.6476,36.0161],[140.6476,36.0161],[140.6476,36.0161],[140.6475,36.0161],[140.6474,36.0161],[140.6473,36.016],[140.6471,36.0159],[140.647,36.0157],[140.647,36.0157],[140.647,36.0157],[140.6469,36.0155],[140.6469,36.0155],[140.6469,36.0152],[140.6471,36.0147],[140.6475,36.0139],[140.6478,36.0132],[140.6479,36.0129],[140.6479,36.0129],[140.6482,36.0121],[140.6483,36.0117],[140.6484,36.0116],[140.6484,36.0115],[140.6485,36.0113],[140.6485,36.0112],[140.6489,36.0103],[140.6491,36.0099],[140.6495,36.0091],[140.6498,36.0086],[140.6499,36.0084],[140.6499,36.0084],[140.6499,36.0083],[140.65,36.0083],[140.65,36.0082],[140.65,36.0082],[140.6501,36.008],[140.6501,36.008],[140.6501,36.008],[140.6501,36.008],[140.6502,36.0079],[140.6502,36.0079],[140.6502,36.0079],[140.6502,36.0078],[140.6502,36.0078],[140.6503,36.0078],[140.6503,36.0078],[140.6504,36.0076],[140.6504,36.0076],[140.6505,36.0076],[140.6507,36.0074],[140.6507,36.0074],[140.6508,36.0074],[140.6508,36.0074],[140.651,36.0073],[140.651,36.0073],[140.6513,36.0072],[140.6513,36.0072],[140.652,36.0075],[140.652,36.0075],[140.652,36.0076],[140.652,36.0076],[140.6521,36.0076],[140.6521,36.0075],[140.6522,36.0074],[140.6522,36.0073],[140.6523,36.0072],[140.6523,36.0072],[140.6523,36.0071],[140.6523,36.0071],[140.6523,36.0071],[140.6522,36.0071],[140.6522,36.0071],[140.6522,36.0071],[140.6522,36.0071],[140.6522,36.0071],[140.6522,36.0071],[140.6521,36.0071],[140.6521,36.0071],[140.652,36.0071],[140.652,36.0071],[140.652,36.0071],[140.6519,36.0071],[140.6518,36.0071],[140.6517,36.007],[140.6517,36.007],[140.6517,36.007],[140.6516,36.007],[140.6515,36.0069],[140.6515,36.0069],[140.6515,36.0069],[140.6514,36.0068],[140.6514,36.0068],[140.6513,36.0067],[140.6513,36.0066],[140.6513,36.0065],[140.6512,36.0064],[140.6512,36.0063],[140.6512,36.0063],[140.6512,36.0062],[140.6512,36.006],[140.6513,36.0058],[140.6514,36.0055],[140.6518,36.0048],[140.6521,36.0042],[140.6521,36.0041],[140.6525,36.0034],[140.6526,36.0031],[140.6528,36.0027],[140.6529,36.0025],[140.6529,36.0025],[140.653,36.0023],[140.6532,36.0021],[140.6533,36.0019],[140.6536,36.0014],[140.6539,36.001],[140.6542,36.0005],[140.6542,36.0004],[140.6544,36],[140.6545,35.9998],[140.6546,35.9999],[140.6555,35.9983],[140.6555,35.9983],[140.656,35.9984],[140.656,35.9985],[140.6564,35.9986],[140.6571,35.9989],[140.6573,35.9986],[140.6566,35.9983],[140.6561,35.9982],[140.6561,35.9982],[140.6556,35.998],[140.6556,35.998],[140.6558,35.9977],[140.6558,35.9977],[140.6558,35.9977],[140.6563,35.9966],[140.6567,35.9956],[140.6567,35.9956],[140.6568,35.9955],[140.6566,35.9954],[140.6566,35.9953],[140.6569,35.995],[140.6571,35.9947],[140.6572,35.9947],[140.6573,35.9946],[140.6572,35.9946],[140.6581,35.9925],[140.6583,35.9925],[140.6584,35.9925],[140.6585,35.9922],[140.6586,35.992],[140.6587,35.9918],[140.6588,35.9917],[140.6593,35.9908],[140.6593,35.9908],[140.6594,35.9907],[140.6594,35.9907],[140.6595,35.9907],[140.6596,35.9907],[140.6596,35.9907],[140.6597,35.9908],[140.6601,35.9909],[140.6605,35.991],[140.6616,35.9914],[140.6617,35.9912],[140.6606,35.9908],[140.6606,35.9908],[140.6604,35.9908],[140.6598,35.9906],[140.6598,35.9901],[140.6598,35.9901],[140.6602,35.9895],[140.6602,35.9895],[140.6602,35.9894],[140.6603,35.9893],[140.6605,35.9891],[140.6606,35.9889],[140.6605,35.9888],[140.6606,35.9887],[140.6606,35.9887],[140.6607,35.9887],[140.6607,35.9886],[140.6607,35.9885],[140.6608,35.9886],[140.6608,35.9886],[140.6609,35.9884],[140.661,35.9882],[140.6612,35.9879],[140.6616,35.9873],[140.6615,35.9872],[140.6617,35.9868],[140.6622,35.986],[140.6625,35.9853],[140.6625,35.9853],[140.6626,35.9853],[140.6627,35.9853],[140.6628,35.9851],[140.6628,35.9851],[140.6632,35.9852],[140.6633,35.9852],[140.6633,35.9851],[140.6633,35.985],[140.6629,35.9849],[140.6629,35.9849],[140.6629,35.9849],[140.6636,35.9838],[140.6638,35.9836],[140.6638,35.9836],[140.6646,35.9838],[140.6647,35.9838],[140.6647,35.9838],[140.6647,35.9837],[140.664,35.9835],[140.6639,35.9834],[140.6639,35.9834],[140.6639,35.9833],[140.6641,35.983],[140.6645,35.9822],[140.6649,35.9814],[140.6649,35.9812],[140.665,35.9812],[140.6651,35.9811],[140.6651,35.9811],[140.6651,35.9811],[140.6655,35.9812],[140.6656,35.9811],[140.6656,35.9811],[140.6652,35.981],[140.665,35.9809],[140.6656,35.98],[140.6661,35.9791],[140.6662,35.979],[140.6663,35.9789],[140.6663,35.9787],[140.6664,35.9787],[140.6667,35.9782],[140.6669,35.9778],[140.6676,35.977],[140.6678,35.9768],[140.6679,35.9767],[140.6679,35.9767],[140.6678,35.9766],[140.6678,35.9766],[140.6678,35.9765],[140.6677,35.9764],[140.6677,35.9765],[140.6676,35.9764],[140.6676,35.9764],[140.6677,35.9764],[140.6677,35.9764],[140.6678,35.9764],[140.6678,35.9764],[140.6678,35.9764],[140.6678,35.9765],[140.6679,35.9766],[140.6679,35.9766],[140.668,35.9766],[140.6682,35.9764],[140.6684,35.9763],[140.6688,35.9764],[140.6695,35.9766],[140.6718,35.9775],[140.6727,35.9778],[140.6728,35.9776],[140.6718,35.9772],[140.6702,35.9766],[140.6695,35.9764],[140.6693,35.9764],[140.6694,35.9763],[140.6694,35.9763],[140.6694,35.9762],[140.6695,35.9761],[140.6695,35.976],[140.6696,35.9759],[140.6696,35.9758],[140.6697,35.9757],[140.67,35.9755],[140.6701,35.9754],[140.6702,35.9753],[140.6702,35.9751],[140.6702,35.975],[140.6703,35.975],[140.6703,35.975],[140.6703,35.9747],[140.6703,35.9745],[140.6703,35.9744],[140.6703,35.9741],[140.6703,35.9739],[140.6703,35.9737],[140.6703,35.9737],[140.6703,35.9735],[140.6704,35.9734],[140.6704,35.9732],[140.6705,35.9732],[140.6705,35.9731],[140.6705,35.9731],[140.6705,35.9731],[140.6705,35.973],[140.6705,35.973],[140.6705,35.973],[140.6705,35.973],[140.6705,35.9729],[140.6706,35.9729],[140.6706,35.9729],[140.6707,35.9728],[140.6707,35.9728],[140.6707,35.9728],[140.6707,35.9728],[140.6707,35.9727],[140.6708,35.9727],[140.6708,35.9726],[140.6708,35.9726],[140.6709,35.9726],[140.6709,35.9726],[140.6709,35.9725],[140.671,35.9725],[140.671,35.9725],[140.671,35.9724],[140.671,35.9724],[140.6711,35.9724],[140.6711,35.9724],[140.6711,35.9724],[140.6711,35.9724],[140.6712,35.9723],[140.6714,35.972],[140.6714,35.972],[140.6726,35.971],[140.6726,35.971],[140.6726,35.971],[140.6727,35.9709],[140.6728,35.9709],[140.673,35.9708],[140.6733,35.9706],[140.6734,35.9705],[140.6739,35.9703],[140.6744,35.9702],[140.6747,35.9701],[140.675,35.9701],[140.6751,35.9701],[140.6754,35.9701],[140.6756,35.9701],[140.6757,35.9701],[140.6758,35.9701],[140.6759,35.9701],[140.676,35.9701],[140.6761,35.9701],[140.6763,35.9702],[140.6764,35.9702],[140.6765,35.9703],[140.6768,35.9703],[140.6769,35.9704],[140.677,35.9704],[140.677,35.9705],[140.6767,35.971],[140.6764,35.9714],[140.6764,35.9715],[140.6763,35.9716],[140.6763,35.9717],[140.6764,35.9718],[140.6786,35.9731],[140.6788,35.9728],[140.6768,35.9717],[140.6769,35.9716],[140.6767,35.9715],[140.6768,35.9714],[140.6773,35.9704],[140.6777,35.9697],[140.6778,35.9697],[140.6778,35.9697],[140.6796,35.9704],[140.6796,35.9704],[140.6801,35.9706],[140.6802,35.9705],[140.6802,35.9704],[140.6797,35.9703],[140.6797,35.9703],[140.6798,35.9702],[140.6804,35.9692],[140.6799,35.969],[140.6795,35.9696],[140.6787,35.9693],[140.679,35.9687],[140.6789,35.9686],[140.6785,35.9693],[140.6777,35.969],[140.6783,35.9678],[140.6784,35.9677],[140.6782,35.9677],[140.6783,35.9675],[140.6791,35.9678],[140.6801,35.9681],[140.6816,35.9687],[140.6819,35.9689],[140.6816,35.9694],[140.6811,35.9702],[140.681,35.9705],[140.6808,35.9707],[140.6805,35.9705],[140.6804,35.9707],[140.681,35.9709],[140.6809,35.9709],[140.681,35.971],[140.6807,35.9714],[140.6807,35.9713],[140.6803,35.972],[140.6805,35.9721],[140.6806,35.9723],[140.6806,35.9723],[140.6806,35.9723],[140.6807,35.9724],[140.6809,35.9723],[140.681,35.9722],[140.681,35.9721],[140.6808,35.9719],[140.6813,35.971],[140.6812,35.9709],[140.6815,35.9705],[140.6816,35.9702],[140.682,35.9696],[140.6826,35.9685],[140.6831,35.9686],[140.6833,35.9685],[140.6833,35.9685],[140.6861,35.9686],[140.6866,35.9686],[140.6877,35.9687],[140.6916,35.969],[140.6917,35.969],[140.6927,35.969],[140.6934,35.9691],[140.6935,35.9691],[140.6958,35.9667],[140.696,35.9664],[140.6975,35.9652],[140.6993,35.9637],[140.7,35.9631],[140.7008,35.9625],[140.7009,35.9625],[140.7009,35.9624],[140.7007,35.9624],[140.7006,35.9624],[140.7,35.9629],[140.6991,35.9636],[140.6991,35.9636],[140.6973,35.9651],[140.6973,35.965],[140.6972,35.9651],[140.6972,35.9652],[140.6959,35.9662],[140.6959,35.9663],[140.6958,35.9663],[140.6918,35.966],[140.6917,35.9662],[140.6918,35.9662],[140.6918,35.9662],[140.6917,35.9662],[140.688,35.966],[140.688,35.966],[140.688,35.9658],[140.687,35.9654],[140.6855,35.9648],[140.6854,35.9647],[140.685,35.9644],[140.6849,35.9644],[140.6849,35.9644],[140.6883,35.9585],[140.6884,35.9583],[140.6903,35.955],[140.6907,35.9544],[140.6907,35.9544],[140.6907,35.9544],[140.6908,35.9544],[140.6908,35.9544],[140.6917,35.953],[140.6921,35.9522],[140.6931,35.9504],[140.6926,35.95],[140.6924,35.9499],[140.6924,35.9499],[140.6925,35.9499],[140.6925,35.9499],[140.6925,35.9498],[140.6925,35.9498],[140.6927,35.9499],[140.6927,35.9499],[140.6925,35.9498],[140.6925,35.9497],[140.6926,35.9498],[140.6926,35.9497],[140.6925,35.9497],[140.6925,35.9497],[140.6934,35.9498],[140.6935,35.9498],[140.6937,35.9493],[140.6942,35.9485],[140.6947,35.9477],[140.6952,35.9469],[140.6957,35.9461],[140.6963,35.9452],[140.6969,35.9442],[140.6967,35.9442],[140.6963,35.9438],[140.6963,35.9438],[140.6964,35.9439],[140.6965,35.9438],[140.6964,35.9438],[140.6964,35.9438],[140.6966,35.9439],[140.6966,35.9438],[140.6964,35.9437],[140.6964,35.9437],[140.6965,35.9437],[140.6965,35.9437],[140.6964,35.9437],[140.6964,35.9437],[140.6969,35.9437],[140.697,35.9437],[140.6972,35.9438],[140.6973,35.9435],[140.6978,35.9429],[140.6984,35.942],[140.6986,35.9417],[140.6989,35.9411],[140.6993,35.9406],[140.7,35.9394],[140.701,35.9378],[140.7014,35.938],[140.7015,35.9379],[140.7022,35.9382],[140.7029,35.9385],[140.7034,35.9388],[140.7035,35.9387],[140.7035,35.9387],[140.7028,35.9384],[140.7026,35.9383],[140.7026,35.9382],[140.7025,35.9382],[140.7025,35.9382],[140.7017,35.9379],[140.7011,35.9376],[140.7004,35.9373],[140.7001,35.9372],[140.7001,35.9371],[140.7,35.9369],[140.6999,35.9368],[140.6998,35.9368],[140.7,35.9371],[140.7,35.9372],[140.6999,35.9372],[140.6999,35.9373],[140.6999,35.9373],[140.6999,35.9373],[140.7,35.9374],[140.7006,35.9376],[140.7001,35.9383],[140.7,35.9383],[140.6986,35.9377],[140.6989,35.9371],[140.6989,35.9371],[140.699,35.9369],[140.6995,35.9372],[140.6996,35.9371],[140.6996,35.9371],[140.6997,35.9371],[140.6996,35.937],[140.6996,35.937],[140.6996,35.937],[140.6995,35.9369],[140.6987,35.9366],[140.6989,35.9363],[140.6987,35.9362],[140.6985,35.9364],[140.6973,35.936],[140.6973,35.9359],[140.6977,35.9352],[140.6979,35.935],[140.6981,35.9346],[140.698,35.9345],[140.6979,35.9345],[140.6978,35.9345],[140.6976,35.9349],[140.6974,35.9351],[140.6974,35.9352],[140.6973,35.9353],[140.6973,35.9353],[140.697,35.9358],[140.697,35.9358],[140.6969,35.9358],[140.6969,35.9358],[140.6969,35.9358],[140.6966,35.9357],[140.6966,35.9357],[140.6965,35.9357],[140.696,35.9355],[140.696,35.9354],[140.696,35.9354],[140.696,35.9354],[140.6958,35.9353],[140.6958,35.9352],[140.6957,35.9352],[140.6957,35.9352],[140.6955,35.9351],[140.6955,35.9351],[140.6955,35.9351],[140.6954,35.9351],[140.6952,35.935],[140.6952,35.935],[140.6951,35.935],[140.6951,35.935],[140.695,35.935],[140.695,35.935],[140.695,35.935],[140.695,35.935],[140.6948,35.935],[140.6943,35.9348],[140.6943,35.9348],[140.6943,35.9347],[140.6943,35.9347],[140.6942,35.9347],[140.6941,35.9347],[140.694,35.9346],[140.6939,35.9346],[140.6939,35.9346],[140.6936,35.9345],[140.6935,35.9344],[140.6935,35.9344],[140.6934,35.9344],[140.6935,35.9344],[140.6935,35.9343],[140.6936,35.9342],[140.6937,35.934],[140.6938,35.9338],[140.6936,35.9336],[140.6937,35.9335],[140.6939,35.9336],[140.694,35.9335],[140.6941,35.9334],[140.6941,35.9334],[140.6941,35.9333],[140.6942,35.9332],[140.6942,35.9331],[140.6944,35.9329],[140.6927,35.9321],[140.6928,35.9313],[140.6931,35.9309],[140.6933,35.9304],[140.6936,35.9299],[140.6936,35.9298],[140.6937,35.9297],[140.6937,35.9296],[140.6934,35.9294],[140.6939,35.9288],[140.6934,35.9285],[140.6929,35.9282],[140.6917,35.9275],[140.6917,35.9275],[140.6914,35.9274],[140.6902,35.9267],[140.6891,35.9261],[140.6883,35.9256],[140.6872,35.925],[140.6872,35.925],[140.6872,35.925],[140.6866,35.9246],[140.6844,35.9234],[140.6844,35.9234],[140.6844,35.9234],[140.6833,35.9228],[140.6833,35.9228],[140.6818,35.9219],[140.6816,35.9222],[140.6816,35.9222],[140.6813,35.922],[140.6813,35.922],[140.6806,35.9216],[140.6803,35.9214],[140.68,35.9213],[140.6794,35.9209],[140.6796,35.9207],[140.6789,35.9203],[140.6779,35.9197],[140.6769,35.9191],[140.6759,35.9191],[140.6755,35.9193],[140.675,35.9195],[140.675,35.9195],[140.6749,35.9196],[140.6733,35.9203],[140.6726,35.9206],[140.6715,35.9211],[140.6692,35.9221],[140.6682,35.9226],[140.6676,35.9229],[140.6667,35.9233],[140.6667,35.9233],[140.6664,35.9234],[140.6653,35.9239],[140.6652,35.9242],[140.6657,35.925],[140.6657,35.925],[140.6667,35.9265],[140.6667,35.9265],[140.6669,35.9268],[140.6667,35.9269],[140.6667,35.9269],[140.6657,35.9273],[140.6651,35.9265],[140.6643,35.9269],[140.6648,35.9277],[140.6637,35.9282],[140.6629,35.9286],[140.6628,35.9285],[140.6626,35.9282],[140.662,35.9274],[140.6619,35.9272],[140.6618,35.9271],[140.6618,35.9269],[140.6619,35.9268],[140.6619,35.9267],[140.662,35.9266],[140.6621,35.9265],[140.6622,35.9263],[140.6622,35.9262],[140.6622,35.9259],[140.6622,35.9258],[140.6621,35.9257],[140.6619,35.9256],[140.6617,35.9256],[140.6614,35.9255],[140.6613,35.9255],[140.6612,35.9255],[140.661,35.9256],[140.6606,35.9257],[140.6602,35.926],[140.6599,35.9262],[140.6597,35.9263],[140.6597,35.9263],[140.6595,35.9263],[140.6593,35.9264],[140.6591,35.9266],[140.6585,35.927],[140.6583,35.927],[140.6581,35.9271],[140.658,35.9271],[140.6575,35.9273],[140.6576,35.9274],[140.6574,35.9274],[140.6574,35.9275],[140.6574,35.9277],[140.6574,35.9277],[140.6574,35.9277],[140.6574,35.9277],[140.6573,35.9277],[140.6573,35.9278],[140.6573,35.9278],[140.6573,35.9278],[140.6573,35.9279],[140.6572,35.9281],[140.6571,35.9284],[140.6571,35.9285],[140.6571,35.9285],[140.657,35.9285],[140.657,35.9286],[140.657,35.9286],[140.657,35.9286],[140.6569,35.9287],[140.6569,35.9287],[140.6569,35.9287],[140.6569,35.9287],[140.6568,35.9287],[140.6567,35.9288],[140.6567,35.9288],[140.6567,35.9288],[140.6567,35.9288],[140.6566,35.9288],[140.6565,35.9289],[140.6565,35.9289],[140.6564,35.9289],[140.6564,35.9289],[140.6564,35.9289],[140.6563,35.9289],[140.6563,35.9289],[140.6562,35.9289],[140.6561,35.9289],[140.6561,35.929],[140.656,35.929],[140.656,35.929],[140.656,35.9291],[140.656,35.9291],[140.6559,35.9291],[140.6559,35.9291],[140.6559,35.9291],[140.6558,35.9291],[140.6557,35.9292],[140.6557,35.9292],[140.6557,35.9292],[140.6556,35.9292],[140.6556,35.9292],[140.6556,35.9293],[140.6555,35.9293],[140.6555,35.9293],[140.6555,35.9293],[140.6553,35.9293],[140.6552,35.9294],[140.6551,35.9295],[140.655,35.9295],[140.655,35.9295],[140.6549,35.9296],[140.6542,35.9296],[140.6541,35.9295],[140.6543,35.9294],[140.6542,35.9293],[140.654,35.929],[140.6538,35.9287],[140.6537,35.9286],[140.6536,35.9285],[140.6535,35.9283],[140.6534,35.9282],[140.6534,35.9281],[140.6532,35.9279],[140.653,35.9276],[140.6528,35.9273],[140.6526,35.927],[140.6524,35.9266],[140.6525,35.9266],[140.6531,35.9263],[140.6534,35.9262],[140.654,35.9259],[140.6543,35.9257],[140.6543,35.9257],[140.6543,35.9257],[140.6541,35.9254],[140.6541,35.9254],[140.6542,35.9254],[140.6542,35.9254],[140.6542,35.9254],[140.6542,35.9254],[140.6542,35.9254],[140.6544,35.9254],[140.6545,35.9254],[140.6547,35.9253],[140.6548,35.9253],[140.6549,35.9253],[140.6549,35.9253],[140.655,35.9253],[140.655,35.9253],[140.6551,35.9253],[140.6553,35.9252],[140.6555,35.9252],[140.6556,35.9252],[140.6556,35.9252],[140.6556,35.9252],[140.6557,35.9251],[140.6558,35.9251],[140.6558,35.9251],[140.656,35.925],[140.656,35.925],[140.656,35.925],[140.656,35.925],[140.6561,35.925],[140.6562,35.9249],[140.6562,35.9249],[140.6563,35.9249],[140.6563,35.9248],[140.6565,35.9248],[140.6565,35.9248],[140.6566,35.9248],[140.6567,35.9247],[140.6568,35.9247],[140.6569,35.9246],[140.6569,35.9246],[140.6569,35.9246],[140.657,35.9245],[140.6571,35.9245],[140.6571,35.9245],[140.6572,35.9245],[140.6572,35.9244],[140.6573,35.9244],[140.6574,35.9243],[140.6575,35.9243],[140.6576,35.9243],[140.6576,35.9242],[140.6578,35.9242],[140.6578,35.9241],[140.6579,35.9241],[140.6579,35.9241],[140.658,35.924],[140.6583,35.9239],[140.6583,35.9239],[140.6583,35.9239],[140.6584,35.9238],[140.6585,35.9238],[140.6585,35.9238],[140.6585,35.9238],[140.6586,35.9237],[140.6586,35.9237],[140.6586,35.9237],[140.6587,35.9237],[140.6587,35.9237],[140.6587,35.9237],[140.6587,35.9236],[140.6588,35.9236],[140.6588,35.9236],[140.6589,35.9236],[140.659,35.9236],[140.659,35.9235],[140.6591,35.9235],[140.6591,35.9235],[140.6592,35.9235],[140.6592,35.9235],[140.6592,35.9234],[140.6593,35.9234],[140.6593,35.9234],[140.6593,35.9233],[140.6593,35.9233],[140.6593,35.9233],[140.6594,35.9233],[140.6594,35.9232],[140.6594,35.9232],[140.6594,35.9232],[140.6594,35.9232],[140.6594,35.9231],[140.6593,35.9231],[140.6593,35.9231],[140.6593,35.923],[140.6593,35.923],[140.6593,35.923],[140.6593,35.923],[140.6594,35.923],[140.6594,35.923],[140.6595,35.923],[140.6595,35.923],[140.6595,35.923],[140.6595,35.9231],[140.6596,35.9231],[140.6596,35.9231],[140.6596,35.9232],[140.6596,35.9232],[140.6596,35.9232],[140.6597,35.9232],[140.6597,35.9232],[140.6597,35.9232],[140.6597,35.9232],[140.6597,35.9232],[140.6597,35.9232],[140.6597,35.9232],[140.6597,35.9232],[140.6597,35.9232],[140.6597,35.9232],[140.6597,35.9232],[140.6597,35.9232],[140.6598,35.9232],[140.6598,35.9232],[140.6598,35.9232],[140.6598,35.9232],[140.6598,35.9232],[140.6598,35.9232],[140.6598,35.9232],[140.6598,35.9232],[140.6598,35.9232],[140.6599,35.9232],[140.6599,35.9232],[140.6599,35.9231],[140.6599,35.9231],[140.6599,35.9231],[140.6599,35.9231],[140.6599,35.9231],[140.66,35.9231],[140.66,35.9231],[140.66,35.9231],[140.66,35.9231],[140.66,35.9231],[140.66,35.9231],[140.66,35.9231],[140.66,35.9231],[140.66,35.9231],[140.66,35.9231],[140.66,35.9231],[140.66,35.9231],[140.6601,35.9231],[140.6612,35.9226],[140.6624,35.9221],[140.6631,35.9218],[140.6632,35.9218],[140.6634,35.9217],[140.664,35.9214],[140.6665,35.9203],[140.6667,35.9202],[140.6667,35.9202],[140.6671,35.92],[140.6688,35.9192],[140.6689,35.9192],[140.6689,35.9191],[140.6689,35.9191],[140.6689,35.9191],[140.6689,35.9191],[140.6689,35.9191],[140.6689,35.9191],[140.6687,35.9191],[140.6687,35.9191],[140.6677,35.9196],[140.6676,35.9196],[140.667,35.9199],[140.667,35.9199],[140.667,35.9199],[140.6669,35.9197],[140.6671,35.9196],[140.6671,35.9196],[140.6675,35.9194],[140.6675,35.9194],[140.6675,35.9194],[140.6675,35.9194],[140.6676,35.9194],[140.6672,35.9189],[140.6672,35.9188],[140.6673,35.9187],[140.6682,35.9182],[140.6683,35.9182],[140.6688,35.9183],[140.6698,35.9184],[140.6699,35.9185],[140.6699,35.9184],[140.67,35.9183],[140.67,35.9183],[140.671,35.9167],[140.671,35.9167],[140.671,35.9167],[140.671,35.9167],[140.671,35.9167],[140.671,35.9167],[140.6709,35.9167],[140.6709,35.9166],[140.6708,35.9166],[140.6708,35.9167],[140.6708,35.9167],[140.6699,35.9182],[140.6698,35.9181],[140.6699,35.918],[140.6698,35.9178],[140.6701,35.9174],[140.6696,35.9167],[140.6696,35.9167],[140.6695,35.9166],[140.6696,35.9163],[140.6704,35.916],[140.6705,35.9159],[140.6713,35.9157],[140.6714,35.9157],[140.6715,35.9157],[140.6716,35.9155],[140.6716,35.9155],[140.6719,35.9151],[140.672,35.9149],[140.6725,35.914],[140.6731,35.9131],[140.6735,35.9125],[140.6735,35.9124],[140.6735,35.9122],[140.6736,35.912],[140.6736,35.9119],[140.6734,35.9122],[140.6734,35.9124],[140.6732,35.9124],[140.6724,35.9121],[140.672,35.9119],[140.6714,35.9117],[140.6714,35.9116],[140.6719,35.9107],[140.672,35.9107],[140.6735,35.9113],[140.6735,35.9117],[140.6735,35.9117],[140.6736,35.9112],[140.6735,35.9112],[140.6735,35.9112],[140.6735,35.9112],[140.6735,35.911],[140.6736,35.9101],[140.6736,35.9101],[140.6736,35.9097],[140.6736,35.9097],[140.6736,35.9097],[140.6736,35.9096],[140.6736,35.9096],[140.6737,35.9091],[140.6738,35.9084],[140.6738,35.9084],[140.6738,35.9084],[140.6738,35.9083],[140.6738,35.9083],[140.6738,35.9083],[140.674,35.9079],[140.6742,35.9063],[140.6742,35.9059],[140.6742,35.9059],[140.6742,35.9057],[140.6742,35.9057],[140.6742,35.9056],[140.6736,35.9053],[140.6737,35.9051],[140.6737,35.9051],[140.6737,35.9051],[140.6737,35.9051],[140.6737,35.9045],[140.6737,35.9045],[140.6738,35.9045],[140.6738,35.9039],[140.6739,35.9034],[140.6739,35.9033],[140.674,35.9025],[140.674,35.9024],[140.6741,35.9012],[140.6742,35.9003],[140.6744,35.9001],[140.6744,35.9001],[140.6744,35.9],[140.6744,35.9],[140.6744,35.8996],[140.6745,35.8995],[140.6745,35.8995],[140.6745,35.8994],[140.6746,35.8994],[140.6746,35.8993],[140.6747,35.8993],[140.6747,35.8992],[140.6747,35.8992],[140.6747,35.8991],[140.6747,35.8991],[140.6748,35.8991],[140.6748,35.899],[140.6748,35.899],[140.6748,35.8989],[140.6747,35.8989],[140.6747,35.8989],[140.6747,35.8989],[140.6747,35.8989],[140.6747,35.8988],[140.6746,35.8988],[140.6746,35.8987],[140.6746,35.8987],[140.6746,35.8987],[140.6746,35.8987],[140.6746,35.8987],[140.6746,35.8987],[140.6746,35.8986],[140.6745,35.8986],[140.6745,35.8986],[140.6745,35.8986],[140.6745,35.8986],[140.6745,35.8986],[140.6745,35.8986],[140.6745,35.8983],[140.6747,35.897],[140.675,35.897],[140.675,35.897],[140.6752,35.8969],[140.6754,35.8969],[140.6763,35.8968],[140.6768,35.8967],[140.6772,35.8967],[140.6775,35.8963],[140.6778,35.8959],[140.6781,35.8955],[140.6782,35.8953],[140.6782,35.8953],[140.6782,35.8953],[140.6784,35.8951],[140.6785,35.8951],[140.679,35.8943],[140.6794,35.8938],[140.6793,35.8937],[140.6794,35.8936],[140.6795,35.8935],[140.6795,35.8934],[140.6798,35.893],[140.6804,35.8922],[140.6807,35.8917],[140.6807,35.8917],[140.6808,35.8915],[140.6813,35.8909],[140.6816,35.8905],[140.6816,35.8904],[140.6818,35.8905],[140.6819,35.8903],[140.6822,35.8899],[140.6824,35.8896],[140.6827,35.8892],[140.683,35.8888],[140.683,35.8888],[140.6831,35.8886],[140.6831,35.8886],[140.6832,35.8886],[140.6833,35.8885],[140.6833,35.8885],[140.6834,35.8883],[140.6837,35.8879],[140.684,35.8875],[140.6843,35.8871],[140.6846,35.8867],[140.6849,35.8863],[140.6851,35.8859],[140.6852,35.8857],[140.6852,35.8852],[140.6852,35.8849],[140.6852,35.8846],[140.6852,35.8841],[140.6852,35.8837],[140.6852,35.8834],[140.6853,35.8833],[140.6853,35.8833],[140.6853,35.8832],[140.6855,35.883],[140.6856,35.8828],[140.6857,35.8827],[140.6859,35.8824],[140.6861,35.8822],[140.6863,35.8819],[140.6866,35.8814],[140.6869,35.881],[140.6882,35.8816],[140.6891,35.882],[140.691,35.8829],[140.691,35.8831],[140.691,35.8832],[140.6909,35.8833],[140.6909,35.8833],[140.6909,35.8833],[140.6909,35.8833],[140.6906,35.8837],[140.6903,35.8842],[140.69,35.8846],[140.6897,35.8851],[140.6895,35.8854],[140.689,35.8861],[140.6886,35.8866],[140.6883,35.8871],[140.688,35.8875],[140.6877,35.8879],[140.6874,35.8883],[140.6872,35.8886],[140.6871,35.8888],[140.6868,35.8892],[140.6862,35.89],[140.6855,35.891],[140.6855,35.8911],[140.6851,35.8917],[140.6851,35.8917],[140.6847,35.8922],[140.6847,35.8922],[140.684,35.8933],[140.6842,35.8934],[140.6843,35.8935],[140.6839,35.894],[140.6838,35.8941],[140.6837,35.8942],[140.6835,35.8946],[140.6833,35.8946],[140.6833,35.8946],[140.6833,35.8945],[140.6829,35.8951],[140.6824,35.8957],[140.6821,35.8962],[140.6813,35.8973],[140.6807,35.8982],[140.6802,35.8988],[140.6805,35.8989],[140.6799,35.8997],[140.6797,35.8996],[140.6794,35.9],[140.6794,35.9],[140.6794,35.9],[140.6793,35.9003],[140.6786,35.9011],[140.6786,35.9012],[140.6787,35.9012],[140.6783,35.9018],[140.6783,35.9022],[140.6784,35.9022],[140.6784,35.9022],[140.6783,35.9022],[140.6783,35.9024],[140.6782,35.9028],[140.6781,35.9035],[140.6781,35.9039],[140.678,35.9044],[140.678,35.9049],[140.6778,35.9049],[140.6778,35.9049],[140.6778,35.9049],[140.6778,35.9049],[140.6778,35.9053],[140.6777,35.9062],[140.6776,35.9072],[140.6776,35.9077],[140.6775,35.9083],[140.6775,35.9083],[140.6775,35.9084],[140.6774,35.9091],[140.6774,35.9097],[140.6773,35.9104],[140.6773,35.9104],[140.6773,35.9106],[140.6773,35.911],[140.6772,35.9118],[140.6772,35.9118],[140.6775,35.9121],[140.6773,35.9122],[140.6773,35.9122],[140.6773,35.9122],[140.6773,35.9122],[140.6773,35.9122],[140.6773,35.9123],[140.6773,35.9123],[140.6774,35.9122],[140.6774,35.9122],[140.6774,35.9122],[140.6775,35.9121],[140.6775,35.9121],[140.6775,35.9123],[140.6778,35.9124],[140.6778,35.913],[140.6779,35.913],[140.6779,35.9125],[140.6785,35.9128],[140.6789,35.9131],[140.679,35.9137],[140.6791,35.9137],[140.6791,35.9131],[140.6795,35.9134],[140.6801,35.9137],[140.6801,35.914],[140.6801,35.914],[140.6801,35.914],[140.6802,35.9144],[140.6803,35.9145],[140.6804,35.9145],[140.6803,35.9141],[140.6802,35.914],[140.6802,35.914],[140.6801,35.914],[140.6801,35.9137],[140.6801,35.9137],[140.6802,35.9138],[140.6802,35.9138],[140.681,35.9142],[140.6813,35.9144],[140.6813,35.9147],[140.6813,35.9146],[140.6813,35.9146],[140.6814,35.9151],[140.6815,35.9152],[140.6815,35.9152],[140.6814,35.9147],[140.6814,35.9147],[140.6813,35.9147],[140.6813,35.9147],[140.6813,35.9144],[140.6813,35.9144],[140.6814,35.9145],[140.6816,35.9146],[140.6824,35.9151],[140.6824,35.9151],[140.6825,35.9153],[140.6825,35.9153],[140.6825,35.9153],[140.6825,35.9157],[140.6827,35.9158],[140.6827,35.9158],[140.6826,35.9154],[140.6826,35.9154],[140.6825,35.9153],[140.6825,35.9153],[140.6825,35.9151],[140.6825,35.9151],[140.6825,35.9151],[140.683,35.9154],[140.6833,35.9156],[140.6833,35.9156],[140.6836,35.9157],[140.6836,35.9159],[140.6837,35.916],[140.6836,35.916],[140.6836,35.916],[140.6837,35.9164],[140.6839,35.9165],[140.6839,35.9165],[140.6838,35.9161],[140.6837,35.916],[140.6837,35.916],[140.6837,35.916],[140.6837,35.9159],[140.6836,35.9158],[140.6836,35.9158],[140.6837,35.9158],[140.6838,35.9159],[140.6844,35.9162],[140.6844,35.9161],[140.6844,35.9161],[140.6844,35.9162],[140.6844,35.9162],[140.6844,35.9162],[140.6848,35.9164],[140.6848,35.9166],[140.6848,35.9166],[140.6848,35.9166],[140.6848,35.9167],[140.6848,35.9167],[140.6849,35.917],[140.685,35.917],[140.685,35.9171],[140.685,35.9171],[140.685,35.9171],[140.685,35.9171],[140.685,35.9171],[140.685,35.9171],[140.685,35.917],[140.685,35.917],[140.685,35.917],[140.685,35.917],[140.6849,35.9167],[140.6849,35.9167],[140.6849,35.9167],[140.6849,35.9166],[140.6849,35.9166],[140.6849,35.9166],[140.6848,35.9164],[140.6848,35.9164],[140.6849,35.9165],[140.6852,35.9167],[140.6852,35.9167],[140.6852,35.9167],[140.6854,35.9168],[140.686,35.9171],[140.6871,35.9177],[140.6875,35.9179],[140.6877,35.9181],[140.6874,35.9184],[140.6874,35.9183],[140.6873,35.9184],[140.6875,35.9185],[140.6875,35.9184],[140.6874,35.9184],[140.6877,35.9181],[140.6877,35.9181],[140.6877,35.9181],[140.6885,35.9185],[140.6889,35.9188],[140.6889,35.9187],[140.689,35.9187],[140.689,35.9188],[140.689,35.9188],[140.689,35.9188],[140.6897,35.9192],[140.69,35.9194],[140.6904,35.9196],[140.6905,35.9197],[140.6906,35.9197],[140.6909,35.9199],[140.6909,35.9199],[140.6913,35.9201],[140.6917,35.9203],[140.6917,35.9203],[140.6917,35.9203],[140.6919,35.9204],[140.6921,35.9208],[140.6928,35.9212],[140.6929,35.9213],[140.6929,35.9213],[140.6933,35.9215],[140.6933,35.9215],[140.6933,35.9215],[140.694,35.9219],[140.694,35.9219],[140.6944,35.9221],[140.695,35.9225],[140.6949,35.9225],[140.694,35.922],[140.694,35.922],[140.6938,35.9219],[140.6932,35.9216],[140.6932,35.9215],[140.693,35.9214],[140.6929,35.9214],[140.6928,35.9213],[140.6928,35.9213],[140.6927,35.9215],[140.6938,35.9222],[140.6948,35.9227],[140.6948,35.9227],[140.6952,35.9226],[140.6953,35.9226],[140.6954,35.9227],[140.6958,35.9229],[140.6959,35.9229],[140.6961,35.9231],[140.6962,35.9235],[140.6973,35.9241],[140.6973,35.9242],[140.6977,35.9244],[140.6977,35.9244],[140.6987,35.925],[140.6988,35.925],[140.6988,35.925],[140.7,35.9257],[140.7,35.9257],[140.7,35.9257],[140.7,35.9257],[140.7002,35.9255],[140.7003,35.9253],[140.7006,35.925],[140.7006,35.925],[140.7006,35.925],[140.7006,35.925],[140.7008,35.9247],[140.701,35.9244],[140.7012,35.924],[140.7014,35.9238],[140.7015,35.9237],[140.7015,35.9237],[140.7016,35.9237],[140.7016,35.9238],[140.7019,35.9237],[140.7018,35.9237],[140.7016,35.9237],[140.7015,35.9237],[140.7014,35.9236],[140.7014,35.9236],[140.7012,35.9235],[140.7011,35.9236],[140.7012,35.9236],[140.7011,35.9239],[140.7006,35.9236],[140.7006,35.9235],[140.7007,35.9234],[140.7009,35.9235],[140.7009,35.9234],[140.7009,35.9234],[140.7011,35.9232],[140.7008,35.9231],[140.7009,35.9228],[140.7016,35.9231],[140.7015,35.9232],[140.7014,35.9234],[140.7014,35.9234],[140.7014,35.9234],[140.7014,35.9234],[140.7014,35.9234],[140.7014,35.9234],[140.7014,35.9235],[140.7014,35.9235],[140.7014,35.9235],[140.7014,35.9235],[140.7014,35.9235],[140.7014,35.9234],[140.7015,35.9234],[140.7015,35.9234],[140.7015,35.9235],[140.7015,35.9235],[140.7016,35.9235],[140.7016,35.9235],[140.7017,35.9233],[140.7019,35.923],[140.702,35.923],[140.702,35.923],[140.7021,35.9228],[140.7021,35.9228],[140.7022,35.9228],[140.7022,35.9228],[140.7023,35.9229],[140.7023,35.9228],[140.7023,35.9228],[140.7023,35.9228],[140.7023,35.9228],[140.7022,35.9227],[140.7022,35.9227],[140.7022,35.9227],[140.7021,35.9227],[140.7021,35.9227],[140.7021,35.9227],[140.702,35.9224],[140.7021,35.9222],[140.7022,35.9221],[140.7024,35.9218],[140.7025,35.9216],[140.7027,35.9217],[140.703,35.9217],[140.7031,35.9218],[140.7033,35.9218],[140.7036,35.9219],[140.7041,35.922],[140.7047,35.9221],[140.7047,35.9221],[140.7048,35.9221],[140.7047,35.9223],[140.7055,35.9227],[140.7056,35.9227],[140.7056,35.9228],[140.7056,35.9228],[140.7056,35.9228],[140.7056,35.9228],[140.7056,35.9228],[140.7055,35.9229],[140.7055,35.923],[140.7055,35.923],[140.7055,35.923],[140.7055,35.923],[140.7055,35.9231],[140.7055,35.9232],[140.7054,35.9233],[140.7054,35.9233],[140.7054,35.9234],[140.7054,35.9235],[140.7054,35.9235],[140.7054,35.9235],[140.7054,35.9236],[140.7053,35.9237],[140.7053,35.9237],[140.7052,35.9238],[140.7052,35.9238],[140.7052,35.9239],[140.7052,35.9239],[140.7052,35.9239],[140.7051,35.9239],[140.7051,35.9239],[140.7051,35.9239],[140.7051,35.924],[140.705,35.924],[140.705,35.924],[140.705,35.924],[140.705,35.924],[140.7048,35.924],[140.7048,35.924],[140.7048,35.924],[140.7048,35.924],[140.7048,35.9239],[140.7048,35.9239],[140.7046,35.9238],[140.7046,35.9238],[140.7045,35.9238],[140.7045,35.9239],[140.7045,35.9239],[140.7045,35.9239],[140.7045,35.9239],[140.7047,35.924],[140.7046,35.9242],[140.7046,35.9243],[140.7046,35.9243],[140.7047,35.9243],[140.7047,35.9244],[140.7048,35.9244],[140.7048,35.9244],[140.7049,35.9244],[140.7049,35.9244],[140.705,35.9245],[140.705,35.9245],[140.7054,35.9247],[140.7055,35.9247],[140.7056,35.9247],[140.7056,35.9248],[140.7057,35.9248],[140.7057,35.9248],[140.7057,35.9248],[140.7061,35.925],[140.7061,35.925],[140.7071,35.9254],[140.7075,35.9256],[140.7076,35.9257],[140.7079,35.9258],[140.7079,35.9258],[140.708,35.9259],[140.708,35.9258],[140.7082,35.926],[140.7083,35.926],[140.7083,35.926],[140.7091,35.9264],[140.7098,35.9267],[140.7098,35.9267],[140.7102,35.9269],[140.7103,35.9274],[140.7103,35.9278],[140.7103,35.928],[140.7103,35.9282],[140.7104,35.9285],[140.7104,35.9292],[140.7104,35.9295],[140.7106,35.931],[140.7106,35.9313],[140.7106,35.9316],[140.7107,35.9333],[140.7107,35.9333],[140.7108,35.934],[140.7109,35.9353],[140.711,35.9363],[140.7111,35.9385],[140.7113,35.9405],[140.7114,35.9417],[140.7114,35.9417],[140.7114,35.9417],[140.7114,35.9417],[140.7114,35.9419],[140.7115,35.9435],[140.712,35.95],[140.712,35.95],[140.712,35.95],[140.712,35.95],[140.7121,35.9508],[140.7124,35.9547],[140.7126,35.9547],[140.7123,35.95],[140.7123,35.95],[140.7123,35.95],[140.7123,35.95],[140.7122,35.9496],[140.7116,35.9417],[140.7116,35.9417],[140.7116,35.9417],[140.7116,35.9417],[140.7115,35.9406],[140.7111,35.9363],[140.7111,35.9363],[140.7111,35.9353],[140.711,35.934],[140.7109,35.9333],[140.7109,35.9333],[140.7108,35.9316],[140.7108,35.9313],[140.7107,35.931],[140.7106,35.9295],[140.7106,35.9292],[140.7105,35.9285],[140.7105,35.9285],[140.7105,35.9282],[140.7105,35.928],[140.7105,35.9278],[140.7105,35.9278],[140.7105,35.9274],[140.7104,35.9269],[140.7104,35.9268],[140.7104,35.9267],[140.7102,35.9268],[140.7102,35.9268],[140.7099,35.9267],[140.7092,35.9263],[140.7083,35.9259],[140.7083,35.9259],[140.7083,35.9259],[140.7077,35.9256],[140.7075,35.9256],[140.7071,35.9254],[140.7065,35.9251],[140.7067,35.9251],[140.7066,35.925],[140.7066,35.925],[140.7066,35.925],[140.7066,35.925],[140.7066,35.9249],[140.7066,35.9249],[140.7066,35.9248],[140.7066,35.9248],[140.7065,35.9247],[140.7065,35.9247],[140.7065,35.9246],[140.7066,35.9245],[140.7066,35.9245],[140.7066,35.9244],[140.7066,35.9243],[140.7066,35.9241],[140.7067,35.9241],[140.7067,35.924],[140.7068,35.9238],[140.7068,35.9238],[140.7068,35.9237],[140.7069,35.9236],[140.7069,35.9236],[140.7069,35.9235],[140.7069,35.9233],[140.707,35.9233],[140.707,35.9232],[140.707,35.9232],[140.707,35.9231],[140.707,35.9231],[140.7071,35.923],[140.7071,35.923],[140.7072,35.9229],[140.7073,35.9228],[140.7073,35.9227],[140.7074,35.9226],[140.7074,35.9226],[140.7075,35.9225],[140.7075,35.9224],[140.7076,35.9223],[140.7076,35.9222],[140.7077,35.922],[140.7078,35.9218],[140.7078,35.9217],[140.7078,35.9217],[140.7079,35.9216],[140.7079,35.9215],[140.708,35.9214],[140.7079,35.9214],[140.708,35.9211],[140.7083,35.9208],[140.7083,35.9207],[140.7083,35.9207],[140.7084,35.9206],[140.7089,35.92],[140.7091,35.9196],[140.7093,35.9194],[140.7093,35.9194],[140.7095,35.9194],[140.7099,35.9197],[140.7102,35.9198],[140.7102,35.9197],[140.71,35.9196],[140.7095,35.9194],[140.7093,35.9193],[140.7092,35.9193],[140.7093,35.9192],[140.7094,35.919],[140.7096,35.9188],[140.7096,35.9188],[140.7097,35.9188],[140.7103,35.9191],[140.7106,35.9192],[140.7106,35.9192],[140.7103,35.9191],[140.7097,35.9188],[140.7101,35.9181],[140.7105,35.9176],[140.7108,35.9171],[140.711,35.9168],[140.7113,35.917],[140.7115,35.917],[140.7115,35.917],[140.7115,35.9171],[140.7115,35.917],[140.7115,35.917],[140.7115,35.917],[140.7114,35.9169],[140.711,35.9168],[140.711,35.9168],[140.711,35.9167],[140.7111,35.9167],[140.7111,35.9166],[140.7112,35.9165],[140.7112,35.9164],[140.7112,35.9165],[140.7115,35.9166],[140.7117,35.9167],[140.7117,35.9167],[140.7117,35.9167],[140.7118,35.9167],[140.7118,35.9167],[140.7118,35.9167],[140.7118,35.9167],[140.7118,35.9166],[140.7116,35.9165],[140.7113,35.9164],[140.7117,35.9159],[140.7118,35.9157],[140.7122,35.9151],[140.7126,35.9146],[140.713,35.914],[140.7134,35.9134],[140.7138,35.9129],[140.7141,35.9124],[140.7145,35.9118],[140.715,35.9111],[140.7155,35.9104],[140.7158,35.91],[140.7164,35.9091],[140.7167,35.9087],[140.7167,35.9087],[140.7168,35.9085],[140.7169,35.9083],[140.7169,35.9083],[140.7171,35.9081],[140.7175,35.9075],[140.7177,35.9072],[140.7185,35.9061],[140.7188,35.9057],[140.7192,35.9052],[140.7195,35.9046],[140.7196,35.9045],[140.7198,35.9042],[140.7201,35.9038],[140.7203,35.9035],[140.7203,35.9035],[140.7203,35.9035],[140.7203,35.9035],[140.7204,35.9036],[140.7209,35.9038],[140.721,35.9039],[140.7211,35.9039],[140.7212,35.9039],[140.7211,35.9038],[140.7209,35.9037],[140.7204,35.9035],[140.7203,35.9035],[140.7203,35.9034],[140.7203,35.9034],[140.7204,35.9033],[140.7204,35.9032],[140.7205,35.9032],[140.7205,35.9032],[140.7209,35.9034],[140.7211,35.9035],[140.7214,35.9036],[140.7214,35.9035],[140.7211,35.9034],[140.7209,35.9033],[140.7205,35.9032],[140.7206,35.9031],[140.7206,35.9031],[140.7205,35.9031],[140.7206,35.9029],[140.7208,35.9027],[140.7211,35.9023],[140.7213,35.9021],[140.7214,35.9019],[140.7215,35.902],[140.7216,35.9021],[140.7217,35.9021],[140.7221,35.9023],[140.7221,35.9023],[140.7219,35.9022],[140.7217,35.9021],[140.7215,35.902],[140.7214,35.9019],[140.7216,35.9017],[140.7218,35.9014],[140.7221,35.9011],[140.7221,35.9011],[140.7228,35.9014],[140.7228,35.9013],[140.7221,35.901],[140.7224,35.9006],[140.7228,35.9001],[140.7234,35.9004],[140.7235,35.9004],[140.7228,35.9001],[140.7229,35.9],[140.7229,35.9],[140.7229,35.9],[140.7232,35.8995],[140.7234,35.8992],[140.7241,35.8995],[140.7241,35.8995],[140.7235,35.8992],[140.7236,35.899],[140.7239,35.8985],[140.7241,35.8983],[140.7248,35.8986],[140.7248,35.8985],[140.7242,35.8982],[140.7248,35.8973],[140.725,35.8974],[140.725,35.8974],[140.7255,35.8977],[140.7255,35.8976],[140.725,35.8974],[140.725,35.8974],[140.7248,35.8973],[140.725,35.8971],[140.725,35.8971],[140.7251,35.897],[140.7253,35.8967],[140.7255,35.8964],[140.7262,35.8967],[140.7262,35.8967],[140.7255,35.8964],[140.7259,35.8958],[140.7262,35.8955],[140.7269,35.8958],[140.7269,35.8958],[140.7262,35.8955],[140.7265,35.895],[140.7269,35.8946],[140.7275,35.8949],[140.7276,35.8948],[140.7269,35.8945],[140.7276,35.8936],[140.7282,35.8939],[140.7282,35.8939],[140.7276,35.8936],[140.7282,35.8927],[140.7289,35.893],[140.7289,35.893],[140.7283,35.8927],[140.7289,35.8918],[140.7296,35.8921],[140.7296,35.8921],[140.7289,35.8918],[140.729,35.8917],[140.729,35.8917],[140.729,35.8917],[140.7296,35.8908],[140.7303,35.8912],[140.7303,35.8911],[140.7296,35.8908],[140.7303,35.8899],[140.7305,35.89],[140.7309,35.8902],[140.731,35.8902],[140.7303,35.8899],[140.7306,35.8895],[140.7306,35.8894],[140.7308,35.8892],[140.7309,35.889],[140.731,35.8888],[140.7311,35.8887],[140.7314,35.8889],[140.7315,35.8889],[140.7316,35.889],[140.7317,35.889],[140.7317,35.889],[140.7318,35.889],[140.7319,35.8891],[140.732,35.8892],[140.732,35.8892],[140.7319,35.8891],[140.7318,35.889],[140.7318,35.889],[140.7317,35.889],[140.7317,35.889],[140.7316,35.8889],[140.7314,35.8888],[140.7311,35.8887],[140.7312,35.8887],[140.7312,35.8887],[140.7312,35.8887],[140.7312,35.8886],[140.7312,35.8886],[140.7311,35.8886],[140.7312,35.8886],[140.7312,35.8885],[140.7312,35.8885],[140.7313,35.8885],[140.7313,35.8885],[140.7313,35.8885],[140.7313,35.8885],[140.7313,35.8885],[140.7313,35.8885],[140.7314,35.8885],[140.7315,35.8885],[140.7317,35.8887],[140.7319,35.8887],[140.7319,35.8887],[140.7319,35.8888],[140.7321,35.8888],[140.7322,35.8889],[140.7322,35.8888],[140.732,35.8887],[140.7319,35.8887],[140.7319,35.8887],[140.7318,35.8887],[140.7316,35.8886],[140.7315,35.8885],[140.7314,35.8885],[140.7313,35.8884],[140.7314,35.8883],[140.7316,35.8881],[140.732,35.8875],[140.7322,35.8873],[140.7324,35.8874],[140.7327,35.8876],[140.7329,35.8876],[140.7329,35.8876],[140.7327,35.8875],[140.7322,35.8873],[140.7325,35.8869],[140.7327,35.8866],[140.7329,35.8864],[140.7333,35.8866],[140.7333,35.8866],[140.7335,35.8867],[140.7336,35.8867],[140.7333,35.8865],[140.7333,35.8865],[140.7329,35.8863],[140.733,35.8861],[140.7331,35.8861],[140.7333,35.8858],[140.7333,35.8857],[140.7333,35.8857],[140.7335,35.8856],[140.7337,35.8853],[140.7339,35.8849],[140.7342,35.8846],[140.7345,35.8842],[140.7348,35.8837],[140.7351,35.8833],[140.7351,35.8833],[140.7351,35.8833],[140.7352,35.8832],[140.7358,35.8824],[140.736,35.8822],[140.7362,35.8819],[140.7364,35.8816],[140.7366,35.8812],[140.7369,35.8809],[140.7373,35.8803],[140.7376,35.88],[140.7378,35.8796],[140.7381,35.8793],[140.7383,35.8789],[140.7386,35.8785],[140.7392,35.8777],[140.7395,35.8773],[140.7397,35.8771],[140.7399,35.8768],[140.7401,35.8766],[140.7403,35.8763],[140.7405,35.876],[140.7407,35.8757],[140.7409,35.8754],[140.7411,35.8751],[140.7412,35.875],[140.7412,35.875],[140.7412,35.875],[140.7412,35.875],[140.7413,35.8749],[140.7414,35.8747],[140.7416,35.8745],[140.7417,35.8745],[140.7417,35.8745],[140.7417,35.8745],[140.7417,35.8744],[140.7417,35.8744],[140.7417,35.8744],[140.7416,35.8744],[140.7417,35.8744],[140.7417,35.8744],[140.7418,35.8741],[140.7422,35.8737],[140.7425,35.8732],[140.7424,35.8729],[140.7424,35.8729],[140.7424,35.873],[140.7424,35.873],[140.7423,35.873],[140.7423,35.8732],[140.742,35.8736],[140.7417,35.874],[140.7417,35.8741],[140.7417,35.8741],[140.7416,35.8741],[140.7415,35.8743],[140.7414,35.8744],[140.7414,35.8744],[140.7414,35.8744],[140.7414,35.8744],[140.7413,35.8743],[140.7413,35.8743],[140.7412,35.8743],[140.7412,35.8743],[140.7412,35.8743],[140.7412,35.8741],[140.7412,35.8741],[140.7411,35.8741],[140.7411,35.8741],[140.7411,35.8741],[140.7411,35.8741],[140.741,35.874],[140.7409,35.874],[140.7409,35.874],[140.7409,35.874],[140.7409,35.874],[140.7409,35.874],[140.7409,35.874],[140.7408,35.874],[140.7408,35.874],[140.7408,35.874],[140.7408,35.874],[140.7407,35.8739],[140.7407,35.8739],[140.7407,35.8739],[140.7407,35.8739],[140.7407,35.8739],[140.7407,35.8739],[140.7407,35.8739],[140.7407,35.8739],[140.7407,35.8739],[140.7407,35.8739],[140.7407,35.8739],[140.7407,35.8739],[140.7407,35.8739],[140.7407,35.8739],[140.7407,35.8738],[140.7407,35.8738],[140.7406,35.8738],[140.7406,35.8738],[140.7406,35.8738],[140.7406,35.8738],[140.7405,35.8738],[140.7405,35.8738],[140.7405,35.8738],[140.7405,35.8738],[140.7405,35.8737],[140.7405,35.8737],[140.7405,35.8737],[140.7405,35.8737],[140.7405,35.8737],[140.7405,35.8737],[140.7405,35.8737],[140.7405,35.8737],[140.7405,35.8737],[140.7405,35.8737],[140.7404,35.8736],[140.7404,35.8736],[140.7404,35.8736],[140.7404,35.8736],[140.7404,35.8736],[140.7404,35.8736],[140.7404,35.8736],[140.7404,35.8736],[140.7404,35.8736],[140.7404,35.8736],[140.7404,35.8735],[140.7404,35.8735],[140.7404,35.8735],[140.7404,35.8735],[140.7404,35.8735],[140.7404,35.8734],[140.7404,35.8734],[140.7404,35.8734],[140.7404,35.8734],[140.7403,35.8733],[140.7403,35.8732],[140.7402,35.8731],[140.7402,35.873],[140.7401,35.8729],[140.7401,35.8728],[140.74,35.8726],[140.74,35.8725],[140.74,35.8725],[140.74,35.8725],[140.74,35.8725],[140.74,35.8725],[140.74,35.8725],[140.74,35.8724],[140.7399,35.8724],[140.7399,35.8724],[140.7399,35.8724],[140.7399,35.8723],[140.7399,35.8723],[140.74,35.8723],[140.74,35.8723],[140.74,35.8723],[140.74,35.8723],[140.74,35.8723],[140.7399,35.8722],[140.7399,35.8721],[140.7399,35.872],[140.7399,35.872],[140.7399,35.872],[140.7399,35.872],[140.7399,35.8719],[140.74,35.8719],[140.74,35.8719],[140.74,35.8718],[140.74,35.8718],[140.74,35.8718],[140.74,35.8718],[140.74,35.8718],[140.74,35.8718],[140.74,35.8718],[140.74,35.8717],[140.74,35.8717],[140.74,35.8717],[140.74,35.8717],[140.74,35.8716],[140.74,35.8716],[140.74,35.8716],[140.74,35.8716],[140.74,35.8716],[140.74,35.8715],[140.74,35.8715],[140.74,35.8715],[140.74,35.8715],[140.74,35.8715],[140.74,35.8715],[140.74,35.8715],[140.74,35.8714],[140.74,35.8714],[140.74,35.8713],[140.74,35.8713],[140.74,35.8713],[140.7401,35.8712],[140.7401,35.8712],[140.7401,35.8712],[140.7401,35.8712],[140.7401,35.8712],[140.7401,35.8711],[140.7401,35.8711],[140.7401,35.8711],[140.7401,35.8711],[140.7401,35.8711],[140.7401,35.8711],[140.7401,35.8711],[140.7401,35.871],[140.7401,35.871],[140.7401,35.871],[140.7401,35.871],[140.7401,35.871],[140.7401,35.871],[140.7402,35.871],[140.7402,35.871],[140.7402,35.871],[140.7402,35.871],[140.7402,35.8709],[140.7402,35.8709],[140.7402,35.8709],[140.7402,35.8709],[140.7402,35.8709],[140.7402,35.8709],[140.7402,35.8709],[140.7402,35.8709],[140.7402,35.8708],[140.7402,35.8708],[140.7402,35.8708],[140.7402,35.8708],[140.7402,35.8708],[140.7402,35.8708],[140.7402,35.8707],[140.7402,35.8707],[140.7403,35.8707],[140.7403,35.8707],[140.7403,35.8707],[140.7403,35.8707],[140.7403,35.8707],[140.7403,35.8707],[140.7403,35.8707],[140.7403,35.8707],[140.7403,35.8706],[140.7403,35.8706],[140.7403,35.8706],[140.7403,35.8706],[140.7403,35.8706],[140.7403,35.8705],[140.7403,35.8705],[140.7403,35.8705],[140.7403,35.8705],[140.7403,35.8705],[140.7403,35.8705],[140.7403,35.8705],[140.7403,35.8705],[140.7403,35.8705],[140.7403,35.8705],[140.7403,35.8705],[140.7403,35.8705],[140.7403,35.8705],[140.7403,35.8705],[140.7403,35.8704],[140.7403,35.8704],[140.7403,35.8704],[140.7403,35.8704],[140.7404,35.8704],[140.7404,35.8703],[140.7404,35.8703],[140.7404,35.8703],[140.7404,35.8703],[140.7404,35.8702],[140.7404,35.8702],[140.7404,35.8702],[140.7404,35.8702],[140.7404,35.8701],[140.7404,35.8701],[140.7404,35.8701],[140.7404,35.8701],[140.7404,35.8701],[140.7404,35.8701],[140.7404,35.8701],[140.7404,35.8701],[140.7404,35.8701],[140.7404,35.8701],[140.7405,35.87],[140.7405,35.87],[140.7405,35.87],[140.7405,35.87],[140.7405,35.87],[140.7405,35.8699],[140.7405,35.8699],[140.7405,35.8699],[140.7405,35.8698],[140.7405,35.8698],[140.7405,35.8698],[140.7405,35.8698],[140.7405,35.8698],[140.7405,35.8697],[140.7405,35.8697],[140.7406,35.8697],[140.7406,35.8697],[140.7406,35.8697],[140.7406,35.8697],[140.7406,35.8696],[140.7406,35.8696],[140.7406,35.8696],[140.7406,35.8696],[140.7406,35.8696],[140.7407,35.8695],[140.7407,35.8695],[140.7407,35.8695],[140.7408,35.8695],[140.7408,35.8695],[140.7408,35.8695],[140.7408,35.8695],[140.7408,35.8695],[140.7408,35.8693],[140.7408,35.8693],[140.7408,35.8693],[140.7409,35.8693],[140.7409,35.8692],[140.7409,35.8692],[140.7409,35.8692],[140.7409,35.8692],[140.7409,35.8692],[140.7409,35.8692],[140.7409,35.8691],[140.7409,35.8691],[140.7409,35.8691],[140.7409,35.8691],[140.741,35.8691],[140.741,35.869],[140.7411,35.869],[140.7411,35.869],[140.7411,35.8689],[140.7411,35.8689],[140.7411,35.8689],[140.7412,35.8689],[140.7412,35.8688],[140.7412,35.8687],[140.7412,35.8686],[140.7412,35.8686],[140.7412,35.8686],[140.7412,35.8685],[140.7412,35.8684],[140.7412,35.8683],[140.7412,35.8683],[140.7412,35.8683],[140.7412,35.8683],[140.7412,35.8683],[140.7413,35.8683],[140.7413,35.8682],[140.7414,35.8682],[140.7414,35.8682],[140.7414,35.8681],[140.7415,35.868],[140.7415,35.868],[140.7415,35.868],[140.7415,35.8679],[140.7416,35.8678],[140.7416,35.8678],[140.7416,35.8677],[140.7417,35.8676],[140.7417,35.8676],[140.7418,35.8674],[140.7419,35.8672],[140.7419,35.8672],[140.7419,35.8671],[140.7419,35.8671],[140.7419,35.8671],[140.742,35.867],[140.7421,35.867],[140.7422,35.8668],[140.7423,35.8668],[140.7423,35.8667],[140.7423,35.8667],[140.7423,35.8667],[140.7423,35.8667],[140.7423,35.8667],[140.7423,35.8667],[140.7424,35.8666],[140.7424,35.8666],[140.7426,35.8664],[140.7427,35.8663],[140.7428,35.8662],[140.7428,35.8661],[140.7429,35.8661],[140.7429,35.8661],[140.7429,35.8661],[140.743,35.866],[140.743,35.866],[140.743,35.8659],[140.7431,35.8658],[140.7431,35.8657],[140.7431,35.8657],[140.7431,35.8657],[140.7431,35.8656],[140.743,35.8656],[140.743,35.8655],[140.743,35.8655],[140.743,35.8655],[140.7431,35.8654],[140.7431,35.8654],[140.7431,35.8654],[140.7431,35.8653],[140.7431,35.8652],[140.7431,35.8652],[140.7432,35.8652],[140.7432,35.8651],[140.7433,35.8651],[140.7433,35.865],[140.7433,35.865],[140.7434,35.865],[140.7434,35.8649],[140.7434,35.8649],[140.7435,35.8649],[140.7437,35.8648],[140.7437,35.8647],[140.7439,35.8645],[140.744,35.8644],[140.7441,35.8641],[140.7441,35.8641],[140.7442,35.8639],[140.7445,35.8636],[140.7445,35.8636],[140.7445,35.8635],[140.7446,35.8635],[140.7446,35.8634],[140.7447,35.8634],[140.7448,35.8632],[140.7448,35.8631],[140.7449,35.8631],[140.7449,35.8631],[140.7449,35.8631],[140.7451,35.8629],[140.7453,35.8626],[140.7454,35.8624],[140.7456,35.862],[140.7456,35.862],[140.7456,35.862],[140.7457,35.862],[140.7458,35.8617],[140.7459,35.8616],[140.7459,35.8616],[140.7461,35.8613],[140.7462,35.8611],[140.7466,35.8606],[140.7468,35.8604],[140.747,35.8601],[140.747,35.8601],[140.7471,35.8601],[140.7471,35.86],[140.7471,35.86],[140.7472,35.8599],[140.7473,35.8598],[140.7474,35.8596],[140.7476,35.8593],[140.7478,35.8591],[140.7479,35.859],[140.748,35.8589],[140.748,35.8589],[140.7481,35.8588],[140.7481,35.8588],[140.7481,35.8588],[140.748,35.8588],[140.7481,35.8587],[140.7482,35.8588],[140.7482,35.8587],[140.7482,35.8587],[140.7483,35.8585],[140.7484,35.8584],[140.7484,35.8583],[140.7484,35.8583],[140.7484,35.8583],[140.7484,35.8583],[140.7485,35.8582],[140.7486,35.8581],[140.7487,35.858],[140.749,35.8578],[140.7491,35.8575],[140.7493,35.8572],[140.7494,35.8571],[140.7494,35.857],[140.7494,35.857],[140.7494,35.857],[140.7495,35.857],[140.7495,35.8569],[140.7495,35.8569],[140.7495,35.8568],[140.7496,35.8568],[140.7496,35.8567],[140.7496,35.8567],[140.7496,35.8567],[140.7496,35.8567],[140.7497,35.8567],[140.7497,35.8566],[140.7497,35.8566],[140.7497,35.8565],[140.7498,35.8565],[140.7498,35.8565],[140.7498,35.8565],[140.7498,35.8564],[140.7498,35.8564],[140.7499,35.8564],[140.7499,35.8563],[140.75,35.8561],[140.75,35.8561],[140.7501,35.856],[140.7501,35.8559],[140.7502,35.8558],[140.7502,35.8558],[140.7502,35.8558],[140.7502,35.8557],[140.7502,35.8557],[140.7502,35.8557],[140.7502,35.8556],[140.7502,35.8556],[140.7502,35.8556],[140.7503,35.8556],[140.7503,35.8555],[140.7503,35.8555],[140.7503,35.8555],[140.7503,35.8555],[140.7503,35.8554],[140.7504,35.8554],[140.7504,35.8553],[140.7505,35.8553],[140.7505,35.8553],[140.7505,35.8553],[140.7505,35.8552],[140.7506,35.8552],[140.7506,35.8552],[140.7506,35.8552],[140.7506,35.8551],[140.7506,35.8551],[140.7506,35.8551],[140.7507,35.8551],[140.7507,35.855],[140.7507,35.8549],[140.7507,35.8549],[140.7508,35.8549],[140.7508,35.8548],[140.7508,35.8548],[140.7508,35.8547],[140.7508,35.8547],[140.7508,35.8547],[140.7508,35.8546],[140.7508,35.8546],[140.7509,35.8545],[140.751,35.8544],[140.751,35.8543],[140.751,35.8543],[140.751,35.8542],[140.7511,35.8541],[140.7511,35.8541],[140.7511,35.8541],[140.7511,35.854],[140.7512,35.854],[140.7512,35.854],[140.7513,35.8539],[140.7514,35.8538],[140.7514,35.8537],[140.7514,35.8537],[140.7515,35.8537],[140.7515,35.8536],[140.7515,35.8535],[140.7516,35.8535],[140.7517,35.8534],[140.7517,35.8534],[140.7518,35.8534],[140.7518,35.8533],[140.7519,35.8533],[140.7519,35.8532],[140.7519,35.8532],[140.7519,35.8531],[140.7519,35.8531],[140.752,35.853],[140.752,35.853],[140.7521,35.853],[140.7521,35.853],[140.7521,35.8529],[140.7522,35.8528],[140.7523,35.8527],[140.7523,35.8526],[140.7523,35.8526],[140.7524,35.8526],[140.7524,35.8525],[140.7524,35.8524],[140.7524,35.8523],[140.7524,35.8523],[140.7524,35.8523],[140.7524,35.8523],[140.7525,35.8522],[140.7526,35.8522],[140.7528,35.8521],[140.7528,35.8521],[140.7529,35.852],[140.7529,35.8519],[140.753,35.8519],[140.7531,35.8518],[140.7532,35.8517],[140.7533,35.8515],[140.7535,35.8513],[140.7536,35.8511],[140.7536,35.851],[140.7536,35.851],[140.7537,35.8509],[140.7538,35.8508],[140.7539,35.8507],[140.7539,35.8507],[140.7539,35.8507],[140.754,35.8507],[140.754,35.8506],[140.754,35.8506],[140.7541,35.8505],[140.7543,35.8503],[140.7544,35.8501],[140.7544,35.8501],[140.7544,35.8501],[140.7544,35.8501],[140.7544,35.8501],[140.7545,35.8501],[140.7545,35.85],[140.7545,35.85],[140.7545,35.85],[140.7545,35.85],[140.7545,35.85],[140.7545,35.85],[140.7545,35.85],[140.7545,35.8499],[140.7545,35.8499],[140.7546,35.8498],[140.7548,35.8497],[140.7548,35.8496],[140.7548,35.8496],[140.7548,35.8496],[140.7549,35.8496],[140.7549,35.8496],[140.7549,35.8495],[140.755,35.8494],[140.7551,35.8492],[140.7552,35.8491],[140.7553,35.849],[140.7553,35.8489],[140.7554,35.8489],[140.7554,35.8488],[140.7554,35.8488],[140.7555,35.8487],[140.7555,35.8487],[140.7555,35.8487],[140.7555,35.8487],[140.7555,35.8487],[140.7555,35.8487],[140.7556,35.8487],[140.7556,35.8487],[140.7556,35.8487],[140.7556,35.8487],[140.7556,35.8486],[140.7556,35.8486],[140.7556,35.8486],[140.7556,35.8485],[140.7556,35.8485],[140.7556,35.8485],[140.7556,35.8485],[140.7556,35.8485],[140.7556,35.8484],[140.7557,35.8484],[140.7557,35.8483],[140.7557,35.8482],[140.7557,35.8482],[140.7557,35.8482],[140.7557,35.8482],[140.7559,35.8481],[140.756,35.8478],[140.7561,35.8477],[140.7562,35.8476],[140.7563,35.8474],[140.7565,35.8472],[140.7565,35.8471],[140.7565,35.8471],[140.7565,35.847],[140.7566,35.847],[140.7566,35.847],[140.7567,35.8469],[140.7568,35.8468],[140.7568,35.8467],[140.7569,35.8467],[140.757,35.8466],[140.757,35.8466],[140.7571,35.8465],[140.7571,35.8465],[140.7571,35.8465],[140.7571,35.8464],[140.7571,35.8464],[140.7572,35.8464],[140.7572,35.8463],[140.7573,35.8463],[140.7573,35.8463],[140.7573,35.8462],[140.7573,35.8462],[140.7574,35.8461],[140.7574,35.8461],[140.7574,35.8461],[140.7574,35.8461],[140.7574,35.8461],[140.7574,35.846],[140.7574,35.846],[140.7574,35.846],[140.7575,35.846],[140.7575,35.846],[140.7575,35.8459],[140.7575,35.8459],[140.7576,35.8459],[140.7576,35.8458],[140.7576,35.8458],[140.7576,35.8457],[140.7577,35.8457],[140.7577,35.8457],[140.7578,35.8457],[140.7578,35.8456],[140.7578,35.8456],[140.7578,35.8456],[140.7578,35.8455],[140.7579,35.8455],[140.7579,35.8455],[140.758,35.8454],[140.758,35.8453],[140.7581,35.8453],[140.7581,35.8453],[140.7582,35.8452],[140.7582,35.8451],[140.7582,35.8451],[140.7583,35.8451],[140.7583,35.845],[140.7583,35.845],[140.7583,35.845],[140.7583,35.845],[140.7583,35.8449],[140.7583,35.8449],[140.7583,35.8449],[140.7584,35.8448],[140.7585,35.8446],[140.7585,35.8445],[140.7586,35.8445],[140.7586,35.8444],[140.7586,35.8444],[140.7586,35.8444],[140.7586,35.8444],[140.7586,35.8444],[140.7586,35.8442],[140.7587,35.8442],[140.7588,35.8441],[140.759,35.8439],[140.759,35.8439],[140.7591,35.8438],[140.7591,35.8438],[140.7591,35.8437],[140.7591,35.8436],[140.7592,35.8436],[140.7592,35.8435],[140.7592,35.8435],[140.7592,35.8434],[140.7593,35.8434],[140.7593,35.8433],[140.7593,35.8433],[140.7594,35.8432],[140.7594,35.8431],[140.7594,35.8431],[140.7594,35.843],[140.7595,35.843],[140.7595,35.843],[140.7595,35.843],[140.7595,35.843],[140.7596,35.8429],[140.7597,35.8428],[140.7598,35.8427],[140.7598,35.8427],[140.7598,35.8427],[140.7598,35.8427],[140.7599,35.8426],[140.7599,35.8426],[140.76,35.8425],[140.76,35.8425],[140.7602,35.8423],[140.7602,35.8423],[140.7602,35.8422],[140.7602,35.8422],[140.7602,35.8422],[140.7602,35.8422],[140.7603,35.8422],[140.7604,35.8421],[140.7605,35.842],[140.7605,35.8419],[140.7605,35.8419],[140.7606,35.8419],[140.7607,35.8418],[140.7607,35.8418],[140.7607,35.8418],[140.7607,35.8418],[140.7607,35.8417],[140.7607,35.8417],[140.7607,35.8417],[140.7607,35.8417],[140.7607,35.8417],[140.7608,35.8416],[140.7609,35.8414],[140.761,35.8413],[140.7611,35.8413],[140.7611,35.8412],[140.7612,35.8412],[140.7612,35.8411],[140.7612,35.8411],[140.7613,35.8411],[140.7613,35.841],[140.7613,35.841],[140.7614,35.8409],[140.7614,35.8409],[140.7614,35.8409],[140.7615,35.8408],[140.7615,35.8407],[140.7616,35.8405],[140.7618,35.8403],[140.7618,35.8402],[140.7618,35.8402],[140.7619,35.8401],[140.762,35.84],[140.762,35.84],[140.762,35.8399],[140.7621,35.8399],[140.7621,35.8399],[140.7621,35.8398],[140.7622,35.8398],[140.7622,35.8398],[140.7622,35.8396],[140.7622,35.8396],[140.7622,35.8396],[140.7623,35.8395],[140.7624,35.8394],[140.7624,35.8393],[140.7624,35.8393],[140.7625,35.8392],[140.7626,35.8391],[140.7627,35.839],[140.7628,35.8389],[140.7629,35.8388],[140.763,35.8388],[140.7631,35.8387],[140.7631,35.8386],[140.7632,35.8385],[140.7632,35.8384],[140.7633,35.8384],[140.7633,35.8383],[140.7634,35.8382],[140.7634,35.8381],[140.7634,35.8381],[140.7635,35.838],[140.7636,35.8379],[140.7637,35.8377],[140.7638,35.8376],[140.7638,35.8376],[140.7638,35.8375],[140.7638,35.8375],[140.7638,35.8375],[140.7639,35.8375],[140.7639,35.8375],[140.764,35.8374],[140.764,35.8374],[140.764,35.8374],[140.7642,35.837],[140.7642,35.837],[140.7643,35.8369],[140.7643,35.8369],[140.7644,35.8369],[140.7644,35.8368],[140.7645,35.8367],[140.7645,35.8367],[140.7646,35.8366],[140.7646,35.8366],[140.7647,35.8365],[140.7649,35.8364],[140.7649,35.8363],[140.765,35.8362],[140.765,35.8362],[140.765,35.8362],[140.765,35.8362],[140.765,35.8361],[140.7651,35.8361],[140.7652,35.8359],[140.7653,35.8359],[140.7653,35.8358],[140.7654,35.8356],[140.7655,35.8356],[140.7655,35.8355],[140.7654,35.8355],[140.7655,35.8355],[140.7655,35.8355],[140.7655,35.8354],[140.7655,35.8354],[140.7655,35.8354],[140.7656,35.8353],[140.7656,35.8353],[140.7656,35.8353],[140.7656,35.8352],[140.7657,35.8352],[140.7657,35.8351],[140.7657,35.8351],[140.7657,35.8351],[140.7664,35.8341],[140.7665,35.834],[140.7666,35.834],[140.7666,35.8339],[140.7666,35.8339],[140.7666,35.8338],[140.7666,35.8337],[140.7666,35.8337],[140.7666,35.8337],[140.7666,35.8336],[140.7665,35.8336],[140.7665,35.8336],[140.7665,35.8336],[140.7666,35.8336],[140.7666,35.8336],[140.7666,35.8336],[140.7666,35.8336],[140.7666,35.8335],[140.7667,35.8335],[140.7667,35.8335],[140.7667,35.8335],[140.7668,35.8335],[140.7669,35.8334],[140.7669,35.8334],[140.767,35.8333],[140.767,35.8333],[140.7679,35.8322],[140.7684,35.8315],[140.769,35.8309],[140.769,35.8309],[140.769,35.8309],[140.769,35.8309],[140.7691,35.8308],[140.7691,35.8308],[140.7691,35.8308],[140.7691,35.8307],[140.7691,35.8307],[140.7691,35.8306],[140.7692,35.8306],[140.7701,35.8294],[140.7704,35.829],[140.771,35.8283],[140.7712,35.828],[140.7714,35.8276],[140.7717,35.8272],[140.772,35.8268],[140.7724,35.8262],[140.7728,35.8257],[140.7729,35.8255],[140.7732,35.825],[140.7732,35.825],[140.7732,35.825],[140.7732,35.825],[140.7732,35.825],[140.7732,35.825],[140.7732,35.825],[140.7732,35.825],[140.7733,35.8248],[140.7736,35.8245],[140.7745,35.8235],[140.7749,35.823],[140.775,35.8229],[140.775,35.8229],[140.7756,35.8221],[140.7763,35.8214],[140.7767,35.8211],[140.7767,35.8211],[140.7767,35.8211],[140.7767,35.8211],[140.7768,35.8211],[140.777,35.8205],[140.7775,35.8197],[140.7778,35.8191],[140.7782,35.8184],[140.7783,35.8183],[140.7783,35.8183],[140.7783,35.8183],[140.7783,35.8183],[140.7788,35.8175],[140.7793,35.817],[140.7793,35.817],[140.7795,35.8167],[140.7795,35.8167],[140.7795,35.8167],[140.7795,35.8166],[140.7796,35.8165],[140.7796,35.8165],[140.7798,35.8162],[140.7798,35.8162],[140.7798,35.8161],[140.78,35.8161],[140.78,35.816],[140.78,35.816],[140.78,35.816],[140.78,35.8159],[140.7801,35.8159],[140.7801,35.8159],[140.7801,35.8159],[140.7801,35.8159],[140.7801,35.8159],[140.7803,35.8155],[140.7806,35.8152],[140.781,35.8146],[140.7813,35.8142],[140.7818,35.8138],[140.7818,35.8137],[140.7822,35.8134],[140.7822,35.8133],[140.7822,35.8133],[140.7826,35.8127],[140.7827,35.8127],[140.7827,35.8126],[140.7827,35.8126],[140.7827,35.8126],[140.7829,35.8122],[140.7832,35.8117],[140.7833,35.8115],[140.7833,35.8115],[140.7835,35.8113],[140.7837,35.811],[140.784,35.8107],[140.7842,35.8103],[140.7842,35.8103],[140.7843,35.8102],[140.785,35.8097],[140.785,35.8097],[140.7853,35.8095],[140.7855,35.8094],[140.7857,35.8093],[140.7858,35.8093],[140.7859,35.8093],[140.786,35.8093],[140.7861,35.8094],[140.7868,35.8098],[140.7869,35.8097],[140.7869,35.8098],[140.787,35.8098],[140.787,35.8098],[140.787,35.8098],[140.7869,35.8098],[140.7869,35.8098],[140.7869,35.8098],[140.7869,35.8099],[140.7868,35.8099],[140.7868,35.8099],[140.7868,35.8099],[140.7867,35.8099],[140.7867,35.8099],[140.7867,35.8099],[140.7867,35.8099],[140.7866,35.8099],[140.7866,35.8099],[140.7865,35.8099],[140.7865,35.8099],[140.7864,35.8098],[140.7864,35.8099],[140.7864,35.8099],[140.7864,35.8099],[140.7864,35.8099],[140.7864,35.8099],[140.7864,35.8099],[140.7864,35.81],[140.7864,35.81],[140.7864,35.81],[140.7864,35.81],[140.7865,35.8101],[140.7866,35.8101],[140.7866,35.8101],[140.7867,35.8101],[140.7867,35.8101],[140.7868,35.8101],[140.7869,35.8101],[140.7869,35.8101],[140.7869,35.8101],[140.787,35.8101],[140.787,35.81],[140.7871,35.81],[140.7871,35.8099],[140.7872,35.8099],[140.7872,35.8098],[140.7873,35.8097],[140.7873,35.8096],[140.7874,35.8096],[140.7874,35.8096],[140.7874,35.8095],[140.7874,35.8095],[140.7874,35.8094],[140.7874,35.8094],[140.7874,35.8094],[140.7874,35.8093],[140.7874,35.8093],[140.7873,35.8093],[140.7873,35.8093],[140.7873,35.8092],[140.7872,35.8092],[140.7872,35.8092],[140.7872,35.8092],[140.7871,35.8091],[140.7871,35.8091],[140.7871,35.8091],[140.787,35.8091],[140.787,35.8091],[140.787,35.8091],[140.787,35.8092],[140.787,35.8092],[140.787,35.8092],[140.7869,35.8092],[140.7869,35.8093],[140.7869,35.8093],[140.787,35.8093],[140.787,35.8093],[140.787,35.8093],[140.787,35.8093],[140.787,35.8093],[140.787,35.8094],[140.787,35.8094],[140.787,35.8094],[140.787,35.8094],[140.7868,35.8094],[140.7868,35.8094],[140.7868,35.8093],[140.7867,35.8093],[140.7867,35.8093],[140.7866,35.8092],[140.7866,35.8092],[140.7866,35.8092],[140.7865,35.8091],[140.7865,35.8091],[140.7865,35.809],[140.7865,35.809],[140.7865,35.8086],[140.7866,35.8083],[140.7866,35.8083],[140.7866,35.8081],[140.7868,35.8079],[140.7871,35.8072],[140.7873,35.8069],[140.7882,35.8059],[140.7889,35.805],[140.7889,35.805],[140.7894,35.8041],[140.7902,35.8033],[140.7907,35.8025],[140.7912,35.8016],[140.7913,35.8008],[140.7915,35.8005],[140.7917,35.8005],[140.7917,35.8005],[140.7917,35.8005],[140.7917,35.8005],[140.7917,35.8005],[140.7917,35.8004],[140.7918,35.8004],[140.7919,35.8004],[140.7919,35.8004],[140.792,35.8004],[140.792,35.8004],[140.792,35.8004],[140.792,35.8004],[140.7921,35.8003],[140.7921,35.8003],[140.7922,35.8003],[140.7922,35.8003],[140.7922,35.8003],[140.7922,35.8002],[140.7922,35.8002],[140.7922,35.8002],[140.7922,35.8002],[140.7923,35.8001],[140.7923,35.8001],[140.7924,35.8],[140.7924,35.8],[140.7924,35.8],[140.7924,35.8],[140.7925,35.7999],[140.7925,35.7999],[140.7926,35.7998],[140.7926,35.7997],[140.7927,35.7996],[140.7927,35.7995],[140.7928,35.7994],[140.7928,35.7994],[140.7929,35.7993],[140.7929,35.7993],[140.793,35.7992],[140.793,35.7991],[140.7932,35.7989],[140.7933,35.7989],[140.7934,35.7987],[140.7934,35.7987],[140.7935,35.7986],[140.7935,35.7985],[140.7935,35.7984],[140.7935,35.7984],[140.7935,35.7984],[140.7936,35.7983],[140.7936,35.7983],[140.7937,35.7983],[140.7937,35.7981],[140.7937,35.7981],[140.7937,35.798],[140.7938,35.798],[140.7939,35.7979],[140.7943,35.7973],[140.7944,35.7973],[140.7944,35.7973],[140.7945,35.7973],[140.7945,35.7973],[140.7945,35.7972],[140.7945,35.7972],[140.7945,35.7971],[140.7945,35.797],[140.7946,35.797],[140.7947,35.797],[140.7947,35.7969],[140.7947,35.7969],[140.7947,35.7968],[140.7947,35.7968],[140.7947,35.7967],[140.7947,35.7967],[140.7948,35.7967],[140.7949,35.7966],[140.7949,35.7966],[140.7949,35.7965],[140.7949,35.7965],[140.7949,35.7965],[140.7949,35.7964],[140.7952,35.7962],[140.7953,35.7961],[140.7953,35.796],[140.7954,35.796],[140.7954,35.7959],[140.7955,35.7958],[140.7955,35.7958],[140.7955,35.7958],[140.7955,35.7957],[140.7956,35.7957],[140.7957,35.7957],[140.7957,35.7957],[140.7958,35.7957],[140.7961,35.7953],[140.7963,35.7951],[140.7964,35.795],[140.7965,35.7949],[140.7966,35.7949],[140.7967,35.7948],[140.7969,35.7948],[140.797,35.7947],[140.7971,35.7946],[140.7972,35.7946],[140.7972,35.7945],[140.7973,35.7945],[140.7973,35.7945],[140.7974,35.7945],[140.7975,35.7945],[140.7975,35.7945],[140.7976,35.7945],[140.7977,35.7945],[140.7978,35.7945],[140.7978,35.7946],[140.7979,35.7946],[140.798,35.7946],[140.798,35.7947],[140.7981,35.7947],[140.7981,35.7948],[140.7981,35.7948],[140.7981,35.7948],[140.7981,35.7949],[140.798,35.7949],[140.798,35.7949],[140.7979,35.7949],[140.7979,35.7949],[140.7979,35.7949],[140.7979,35.7949],[140.7979,35.795],[140.7979,35.795],[140.7979,35.795],[140.7979,35.795],[140.7979,35.7951],[140.7979,35.7951],[140.798,35.7951],[140.7981,35.7951],[140.7982,35.7951],[140.7982,35.7951],[140.7983,35.7951],[140.7983,35.7951],[140.7984,35.7951],[140.7984,35.7951],[140.7984,35.7951],[140.7985,35.795],[140.7986,35.795],[140.7986,35.7949],[140.7986,35.7949],[140.7987,35.7948],[140.7987,35.7948],[140.7988,35.7947],[140.7988,35.7947],[140.7988,35.7946],[140.7989,35.7946],[140.7989,35.7945],[140.7989,35.7945],[140.7989,35.7944],[140.7989,35.7944],[140.7989,35.7943],[140.7988,35.7943],[140.7988,35.7943],[140.7988,35.7942],[140.7987,35.7942],[140.7987,35.7941],[140.7987,35.7941],[140.7986,35.7941],[140.7986,35.7941],[140.7985,35.7941],[140.7985,35.7941],[140.7985,35.7942],[140.7985,35.7942],[140.7985,35.7942],[140.7984,35.7942],[140.7984,35.7942],[140.7985,35.7943],[140.7985,35.7943],[140.7985,35.7943],[140.7986,35.7944],[140.7986,35.7944],[140.7986,35.7944],[140.7986,35.7944],[140.7986,35.7944],[140.7985,35.7945],[140.7985,35.7945],[140.7984,35.7945],[140.7984,35.7945],[140.7983,35.7944],[140.7983,35.7944],[140.7982,35.7944],[140.7982,35.7944],[140.7981,35.7943],[140.7981,35.7943],[140.798,35.7943],[140.798,35.7942],[140.798,35.7942],[140.7979,35.7941],[140.7979,35.794],[140.7979,35.7939],[140.798,35.7938],[140.798,35.7938],[140.798,35.7937],[140.798,35.7936],[140.7981,35.7934],[140.7982,35.7933],[140.7982,35.7932],[140.7984,35.793],[140.7985,35.7929],[140.7986,35.7927],[140.7988,35.7925],[140.7989,35.7923],[140.7989,35.7922],[140.799,35.7921],[140.799,35.7921],[140.7991,35.792],[140.7991,35.792],[140.7991,35.7919],[140.7992,35.7919],[140.7992,35.7919],[140.7992,35.7918],[140.7992,35.7918],[140.7992,35.7917],[140.7992,35.7917],[140.7992,35.7917],[140.7992,35.7917],[140.7992,35.7917],[140.7992,35.7917],[140.7992,35.7916],[140.7993,35.7916],[140.7993,35.7916],[140.7993,35.7916],[140.7994,35.7916],[140.7994,35.7916],[140.7994,35.7916],[140.7994,35.7916],[140.7994,35.7916],[140.7994,35.7915],[140.7994,35.7915],[140.7994,35.7915],[140.7994,35.7914],[140.7994,35.7914],[140.7995,35.7914],[140.7995,35.7914],[140.7995,35.7914],[140.7995,35.7914],[140.7996,35.7914],[140.7996,35.7914],[140.7996,35.7913],[140.7997,35.7913],[140.7997,35.7913],[140.7997,35.7913],[140.7997,35.7913],[140.7997,35.7912],[140.7997,35.7912],[140.7997,35.7912],[140.7997,35.7912],[140.7997,35.7912],[140.7997,35.7912],[140.7997,35.7911],[140.7997,35.7911],[140.7997,35.7911],[140.7997,35.7911],[140.7997,35.7911],[140.7997,35.7911],[140.7998,35.7911],[140.7998,35.7911],[140.7998,35.791],[140.7998,35.791],[140.7999,35.791],[140.7999,35.791],[140.7999,35.791],[140.7999,35.791],[140.7999,35.791],[140.7999,35.791],[140.7999,35.791],[140.7999,35.7909],[140.7999,35.7909],[140.7999,35.7909],[140.7999,35.7909],[140.7999,35.7909],[140.7999,35.7908],[140.8,35.7908],[140.8,35.7908],[140.8,35.7908],[140.8,35.7908],[140.8,35.7908],[140.8,35.7908],[140.8,35.7908],[140.8001,35.7906],[140.8001,35.7906],[140.8001,35.7906],[140.8001,35.7906],[140.8001,35.7905],[140.8003,35.7904],[140.8003,35.7904],[140.8004,35.7903],[140.8004,35.7903],[140.8004,35.7902],[140.8004,35.7902],[140.8004,35.7902],[140.8004,35.7901],[140.8004,35.7901],[140.8004,35.7901],[140.8004,35.7901],[140.8004,35.79],[140.8004,35.79],[140.8004,35.79],[140.8004,35.79],[140.8004,35.79],[140.8005,35.79],[140.8005,35.79],[140.8005,35.7899],[140.8005,35.7899],[140.8006,35.7899],[140.8006,35.7899],[140.8006,35.7899],[140.8006,35.7899],[140.8006,35.7898],[140.8006,35.7898],[140.8006,35.7898],[140.8006,35.7897],[140.8006,35.7897],[140.8006,35.7897],[140.8007,35.7897],[140.8007,35.7897],[140.8007,35.7897],[140.8007,35.7896],[140.8007,35.7896],[140.8007,35.7896],[140.8007,35.7895],[140.8008,35.7895],[140.8008,35.7895],[140.8008,35.7894],[140.8008,35.7894],[140.8009,35.7894],[140.8009,35.7894],[140.8009,35.7893],[140.801,35.7893],[140.801,35.7893],[140.801,35.7893],[140.801,35.7893],[140.801,35.7893],[140.801,35.7892],[140.801,35.7892],[140.801,35.7892],[140.801,35.7892],[140.8011,35.789],[140.8012,35.7889],[140.8013,35.7888],[140.8013,35.7888],[140.8013,35.7888],[140.8013,35.7887],[140.8014,35.7887],[140.8014,35.7887],[140.8014,35.7886],[140.8014,35.7886],[140.8014,35.7886],[140.8014,35.7885],[140.8014,35.7885],[140.8015,35.7885],[140.8015,35.7884],[140.8015,35.7884],[140.8015,35.7884],[140.8016,35.7884],[140.8016,35.7884],[140.8016,35.7884],[140.8016,35.7883],[140.8017,35.7883],[140.8017,35.7883],[140.8017,35.7883],[140.8017,35.7883],[140.8017,35.7881],[140.8017,35.7881],[140.8017,35.788],[140.8018,35.788],[140.8018,35.788],[140.8019,35.788],[140.8019,35.7879],[140.802,35.7879],[140.802,35.7879],[140.8021,35.7879],[140.8021,35.7878],[140.8022,35.7877],[140.8022,35.7877],[140.8023,35.7875],[140.8024,35.7874],[140.8026,35.7872],[140.8027,35.787],[140.8028,35.7869],[140.8028,35.7868],[140.8029,35.7867],[140.8031,35.7866],[140.8032,35.7865],[140.8033,35.7863],[140.8033,35.7863],[140.8033,35.7862],[140.8034,35.7861],[140.8035,35.7859],[140.8037,35.7857],[140.8039,35.7854],[140.8041,35.7852],[140.8043,35.7848],[140.8046,35.7845],[140.8047,35.7844],[140.8047,35.7844],[140.8048,35.7844],[140.8048,35.7843],[140.8048,35.7843],[140.8048,35.7842],[140.8049,35.7842],[140.8049,35.7841],[140.8049,35.7841],[140.805,35.7841],[140.805,35.784],[140.8051,35.784],[140.8051,35.784],[140.8052,35.784],[140.8052,35.7839],[140.8052,35.7839],[140.8052,35.7838],[140.8053,35.7838],[140.8054,35.7838],[140.8054,35.7837],[140.8056,35.7837],[140.8056,35.7836],[140.8057,35.7836],[140.8057,35.7836],[140.8057,35.7835],[140.8057,35.7835],[140.8057,35.7834],[140.8057,35.7834],[140.8057,35.7834],[140.8057,35.7834],[140.8057,35.7833],[140.8057,35.7833],[140.8057,35.7833],[140.8057,35.7833],[140.8058,35.7833],[140.8058,35.7833],[140.8058,35.7832],[140.8059,35.7832],[140.8059,35.7831],[140.806,35.7831],[140.8061,35.7829],[140.8062,35.7828],[140.8064,35.7827],[140.8067,35.7826],[140.8068,35.7825],[140.8068,35.7825],[140.8069,35.7825],[140.807,35.7825],[140.807,35.7825],[140.8073,35.7826],[140.8075,35.7826],[140.8078,35.7827],[140.8078,35.7827],[140.8078,35.7828],[140.8078,35.7828],[140.8078,35.7828],[140.8078,35.7829],[140.8078,35.7829],[140.8077,35.7829],[140.8077,35.7828],[140.8076,35.7828],[140.8076,35.7828],[140.8076,35.7828],[140.8075,35.7829],[140.8075,35.7829],[140.8075,35.7829],[140.8075,35.783],[140.8075,35.783],[140.8076,35.7831],[140.8077,35.7831],[140.8078,35.7831],[140.8079,35.7831],[140.8081,35.783],[140.8082,35.7829],[140.8083,35.7828],[140.8083,35.7828],[140.8084,35.7827],[140.8085,35.7826],[140.8085,35.7825],[140.8085,35.7824],[140.8085,35.7823],[140.8084,35.7822],[140.8083,35.7821],[140.8083,35.7821],[140.8083,35.7821],[140.8083,35.7821],[140.8083,35.7821],[140.8083,35.7821],[140.8083,35.7821],[140.8082,35.7821],[140.8082,35.7821],[140.8082,35.7821],[140.8081,35.7821],[140.8081,35.7821],[140.8081,35.7821],[140.8081,35.7822],[140.8081,35.7822],[140.8081,35.7822],[140.8081,35.7823],[140.8082,35.7823],[140.8082,35.7823],[140.8082,35.7823],[140.8082,35.7823],[140.8082,35.7824],[140.8082,35.7824],[140.8082,35.7824],[140.8082,35.7824],[140.8082,35.7824],[140.8081,35.7825],[140.8081,35.7825],[140.808,35.7825],[140.808,35.7824],[140.8079,35.7824],[140.8078,35.7823],[140.8077,35.7822],[140.8076,35.7821],[140.8075,35.782],[140.8075,35.7819],[140.8075,35.7818],[140.8075,35.7817],[140.8076,35.7814],[140.8077,35.7812],[140.8077,35.7811],[140.8078,35.781],[140.8079,35.7809],[140.8079,35.7808],[140.808,35.7807],[140.808,35.7806],[140.8081,35.7804],[140.8082,35.7803],[140.8083,35.7801],[140.8083,35.7801],[140.8083,35.7801],[140.8084,35.7801],[140.8085,35.78],[140.8085,35.7799],[140.8086,35.7798],[140.8086,35.7798],[140.8086,35.7797],[140.8086,35.7797],[140.8086,35.7797],[140.8087,35.7796],[140.8087,35.7796],[140.8088,35.7795],[140.8088,35.7795],[140.8088,35.7795],[140.809,35.7793],[140.809,35.7793],[140.8091,35.7793],[140.8091,35.7792],[140.8091,35.7791],[140.8091,35.779],[140.8092,35.779],[140.8092,35.7789],[140.8092,35.7789],[140.8093,35.7788],[140.8093,35.7788],[140.8093,35.7787],[140.8094,35.7787],[140.8094,35.7786],[140.8094,35.7786],[140.8094,35.7786],[140.8095,35.7785],[140.8095,35.7784],[140.8096,35.7784],[140.8096,35.7783],[140.8097,35.7782],[140.8098,35.7782],[140.8098,35.7781],[140.8099,35.7781],[140.8099,35.778],[140.8099,35.778],[140.8099,35.778],[140.8099,35.7779],[140.81,35.7779],[140.81,35.7779],[140.81,35.7779],[140.81,35.7779],[140.8101,35.7778],[140.8101,35.7778],[140.8101,35.7777],[140.8103,35.7774],[140.8104,35.7772],[140.8106,35.777],[140.8107,35.7769],[140.8108,35.7768],[140.8109,35.7768],[140.811,35.7766],[140.8112,35.7765],[140.8112,35.7765],[140.8112,35.7765],[140.8112,35.7765],[140.8112,35.7764],[140.8112,35.7764],[140.8111,35.7764],[140.8111,35.7763],[140.811,35.7763],[140.811,35.7763],[140.811,35.7763],[140.811,35.7763],[140.811,35.7763],[140.8109,35.7764],[140.8109,35.7764],[140.8109,35.7764],[140.8109,35.7764],[140.8109,35.7764],[140.8109,35.7764],[140.8109,35.7763],[140.8109,35.7763],[140.8109,35.7763],[140.8109,35.7762],[140.8109,35.7762],[140.8109,35.7762],[140.8109,35.7761],[140.811,35.7761],[140.811,35.7761],[140.811,35.7761],[140.811,35.7761],[140.811,35.7761],[140.8111,35.7761],[140.8111,35.7762],[140.8111,35.7763],[140.8112,35.7763],[140.8113,35.7764],[140.8113,35.7764],[140.8113,35.7764],[140.8114,35.7763],[140.8114,35.7762],[140.8114,35.7762],[140.8116,35.7761],[140.8116,35.776],[140.8117,35.776],[140.8117,35.7759],[140.8117,35.7759],[140.8118,35.7759],[140.8118,35.7759],[140.8119,35.7758],[140.8119,35.7758],[140.812,35.7757],[140.8121,35.7756],[140.8122,35.7755],[140.8122,35.7755],[140.8123,35.7754],[140.8123,35.7754],[140.8123,35.7753],[140.8124,35.7753],[140.8124,35.7753],[140.8125,35.7752],[140.8127,35.7751],[140.8127,35.775],[140.8127,35.775],[140.8128,35.7749],[140.8129,35.7749],[140.8129,35.7749],[140.813,35.7748],[140.813,35.7748],[140.813,35.7748],[140.8131,35.7748],[140.8131,35.7748],[140.8132,35.7748],[140.8133,35.7748],[140.8134,35.7748],[140.8134,35.7748],[140.8134,35.7749],[140.8135,35.7749],[140.8137,35.775],[140.8137,35.775],[140.8137,35.775],[140.8137,35.775],[140.8138,35.775],[140.8138,35.7751],[140.8138,35.7751],[140.8139,35.7751],[140.8139,35.7751],[140.8139,35.7752],[140.8139,35.7752],[140.8139,35.7752],[140.8139,35.7752],[140.8138,35.7753],[140.8138,35.7753],[140.8138,35.7753],[140.8138,35.7753],[140.8137,35.7753],[140.8136,35.7753],[140.8136,35.7753],[140.8136,35.7753],[140.8135,35.7753],[140.8135,35.7753],[140.8135,35.7753],[140.8135,35.7754],[140.8135,35.7754],[140.8136,35.7754],[140.8136,35.7755],[140.8136,35.7755],[140.8136,35.7755],[140.8137,35.7755],[140.8138,35.7755],[140.8138,35.7755],[140.8139,35.7755],[140.814,35.7755],[140.814,35.7755],[140.8141,35.7754],[140.8141,35.7754],[140.8142,35.7753],[140.8142,35.7753],[140.8143,35.7752],[140.8144,35.7752],[140.8144,35.7751],[140.8144,35.775],[140.8145,35.775],[140.8145,35.775],[140.8145,35.7749],[140.8145,35.7748],[140.8145,35.7748],[140.8145,35.7747],[140.8144,35.7747],[140.8144,35.7746],[140.8143,35.7746],[140.8143,35.7745],[140.8142,35.7745],[140.8142,35.7745],[140.8141,35.7745],[140.8141,35.7745],[140.8141,35.7745],[140.8141,35.7746],[140.8141,35.7746],[140.8141,35.7746],[140.8141,35.7747],[140.8141,35.7747],[140.8142,35.7747],[140.8142,35.7748],[140.8142,35.7748],[140.8142,35.7748],[140.8142,35.7748],[140.8142,35.7748],[140.8141,35.7748],[140.8141,35.7749],[140.814,35.7749],[140.814,35.7749],[140.814,35.7749],[140.8139,35.7748],[140.8139,35.7748],[140.8138,35.7748],[140.8138,35.7748],[140.8138,35.7747],[140.8137,35.7747],[140.8136,35.7747],[140.8136,35.7746],[140.8136,35.7746],[140.8135,35.7746],[140.8135,35.7745],[140.8135,35.7745],[140.8135,35.7744],[140.8135,35.7743],[140.8135,35.7743],[140.8135,35.7743],[140.8136,35.7743],[140.8136,35.7742],[140.8136,35.7742],[140.8136,35.7742],[140.8136,35.7741],[140.8137,35.7741],[140.8137,35.774],[140.8137,35.774],[140.8137,35.7739],[140.8138,35.7738],[140.8138,35.7738],[140.814,35.7736],[140.814,35.7735],[140.8141,35.7735],[140.8141,35.7734],[140.8141,35.7734],[140.8141,35.7734],[140.8142,35.7733],[140.8142,35.7733],[140.8142,35.7733],[140.8143,35.7733],[140.8143,35.7732],[140.8143,35.7732],[140.8143,35.7732],[140.8144,35.7731],[140.8144,35.773],[140.8144,35.773],[140.8145,35.7729],[140.8147,35.7727],[140.8147,35.7726],[140.8148,35.7725],[140.8148,35.7725],[140.8148,35.7724],[140.815,35.7722],[140.8151,35.7721],[140.8152,35.772],[140.8152,35.772],[140.8151,35.772],[140.8149,35.7719],[140.8148,35.7718],[140.8148,35.7717],[140.8149,35.7718],[140.815,35.7719],[140.8152,35.772],[140.8152,35.772],[140.8152,35.772],[140.8154,35.7719],[140.8154,35.7718],[140.8155,35.7717],[140.8155,35.7716],[140.8155,35.7716],[140.8156,35.7715],[140.8157,35.7714],[140.8159,35.7714],[140.816,35.7713],[140.8161,35.7712],[140.8162,35.7711],[140.8162,35.7711],[140.8162,35.771],[140.8165,35.7708],[140.8165,35.7707],[140.8166,35.7706],[140.8166,35.7705],[140.8167,35.7705],[140.8167,35.7704],[140.8167,35.7704],[140.8167,35.7704],[140.8168,35.7703],[140.8169,35.7701],[140.8169,35.77],[140.817,35.7699],[140.8171,35.7698],[140.8172,35.7698],[140.8173,35.7697],[140.8173,35.7697],[140.8173,35.7696],[140.8174,35.7694],[140.8174,35.7693],[140.8174,35.7693],[140.8175,35.7692],[140.8175,35.7691],[140.8176,35.7691],[140.8178,35.769],[140.8178,35.7689],[140.8179,35.7688],[140.818,35.7687],[140.8181,35.7686],[140.8182,35.7685],[140.8184,35.7682],[140.8185,35.768],[140.8186,35.7679],[140.8187,35.7678],[140.8188,35.7678],[140.8189,35.7678],[140.819,35.7677],[140.8191,35.7677],[140.8192,35.7676],[140.8192,35.7675],[140.8193,35.7674],[140.8195,35.7673],[140.8196,35.7673],[140.8198,35.7672],[140.8199,35.7672],[140.82,35.7672],[140.8201,35.7672],[140.8202,35.7673],[140.8203,35.7673],[140.8203,35.7674],[140.8205,35.7674],[140.8204,35.7675],[140.8203,35.7675],[140.8203,35.7675],[140.8202,35.7674],[140.8201,35.7674],[140.8201,35.7674],[140.8201,35.7674],[140.82,35.7675],[140.82,35.7675],[140.82,35.7675],[140.82,35.7675],[140.82,35.7676],[140.82,35.7676],[140.82,35.7676],[140.82,35.7677],[140.8201,35.7677],[140.8201,35.7677],[140.8202,35.7677],[140.8203,35.7677],[140.8203,35.7677],[140.8204,35.7677],[140.8204,35.7677],[140.8205,35.7677],[140.8205,35.7677],[140.8206,35.7677],[140.8206,35.7676],[140.8207,35.7676],[140.8207,35.7675],[140.8208,35.7675],[140.8208,35.7674],[140.8209,35.7674],[140.8209,35.7673],[140.8209,35.7673],[140.821,35.7672],[140.821,35.7672],[140.821,35.7671],[140.821,35.7671],[140.821,35.767],[140.821,35.767],[140.821,35.7669],[140.8209,35.7669],[140.8209,35.7669],[140.8209,35.7668],[140.8208,35.7668],[140.8208,35.7667],[140.8208,35.7667],[140.8207,35.7667],[140.8207,35.7667],[140.8206,35.7667],[140.8206,35.7667],[140.8206,35.7668],[140.8206,35.7668],[140.8206,35.7668],[140.8206,35.7668],[140.8206,35.7668],[140.8206,35.7669],[140.8206,35.7669],[140.8206,35.7669],[140.8207,35.767],[140.8207,35.767],[140.8207,35.7671],[140.8207,35.7671],[140.8205,35.767],[140.8204,35.767],[140.8204,35.767],[140.8203,35.767],[140.8202,35.7669],[140.8201,35.7668],[140.8201,35.7667],[140.8201,35.7667],[140.8201,35.7667],[140.8201,35.7666],[140.8201,35.7665],[140.8202,35.7663],[140.8203,35.7662],[140.8203,35.7661],[140.8203,35.7661],[140.8203,35.766],[140.8204,35.766],[140.8206,35.7658],[140.8207,35.7657],[140.8208,35.7657],[140.8208,35.7656],[140.8209,35.7656],[140.8209,35.7655],[140.8209,35.7655],[140.821,35.7654],[140.821,35.7654],[140.8211,35.7652],[140.8212,35.7651],[140.8213,35.7651],[140.8213,35.7651],[140.8214,35.765],[140.8214,35.765],[140.8216,35.7649],[140.8216,35.7649],[140.8216,35.7648],[140.8217,35.7648],[140.8219,35.7646],[140.822,35.7645],[140.8221,35.7644],[140.8221,35.7644],[140.8221,35.7642],[140.8221,35.7642],[140.8222,35.7642],[140.8225,35.7638],[140.8228,35.7633],[140.8229,35.7632],[140.8231,35.7631],[140.8232,35.7629],[140.8233,35.7629],[140.8233,35.7628],[140.8234,35.7627],[140.8235,35.7626],[140.8236,35.7625],[140.8238,35.7623],[140.8241,35.7619],[140.8242,35.7619],[140.8245,35.7618],[140.8245,35.7617],[140.8245,35.7617],[140.8246,35.7617],[140.8247,35.7616],[140.8247,35.7616],[140.8247,35.7614],[140.8248,35.7612],[140.8249,35.761],[140.8249,35.761],[140.8249,35.761],[140.825,35.7609],[140.825,35.7609],[140.825,35.7608],[140.8252,35.7607],[140.8253,35.7605],[140.8253,35.7605],[140.8254,35.7604],[140.8254,35.7604],[140.8256,35.7603],[140.8256,35.7603],[140.8257,35.7603],[140.8261,35.76],[140.8264,35.7597],[140.8266,35.7595],[140.8268,35.7594],[140.8268,35.7593],[140.8269,35.7593],[140.827,35.7592],[140.8271,35.7592],[140.8272,35.7591],[140.8273,35.7591],[140.8274,35.759],[140.8275,35.7589],[140.8276,35.7588],[140.8277,35.7587],[140.8277,35.7586],[140.8278,35.7584],[140.8278,35.7583],[140.8278,35.7583],[140.8278,35.7583],[140.8278,35.7583],[140.8279,35.7582],[140.8279,35.7582],[140.8282,35.7578],[140.8284,35.7576],[140.8286,35.7575],[140.8286,35.7575],[140.8287,35.7574],[140.8288,35.7572],[140.8289,35.7571],[140.829,35.7571],[140.829,35.7571],[140.829,35.7571],[140.829,35.7571],[140.829,35.7571],[140.8293,35.7573],[140.8296,35.7575],[140.83,35.7577],[140.83,35.7577],[140.83,35.7577],[140.83,35.7577],[140.8301,35.7576],[140.8301,35.7576],[140.8301,35.7576],[140.8298,35.7574],[140.8294,35.7572],[140.8291,35.757],[140.8291,35.757],[140.8292,35.757],[140.8292,35.7569],[140.8293,35.7569],[140.8294,35.7569],[140.8294,35.7568],[140.8296,35.7566],[140.8298,35.7564],[140.8302,35.7561],[140.8303,35.7561],[140.8303,35.7561],[140.8303,35.7561],[140.8304,35.7561],[140.8306,35.756],[140.8306,35.756],[140.8306,35.756],[140.8307,35.756],[140.831,35.7557],[140.8311,35.7556],[140.8315,35.7554],[140.832,35.7551],[140.8323,35.7549],[140.8325,35.7548],[140.8328,35.7546],[140.8331,35.7545],[140.8333,35.7544],[140.8333,35.7544],[140.8333,35.7544],[140.8334,35.7543],[140.8337,35.7542],[140.8339,35.7542],[140.834,35.7541],[140.834,35.7541],[140.8341,35.754],[140.8341,35.754],[140.8341,35.754],[140.8341,35.7539],[140.8342,35.7539],[140.8342,35.7539],[140.8343,35.7539],[140.8343,35.7539],[140.8344,35.7539],[140.8344,35.7539],[140.8345,35.7538],[140.8345,35.7538],[140.8345,35.7538],[140.8346,35.7538],[140.8346,35.7537],[140.8346,35.7537],[140.8346,35.7536],[140.8346,35.7536],[140.8347,35.7536],[140.8347,35.7535],[140.8351,35.7533],[140.8353,35.7532],[140.8354,35.7531],[140.8356,35.7531],[140.8357,35.7531],[140.8358,35.753],[140.8359,35.753],[140.836,35.753],[140.8362,35.753],[140.8363,35.753],[140.8364,35.753],[140.8364,35.753],[140.8364,35.7531],[140.8367,35.7532],[140.8372,35.7535],[140.8373,35.7537],[140.8374,35.7538],[140.8376,35.7538],[140.8379,35.754],[140.8385,35.7544],[140.8385,35.7544],[140.8392,35.755],[140.84,35.7556],[140.84,35.7556],[140.8401,35.7556],[140.8405,35.7559],[140.8417,35.7568],[140.8417,35.7568],[140.8417,35.7568],[140.8407,35.7576],[140.8406,35.7577],[140.8406,35.7577],[140.8405,35.7578],[140.8406,35.7579],[140.8408,35.7577],[140.8409,35.7577],[140.8417,35.7569],[140.8417,35.7569],[140.8418,35.7568],[140.8417,35.7567],[140.8417,35.7566],[140.8402,35.7556],[140.8409,35.755],[140.8415,35.7545],[140.8417,35.7543],[140.8417,35.7543],[140.8421,35.754],[140.8421,35.7539],[140.8425,35.7537],[140.8428,35.7534],[140.8429,35.7533],[140.8429,35.7533],[140.8434,35.7529],[140.8436,35.7527],[140.8436,35.7527],[140.8437,35.7527],[140.8443,35.7528],[140.8447,35.7529],[140.8447,35.7528],[140.8437,35.7526],[140.8436,35.7526],[140.8436,35.7526],[140.8434,35.7524],[140.8429,35.752],[140.8429,35.752],[140.8432,35.7523],[140.8431,35.7524],[140.843,35.7524],[140.843,35.7525],[140.8429,35.7525],[140.8429,35.7525],[140.8427,35.7527],[140.8424,35.753],[140.8423,35.753],[140.8421,35.7532],[140.8417,35.7535],[140.8417,35.7536],[140.8417,35.7536],[140.8409,35.7542],[140.8406,35.7544],[140.8406,35.7544],[140.8405,35.7545],[140.8404,35.7546],[140.8401,35.7548],[140.84,35.7549],[140.8398,35.7548],[140.8396,35.7546],[140.8392,35.7543],[140.839,35.7542],[140.8389,35.7541],[140.8382,35.7536],[140.8379,35.7534],[140.8368,35.7526],[140.8366,35.7525],[140.8366,35.7525],[140.8369,35.7522],[140.8371,35.7523],[140.8379,35.7516],[140.8384,35.7519],[140.8391,35.7524],[140.84,35.7531],[140.8404,35.7527],[140.84,35.7524],[140.8396,35.7521],[140.8395,35.752],[140.8381,35.751],[140.8383,35.7509],[140.8388,35.7504],[140.8392,35.75],[140.8392,35.75],[140.8392,35.75],[140.8395,35.7498],[140.8395,35.7497],[140.8396,35.7497],[140.84,35.75],[140.84,35.75],[140.84,35.75],[140.8407,35.7505],[140.8409,35.7504],[140.841,35.7504],[140.8417,35.751],[140.8417,35.751],[140.8418,35.7511],[140.8418,35.7511],[140.8417,35.7509],[140.8417,35.7509],[140.8416,35.7509],[140.8416,35.7508],[140.8417,35.7508],[140.8417,35.7508],[140.8421,35.7505],[140.842,35.7504],[140.8417,35.7507],[140.8417,35.7507],[140.8416,35.7508],[140.8415,35.7508],[140.841,35.7503],[140.841,35.7503],[140.8411,35.7503],[140.8413,35.7501],[140.8412,35.75],[140.8412,35.75],[140.8412,35.75],[140.8402,35.7491],[140.8398,35.7488],[140.8406,35.7482],[140.8417,35.7473],[140.8417,35.7473],[140.8428,35.7465],[140.8451,35.7485],[140.8434,35.7497],[140.8435,35.75],[140.8435,35.75],[140.8435,35.7504],[140.8437,35.7506],[140.8445,35.75],[140.8445,35.75],[140.8445,35.75],[140.8463,35.7486],[140.8459,35.7482],[140.8459,35.7482],[140.8463,35.7474],[140.8463,35.7474],[140.8463,35.7473],[140.8463,35.7473],[140.8464,35.7472],[140.8476,35.7467],[140.8478,35.7469],[140.8481,35.7472],[140.8486,35.7476],[140.8486,35.7477],[140.8486,35.7477],[140.8486,35.7477],[140.8488,35.7479],[140.8488,35.7482],[140.849,35.7486],[140.8489,35.7486],[140.8488,35.7486],[140.8487,35.7487],[140.8487,35.7487],[140.8486,35.7487],[140.8486,35.7487],[140.8486,35.7487],[140.8486,35.7487],[140.8486,35.7487],[140.8486,35.7487],[140.8486,35.7487],[140.8486,35.7488],[140.8486,35.7488],[140.8487,35.7488],[140.8487,35.7488],[140.8489,35.7487],[140.849,35.7487],[140.849,35.7488],[140.8493,35.75],[140.8493,35.75],[140.8493,35.7501],[140.8494,35.7504],[140.8494,35.7505],[140.849,35.7508],[140.8479,35.7516],[140.8479,35.7516],[140.8476,35.7518],[140.8477,35.7518],[140.8475,35.7519],[140.8475,35.7519],[140.8474,35.752],[140.8474,35.752],[140.847,35.7524],[140.8466,35.7527],[140.8466,35.7528],[140.8463,35.7535],[140.8462,35.7537],[140.8462,35.7537],[140.8462,35.7538],[140.8462,35.7538],[140.8462,35.7538],[140.8462,35.7538],[140.8462,35.7539],[140.846,35.7545],[140.8457,35.7552],[140.8457,35.7552],[140.8457,35.7553],[140.8457,35.7553],[140.8456,35.7555],[140.8456,35.7555],[140.8455,35.7558],[140.8455,35.756],[140.8454,35.756],[140.8454,35.7561],[140.8454,35.7561],[140.8452,35.7568],[140.8452,35.7568],[140.8452,35.7568],[140.8459,35.7583],[140.8459,35.7583],[140.8459,35.7583],[140.8459,35.7585],[140.846,35.7585],[140.8462,35.7587],[140.8463,35.7586],[140.8461,35.7584],[140.846,35.7583],[140.846,35.7583],[140.846,35.7583],[140.8454,35.7568],[140.8457,35.7558],[140.8459,35.7552],[140.8462,35.7541],[140.8464,35.7535],[140.8466,35.753],[140.8467,35.7528],[140.8467,35.7528],[140.8467,35.7527],[140.8471,35.7524],[140.8472,35.7524],[140.8475,35.7521],[140.8475,35.7521],[140.8476,35.752],[140.8476,35.752],[140.8477,35.7519],[140.8477,35.7519],[140.848,35.7517],[140.848,35.7517],[140.8492,35.7508],[140.8494,35.7506],[140.8495,35.7506],[140.8495,35.7504],[140.8494,35.7504],[140.8494,35.75],[140.8494,35.75],[140.8493,35.7496],[140.8489,35.7478],[140.8487,35.7476],[140.8486,35.7476],[140.8481,35.7471],[140.8477,35.7467],[140.85,35.7456],[140.8515,35.7449],[140.852,35.7447],[140.852,35.7447],[140.8518,35.7442],[140.8517,35.7437],[140.8515,35.7431],[140.8512,35.7426],[140.8508,35.7422],[140.8502,35.7417],[140.8502,35.7417],[140.85,35.7415],[140.85,35.7415],[140.8499,35.7414],[140.8491,35.741],[140.848,35.7405],[140.8473,35.7402],[140.846,35.7399],[140.8458,35.7399],[140.8447,35.7397],[140.8438,35.7396],[140.8417,35.7394],[140.8417,35.7394],[140.8402,35.7392],[140.8393,35.7392],[140.8377,35.7391],[140.8348,35.7392],[140.8336,35.7392],[140.8333,35.7393],[140.8333,35.7393],[140.83,35.7393],[140.8273,35.7394],[140.825,35.7394],[140.825,35.7394],[140.8242,35.7394],[140.8237,35.7394],[140.8229,35.7394],[140.822,35.7394],[140.8208,35.7395],[140.82,35.7397],[140.8195,35.7399],[140.8181,35.7404],[140.817,35.7408],[140.8167,35.741],[140.8167,35.741],[140.8154,35.7415],[140.8151,35.7417],[140.8151,35.7417],[140.8135,35.7425],[140.8129,35.7428],[140.8097,35.7445],[140.8083,35.7452],[140.8083,35.7452],[140.8056,35.7468],[140.8044,35.7476],[140.8029,35.7485],[140.801,35.7497],[140.8005,35.75],[140.8005,35.75],[140.8,35.7504],[140.8,35.7504],[140.7996,35.7507],[140.7975,35.752],[140.7958,35.7533],[140.7931,35.7552],[140.792,35.7559],[140.7917,35.7562],[140.7917,35.7562],[140.7911,35.7566],[140.7883,35.7583],[140.7883,35.7583],[140.7882,35.7584],[140.7877,35.7587],[140.7861,35.7597],[140.7833,35.7612],[140.7833,35.7612],[140.7832,35.7613],[140.7831,35.7613],[140.775,35.7659],[140.775,35.7659],[140.7741,35.7665],[140.7737,35.7667],[140.7737,35.7667],[140.7719,35.7677],[140.7673,35.7703],[140.7667,35.7707],[140.7667,35.7707],[140.7649,35.7716],[140.7619,35.7732],[140.7587,35.775],[140.7587,35.775],[140.7583,35.7752],[140.7583,35.7752],[140.7569,35.776],[140.7558,35.7767],[140.7555,35.7768],[140.7515,35.779],[140.75,35.7799],[140.75,35.7799],[140.7493,35.7803],[140.7473,35.7815],[140.7467,35.7818],[140.7451,35.7828],[140.7444,35.7832],[140.7442,35.7833],[140.7442,35.7833],[140.7433,35.784],[140.7423,35.7847],[140.7417,35.7851],[140.7417,35.7851],[140.7417,35.7851],[140.7391,35.7873],[140.7384,35.7878],[140.7345,35.7912],[140.734,35.7917],[140.734,35.7917],[140.7333,35.7923],[140.7333,35.7923],[140.7318,35.7938],[140.7311,35.7945],[140.7304,35.7952],[140.729,35.7966],[140.7268,35.7995],[140.7264,35.8],[140.7264,35.8],[140.7259,35.8007],[140.7253,35.8019],[140.7252,35.8021],[140.725,35.8025],[140.725,35.8025],[140.7245,35.8036],[140.7242,35.8046],[140.7238,35.8056],[140.7235,35.8063],[140.7232,35.8069],[140.7226,35.8083],[140.7226,35.8083],[140.7223,35.8088],[140.7218,35.8102],[140.7217,35.8107],[140.7211,35.8122],[140.7207,35.8135],[140.7202,35.815],[140.7196,35.8167],[140.7196,35.8167],[140.7196,35.8168],[140.7193,35.8176],[140.7183,35.82],[140.7178,35.8214],[140.7176,35.8219],[140.7172,35.8228],[140.7167,35.8238],[140.7167,35.8238],[140.7161,35.8249],[140.716,35.825],[140.716,35.825],[140.715,35.8266],[140.7131,35.8294],[140.713,35.8295],[140.7119,35.8307],[140.7115,35.8312],[140.7095,35.8333],[140.7095,35.8333],[140.7087,35.8342],[140.7083,35.8346],[140.7083,35.8346],[140.707,35.8358],[140.7066,35.8363],[140.7061,35.8366],[140.7042,35.8378],[140.704,35.838],[140.7029,35.8387],[140.7,35.8405],[140.7,35.8405],[140.6996,35.8408],[140.6983,35.8417],[140.6983,35.8417],[140.6972,35.8424],[140.6956,35.8432],[140.694,35.8441],[140.694,35.8441],[140.6917,35.8453],[140.6917,35.8453],[140.6907,35.8459],[140.6868,35.8478],[140.6845,35.8487],[140.6836,35.8491],[140.6833,35.8491],[140.6833,35.8491],[140.6803,35.85],[140.6803,35.85],[140.6797,35.8502],[140.6782,35.8505],[140.6758,35.8513],[140.675,35.8515],[140.675,35.8515],[140.6741,35.8517],[140.6709,35.8524],[140.6667,35.8531],[140.6667,35.8531],[140.6664,35.8532],[140.6645,35.8534],[140.6633,35.8536],[140.663,35.8536],[140.6583,35.8542],[140.6583,35.8542],[140.6559,35.8545],[140.6531,35.855],[140.6523,35.8551],[140.65,35.8554],[140.65,35.8554],[140.6493,35.8555],[140.6478,35.8557],[140.6463,35.8559],[140.6433,35.8561],[140.6417,35.8563],[140.6417,35.8563],[140.6413,35.8564],[140.6411,35.8564],[140.6409,35.8564],[140.6409,35.8565],[140.6381,35.8571],[140.637,35.8574],[140.637,35.8574],[140.6351,35.8579],[140.6351,35.8579],[140.635,35.858],[140.6336,35.8583],[140.6336,35.8583],[140.6333,35.8584],[140.6333,35.8584],[140.6312,35.859],[140.6307,35.8591],[140.6305,35.8595],[140.6302,35.8605],[140.6301,35.861],[140.6296,35.8624],[140.6291,35.8638],[140.6288,35.8647],[140.6285,35.8652],[140.6283,35.8655],[140.6277,35.8663],[140.6273,35.8667],[140.6273,35.8667],[140.6267,35.8674],[140.6255,35.8688],[140.6253,35.869],[140.6252,35.8691],[140.6251,35.8693],[140.625,35.8694],[140.625,35.8694],[140.6242,35.8704],[140.624,35.8706],[140.6225,35.8727],[140.6217,35.8739],[140.6214,35.8743],[140.6213,35.8744],[140.6212,35.8746],[140.6212,35.8747],[140.621,35.875],[140.621,35.875],[140.6209,35.8752],[140.6208,35.8753],[140.6206,35.8755],[140.6206,35.8755],[140.6206,35.8755],[140.6203,35.8757],[140.6202,35.8758],[140.6199,35.876],[140.6194,35.8764],[140.6189,35.8773],[140.6182,35.8788],[140.6177,35.8799],[140.6173,35.8804],[140.6169,35.8808],[140.6167,35.8811],[140.6167,35.8811],[140.6166,35.8812],[140.6165,35.8814],[140.6158,35.8833],[140.6158,35.8833],[140.6157,35.8835],[140.6153,35.8846],[140.6144,35.8866],[140.6133,35.8889],[140.6123,35.8907],[140.6117,35.8917],[140.6117,35.8917],[140.6116,35.8918],[140.6109,35.8926],[140.6099,35.8937],[140.6083,35.8954],[140.6083,35.8954],[140.6083,35.8955],[140.608,35.8958],[140.607,35.8965],[140.6053,35.8976],[140.6043,35.8982],[140.6041,35.8983],[140.603,35.8989],[140.6027,35.8992],[140.6024,35.8997],[140.6023,35.8999],[140.6022,35.9],[140.6022,35.9],[140.6022,35.9],[140.6015,35.9006],[140.6014,35.9007],[140.6,35.902],[140.6,35.902],[140.5999,35.9021],[140.5991,35.9029],[140.5989,35.9032],[140.5985,35.9034],[140.5985,35.9034],[140.5977,35.9036],[140.596,35.9042],[140.5945,35.9045],[140.5917,35.9052],[140.5917,35.9052],[140.5896,35.9057],[140.5894,35.9058],[140.5894,35.9058],[140.5892,35.9059],[140.5887,35.906],[140.5885,35.906],[140.5882,35.9062],[140.5881,35.9064],[140.588,35.9065],[140.5875,35.9073],[140.5875,35.9073],[140.5895,35.9082],[140.5894,35.9083],[140.5894,35.9083],[140.5879,35.9105],[140.5859,35.9095],[140.5852,35.9092],[140.5851,35.9093],[140.5847,35.9099],[140.5841,35.9107],[140.5842,35.9109],[140.5846,35.9111],[140.5847,35.9112],[140.5844,35.9116],[140.5835,35.9128],[140.5833,35.9128],[140.5833,35.9128],[140.5833,35.9129],[140.5832,35.9129],[140.5832,35.9129],[140.5832,35.9129],[140.5831,35.913],[140.5828,35.9138],[140.5824,35.9145],[140.5821,35.9151],[140.5812,35.9165],[140.5811,35.9167],[140.5811,35.9167],[140.5805,35.9173],[140.5802,35.9175],[140.5797,35.918],[140.5789,35.9185],[140.5785,35.9187],[140.5783,35.9187],[140.5779,35.9189],[140.5773,35.9193],[140.5771,35.9194],[140.5764,35.9199],[140.5755,35.9202],[140.5754,35.9202],[140.575,35.9204],[140.575,35.9204],[140.5745,35.9206],[140.5744,35.9206],[140.5742,35.9207],[140.5741,35.9207],[140.5728,35.9212],[140.5726,35.9212],[140.5726,35.9214],[140.5726,35.9215],[140.5726,35.9216],[140.5728,35.9217],[140.5729,35.9217],[140.5737,35.9219],[140.5725,35.9228],[140.5711,35.9237],[140.5706,35.9241],[140.5688,35.925],[140.5688,35.925],[140.5684,35.9252],[140.5667,35.9262],[140.5667,35.9262],[140.5654,35.9269],[140.5648,35.9272],[140.5632,35.9281],[140.5604,35.9294],[140.5591,35.9301],[140.5586,35.9303],[140.5583,35.9304],[140.5583,35.9304],[140.5573,35.9308],[140.5564,35.9311],[140.5558,35.9313],[140.5507,35.9329],[140.55,35.9331],[140.55,35.9331],[140.5494,35.9333],[140.5494,35.9333],[140.5488,35.9335],[140.5485,35.9337],[140.5476,35.934],[140.5456,35.9349],[140.5447,35.9352],[140.5444,35.9354],[140.5417,35.9367],[140.5417,35.9367],[140.5413,35.9368],[140.5383,35.9383],[140.5382,35.9383],[140.5374,35.9387],[140.5369,35.939],[140.5361,35.9394],[140.5349,35.94],[140.534,35.9406],[140.5333,35.9411],[140.5333,35.9411],[140.5326,35.9417],[140.5326,35.9417],[140.5324,35.9418],[140.5323,35.9419],[140.5315,35.9426],[140.5306,35.9435],[140.5291,35.9452],[140.5286,35.946],[140.5281,35.9466],[140.5278,35.947],[140.5276,35.9473],[140.5269,35.9479],[140.5265,35.9482],[140.5261,35.9485],[140.525,35.9494],[140.525,35.9494],[140.5244,35.9499],[140.5243,35.95],[140.5243,35.95],[140.5236,35.9505],[140.5234,35.9506],[140.5219,35.9515],[140.5207,35.9522],[140.5204,35.9524],[140.5183,35.9537],[140.5176,35.9541],[140.5167,35.9548],[140.5167,35.9548],[140.516,35.9552],[140.515,35.956],[140.5141,35.9568],[140.5134,35.9574],[140.5125,35.958],[140.5124,35.9581],[140.5119,35.9583],[140.5119,35.9583],[140.5112,35.9587],[140.511,35.9586],[140.5108,35.9583],[140.5107,35.9583],[140.5103,35.9579],[140.51,35.9577],[140.5099,35.9576],[140.5099,35.9576],[140.5098,35.9576],[140.5096,35.9574],[140.5095,35.9573],[140.5095,35.9573],[140.5091,35.957],[140.5083,35.9562],[140.5083,35.9562],[140.5076,35.9554],[140.5069,35.9547],[140.5056,35.9532],[140.5047,35.9521],[140.5046,35.952],[140.5045,35.9519],[140.5039,35.951],[140.5033,35.95],[140.5033,35.95],[140.5032,35.9499],[140.5026,35.9488],[140.5012,35.9467],[140.5002,35.9452],[140.5,35.9449],[140.5,35.9449],[140.4998,35.9445],[140.4997,35.9444],[140.4996,35.9442],[140.4993,35.9435],[140.4993,35.9428],[140.4992,35.9425],[140.499,35.9417],[140.499,35.9417],[140.499,35.9417],[140.4989,35.9412],[140.4983,35.939],[140.4981,35.9384],[140.4979,35.9379],[140.4979,35.9378],[140.4979,35.9376],[140.4979,35.9374],[140.4978,35.9371],[140.4977,35.9358],[140.4976,35.9351],[140.4976,35.9351],[140.4976,35.9351],[140.4975,35.9344],[140.4973,35.9339],[140.4969,35.9333],[140.4969,35.9333],[140.4967,35.9329],[140.4961,35.9322],[140.4959,35.9319],[140.4955,35.9312],[140.4954,35.9311],[140.495,35.9306],[140.495,35.9306],[140.4945,35.9304],[140.4942,35.9303],[140.4938,35.9303],[140.4933,35.9305],[140.4931,35.9306],[140.4922,35.931],[140.4917,35.9313],[140.4917,35.9313],[140.4911,35.9316],[140.4906,35.9319],[140.4905,35.9319],[140.4903,35.932],[140.4902,35.932],[140.4901,35.932],[140.49,35.932],[140.4898,35.932],[140.4898,35.932],[140.4895,35.9319],[140.4889,35.9316],[140.4889,35.9316],[140.4887,35.9314],[140.4885,35.9311],[140.488,35.9305],[140.4879,35.9303],[140.4877,35.9299],[140.4874,35.9294],[140.4873,35.9288],[140.4872,35.9286],[140.4872,35.9285],[140.4871,35.9283],[140.4871,35.928],[140.487,35.9274],[140.487,35.926],[140.4871,35.9253],[140.4872,35.925],[140.4872,35.925],[140.4873,35.9246],[140.4876,35.9239],[140.4883,35.9224],[140.4889,35.9216],[140.489,35.9213],[140.489,35.9212],[140.4893,35.9205],[140.4895,35.9199],[140.4899,35.9189],[140.4901,35.9186],[140.4902,35.9182],[140.4902,35.9182],[140.4902,35.9181],[140.4903,35.9179],[140.4905,35.9172],[140.4905,35.917],[140.4905,35.9167],[140.4905,35.9167],[140.4906,35.9164],[140.4906,35.9154],[140.4907,35.9152],[140.4907,35.9151],[140.4907,35.915],[140.4908,35.915],[140.491,35.9147],[140.491,35.9147],[140.4916,35.9142],[140.4917,35.9142],[140.4917,35.9141],[140.4921,35.9139],[140.4928,35.9136],[140.4942,35.913],[140.4947,35.9127],[140.4949,35.9127],[140.4949,35.9126],[140.4951,35.9125],[140.4954,35.9121],[140.4957,35.9118],[140.4959,35.9114],[140.496,35.9113],[140.496,35.9112],[140.4961,35.911],[140.4961,35.911],[140.4963,35.9108],[140.4967,35.9105],[140.498,35.9093],[140.4981,35.9092],[140.499,35.9086],[140.4993,35.9083],[140.4993,35.9083],[140.5,35.9078],[140.5,35.9078],[140.5015,35.9068],[140.5027,35.9059],[140.5028,35.9057],[140.5028,35.9056],[140.5028,35.9055],[140.5027,35.9055],[140.5027,35.9055],[140.5023,35.9055],[140.5021,35.9055],[140.5017,35.9055],[140.5005,35.9057],[140.5002,35.9058],[140.5,35.9058],[140.5,35.9058],[140.4985,35.9061],[140.4976,35.9063],[140.4967,35.9065],[140.4938,35.9073],[140.4936,35.9073],[140.4919,35.9078],[140.4917,35.9079],[140.4917,35.9079],[140.4908,35.9081],[140.4908,35.9081],[140.4898,35.9083],[140.4898,35.9083],[140.4895,35.9084],[140.489,35.9085],[140.4875,35.9089],[140.4861,35.9092],[140.4845,35.9097],[140.4838,35.91],[140.4833,35.9102],[140.4833,35.9102],[140.4827,35.9105],[140.4808,35.9118],[140.4802,35.9122],[140.4781,35.9136],[140.476,35.915],[140.4751,35.9156],[140.475,35.9156],[140.475,35.9156],[140.4742,35.9161],[140.4737,35.9167],[140.4737,35.9167],[140.4736,35.9167],[140.4729,35.9175],[140.4727,35.9178],[140.4726,35.918],[140.4723,35.9184],[140.4717,35.9192],[140.4716,35.9192],[140.4716,35.9192],[140.4714,35.9195],[140.4711,35.9197],[140.4709,35.9199],[140.4698,35.9205],[140.4674,35.922],[140.4667,35.9224],[140.4667,35.9224],[140.4667,35.9224],[140.4666,35.9225],[140.4666,35.9226],[140.4662,35.9228],[140.4638,35.924],[140.4618,35.9249],[140.4616,35.925],[140.4616,35.925],[140.4606,35.9255],[140.4598,35.9259],[140.4584,35.9265],[140.4583,35.9265],[140.4583,35.9264],[140.4581,35.9262],[140.4575,35.9262],[140.4564,35.925],[140.4564,35.925],[140.4564,35.925],[140.4562,35.9247],[140.4561,35.9246],[140.4553,35.9235],[140.4541,35.9221],[140.4535,35.9213],[140.4524,35.9199],[140.4521,35.9193],[140.4519,35.9191],[140.4517,35.9189],[140.4515,35.9187],[140.4514,35.9185],[140.4514,35.9185],[140.4513,35.9184],[140.4513,35.9184],[140.4512,35.9183],[140.4509,35.9179],[140.4509,35.9179],[140.4508,35.9178],[140.4507,35.9177],[140.4504,35.9173],[140.45,35.9168],[140.45,35.9168],[140.4499,35.9167],[140.4499,35.9167],[140.4489,35.9155],[140.4485,35.915],[140.4484,35.915],[140.4459,35.9143],[140.4431,35.9137],[140.442,35.9134],[140.4417,35.9133],[140.4417,35.9133],[140.4417,35.9133],[140.441,35.9132],[140.4376,35.9126],[140.4359,35.9121],[140.4348,35.9118],[140.4347,35.9117],[140.4333,35.9111],[140.4333,35.9111],[140.4327,35.9108],[140.432,35.9105],[140.4317,35.9104],[140.4312,35.9101],[140.4302,35.9097],[140.4274,35.9083],[140.4274,35.9083],[140.4261,35.9077],[140.4258,35.9076],[140.425,35.9073],[140.425,35.9073],[140.4248,35.9072],[140.4238,35.9069],[140.4229,35.9067],[140.4217,35.9065],[140.4212,35.9065],[140.4211,35.9064],[140.4196,35.9064],[140.4191,35.9063],[140.419,35.9063],[140.418,35.9064],[140.4169,35.9065],[140.4167,35.9066],[140.4167,35.9066],[140.4167,35.9066],[140.4157,35.9068],[140.4157,35.9068],[140.4145,35.9071],[140.4109,35.9083],[140.4109,35.9083],[140.4105,35.9085],[140.4094,35.9088],[140.4086,35.909],[140.4086,35.909],[140.4084,35.9091],[140.4083,35.9091],[140.4083,35.9091],[140.4076,35.9092],[140.4056,35.9094],[140.4033,35.9094],[140.4018,35.9095],[140.4,35.9094],[140.4,35.9094],[140.3997,35.9094],[140.3996,35.9094],[140.3983,35.9093],[140.3971,35.9091],[140.3965,35.909],[140.394,35.9084],[140.3937,35.9083],[140.3937,35.9083],[140.3917,35.9078],[140.3917,35.9078],[140.3903,35.9074],[140.389,35.9069],[140.3869,35.9062],[140.3856,35.9057],[140.3833,35.9048],[140.3833,35.9048],[140.3826,35.9045],[140.3807,35.9037],[140.379,35.9031],[140.3769,35.9026],[140.3759,35.9024],[140.3759,35.9024],[140.375,35.9022],[140.375,35.9022],[140.374,35.902],[140.3717,35.9015],[140.3699,35.901],[140.3667,35.9002],[140.3667,35.9002],[140.3665,35.9001],[140.3659,35.9],[140.3659,35.9],[140.365,35.8997],[140.364,35.8995],[140.3637,35.8994],[140.3616,35.8986],[140.3592,35.8972],[140.3583,35.8966],[140.3583,35.8966],[140.3581,35.8964],[140.357,35.8956],[140.3559,35.8947],[140.3552,35.8941],[140.355,35.8939],[140.3538,35.8928],[140.3531,35.8919],[140.3529,35.8917],[140.3529,35.8917],[140.352,35.8903],[140.3516,35.8895],[140.3515,35.8893],[140.3507,35.8872],[140.3506,35.8869],[140.35,35.8854],[140.35,35.8854],[140.3499,35.8851],[140.3492,35.8841],[140.3485,35.8833],[140.3485,35.8833],[140.3484,35.8832],[140.3467,35.882],[140.3445,35.8805],[140.3439,35.8801],[140.3419,35.8787],[140.3417,35.8785],[140.3417,35.8785],[140.3404,35.8774],[140.3395,35.8767],[140.3389,35.8761],[140.3387,35.8759],[140.3378,35.875],[140.3378,35.875],[140.3366,35.8738],[140.3363,35.8735],[140.335,35.8724],[140.3333,35.8713],[140.3333,35.8713],[140.3329,35.871],[140.3309,35.8698],[140.3308,35.8698],[140.3294,35.8691],[140.328,35.8684],[140.3274,35.8682],[140.325,35.867],[140.325,35.867],[140.3243,35.8667],[140.3243,35.8667],[140.3235,35.8663],[140.3231,35.8661],[140.3203,35.8649],[140.3202,35.8649],[140.3197,35.8647],[140.3194,35.8646],[140.3186,35.8645],[140.3175,35.8644],[140.3171,35.8643],[140.3167,35.8643],[140.3167,35.8643],[140.313,35.8643],[140.3096,35.8644],[140.3092,35.8645],[140.3083,35.8645],[140.3083,35.8645],[140.3083,35.8645],[140.3069,35.8647],[140.3041,35.8653],[140.3012,35.8663],[140.3,35.8667],[140.3,35.8667],[140.3,35.8667],[140.3,35.8667],[140.3,35.8667],[140.299,35.867],[140.2967,35.8679],[140.2966,35.868],[140.2946,35.8689],[140.294,35.8691],[140.2938,35.8692],[140.2917,35.8703],[140.2917,35.8703],[140.2901,35.871],[140.2894,35.8714],[140.2885,35.8719],[140.2861,35.8729],[140.2845,35.8734],[140.2834,35.8738],[140.2833,35.8738],[140.2833,35.8738],[140.2825,35.8739],[140.2811,35.8741],[140.2797,35.8742],[140.2783,35.874],[140.2762,35.8736],[140.275,35.8731],[140.275,35.8731],[140.2739,35.8727],[140.2736,35.8727],[140.2691,35.871],[140.2673,35.8702],[140.2669,35.87],[140.2667,35.8699],[140.2667,35.8699],[140.2657,35.8693],[140.2642,35.8684],[140.2615,35.8667],[140.2615,35.8667],[140.2613,35.8665],[140.2613,35.8665],[140.2612,35.8665],[140.2606,35.8661],[140.2583,35.8647],[140.2583,35.8647],[140.2572,35.8639],[140.2555,35.8629],[140.2526,35.861],[140.2526,35.861],[140.2522,35.8608],[140.25,35.8594],[140.25,35.8594],[140.2483,35.8583],[140.2483,35.8583],[140.2467,35.8573],[140.245,35.8562],[140.244,35.8556],[140.2436,35.8554],[140.2424,35.8549],[140.2417,35.8546],[140.2417,35.8546],[140.2415,35.8546],[140.2406,35.8544],[140.2398,35.8543],[140.2389,35.8542],[140.2365,35.854],[140.2342,35.854],[140.2333,35.8541],[140.2333,35.8541],[140.2333,35.8541],[140.2326,35.8541],[140.2314,35.8542],[140.2304,35.8545],[140.2291,35.8549],[140.2278,35.8554],[140.2262,35.8562],[140.225,35.8569],[140.225,35.8569],[140.2242,35.8574],[140.2234,35.8578],[140.2229,35.8582],[140.2225,35.8583],[140.2225,35.8583],[140.2202,35.8595],[140.2169,35.861],[140.2167,35.8611],[140.2167,35.8611],[140.2155,35.8616],[140.2144,35.8619],[140.2136,35.862],[140.2123,35.862],[140.2083,35.8616],[140.2083,35.8616],[140.2081,35.8616],[140.207,35.8615],[140.2054,35.8613],[140.2044,35.8611],[140.2031,35.8607],[140.2,35.8595],[140.2,35.8595],[140.1998,35.8594],[140.1991,35.8591],[140.1976,35.8583],[140.1976,35.8583],[140.1969,35.858],[140.1965,35.8577],[140.1935,35.856],[140.1917,35.8547],[140.1917,35.8547],[140.1897,35.8534],[140.1886,35.8527],[140.1882,35.8524],[140.1875,35.8521],[140.1866,35.8518],[140.1844,35.8511],[140.1833,35.8508],[140.1833,35.8508],[140.1812,35.8503],[140.1801,35.85],[140.1801,35.85],[140.1779,35.8494],[140.1778,35.8493],[140.1757,35.8487],[140.175,35.8484],[140.175,35.8484],[140.1743,35.8482],[140.1715,35.847],[140.1704,35.8466],[140.1678,35.8455],[140.1671,35.8453],[140.1667,35.8451],[140.1667,35.8451],[140.1659,35.8449],[140.161,35.8437],[140.1583,35.843],[140.1583,35.843],[140.1581,35.8429],[140.1567,35.8427],[140.1565,35.8427],[140.1556,35.8427],[140.1539,35.8427],[140.1522,35.843],[140.1507,35.8434],[140.15,35.8437],[140.15,35.8437],[140.1499,35.8437],[140.1494,35.8439],[140.1483,35.8445],[140.1465,35.8457],[140.146,35.8462],[140.1456,35.8467],[140.1445,35.8481],[140.1442,35.8484],[140.143,35.85],[140.143,35.85],[140.1425,35.8506],[140.1417,35.8516],[140.1417,35.8516],[140.1412,35.8521],[140.1384,35.8548],[140.1379,35.8553],[140.1372,35.856],[140.1348,35.8583],[140.1348,35.8583],[140.1342,35.8589],[140.1334,35.8599],[140.1333,35.86],[140.1333,35.86],[140.1327,35.8608],[140.1315,35.8626],[140.1308,35.8639],[140.1304,35.8644],[140.1298,35.8655],[140.1292,35.8667],[140.1292,35.8667],[140.1292,35.8667],[140.1281,35.8693],[140.1276,35.8704],[140.1271,35.8709],[140.1267,35.8712],[140.1262,35.8716],[140.125,35.8723],[140.125,35.8723],[140.1246,35.8725],[140.1226,35.8734],[140.1217,35.8737],[140.1172,35.8745],[140.1167,35.8746],[140.1167,35.8746],[140.1162,35.8748],[140.1152,35.875],[140.1152,35.875],[140.1138,35.8753],[140.1117,35.876],[140.1098,35.8769],[140.1089,35.8773],[140.1083,35.8776],[140.1083,35.8776],[140.1066,35.8786],[140.1064,35.8788],[140.1028,35.8807],[140.1009,35.8815],[140.1,35.8818],[140.1,35.8818],[140.0966,35.883],[140.0965,35.883],[140.0954,35.8833],[140.0954,35.8833],[140.0952,35.8834],[140.0928,35.8839],[140.0917,35.8839],[140.0917,35.8839],[140.0881,35.884],[140.0875,35.8839],[140.0866,35.8833],[140.0866,35.8833],[140.0861,35.883],[140.0847,35.8822],[140.0836,35.8817],[140.0833,35.8815],[140.0833,35.8815],[140.0832,35.8815],[140.0825,35.8812],[140.0817,35.8808],[140.0808,35.88],[140.0793,35.8786],[140.0785,35.878],[140.0783,35.8778],[140.0772,35.8774],[140.076,35.877],[140.075,35.8768],[140.075,35.8768],[140.0743,35.8766],[140.0737,35.8767],[140.0721,35.8774],[140.0688,35.8794],[140.0686,35.8795],[140.0681,35.8798],[140.0676,35.8802],[140.0667,35.8808],[140.0667,35.8808],[140.0666,35.8809],[140.0656,35.8821],[140.0655,35.8821],[140.065,35.8827],[140.0645,35.8833],[140.0645,35.8833],[140.064,35.884],[140.0634,35.8847],[140.063,35.8853],[140.0625,35.8859],[140.0622,35.8863],[140.0618,35.8871],[140.0611,35.8881],[140.0603,35.8886],[140.0602,35.8886],[140.059,35.8891],[140.0583,35.8895],[140.0583,35.8895],[140.0581,35.8896],[140.0558,35.8906],[140.0556,35.8907],[140.0537,35.8911],[140.0515,35.8915],[140.05,35.8917],[140.05,35.8917],[140.05,35.8917],[140.05,35.8917],[140.05,35.8917],[140.05,35.8917],[140.0475,35.892],[140.0459,35.8924],[140.0449,35.8928],[140.0437,35.8934],[140.0426,35.8941],[140.0417,35.8948],[140.0417,35.8948],[140.0404,35.8957],[140.0397,35.8962],[140.0389,35.8968],[140.0357,35.8984],[140.0333,35.8995],[140.0333,35.8995],[140.0324,35.9],[140.0324,35.9],[140.0311,35.9006],[140.0284,35.9022],[140.0269,35.9034],[140.0269,35.9034],[140.025,35.9051],[140.025,35.9051],[140.025,35.9051],[140.0242,35.9062],[140.0227,35.9079],[140.0222,35.9083],[140.0222,35.9083],[140.0218,35.9087],[140.0209,35.9092],[140.0209,35.9092],[140.0194,35.9098],[140.0189,35.91],[140.0183,35.9102],[140.0169,35.9106],[140.0167,35.9106],[140.0167,35.9106],[140.0152,35.9109],[140.0132,35.9111],[140.0112,35.911],[140.0096,35.9108],[140.0088,35.9107],[140.0083,35.9106],[140.0083,35.9106],[140.0077,35.9105],[140.0043,35.9097],[140.0022,35.9094],[140.0016,35.9094],[140,35.9092],[140,35.9092],[139.9987,35.9091],[139.9967,35.9092],[139.9952,35.9096],[139.9943,35.9098],[139.9931,35.9103],[139.9917,35.9111],[139.9917,35.9111],[139.9916,35.9112],[139.9897,35.9123],[139.9893,35.9126],[139.9882,35.9133],[139.9879,35.9134],[139.9858,35.9148],[139.9849,35.9155],[139.9839,35.9164],[139.9837,35.9167],[139.9837,35.9167],[139.9833,35.917],[139.9833,35.917],[139.9829,35.9174],[139.9822,35.9182],[139.9817,35.9187],[139.9813,35.9192],[139.9808,35.9199],[139.9803,35.9203],[139.9799,35.9208],[139.9793,35.9213],[139.9791,35.9215],[139.9782,35.9222],[139.9775,35.9227],[139.9763,35.9234],[139.975,35.9239],[139.975,35.9239],[139.975,35.9239],[139.9737,35.9244],[139.9728,35.9247],[139.9721,35.925],[139.9719,35.925],[139.9719,35.925],[139.9717,35.925],[139.9707,35.9252],[139.9697,35.9255],[139.9697,35.9255],[139.9694,35.9256],[139.9678,35.926],[139.9667,35.9264],[139.9667,35.9264],[139.9663,35.9265],[139.9655,35.9267],[139.9648,35.927],[139.9638,35.9275],[139.9632,35.928],[139.9623,35.9286],[139.9613,35.9295],[139.9604,35.9301],[139.9603,35.9302],[139.9593,35.9309],[139.9584,35.9316],[139.9583,35.9316],[139.9583,35.9316],[139.9563,35.9329],[139.9556,35.9333],[139.9556,35.9333],[139.9555,35.9334],[139.9542,35.9342],[139.9529,35.935],[139.9526,35.9354],[139.9519,35.9358],[139.9515,35.9361],[139.9509,35.9365],[139.95,35.9369],[139.95,35.9369],[139.9499,35.9369],[139.9479,35.9377],[139.9454,35.9385],[139.9442,35.9387],[139.9442,35.9387],[139.9424,35.9389],[139.9419,35.9391],[139.9417,35.9392],[139.9417,35.9392],[139.9408,35.9395],[139.9397,35.94],[139.9386,35.9406],[139.938,35.941],[139.9377,35.9412],[139.9373,35.9416],[139.9372,35.9417],[139.9372,35.9417],[139.9365,35.9424],[139.9361,35.9429],[139.9359,35.9431],[139.9355,35.9437],[139.9345,35.945],[139.9337,35.9462],[139.9336,35.9464],[139.9334,35.9468],[139.9333,35.9469],[139.9333,35.9469],[139.9326,35.9483],[139.932,35.95],[139.932,35.95],[139.9317,35.9508],[139.9323,35.9519],[139.9324,35.9521],[139.9326,35.9524],[139.9326,35.9525],[139.9327,35.9525],[139.9327,35.9527],[139.9331,35.9533],[139.9333,35.9537],[139.9333,35.9537],[139.9337,35.9543],[139.9339,35.9549],[139.9339,35.955],[139.9339,35.9551],[139.9338,35.9559],[139.9346,35.9572],[139.9353,35.9574],[139.9354,35.9574],[139.9357,35.958],[139.9359,35.9583],[139.9359,35.9583],[139.9367,35.9598],[139.9372,35.9606],[139.9372,35.9606],[139.9376,35.9613],[139.938,35.962],[139.9381,35.9621],[139.9381,35.9627],[139.938,35.9631],[139.9379,35.9635],[139.9372,35.9651],[139.9368,35.9659],[139.9362,35.9666],[139.9361,35.9667],[139.9361,35.9667],[139.9355,35.9673],[139.9347,35.9679],[139.9346,35.968],[139.9346,35.968],[139.934,35.9684],[139.9333,35.9688],[139.9333,35.9688],[139.9325,35.9694],[139.9323,35.9695],[139.9311,35.9697],[139.9291,35.97],[139.926,35.9704],[139.925,35.9705],[139.925,35.9705],[139.9245,35.9705],[139.9243,35.9705],[139.9238,35.9705],[139.9237,35.9705],[139.9237,35.9705],[139.9237,35.9704],[139.9237,35.9702],[139.9235,35.9702],[139.9199,35.9703],[139.9171,35.9703],[139.9167,35.9703],[139.9167,35.9703],[139.9167,35.9703],[139.9163,35.9704],[139.916,35.9704],[139.9153,35.9706],[139.9141,35.971],[139.9129,35.9714],[139.9124,35.9717],[139.9116,35.9722],[139.9106,35.9728],[139.9101,35.9731],[139.9093,35.9735],[139.9083,35.974],[139.9083,35.974],[139.908,35.9741],[139.9073,35.9744],[139.9059,35.975],[139.9059,35.975],[139.9056,35.9752],[139.9046,35.9756],[139.9033,35.9761],[139.9024,35.9765],[139.9007,35.977],[139.9,35.9773],[139.9,35.9773],[139.8994,35.9775],[139.8986,35.9779],[139.8978,35.9783],[139.8975,35.9785],[139.8969,35.9789],[139.896,35.9794],[139.8951,35.9802],[139.8935,35.9816],[139.8923,35.9826],[139.8918,35.983],[139.8917,35.9831],[139.8917,35.9831],[139.8915,35.9832],[139.8913,35.9833],[139.8913,35.9833],[139.8907,35.9838],[139.8894,35.9847],[139.8891,35.9849],[139.8868,35.9865],[139.8864,35.9869],[139.886,35.9872],[139.885,35.988],[139.8845,35.9886],[139.8842,35.9888],[139.8833,35.9897],[139.8833,35.9897],[139.883,35.9901],[139.8828,35.9904],[139.8826,35.9908],[139.8823,35.9915],[139.8823,35.9917],[139.8823,35.9917],[139.8821,35.9921],[139.8818,35.993],[139.8814,35.9945],[139.8808,35.9964],[139.8805,35.9983],[139.8803,36],[139.8803,36],[139.8803,36.0001],[139.8801,36.001],[139.8799,36.0016],[139.8795,36.0031],[139.8795,36.0032],[139.8793,36.0037],[139.8792,36.0041],[139.879,36.0047],[139.8789,36.0052],[139.8788,36.0055],[139.8787,36.0058],[139.8787,36.006],[139.8785,36.0065],[139.8785,36.0068],[139.8784,36.0073],[139.8783,36.0074],[139.8782,36.0076],[139.8779,36.0083],[139.8779,36.0083],[139.8779,36.0084],[139.8777,36.0088],[139.8776,36.0091],[139.8772,36.0096],[139.877,36.0099],[139.8768,36.0102],[139.8764,36.0106],[139.8762,36.0108],[139.876,36.011],[139.8758,36.0113],[139.8753,36.0116],[139.875,36.0118],[139.875,36.0118],[139.8748,36.012],[139.8743,36.0123],[139.8739,36.0126],[139.8735,36.0129],[139.8726,36.0136],[139.8722,36.014],[139.8718,36.0144],[139.8705,36.0158],[139.8697,36.0167],[139.8697,36.0167],[139.8695,36.0169],[139.8685,36.0179],[139.8679,36.0187],[139.867,36.0196],[139.8667,36.0199],[139.8667,36.0199],[139.8662,36.0203],[139.8615,36.025],[139.8615,36.025],[139.8599,36.0266],[139.8599,36.0267],[139.8583,36.0283],[139.8583,36.0283],[139.8582,36.0284],[139.8576,36.029],[139.8571,36.0294],[139.8564,36.0298],[139.8544,36.0308],[139.8514,36.0321],[139.8501,36.0326],[139.85,36.0327],[139.85,36.0327],[139.8486,36.0333],[139.8486,36.0333],[139.8474,36.0339],[139.8459,36.0347],[139.8446,36.0355],[139.8428,36.0367],[139.8422,36.0371],[139.8417,36.0375],[139.8417,36.0375],[139.8413,36.0377],[139.841,36.038],[139.8403,36.0385],[139.8394,36.0392],[139.8382,36.0402],[139.8372,36.0411],[139.8367,36.0417],[139.8367,36.0417],[139.836,36.0423],[139.8346,36.0437],[139.8346,36.0437],[139.8333,36.0449],[139.8333,36.0449],[139.8332,36.0451],[139.8329,36.0454],[139.8311,36.0471],[139.83,36.0482],[139.8295,36.0486],[139.8283,36.0498],[139.828,36.05],[139.828,36.05],[139.8275,36.0504],[139.8266,36.0513],[139.825,36.0529],[139.825,36.0529],[139.8249,36.053],[139.8234,36.0544],[139.8224,36.0553],[139.8213,36.0562],[139.8202,36.0572],[139.819,36.058],[139.8186,36.0583],[139.8186,36.0583],[139.817,36.0596],[139.8167,36.0599],[139.8167,36.0599],[139.8155,36.0609],[139.8148,36.0614],[139.8148,36.0615],[139.8137,36.0624],[139.813,36.0631],[139.8128,36.0634],[139.8121,36.0643],[139.8117,36.0648],[139.8109,36.0657],[139.8102,36.0666],[139.8102,36.0667],[139.8102,36.0667],[139.8096,36.0677],[139.8089,36.069],[139.8089,36.069],[139.8083,36.0704],[139.8083,36.0704],[139.8083,36.0704],[139.808,36.0715],[139.8077,36.0725],[139.8069,36.075],[139.8069,36.075],[139.8065,36.0763],[139.8064,36.0766],[139.8061,36.0777],[139.8059,36.0782],[139.8056,36.0791],[139.8051,36.0813],[139.8047,36.0828],[139.8046,36.0833],[139.8046,36.0833],[139.8042,36.0852],[139.8042,36.0852],[139.804,36.0861],[139.8039,36.0865],[139.8038,36.0869],[139.8034,36.0877],[139.8033,36.0879],[139.8031,36.0883],[139.8029,36.0889],[139.8023,36.09],[139.8018,36.091],[139.8014,36.0917],[139.8014,36.0917],[139.8012,36.092],[139.8009,36.0924],[139.8006,36.0928],[139.8006,36.0928],[139.8,36.0937],[139.8,36.0937],[139.8,36.0937],[139.7999,36.0938],[139.7994,36.0945],[139.799,36.0949],[139.7988,36.0952],[139.7984,36.0955],[139.7979,36.0959],[139.7975,36.0963],[139.7974,36.0964],[139.7968,36.0969],[139.7962,36.0973],[139.7958,36.0975],[139.7955,36.0977],[139.795,36.0981],[139.7949,36.0981],[139.7936,36.099],[139.793,36.0994],[139.7927,36.0996],[139.7924,36.0998],[139.7922,36.1],[139.7922,36.1],[139.7917,36.1004],[139.7917,36.1004],[139.7894,36.102],[139.7868,36.1041],[139.7863,36.1037],[139.785,36.1027],[139.7842,36.102],[139.7841,36.1019],[139.7838,36.1017],[139.7837,36.1017],[139.7835,36.1016],[139.7833,36.1014],[139.7833,36.1014],[139.7829,36.1012],[139.7825,36.101],[139.7821,36.1008],[139.7818,36.1006],[139.7816,36.1006],[139.7809,36.1002],[139.7807,36.1001],[139.7806,36.1001],[139.7804,36.1],[139.7804,36.1],[139.7803,36.1],[139.78,36.0999],[139.78,36.0998],[139.78,36.0998],[139.7799,36.0998],[139.7796,36.0997],[139.779,36.0994],[139.7785,36.099],[139.7784,36.0988],[139.7783,36.0988],[139.778,36.0986],[139.7775,36.098],[139.7771,36.0974],[139.7768,36.0971],[139.7767,36.0969],[139.7764,36.0965],[139.7763,36.0958],[139.7762,36.0953],[139.7761,36.0948],[139.7761,36.0946],[139.776,36.0939],[139.776,36.0933],[139.776,36.0927],[139.776,36.0922],[139.776,36.0918],[139.776,36.0917],[139.776,36.0917],[139.7761,36.0913],[139.7762,36.0908],[139.7762,36.0908],[139.7762,36.0908],[139.7759,36.0905],[139.7759,36.0905],[139.7755,36.0903],[139.7753,36.0902],[139.7751,36.0901],[139.7751,36.0901],[139.775,36.09],[139.775,36.09],[139.7746,36.0898],[139.7745,36.0897],[139.7742,36.0896],[139.7735,36.0892],[139.7731,36.0889],[139.7728,36.0884],[139.7725,36.088],[139.7722,36.0874],[139.7721,36.0868],[139.7721,36.0865],[139.7722,36.0862],[139.7724,36.0854],[139.7724,36.0853],[139.7725,36.0847],[139.7726,36.0843],[139.7726,36.0841],[139.7726,36.0838],[139.7725,36.0833],[139.7725,36.0833],[139.7725,36.0833],[139.7724,36.0831],[139.7722,36.0826],[139.7719,36.0822],[139.7715,36.0819],[139.7709,36.0815],[139.7703,36.0812],[139.7698,36.081],[139.7694,36.0809],[139.7692,36.0808],[139.7682,36.0806],[139.7676,36.0805],[139.767,36.0804],[139.7667,36.0804],[139.7667,36.0804],[139.7658,36.0804],[139.7655,36.0805],[139.7653,36.0805],[139.7652,36.0805],[139.7652,36.0805],[139.7647,36.0806],[139.7632,36.0809],[139.7628,36.0809],[139.7622,36.081],[139.7609,36.0813],[139.76,36.0815],[139.7595,36.0816],[139.7587,36.0818],[139.7583,36.0819],[139.7583,36.0819],[139.7578,36.0821],[139.7578,36.0821],[139.7572,36.0823],[139.7572,36.0823],[139.757,36.0824],[139.7565,36.0826],[139.7563,36.0826],[139.7557,36.0829],[139.7556,36.083],[139.7549,36.0833],[139.7549,36.0833],[139.7549,36.0833],[139.7547,36.0834],[139.7542,36.0837],[139.7537,36.084],[139.7533,36.0842],[139.7522,36.0848],[139.7513,36.0853],[139.7503,36.0857],[139.7501,36.0858],[139.75,36.0858],[139.75,36.0858],[139.7499,36.0859],[139.7491,36.0862],[139.749,36.0862],[139.7483,36.0864],[139.7481,36.0865],[139.7478,36.0867],[139.7468,36.0871],[139.7463,36.0871],[139.7453,36.0872],[139.745,36.0872],[139.7438,36.0872],[139.7423,36.0872],[139.7417,36.0871],[139.7417,36.0871],[139.7404,36.087],[139.738,36.0867],[139.7379,36.0867],[139.7374,36.0866],[139.7369,36.0865],[139.7368,36.0865],[139.7364,36.0864],[139.7357,36.0864],[139.7357,36.0864],[139.7354,36.0864],[139.7348,36.0863],[139.7347,36.0863],[139.7337,36.0863],[139.7333,36.0864],[139.7333,36.0864],[139.7332,36.0864],[139.7325,36.0864],[139.7318,36.0865],[139.7316,36.0866],[139.7314,36.0866],[139.7308,36.0869],[139.7304,36.0871],[139.7303,36.0873],[139.7298,36.0878],[139.7298,36.0879],[139.7295,36.0885],[139.7293,36.0887],[139.7291,36.089],[139.7283,36.0901],[139.7283,36.0903],[139.7283,36.0905],[139.7283,36.0914],[139.7283,36.0914],[139.7283,36.0915],[139.7283,36.0917],[139.7283,36.0917],[139.7283,36.0917],[139.7282,36.0924],[139.7282,36.0926],[139.7282,36.0927],[139.7282,36.0928],[139.7282,36.0945],[139.7282,36.0946],[139.7282,36.0946],[139.7281,36.095],[139.7281,36.0956],[139.7281,36.0965],[139.7279,36.0983],[139.7276,36.1],[139.7276,36.1],[139.7275,36.1005],[139.7274,36.1019],[139.7273,36.103],[139.7272,36.1039],[139.7272,36.104],[139.7272,36.1041],[139.7271,36.1058],[139.727,36.1069],[139.7271,36.1075],[139.7271,36.1075],[139.727,36.1083],[139.727,36.1083],[139.7269,36.1088],[139.7269,36.1093],[139.7269,36.1097],[139.7268,36.1108],[139.7267,36.1116],[139.7265,36.1121],[139.7264,36.1125],[139.726,36.1131],[139.7258,36.1135],[139.7258,36.1135],[139.7257,36.1137],[139.7257,36.1138],[139.7254,36.1142],[139.725,36.1146],[139.725,36.1147],[139.7248,36.1149],[139.724,36.116],[139.724,36.116],[139.7237,36.1163],[139.7234,36.1167],[139.7234,36.1167],[139.7228,36.1173],[139.7227,36.1174],[139.7226,36.1175],[139.7224,36.1177],[139.7224,36.1177],[139.722,36.1182],[139.7209,36.1193],[139.7193,36.1209],[139.7177,36.1223],[139.7169,36.1229],[139.7167,36.1232],[139.7167,36.1232],[139.7155,36.1243],[139.7152,36.1246],[139.7149,36.1249],[139.7149,36.1249],[139.7148,36.125],[139.7148,36.125],[139.7148,36.125],[139.7146,36.1252],[139.7138,36.126],[139.7136,36.1262],[139.713,36.1272],[139.7125,36.1281],[139.7121,36.1293],[139.712,36.1299],[139.7119,36.1301],[139.7117,36.1306],[139.7114,36.1315],[139.7113,36.1318],[139.7108,36.1329],[139.7107,36.1329],[139.7107,36.1333],[139.7107,36.1333],[139.7106,36.1337],[139.7106,36.1339],[139.7106,36.134],[139.7105,36.1342],[139.7104,36.1349],[139.7101,36.1359],[139.71,36.1362],[139.7096,36.1367],[139.7091,36.1372],[139.709,36.1373],[139.7089,36.1374],[139.7087,36.1376],[139.7083,36.1381],[139.7083,36.1381],[139.7081,36.1383],[139.706,36.1417],[139.706,36.1417],[139.7059,36.1418],[139.7054,36.1425],[139.7052,36.1428],[139.7048,36.1432],[139.7046,36.1435],[139.7044,36.1436],[139.7031,36.145],[139.703,36.1451],[139.702,36.1463],[139.7014,36.1471],[139.7007,36.1481],[139.7,36.1494],[139.7,36.1494],[139.6996,36.15],[139.6996,36.15],[139.6989,36.1513],[139.6987,36.1517],[139.6986,36.1518],[139.6985,36.1519],[139.6985,36.152],[139.6982,36.1533],[139.6982,36.1535],[139.6981,36.1539],[139.698,36.1541],[139.698,36.1541],[139.6975,36.1547],[139.6968,36.1554],[139.6964,36.1559],[139.6961,36.1564],[139.6959,36.1568],[139.6957,36.1571],[139.6956,36.1575],[139.6954,36.158],[139.6953,36.1583],[139.6953,36.1583],[139.6951,36.1591],[139.6948,36.1603],[139.6947,36.1605],[139.6946,36.1619],[139.6945,36.1625],[139.6945,36.1629],[139.6944,36.1637],[139.6944,36.1647],[139.6943,36.1656],[139.6942,36.1658],[139.6942,36.1659],[139.694,36.1664],[139.6939,36.1667],[139.6939,36.1667],[139.6935,36.1673],[139.6925,36.1689],[139.6925,36.169],[139.6925,36.169],[139.692,36.1698],[139.6918,36.1702],[139.6917,36.1708],[139.6917,36.1708],[139.6915,36.1713],[139.6914,36.1717],[139.6912,36.1725],[139.6912,36.1728],[139.6911,36.1734],[139.691,36.1745],[139.6909,36.175],[139.6909,36.175],[139.6909,36.1753],[139.6909,36.1753],[139.691,36.1764],[139.691,36.1767],[139.6911,36.1774],[139.6911,36.1774],[139.6912,36.1788],[139.6913,36.1792],[139.6914,36.1798],[139.6915,36.1807],[139.6916,36.1816],[139.6917,36.1817],[139.6917,36.1818],[139.6917,36.182],[139.6919,36.183],[139.692,36.1833],[139.692,36.1833],[139.692,36.1833],[139.692,36.1834],[139.692,36.1838],[139.6922,36.1843],[139.6922,36.1847],[139.6923,36.185],[139.6925,36.1858],[139.6925,36.1859],[139.6925,36.1861],[139.6928,36.1869],[139.6929,36.1872],[139.6932,36.1878],[139.6932,36.1878],[139.6934,36.1883],[139.6938,36.189],[139.694,36.1894],[139.6942,36.1897],[139.6943,36.1901],[139.6943,36.1905],[139.6943,36.1907],[139.6942,36.1908],[139.6942,36.1908],[139.6942,36.191],[139.694,36.1912],[139.6939,36.1914],[139.6937,36.1917],[139.6937,36.1917],[139.6936,36.1917],[139.6931,36.192],[139.693,36.1921],[139.693,36.1921],[139.6924,36.1925],[139.6919,36.1928],[139.6917,36.193],[139.6917,36.193],[139.6916,36.193],[139.6906,36.1937],[139.6905,36.1938],[139.6895,36.1945],[139.6889,36.1949],[139.6884,36.1954],[139.6881,36.1959],[139.6879,36.1962],[139.6879,36.1964],[139.6877,36.1968],[139.6877,36.1971],[139.6877,36.1977],[139.6877,36.198],[139.6877,36.1981],[139.6878,36.1991],[139.6879,36.1997],[139.688,36.2],[139.688,36.2],[139.688,36.2001],[139.6883,36.2009],[139.6885,36.2013],[139.6888,36.2021],[139.689,36.2025],[139.6895,36.2034],[139.6902,36.2047],[139.6904,36.205],[139.6906,36.2054],[139.6906,36.2054],[139.6911,36.2059],[139.6915,36.2062],[139.6917,36.2062],[139.6917,36.2062],[139.6917,36.2062],[139.692,36.2064],[139.6925,36.2065],[139.6926,36.2065],[139.6931,36.2066],[139.6936,36.2065],[139.6943,36.2063],[139.6948,36.2061],[139.6955,36.2059],[139.696,36.2059],[139.6963,36.2059],[139.6966,36.2059],[139.697,36.2061],[139.6972,36.2061],[139.6976,36.2065],[139.698,36.2065],[139.6982,36.2065],[139.6986,36.2065],[139.6987,36.2064],[139.6987,36.206],[139.6987,36.2058],[139.6986,36.2052],[139.6985,36.2046],[139.6985,36.2043],[139.6986,36.2041],[139.6986,36.204],[139.6986,36.204],[139.6988,36.2039],[139.6991,36.2037],[139.6999,36.2035],[139.7,36.2034],[139.7,36.2034],[139.7003,36.2034],[139.7007,36.2034],[139.7009,36.2033],[139.7012,36.2033],[139.7014,36.2033],[139.7016,36.2035],[139.7019,36.2038],[139.7021,36.204],[139.7022,36.204],[139.7025,36.204],[139.7029,36.2039],[139.7042,36.2035],[139.7048,36.2033],[139.705,36.2031],[139.7051,36.203],[139.7057,36.2024],[139.7059,36.2022],[139.706,36.2021],[139.7063,36.2019],[139.7065,36.2019],[139.7065,36.2021],[139.7066,36.2023],[139.7066,36.2024],[139.7067,36.2026],[139.7068,36.2034],[139.7072,36.2046],[139.7075,36.2053],[139.7077,36.2056],[139.7079,36.2061],[139.708,36.2063],[139.7081,36.2065],[139.7082,36.2065],[139.7083,36.2068],[139.7083,36.2068],[139.7083,36.2068],[139.7084,36.207],[139.7084,36.2071],[139.7084,36.2072],[139.7083,36.2073],[139.7083,36.2073],[139.7082,36.2074],[139.7082,36.2075],[139.7081,36.2077],[139.7081,36.2079],[139.7082,36.2082],[139.7082,36.2083],[139.7082,36.2083],[139.7082,36.2084],[139.7081,36.2087],[139.7079,36.2088],[139.7079,36.2088],[139.7075,36.2088],[139.707,36.2089],[139.7067,36.2089],[139.7066,36.209],[139.7065,36.209],[139.7065,36.2091],[139.7066,36.2092],[139.7066,36.2093],[139.7066,36.2094],[139.7067,36.21],[139.7068,36.2102],[139.7069,36.2104],[139.7069,36.2106],[139.7071,36.2107],[139.7071,36.2107],[139.7074,36.2108],[139.7075,36.2108],[139.7078,36.2107],[139.7078,36.2107],[139.7081,36.2106],[139.7083,36.2105],[139.7083,36.2105],[139.7085,36.2104],[139.709,36.2102],[139.7096,36.21],[139.7102,36.2099],[139.7105,36.2098],[139.7106,36.2099],[139.7108,36.2101],[139.7109,36.2103],[139.711,36.2104],[139.7113,36.2104],[139.7116,36.2103],[139.712,36.2102],[139.712,36.2102],[139.7123,36.2102],[139.7125,36.2101],[139.713,36.21],[139.7133,36.2099],[139.7138,36.2098],[139.7141,36.2098],[139.7142,36.2099],[139.7142,36.2099],[139.7143,36.2101],[139.7144,36.2101],[139.7148,36.21],[139.7148,36.21],[139.7152,36.2099],[139.7153,36.2099],[139.7156,36.2097],[139.7158,36.2097],[139.7159,36.2097],[139.716,36.2097],[139.716,36.2099],[139.7161,36.2102],[139.7162,36.2106],[139.7163,36.2108],[139.7164,36.2109],[139.7164,36.2109],[139.7165,36.211],[139.7167,36.2111],[139.7167,36.2111],[139.7169,36.2112],[139.7173,36.2113],[139.7173,36.2114],[139.7175,36.2115],[139.7176,36.2115],[139.7178,36.2115],[139.718,36.2114],[139.7182,36.2114],[139.7185,36.2114],[139.7187,36.2114],[139.7188,36.2114],[139.719,36.2115],[139.7193,36.2115],[139.7201,36.2113],[139.7202,36.2113],[139.7201,36.211],[139.7201,36.211],[139.7202,36.2108],[139.7201,36.2104],[139.7201,36.2103],[139.7201,36.2102],[139.72,36.2101],[139.72,36.2099],[139.72,36.2099],[139.72,36.2098],[139.7199,36.2097],[139.7199,36.2096],[139.72,36.2092],[139.7202,36.2086],[139.7202,36.2083],[139.7202,36.2083],[139.7202,36.2083],[139.7202,36.2082],[139.72,36.208],[139.7199,36.208],[139.72,36.2078],[139.7201,36.2077],[139.7205,36.2076],[139.7212,36.2073],[139.7218,36.2071],[139.722,36.2071],[139.723,36.2069],[139.7236,36.2067],[139.7242,36.2066],[139.7246,36.2065],[139.725,36.2064],[139.725,36.2064],[139.7254,36.2064],[139.7263,36.2062],[139.7274,36.2059],[139.7275,36.2058],[139.7273,36.2053],[139.727,36.2044],[139.7269,36.2043],[139.7268,36.2041],[139.7269,36.2038],[139.7269,36.2037],[139.7269,36.2036],[139.727,36.2034],[139.727,36.2033],[139.7271,36.203],[139.7272,36.2025],[139.7273,36.2021],[139.7273,36.202],[139.7272,36.2019],[139.7273,36.2018],[139.7274,36.2017],[139.7275,36.2016],[139.7281,36.2019],[139.7281,36.2019],[139.7283,36.202],[139.7287,36.2021],[139.729,36.2023],[139.7292,36.2024],[139.7295,36.2025],[139.7298,36.2027],[139.7299,36.2028],[139.7301,36.2029],[139.7304,36.2031],[139.7305,36.2031],[139.7312,36.2035],[139.7319,36.2038],[139.7326,36.2041],[139.7333,36.2044],[139.7333,36.2044],[139.7337,36.2046],[139.7349,36.2051],[139.7358,36.2056],[139.736,36.2056],[139.7362,36.2055],[139.7364,36.2055],[139.7371,36.2058],[139.7379,36.2061],[139.7387,36.2065],[139.7389,36.2065],[139.7391,36.2067],[139.7394,36.2068],[139.7397,36.207],[139.7402,36.2072],[139.7402,36.2073],[139.7407,36.2076],[139.7417,36.2083],[139.7417,36.2083],[139.7418,36.2083],[139.7418,36.2083],[139.7418,36.2084],[139.7421,36.2085],[139.7427,36.2087],[139.7438,36.2091],[139.7446,36.2094],[139.7451,36.2097],[139.7454,36.2099],[139.7459,36.2103],[139.7463,36.2105],[139.7464,36.2106],[139.7464,36.2106],[139.7468,36.2109],[139.7475,36.211],[139.748,36.211],[139.7482,36.2111],[139.7483,36.2111],[139.7484,36.2112],[139.7486,36.2113],[139.7496,36.2119],[139.75,36.2121],[139.75,36.2121],[139.7505,36.2124],[139.7516,36.2131],[139.752,36.2133],[139.7523,36.2135],[139.7526,36.2137],[139.7531,36.2141],[139.7536,36.2143],[139.7539,36.2145],[139.7542,36.2146],[139.7544,36.2148],[139.7546,36.215],[139.7553,36.2155],[139.756,36.2161],[139.7565,36.2167],[139.7565,36.2167],[139.7568,36.217],[139.7568,36.217],[139.7575,36.2177],[139.7579,36.2181],[139.758,36.2181],[139.758,36.2182],[139.7582,36.2183],[139.7583,36.2183],[139.7583,36.2183],[139.7584,36.2184],[139.7586,36.2185],[139.7595,36.219],[139.7599,36.2191],[139.76,36.2192],[139.7608,36.2195],[139.7615,36.2197],[139.762,36.2198],[139.7626,36.22],[139.7639,36.2204],[139.7664,36.2212],[139.7665,36.2213],[139.7667,36.2213],[139.7667,36.2213],[139.768,36.2218],[139.7695,36.2222],[139.7701,36.2224],[139.7706,36.2225],[139.7713,36.2228],[139.7718,36.223],[139.7722,36.2232],[139.7722,36.2232],[139.7723,36.2232],[139.7724,36.2233],[139.7725,36.2234],[139.773,36.2236],[139.7733,36.2237],[139.7736,36.2237],[139.7737,36.2237],[139.7743,36.2237],[139.7746,36.2236],[139.7748,36.2237],[139.7749,36.2238],[139.775,36.2239],[139.775,36.2239],[139.7752,36.2241],[139.7753,36.2241],[139.7755,36.2243],[139.7758,36.2244],[139.7765,36.2245],[139.7771,36.2247],[139.7776,36.2248],[139.7779,36.225],[139.7779,36.225],[139.7783,36.2252],[139.7798,36.226],[139.7809,36.2265],[139.7811,36.2265],[139.7814,36.2265],[139.7816,36.2265],[139.7817,36.2265],[139.7821,36.2267],[139.7825,36.2268],[139.7826,36.2268],[139.7828,36.2268],[139.7831,36.2265],[139.7833,36.2265],[139.7833,36.2265],[139.7833,36.2265],[139.7834,36.2265],[139.7836,36.2266],[139.7838,36.2266],[139.7842,36.2267],[139.785,36.2267],[139.7851,36.2268],[139.7854,36.2271],[139.7854,36.2275],[139.7855,36.2277],[139.7857,36.2278],[139.7862,36.228],[139.7864,36.2281],[139.7875,36.2284],[139.7883,36.2286],[139.7895,36.229],[139.7908,36.2295],[139.7917,36.2297],[139.7917,36.2297],[139.7926,36.23],[139.7936,36.2304],[139.7957,36.2311],[139.7964,36.2313],[139.7966,36.2314],[139.7978,36.2318],[139.7996,36.2324],[139.7998,36.2325],[139.8,36.2325],[139.8,36.2325],[139.8002,36.2326],[139.8011,36.2328],[139.8015,36.233],[139.8017,36.233],[139.802,36.2331],[139.8026,36.2333],[139.8026,36.2333],[139.8029,36.2334],[139.8031,36.2335],[139.8038,36.2338],[139.8043,36.2339],[139.8054,36.2343],[139.8056,36.2344],[139.8072,36.2349],[139.8083,36.2353],[139.8083,36.2353],[139.8085,36.2353],[139.8087,36.2354],[139.8098,36.2358],[139.8113,36.2363],[139.8133,36.237],[139.8136,36.2371],[139.815,36.2375],[139.8156,36.2377],[139.8156,36.2377],[139.816,36.2378],[139.8167,36.2381],[139.8167,36.2381],[139.8169,36.2381],[139.8182,36.2385],[139.8193,36.2389],[139.8204,36.2393],[139.8209,36.2394],[139.8214,36.2396],[139.8216,36.2397],[139.8218,36.2398],[139.8219,36.2398],[139.8219,36.2399],[139.822,36.2399],[139.822,36.2405],[139.822,36.2407],[139.8221,36.2408],[139.8221,36.2414],[139.8223,36.2417],[139.8223,36.2417],[139.8223,36.2418],[139.8226,36.2422],[139.8228,36.2425],[139.8232,36.243],[139.8237,36.2436],[139.8245,36.2446],[139.8247,36.2449],[139.825,36.2452],[139.825,36.2452],[139.8252,36.2455],[139.8259,36.2464],[139.8265,36.247],[139.8267,36.2473],[139.8268,36.2476],[139.827,36.2481],[139.8271,36.2483],[139.8274,36.2489],[139.8277,36.2496],[139.8278,36.25],[139.8278,36.25],[139.828,36.2506],[139.8284,36.2516],[139.8287,36.2526],[139.8288,36.2532],[139.8291,36.255],[139.8294,36.2563],[139.8296,36.2573],[139.8298,36.2581],[139.8298,36.2583],[139.8298,36.2583],[139.8299,36.2588],[139.8303,36.2606],[139.8305,36.2614],[139.8307,36.262],[139.8311,36.2633],[139.8311,36.2635],[139.8316,36.2646],[139.8319,36.2651],[139.832,36.2652],[139.8323,36.2655],[139.8331,36.2666],[139.8332,36.2667],[139.8332,36.2667],[139.8333,36.2669],[139.8333,36.2669],[139.8337,36.2674],[139.8339,36.2677],[139.8346,36.2698],[139.835,36.2704],[139.836,36.2714],[139.8378,36.2729],[139.8385,36.2735],[139.8391,36.2739],[139.8398,36.2743],[139.8408,36.275],[139.8408,36.275],[139.8413,36.2753],[139.8416,36.2758],[139.8417,36.2759],[139.8417,36.2759],[139.8417,36.2759],[139.8417,36.2773],[139.8417,36.2775],[139.8417,36.2775],[139.8414,36.2783],[139.8413,36.2786],[139.8407,36.2798],[139.8397,36.2816],[139.8387,36.2833],[139.8387,36.2833],[139.8387,36.2834],[139.8382,36.2843],[139.838,36.2846],[139.8378,36.2851],[139.8372,36.2861],[139.8367,36.2871],[139.8366,36.2873],[139.8362,36.2884],[139.8357,36.29],[139.8353,36.2914],[139.8352,36.2917],[139.8352,36.2917],[139.8352,36.2918],[139.8352,36.2918],[139.8353,36.2928],[139.8354,36.2935],[139.8356,36.2941],[139.837,36.296],[139.837,36.296],[139.8374,36.2963],[139.8376,36.2967],[139.838,36.2971],[139.8382,36.2974],[139.8382,36.2974],[139.8386,36.2983],[139.8388,36.2988],[139.839,36.2993],[139.8391,36.2994],[139.8395,36.3],[139.8395,36.3],[139.8395,36.3],[139.8395,36.3002],[139.8399,36.3004],[139.8404,36.3004],[139.8408,36.3007],[139.841,36.301],[139.8416,36.3013],[139.8417,36.3014],[139.8417,36.3015],[139.8417,36.3016],[139.8419,36.3019],[139.8422,36.3022],[139.8423,36.3024],[139.8425,36.3031],[139.8424,36.3034],[139.8427,36.3036],[139.8429,36.3044],[139.843,36.3044],[139.8432,36.3046],[139.8436,36.3047],[139.8439,36.3049],[139.844,36.3053],[139.844,36.3055],[139.844,36.3056],[139.8441,36.3056],[139.8442,36.3057],[139.8443,36.3057],[139.8444,36.3057],[139.8446,36.3058],[139.8446,36.3058],[139.8447,36.3058],[139.8447,36.3061],[139.8449,36.3062],[139.8453,36.3064],[139.8454,36.3072],[139.8455,36.3079],[139.8456,36.3081],[139.8459,36.3082],[139.8461,36.3083],[139.8461,36.3083],[139.8462,36.3085],[139.8464,36.3087],[139.8466,36.3088],[139.8467,36.309],[139.8466,36.3091],[139.8466,36.3092],[139.8469,36.3094],[139.8472,36.3097],[139.8473,36.3099],[139.8478,36.3102],[139.848,36.3105],[139.848,36.3107],[139.849,36.3115],[139.8494,36.3116],[139.85,36.3118],[139.85,36.3118],[139.85,36.3118],[139.8502,36.3118],[139.8523,36.3114],[139.8532,36.3113],[139.8534,36.3113],[139.8535,36.3112],[139.854,36.3107],[139.8547,36.3107],[139.8548,36.3107],[139.8555,36.3107],[139.8569,36.3105],[139.8569,36.3106],[139.8569,36.3107],[139.8572,36.3106],[139.8575,36.3106],[139.858,36.3107],[139.8583,36.311],[139.8583,36.311],[139.8585,36.3111],[139.8589,36.3114],[139.8592,36.3115],[139.8626,36.3131],[139.8637,36.3146],[139.8642,36.3152],[139.8647,36.3156],[139.8648,36.3155],[139.865,36.3154],[139.8651,36.3154],[139.8652,36.3155],[139.8663,36.3148],[139.8663,36.3148],[139.8667,36.3145],[139.8667,36.3145],[139.8674,36.3139],[139.8678,36.314],[139.8683,36.3144],[139.8685,36.3144],[139.8692,36.3139],[139.8695,36.3138],[139.8697,36.3138],[139.8698,36.3138],[139.8701,36.3138],[139.8705,36.3141],[139.8707,36.3144],[139.8707,36.3148],[139.8709,36.3151],[139.8713,36.3151],[139.8717,36.315],[139.8721,36.315],[139.8725,36.3151],[139.8725,36.3154],[139.8725,36.316],[139.8725,36.316],[139.8724,36.3166],[139.8724,36.3167],[139.8724,36.3167],[139.8724,36.3171],[139.8724,36.3172],[139.8723,36.3173],[139.8723,36.3175],[139.8725,36.3177],[139.8727,36.3179],[139.8723,36.318],[139.8722,36.3181],[139.8721,36.3182],[139.8732,36.3194],[139.8736,36.3199],[139.8737,36.3201],[139.8743,36.3207],[139.8745,36.3209],[139.8749,36.3208],[139.875,36.3207],[139.875,36.3207],[139.8752,36.3206],[139.8753,36.3208],[139.8752,36.321],[139.8752,36.3213],[139.875,36.3218],[139.875,36.3218],[139.875,36.3219],[139.8749,36.3223],[139.8747,36.323],[139.8747,36.3232],[139.875,36.3231],[139.875,36.3231],[139.8766,36.323],[139.8778,36.3229],[139.8789,36.3228],[139.8791,36.3228],[139.8793,36.3229],[139.8797,36.3231],[139.8802,36.323],[139.8807,36.323],[139.8809,36.3229],[139.8811,36.3227],[139.8812,36.3227],[139.8814,36.3226],[139.8817,36.3224],[139.8819,36.3221],[139.8821,36.3218],[139.8824,36.3215],[139.8826,36.3212],[139.8826,36.3211],[139.8826,36.3209],[139.8826,36.3206],[139.8825,36.3204],[139.8825,36.3202],[139.8824,36.3198],[139.8824,36.3197],[139.8824,36.3196],[139.8823,36.3193],[139.8821,36.3191],[139.8821,36.3191],[139.8819,36.3188],[139.8817,36.3186],[139.8817,36.3186],[139.8816,36.3186],[139.881,36.318],[139.8808,36.3178],[139.8806,36.3174],[139.8806,36.3174],[139.8804,36.3172],[139.8801,36.3168],[139.8801,36.3167],[139.8801,36.3167],[139.8801,36.3166],[139.88,36.3162],[139.88,36.3161],[139.8799,36.316],[139.8796,36.3157],[139.8795,36.3157],[139.8793,36.3154],[139.8789,36.3148],[139.8787,36.3144],[139.8785,36.314],[139.8784,36.3133],[139.8784,36.3131],[139.8783,36.3128],[139.8784,36.3122],[139.8785,36.3115],[139.8785,36.3112],[139.8786,36.311],[139.8787,36.3108],[139.8788,36.3107],[139.8791,36.3105],[139.8791,36.3105],[139.8793,36.3104],[139.8799,36.31],[139.8801,36.3098],[139.8804,36.3096],[139.8806,36.3095],[139.8807,36.3095],[139.8809,36.3095],[139.8812,36.3096],[139.8815,36.3096],[139.8818,36.3098],[139.882,36.3099],[139.8821,36.31],[139.8824,36.3103],[139.8824,36.3105],[139.8824,36.3105],[139.8825,36.3105],[139.8826,36.3106],[139.8827,36.3107],[139.8829,36.3107],[139.8831,36.3108],[139.8833,36.311],[139.8833,36.311],[139.8833,36.3111],[139.8835,36.3112],[139.8837,36.3113],[139.8839,36.3115],[139.884,36.3116],[139.884,36.3116],[139.8842,36.3117],[139.8845,36.3118],[139.8847,36.3119],[139.8851,36.3119],[139.8853,36.3119],[139.8854,36.3118],[139.8855,36.3118],[139.8858,36.3116],[139.886,36.3116],[139.8863,36.3116],[139.8865,36.3115],[139.8868,36.3115],[139.8872,36.3115],[139.8875,36.3114],[139.8877,36.3113],[139.8879,36.3112],[139.8882,36.3111],[139.8883,36.311],[139.8884,36.311],[139.8887,36.3109],[139.8894,36.3107],[139.8894,36.3107],[139.8896,36.3107],[139.8897,36.3106],[139.89,36.3105],[139.8903,36.3103],[139.8904,36.3103],[139.8904,36.3103],[139.8907,36.3101],[139.8907,36.31],[139.8907,36.31],[139.8909,36.3099],[139.891,36.3097],[139.8914,36.3093],[139.8914,36.3093],[139.8917,36.3091],[139.8917,36.3091],[139.8917,36.3091],[139.8918,36.3091],[139.8919,36.3091],[139.8925,36.3092],[139.8931,36.3093],[139.8935,36.3094],[139.8936,36.3095],[139.8941,36.3096],[139.8945,36.3097],[139.8947,36.3094],[139.8949,36.3092],[139.895,36.3091],[139.8951,36.309],[139.8957,36.3093],[139.8959,36.3094],[139.8962,36.3096],[139.8966,36.3098],[139.8968,36.3096],[139.8972,36.309],[139.8974,36.3087],[139.8975,36.3085],[139.8976,36.3083],[139.8976,36.3083],[139.8978,36.308],[139.8984,36.3072],[139.899,36.3064],[139.8991,36.3063],[139.8985,36.306],[139.8984,36.3059],[139.8982,36.3057],[139.8977,36.3053],[139.8976,36.3052],[139.8973,36.305],[139.8971,36.3049],[139.8962,36.3044],[139.8958,36.3043],[139.8954,36.3043],[139.8952,36.3044],[139.895,36.3045],[139.8947,36.3046],[139.8943,36.3043],[139.8942,36.304],[139.8942,36.3031],[139.8942,36.3026],[139.8943,36.3019],[139.8953,36.3019],[139.8953,36.3008],[139.8953,36.3007],[139.8957,36.3007],[139.8961,36.3006],[139.8964,36.3005],[139.8967,36.3003],[139.8968,36.3003],[139.897,36.3002],[139.8975,36.3001],[139.8977,36.3001],[139.8982,36.3002],[139.8984,36.3002],[139.8984,36.3002],[139.8985,36.3003],[139.8986,36.3004],[139.8989,36.3005],[139.899,36.3006],[139.8993,36.3006],[139.8993,36.3008],[139.8993,36.301],[139.8994,36.3012],[139.8998,36.3014],[139.8999,36.3015],[139.8999,36.3014],[139.8999,36.3012],[139.9,36.301],[139.8999,36.3009],[139.8998,36.3008],[139.8998,36.3007],[139.8999,36.3006],[139.9,36.3007],[139.9,36.3007],[139.9001,36.3007],[139.9002,36.3007],[139.9004,36.3007],[139.9004,36.3006],[139.9004,36.3006],[139.9002,36.3005],[139.9002,36.3004],[139.9003,36.3003],[139.9005,36.3002],[139.9005,36.3],[139.9005,36.3],[139.9005,36.3],[139.9006,36.2991],[139.9007,36.299],[139.9012,36.299],[139.9019,36.299],[139.9019,36.2988],[139.9019,36.2986],[139.9027,36.2986],[139.903,36.2986],[139.9037,36.2986],[139.9043,36.2979],[139.9044,36.298],[139.9055,36.2986],[139.9057,36.2987],[139.9058,36.2987],[139.9065,36.2991],[139.9069,36.2993],[139.9074,36.2996],[139.9076,36.2997],[139.9083,36.3],[139.9083,36.3],[139.9083,36.3],[139.9083,36.3],[139.9084,36.3],[139.9086,36.3001],[139.9088,36.3002],[139.9091,36.3004],[139.9097,36.3007],[139.91,36.3008],[139.91,36.3008],[139.9103,36.3009],[139.9104,36.3009],[139.9108,36.3012],[139.9114,36.3022],[139.9119,36.3029],[139.9121,36.3033],[139.9125,36.304],[139.9127,36.3043],[139.9137,36.3059],[139.9143,36.307],[139.9148,36.3079],[139.9148,36.308],[139.9149,36.3083],[139.9149,36.3083],[139.9149,36.3084],[139.915,36.3087],[139.9151,36.309],[139.915,36.3095],[139.915,36.3097],[139.9149,36.3098],[139.9147,36.3099],[139.9141,36.3099],[139.9127,36.3099],[139.9119,36.3098],[139.9112,36.3098],[139.9106,36.3098],[139.9105,36.3098],[139.9103,36.3098],[139.9103,36.3101],[139.9104,36.3107],[139.9104,36.3109],[139.9106,36.312],[139.9107,36.3128],[139.9107,36.3131],[139.9108,36.3133],[139.9108,36.3135],[139.9112,36.3164],[139.9113,36.3167],[139.9113,36.3167],[139.9116,36.3186],[139.9116,36.3186],[139.9116,36.3189],[139.9116,36.319],[139.9117,36.3194],[139.9117,36.3197],[139.9118,36.3201],[139.9123,36.3231],[139.9126,36.325],[139.9126,36.325],[139.9126,36.325],[139.9127,36.3255],[139.9127,36.3262],[139.9127,36.3267],[139.9126,36.3271],[139.9127,36.3274],[139.9127,36.3276],[139.9126,36.3278],[139.9125,36.3281],[139.9125,36.3284],[139.9125,36.3285],[139.9124,36.3287],[139.9123,36.3293],[139.9122,36.3298],[139.912,36.3304],[139.9119,36.3308],[139.9117,36.3313],[139.9117,36.3315],[139.9117,36.3319],[139.9116,36.3321],[139.9117,36.3326],[139.9118,36.3329],[139.9119,36.3331],[139.912,36.3333],[139.912,36.3333],[139.912,36.3334],[139.9124,36.3341],[139.913,36.335],[139.9139,36.336],[139.9141,36.3363],[139.9141,36.3364],[139.9142,36.3365],[139.9143,36.3367],[139.9145,36.3368],[139.9149,36.3368],[139.9152,36.3369],[139.9158,36.3369],[139.9164,36.3371],[139.9167,36.3373],[139.9167,36.3373],[139.9174,36.3376],[139.9183,36.3382],[139.9188,36.3387],[139.9189,36.3388],[139.9191,36.3391],[139.9194,36.3394],[139.9197,36.3396],[139.9208,36.3403],[139.9211,36.3405],[139.9211,36.3405],[139.9217,36.3408],[139.922,36.3411],[139.9224,36.3415],[139.9227,36.3416],[139.9229,36.3416],[139.9231,36.3416],[139.9237,36.3417],[139.9237,36.3417],[139.9238,36.3417],[139.9239,36.3417],[139.9241,36.3417],[139.9241,36.3417],[139.9243,36.3417],[139.925,36.3417],[139.925,36.3418],[139.925,36.3418],[139.9253,36.3418],[139.9267,36.3423],[139.9272,36.3424],[139.9274,36.3424],[139.9276,36.3425],[139.9278,36.343],[139.9286,36.3432],[139.9292,36.3433],[139.9294,36.3433],[139.9306,36.3434],[139.9319,36.3433],[139.932,36.3435],[139.933,36.3436],[139.9332,36.3436],[139.9333,36.3436],[139.9333,36.3436],[139.9339,36.3436],[139.9344,36.3435],[139.9351,36.3435],[139.9353,36.3441],[139.9352,36.3454],[139.9364,36.3456],[139.9368,36.3457],[139.937,36.3457],[139.9383,36.346],[139.9386,36.3461],[139.9395,36.3463],[139.9407,36.3465],[139.9411,36.3466],[139.9417,36.3466],[139.9417,36.3466],[139.9419,36.3466],[139.9421,36.3467],[139.9424,36.3467],[139.9433,36.3468],[139.9438,36.3469],[139.9438,36.348],[139.9452,36.348],[139.9452,36.3487],[139.9461,36.3487],[139.9462,36.3492],[139.9472,36.3492],[139.9479,36.3492],[139.9479,36.3494],[139.9488,36.3494],[139.9496,36.3494],[139.95,36.3495],[139.95,36.3495],[139.9503,36.3495],[139.9503,36.3497],[139.9521,36.3498],[139.9522,36.35],[139.9524,36.35],[139.9536,36.35],[139.9536,36.35],[139.9547,36.35],[139.9557,36.3501],[139.9583,36.3501],[139.9583,36.3501],[139.9585,36.3501],[139.9583,36.3507],[139.9583,36.3508],[139.9583,36.3508],[139.9583,36.3508],[139.9583,36.3508],[139.9591,36.3509],[139.9599,36.3509],[139.9599,36.3509],[139.9607,36.351],[139.9608,36.351],[139.9608,36.351],[139.9611,36.351],[139.9615,36.3509],[139.9645,36.3509],[139.9646,36.3514],[139.9648,36.3518],[139.9649,36.3523],[139.9648,36.3535],[139.9648,36.354],[139.9647,36.3545],[139.9646,36.3547],[139.9647,36.3551],[139.9648,36.356],[139.9641,36.3561],[139.964,36.3562],[139.9641,36.3564],[139.9645,36.3583],[139.9645,36.3583],[139.9645,36.3585],[139.965,36.3585],[139.9651,36.3585],[139.965,36.3587],[139.965,36.359],[139.9653,36.3591],[139.9654,36.3592],[139.9656,36.3597],[139.9657,36.36],[139.9657,36.3602],[139.9657,36.3604],[139.9656,36.3607],[139.9655,36.361],[139.9654,36.3611],[139.9649,36.361],[139.9648,36.3611],[139.9648,36.3614],[139.9649,36.3618],[139.965,36.3619],[139.9651,36.3621],[139.9653,36.3624],[139.9656,36.3627],[139.9658,36.3628],[139.9658,36.363],[139.9656,36.3632],[139.9655,36.3635],[139.9655,36.3636],[139.9653,36.3642],[139.9653,36.3643],[139.9655,36.3645],[139.9656,36.3648],[139.9658,36.3653],[139.9659,36.3658],[139.9658,36.366],[139.9655,36.3663],[139.9653,36.3667],[139.9653,36.3667],[139.9653,36.3667],[139.9652,36.367],[139.9652,36.3672],[139.9653,36.3675],[139.9657,36.3679],[139.9659,36.3682],[139.966,36.3684],[139.9663,36.3687],[139.9665,36.3689],[139.9667,36.3689],[139.9667,36.3689],[139.9669,36.369],[139.9673,36.3692],[139.9675,36.3694],[139.9676,36.3695],[139.9677,36.3696],[139.9681,36.3699],[139.9681,36.37],[139.9682,36.37],[139.9685,36.3702],[139.969,36.3704],[139.9692,36.3705],[139.9694,36.3709],[139.9696,36.3711],[139.9699,36.3718],[139.9699,36.3719],[139.9699,36.3719],[139.97,36.372],[139.97,36.3721],[139.97,36.3723],[139.9701,36.3725],[139.9701,36.3727],[139.9703,36.3729],[139.971,36.3736],[139.9715,36.3739],[139.9715,36.3739],[139.9717,36.3742],[139.9721,36.375],[139.9721,36.375],[139.9721,36.375],[139.9723,36.3755],[139.9722,36.3764],[139.9722,36.3766],[139.9722,36.3767],[139.9721,36.3769],[139.9721,36.3773],[139.9722,36.3776],[139.9726,36.3779],[139.973,36.3782],[139.9733,36.3784],[139.9735,36.3785],[139.9737,36.3785],[139.9737,36.3785],[139.9739,36.3785],[139.974,36.3783],[139.9741,36.3778],[139.9742,36.3773],[139.9744,36.3767],[139.9745,36.3761],[139.9745,36.3756],[139.9745,36.375],[139.9745,36.375],[139.9745,36.375],[139.9746,36.3745],[139.9747,36.3743],[139.9748,36.3742],[139.975,36.374],[139.975,36.374],[139.9754,36.3737],[139.9761,36.373],[139.9765,36.3728],[139.9767,36.3728],[139.9772,36.3726],[139.9781,36.3725],[139.9783,36.3724],[139.9783,36.3722],[139.9784,36.3721],[139.9786,36.3711],[139.9787,36.3709],[139.9789,36.3705],[139.979,36.3702],[139.979,36.3701],[139.9791,36.3699],[139.9792,36.3698],[139.9793,36.3698],[139.9795,36.3698],[139.9796,36.3698],[139.9797,36.3698],[139.9799,36.3699],[139.9816,36.3702],[139.9832,36.3701],[139.983,36.3695],[139.9833,36.3695],[139.9833,36.3695],[139.9844,36.3693],[139.9841,36.3682],[139.9899,36.3672],[139.99,36.3676],[139.9902,36.3682],[139.9903,36.3684],[139.9906,36.3688],[139.9909,36.3692],[139.9913,36.3695],[139.9917,36.3696],[139.9917,36.3696],[139.9918,36.3696],[139.9922,36.3696],[139.9927,36.3697],[139.9933,36.3697],[139.994,36.3696],[139.9946,36.3696],[139.9966,36.3696],[139.9967,36.3695],[139.997,36.3695],[139.9982,36.3691],[139.9996,36.3687],[140,36.3686],[140,36.3686],[140,36.3685],[140.0005,36.3684],[140.0011,36.3682],[140.0016,36.3681],[140.002,36.368],[140.0021,36.368],[140.0022,36.368],[140.0025,36.3688],[140.0025,36.3691],[140.0026,36.3695],[140.0027,36.3696],[140.0028,36.3697],[140.0033,36.3699],[140.0036,36.3701],[140.0038,36.3702],[140.0039,36.3703],[140.0039,36.3705],[140.0039,36.3706],[140.0037,36.3707],[140.0036,36.3708],[140.0034,36.3711],[140.0032,36.3713],[140.003,36.3714],[140.0028,36.3717],[140.0025,36.372],[140.0021,36.3724],[140.0018,36.3727],[140.0013,36.3731],[140.0011,36.3733],[140.0009,36.3736],[140.0009,36.3738],[140.001,36.3741],[140.0009,36.3743],[140.0007,36.3744],[140.0006,36.3744],[140.0006,36.3744],[140.0007,36.3749],[140.0007,36.375],[140.0007,36.375],[140.0007,36.3753],[140.0006,36.3757],[140.0006,36.3758],[140.0006,36.3759],[140.0004,36.3762],[140.0004,36.3765],[140.0004,36.3765],[140.0004,36.3765],[140.0004,36.3766],[140.0005,36.3766],[140.0013,36.3765],[140.0015,36.3765],[140.0027,36.3761],[140.0033,36.376],[140.0049,36.3757],[140.0067,36.3754],[140.0076,36.3753],[140.008,36.3752],[140.0082,36.3752],[140.0083,36.3752],[140.0083,36.3752],[140.0086,36.3751],[140.009,36.3751],[140.009,36.375],[140.009,36.375],[140.009,36.3748],[140.0089,36.3747],[140.0089,36.3744],[140.0089,36.3743],[140.009,36.3744],[140.0093,36.3745],[140.0095,36.3746],[140.0096,36.3746],[140.0097,36.3746],[140.0099,36.3745],[140.01,36.3743],[140.0101,36.3741],[140.0102,36.3738],[140.0106,36.3733],[140.0108,36.3732],[140.011,36.373],[140.0111,36.3729],[140.0112,36.373],[140.0115,36.3732],[140.0117,36.3733],[140.0118,36.3734],[140.012,36.3736],[140.012,36.3737],[140.0121,36.3742],[140.0122,36.3748],[140.0122,36.375],[140.0122,36.375],[140.0122,36.3751],[140.0123,36.3753],[140.0123,36.3757],[140.0124,36.3759],[140.0125,36.3761],[140.0128,36.3764],[140.0132,36.3767],[140.0138,36.377],[140.0144,36.3772],[140.0146,36.3773],[140.0147,36.3773],[140.0151,36.3774],[140.0154,36.3773],[140.0156,36.3772],[140.0157,36.3772],[140.0158,36.3771],[140.0161,36.3768],[140.0162,36.3767],[140.0164,36.3766],[140.0166,36.3764],[140.0164,36.3764],[140.0164,36.3763],[140.0162,36.3762],[140.0158,36.376],[140.0156,36.3761],[140.0153,36.3763],[140.0151,36.3763],[140.0149,36.3764],[140.0148,36.3762],[140.0147,36.3757],[140.0146,36.3755],[140.0144,36.375],[140.0144,36.375],[140.0144,36.3749],[140.0152,36.3747],[140.0154,36.3747],[140.0155,36.375],[140.0155,36.375],[140.0156,36.3752],[140.0156,36.3753],[140.0157,36.3755],[140.0157,36.3758],[140.0158,36.3758],[140.016,36.3758],[140.016,36.3758],[140.016,36.3755],[140.0162,36.3756],[140.0163,36.3756],[140.0163,36.3759],[140.0163,36.3759],[140.0165,36.3759],[140.0165,36.376],[140.0167,36.376],[140.0167,36.376],[140.0168,36.376],[140.0168,36.376],[140.0171,36.3758],[140.0173,36.3758],[140.0177,36.3757],[140.0184,36.3758],[140.0191,36.3757],[140.0198,36.3757],[140.0201,36.3758],[140.0201,36.3758],[140.0205,36.3759],[140.0207,36.3762],[140.0209,36.3763],[140.0211,36.3764],[140.0213,36.3765],[140.0215,36.3764],[140.0216,36.3763],[140.0217,36.3761],[140.0217,36.376],[140.0218,36.376],[140.0219,36.3759],[140.0219,36.3756],[140.0222,36.3756],[140.0222,36.3756],[140.0226,36.3755],[140.0233,36.3756],[140.0236,36.3757],[140.0239,36.3757],[140.0239,36.3757],[140.0244,36.3758],[140.0248,36.3758],[140.025,36.3758],[140.025,36.3758],[140.0252,36.3758],[140.0256,36.3756],[140.0262,36.3754],[140.0265,36.3754],[140.0267,36.3755],[140.0269,36.3756],[140.027,36.3758],[140.027,36.3761],[140.027,36.3764],[140.027,36.3767],[140.0271,36.3768],[140.0274,36.3769],[140.0278,36.377],[140.0281,36.3772],[140.0283,36.3772],[140.0285,36.377],[140.0286,36.377],[140.029,36.3768],[140.0292,36.3767],[140.0296,36.3767],[140.0298,36.3767],[140.03,36.3767],[140.0302,36.3769],[140.0304,36.3772],[140.0305,36.3775],[140.0308,36.3778],[140.0309,36.3779],[140.031,36.3778],[140.0312,36.3778],[140.0315,36.3777],[140.032,36.3777],[140.0323,36.3777],[140.0325,36.3778],[140.0329,36.3778],[140.0333,36.3778],[140.0333,36.3778],[140.0333,36.3778],[140.0337,36.3777],[140.034,36.3778],[140.0344,36.3778],[140.0346,36.3779],[140.0349,36.378],[140.035,36.3781],[140.0351,36.3782],[140.0352,36.378],[140.0353,36.3779],[140.0355,36.3778],[140.0357,36.3777],[140.036,36.3775],[140.0363,36.3774],[140.0366,36.3774],[140.0368,36.3773],[140.037,36.3772],[140.0374,36.3769],[140.0379,36.3767],[140.038,36.3767],[140.0384,36.3765],[140.0387,36.3763],[140.039,36.3762],[140.0392,36.3759],[140.0394,36.3757],[140.0395,36.3754],[140.0396,36.3753],[140.0397,36.3751],[140.0397,36.3751],[140.0398,36.375],[140.04,36.375],[140.0406,36.375],[140.0408,36.3751],[140.0412,36.3751],[140.0415,36.3752],[140.0417,36.3753],[140.0417,36.3753],[140.0418,36.3754],[140.042,36.3755],[140.0421,36.3755],[140.0423,36.3755],[140.0424,36.3755],[140.0427,36.3755],[140.043,36.3754],[140.0433,36.3752],[140.0436,36.3752],[140.0439,36.3752],[140.0443,36.3751],[140.0451,36.3751],[140.0452,36.3751],[140.0455,36.3751],[140.0457,36.3752],[140.0458,36.3753],[140.046,36.3754],[140.0462,36.3755],[140.0464,36.3755],[140.0469,36.3755],[140.0473,36.3755],[140.0477,36.3755],[140.0482,36.3756],[140.0484,36.3757],[140.0486,36.3759],[140.0488,36.376],[140.0492,36.3761],[140.0495,36.3761],[140.0497,36.3762],[140.0499,36.3763],[140.05,36.3765],[140.05,36.3765],[140.0501,36.3767],[140.0503,36.3768],[140.0506,36.377],[140.0507,36.3772],[140.0509,36.3773],[140.0514,36.3775],[140.0514,36.3775],[140.0517,36.3776],[140.0519,36.3777],[140.0522,36.3777],[140.0524,36.3777],[140.0528,36.3778],[140.053,36.3779],[140.0532,36.3779],[140.0534,36.3779],[140.0537,36.378],[140.0539,36.3781],[140.0541,36.3782],[140.0542,36.3783],[140.0542,36.3784],[140.0545,36.3783],[140.0547,36.3783],[140.0548,36.3783],[140.0551,36.3784],[140.0552,36.3786],[140.0553,36.3788],[140.0554,36.3791],[140.0558,36.3793],[140.0562,36.3795],[140.0565,36.3797],[140.057,36.3799],[140.0572,36.38],[140.0575,36.38],[140.0579,36.3801],[140.0583,36.38],[140.0583,36.38],[140.0583,36.38],[140.0586,36.38],[140.0589,36.3801],[140.0592,36.3802],[140.0594,36.3803],[140.0596,36.3803],[140.0598,36.3802],[140.06,36.3802],[140.0603,36.3802],[140.0604,36.3803],[140.0607,36.3805],[140.0608,36.3806],[140.0608,36.3807],[140.0609,36.3808],[140.061,36.3809],[140.0614,36.381],[140.0615,36.381],[140.0618,36.381],[140.062,36.3811],[140.0622,36.3812],[140.0624,36.3813],[140.0627,36.3814],[140.063,36.3816],[140.0631,36.3818],[140.0634,36.3819],[140.0636,36.3821],[140.0637,36.3822],[140.0639,36.3824],[140.064,36.3826],[140.064,36.3828],[140.0642,36.3832],[140.0643,36.3833],[140.0643,36.3833],[140.0645,36.3836],[140.0649,36.3841],[140.0654,36.3846],[140.0661,36.3853],[140.0665,36.3856],[140.0666,36.3859],[140.0667,36.3862],[140.0667,36.3862],[140.0667,36.3863],[140.0669,36.3873],[140.0669,36.3875],[140.0673,36.3877],[140.0673,36.3877],[140.068,36.3879],[140.0683,36.388],[140.0684,36.3882],[140.0687,36.3885],[140.069,36.3888],[140.0691,36.3889],[140.0691,36.389],[140.0689,36.3894],[140.0689,36.3894],[140.0687,36.3897],[140.0686,36.3899],[140.0684,36.3907],[140.0684,36.391],[140.0685,36.3913],[140.0685,36.3916],[140.0685,36.3917],[140.0685,36.3917],[140.0685,36.3918],[140.0684,36.392],[140.0683,36.3922],[140.0681,36.3923],[140.0678,36.3927],[140.0675,36.3929],[140.0673,36.3931],[140.0671,36.3934],[140.0668,36.3936],[140.0667,36.3938],[140.0667,36.3938],[140.0663,36.3941],[140.066,36.3945],[140.0659,36.3947],[140.0657,36.3951],[140.0657,36.3952],[140.0656,36.3956],[140.0656,36.3961],[140.0654,36.3964],[140.0653,36.3966],[140.0652,36.3969],[140.0652,36.3974],[140.0652,36.3978],[140.0653,36.3982],[140.0654,36.3989],[140.0654,36.3995],[140.0653,36.3998],[140.0652,36.4],[140.0652,36.4],[140.0651,36.4002],[140.065,36.4005],[140.065,36.4007],[140.0651,36.4009],[140.0654,36.4012],[140.0657,36.4015],[140.0659,36.4016],[140.066,36.4018],[140.066,36.4018],[140.066,36.402],[140.0659,36.4025],[140.0659,36.4027],[140.0659,36.4029],[140.066,36.4032],[140.0661,36.4035],[140.0662,36.4036],[140.0663,36.4037],[140.0664,36.4038],[140.0665,36.4038],[140.0667,36.4038],[140.0667,36.4038],[140.0667,36.4038],[140.0669,36.4037],[140.0671,36.4036],[140.0674,36.4034],[140.0678,36.4033],[140.0682,36.4033],[140.0697,36.4034],[140.0706,36.4035],[140.0727,36.4038],[140.0733,36.4038],[140.0736,36.4039],[140.0745,36.404],[140.075,36.404],[140.075,36.404],[140.0753,36.4041],[140.0755,36.4041],[140.0765,36.4042],[140.0771,36.4042],[140.0773,36.4041],[140.0774,36.4041],[140.0782,36.4038],[140.0785,36.4038],[140.0787,36.4037],[140.0789,36.4036],[140.0793,36.4034],[140.0796,36.4033],[140.0798,36.4032],[140.08,36.4032],[140.0804,36.4033],[140.0807,36.4035],[140.0809,36.4036],[140.0811,36.4037],[140.0812,36.4036],[140.0813,36.4035],[140.0814,36.4034],[140.0819,36.4031],[140.0819,36.4031],[140.0821,36.403],[140.0824,36.4029],[140.0825,36.4029],[140.0828,36.4029],[140.083,36.4029],[140.0831,36.4029],[140.0833,36.4028],[140.0833,36.4027],[140.0833,36.4027],[140.0835,36.4026],[140.0836,36.4023],[140.0837,36.4021],[140.0838,36.402],[140.0839,36.4015],[140.0841,36.401],[140.0841,36.4009],[140.0843,36.4006],[140.0843,36.4005],[140.0845,36.4003],[140.0847,36.4002],[140.0849,36.4],[140.0849,36.4],[140.0851,36.3998],[140.0853,36.3997],[140.0856,36.3995],[140.0859,36.3995],[140.0863,36.3995],[140.0865,36.3995],[140.0867,36.3994],[140.0868,36.3993],[140.0868,36.3991],[140.0869,36.3989],[140.0869,36.3989],[140.087,36.3988],[140.0871,36.3987],[140.0876,36.3984],[140.0878,36.3983],[140.088,36.3983],[140.0882,36.3983],[140.0887,36.3983],[140.0891,36.3984],[140.0893,36.3985],[140.0895,36.3988],[140.0897,36.3993],[140.09,36.3999],[140.09,36.4],[140.09,36.4],[140.09,36.4001],[140.0902,36.4005],[140.0902,36.4005],[140.0903,36.4006],[140.0903,36.4006],[140.0904,36.4006],[140.0906,36.4007],[140.091,36.4007],[140.0912,36.4008],[140.0913,36.4008],[140.0914,36.4009],[140.0917,36.4011],[140.0917,36.4011],[140.0917,36.4011],[140.0917,36.4011],[140.092,36.4014],[140.092,36.4016],[140.0921,36.4017],[140.0922,36.4017],[140.0923,36.4016],[140.0923,36.4016],[140.0924,36.4016],[140.0926,36.4014],[140.0928,36.4012],[140.093,36.4011],[140.0931,36.401],[140.0933,36.4009],[140.0935,36.4009],[140.0936,36.4008],[140.0938,36.4007],[140.0939,36.4006],[140.094,36.4005],[140.0942,36.4003],[140.0944,36.4001],[140.0944,36.4],[140.0944,36.4],[140.0945,36.3999],[140.0947,36.3997],[140.0948,36.3995],[140.095,36.3992],[140.0951,36.3991],[140.0954,36.3989],[140.0956,36.3987],[140.0959,36.3986],[140.0962,36.3985],[140.0965,36.3984],[140.0971,36.3982],[140.0978,36.3981],[140.0981,36.3981],[140.0984,36.3981],[140.0987,36.3983],[140.099,36.3983],[140.0991,36.3984],[140.0993,36.3984],[140.0994,36.3983],[140.0996,36.3982],[140.0998,36.398],[140.1,36.3979],[140.1,36.3979],[140.1001,36.3978],[140.1004,36.3976],[140.1007,36.3975],[140.1009,36.3973],[140.101,36.3973],[140.1012,36.3972],[140.1015,36.3971],[140.1015,36.397],[140.1016,36.397],[140.1017,36.397],[140.1021,36.3972],[140.1025,36.3972],[140.1028,36.3972],[140.103,36.3971],[140.104,36.3973],[140.1042,36.3973],[140.1051,36.3974],[140.1061,36.3975],[140.1062,36.3974],[140.1066,36.3974],[140.1073,36.3975],[140.1076,36.3976],[140.1081,36.3977],[140.1082,36.3977],[140.1083,36.3978],[140.1083,36.3978],[140.1085,36.3978],[140.1087,36.3978],[140.1089,36.3978],[140.1089,36.3978],[140.1091,36.398],[140.1094,36.3981],[140.1096,36.3981],[140.11,36.3981],[140.1104,36.398],[140.1108,36.398],[140.111,36.398],[140.1111,36.398],[140.1112,36.398],[140.1112,36.3981],[140.111,36.3986],[140.1109,36.3992],[140.1108,36.3994],[140.1107,36.3998],[140.1106,36.4],[140.1106,36.4],[140.1105,36.4004],[140.1105,36.4004],[140.1105,36.4006],[140.1105,36.4009],[140.1104,36.4011],[140.1102,36.4014],[140.1101,36.4017],[140.1101,36.4018],[140.1099,36.402],[140.1099,36.4022],[140.11,36.4024],[140.1102,36.4029],[140.1103,36.4032],[140.1104,36.4038],[140.1104,36.4041],[140.1103,36.4043],[140.1102,36.4044],[140.1099,36.4047],[140.1097,36.405],[140.1095,36.4052],[140.1093,36.4055],[140.1093,36.4057],[140.1093,36.4061],[140.1092,36.4065],[140.1093,36.4069],[140.1095,36.4071],[140.1096,36.4073],[140.1098,36.4075],[140.11,36.4076],[140.1107,36.4078],[140.1115,36.4082],[140.1117,36.4083],[140.1117,36.4083],[140.1121,36.4085],[140.1123,36.4086],[140.1127,36.4089],[140.1127,36.409],[140.1129,36.4093],[140.113,36.4096],[140.113,36.4096],[140.1131,36.4098],[140.1135,36.41],[140.1136,36.4101],[140.1138,36.4102],[140.114,36.4105],[140.1141,36.4108],[140.1145,36.411],[140.1147,36.4111],[140.1151,36.4111],[140.1156,36.4111],[140.116,36.4111],[140.1167,36.411],[140.1167,36.411],[140.1168,36.411],[140.1173,36.4111],[140.1175,36.4111],[140.1177,36.4112],[140.1179,36.4112],[140.1189,36.4116],[140.1199,36.4122],[140.1202,36.4123],[140.1212,36.4129],[140.1216,36.4132],[140.1217,36.4132],[140.123,36.4136],[140.1234,36.4138],[140.1247,36.414],[140.125,36.4141],[140.125,36.4141],[140.1253,36.4141],[140.1259,36.4141],[140.1261,36.4141],[140.1268,36.4139],[140.1272,36.4139],[140.1275,36.4139],[140.129,36.4143],[140.1318,36.4149],[140.1319,36.4149],[140.1321,36.4149],[140.1324,36.4148],[140.1324,36.4148],[140.1327,36.4146],[140.1333,36.4144],[140.1333,36.4144],[140.1334,36.4144],[140.1337,36.4142],[140.1341,36.4139],[140.1347,36.4134],[140.1349,36.4133],[140.1358,36.4129],[140.137,36.4127],[140.1377,36.4125],[140.1388,36.4123],[140.1403,36.4121],[140.141,36.412],[140.1413,36.412],[140.1414,36.4121],[140.1415,36.4122],[140.1416,36.4123],[140.1416,36.4125],[140.1417,36.4126],[140.1417,36.4126],[140.1417,36.4126],[140.1418,36.4129],[140.1418,36.413],[140.1419,36.413],[140.142,36.4131],[140.1424,36.4133],[140.1429,36.4134],[140.1435,36.4136],[140.144,36.414],[140.1443,36.414],[140.1443,36.4139],[140.1446,36.4135],[140.1448,36.4132],[140.145,36.413],[140.1451,36.4128],[140.1451,36.4117],[140.1452,36.4115],[140.1454,36.4113],[140.1457,36.4111],[140.146,36.4108],[140.1462,36.4105],[140.1464,36.4104],[140.1466,36.4103],[140.1467,36.4102],[140.1469,36.41],[140.1472,36.4093],[140.1475,36.409],[140.1477,36.4087],[140.148,36.4085],[140.1482,36.4084],[140.1482,36.4083],[140.1482,36.4083],[140.1484,36.4082],[140.1485,36.4079],[140.1485,36.4072],[140.1485,36.4068],[140.1486,36.4067],[140.1488,36.4064],[140.1489,36.4063],[140.1492,36.4061],[140.1497,36.4058],[140.15,36.4056],[140.15,36.4055],[140.1502,36.4054],[140.1508,36.4046],[140.1515,36.4035],[140.1523,36.4022],[140.1524,36.4021],[140.1527,36.4019],[140.153,36.4017],[140.1533,36.4015],[140.1534,36.4015],[140.1536,36.4013],[140.1546,36.4003],[140.1548,36.4],[140.1548,36.4],[140.1554,36.3992],[140.1554,36.3992],[140.1559,36.3985],[140.1562,36.3982],[140.1564,36.3981],[140.1565,36.398],[140.1567,36.398],[140.1571,36.3981],[140.1577,36.398],[140.158,36.398],[140.1583,36.398],[140.1583,36.398],[140.1587,36.3981],[140.1592,36.398],[140.1596,36.398],[140.16,36.3981],[140.1603,36.3983],[140.1605,36.3983],[140.1607,36.3984],[140.1609,36.3985],[140.1616,36.3988],[140.1622,36.3989],[140.1623,36.399],[140.1625,36.3991],[140.1626,36.3991],[140.1628,36.3993],[140.1631,36.3994],[140.1638,36.3994],[140.1645,36.3995],[140.1647,36.3996],[140.165,36.3998],[140.165,36.3999],[140.1653,36.4],[140.1653,36.4],[140.1653,36.4],[140.1656,36.4001],[140.166,36.4001],[140.1665,36.4],[140.1665,36.4],[140.1665,36.4],[140.1667,36.4],[140.1667,36.4],[140.1676,36.3998],[140.168,36.3997],[140.1681,36.3996],[140.1683,36.3995],[140.1685,36.3992],[140.1687,36.3991],[140.1688,36.399],[140.1691,36.399],[140.1698,36.3991],[140.1709,36.3992],[140.1712,36.3991],[140.172,36.399],[140.1723,36.399],[140.1726,36.3991],[140.1727,36.399],[140.1728,36.399],[140.173,36.3989],[140.1732,36.3986],[140.1735,36.3985],[140.1736,36.3985],[140.1737,36.3984],[140.1741,36.3985],[140.1746,36.3987],[140.1749,36.3988],[140.175,36.3988],[140.175,36.3988],[140.1751,36.3988],[140.1752,36.3988],[140.1755,36.3988],[140.176,36.3987],[140.1763,36.3986],[140.1765,36.3985],[140.1772,36.398],[140.1778,36.3977],[140.1784,36.3973],[140.1786,36.3973],[140.1789,36.3973],[140.1793,36.3975],[140.1795,36.3976],[140.1797,36.3977],[140.1805,36.3974],[140.1807,36.3974],[140.181,36.3975],[140.1814,36.3977],[140.1818,36.3978],[140.1819,36.3978],[140.183,36.398],[140.1833,36.3981],[140.1833,36.3981],[140.1835,36.3981],[140.1838,36.3982],[140.184,36.3984],[140.1844,36.3984],[140.1852,36.3983],[140.1853,36.3987],[140.1854,36.399],[140.1858,36.3994],[140.1858,36.3995],[140.1858,36.3999],[140.1858,36.4],[140.1858,36.4],[140.1857,36.4002],[140.1858,36.4004],[140.186,36.4007],[140.1861,36.4011],[140.1863,36.4014],[140.1866,36.4016],[140.1879,36.4019],[140.1889,36.4022],[140.1891,36.4022],[140.1891,36.4023],[140.1892,36.4024],[140.189,36.4033],[140.1889,36.4036],[140.1889,36.4038],[140.1891,36.404],[140.1894,36.4041],[140.1901,36.4042],[140.1907,36.4043],[140.1909,36.4043],[140.1915,36.4044],[140.1917,36.4044],[140.1917,36.4044],[140.1921,36.4045],[140.1925,36.4046],[140.1926,36.4047],[140.1926,36.4051],[140.1925,36.4056],[140.1926,36.4062],[140.1927,36.4067],[140.1928,36.4068],[140.1932,36.4072],[140.1937,36.4078],[140.1939,36.4081],[140.1941,36.4083],[140.1941,36.4083],[140.1941,36.4083],[140.1946,36.4088],[140.1949,36.4089],[140.1956,36.409],[140.1958,36.4092],[140.1959,36.4094],[140.1961,36.4099],[140.1962,36.4105],[140.1963,36.4107],[140.1963,36.4109],[140.1965,36.4113],[140.1966,36.4116],[140.1968,36.4117],[140.1973,36.4119],[140.1975,36.4119],[140.1975,36.4121],[140.1975,36.4123],[140.1977,36.4127],[140.1979,36.413],[140.198,36.4132],[140.198,36.4134],[140.1978,36.4137],[140.1978,36.4138],[140.1978,36.4139],[140.198,36.4141],[140.1982,36.4145],[140.1983,36.4148],[140.1983,36.4154],[140.1983,36.4156],[140.1984,36.4158],[140.1985,36.4159],[140.1989,36.4161],[140.1995,36.4163],[140.1997,36.4165],[140.1998,36.4167],[140.1998,36.4167],[140.2,36.4168],[140.2,36.4169],[140.2,36.4169],[140.2,36.4169],[140.2002,36.4171],[140.2005,36.4176],[140.2007,36.4178],[140.2008,36.4182],[140.2009,36.4184],[140.201,36.4186],[140.2011,36.4188],[140.2015,36.4191],[140.202,36.4196],[140.2023,36.4198],[140.2028,36.4203],[140.2033,36.4207],[140.2031,36.4213],[140.2031,36.4219],[140.203,36.4224],[140.2028,36.4229],[140.2025,36.4233],[140.2024,36.4235],[140.2024,36.4239],[140.2027,36.4246],[140.2029,36.425],[140.2029,36.425],[140.2029,36.425],[140.2031,36.4254],[140.2033,36.4261],[140.2034,36.4263],[140.2035,36.4266],[140.2034,36.4271],[140.2033,36.4275],[140.2034,36.4285],[140.2034,36.4287],[140.2031,36.4289],[140.2026,36.429],[140.2022,36.4292],[140.2018,36.4296],[140.2017,36.4298],[140.2018,36.4302],[140.2016,36.4308],[140.2012,36.4315],[140.2012,36.4318],[140.2013,36.4321],[140.2015,36.4323],[140.2019,36.4326],[140.202,36.4328],[140.2019,36.4333],[140.2019,36.4333],[140.2017,36.4339],[140.2015,36.4348],[140.2015,36.435],[140.2015,36.4353],[140.2015,36.4356],[140.2013,36.436],[140.2013,36.4364],[140.2013,36.4367],[140.2014,36.4369],[140.2015,36.437],[140.2015,36.4374],[140.2013,36.4381],[140.2015,36.4385],[140.202,36.439],[140.2022,36.4393],[140.2027,36.44],[140.2027,36.4403],[140.2027,36.4404],[140.2031,36.4412],[140.2032,36.4417],[140.2032,36.4417],[140.2034,36.4422],[140.2035,36.4425],[140.2038,36.4427],[140.2042,36.4429],[140.2042,36.443],[140.2044,36.4431],[140.2046,36.4433],[140.2047,36.4434],[140.2047,36.4435],[140.2047,36.4438],[140.2047,36.444],[140.2048,36.4443],[140.2052,36.4446],[140.2053,36.4452],[140.2054,36.4454],[140.2056,36.4456],[140.2059,36.4459],[140.2061,36.4462],[140.2062,36.4465],[140.2059,36.4469],[140.2056,36.447],[140.2053,36.4473],[140.2049,36.4477],[140.2047,36.448],[140.2045,36.4481],[140.2042,36.4484],[140.2042,36.4486],[140.2041,36.4489],[140.204,36.4494],[140.2038,36.4497],[140.2034,36.45],[140.2034,36.45],[140.2031,36.4502],[140.2029,36.4504],[140.2029,36.4504],[140.2028,36.4507],[140.2028,36.4509],[140.2029,36.4512],[140.203,36.4515],[140.2031,36.4521],[140.203,36.4533],[140.2029,36.4536],[140.2026,36.4539],[140.2026,36.4541],[140.2027,36.4542],[140.2029,36.4544],[140.2036,36.4546],[140.2039,36.4548],[140.204,36.4549],[140.2047,36.4552],[140.2052,36.4556],[140.2055,36.456],[140.2059,36.4565],[140.2061,36.4566],[140.2068,36.4567],[140.2073,36.4569],[140.2074,36.457],[140.2073,36.4571],[140.2072,36.4577],[140.2072,36.4582],[140.2073,36.4583],[140.2073,36.4583],[140.2074,36.4584],[140.2076,36.4587],[140.2077,36.459],[140.2076,36.4594],[140.2077,36.4601],[140.2077,36.4605],[140.2073,36.4611],[140.2071,36.4617],[140.2072,36.4618],[140.2074,36.4624],[140.2075,36.4626],[140.2077,36.4632],[140.208,36.4636],[140.2081,36.464],[140.2082,36.4643],[140.2083,36.4644],[140.2083,36.4645],[140.2083,36.4645],[140.2088,36.4648],[140.2091,36.465],[140.2094,36.4652],[140.2095,36.4652],[140.21,36.4651],[140.2101,36.4651],[140.2103,36.4651],[140.2107,36.4654],[140.2108,36.4657],[140.2109,36.466],[140.211,36.4661],[140.2112,36.4661],[140.2115,36.4661],[140.2117,36.4661],[140.2118,36.4663],[140.2119,36.4665],[140.212,36.4667],[140.212,36.4667],[140.2121,36.4668],[140.2129,36.467],[140.2131,36.4673],[140.2131,36.4675],[140.2128,36.4679],[140.2129,36.4682],[140.213,36.4684],[140.2131,36.4687],[140.2131,36.4691],[140.2128,36.4695],[140.2125,36.4697],[140.2124,36.47],[140.2123,36.4701],[140.2122,36.4704],[140.2122,36.4704],[140.2122,36.4705],[140.2121,36.4707],[140.2121,36.471],[140.2123,36.4714],[140.2125,36.4717],[140.2126,36.4719],[140.2132,36.4728],[140.2139,36.4736],[140.2141,36.4742],[140.2143,36.4744],[140.2144,36.4745],[140.2145,36.4746],[140.2146,36.4748],[140.2147,36.475],[140.2147,36.475],[140.2147,36.4751],[140.2147,36.4755],[140.2146,36.476],[140.2146,36.4762],[140.2151,36.4768],[140.2156,36.4772],[140.2158,36.4775],[140.2159,36.4777],[140.2163,36.4781],[140.2163,36.4782],[140.2164,36.4785],[140.2166,36.479],[140.2167,36.479],[140.2167,36.479],[140.2167,36.4791],[140.2169,36.4791],[140.2172,36.4792],[140.2173,36.4793],[140.2174,36.4794],[140.2176,36.4795],[140.218,36.4798],[140.2182,36.48],[140.2185,36.4801],[140.219,36.4803],[140.2193,36.4805],[140.2194,36.4805],[140.2197,36.4806],[140.22,36.4805],[140.2203,36.4805],[140.2206,36.4804],[140.2208,36.4803],[140.2211,36.4803],[140.2215,36.4804],[140.2216,36.4804],[140.2219,36.4807],[140.2223,36.481],[140.2225,36.4813],[140.2226,36.4813],[140.2227,36.4814],[140.223,36.4815],[140.2232,36.4815],[140.2234,36.4817],[140.2235,36.4818],[140.2236,36.4821],[140.2237,36.4828],[140.2238,36.483],[140.2239,36.4831],[140.224,36.4833],[140.224,36.4833],[140.224,36.4833],[140.2241,36.4836],[140.2241,36.484],[140.2242,36.4841],[140.2242,36.4841],[140.2245,36.4843],[140.2247,36.4843],[140.2249,36.4844],[140.225,36.4844],[140.225,36.4844],[140.2255,36.4844],[140.2256,36.4845],[140.2258,36.4846],[140.226,36.4847],[140.2261,36.4848],[140.2261,36.4851],[140.2262,36.4852],[140.2263,36.4853],[140.2266,36.4856],[140.2269,36.4857],[140.227,36.4858],[140.2272,36.4859],[140.2275,36.4865],[140.2275,36.4868],[140.2276,36.4872],[140.2275,36.4874],[140.2274,36.4876],[140.2273,36.4877],[140.2268,36.488],[140.2267,36.4882],[140.2266,36.4884],[140.2266,36.4886],[140.2266,36.4889],[140.2267,36.4891],[140.2268,36.4893],[140.2275,36.4898],[140.2283,36.4903],[140.2295,36.4909],[140.2296,36.4909],[140.2298,36.4911],[140.2299,36.4914],[140.2301,36.4917],[140.2301,36.4917],[140.2301,36.4917],[140.2301,36.4923],[140.2303,36.4927],[140.2303,36.4932],[140.2302,36.4934],[140.2301,36.4937],[140.2301,36.4938],[140.2301,36.4942],[140.23,36.4946],[140.23,36.4946],[140.23,36.4947],[140.2301,36.4952],[140.2302,36.4955],[140.2302,36.4955],[140.2305,36.4957],[140.2306,36.4958],[140.2307,36.496],[140.2308,36.4961],[140.2308,36.4965],[140.2308,36.4967],[140.2308,36.4969],[140.2309,36.4971],[140.2312,36.4973],[140.2312,36.4974],[140.2312,36.4975],[140.231,36.4979],[140.231,36.498],[140.2309,36.4984],[140.2309,36.4985],[140.2312,36.4991],[140.2312,36.4993],[140.2312,36.4993],[140.2311,36.4994],[140.2309,36.4997],[140.2308,36.4998],[140.2307,36.5],[140.2306,36.5],[140.2306,36.5],[140.2301,36.5003],[140.23,36.5005],[140.23,36.5006],[140.23,36.5008],[140.2299,36.501],[140.2296,36.5016],[140.2294,36.5019],[140.2294,36.502],[140.2295,36.5021],[140.2299,36.5022],[140.23,36.5023],[140.2302,36.5024],[140.2304,36.5027],[140.2305,36.5029],[140.2305,36.5029],[140.2306,36.503],[140.231,36.5029],[140.2313,36.5028],[140.2316,36.5028],[140.2322,36.503],[140.2326,36.503],[140.2327,36.503],[140.2329,36.503],[140.233,36.503],[140.2333,36.5028],[140.2333,36.5028],[140.2334,36.5027],[140.2336,36.5026],[140.2338,36.5026],[140.2342,36.5027],[140.235,36.5029],[140.2354,36.503],[140.2355,36.5031],[140.2356,36.5031],[140.2356,36.5034],[140.2357,36.5037],[140.2357,36.5039],[140.2357,36.5046],[140.2358,36.5047],[140.2359,36.5047],[140.2363,36.5045],[140.2365,36.5043],[140.2367,36.5042],[140.2381,36.504],[140.2384,36.5038],[140.2387,36.5035],[140.239,36.5034],[140.2397,36.5034],[140.2398,36.5034],[140.24,36.5031],[140.24,36.503],[140.2401,36.5028],[140.2402,36.5027],[140.2404,36.5027],[140.2408,36.5026],[140.241,36.5026],[140.2412,36.5027],[140.2413,36.5028],[140.2415,36.5031],[140.2415,36.5034],[140.2415,36.5038],[140.2415,36.5042],[140.2413,36.5046],[140.2411,36.5049],[140.2411,36.505],[140.2412,36.5051],[140.2417,36.5054],[140.2417,36.5054],[140.2421,36.5057],[140.2424,36.5059],[140.2426,36.5063],[140.2426,36.5065],[140.2424,36.5069],[140.2424,36.5072],[140.2424,36.5075],[140.2425,36.5076],[140.2427,36.5076],[140.2431,36.5076],[140.2434,36.5075],[140.244,36.5073],[140.2442,36.5072],[140.2446,36.507],[140.2447,36.507],[140.245,36.5074],[140.245,36.5075],[140.2451,36.5075],[140.2452,36.5074],[140.2453,36.5072],[140.2453,36.5072],[140.2462,36.5073],[140.2466,36.5073],[140.2467,36.5073],[140.2472,36.5072],[140.2475,36.5074],[140.2479,36.5076],[140.2484,36.5076],[140.2488,36.5076],[140.2489,36.5077],[140.2491,36.5077],[140.2492,36.5079],[140.2492,36.5083],[140.2492,36.5083],[140.2492,36.5085],[140.2491,36.5087],[140.2491,36.509],[140.2489,36.5098],[140.2489,36.5107],[140.2487,36.5113],[140.2484,36.5117],[140.248,36.512],[140.2478,36.5121],[140.2476,36.5122],[140.2476,36.5123],[140.2476,36.5128],[140.2476,36.5133],[140.2477,36.5137],[140.2477,36.5139],[140.2475,36.514],[140.2473,36.5142],[140.2473,36.5143],[140.2473,36.5148],[140.2474,36.515],[140.2476,36.5151],[140.248,36.5151],[140.2481,36.5151],[140.2487,36.5152],[140.2494,36.515],[140.2495,36.515],[140.2497,36.515],[140.25,36.5151],[140.25,36.5151],[140.25,36.5151],[140.2503,36.5151],[140.2505,36.5151],[140.251,36.5149],[140.2512,36.5148],[140.2513,36.5148],[140.2515,36.5148],[140.2517,36.515],[140.2519,36.5151],[140.2524,36.5154],[140.2529,36.5156],[140.2532,36.5158],[140.2535,36.5161],[140.2538,36.5163],[140.2544,36.5163],[140.2552,36.5164],[140.2555,36.5164],[140.2557,36.5164],[140.256,36.5164],[140.2564,36.5165],[140.2569,36.5165],[140.2572,36.5165],[140.2576,36.5166],[140.2579,36.5166],[140.2581,36.5166],[140.2582,36.5167],[140.2583,36.5167],[140.2583,36.5167],[140.2583,36.5167],[140.2583,36.5167],[140.2587,36.5168],[140.2595,36.5172],[140.2596,36.5172],[140.26,36.5173],[140.2602,36.5174],[140.2602,36.5175],[140.2602,36.5176],[140.2598,36.5179],[140.2596,36.5181],[140.2596,36.5183],[140.2596,36.5185],[140.2597,36.5186],[140.2597,36.5187],[140.2597,36.5189],[140.2596,36.5191],[140.2594,36.5195],[140.2593,36.5197],[140.2591,36.5198],[140.2583,36.5201],[140.2583,36.5201],[140.2583,36.5201],[140.2564,36.5211],[140.256,36.5214],[140.2555,36.5216],[140.255,36.522],[140.2546,36.5224],[140.2545,36.5225],[140.2541,36.5231],[140.2539,36.5235],[140.2538,36.5238],[140.2535,36.524],[140.253,36.5243],[140.2527,36.5247],[140.2526,36.5249],[140.2526,36.525],[140.2526,36.525],[140.2526,36.5252],[140.2527,36.5253],[140.2529,36.5255],[140.253,36.5257],[140.2532,36.526],[140.2533,36.5263],[140.2534,36.5268],[140.2534,36.5272],[140.2528,36.5279],[140.2526,36.5286],[140.2525,36.5288],[140.2523,36.5289],[140.252,36.5294],[140.2517,36.5295],[140.2515,36.5297],[140.2512,36.5298],[140.2508,36.5298],[140.2505,36.53],[140.2503,36.5302],[140.25,36.5305],[140.25,36.5305],[140.25,36.5305],[140.2499,36.5306],[140.2496,36.5309],[140.2489,36.5322],[140.2483,36.5333],[140.2483,36.5333],[140.2479,36.5341],[140.2477,36.5345],[140.2477,36.5349],[140.2477,36.5352],[140.2477,36.5354],[140.2478,36.5355],[140.2478,36.536],[140.2478,36.5362],[140.2478,36.5363],[140.2478,36.5365],[140.2477,36.5365],[140.2472,36.5375],[140.2472,36.5377],[140.2472,36.5378],[140.2479,36.5383],[140.248,36.5384],[140.2481,36.5385],[140.2481,36.5385],[140.2481,36.5386],[140.2481,36.5388],[140.2481,36.5393],[140.2481,36.54],[140.248,36.5403],[140.2481,36.5408],[140.2481,36.5415],[140.2481,36.5417],[140.2481,36.5417],[140.248,36.5418],[140.248,36.542],[140.2479,36.5423],[140.248,36.5427],[140.248,36.5429],[140.2481,36.5433],[140.2481,36.5441],[140.2482,36.5446],[140.2482,36.5448],[140.2481,36.545],[140.248,36.5452],[140.2479,36.5456],[140.2479,36.5459],[140.2478,36.5459],[140.2473,36.5464],[140.2472,36.547],[140.247,36.548],[140.247,36.5483],[140.2471,36.5485],[140.2474,36.5488],[140.2476,36.549],[140.248,36.5492],[140.2486,36.5495],[140.249,36.5499],[140.2491,36.55],[140.2491,36.55],[140.25,36.5512],[140.25,36.5512],[140.25,36.5512],[140.2502,36.5514],[140.2505,36.5516],[140.2512,36.552],[140.2513,36.5521],[140.2514,36.5522],[140.2514,36.5523],[140.2515,36.5526],[140.2515,36.554],[140.2515,36.5542],[140.2515,36.5544],[140.2515,36.5546],[140.2515,36.5548],[140.2514,36.5551],[140.251,36.5555],[140.2505,36.5558],[140.25,36.5559],[140.25,36.5559],[140.2497,36.556],[140.2495,36.5562],[140.249,36.5573],[140.2489,36.5575],[140.2486,36.558],[140.2486,36.5583],[140.2485,36.5583],[140.2485,36.5583],[140.2484,36.5586],[140.2481,36.5589],[140.2467,36.5597],[140.2463,36.5599],[140.2455,36.5608],[140.2452,36.5612],[140.2446,36.5619],[140.2438,36.5628],[140.2438,36.5629],[140.244,36.5631],[140.2444,36.5635],[140.2446,36.5638],[140.2451,36.5646],[140.2467,36.5646],[140.247,36.5646],[140.2467,36.5648],[140.2461,36.5652],[140.2463,36.5654],[140.2463,36.5655],[140.246,36.5656],[140.2456,36.5658],[140.2456,36.5659],[140.2456,36.5662],[140.2457,36.5662],[140.2464,36.5664],[140.2464,36.5665],[140.2463,36.5667],[140.2463,36.5667],[140.2463,36.5667],[140.2462,36.5669],[140.2463,36.567],[140.2463,36.5671],[140.2467,36.5673],[140.2468,36.5673],[140.2469,36.5674],[140.247,36.5675],[140.2469,36.5676],[140.2467,36.5678],[140.2465,36.5679],[140.2458,36.5686],[140.2457,36.5688],[140.2456,36.5691],[140.2456,36.5694],[140.2456,36.5696],[140.2455,36.5699],[140.2455,36.57],[140.2458,36.5702],[140.2459,36.5702],[140.2459,36.5702],[140.246,36.5702],[140.2459,36.5703],[140.2456,36.5707],[140.2453,36.5716],[140.2453,36.5718],[140.2454,36.5721],[140.2453,36.5722],[140.2451,36.5723],[140.245,36.5725],[140.2444,36.5728],[140.2438,36.5732],[140.2428,36.5738],[140.2426,36.5741],[140.2426,36.5743],[140.2427,36.5745],[140.243,36.5747],[140.2437,36.5749],[140.2439,36.575],[140.2439,36.575],[140.2442,36.5752],[140.2443,36.5752],[140.2445,36.5755],[140.2446,36.5758],[140.2447,36.5761],[140.2447,36.5768],[140.2447,36.577],[140.2447,36.5771],[140.2448,36.5781],[140.245,36.5788],[140.245,36.5796],[140.2451,36.5804],[140.2453,36.581],[140.2453,36.5814],[140.2457,36.5821],[140.2457,36.5823],[140.2457,36.5823],[140.2456,36.5825],[140.2454,36.5825],[140.2451,36.5826],[140.2448,36.5825],[140.2446,36.5824],[140.2445,36.5824],[140.2444,36.5824],[140.2438,36.583],[140.2438,36.583],[140.244,36.5831],[140.2442,36.5832],[140.2443,36.5833],[140.2443,36.5833],[140.2443,36.5833],[140.2443,36.5836],[140.2443,36.584],[140.2441,36.5842],[140.2436,36.5845],[140.2436,36.5845],[140.2434,36.5846],[140.2433,36.5847],[140.2433,36.5848],[140.2435,36.585],[140.2442,36.586],[140.2443,36.5861],[140.2443,36.5863],[140.2444,36.5865],[140.2443,36.5865],[140.2441,36.5866],[140.244,36.5867],[140.2438,36.5867],[140.2438,36.5868],[140.2438,36.5869],[140.244,36.5875],[140.2439,36.588],[140.2438,36.5883],[140.2438,36.5884],[140.2439,36.5885],[140.2443,36.5886],[140.2445,36.5887],[140.2447,36.5896],[140.2449,36.5903],[140.2456,36.5911],[140.2457,36.5917],[140.2457,36.5917],[140.2458,36.5919],[140.2461,36.5924],[140.2461,36.5927],[140.246,36.5935],[140.246,36.5942],[140.2461,36.5944],[140.2467,36.5947],[140.2469,36.595],[140.2469,36.5951],[140.2469,36.5955],[140.247,36.5957],[140.2472,36.596],[140.2473,36.5961],[140.2473,36.5963],[140.2472,36.5966],[140.2471,36.5968],[140.247,36.5968],[140.247,36.5969],[140.2473,36.5969],[140.2475,36.597],[140.2476,36.5971],[140.248,36.5974],[140.248,36.5974],[140.2481,36.5975],[140.248,36.5977],[140.2481,36.5978],[140.2482,36.598],[140.2484,36.5984],[140.2486,36.5988],[140.2487,36.599],[140.249,36.5992],[140.2491,36.5994],[140.2492,36.5995],[140.2492,36.5996],[140.249,36.6],[140.249,36.6],[140.249,36.6],[140.2489,36.6005],[140.2488,36.6008],[140.2488,36.601],[140.249,36.6014],[140.2492,36.6016],[140.2493,36.6017],[140.2493,36.6018],[140.2493,36.6019],[140.2492,36.602],[140.2488,36.6025],[140.2488,36.6025],[140.2489,36.6027],[140.2489,36.6029],[140.2492,36.6032],[140.2492,36.6034],[140.2492,36.6036],[140.2491,36.6038],[140.2491,36.604],[140.2489,36.6046],[140.2487,36.6048],[140.2486,36.605],[140.2482,36.6055],[140.2481,36.6056],[140.2481,36.6057],[140.2483,36.606],[140.2484,36.6062],[140.2484,36.6065],[140.2483,36.6067],[140.2483,36.6069],[140.2484,36.6071],[140.2484,36.6074],[140.2484,36.6075],[140.2483,36.608],[140.2483,36.6083],[140.2483,36.6083],[140.2483,36.6086],[140.2485,36.6089],[140.2486,36.6091],[140.2487,36.6092],[140.2487,36.6094],[140.2485,36.6101],[140.2485,36.6107],[140.2484,36.6109],[140.2483,36.6111],[140.2482,36.6113],[140.2479,36.6117],[140.2477,36.612],[140.2472,36.6127],[140.247,36.6129],[140.2468,36.6131],[140.2467,36.6132],[140.2461,36.6137],[140.2459,36.6139],[140.2458,36.614],[140.2457,36.6141],[140.2457,36.6141],[140.2459,36.6148],[140.2459,36.6151],[140.2457,36.6154],[140.2456,36.6157],[140.2456,36.6158],[140.2455,36.6162],[140.2454,36.6167],[140.2454,36.6167],[140.2454,36.6168],[140.2453,36.6175],[140.245,36.6179],[140.2448,36.6184],[140.2446,36.6186],[140.2441,36.6188],[140.2438,36.6191],[140.2435,36.6193],[140.2433,36.6198],[140.2432,36.6205],[140.2429,36.6209],[140.2429,36.6211],[140.2429,36.6214],[140.2428,36.6215],[140.2425,36.6218],[140.2422,36.6219],[140.2421,36.6221],[140.242,36.6224],[140.2419,36.6225],[140.2417,36.6226],[140.2417,36.6226],[140.2413,36.6228],[140.2411,36.6231],[140.2406,36.6237],[140.2406,36.6239],[140.24,36.6241],[140.2398,36.6243],[140.2398,36.6244],[140.2398,36.6249],[140.2397,36.625],[140.2396,36.625],[140.2396,36.625],[140.2395,36.625],[140.2395,36.625],[140.2395,36.625],[140.2388,36.6249],[140.2387,36.6248],[140.238,36.6241],[140.2372,36.6236],[140.2364,36.623],[140.2363,36.623],[140.236,36.6229],[140.2358,36.6229],[140.2352,36.6231],[140.235,36.6233],[140.2347,36.6238],[140.2347,36.6239],[140.2347,36.6239],[140.2348,36.6242],[140.2348,36.6247],[140.2349,36.625],[140.2349,36.625],[140.2349,36.625],[140.2349,36.6252],[140.2348,36.6257],[140.2348,36.6259],[140.2349,36.6264],[140.2348,36.6268],[140.2348,36.6269],[140.2352,36.627],[140.2355,36.6274],[140.2355,36.6274],[140.2355,36.6276],[140.2355,36.6278],[140.2353,36.628],[140.2352,36.6282],[140.2351,36.6284],[140.2351,36.6288],[140.235,36.6292],[140.2349,36.6297],[140.2349,36.6303],[140.2349,36.6305],[140.2348,36.6306],[140.2345,36.6308],[140.2344,36.6309],[140.2344,36.6317],[140.2344,36.6323],[140.2343,36.6328],[140.2342,36.6332],[140.2342,36.6333],[140.2342,36.6333],[140.2342,36.6335],[140.2341,36.6337],[140.2338,36.634],[140.2337,36.6341],[140.2337,36.6342],[140.2338,36.6344],[140.2338,36.6344],[140.2339,36.6345],[140.234,36.6346],[140.2343,36.6346],[140.2346,36.6346],[140.2348,36.6344],[140.2353,36.6342],[140.2354,36.6342],[140.2355,36.6342],[140.236,36.6343],[140.2366,36.6344],[140.2369,36.6345],[140.2371,36.6347],[140.2374,36.6351],[140.2375,36.6352],[140.2375,36.6352],[140.238,36.6351],[140.2383,36.6351],[140.2385,36.6352],[140.2387,36.6353],[140.2394,36.6352],[140.2396,36.6353],[140.2401,36.6355],[140.241,36.6357],[140.2417,36.636],[140.2417,36.636],[140.2418,36.6361],[140.2427,36.6366],[140.2428,36.6367],[140.2428,36.6368],[140.2427,36.6371],[140.2426,36.6372],[140.2421,36.6375],[140.2419,36.6376],[140.2419,36.6378],[140.2419,36.6384],[140.2419,36.6385],[140.2417,36.6389],[140.2417,36.639],[140.2417,36.6391],[140.2416,36.6392],[140.2416,36.6395],[140.2417,36.6397],[140.2417,36.6398],[140.2417,36.64],[140.242,36.6406],[140.242,36.6408],[140.242,36.6409],[140.2417,36.6413],[140.2417,36.6414],[140.2417,36.6415],[140.2417,36.6415],[140.2417,36.6415],[140.2417,36.6416],[140.2417,36.6417],[140.2417,36.6417],[140.2417,36.642],[140.2417,36.6422],[140.2417,36.6422],[140.2417,36.6422],[140.2415,36.6425],[140.2415,36.6426],[140.2416,36.6429],[140.2416,36.6429],[140.2414,36.6432],[140.241,36.6434],[140.241,36.6435],[140.2408,36.6439],[140.2407,36.6442],[140.2405,36.6443],[140.2402,36.6443],[140.2399,36.6443],[140.2398,36.6443],[140.2397,36.6445],[140.2392,36.6453],[140.2391,36.6456],[140.2391,36.6457],[140.2392,36.6461],[140.2392,36.6463],[140.2392,36.6465],[140.2392,36.6466],[140.2395,36.6469],[140.2396,36.647],[140.2397,36.6472],[140.2397,36.6478],[140.2397,36.648],[140.2399,36.6481],[140.2403,36.6485],[140.2407,36.6488],[140.2409,36.649],[140.241,36.6492],[140.241,36.6494],[140.2409,36.65],[140.2409,36.65],[140.2408,36.6503],[140.2408,36.6505],[140.2409,36.6508],[140.2409,36.6509],[140.2406,36.6518],[140.2403,36.652],[140.24,36.6523],[140.2399,36.6524],[140.2394,36.6525],[140.2392,36.6526],[140.239,36.6528],[140.2388,36.6531],[140.2384,36.6539],[140.2383,36.654],[140.2383,36.654],[140.2381,36.6541],[140.2379,36.6542],[140.2377,36.6542],[140.2376,36.6541],[140.2374,36.6539],[140.2374,36.6539],[140.2373,36.6538],[140.2371,36.6539],[140.237,36.6542],[140.2369,36.6542],[140.2369,36.6544],[140.237,36.6549],[140.237,36.655],[140.2369,36.6552],[140.2366,36.6558],[140.2363,36.6559],[140.2359,36.6561],[140.2358,36.6563],[140.2357,36.6566],[140.2357,36.6566],[140.2357,36.6572],[140.2356,36.6574],[140.2352,36.6576],[140.2342,36.6579],[140.2342,36.6579],[140.2338,36.6582],[140.2337,36.6583],[140.2337,36.6583],[140.2336,36.6586],[140.2334,36.6588],[140.2333,36.6589],[140.2333,36.6589],[140.2331,36.6591],[140.2329,36.6592],[140.2325,36.6594],[140.2314,36.6598],[140.2313,36.6599],[140.2312,36.6602],[140.231,36.6608],[140.231,36.6613],[140.2309,36.6613],[140.2307,36.6614],[140.2304,36.6614],[140.2303,36.6614],[140.2295,36.662],[140.2294,36.6621],[140.2293,36.6623],[140.2293,36.6624],[140.2294,36.6626],[140.2296,36.6628],[140.2298,36.663],[140.2301,36.6631],[140.2309,36.6632],[140.2315,36.6633],[140.2319,36.6634],[140.2319,36.6635],[140.232,36.6638],[140.2323,36.6647],[140.2326,36.6652],[140.2327,36.6655],[140.2327,36.6657],[140.2326,36.6662],[140.232,36.6667],[140.232,36.6667],[140.232,36.6667],[140.2318,36.667],[140.2316,36.6677],[140.2315,36.6682],[140.2316,36.6687],[140.2315,36.6694],[140.2315,36.6698],[140.2317,36.6698],[140.2314,36.6701],[140.231,36.6705],[140.2306,36.6706],[140.2303,36.6707],[140.2298,36.6711],[140.2294,36.6714],[140.2291,36.6715],[140.2287,36.6715],[140.2284,36.6715],[140.228,36.6716],[140.2278,36.6717],[140.2277,36.672],[140.2276,36.6722],[140.2276,36.6722],[140.2274,36.6722],[140.2268,36.6722],[140.2265,36.6723],[140.2261,36.6724],[140.2257,36.6728],[140.2256,36.6728],[140.2255,36.6727],[140.2252,36.6726],[140.225,36.6726],[140.225,36.6726],[140.225,36.6726],[140.2243,36.6728],[140.2232,36.6729],[140.2227,36.6729],[140.2224,36.673],[140.2221,36.6736],[140.2218,36.674],[140.2216,36.6743],[140.2215,36.6744],[140.2216,36.6748],[140.2216,36.675],[140.2216,36.675],[140.2216,36.675],[140.222,36.6752],[140.2221,36.6753],[140.2222,36.6754],[140.2222,36.6756],[140.2222,36.6758],[140.222,36.6762],[140.2219,36.6765],[140.2219,36.6767],[140.2218,36.6769],[140.2217,36.6771],[140.2215,36.6772],[140.2215,36.6773],[140.2215,36.6774],[140.2217,36.6776],[140.2219,36.6777],[140.2221,36.6777],[140.2223,36.6776],[140.2228,36.6773],[140.2234,36.6769],[140.2236,36.6768],[140.2238,36.6768],[140.2241,36.6769],[140.2243,36.677],[140.2248,36.6772],[140.2249,36.6773],[140.225,36.6773],[140.225,36.6773],[140.225,36.6774],[140.2251,36.6775],[140.225,36.6778],[140.225,36.6778],[140.225,36.6778],[140.2248,36.6783],[140.2246,36.6788],[140.2245,36.679],[140.2243,36.6793],[140.2243,36.6793],[140.2243,36.6795],[140.2244,36.6797],[140.2245,36.6798],[140.2245,36.6799],[140.2245,36.6802],[140.2243,36.6807],[140.2242,36.6808],[140.224,36.681],[140.2238,36.6811],[140.2237,36.6813],[140.2237,36.6818],[140.2237,36.6821],[140.2237,36.6825],[140.2236,36.683],[140.2235,36.6833],[140.2235,36.6833],[140.2235,36.6836],[140.2233,36.6837],[140.2229,36.6838],[140.2228,36.6839],[140.2226,36.6841],[140.2225,36.684],[140.2221,36.6838],[140.2219,36.6837],[140.2215,36.6836],[140.2211,36.6836],[140.2209,36.6837],[140.2207,36.6837],[140.2205,36.6839],[140.2203,36.6842],[140.2201,36.6843],[140.2201,36.6845],[140.2201,36.6846],[140.2203,36.6848],[140.2205,36.6851],[140.2206,36.6853],[140.2205,36.6854],[140.2205,36.6857],[140.2204,36.6865],[140.2204,36.687],[140.2204,36.6871],[140.2205,36.6872],[140.2207,36.6874],[140.221,36.6875],[140.2214,36.6876],[140.222,36.688],[140.2225,36.6884],[140.2231,36.6886],[140.2234,36.6887],[140.2235,36.6887],[140.2238,36.6889],[140.224,36.6892],[140.2242,36.6899],[140.2244,36.6903],[140.2245,36.6904],[140.2247,36.6906],[140.225,36.6908],[140.225,36.6908],[140.225,36.6908],[140.2254,36.691],[140.2256,36.6912],[140.2259,36.6915],[140.2261,36.6917],[140.2261,36.6917],[140.2263,36.6918],[140.2265,36.6921],[140.2268,36.6924],[140.227,36.6927],[140.2271,36.6931],[140.2271,36.6934],[140.2271,36.6937],[140.2271,36.694],[140.2273,36.6944],[140.2272,36.6947],[140.2274,36.6949],[140.2275,36.6951],[140.2278,36.6954],[140.2279,36.6956],[140.228,36.6959],[140.2281,36.6961],[140.2283,36.6965],[140.2285,36.6968],[140.2287,36.697],[140.229,36.6971],[140.2292,36.6973],[140.2293,36.6974],[140.2294,36.6976],[140.2294,36.6978],[140.2294,36.6981],[140.2295,36.6983],[140.2297,36.6986],[140.2299,36.6988],[140.2301,36.6989],[140.2303,36.699],[140.2306,36.6992],[140.2308,36.6994],[140.231,36.6996],[140.2313,36.6997],[140.2314,36.6997],[140.232,36.6999],[140.2322,36.7],[140.2322,36.7],[140.2324,36.7001],[140.2329,36.7002],[140.2333,36.7002],[140.2333,36.7002],[140.2334,36.7002],[140.2337,36.7003],[140.2338,36.7004],[140.234,36.7004],[140.2341,36.7005],[140.2341,36.7005],[140.2342,36.7005],[140.2342,36.7005],[140.234,36.7002],[140.234,36.7001],[140.234,36.7001],[140.2341,36.7],[140.2342,36.7],[140.2342,36.7],[140.2343,36.7],[140.235,36.6998],[140.2358,36.6994],[140.2361,36.6993],[140.2364,36.6993],[140.2365,36.6994],[140.2368,36.6996],[140.237,36.6996],[140.2371,36.6996],[140.2373,36.6996],[140.2376,36.6996],[140.2381,36.6993],[140.2386,36.6992],[140.2392,36.6992],[140.2398,36.6993],[140.2403,36.6992],[140.2406,36.6991],[140.2408,36.6991],[140.2409,36.699],[140.2411,36.6988],[140.2413,36.6986],[140.2415,36.6985],[140.2415,36.6983],[140.2415,36.698],[140.2416,36.6979],[140.2417,36.6978],[140.2417,36.6978],[140.2417,36.6978],[140.242,36.6978],[140.2423,36.6979],[140.2426,36.6981],[140.2428,36.6981],[140.2431,36.698],[140.2435,36.6977],[140.2437,36.6976],[140.2439,36.6976],[140.244,36.6976],[140.2442,36.6978],[140.2443,36.6982],[140.2445,36.6988],[140.2445,36.6991],[140.2446,36.6992],[140.2449,36.6994],[140.2449,36.6995],[140.2449,36.6997],[140.2449,36.6999],[140.245,36.7],[140.245,36.7],[140.245,36.7001],[140.2453,36.7006],[140.2455,36.7011],[140.2457,36.7015],[140.2458,36.7017],[140.2462,36.702],[140.2467,36.7023],[140.2467,36.7023],[140.247,36.7023],[140.2473,36.7022],[140.2477,36.7021],[140.2481,36.702],[140.2484,36.702],[140.2487,36.702],[140.2491,36.702],[140.2497,36.7021],[140.25,36.7022],[140.25,36.7022],[140.25,36.7022],[140.2505,36.7023],[140.2509,36.7024],[140.2509,36.7024],[140.2512,36.7022],[140.2513,36.7021],[140.2515,36.702],[140.2517,36.7019],[140.252,36.7019],[140.2525,36.702],[140.2531,36.702],[140.2535,36.702],[140.2538,36.702],[140.254,36.702],[140.2543,36.7022],[140.2546,36.7025],[140.255,36.7027],[140.2552,36.7028],[140.2554,36.7029],[140.2556,36.703],[140.256,36.703],[140.2563,36.703],[140.2565,36.7029],[140.2568,36.7028],[140.257,36.7027],[140.2572,36.7024],[140.2573,36.7023],[140.2576,36.7023],[140.2577,36.7023],[140.2579,36.7022],[140.258,36.7022],[140.2581,36.702],[140.2583,36.7017],[140.2583,36.7017],[140.2583,36.7017],[140.2583,36.7017],[140.2584,36.7016],[140.2586,36.7015],[140.2589,36.7014],[140.2592,36.7013],[140.2596,36.7013],[140.2598,36.7012],[140.2601,36.7012],[140.2603,36.7013],[140.2605,36.7014],[140.2606,36.7014],[140.2609,36.7014],[140.2612,36.7014],[140.2613,36.7015],[140.2617,36.7018],[140.2622,36.7022],[140.2623,36.7023],[140.2625,36.7023],[140.2629,36.7023],[140.2632,36.7023],[140.2632,36.7023],[140.2639,36.7023],[140.2644,36.7023],[140.2647,36.7023],[140.2649,36.7023],[140.2654,36.7023],[140.2656,36.7024],[140.2658,36.7025],[140.2661,36.7026],[140.2663,36.7027],[140.2666,36.7027],[140.2667,36.7027],[140.2667,36.7027],[140.2668,36.7027],[140.267,36.7027],[140.2673,36.7025],[140.2677,36.7024],[140.2678,36.7023],[140.268,36.7022],[140.2682,36.7022],[140.2683,36.7023],[140.2684,36.7024],[140.2685,36.7024],[140.2685,36.7025],[140.2686,36.7028],[140.2687,36.703],[140.2687,36.7031],[140.2688,36.7031],[140.2691,36.7031],[140.2693,36.7031],[140.2694,36.7033],[140.2695,36.7035],[140.2695,36.7036],[140.2698,36.7038],[140.2699,36.704],[140.2701,36.7042],[140.2702,36.7044],[140.2706,36.7046],[140.2709,36.7048],[140.271,36.7049],[140.2711,36.7052],[140.271,36.7055],[140.271,36.7057],[140.2709,36.706],[140.2708,36.7062],[140.2708,36.7064],[140.271,36.7066],[140.2711,36.7067],[140.2712,36.7068],[140.2714,36.7069],[140.2716,36.7069],[140.2719,36.7069],[140.2722,36.7071],[140.2726,36.7073],[140.2731,36.7074],[140.2738,36.7076],[140.2744,36.7079],[140.2748,36.7081],[140.275,36.7082],[140.275,36.7082],[140.275,36.7082],[140.275,36.7082],[140.2751,36.7081],[140.2752,36.708],[140.2754,36.7078],[140.2756,36.7076],[140.2758,36.7074],[140.2762,36.7071],[140.2763,36.7071],[140.2766,36.707],[140.2769,36.707],[140.2775,36.7071],[140.2783,36.7071],[140.2792,36.7072],[140.2802,36.7073],[140.2807,36.7075],[140.2813,36.7077],[140.2817,36.7078],[140.282,36.7079],[140.2823,36.7081],[140.2824,36.7082],[140.2824,36.7083],[140.2824,36.7083],[140.2824,36.7083],[140.2824,36.7085],[140.2824,36.7087],[140.2825,36.7088],[140.2828,36.7091],[140.2833,36.7097],[140.2833,36.7097],[140.2834,36.7097],[140.2836,36.7099],[140.2836,36.7101],[140.2836,36.7102],[140.2836,36.7103],[140.2836,36.7105],[140.2836,36.7105],[140.2835,36.7109],[140.2834,36.7112],[140.2835,36.7112],[140.2839,36.7113],[140.2841,36.7115],[140.2847,36.7118],[140.2853,36.7122],[140.2857,36.7124],[140.2858,36.7125],[140.286,36.7125],[140.2861,36.7125],[140.2863,36.7124],[140.2869,36.7122],[140.2873,36.7122],[140.2877,36.7121],[140.2881,36.7121],[140.2885,36.7121],[140.2887,36.7121],[140.2892,36.712],[140.2896,36.712],[140.2901,36.712],[140.2905,36.7121],[140.2908,36.7122],[140.2911,36.7123],[140.2917,36.7124],[140.2917,36.7124],[140.2917,36.7124],[140.2921,36.7124],[140.2922,36.7125],[140.2923,36.7126],[140.2922,36.7127],[140.2918,36.7129],[140.2917,36.713],[140.2917,36.713],[140.2915,36.7131],[140.2913,36.7133],[140.2912,36.7135],[140.291,36.7136],[140.2907,36.7137],[140.2905,36.7139],[140.2903,36.7142],[140.2901,36.7144],[140.2901,36.7146],[140.2901,36.7148],[140.29,36.715],[140.29,36.715],[140.2899,36.7152],[140.2896,36.7154],[140.2895,36.7155],[140.2894,36.7156],[140.2894,36.7158],[140.2894,36.716],[140.2894,36.7162],[140.2894,36.7165],[140.2893,36.7167],[140.2893,36.7167],[140.2893,36.7167],[140.2893,36.7168],[140.2892,36.717],[140.2891,36.7171],[140.2889,36.7171],[140.2887,36.7172],[140.2886,36.7172],[140.2884,36.7173],[140.2883,36.7174],[140.2881,36.7176],[140.2879,36.7177],[140.2878,36.7178],[140.2876,36.7178],[140.2873,36.718],[140.2871,36.7182],[140.287,36.7184],[140.287,36.7187],[140.287,36.719],[140.2871,36.7191],[140.2872,36.7193],[140.2874,36.7195],[140.2875,36.7197],[140.2877,36.7199],[140.2878,36.72],[140.2878,36.7201],[140.2878,36.7202],[140.2875,36.7207],[140.2872,36.7212],[140.2872,36.7213],[140.2872,36.7215],[140.2873,36.7216],[140.2875,36.7218],[140.2876,36.7219],[140.2877,36.7221],[140.2877,36.7224],[140.2877,36.7224],[140.2877,36.7228],[140.2877,36.7229],[140.2876,36.7229],[140.2875,36.7229],[140.2874,36.7229],[140.2871,36.7228],[140.287,36.7228],[140.2869,36.7228],[140.2867,36.723],[140.2866,36.7231],[140.2866,36.7232],[140.2866,36.7234],[140.2866,36.7236],[140.2867,36.7237],[140.287,36.724],[140.2873,36.7244],[140.2873,36.7246],[140.2874,36.7249],[140.2874,36.725],[140.2874,36.725],[140.2874,36.725],[140.2874,36.7251],[140.2875,36.7251],[140.2876,36.7253],[140.2877,36.7253],[140.2877,36.7253],[140.2877,36.7254],[140.2876,36.7254],[140.2875,36.7256],[140.2874,36.7258],[140.2874,36.7259],[140.2874,36.7261],[140.2875,36.7262],[140.2874,36.7263],[140.2874,36.7264],[140.2872,36.7266],[140.287,36.7269],[140.2868,36.7271],[140.2865,36.7276],[140.2865,36.7278],[140.2864,36.7278],[140.2866,36.728],[140.2866,36.7281],[140.2865,36.7282],[140.2863,36.7284],[140.2861,36.7286],[140.2858,36.7291],[140.2855,36.7295],[140.2853,36.7297],[140.2852,36.7298],[140.285,36.7302],[140.2848,36.7305],[140.2848,36.7306],[140.2849,36.7309],[140.2849,36.7312],[140.2848,36.7314],[140.2847,36.732],[140.2843,36.7325],[140.2841,36.7328],[140.2837,36.7331],[140.2835,36.7332],[140.2835,36.7333],[140.2835,36.7333],[140.2835,36.7334],[140.2834,36.7338],[140.2833,36.7341],[140.2833,36.7341],[140.2833,36.7341],[140.2832,36.7342],[140.2829,36.7344],[140.2826,36.7345],[140.2824,36.7345],[140.282,36.7347],[140.2819,36.7348],[140.2818,36.7351],[140.2817,36.7353],[140.2816,36.7355],[140.2814,36.7357],[140.2811,36.7358],[140.2808,36.7359],[140.2806,36.7359],[140.2805,36.7359],[140.2802,36.7359],[140.2799,36.7358],[140.2797,36.7359],[140.2796,36.736],[140.2796,36.7361],[140.2795,36.7363],[140.2794,36.7365],[140.2793,36.7366],[140.2788,36.7369],[140.2786,36.7371],[140.2784,36.7373],[140.2783,36.7374],[140.2781,36.7376],[140.2779,36.7376],[140.2776,36.7377],[140.2777,36.7379],[140.2776,36.7381],[140.2776,36.7384],[140.2775,36.7386],[140.2775,36.7387],[140.2773,36.7388],[140.2771,36.7389],[140.2763,36.7391],[140.275,36.7395],[140.275,36.7395],[140.275,36.7395],[140.2746,36.7397],[140.2744,36.7398],[140.2742,36.7398],[140.274,36.7398],[140.2737,36.7398],[140.2736,36.7397],[140.2734,36.7397],[140.2734,36.7399],[140.2733,36.7401],[140.2732,36.7403],[140.2731,36.7405],[140.273,36.7406],[140.2728,36.7407],[140.2726,36.7408],[140.2719,36.741],[140.2718,36.7411],[140.2717,36.7411],[140.2715,36.7412],[140.2713,36.7413],[140.2712,36.7414],[140.2712,36.7416],[140.2712,36.7417],[140.2712,36.7417],[140.2711,36.7418],[140.2712,36.742],[140.2711,36.7422],[140.271,36.7423],[140.2708,36.7424],[140.2706,36.7426],[140.2704,36.7426],[140.2703,36.7426],[140.2701,36.7425],[140.2696,36.7423],[140.2694,36.7422],[140.2691,36.7421],[140.2691,36.7422],[140.2691,36.7422],[140.269,36.7425],[140.2688,36.7426],[140.2687,36.7428],[140.2685,36.7429],[140.2683,36.743],[140.2682,36.7432],[140.268,36.7435],[140.2679,36.7438],[140.2677,36.7444],[140.2675,36.7448],[140.2673,36.7452],[140.2672,36.7454],[140.2671,36.7455],[140.267,36.7456],[140.2667,36.7458],[140.2667,36.7458],[140.2667,36.7458],[140.2663,36.7461],[140.266,36.7463],[140.2657,36.7466],[140.2655,36.7467],[140.2654,36.7468],[140.2653,36.7468],[140.2652,36.747],[140.2649,36.7474],[140.2646,36.7478],[140.2644,36.7479],[140.2643,36.7479],[140.2641,36.7479],[140.264,36.7478],[140.2638,36.7479],[140.2636,36.7479],[140.2634,36.748],[140.2632,36.7481],[140.2627,36.7482],[140.2624,36.7482],[140.2622,36.7483],[140.2621,36.7484],[140.2618,36.7488],[140.2616,36.7493],[140.2615,36.7496],[140.2613,36.75],[140.2613,36.75],[140.2613,36.75],[140.2612,36.7502],[140.261,36.751],[140.2608,36.7514],[140.2607,36.7518],[140.2605,36.7521],[140.2605,36.7521],[140.2603,36.7522],[140.2601,36.7523],[140.2599,36.7523],[140.2596,36.7524],[140.2594,36.7526],[140.2593,36.7528],[140.2591,36.7531],[140.2591,36.7534],[140.2592,36.7535],[140.2592,36.7536],[140.2593,36.7539],[140.2594,36.754],[140.2595,36.7542],[140.2596,36.7544],[140.2596,36.7546],[140.2596,36.7548],[140.2596,36.7548],[140.2595,36.755],[140.2593,36.7552],[140.2591,36.7554],[140.2589,36.7555],[140.2589,36.7555],[140.2587,36.7555],[140.2586,36.7556],[140.2584,36.7557],[140.2583,36.7558],[140.2583,36.7558],[140.2583,36.7559],[140.2581,36.7561],[140.2581,36.7564],[140.258,36.7565],[140.258,36.7566],[140.2579,36.7567],[140.2578,36.7567],[140.2573,36.7568],[140.257,36.7569],[140.2569,36.7569],[140.2568,36.7569],[140.2566,36.7571],[140.2565,36.7573],[140.2564,36.7576],[140.2562,36.7578],[140.2562,36.7579],[140.2561,36.758],[140.256,36.7581],[140.256,36.7582],[140.2559,36.7583],[140.2559,36.7583],[140.2559,36.7583],[140.2559,36.7585],[140.2558,36.7586],[140.2558,36.7587],[140.2557,36.7589],[140.2558,36.7591],[140.2558,36.7592],[140.2557,36.7592],[140.2557,36.7593],[140.2556,36.7593],[140.2553,36.7595],[140.2552,36.7595],[140.255,36.7597],[140.2549,36.7599],[140.2549,36.76],[140.2549,36.7601],[140.2549,36.7602],[140.2551,36.7604],[140.2554,36.7605],[140.2555,36.7606],[140.2555,36.7608],[140.2556,36.7609],[140.2555,36.761],[140.2555,36.7611],[140.2554,36.7612],[140.2553,36.7614],[140.2553,36.7616],[140.2552,36.7617],[140.2552,36.7619],[140.2553,36.7622],[140.2553,36.7623],[140.2554,36.7624],[140.2554,36.7626],[140.2555,36.7626],[140.2556,36.7628],[140.2557,36.763],[140.2558,36.7631],[140.2559,36.7632],[140.2559,36.7633],[140.2558,36.7634],[140.2557,36.7634],[140.2556,36.7636],[140.2554,36.7637],[140.2554,36.7638],[140.2553,36.764],[140.2552,36.7641],[140.2552,36.7642],[140.2553,36.7643],[140.2553,36.7644],[140.2555,36.7645],[140.2556,36.7647],[140.2557,36.7648],[140.2558,36.7649],[140.2559,36.765],[140.256,36.7651],[140.256,36.7652],[140.2561,36.7653],[140.2563,36.7654],[140.2564,36.7655],[140.2565,36.7658],[140.2566,36.7659],[140.2566,36.766],[140.2567,36.766],[140.2569,36.7661],[140.2571,36.7662],[140.2575,36.7662],[140.2578,36.7662],[140.258,36.7662],[140.2582,36.7661],[140.2583,36.7661],[140.2583,36.7661],[140.2585,36.7661],[140.2587,36.766],[140.259,36.766],[140.2592,36.7661],[140.2594,36.7662],[140.2595,36.7663],[140.2597,36.7663],[140.2599,36.7664],[140.2601,36.7665],[140.2603,36.7666],[140.2604,36.7666],[140.2604,36.7667],[140.2604,36.7667],[140.2604,36.7667],[140.2604,36.7669],[140.2605,36.767],[140.2605,36.7671],[140.2606,36.7672],[140.2608,36.7673],[140.261,36.7674],[140.2611,36.7675],[140.2611,36.7676],[140.2609,36.7678],[140.2607,36.7681],[140.2606,36.7682],[140.2604,36.7684],[140.26,36.7687],[140.2597,36.7689],[140.2596,36.769],[140.2595,36.7691],[140.2594,36.7692],[140.2593,36.7694],[140.2593,36.7695],[140.2593,36.7696],[140.2593,36.7697],[140.2594,36.7698],[140.2594,36.7699],[140.2595,36.77],[140.2595,36.7701],[140.2594,36.7702],[140.2593,36.7703],[140.2591,36.7703],[140.2589,36.7704],[140.2588,36.7704],[140.2588,36.7705],[140.2587,36.7707],[140.2587,36.7707],[140.2587,36.7708],[140.2586,36.771],[140.2585,36.7711],[140.2584,36.7711],[140.2583,36.7711],[140.2583,36.7712],[140.2581,36.7713],[140.2577,36.7715],[140.2573,36.7717],[140.2572,36.7717],[140.257,36.7717],[140.2568,36.7718],[140.2567,36.7718],[140.2566,36.7719],[140.2564,36.772],[140.2563,36.772],[140.2561,36.7721],[140.256,36.7721],[140.2559,36.7722],[140.2558,36.7723],[140.2557,36.7725],[140.2556,36.7726],[140.2554,36.7727],[140.2552,36.7728],[140.2551,36.7728],[140.255,36.7729],[140.2549,36.773],[140.2548,36.7731],[140.2548,36.7732],[140.2547,36.7733],[140.2545,36.7737],[140.2544,36.7738],[140.2543,36.774],[140.2543,36.774],[140.2541,36.7741],[140.2538,36.7743],[140.2538,36.7743],[140.2537,36.7744],[140.2537,36.7745],[140.2537,36.7746],[140.2537,36.7747],[140.2538,36.7748],[140.254,36.775],[140.254,36.775],[140.254,36.775],[140.2542,36.7751],[140.2544,36.7752],[140.2545,36.7753],[140.2548,36.7753],[140.2551,36.7752],[140.2552,36.7752],[140.2556,36.7753],[140.256,36.7753],[140.2562,36.7754],[140.2563,36.7756],[140.2564,36.7756],[140.2564,36.7758],[140.2565,36.776],[140.2565,36.7762],[140.2567,36.7763],[140.2568,36.7765],[140.2568,36.7765],[140.2569,36.7766],[140.2571,36.7768],[140.2573,36.7769],[140.2574,36.777],[140.2574,36.7771],[140.2574,36.7772],[140.2573,36.7774],[140.2572,36.7776],[140.2571,36.7778],[140.257,36.7778],[140.2568,36.7779],[140.2566,36.778],[140.2564,36.778],[140.2562,36.7781],[140.2561,36.7781],[140.2559,36.7782],[140.2557,36.7784],[140.2556,36.7785],[140.2553,36.7787],[140.2553,36.7788],[140.2552,36.7789],[140.2552,36.7791],[140.2552,36.7793],[140.2552,36.7795],[140.2552,36.7797],[140.2553,36.7798],[140.2554,36.78],[140.2556,36.7802],[140.2556,36.7803],[140.2556,36.7804],[140.2556,36.7805],[140.2554,36.7807],[140.2553,36.7808],[140.2551,36.7809],[140.2548,36.7812],[140.2546,36.7814],[140.2545,36.7815],[140.2545,36.7817],[140.2544,36.7818],[140.2543,36.782],[140.2542,36.782],[140.254,36.7821],[140.2539,36.7822],[140.2537,36.7822],[140.2537,36.7823],[140.2536,36.7825],[140.2536,36.7827],[140.2536,36.7829],[140.2536,36.783],[140.2537,36.7832],[140.2537,36.7833],[140.2537,36.7833],[140.2537,36.7834],[140.2537,36.7835],[140.2538,36.7837],[140.2539,36.7837],[140.254,36.7837],[140.2541,36.7837],[140.2545,36.7837],[140.2548,36.7838],[140.255,36.7838],[140.2552,36.7839],[140.2554,36.7839],[140.2557,36.784],[140.2559,36.7841],[140.2561,36.7841],[140.2563,36.7842],[140.2564,36.7843],[140.2565,36.7845],[140.2566,36.7846],[140.2567,36.7847],[140.2568,36.7849],[140.2568,36.785],[140.2569,36.7851],[140.257,36.7852],[140.2571,36.7852],[140.2573,36.7853],[140.2575,36.7854],[140.2577,36.7854],[140.2578,36.7854],[140.258,36.7854],[140.2583,36.7854],[140.2583,36.7855],[140.2583,36.7855],[140.2585,36.7855],[140.2587,36.7856],[140.2589,36.7857],[140.259,36.7858],[140.259,36.7858],[140.2592,36.7859],[140.2592,36.7859],[140.2593,36.7859],[140.2597,36.786],[140.26,36.7861],[140.2607,36.7863],[140.2608,36.7863],[140.261,36.7864],[140.2613,36.7865],[140.2615,36.7865],[140.2616,36.7866],[140.2617,36.7866],[140.2618,36.7865],[140.262,36.7864],[140.2622,36.7862],[140.2623,36.7862],[140.2627,36.786],[140.263,36.7859],[140.2633,36.7859],[140.2634,36.7859],[140.2635,36.7859],[140.2637,36.7861],[140.2638,36.7862],[140.264,36.7865],[140.2641,36.7867],[140.2642,36.7869],[140.2643,36.7871],[140.2643,36.7873],[140.2643,36.7874],[140.2643,36.7875],[140.2644,36.7876],[140.2644,36.7878],[140.2645,36.7878],[140.2646,36.7879],[140.2648,36.7882],[140.2649,36.7883],[140.265,36.7884],[140.2652,36.7886],[140.2653,36.7888],[140.2653,36.7888],[140.2654,36.789],[140.2654,36.7891],[140.2654,36.7893],[140.2654,36.7894],[140.2654,36.7895],[140.2655,36.7896],[140.2656,36.7897],[140.2658,36.7899],[140.2659,36.7901],[140.2662,36.7903],[140.2663,36.7904],[140.2664,36.7905],[140.2664,36.7905],[140.2664,36.7906],[140.2664,36.7907],[140.2665,36.7909],[140.2664,36.7911],[140.2664,36.7912],[140.2663,36.7914],[140.2663,36.7915],[140.2662,36.7917],[140.2662,36.7917],[140.2662,36.7917],[140.2662,36.7919],[140.2661,36.7921],[140.2661,36.7922],[140.266,36.7923],[140.2659,36.7925],[140.2659,36.7926],[140.2659,36.7927],[140.2659,36.7928],[140.2659,36.7929],[140.266,36.793],[140.266,36.793],[140.2659,36.7931],[140.2659,36.7932],[140.2657,36.7934],[140.2657,36.7934],[140.2657,36.7935],[140.2657,36.7937],[140.2657,36.7938],[140.2657,36.7939],[140.2658,36.7941],[140.2658,36.7941],[140.2657,36.7941],[140.2654,36.7942],[140.2651,36.7943],[140.2648,36.7944],[140.2646,36.7945],[140.2645,36.7946],[140.2645,36.7946],[140.2645,36.7946],[140.2646,36.7947],[140.2649,36.7949],[140.265,36.795],[140.2652,36.7951],[140.2654,36.7952],[140.2655,36.7953],[140.2656,36.7954],[140.2656,36.7955],[140.2658,36.7955],[140.2659,36.7957],[140.2661,36.7957],[140.2662,36.7958],[140.2663,36.7958],[140.2664,36.7959],[140.2665,36.796],[140.2665,36.7961],[140.2665,36.7963],[140.2666,36.7965],[140.2666,36.7966],[140.2666,36.7967],[140.2665,36.7968],[140.2665,36.797],[140.2665,36.7971],[140.2665,36.7972],[140.2665,36.7973],[140.2665,36.7974],[140.2666,36.7977],[140.2666,36.7978],[140.2666,36.7979],[140.2666,36.798],[140.2666,36.7981],[140.2666,36.7982],[140.2667,36.7983],[140.2667,36.7983],[140.2667,36.7983],[140.2667,36.7984],[140.2668,36.7985],[140.2669,36.7988],[140.267,36.799],[140.2671,36.7992],[140.2671,36.7993],[140.267,36.7995],[140.267,36.7997],[140.2669,36.8],[140.2669,36.8],[140.2669,36.8],[140.2668,36.8002],[140.2667,36.8004],[140.2667,36.8005],[140.2667,36.8005],[140.2666,36.8006],[140.2664,36.8008],[140.2663,36.8009],[140.2663,36.8011],[140.2663,36.8013],[140.2662,36.8015],[140.2662,36.8017],[140.2661,36.8021],[140.2659,36.8024],[140.2659,36.8025],[140.2659,36.8027],[140.2659,36.8029],[140.2659,36.8032],[140.266,36.8032],[140.2659,36.8033],[140.2659,36.8035],[140.2659,36.8035],[140.2659,36.8035],[140.2657,36.8036],[140.2656,36.8037],[140.2654,36.8038],[140.2652,36.8038],[140.265,36.8039],[140.2648,36.804],[140.2647,36.8041],[140.2646,36.8041],[140.2646,36.8042],[140.2647,36.8043],[140.2647,36.8044],[140.2647,36.8046],[140.2647,36.8046],[140.2647,36.8047],[140.2647,36.8048],[140.2648,36.805],[140.2649,36.8052],[140.2649,36.8053],[140.2649,36.8054],[140.2649,36.8056],[140.2649,36.8057],[140.2649,36.806],[140.2648,36.806],[140.2648,36.8062],[140.2647,36.8065],[140.2647,36.8066],[140.2647,36.8068],[140.2647,36.8071],[140.2647,36.8076],[140.2648,36.8077],[140.2648,36.8079],[140.2648,36.8081],[140.2648,36.8083],[140.2648,36.8083],[140.2648,36.8084],[140.2648,36.8085],[140.2648,36.8086],[140.2648,36.8087],[140.2646,36.8088],[140.2643,36.8091],[140.264,36.8094],[140.2638,36.8095],[140.2636,36.8096],[140.2635,36.8098],[140.2634,36.81],[140.2633,36.8101],[140.2633,36.8103],[140.2633,36.8104],[140.2634,36.8106],[140.2635,36.8108],[140.2635,36.811],[140.2636,36.8111],[140.2637,36.8113],[140.2638,36.8114],[140.2639,36.8114],[140.264,36.8115],[140.2641,36.8115],[140.2642,36.8116],[140.2643,36.8117],[140.2644,36.8118],[140.2645,36.8121],[140.2646,36.8123],[140.2647,36.8124],[140.2647,36.8125],[140.2648,36.8125],[140.2649,36.8126],[140.2652,36.8126],[140.2654,36.8126],[140.2656,36.8126],[140.2657,36.8127],[140.2659,36.8127],[140.2661,36.8128],[140.2663,36.8129],[140.2665,36.813],[140.2666,36.8131],[140.2666,36.8131],[140.2667,36.8132],[140.2667,36.8132],[140.2667,36.8132],[140.2667,36.8133],[140.2667,36.8135],[140.2667,36.8135],[140.2667,36.8136],[140.2666,36.8136],[140.2666,36.8137],[140.2666,36.8139],[140.2666,36.814],[140.2666,36.8141],[140.2667,36.8142],[140.2667,36.8143],[140.2667,36.8143],[140.2667,36.8144],[140.2667,36.8145],[140.2667,36.8146],[140.2667,36.8146],[140.2667,36.8146],[140.2666,36.8148],[140.2666,36.8149],[140.2667,36.8149],[140.2667,36.815],[140.2667,36.815],[140.2667,36.8151],[140.2668,36.8153],[140.2669,36.8154],[140.2669,36.8156],[140.2669,36.8158],[140.2669,36.8161],[140.2669,36.8163],[140.2669,36.8164],[140.2668,36.8165],[140.2668,36.8167],[140.2667,36.8167],[140.2667,36.8167],[140.2667,36.8168],[140.2667,36.8169],[140.2667,36.8169],[140.2669,36.8171],[140.2671,36.8172],[140.2673,36.8174],[140.2673,36.8175],[140.2674,36.8176],[140.2674,36.8177],[140.2674,36.8178],[140.2674,36.8178],[140.2673,36.8181],[140.2673,36.8183],[140.2672,36.8185],[140.2671,36.8186],[140.2669,36.8187],[140.2667,36.8189],[140.2667,36.8189],[140.2667,36.8189],[140.2666,36.819],[140.2665,36.8191],[140.2665,36.8192],[140.2665,36.8193],[140.2665,36.8195],[140.2665,36.8196],[140.2666,36.8197],[140.2666,36.8198],[140.2667,36.8199],[140.2667,36.8199],[140.2667,36.8199],[140.2667,36.8201],[140.2668,36.8203],[140.2667,36.8203],[140.2667,36.8204],[140.2667,36.8205],[140.2666,36.8205],[140.2666,36.8205],[140.2666,36.8206],[140.2666,36.8208],[140.2667,36.8209],[140.2667,36.8209],[140.2667,36.8212],[140.2667,36.8212],[140.2666,36.8213],[140.2666,36.8214],[140.2665,36.8215],[140.2664,36.8215],[140.2664,36.8216],[140.2663,36.8218],[140.2663,36.8219],[140.2662,36.8221],[140.2662,36.8224],[140.2662,36.8225],[140.2663,36.8226],[140.2664,36.8227],[140.2665,36.8228],[140.2667,36.823],[140.2667,36.823],[140.2667,36.823],[140.2668,36.8231],[140.267,36.8234],[140.2671,36.8236],[140.2672,36.8237],[140.2672,36.8237],[140.2672,36.8239],[140.2671,36.8241],[140.267,36.8243],[140.267,36.8246],[140.267,36.8247],[140.2669,36.8247],[140.2668,36.8249],[140.2667,36.825],[140.2667,36.825],[140.2666,36.825],[140.2666,36.825],[140.2666,36.825],[140.2662,36.8254],[140.2661,36.8255],[140.266,36.8256],[140.2657,36.8258],[140.2656,36.826],[140.2655,36.8261],[140.2655,36.8262],[140.2655,36.8262],[140.2657,36.8264],[140.2657,36.8265],[140.2658,36.8265],[140.2657,36.8266],[140.2657,36.8267],[140.2654,36.8274],[140.2654,36.8275],[140.2652,36.8276],[140.265,36.8278],[140.2649,36.828],[140.2649,36.828],[140.2649,36.8281],[140.2652,36.8283],[140.2656,36.8286],[140.2657,36.8287],[140.2657,36.8288],[140.2657,36.8289],[140.2657,36.829],[140.2656,36.8291],[140.2655,36.8292],[140.2653,36.8293],[140.2652,36.8294],[140.2651,36.8295],[140.2651,36.8297],[140.2651,36.8298],[140.265,36.8299],[140.265,36.83],[140.2649,36.8301],[140.2647,36.8304],[140.2646,36.8305],[140.2645,36.8305],[140.2644,36.8305],[140.2641,36.8305],[140.2641,36.8305],[140.264,36.8306],[140.2638,36.8307],[140.2637,36.8309],[140.2636,36.8311],[140.2635,36.8313],[140.2635,36.8314],[140.2635,36.8315],[140.2635,36.8316],[140.2635,36.8317],[140.2635,36.8318],[140.2633,36.8318],[140.2632,36.8318],[140.263,36.8318],[140.2628,36.8318],[140.2627,36.8319],[140.2627,36.8319],[140.2626,36.8322],[140.2625,36.8324],[140.2624,36.8326],[140.2623,36.8328],[140.2623,36.8329],[140.2623,36.833],[140.2623,36.833],[140.2625,36.8332],[140.2626,36.8333],[140.2626,36.8333],[140.2626,36.8333],[140.2627,36.8334],[140.2627,36.8335],[140.2627,36.8336],[140.2627,36.8337],[140.2627,36.8338],[140.2626,36.834],[140.2626,36.8341],[140.2626,36.8342],[140.2625,36.8343],[140.2625,36.8344],[140.2624,36.8346],[140.2625,36.8347],[140.2626,36.8348],[140.2627,36.835],[140.2628,36.8351],[140.2629,36.8353],[140.263,36.8355],[140.263,36.8356],[140.263,36.8358],[140.263,36.8359],[140.2629,36.836],[140.2629,36.8362],[140.2627,36.8364],[140.2627,36.8365],[140.2626,36.8367],[140.2624,36.8368],[140.2623,36.8369],[140.2621,36.8371],[140.2619,36.8373],[140.2617,36.8375],[140.2616,36.8377],[140.2615,36.8378],[140.2615,36.8379],[140.2613,36.838],[140.261,36.838],[140.2608,36.838],[140.2603,36.8381],[140.2601,36.8381],[140.2599,36.838],[140.2598,36.8379],[140.2596,36.8379],[140.2594,36.8379],[140.2593,36.838],[140.2592,36.8381],[140.259,36.8382],[140.2589,36.8382],[140.2588,36.8383],[140.2587,36.8383],[140.2584,36.8384],[140.2583,36.8384],[140.2583,36.8384],[140.2581,36.8384],[140.2578,36.8384],[140.2576,36.8383],[140.2574,36.8383],[140.2572,36.8383],[140.2571,36.8384],[140.257,36.8388],[140.2567,36.8391],[140.2566,36.8393],[140.2565,36.8395],[140.2565,36.8395],[140.2564,36.8398],[140.2563,36.8399],[140.2562,36.8401],[140.2558,36.8403],[140.2556,36.8404],[140.2554,36.8405],[140.2553,36.8407],[140.2553,36.8409],[140.2553,36.841],[140.2553,36.8411],[140.2552,36.8413],[140.2551,36.8416],[140.2551,36.8417],[140.2551,36.8417],[140.255,36.8419],[140.255,36.8421],[140.255,36.8423],[140.2551,36.8425],[140.2553,36.8428],[140.2554,36.843],[140.2554,36.8432],[140.2555,36.8435],[140.2555,36.8436],[140.2555,36.8437],[140.2555,36.8438],[140.2556,36.8441],[140.2558,36.8442],[140.2561,36.8446],[140.2562,36.8449],[140.2561,36.8452],[140.2561,36.8455],[140.2562,36.8457],[140.2563,36.846],[140.2564,36.8463],[140.2565,36.8464],[140.2568,36.8466],[140.257,36.8467],[140.257,36.847],[140.2569,36.8472],[140.2568,36.8474],[140.2568,36.8477],[140.2568,36.8478],[140.2567,36.8481],[140.2565,36.8482],[140.2563,36.8483],[140.2561,36.8483],[140.2558,36.8483],[140.2553,36.8483],[140.2552,36.8483],[140.2551,36.8484],[140.255,36.8485],[140.2548,36.8486],[140.2547,36.8487],[140.2544,36.8488],[140.2541,36.8489],[140.2537,36.8491],[140.2533,36.8492],[140.2529,36.8493],[140.2527,36.8494],[140.2526,36.8496],[140.2526,36.8499],[140.2526,36.85],[140.2526,36.85],[140.2524,36.8502],[140.2523,36.8505],[140.2521,36.8507],[140.252,36.851],[140.252,36.8511],[140.2521,36.8512],[140.2523,36.8514],[140.2523,36.8514],[140.2522,36.8516],[140.252,36.8517],[140.2517,36.852],[140.2516,36.8522],[140.2515,36.8525],[140.2517,36.8527],[140.2517,36.8529],[140.2517,36.8531],[140.2517,36.8533],[140.2517,36.8534],[140.2519,36.8537],[140.2519,36.854],[140.2519,36.8541],[140.2518,36.8543],[140.2518,36.8544],[140.2518,36.8545],[140.252,36.8548],[140.2523,36.8549],[140.2525,36.8551],[140.2526,36.8552],[140.2528,36.8553],[140.2528,36.8554],[140.2529,36.8558],[140.2529,36.8561],[140.2529,36.8564],[140.2529,36.8566],[140.253,36.8568],[140.253,36.8571],[140.2531,36.8575],[140.2531,36.8578],[140.2532,36.8582],[140.2532,36.8583],[140.2532,36.8583],[140.2533,36.8586],[140.2533,36.8589],[140.2534,36.8592],[140.2535,36.8594],[140.2537,36.8596],[140.2541,36.8599],[140.2543,36.8601],[140.2544,36.8604],[140.2543,36.8608],[140.2542,36.8609],[140.2539,36.861],[140.2538,36.8613],[140.2538,36.8615],[140.254,36.8618],[140.254,36.8621],[140.254,36.8626],[140.2539,36.8629],[140.2538,36.863],[140.2537,36.8632],[140.2537,36.8633],[140.2537,36.8635],[140.2538,36.8636],[140.2539,36.8637],[140.254,36.8639],[140.2541,36.864],[140.254,36.8642],[140.2539,36.8644],[140.2539,36.8647],[140.2539,36.865],[140.254,36.8653],[140.254,36.8655],[140.2541,36.8656],[140.2543,36.8658],[140.2545,36.866],[140.2545,36.8661],[140.2545,36.8662],[140.2545,36.8663],[140.2545,36.8666],[140.2545,36.8667],[140.2545,36.8667],[140.2547,36.8669],[140.2547,36.8671],[140.2547,36.8673],[140.2547,36.8676],[140.2546,36.8678],[140.2545,36.868],[140.2545,36.8683],[140.2544,36.8686],[140.2543,36.8688],[140.2542,36.869],[140.2542,36.8693],[140.2542,36.8695],[140.2543,36.8697],[140.2546,36.87],[140.2548,36.8702],[140.255,36.8704],[140.2552,36.8707],[140.2552,36.8709],[140.2553,36.8711],[140.2554,36.8713],[140.2556,36.8716],[140.2558,36.8718],[140.2559,36.872],[140.2559,36.872],[140.256,36.8721],[140.2561,36.8724],[140.2565,36.8727],[140.2566,36.8729],[140.2567,36.8731],[140.2567,36.8732],[140.2567,36.8735],[140.2566,36.8738],[140.2565,36.874],[140.2563,36.8742],[140.2561,36.8744],[140.2559,36.8745],[140.2557,36.8749],[140.2556,36.875],[140.2556,36.875],[140.2556,36.875],[140.2555,36.8752],[140.2554,36.8754],[140.2554,36.8756],[140.2554,36.8759],[140.2554,36.8762],[140.2554,36.8764],[140.2554,36.8765],[140.2552,36.8766],[140.2549,36.8767],[140.2546,36.8769],[140.2543,36.877],[140.2541,36.8771],[140.254,36.8773],[140.2539,36.8776],[140.2539,36.8778],[140.2539,36.878],[140.2539,36.8781],[140.2538,36.8784],[140.2539,36.8785],[140.2539,36.8787],[140.254,36.8788],[140.2542,36.879],[140.2543,36.8793],[140.2543,36.8796],[140.2544,36.8798],[140.2544,36.8798],[140.2545,36.8801],[140.2545,36.8803],[140.2544,36.8805],[140.2541,36.8808],[140.2539,36.881],[140.2538,36.8813],[140.2537,36.8815],[140.2537,36.8817],[140.2538,36.8819],[140.2539,36.8821],[140.2542,36.8823],[140.2543,36.8825],[140.2544,36.8828],[140.2545,36.883],[140.2547,36.8832],[140.255,36.8833],[140.255,36.8833],[140.255,36.8833],[140.2551,36.8834],[140.2551,36.8835],[140.2551,36.8836],[140.2551,36.8839],[140.2549,36.8844],[140.2547,36.8846],[140.2546,36.8847],[140.2542,36.885],[140.2538,36.8852],[140.2536,36.8853],[140.2534,36.8854],[140.2531,36.8856],[140.2529,36.8857],[140.2528,36.8858],[140.253,36.8861],[140.2531,36.8863],[140.2533,36.8864],[140.2535,36.8867],[140.2536,36.8868],[140.2536,36.887],[140.2537,36.8872],[140.2537,36.8872],[140.2536,36.8874],[140.2536,36.8875],[140.2533,36.8878],[140.2533,36.8879],[140.2533,36.888],[140.2534,36.8884],[140.2536,36.8886],[140.2536,36.8888],[140.2537,36.889],[140.2537,36.8892],[140.2538,36.8895],[140.2537,36.8897],[140.2537,36.8899],[140.2537,36.8904],[140.2538,36.8906],[140.2539,36.8907],[140.254,36.8908],[140.2541,36.8909],[140.2543,36.8911],[140.2543,36.8913],[140.2542,36.8916],[140.2542,36.8917],[140.2542,36.8917],[140.2541,36.892],[140.254,36.8921],[140.2537,36.8923],[140.2535,36.8924],[140.2534,36.8926],[140.2534,36.8927],[140.2533,36.893],[140.2534,36.8933],[140.2533,36.8935],[140.2533,36.8937],[140.2531,36.894],[140.2531,36.8942],[140.2531,36.8944],[140.2532,36.8945],[140.2533,36.8947],[140.2535,36.8949],[140.2535,36.8951],[140.2534,36.8953],[140.2533,36.8955],[140.2533,36.8955],[140.2532,36.8957],[140.2532,36.8959],[140.2531,36.8961],[140.2529,36.8963],[140.2528,36.8964],[140.2523,36.8965],[140.2519,36.8966],[140.2517,36.8968],[140.2514,36.8969],[140.2513,36.897],[140.2514,36.8972],[140.2515,36.8974],[140.2518,36.8976],[140.2519,36.8977],[140.2519,36.8979],[140.2519,36.8981],[140.2519,36.8982],[140.2518,36.8984],[140.2518,36.8986],[140.2518,36.8988],[140.2517,36.8989],[140.2515,36.8992],[140.2514,36.8993],[140.2514,36.8995],[140.2513,36.8998],[140.2512,36.9],[140.2512,36.9],[140.2511,36.9001],[140.251,36.9003],[140.2508,36.9004],[140.2507,36.9007],[140.2507,36.9009],[140.2506,36.9011],[140.2506,36.9013],[140.2505,36.9015],[140.2505,36.9017],[140.2505,36.902],[140.2506,36.9022],[140.2508,36.9026],[140.2508,36.9028],[140.2508,36.903],[140.2508,36.9032],[140.2508,36.9032],[140.2507,36.9034],[140.2507,36.9037],[140.2506,36.9039],[140.2505,36.9042],[140.2504,36.9044],[140.2504,36.9047],[140.2504,36.9049],[140.2505,36.9051],[140.2506,36.9052],[140.2506,36.9054],[140.2506,36.9056],[140.2505,36.9061],[140.2504,36.9062],[140.2504,36.9064],[140.2502,36.9066],[140.2501,36.9068],[140.25,36.9069],[140.25,36.9069],[140.2499,36.907],[140.2497,36.9072],[140.2496,36.9073],[140.2495,36.9075],[140.2492,36.9076],[140.2491,36.9076],[140.2491,36.9079],[140.249,36.9083],[140.249,36.9083],[140.249,36.9083],[140.249,36.9084],[140.2488,36.9086],[140.2487,36.9089],[140.2487,36.909],[140.2487,36.9092],[140.2488,36.9096],[140.2488,36.9097],[140.2488,36.9098],[140.249,36.9101],[140.2491,36.9105],[140.2492,36.9106],[140.2492,36.9107],[140.249,36.911],[140.2489,36.9113],[140.2488,36.9115],[140.2488,36.9115],[140.2489,36.9118],[140.2489,36.9119],[140.2491,36.9121],[140.2491,36.9122],[140.2492,36.9124],[140.2493,36.9125],[140.2496,36.9128],[140.2497,36.913],[140.2497,36.9132],[140.2496,36.9134],[140.2495,36.9136],[140.2494,36.9137],[140.2494,36.9139],[140.2494,36.914],[140.2494,36.9141],[140.2494,36.9143],[140.2495,36.9146],[140.2497,36.9148],[140.2499,36.9151],[140.25,36.9151],[140.25,36.9152],[140.25,36.9152],[140.2501,36.9154],[140.2501,36.9158],[140.25,36.916],[140.25,36.916],[140.25,36.916],[140.2499,36.9161],[140.2498,36.9162],[140.2497,36.9165],[140.2498,36.9167],[140.2498,36.9167],[140.2498,36.9167],[140.2499,36.9168],[140.25,36.917],[140.25,36.917],[140.2501,36.917],[140.2501,36.9172],[140.2501,36.9173],[140.25,36.9175],[140.25,36.9175],[140.25,36.9175],[140.2498,36.9178],[140.2497,36.918],[140.2496,36.9183],[140.2494,36.9185],[140.2492,36.919],[140.2489,36.9196],[140.2488,36.9198],[140.2487,36.9199],[140.2485,36.9205],[140.2484,36.9209],[140.2484,36.9211],[140.2484,36.9213],[140.2484,36.9215],[140.2485,36.9217],[140.2487,36.922],[140.2488,36.9221],[140.2489,36.9223],[140.2489,36.9225],[140.249,36.9232],[140.2492,36.9233],[140.2496,36.9234],[140.25,36.9236],[140.25,36.9236],[140.2501,36.9236],[140.2504,36.9238],[140.2509,36.9242],[140.2509,36.9244],[140.2509,36.9248],[140.251,36.925],[140.251,36.925],[140.251,36.9251],[140.2512,36.9254],[140.2515,36.9257],[140.2516,36.9261],[140.2517,36.9265],[140.252,36.9269],[140.2521,36.9272],[140.2523,36.9276],[140.2524,36.9279],[140.2524,36.9281],[140.2524,36.9283],[140.2524,36.9285],[140.2524,36.9286],[140.2524,36.9287],[140.2525,36.9288],[140.2526,36.9288],[140.2526,36.9289],[140.2529,36.9291],[140.2531,36.9293],[140.2535,36.9297],[140.2537,36.9299],[140.254,36.93],[140.2543,36.93],[140.2546,36.9301],[140.2547,36.9301],[140.2548,36.9302],[140.255,36.9303],[140.2554,36.9308],[140.2557,36.9311],[140.2561,36.9316],[140.2565,36.932],[140.2567,36.9321],[140.257,36.9323],[140.2575,36.9326],[140.2578,36.9327],[140.2583,36.9328],[140.2583,36.9328],[140.2584,36.9328],[140.259,36.9329],[140.2599,36.9332],[140.2601,36.9333],[140.2604,36.9333],[140.2604,36.9333],[140.2605,36.9334],[140.2609,36.9334],[140.2611,36.9334],[140.2613,36.9333],[140.2613,36.9333],[140.2617,36.9332],[140.262,36.933],[140.2622,36.933],[140.2624,36.933],[140.2626,36.933],[140.2627,36.933],[140.2629,36.9329],[140.2633,36.9331],[140.2637,36.9332],[140.2643,36.9333],[140.2647,36.9332],[140.2649,36.9331],[140.265,36.9331],[140.2657,36.9331],[140.2659,36.9331],[140.266,36.933],[140.2663,36.9328],[140.2665,36.9327],[140.2667,36.9326],[140.2667,36.9326],[140.2668,36.9326],[140.2674,36.9325],[140.2678,36.9323],[140.2688,36.9318],[140.2692,36.9316],[140.2695,36.9315],[140.2695,36.9315],[140.27,36.9313],[140.2707,36.931],[140.271,36.9309],[140.272,36.9307],[140.2723,36.9306],[140.273,36.9302],[140.2736,36.9304],[140.274,36.9306],[140.2741,36.9306],[140.2749,36.9307],[140.275,36.9307],[140.275,36.9308],[140.2756,36.9309],[140.2758,36.9309],[140.2761,36.9309],[140.2767,36.931],[140.2771,36.9311],[140.2773,36.9311],[140.2775,36.9312],[140.278,36.9316],[140.2782,36.9318],[140.2784,36.9319],[140.2785,36.9321],[140.2789,36.9323],[140.2791,36.9325],[140.2793,36.9326],[140.2793,36.9329],[140.2794,36.9333],[140.2794,36.9333],[140.2794,36.9333],[140.2794,36.9335],[140.2795,36.9337],[140.2796,36.9339],[140.2801,36.9341],[140.2803,36.9342],[140.2809,36.9345],[140.2811,36.9346],[140.2817,36.9348],[140.2824,36.935],[140.2827,36.935],[140.2828,36.9351],[140.2831,36.9351],[140.2833,36.9352],[140.2833,36.9352],[140.2836,36.9352],[140.2843,36.9354],[140.2848,36.9355],[140.2851,36.9355],[140.2856,36.9355],[140.2858,36.9355],[140.286,36.9354],[140.2864,36.9351],[140.2869,36.9348],[140.2876,36.9343],[140.2879,36.9341],[140.2883,36.9336],[140.2885,36.9334],[140.2886,36.9333],[140.2886,36.9333],[140.2888,36.9332],[140.2893,36.9331],[140.2897,36.933],[140.29,36.933],[140.2903,36.9329],[140.2904,36.9329],[140.2906,36.9329],[140.2909,36.9329],[140.2911,36.9329],[140.2917,36.933],[140.2917,36.933],[140.2921,36.9331],[140.2927,36.9332],[140.2928,36.9329],[140.293,36.9328],[140.293,36.9327],[140.2931,36.9325],[140.2932,36.9323],[140.2934,36.9322],[140.2937,36.932],[140.2943,36.9315],[140.2945,36.9314],[140.2945,36.9312],[140.2946,36.9311],[140.2946,36.9308],[140.2947,36.9307],[140.2949,36.9306],[140.2952,36.9305],[140.2955,36.9304],[140.2957,36.9302],[140.2958,36.93],[140.296,36.9299],[140.2962,36.9297],[140.2965,36.9293],[140.2968,36.9291],[140.297,36.9289],[140.2972,36.9289],[140.2973,36.9289],[140.2974,36.929],[140.2975,36.929],[140.2978,36.9291],[140.298,36.9292],[140.2986,36.9295],[140.2989,36.9293],[140.299,36.9291],[140.2994,36.9287],[140.2996,36.9286],[140.3,36.9283],[140.3,36.9283],[140.3001,36.9282],[140.3003,36.928],[140.3006,36.9279],[140.3007,36.9278],[140.3008,36.9278],[140.3013,36.9276],[140.3025,36.9271],[140.3027,36.927],[140.303,36.9269],[140.303,36.9267],[140.303,36.9265],[140.3029,36.9262],[140.3029,36.926],[140.3028,36.9257],[140.3029,36.9255],[140.3031,36.9253],[140.3032,36.9252],[140.3035,36.925],[140.3035,36.925],[140.3038,36.9248],[140.3041,36.9247],[140.3048,36.9242],[140.3051,36.9241],[140.3054,36.924],[140.3058,36.9238],[140.3059,36.9237],[140.3061,36.9235],[140.3062,36.9234],[140.3064,36.923],[140.3066,36.9223],[140.3069,36.922],[140.3072,36.9218],[140.3073,36.9216],[140.3073,36.9216],[140.3074,36.9212],[140.3074,36.9209],[140.3074,36.9202],[140.3074,36.9199],[140.3075,36.9198],[140.3075,36.9196],[140.3076,36.9194],[140.3076,36.9193],[140.3077,36.9192],[140.308,36.9191],[140.3083,36.919],[140.3083,36.919],[140.3084,36.919],[140.3087,36.9189],[140.3089,36.9188],[140.3093,36.9185],[140.3097,36.9183],[140.31,36.9181],[140.3103,36.9178],[140.3105,36.9174],[140.3108,36.9171],[140.3108,36.9168],[140.3109,36.9167],[140.3109,36.9167],[140.3109,36.9165],[140.311,36.9163],[140.3112,36.9161],[140.3114,36.9159],[140.3118,36.9157],[140.3123,36.9157],[140.3126,36.9157],[140.3128,36.9157],[140.3131,36.9157],[140.3132,36.9157],[140.3134,36.9154],[140.3136,36.9152],[140.3137,36.9151],[140.3139,36.9148],[140.3142,36.9146],[140.3145,36.9144],[140.3149,36.9142],[140.315,36.9141],[140.3151,36.914],[140.3153,36.9138],[140.3155,36.9137],[140.3156,36.9136],[140.3158,36.9135],[140.3161,36.9134],[140.3165,36.9133],[140.3167,36.9133],[140.3167,36.9133],[140.3168,36.9133],[140.3172,36.9132],[140.3174,36.9132],[140.3176,36.9129],[140.3177,36.9127],[140.3178,36.9124],[140.3179,36.9119],[140.3179,36.9116],[140.3179,36.9113],[140.3179,36.9111],[140.318,36.9109],[140.318,36.9109],[140.3183,36.9106],[140.3185,36.9103],[140.319,36.9099],[140.3193,36.9098],[140.3194,36.9097],[140.3198,36.9094],[140.3202,36.909],[140.3204,36.9088],[140.3208,36.9085],[140.3211,36.9083],[140.3211,36.9083],[140.3212,36.9083],[140.3214,36.9082],[140.3217,36.908],[140.3218,36.9078],[140.3219,36.9078],[140.322,36.9074],[140.3222,36.9071],[140.3222,36.9069],[140.3222,36.9066],[140.3222,36.9063],[140.3222,36.9061],[140.3221,36.9059],[140.3221,36.9057],[140.3221,36.9054],[140.3221,36.9052],[140.3222,36.905],[140.3222,36.9047],[140.3222,36.9045],[140.3224,36.9041],[140.3226,36.9038],[140.3228,36.9035],[140.3229,36.9032],[140.3231,36.9029],[140.3232,36.9027],[140.3233,36.9025],[140.3234,36.9022],[140.3233,36.9019],[140.3233,36.9016],[140.3232,36.9012],[140.3231,36.9008],[140.323,36.9005],[140.323,36.9002],[140.323,36.9],[140.323,36.9],[140.323,36.8999],[140.3231,36.8997],[140.3231,36.8994],[140.3231,36.8992],[140.3231,36.8991],[140.3232,36.8987],[140.3232,36.8984],[140.3233,36.8982],[140.3234,36.8978],[140.3235,36.8974],[140.3237,36.8971],[140.3238,36.8969],[140.3239,36.8966],[140.3241,36.8964],[140.3242,36.8961],[140.3242,36.896],[140.3242,36.8958],[140.3241,36.8956],[140.324,36.8954],[140.3239,36.895],[140.3238,36.8949],[140.3238,36.8947],[140.3239,36.8944],[140.3239,36.8941],[140.3239,36.8938],[140.3239,36.8937],[140.3239,36.8935],[140.324,36.8933],[140.3242,36.8932],[140.3245,36.8931],[140.3248,36.8931],[140.325,36.893],[140.325,36.8929],[140.325,36.8929],[140.3254,36.8928],[140.3256,36.8927],[140.3257,36.8925],[140.3258,36.8923],[140.3259,36.8922],[140.3261,36.8918],[140.3262,36.8917],[140.3262,36.8917],[140.3263,36.8916],[140.3265,36.8913],[140.3265,36.8913],[140.3267,36.8912],[140.3269,36.8912],[140.3272,36.8911],[140.3278,36.8911],[140.3284,36.8911],[140.3289,36.8911],[140.3293,36.8911],[140.3296,36.8911],[140.3299,36.891],[140.3302,36.8908],[140.3304,36.8908],[140.3307,36.8906],[140.3311,36.8903],[140.3313,36.8903],[140.3316,36.8902],[140.3318,36.8901],[140.3321,36.89],[140.3322,36.8899],[140.3324,36.8897],[140.3326,36.8895],[140.3328,36.8893],[140.333,36.8892],[140.3331,36.889],[140.3333,36.8889],[140.3333,36.8889],[140.3333,36.8889],[140.3337,36.8888],[140.3341,36.8888],[140.3342,36.8888],[140.3344,36.8887],[140.3347,36.8885],[140.335,36.8884],[140.3351,36.8884],[140.3353,36.8884],[140.3359,36.8886],[140.3361,36.8886],[140.3364,36.8886],[140.3366,36.8886],[140.3367,36.8886],[140.3369,36.8885],[140.337,36.8881],[140.3372,36.8879],[140.3374,36.8877],[140.3375,36.8876],[140.3377,36.8874],[140.3381,36.8874],[140.3384,36.8874],[140.3386,36.8874],[140.3388,36.8872],[140.3391,36.8871],[140.3394,36.8869],[140.3398,36.8867],[140.3401,36.8866],[140.3404,36.8865],[140.3406,36.8864],[140.3408,36.8863],[140.341,36.8862],[140.3413,36.8862],[140.3416,36.8862],[140.3417,36.8862],[140.3417,36.8862],[140.342,36.8862],[140.3422,36.8862],[140.3424,36.8862],[140.3427,36.8861],[140.3431,36.8861],[140.3435,36.8861],[140.3436,36.8861],[140.3437,36.8861],[140.3438,36.8858],[140.3439,36.8856],[140.3441,36.8856],[140.3441,36.8856],[140.3444,36.8855],[140.3449,36.8853],[140.3454,36.8852],[140.3457,36.8852],[140.3457,36.8852],[140.3464,36.885],[140.3466,36.885],[140.3469,36.8851],[140.3473,36.8851],[140.3477,36.8852],[140.3481,36.8854],[140.3486,36.8857],[140.3492,36.8862],[140.3495,36.8863],[140.3497,36.8864],[140.35,36.8865],[140.35,36.8865],[140.3501,36.8865],[140.3504,36.8865],[140.3504,36.8865],[140.351,36.8865],[140.3512,36.8865],[140.3514,36.8864],[140.3515,36.8863],[140.3518,36.8863],[140.3521,36.8862],[140.3524,36.8861],[140.3526,36.886],[140.3526,36.8858],[140.3526,36.8856],[140.3527,36.8854],[140.3529,36.8852],[140.3532,36.8851],[140.3534,36.8851],[140.3536,36.8851],[140.3538,36.8851],[140.3542,36.885],[140.3547,36.8847],[140.3551,36.8845],[140.3552,36.8844],[140.3553,36.8844],[140.3556,36.8844],[140.3558,36.8845],[140.3561,36.8846],[140.3564,36.8846],[140.3567,36.8847],[140.3575,36.885],[140.3579,36.8852],[140.3581,36.8852],[140.3583,36.8853],[140.3583,36.8853],[140.3586,36.8854],[140.3588,36.8854],[140.3589,36.8853],[140.3592,36.8852],[140.3595,36.8851],[140.3597,36.8851],[140.3599,36.8851],[140.3601,36.8853],[140.3604,36.8855],[140.3605,36.8856],[140.3606,36.8857],[140.3608,36.8856],[140.3612,36.8854],[140.3615,36.8854],[140.3617,36.8854],[140.3619,36.8854],[140.362,36.8853],[140.362,36.8852],[140.3622,36.8851],[140.3624,36.885],[140.3626,36.885],[140.3628,36.8851],[140.363,36.8851],[140.3631,36.885],[140.3632,36.8848],[140.3633,36.8846],[140.3634,36.8845],[140.3638,36.8844],[140.364,36.8843],[140.3642,36.8842],[140.3645,36.8842],[140.3647,36.8843],[140.3647,36.8843],[140.3649,36.8844],[140.3651,36.8844],[140.3652,36.8843],[140.3653,36.8842],[140.3653,36.884],[140.3653,36.8839],[140.3654,36.8836],[140.3656,36.8834],[140.3657,36.8833],[140.3657,36.8833],[140.3659,36.8832],[140.3659,36.8831],[140.3659,36.8829],[140.3659,36.8826],[140.3659,36.8825],[140.3661,36.8823],[140.3664,36.882],[140.3664,36.8819],[140.3665,36.8816],[140.3665,36.8815],[140.3666,36.8814],[140.3667,36.8814],[140.3667,36.8814],[140.3669,36.8813],[140.3671,36.8813],[140.3672,36.8812],[140.3674,36.881],[140.3676,36.8807],[140.3678,36.8805],[140.3678,36.8803],[140.3678,36.8801],[140.3679,36.8799],[140.3679,36.8796],[140.368,36.8794],[140.3681,36.8792],[140.3682,36.879],[140.3683,36.8788],[140.3684,36.8786],[140.3683,36.8783],[140.3683,36.8782],[140.3684,36.878],[140.3685,36.8778],[140.3685,36.8776],[140.3684,36.8774],[140.3685,36.8772],[140.3685,36.8771],[140.3687,36.8769],[140.3687,36.8769],[140.369,36.8767],[140.3692,36.8765],[140.3694,36.8763],[140.3695,36.8761],[140.3694,36.8759],[140.3694,36.8758],[140.3693,36.8755],[140.3692,36.8754],[140.3692,36.8751],[140.3692,36.875],[140.3692,36.875],[140.3692,36.8749],[140.3693,36.8747],[140.3696,36.8745],[140.3698,36.8743],[140.37,36.8742],[140.3701,36.8741],[140.3704,36.8739],[140.3706,36.8736],[140.3708,36.8734],[140.371,36.873],[140.3712,36.8727],[140.3713,36.8723],[140.3714,36.872],[140.3714,36.8717],[140.3714,36.8716],[140.3716,36.8715],[140.3717,36.8714],[140.3721,36.8713],[140.3724,36.8713],[140.3724,36.8713],[140.3724,36.8711],[140.3723,36.8707],[140.3721,36.8704],[140.3719,36.8702],[140.3717,36.87],[140.3714,36.8698],[140.3712,36.8696],[140.3706,36.8692],[140.3705,36.8691],[140.3704,36.8689],[140.3699,36.8685],[140.3697,36.8683],[140.3697,36.8682],[140.3696,36.868],[140.3695,36.8678],[140.3691,36.8676],[140.3689,36.8675],[140.3687,36.8674],[140.3687,36.8672],[140.3686,36.8671],[140.3686,36.8669],[140.3686,36.8667],[140.3686,36.8667],[140.3686,36.8667],[140.3686,36.8665],[140.3685,36.8663],[140.3685,36.8662],[140.3683,36.866],[140.3683,36.8659],[140.3683,36.8657],[140.3683,36.8656],[140.3686,36.8653],[140.3687,36.8651],[140.3688,36.8649],[140.3689,36.8649],[140.3691,36.8646],[140.3692,36.8644],[140.3693,36.8641],[140.3695,36.8639],[140.3696,36.8635],[140.3696,36.8633],[140.3696,36.8631],[140.3694,36.863],[140.3693,36.8629],[140.369,36.8627],[140.3689,36.8626],[140.3689,36.8626],[140.3687,36.8624],[140.3687,36.8622],[140.3686,36.8621],[140.3686,36.8618],[140.3685,36.8616],[140.3684,36.8614],[140.3684,36.8612],[140.3685,36.8611],[140.3685,36.861],[140.3687,36.8607],[140.3687,36.8605],[140.3688,36.8601],[140.3689,36.8599],[140.3689,36.8598],[140.3689,36.8596],[140.369,36.8593],[140.369,36.859],[140.369,36.8588],[140.3693,36.8586],[140.3695,36.8584],[140.3695,36.8583],[140.3695,36.8583],[140.3696,36.8582],[140.3697,36.858],[140.3697,36.8578],[140.3698,36.8577],[140.3699,36.8575],[140.3699,36.8574],[140.3699,36.8571],[140.37,36.8569],[140.37,36.8567],[140.37,36.8566],[140.3701,36.8564],[140.3703,36.8562],[140.3704,36.856],[140.3705,36.8558],[140.3706,36.8555],[140.3706,36.8552],[140.3706,36.8551],[140.3707,36.855],[140.3709,36.855],[140.3712,36.8551],[140.3712,36.8552],[140.3714,36.8553],[140.3715,36.8553],[140.3717,36.8554],[140.3718,36.8554],[140.372,36.855],[140.3721,36.8549],[140.372,36.8547],[140.372,36.8545],[140.3721,36.8541],[140.3721,36.8539],[140.3722,36.8537],[140.3724,36.8535],[140.3727,36.8532],[140.3728,36.8531],[140.373,36.8529],[140.3731,36.8526],[140.3732,36.8524],[140.3734,36.8522],[140.3735,36.8521],[140.3738,36.8519],[140.3739,36.8517],[140.3741,36.8516],[140.3743,36.8514],[140.3745,36.8512],[140.3747,36.851],[140.3749,36.8508],[140.375,36.8506],[140.375,36.8506],[140.375,36.8505],[140.3752,36.8502],[140.3753,36.85],[140.3753,36.85],[140.3753,36.85],[140.3754,36.8498],[140.3754,36.8496],[140.3754,36.8493],[140.3754,36.8491],[140.3753,36.8489],[140.3752,36.8487],[140.3752,36.8486],[140.3752,36.8486],[140.3753,36.8485],[140.3756,36.8481],[140.3757,36.848],[140.3759,36.8478],[140.376,36.8476],[140.3761,36.8476],[140.3762,36.8474],[140.3763,36.8473],[140.3764,36.8472],[140.3766,36.8472],[140.3767,36.8471],[140.3768,36.8471],[140.3769,36.847],[140.3769,36.8469],[140.3768,36.8467],[140.3767,36.8465],[140.3765,36.8462],[140.3764,36.8461],[140.3764,36.846],[140.3763,36.8457],[140.3763,36.8454],[140.3763,36.8452],[140.3763,36.845],[140.3763,36.8449],[140.3764,36.8447],[140.3765,36.8446],[140.3767,36.8444],[140.3768,36.8443],[140.377,36.8442],[140.3772,36.8441],[140.3774,36.844],[140.3775,36.8438],[140.3776,36.8437],[140.3777,36.8434],[140.3777,36.8431],[140.3777,36.843],[140.3775,36.8428],[140.3775,36.8427],[140.3772,36.8426],[140.377,36.8424],[140.3768,36.8424],[140.3765,36.8423],[140.3763,36.8423],[140.3763,36.8422],[140.3761,36.842],[140.376,36.8417],[140.376,36.8417],[140.376,36.8417],[140.3759,36.8415],[140.3759,36.8414],[140.3759,36.8412],[140.376,36.841],[140.3761,36.8409],[140.3762,36.8406],[140.3763,36.8405],[140.3763,36.8403],[140.3763,36.8403],[140.3764,36.8401],[140.3763,36.8399],[140.3763,36.8397],[140.3764,36.8396],[140.3765,36.8393],[140.3765,36.8391],[140.3766,36.8389],[140.3767,36.8387],[140.3768,36.8385],[140.3768,36.8384],[140.3769,36.8382],[140.3771,36.8381],[140.3772,36.8379],[140.3774,36.8379],[140.3777,36.8378],[140.378,36.8377],[140.3783,36.8376],[140.3785,36.8375],[140.3788,36.8374],[140.3791,36.8373],[140.3793,36.8371],[140.3797,36.8369],[140.3799,36.8368],[140.3801,36.8367],[140.3803,36.8366],[140.3806,36.8366],[140.3809,36.8366],[140.3812,36.8367],[140.3813,36.8368],[140.3814,36.8368],[140.3815,36.8367],[140.3818,36.8366],[140.382,36.8364],[140.3823,36.8363],[140.3825,36.8362],[140.3831,36.836],[140.3833,36.836],[140.3833,36.836],[140.3834,36.836],[140.3837,36.8359],[140.3838,36.8359],[140.3843,36.8358],[140.3844,36.8358],[140.3845,36.8358],[140.3845,36.8358],[140.3846,36.836],[140.3845,36.8362],[140.3846,36.8362],[140.3847,36.8362],[140.3848,36.8362],[140.3851,36.8362],[140.3852,36.8362],[140.3854,36.8362],[140.3855,36.8361],[140.3858,36.8358],[140.386,36.8354],[140.3861,36.8353],[140.3863,36.8351],[140.3865,36.8349],[140.3866,36.8348],[140.3868,36.8347],[140.3869,36.8346],[140.387,36.8343],[140.3871,36.8342],[140.3873,36.8341],[140.3877,36.834],[140.3879,36.834],[140.3883,36.834],[140.3886,36.834],[140.3888,36.8339],[140.3891,36.8339],[140.3893,36.8339],[140.3895,36.8338],[140.3897,36.8337],[140.3898,36.8336],[140.3901,36.8335],[140.3902,36.8335],[140.3904,36.8334],[140.3908,36.8334],[140.3911,36.8333],[140.3911,36.8333],[140.3911,36.8333],[140.3913,36.8333],[140.3914,36.8332],[140.3915,36.8332],[140.3917,36.833],[140.3917,36.833],[140.3917,36.833],[140.3919,36.8328],[140.3921,36.8328],[140.3922,36.8327],[140.3924,36.8327],[140.3924,36.8327],[140.3926,36.8325],[140.3927,36.8325],[140.3929,36.8324],[140.3931,36.8324],[140.3933,36.8324],[140.3936,36.8324],[140.3937,36.8324],[140.3939,36.8324],[140.394,36.8324],[140.3943,36.8323],[140.3944,36.8323],[140.3947,36.8323],[140.3949,36.8323],[140.3951,36.8323],[140.3953,36.8324],[140.3955,36.8324],[140.3958,36.8326],[140.396,36.8327],[140.3964,36.8329],[140.3966,36.833],[140.3968,36.8331],[140.3968,36.8331],[140.397,36.8332],[140.3971,36.8331],[140.3973,36.8331],[140.3974,36.833],[140.3975,36.833],[140.3977,36.8328],[140.3979,36.8327],[140.398,36.8327],[140.3982,36.8326],[140.3984,36.8325],[140.3984,36.8325],[140.3989,36.8324],[140.3991,36.8322],[140.3994,36.8321],[140.3996,36.8321],[140.3998,36.832],[140.3999,36.832],[140.4,36.832],[140.4,36.832],[140.4001,36.832],[140.4002,36.832],[140.4003,36.832],[140.4006,36.8321],[140.4008,36.8323],[140.4011,36.8325],[140.4013,36.8326],[140.4013,36.8326],[140.4014,36.8326],[140.4014,36.8326],[140.4016,36.8325],[140.4018,36.8324],[140.4019,36.8323],[140.402,36.8322],[140.4024,36.8318],[140.4026,36.8316],[140.4028,36.8314],[140.4029,36.8314],[140.403,36.8314],[140.4031,36.8314],[140.4033,36.8314],[140.4034,36.8314],[140.404,36.8315],[140.4044,36.8316],[140.4047,36.8316],[140.4055,36.8318],[140.4059,36.832],[140.4066,36.8321],[140.4069,36.8322],[140.4072,36.8323],[140.4073,36.8323],[140.4074,36.8323],[140.4075,36.8323],[140.4077,36.8322],[140.4079,36.832],[140.4083,36.8317],[140.4083,36.8317],[140.4083,36.8317],[140.4087,36.8314],[140.409,36.8311],[140.4095,36.8307],[140.4098,36.8305],[140.4099,36.8304],[140.41,36.8303],[140.4101,36.8303],[140.4103,36.8303],[140.4104,36.8303],[140.4107,36.8304],[140.4115,36.8309],[140.4119,36.8311],[140.4122,36.8312],[140.4123,36.8313],[140.4124,36.8313],[140.4126,36.8314],[140.4128,36.8316],[140.4128,36.8317],[140.4133,36.832],[140.4134,36.8321],[140.4135,36.8321],[140.4137,36.8321],[140.4144,36.8321],[140.4148,36.8321],[140.415,36.8321],[140.4151,36.832],[140.4151,36.832],[140.4151,36.8319],[140.415,36.8314],[140.415,36.8312],[140.4149,36.831],[140.4148,36.8307],[140.4148,36.8306],[140.4151,36.8303],[140.4152,36.8301],[140.4154,36.8299],[140.4155,36.8296],[140.4156,36.8294],[140.4157,36.8293],[140.4157,36.8292],[140.4158,36.829],[140.4158,36.8287],[140.4158,36.8286],[140.4159,36.8285],[140.4162,36.8283],[140.4164,36.8282],[140.4167,36.8281],[140.4167,36.8281],[140.4167,36.8281],[140.4169,36.828],[140.4172,36.8279],[140.4174,36.8278],[140.4174,36.8277],[140.4175,36.8277],[140.4175,36.8275],[140.4175,36.8275],[140.4177,36.8272],[140.4179,36.8271],[140.4181,36.8269],[140.4184,36.8267],[140.4186,36.8265],[140.4186,36.8264],[140.4187,36.8264],[140.4188,36.8264],[140.4189,36.8264],[140.4194,36.8266],[140.4194,36.8266],[140.4196,36.8266],[140.4197,36.8266],[140.4198,36.8265],[140.4199,36.8264],[140.4199,36.8263],[140.4199,36.8262],[140.4199,36.8261],[140.42,36.8261],[140.4201,36.8259],[140.4202,36.8259],[140.4204,36.8258],[140.4206,36.8257],[140.4206,36.8256],[140.4207,36.8254],[140.4209,36.8252],[140.421,36.825],[140.421,36.825],[140.4211,36.8249],[140.4213,36.8247],[140.4214,36.8246],[140.4215,36.8245],[140.4218,36.8243],[140.4219,36.8242],[140.4221,36.8241],[140.4221,36.8241],[140.4222,36.8239],[140.4223,36.8237],[140.4223,36.8236],[140.4222,36.8234],[140.4222,36.8233],[140.4221,36.8232],[140.422,36.8231],[140.4218,36.8229],[140.4216,36.8228],[140.4215,36.8227],[140.4215,36.8226],[140.4215,36.8225],[140.4215,36.8224],[140.4217,36.8222],[140.4218,36.8222],[140.4221,36.8221],[140.4222,36.822],[140.4223,36.8219],[140.4223,36.8218],[140.4224,36.8216],[140.4224,36.8214],[140.4225,36.8213],[140.4226,36.8213],[140.4228,36.8211],[140.423,36.821],[140.423,36.821],[140.4231,36.8209],[140.4231,36.8208],[140.4231,36.8205],[140.4231,36.8205],[140.4232,36.8205],[140.4233,36.8205],[140.4236,36.8206],[140.4237,36.8206],[140.4242,36.8207],[140.4245,36.8208],[140.4247,36.8208],[140.425,36.8209],[140.425,36.8209],[140.425,36.8209],[140.4252,36.8209],[140.4254,36.8209],[140.4257,36.8209],[140.4259,36.8209],[140.4262,36.8209],[140.4265,36.821],[140.4267,36.8209],[140.4267,36.8209],[140.427,36.8207],[140.4271,36.8207],[140.4273,36.8207],[140.4275,36.8206],[140.4277,36.8205],[140.4278,36.8205],[140.428,36.8203],[140.4281,36.8202],[140.4282,36.8201],[140.4282,36.82],[140.4284,36.8198],[140.4284,36.8197],[140.4285,36.8196],[140.4286,36.8194],[140.4287,36.8194],[140.4289,36.8192],[140.4291,36.8191],[140.4292,36.819],[140.4294,36.819],[140.4296,36.8189],[140.4297,36.8189],[140.4298,36.8188],[140.4299,36.8186],[140.4299,36.8184],[140.43,36.8183],[140.4302,36.8182],[140.4304,36.8181],[140.4304,36.818],[140.4305,36.8179],[140.4306,36.8177],[140.4308,36.8175],[140.4309,36.8173],[140.4309,36.8172],[140.431,36.817],[140.431,36.817],[140.4311,36.8171],[140.4312,36.8172],[140.4313,36.8173],[140.4316,36.8174],[140.4318,36.8175],[140.4319,36.8176],[140.432,36.8177],[140.4322,36.8178],[140.4324,36.8178],[140.4326,36.8179],[140.4328,36.818],[140.433,36.8182],[140.4331,36.8183],[140.4332,36.8184],[140.4333,36.8186],[140.4333,36.8186],[140.4334,36.8186],[140.4336,36.8189],[140.4338,36.8191],[140.4341,36.8193],[140.4344,36.8195],[140.4347,36.8196],[140.4349,36.8197],[140.4351,36.8199],[140.4353,36.8201],[140.4355,36.8204],[140.4357,36.8206],[140.436,36.821],[140.4362,36.8214],[140.4363,36.8213],[140.4366,36.8212],[140.4368,36.8212],[140.4369,36.8212],[140.4375,36.8213],[140.4379,36.8214],[140.4383,36.8216],[140.4384,36.8216],[140.4384,36.8216],[140.4385,36.8215],[140.4385,36.8215],[140.4386,36.8213],[140.4386,36.8212],[140.4386,36.8211],[140.4387,36.821],[140.4389,36.8209],[140.439,36.8209],[140.4391,36.8208],[140.4393,36.8207],[140.4395,36.8205],[140.4395,36.8205],[140.4395,36.8203],[140.4395,36.8202],[140.4395,36.8201],[140.4395,36.82],[140.4395,36.8199],[140.4395,36.8198],[140.4397,36.8195],[140.4399,36.8193],[140.44,36.8191],[140.4402,36.819],[140.4402,36.819],[140.4402,36.8188],[140.4401,36.8187],[140.4401,36.8184],[140.4401,36.8182],[140.4401,36.8181],[140.4401,36.8181],[140.4402,36.818],[140.4405,36.8179],[140.4407,36.8178],[140.4409,36.8177],[140.4409,36.8176],[140.441,36.8175],[140.441,36.8174],[140.4411,36.8173],[140.4412,36.8172],[140.4414,36.8172],[140.4415,36.8171],[140.4415,36.8171],[140.4416,36.8169],[140.4417,36.8168],[140.4417,36.8168],[140.4417,36.8168],[140.4418,36.8168],[140.4419,36.8167],[140.4421,36.8167],[140.4421,36.8167],[140.4423,36.8166],[140.4425,36.8165],[140.4428,36.8164],[140.4429,36.8164],[140.4429,36.8163],[140.443,36.8162],[140.443,36.8161],[140.4431,36.816],[140.4433,36.8159],[140.4434,36.8158],[140.4434,36.8157],[140.4434,36.8156],[140.4433,36.8155],[140.4433,36.8154],[140.4433,36.8154],[140.4434,36.8153],[140.4435,36.8152],[140.4437,36.8151],[140.4439,36.815],[140.444,36.8149],[140.444,36.8148],[140.444,36.8147],[140.4439,36.8145],[140.4439,36.8143],[140.4439,36.8142],[140.4439,36.8141],[140.444,36.814],[140.4442,36.814],[140.4444,36.814],[140.4445,36.814],[140.4446,36.8139],[140.4446,36.8138],[140.4446,36.8137],[140.4445,36.8135],[140.4445,36.8135],[140.4444,36.8134],[140.4443,36.8132],[140.4442,36.8131],[140.4441,36.8129],[140.4441,36.8128],[140.4441,36.8127],[140.4442,36.8126],[140.4443,36.8125],[140.4445,36.8124],[140.4447,36.8124],[140.4449,36.8123],[140.445,36.8123],[140.4451,36.8122],[140.4451,36.8121],[140.4451,36.8119],[140.4451,36.8118],[140.4452,36.8117],[140.4453,36.8116],[140.4454,36.8115],[140.4456,36.8115],[140.4458,36.8115],[140.4459,36.8114],[140.4459,36.8113],[140.446,36.8112],[140.446,36.811],[140.4461,36.8108],[140.4461,36.8108],[140.4463,36.8106],[140.4465,36.8105],[140.4465,36.8104],[140.4466,36.8102],[140.4466,36.8099],[140.4467,36.8099],[140.4468,36.8098],[140.4469,36.8098],[140.447,36.8098],[140.4471,36.8098],[140.4471,36.8098],[140.4472,36.8097],[140.4473,36.8093],[140.4473,36.8092],[140.4473,36.8091],[140.4474,36.8091],[140.4477,36.8091],[140.4479,36.8091],[140.4481,36.8091],[140.4482,36.8091],[140.4484,36.8092],[140.4486,36.8093],[140.4489,36.8094],[140.4492,36.8095],[140.4492,36.8095],[140.4493,36.8094],[140.4494,36.8094],[140.4495,36.8093],[140.4495,36.8092],[140.4496,36.8091],[140.4496,36.8089],[140.4497,36.8089],[140.4498,36.8089],[140.45,36.8089],[140.45,36.8089],[140.4501,36.8089],[140.4501,36.8089],[140.4502,36.8088],[140.4504,36.8087],[140.4504,36.8087],[140.4505,36.8085],[140.4506,36.8085],[140.4506,36.8084],[140.4506,36.8083],[140.4506,36.8083],[140.4505,36.8082],[140.4505,36.8081],[140.4505,36.8079],[140.4505,36.8078],[140.4505,36.8077],[140.4505,36.8075],[140.4505,36.8075],[140.4506,36.8074],[140.4508,36.8072],[140.4508,36.8072],[140.4509,36.807],[140.4509,36.8068],[140.451,36.8066],[140.4511,36.8064],[140.4512,36.8063],[140.4513,36.8062],[140.4514,36.8061],[140.4515,36.8061],[140.4517,36.8062],[140.4518,36.8062],[140.4519,36.8061],[140.4519,36.8059],[140.452,36.8058],[140.4521,36.8056],[140.4521,36.8054],[140.4522,36.8054],[140.4523,36.8053],[140.4525,36.8053],[140.4527,36.8052],[140.4529,36.8051],[140.4529,36.8051],[140.453,36.805],[140.453,36.8048],[140.453,36.8048],[140.453,36.8047],[140.4531,36.8045],[140.4532,36.8044],[140.4533,36.8042],[140.4534,36.8041],[140.4534,36.8041],[140.4534,36.804],[140.4533,36.8039],[140.4532,36.8038],[140.4532,36.8036],[140.4532,36.8035],[140.4532,36.8034],[140.4532,36.8033],[140.4533,36.8031],[140.4533,36.803],[140.4534,36.8029],[140.4536,36.8029],[140.4538,36.8029],[140.454,36.8029],[140.4541,36.8028],[140.4543,36.8028],[140.4544,36.8027],[140.4545,36.8026],[140.4546,36.8024],[140.4547,36.8024],[140.4548,36.8024],[140.455,36.8023],[140.4552,36.8022],[140.4554,36.8021],[140.4555,36.802],[140.4555,36.802],[140.4556,36.802],[140.4558,36.802],[140.4559,36.802],[140.4561,36.8021],[140.4563,36.8021],[140.4567,36.8021],[140.4567,36.802],[140.4567,36.8019],[140.4567,36.8016],[140.4567,36.8014],[140.4567,36.8013],[140.4567,36.8012],[140.4568,36.8011],[140.4567,36.801],[140.4566,36.8008],[140.4566,36.8008],[140.4566,36.8006],[140.4566,36.8005],[140.4568,36.8003],[140.4569,36.8002],[140.4571,36.8001],[140.4572,36.8],[140.4572,36.8],[140.4573,36.8],[140.4574,36.7999],[140.4575,36.7998],[140.4577,36.7995],[140.4577,36.7994],[140.4576,36.7993],[140.4575,36.7991],[140.4574,36.7991],[140.4573,36.799],[140.4572,36.7989],[140.4572,36.7989],[140.4571,36.7988],[140.4571,36.7986],[140.4571,36.7986],[140.4571,36.7985],[140.4572,36.7984],[140.4573,36.7984],[140.4575,36.7984],[140.4576,36.7983],[140.4577,36.7983],[140.4578,36.7983],[140.458,36.7983],[140.4582,36.7983],[140.4583,36.7983],[140.4583,36.7983],[140.4583,36.7983],[140.4585,36.7984],[140.4586,36.7984],[140.4587,36.7984],[140.4587,36.7984],[140.4588,36.7984],[140.4589,36.7984],[140.459,36.7985],[140.4591,36.7985],[140.4592,36.7984],[140.4593,36.7983],[140.4594,36.7982],[140.4594,36.7981],[140.4595,36.7981],[140.4595,36.7981],[140.4596,36.798],[140.4596,36.7979],[140.4597,36.7978],[140.4598,36.7978],[140.46,36.7977],[140.4603,36.7976],[140.4607,36.7976],[140.4608,36.7976],[140.461,36.7975],[140.4611,36.7974],[140.4613,36.7974],[140.4613,36.7974],[140.4615,36.7974],[140.4617,36.7973],[140.4618,36.7972],[140.4619,36.7971],[140.4619,36.797],[140.462,36.7969],[140.4619,36.7968],[140.4619,36.7967],[140.4618,36.7966],[140.4618,36.7964],[140.4618,36.7963],[140.4617,36.7962],[140.4617,36.796],[140.4616,36.7959],[140.4615,36.7958],[140.4615,36.7958],[140.4615,36.7957],[140.4616,36.7954],[140.4616,36.7954],[140.4616,36.7952],[140.4617,36.795],[140.4617,36.795],[140.4618,36.7948],[140.462,36.7947],[140.462,36.7946],[140.462,36.7945],[140.462,36.7944],[140.462,36.7943],[140.462,36.7942],[140.462,36.7941],[140.462,36.794],[140.462,36.7939],[140.462,36.7937],[140.462,36.7936],[140.4621,36.7935],[140.4622,36.7933],[140.4623,36.7932],[140.4624,36.7931],[140.4625,36.793],[140.4626,36.7929],[140.4627,36.7928],[140.4628,36.7926],[140.4628,36.7926],[140.4629,36.7924],[140.4629,36.7923],[140.463,36.7922],[140.4631,36.7921],[140.4631,36.7921],[140.4632,36.7921],[140.4632,36.792],[140.4634,36.7919],[140.4635,36.7918],[140.4636,36.7917],[140.4636,36.7917],[140.4636,36.7917],[140.4637,36.7916],[140.4637,36.7916],[140.4639,36.7915],[140.464,36.7915],[140.4642,36.7914],[140.4643,36.7914],[140.4645,36.7914],[140.4646,36.7914],[140.4648,36.7914],[140.4649,36.7913],[140.465,36.7913],[140.4651,36.7913],[140.4652,36.7914],[140.4653,36.7915],[140.4655,36.7916],[140.4656,36.7917],[140.4656,36.7917],[140.4658,36.7917],[140.4659,36.7918],[140.4661,36.7918],[140.4664,36.7918],[140.4665,36.7918],[140.4667,36.7919],[140.4667,36.7919],[140.4667,36.7919],[140.467,36.7921],[140.4672,36.7922],[140.4675,36.7922],[140.4676,36.7923],[140.4678,36.7924],[140.4679,36.7925],[140.468,36.7926],[140.468,36.7926],[140.4682,36.7927],[140.4684,36.7928],[140.4685,36.7929],[140.4687,36.793],[140.4689,36.7931],[140.4691,36.7933],[140.4693,36.7934],[140.4694,36.7934],[140.4696,36.7935],[140.4698,36.7936],[140.4699,36.7937],[140.4702,36.7939],[140.4703,36.794],[140.4704,36.7941],[140.4706,36.7942],[140.4707,36.7943],[140.4709,36.7943],[140.4711,36.7944],[140.4717,36.7946],[140.4719,36.7947],[140.4722,36.7948],[140.4723,36.7949],[140.4726,36.7951],[140.4727,36.7953],[140.4728,36.7954],[140.4729,36.7956],[140.473,36.7957],[140.4731,36.7958],[140.4736,36.7958],[140.4739,36.7958],[140.4742,36.7958],[140.4743,36.7958],[140.4745,36.7959],[140.4748,36.7963],[140.475,36.7964],[140.475,36.7965],[140.475,36.7965],[140.4753,36.7966],[140.4755,36.7967],[140.4757,36.7967],[140.4759,36.7967],[140.4762,36.7966],[140.4763,36.7966],[140.4764,36.7966],[140.4765,36.7966],[140.4765,36.7966],[140.4767,36.7967],[140.4769,36.7968],[140.4771,36.797],[140.4772,36.797],[140.4774,36.797],[140.4776,36.7971],[140.4778,36.797],[140.478,36.797],[140.4783,36.7969],[140.4784,36.7969],[140.4786,36.7969],[140.4786,36.7969],[140.4786,36.797],[140.4786,36.7972],[140.4786,36.7973],[140.4785,36.7974],[140.4784,36.7976],[140.4783,36.7977],[140.4781,36.7978],[140.4779,36.798],[140.4779,36.7981],[140.4779,36.7982],[140.4779,36.7983],[140.478,36.7985],[140.4781,36.7986],[140.4783,36.7988],[140.4785,36.7989],[140.4787,36.799],[140.479,36.799],[140.4793,36.7991],[140.4794,36.7991],[140.4796,36.7992],[140.4798,36.7993],[140.4799,36.7994],[140.48,36.7995],[140.48,36.7995],[140.4801,36.7996],[140.4801,36.7998],[140.4801,36.8],[140.4801,36.8],[140.4801,36.8],[140.4801,36.8003],[140.4801,36.8005],[140.4801,36.8009],[140.4802,36.8013],[140.4802,36.8016],[140.4802,36.8019],[140.4802,36.802],[140.4801,36.8022],[140.4801,36.8023],[140.4801,36.8023],[140.4802,36.8025],[140.4803,36.8028],[140.4804,36.8031],[140.4804,36.8032],[140.4804,36.8033],[140.4805,36.8035],[140.4806,36.8037],[140.4806,36.8038],[140.4807,36.8038],[140.481,36.8039],[140.4811,36.8039],[140.4812,36.8039],[140.4813,36.804],[140.4814,36.804],[140.4816,36.8041],[140.4818,36.8042],[140.4824,36.8045],[140.4826,36.8046],[140.4827,36.8046],[140.4828,36.8048],[140.4833,36.8051],[140.4833,36.8052],[140.4833,36.8052],[140.4835,36.8053],[140.4836,36.8054],[140.4837,36.8055],[140.4837,36.8056],[140.4838,36.8058],[140.4838,36.8059],[140.4839,36.8061],[140.4839,36.8062],[140.4839,36.8063],[140.4839,36.8064],[140.484,36.8064],[140.4841,36.8064],[140.4844,36.8065],[140.4845,36.8065],[140.4846,36.8065],[140.4846,36.8065],[140.4846,36.8065],[140.4847,36.8067],[140.4847,36.8067],[140.4849,36.8069],[140.485,36.807],[140.4852,36.8071],[140.4853,36.8072],[140.4854,36.8073],[140.4854,36.8074],[140.4855,36.8075],[140.4854,36.8076],[140.4854,36.8078],[140.4853,36.8079],[140.4853,36.808],[140.4853,36.8081],[140.4855,36.8082],[140.4857,36.8083],[140.4857,36.8083],[140.4857,36.8083],[140.4861,36.8084],[140.4865,36.8086],[140.4866,36.8087],[140.4867,36.8087],[140.4869,36.8087],[140.4871,36.8088],[140.4872,36.8089],[140.4873,36.809],[140.4874,36.809],[140.4875,36.809],[140.4877,36.8091],[140.488,36.8091],[140.4882,36.8091],[140.4884,36.8091],[140.4885,36.8091],[140.4886,36.8092],[140.4887,36.8092],[140.4889,36.8093],[140.489,36.8093],[140.4892,36.8094],[140.4892,36.8094],[140.4893,36.8096],[140.4894,36.8097],[140.4894,36.8098],[140.4894,36.81],[140.4893,36.8104],[140.4892,36.8105],[140.4893,36.8107],[140.4893,36.8108],[140.4892,36.8108],[140.4892,36.811],[140.4892,36.8111],[140.4892,36.8112],[140.4893,36.8115],[140.4893,36.8115],[140.4893,36.8117],[140.4894,36.8118],[140.4895,36.812],[140.4896,36.8121],[140.4896,36.8122],[140.4897,36.8124],[140.4897,36.8124],[140.4896,36.8124],[140.4894,36.8125],[140.4893,36.8127],[140.4893,36.8127],[140.4893,36.8127],[140.4893,36.8128],[140.4894,36.813],[140.4895,36.8132],[140.4896,36.8133],[140.4896,36.8135],[140.4896,36.8136],[140.4896,36.8137],[140.4895,36.8138],[140.4893,36.8139],[140.4891,36.814],[140.4891,36.8141],[140.4889,36.8143],[140.4888,36.8144],[140.4886,36.8146],[140.4885,36.8148],[140.4884,36.8148],[140.4883,36.8149],[140.4882,36.8149],[140.4879,36.8149],[140.488,36.8153],[140.4881,36.8155],[140.4882,36.8157],[140.4883,36.816],[140.4884,36.8163],[140.4884,36.8165],[140.4884,36.8167],[140.4884,36.8167],[140.4884,36.8168],[140.4884,36.8168],[140.4882,36.8169],[140.4882,36.8169],[140.4879,36.817],[140.4877,36.8171],[140.4875,36.8172],[140.4873,36.8174],[140.4873,36.8175],[140.4873,36.8175],[140.4873,36.8176],[140.4874,36.8177],[140.4875,36.8178],[140.4877,36.818],[140.4879,36.8183],[140.488,36.8184],[140.4881,36.8184],[140.4883,36.8185],[140.4884,36.8185],[140.4884,36.8185],[140.4886,36.8186],[140.4887,36.8186],[140.4889,36.8187],[140.489,36.8187],[140.4892,36.8188],[140.4894,36.8187],[140.4895,36.8186],[140.4896,36.8185],[140.4896,36.8184],[140.4899,36.8184],[140.4899,36.8184],[140.4902,36.8184],[140.4903,36.8184],[140.4904,36.8184],[140.4905,36.8185],[140.4907,36.8186],[140.4909,36.8188],[140.491,36.819],[140.491,36.8191],[140.4911,36.8194],[140.4912,36.8194],[140.4913,36.8195],[140.4915,36.8195],[140.4917,36.8194],[140.4917,36.8194],[140.4917,36.8194],[140.4919,36.8193],[140.492,36.8192],[140.4921,36.8192],[140.4922,36.8193],[140.4924,36.8194],[140.4926,36.8194],[140.4928,36.8195],[140.4929,36.8195],[140.4931,36.8194],[140.4932,36.8193],[140.4933,36.8192],[140.4934,36.8192],[140.4934,36.8191],[140.4933,36.8189],[140.4933,36.8187],[140.4933,36.8185],[140.4933,36.8184],[140.4934,36.8184],[140.4936,36.8182],[140.4937,36.8182],[140.4939,36.8183],[140.494,36.8184],[140.4942,36.8186],[140.4943,36.8187],[140.4944,36.8187],[140.4945,36.8187],[140.4946,36.8187],[140.4947,36.8186],[140.4949,36.8184],[140.495,36.8183],[140.4952,36.8183],[140.4953,36.8183],[140.4954,36.8182],[140.4957,36.8181],[140.4958,36.8181],[140.4958,36.8182],[140.4959,36.8183],[140.4961,36.8186],[140.4962,36.8187],[140.4964,36.8189],[140.4967,36.8191],[140.4968,36.8192],[140.4971,36.8192],[140.4974,36.8193],[140.4979,36.8193],[140.4983,36.8192],[140.4987,36.8192],[140.4991,36.8192],[140.4994,36.8192],[140.4996,36.8191],[140.4999,36.819],[140.5,36.819],[140.5,36.819],[140.5002,36.8189],[140.5006,36.8186],[140.5009,36.8185],[140.5012,36.8183],[140.5014,36.8182],[140.5015,36.8182],[140.5015,36.8182],[140.5017,36.8184],[140.5018,36.8185],[140.5019,36.8186],[140.5021,36.8187],[140.5024,36.8188],[140.5026,36.8189],[140.5029,36.819],[140.5033,36.8194],[140.5034,36.8195],[140.5034,36.8196],[140.5034,36.82],[140.5034,36.8202],[140.5033,36.8204],[140.5031,36.8206],[140.5031,36.8209],[140.503,36.8211],[140.503,36.8212],[140.503,36.8213],[140.503,36.8213],[140.503,36.8214],[140.503,36.8215],[140.5031,36.8216],[140.5033,36.8218],[140.5034,36.822],[140.5035,36.8222],[140.5036,36.8224],[140.5036,36.8225],[140.5036,36.8227],[140.5037,36.8228],[140.5038,36.8229],[140.5044,36.8232],[140.5046,36.8232],[140.5048,36.8233],[140.5049,36.8233],[140.505,36.8232],[140.5057,36.823],[140.5059,36.823],[140.5064,36.8229],[140.5066,36.8228],[140.5068,36.8228],[140.5072,36.8226],[140.5075,36.8226],[140.5081,36.8223],[140.5083,36.8223],[140.5083,36.8223],[140.5084,36.8223],[140.5085,36.8223],[140.5088,36.8223],[140.509,36.8223],[140.5092,36.8224],[140.5093,36.8224],[140.5094,36.8225],[140.5095,36.8225],[140.5096,36.8224],[140.5098,36.8223],[140.5099,36.8221],[140.5101,36.822],[140.5103,36.8219],[140.5106,36.8219],[140.5109,36.822],[140.5112,36.822],[140.5114,36.8221],[140.5116,36.8222],[140.5117,36.8224],[140.5117,36.8225],[140.5117,36.8225],[140.5118,36.8229],[140.5118,36.823],[140.5119,36.8231],[140.512,36.8232],[140.5121,36.8233],[140.5122,36.8234],[140.5124,36.8234],[140.5126,36.8234],[140.513,36.8233],[140.5132,36.8233],[140.5134,36.8233],[140.5136,36.8233],[140.5138,36.8234],[140.5139,36.8234],[140.514,36.8235],[140.5141,36.8238],[140.5142,36.824],[140.5143,36.8243],[140.5145,36.8246],[140.5146,36.8249],[140.5146,36.825],[140.5146,36.825],[140.5147,36.8251],[140.5148,36.8252],[140.515,36.8253],[140.5152,36.8254],[140.5154,36.8255],[140.5156,36.8256],[140.5158,36.8256],[140.5159,36.8257],[140.5162,36.8261],[140.5166,36.8264],[140.5167,36.8265],[140.5167,36.8266],[140.5167,36.8266],[140.5169,36.8269],[140.5169,36.827],[140.517,36.8271],[140.517,36.8273],[140.517,36.8275],[140.5171,36.8279],[140.5171,36.828],[140.5171,36.8282],[140.5171,36.8285],[140.5171,36.8286],[140.517,36.8288],[140.517,36.8289],[140.517,36.829],[140.5171,36.8291],[140.5171,36.8292],[140.5172,36.8292],[140.5173,36.8294],[140.5174,36.8296],[140.5175,36.8297],[140.5176,36.8298],[140.5176,36.8299],[140.5176,36.8302],[140.5176,36.8304],[140.5177,36.8305],[140.5177,36.8307],[140.5179,36.8311],[140.518,36.8314],[140.518,36.8316],[140.5179,36.8317],[140.5178,36.8318],[140.5176,36.832],[140.5176,36.8321],[140.5176,36.8323],[140.5175,36.8325],[140.5175,36.8326],[140.5175,36.8328],[140.5176,36.8329],[140.5177,36.8329],[140.5179,36.833],[140.5179,36.833],[140.5182,36.833],[140.5185,36.8331],[140.5188,36.8331],[140.519,36.8332],[140.5191,36.8332],[140.5192,36.8333],[140.5192,36.8333],[140.5192,36.8333],[140.5193,36.8335],[140.5195,36.8337],[140.5196,36.8342],[140.5196,36.8345],[140.5196,36.8347],[140.5196,36.835],[140.5196,36.8353],[140.5196,36.8355],[140.5195,36.8356],[140.5194,36.8358],[140.5193,36.8358],[140.5192,36.836],[140.5191,36.8361],[140.5191,36.8362],[140.5191,36.8362],[140.5193,36.8364],[140.5195,36.8364],[140.5196,36.8364],[140.5197,36.8365],[140.52,36.8367],[140.5204,36.8368],[140.5206,36.8369],[140.5209,36.837],[140.5211,36.837],[140.5215,36.837],[140.5217,36.837],[140.5219,36.8371],[140.522,36.8372],[140.5221,36.8373],[140.5221,36.8375],[140.522,36.8378],[140.522,36.8379],[140.522,36.8379],[140.5222,36.838],[140.5224,36.8381],[140.5229,36.8382],[140.523,36.8383],[140.5234,36.8384],[140.5239,36.8386],[140.5243,36.8387],[140.5246,36.8387],[140.525,36.8387],[140.525,36.8387],[140.5252,36.8388],[140.5255,36.8388],[140.5258,36.8388],[140.5265,36.839],[140.5268,36.8391],[140.5274,36.8393],[140.5279,36.8397],[140.5282,36.8398],[140.5285,36.84],[140.5285,36.8401],[140.5285,36.8402],[140.5283,36.8405],[140.5283,36.8415],[140.5286,36.8417],[140.5286,36.8417],[140.5286,36.8417],[140.5289,36.8419],[140.5291,36.8421],[140.5291,36.8422],[140.5289,36.8424],[140.5287,36.843],[140.5283,36.8435],[140.5282,36.8436],[140.5282,36.8438],[140.5282,36.8439],[140.5288,36.8445],[140.5289,36.8446],[140.5289,36.8447],[140.5288,36.8448],[140.5287,36.8449],[140.5287,36.845],[140.5287,36.8452],[140.5287,36.8456],[140.5287,36.8461],[140.5287,36.8465],[140.5287,36.8467],[140.5286,36.8469],[140.5285,36.8471],[140.5281,36.8473],[140.5279,36.8473],[140.5278,36.8474],[140.5277,36.8476],[140.5278,36.8478],[140.5278,36.8481],[140.5279,36.8484],[140.5281,36.8486],[140.5284,36.8487],[140.5286,36.8487],[140.5287,36.8488],[140.5291,36.849],[140.5294,36.849],[140.5297,36.8491],[140.53,36.8492],[140.5302,36.8493],[140.5305,36.8494],[140.5308,36.8496],[140.5311,36.8497],[140.5314,36.8498],[140.5317,36.8499],[140.532,36.85],[140.532,36.85],[140.5321,36.85],[140.5322,36.85],[140.5325,36.8501],[140.5327,36.8501],[140.5328,36.8502],[140.5329,36.8503],[140.5329,36.8505],[140.5329,36.8507],[140.533,36.8508],[140.5331,36.8511],[140.5333,36.8513],[140.5333,36.8513],[140.5333,36.8513],[140.5335,36.8514],[140.5337,36.8516],[140.5339,36.8516],[140.5346,36.8519],[140.5349,36.852],[140.5351,36.8521],[140.5352,36.8523],[140.5353,36.8524],[140.5354,36.8526],[140.5355,36.8528],[140.5356,36.853],[140.5356,36.8533],[140.5356,36.8535],[140.5357,36.8536],[140.5359,36.8538],[140.5361,36.8539],[140.5362,36.854],[140.5366,36.8543],[140.5369,36.8546],[140.5372,36.8548],[140.5374,36.8551],[140.5377,36.8554],[140.5377,36.8556],[140.5377,36.8558],[140.5377,36.8559],[140.5375,36.8563],[140.5375,36.8565],[140.5375,36.8568],[140.5375,36.857],[140.5376,36.8574],[140.5376,36.8576],[140.5377,36.8579],[140.5379,36.8581],[140.5379,36.8583],[140.5379,36.8583],[140.5379,36.8583],[140.538,36.8588],[140.538,36.8589],[140.5383,36.859],[140.5385,36.8591],[140.539,36.8591],[140.5395,36.8591],[140.5397,36.8592],[140.5403,36.8594],[140.5405,36.8595],[140.5408,36.8596],[140.5409,36.8596],[140.5414,36.8594],[140.5417,36.8593],[140.5417,36.8593],[140.5422,36.8591],[140.5424,36.859],[140.543,36.8587],[140.5432,36.8587],[140.5434,36.8586],[140.5437,36.8587],[140.544,36.8587],[140.5442,36.8587],[140.5443,36.8587],[140.5448,36.8583],[140.5449,36.8583],[140.5449,36.8583],[140.5452,36.8582],[140.5453,36.8582],[140.5455,36.8581],[140.5459,36.8582],[140.5461,36.8582],[140.5464,36.8583],[140.5467,36.8583],[140.5469,36.8583],[140.547,36.8583],[140.5471,36.8583],[140.5472,36.8584],[140.5475,36.8585],[140.5478,36.8587],[140.5479,36.8589],[140.5482,36.8592],[140.5482,36.8592],[140.5485,36.8592],[140.5488,36.8592],[140.549,36.8592],[140.5498,36.8592],[140.55,36.8592],[140.55,36.8592],[140.55,36.8592],[140.5501,36.8593],[140.5502,36.8596],[140.5503,36.8596],[140.5513,36.8597],[140.5515,36.8598],[140.5516,36.8598],[140.5516,36.8601],[140.5516,36.8602],[140.5516,36.8604],[140.5517,36.8606],[140.5518,36.8607],[140.552,36.8609],[140.5522,36.861],[140.5523,36.8611],[140.5524,36.8611],[140.5525,36.861],[140.5529,36.861],[140.553,36.861],[140.5534,36.8611],[140.5537,36.8613],[140.554,36.8614],[140.5543,36.8615],[140.5544,36.8615],[140.5546,36.8614],[140.5555,36.8609],[140.5558,36.8607],[140.5568,36.8601],[140.5569,36.8601],[140.5575,36.8604],[140.5578,36.8606],[140.5583,36.8608],[140.5583,36.8608],[140.5583,36.8608],[140.5588,36.861],[140.5592,36.8613],[140.5593,36.8614],[140.5594,36.8617],[140.5595,36.8618],[140.5597,36.8622],[140.5598,36.8624],[140.5599,36.8625],[140.5599,36.8625],[140.56,36.8626],[140.5601,36.8629],[140.5602,36.8632],[140.5604,36.8634],[140.5605,36.8635],[140.5608,36.8635],[140.5609,36.8635],[140.5611,36.8635],[140.5614,36.8634],[140.562,36.8632],[140.5623,36.8631],[140.5624,36.8631],[140.5626,36.8629],[140.5628,36.8627],[140.5629,36.8626],[140.563,36.8626],[140.5632,36.8625],[140.5636,36.8626],[140.5641,36.8626],[140.5643,36.8625],[140.5645,36.8624],[140.5648,36.8622],[140.565,36.8622],[140.5651,36.8622],[140.5651,36.8623],[140.5649,36.8625],[140.5649,36.8626],[140.565,36.8629],[140.565,36.863],[140.5652,36.8635],[140.5653,36.8638],[140.5654,36.8639],[140.5655,36.864],[140.5656,36.864],[140.566,36.8638],[140.5664,36.8636],[140.5667,36.8635],[140.5667,36.8635],[140.5672,36.8633],[140.5675,36.8632],[140.5676,36.8632],[140.5678,36.8635],[140.5679,36.8637],[140.5681,36.8639],[140.5684,36.864],[140.5685,36.8642],[140.5687,36.8642],[140.5688,36.8643],[140.569,36.8642],[140.5693,36.8641],[140.5696,36.8641],[140.5699,36.8641],[140.5702,36.8641],[140.5705,36.864],[140.5707,36.864],[140.571,36.864],[140.5711,36.864],[140.5711,36.864],[140.5712,36.8641],[140.5714,36.8641],[140.5717,36.8641],[140.5719,36.864],[140.5723,36.8641],[140.5725,36.8642],[140.5726,36.8643],[140.5726,36.8645],[140.5727,36.8647],[140.5728,36.865],[140.5728,36.8651],[140.5727,36.8653],[140.5724,36.8658],[140.5723,36.8659],[140.5723,36.866],[140.5725,36.8662],[140.5727,36.8664],[140.573,36.8667],[140.573,36.8667],[140.5732,36.8668],[140.5733,36.8669],[140.5736,36.867],[140.574,36.8672],[140.5742,36.8673],[140.5745,36.8676],[140.5746,36.8677],[140.5748,36.8681],[140.5749,36.8683],[140.575,36.8685],[140.575,36.8685],[140.575,36.8686],[140.5751,36.8688],[140.5752,36.869],[140.5753,36.8691],[140.5755,36.8691],[140.5758,36.8691],[140.5761,36.869],[140.5774,36.8688],[140.5776,36.8688],[140.5778,36.8688],[140.578,36.8685],[140.5783,36.8684],[140.5788,36.8681],[140.5791,36.8679],[140.5793,36.8677],[140.5796,36.8674],[140.5799,36.8672],[140.5801,36.867],[140.5805,36.8669],[140.5806,36.8671],[140.5808,36.8672],[140.5809,36.8673],[140.5811,36.8675],[140.5814,36.8678],[140.5816,36.8679],[140.5818,36.8679],[140.582,36.8679],[140.5826,36.8679],[140.5827,36.868],[140.5829,36.8681],[140.583,36.8683],[140.5832,36.8684],[140.5833,36.8686],[140.5833,36.8687],[140.5835,36.8689],[140.5837,36.8691],[140.5839,36.8693],[140.5841,36.8696],[140.5843,36.8698],[140.5845,36.87],[140.5847,36.8704],[140.5847,36.8705],[140.5847,36.8707],[140.5847,36.871],[140.5847,36.871],[140.5847,36.8711],[140.585,36.8713],[140.5852,36.8714],[140.5853,36.8716],[140.5853,36.8718],[140.5854,36.8721],[140.5854,36.8722],[140.5857,36.8724],[140.5859,36.8727],[140.586,36.8728],[140.586,36.8731],[140.586,36.8732],[140.5863,36.8733],[140.5866,36.8736],[140.5869,36.8738],[140.587,36.8738],[140.5872,36.8739],[140.5875,36.874],[140.5877,36.8741],[140.588,36.8742],[140.5882,36.8744],[140.5884,36.8746],[140.5886,36.8748],[140.5888,36.8749],[140.5888,36.8748],[140.5889,36.8746],[140.5891,36.8741],[140.5894,36.8738],[140.5896,36.8737],[140.5899,36.8736],[140.5901,36.8735],[140.5906,36.8731],[140.5909,36.8729],[140.5912,36.8728],[140.5914,36.8728],[140.5917,36.8728],[140.5917,36.8728],[140.5917,36.8728],[140.5919,36.8729],[140.5919,36.8729],[140.592,36.873],[140.5922,36.8733],[140.5922,36.8735],[140.5923,36.8738],[140.5924,36.8742],[140.5924,36.8744],[140.5926,36.8747],[140.5926,36.8748],[140.5927,36.875],[140.5927,36.875],[140.5927,36.8751],[140.5927,36.8753],[140.5927,36.8755],[140.5928,36.8757],[140.5931,36.8763],[140.5932,36.8767],[140.5933,36.8769],[140.5933,36.8771],[140.5933,36.8772],[140.5933,36.8774],[140.5932,36.8776],[140.5931,36.8779],[140.593,36.8782],[140.593,36.8784],[140.5929,36.8785],[140.5929,36.8787],[140.5931,36.8792],[140.5932,36.8795],[140.5933,36.8798],[140.5933,36.88],[140.5933,36.88],[140.5932,36.8802],[140.593,36.8803],[140.5928,36.8804],[140.5927,36.8807],[140.5925,36.8809],[140.5924,36.8811],[140.5923,36.8812],[140.5921,36.8814],[140.592,36.8814],[140.5918,36.8815],[140.5917,36.8816],[140.5917,36.8816],[140.5916,36.8816],[140.5915,36.8818],[140.5915,36.8819],[140.5914,36.8821],[140.5914,36.8823],[140.5912,36.8825],[140.5911,36.8826],[140.591,36.8828],[140.5909,36.8831],[140.5907,36.8833],[140.5906,36.8833],[140.5906,36.8833],[140.5906,36.8834],[140.5904,36.8837],[140.5903,36.8838],[140.5903,36.8839],[140.5902,36.8841],[140.5901,36.8843],[140.59,36.8845],[140.5899,36.8846],[140.5897,36.8847],[140.5895,36.8848],[140.5894,36.8848],[140.5893,36.8849],[140.589,36.885],[140.5888,36.885],[140.5886,36.8851],[140.5884,36.8851],[140.588,36.8851],[140.5879,36.8851],[140.5879,36.8851],[140.5879,36.8852],[140.5878,36.8853],[140.5878,36.8854],[140.5878,36.8855],[140.5877,36.8857],[140.5875,36.8859],[140.5873,36.8861],[140.5872,36.8862],[140.587,36.8863],[140.5869,36.8862],[140.5868,36.8862],[140.5866,36.8862],[140.5864,36.8862],[140.5862,36.8862],[140.586,36.8863],[140.5858,36.8864],[140.5857,36.8866],[140.5856,36.8867],[140.5856,36.8868],[140.5857,36.887],[140.5858,36.8871],[140.5861,36.8874],[140.5863,36.8875],[140.5863,36.8876],[140.5862,36.8878],[140.586,36.8879],[140.5859,36.888],[140.5856,36.8882],[140.5853,36.8885],[140.585,36.8886],[140.5848,36.8888],[140.5846,36.889],[140.5845,36.8892],[140.5844,36.8895],[140.5842,36.8897],[140.5841,36.8899],[140.584,36.8899],[140.5838,36.89],[140.5837,36.8901],[140.5836,36.8902],[140.5835,36.8906],[140.5835,36.8906],[140.5835,36.8907],[140.5835,36.8909],[140.5835,36.891],[140.5836,36.8911],[140.5837,36.8912],[140.5837,36.8914],[140.5836,36.8915],[140.5835,36.8916],[140.5834,36.8917],[140.5834,36.8917],[140.5834,36.8917],[140.5834,36.8917],[140.5833,36.8917],[140.5832,36.8919],[140.583,36.8921],[140.5829,36.8923],[140.5827,36.8925],[140.5827,36.8926],[140.5826,36.8928],[140.5826,36.893],[140.5825,36.8931],[140.5824,36.8932],[140.5822,36.8933],[140.5819,36.8934],[140.5818,36.8934],[140.5817,36.8933],[140.5815,36.8932],[140.5814,36.8931],[140.5812,36.8929],[140.5811,36.8929],[140.5809,36.8928],[140.5806,36.8929],[140.5804,36.893],[140.5804,36.893],[140.5802,36.8931],[140.58,36.8933],[140.5799,36.8934],[140.5799,36.8936],[140.5798,36.8938],[140.5798,36.8941],[140.5797,36.8943],[140.5797,36.8947],[140.5798,36.8951],[140.5798,36.8954],[140.5797,36.8955],[140.5796,36.8956],[140.5794,36.8957],[140.5794,36.8959],[140.5794,36.8961],[140.5794,36.8963],[140.5795,36.8965],[140.5796,36.8966],[140.5797,36.8968],[140.5797,36.897],[140.5798,36.8973],[140.5799,36.8976],[140.5799,36.8979],[140.5799,36.8982],[140.5799,36.8983],[140.5798,36.8985],[140.5797,36.8988],[140.5796,36.8989],[140.5797,36.8989],[140.5797,36.8991],[140.5799,36.8994],[140.5801,36.8997],[140.5802,36.8999],[140.5803,36.9],[140.5803,36.9],[140.5804,36.9],[140.5805,36.9001],[140.5805,36.9002],[140.5805,36.9003],[140.5805,36.9004],[140.5803,36.9006],[140.5801,36.9008],[140.5801,36.901],[140.5801,36.9011],[140.5801,36.9012],[140.5802,36.9014],[140.5803,36.9015],[140.5805,36.9017],[140.5807,36.9019],[140.5807,36.902],[140.581,36.9025],[140.581,36.9026],[140.5808,36.9029],[140.5808,36.903],[140.5808,36.9032],[140.5808,36.9033],[140.5809,36.9035],[140.5809,36.9037],[140.5809,36.9039],[140.5809,36.9041],[140.5808,36.9043],[140.5808,36.9044],[140.5804,36.9045],[140.5801,36.9046],[140.5798,36.9047],[140.5793,36.9049],[140.579,36.905],[140.5788,36.9051],[140.5786,36.9052],[140.5785,36.9053],[140.5783,36.9056],[140.5781,36.9058],[140.578,36.9058],[140.5777,36.9061],[140.5774,36.9064],[140.5772,36.9065],[140.5771,36.9066],[140.5765,36.9066],[140.5763,36.9066],[140.5762,36.9067],[140.5762,36.9068],[140.5762,36.907],[140.5763,36.9072],[140.5762,36.9074],[140.5761,36.9077],[140.576,36.9078],[140.5758,36.908],[140.5756,36.908],[140.5755,36.9081],[140.5751,36.9082],[140.575,36.9083],[140.575,36.9083],[140.5749,36.9083],[140.5749,36.9083],[140.5748,36.9084],[140.5746,36.9084],[140.5742,36.9086],[140.574,36.9088],[140.5739,36.9089],[140.5739,36.9091],[140.5739,36.9092],[140.5741,36.9096],[140.5742,36.9099],[140.5742,36.9102],[140.5742,36.9105],[140.5741,36.9107],[140.5739,36.9109],[140.5738,36.911],[140.5734,36.9114],[140.5731,36.9116],[140.5729,36.9117],[140.5728,36.9118],[140.572,36.9123],[140.5718,36.9125],[140.5716,36.9125],[140.5715,36.9125],[140.5714,36.9124],[140.5711,36.9122],[140.5707,36.9118],[140.5705,36.9117],[140.5704,36.9116],[140.5703,36.9117],[140.5702,36.9117],[140.57,36.9118],[140.5699,36.9119],[140.5696,36.9124],[140.5695,36.9126],[140.5693,36.9127],[140.5691,36.913],[140.5689,36.9134],[140.5688,36.9135],[140.5687,36.9138],[140.5686,36.9139],[140.5685,36.914],[140.5684,36.914],[140.5681,36.914],[140.568,36.914],[140.5677,36.914],[140.5674,36.9138],[140.5672,36.9138],[140.5672,36.9136],[140.567,36.9134],[140.5669,36.9132],[140.5667,36.9131],[140.5667,36.9131],[140.5667,36.9131],[140.5664,36.913],[140.5663,36.913],[140.566,36.9129],[140.5657,36.9128],[140.5654,36.9126],[140.5653,36.9126],[140.5652,36.9126],[140.565,36.9127],[140.565,36.9129],[140.565,36.9138],[140.565,36.9139],[140.565,36.9141],[140.5649,36.9144],[140.5649,36.9146],[140.565,36.9148],[140.5651,36.915],[140.5651,36.9152],[140.5653,36.9157],[140.5655,36.9162],[140.5657,36.9164],[140.5658,36.9165],[140.566,36.9166],[140.5661,36.9167],[140.5661,36.9167],[140.5663,36.9168],[140.5664,36.9169],[140.5663,36.917],[140.5664,36.9172],[140.5665,36.9174],[140.5666,36.9175],[140.5667,36.9176],[140.5667,36.9176],[140.5671,36.918],[140.5672,36.9183],[140.5673,36.9185],[140.5674,36.9187],[140.5675,36.9188],[140.5677,36.9189],[140.5678,36.9193],[140.5678,36.9198],[140.5677,36.9199],[140.5677,36.92],[140.5677,36.9202],[140.5676,36.9205],[140.5675,36.9207],[140.5674,36.9209],[140.5674,36.9211],[140.5674,36.9214],[140.5674,36.9216],[140.5675,36.9217],[140.5675,36.9219],[140.5676,36.9221],[140.5677,36.9224],[140.5678,36.9226],[140.5679,36.9228],[140.5679,36.923],[140.568,36.9233],[140.568,36.9234],[140.568,36.9235],[140.5679,36.9238],[140.5679,36.9239],[140.5679,36.9242],[140.5678,36.9243],[140.5678,36.9245],[140.5678,36.9247],[140.5679,36.9249],[140.5679,36.925],[140.5679,36.925],[140.5679,36.9251],[140.5679,36.9251],[140.568,36.9252],[140.5681,36.9255],[140.5682,36.9257],[140.5684,36.9259],[140.5685,36.9261],[140.5686,36.9263],[140.5687,36.9266],[140.569,36.9273],[140.5691,36.9275],[140.5692,36.9278],[140.5692,36.9279],[140.5694,36.9283],[140.5695,36.9284],[140.5695,36.9285],[140.5696,36.9287],[140.5697,36.9291],[140.5698,36.9292],[140.5699,36.9294],[140.57,36.9297],[140.5701,36.9299],[140.5702,36.9302],[140.5703,36.9304],[140.5704,36.9306],[140.5705,36.9311],[140.5706,36.9313],[140.5706,36.9315],[140.5705,36.9317],[140.5705,36.9317],[140.5704,36.9319],[140.5703,36.932],[140.5701,36.9321],[140.57,36.9322],[140.5699,36.9323],[140.5696,36.9324],[140.5694,36.9325],[140.5692,36.9326],[140.5689,36.9327],[140.5688,36.9327],[140.5686,36.9329],[140.5686,36.9329],[140.5682,36.9333],[140.5682,36.9333],[140.5682,36.9333],[140.5681,36.9335],[140.5678,36.934],[140.5677,36.9342],[140.5676,36.9344],[140.5675,36.9346],[140.5673,36.9349],[140.5672,36.9351],[140.5672,36.9353],[140.5672,36.9355],[140.5672,36.9356],[140.5672,36.9359],[140.5673,36.9361],[140.5673,36.9362],[140.5673,36.9363],[140.5674,36.9365],[140.5674,36.9366],[140.5674,36.9367],[140.5676,36.9368],[140.5677,36.937],[140.5679,36.9372],[140.5681,36.9373],[140.5681,36.9374],[140.5683,36.9375],[140.5684,36.9375],[140.5686,36.9377],[140.5687,36.9379],[140.5689,36.9381],[140.5691,36.9383],[140.5693,36.9385],[140.5695,36.9386],[140.5695,36.9387],[140.5698,36.9388],[140.5701,36.9389],[140.5703,36.939],[140.5703,36.939],[140.5706,36.9391],[140.5711,36.9393],[140.5714,36.9394],[140.5717,36.9395],[140.572,36.9396],[140.5723,36.9397],[140.5726,36.9397],[140.5728,36.9398],[140.573,36.9398],[140.5732,36.9398],[140.5733,36.9397],[140.5735,36.9397],[140.5736,36.9397],[140.5737,36.9396],[140.574,36.9394],[140.5742,36.9392],[140.5742,36.9391],[140.5743,36.939],[140.5745,36.939],[140.5747,36.939],[140.5749,36.939],[140.575,36.9391],[140.575,36.9392],[140.575,36.9393],[140.5749,36.9395],[140.5749,36.9398],[140.5749,36.9399],[140.5748,36.9401],[140.5747,36.9403],[140.5746,36.9404],[140.5746,36.9404],[140.5745,36.9406],[140.5745,36.9407],[140.5744,36.9408],[140.5744,36.9409],[140.5745,36.9411],[140.5745,36.9413],[140.5745,36.9413],[140.5745,36.9414],[140.5745,36.9416],[140.5745,36.9417],[140.5745,36.9417],[140.5746,36.9418],[140.5746,36.942],[140.5747,36.9421],[140.5747,36.9421],[140.5749,36.9422],[140.575,36.9423],[140.575,36.9423],[140.575,36.9423],[140.5752,36.9424],[140.5754,36.9425],[140.5756,36.9426],[140.5758,36.9427],[140.5759,36.9427],[140.576,36.9427],[140.5762,36.9426],[140.5764,36.9426],[140.5766,36.9424],[140.5768,36.9423],[140.5769,36.9423],[140.577,36.9422],[140.5771,36.9422],[140.5773,36.9422],[140.5775,36.9422],[140.5778,36.9422],[140.5778,36.9422],[140.5781,36.9422],[140.5782,36.9422],[140.5783,36.9422],[140.5784,36.9422],[140.5785,36.9422],[140.5786,36.9422],[140.5789,36.9422],[140.5791,36.9423],[140.5793,36.9423],[140.5795,36.9424],[140.5797,36.9425],[140.5799,36.9426],[140.5802,36.9427],[140.5803,36.9428],[140.5804,36.9428],[140.5805,36.9428],[140.5806,36.9428],[140.5808,36.9428],[140.581,36.9427],[140.5813,36.9426],[140.5814,36.9426],[140.5815,36.9426],[140.5816,36.9426],[140.5818,36.9426],[140.582,36.9427],[140.5822,36.9427],[140.5825,36.9428],[140.5827,36.9429],[140.5829,36.943],[140.583,36.943],[140.5832,36.9431],[140.5833,36.9432],[140.5834,36.9432],[140.5834,36.9433],[140.5835,36.9434],[140.5835,36.9435],[140.5835,36.9436],[140.5836,36.9438],[140.5836,36.9438],[140.5836,36.9439],[140.5837,36.9442],[140.5838,36.9442],[140.5839,36.9443],[140.584,36.9444],[140.5841,36.9445],[140.5842,36.9445],[140.5843,36.9445],[140.5845,36.9444],[140.5848,36.9445],[140.5849,36.9445],[140.585,36.9446],[140.5852,36.9447],[140.5853,36.9448],[140.5855,36.9449],[140.5857,36.945],[140.5858,36.9451],[140.586,36.9452],[140.586,36.9453],[140.5861,36.9453],[140.5862,36.9453],[140.5864,36.9452],[140.5866,36.9451],[140.5867,36.9449],[140.5868,36.9448],[140.587,36.9447],[140.587,36.9447],[140.5871,36.9445]]]],"type":"MultiPolygon"},"properties":{"namekana":"いばらき","code":"9080","name":"茨城"}}],"type":"FeatureCollection"}