{"features":[{"type":"Feature","geometry":{"coordinates":[[[139.9578,37.1542],[139.958,37.1542],[139.9581,37.154],[139.9583,37.154],[139.9583,37.1539],[139.9583,37.1539],[139.9585,37.1538],[139.9587,37.1537],[139.9588,37.1537],[139.9589,37.1536],[139.9591,37.1536],[139.9593,37.1535],[139.9595,37.1535],[139.9596,37.1535],[139.9599,37.1535],[139.9601,37.1535],[139.9603,37.1535],[139.9604,37.1536],[139.9607,37.1535],[139.9608,37.1535],[139.9609,37.1535],[139.961,37.1534],[139.9611,37.1534],[139.9613,37.1533],[139.9614,37.1532],[139.9614,37.1531],[139.9615,37.1529],[139.9615,37.1527],[139.9617,37.1524],[139.9619,37.1521],[139.9619,37.1519],[139.962,37.1516],[139.962,37.1515],[139.962,37.1513],[139.9619,37.151],[139.9619,37.1509],[139.9618,37.1507],[139.9618,37.1504],[139.9618,37.1501],[139.9618,37.15],[139.9618,37.15],[139.9618,37.15],[139.9618,37.1498],[139.9619,37.1497],[139.962,37.1496],[139.9621,37.1494],[139.9624,37.1492],[139.9625,37.1492],[139.9625,37.1491],[139.9626,37.1489],[139.9626,37.1488],[139.9627,37.1486],[139.9628,37.1486],[139.963,37.1485],[139.9631,37.1485],[139.9634,37.1485],[139.9636,37.1485],[139.9637,37.1485],[139.9639,37.1486],[139.964,37.1487],[139.9642,37.1487],[139.9645,37.1487],[139.9648,37.1487],[139.9651,37.1486],[139.9655,37.1485],[139.9657,37.1484],[139.9661,37.1483],[139.9664,37.1482],[139.9667,37.148],[139.9667,37.148],[139.9667,37.148],[139.967,37.1479],[139.9673,37.1478],[139.9673,37.1478],[139.9675,37.1479],[139.9677,37.1479],[139.9679,37.148],[139.9683,37.1482],[139.9686,37.1484],[139.9687,37.1484],[139.9689,37.1485],[139.9692,37.1486],[139.9695,37.1487],[139.9696,37.1488],[139.9697,37.1488],[139.9697,37.1488],[139.9698,37.1487],[139.97,37.1486],[139.9702,37.1485],[139.9705,37.1483],[139.9707,37.148],[139.9709,37.1479],[139.971,37.1478],[139.9712,37.1477],[139.9714,37.1476],[139.9716,37.1475],[139.9721,37.1473],[139.9723,37.1472],[139.9726,37.1472],[139.9729,37.1471],[139.9734,37.1471],[139.9736,37.147],[139.9739,37.147],[139.9741,37.147],[139.9746,37.1469],[139.9749,37.147],[139.975,37.1469],[139.975,37.1469],[139.9752,37.1469],[139.9756,37.1469],[139.9757,37.1469],[139.9758,37.1469],[139.9761,37.1469],[139.9763,37.1469],[139.9765,37.1469],[139.9766,37.1469],[139.9773,37.147],[139.9774,37.147],[139.9776,37.1471],[139.9779,37.1471],[139.9782,37.1471],[139.9784,37.147],[139.9787,37.147],[139.979,37.1469],[139.9793,37.1469],[139.9795,37.1468],[139.9797,37.1467],[139.9799,37.1466],[139.9802,37.1465],[139.9805,37.1464],[139.9808,37.1463],[139.9811,37.1462],[139.9813,37.1461],[139.9816,37.146],[139.9822,37.1456],[139.9824,37.1455],[139.9824,37.1455],[139.9827,37.1454],[139.9828,37.1454],[139.9831,37.1452],[139.9832,37.1452],[139.9833,37.1451],[139.9833,37.1451],[139.9834,37.1451],[139.9836,37.1451],[139.9839,37.145],[139.9841,37.145],[139.9842,37.1449],[139.9844,37.1449],[139.9845,37.1448],[139.9846,37.1447],[139.9848,37.1446],[139.9851,37.1445],[139.9853,37.1444],[139.9855,37.1443],[139.9857,37.1441],[139.9859,37.144],[139.9861,37.1439],[139.9863,37.1438],[139.9864,37.1438],[139.9866,37.1437],[139.9868,37.1437],[139.9869,37.1437],[139.9871,37.1436],[139.9874,37.1436],[139.9874,37.1436],[139.9876,37.1436],[139.9878,37.1435],[139.9881,37.1434],[139.9883,37.1433],[139.9886,37.1432],[139.9887,37.1431],[139.9889,37.1431],[139.989,37.1431],[139.9891,37.1431],[139.9892,37.1431],[139.9894,37.1431],[139.9897,37.143],[139.9899,37.1429],[139.9901,37.1428],[139.9903,37.1427],[139.9905,37.1427],[139.9907,37.1427],[139.991,37.1428],[139.9912,37.1428],[139.9914,37.1429],[139.9916,37.143],[139.9917,37.143],[139.9917,37.143],[139.9919,37.1431],[139.9921,37.1432],[139.9924,37.1432],[139.9926,37.1434],[139.9928,37.1435],[139.993,37.1436],[139.9931,37.1437],[139.9932,37.1437],[139.9933,37.1437],[139.9935,37.1437],[139.9937,37.1437],[139.9938,37.1437],[139.994,37.1437],[139.9941,37.1437],[139.9944,37.1437],[139.9947,37.1438],[139.995,37.1439],[139.9951,37.1439],[139.9953,37.1439],[139.9956,37.1439],[139.9958,37.1438],[139.996,37.1438],[139.9963,37.1438],[139.9963,37.1437],[139.9965,37.1437],[139.9967,37.1436],[139.9968,37.1436],[139.997,37.1436],[139.9974,37.1435],[139.9977,37.1435],[139.9979,37.1435],[139.9982,37.1435],[139.9985,37.1434],[139.9986,37.1434],[139.9988,37.1433],[139.999,37.1431],[139.9992,37.143],[139.9993,37.1429],[139.9995,37.1428],[139.9996,37.1428],[139.9998,37.1428],[140,37.1428],[140,37.1428],[140,37.1428],[140.0003,37.1428],[140.0007,37.1428],[140.0008,37.1428],[140.0009,37.1428],[140.0012,37.1428],[140.0014,37.1428],[140.0016,37.1428],[140.0017,37.1429],[140.0018,37.1428],[140.002,37.1428],[140.002,37.1428],[140.0023,37.1427],[140.0026,37.1426],[140.0029,37.1425],[140.003,37.1424],[140.0032,37.1424],[140.0034,37.1423],[140.0036,37.1422],[140.0038,37.142],[140.004,37.1419],[140.004,37.1418],[140.0043,37.1417],[140.0045,37.1418],[140.0046,37.1419],[140.0047,37.142],[140.0049,37.142],[140.005,37.142],[140.0051,37.1419],[140.0053,37.1419],[140.0056,37.1419],[140.0057,37.1419],[140.0059,37.142],[140.006,37.142],[140.0061,37.142],[140.0062,37.142],[140.0063,37.142],[140.0065,37.1419],[140.0068,37.1418],[140.0069,37.1418],[140.0069,37.1418],[140.0073,37.1418],[140.0074,37.1419],[140.0077,37.1419],[140.008,37.1419],[140.0082,37.142],[140.0083,37.1419],[140.0083,37.1419],[140.0083,37.1419],[140.0084,37.1419],[140.0085,37.1419],[140.0086,37.1419],[140.0087,37.1419],[140.009,37.1419],[140.0092,37.142],[140.0094,37.142],[140.0096,37.142],[140.0097,37.1419],[140.0099,37.1419],[140.0101,37.1419],[140.0104,37.1418],[140.0106,37.1418],[140.0108,37.1418],[140.0111,37.1417],[140.0111,37.1417],[140.0111,37.1417],[140.0112,37.1416],[140.0115,37.1416],[140.0117,37.1415],[140.012,37.1414],[140.0121,37.1414],[140.0123,37.1413],[140.0125,37.1412],[140.0128,37.1411],[140.013,37.1409],[140.0131,37.1408],[140.0133,37.1408],[140.0135,37.1406],[140.0138,37.1405],[140.014,37.1405],[140.0142,37.1404],[140.0143,37.1403],[140.0146,37.1401],[140.0149,37.14],[140.0151,37.14],[140.0152,37.1399],[140.0154,37.1399],[140.0155,37.14],[140.0157,37.14],[140.016,37.1399],[140.0162,37.1399],[140.0163,37.1398],[140.0164,37.1397],[140.0164,37.1397],[140.0165,37.1396],[140.0167,37.1396],[140.0167,37.1396],[140.0167,37.1396],[140.0171,37.1396],[140.0172,37.1396],[140.0172,37.1396],[140.0175,37.1397],[140.0176,37.1397],[140.0177,37.1397],[140.0179,37.1398],[140.0182,37.1398],[140.0184,37.1398],[140.0186,37.1399],[140.0187,37.14],[140.0187,37.1401],[140.0188,37.1403],[140.0189,37.1405],[140.019,37.1406],[140.0189,37.1407],[140.0189,37.1409],[140.0189,37.141],[140.0189,37.1412],[140.019,37.1414],[140.0191,37.1415],[140.0192,37.1416],[140.0193,37.1417],[140.0193,37.1417],[140.0193,37.1417],[140.0194,37.1417],[140.0197,37.1418],[140.0199,37.1419],[140.0201,37.142],[140.0202,37.1421],[140.0204,37.1421],[140.0205,37.1421],[140.0208,37.1422],[140.021,37.1423],[140.0213,37.1424],[140.0215,37.1425],[140.0216,37.1425],[140.0219,37.1426],[140.0221,37.1428],[140.0223,37.143],[140.0225,37.1431],[140.0227,37.1433],[140.023,37.1433],[140.0231,37.1433],[140.0233,37.1433],[140.0234,37.1433],[140.0236,37.1432],[140.0238,37.1431],[140.0241,37.1431],[140.0242,37.143],[140.0243,37.143],[140.0244,37.143],[140.0245,37.1429],[140.0247,37.1428],[140.0249,37.1426],[140.025,37.1426],[140.025,37.1426],[140.0251,37.1425],[140.0253,37.1424],[140.0254,37.1423],[140.0255,37.1423],[140.0255,37.1422],[140.0256,37.1421],[140.0257,37.1419],[140.0259,37.1417],[140.026,37.1417],[140.0261,37.1417],[140.0261,37.1417],[140.0262,37.1416],[140.0263,37.1416],[140.0263,37.1416],[140.0264,37.1415],[140.0264,37.1412],[140.0264,37.141],[140.0263,37.1409],[140.0263,37.1408],[140.0263,37.1407],[140.0264,37.1406],[140.0265,37.1406],[140.0267,37.1404],[140.0269,37.1401],[140.027,37.1401],[140.0271,37.14],[140.0273,37.14],[140.0274,37.14],[140.0275,37.14],[140.0278,37.1399],[140.0281,37.1398],[140.0283,37.1397],[140.0284,37.1396],[140.0284,37.1396],[140.0285,37.1396],[140.0286,37.1396],[140.0287,37.1396],[140.0287,37.1396],[140.029,37.1396],[140.0293,37.1397],[140.0294,37.1397],[140.0296,37.1396],[140.0298,37.1396],[140.0299,37.1396],[140.0302,37.1395],[140.0305,37.1394],[140.0305,37.1393],[140.0308,37.1392],[140.0309,37.1392],[140.0311,37.1392],[140.0312,37.1392],[140.0314,37.1392],[140.0317,37.1394],[140.0317,37.1395],[140.0317,37.1396],[140.0318,37.1397],[140.0319,37.1397],[140.0321,37.1398],[140.0324,37.1398],[140.0326,37.14],[140.0328,37.1401],[140.0329,37.1402],[140.033,37.1402],[140.033,37.1402],[140.0331,37.1402],[140.0332,37.1401],[140.0333,37.1401],[140.0333,37.1401],[140.0335,37.1401],[140.0337,37.14],[140.0338,37.14],[140.0339,37.14],[140.0341,37.14],[140.0343,37.14],[140.0345,37.14],[140.0348,37.14],[140.035,37.14],[140.0351,37.1399],[140.0352,37.1398],[140.0353,37.1397],[140.0353,37.1397],[140.0355,37.1396],[140.0355,37.1396],[140.0358,37.1396],[140.0361,37.1395],[140.0363,37.1396],[140.0365,37.1396],[140.0367,37.1395],[140.0367,37.1395],[140.037,37.1395],[140.0373,37.1394],[140.0374,37.1394],[140.0376,37.1393],[140.0377,37.1393],[140.0379,37.1393],[140.0381,37.1394],[140.0384,37.1395],[140.0386,37.1395],[140.0387,37.1394],[140.0387,37.1394],[140.0388,37.1393],[140.0388,37.1391],[140.0388,37.1388],[140.0389,37.1386],[140.0389,37.1385],[140.039,37.1384],[140.0391,37.1384],[140.0392,37.1383],[140.0394,37.1383],[140.0397,37.1383],[140.0399,37.1382],[140.0401,37.1381],[140.0403,37.138],[140.0405,37.1379],[140.0407,37.1377],[140.0409,37.1376],[140.0411,37.1375],[140.0412,37.1375],[140.0414,37.1375],[140.0415,37.1375],[140.0416,37.1375],[140.0417,37.1374],[140.0417,37.1374],[140.0418,37.1374],[140.042,37.1373],[140.0422,37.1372],[140.0423,37.1372],[140.0424,37.1372],[140.0426,37.1372],[140.0427,37.1372],[140.0429,37.1372],[140.0431,37.1372],[140.0431,37.1372],[140.0433,37.1372],[140.0435,37.1371],[140.0436,37.137],[140.0437,37.137],[140.0439,37.1368],[140.0441,37.1367],[140.0442,37.1366],[140.0444,37.1366],[140.0445,37.1366],[140.0446,37.1366],[140.0447,37.1366],[140.045,37.1367],[140.0453,37.1368],[140.0454,37.1368],[140.0456,37.1368],[140.0457,37.1367],[140.0459,37.1366],[140.0462,37.1364],[140.0463,37.1362],[140.0463,37.136],[140.0463,37.1359],[140.0464,37.1358],[140.0464,37.1357],[140.0464,37.1357],[140.0467,37.1355],[140.0469,37.1355],[140.0471,37.1354],[140.0472,37.1353],[140.0473,37.1352],[140.0473,37.1351],[140.0474,37.1348],[140.0475,37.1346],[140.0476,37.1344],[140.0477,37.1342],[140.0478,37.1341],[140.048,37.1339],[140.0482,37.1337],[140.0482,37.1336],[140.0483,37.1336],[140.0482,37.1334],[140.0482,37.1333],[140.0482,37.1333],[140.0482,37.1333],[140.0482,37.1333],[140.0482,37.1332],[140.0483,37.133],[140.0485,37.1327],[140.0485,37.1325],[140.0487,37.1323],[140.0487,37.1322],[140.0488,37.1322],[140.0489,37.132],[140.049,37.1318],[140.0491,37.1317],[140.0492,37.1315],[140.0493,37.1314],[140.0494,37.1314],[140.0496,37.1313],[140.0497,37.1313],[140.05,37.1311],[140.05,37.1311],[140.05,37.1311],[140.0503,37.1309],[140.0505,37.1308],[140.0508,37.1307],[140.051,37.1307],[140.0512,37.1307],[140.0513,37.1307],[140.0515,37.1307],[140.0516,37.1307],[140.0517,37.1307],[140.0519,37.1305],[140.0521,37.1303],[140.0522,37.1301],[140.0522,37.1301],[140.0524,37.13],[140.0525,37.13],[140.0528,37.13],[140.0531,37.1299],[140.0532,37.1296],[140.0533,37.1295],[140.0534,37.1293],[140.0535,37.1293],[140.0536,37.1293],[140.0537,37.1292],[140.054,37.1292],[140.0543,37.129],[140.0544,37.1289],[140.0546,37.1288],[140.0547,37.1288],[140.0549,37.1288],[140.0552,37.1286],[140.0554,37.1284],[140.0554,37.1283],[140.0554,37.1282],[140.0554,37.1281],[140.0555,37.1279],[140.0556,37.1277],[140.0557,37.1275],[140.0557,37.1274],[140.0558,37.1273],[140.0559,37.1273],[140.0561,37.1273],[140.0562,37.1273],[140.0565,37.1273],[140.0568,37.1273],[140.0569,37.1273],[140.0571,37.1273],[140.0571,37.1272],[140.0572,37.127],[140.0572,37.1269],[140.0572,37.1267],[140.0573,37.1265],[140.0573,37.1264],[140.0573,37.1262],[140.0573,37.1262],[140.0574,37.1261],[140.0574,37.1261],[140.0575,37.126],[140.0578,37.126],[140.058,37.1261],[140.0582,37.1261],[140.0583,37.1261],[140.0583,37.1261],[140.0584,37.1261],[140.0585,37.126],[140.0587,37.126],[140.0587,37.126],[140.059,37.1258],[140.0592,37.1256],[140.0594,37.1255],[140.0595,37.1255],[140.0596,37.1255],[140.0597,37.1255],[140.0598,37.1255],[140.0599,37.1255],[140.0601,37.1256],[140.0604,37.1257],[140.0605,37.1258],[140.0606,37.1259],[140.0607,37.126],[140.0607,37.1261],[140.0608,37.1263],[140.061,37.1265],[140.0611,37.1265],[140.0612,37.1266],[140.0614,37.1266],[140.0615,37.1267],[140.0615,37.1268],[140.0617,37.1269],[140.0618,37.1271],[140.0619,37.1272],[140.062,37.1272],[140.0622,37.1273],[140.0624,37.1273],[140.0625,37.1273],[140.0628,37.1274],[140.063,37.1274],[140.0631,37.1274],[140.0633,37.1275],[140.0635,37.1275],[140.0636,37.1275],[140.0637,37.1274],[140.0639,37.1272],[140.064,37.127],[140.0641,37.1269],[140.0641,37.1268],[140.0642,37.1268],[140.0643,37.1268],[140.0643,37.1268],[140.0644,37.1269],[140.0645,37.1271],[140.0647,37.1273],[140.0648,37.1274],[140.0649,37.1275],[140.065,37.1275],[140.0651,37.1275],[140.0652,37.1275],[140.0655,37.1275],[140.0657,37.1274],[140.0658,37.1274],[140.066,37.1273],[140.0661,37.1273],[140.0662,37.1272],[140.0662,37.1271],[140.0665,37.1269],[140.0667,37.1267],[140.0667,37.1267],[140.0667,37.1267],[140.0668,37.1266],[140.0668,37.1266],[140.0669,37.1265],[140.0669,37.1265],[140.067,37.1264],[140.0671,37.1264],[140.0672,37.1264],[140.0672,37.1264],[140.0673,37.1264],[140.0675,37.1264],[140.0675,37.1264],[140.0678,37.1264],[140.0681,37.1264],[140.0683,37.1265],[140.0684,37.1265],[140.0687,37.1266],[140.069,37.1267],[140.0693,37.1267],[140.0695,37.1267],[140.0697,37.1267],[140.07,37.1266],[140.0702,37.1265],[140.0705,37.1264],[140.0706,37.1264],[140.0708,37.1263],[140.0708,37.1263],[140.0711,37.1263],[140.0713,37.1263],[140.0714,37.1263],[140.0716,37.1263],[140.0717,37.1262],[140.0718,37.1262],[140.072,37.1261],[140.072,37.126],[140.0721,37.126],[140.0722,37.1259],[140.0723,37.1258],[140.0725,37.1257],[140.0727,37.1257],[140.0729,37.1256],[140.0731,37.1255],[140.0731,37.1255],[140.0734,37.1255],[140.0734,37.1255],[140.0737,37.1256],[140.0738,37.1257],[140.0739,37.1257],[140.0742,37.1258],[140.0743,37.1258],[140.0743,37.1258],[140.0745,37.1257],[140.0746,37.1257],[140.0749,37.1257],[140.075,37.1256],[140.075,37.1256],[140.075,37.1256],[140.0751,37.1256],[140.0752,37.1256],[140.0753,37.1256],[140.0755,37.1256],[140.0756,37.1256],[140.0759,37.1256],[140.0762,37.1256],[140.0763,37.1256],[140.0763,37.1256],[140.0765,37.1256],[140.0767,37.1256],[140.0767,37.1256],[140.0768,37.1255],[140.0768,37.1255],[140.077,37.1255],[140.077,37.1255],[140.0771,37.1254],[140.0773,37.1254],[140.0774,37.1253],[140.0776,37.1252],[140.0777,37.1252],[140.0777,37.1251],[140.0778,37.1251],[140.0779,37.125],[140.078,37.125],[140.078,37.125],[140.0781,37.1249],[140.0783,37.1248],[140.0783,37.1247],[140.0783,37.1247],[140.0783,37.1247],[140.0784,37.1246],[140.0785,37.1245],[140.0786,37.1245],[140.0788,37.1245],[140.079,37.1244],[140.0791,37.1244],[140.0791,37.1244],[140.0792,37.1244],[140.0793,37.1244],[140.0795,37.1243],[140.0796,37.1243],[140.0798,37.1242],[140.0801,37.1241],[140.0801,37.1241],[140.0803,37.124],[140.0805,37.124],[140.0806,37.124],[140.0809,37.124],[140.0812,37.124],[140.0812,37.124],[140.0813,37.124],[140.0814,37.124],[140.0814,37.1239],[140.0817,37.1238],[140.082,37.1237],[140.0823,37.1237],[140.0826,37.1236],[140.083,37.1234],[140.0832,37.1233],[140.0833,37.1232],[140.0833,37.1232],[140.0835,37.1232],[140.0837,37.123],[140.0839,37.1228],[140.084,37.1228],[140.0841,37.1228],[140.0843,37.1228],[140.0845,37.1229],[140.0846,37.1229],[140.0847,37.1229],[140.0847,37.1229],[140.0849,37.1229],[140.0851,37.1229],[140.0854,37.1228],[140.0855,37.1228],[140.0858,37.1227],[140.0858,37.1227],[140.0861,37.1227],[140.0863,37.1226],[140.0863,37.1226],[140.0865,37.1225],[140.0866,37.1225],[140.0867,37.1225],[140.0868,37.1225],[140.087,37.1225],[140.0873,37.1224],[140.0874,37.1224],[140.0875,37.1223],[140.0877,37.1223],[140.0878,37.1222],[140.0879,37.1221],[140.0879,37.1221],[140.0881,37.122],[140.0881,37.122],[140.0883,37.1219],[140.0886,37.1217],[140.0888,37.1216],[140.0891,37.1215],[140.0894,37.1216],[140.0897,37.1217],[140.0899,37.1218],[140.0902,37.1219],[140.0905,37.122],[140.0907,37.1221],[140.0909,37.1222],[140.0911,37.1222],[140.0913,37.1223],[140.0916,37.1225],[140.0917,37.1226],[140.0917,37.1226],[140.0918,37.1227],[140.092,37.1229],[140.0922,37.123],[140.0922,37.123],[140.0924,37.1232],[140.0924,37.1232],[140.0924,37.1232],[140.0924,37.1232],[140.0926,37.1234],[140.0928,37.1236],[140.093,37.1238],[140.0932,37.124],[140.0932,37.124],[140.0933,37.1241],[140.0934,37.1241],[140.0935,37.1242],[140.0936,37.1242],[140.0937,37.1242],[140.0939,37.1241],[140.094,37.124],[140.0941,37.1239],[140.0942,37.1238],[140.0943,37.1237],[140.0944,37.1237],[140.0945,37.1236],[140.0947,37.1236],[140.0949,37.1238],[140.0952,37.124],[140.0952,37.124],[140.0953,37.124],[140.0956,37.1241],[140.0958,37.124],[140.0961,37.124],[140.0961,37.124],[140.0961,37.124],[140.0962,37.124],[140.0962,37.124],[140.0963,37.1239],[140.0965,37.1239],[140.0966,37.124],[140.0968,37.1241],[140.0969,37.1242],[140.0969,37.1242],[140.097,37.1242],[140.0972,37.1243],[140.0974,37.1243],[140.0976,37.1243],[140.0977,37.1243],[140.0978,37.1242],[140.098,37.1242],[140.0982,37.124],[140.0982,37.1238],[140.0982,37.1238],[140.0982,37.1238],[140.0982,37.1237],[140.0983,37.1236],[140.0984,37.1236],[140.0985,37.1236],[140.0987,37.1236],[140.0989,37.1236],[140.0991,37.1236],[140.0994,37.1236],[140.0997,37.1236],[140.0999,37.1236],[140.1,37.1236],[140.1,37.1235],[140.1,37.1235],[140.1001,37.1235],[140.1002,37.1235],[140.1003,37.1235],[140.1003,37.1235],[140.1004,37.1234],[140.1006,37.1233],[140.1007,37.1231],[140.1007,37.123],[140.1007,37.123],[140.1007,37.1228],[140.1008,37.1227],[140.1009,37.1225],[140.1011,37.1223],[140.1012,37.1221],[140.1014,37.1219],[140.1015,37.1219],[140.1017,37.1217],[140.1019,37.1216],[140.1019,37.1215],[140.1022,37.1214],[140.1023,37.1213],[140.1024,37.1213],[140.1026,37.1211],[140.1027,37.121],[140.103,37.121],[140.1031,37.1209],[140.1032,37.121],[140.1032,37.121],[140.1034,37.121],[140.1034,37.121],[140.1036,37.121],[140.1039,37.121],[140.1042,37.1209],[140.1045,37.1209],[140.1048,37.1209],[140.1049,37.1209],[140.1049,37.1209],[140.1052,37.1208],[140.1054,37.1206],[140.1054,37.1206],[140.1055,37.1205],[140.1056,37.1203],[140.1057,37.1202],[140.1057,37.1202],[140.1057,37.1201],[140.1057,37.1199],[140.1059,37.1197],[140.1061,37.1196],[140.1063,37.1195],[140.1065,37.1195],[140.1066,37.1195],[140.1068,37.1194],[140.1071,37.1193],[140.1072,37.1192],[140.1073,37.1192],[140.1074,37.1191],[140.1075,37.1191],[140.1075,37.1191],[140.1076,37.1191],[140.1076,37.119],[140.1077,37.1189],[140.1078,37.1188],[140.1079,37.1186],[140.108,37.1184],[140.108,37.1183],[140.108,37.1182],[140.108,37.1182],[140.108,37.1181],[140.1081,37.1178],[140.1082,37.1176],[140.1082,37.1175],[140.1083,37.1175],[140.1083,37.1174],[140.1083,37.1174],[140.1083,37.1174],[140.1084,37.1174],[140.1085,37.1172],[140.1085,37.1171],[140.1087,37.1169],[140.1088,37.1167],[140.1088,37.1167],[140.1088,37.1167],[140.1089,37.1166],[140.109,37.1165],[140.1091,37.1164],[140.1092,37.1164],[140.1093,37.1164],[140.1096,37.1164],[140.1097,37.1164],[140.1099,37.1164],[140.1101,37.1163],[140.1103,37.1162],[140.1104,37.1162],[140.1105,37.1161],[140.1107,37.116],[140.1108,37.1159],[140.1109,37.1159],[140.111,37.1158],[140.1111,37.1156],[140.1113,37.1154],[140.1115,37.1153],[140.1117,37.1151],[140.1119,37.115],[140.1121,37.1148],[140.1121,37.1148],[140.1123,37.1147],[140.1124,37.1146],[140.1126,37.1146],[140.1126,37.1146],[140.1128,37.1145],[140.113,37.1144],[140.1132,37.1143],[140.1133,37.1141],[140.1135,37.114],[140.1137,37.1138],[140.1137,37.1136],[140.1137,37.1136],[140.1138,37.1134],[140.1138,37.1133],[140.114,37.1132],[140.114,37.1131],[140.1141,37.113],[140.1142,37.113],[140.1144,37.1129],[140.1146,37.1128],[140.1148,37.1127],[140.1151,37.1125],[140.1155,37.1123],[140.1157,37.1124],[140.1157,37.1124],[140.1159,37.1124],[140.1161,37.1124],[140.1162,37.1124],[140.1164,37.1123],[140.1166,37.1123],[140.1167,37.1123],[140.1167,37.1123],[140.1168,37.1123],[140.1172,37.1122],[140.1174,37.1122],[140.1176,37.1121],[140.1177,37.1121],[140.1178,37.112],[140.1181,37.1119],[140.1183,37.1117],[140.1185,37.1116],[140.1186,37.1114],[140.1188,37.1112],[140.1189,37.111],[140.119,37.1108],[140.119,37.1106],[140.119,37.1105],[140.1189,37.1103],[140.1189,37.1103],[140.1189,37.1102],[140.119,37.1101],[140.1191,37.11],[140.1193,37.11],[140.1196,37.11],[140.1202,37.1099],[140.1205,37.1099],[140.1208,37.1099],[140.121,37.1098],[140.1211,37.1098],[140.1212,37.1097],[140.1213,37.1096],[140.1213,37.1095],[140.1213,37.1093],[140.1214,37.1091],[140.1214,37.109],[140.1215,37.1089],[140.1216,37.1088],[140.1217,37.1087],[140.1217,37.1087],[140.1218,37.1086],[140.1218,37.1086],[140.122,37.1085],[140.1222,37.1084],[140.1223,37.1083],[140.1223,37.1083],[140.1224,37.1083],[140.1226,37.1082],[140.1229,37.1082],[140.123,37.1082],[140.1231,37.1081],[140.1232,37.1081],[140.1233,37.1081],[140.1234,37.1081],[140.1236,37.1081],[140.1239,37.1081],[140.124,37.1082],[140.124,37.1082],[140.1241,37.1082],[140.1242,37.1082],[140.1243,37.1082],[140.1245,37.1082],[140.1247,37.1082],[140.1249,37.1082],[140.125,37.1081],[140.125,37.1081],[140.1251,37.1081],[140.1254,37.108],[140.1255,37.108],[140.1256,37.108],[140.1258,37.1079],[140.1259,37.1078],[140.126,37.1077],[140.1262,37.1075],[140.1263,37.1073],[140.1264,37.1072],[140.1264,37.1072],[140.1264,37.107],[140.1264,37.1069],[140.1265,37.1068],[140.1265,37.1066],[140.1267,37.1064],[140.1267,37.1063],[140.1268,37.1062],[140.1268,37.1061],[140.1269,37.1061],[140.127,37.1059],[140.1272,37.1058],[140.1274,37.1056],[140.1275,37.1056],[140.1276,37.1055],[140.1277,37.1054],[140.1278,37.1053],[140.1279,37.1053],[140.1279,37.1053],[140.128,37.1052],[140.1281,37.1049],[140.1281,37.1047],[140.1281,37.1047],[140.1281,37.1046],[140.1281,37.1045],[140.128,37.1044],[140.128,37.1044],[140.128,37.1043],[140.128,37.1042],[140.128,37.1042],[140.1281,37.1041],[140.1283,37.1041],[140.1285,37.104],[140.1286,37.1039],[140.1287,37.1039],[140.1289,37.1039],[140.129,37.1038],[140.1292,37.1038],[140.1295,37.1038],[140.1297,37.1038],[140.1299,37.1039],[140.13,37.1039],[140.1302,37.1039],[140.1303,37.1039],[140.1306,37.1038],[140.1306,37.1038],[140.1308,37.1037],[140.1309,37.1036],[140.1309,37.1036],[140.1309,37.1036],[140.1309,37.1034],[140.1309,37.1033],[140.131,37.1033],[140.131,37.1033],[140.1311,37.1033],[140.1311,37.1033],[140.1314,37.1033],[140.1316,37.1033],[140.1317,37.1033],[140.1319,37.1034],[140.132,37.1034],[140.1323,37.1034],[140.1326,37.1034],[140.1329,37.1034],[140.133,37.1034],[140.1333,37.1034],[140.1333,37.1034],[140.1333,37.1034],[140.1335,37.1034],[140.1336,37.1034],[140.1336,37.1034],[140.1339,37.1034],[140.1341,37.1035],[140.1342,37.1035],[140.1343,37.1035],[140.1343,37.1035],[140.1345,37.1035],[140.1347,37.1036],[140.1348,37.1036],[140.1351,37.1038],[140.1353,37.1038],[140.1353,37.1038],[140.1354,37.1039],[140.1354,37.1039],[140.1356,37.104],[140.1357,37.1041],[140.1358,37.1041],[140.1358,37.1043],[140.1359,37.1045],[140.136,37.1047],[140.1361,37.1048],[140.1362,37.105],[140.1363,37.1052],[140.1365,37.1054],[140.1366,37.1055],[140.1366,37.1057],[140.1367,37.1059],[140.1368,37.1061],[140.1369,37.1063],[140.137,37.1064],[140.137,37.1064],[140.137,37.1065],[140.137,37.1065],[140.1371,37.1065],[140.1372,37.1065],[140.1372,37.1065],[140.1373,37.1065],[140.1374,37.1064],[140.1374,37.1064],[140.1375,37.1062],[140.1377,37.106],[140.1377,37.1059],[140.1378,37.1058],[140.1379,37.1057],[140.1379,37.1056],[140.138,37.1055],[140.1382,37.1054],[140.1383,37.1054],[140.1385,37.1053],[140.1386,37.1052],[140.1388,37.1051],[140.1389,37.1051],[140.1391,37.1051],[140.1392,37.105],[140.1394,37.105],[140.1394,37.105],[140.1396,37.1049],[140.1397,37.1049],[140.1399,37.1048],[140.1401,37.1047],[140.1404,37.1044],[140.1405,37.1043],[140.1404,37.1041],[140.1404,37.1041],[140.1404,37.104],[140.1405,37.1039],[140.1405,37.1038],[140.1406,37.1036],[140.1407,37.1034],[140.1409,37.103],[140.141,37.1028],[140.1411,37.1027],[140.1413,37.1026],[140.1413,37.1025],[140.1414,37.1025],[140.1414,37.1025],[140.1416,37.1024],[140.1417,37.1024],[140.1417,37.1024],[140.1419,37.1022],[140.142,37.1021],[140.1422,37.102],[140.1424,37.1018],[140.1426,37.1017],[140.1428,37.1016],[140.143,37.1015],[140.1432,37.1013],[140.1433,37.1013],[140.1436,37.1011],[140.1439,37.101],[140.1441,37.1008],[140.1443,37.1007],[140.1443,37.1007],[140.1444,37.1007],[140.1444,37.1007],[140.1445,37.1006],[140.1446,37.1005],[140.1448,37.1004],[140.1449,37.1003],[140.1452,37.1001],[140.1454,37.1],[140.1454,37.1],[140.1454,37.1],[140.1455,37.0999],[140.1457,37.0998],[140.146,37.0996],[140.1462,37.0995],[140.1465,37.0993],[140.1465,37.0993],[140.1465,37.0993],[140.1465,37.0992],[140.1466,37.0992],[140.1469,37.0989],[140.1471,37.0987],[140.1472,37.0986],[140.1472,37.0985],[140.1472,37.0984],[140.1475,37.0982],[140.1478,37.0978],[140.148,37.0977],[140.1482,37.0975],[140.1483,37.0972],[140.1484,37.0971],[140.1484,37.0971],[140.1485,37.097],[140.1486,37.0968],[140.1485,37.0967],[140.1485,37.0965],[140.1484,37.0964],[140.1484,37.0963],[140.1484,37.0963],[140.1486,37.0963],[140.1486,37.0963],[140.1487,37.0963],[140.1489,37.0963],[140.1492,37.0963],[140.1493,37.0961],[140.1495,37.0959],[140.1497,37.0957],[140.1499,37.0955],[140.15,37.0953],[140.15,37.0953],[140.15,37.0953],[140.1501,37.0952],[140.1501,37.0951],[140.1504,37.0948],[140.1505,37.0946],[140.1506,37.0946],[140.1507,37.0944],[140.1508,37.0943],[140.1504,37.0941],[140.1502,37.094],[140.1501,37.0939],[140.15,37.0939],[140.15,37.0939],[140.1499,37.0938],[140.1497,37.0937],[140.1495,37.0936],[140.1494,37.0936],[140.1494,37.0935],[140.1493,37.0935],[140.1493,37.0934],[140.1492,37.0933],[140.1492,37.0933],[140.1492,37.0933],[140.1492,37.0932],[140.1491,37.0931],[140.1492,37.0929],[140.1492,37.0928],[140.1492,37.0927],[140.1493,37.0926],[140.1494,37.0926],[140.1496,37.0924],[140.1497,37.0924],[140.1499,37.0925],[140.1499,37.0925],[140.15,37.0925],[140.15,37.0925],[140.15,37.0925],[140.1501,37.0925],[140.1502,37.0925],[140.1503,37.0925],[140.1504,37.0924],[140.1505,37.0924],[140.1506,37.0923],[140.1509,37.0923],[140.1511,37.0922],[140.1514,37.0922],[140.1516,37.0922],[140.1519,37.0922],[140.1521,37.0922],[140.1523,37.0921],[140.1525,37.0921],[140.1529,37.0921],[140.1531,37.092],[140.1531,37.092],[140.1532,37.0919],[140.1534,37.0919],[140.1534,37.0919],[140.1535,37.092],[140.1535,37.092],[140.1537,37.0919],[140.1538,37.0919],[140.154,37.0918],[140.1542,37.0918],[140.1543,37.0917],[140.1543,37.0917],[140.1543,37.0917],[140.1543,37.0917],[140.1544,37.0916],[140.1547,37.0915],[140.1549,37.0914],[140.1552,37.0913],[140.1553,37.0913],[140.1556,37.0913],[140.1558,37.0913],[140.1559,37.0913],[140.156,37.0914],[140.156,37.0914],[140.1561,37.0914],[140.1562,37.0914],[140.1562,37.0914],[140.1563,37.0913],[140.1563,37.0913],[140.1563,37.0913],[140.1563,37.0912],[140.1563,37.0911],[140.1564,37.0909],[140.1565,37.0907],[140.1566,37.0905],[140.1566,37.0904],[140.1567,37.0902],[140.1568,37.09],[140.1569,37.0898],[140.1569,37.0898],[140.1569,37.0898],[140.157,37.0897],[140.157,37.0897],[140.157,37.0897],[140.157,37.0897],[140.1572,37.0896],[140.1574,37.0895],[140.1574,37.0894],[140.1575,37.0893],[140.1574,37.0891],[140.1573,37.0889],[140.1572,37.0888],[140.1571,37.0888],[140.1571,37.0887],[140.1568,37.0885],[140.1566,37.0884],[140.1564,37.0884],[140.1558,37.088],[140.1552,37.0877],[140.1552,37.0877],[140.1551,37.0876],[140.155,37.0876],[140.1547,37.0875],[140.1545,37.0874],[140.1543,37.0874],[140.1543,37.0874],[140.1542,37.0874],[140.1541,37.0874],[140.1539,37.0873],[140.1537,37.0872],[140.1535,37.0871],[140.1533,37.0869],[140.1532,37.0867],[140.1531,37.0866],[140.153,37.0864],[140.153,37.0864],[140.153,37.0864],[140.1529,37.0862],[140.153,37.086],[140.1532,37.0859],[140.1534,37.0857],[140.1539,37.0856],[140.1543,37.0855],[140.1545,37.0854],[140.1547,37.0853],[140.1547,37.0853],[140.1548,37.0852],[140.1549,37.0849],[140.1549,37.0848],[140.155,37.0846],[140.1552,37.0843],[140.1554,37.0841],[140.1557,37.0838],[140.1558,37.0836],[140.1559,37.0834],[140.1559,37.0833],[140.1559,37.0833],[140.1559,37.0831],[140.1559,37.083],[140.1559,37.0829],[140.156,37.0828],[140.1561,37.0827],[140.1563,37.0825],[140.1564,37.0825],[140.1565,37.0824],[140.1568,37.0823],[140.1569,37.0822],[140.157,37.0822],[140.1572,37.0821],[140.1572,37.0819],[140.1571,37.0818],[140.1571,37.0817],[140.1571,37.0816],[140.1571,37.0816],[140.1571,37.0815],[140.1571,37.0815],[140.1572,37.0815],[140.1572,37.0814],[140.1574,37.0813],[140.1577,37.0812],[140.1578,37.0811],[140.1579,37.0811],[140.1579,37.081],[140.158,37.0809],[140.1581,37.0808],[140.1583,37.0806],[140.1583,37.0806],[140.1584,37.0806],[140.1586,37.0805],[140.1587,37.0804],[140.1588,37.0804],[140.1588,37.0804],[140.1589,37.0804],[140.1592,37.0804],[140.1593,37.0803],[140.1594,37.0802],[140.1595,37.0802],[140.1598,37.0801],[140.1599,37.08],[140.1601,37.0799],[140.1603,37.0799],[140.1604,37.0799],[140.1604,37.0798],[140.1606,37.0798],[140.161,37.0797],[140.1612,37.0797],[140.1615,37.0796],[140.1617,37.0796],[140.162,37.0796],[140.1622,37.0796],[140.1623,37.0797],[140.1624,37.0797],[140.1625,37.0797],[140.1626,37.0797],[140.1627,37.0797],[140.1628,37.0797],[140.1628,37.0797],[140.1629,37.0797],[140.163,37.0796],[140.1632,37.0797],[140.1633,37.0797],[140.1634,37.0797],[140.1637,37.0796],[140.1638,37.0796],[140.1641,37.0795],[140.1642,37.0795],[140.1643,37.0794],[140.1644,37.0794],[140.1646,37.0793],[140.1649,37.0791],[140.1652,37.0789],[140.1654,37.0788],[140.1656,37.0787],[140.1658,37.0785],[140.1659,37.0785],[140.166,37.0784],[140.1661,37.0783],[140.1663,37.0781],[140.1665,37.0779],[140.1666,37.0777],[140.1667,37.0776],[140.1667,37.0776],[140.1667,37.0776],[140.1668,37.0774],[140.1668,37.0773],[140.1669,37.0773],[140.167,37.077],[140.1671,37.0768],[140.1672,37.0768],[140.1672,37.0767],[140.1673,37.0767],[140.1673,37.0766],[140.1674,37.0765],[140.1675,37.0765],[140.1675,37.0765],[140.1678,37.0764],[140.1681,37.0763],[140.1683,37.0762],[140.1684,37.076],[140.1686,37.0759],[140.1687,37.0758],[140.1688,37.0757],[140.1688,37.0757],[140.169,37.0755],[140.1691,37.0753],[140.1691,37.0751],[140.1691,37.0751],[140.1691,37.075],[140.1691,37.075],[140.1691,37.0749],[140.1691,37.0748],[140.1691,37.0748],[140.1691,37.0745],[140.1691,37.0743],[140.1691,37.0741],[140.1692,37.074],[140.1693,37.0736],[140.1694,37.0734],[140.1696,37.0732],[140.1698,37.0731],[140.1698,37.073],[140.17,37.0729],[140.1701,37.0729],[140.1703,37.0728],[140.1704,37.0728],[140.1705,37.0728],[140.1707,37.0727],[140.171,37.0725],[140.171,37.0724],[140.1711,37.0723],[140.1712,37.0722],[140.1712,37.0721],[140.1713,37.072],[140.1713,37.0719],[140.1713,37.0718],[140.1714,37.0716],[140.1716,37.0714],[140.1717,37.0713],[140.1718,37.0712],[140.1719,37.0711],[140.1721,37.0709],[140.1723,37.0707],[140.1725,37.0705],[140.1725,37.0705],[140.1726,37.0704],[140.1727,37.0703],[140.1728,37.0703],[140.1728,37.0703],[140.1729,37.0702],[140.1729,37.0702],[140.173,37.0703],[140.173,37.0703],[140.1731,37.0704],[140.1733,37.0706],[140.1735,37.0709],[140.1735,37.071],[140.1736,37.0711],[140.1738,37.0715],[140.1739,37.0717],[140.1742,37.0717],[140.1744,37.0717],[140.1745,37.0717],[140.1746,37.0717],[140.1747,37.0717],[140.1747,37.0716],[140.1748,37.0716],[140.1748,37.0716],[140.1749,37.0715],[140.175,37.0714],[140.175,37.0713],[140.1751,37.0713],[140.1752,37.071],[140.1753,37.0709],[140.1754,37.0708],[140.1754,37.0708],[140.1754,37.0707],[140.1755,37.0707],[140.1757,37.0707],[140.1758,37.0707],[140.176,37.0705],[140.1762,37.0702],[140.1762,37.0701],[140.1762,37.0701],[140.1763,37.07],[140.1763,37.07],[140.1764,37.0699],[140.1765,37.0699],[140.1766,37.0698],[140.1767,37.0697],[140.1768,37.0697],[140.177,37.0697],[140.1773,37.0696],[140.1773,37.0696],[140.1774,37.0695],[140.1775,37.0695],[140.1775,37.0694],[140.1775,37.0694],[140.1776,37.0694],[140.1776,37.0693],[140.1776,37.0691],[140.1776,37.0691],[140.1776,37.0691],[140.1778,37.069],[140.1779,37.069],[140.1781,37.069],[140.1784,37.069],[140.1786,37.0691],[140.1787,37.0692],[140.1788,37.0692],[140.179,37.0692],[140.1791,37.0693],[140.1792,37.0693],[140.1794,37.0692],[140.1797,37.0692],[140.1798,37.0691],[140.1799,37.0691],[140.1799,37.0691],[140.18,37.0691],[140.1801,37.069],[140.1802,37.069],[140.1802,37.069],[140.1804,37.069],[140.1805,37.069],[140.1806,37.0689],[140.1808,37.0689],[140.181,37.0688],[140.1811,37.0688],[140.1812,37.0688],[140.1814,37.0688],[140.1814,37.0688],[140.1816,37.0689],[140.1821,37.0689],[140.1824,37.0688],[140.1825,37.0688],[140.1826,37.0688],[140.1827,37.0688],[140.1828,37.0688],[140.1829,37.0688],[140.1831,37.0688],[140.1832,37.0689],[140.1833,37.0689],[140.1833,37.0689],[140.1835,37.069],[140.1838,37.0691],[140.184,37.0692],[140.1841,37.0692],[140.1842,37.0692],[140.1842,37.0693],[140.1843,37.0693],[140.1844,37.0693],[140.1845,37.0693],[140.1845,37.0693],[140.1848,37.0692],[140.1851,37.069],[140.1852,37.0689],[140.1852,37.0689],[140.1853,37.0689],[140.1855,37.0688],[140.1856,37.0687],[140.1858,37.0686],[140.1858,37.0685],[140.1859,37.0685],[140.1859,37.0684],[140.1859,37.0684],[140.1859,37.0683],[140.1859,37.0681],[140.1859,37.0679],[140.1859,37.0678],[140.1859,37.0677],[140.1859,37.0677],[140.1859,37.0677],[140.1859,37.0676],[140.186,37.0676],[140.1861,37.0677],[140.1862,37.0677],[140.1864,37.0677],[140.1864,37.0677],[140.1864,37.0677],[140.1865,37.0677],[140.1868,37.0677],[140.1871,37.0676],[140.1872,37.0675],[140.1873,37.0675],[140.1874,37.0675],[140.1874,37.0674],[140.1875,37.0674],[140.1876,37.0673],[140.1877,37.0673],[140.1878,37.0672],[140.188,37.067],[140.1883,37.0669],[140.1884,37.0669],[140.1884,37.0668],[140.1885,37.0668],[140.1885,37.0667],[140.1886,37.0667],[140.1887,37.0667],[140.1887,37.0667],[140.1887,37.0667],[140.1887,37.0667],[140.1889,37.0666],[140.1889,37.0666],[140.1893,37.0665],[140.1896,37.0665],[140.1897,37.0664],[140.1899,37.0664],[140.1899,37.0664],[140.19,37.0664],[140.1902,37.0664],[140.1903,37.0663],[140.1905,37.0661],[140.1907,37.0658],[140.1907,37.0658],[140.1908,37.0657],[140.1908,37.0657],[140.1909,37.0656],[140.1909,37.0656],[140.191,37.0656],[140.1911,37.0655],[140.1913,37.0655],[140.1914,37.0655],[140.1914,37.0656],[140.1917,37.0656],[140.1917,37.0656],[140.1917,37.0656],[140.192,37.0657],[140.1921,37.0657],[140.1924,37.0657],[140.1925,37.0657],[140.1926,37.0657],[140.1928,37.0656],[140.1931,37.0655],[140.1932,37.0653],[140.1933,37.0652],[140.1934,37.0651],[140.1935,37.065],[140.1936,37.0649],[140.1936,37.0648],[140.1937,37.0645],[140.1939,37.0641],[140.1939,37.064],[140.1939,37.064],[140.194,37.0639],[140.194,37.0639],[140.1941,37.0638],[140.1941,37.0637],[140.1942,37.0636],[140.1943,37.0636],[140.1943,37.0636],[140.1943,37.0636],[140.1946,37.0634],[140.1946,37.0632],[140.1946,37.0631],[140.1945,37.063],[140.1944,37.0629],[140.1944,37.0629],[140.1942,37.0627],[140.1942,37.0627],[140.1941,37.0625],[140.1941,37.0622],[140.1941,37.0622],[140.1942,37.0621],[140.1942,37.062],[140.1942,37.062],[140.1943,37.0619],[140.1944,37.0618],[140.1944,37.0618],[140.1945,37.0617],[140.1945,37.0617],[140.1945,37.0616],[140.1946,37.0616],[140.1946,37.0614],[140.1947,37.0611],[140.1947,37.061],[140.1947,37.0608],[140.1947,37.0607],[140.1946,37.0606],[140.1946,37.0605],[140.1946,37.0605],[140.1946,37.0602],[140.1945,37.06],[140.1944,37.0599],[140.1943,37.0598],[140.1943,37.0597],[140.1942,37.0596],[140.1941,37.0596],[140.194,37.0595],[140.194,37.0595],[140.1938,37.0594],[140.1936,37.0592],[140.1936,37.0591],[140.1935,37.059],[140.1935,37.0589],[140.1935,37.0589],[140.1935,37.0587],[140.1935,37.0586],[140.1935,37.0586],[140.1935,37.0585],[140.1934,37.0583],[140.1934,37.0583],[140.1934,37.0583],[140.1931,37.0581],[140.193,37.0581],[140.1929,37.0581],[140.1926,37.0581],[140.1924,37.0582],[140.1923,37.0582],[140.192,37.0581],[140.1918,37.058],[140.1917,37.058],[140.1917,37.058],[140.1916,37.0579],[140.1915,37.0579],[140.1915,37.0579],[140.1915,37.0578],[140.1915,37.0577],[140.1915,37.0575],[140.1915,37.0574],[140.1913,37.0573],[140.191,37.0572],[140.1909,37.0571],[140.1907,37.057],[140.1907,37.0568],[140.1907,37.0567],[140.1908,37.0566],[140.1909,37.0565],[140.1911,37.0563],[140.1913,37.0561],[140.1915,37.0559],[140.1916,37.0559],[140.1917,37.0559],[140.1917,37.0559],[140.1917,37.0559],[140.1917,37.0559],[140.1919,37.0559],[140.192,37.0559],[140.1922,37.0559],[140.1923,37.0559],[140.1923,37.0559],[140.1924,37.0559],[140.1927,37.0558],[140.193,37.0557],[140.1931,37.0556],[140.1931,37.0556],[140.1932,37.0555],[140.1933,37.0553],[140.1933,37.0553],[140.1934,37.0552],[140.1935,37.0549],[140.1936,37.0547],[140.1936,37.0546],[140.1937,37.0545],[140.1937,37.0544],[140.1937,37.0544],[140.1938,37.0543],[140.1938,37.0542],[140.1939,37.0539],[140.1939,37.0539],[140.194,37.0537],[140.1941,37.0535],[140.1941,37.0534],[140.1942,37.0533],[140.1943,37.0531],[140.1943,37.053],[140.1943,37.053],[140.1943,37.053],[140.1944,37.0527],[140.1945,37.0525],[140.1945,37.0524],[140.1946,37.0522],[140.1946,37.0521],[140.1947,37.0519],[140.1948,37.0517],[140.1951,37.0516],[140.1951,37.0516],[140.1951,37.0515],[140.1952,37.0515],[140.1952,37.0515],[140.1953,37.0515],[140.1954,37.0516],[140.1956,37.0516],[140.1956,37.0516],[140.1957,37.0517],[140.1958,37.0517],[140.1959,37.0517],[140.1959,37.0517],[140.1961,37.0515],[140.1963,37.0513],[140.1963,37.0513],[140.1964,37.0511],[140.1964,37.051],[140.1965,37.0509],[140.1965,37.0508],[140.1965,37.0507],[140.1966,37.0507],[140.1969,37.0507],[140.1969,37.0507],[140.1972,37.0506],[140.1974,37.0506],[140.1976,37.0506],[140.1977,37.0506],[140.1978,37.0506],[140.1979,37.0506],[140.1979,37.0506],[140.1981,37.0504],[140.1983,37.0502],[140.1984,37.0501],[140.1984,37.0501],[140.1984,37.05],[140.1984,37.05],[140.1984,37.05],[140.1985,37.0499],[140.1985,37.0498],[140.1985,37.0497],[140.1985,37.0496],[140.1986,37.0494],[140.1987,37.0492],[140.1987,37.049],[140.1987,37.0489],[140.1987,37.0488],[140.1987,37.0488],[140.1988,37.0487],[140.1988,37.0486],[140.1989,37.0486],[140.1992,37.0484],[140.1992,37.0483],[140.1994,37.0482],[140.1995,37.0481],[140.1996,37.048],[140.1997,37.0479],[140.1997,37.0479],[140.1997,37.0478],[140.1998,37.0477],[140.1999,37.0475],[140.1999,37.0472],[140.1999,37.0471],[140.2,37.047],[140.2,37.0469],[140.2,37.0467],[140.2,37.0466],[140.2,37.0464],[140.2,37.046],[140.1999,37.0458],[140.1999,37.0457],[140.1998,37.0456],[140.1998,37.0456],[140.1997,37.0455],[140.1997,37.0454],[140.1996,37.0453],[140.1996,37.0452],[140.1996,37.045],[140.1996,37.0448],[140.1996,37.0447],[140.1996,37.0446],[140.1996,37.0445],[140.1995,37.0444],[140.1994,37.0442],[140.1994,37.0442],[140.1994,37.0442],[140.1992,37.044],[140.1992,37.0437],[140.1992,37.0437],[140.1993,37.0436],[140.1995,37.0435],[140.1996,37.0434],[140.1997,37.0433],[140.1997,37.0433],[140.1997,37.0432],[140.1998,37.043],[140.1998,37.0428],[140.1998,37.0427],[140.1998,37.0426],[140.1997,37.0425],[140.1997,37.0424],[140.1996,37.0422],[140.1996,37.0422],[140.1995,37.042],[140.1994,37.0417],[140.1994,37.0417],[140.1994,37.0417],[140.1993,37.0416],[140.1993,37.0415],[140.1992,37.0415],[140.1992,37.0414],[140.1991,37.0413],[140.1991,37.0413],[140.199,37.0412],[140.199,37.041],[140.1991,37.0407],[140.1991,37.0406],[140.1991,37.0404],[140.199,37.0402],[140.199,37.0401],[140.1989,37.0399],[140.1988,37.0397],[140.1987,37.0395],[140.1987,37.0394],[140.1986,37.0393],[140.1986,37.0392],[140.1985,37.0391],[140.1984,37.0389],[140.1983,37.0387],[140.1983,37.0386],[140.1983,37.0386],[140.1984,37.0385],[140.1984,37.0384],[140.1985,37.0383],[140.1985,37.0382],[140.1985,37.0382],[140.1984,37.0381],[140.1983,37.0381],[140.1982,37.038],[140.1979,37.0379],[140.1976,37.0378],[140.1974,37.0377],[140.1973,37.0377],[140.1971,37.0376],[140.1969,37.0375],[140.1967,37.0374],[140.1964,37.0373],[140.1962,37.0372],[140.1962,37.0371],[140.1958,37.0369],[140.1957,37.0368],[140.1957,37.0367],[140.1956,37.0367],[140.1956,37.0366],[140.1956,37.0365],[140.1956,37.0363],[140.1957,37.0361],[140.1958,37.036],[140.1959,37.0359],[140.1959,37.0359],[140.1959,37.0359],[140.196,37.0358],[140.196,37.0358],[140.1961,37.0357],[140.1962,37.0355],[140.1963,37.0353],[140.1963,37.0353],[140.1964,37.0351],[140.1965,37.0351],[140.1967,37.0351],[140.1968,37.0351],[140.197,37.035],[140.1972,37.035],[140.1972,37.035],[140.1973,37.035],[140.1974,37.0348],[140.1976,37.0346],[140.1977,37.0345],[140.1978,37.0344],[140.1979,37.0343],[140.1979,37.0342],[140.1981,37.0341],[140.1982,37.0339],[140.1984,37.0337],[140.1986,37.0335],[140.1987,37.0334],[140.1988,37.0333],[140.1988,37.0333],[140.1988,37.0333],[140.199,37.0332],[140.1991,37.033],[140.1993,37.0328],[140.1994,37.0327],[140.1995,37.0326],[140.1995,37.0325],[140.1995,37.0325],[140.1995,37.0325],[140.1995,37.0324],[140.1995,37.0323],[140.1995,37.0322],[140.1993,37.032],[140.1991,37.0317],[140.199,37.0316],[140.1989,37.0315],[140.1988,37.0314],[140.1988,37.0313],[140.1988,37.0312],[140.1988,37.0312],[140.1989,37.0309],[140.199,37.0307],[140.199,37.0305],[140.199,37.0304],[140.199,37.0303],[140.1991,37.0302],[140.1991,37.0302],[140.1992,37.0301],[140.1994,37.0299],[140.1995,37.0297],[140.1995,37.0297],[140.1995,37.0296],[140.1994,37.0294],[140.1994,37.0293],[140.1993,37.0293],[140.1993,37.0292],[140.1993,37.0291],[140.1993,37.0289],[140.1993,37.0288],[140.1993,37.0286],[140.1993,37.0285],[140.1993,37.0284],[140.1993,37.0284],[140.1993,37.0283],[140.1994,37.0282],[140.1995,37.0282],[140.1996,37.0281],[140.1998,37.0279],[140.1999,37.0277],[140.2,37.0276],[140.2,37.0276],[140.2,37.0276],[140.2001,37.0275],[140.2002,37.0275],[140.2004,37.0274],[140.2005,37.0273],[140.2008,37.0271],[140.2012,37.027],[140.2013,37.027],[140.2014,37.0269],[140.2014,37.0269],[140.2015,37.0269],[140.2015,37.0268],[140.2016,37.0268],[140.2016,37.0267],[140.2016,37.0266],[140.2016,37.0264],[140.2016,37.0261],[140.2016,37.0261],[140.2016,37.0259],[140.2016,37.0257],[140.2016,37.0256],[140.2016,37.0256],[140.2016,37.0255],[140.2017,37.0255],[140.202,37.0254],[140.2023,37.0252],[140.2024,37.0252],[140.2024,37.0252],[140.2025,37.0251],[140.2025,37.025],[140.2025,37.025],[140.2025,37.025],[140.2025,37.025],[140.2028,37.0248],[140.2028,37.0248],[140.2028,37.0246],[140.2028,37.0244],[140.2028,37.0243],[140.2029,37.0242],[140.2029,37.0241],[140.203,37.024],[140.2031,37.024],[140.2032,37.0239],[140.2033,37.0239],[140.2033,37.0239],[140.2037,37.0239],[140.204,37.0239],[140.2042,37.0239],[140.2044,37.0239],[140.2046,37.0239],[140.2047,37.0239],[140.2048,37.0238],[140.2049,37.0238],[140.2051,37.0238],[140.2054,37.0238],[140.2055,37.0238],[140.2056,37.0238],[140.2057,37.0239],[140.2058,37.0239],[140.2058,37.0239],[140.2059,37.0239],[140.2061,37.0239],[140.2061,37.0239],[140.2062,37.0239],[140.2064,37.0238],[140.2066,37.0237],[140.2067,37.0237],[140.2067,37.0237],[140.2068,37.0236],[140.2069,37.0236],[140.207,37.0235],[140.2071,37.0235],[140.2071,37.0234],[140.2071,37.0234],[140.2071,37.0233],[140.2072,37.0233],[140.2072,37.0233],[140.2073,37.0231],[140.2076,37.023],[140.2077,37.0229],[140.2078,37.0229],[140.2079,37.0229],[140.208,37.0228],[140.2081,37.0228],[140.2082,37.0228],[140.2083,37.0228],[140.2083,37.0228],[140.2083,37.0228],[140.2084,37.0228],[140.2087,37.0229],[140.2089,37.0229],[140.209,37.0229],[140.209,37.0229],[140.2091,37.0229],[140.2092,37.0228],[140.2092,37.0228],[140.2092,37.0228],[140.2093,37.0227],[140.2094,37.0226],[140.2095,37.0225],[140.2097,37.0223],[140.2098,37.0221],[140.2099,37.022],[140.21,37.0219],[140.2101,37.0218],[140.2101,37.0218],[140.2103,37.0217],[140.2104,37.0216],[140.2106,37.0215],[140.2109,37.0213],[140.2112,37.0212],[140.2115,37.0209],[140.2115,37.0209],[140.2115,37.0208],[140.2116,37.0207],[140.2117,37.0206],[140.2117,37.0206],[140.2117,37.0203],[140.2118,37.0203],[140.2118,37.02],[140.2119,37.02],[140.2119,37.02],[140.2119,37.0199],[140.2119,37.0199],[140.212,37.0199],[140.2121,37.0198],[140.2122,37.0198],[140.2123,37.0198],[140.2125,37.0198],[140.2128,37.0197],[140.2131,37.0196],[140.2132,37.0196],[140.2134,37.0196],[140.2134,37.0196],[140.2136,37.0196],[140.2137,37.0196],[140.2138,37.0196],[140.2138,37.0196],[140.2139,37.0196],[140.2142,37.0196],[140.2145,37.0196],[140.2146,37.0196],[140.2148,37.0197],[140.215,37.0198],[140.215,37.0198],[140.2151,37.0198],[140.2153,37.0199],[140.2155,37.02],[140.2158,37.0201],[140.2159,37.0201],[140.216,37.0202],[140.2161,37.0202],[140.2163,37.0203],[140.2165,37.0203],[140.2166,37.0204],[140.2167,37.0204],[140.2167,37.0204],[140.2168,37.0205],[140.2169,37.0205],[140.2171,37.0207],[140.2173,37.0208],[140.2174,37.0208],[140.2174,37.0208],[140.2175,37.0208],[140.2176,37.0208],[140.2177,37.0208],[140.2177,37.0208],[140.2178,37.0207],[140.2178,37.0207],[140.2178,37.0206],[140.2179,37.0206],[140.2179,37.0204],[140.218,37.0202],[140.218,37.0201],[140.218,37.02],[140.218,37.0199],[140.218,37.0197],[140.218,37.0196],[140.218,37.0195],[140.218,37.0193],[140.2181,37.019],[140.2182,37.019],[140.2184,37.0189],[140.2186,37.0189],[140.2188,37.0189],[140.2189,37.0188],[140.2192,37.0187],[140.2195,37.0186],[140.2196,37.0186],[140.2197,37.0185],[140.2199,37.0185],[140.22,37.0185],[140.22,37.0185],[140.2201,37.0185],[140.2201,37.0187],[140.2202,37.0189],[140.2202,37.0192],[140.2202,37.0194],[140.2202,37.0195],[140.2202,37.0196],[140.2202,37.0196],[140.2203,37.0197],[140.2205,37.0197],[140.2208,37.0197],[140.2211,37.0197],[140.2213,37.0197],[140.2214,37.0197],[140.2216,37.0197],[140.2216,37.0197],[140.2218,37.0198],[140.2219,37.02],[140.2221,37.0202],[140.2222,37.0204],[140.2222,37.0205],[140.2223,37.0206],[140.2224,37.0208],[140.2226,37.021],[140.2228,37.0212],[140.223,37.0214],[140.2231,37.0215],[140.2231,37.0216],[140.2231,37.0217],[140.2231,37.0218],[140.223,37.022],[140.223,37.0223],[140.2231,37.0224],[140.2235,37.0229],[140.2236,37.0231],[140.2238,37.0233],[140.2239,37.0234],[140.2241,37.0236],[140.2242,37.0236],[140.2243,37.0237],[140.2247,37.0238],[140.225,37.0238],[140.225,37.0238],[140.225,37.0238],[140.2251,37.0238],[140.2252,37.0238],[140.2255,37.0238],[140.2258,37.0238],[140.2263,37.0237],[140.2268,37.0238],[140.2269,37.0239],[140.2273,37.0241],[140.2274,37.0241],[140.2277,37.0241],[140.2281,37.0241],[140.2284,37.024],[140.2288,37.024],[140.2296,37.0241],[140.23,37.0241],[140.2301,37.0241],[140.2302,37.0241],[140.2304,37.0242],[140.2304,37.0241],[140.2305,37.0241],[140.2307,37.0241],[140.231,37.0239],[140.2312,37.0238],[140.2316,37.0236],[140.2318,37.0233],[140.2319,37.0233],[140.2321,37.0232],[140.2323,37.0231],[140.2325,37.0231],[140.2328,37.0231],[140.2332,37.0231],[140.2333,37.0231],[140.2333,37.0231],[140.2335,37.0231],[140.2336,37.0232],[140.2339,37.0232],[140.2343,37.0233],[140.2346,37.0234],[140.2349,37.0234],[140.2351,37.0235],[140.2352,37.0235],[140.2353,37.0235],[140.2355,37.0235],[140.2356,37.0235],[140.2359,37.0235],[140.2362,37.0237],[140.2363,37.0238],[140.2363,37.0238],[140.2364,37.0239],[140.2365,37.0239],[140.2367,37.0238],[140.2368,37.0238],[140.2369,37.0239],[140.2372,37.024],[140.2375,37.0241],[140.2376,37.0241],[140.2379,37.024],[140.238,37.024],[140.2382,37.024],[140.2383,37.024],[140.2385,37.0239],[140.2389,37.0238],[140.239,37.0238],[140.2392,37.0237],[140.2394,37.0237],[140.2396,37.0237],[140.2396,37.0237],[140.2399,37.0237],[140.2403,37.0237],[140.2405,37.0236],[140.2405,37.0237],[140.2406,37.0237],[140.2407,37.0238],[140.2407,37.0238],[140.2408,37.0238],[140.2409,37.0239],[140.241,37.0238],[140.2413,37.0238],[140.2416,37.0238],[140.2417,37.0238],[140.2417,37.0238],[140.2417,37.0238],[140.242,37.0238],[140.2423,37.0239],[140.2424,37.0239],[140.2427,37.024],[140.243,37.0242],[140.2433,37.0243],[140.2434,37.0246],[140.2434,37.0247],[140.2434,37.0248],[140.2436,37.025],[140.2436,37.025],[140.2436,37.025],[140.2437,37.0252],[140.2439,37.0253],[140.244,37.0253],[140.2442,37.0254],[140.2444,37.0254],[140.2445,37.0254],[140.2448,37.0254],[140.2452,37.0254],[140.2457,37.0255],[140.2459,37.0255],[140.2462,37.0255],[140.2465,37.0256],[140.2467,37.0257],[140.2468,37.0257],[140.247,37.0257],[140.2472,37.0258],[140.2474,37.0258],[140.2477,37.0258],[140.2478,37.0258],[140.248,37.0258],[140.2484,37.0258],[140.2487,37.0259],[140.2487,37.0259],[140.2489,37.0259],[140.2491,37.0258],[140.2492,37.0258],[140.2494,37.0257],[140.2495,37.0256],[140.2495,37.0253],[140.2497,37.0251],[140.2498,37.025],[140.2498,37.025],[140.2498,37.025],[140.2498,37.0249],[140.2498,37.0249],[140.2498,37.0248],[140.2497,37.0247],[140.2496,37.0246],[140.2496,37.0246],[140.2494,37.0243],[140.2493,37.0241],[140.2493,37.024],[140.2492,37.0238],[140.2492,37.0237],[140.2492,37.0236],[140.2493,37.0235],[140.2493,37.0235],[140.2494,37.0233],[140.2495,37.023],[140.2496,37.0229],[140.2498,37.0227],[140.2499,37.0226],[140.2499,37.0225],[140.25,37.0224],[140.25,37.0224],[140.2501,37.0223],[140.2503,37.0221],[140.2503,37.022],[140.2502,37.0219],[140.2501,37.0218],[140.2501,37.0218],[140.25,37.0218],[140.25,37.0218],[140.25,37.0217],[140.2499,37.0217],[140.2498,37.0216],[140.2496,37.0214],[140.2495,37.0211],[140.2495,37.0211],[140.2495,37.0209],[140.2495,37.0208],[140.2495,37.0208],[140.2495,37.0207],[140.2495,37.0206],[140.2495,37.0205],[140.2495,37.0203],[140.2495,37.02],[140.2496,37.0199],[140.2496,37.0197],[140.2497,37.0196],[140.2497,37.0195],[140.2495,37.0193],[140.2493,37.0191],[140.2491,37.0189],[140.2491,37.0189],[140.249,37.0188],[140.249,37.0187],[140.249,37.0186],[140.2489,37.0185],[140.2491,37.0182],[140.2492,37.0182],[140.2493,37.0181],[140.2493,37.018],[140.2494,37.0178],[140.2494,37.0177],[140.2495,37.0176],[140.2495,37.0175],[140.2495,37.0172],[140.2495,37.017],[140.2495,37.0168],[140.2495,37.0167],[140.2495,37.0167],[140.2495,37.0167],[140.2496,37.0165],[140.2496,37.0164],[140.2497,37.0162],[140.2498,37.0159],[140.2498,37.0158],[140.2499,37.0157],[140.2499,37.0155],[140.25,37.0154],[140.25,37.0153],[140.25,37.0153],[140.2501,37.0151],[140.2502,37.0149],[140.2503,37.0148],[140.2505,37.0148],[140.2507,37.0147],[140.2508,37.0146],[140.2508,37.0146],[140.2508,37.0144],[140.2509,37.0142],[140.2509,37.014],[140.251,37.0138],[140.251,37.0137],[140.2512,37.0136],[140.2511,37.0133],[140.2511,37.0133],[140.2509,37.0131],[140.2509,37.0128],[140.2509,37.0127],[140.2509,37.0126],[140.2508,37.0123],[140.2509,37.0121],[140.2509,37.0119],[140.2509,37.0118],[140.2509,37.0117],[140.251,37.0115],[140.251,37.0113],[140.2511,37.011],[140.2511,37.0109],[140.2511,37.0108],[140.2512,37.0107],[140.2513,37.0106],[140.2513,37.0105],[140.2516,37.0104],[140.2519,37.0104],[140.252,37.0103],[140.252,37.0103],[140.252,37.0102],[140.252,37.0102],[140.252,37.0101],[140.2519,37.0101],[140.2518,37.01],[140.2518,37.0099],[140.2517,37.0098],[140.2516,37.0096],[140.2515,37.0094],[140.2515,37.0093],[140.2514,37.0093],[140.2514,37.0092],[140.2514,37.0092],[140.2514,37.0092],[140.2513,37.0091],[140.2513,37.0091],[140.2513,37.0091],[140.2511,37.0091],[140.2508,37.0091],[140.2506,37.0092],[140.2503,37.0092],[140.2501,37.0093],[140.25,37.0093],[140.25,37.0093],[140.2498,37.0094],[140.2497,37.0094],[140.2495,37.0094],[140.2495,37.0094],[140.2491,37.0094],[140.2488,37.0094],[140.2484,37.0095],[140.248,37.0095],[140.2477,37.0095],[140.2473,37.0096],[140.2472,37.0096],[140.247,37.0096],[140.2467,37.0095],[140.2467,37.0095],[140.2466,37.0095],[140.2465,37.0095],[140.2464,37.0095],[140.2463,37.0095],[140.246,37.0095],[140.2458,37.0096],[140.2456,37.0097],[140.2454,37.0098],[140.2452,37.0099],[140.2451,37.0099],[140.245,37.0101],[140.2449,37.0102],[140.2449,37.0102],[140.2449,37.0102],[140.2449,37.0101],[140.2449,37.01],[140.2449,37.0099],[140.2449,37.0098],[140.245,37.0097],[140.2451,37.0095],[140.2452,37.0095],[140.2453,37.0093],[140.2453,37.0093],[140.2454,37.0091],[140.2456,37.0088],[140.2457,37.0087],[140.2458,37.0086],[140.2458,37.0085],[140.2458,37.0083],[140.2458,37.0083],[140.2458,37.0082],[140.2458,37.008],[140.2457,37.0078],[140.2457,37.0077],[140.2457,37.0076],[140.2457,37.0074],[140.2457,37.0071],[140.2457,37.0069],[140.2457,37.0068],[140.2457,37.0067],[140.2458,37.0065],[140.2458,37.0063],[140.2459,37.0061],[140.2459,37.0059],[140.2458,37.0058],[140.2458,37.0057],[140.2459,37.0057],[140.246,37.0055],[140.246,37.0054],[140.246,37.0053],[140.246,37.0052],[140.2458,37.005],[140.2456,37.0047],[140.2455,37.0046],[140.2454,37.0044],[140.2454,37.0043],[140.2454,37.0041],[140.2453,37.0039],[140.2452,37.0037],[140.2451,37.0035],[140.245,37.0035],[140.2449,37.0034],[140.2448,37.0033],[140.2446,37.0032],[140.2444,37.0031],[140.2444,37.0031],[140.2444,37.003],[140.2443,37.003],[140.2443,37.0029],[140.2443,37.0027],[140.2442,37.0025],[140.2442,37.0023],[140.2442,37.0021],[140.2441,37.002],[140.244,37.0019],[140.244,37.0018],[140.2438,37.0016],[140.2437,37.0015],[140.2435,37.0014],[140.2434,37.0013],[140.2433,37.0013],[140.2431,37.0012],[140.2429,37.0012],[140.2426,37.0012],[140.2423,37.0011],[140.2421,37.001],[140.242,37.001],[140.2418,37.0008],[140.2417,37.0007],[140.2417,37.0007],[140.2416,37.0007],[140.2415,37.0005],[140.2414,37.0004],[140.2413,37.0004],[140.2412,37.0003],[140.2409,37.0004],[140.2407,37.0004],[140.2405,37.0005],[140.2404,37.0005],[140.2403,37.0005],[140.2403,37.0004],[140.2402,37.0004],[140.2402,37.0003],[140.2403,37.0001],[140.2403,37],[140.2403,37],[140.2403,36.9999],[140.2404,36.9997],[140.2404,36.9995],[140.2405,36.9994],[140.2406,36.9992],[140.2407,36.999],[140.2407,36.9988],[140.2408,36.9986],[140.2409,36.9985],[140.2409,36.9983],[140.2408,36.9981],[140.2407,36.9979],[140.2407,36.9978],[140.2406,36.9977],[140.2406,36.9976],[140.2407,36.9974],[140.2408,36.9972],[140.2409,36.9971],[140.2409,36.997],[140.2409,36.9968],[140.2408,36.9967],[140.2408,36.9965],[140.241,36.9965],[140.2412,36.9964],[140.2414,36.9964],[140.2417,36.9964],[140.2417,36.9964],[140.2417,36.9964],[140.242,36.9964],[140.2422,36.9963],[140.2423,36.9963],[140.2425,36.9963],[140.2426,36.9962],[140.2429,36.9961],[140.2431,36.996],[140.2434,36.9959],[140.2434,36.9958],[140.2435,36.9958],[140.2436,36.9956],[140.2437,36.9954],[140.2438,36.9952],[140.2439,36.995],[140.2441,36.9947],[140.2442,36.9946],[140.2443,36.9944],[140.2444,36.9942],[140.2445,36.994],[140.2445,36.9939],[140.2445,36.9938],[140.2445,36.9937],[140.2444,36.9934],[140.2443,36.9932],[140.2442,36.9932],[140.2441,36.993],[140.2438,36.9928],[140.2436,36.9927],[140.2435,36.9925],[140.2435,36.9924],[140.2435,36.9923],[140.2435,36.9922],[140.2436,36.992],[140.2437,36.9917],[140.2438,36.9917],[140.2438,36.9917],[140.2438,36.9916],[140.244,36.9914],[140.244,36.9913],[140.2443,36.9911],[140.2443,36.9911],[140.2446,36.991],[140.2448,36.9908],[140.245,36.9906],[140.2452,36.9905],[140.2454,36.9903],[140.2456,36.9901],[140.2457,36.99],[140.2458,36.9899],[140.2459,36.9898],[140.246,36.9897],[140.2462,36.9897],[140.2464,36.9897],[140.2467,36.9897],[140.2467,36.9897],[140.2468,36.9897],[140.2476,36.9892],[140.2479,36.9891],[140.2482,36.9889],[140.2487,36.9887],[140.249,36.9885],[140.2491,36.9885],[140.2494,36.9885],[140.2499,36.9887],[140.25,36.9887],[140.25,36.9887],[140.2502,36.9888],[140.2502,36.9887],[140.2502,36.9887],[140.2503,36.9878],[140.2502,36.9875],[140.2502,36.9874],[140.2502,36.9873],[140.25,36.9871],[140.25,36.9871],[140.25,36.9871],[140.25,36.9871],[140.25,36.987],[140.25,36.9869],[140.25,36.9868],[140.25,36.9868],[140.2502,36.9865],[140.2507,36.9861],[140.2507,36.9859],[140.2506,36.9856],[140.2504,36.9852],[140.2502,36.9848],[140.2506,36.9846],[140.2508,36.9844],[140.2509,36.9843],[140.251,36.984],[140.2511,36.9837],[140.2511,36.9837],[140.251,36.9834],[140.2509,36.9833],[140.2509,36.9833],[140.25,36.9828],[140.25,36.9828],[140.25,36.9828],[140.2498,36.9827],[140.2494,36.9827],[140.2492,36.9826],[140.2485,36.9821],[140.2483,36.9818],[140.2481,36.9815],[140.247,36.981],[140.247,36.9801],[140.2467,36.98],[140.2466,36.98],[140.2464,36.9799],[140.2462,36.9798],[140.2459,36.9797],[140.2456,36.9796],[140.2453,36.9795],[140.245,36.9794],[140.2448,36.9792],[140.2446,36.9792],[140.2444,36.9791],[140.2442,36.979],[140.2441,36.9788],[140.2442,36.9786],[140.2443,36.9786],[140.2444,36.9785],[140.2445,36.9783],[140.2446,36.9783],[140.2446,36.9781],[140.2444,36.978],[140.2444,36.9779],[140.2443,36.9778],[140.2442,36.9777],[140.244,36.9776],[140.2439,36.9774],[140.2438,36.9772],[140.2437,36.977],[140.2437,36.9768],[140.2437,36.9767],[140.2436,36.9766],[140.2437,36.9765],[140.2437,36.9763],[140.2438,36.9761],[140.244,36.976],[140.244,36.9759],[140.2441,36.9758],[140.2442,36.9755],[140.2442,36.9754],[140.2442,36.9751],[140.2442,36.975],[140.2442,36.975],[140.2442,36.975],[140.2441,36.9749],[140.2441,36.9748],[140.244,36.9747],[140.2439,36.9746],[140.2438,36.9745],[140.2437,36.9745],[140.2437,36.9742],[140.2437,36.974],[140.2437,36.9737],[140.2437,36.9735],[140.2438,36.9734],[140.2439,36.9732],[140.2441,36.973],[140.2442,36.973],[140.2444,36.9729],[140.2446,36.9729],[140.2447,36.9728],[140.2449,36.9726],[140.2451,36.9725],[140.2452,36.9724],[140.2454,36.9723],[140.2454,36.9722],[140.2455,36.9721],[140.2455,36.9718],[140.2455,36.9716],[140.2455,36.9714],[140.2456,36.9713],[140.2457,36.9712],[140.2457,36.9711],[140.246,36.9709],[140.2462,36.9707],[140.2462,36.9707],[140.2464,36.9705],[140.2467,36.9704],[140.2472,36.9703],[140.2479,36.9701],[140.2482,36.9699],[140.2483,36.9697],[140.2485,36.9692],[140.2489,36.9684],[140.2491,36.9682],[140.25,36.968],[140.25,36.968],[140.2501,36.9679],[140.2512,36.9674],[140.252,36.9669],[140.2523,36.9667],[140.2523,36.9667],[140.2523,36.9667],[140.2523,36.9666],[140.2522,36.9658],[140.2522,36.9655],[140.2524,36.965],[140.2528,36.964],[140.2528,36.964],[140.253,36.9634],[140.2531,36.9632],[140.2531,36.963],[140.2528,36.9628],[140.252,36.9624],[140.2514,36.9621],[140.2512,36.9618],[140.2511,36.9616],[140.2502,36.961],[140.25,36.9608],[140.25,36.9608],[140.2496,36.9604],[140.2494,36.96],[140.2491,36.9598],[140.2489,36.9597],[140.2487,36.9594],[140.2486,36.9592],[140.2485,36.9591],[140.2482,36.9588],[140.248,36.9588],[140.2479,36.9587],[140.2472,36.9586],[140.2469,36.9585],[140.2467,36.9584],[140.2466,36.9583],[140.2466,36.9583],[140.2466,36.9583],[140.2466,36.9583],[140.2464,36.9582],[140.2459,36.9579],[140.2457,36.9577],[140.2455,36.9576],[140.2453,36.9576],[140.2449,36.9574],[140.2447,36.9573],[140.2445,36.9571],[140.2445,36.957],[140.2445,36.9569],[140.2445,36.9567],[140.2444,36.9566],[140.2444,36.9563],[140.2443,36.9561],[140.2443,36.956],[140.2443,36.9559],[140.2442,36.9558],[140.244,36.9557],[140.2438,36.9555],[140.2436,36.9553],[140.2436,36.9552],[140.2435,36.9551],[140.2434,36.955],[140.2434,36.9548],[140.2433,36.9545],[140.2432,36.9543],[140.2432,36.9541],[140.2431,36.9539],[140.2431,36.9538],[140.2429,36.9536],[140.2427,36.9535],[140.2427,36.9534],[140.2426,36.9533],[140.2425,36.9532],[140.2423,36.9531],[140.242,36.9529],[140.2418,36.9528],[140.2417,36.9527],[140.2417,36.9527],[140.2417,36.9527],[140.2416,36.9527],[140.2415,36.9526],[140.2414,36.9524],[140.2413,36.9523],[140.2412,36.9521],[140.2412,36.9519],[140.2412,36.9517],[140.2412,36.9516],[140.2412,36.9516],[140.2412,36.9515],[140.2412,36.9514],[140.2411,36.9512],[140.241,36.9511],[140.241,36.9511],[140.2408,36.9509],[140.2408,36.9508],[140.2408,36.9507],[140.2408,36.9505],[140.2407,36.9503],[140.2406,36.9501],[140.2406,36.95],[140.2406,36.95],[140.2406,36.95],[140.2406,36.9498],[140.2407,36.9496],[140.2408,36.9494],[140.2408,36.9492],[140.2408,36.9491],[140.2408,36.9489],[140.2408,36.9487],[140.2409,36.9485],[140.241,36.9482],[140.2411,36.948],[140.2411,36.9479],[140.2411,36.9478],[140.2411,36.9477],[140.241,36.9475],[140.2409,36.9473],[140.2407,36.9468],[140.2406,36.9466],[140.2406,36.9464],[140.2406,36.9463],[140.2406,36.9462],[140.2406,36.946],[140.2407,36.9459],[140.2408,36.9457],[140.241,36.9455],[140.2411,36.9454],[140.2412,36.9454],[140.2415,36.9454],[140.2416,36.9454],[140.2417,36.9454],[140.2417,36.9454],[140.2419,36.9453],[140.2421,36.9453],[140.2423,36.9451],[140.2424,36.945],[140.2426,36.945],[140.2427,36.9449],[140.2429,36.9448],[140.243,36.9446],[140.243,36.9445],[140.2431,36.9444],[140.2431,36.9444],[140.243,36.9442],[140.243,36.9441],[140.2429,36.9439],[140.2429,36.9437],[140.243,36.9436],[140.243,36.9435],[140.2432,36.9434],[140.2436,36.9433],[140.2436,36.9433],[140.2438,36.9432],[140.2439,36.9432],[140.2441,36.9432],[140.2443,36.9431],[140.2445,36.9431],[140.2448,36.9431],[140.245,36.943],[140.2451,36.943],[140.2452,36.9429],[140.2454,36.9428],[140.2455,36.9427],[140.2456,36.9427],[140.2458,36.9426],[140.2461,36.9426],[140.2463,36.9426],[140.2465,36.9425],[140.2466,36.9424],[140.2467,36.9423],[140.2468,36.9422],[140.247,36.9419],[140.2471,36.9417],[140.2473,36.9417],[140.2476,36.9417],[140.2479,36.9417],[140.2484,36.9418],[140.2488,36.9417],[140.249,36.9417],[140.249,36.9417],[140.2494,36.9415],[140.2496,36.9415],[140.25,36.9417],[140.25,36.9417],[140.25,36.9417],[140.25,36.9417],[140.25,36.9417],[140.2508,36.9421],[140.2511,36.9421],[140.2513,36.9421],[140.2516,36.942],[140.2523,36.9418],[140.2524,36.9417],[140.2524,36.9417],[140.2525,36.9415],[140.2525,36.9415],[140.2528,36.9414],[140.2535,36.9412],[140.2536,36.9411],[140.2537,36.9405],[140.2537,36.9402],[140.2539,36.9401],[140.2544,36.9399],[140.2546,36.9398],[140.2547,36.9395],[140.2549,36.939],[140.2549,36.9389],[140.2551,36.9386],[140.2552,36.9385],[140.2553,36.9384],[140.2559,36.9384],[140.2565,36.9382],[140.2567,36.9382],[140.2572,36.9381],[140.2574,36.9381],[140.2579,36.9378],[140.2583,36.9376],[140.2583,36.9376],[140.2584,36.9376],[140.259,36.9375],[140.2601,36.9376],[140.261,36.9376],[140.2617,36.9375],[140.2617,36.9372],[140.2617,36.9367],[140.2617,36.9362],[140.2618,36.936],[140.2622,36.9358],[140.2627,36.9357],[140.263,36.9356],[140.2633,36.9356],[140.2635,36.9355],[140.2636,36.9355],[140.2637,36.9347],[140.2638,36.9342],[140.2639,36.9338],[140.2642,36.9333],[140.2642,36.9333],[140.2643,36.9333],[140.2637,36.9332],[140.2633,36.9331],[140.2629,36.9329],[140.2627,36.933],[140.2626,36.933],[140.2624,36.933],[140.2622,36.933],[140.262,36.933],[140.2617,36.9332],[140.2613,36.9333],[140.2613,36.9333],[140.2611,36.9334],[140.2609,36.9334],[140.2605,36.9334],[140.2604,36.9333],[140.2604,36.9333],[140.2601,36.9333],[140.2599,36.9332],[140.259,36.9329],[140.2584,36.9328],[140.2583,36.9328],[140.2583,36.9328],[140.2578,36.9327],[140.2575,36.9326],[140.257,36.9323],[140.2567,36.9321],[140.2565,36.932],[140.2561,36.9316],[140.2557,36.9311],[140.2554,36.9308],[140.255,36.9303],[140.2548,36.9302],[140.2547,36.9301],[140.2546,36.9301],[140.2543,36.93],[140.254,36.93],[140.2537,36.9299],[140.2535,36.9297],[140.2531,36.9293],[140.2529,36.9291],[140.2526,36.9289],[140.2526,36.9288],[140.2525,36.9288],[140.2524,36.9287],[140.2524,36.9286],[140.2524,36.9285],[140.2524,36.9283],[140.2524,36.9281],[140.2524,36.9279],[140.2523,36.9276],[140.2521,36.9272],[140.252,36.9269],[140.2517,36.9265],[140.2516,36.9261],[140.2515,36.9257],[140.2512,36.9254],[140.251,36.9251],[140.251,36.925],[140.251,36.925],[140.2509,36.9248],[140.2509,36.9244],[140.2509,36.9242],[140.2504,36.9238],[140.2501,36.9236],[140.25,36.9236],[140.25,36.9236],[140.2496,36.9234],[140.2492,36.9233],[140.249,36.9232],[140.2489,36.9225],[140.2489,36.9223],[140.2488,36.9221],[140.2487,36.922],[140.2485,36.9217],[140.2484,36.9215],[140.2484,36.9213],[140.2484,36.9211],[140.2484,36.9209],[140.2485,36.9205],[140.2487,36.9199],[140.2488,36.9198],[140.2489,36.9196],[140.2492,36.919],[140.2494,36.9185],[140.2496,36.9183],[140.2497,36.918],[140.2498,36.9178],[140.25,36.9175],[140.25,36.9175],[140.25,36.9175],[140.2501,36.9173],[140.2501,36.9172],[140.2501,36.917],[140.25,36.917],[140.25,36.917],[140.2499,36.9168],[140.2498,36.9167],[140.2498,36.9167],[140.2498,36.9167],[140.2497,36.9165],[140.2498,36.9162],[140.2499,36.9161],[140.25,36.916],[140.25,36.916],[140.25,36.916],[140.2501,36.9158],[140.2501,36.9154],[140.25,36.9152],[140.25,36.9152],[140.25,36.9151],[140.2499,36.9151],[140.2497,36.9148],[140.2495,36.9146],[140.2494,36.9143],[140.2494,36.9141],[140.2494,36.914],[140.2494,36.9139],[140.2494,36.9137],[140.2495,36.9136],[140.2496,36.9134],[140.2497,36.9132],[140.2497,36.913],[140.2496,36.9128],[140.2493,36.9125],[140.2492,36.9124],[140.2491,36.9122],[140.2491,36.9121],[140.2489,36.9119],[140.2489,36.9118],[140.2488,36.9115],[140.2488,36.9115],[140.2489,36.9113],[140.249,36.911],[140.2492,36.9107],[140.2492,36.9106],[140.2491,36.9105],[140.249,36.9101],[140.2488,36.9098],[140.2488,36.9097],[140.2488,36.9096],[140.2487,36.9092],[140.2487,36.909],[140.2487,36.9089],[140.2488,36.9086],[140.249,36.9084],[140.249,36.9083],[140.249,36.9083],[140.249,36.9083],[140.2491,36.9079],[140.2491,36.9076],[140.2492,36.9076],[140.2495,36.9075],[140.2496,36.9073],[140.2497,36.9072],[140.2499,36.907],[140.25,36.9069],[140.25,36.9069],[140.2501,36.9068],[140.2502,36.9066],[140.2504,36.9064],[140.2504,36.9062],[140.2505,36.9061],[140.2506,36.9056],[140.2506,36.9054],[140.2506,36.9052],[140.2505,36.9051],[140.2504,36.9049],[140.2504,36.9047],[140.2504,36.9044],[140.2505,36.9042],[140.2506,36.9039],[140.2507,36.9037],[140.2507,36.9034],[140.2508,36.9032],[140.2508,36.9032],[140.2508,36.903],[140.2508,36.9028],[140.2508,36.9026],[140.2506,36.9022],[140.2505,36.902],[140.2505,36.9017],[140.2505,36.9015],[140.2506,36.9013],[140.2506,36.9011],[140.2507,36.9009],[140.2507,36.9007],[140.2508,36.9004],[140.251,36.9003],[140.2511,36.9001],[140.2512,36.9],[140.2512,36.9],[140.2513,36.8998],[140.2514,36.8995],[140.2514,36.8993],[140.2515,36.8992],[140.2517,36.8989],[140.2518,36.8988],[140.2518,36.8986],[140.2518,36.8984],[140.2519,36.8982],[140.2519,36.8981],[140.2519,36.8979],[140.2519,36.8977],[140.2518,36.8976],[140.2515,36.8974],[140.2514,36.8972],[140.2513,36.897],[140.2514,36.8969],[140.2517,36.8968],[140.2519,36.8966],[140.2523,36.8965],[140.2528,36.8964],[140.2529,36.8963],[140.2531,36.8961],[140.2532,36.8959],[140.2532,36.8957],[140.2533,36.8955],[140.2533,36.8955],[140.2534,36.8953],[140.2535,36.8951],[140.2535,36.8949],[140.2533,36.8947],[140.2532,36.8945],[140.2531,36.8944],[140.2531,36.8942],[140.2531,36.894],[140.2533,36.8937],[140.2533,36.8935],[140.2534,36.8933],[140.2533,36.893],[140.2534,36.8927],[140.2534,36.8926],[140.2535,36.8924],[140.2537,36.8923],[140.254,36.8921],[140.2541,36.892],[140.2542,36.8917],[140.2542,36.8917],[140.2542,36.8916],[140.2543,36.8913],[140.2543,36.8911],[140.2541,36.8909],[140.254,36.8908],[140.2539,36.8907],[140.2538,36.8906],[140.2537,36.8904],[140.2537,36.8899],[140.2537,36.8897],[140.2538,36.8895],[140.2537,36.8892],[140.2537,36.889],[140.2536,36.8888],[140.2536,36.8886],[140.2534,36.8884],[140.2533,36.888],[140.2533,36.8879],[140.2533,36.8878],[140.2536,36.8875],[140.2536,36.8874],[140.2537,36.8872],[140.2537,36.8872],[140.2536,36.887],[140.2536,36.8868],[140.2535,36.8867],[140.2533,36.8864],[140.2531,36.8863],[140.253,36.8861],[140.2528,36.8858],[140.2529,36.8857],[140.2531,36.8856],[140.2534,36.8854],[140.2536,36.8853],[140.2538,36.8852],[140.2542,36.885],[140.2546,36.8847],[140.2547,36.8846],[140.2549,36.8844],[140.2551,36.8839],[140.2551,36.8836],[140.2551,36.8835],[140.2551,36.8834],[140.255,36.8833],[140.255,36.8833],[140.255,36.8833],[140.2547,36.8832],[140.2545,36.883],[140.2544,36.8828],[140.2543,36.8825],[140.2542,36.8823],[140.2539,36.8821],[140.2538,36.8819],[140.2537,36.8817],[140.2537,36.8815],[140.2538,36.8813],[140.2539,36.881],[140.2541,36.8808],[140.2544,36.8805],[140.2545,36.8803],[140.2545,36.8801],[140.2544,36.8798],[140.2544,36.8798],[140.2543,36.8796],[140.2543,36.8793],[140.2542,36.879],[140.254,36.8788],[140.2539,36.8787],[140.2539,36.8785],[140.2538,36.8784],[140.2539,36.8781],[140.2539,36.878],[140.2539,36.8778],[140.2539,36.8776],[140.254,36.8773],[140.2541,36.8771],[140.2543,36.877],[140.2546,36.8769],[140.2549,36.8767],[140.2552,36.8766],[140.2554,36.8765],[140.2554,36.8764],[140.2554,36.8762],[140.2554,36.8759],[140.2554,36.8756],[140.2554,36.8754],[140.2555,36.8752],[140.2556,36.875],[140.2556,36.875],[140.2556,36.875],[140.2557,36.8749],[140.2559,36.8745],[140.2561,36.8744],[140.2563,36.8742],[140.2565,36.874],[140.2566,36.8738],[140.2567,36.8735],[140.2567,36.8732],[140.2567,36.8731],[140.2566,36.8729],[140.2565,36.8727],[140.2561,36.8724],[140.256,36.8721],[140.2559,36.872],[140.2559,36.872],[140.2558,36.8718],[140.2556,36.8716],[140.2554,36.8713],[140.2553,36.8711],[140.2552,36.8709],[140.2552,36.8707],[140.255,36.8704],[140.2548,36.8702],[140.2546,36.87],[140.2543,36.8697],[140.2542,36.8695],[140.2542,36.8693],[140.2542,36.869],[140.2543,36.8688],[140.2544,36.8686],[140.2545,36.8683],[140.2545,36.868],[140.2546,36.8678],[140.2547,36.8676],[140.2547,36.8673],[140.2547,36.8671],[140.2547,36.8669],[140.2545,36.8667],[140.2545,36.8667],[140.2545,36.8666],[140.2545,36.8663],[140.2545,36.8662],[140.2545,36.8661],[140.2545,36.866],[140.2543,36.8658],[140.2541,36.8656],[140.254,36.8655],[140.254,36.8653],[140.2539,36.865],[140.2539,36.8647],[140.2539,36.8644],[140.254,36.8642],[140.2541,36.864],[140.254,36.8639],[140.2539,36.8637],[140.2538,36.8636],[140.2537,36.8635],[140.2537,36.8633],[140.2537,36.8632],[140.2538,36.863],[140.2539,36.8629],[140.254,36.8626],[140.254,36.8621],[140.254,36.8618],[140.2538,36.8615],[140.2538,36.8613],[140.2539,36.861],[140.2542,36.8609],[140.2543,36.8608],[140.2544,36.8604],[140.2543,36.8601],[140.2541,36.8599],[140.2537,36.8596],[140.2535,36.8594],[140.2534,36.8592],[140.2533,36.8589],[140.2533,36.8586],[140.2532,36.8583],[140.2532,36.8583],[140.2532,36.8582],[140.2531,36.8578],[140.2531,36.8575],[140.253,36.8571],[140.253,36.8568],[140.2529,36.8566],[140.2529,36.8564],[140.2529,36.8561],[140.2529,36.8558],[140.2528,36.8554],[140.2528,36.8553],[140.2526,36.8552],[140.2525,36.8551],[140.2523,36.8549],[140.252,36.8548],[140.2518,36.8545],[140.2518,36.8544],[140.2518,36.8543],[140.2519,36.8541],[140.2519,36.854],[140.2519,36.8537],[140.2517,36.8534],[140.2517,36.8533],[140.2517,36.8531],[140.2517,36.8529],[140.2517,36.8527],[140.2515,36.8525],[140.2516,36.8522],[140.2517,36.852],[140.252,36.8517],[140.2522,36.8516],[140.2523,36.8514],[140.2523,36.8514],[140.2521,36.8512],[140.252,36.8511],[140.252,36.851],[140.2521,36.8507],[140.2523,36.8505],[140.2524,36.8502],[140.2526,36.85],[140.2526,36.85],[140.2526,36.8499],[140.2526,36.8496],[140.2527,36.8494],[140.2529,36.8493],[140.2533,36.8492],[140.2537,36.8491],[140.2541,36.8489],[140.2544,36.8488],[140.2547,36.8487],[140.2548,36.8486],[140.255,36.8485],[140.2551,36.8484],[140.2552,36.8483],[140.2553,36.8483],[140.2558,36.8483],[140.2561,36.8483],[140.2563,36.8483],[140.2565,36.8482],[140.2567,36.8481],[140.2568,36.8478],[140.2568,36.8477],[140.2568,36.8474],[140.2569,36.8472],[140.257,36.847],[140.257,36.8467],[140.2568,36.8466],[140.2565,36.8464],[140.2564,36.8463],[140.2563,36.846],[140.2562,36.8457],[140.2561,36.8455],[140.2561,36.8452],[140.2562,36.8449],[140.2561,36.8446],[140.2558,36.8442],[140.2556,36.8441],[140.2555,36.8438],[140.2555,36.8437],[140.2555,36.8436],[140.2555,36.8435],[140.2554,36.8432],[140.2554,36.843],[140.2553,36.8428],[140.2551,36.8425],[140.255,36.8423],[140.255,36.8421],[140.255,36.8419],[140.2551,36.8417],[140.2551,36.8417],[140.2551,36.8416],[140.2552,36.8413],[140.2553,36.8411],[140.2553,36.841],[140.2553,36.8409],[140.2553,36.8407],[140.2554,36.8405],[140.2556,36.8404],[140.2558,36.8403],[140.2562,36.8401],[140.2563,36.8399],[140.2564,36.8398],[140.2565,36.8395],[140.2565,36.8395],[140.2566,36.8393],[140.2567,36.8391],[140.257,36.8388],[140.2571,36.8384],[140.2572,36.8383],[140.2574,36.8383],[140.2576,36.8383],[140.2578,36.8384],[140.2581,36.8384],[140.2583,36.8384],[140.2583,36.8384],[140.2584,36.8384],[140.2587,36.8383],[140.2588,36.8383],[140.2589,36.8382],[140.259,36.8382],[140.2592,36.8381],[140.2593,36.838],[140.2594,36.8379],[140.2596,36.8379],[140.2598,36.8379],[140.2599,36.838],[140.2601,36.8381],[140.2603,36.8381],[140.2608,36.838],[140.261,36.838],[140.2613,36.838],[140.2615,36.8379],[140.2615,36.8378],[140.2616,36.8377],[140.2617,36.8375],[140.2619,36.8373],[140.2621,36.8371],[140.2623,36.8369],[140.2624,36.8368],[140.2626,36.8367],[140.2627,36.8365],[140.2627,36.8364],[140.2629,36.8362],[140.2629,36.836],[140.263,36.8359],[140.263,36.8358],[140.263,36.8356],[140.263,36.8355],[140.2629,36.8353],[140.2628,36.8351],[140.2627,36.835],[140.2626,36.8348],[140.2625,36.8347],[140.2624,36.8346],[140.2625,36.8344],[140.2625,36.8343],[140.2626,36.8342],[140.2626,36.8341],[140.2626,36.834],[140.2627,36.8338],[140.2627,36.8337],[140.2627,36.8336],[140.2627,36.8335],[140.2627,36.8334],[140.2626,36.8333],[140.2626,36.8333],[140.2626,36.8333],[140.2625,36.8332],[140.2623,36.833],[140.2623,36.833],[140.2623,36.8329],[140.2623,36.8328],[140.2624,36.8326],[140.2625,36.8324],[140.2626,36.8322],[140.2627,36.8319],[140.2627,36.8319],[140.2628,36.8318],[140.263,36.8318],[140.2632,36.8318],[140.2633,36.8318],[140.2635,36.8318],[140.2635,36.8317],[140.2635,36.8316],[140.2635,36.8315],[140.2635,36.8314],[140.2635,36.8313],[140.2636,36.8311],[140.2637,36.8309],[140.2638,36.8307],[140.264,36.8306],[140.2641,36.8305],[140.2641,36.8305],[140.2644,36.8305],[140.2645,36.8305],[140.2646,36.8305],[140.2647,36.8304],[140.2649,36.8301],[140.265,36.83],[140.265,36.8299],[140.2651,36.8298],[140.2651,36.8297],[140.2651,36.8295],[140.2652,36.8294],[140.2653,36.8293],[140.2655,36.8292],[140.2656,36.8291],[140.2657,36.829],[140.2657,36.8289],[140.2657,36.8288],[140.2657,36.8287],[140.2656,36.8286],[140.2652,36.8283],[140.2649,36.8281],[140.2649,36.828],[140.2649,36.828],[140.265,36.8278],[140.2652,36.8276],[140.2654,36.8275],[140.2654,36.8274],[140.2657,36.8267],[140.2657,36.8266],[140.2658,36.8265],[140.2657,36.8265],[140.2657,36.8264],[140.2655,36.8262],[140.2655,36.8262],[140.2655,36.8261],[140.2656,36.826],[140.2657,36.8258],[140.266,36.8256],[140.2661,36.8255],[140.2662,36.8254],[140.2666,36.825],[140.2666,36.825],[140.2666,36.825],[140.2667,36.825],[140.2667,36.825],[140.2668,36.8249],[140.2669,36.8247],[140.267,36.8247],[140.267,36.8246],[140.267,36.8243],[140.2671,36.8241],[140.2672,36.8239],[140.2672,36.8237],[140.2672,36.8237],[140.2671,36.8236],[140.267,36.8234],[140.2668,36.8231],[140.2667,36.823],[140.2667,36.823],[140.2667,36.823],[140.2665,36.8228],[140.2664,36.8227],[140.2663,36.8226],[140.2662,36.8225],[140.2662,36.8224],[140.2662,36.8221],[140.2663,36.8219],[140.2663,36.8218],[140.2664,36.8216],[140.2664,36.8215],[140.2665,36.8215],[140.2666,36.8214],[140.2666,36.8213],[140.2667,36.8212],[140.2667,36.8212],[140.2667,36.8209],[140.2667,36.8209],[140.2666,36.8208],[140.2666,36.8206],[140.2666,36.8205],[140.2666,36.8205],[140.2667,36.8205],[140.2667,36.8204],[140.2667,36.8203],[140.2668,36.8203],[140.2667,36.8201],[140.2667,36.8199],[140.2667,36.8199],[140.2667,36.8199],[140.2666,36.8198],[140.2666,36.8197],[140.2665,36.8196],[140.2665,36.8195],[140.2665,36.8193],[140.2665,36.8192],[140.2665,36.8191],[140.2666,36.819],[140.2667,36.8189],[140.2667,36.8189],[140.2667,36.8189],[140.2669,36.8187],[140.2671,36.8186],[140.2672,36.8185],[140.2673,36.8183],[140.2673,36.8181],[140.2674,36.8178],[140.2674,36.8178],[140.2674,36.8177],[140.2674,36.8176],[140.2673,36.8175],[140.2673,36.8174],[140.2671,36.8172],[140.2669,36.8171],[140.2667,36.8169],[140.2667,36.8169],[140.2667,36.8168],[140.2667,36.8167],[140.2667,36.8167],[140.2668,36.8167],[140.2668,36.8165],[140.2669,36.8164],[140.2669,36.8163],[140.2669,36.8161],[140.2669,36.8158],[140.2669,36.8156],[140.2669,36.8154],[140.2668,36.8153],[140.2667,36.8151],[140.2667,36.815],[140.2667,36.815],[140.2667,36.8149],[140.2666,36.8149],[140.2666,36.8148],[140.2667,36.8146],[140.2667,36.8146],[140.2667,36.8146],[140.2667,36.8145],[140.2667,36.8144],[140.2667,36.8143],[140.2667,36.8143],[140.2667,36.8142],[140.2666,36.8141],[140.2666,36.814],[140.2666,36.8139],[140.2666,36.8137],[140.2666,36.8136],[140.2667,36.8136],[140.2667,36.8135],[140.2667,36.8135],[140.2667,36.8133],[140.2667,36.8132],[140.2667,36.8132],[140.2667,36.8132],[140.2666,36.8131],[140.2666,36.8131],[140.2665,36.813],[140.2663,36.8129],[140.2661,36.8128],[140.2659,36.8127],[140.2657,36.8127],[140.2656,36.8126],[140.2654,36.8126],[140.2652,36.8126],[140.2649,36.8126],[140.2648,36.8125],[140.2647,36.8125],[140.2647,36.8124],[140.2646,36.8123],[140.2645,36.8121],[140.2644,36.8118],[140.2643,36.8117],[140.2642,36.8116],[140.2641,36.8115],[140.264,36.8115],[140.2639,36.8114],[140.2638,36.8114],[140.2637,36.8113],[140.2636,36.8111],[140.2635,36.811],[140.2635,36.8108],[140.2634,36.8106],[140.2633,36.8104],[140.2633,36.8103],[140.2633,36.8101],[140.2634,36.81],[140.2635,36.8098],[140.2636,36.8096],[140.2638,36.8095],[140.264,36.8094],[140.2643,36.8091],[140.2646,36.8088],[140.2648,36.8087],[140.2648,36.8086],[140.2648,36.8085],[140.2648,36.8084],[140.2648,36.8083],[140.2648,36.8083],[140.2648,36.8081],[140.2648,36.8079],[140.2648,36.8077],[140.2647,36.8076],[140.2647,36.8071],[140.2647,36.8068],[140.2647,36.8066],[140.2647,36.8065],[140.2648,36.8062],[140.2648,36.806],[140.2649,36.806],[140.2649,36.8057],[140.2649,36.8056],[140.2649,36.8054],[140.2649,36.8053],[140.2649,36.8052],[140.2648,36.805],[140.2647,36.8048],[140.2647,36.8047],[140.2647,36.8046],[140.2647,36.8046],[140.2647,36.8044],[140.2647,36.8043],[140.2646,36.8042],[140.2646,36.8041],[140.2647,36.8041],[140.2648,36.804],[140.265,36.8039],[140.2652,36.8038],[140.2654,36.8038],[140.2656,36.8037],[140.2657,36.8036],[140.2659,36.8035],[140.2659,36.8035],[140.2659,36.8035],[140.2659,36.8033],[140.266,36.8032],[140.2659,36.8032],[140.2659,36.8029],[140.2659,36.8027],[140.2659,36.8025],[140.2659,36.8024],[140.2661,36.8021],[140.2662,36.8017],[140.2662,36.8015],[140.2663,36.8013],[140.2663,36.8011],[140.2663,36.8009],[140.2664,36.8008],[140.2666,36.8006],[140.2667,36.8005],[140.2667,36.8005],[140.2667,36.8004],[140.2668,36.8002],[140.2669,36.8],[140.2669,36.8],[140.2669,36.8],[140.267,36.7997],[140.267,36.7995],[140.2671,36.7993],[140.2671,36.7992],[140.267,36.799],[140.2669,36.7988],[140.2668,36.7985],[140.2667,36.7984],[140.2667,36.7983],[140.2667,36.7983],[140.2667,36.7983],[140.2666,36.7982],[140.2666,36.7981],[140.2666,36.798],[140.2666,36.7979],[140.2666,36.7978],[140.2666,36.7977],[140.2665,36.7974],[140.2665,36.7973],[140.2665,36.7972],[140.2665,36.7971],[140.2665,36.797],[140.2665,36.7968],[140.2666,36.7967],[140.2666,36.7966],[140.2666,36.7965],[140.2665,36.7963],[140.2665,36.7961],[140.2665,36.796],[140.2664,36.7959],[140.2663,36.7958],[140.2662,36.7958],[140.2661,36.7957],[140.2659,36.7957],[140.2658,36.7955],[140.2656,36.7955],[140.2656,36.7954],[140.2655,36.7953],[140.2654,36.7952],[140.2652,36.7951],[140.265,36.795],[140.2649,36.7949],[140.2646,36.7947],[140.2645,36.7946],[140.2645,36.7946],[140.2645,36.7946],[140.2646,36.7945],[140.2648,36.7944],[140.2651,36.7943],[140.2654,36.7942],[140.2657,36.7941],[140.2658,36.7941],[140.2658,36.7941],[140.2657,36.7939],[140.2657,36.7938],[140.2657,36.7937],[140.2657,36.7935],[140.2657,36.7934],[140.2657,36.7934],[140.2659,36.7932],[140.2659,36.7931],[140.266,36.793],[140.266,36.793],[140.2659,36.7929],[140.2659,36.7928],[140.2659,36.7927],[140.2659,36.7926],[140.2659,36.7925],[140.266,36.7923],[140.2661,36.7922],[140.2661,36.7921],[140.2662,36.7919],[140.2662,36.7917],[140.2662,36.7917],[140.2662,36.7917],[140.2663,36.7915],[140.2663,36.7914],[140.2664,36.7912],[140.2664,36.7911],[140.2665,36.7909],[140.2664,36.7907],[140.2664,36.7906],[140.2664,36.7905],[140.2664,36.7905],[140.2663,36.7904],[140.2662,36.7903],[140.2659,36.7901],[140.2658,36.7899],[140.2656,36.7897],[140.2655,36.7896],[140.2654,36.7895],[140.2654,36.7894],[140.2654,36.7893],[140.2654,36.7891],[140.2654,36.789],[140.2653,36.7888],[140.2653,36.7888],[140.2652,36.7886],[140.265,36.7884],[140.2649,36.7883],[140.2648,36.7882],[140.2646,36.7879],[140.2645,36.7878],[140.2644,36.7878],[140.2644,36.7876],[140.2643,36.7875],[140.2643,36.7874],[140.2643,36.7873],[140.2643,36.7871],[140.2642,36.7869],[140.2641,36.7867],[140.264,36.7865],[140.2638,36.7862],[140.2637,36.7861],[140.2635,36.7859],[140.2634,36.7859],[140.2633,36.7859],[140.263,36.7859],[140.2627,36.786],[140.2623,36.7862],[140.2622,36.7862],[140.262,36.7864],[140.2618,36.7865],[140.2617,36.7866],[140.2616,36.7866],[140.2615,36.7865],[140.2613,36.7865],[140.261,36.7864],[140.2608,36.7863],[140.2607,36.7863],[140.26,36.7861],[140.2597,36.786],[140.2593,36.7859],[140.2592,36.7859],[140.2592,36.7859],[140.259,36.7858],[140.259,36.7858],[140.2589,36.7857],[140.2587,36.7856],[140.2585,36.7855],[140.2583,36.7855],[140.2583,36.7855],[140.2583,36.7854],[140.258,36.7854],[140.2578,36.7854],[140.2577,36.7854],[140.2575,36.7854],[140.2573,36.7853],[140.2571,36.7852],[140.257,36.7852],[140.2569,36.7851],[140.2568,36.785],[140.2568,36.7849],[140.2567,36.7847],[140.2566,36.7846],[140.2565,36.7845],[140.2564,36.7843],[140.2563,36.7842],[140.2561,36.7841],[140.2559,36.7841],[140.2557,36.784],[140.2554,36.7839],[140.2552,36.7839],[140.255,36.7838],[140.2548,36.7838],[140.2545,36.7837],[140.2541,36.7837],[140.254,36.7837],[140.2539,36.7837],[140.2538,36.7837],[140.2537,36.7835],[140.2537,36.7834],[140.2537,36.7833],[140.2537,36.7833],[140.2537,36.7832],[140.2536,36.783],[140.2536,36.7829],[140.2536,36.7827],[140.2536,36.7825],[140.2537,36.7823],[140.2537,36.7822],[140.2539,36.7822],[140.254,36.7821],[140.2542,36.782],[140.2543,36.782],[140.2544,36.7818],[140.2545,36.7817],[140.2545,36.7815],[140.2546,36.7814],[140.2548,36.7812],[140.2551,36.7809],[140.2553,36.7808],[140.2554,36.7807],[140.2556,36.7805],[140.2556,36.7804],[140.2556,36.7803],[140.2556,36.7802],[140.2554,36.78],[140.2553,36.7798],[140.2552,36.7797],[140.2552,36.7795],[140.2552,36.7793],[140.2552,36.7791],[140.2552,36.7789],[140.2553,36.7788],[140.2553,36.7787],[140.2556,36.7785],[140.2557,36.7784],[140.2559,36.7782],[140.2561,36.7781],[140.2562,36.7781],[140.2564,36.778],[140.2566,36.778],[140.2568,36.7779],[140.257,36.7778],[140.2571,36.7778],[140.2572,36.7776],[140.2573,36.7774],[140.2574,36.7772],[140.2574,36.7771],[140.2574,36.777],[140.2573,36.7769],[140.2571,36.7768],[140.2569,36.7766],[140.2568,36.7765],[140.2568,36.7765],[140.2567,36.7763],[140.2565,36.7762],[140.2565,36.776],[140.2564,36.7758],[140.2564,36.7756],[140.2563,36.7756],[140.2562,36.7754],[140.256,36.7753],[140.2556,36.7753],[140.2552,36.7752],[140.2551,36.7752],[140.2548,36.7753],[140.2545,36.7753],[140.2544,36.7752],[140.2542,36.7751],[140.254,36.775],[140.254,36.775],[140.254,36.775],[140.2538,36.7748],[140.2537,36.7747],[140.2537,36.7746],[140.2537,36.7745],[140.2537,36.7744],[140.2538,36.7743],[140.2538,36.7743],[140.2541,36.7741],[140.2543,36.774],[140.2543,36.774],[140.2544,36.7738],[140.2545,36.7737],[140.2547,36.7733],[140.2548,36.7732],[140.2548,36.7731],[140.2549,36.773],[140.255,36.7729],[140.2551,36.7728],[140.2552,36.7728],[140.2554,36.7727],[140.2556,36.7726],[140.2557,36.7725],[140.2558,36.7723],[140.2559,36.7722],[140.256,36.7721],[140.2561,36.7721],[140.2563,36.772],[140.2564,36.772],[140.2566,36.7719],[140.2567,36.7718],[140.2568,36.7718],[140.257,36.7717],[140.2572,36.7717],[140.2573,36.7717],[140.2577,36.7715],[140.2581,36.7713],[140.2583,36.7712],[140.2583,36.7711],[140.2584,36.7711],[140.2585,36.7711],[140.2586,36.771],[140.2587,36.7708],[140.2587,36.7707],[140.2587,36.7707],[140.2588,36.7705],[140.2588,36.7704],[140.2589,36.7704],[140.2591,36.7703],[140.2593,36.7703],[140.2594,36.7702],[140.2595,36.7701],[140.2595,36.77],[140.2594,36.7699],[140.2594,36.7698],[140.2593,36.7697],[140.2593,36.7696],[140.2593,36.7695],[140.2593,36.7694],[140.2594,36.7692],[140.2595,36.7691],[140.2596,36.769],[140.2597,36.7689],[140.26,36.7687],[140.2604,36.7684],[140.2606,36.7682],[140.2607,36.7681],[140.2609,36.7678],[140.2611,36.7676],[140.2611,36.7675],[140.261,36.7674],[140.2608,36.7673],[140.2606,36.7672],[140.2605,36.7671],[140.2605,36.767],[140.2604,36.7669],[140.2604,36.7667],[140.2604,36.7667],[140.2604,36.7667],[140.2604,36.7666],[140.2603,36.7666],[140.2601,36.7665],[140.2599,36.7664],[140.2597,36.7663],[140.2595,36.7663],[140.2594,36.7662],[140.2592,36.7661],[140.259,36.766],[140.2587,36.766],[140.2585,36.7661],[140.2583,36.7661],[140.2583,36.7661],[140.2582,36.7661],[140.258,36.7662],[140.2578,36.7662],[140.2575,36.7662],[140.2571,36.7662],[140.2569,36.7661],[140.2567,36.766],[140.2566,36.766],[140.2566,36.7659],[140.2565,36.7658],[140.2564,36.7655],[140.2563,36.7654],[140.2561,36.7653],[140.256,36.7652],[140.256,36.7651],[140.2559,36.765],[140.2558,36.7649],[140.2557,36.7648],[140.2556,36.7647],[140.2555,36.7645],[140.2553,36.7644],[140.2553,36.7643],[140.2552,36.7642],[140.2552,36.7641],[140.2553,36.764],[140.2554,36.7638],[140.2554,36.7637],[140.2556,36.7636],[140.2557,36.7634],[140.2558,36.7634],[140.2559,36.7633],[140.2559,36.7632],[140.2558,36.7631],[140.2557,36.763],[140.2556,36.7628],[140.2555,36.7626],[140.2554,36.7626],[140.2554,36.7624],[140.2553,36.7623],[140.2553,36.7622],[140.2552,36.7619],[140.2552,36.7617],[140.2553,36.7616],[140.2553,36.7614],[140.2554,36.7612],[140.2555,36.7611],[140.2555,36.761],[140.2556,36.7609],[140.2555,36.7608],[140.2555,36.7606],[140.2554,36.7605],[140.2551,36.7604],[140.2549,36.7602],[140.2549,36.7601],[140.2549,36.76],[140.2549,36.7599],[140.255,36.7597],[140.2552,36.7595],[140.2553,36.7595],[140.2556,36.7593],[140.2557,36.7593],[140.2557,36.7592],[140.2558,36.7592],[140.2558,36.7591],[140.2557,36.7589],[140.2558,36.7587],[140.2558,36.7586],[140.2559,36.7585],[140.2559,36.7583],[140.2559,36.7583],[140.2559,36.7583],[140.256,36.7582],[140.256,36.7581],[140.2561,36.758],[140.2562,36.7579],[140.2562,36.7578],[140.2564,36.7576],[140.2565,36.7573],[140.2566,36.7571],[140.2568,36.7569],[140.2569,36.7569],[140.257,36.7569],[140.2573,36.7568],[140.2578,36.7567],[140.2579,36.7567],[140.258,36.7566],[140.258,36.7565],[140.2581,36.7564],[140.2581,36.7561],[140.2583,36.7559],[140.2583,36.7558],[140.2583,36.7558],[140.2584,36.7557],[140.2586,36.7556],[140.2587,36.7555],[140.2589,36.7555],[140.2589,36.7555],[140.2591,36.7554],[140.2593,36.7552],[140.2595,36.755],[140.2596,36.7548],[140.2596,36.7548],[140.2596,36.7546],[140.2596,36.7544],[140.2595,36.7542],[140.2594,36.754],[140.2593,36.7539],[140.2592,36.7536],[140.2592,36.7535],[140.2591,36.7534],[140.2591,36.7531],[140.2593,36.7528],[140.2594,36.7526],[140.2596,36.7524],[140.2599,36.7523],[140.2601,36.7523],[140.2603,36.7522],[140.2605,36.7521],[140.2605,36.7521],[140.2607,36.7518],[140.2608,36.7514],[140.261,36.751],[140.2612,36.7502],[140.2613,36.75],[140.2613,36.75],[140.2613,36.75],[140.2615,36.7496],[140.2616,36.7493],[140.2618,36.7488],[140.2621,36.7484],[140.2622,36.7483],[140.2624,36.7482],[140.2627,36.7482],[140.2632,36.7481],[140.2634,36.748],[140.2636,36.7479],[140.2638,36.7479],[140.264,36.7478],[140.2641,36.7479],[140.2643,36.7479],[140.2644,36.7479],[140.2646,36.7478],[140.2649,36.7474],[140.2652,36.747],[140.2653,36.7468],[140.2654,36.7468],[140.2655,36.7467],[140.2657,36.7466],[140.266,36.7463],[140.2663,36.7461],[140.2667,36.7458],[140.2667,36.7458],[140.2667,36.7458],[140.267,36.7456],[140.2671,36.7455],[140.2672,36.7454],[140.2673,36.7452],[140.2675,36.7448],[140.2677,36.7444],[140.2679,36.7438],[140.268,36.7435],[140.2682,36.7432],[140.2683,36.743],[140.2685,36.7429],[140.2687,36.7428],[140.2688,36.7426],[140.269,36.7425],[140.2691,36.7422],[140.2691,36.7422],[140.2691,36.7421],[140.2694,36.7422],[140.2696,36.7423],[140.2701,36.7425],[140.2703,36.7426],[140.2704,36.7426],[140.2706,36.7426],[140.2708,36.7424],[140.271,36.7423],[140.2711,36.7422],[140.2712,36.742],[140.2711,36.7418],[140.2712,36.7417],[140.2712,36.7417],[140.2712,36.7416],[140.2712,36.7414],[140.2713,36.7413],[140.2715,36.7412],[140.2717,36.7411],[140.2718,36.7411],[140.2719,36.741],[140.2726,36.7408],[140.2728,36.7407],[140.273,36.7406],[140.2731,36.7405],[140.2732,36.7403],[140.2733,36.7401],[140.2734,36.7399],[140.2734,36.7397],[140.2736,36.7397],[140.2737,36.7398],[140.274,36.7398],[140.2742,36.7398],[140.2744,36.7398],[140.2746,36.7397],[140.275,36.7395],[140.275,36.7395],[140.275,36.7395],[140.2763,36.7391],[140.2771,36.7389],[140.2773,36.7388],[140.2775,36.7387],[140.2775,36.7386],[140.2776,36.7384],[140.2776,36.7381],[140.2777,36.7379],[140.2776,36.7377],[140.2779,36.7376],[140.2781,36.7376],[140.2783,36.7374],[140.2784,36.7373],[140.2786,36.7371],[140.2788,36.7369],[140.2793,36.7366],[140.2794,36.7365],[140.2795,36.7363],[140.2796,36.7361],[140.2796,36.736],[140.2797,36.7359],[140.2799,36.7358],[140.2802,36.7359],[140.2805,36.7359],[140.2806,36.7359],[140.2808,36.7359],[140.2811,36.7358],[140.2814,36.7357],[140.2816,36.7355],[140.2817,36.7353],[140.2818,36.7351],[140.2819,36.7348],[140.282,36.7347],[140.2824,36.7345],[140.2826,36.7345],[140.2829,36.7344],[140.2832,36.7342],[140.2833,36.7341],[140.2833,36.7341],[140.2833,36.7341],[140.2834,36.7338],[140.2835,36.7334],[140.2835,36.7333],[140.2835,36.7333],[140.2835,36.7332],[140.2837,36.7331],[140.2841,36.7328],[140.2843,36.7325],[140.2847,36.732],[140.2848,36.7314],[140.2849,36.7312],[140.2849,36.7309],[140.2848,36.7306],[140.2848,36.7305],[140.285,36.7302],[140.2852,36.7298],[140.2853,36.7297],[140.2855,36.7295],[140.2858,36.7291],[140.2861,36.7286],[140.2863,36.7284],[140.2865,36.7282],[140.2866,36.7281],[140.2866,36.728],[140.2864,36.7278],[140.2865,36.7278],[140.2865,36.7276],[140.2868,36.7271],[140.287,36.7269],[140.2872,36.7266],[140.2874,36.7264],[140.2874,36.7263],[140.2875,36.7262],[140.2874,36.7261],[140.2874,36.7259],[140.2874,36.7258],[140.2875,36.7256],[140.2876,36.7254],[140.2877,36.7254],[140.2877,36.7253],[140.2877,36.7253],[140.2876,36.7253],[140.2875,36.7251],[140.2874,36.7251],[140.2874,36.725],[140.2874,36.725],[140.2874,36.725],[140.2874,36.7249],[140.2873,36.7246],[140.2873,36.7244],[140.287,36.724],[140.2867,36.7237],[140.2866,36.7236],[140.2866,36.7234],[140.2866,36.7232],[140.2866,36.7231],[140.2867,36.723],[140.2869,36.7228],[140.287,36.7228],[140.2871,36.7228],[140.2874,36.7229],[140.2875,36.7229],[140.2876,36.7229],[140.2877,36.7229],[140.2877,36.7228],[140.2877,36.7224],[140.2877,36.7224],[140.2877,36.7221],[140.2876,36.7219],[140.2875,36.7218],[140.2873,36.7216],[140.2872,36.7215],[140.2872,36.7213],[140.2872,36.7212],[140.2875,36.7207],[140.2878,36.7202],[140.2878,36.7201],[140.2878,36.72],[140.2877,36.7199],[140.2875,36.7197],[140.2874,36.7195],[140.2872,36.7193],[140.2871,36.7191],[140.287,36.719],[140.287,36.7187],[140.287,36.7184],[140.2871,36.7182],[140.2873,36.718],[140.2876,36.7178],[140.2878,36.7178],[140.2879,36.7177],[140.2881,36.7176],[140.2883,36.7174],[140.2884,36.7173],[140.2886,36.7172],[140.2887,36.7172],[140.2889,36.7171],[140.2891,36.7171],[140.2892,36.717],[140.2893,36.7168],[140.2893,36.7167],[140.2893,36.7167],[140.2893,36.7167],[140.2894,36.7165],[140.2894,36.7162],[140.2894,36.716],[140.2894,36.7158],[140.2894,36.7156],[140.2895,36.7155],[140.2896,36.7154],[140.2899,36.7152],[140.29,36.715],[140.29,36.715],[140.2901,36.7148],[140.2901,36.7146],[140.2901,36.7144],[140.2903,36.7142],[140.2905,36.7139],[140.2907,36.7137],[140.291,36.7136],[140.2912,36.7135],[140.2913,36.7133],[140.2915,36.7131],[140.2917,36.713],[140.2917,36.713],[140.2918,36.7129],[140.2922,36.7127],[140.2923,36.7126],[140.2922,36.7125],[140.2921,36.7124],[140.2917,36.7124],[140.2917,36.7124],[140.2917,36.7124],[140.2911,36.7123],[140.2908,36.7122],[140.2905,36.7121],[140.2901,36.712],[140.2896,36.712],[140.2892,36.712],[140.2887,36.7121],[140.2885,36.7121],[140.2881,36.7121],[140.2877,36.7121],[140.2873,36.7122],[140.2869,36.7122],[140.2863,36.7124],[140.2861,36.7125],[140.286,36.7125],[140.2858,36.7125],[140.2857,36.7124],[140.2853,36.7122],[140.2847,36.7118],[140.2841,36.7115],[140.2839,36.7113],[140.2835,36.7112],[140.2834,36.7112],[140.2835,36.7109],[140.2836,36.7105],[140.2836,36.7105],[140.2836,36.7103],[140.2836,36.7102],[140.2836,36.7101],[140.2836,36.7099],[140.2834,36.7097],[140.2833,36.7097],[140.2833,36.7097],[140.2828,36.7091],[140.2825,36.7088],[140.2824,36.7087],[140.2824,36.7085],[140.2824,36.7083],[140.2824,36.7083],[140.2824,36.7083],[140.2824,36.7082],[140.2823,36.7081],[140.282,36.7079],[140.2817,36.7078],[140.2813,36.7077],[140.2807,36.7075],[140.2802,36.7073],[140.2792,36.7072],[140.2783,36.7071],[140.2775,36.7071],[140.2769,36.707],[140.2766,36.707],[140.2763,36.7071],[140.2762,36.7071],[140.2758,36.7074],[140.2756,36.7076],[140.2754,36.7078],[140.2752,36.708],[140.2751,36.7081],[140.275,36.7082],[140.275,36.7082],[140.275,36.7082],[140.275,36.7082],[140.2748,36.7081],[140.2744,36.7079],[140.2738,36.7076],[140.2731,36.7074],[140.2726,36.7073],[140.2722,36.7071],[140.2719,36.7069],[140.2716,36.7069],[140.2714,36.7069],[140.2712,36.7068],[140.2711,36.7067],[140.271,36.7066],[140.2708,36.7064],[140.2708,36.7062],[140.2709,36.706],[140.271,36.7057],[140.271,36.7055],[140.2711,36.7052],[140.271,36.7049],[140.2709,36.7048],[140.2706,36.7046],[140.2702,36.7044],[140.2701,36.7042],[140.2699,36.704],[140.2698,36.7038],[140.2695,36.7036],[140.2695,36.7035],[140.2694,36.7033],[140.2693,36.7031],[140.2691,36.7031],[140.2688,36.7031],[140.2687,36.7031],[140.2687,36.703],[140.2686,36.7028],[140.2685,36.7025],[140.2685,36.7024],[140.2684,36.7024],[140.2683,36.7023],[140.2682,36.7022],[140.268,36.7022],[140.2678,36.7023],[140.2677,36.7024],[140.2673,36.7025],[140.267,36.7027],[140.2668,36.7027],[140.2667,36.7027],[140.2667,36.7027],[140.2666,36.7027],[140.2663,36.7027],[140.2661,36.7026],[140.2658,36.7025],[140.2656,36.7024],[140.2654,36.7023],[140.2649,36.7023],[140.2647,36.7023],[140.2644,36.7023],[140.2639,36.7023],[140.2632,36.7023],[140.2632,36.7023],[140.2629,36.7023],[140.2625,36.7023],[140.2623,36.7023],[140.2622,36.7022],[140.2617,36.7018],[140.2613,36.7015],[140.2612,36.7014],[140.2609,36.7014],[140.2606,36.7014],[140.2605,36.7014],[140.2603,36.7013],[140.2601,36.7012],[140.2598,36.7012],[140.2596,36.7013],[140.2592,36.7013],[140.2589,36.7014],[140.2586,36.7015],[140.2584,36.7016],[140.2583,36.7017],[140.2583,36.7017],[140.2583,36.7017],[140.2583,36.7017],[140.2581,36.702],[140.258,36.7022],[140.2579,36.7022],[140.2577,36.7023],[140.2576,36.7023],[140.2573,36.7023],[140.2572,36.7024],[140.257,36.7027],[140.2568,36.7028],[140.2565,36.7029],[140.2563,36.703],[140.256,36.703],[140.2556,36.703],[140.2554,36.7029],[140.2552,36.7028],[140.255,36.7027],[140.2546,36.7025],[140.2543,36.7022],[140.254,36.702],[140.2538,36.702],[140.2535,36.702],[140.2531,36.702],[140.2525,36.702],[140.252,36.7019],[140.2517,36.7019],[140.2515,36.702],[140.2513,36.7021],[140.2512,36.7022],[140.2509,36.7024],[140.2509,36.7024],[140.2505,36.7023],[140.25,36.7022],[140.25,36.7022],[140.25,36.7022],[140.2497,36.7021],[140.2491,36.702],[140.2487,36.702],[140.2484,36.702],[140.2481,36.702],[140.2477,36.7021],[140.2473,36.7022],[140.247,36.7023],[140.2467,36.7023],[140.2467,36.7023],[140.2462,36.702],[140.2458,36.7017],[140.2457,36.7015],[140.2455,36.7011],[140.2453,36.7006],[140.245,36.7001],[140.245,36.7],[140.245,36.7],[140.2449,36.6999],[140.2449,36.6997],[140.2449,36.6995],[140.2449,36.6994],[140.2446,36.6992],[140.2445,36.6991],[140.2445,36.6988],[140.2443,36.6982],[140.2442,36.6978],[140.244,36.6976],[140.2439,36.6976],[140.2437,36.6976],[140.2435,36.6977],[140.2431,36.698],[140.2428,36.6981],[140.2426,36.6981],[140.2423,36.6979],[140.242,36.6978],[140.2417,36.6978],[140.2417,36.6978],[140.2417,36.6978],[140.2416,36.6979],[140.2415,36.698],[140.2415,36.6983],[140.2415,36.6985],[140.2413,36.6986],[140.2411,36.6988],[140.2409,36.699],[140.2408,36.6991],[140.2406,36.6991],[140.2403,36.6992],[140.2398,36.6993],[140.2392,36.6992],[140.2386,36.6992],[140.2381,36.6993],[140.2376,36.6996],[140.2373,36.6996],[140.2371,36.6996],[140.237,36.6996],[140.2368,36.6996],[140.2365,36.6994],[140.2364,36.6993],[140.2361,36.6993],[140.2358,36.6994],[140.235,36.6998],[140.2343,36.7],[140.2342,36.7],[140.2342,36.7],[140.2341,36.7],[140.234,36.7001],[140.234,36.7001],[140.234,36.7002],[140.2342,36.7005],[140.2342,36.7005],[140.2341,36.7005],[140.2341,36.7005],[140.234,36.7004],[140.2338,36.7004],[140.2337,36.7003],[140.2334,36.7002],[140.2333,36.7002],[140.2333,36.7002],[140.2329,36.7002],[140.2324,36.7001],[140.2322,36.7],[140.2322,36.7],[140.232,36.6999],[140.2314,36.6997],[140.2313,36.6997],[140.231,36.6996],[140.2308,36.6994],[140.2306,36.6992],[140.2303,36.699],[140.2301,36.6989],[140.2299,36.6988],[140.2297,36.6986],[140.2295,36.6983],[140.2294,36.6981],[140.2294,36.6978],[140.2294,36.6976],[140.2293,36.6974],[140.2292,36.6973],[140.229,36.6971],[140.2287,36.697],[140.2285,36.6968],[140.2283,36.6965],[140.2281,36.6961],[140.228,36.6959],[140.2279,36.6956],[140.2278,36.6954],[140.2275,36.6951],[140.2274,36.6949],[140.2272,36.6947],[140.2273,36.6944],[140.2271,36.694],[140.2271,36.6937],[140.2271,36.6934],[140.2271,36.6931],[140.227,36.6927],[140.2268,36.6924],[140.2265,36.6921],[140.2263,36.6918],[140.2261,36.6917],[140.2261,36.6917],[140.2259,36.6915],[140.2256,36.6912],[140.2254,36.691],[140.225,36.6908],[140.225,36.6908],[140.225,36.6908],[140.2247,36.6906],[140.2245,36.6904],[140.2244,36.6903],[140.2242,36.6899],[140.224,36.6892],[140.2238,36.6889],[140.2235,36.6887],[140.2234,36.6887],[140.2231,36.6886],[140.2225,36.6884],[140.222,36.688],[140.2214,36.6876],[140.221,36.6875],[140.2207,36.6874],[140.2205,36.6872],[140.2204,36.6871],[140.2204,36.687],[140.2204,36.6865],[140.2205,36.6857],[140.2205,36.6854],[140.2206,36.6853],[140.2205,36.6851],[140.2203,36.6848],[140.2201,36.6846],[140.2201,36.6845],[140.2201,36.6843],[140.2203,36.6842],[140.2205,36.6839],[140.2207,36.6837],[140.2209,36.6837],[140.2211,36.6836],[140.2215,36.6836],[140.2219,36.6837],[140.2221,36.6838],[140.2225,36.684],[140.2226,36.6841],[140.2228,36.6839],[140.2229,36.6838],[140.2233,36.6837],[140.2235,36.6836],[140.2235,36.6833],[140.2235,36.6833],[140.2236,36.683],[140.2237,36.6825],[140.2237,36.6821],[140.2237,36.6818],[140.2237,36.6813],[140.2238,36.6811],[140.224,36.681],[140.2242,36.6808],[140.2243,36.6807],[140.2245,36.6802],[140.2245,36.6799],[140.2245,36.6798],[140.2244,36.6797],[140.2243,36.6795],[140.2243,36.6793],[140.2243,36.6793],[140.2245,36.679],[140.2246,36.6788],[140.2248,36.6783],[140.225,36.6778],[140.225,36.6778],[140.225,36.6778],[140.2251,36.6775],[140.225,36.6774],[140.225,36.6773],[140.225,36.6773],[140.2249,36.6773],[140.2248,36.6772],[140.2243,36.677],[140.2241,36.6769],[140.2238,36.6768],[140.2236,36.6768],[140.2234,36.6769],[140.2228,36.6773],[140.2223,36.6776],[140.2221,36.6777],[140.2219,36.6777],[140.2217,36.6776],[140.2215,36.6774],[140.2215,36.6773],[140.2215,36.6772],[140.2217,36.6771],[140.2218,36.6769],[140.2219,36.6767],[140.2219,36.6765],[140.222,36.6762],[140.2222,36.6758],[140.2222,36.6756],[140.2222,36.6754],[140.2221,36.6753],[140.222,36.6752],[140.2216,36.675],[140.2216,36.675],[140.2216,36.675],[140.2216,36.6748],[140.2215,36.6744],[140.2216,36.6743],[140.2218,36.674],[140.2221,36.6736],[140.2224,36.673],[140.2227,36.6729],[140.2232,36.6729],[140.2243,36.6728],[140.225,36.6726],[140.225,36.6726],[140.225,36.6726],[140.2252,36.6726],[140.2255,36.6727],[140.2256,36.6728],[140.2257,36.6728],[140.2261,36.6724],[140.2265,36.6723],[140.2268,36.6722],[140.2274,36.6722],[140.2276,36.6722],[140.2276,36.6722],[140.2277,36.672],[140.2278,36.6717],[140.228,36.6716],[140.2284,36.6715],[140.2287,36.6715],[140.2291,36.6715],[140.2294,36.6714],[140.2298,36.6711],[140.2303,36.6707],[140.2306,36.6706],[140.231,36.6705],[140.2314,36.6701],[140.2317,36.6698],[140.2315,36.6698],[140.2315,36.6694],[140.2316,36.6687],[140.2315,36.6682],[140.2316,36.6677],[140.2318,36.667],[140.232,36.6667],[140.232,36.6667],[140.232,36.6667],[140.2326,36.6662],[140.2327,36.6657],[140.2327,36.6655],[140.2326,36.6652],[140.2323,36.6647],[140.232,36.6638],[140.2319,36.6635],[140.2319,36.6634],[140.2315,36.6633],[140.2309,36.6632],[140.2301,36.6631],[140.2298,36.663],[140.2296,36.6628],[140.2294,36.6626],[140.2293,36.6624],[140.2293,36.6623],[140.2294,36.6621],[140.2295,36.662],[140.2303,36.6614],[140.2304,36.6614],[140.2307,36.6614],[140.2309,36.6613],[140.231,36.6613],[140.231,36.6608],[140.2312,36.6602],[140.2313,36.6599],[140.2314,36.6598],[140.2325,36.6594],[140.2329,36.6592],[140.2331,36.6591],[140.2333,36.6589],[140.2333,36.6589],[140.2334,36.6588],[140.2336,36.6586],[140.2337,36.6583],[140.2337,36.6583],[140.2338,36.6582],[140.2342,36.6579],[140.2342,36.6579],[140.2352,36.6576],[140.2356,36.6574],[140.2357,36.6572],[140.2357,36.6566],[140.2357,36.6566],[140.2358,36.6563],[140.2359,36.6561],[140.2363,36.6559],[140.2366,36.6558],[140.2369,36.6552],[140.237,36.655],[140.237,36.6549],[140.2369,36.6544],[140.2369,36.6542],[140.237,36.6542],[140.2371,36.6539],[140.2373,36.6538],[140.2374,36.6539],[140.2374,36.6539],[140.2376,36.6541],[140.2377,36.6542],[140.2379,36.6542],[140.2381,36.6541],[140.2383,36.654],[140.2383,36.654],[140.2384,36.6539],[140.2388,36.6531],[140.239,36.6528],[140.2392,36.6526],[140.2394,36.6525],[140.2399,36.6524],[140.24,36.6523],[140.2403,36.652],[140.2406,36.6518],[140.2409,36.6509],[140.2409,36.6508],[140.2408,36.6505],[140.2408,36.6503],[140.2409,36.65],[140.2409,36.65],[140.241,36.6494],[140.241,36.6492],[140.2409,36.649],[140.2407,36.6488],[140.2403,36.6485],[140.2399,36.6481],[140.2397,36.648],[140.2397,36.6478],[140.2397,36.6472],[140.2396,36.647],[140.2395,36.6469],[140.2392,36.6466],[140.2392,36.6465],[140.2392,36.6463],[140.2392,36.6461],[140.2391,36.6457],[140.2391,36.6456],[140.2392,36.6453],[140.2397,36.6445],[140.2398,36.6443],[140.2399,36.6443],[140.2402,36.6443],[140.2405,36.6443],[140.2407,36.6442],[140.2408,36.6439],[140.241,36.6435],[140.241,36.6434],[140.2414,36.6432],[140.2416,36.6429],[140.2416,36.6429],[140.2415,36.6426],[140.2415,36.6425],[140.2417,36.6422],[140.2417,36.6422],[140.2417,36.6422],[140.2417,36.642],[140.2417,36.6417],[140.2417,36.6417],[140.2417,36.6416],[140.2417,36.6415],[140.2417,36.6415],[140.2417,36.6415],[140.2417,36.6414],[140.2417,36.6413],[140.242,36.6409],[140.242,36.6408],[140.242,36.6406],[140.2417,36.64],[140.2417,36.6398],[140.2417,36.6397],[140.2416,36.6395],[140.2416,36.6392],[140.2417,36.6391],[140.2417,36.639],[140.2417,36.6389],[140.2419,36.6385],[140.2419,36.6384],[140.2419,36.6378],[140.2419,36.6376],[140.2421,36.6375],[140.2426,36.6372],[140.2427,36.6371],[140.2428,36.6368],[140.2428,36.6367],[140.2427,36.6366],[140.2418,36.6361],[140.2417,36.636],[140.2417,36.636],[140.241,36.6357],[140.2401,36.6355],[140.2396,36.6353],[140.2394,36.6352],[140.2387,36.6353],[140.2385,36.6352],[140.2383,36.6351],[140.238,36.6351],[140.2375,36.6352],[140.2375,36.6352],[140.2374,36.6351],[140.2371,36.6347],[140.2369,36.6345],[140.2366,36.6344],[140.236,36.6343],[140.2355,36.6342],[140.2354,36.6342],[140.2353,36.6342],[140.2348,36.6344],[140.2346,36.6346],[140.2343,36.6346],[140.234,36.6346],[140.2339,36.6345],[140.2338,36.6344],[140.2338,36.6344],[140.2337,36.6342],[140.2337,36.6341],[140.2338,36.634],[140.2341,36.6337],[140.2342,36.6335],[140.2342,36.6333],[140.2342,36.6333],[140.2342,36.6332],[140.2343,36.6328],[140.2344,36.6323],[140.2344,36.6317],[140.2344,36.6309],[140.2345,36.6308],[140.2348,36.6306],[140.2349,36.6305],[140.2349,36.6303],[140.2349,36.6297],[140.235,36.6292],[140.2351,36.6288],[140.2351,36.6284],[140.2352,36.6282],[140.2353,36.628],[140.2355,36.6278],[140.2355,36.6276],[140.2355,36.6274],[140.2355,36.6274],[140.2352,36.627],[140.2348,36.6269],[140.2348,36.6268],[140.2349,36.6264],[140.2348,36.6259],[140.2348,36.6257],[140.2349,36.6252],[140.2349,36.625],[140.2349,36.625],[140.2349,36.625],[140.2348,36.6247],[140.2348,36.6242],[140.2347,36.6239],[140.2347,36.6239],[140.2347,36.6238],[140.235,36.6233],[140.2352,36.6231],[140.2358,36.6229],[140.236,36.6229],[140.2363,36.623],[140.2364,36.623],[140.2372,36.6236],[140.238,36.6241],[140.2387,36.6248],[140.2388,36.6249],[140.2395,36.625],[140.2395,36.625],[140.2395,36.625],[140.2396,36.625],[140.2396,36.625],[140.2397,36.625],[140.2398,36.6249],[140.2398,36.6244],[140.2398,36.6243],[140.24,36.6241],[140.2406,36.6239],[140.2406,36.6237],[140.2411,36.6231],[140.2413,36.6228],[140.2417,36.6226],[140.2417,36.6226],[140.2419,36.6225],[140.242,36.6224],[140.2421,36.6221],[140.2422,36.6219],[140.2425,36.6218],[140.2428,36.6215],[140.2429,36.6214],[140.2429,36.6211],[140.2429,36.6209],[140.2432,36.6205],[140.2433,36.6198],[140.2435,36.6193],[140.2438,36.6191],[140.2441,36.6188],[140.2446,36.6186],[140.2448,36.6184],[140.245,36.6179],[140.2453,36.6175],[140.2454,36.6168],[140.2454,36.6167],[140.2454,36.6167],[140.2455,36.6162],[140.2456,36.6158],[140.2456,36.6157],[140.2457,36.6154],[140.2459,36.6151],[140.2459,36.6148],[140.2457,36.6141],[140.2457,36.6141],[140.2458,36.614],[140.2459,36.6139],[140.2461,36.6137],[140.2467,36.6132],[140.2468,36.6131],[140.247,36.6129],[140.2472,36.6127],[140.2477,36.612],[140.2479,36.6117],[140.2482,36.6113],[140.2483,36.6111],[140.2484,36.6109],[140.2485,36.6107],[140.2485,36.6101],[140.2487,36.6094],[140.2487,36.6092],[140.2486,36.6091],[140.2485,36.6089],[140.2483,36.6086],[140.2483,36.6083],[140.2483,36.6083],[140.2483,36.608],[140.2484,36.6075],[140.2484,36.6074],[140.2484,36.6071],[140.2483,36.6069],[140.2483,36.6067],[140.2484,36.6065],[140.2484,36.6062],[140.2483,36.606],[140.2481,36.6057],[140.2481,36.6056],[140.2482,36.6055],[140.2486,36.605],[140.2487,36.6048],[140.2489,36.6046],[140.2491,36.604],[140.2491,36.6038],[140.2492,36.6036],[140.2492,36.6034],[140.2492,36.6032],[140.2489,36.6029],[140.2489,36.6027],[140.2488,36.6025],[140.2488,36.6025],[140.2492,36.602],[140.2493,36.6019],[140.2493,36.6018],[140.2493,36.6017],[140.2492,36.6016],[140.249,36.6014],[140.2488,36.601],[140.2488,36.6008],[140.2489,36.6005],[140.249,36.6],[140.249,36.6],[140.249,36.6],[140.2492,36.5996],[140.2492,36.5995],[140.2491,36.5994],[140.249,36.5992],[140.2487,36.599],[140.2486,36.5988],[140.2484,36.5984],[140.2482,36.598],[140.2481,36.5978],[140.248,36.5977],[140.2481,36.5975],[140.248,36.5974],[140.248,36.5974],[140.2476,36.5971],[140.2475,36.597],[140.2473,36.5969],[140.247,36.5969],[140.247,36.5968],[140.2471,36.5968],[140.2472,36.5966],[140.2473,36.5963],[140.2473,36.5961],[140.2472,36.596],[140.247,36.5957],[140.2469,36.5955],[140.2469,36.5951],[140.2469,36.595],[140.2467,36.5947],[140.2461,36.5944],[140.246,36.5942],[140.246,36.5935],[140.2461,36.5927],[140.2461,36.5924],[140.2458,36.5919],[140.2457,36.5917],[140.2457,36.5917],[140.2456,36.5911],[140.2449,36.5903],[140.2447,36.5896],[140.2445,36.5887],[140.2443,36.5886],[140.2439,36.5885],[140.2438,36.5884],[140.2438,36.5883],[140.2439,36.588],[140.244,36.5875],[140.2438,36.5869],[140.2438,36.5868],[140.2438,36.5867],[140.244,36.5867],[140.2441,36.5866],[140.2443,36.5865],[140.2444,36.5865],[140.2443,36.5863],[140.2443,36.5861],[140.2442,36.586],[140.2435,36.585],[140.2433,36.5848],[140.2433,36.5847],[140.2434,36.5846],[140.2436,36.5845],[140.2436,36.5845],[140.2441,36.5842],[140.2443,36.584],[140.2443,36.5836],[140.2443,36.5833],[140.2443,36.5833],[140.2443,36.5833],[140.2442,36.5832],[140.244,36.5831],[140.2438,36.583],[140.2438,36.583],[140.2444,36.5824],[140.2445,36.5824],[140.2446,36.5824],[140.2448,36.5825],[140.2451,36.5826],[140.2454,36.5825],[140.2456,36.5825],[140.2457,36.5823],[140.2457,36.5823],[140.2457,36.5821],[140.2453,36.5814],[140.2453,36.581],[140.2451,36.5804],[140.245,36.5796],[140.245,36.5788],[140.2448,36.5781],[140.2447,36.5771],[140.2447,36.577],[140.2447,36.5768],[140.2447,36.5761],[140.2446,36.5758],[140.2445,36.5755],[140.2443,36.5752],[140.2442,36.5752],[140.2439,36.575],[140.2439,36.575],[140.2437,36.5749],[140.243,36.5747],[140.2427,36.5745],[140.2426,36.5743],[140.2426,36.5741],[140.2428,36.5738],[140.2438,36.5732],[140.2444,36.5728],[140.245,36.5725],[140.2451,36.5723],[140.2453,36.5722],[140.2454,36.5721],[140.2453,36.5718],[140.2453,36.5716],[140.2456,36.5707],[140.2459,36.5703],[140.246,36.5702],[140.2459,36.5702],[140.2459,36.5702],[140.2458,36.5702],[140.2455,36.57],[140.2455,36.5699],[140.2456,36.5696],[140.2456,36.5694],[140.2456,36.5691],[140.2457,36.5688],[140.2458,36.5686],[140.2465,36.5679],[140.2467,36.5678],[140.2469,36.5676],[140.247,36.5675],[140.2469,36.5674],[140.2468,36.5673],[140.2467,36.5673],[140.2463,36.5671],[140.2463,36.567],[140.2462,36.5669],[140.2463,36.5667],[140.2463,36.5667],[140.2463,36.5667],[140.2464,36.5665],[140.2464,36.5664],[140.2457,36.5662],[140.2456,36.5662],[140.2456,36.5659],[140.2456,36.5658],[140.246,36.5656],[140.2463,36.5655],[140.2463,36.5654],[140.2461,36.5652],[140.2467,36.5648],[140.247,36.5646],[140.2467,36.5646],[140.2451,36.5646],[140.2446,36.5638],[140.2444,36.5635],[140.244,36.5631],[140.2438,36.5629],[140.2438,36.5628],[140.2446,36.5619],[140.2452,36.5612],[140.2455,36.5608],[140.2463,36.5599],[140.2467,36.5597],[140.2481,36.5589],[140.2484,36.5586],[140.2485,36.5583],[140.2485,36.5583],[140.2486,36.5583],[140.2486,36.558],[140.2489,36.5575],[140.249,36.5573],[140.2495,36.5562],[140.2497,36.556],[140.25,36.5559],[140.25,36.5559],[140.2505,36.5558],[140.251,36.5555],[140.2514,36.5551],[140.2515,36.5548],[140.2515,36.5546],[140.2515,36.5544],[140.2515,36.5542],[140.2515,36.554],[140.2515,36.5526],[140.2514,36.5523],[140.2514,36.5522],[140.2513,36.5521],[140.2512,36.552],[140.2505,36.5516],[140.2502,36.5514],[140.25,36.5512],[140.25,36.5512],[140.25,36.5512],[140.2491,36.55],[140.2491,36.55],[140.249,36.5499],[140.2486,36.5495],[140.248,36.5492],[140.2476,36.549],[140.2474,36.5488],[140.2471,36.5485],[140.247,36.5483],[140.247,36.548],[140.2472,36.547],[140.2473,36.5464],[140.2478,36.5459],[140.2479,36.5459],[140.2479,36.5456],[140.248,36.5452],[140.2481,36.545],[140.2482,36.5448],[140.2482,36.5446],[140.2481,36.5441],[140.2481,36.5433],[140.248,36.5429],[140.248,36.5427],[140.2479,36.5423],[140.248,36.542],[140.248,36.5418],[140.2481,36.5417],[140.2481,36.5417],[140.2481,36.5415],[140.2481,36.5408],[140.248,36.5403],[140.2481,36.54],[140.2481,36.5393],[140.2481,36.5388],[140.2481,36.5386],[140.2481,36.5385],[140.2481,36.5385],[140.248,36.5384],[140.2479,36.5383],[140.2472,36.5378],[140.2472,36.5377],[140.2472,36.5375],[140.2477,36.5365],[140.2478,36.5365],[140.2478,36.5363],[140.2478,36.5362],[140.2478,36.536],[140.2478,36.5355],[140.2477,36.5354],[140.2477,36.5352],[140.2477,36.5349],[140.2477,36.5345],[140.2479,36.5341],[140.2483,36.5333],[140.2483,36.5333],[140.2489,36.5322],[140.2496,36.5309],[140.2499,36.5306],[140.25,36.5305],[140.25,36.5305],[140.25,36.5305],[140.2503,36.5302],[140.2505,36.53],[140.2508,36.5298],[140.2512,36.5298],[140.2515,36.5297],[140.2517,36.5295],[140.252,36.5294],[140.2523,36.5289],[140.2525,36.5288],[140.2526,36.5286],[140.2528,36.5279],[140.2534,36.5272],[140.2534,36.5268],[140.2533,36.5263],[140.2532,36.526],[140.253,36.5257],[140.2529,36.5255],[140.2527,36.5253],[140.2526,36.5252],[140.2526,36.525],[140.2526,36.525],[140.2526,36.5249],[140.2527,36.5247],[140.253,36.5243],[140.2535,36.524],[140.2538,36.5238],[140.2539,36.5235],[140.2541,36.5231],[140.2545,36.5225],[140.2546,36.5224],[140.255,36.522],[140.2555,36.5216],[140.256,36.5214],[140.2564,36.5211],[140.2583,36.5201],[140.2583,36.5201],[140.2583,36.5201],[140.2591,36.5198],[140.2593,36.5197],[140.2594,36.5195],[140.2596,36.5191],[140.2597,36.5189],[140.2597,36.5187],[140.2597,36.5186],[140.2596,36.5185],[140.2596,36.5183],[140.2596,36.5181],[140.2598,36.5179],[140.2602,36.5176],[140.2602,36.5175],[140.2602,36.5174],[140.26,36.5173],[140.2596,36.5172],[140.2595,36.5172],[140.2587,36.5168],[140.2583,36.5167],[140.2583,36.5167],[140.2583,36.5167],[140.2583,36.5167],[140.2582,36.5167],[140.2581,36.5166],[140.2579,36.5166],[140.2576,36.5166],[140.2572,36.5165],[140.2569,36.5165],[140.2564,36.5165],[140.256,36.5164],[140.2557,36.5164],[140.2555,36.5164],[140.2552,36.5164],[140.2544,36.5163],[140.2538,36.5163],[140.2535,36.5161],[140.2532,36.5158],[140.2529,36.5156],[140.2524,36.5154],[140.2519,36.5151],[140.2517,36.515],[140.2515,36.5148],[140.2513,36.5148],[140.2512,36.5148],[140.251,36.5149],[140.2505,36.5151],[140.2503,36.5151],[140.25,36.5151],[140.25,36.5151],[140.25,36.5151],[140.2497,36.515],[140.2495,36.515],[140.2494,36.515],[140.2487,36.5152],[140.2481,36.5151],[140.248,36.5151],[140.2476,36.5151],[140.2474,36.515],[140.2473,36.5148],[140.2473,36.5143],[140.2473,36.5142],[140.2475,36.514],[140.2477,36.5139],[140.2477,36.5137],[140.2476,36.5133],[140.2476,36.5128],[140.2476,36.5123],[140.2476,36.5122],[140.2478,36.5121],[140.248,36.512],[140.2484,36.5117],[140.2487,36.5113],[140.2489,36.5107],[140.2489,36.5098],[140.2491,36.509],[140.2491,36.5087],[140.2492,36.5085],[140.2492,36.5083],[140.2492,36.5083],[140.2492,36.5079],[140.2491,36.5077],[140.2489,36.5077],[140.2488,36.5076],[140.2484,36.5076],[140.2479,36.5076],[140.2475,36.5074],[140.2472,36.5072],[140.2467,36.5073],[140.2466,36.5073],[140.2462,36.5073],[140.2453,36.5072],[140.2453,36.5072],[140.2452,36.5074],[140.2451,36.5075],[140.245,36.5075],[140.245,36.5074],[140.2447,36.507],[140.2446,36.507],[140.2442,36.5072],[140.244,36.5073],[140.2434,36.5075],[140.2431,36.5076],[140.2427,36.5076],[140.2425,36.5076],[140.2424,36.5075],[140.2424,36.5072],[140.2424,36.5069],[140.2426,36.5065],[140.2426,36.5063],[140.2424,36.5059],[140.2421,36.5057],[140.2417,36.5054],[140.2417,36.5054],[140.2412,36.5051],[140.2411,36.505],[140.2411,36.5049],[140.2413,36.5046],[140.2415,36.5042],[140.2415,36.5038],[140.2415,36.5034],[140.2415,36.5031],[140.2413,36.5028],[140.2412,36.5027],[140.241,36.5026],[140.2408,36.5026],[140.2404,36.5027],[140.2402,36.5027],[140.2401,36.5028],[140.24,36.503],[140.24,36.5031],[140.2398,36.5034],[140.2397,36.5034],[140.239,36.5034],[140.2387,36.5035],[140.2384,36.5038],[140.2381,36.504],[140.2367,36.5042],[140.2365,36.5043],[140.2363,36.5045],[140.2359,36.5047],[140.2358,36.5047],[140.2357,36.5046],[140.2357,36.5039],[140.2357,36.5037],[140.2356,36.5034],[140.2356,36.5031],[140.2355,36.5031],[140.2354,36.503],[140.235,36.5029],[140.2342,36.5027],[140.2338,36.5026],[140.2336,36.5026],[140.2334,36.5027],[140.2333,36.5028],[140.2333,36.5028],[140.233,36.503],[140.2329,36.503],[140.2327,36.503],[140.2326,36.503],[140.2322,36.503],[140.2316,36.5028],[140.2313,36.5028],[140.231,36.5029],[140.2306,36.503],[140.2305,36.5029],[140.2305,36.5029],[140.2304,36.5027],[140.2302,36.5024],[140.23,36.5023],[140.2299,36.5022],[140.2295,36.5021],[140.2294,36.502],[140.2294,36.5019],[140.2296,36.5016],[140.2299,36.501],[140.23,36.5008],[140.23,36.5006],[140.23,36.5005],[140.2301,36.5003],[140.2306,36.5],[140.2306,36.5],[140.2307,36.5],[140.2308,36.4998],[140.2309,36.4997],[140.2311,36.4994],[140.2312,36.4993],[140.2312,36.4993],[140.2312,36.4991],[140.2309,36.4985],[140.2309,36.4984],[140.231,36.498],[140.231,36.4979],[140.2312,36.4975],[140.2312,36.4974],[140.2312,36.4973],[140.2309,36.4971],[140.2308,36.4969],[140.2308,36.4967],[140.2308,36.4965],[140.2308,36.4961],[140.2307,36.496],[140.2306,36.4958],[140.2305,36.4957],[140.2302,36.4955],[140.2302,36.4955],[140.2301,36.4952],[140.23,36.4947],[140.23,36.4946],[140.23,36.4946],[140.2301,36.4942],[140.2301,36.4938],[140.2301,36.4937],[140.2302,36.4934],[140.2303,36.4932],[140.2303,36.4927],[140.2301,36.4923],[140.2301,36.4917],[140.2301,36.4917],[140.2301,36.4917],[140.2299,36.4914],[140.2298,36.4911],[140.2296,36.4909],[140.2295,36.4909],[140.2283,36.4903],[140.2275,36.4898],[140.2268,36.4893],[140.2267,36.4891],[140.2266,36.4889],[140.2266,36.4886],[140.2266,36.4884],[140.2267,36.4882],[140.2268,36.488],[140.2273,36.4877],[140.2274,36.4876],[140.2275,36.4874],[140.2276,36.4872],[140.2275,36.4868],[140.2275,36.4865],[140.2272,36.4859],[140.227,36.4858],[140.2269,36.4857],[140.2266,36.4856],[140.2263,36.4853],[140.2262,36.4852],[140.2261,36.4851],[140.2261,36.4848],[140.226,36.4847],[140.2258,36.4846],[140.2256,36.4845],[140.2255,36.4844],[140.225,36.4844],[140.225,36.4844],[140.2249,36.4844],[140.2247,36.4843],[140.2245,36.4843],[140.2242,36.4841],[140.2242,36.4841],[140.2241,36.484],[140.2241,36.4836],[140.224,36.4833],[140.224,36.4833],[140.224,36.4833],[140.2239,36.4831],[140.2238,36.483],[140.2237,36.4828],[140.2236,36.4821],[140.2235,36.4818],[140.2234,36.4817],[140.2232,36.4815],[140.223,36.4815],[140.2227,36.4814],[140.2226,36.4813],[140.2225,36.4813],[140.2223,36.481],[140.2219,36.4807],[140.2216,36.4804],[140.2215,36.4804],[140.2211,36.4803],[140.2208,36.4803],[140.2206,36.4804],[140.2203,36.4805],[140.22,36.4805],[140.2197,36.4806],[140.2194,36.4805],[140.2193,36.4805],[140.219,36.4803],[140.2185,36.4801],[140.2182,36.48],[140.218,36.4798],[140.2176,36.4795],[140.2174,36.4794],[140.2173,36.4793],[140.2172,36.4792],[140.2169,36.4791],[140.2167,36.4791],[140.2167,36.479],[140.2167,36.479],[140.2166,36.479],[140.2164,36.4785],[140.2163,36.4782],[140.2163,36.4781],[140.2159,36.4777],[140.2158,36.4775],[140.2156,36.4772],[140.2151,36.4768],[140.2146,36.4762],[140.2146,36.476],[140.2147,36.4755],[140.2147,36.4751],[140.2147,36.475],[140.2147,36.475],[140.2146,36.4748],[140.2145,36.4746],[140.2144,36.4745],[140.2143,36.4744],[140.2141,36.4742],[140.2139,36.4736],[140.2132,36.4728],[140.2126,36.4719],[140.2125,36.4717],[140.2123,36.4714],[140.2121,36.471],[140.2121,36.4707],[140.2122,36.4705],[140.2122,36.4704],[140.2122,36.4704],[140.2123,36.4701],[140.2124,36.47],[140.2125,36.4697],[140.2128,36.4695],[140.2131,36.4691],[140.2131,36.4687],[140.213,36.4684],[140.2129,36.4682],[140.2128,36.4679],[140.2131,36.4675],[140.2131,36.4673],[140.2129,36.467],[140.2121,36.4668],[140.212,36.4667],[140.212,36.4667],[140.2119,36.4665],[140.2118,36.4663],[140.2117,36.4661],[140.2115,36.4661],[140.2112,36.4661],[140.211,36.4661],[140.2109,36.466],[140.2108,36.4657],[140.2107,36.4654],[140.2103,36.4651],[140.2101,36.4651],[140.21,36.4651],[140.2095,36.4652],[140.2094,36.4652],[140.2091,36.465],[140.2088,36.4648],[140.2083,36.4645],[140.2083,36.4645],[140.2083,36.4644],[140.2082,36.4643],[140.2081,36.464],[140.208,36.4636],[140.2077,36.4632],[140.2075,36.4626],[140.2074,36.4624],[140.2072,36.4618],[140.2071,36.4617],[140.2073,36.4611],[140.2077,36.4605],[140.2077,36.4601],[140.2076,36.4594],[140.2077,36.459],[140.2076,36.4587],[140.2074,36.4584],[140.2073,36.4583],[140.2073,36.4583],[140.2072,36.4582],[140.2072,36.4577],[140.2073,36.4571],[140.2074,36.457],[140.2073,36.4569],[140.2068,36.4567],[140.2061,36.4566],[140.2059,36.4565],[140.2055,36.456],[140.2052,36.4556],[140.2047,36.4552],[140.204,36.4549],[140.2039,36.4548],[140.2036,36.4546],[140.2029,36.4544],[140.2027,36.4542],[140.2026,36.4541],[140.2026,36.4539],[140.2029,36.4536],[140.203,36.4533],[140.2031,36.4521],[140.203,36.4515],[140.2029,36.4512],[140.2028,36.4509],[140.2028,36.4507],[140.2029,36.4504],[140.2029,36.4504],[140.2031,36.4502],[140.2034,36.45],[140.2034,36.45],[140.2038,36.4497],[140.204,36.4494],[140.2041,36.4489],[140.2042,36.4486],[140.2042,36.4484],[140.2045,36.4481],[140.2047,36.448],[140.2049,36.4477],[140.2053,36.4473],[140.2056,36.447],[140.2059,36.4469],[140.2062,36.4465],[140.2061,36.4462],[140.2059,36.4459],[140.2056,36.4456],[140.2054,36.4454],[140.2053,36.4452],[140.2052,36.4446],[140.2048,36.4443],[140.2047,36.444],[140.2047,36.4438],[140.2047,36.4435],[140.2047,36.4434],[140.2046,36.4433],[140.2044,36.4431],[140.2042,36.443],[140.2042,36.4429],[140.2038,36.4427],[140.2035,36.4425],[140.2034,36.4422],[140.2032,36.4417],[140.2032,36.4417],[140.2031,36.4412],[140.2027,36.4404],[140.2027,36.4403],[140.2027,36.44],[140.2022,36.4393],[140.202,36.439],[140.2015,36.4385],[140.2013,36.4381],[140.2015,36.4374],[140.2015,36.437],[140.2014,36.4369],[140.2013,36.4367],[140.2013,36.4364],[140.2013,36.436],[140.2015,36.4356],[140.2015,36.4353],[140.2015,36.435],[140.2015,36.4348],[140.2017,36.4339],[140.2019,36.4333],[140.2019,36.4333],[140.202,36.4328],[140.2019,36.4326],[140.2015,36.4323],[140.2013,36.4321],[140.2012,36.4318],[140.2012,36.4315],[140.2016,36.4308],[140.2018,36.4302],[140.2017,36.4298],[140.2018,36.4296],[140.2022,36.4292],[140.2026,36.429],[140.2031,36.4289],[140.2034,36.4287],[140.2034,36.4285],[140.2033,36.4275],[140.2034,36.4271],[140.2035,36.4266],[140.2034,36.4263],[140.2033,36.4261],[140.2031,36.4254],[140.2029,36.425],[140.2029,36.425],[140.2029,36.425],[140.2027,36.4246],[140.2024,36.4239],[140.2024,36.4235],[140.2025,36.4233],[140.2028,36.4229],[140.203,36.4224],[140.2031,36.4219],[140.2031,36.4213],[140.2033,36.4207],[140.2028,36.4203],[140.2023,36.4198],[140.202,36.4196],[140.2015,36.4191],[140.2011,36.4188],[140.201,36.4186],[140.2009,36.4184],[140.2008,36.4182],[140.2007,36.4178],[140.2005,36.4176],[140.2002,36.4171],[140.2,36.4169],[140.2,36.4169],[140.2,36.4169],[140.2,36.4168],[140.1998,36.4167],[140.1998,36.4167],[140.1997,36.4165],[140.1995,36.4163],[140.1989,36.4161],[140.1985,36.4159],[140.1984,36.4158],[140.1983,36.4156],[140.1983,36.4154],[140.1983,36.4148],[140.1982,36.4145],[140.198,36.4141],[140.1978,36.4139],[140.1978,36.4138],[140.1978,36.4137],[140.198,36.4134],[140.198,36.4132],[140.1979,36.413],[140.1977,36.4127],[140.1975,36.4123],[140.1975,36.4121],[140.1975,36.4119],[140.1973,36.4119],[140.1968,36.4117],[140.1966,36.4116],[140.1965,36.4113],[140.1963,36.4109],[140.1963,36.4107],[140.1962,36.4105],[140.1961,36.4099],[140.1959,36.4094],[140.1958,36.4092],[140.1956,36.409],[140.1949,36.4089],[140.1946,36.4088],[140.1941,36.4083],[140.1941,36.4083],[140.1941,36.4083],[140.1939,36.4081],[140.1937,36.4078],[140.1932,36.4072],[140.1928,36.4068],[140.1927,36.4067],[140.1926,36.4062],[140.1925,36.4056],[140.1926,36.4051],[140.1926,36.4047],[140.1925,36.4046],[140.1921,36.4045],[140.1917,36.4044],[140.1917,36.4044],[140.1915,36.4044],[140.1909,36.4043],[140.1907,36.4043],[140.1901,36.4042],[140.1894,36.4041],[140.1891,36.404],[140.1889,36.4038],[140.1889,36.4036],[140.189,36.4033],[140.1892,36.4024],[140.1891,36.4023],[140.1891,36.4022],[140.1889,36.4022],[140.1879,36.4019],[140.1866,36.4016],[140.1863,36.4014],[140.1861,36.4011],[140.186,36.4007],[140.1858,36.4004],[140.1857,36.4002],[140.1858,36.4],[140.1858,36.4],[140.1858,36.3999],[140.1858,36.3995],[140.1858,36.3994],[140.1854,36.399],[140.1853,36.3987],[140.1852,36.3983],[140.1844,36.3984],[140.184,36.3984],[140.1838,36.3982],[140.1835,36.3981],[140.1833,36.3981],[140.1833,36.3981],[140.183,36.398],[140.1819,36.3978],[140.1818,36.3978],[140.1814,36.3977],[140.181,36.3975],[140.1807,36.3974],[140.1805,36.3974],[140.1797,36.3977],[140.1795,36.3976],[140.1793,36.3975],[140.1789,36.3973],[140.1786,36.3973],[140.1784,36.3973],[140.1778,36.3977],[140.1772,36.398],[140.1765,36.3985],[140.1763,36.3986],[140.176,36.3987],[140.1755,36.3988],[140.1752,36.3988],[140.1751,36.3988],[140.175,36.3988],[140.175,36.3988],[140.1749,36.3988],[140.1746,36.3987],[140.1741,36.3985],[140.1737,36.3984],[140.1736,36.3985],[140.1735,36.3985],[140.1732,36.3986],[140.173,36.3989],[140.1728,36.399],[140.1727,36.399],[140.1726,36.3991],[140.1723,36.399],[140.172,36.399],[140.1712,36.3991],[140.1709,36.3992],[140.1698,36.3991],[140.1691,36.399],[140.1688,36.399],[140.1687,36.3991],[140.1685,36.3992],[140.1683,36.3995],[140.1681,36.3996],[140.168,36.3997],[140.1676,36.3998],[140.1667,36.4],[140.1667,36.4],[140.1665,36.4],[140.1665,36.4],[140.1665,36.4],[140.166,36.4001],[140.1656,36.4001],[140.1653,36.4],[140.1653,36.4],[140.1653,36.4],[140.165,36.3999],[140.165,36.3998],[140.1647,36.3996],[140.1645,36.3995],[140.1638,36.3994],[140.1631,36.3994],[140.1628,36.3993],[140.1626,36.3991],[140.1625,36.3991],[140.1623,36.399],[140.1622,36.3989],[140.1616,36.3988],[140.1609,36.3985],[140.1607,36.3984],[140.1605,36.3983],[140.1603,36.3983],[140.16,36.3981],[140.1596,36.398],[140.1592,36.398],[140.1587,36.3981],[140.1583,36.398],[140.1583,36.398],[140.158,36.398],[140.1577,36.398],[140.1571,36.3981],[140.1567,36.398],[140.1565,36.398],[140.1564,36.3981],[140.1562,36.3982],[140.1559,36.3985],[140.1554,36.3992],[140.1554,36.3992],[140.1548,36.4],[140.1548,36.4],[140.1546,36.4003],[140.1536,36.4013],[140.1534,36.4015],[140.1533,36.4015],[140.153,36.4017],[140.1527,36.4019],[140.1524,36.4021],[140.1523,36.4022],[140.1515,36.4035],[140.1508,36.4046],[140.1502,36.4054],[140.15,36.4055],[140.15,36.4056],[140.1497,36.4058],[140.1492,36.4061],[140.1489,36.4063],[140.1488,36.4064],[140.1486,36.4067],[140.1485,36.4068],[140.1485,36.4072],[140.1485,36.4079],[140.1484,36.4082],[140.1482,36.4083],[140.1482,36.4083],[140.1482,36.4084],[140.148,36.4085],[140.1477,36.4087],[140.1475,36.409],[140.1472,36.4093],[140.1469,36.41],[140.1467,36.4102],[140.1466,36.4103],[140.1464,36.4104],[140.1462,36.4105],[140.146,36.4108],[140.1457,36.4111],[140.1454,36.4113],[140.1452,36.4115],[140.1451,36.4117],[140.1451,36.4128],[140.145,36.413],[140.1448,36.4132],[140.1446,36.4135],[140.1443,36.4139],[140.1443,36.414],[140.144,36.414],[140.1435,36.4136],[140.1429,36.4134],[140.1424,36.4133],[140.142,36.4131],[140.1419,36.413],[140.1418,36.413],[140.1418,36.4129],[140.1417,36.4126],[140.1417,36.4126],[140.1417,36.4126],[140.1416,36.4125],[140.1416,36.4123],[140.1415,36.4122],[140.1414,36.4121],[140.1413,36.412],[140.141,36.412],[140.1403,36.4121],[140.1388,36.4123],[140.1377,36.4125],[140.137,36.4127],[140.1358,36.4129],[140.1349,36.4133],[140.1347,36.4134],[140.1341,36.4139],[140.1337,36.4142],[140.1334,36.4144],[140.1333,36.4144],[140.1333,36.4144],[140.1327,36.4146],[140.1324,36.4148],[140.1324,36.4148],[140.1321,36.4149],[140.1319,36.4149],[140.1318,36.4149],[140.129,36.4143],[140.1275,36.4139],[140.1272,36.4139],[140.1268,36.4139],[140.1261,36.4141],[140.1259,36.4141],[140.1253,36.4141],[140.125,36.4141],[140.125,36.4141],[140.1247,36.414],[140.1234,36.4138],[140.123,36.4136],[140.1217,36.4132],[140.1216,36.4132],[140.1212,36.4129],[140.1202,36.4123],[140.1199,36.4122],[140.1189,36.4116],[140.1179,36.4112],[140.1177,36.4112],[140.1175,36.4111],[140.1173,36.4111],[140.1168,36.411],[140.1167,36.411],[140.1167,36.411],[140.116,36.4111],[140.1156,36.4111],[140.1151,36.4111],[140.1147,36.4111],[140.1145,36.411],[140.1141,36.4108],[140.114,36.4105],[140.1138,36.4102],[140.1136,36.4101],[140.1135,36.41],[140.1131,36.4098],[140.113,36.4096],[140.113,36.4096],[140.1129,36.4093],[140.1127,36.409],[140.1127,36.4089],[140.1123,36.4086],[140.1121,36.4085],[140.1117,36.4083],[140.1117,36.4083],[140.1115,36.4082],[140.1107,36.4078],[140.11,36.4076],[140.1098,36.4075],[140.1096,36.4073],[140.1095,36.4071],[140.1093,36.4069],[140.1092,36.4065],[140.1093,36.4061],[140.1093,36.4057],[140.1093,36.4055],[140.1095,36.4052],[140.1097,36.405],[140.1099,36.4047],[140.1102,36.4044],[140.1103,36.4043],[140.1104,36.4041],[140.1104,36.4038],[140.1103,36.4032],[140.1102,36.4029],[140.11,36.4024],[140.1099,36.4022],[140.1099,36.402],[140.1101,36.4018],[140.1101,36.4017],[140.1102,36.4014],[140.1104,36.4011],[140.1105,36.4009],[140.1105,36.4006],[140.1105,36.4004],[140.1105,36.4004],[140.1106,36.4],[140.1106,36.4],[140.1107,36.3998],[140.1108,36.3994],[140.1109,36.3992],[140.111,36.3986],[140.1112,36.3981],[140.1112,36.398],[140.1111,36.398],[140.111,36.398],[140.1108,36.398],[140.1104,36.398],[140.11,36.3981],[140.1096,36.3981],[140.1094,36.3981],[140.1091,36.398],[140.1089,36.3978],[140.1089,36.3978],[140.1087,36.3978],[140.1085,36.3978],[140.1083,36.3978],[140.1083,36.3978],[140.1082,36.3977],[140.1081,36.3977],[140.1076,36.3976],[140.1073,36.3975],[140.1066,36.3974],[140.1062,36.3974],[140.1061,36.3975],[140.1051,36.3974],[140.1042,36.3973],[140.104,36.3973],[140.103,36.3971],[140.1028,36.3972],[140.1025,36.3972],[140.1021,36.3972],[140.1017,36.397],[140.1016,36.397],[140.1015,36.397],[140.1015,36.3971],[140.1012,36.3972],[140.101,36.3973],[140.1009,36.3973],[140.1007,36.3975],[140.1004,36.3976],[140.1001,36.3978],[140.1,36.3979],[140.1,36.3979],[140.0998,36.398],[140.0996,36.3982],[140.0994,36.3983],[140.0993,36.3984],[140.0991,36.3984],[140.099,36.3983],[140.0987,36.3983],[140.0984,36.3981],[140.0981,36.3981],[140.0978,36.3981],[140.0971,36.3982],[140.0965,36.3984],[140.0962,36.3985],[140.0959,36.3986],[140.0956,36.3987],[140.0954,36.3989],[140.0951,36.3991],[140.095,36.3992],[140.0948,36.3995],[140.0947,36.3997],[140.0945,36.3999],[140.0944,36.4],[140.0944,36.4],[140.0944,36.4001],[140.0942,36.4003],[140.094,36.4005],[140.0939,36.4006],[140.0938,36.4007],[140.0936,36.4008],[140.0935,36.4009],[140.0933,36.4009],[140.0931,36.401],[140.093,36.4011],[140.0928,36.4012],[140.0926,36.4014],[140.0924,36.4016],[140.0923,36.4016],[140.0923,36.4016],[140.0922,36.4017],[140.0921,36.4017],[140.092,36.4016],[140.092,36.4014],[140.0917,36.4011],[140.0917,36.4011],[140.0917,36.4011],[140.0917,36.4011],[140.0914,36.4009],[140.0913,36.4008],[140.0912,36.4008],[140.091,36.4007],[140.0906,36.4007],[140.0904,36.4006],[140.0903,36.4006],[140.0903,36.4006],[140.0902,36.4005],[140.0902,36.4005],[140.09,36.4001],[140.09,36.4],[140.09,36.4],[140.09,36.3999],[140.0897,36.3993],[140.0895,36.3988],[140.0893,36.3985],[140.0891,36.3984],[140.0887,36.3983],[140.0882,36.3983],[140.088,36.3983],[140.0878,36.3983],[140.0876,36.3984],[140.0871,36.3987],[140.087,36.3988],[140.0869,36.3989],[140.0869,36.3989],[140.0868,36.3991],[140.0868,36.3993],[140.0867,36.3994],[140.0865,36.3995],[140.0863,36.3995],[140.0859,36.3995],[140.0856,36.3995],[140.0853,36.3997],[140.0851,36.3998],[140.0849,36.4],[140.0849,36.4],[140.0847,36.4002],[140.0845,36.4003],[140.0843,36.4005],[140.0843,36.4006],[140.0841,36.4009],[140.0841,36.401],[140.0839,36.4015],[140.0838,36.402],[140.0837,36.4021],[140.0836,36.4023],[140.0835,36.4026],[140.0833,36.4027],[140.0833,36.4027],[140.0833,36.4028],[140.0831,36.4029],[140.083,36.4029],[140.0828,36.4029],[140.0825,36.4029],[140.0824,36.4029],[140.0821,36.403],[140.0819,36.4031],[140.0819,36.4031],[140.0814,36.4034],[140.0813,36.4035],[140.0812,36.4036],[140.0811,36.4037],[140.0809,36.4036],[140.0807,36.4035],[140.0804,36.4033],[140.08,36.4032],[140.0798,36.4032],[140.0796,36.4033],[140.0793,36.4034],[140.0789,36.4036],[140.0787,36.4037],[140.0785,36.4038],[140.0782,36.4038],[140.0774,36.4041],[140.0773,36.4041],[140.0771,36.4042],[140.0765,36.4042],[140.0755,36.4041],[140.0753,36.4041],[140.075,36.404],[140.075,36.404],[140.0745,36.404],[140.0736,36.4039],[140.0733,36.4038],[140.0727,36.4038],[140.0706,36.4035],[140.0697,36.4034],[140.0682,36.4033],[140.0678,36.4033],[140.0674,36.4034],[140.0671,36.4036],[140.0669,36.4037],[140.0667,36.4038],[140.0667,36.4038],[140.0667,36.4038],[140.0665,36.4038],[140.0664,36.4038],[140.0663,36.4037],[140.0662,36.4036],[140.0661,36.4035],[140.066,36.4032],[140.0659,36.4029],[140.0659,36.4027],[140.0659,36.4025],[140.066,36.402],[140.066,36.4018],[140.066,36.4018],[140.0659,36.4016],[140.0657,36.4015],[140.0654,36.4012],[140.0651,36.4009],[140.065,36.4007],[140.065,36.4005],[140.0651,36.4002],[140.0652,36.4],[140.0652,36.4],[140.0653,36.3998],[140.0654,36.3995],[140.0654,36.3989],[140.0653,36.3982],[140.0652,36.3978],[140.0652,36.3974],[140.0652,36.3969],[140.0653,36.3966],[140.0654,36.3964],[140.0656,36.3961],[140.0656,36.3956],[140.0657,36.3952],[140.0657,36.3951],[140.0659,36.3947],[140.066,36.3945],[140.0663,36.3941],[140.0667,36.3938],[140.0667,36.3938],[140.0668,36.3936],[140.0671,36.3934],[140.0673,36.3931],[140.0675,36.3929],[140.0678,36.3927],[140.0681,36.3923],[140.0683,36.3922],[140.0684,36.392],[140.0685,36.3918],[140.0685,36.3917],[140.0685,36.3917],[140.0685,36.3916],[140.0685,36.3913],[140.0684,36.391],[140.0684,36.3907],[140.0686,36.3899],[140.0687,36.3897],[140.0689,36.3894],[140.0689,36.3894],[140.0691,36.389],[140.0691,36.3889],[140.069,36.3888],[140.0687,36.3885],[140.0684,36.3882],[140.0683,36.388],[140.068,36.3879],[140.0673,36.3877],[140.0673,36.3877],[140.0669,36.3875],[140.0669,36.3873],[140.0667,36.3863],[140.0667,36.3862],[140.0667,36.3862],[140.0666,36.3859],[140.0665,36.3856],[140.0661,36.3853],[140.0654,36.3846],[140.0649,36.3841],[140.0645,36.3836],[140.0643,36.3833],[140.0643,36.3833],[140.0642,36.3832],[140.064,36.3828],[140.064,36.3826],[140.0639,36.3824],[140.0637,36.3822],[140.0636,36.3821],[140.0634,36.3819],[140.0631,36.3818],[140.063,36.3816],[140.0627,36.3814],[140.0624,36.3813],[140.0622,36.3812],[140.062,36.3811],[140.0618,36.381],[140.0615,36.381],[140.0614,36.381],[140.061,36.3809],[140.0609,36.3808],[140.0608,36.3807],[140.0608,36.3806],[140.0607,36.3805],[140.0604,36.3803],[140.0603,36.3802],[140.06,36.3802],[140.0598,36.3802],[140.0596,36.3803],[140.0594,36.3803],[140.0592,36.3802],[140.0589,36.3801],[140.0586,36.38],[140.0583,36.38],[140.0583,36.38],[140.0583,36.38],[140.0579,36.3801],[140.0575,36.38],[140.0572,36.38],[140.057,36.3799],[140.0565,36.3797],[140.0562,36.3795],[140.0558,36.3793],[140.0554,36.3791],[140.0553,36.3788],[140.0552,36.3786],[140.0551,36.3784],[140.0548,36.3783],[140.0547,36.3783],[140.0545,36.3783],[140.0542,36.3784],[140.0542,36.3783],[140.0541,36.3782],[140.0539,36.3781],[140.0537,36.378],[140.0534,36.3779],[140.0532,36.3779],[140.053,36.3779],[140.0528,36.3778],[140.0524,36.3777],[140.0522,36.3777],[140.0519,36.3777],[140.0517,36.3776],[140.0514,36.3775],[140.0514,36.3775],[140.0509,36.3773],[140.0507,36.3772],[140.0506,36.377],[140.0503,36.3768],[140.0501,36.3767],[140.05,36.3765],[140.05,36.3765],[140.0499,36.3763],[140.0497,36.3762],[140.0495,36.3761],[140.0492,36.3761],[140.0488,36.376],[140.0486,36.3759],[140.0484,36.3757],[140.0482,36.3756],[140.0477,36.3755],[140.0473,36.3755],[140.0469,36.3755],[140.0464,36.3755],[140.0462,36.3755],[140.046,36.3754],[140.0458,36.3753],[140.0457,36.3752],[140.0455,36.3751],[140.0452,36.3751],[140.0451,36.3751],[140.0443,36.3751],[140.0439,36.3752],[140.0436,36.3752],[140.0433,36.3752],[140.043,36.3754],[140.0427,36.3755],[140.0424,36.3755],[140.0423,36.3755],[140.0421,36.3755],[140.042,36.3755],[140.0418,36.3754],[140.0417,36.3753],[140.0417,36.3753],[140.0415,36.3752],[140.0412,36.3751],[140.0408,36.3751],[140.0406,36.375],[140.04,36.375],[140.0398,36.375],[140.0397,36.3751],[140.0397,36.3751],[140.0396,36.3753],[140.0395,36.3754],[140.0394,36.3757],[140.0392,36.3759],[140.039,36.3762],[140.0387,36.3763],[140.0384,36.3765],[140.038,36.3767],[140.0379,36.3767],[140.0374,36.3769],[140.037,36.3772],[140.0368,36.3773],[140.0366,36.3774],[140.0363,36.3774],[140.036,36.3775],[140.0357,36.3777],[140.0355,36.3778],[140.0353,36.3779],[140.0352,36.378],[140.0351,36.3782],[140.035,36.3781],[140.0349,36.378],[140.0346,36.3779],[140.0344,36.3778],[140.034,36.3778],[140.0337,36.3777],[140.0333,36.3778],[140.0333,36.3778],[140.0333,36.3778],[140.0329,36.3778],[140.0325,36.3778],[140.0323,36.3777],[140.032,36.3777],[140.0315,36.3777],[140.0312,36.3778],[140.031,36.3778],[140.0309,36.3779],[140.0308,36.3778],[140.0305,36.3775],[140.0304,36.3772],[140.0302,36.3769],[140.03,36.3767],[140.0298,36.3767],[140.0296,36.3767],[140.0292,36.3767],[140.029,36.3768],[140.0286,36.377],[140.0285,36.377],[140.0283,36.3772],[140.0281,36.3772],[140.0278,36.377],[140.0274,36.3769],[140.0271,36.3768],[140.027,36.3767],[140.027,36.3764],[140.027,36.3761],[140.027,36.3758],[140.0269,36.3756],[140.0267,36.3755],[140.0265,36.3754],[140.0262,36.3754],[140.0256,36.3756],[140.0252,36.3758],[140.025,36.3758],[140.025,36.3758],[140.0248,36.3758],[140.0244,36.3758],[140.0239,36.3757],[140.0239,36.3757],[140.0236,36.3757],[140.0233,36.3756],[140.0226,36.3755],[140.0222,36.3756],[140.0222,36.3756],[140.0219,36.3756],[140.0219,36.3759],[140.0218,36.376],[140.0217,36.376],[140.0217,36.3761],[140.0216,36.3763],[140.0215,36.3764],[140.0213,36.3765],[140.0211,36.3764],[140.0209,36.3763],[140.0207,36.3762],[140.0205,36.3759],[140.0201,36.3758],[140.0201,36.3758],[140.0198,36.3757],[140.0191,36.3757],[140.0184,36.3758],[140.0177,36.3757],[140.0173,36.3758],[140.0171,36.3758],[140.0168,36.376],[140.0168,36.376],[140.0167,36.376],[140.0167,36.376],[140.0165,36.376],[140.0165,36.3759],[140.0163,36.3759],[140.0163,36.3759],[140.0163,36.3756],[140.0162,36.3756],[140.016,36.3755],[140.016,36.3758],[140.016,36.3758],[140.0158,36.3758],[140.0157,36.3758],[140.0157,36.3755],[140.0156,36.3753],[140.0156,36.3752],[140.0155,36.375],[140.0155,36.375],[140.0154,36.3747],[140.0152,36.3747],[140.0144,36.3749],[140.0144,36.375],[140.0144,36.375],[140.0146,36.3755],[140.0147,36.3757],[140.0148,36.3762],[140.0149,36.3764],[140.0151,36.3763],[140.0153,36.3763],[140.0156,36.3761],[140.0158,36.376],[140.0162,36.3762],[140.0164,36.3763],[140.0164,36.3764],[140.0166,36.3764],[140.0164,36.3766],[140.0162,36.3767],[140.0161,36.3768],[140.0158,36.3771],[140.0157,36.3772],[140.0156,36.3772],[140.0154,36.3773],[140.0151,36.3774],[140.0147,36.3773],[140.0146,36.3773],[140.0144,36.3772],[140.0138,36.377],[140.0132,36.3767],[140.0128,36.3764],[140.0125,36.3761],[140.0124,36.3759],[140.0123,36.3757],[140.0123,36.3753],[140.0122,36.3751],[140.0122,36.375],[140.0122,36.375],[140.0122,36.3748],[140.0121,36.3742],[140.012,36.3737],[140.012,36.3736],[140.0118,36.3734],[140.0117,36.3733],[140.0115,36.3732],[140.0112,36.373],[140.0111,36.3729],[140.011,36.373],[140.0108,36.3732],[140.0106,36.3733],[140.0102,36.3738],[140.0101,36.3741],[140.01,36.3743],[140.0099,36.3745],[140.0097,36.3746],[140.0096,36.3746],[140.0095,36.3746],[140.0093,36.3745],[140.009,36.3744],[140.0089,36.3743],[140.0089,36.3744],[140.0089,36.3747],[140.009,36.3748],[140.009,36.375],[140.009,36.375],[140.009,36.3751],[140.0086,36.3751],[140.0083,36.3752],[140.0083,36.3752],[140.0082,36.3752],[140.008,36.3752],[140.0076,36.3753],[140.0067,36.3754],[140.0049,36.3757],[140.0033,36.376],[140.0027,36.3761],[140.0015,36.3765],[140.0013,36.3765],[140.0005,36.3766],[140.0004,36.3766],[140.0004,36.3765],[140.0004,36.3765],[140.0004,36.3765],[140.0004,36.3762],[140.0006,36.3759],[140.0006,36.3758],[140.0006,36.3757],[140.0007,36.3753],[140.0007,36.375],[140.0007,36.375],[140.0007,36.3749],[140.0006,36.3744],[140.0006,36.3744],[140.0007,36.3744],[140.0009,36.3743],[140.001,36.3741],[140.0009,36.3738],[140.0009,36.3736],[140.0011,36.3733],[140.0013,36.3731],[140.0018,36.3727],[140.0021,36.3724],[140.0025,36.372],[140.0028,36.3717],[140.003,36.3714],[140.0032,36.3713],[140.0034,36.3711],[140.0036,36.3708],[140.0037,36.3707],[140.0039,36.3706],[140.0039,36.3705],[140.0039,36.3703],[140.0038,36.3702],[140.0036,36.3701],[140.0033,36.3699],[140.0028,36.3697],[140.0027,36.3696],[140.0026,36.3695],[140.0025,36.3691],[140.0025,36.3688],[140.0022,36.368],[140.0021,36.368],[140.002,36.368],[140.0016,36.3681],[140.0011,36.3682],[140.0005,36.3684],[140,36.3685],[140,36.3686],[140,36.3686],[139.9996,36.3687],[139.9982,36.3691],[139.997,36.3695],[139.9967,36.3695],[139.9966,36.3696],[139.9946,36.3696],[139.994,36.3696],[139.9933,36.3697],[139.9927,36.3697],[139.9922,36.3696],[139.9918,36.3696],[139.9917,36.3696],[139.9917,36.3696],[139.9913,36.3695],[139.9909,36.3692],[139.9906,36.3688],[139.9903,36.3684],[139.9902,36.3682],[139.99,36.3676],[139.9899,36.3672],[139.9841,36.3682],[139.9844,36.3693],[139.9833,36.3695],[139.9833,36.3695],[139.983,36.3695],[139.9832,36.3701],[139.9816,36.3702],[139.9799,36.3699],[139.9797,36.3698],[139.9796,36.3698],[139.9795,36.3698],[139.9793,36.3698],[139.9792,36.3698],[139.9791,36.3699],[139.979,36.3701],[139.979,36.3702],[139.9789,36.3705],[139.9787,36.3709],[139.9786,36.3711],[139.9784,36.3721],[139.9783,36.3722],[139.9783,36.3724],[139.9781,36.3725],[139.9772,36.3726],[139.9767,36.3728],[139.9765,36.3728],[139.9761,36.373],[139.9754,36.3737],[139.975,36.374],[139.975,36.374],[139.9748,36.3742],[139.9747,36.3743],[139.9746,36.3745],[139.9745,36.375],[139.9745,36.375],[139.9745,36.375],[139.9745,36.3756],[139.9745,36.3761],[139.9744,36.3767],[139.9742,36.3773],[139.9741,36.3778],[139.974,36.3783],[139.9739,36.3785],[139.9737,36.3785],[139.9737,36.3785],[139.9735,36.3785],[139.9733,36.3784],[139.973,36.3782],[139.9726,36.3779],[139.9722,36.3776],[139.9721,36.3773],[139.9721,36.3769],[139.9722,36.3767],[139.9722,36.3766],[139.9722,36.3764],[139.9723,36.3755],[139.9721,36.375],[139.9721,36.375],[139.9721,36.375],[139.9717,36.3742],[139.9715,36.3739],[139.9715,36.3739],[139.971,36.3736],[139.9703,36.3729],[139.9701,36.3727],[139.9701,36.3725],[139.97,36.3723],[139.97,36.3721],[139.97,36.372],[139.9699,36.3719],[139.9699,36.3719],[139.9699,36.3718],[139.9696,36.3711],[139.9694,36.3709],[139.9692,36.3705],[139.969,36.3704],[139.9685,36.3702],[139.9682,36.37],[139.9681,36.37],[139.9681,36.3699],[139.9677,36.3696],[139.9676,36.3695],[139.9675,36.3694],[139.9673,36.3692],[139.9669,36.369],[139.9667,36.3689],[139.9667,36.3689],[139.9665,36.3689],[139.9663,36.3687],[139.966,36.3684],[139.9659,36.3682],[139.9657,36.3679],[139.9653,36.3675],[139.9652,36.3672],[139.9652,36.367],[139.9653,36.3667],[139.9653,36.3667],[139.9653,36.3667],[139.9655,36.3663],[139.9658,36.366],[139.9659,36.3658],[139.9658,36.3653],[139.9656,36.3648],[139.9655,36.3645],[139.9653,36.3643],[139.9653,36.3642],[139.9655,36.3636],[139.9655,36.3635],[139.9656,36.3632],[139.9658,36.363],[139.9658,36.3628],[139.9656,36.3627],[139.9653,36.3624],[139.9651,36.3621],[139.965,36.3619],[139.9649,36.3618],[139.9648,36.3614],[139.9648,36.3611],[139.9649,36.361],[139.9654,36.3611],[139.9655,36.361],[139.9656,36.3607],[139.9657,36.3604],[139.9657,36.3602],[139.9657,36.36],[139.9656,36.3597],[139.9654,36.3592],[139.9653,36.3591],[139.965,36.359],[139.965,36.3587],[139.9651,36.3585],[139.965,36.3585],[139.9645,36.3585],[139.9645,36.3583],[139.9645,36.3583],[139.9641,36.3564],[139.964,36.3562],[139.9641,36.3561],[139.9648,36.356],[139.9647,36.3551],[139.9646,36.3547],[139.9647,36.3545],[139.9648,36.354],[139.9648,36.3535],[139.9649,36.3523],[139.9648,36.3518],[139.9646,36.3514],[139.9645,36.3509],[139.9615,36.3509],[139.9611,36.351],[139.9608,36.351],[139.9608,36.351],[139.9607,36.351],[139.9599,36.3509],[139.9599,36.3509],[139.9591,36.3509],[139.9583,36.3508],[139.9583,36.3508],[139.9583,36.3508],[139.9583,36.3508],[139.9583,36.3507],[139.9585,36.3501],[139.9583,36.3501],[139.9583,36.3501],[139.9557,36.3501],[139.9547,36.35],[139.9536,36.35],[139.9536,36.35],[139.9524,36.35],[139.9522,36.35],[139.9521,36.3498],[139.9503,36.3497],[139.9503,36.3495],[139.95,36.3495],[139.95,36.3495],[139.9496,36.3494],[139.9488,36.3494],[139.9479,36.3494],[139.9479,36.3492],[139.9472,36.3492],[139.9462,36.3492],[139.9461,36.3487],[139.9452,36.3487],[139.9452,36.348],[139.9438,36.348],[139.9438,36.3469],[139.9433,36.3468],[139.9424,36.3467],[139.9421,36.3467],[139.9419,36.3466],[139.9417,36.3466],[139.9417,36.3466],[139.9411,36.3466],[139.9407,36.3465],[139.9395,36.3463],[139.9386,36.3461],[139.9383,36.346],[139.937,36.3457],[139.9368,36.3457],[139.9364,36.3456],[139.9352,36.3454],[139.9353,36.3441],[139.9351,36.3435],[139.9344,36.3435],[139.9339,36.3436],[139.9333,36.3436],[139.9333,36.3436],[139.9332,36.3436],[139.933,36.3436],[139.932,36.3435],[139.9319,36.3433],[139.9306,36.3434],[139.9294,36.3433],[139.9292,36.3433],[139.9286,36.3432],[139.9278,36.343],[139.9276,36.3425],[139.9274,36.3424],[139.9272,36.3424],[139.9267,36.3423],[139.9253,36.3418],[139.925,36.3418],[139.925,36.3418],[139.925,36.3417],[139.9243,36.3417],[139.9241,36.3417],[139.9241,36.3417],[139.9239,36.3417],[139.9238,36.3417],[139.9237,36.3417],[139.9237,36.3417],[139.9231,36.3416],[139.9229,36.3416],[139.9227,36.3416],[139.9224,36.3415],[139.922,36.3411],[139.9217,36.3408],[139.9211,36.3405],[139.9211,36.3405],[139.9208,36.3403],[139.9197,36.3396],[139.9194,36.3394],[139.9191,36.3391],[139.9189,36.3388],[139.9188,36.3387],[139.9183,36.3382],[139.9174,36.3376],[139.9167,36.3373],[139.9167,36.3373],[139.9164,36.3371],[139.9158,36.3369],[139.9152,36.3369],[139.9149,36.3368],[139.9145,36.3368],[139.9143,36.3367],[139.9142,36.3365],[139.9141,36.3364],[139.9141,36.3363],[139.9139,36.336],[139.913,36.335],[139.9124,36.3341],[139.912,36.3334],[139.912,36.3333],[139.912,36.3333],[139.9119,36.3331],[139.9118,36.3329],[139.9117,36.3326],[139.9116,36.3321],[139.9117,36.3319],[139.9117,36.3315],[139.9117,36.3313],[139.9119,36.3308],[139.912,36.3304],[139.9122,36.3298],[139.9123,36.3293],[139.9124,36.3287],[139.9125,36.3285],[139.9125,36.3284],[139.9125,36.3281],[139.9126,36.3278],[139.9127,36.3276],[139.9127,36.3274],[139.9126,36.3271],[139.9127,36.3267],[139.9127,36.3262],[139.9127,36.3255],[139.9126,36.325],[139.9126,36.325],[139.9126,36.325],[139.9123,36.3231],[139.9118,36.3201],[139.9117,36.3197],[139.9117,36.3194],[139.9116,36.319],[139.9116,36.3189],[139.9116,36.3186],[139.9116,36.3186],[139.9113,36.3167],[139.9113,36.3167],[139.9112,36.3164],[139.9108,36.3135],[139.9108,36.3133],[139.9107,36.3131],[139.9107,36.3128],[139.9106,36.312],[139.9104,36.3109],[139.9104,36.3107],[139.9103,36.3101],[139.9103,36.3098],[139.9105,36.3098],[139.9106,36.3098],[139.9112,36.3098],[139.9119,36.3098],[139.9127,36.3099],[139.9141,36.3099],[139.9147,36.3099],[139.9149,36.3098],[139.915,36.3097],[139.915,36.3095],[139.9151,36.309],[139.915,36.3087],[139.9149,36.3084],[139.9149,36.3083],[139.9149,36.3083],[139.9148,36.308],[139.9148,36.3079],[139.9143,36.307],[139.9137,36.3059],[139.9127,36.3043],[139.9125,36.304],[139.9121,36.3033],[139.9119,36.3029],[139.9114,36.3022],[139.9108,36.3012],[139.9104,36.3009],[139.9103,36.3009],[139.91,36.3008],[139.91,36.3008],[139.9097,36.3007],[139.9091,36.3004],[139.9088,36.3002],[139.9086,36.3001],[139.9084,36.3],[139.9083,36.3],[139.9083,36.3],[139.9083,36.3],[139.9083,36.3],[139.9076,36.2997],[139.9074,36.2996],[139.9069,36.2993],[139.9065,36.2991],[139.9058,36.2987],[139.9057,36.2987],[139.9055,36.2986],[139.9044,36.298],[139.9043,36.2979],[139.9037,36.2986],[139.903,36.2986],[139.9027,36.2986],[139.9019,36.2986],[139.9019,36.2988],[139.9019,36.299],[139.9012,36.299],[139.9007,36.299],[139.9006,36.2991],[139.9005,36.3],[139.9005,36.3],[139.9005,36.3],[139.9005,36.3002],[139.9003,36.3003],[139.9002,36.3004],[139.9002,36.3005],[139.9004,36.3006],[139.9004,36.3006],[139.9004,36.3007],[139.9002,36.3007],[139.9001,36.3007],[139.9,36.3007],[139.9,36.3007],[139.8999,36.3006],[139.8998,36.3007],[139.8998,36.3008],[139.8999,36.3009],[139.9,36.301],[139.8999,36.3012],[139.8999,36.3014],[139.8999,36.3015],[139.8998,36.3014],[139.8994,36.3012],[139.8993,36.301],[139.8993,36.3008],[139.8993,36.3006],[139.899,36.3006],[139.8989,36.3005],[139.8986,36.3004],[139.8985,36.3003],[139.8984,36.3002],[139.8984,36.3002],[139.8982,36.3002],[139.8977,36.3001],[139.8975,36.3001],[139.897,36.3002],[139.8968,36.3003],[139.8967,36.3003],[139.8964,36.3005],[139.8961,36.3006],[139.8957,36.3007],[139.8953,36.3007],[139.8953,36.3008],[139.8953,36.3019],[139.8943,36.3019],[139.8942,36.3026],[139.8942,36.3031],[139.8942,36.304],[139.8943,36.3043],[139.8947,36.3046],[139.895,36.3045],[139.8952,36.3044],[139.8954,36.3043],[139.8958,36.3043],[139.8962,36.3044],[139.8971,36.3049],[139.8973,36.305],[139.8976,36.3052],[139.8977,36.3053],[139.8982,36.3057],[139.8984,36.3059],[139.8985,36.306],[139.8991,36.3063],[139.899,36.3064],[139.8984,36.3072],[139.8978,36.308],[139.8976,36.3083],[139.8976,36.3083],[139.8975,36.3085],[139.8974,36.3087],[139.8972,36.309],[139.8968,36.3096],[139.8966,36.3098],[139.8962,36.3096],[139.8959,36.3094],[139.8957,36.3093],[139.8951,36.309],[139.895,36.3091],[139.8949,36.3092],[139.8947,36.3094],[139.8945,36.3097],[139.8941,36.3096],[139.8936,36.3095],[139.8935,36.3094],[139.8931,36.3093],[139.8925,36.3092],[139.8919,36.3091],[139.8918,36.3091],[139.8917,36.3091],[139.8917,36.3091],[139.8917,36.3091],[139.8914,36.3093],[139.8914,36.3093],[139.891,36.3097],[139.8909,36.3099],[139.8907,36.31],[139.8907,36.31],[139.8907,36.3101],[139.8904,36.3103],[139.8904,36.3103],[139.8903,36.3103],[139.89,36.3105],[139.8897,36.3106],[139.8896,36.3107],[139.8894,36.3107],[139.8894,36.3107],[139.8887,36.3109],[139.8884,36.311],[139.8883,36.311],[139.8882,36.3111],[139.8879,36.3112],[139.8877,36.3113],[139.8875,36.3114],[139.8872,36.3115],[139.8868,36.3115],[139.8865,36.3115],[139.8863,36.3116],[139.886,36.3116],[139.8858,36.3116],[139.8855,36.3118],[139.8854,36.3118],[139.8853,36.3119],[139.8851,36.3119],[139.8847,36.3119],[139.8845,36.3118],[139.8842,36.3117],[139.884,36.3116],[139.884,36.3116],[139.8839,36.3115],[139.8837,36.3113],[139.8835,36.3112],[139.8833,36.3111],[139.8833,36.311],[139.8833,36.311],[139.8831,36.3108],[139.8829,36.3107],[139.8827,36.3107],[139.8826,36.3106],[139.8825,36.3105],[139.8824,36.3105],[139.8824,36.3105],[139.8824,36.3103],[139.8821,36.31],[139.882,36.3099],[139.8818,36.3098],[139.8815,36.3096],[139.8812,36.3096],[139.8809,36.3095],[139.8807,36.3095],[139.8806,36.3095],[139.8804,36.3096],[139.8801,36.3098],[139.8799,36.31],[139.8793,36.3104],[139.8791,36.3105],[139.8791,36.3105],[139.8788,36.3107],[139.8787,36.3108],[139.8786,36.311],[139.8785,36.3112],[139.8785,36.3115],[139.8784,36.3122],[139.8783,36.3128],[139.8784,36.3131],[139.8784,36.3133],[139.8785,36.314],[139.8787,36.3144],[139.8789,36.3148],[139.8793,36.3154],[139.8795,36.3157],[139.8796,36.3157],[139.8799,36.316],[139.88,36.3161],[139.88,36.3162],[139.8801,36.3166],[139.8801,36.3167],[139.8801,36.3167],[139.8801,36.3168],[139.8804,36.3172],[139.8806,36.3174],[139.8806,36.3174],[139.8808,36.3178],[139.881,36.318],[139.8816,36.3186],[139.8817,36.3186],[139.8817,36.3186],[139.8819,36.3188],[139.8821,36.3191],[139.8821,36.3191],[139.8823,36.3193],[139.8824,36.3196],[139.8824,36.3197],[139.8824,36.3198],[139.8825,36.3202],[139.8825,36.3204],[139.8826,36.3206],[139.8826,36.3209],[139.8826,36.3211],[139.8826,36.3212],[139.8824,36.3215],[139.8821,36.3218],[139.8819,36.3221],[139.8817,36.3224],[139.8814,36.3226],[139.8812,36.3227],[139.8811,36.3227],[139.8809,36.3229],[139.8807,36.323],[139.8802,36.323],[139.8797,36.3231],[139.8793,36.3229],[139.8791,36.3228],[139.8789,36.3228],[139.8778,36.3229],[139.8766,36.323],[139.875,36.3231],[139.875,36.3231],[139.8747,36.3232],[139.8747,36.323],[139.8749,36.3223],[139.875,36.3219],[139.875,36.3218],[139.875,36.3218],[139.8752,36.3213],[139.8752,36.321],[139.8753,36.3208],[139.8752,36.3206],[139.875,36.3207],[139.875,36.3207],[139.8749,36.3208],[139.8745,36.3209],[139.8743,36.3207],[139.8737,36.3201],[139.8736,36.3199],[139.8732,36.3194],[139.8721,36.3182],[139.8722,36.3181],[139.8723,36.318],[139.8727,36.3179],[139.8725,36.3177],[139.8723,36.3175],[139.8723,36.3173],[139.8724,36.3172],[139.8724,36.3171],[139.8724,36.3167],[139.8724,36.3167],[139.8724,36.3166],[139.8725,36.316],[139.8725,36.316],[139.8725,36.3154],[139.8725,36.3151],[139.8721,36.315],[139.8717,36.315],[139.8713,36.3151],[139.8709,36.3151],[139.8707,36.3148],[139.8707,36.3144],[139.8705,36.3141],[139.8701,36.3138],[139.8698,36.3138],[139.8697,36.3138],[139.8695,36.3138],[139.8692,36.3139],[139.8685,36.3144],[139.8683,36.3144],[139.8678,36.314],[139.8674,36.3139],[139.8667,36.3145],[139.8667,36.3145],[139.8663,36.3148],[139.8663,36.3148],[139.8652,36.3155],[139.8651,36.3154],[139.865,36.3154],[139.8648,36.3155],[139.8647,36.3156],[139.8642,36.3152],[139.8637,36.3146],[139.8626,36.3131],[139.8592,36.3115],[139.8589,36.3114],[139.8585,36.3111],[139.8583,36.311],[139.8583,36.311],[139.858,36.3107],[139.8575,36.3106],[139.8572,36.3106],[139.8569,36.3107],[139.8569,36.3106],[139.8569,36.3105],[139.8555,36.3107],[139.8548,36.3107],[139.8547,36.3107],[139.854,36.3107],[139.8535,36.3112],[139.8534,36.3113],[139.8532,36.3113],[139.8523,36.3114],[139.8502,36.3118],[139.85,36.3118],[139.85,36.3118],[139.85,36.3118],[139.8494,36.3116],[139.849,36.3115],[139.848,36.3107],[139.848,36.3105],[139.8478,36.3102],[139.8473,36.3099],[139.8472,36.3097],[139.8469,36.3094],[139.8466,36.3092],[139.8466,36.3091],[139.8467,36.309],[139.8466,36.3088],[139.8464,36.3087],[139.8462,36.3085],[139.8461,36.3083],[139.8461,36.3083],[139.8459,36.3082],[139.8456,36.3081],[139.8455,36.3079],[139.8454,36.3072],[139.8453,36.3064],[139.8449,36.3062],[139.8447,36.3061],[139.8447,36.3058],[139.8446,36.3058],[139.8446,36.3058],[139.8444,36.3057],[139.8443,36.3057],[139.8442,36.3057],[139.8441,36.3056],[139.844,36.3056],[139.844,36.3055],[139.844,36.3053],[139.8439,36.3049],[139.8436,36.3047],[139.8432,36.3046],[139.843,36.3044],[139.8429,36.3044],[139.8427,36.3036],[139.8424,36.3034],[139.8425,36.3031],[139.8423,36.3024],[139.8422,36.3022],[139.8419,36.3019],[139.8417,36.3016],[139.8417,36.3015],[139.8417,36.3014],[139.8416,36.3013],[139.841,36.301],[139.8408,36.3007],[139.8404,36.3004],[139.8399,36.3004],[139.8395,36.3002],[139.8395,36.3],[139.8395,36.3],[139.8395,36.3],[139.8391,36.2994],[139.839,36.2993],[139.8388,36.2988],[139.8386,36.2983],[139.8382,36.2974],[139.8382,36.2974],[139.838,36.2971],[139.8376,36.2967],[139.8374,36.2963],[139.837,36.296],[139.837,36.296],[139.8356,36.2941],[139.8354,36.2935],[139.8353,36.2928],[139.8352,36.2918],[139.8352,36.2918],[139.8352,36.2917],[139.8352,36.2917],[139.8353,36.2914],[139.8357,36.29],[139.8362,36.2884],[139.8366,36.2873],[139.8367,36.2871],[139.8372,36.2861],[139.8378,36.2851],[139.838,36.2846],[139.8382,36.2843],[139.8387,36.2834],[139.8387,36.2833],[139.8387,36.2833],[139.8397,36.2816],[139.8407,36.2798],[139.8413,36.2786],[139.8414,36.2783],[139.8417,36.2775],[139.8417,36.2775],[139.8417,36.2773],[139.8417,36.2759],[139.8417,36.2759],[139.8417,36.2759],[139.8416,36.2758],[139.8413,36.2753],[139.8408,36.275],[139.8408,36.275],[139.8398,36.2743],[139.8391,36.2739],[139.8385,36.2735],[139.8378,36.2729],[139.836,36.2714],[139.835,36.2704],[139.8346,36.2698],[139.8339,36.2677],[139.8337,36.2674],[139.8333,36.2669],[139.8333,36.2669],[139.8332,36.2667],[139.8332,36.2667],[139.8331,36.2666],[139.8323,36.2655],[139.832,36.2652],[139.8319,36.2651],[139.8316,36.2646],[139.8311,36.2635],[139.8311,36.2633],[139.8307,36.262],[139.8305,36.2614],[139.8303,36.2606],[139.8299,36.2588],[139.8298,36.2583],[139.8298,36.2583],[139.8298,36.2581],[139.8296,36.2573],[139.8294,36.2563],[139.8291,36.255],[139.8288,36.2532],[139.8287,36.2526],[139.8284,36.2516],[139.828,36.2506],[139.8278,36.25],[139.8278,36.25],[139.8277,36.2496],[139.8274,36.2489],[139.8271,36.2483],[139.827,36.2481],[139.8268,36.2476],[139.8267,36.2473],[139.8265,36.247],[139.8259,36.2464],[139.8252,36.2455],[139.825,36.2452],[139.825,36.2452],[139.8247,36.2449],[139.8245,36.2446],[139.8237,36.2436],[139.8232,36.243],[139.8228,36.2425],[139.8226,36.2422],[139.8223,36.2418],[139.8223,36.2417],[139.8223,36.2417],[139.8221,36.2414],[139.8221,36.2408],[139.822,36.2407],[139.822,36.2405],[139.822,36.2399],[139.8219,36.2399],[139.8219,36.2398],[139.8218,36.2398],[139.8216,36.2397],[139.8214,36.2396],[139.8209,36.2394],[139.8204,36.2393],[139.8193,36.2389],[139.8182,36.2385],[139.8169,36.2381],[139.8167,36.2381],[139.8167,36.2381],[139.816,36.2378],[139.8156,36.2377],[139.8156,36.2377],[139.815,36.2375],[139.8136,36.2371],[139.8133,36.237],[139.8113,36.2363],[139.8098,36.2358],[139.8087,36.2354],[139.8085,36.2353],[139.8083,36.2353],[139.8083,36.2353],[139.8072,36.2349],[139.8056,36.2344],[139.8054,36.2343],[139.8043,36.2339],[139.8038,36.2338],[139.8031,36.2335],[139.8029,36.2334],[139.8026,36.2333],[139.8026,36.2333],[139.802,36.2331],[139.8017,36.233],[139.8015,36.233],[139.8011,36.2328],[139.8002,36.2326],[139.8,36.2325],[139.8,36.2325],[139.7998,36.2325],[139.7996,36.2324],[139.7978,36.2318],[139.7966,36.2314],[139.7964,36.2313],[139.7957,36.2311],[139.7936,36.2304],[139.7926,36.23],[139.7917,36.2297],[139.7917,36.2297],[139.7908,36.2295],[139.7895,36.229],[139.7883,36.2286],[139.7875,36.2284],[139.7864,36.2281],[139.7862,36.228],[139.7857,36.2278],[139.7855,36.2277],[139.7854,36.2275],[139.7854,36.2271],[139.7851,36.2268],[139.785,36.2267],[139.7842,36.2267],[139.7838,36.2266],[139.7836,36.2266],[139.7834,36.2265],[139.7833,36.2265],[139.7833,36.2265],[139.7833,36.2265],[139.7831,36.2265],[139.7828,36.2268],[139.7826,36.2268],[139.7825,36.2268],[139.7821,36.2267],[139.7817,36.2265],[139.7816,36.2265],[139.7814,36.2265],[139.7811,36.2265],[139.7809,36.2265],[139.7798,36.226],[139.7783,36.2252],[139.7779,36.225],[139.7779,36.225],[139.7776,36.2248],[139.7771,36.2247],[139.7765,36.2245],[139.7758,36.2244],[139.7755,36.2243],[139.7753,36.2241],[139.7752,36.2241],[139.775,36.2239],[139.775,36.2239],[139.7749,36.2238],[139.7748,36.2237],[139.7746,36.2236],[139.7743,36.2237],[139.7737,36.2237],[139.7736,36.2237],[139.7733,36.2237],[139.773,36.2236],[139.7725,36.2234],[139.7724,36.2233],[139.7723,36.2232],[139.7722,36.2232],[139.7722,36.2232],[139.7718,36.223],[139.7713,36.2228],[139.7706,36.2225],[139.7701,36.2224],[139.7695,36.2222],[139.768,36.2218],[139.7667,36.2213],[139.7667,36.2213],[139.7665,36.2213],[139.7664,36.2212],[139.7639,36.2204],[139.7626,36.22],[139.762,36.2198],[139.7615,36.2197],[139.7608,36.2195],[139.76,36.2192],[139.7599,36.2191],[139.7595,36.219],[139.7586,36.2185],[139.7584,36.2184],[139.7583,36.2183],[139.7583,36.2183],[139.7582,36.2183],[139.758,36.2182],[139.758,36.2181],[139.7579,36.2181],[139.7575,36.2177],[139.7568,36.217],[139.7568,36.217],[139.7565,36.2167],[139.7565,36.2167],[139.756,36.2161],[139.7553,36.2155],[139.7546,36.215],[139.7544,36.2148],[139.7542,36.2146],[139.7539,36.2145],[139.7536,36.2143],[139.7531,36.2141],[139.7526,36.2137],[139.7523,36.2135],[139.752,36.2133],[139.7516,36.2131],[139.7505,36.2124],[139.75,36.2121],[139.75,36.2121],[139.7496,36.2119],[139.7486,36.2113],[139.7484,36.2112],[139.7483,36.2111],[139.7482,36.2111],[139.748,36.211],[139.7475,36.211],[139.7468,36.2109],[139.7464,36.2106],[139.7464,36.2106],[139.7463,36.2105],[139.7459,36.2103],[139.7454,36.2099],[139.7451,36.2097],[139.7446,36.2094],[139.7438,36.2091],[139.7427,36.2087],[139.7421,36.2085],[139.7418,36.2084],[139.7418,36.2083],[139.7418,36.2083],[139.7417,36.2083],[139.7417,36.2083],[139.7407,36.2076],[139.7402,36.2073],[139.7402,36.2072],[139.7397,36.207],[139.7394,36.2068],[139.7391,36.2067],[139.7389,36.2065],[139.7387,36.2065],[139.7379,36.2061],[139.7371,36.2058],[139.7364,36.2055],[139.7362,36.2055],[139.736,36.2056],[139.7358,36.2056],[139.7349,36.2051],[139.7337,36.2046],[139.7333,36.2044],[139.7333,36.2044],[139.7326,36.2041],[139.7319,36.2038],[139.7312,36.2035],[139.7305,36.2031],[139.7304,36.2031],[139.7301,36.2029],[139.7299,36.2028],[139.7298,36.2027],[139.7295,36.2025],[139.7292,36.2024],[139.729,36.2023],[139.7287,36.2021],[139.7283,36.202],[139.7281,36.2019],[139.7281,36.2019],[139.7275,36.2016],[139.7274,36.2017],[139.7273,36.2018],[139.7272,36.2019],[139.7273,36.202],[139.7273,36.2021],[139.7272,36.2025],[139.7271,36.203],[139.727,36.2033],[139.727,36.2034],[139.7269,36.2036],[139.7269,36.2037],[139.7269,36.2038],[139.7268,36.2041],[139.7269,36.2043],[139.727,36.2044],[139.7273,36.2053],[139.7275,36.2058],[139.7274,36.2059],[139.7263,36.2062],[139.7254,36.2064],[139.725,36.2064],[139.725,36.2064],[139.7246,36.2065],[139.7242,36.2066],[139.7236,36.2067],[139.723,36.2069],[139.722,36.2071],[139.7218,36.2071],[139.7212,36.2073],[139.7205,36.2076],[139.7201,36.2077],[139.72,36.2078],[139.7199,36.208],[139.72,36.208],[139.7202,36.2082],[139.7202,36.2083],[139.7202,36.2083],[139.7202,36.2083],[139.7202,36.2086],[139.72,36.2092],[139.7199,36.2096],[139.7199,36.2097],[139.72,36.2098],[139.72,36.2099],[139.72,36.2099],[139.72,36.2101],[139.7201,36.2102],[139.7201,36.2103],[139.7201,36.2104],[139.7202,36.2108],[139.7201,36.211],[139.7201,36.211],[139.7202,36.2113],[139.7201,36.2113],[139.7193,36.2115],[139.719,36.2115],[139.7188,36.2114],[139.7187,36.2114],[139.7185,36.2114],[139.7182,36.2114],[139.718,36.2114],[139.7178,36.2115],[139.7176,36.2115],[139.7175,36.2115],[139.7173,36.2114],[139.7173,36.2113],[139.7169,36.2112],[139.7167,36.2111],[139.7167,36.2111],[139.7165,36.211],[139.7164,36.2109],[139.7164,36.2109],[139.7163,36.2108],[139.7162,36.2106],[139.7161,36.2102],[139.716,36.2099],[139.716,36.2097],[139.7159,36.2097],[139.7158,36.2097],[139.7156,36.2097],[139.7153,36.2099],[139.7152,36.2099],[139.7148,36.21],[139.7148,36.21],[139.7144,36.2101],[139.7143,36.2101],[139.7142,36.2099],[139.7142,36.2099],[139.7141,36.2098],[139.7138,36.2098],[139.7133,36.2099],[139.713,36.21],[139.7125,36.2101],[139.7123,36.2102],[139.712,36.2102],[139.712,36.2102],[139.7116,36.2103],[139.7113,36.2104],[139.711,36.2104],[139.7109,36.2103],[139.7108,36.2101],[139.7106,36.2099],[139.7105,36.2098],[139.7102,36.2099],[139.7096,36.21],[139.709,36.2102],[139.7085,36.2104],[139.7083,36.2105],[139.7083,36.2105],[139.7081,36.2106],[139.7078,36.2107],[139.7078,36.2107],[139.7075,36.2108],[139.7074,36.2108],[139.7071,36.2107],[139.7071,36.2107],[139.7069,36.2106],[139.7069,36.2104],[139.7068,36.2102],[139.7067,36.21],[139.7066,36.2094],[139.7066,36.2093],[139.7066,36.2092],[139.7065,36.2091],[139.7065,36.209],[139.7066,36.209],[139.7067,36.2089],[139.707,36.2089],[139.7075,36.2088],[139.7079,36.2088],[139.7079,36.2088],[139.7081,36.2087],[139.7082,36.2084],[139.7082,36.2083],[139.7082,36.2083],[139.7082,36.2082],[139.7081,36.2079],[139.7081,36.2077],[139.7082,36.2075],[139.7082,36.2074],[139.7083,36.2073],[139.7083,36.2073],[139.7084,36.2072],[139.7084,36.2071],[139.7084,36.207],[139.7083,36.2068],[139.7083,36.2068],[139.7083,36.2068],[139.7082,36.2065],[139.7081,36.2065],[139.708,36.2063],[139.7079,36.2061],[139.7077,36.2056],[139.7075,36.2053],[139.7072,36.2046],[139.7068,36.2034],[139.7067,36.2026],[139.7066,36.2024],[139.7066,36.2023],[139.7065,36.2021],[139.7065,36.2019],[139.7063,36.2019],[139.706,36.2021],[139.7059,36.2022],[139.7057,36.2024],[139.7051,36.203],[139.705,36.2031],[139.7048,36.2033],[139.7042,36.2035],[139.7029,36.2039],[139.7025,36.204],[139.7022,36.204],[139.7021,36.204],[139.7019,36.2038],[139.7016,36.2035],[139.7014,36.2033],[139.7012,36.2033],[139.7009,36.2033],[139.7007,36.2034],[139.7003,36.2034],[139.7,36.2034],[139.7,36.2034],[139.6999,36.2035],[139.6991,36.2037],[139.6988,36.2039],[139.6986,36.204],[139.6986,36.204],[139.6986,36.2041],[139.6985,36.2043],[139.6985,36.2046],[139.6986,36.2052],[139.6987,36.2058],[139.6987,36.206],[139.6987,36.2064],[139.6986,36.2065],[139.6982,36.2065],[139.698,36.2065],[139.6976,36.2065],[139.6972,36.2061],[139.697,36.2061],[139.6966,36.2059],[139.6963,36.2059],[139.696,36.2059],[139.6955,36.2059],[139.6948,36.2061],[139.6943,36.2063],[139.6936,36.2065],[139.6931,36.2066],[139.6926,36.2065],[139.6925,36.2065],[139.692,36.2064],[139.6917,36.2062],[139.6917,36.2062],[139.6917,36.2062],[139.6915,36.2062],[139.6911,36.2059],[139.6906,36.2054],[139.6906,36.2054],[139.6904,36.205],[139.6902,36.2047],[139.6895,36.2034],[139.689,36.2025],[139.6888,36.2021],[139.6885,36.2013],[139.6883,36.2009],[139.688,36.2001],[139.688,36.2],[139.688,36.2],[139.6879,36.1997],[139.6877,36.2],[139.6877,36.2],[139.6877,36.2],[139.6875,36.2003],[139.6874,36.2006],[139.6874,36.2008],[139.6872,36.201],[139.6872,36.2012],[139.6871,36.2017],[139.687,36.2019],[139.6869,36.2025],[139.6869,36.2026],[139.6868,36.2027],[139.6867,36.203],[139.6866,36.2033],[139.6864,36.2035],[139.6863,36.2036],[139.6858,36.2038],[139.6855,36.2038],[139.6852,36.2038],[139.6849,36.2037],[139.6846,36.2035],[139.6843,36.2034],[139.6841,36.2032],[139.6839,36.203],[139.6837,36.2029],[139.6835,36.2027],[139.6835,36.2026],[139.6834,36.2026],[139.6834,36.2023],[139.6833,36.2023],[139.6833,36.2023],[139.6832,36.202],[139.683,36.2016],[139.6829,36.2015],[139.6826,36.2012],[139.6826,36.2012],[139.6825,36.2011],[139.6823,36.201],[139.682,36.2008],[139.6815,36.2007],[139.6812,36.2006],[139.6809,36.2006],[139.6808,36.2006],[139.6806,36.2005],[139.6803,36.2005],[139.6799,36.2006],[139.6799,36.2006],[139.6791,36.2008],[139.6779,36.2012],[139.6773,36.2015],[139.6769,36.2019],[139.6766,36.2024],[139.6762,36.203],[139.6761,36.2032],[139.676,36.2034],[139.6757,36.2039],[139.6756,36.2042],[139.6754,36.2046],[139.6753,36.2049],[139.6753,36.205],[139.6753,36.205],[139.6752,36.2053],[139.6751,36.2058],[139.6751,36.2066],[139.675,36.2072],[139.675,36.2073],[139.675,36.2075],[139.6749,36.2083],[139.6749,36.2083],[139.6749,36.2083],[139.6747,36.2087],[139.6745,36.2089],[139.6742,36.2091],[139.6737,36.2092],[139.6732,36.2093],[139.6726,36.2093],[139.6722,36.2092],[139.6717,36.209],[139.671,36.2084],[139.6709,36.2083],[139.6709,36.2083],[139.6709,36.2083],[139.6709,36.2083],[139.6707,36.2081],[139.6706,36.2081],[139.6703,36.208],[139.6703,36.2079],[139.6701,36.2078],[139.67,36.2078],[139.6698,36.2076],[139.6698,36.2076],[139.6691,36.2072],[139.6686,36.2069],[139.6678,36.2068],[139.6677,36.2067],[139.6674,36.2067],[139.6672,36.2067],[139.667,36.2067],[139.6669,36.2067],[139.6667,36.2069],[139.6667,36.2069],[139.6666,36.207],[139.6662,36.207],[139.6653,36.2071],[139.6644,36.2071],[139.6642,36.2075],[139.664,36.208],[139.664,36.2083],[139.664,36.2083],[139.664,36.2083],[139.664,36.2087],[139.6641,36.209],[139.6642,36.2093],[139.6643,36.2095],[139.6647,36.2099],[139.665,36.2102],[139.6655,36.2107],[139.6658,36.2109],[139.666,36.211],[139.6662,36.2112],[139.6662,36.2112],[139.6667,36.2115],[139.6667,36.2115],[139.6667,36.2115],[139.667,36.2116],[139.667,36.2116],[139.6673,36.2118],[139.6682,36.212],[139.6688,36.2123],[139.6688,36.2123],[139.6695,36.2126],[139.6698,36.213],[139.6699,36.2131],[139.67,36.2132],[139.6699,36.2137],[139.6699,36.2143],[139.6698,36.2147],[139.6697,36.2149],[139.6696,36.2151],[139.6691,36.2155],[139.6683,36.2158],[139.6677,36.216],[139.6673,36.2164],[139.6671,36.2167],[139.6671,36.2167],[139.6671,36.2167],[139.6671,36.2169],[139.667,36.2171],[139.6671,36.2174],[139.6672,36.2181],[139.6672,36.2183],[139.6671,36.2187],[139.6669,36.219],[139.6667,36.2193],[139.6667,36.2193],[139.6667,36.2193],[139.6664,36.2196],[139.6664,36.2196],[139.666,36.22],[139.6658,36.2202],[139.6657,36.2206],[139.6655,36.2209],[139.6654,36.2214],[139.6655,36.2218],[139.6655,36.2221],[139.6655,36.2229],[139.6654,36.2233],[139.6654,36.2234],[139.6652,36.2235],[139.6651,36.2235],[139.6649,36.2235],[139.6648,36.2234],[139.6635,36.2228],[139.6616,36.2219],[139.6608,36.2214],[139.6602,36.2211],[139.6602,36.2211],[139.66,36.2209],[139.6599,36.2209],[139.6595,36.2208],[139.6592,36.2208],[139.6591,36.2212],[139.659,36.2215],[139.659,36.2217],[139.6591,36.2218],[139.6591,36.2219],[139.6593,36.2221],[139.6595,36.2222],[139.6597,36.2224],[139.6598,36.2224],[139.6601,36.2228],[139.6604,36.223],[139.6606,36.2233],[139.6611,36.2239],[139.6612,36.2241],[139.6613,36.2245],[139.6613,36.2247],[139.6613,36.225],[139.6613,36.225],[139.6613,36.2251],[139.6611,36.2256],[139.661,36.2259],[139.6604,36.2267],[139.6598,36.2275],[139.6598,36.2277],[139.6598,36.2277],[139.6597,36.228],[139.6596,36.2283],[139.6596,36.2285],[139.6604,36.2289],[139.6616,36.2293],[139.6623,36.2295],[139.6627,36.2297],[139.663,36.2302],[139.6631,36.2303],[139.6631,36.2304],[139.6631,36.2304],[139.6631,36.2306],[139.663,36.2306],[139.6628,36.2306],[139.6624,36.2306],[139.6623,36.2306],[139.6618,36.2304],[139.661,36.2303],[139.6603,36.2301],[139.66,36.23],[139.6596,36.2299],[139.6589,36.2299],[139.6589,36.2299],[139.6583,36.2299],[139.6583,36.2299],[139.6581,36.23],[139.658,36.23],[139.6577,36.23],[139.6576,36.2302],[139.6576,36.2303],[139.6577,36.2304],[139.6578,36.2305],[139.6579,36.2305],[139.658,36.2305],[139.6583,36.2307],[139.6583,36.2307],[139.6589,36.2309],[139.6591,36.231],[139.6591,36.231],[139.6592,36.231],[139.6592,36.2312],[139.6593,36.2313],[139.6592,36.2314],[139.6592,36.2314],[139.6591,36.2314],[139.6589,36.2314],[139.6585,36.2314],[139.6583,36.2313],[139.6583,36.2313],[139.6579,36.2312],[139.6577,36.2312],[139.6575,36.2312],[139.6573,36.2311],[139.6569,36.2311],[139.6566,36.231],[139.6563,36.2309],[139.656,36.231],[139.6558,36.231],[139.655,36.2313],[139.6545,36.2315],[139.6541,36.2316],[139.6539,36.2318],[139.6539,36.2318],[139.6538,36.2318],[139.6538,36.232],[139.6538,36.232],[139.6538,36.2321],[139.6538,36.2322],[139.6539,36.2323],[139.6541,36.2325],[139.6544,36.2327],[139.6547,36.233],[139.6548,36.2331],[139.6549,36.2332],[139.6549,36.2333],[139.655,36.2333],[139.655,36.2333],[139.6553,36.2337],[139.6554,36.2339],[139.6554,36.234],[139.6552,36.2341],[139.6551,36.2342],[139.655,36.2342],[139.6549,36.2341],[139.6547,36.234],[139.6546,36.234],[139.6546,36.234],[139.6546,36.2342],[139.6546,36.2343],[139.6546,36.2345],[139.6547,36.2346],[139.6547,36.235],[139.6546,36.2353],[139.6545,36.2355],[139.6545,36.2356],[139.6542,36.236],[139.6535,36.237],[139.6533,36.237],[139.6532,36.2371],[139.6528,36.2371],[139.6525,36.2375],[139.6521,36.2378],[139.6518,36.238],[139.6517,36.2381],[139.6514,36.2381],[139.6514,36.2381],[139.6513,36.2382],[139.6513,36.2384],[139.6512,36.2386],[139.6511,36.2387],[139.6508,36.239],[139.6506,36.2391],[139.6504,36.2391],[139.6503,36.239],[139.6503,36.2389],[139.6502,36.2385],[139.6501,36.2383],[139.65,36.2382],[139.65,36.2382],[139.6499,36.2382],[139.6493,36.238],[139.6493,36.238],[139.6488,36.2379],[139.6485,36.2379],[139.6484,36.2381],[139.6483,36.2382],[139.6482,36.2383],[139.6481,36.2385],[139.6479,36.2388],[139.6478,36.2389],[139.6475,36.239],[139.6472,36.2391],[139.6469,36.2395],[139.6466,36.2397],[139.6466,36.2398],[139.6461,36.2402],[139.6458,36.2404],[139.6455,36.2405],[139.6453,36.2404],[139.6452,36.2404],[139.645,36.2403],[139.6449,36.2403],[139.6449,36.2401],[139.6449,36.2397],[139.645,36.2394],[139.645,36.2393],[139.645,36.2393],[139.6449,36.2389],[139.6448,36.2384],[139.6446,36.238],[139.6443,36.2375],[139.6439,36.2369],[139.6433,36.2365],[139.6426,36.2358],[139.6424,36.2356],[139.6422,36.2354],[139.6421,36.2354],[139.6421,36.2354],[139.642,36.2354],[139.6417,36.2354],[139.6417,36.2354],[139.6417,36.2354],[139.6415,36.2355],[139.6414,36.2356],[139.6414,36.2362],[139.6414,36.2365],[139.6414,36.2368],[139.6415,36.2375],[139.6417,36.2382],[139.6417,36.2382],[139.6418,36.2387],[139.6421,36.2399],[139.6422,36.2399],[139.6423,36.24],[139.6423,36.24],[139.6424,36.2401],[139.6424,36.2401],[139.6424,36.2402],[139.6424,36.2407],[139.6424,36.2411],[139.6424,36.2413],[139.6424,36.2414],[139.6423,36.2416],[139.6423,36.2416],[139.6423,36.2417],[139.6423,36.2417],[139.6421,36.242],[139.6418,36.2423],[139.6417,36.2424],[139.6417,36.2425],[139.6417,36.2425],[139.6413,36.2429],[139.6406,36.2435],[139.6397,36.2444],[139.6394,36.2446],[139.6392,36.2448],[139.6386,36.2453],[139.6382,36.2457],[139.6379,36.2461],[139.6375,36.2467],[139.637,36.2476],[139.6364,36.249],[139.636,36.2499],[139.6359,36.25],[139.6359,36.25],[139.6359,36.2501],[139.6357,36.2507],[139.6356,36.2508],[139.6355,36.2508],[139.6353,36.2509],[139.6353,36.251],[139.6348,36.2518],[139.6347,36.2522],[139.6344,36.2525],[139.6342,36.2528],[139.6339,36.253],[139.6338,36.2532],[139.6336,36.2533],[139.6334,36.2534],[139.6333,36.2534],[139.6333,36.2534],[139.6332,36.2535],[139.6331,36.2535],[139.6329,36.2535],[139.6328,36.2535],[139.6326,36.2534],[139.6325,36.2534],[139.6323,36.2534],[139.6321,36.2534],[139.632,36.2534],[139.6319,36.2534],[139.6317,36.2535],[139.6316,36.2535],[139.6315,36.2535],[139.6315,36.2536],[139.6314,36.2537],[139.6313,36.2537],[139.6312,36.2539],[139.6311,36.2541],[139.631,36.2542],[139.6309,36.2543],[139.6308,36.2545],[139.6308,36.2546],[139.6307,36.2547],[139.6307,36.2548],[139.6307,36.2548],[139.6307,36.2549],[139.6307,36.255],[139.6308,36.2553],[139.6308,36.2555],[139.631,36.256],[139.6311,36.2563],[139.6311,36.2565],[139.6313,36.2567],[139.6314,36.2568],[139.6315,36.257],[139.6318,36.2573],[139.632,36.2575],[139.6322,36.2577],[139.6324,36.2578],[139.6327,36.2582],[139.633,36.2583],[139.633,36.2583],[139.633,36.2584],[139.6333,36.2586],[139.6333,36.2586],[139.6335,36.2588],[139.6337,36.2589],[139.6341,36.2591],[139.6344,36.2593],[139.6346,36.2595],[139.635,36.2598],[139.6355,36.2602],[139.6357,36.2604],[139.636,36.2608],[139.6362,36.2611],[139.6363,36.2613],[139.6364,36.2616],[139.6365,36.2619],[139.6367,36.262],[139.6369,36.2622],[139.6372,36.2624],[139.6374,36.2625],[139.6377,36.2626],[139.6379,36.2627],[139.6385,36.2629],[139.6391,36.2631],[139.6397,36.2633],[139.6408,36.2635],[139.6413,36.2637],[139.6417,36.2638],[139.6417,36.2638],[139.6417,36.2638],[139.6418,36.2639],[139.6419,36.2639],[139.6422,36.2641],[139.6424,36.2642],[139.6424,36.2643],[139.6426,36.2646],[139.6428,36.2649],[139.6428,36.265],[139.6429,36.2654],[139.643,36.2655],[139.643,36.2658],[139.6431,36.2661],[139.643,36.2663],[139.6429,36.2665],[139.6428,36.2667],[139.6428,36.2667],[139.6428,36.2667],[139.6427,36.2668],[139.6425,36.2669],[139.6423,36.267],[139.6421,36.267],[139.642,36.267],[139.6419,36.267],[139.6417,36.267],[139.6417,36.2669],[139.6417,36.2669],[139.6416,36.2669],[139.6413,36.2667],[139.6413,36.2667],[139.641,36.2665],[139.6406,36.2662],[139.6404,36.2661],[139.6401,36.2659],[139.6399,36.2658],[139.6394,36.2655],[139.6392,36.2653],[139.639,36.2651],[139.6387,36.2649],[139.6386,36.2648],[139.6386,36.2648],[139.6383,36.2647],[139.6382,36.2645],[139.638,36.2644],[139.6377,36.2642],[139.6374,36.2641],[139.6372,36.264],[139.6372,36.264],[139.6371,36.264],[139.637,36.264],[139.6369,36.264],[139.6369,36.2641],[139.6369,36.2641],[139.6369,36.2644],[139.6368,36.2648],[139.6367,36.265],[139.6367,36.2651],[139.6365,36.2654],[139.6361,36.266],[139.6361,36.266],[139.6361,36.266],[139.6358,36.2664],[139.6356,36.2667],[139.6356,36.2667],[139.6356,36.2667],[139.6354,36.2671],[139.6352,36.2675],[139.6351,36.2678],[139.6349,36.2682],[139.6347,36.2687],[139.6343,36.2696],[139.634,36.27],[139.6339,36.2702],[139.6338,36.2704],[139.6337,36.2704],[139.6333,36.2707],[139.6333,36.2707],[139.6333,36.2708],[139.6331,36.2709],[139.633,36.271],[139.6327,36.271],[139.6325,36.2712],[139.6322,36.2712],[139.632,36.2713],[139.6319,36.2713],[139.6316,36.2714],[139.6314,36.2714],[139.6309,36.2715],[139.6304,36.2715],[139.6298,36.2716],[139.6293,36.2716],[139.6289,36.2716],[139.6289,36.2716],[139.6287,36.2715],[139.6278,36.2715],[139.6268,36.2714],[139.6266,36.2714],[139.6263,36.2713],[139.626,36.2714],[139.6257,36.2714],[139.6254,36.2714],[139.6251,36.2715],[139.625,36.2715],[139.625,36.2715],[139.625,36.2715],[139.6249,36.2716],[139.6246,36.2717],[139.6243,36.2718],[139.6241,36.2719],[139.6241,36.272],[139.6236,36.2723],[139.6232,36.2726],[139.6227,36.273],[139.6226,36.273],[139.6222,36.2734],[139.6218,36.2737],[139.6216,36.2738],[139.6215,36.2739],[139.6212,36.274],[139.6211,36.2741],[139.6205,36.2743],[139.6198,36.2744],[139.6196,36.2744],[139.6191,36.2744],[139.619,36.2744],[139.618,36.2743],[139.617,36.274],[139.6167,36.2739],[139.6167,36.2739],[139.6159,36.2737],[139.6158,36.2736],[139.6154,36.2732],[139.6149,36.2728],[139.6142,36.272],[139.6139,36.2716],[139.6136,36.2713],[139.6134,36.271],[139.6133,36.2708],[139.613,36.2706],[139.6126,36.2702],[139.6123,36.2698],[139.6122,36.2697],[139.612,36.2695],[139.6116,36.2692],[139.6116,36.2692],[139.6109,36.2688],[139.6101,36.2685],[139.6091,36.2682],[139.6086,36.2681],[139.6083,36.2681],[139.6083,36.2681],[139.6082,36.2681],[139.6075,36.268],[139.6065,36.2681],[139.6064,36.2681],[139.6056,36.2681],[139.6044,36.2682],[139.6038,36.2682],[139.6021,36.2683],[139.6017,36.2684],[139.6015,36.2684],[139.6012,36.2684],[139.6003,36.2684],[139.6,36.2684],[139.6,36.2684],[139.5992,36.2684],[139.5986,36.2684],[139.5986,36.2684],[139.598,36.2684],[139.5963,36.2684],[139.5929,36.2686],[139.5923,36.2687],[139.5923,36.2687],[139.5917,36.2687],[139.5917,36.2687],[139.5917,36.2687],[139.5913,36.2687],[139.5907,36.2687],[139.5902,36.2687],[139.59,36.2687],[139.5898,36.2686],[139.5898,36.2686],[139.5892,36.2685],[139.5881,36.2687],[139.5879,36.2687],[139.5879,36.2687],[139.5874,36.2688],[139.5873,36.2688],[139.5864,36.2691],[139.5863,36.2691],[139.5862,36.2691],[139.5855,36.2691],[139.5846,36.2692],[139.5839,36.2692],[139.5836,36.2691],[139.5833,36.269],[139.5833,36.269],[139.5832,36.269],[139.5826,36.2688],[139.5823,36.2686],[139.5821,36.2686],[139.581,36.2681],[139.5809,36.2681],[139.5804,36.2678],[139.5799,36.2677],[139.5792,36.2674],[139.5781,36.267],[139.5776,36.2669],[139.5768,36.2668],[139.5758,36.2667],[139.5753,36.2668],[139.575,36.2668],[139.575,36.2668],[139.5749,36.2668],[139.574,36.2668],[139.5735,36.2669],[139.5724,36.267],[139.572,36.2672],[139.5715,36.2676],[139.5713,36.2677],[139.571,36.268],[139.5704,36.2681],[139.5688,36.2678],[139.568,36.2677],[139.5667,36.2675],[139.5667,36.2674],[139.5667,36.2674],[139.5651,36.2671],[139.5651,36.2671],[139.5641,36.2669],[139.5634,36.2669],[139.5623,36.2669],[139.5613,36.2671],[139.5611,36.2672],[139.5607,36.2674],[139.5605,36.2675],[139.56,36.2679],[139.5595,36.2684],[139.5587,36.2692],[139.5583,36.2695],[139.5583,36.2695],[139.5577,36.2701],[139.5564,36.2713],[139.5559,36.2717],[139.5557,36.2719],[139.5545,36.273],[139.5536,36.2738],[139.5535,36.2739],[139.5537,36.2741],[139.5539,36.2744],[139.554,36.2745],[139.5541,36.2746],[139.5545,36.275],[139.5545,36.275],[139.5545,36.275],[139.5545,36.2751],[139.5546,36.2751],[139.5546,36.2752],[139.555,36.2756],[139.5553,36.2759],[139.5553,36.2759],[139.5555,36.2761],[139.5556,36.2762],[139.5558,36.2765],[139.5559,36.2766],[139.5559,36.2767],[139.5558,36.2769],[139.5557,36.2771],[139.5557,36.2772],[139.5555,36.2775],[139.5555,36.2777],[139.5554,36.2778],[139.5552,36.278],[139.5542,36.2787],[139.5538,36.279],[139.5533,36.2795],[139.5526,36.2797],[139.5518,36.2795],[139.5514,36.2792],[139.5512,36.2786],[139.5509,36.2784],[139.5503,36.2783],[139.5501,36.2783],[139.55,36.2784],[139.55,36.2784],[139.5498,36.2786],[139.5497,36.2791],[139.5495,36.2795],[139.5495,36.2797],[139.5493,36.2801],[139.5492,36.2804],[139.5489,36.2806],[139.5487,36.2807],[139.5486,36.2807],[139.5486,36.2808],[139.5486,36.2807],[139.5485,36.2807],[139.5484,36.2805],[139.5481,36.2799],[139.548,36.2796],[139.5477,36.279],[139.5476,36.279],[139.5476,36.2789],[139.5473,36.2787],[139.5473,36.2787],[139.5471,36.2785],[139.5469,36.2782],[139.5466,36.278],[139.5465,36.2779],[139.5465,36.2779],[139.5452,36.2768],[139.5449,36.2765],[139.5449,36.2765],[139.5448,36.2764],[139.5447,36.2764],[139.5446,36.2763],[139.5445,36.2762],[139.5444,36.2762],[139.5443,36.2762],[139.5442,36.2761],[139.5442,36.276],[139.544,36.2758],[139.5431,36.276],[139.543,36.276],[139.5417,36.2764],[139.5417,36.2764],[139.5407,36.2767],[139.5398,36.2771],[139.5398,36.2771],[139.5402,36.2776],[139.5403,36.2777],[139.5403,36.2779],[139.5403,36.2779],[139.5403,36.278],[139.5403,36.2781],[139.5403,36.2781],[139.5403,36.2782],[139.5399,36.2785],[139.5401,36.2792],[139.5403,36.28],[139.5403,36.28],[139.5401,36.2803],[139.5392,36.2808],[139.5383,36.2812],[139.5382,36.2812],[139.5372,36.2814],[139.5371,36.2815],[139.5366,36.2818],[139.5365,36.2817],[139.5364,36.2817],[139.5363,36.2815],[139.5359,36.2812],[139.5355,36.2806],[139.5353,36.2804],[139.5353,36.2804],[139.5352,36.2803],[139.5352,36.2801],[139.5352,36.2799],[139.5352,36.2798],[139.5352,36.2797],[139.5354,36.2791],[139.5352,36.2791],[139.535,36.279],[139.5346,36.279],[139.5343,36.2791],[139.5339,36.2795],[139.5336,36.2796],[139.5333,36.2797],[139.5333,36.2797],[139.5333,36.2797],[139.5327,36.2798],[139.5324,36.2799],[139.5317,36.2804],[139.5317,36.2805],[139.5315,36.2809],[139.5315,36.2809],[139.5315,36.2809],[139.531,36.2812],[139.5308,36.2813],[139.5301,36.2819],[139.5298,36.282],[139.5291,36.2824],[139.5286,36.2828],[139.5285,36.2829],[139.5282,36.2833],[139.5282,36.2833],[139.528,36.2835],[139.5279,36.2837],[139.5277,36.2839],[139.5272,36.2842],[139.5268,36.2845],[139.526,36.2847],[139.5256,36.2847],[139.5252,36.2845],[139.525,36.2845],[139.525,36.2845],[139.5245,36.2842],[139.5242,36.284],[139.5239,36.2837],[139.5237,36.2836],[139.5234,36.2835],[139.5234,36.2835],[139.5229,36.2835],[139.5228,36.2835],[139.5227,36.2835],[139.5227,36.2833],[139.5227,36.2833],[139.5226,36.2833],[139.5226,36.2833],[139.5225,36.2831],[139.5222,36.2826],[139.5218,36.282],[139.5216,36.2817],[139.5211,36.2813],[139.5205,36.2809],[139.5203,36.2808],[139.5203,36.2808],[139.5201,36.2808],[139.5199,36.2807],[139.5197,36.2807],[139.5192,36.2807],[139.5178,36.281],[139.5175,36.2811],[139.5167,36.2813],[139.5167,36.2813],[139.5167,36.2813],[139.5162,36.2813],[139.5159,36.2813],[139.5157,36.2813],[139.5156,36.2813],[139.5154,36.2812],[139.5151,36.2811],[139.515,36.2811],[139.5147,36.2808],[139.5146,36.2808],[139.5146,36.2807],[139.5145,36.2807],[139.5144,36.2804],[139.5144,36.2804],[139.5144,36.2803],[139.5143,36.2799],[139.5142,36.2795],[139.5139,36.2792],[139.5135,36.2786],[139.5131,36.2785],[139.5131,36.2784],[139.5128,36.2783],[139.5126,36.2782],[139.5126,36.2782],[139.5121,36.2782],[139.512,36.2782],[139.5119,36.2782],[139.5119,36.2782],[139.5117,36.2782],[139.5117,36.2782],[139.5113,36.2783],[139.5107,36.2783],[139.5097,36.2785],[139.509,36.2787],[139.5083,36.2791],[139.5083,36.2791],[139.5083,36.2792],[139.5079,36.2795],[139.5075,36.2797],[139.5071,36.2799],[139.5062,36.2805],[139.5052,36.2809],[139.505,36.2809],[139.5048,36.281],[139.5044,36.281],[139.5039,36.2811],[139.5037,36.2811],[139.5032,36.2811],[139.5031,36.281],[139.5031,36.2809],[139.503,36.2809],[139.5028,36.2807],[139.5026,36.2805],[139.5022,36.2799],[139.5022,36.2798],[139.5021,36.2797],[139.502,36.2793],[139.5019,36.2792],[139.5019,36.2791],[139.5018,36.2791],[139.5018,36.279],[139.5017,36.2783],[139.5012,36.2771],[139.5011,36.2768],[139.5009,36.2766],[139.5008,36.2764],[139.5007,36.2763],[139.5006,36.2763],[139.5006,36.2763],[139.5001,36.2761],[139.5001,36.2761],[139.5,36.2761],[139.5,36.2761],[139.4999,36.276],[139.4999,36.276],[139.4995,36.2759],[139.4987,36.2758],[139.4977,36.2757],[139.4974,36.2757],[139.4968,36.2755],[139.4965,36.2755],[139.4965,36.2754],[139.4958,36.2752],[139.4956,36.2751],[139.4954,36.275],[139.4954,36.275],[139.4953,36.2749],[139.4951,36.2747],[139.4948,36.2745],[139.4946,36.2744],[139.4943,36.2743],[139.4937,36.274],[139.4934,36.2739],[139.4931,36.2738],[139.4929,36.2738],[139.4924,36.2738],[139.492,36.2738],[139.4917,36.2739],[139.4917,36.2739],[139.4917,36.2739],[139.4915,36.274],[139.4913,36.2741],[139.4912,36.2743],[139.4912,36.2744],[139.4912,36.2746],[139.4912,36.2748],[139.4912,36.2748],[139.4911,36.275],[139.4911,36.275],[139.4911,36.2751],[139.4909,36.2753],[139.4909,36.2754],[139.4908,36.2755],[139.4906,36.2756],[139.4906,36.2756],[139.4904,36.2758],[139.4903,36.2758],[139.4902,36.2759],[139.49,36.2759],[139.4897,36.276],[139.4895,36.276],[139.4893,36.276],[139.489,36.2761],[139.4889,36.2761],[139.4888,36.2761],[139.4887,36.2761],[139.4886,36.276],[139.4882,36.276],[139.488,36.276],[139.4878,36.2759],[139.4877,36.2759],[139.4877,36.2759],[139.4875,36.2758],[139.4872,36.2757],[139.4871,36.2756],[139.487,36.2755],[139.4866,36.2753],[139.4864,36.2753],[139.4862,36.2753],[139.4862,36.2753],[139.4857,36.2752],[139.4857,36.2752],[139.4856,36.2752],[139.4853,36.2751],[139.4852,36.275],[139.4852,36.275],[139.4852,36.275],[139.485,36.2748],[139.4847,36.2746],[139.4846,36.2745],[139.4844,36.2743],[139.484,36.2741],[139.4837,36.2739],[139.4836,36.2737],[139.4837,36.2736],[139.4837,36.2735],[139.4837,36.2733],[139.4836,36.2732],[139.4834,36.2731],[139.4833,36.2731],[139.4833,36.2731],[139.4832,36.273],[139.483,36.2729],[139.4828,36.2728],[139.4828,36.2727],[139.4829,36.2725],[139.4828,36.2724],[139.4828,36.2723],[139.4828,36.2723],[139.4827,36.2721],[139.4825,36.272],[139.4824,36.272],[139.4824,36.272],[139.4822,36.272],[139.4821,36.272],[139.4818,36.272],[139.4816,36.2719],[139.4816,36.2719],[139.4816,36.2719],[139.4816,36.2718],[139.4815,36.2717],[139.4815,36.2717],[139.4815,36.2716],[139.4815,36.2716],[139.4814,36.2715],[139.4812,36.2714],[139.481,36.2713],[139.4809,36.2713],[139.4808,36.2713],[139.4807,36.2714],[139.4806,36.2715],[139.4806,36.2715],[139.4805,36.2716],[139.4805,36.2716],[139.4805,36.2717],[139.4802,36.2718],[139.4801,36.2719],[139.48,36.272],[139.4798,36.2721],[139.4796,36.2722],[139.4794,36.2722],[139.4792,36.2722],[139.479,36.2723],[139.4786,36.2722],[139.4785,36.2722],[139.4782,36.2723],[139.4775,36.2724],[139.4772,36.2724],[139.477,36.2725],[139.4767,36.2726],[139.4764,36.2728],[139.4763,36.2729],[139.4759,36.2731],[139.4759,36.2731],[139.4757,36.2732],[139.4757,36.2732],[139.4756,36.2733],[139.4754,36.2734],[139.4753,36.2736],[139.4753,36.2738],[139.4754,36.2744],[139.4754,36.2745],[139.4755,36.2748],[139.4756,36.275],[139.4756,36.275],[139.4757,36.2752],[139.4757,36.2754],[139.4757,36.2755],[139.4756,36.2756],[139.4754,36.2758],[139.4751,36.2759],[139.475,36.276],[139.475,36.276],[139.475,36.276],[139.4747,36.2761],[139.4745,36.2762],[139.4742,36.2763],[139.4741,36.2763],[139.4739,36.2764],[139.4738,36.2763],[139.4735,36.2763],[139.473,36.2761],[139.4727,36.276],[139.4723,36.2759],[139.472,36.2759],[139.4718,36.2759],[139.4716,36.2758],[139.4715,36.2757],[139.4714,36.2756],[139.4714,36.2754],[139.4715,36.2752],[139.4715,36.275],[139.4715,36.275],[139.4715,36.275],[139.4715,36.2747],[139.4715,36.2744],[139.4716,36.2741],[139.4717,36.2739],[139.4718,36.2738],[139.4719,36.2736],[139.4719,36.2735],[139.4719,36.2734],[139.4719,36.2734],[139.4719,36.2733],[139.4721,36.2731],[139.4723,36.273],[139.4725,36.2728],[139.4726,36.2726],[139.4726,36.2725],[139.4726,36.2723],[139.4726,36.2719],[139.4726,36.2718],[139.4727,36.2716],[139.4726,36.2714],[139.4725,36.2712],[139.4723,36.2709],[139.4721,36.2708],[139.4719,36.2707],[139.4718,36.2706],[139.4714,36.2706],[139.4711,36.2707],[139.4708,36.2707],[139.4706,36.2708],[139.4704,36.2708],[139.4701,36.2708],[139.4699,36.2708],[139.4697,36.2708],[139.4695,36.2707],[139.4693,36.2706],[139.4691,36.2706],[139.469,36.2707],[139.4688,36.2708],[139.4684,36.2709],[139.4682,36.271],[139.468,36.2711],[139.4678,36.2713],[139.4672,36.2715],[139.4667,36.2716],[139.4667,36.2716],[139.4667,36.2716],[139.4665,36.2716],[139.4662,36.2715],[139.4661,36.2715],[139.4657,36.2714],[139.4654,36.2714],[139.4652,36.2714],[139.4644,36.2714],[139.4642,36.2715],[139.4639,36.2715],[139.4636,36.2717],[139.4633,36.2719],[139.4632,36.2719],[139.4631,36.2719],[139.4628,36.2721],[139.4627,36.2721],[139.4626,36.2722],[139.4625,36.2724],[139.4623,36.2725],[139.4624,36.2726],[139.4624,36.2726],[139.4624,36.2727],[139.4625,36.2729],[139.4625,36.2729],[139.4625,36.2729],[139.4626,36.2731],[139.4626,36.2732],[139.4625,36.2733],[139.4623,36.2734],[139.462,36.2734],[139.4618,36.2735],[139.4617,36.2735],[139.4616,36.2737],[139.4615,36.2738],[139.4614,36.274],[139.4612,36.2741],[139.461,36.2742],[139.4608,36.2742],[139.4607,36.2742],[139.4606,36.2742],[139.4605,36.2742],[139.4604,36.2743],[139.4602,36.2744],[139.46,36.2745],[139.4599,36.2746],[139.4599,36.2748],[139.4598,36.275],[139.4598,36.275],[139.4598,36.2751],[139.4598,36.2751],[139.4597,36.2753],[139.4596,36.2754],[139.4594,36.2757],[139.4591,36.2759],[139.4589,36.2761],[139.4587,36.2762],[139.4586,36.2762],[139.4585,36.2763],[139.4585,36.2764],[139.4585,36.2766],[139.4585,36.2766],[139.4584,36.2767],[139.4585,36.2768],[139.4586,36.277],[139.4588,36.2771],[139.459,36.2772],[139.4594,36.2773],[139.4595,36.2774],[139.4596,36.2774],[139.4596,36.2775],[139.4599,36.2776],[139.4599,36.2776],[139.4601,36.2777],[139.4607,36.2778],[139.4608,36.2779],[139.461,36.278],[139.4611,36.2781],[139.4611,36.2781],[139.4612,36.2783],[139.4613,36.2785],[139.4615,36.2787],[139.4616,36.2788],[139.462,36.279],[139.4626,36.2792],[139.4627,36.2793],[139.463,36.2794],[139.4631,36.2794],[139.4634,36.2794],[139.4636,36.2793],[139.4639,36.2792],[139.4641,36.2791],[139.4644,36.279],[139.4646,36.279],[139.4648,36.2791],[139.4649,36.2791],[139.4651,36.2791],[139.4654,36.2792],[139.4656,36.2793],[139.4661,36.2792],[139.4663,36.2791],[139.4667,36.2791],[139.4667,36.2791],[139.4667,36.2791],[139.4667,36.2791],[139.4671,36.2791],[139.4675,36.2791],[139.4679,36.2792],[139.4682,36.2792],[139.4682,36.2792],[139.4685,36.2792],[139.4684,36.2793],[139.468,36.2794],[139.4677,36.2796],[139.4676,36.2797],[139.4673,36.2799],[139.4673,36.28],[139.4673,36.2801],[139.4674,36.2803],[139.4675,36.2804],[139.4675,36.2805],[139.4673,36.2806],[139.4673,36.2807],[139.4672,36.2807],[139.467,36.2809],[139.4669,36.2811],[139.4668,36.2811],[139.4668,36.2811],[139.4668,36.2812],[139.4667,36.2813],[139.4667,36.2813],[139.4666,36.2813],[139.4662,36.2815],[139.4661,36.2816],[139.4656,36.2817],[139.4654,36.2818],[139.4647,36.2823],[139.4646,36.2824],[139.4644,36.2825],[139.4642,36.2826],[139.464,36.2827],[139.4638,36.2828],[139.4637,36.2829],[139.4635,36.283],[139.4635,36.2831],[139.4634,36.2833],[139.4633,36.2833],[139.4633,36.2833],[139.4631,36.2835],[139.463,36.2836],[139.4629,36.2836],[139.4629,36.2836],[139.4629,36.2837],[139.4627,36.2839],[139.4625,36.284],[139.4625,36.2841],[139.4624,36.2843],[139.4624,36.2843],[139.4625,36.2843],[139.4625,36.2843],[139.4626,36.2844],[139.4623,36.2845],[139.4622,36.2846],[139.4619,36.2847],[139.4618,36.2848],[139.4615,36.2848],[139.4613,36.2849],[139.4611,36.2849],[139.461,36.285],[139.4608,36.2851],[139.4607,36.2853],[139.4607,36.2855],[139.4606,36.2857],[139.4605,36.2858],[139.4605,36.2861],[139.4605,36.2863],[139.4606,36.2865],[139.4606,36.2866],[139.4607,36.2867],[139.4608,36.2868],[139.4609,36.287],[139.4609,36.2871],[139.4609,36.2872],[139.4607,36.2873],[139.4607,36.2873],[139.4606,36.2873],[139.4604,36.2874],[139.4599,36.2879],[139.4597,36.288],[139.4595,36.2881],[139.4592,36.2884],[139.4591,36.2884],[139.4589,36.2885],[139.4587,36.2887],[139.4585,36.2887],[139.4583,36.2887],[139.4583,36.2887],[139.4583,36.2887],[139.4581,36.2888],[139.4578,36.2888],[139.4576,36.2889],[139.4573,36.2891],[139.4571,36.2892],[139.4566,36.2891],[139.456,36.2891],[139.4555,36.2891],[139.4553,36.2891],[139.4549,36.2891],[139.4546,36.2891],[139.4545,36.2891],[139.4544,36.289],[139.4544,36.289],[139.4545,36.2888],[139.4547,36.2886],[139.4547,36.2886],[139.4545,36.2886],[139.4542,36.2886],[139.4536,36.2885],[139.4534,36.2885],[139.4532,36.2885],[139.4531,36.2885],[139.4524,36.2885],[139.452,36.2885],[139.4517,36.2885],[139.4515,36.2885],[139.4505,36.2885],[139.4503,36.2884],[139.45,36.2884],[139.45,36.2884],[139.4492,36.2884],[139.4486,36.2884],[139.4485,36.2884],[139.4484,36.2884],[139.4477,36.2884],[139.4471,36.2884],[139.4463,36.2884],[139.4453,36.2883],[139.4451,36.2884],[139.4448,36.2884],[139.4444,36.2884],[139.4436,36.2884],[139.4436,36.2885],[139.4436,36.2886],[139.4436,36.2887],[139.4436,36.2889],[139.4436,36.2893],[139.4436,36.2899],[139.4436,36.2901],[139.4436,36.2903],[139.4436,36.2912],[139.4436,36.2917],[139.4436,36.2917],[139.4436,36.2921],[139.4436,36.2923],[139.4436,36.2925],[139.4436,36.2933],[139.4435,36.2937],[139.4434,36.2938],[139.4433,36.294],[139.4429,36.2942],[139.4427,36.2944],[139.4425,36.2946],[139.4423,36.2947],[139.4422,36.2948],[139.4418,36.2949],[139.4417,36.2949],[139.4417,36.2949],[139.4415,36.295],[139.4414,36.295],[139.4412,36.2951],[139.4409,36.2952],[139.4405,36.2954],[139.4403,36.2956],[139.4401,36.2957],[139.44,36.2959],[139.4399,36.296],[139.4398,36.296],[139.4395,36.2963],[139.4394,36.2964],[139.4392,36.2965],[139.4392,36.2966],[139.439,36.2967],[139.4388,36.2967],[139.4384,36.2968],[139.4382,36.2969],[139.4379,36.2969],[139.4377,36.2969],[139.4373,36.297],[139.4371,36.297],[139.437,36.2967],[139.4368,36.2965],[139.4367,36.2964],[139.4365,36.2962],[139.4365,36.296],[139.4365,36.2957],[139.4363,36.2954],[139.4362,36.2952],[139.436,36.2951],[139.4359,36.2949],[139.4359,36.2945],[139.4359,36.2944],[139.4359,36.2942],[139.436,36.2939],[139.436,36.2937],[139.4361,36.2935],[139.4361,36.2933],[139.436,36.2929],[139.4359,36.2922],[139.4358,36.2921],[139.4357,36.2921],[139.4357,36.292],[139.4355,36.292],[139.4353,36.292],[139.4352,36.2921],[139.4351,36.2923],[139.435,36.2925],[139.435,36.2926],[139.4348,36.2929],[139.4348,36.293],[139.4347,36.2931],[139.4345,36.2932],[139.4344,36.2932],[139.4342,36.2934],[139.434,36.2936],[139.4337,36.2937],[139.4335,36.2938],[139.4334,36.2938],[139.4333,36.2938],[139.4333,36.2939],[139.433,36.2941],[139.4328,36.2943],[139.4326,36.2944],[139.432,36.2948],[139.4318,36.2949],[139.4316,36.2951],[139.4309,36.2954],[139.4307,36.2955],[139.4305,36.2956],[139.4304,36.2957],[139.4306,36.2961],[139.4307,36.2964],[139.4307,36.2964],[139.4307,36.2967],[139.4309,36.2973],[139.431,36.2976],[139.431,36.2977],[139.431,36.298],[139.4311,36.2986],[139.4311,36.2989],[139.4311,36.2991],[139.4312,36.2997],[139.4312,36.3],[139.4312,36.3],[139.4312,36.3],[139.4312,36.3001],[139.4312,36.3002],[139.4313,36.3004],[139.4314,36.3008],[139.4315,36.301],[139.4314,36.3012],[139.4308,36.3016],[139.4306,36.3017],[139.4297,36.3021],[139.4293,36.3023],[139.4291,36.3024],[139.4285,36.3028],[139.4282,36.3029],[139.428,36.3031],[139.4277,36.3033],[139.427,36.3036],[139.4268,36.3036],[139.4268,36.3038],[139.4268,36.3038],[139.4267,36.304],[139.427,36.3045],[139.4271,36.3045],[139.4271,36.3047],[139.4271,36.3049],[139.4271,36.305],[139.4272,36.3051],[139.4275,36.3054],[139.4277,36.3054],[139.4277,36.3054],[139.428,36.3055],[139.4285,36.3056],[139.4288,36.3056],[139.429,36.3057],[139.4292,36.3058],[139.4293,36.306],[139.4292,36.3061],[139.4292,36.3062],[139.4285,36.3065],[139.4282,36.3066],[139.4274,36.3069],[139.4272,36.3069],[139.427,36.307],[139.4268,36.3071],[139.4266,36.3073],[139.4264,36.3075],[139.4264,36.3076],[139.4263,36.3077],[139.4261,36.3079],[139.4259,36.3079],[139.4256,36.3079],[139.4254,36.3078],[139.425,36.3078],[139.425,36.3078],[139.424,36.3078],[139.4237,36.3078],[139.4235,36.3078],[139.4232,36.3079],[139.4231,36.308],[139.423,36.3082],[139.423,36.3083],[139.423,36.3083],[139.423,36.3084],[139.4229,36.3087],[139.4229,36.3087],[139.4228,36.3088],[139.4224,36.3089],[139.4222,36.309],[139.4219,36.3091],[139.4217,36.3092],[139.4215,36.3094],[139.4214,36.3095],[139.4214,36.3096],[139.4212,36.3098],[139.4211,36.31],[139.4209,36.3104],[139.4208,36.3104],[139.4207,36.3105],[139.4206,36.3108],[139.4205,36.311],[139.4204,36.3112],[139.4204,36.3114],[139.4204,36.3116],[139.4203,36.3118],[139.4202,36.3119],[139.4201,36.3121],[139.4199,36.3123],[139.4199,36.3123],[139.4198,36.3125],[139.4198,36.3125],[139.4198,36.3125],[139.4196,36.3127],[139.4196,36.3127],[139.4194,36.3128],[139.4188,36.3129],[139.4189,36.3132],[139.419,36.3133],[139.4191,36.3135],[139.4189,36.3136],[139.4188,36.3136],[139.4186,36.3136],[139.4185,36.3133],[139.4183,36.3131],[139.4181,36.3129],[139.418,36.3129],[139.4177,36.3128],[139.4176,36.3128],[139.4175,36.3129],[139.4174,36.3129],[139.4173,36.313],[139.4171,36.3131],[139.417,36.3133],[139.4167,36.3137],[139.4168,36.3139],[139.4171,36.3141],[139.417,36.3143],[139.4167,36.3147],[139.4167,36.3147],[139.4164,36.315],[139.4163,36.3152],[139.4159,36.3157],[139.4158,36.3157],[139.4157,36.3159],[139.4158,36.3159],[139.4159,36.316],[139.4165,36.3164],[139.4167,36.3165],[139.4167,36.3165],[139.4167,36.3165],[139.4168,36.3165],[139.4169,36.3166],[139.4171,36.3167],[139.4171,36.3167],[139.4175,36.3169],[139.4171,36.3173],[139.4167,36.3175],[139.4167,36.3175],[139.4161,36.3177],[139.4159,36.3177],[139.4157,36.3178],[139.4155,36.3179],[139.4154,36.318],[139.4154,36.3181],[139.4154,36.3183],[139.4155,36.3185],[139.4156,36.3188],[139.4155,36.319],[139.4155,36.3191],[139.4155,36.3191],[139.4156,36.3196],[139.4157,36.3197],[139.4158,36.3198],[139.4161,36.3201],[139.4162,36.3201],[139.4162,36.3201],[139.4162,36.3201],[139.4163,36.3202],[139.4165,36.3202],[139.4166,36.3203],[139.4167,36.3203],[139.4167,36.3203],[139.4168,36.3204],[139.4168,36.3204],[139.4169,36.3204],[139.4172,36.3206],[139.4177,36.321],[139.418,36.3212],[139.4182,36.3214],[139.4182,36.3215],[139.4179,36.3217],[139.4178,36.3218],[139.4177,36.3218],[139.4175,36.3219],[139.4171,36.322],[139.4171,36.322],[139.4168,36.3221],[139.4168,36.3221],[139.4167,36.3221],[139.4167,36.3221],[139.4166,36.3221],[139.4161,36.3223],[139.4159,36.3225],[139.4158,36.3225],[139.4158,36.3226],[139.4158,36.3227],[139.4159,36.323],[139.416,36.3231],[139.4161,36.3232],[139.4161,36.3233],[139.4156,36.3237],[139.4154,36.3239],[139.4152,36.324],[139.4149,36.3243],[139.4149,36.3244],[139.4148,36.3245],[139.4148,36.3246],[139.4148,36.3246],[139.4148,36.3248],[139.4148,36.3249],[139.4148,36.325],[139.4148,36.325],[139.4148,36.3251],[139.4148,36.3252],[139.4151,36.3254],[139.4151,36.3255],[139.4152,36.3255],[139.4156,36.3259],[139.4157,36.3259],[139.4157,36.3259],[139.4158,36.3259],[139.416,36.3259],[139.4161,36.3258],[139.4161,36.3258],[139.4163,36.3257],[139.4164,36.3257],[139.4164,36.3257],[139.4165,36.3256],[139.4166,36.3256],[139.4167,36.3255],[139.4167,36.3255],[139.417,36.3254],[139.4171,36.3255],[139.4171,36.3256],[139.4173,36.3258],[139.4175,36.326],[139.4177,36.326],[139.4182,36.3261],[139.4184,36.3262],[139.4184,36.3265],[139.4184,36.3265],[139.4184,36.3267],[139.4184,36.3269],[139.4189,36.3271],[139.419,36.3271],[139.4191,36.3268],[139.4193,36.3266],[139.4196,36.3262],[139.4198,36.326],[139.4199,36.3259],[139.42,36.3257],[139.4199,36.3251],[139.4199,36.325],[139.4199,36.325],[139.4199,36.3249],[139.4197,36.3246],[139.4198,36.3245],[139.4199,36.3241],[139.4202,36.3238],[139.4203,36.3237],[139.4204,36.3233],[139.4205,36.3231],[139.4207,36.323],[139.4209,36.3228],[139.421,36.3228],[139.421,36.3227],[139.4212,36.3227],[139.4216,36.3225],[139.4217,36.3225],[139.4219,36.3225],[139.422,36.3226],[139.4222,36.3227],[139.4223,36.3228],[139.4225,36.3229],[139.4226,36.323],[139.4227,36.3231],[139.4228,36.3233],[139.4229,36.3235],[139.423,36.3237],[139.4231,36.3241],[139.423,36.3245],[139.4229,36.3248],[139.423,36.325],[139.423,36.325],[139.423,36.325],[139.4231,36.3252],[139.4232,36.3253],[139.4232,36.3253],[139.4234,36.3253],[139.4236,36.3253],[139.4237,36.325],[139.4237,36.325],[139.4237,36.325],[139.4238,36.3245],[139.4238,36.3243],[139.4238,36.3241],[139.4239,36.3239],[139.424,36.3238],[139.4241,36.3237],[139.4242,36.3237],[139.4242,36.3237],[139.4244,36.3238],[139.425,36.3238],[139.425,36.3238],[139.4251,36.3238],[139.4252,36.3238],[139.4253,36.3238],[139.4255,36.3238],[139.4257,36.3238],[139.4261,36.3239],[139.4266,36.3244],[139.4267,36.3246],[139.4267,36.3247],[139.4267,36.3249],[139.4267,36.325],[139.4267,36.325],[139.4267,36.3252],[139.4266,36.3253],[139.4266,36.3255],[139.4266,36.3255],[139.4267,36.3257],[139.4267,36.3257],[139.4267,36.326],[139.4266,36.3261],[139.4266,36.3262],[139.4266,36.3263],[139.4266,36.3267],[139.4267,36.3269],[139.4264,36.3272],[139.4262,36.3276],[139.426,36.3279],[139.4258,36.3282],[139.4254,36.3285],[139.4253,36.3286],[139.4251,36.3288],[139.425,36.3289],[139.425,36.3289],[139.425,36.3289],[139.4248,36.3288],[139.4247,36.3288],[139.4246,36.3287],[139.4244,36.3287],[139.424,36.3292],[139.4234,36.3301],[139.4231,36.3304],[139.4229,36.3307],[139.423,36.3308],[139.423,36.3308],[139.4231,36.3308],[139.4232,36.3309],[139.4235,36.331],[139.4235,36.3311],[139.4235,36.3311],[139.423,36.3318],[139.4229,36.3321],[139.4229,36.3321],[139.4228,36.3322],[139.4228,36.3323],[139.4225,36.3324],[139.4224,36.3326],[139.4221,36.3328],[139.422,36.3329],[139.4216,36.3332],[139.4215,36.3332],[139.4214,36.3333],[139.4214,36.3333],[139.4208,36.3339],[139.4203,36.3344],[139.4201,36.3346],[139.42,36.3348],[139.4195,36.3353],[139.4194,36.3355],[139.4193,36.3355],[139.4189,36.3357],[139.4184,36.3359],[139.4182,36.336],[139.4182,36.336],[139.4181,36.3361],[139.4181,36.3362],[139.418,36.3364],[139.418,36.3365],[139.418,36.3365],[139.4179,36.3366],[139.4178,36.3366],[139.4175,36.3368],[139.4172,36.3369],[139.4171,36.337],[139.4167,36.3372],[139.4167,36.3372],[139.4165,36.3373],[139.4162,36.3374],[139.4152,36.338],[139.4148,36.3381],[139.4147,36.3381],[139.4146,36.3381],[139.4144,36.3381],[139.4143,36.338],[139.4141,36.338],[139.4137,36.3377],[139.4137,36.3377],[139.4136,36.3377],[139.4136,36.3377],[139.4135,36.3377],[139.4134,36.3377],[139.4132,36.3378],[139.4131,36.3378],[139.4131,36.3378],[139.413,36.3379],[139.413,36.3379],[139.4124,36.3381],[139.4123,36.3382],[139.4113,36.3387],[139.4098,36.3395],[139.4084,36.3402],[139.4083,36.3402],[139.4083,36.3402],[139.4071,36.3409],[139.4067,36.3411],[139.4058,36.3415],[139.4056,36.3417],[139.4056,36.3417],[139.4048,36.342],[139.4028,36.343],[139.4023,36.3432],[139.4015,36.3436],[139.4012,36.3438],[139.4,36.3443],[139.4,36.3443],[139.3995,36.3446],[139.3977,36.3455],[139.3969,36.3458],[139.3961,36.3463],[139.3961,36.3463],[139.3957,36.3465],[139.3947,36.347],[139.3939,36.3475],[139.3938,36.3475],[139.3935,36.3478],[139.3929,36.3481],[139.3925,36.3484],[139.3921,36.3488],[139.3917,36.3493],[139.3917,36.3493],[139.3915,36.3494],[139.3912,36.3498],[139.3911,36.35],[139.3911,36.35],[139.3909,36.3504],[139.3906,36.3507],[139.3903,36.3513],[139.3894,36.353],[139.3888,36.3541],[139.3887,36.3542],[139.3886,36.3544],[139.3884,36.3546],[139.388,36.355],[139.3875,36.3554],[139.3871,36.3558],[139.3868,36.3559],[139.3866,36.356],[139.3864,36.356],[139.3862,36.3561],[139.3861,36.3562],[139.3856,36.3565],[139.385,36.3568],[139.3842,36.3572],[139.3833,36.3576],[139.3833,36.3576],[139.3829,36.3578],[139.3828,36.3579],[139.3827,36.358],[139.3826,36.358],[139.382,36.3583],[139.382,36.3583],[139.3819,36.3584],[139.3813,36.3585],[139.3808,36.3588],[139.3802,36.359],[139.3795,36.3593],[139.3787,36.3597],[139.3781,36.36],[139.3779,36.3602],[139.3776,36.3604],[139.3775,36.3604],[139.3774,36.3605],[139.3768,36.361],[139.3752,36.3622],[139.375,36.3624],[139.375,36.3624],[139.3739,36.3633],[139.373,36.3641],[139.3724,36.3645],[139.3722,36.3647],[139.3718,36.3649],[139.3713,36.3653],[139.371,36.3655],[139.371,36.3655],[139.3707,36.3658],[139.3703,36.3661],[139.3698,36.3665],[139.3696,36.3667],[139.3696,36.3667],[139.3689,36.3671],[139.3686,36.3673],[139.3683,36.3676],[139.368,36.368],[139.3679,36.3681],[139.3677,36.3683],[139.3676,36.3685],[139.3674,36.3687],[139.3674,36.3688],[139.3673,36.3689],[139.3671,36.3693],[139.3669,36.3697],[139.3667,36.37],[139.3667,36.3701],[139.3665,36.3703],[139.3664,36.3705],[139.3664,36.3707],[139.3664,36.3709],[139.3664,36.371],[139.3666,36.3712],[139.3666,36.3712],[139.3667,36.3712],[139.3667,36.3712],[139.3668,36.3713],[139.367,36.3714],[139.3672,36.3714],[139.3673,36.3713],[139.3674,36.3714],[139.3675,36.3714],[139.3676,36.3715],[139.3678,36.3717],[139.3679,36.372],[139.3681,36.3723],[139.3682,36.3725],[139.3681,36.3727],[139.3681,36.3729],[139.3681,36.373],[139.3679,36.3734],[139.3679,36.3736],[139.3678,36.374],[139.3677,36.3741],[139.3677,36.3743],[139.3677,36.3746],[139.3678,36.3749],[139.3678,36.375],[139.3678,36.375],[139.3678,36.375],[139.3679,36.3753],[139.3679,36.3753],[139.3679,36.3755],[139.3678,36.3758],[139.3676,36.3764],[139.3674,36.3767],[139.3671,36.3773],[139.367,36.3775],[139.3669,36.3776],[139.3668,36.3778],[139.3668,36.3778],[139.3667,36.378],[139.3667,36.3781],[139.3667,36.3781],[139.3667,36.3781],[139.3666,36.3783],[139.3665,36.3786],[139.3665,36.3786],[139.3665,36.3789],[139.3664,36.3792],[139.3663,36.3794],[139.3658,36.3797],[139.3653,36.38],[139.3637,36.3811],[139.3619,36.3825],[139.362,36.3829],[139.3614,36.3833],[139.3614,36.3833],[139.361,36.3837],[139.3611,36.3841],[139.3611,36.3845],[139.361,36.3847],[139.3611,36.3848],[139.361,36.3849],[139.361,36.3852],[139.3613,36.3852],[139.3616,36.3852],[139.3618,36.3852],[139.3619,36.3854],[139.3621,36.386],[139.3624,36.3862],[139.3625,36.3863],[139.3628,36.3866],[139.3629,36.3869],[139.3633,36.3872],[139.3635,36.3875],[139.3637,36.3874],[139.3642,36.3879],[139.3645,36.3878],[139.3649,36.3882],[139.365,36.3884],[139.365,36.3886],[139.365,36.389],[139.365,36.3892],[139.365,36.3893],[139.365,36.3895],[139.3651,36.3897],[139.3651,36.3898],[139.3651,36.3899],[139.3652,36.39],[139.3653,36.39],[139.3654,36.3901],[139.3656,36.3902],[139.3658,36.3902],[139.3659,36.3902],[139.3661,36.3903],[139.3662,36.3903],[139.3663,36.3904],[139.3664,36.3904],[139.3664,36.3905],[139.3665,36.3906],[139.3665,36.3906],[139.3667,36.3907],[139.3667,36.3907],[139.3667,36.3907],[139.3668,36.3908],[139.3668,36.3909],[139.3668,36.3909],[139.3669,36.391],[139.3669,36.3911],[139.367,36.3911],[139.367,36.3913],[139.3671,36.3916],[139.3671,36.3917],[139.3671,36.3917],[139.3673,36.3919],[139.3674,36.3921],[139.3674,36.3922],[139.3675,36.3922],[139.3678,36.3924],[139.368,36.3925],[139.3681,36.3927],[139.3681,36.3928],[139.3681,36.3928],[139.3681,36.3929],[139.3681,36.393],[139.3681,36.3931],[139.3681,36.3932],[139.3682,36.3936],[139.3683,36.3939],[139.3683,36.394],[139.3683,36.3941],[139.3683,36.3944],[139.3684,36.3946],[139.3684,36.3951],[139.3685,36.3954],[139.3685,36.3956],[139.3687,36.3959],[139.3687,36.3959],[139.3688,36.3962],[139.3689,36.3964],[139.369,36.3965],[139.369,36.3966],[139.3693,36.3968],[139.3693,36.3969],[139.3694,36.3969],[139.3695,36.3972],[139.3697,36.3974],[139.3697,36.3975],[139.3698,36.3976],[139.3699,36.3977],[139.3699,36.3978],[139.3702,36.3979],[139.3705,36.398],[139.3708,36.3982],[139.3712,36.3984],[139.3715,36.3985],[139.3718,36.3986],[139.3721,36.3986],[139.3725,36.3987],[139.374,36.3991],[139.3743,36.3993],[139.3747,36.3995],[139.3749,36.3996],[139.375,36.3997],[139.375,36.3997],[139.3751,36.3998],[139.3752,36.4],[139.3752,36.4],[139.3755,36.4003],[139.3755,36.4005],[139.3756,36.4008],[139.3756,36.4009],[139.3756,36.4011],[139.3756,36.4014],[139.3757,36.4018],[139.3757,36.4025],[139.3757,36.4026],[139.3756,36.4029],[139.3755,36.403],[139.3756,36.4032],[139.3757,36.4034],[139.3757,36.4035],[139.3761,36.4041],[139.3763,36.4045],[139.3763,36.4045],[139.3763,36.4046],[139.3757,36.4052],[139.3754,36.4056],[139.3754,36.4056],[139.3754,36.4057],[139.3754,36.4058],[139.3754,36.4058],[139.3755,36.4059],[139.3755,36.406],[139.3756,36.4061],[139.3762,36.4065],[139.3762,36.4066],[139.3763,36.4066],[139.3763,36.4068],[139.3764,36.407],[139.3765,36.4076],[139.3767,36.4082],[139.3767,36.4083],[139.3767,36.4083],[139.3767,36.4084],[139.3767,36.4085],[139.3767,36.4085],[139.3767,36.4087],[139.3766,36.4096],[139.3767,36.4099],[139.3767,36.41],[139.3768,36.4106],[139.3769,36.411],[139.3771,36.4114],[139.3772,36.4116],[139.3776,36.4124],[139.3777,36.4126],[139.3779,36.4128],[139.378,36.4129],[139.3781,36.413],[139.3782,36.4131],[139.3783,36.4131],[139.3783,36.4132],[139.3784,36.4133],[139.3784,36.4135],[139.3783,36.4136],[139.3783,36.4137],[139.3783,36.4139],[139.3784,36.414],[139.3784,36.4141],[139.3784,36.4142],[139.3784,36.4142],[139.3785,36.4144],[139.3786,36.4146],[139.3787,36.4146],[139.3788,36.4147],[139.3789,36.4147],[139.379,36.4147],[139.3792,36.4147],[139.3792,36.4147],[139.3794,36.4148],[139.3795,36.4148],[139.3799,36.4149],[139.38,36.415],[139.38,36.415],[139.38,36.415],[139.3801,36.415],[139.3801,36.4151],[139.3801,36.4152],[139.3805,36.416],[139.3805,36.4161],[139.3805,36.4162],[139.3806,36.4167],[139.3806,36.4167],[139.3806,36.4169],[139.3806,36.417],[139.3806,36.417],[139.3806,36.4171],[139.3807,36.4171],[139.3807,36.4172],[139.3808,36.4172],[139.3808,36.4172],[139.3813,36.4176],[139.3821,36.4183],[139.3822,36.4184],[139.3823,36.4185],[139.3824,36.4186],[139.3825,36.4186],[139.3826,36.4186],[139.3826,36.4186],[139.3827,36.4186],[139.3832,36.4186],[139.3832,36.4186],[139.3833,36.4187],[139.3833,36.4187],[139.3833,36.4187],[139.3833,36.4187],[139.3838,36.4189],[139.3848,36.4192],[139.385,36.4193],[139.385,36.4193],[139.3851,36.4194],[139.3851,36.4194],[139.3853,36.4198],[139.3854,36.4199],[139.3854,36.42],[139.3855,36.4201],[139.3857,36.4202],[139.3858,36.4204],[139.3859,36.4205],[139.3859,36.4207],[139.3859,36.4209],[139.3859,36.4215],[139.3859,36.4217],[139.3861,36.4219],[139.3863,36.4221],[139.3867,36.4222],[139.387,36.4223],[139.3873,36.4222],[139.3877,36.4222],[139.3879,36.4222],[139.3883,36.4222],[139.3887,36.4222],[139.3889,36.4223],[139.389,36.4224],[139.3892,36.4226],[139.3896,36.423],[139.3898,36.4232],[139.39,36.4234],[139.3902,36.4236],[139.3905,36.4239],[139.3906,36.4241],[139.3908,36.4241],[139.3911,36.4242],[139.3915,36.4243],[139.3917,36.4243],[139.3917,36.4243],[139.3917,36.4243],[139.3918,36.4244],[139.3918,36.4245],[139.3919,36.4246],[139.3919,36.4249],[139.3919,36.425],[139.3919,36.425],[139.3919,36.425],[139.3919,36.4251],[139.3919,36.4253],[139.3919,36.4255],[139.392,36.4257],[139.3921,36.4259],[139.3922,36.4261],[139.3921,36.4263],[139.3921,36.4264],[139.392,36.4266],[139.392,36.4269],[139.392,36.4271],[139.3919,36.4274],[139.392,36.4275],[139.392,36.4277],[139.3922,36.428],[139.3923,36.4283],[139.3924,36.4284],[139.3926,36.4285],[139.3927,36.4286],[139.393,36.4287],[139.3932,36.4287],[139.3938,36.4288],[139.394,36.4289],[139.3941,36.4289],[139.3942,36.4291],[139.3943,36.4295],[139.3943,36.4298],[139.3944,36.4301],[139.3944,36.4302],[139.3947,36.4305],[139.3949,36.4308],[139.395,36.4308],[139.395,36.4309],[139.395,36.4311],[139.3948,36.4317],[139.3947,36.4322],[139.3947,36.4324],[139.3947,36.4326],[139.3947,36.4326],[139.3948,36.4329],[139.3948,36.4332],[139.3948,36.4333],[139.3948,36.4333],[139.3948,36.4334],[139.3947,36.4335],[139.3945,36.4337],[139.3944,36.434],[139.3944,36.4342],[139.3945,36.4344],[139.3947,36.4345],[139.3949,36.4345],[139.3952,36.4346],[139.3954,36.4346],[139.3959,36.4347],[139.3961,36.4348],[139.3961,36.4348],[139.3964,36.4349],[139.3966,36.435],[139.3971,36.4354],[139.3973,36.4355],[139.3976,36.4356],[139.398,36.4357],[139.3983,36.4357],[139.3985,36.4357],[139.3992,36.4357],[139.3994,36.4358],[139.3996,36.4358],[139.3998,36.436],[139.4,36.4361],[139.4,36.4361],[139.4001,36.4362],[139.4007,36.4365],[139.4025,36.4368],[139.4027,36.4369],[139.4028,36.4371],[139.403,36.4373],[139.4033,36.4376],[139.4034,36.4377],[139.4034,36.4377],[139.4034,36.4378],[139.4034,36.4379],[139.4034,36.438],[139.4034,36.4382],[139.4033,36.4385],[139.4033,36.4387],[139.4034,36.4388],[139.4035,36.439],[139.4036,36.4391],[139.4038,36.4393],[139.404,36.4395],[139.4041,36.4396],[139.4042,36.4398],[139.4043,36.44],[139.4044,36.4402],[139.4045,36.4404],[139.4045,36.4405],[139.4046,36.4406],[139.4046,36.4408],[139.4046,36.4409],[139.4045,36.441],[139.4045,36.4412],[139.4044,36.4413],[139.4044,36.4414],[139.4044,36.4415],[139.4045,36.4416],[139.4045,36.4417],[139.4045,36.4417],[139.4047,36.4419],[139.4048,36.4421],[139.4048,36.4422],[139.4048,36.4423],[139.405,36.4429],[139.4051,36.4432],[139.4051,36.4436],[139.4051,36.4439],[139.4051,36.4442],[139.405,36.445],[139.405,36.445],[139.4052,36.445],[139.4055,36.4451],[139.4057,36.4451],[139.406,36.4452],[139.4061,36.4453],[139.4063,36.4455],[139.4064,36.4457],[139.4065,36.4457],[139.4067,36.4458],[139.407,36.4459],[139.4073,36.446],[139.4076,36.4461],[139.4078,36.4463],[139.408,36.4464],[139.4082,36.4466],[139.4083,36.4468],[139.4083,36.4468],[139.4083,36.4469],[139.4087,36.4472],[139.409,36.4475],[139.4092,36.4477],[139.4093,36.4479],[139.4094,36.448],[139.4095,36.4482],[139.4095,36.4482],[139.4095,36.4483],[139.4096,36.4485],[139.4098,36.4487],[139.4099,36.4488],[139.4102,36.449],[139.4103,36.449],[139.4105,36.4491],[139.4106,36.4491],[139.4109,36.4492],[139.4111,36.4492],[139.4113,36.4492],[139.4114,36.4493],[139.4115,36.4494],[139.4116,36.4496],[139.4118,36.4498],[139.4119,36.45],[139.4119,36.45],[139.412,36.45],[139.4121,36.4503],[139.4122,36.4505],[139.4123,36.4507],[139.4124,36.4511],[139.4124,36.4513],[139.4124,36.4515],[139.4124,36.4517],[139.4123,36.4519],[139.4121,36.4525],[139.4121,36.4527],[139.4119,36.453],[139.4117,36.4535],[139.4117,36.4536],[139.4117,36.4537],[139.4116,36.4538],[139.4117,36.454],[139.4117,36.4541],[139.4118,36.4542],[139.412,36.4544],[139.412,36.4545],[139.412,36.4546],[139.4118,36.4549],[139.4118,36.4551],[139.4117,36.4552],[139.4116,36.4553],[139.4115,36.4553],[139.4114,36.4553],[139.4111,36.4554],[139.411,36.4554],[139.4108,36.4554],[139.4106,36.4555],[139.4104,36.4557],[139.4101,36.456],[139.4099,36.4562],[139.4097,36.4565],[139.4096,36.4566],[139.4095,36.4567],[139.4093,36.4568],[139.4091,36.4569],[139.409,36.457],[139.4089,36.4571],[139.4088,36.4573],[139.4088,36.4574],[139.4087,36.4575],[139.4086,36.4576],[139.4085,36.4577],[139.4083,36.4578],[139.4083,36.4578],[139.4083,36.4578],[139.4082,36.4579],[139.4082,36.458],[139.4083,36.458],[139.4083,36.4581],[139.4083,36.4581],[139.4084,36.4581],[139.4086,36.4583],[139.4088,36.4583],[139.4088,36.4583],[139.4089,36.4584],[139.409,36.4584],[139.4093,36.4585],[139.4096,36.4584],[139.4098,36.4584],[139.4099,36.4584],[139.4104,36.4584],[139.4109,36.4584],[139.4111,36.4584],[139.4113,36.4586],[139.4115,36.4587],[139.4117,36.459],[139.4119,36.4592],[139.412,36.4595],[139.4121,36.4596],[139.4124,36.4599],[139.4126,36.4601],[139.4128,36.4602],[139.4131,36.4604],[139.4133,36.4605],[139.4134,36.4606],[139.4135,36.4606],[139.4136,36.4607],[139.4138,36.4609],[139.414,36.4611],[139.4142,36.4614],[139.4144,36.4616],[139.4145,36.4617],[139.4146,36.4618],[139.4147,36.4619],[139.415,36.4618],[139.4151,36.4618],[139.4154,36.4617],[139.4159,36.4615],[139.4167,36.4611],[139.4167,36.4611],[139.4167,36.4611],[139.417,36.461],[139.4178,36.4608],[139.4179,36.4607],[139.418,36.4606],[139.4182,36.4604],[139.4182,36.4601],[139.4183,36.4599],[139.4182,36.4597],[139.4181,36.4595],[139.4181,36.4592],[139.4181,36.4589],[139.4182,36.4588],[139.4182,36.4587],[139.4184,36.4587],[139.4189,36.4584],[139.4189,36.4583],[139.4189,36.4583],[139.4191,36.4582],[139.4196,36.4577],[139.42,36.4574],[139.4202,36.4572],[139.4204,36.4571],[139.4204,36.4571],[139.4206,36.457],[139.4209,36.4569],[139.4211,36.4569],[139.4215,36.4569],[139.4217,36.457],[139.4221,36.4572],[139.4226,36.4574],[139.4229,36.4575],[139.4231,36.4577],[139.4236,36.4581],[139.4238,36.4583],[139.4238,36.4583],[139.4238,36.4583],[139.424,36.4585],[139.4244,36.4588],[139.4247,36.459],[139.4249,36.4591],[139.425,36.4591],[139.425,36.4591],[139.4253,36.4592],[139.4255,36.4593],[139.4259,36.4593],[139.4262,36.4593],[139.4263,36.4593],[139.4265,36.4593],[139.4268,36.4591],[139.4271,36.4591],[139.4272,36.459],[139.4275,36.4591],[139.4277,36.4591],[139.4278,36.4591],[139.4279,36.4591],[139.4281,36.459],[139.4286,36.4587],[139.4289,36.4586],[139.429,36.4585],[139.4295,36.4583],[139.4295,36.4583],[139.4297,36.4582],[139.43,36.4581],[139.4301,36.4581],[139.4301,36.4581],[139.4303,36.4579],[139.4308,36.4576],[139.431,36.4575],[139.431,36.4575],[139.4312,36.4576],[139.4312,36.4576],[139.4312,36.4576],[139.4314,36.4578],[139.4314,36.458],[139.4313,36.4581],[139.4312,36.4583],[139.4312,36.4583],[139.4312,36.4583],[139.4311,36.4584],[139.4311,36.4584],[139.4309,36.4588],[139.4309,36.459],[139.4309,36.4591],[139.4309,36.4592],[139.4311,36.4595],[139.4312,36.4598],[139.4312,36.46],[139.4312,36.4601],[139.4312,36.4604],[139.431,36.4606],[139.4309,36.4607],[139.4307,36.4607],[139.4304,36.4607],[139.4303,36.4607],[139.43,36.4608],[139.4299,36.4608],[139.4296,36.461],[139.4296,36.4611],[139.4295,36.4613],[139.4296,36.4614],[139.4296,36.4615],[139.4298,36.4617],[139.4301,36.4618],[139.4303,36.4619],[139.4304,36.462],[139.4304,36.4621],[139.4305,36.4623],[139.4307,36.4624],[139.4308,36.4625],[139.431,36.4625],[139.4311,36.4626],[139.4313,36.4626],[139.4314,36.4626],[139.4315,36.4627],[139.4319,36.4631],[139.432,36.4632],[139.4322,36.4634],[139.4324,36.4635],[139.4327,36.4637],[139.4329,36.4638],[139.433,36.4638],[139.4331,36.4638],[139.4333,36.4638],[139.4333,36.4638],[139.4333,36.4638],[139.4338,36.4639],[139.4349,36.464],[139.4352,36.4641],[139.4354,36.4642],[139.4354,36.4643],[139.4354,36.4646],[139.4354,36.4649],[139.4355,36.4652],[139.4356,36.4653],[139.4357,36.4655],[139.4358,36.4656],[139.436,36.4658],[139.4362,36.4658],[139.4364,36.4659],[139.4365,36.466],[139.4365,36.4661],[139.4365,36.4663],[139.4366,36.4666],[139.4366,36.4667],[139.4366,36.4667],[139.4367,36.467],[139.4368,36.4671],[139.4368,36.4673],[139.4368,36.4674],[139.4368,36.4677],[139.4367,36.4678],[139.4367,36.4681],[139.4367,36.4683],[139.4367,36.4684],[139.4368,36.4685],[139.437,36.4687],[139.4369,36.469],[139.4369,36.4693],[139.437,36.4694],[139.437,36.4696],[139.4371,36.4697],[139.4373,36.4699],[139.4373,36.4701],[139.4373,36.4702],[139.4372,36.4704],[139.4372,36.4706],[139.4373,36.4708],[139.4373,36.471],[139.4374,36.4712],[139.4374,36.4713],[139.4374,36.4714],[139.4373,36.4716],[139.4373,36.4718],[139.4373,36.4721],[139.4373,36.4724],[139.4373,36.4727],[139.4374,36.4729],[139.4374,36.4731],[139.4375,36.4734],[139.4376,36.4737],[139.4376,36.474],[139.4376,36.4741],[139.4377,36.4743],[139.4379,36.4746],[139.4379,36.4747],[139.438,36.4748],[139.438,36.4749],[139.4378,36.4749],[139.4375,36.4748],[139.4371,36.4748],[139.4367,36.4747],[139.4363,36.4747],[139.4359,36.4745],[139.4355,36.4744],[139.4354,36.4744],[139.4353,36.4743],[139.4351,36.4741],[139.4349,36.4739],[139.4346,36.4735],[139.4345,36.4733],[139.4344,36.4732],[139.4344,36.4731],[139.4341,36.4727],[139.4339,36.4726],[139.4336,36.4725],[139.4333,36.4724],[139.4333,36.4724],[139.4333,36.4724],[139.4332,36.4724],[139.4331,36.4723],[139.433,36.4722],[139.4329,36.4721],[139.4327,36.4718],[139.4326,36.4717],[139.4324,36.4715],[139.4321,36.4713],[139.4318,36.4712],[139.4317,36.4712],[139.4315,36.4712],[139.4313,36.4712],[139.4312,36.4713],[139.431,36.4715],[139.4313,36.4717],[139.4314,36.4718],[139.4316,36.4721],[139.4317,36.4722],[139.4317,36.4723],[139.4316,36.4725],[139.4316,36.4727],[139.4316,36.4729],[139.4315,36.4729],[139.4315,36.4731],[139.4315,36.4732],[139.4316,36.4735],[139.4316,36.4737],[139.4315,36.4738],[139.4315,36.4739],[139.4313,36.4741],[139.4308,36.4744],[139.4308,36.4745],[139.4308,36.4745],[139.4308,36.4746],[139.431,36.4747],[139.4311,36.4749],[139.4311,36.475],[139.4311,36.475],[139.4311,36.475],[139.4311,36.4751],[139.4312,36.4752],[139.4312,36.4753],[139.4312,36.4755],[139.4313,36.4756],[139.4313,36.4757],[139.4313,36.4759],[139.4313,36.476],[139.4312,36.4761],[139.4311,36.4762],[139.4309,36.4764],[139.4309,36.4765],[139.4309,36.4766],[139.4309,36.4769],[139.4308,36.477],[139.4307,36.4773],[139.4306,36.4773],[139.4305,36.4774],[139.4304,36.4774],[139.4304,36.4774],[139.4303,36.4774],[139.4303,36.4775],[139.4303,36.4776],[139.4303,36.4777],[139.4304,36.4777],[139.4305,36.4778],[139.4305,36.4779],[139.4305,36.478],[139.4304,36.4781],[139.4302,36.4781],[139.4301,36.4781],[139.4299,36.4781],[139.4297,36.4782],[139.4295,36.4783],[139.4295,36.4784],[139.4295,36.4787],[139.4295,36.4788],[139.4296,36.479],[139.4296,36.4792],[139.4298,36.4793],[139.4298,36.4795],[139.4298,36.4797],[139.4298,36.4798],[139.4298,36.4798],[139.4298,36.48],[139.4297,36.4801],[139.4298,36.4804],[139.4299,36.4808],[139.4299,36.481],[139.4298,36.4811],[139.4298,36.4814],[139.4298,36.4816],[139.4297,36.4818],[139.4297,36.4819],[139.4295,36.4822],[139.4293,36.4824],[139.4292,36.4826],[139.4291,36.4827],[139.4289,36.4828],[139.4288,36.4829],[139.4285,36.483],[139.4279,36.4833],[139.4278,36.4833],[139.4278,36.4833],[139.4276,36.4834],[139.4274,36.4836],[139.4274,36.4836],[139.4273,36.4837],[139.427,36.4838],[139.4268,36.4838],[139.4264,36.4839],[139.4262,36.4841],[139.4261,36.4843],[139.426,36.4844],[139.4259,36.4845],[139.4259,36.4846],[139.4259,36.4847],[139.4259,36.4847],[139.4259,36.4848],[139.426,36.4849],[139.4264,36.4855],[139.4264,36.4857],[139.4264,36.486],[139.4264,36.4861],[139.4263,36.4862],[139.4263,36.4863],[139.4263,36.4864],[139.4263,36.4865],[139.4265,36.4867],[139.4267,36.487],[139.4268,36.4871],[139.4269,36.4873],[139.427,36.4876],[139.4272,36.4881],[139.4273,36.4883],[139.4273,36.4885],[139.4274,36.4888],[139.4276,36.4892],[139.4276,36.4893],[139.4278,36.4895],[139.4279,36.4897],[139.428,36.4899],[139.4281,36.4903],[139.4281,36.4904],[139.428,36.4905],[139.4279,36.4905],[139.4276,36.4906],[139.4273,36.4906],[139.4271,36.4905],[139.4269,36.4905],[139.4266,36.4904],[139.4264,36.4903],[139.4257,36.4902],[139.4256,36.4902],[139.4254,36.4902],[139.4252,36.4902],[139.425,36.4902],[139.425,36.4902],[139.425,36.4903],[139.4246,36.4903],[139.4244,36.4903],[139.4242,36.4903],[139.424,36.4904],[139.4235,36.4904],[139.4232,36.4904],[139.4229,36.4904],[139.4227,36.4904],[139.4226,36.4903],[139.4224,36.4903],[139.4222,36.4903],[139.422,36.4903],[139.4219,36.4903],[139.4217,36.4904],[139.4217,36.4904],[139.4215,36.4905],[139.4214,36.4906],[139.4213,36.4907],[139.4212,36.4908],[139.4212,36.491],[139.4212,36.491],[139.4212,36.4911],[139.4211,36.4913],[139.4212,36.4915],[139.4213,36.4916],[139.4213,36.4917],[139.4213,36.4917],[139.4214,36.4918],[139.4215,36.492],[139.4217,36.4921],[139.4219,36.4923],[139.4222,36.4926],[139.4224,36.4928],[139.4225,36.4929],[139.4227,36.4933],[139.4227,36.4934],[139.4226,36.4936],[139.4226,36.4936],[139.4226,36.4937],[139.4225,36.4937],[139.4222,36.4937],[139.422,36.4937],[139.4213,36.4938],[139.421,36.4938],[139.4203,36.494],[139.4199,36.4941],[139.4195,36.4943],[139.4195,36.4943],[139.4192,36.4945],[139.4191,36.4945],[139.4189,36.4946],[139.4187,36.4946],[139.4183,36.4947],[139.4179,36.4946],[139.4179,36.4947],[139.418,36.4949],[139.418,36.4951],[139.4181,36.4952],[139.4182,36.4955],[139.4183,36.4957],[139.4183,36.4958],[139.4183,36.4959],[139.4183,36.4962],[139.4184,36.4965],[139.4184,36.4967],[139.4183,36.4969],[139.4183,36.4971],[139.4182,36.4973],[139.4181,36.4975],[139.4182,36.4978],[139.4184,36.4981],[139.4187,36.4985],[139.4189,36.4989],[139.4191,36.4991],[139.4193,36.4994],[139.4195,36.4997],[139.4195,36.4997],[139.4196,36.4999],[139.4196,36.5],[139.4196,36.5],[139.4197,36.5002],[139.4196,36.5004],[139.4195,36.5006],[139.4193,36.5007],[139.4191,36.5008],[139.419,36.501],[139.419,36.5011],[139.4192,36.5015],[139.4193,36.5017],[139.4193,36.5018],[139.4192,36.502],[139.419,36.5023],[139.4193,36.5024],[139.4199,36.5025],[139.4203,36.5027],[139.4206,36.5028],[139.421,36.5031],[139.4215,36.5034],[139.4217,36.5035],[139.4219,36.5037],[139.4224,36.504],[139.4227,36.5041],[139.4229,36.5043],[139.423,36.5044],[139.423,36.5046],[139.4232,36.5051],[139.4232,36.5054],[139.4234,36.5056],[139.4237,36.5059],[139.4239,36.5062],[139.424,36.5063],[139.424,36.5065],[139.424,36.5068],[139.4239,36.507],[139.4237,36.5073],[139.4234,36.5076],[139.4232,36.5078],[139.4228,36.5079],[139.4226,36.5079],[139.4224,36.508],[139.4221,36.5083],[139.422,36.5083],[139.422,36.5083],[139.4219,36.5085],[139.4217,36.5087],[139.4217,36.5089],[139.4217,36.509],[139.422,36.5092],[139.4223,36.5093],[139.4227,36.5095],[139.4231,36.5097],[139.4232,36.5097],[139.4237,36.51],[139.4241,36.5102],[139.4244,36.5103],[139.4247,36.5103],[139.4248,36.5103],[139.425,36.5102],[139.425,36.5102],[139.425,36.5102],[139.4251,36.5102],[139.4254,36.5102],[139.4259,36.5104],[139.4262,36.5105],[139.4263,36.5105],[139.4264,36.5106],[139.4267,36.5106],[139.4271,36.5106],[139.4274,36.5106],[139.4277,36.5106],[139.4278,36.5107],[139.4278,36.5108],[139.428,36.5111],[139.4281,36.5116],[139.4282,36.5119],[139.4283,36.5121],[139.4284,36.5123],[139.4285,36.5125],[139.4286,36.5127],[139.4287,36.5127],[139.4287,36.5127],[139.429,36.5128],[139.4293,36.5128],[139.4296,36.5129],[139.4298,36.5129],[139.43,36.513],[139.4303,36.5132],[139.4305,36.5135],[139.4306,36.5137],[139.4307,36.5139],[139.4309,36.5141],[139.4311,36.5142],[139.4311,36.5143],[139.4313,36.5144],[139.4314,36.5146],[139.4315,36.5147],[139.4314,36.5148],[139.4314,36.5149],[139.4313,36.515],[139.4313,36.5153],[139.4314,36.5154],[139.4316,36.5156],[139.4318,36.5158],[139.4319,36.5159],[139.4318,36.516],[139.4317,36.5161],[139.4316,36.5163],[139.4316,36.5164],[139.4316,36.5166],[139.4316,36.5167],[139.4316,36.5167],[139.4315,36.5168],[139.4315,36.517],[139.4315,36.5171],[139.4316,36.5171],[139.4317,36.5171],[139.4319,36.5171],[139.4322,36.5171],[139.4325,36.5171],[139.4327,36.5171],[139.4328,36.5173],[139.4328,36.5177],[139.4328,36.5186],[139.4328,36.5189],[139.4328,36.519],[139.4329,36.5191],[139.4333,36.5192],[139.4333,36.5192],[139.4333,36.5192],[139.4333,36.5192],[139.4337,36.5193],[139.4341,36.5193],[139.4344,36.5194],[139.4345,36.5194],[139.4347,36.5196],[139.4349,36.5205],[139.4349,36.5207],[139.4348,36.5209],[139.4348,36.5209],[139.4347,36.5215],[139.4347,36.5217],[139.4347,36.5219],[139.4346,36.5221],[139.4347,36.5222],[139.4349,36.5223],[139.4352,36.5226],[139.4354,36.5228],[139.436,36.5234],[139.4362,36.5236],[139.4363,36.5236],[139.4364,36.5237],[139.4367,36.5238],[139.4369,36.5239],[139.437,36.524],[139.437,36.5241],[139.437,36.5243],[139.4371,36.5245],[139.4372,36.5246],[139.4375,36.5248],[139.4378,36.525],[139.4379,36.525],[139.4379,36.525],[139.4381,36.5251],[139.4384,36.5252],[139.4387,36.5253],[139.4389,36.5254],[139.4392,36.5254],[139.4395,36.5254],[139.4398,36.5254],[139.4399,36.5254],[139.44,36.5255],[139.44,36.5257],[139.4401,36.5263],[139.4402,36.5266],[139.4403,36.5269],[139.4406,36.5273],[139.4406,36.5274],[139.4407,36.5276],[139.4409,36.5279],[139.4412,36.5281],[139.4414,36.5283],[139.4415,36.5285],[139.4417,36.5287],[139.4417,36.5287],[139.4417,36.5287],[139.4418,36.5289],[139.4418,36.5292],[139.4417,36.5294],[139.4417,36.5295],[139.4417,36.5295],[139.4416,36.5295],[139.4415,36.5296],[139.4414,36.5298],[139.4414,36.53],[139.4414,36.53],[139.4414,36.5303],[139.4414,36.5304],[139.4415,36.5306],[139.4417,36.5307],[139.4417,36.5307],[139.4417,36.5307],[139.4419,36.5308],[139.442,36.531],[139.4422,36.5311],[139.4424,36.5313],[139.4427,36.5314],[139.4428,36.5316],[139.4429,36.5317],[139.4427,36.5317],[139.4426,36.5317],[139.4421,36.5317],[139.4421,36.5317],[139.4417,36.5316],[139.4417,36.5316],[139.4416,36.5316],[139.4413,36.5317],[139.4411,36.5318],[139.441,36.5318],[139.4406,36.5318],[139.4403,36.5318],[139.44,36.5317],[139.4393,36.5317],[139.4391,36.5317],[139.4387,36.5317],[139.4384,36.5318],[139.4383,36.5319],[139.4381,36.532],[139.4377,36.5323],[139.4375,36.5325],[139.4373,36.5325],[139.4371,36.5325],[139.4368,36.5326],[139.4365,36.5326],[139.4361,36.5325],[139.4359,36.5325],[139.4356,36.5326],[139.4353,36.5326],[139.4351,36.5327],[139.4349,36.5327],[139.4348,36.5328],[139.4347,36.533],[139.4346,36.5333],[139.4346,36.5333],[139.4346,36.5333],[139.4345,36.5336],[139.4345,36.5337],[139.4345,36.5338],[139.4345,36.5338],[139.4346,36.5338],[139.4348,36.5336],[139.4349,36.5336],[139.435,36.5335],[139.4353,36.5335],[139.4358,36.5336],[139.4361,36.5337],[139.4364,36.5338],[139.4366,36.5339],[139.4367,36.534],[139.4368,36.5342],[139.4371,36.5345],[139.4374,36.5352],[139.4377,36.5358],[139.4378,36.536],[139.4378,36.5361],[139.4376,36.5363],[139.4374,36.5364],[139.4374,36.5365],[139.4371,36.5367],[139.4369,36.5368],[139.4367,36.537],[139.4367,36.5371],[139.4368,36.5372],[139.4369,36.5374],[139.437,36.5376],[139.437,36.5377],[139.4369,36.5377],[139.4366,36.5378],[139.4364,36.5379],[139.4363,36.5381],[139.4362,36.5382],[139.4362,36.5384],[139.4362,36.539],[139.4362,36.5394],[139.4363,36.5398],[139.4365,36.54],[139.4367,36.5402],[139.437,36.5403],[139.4372,36.5403],[139.4375,36.5404],[139.4377,36.5404],[139.4379,36.5405],[139.4379,36.5406],[139.4379,36.5406],[139.4378,36.5407],[139.4375,36.5408],[139.4372,36.5408],[139.437,36.541],[139.4369,36.5412],[139.4369,36.5413],[139.4369,36.5415],[139.4369,36.5416],[139.4369,36.5417],[139.4369,36.5417],[139.4369,36.5418],[139.4369,36.542],[139.4369,36.5422],[139.437,36.5424],[139.437,36.5424],[139.4372,36.5425],[139.4373,36.5426],[139.4374,36.5428],[139.4375,36.5431],[139.4376,36.5432],[139.4376,36.5433],[139.4376,36.5434],[139.4376,36.5438],[139.4376,36.544],[139.4376,36.5442],[139.4375,36.5443],[139.4375,36.5444],[139.4376,36.5445],[139.4378,36.5446],[139.438,36.5447],[139.4382,36.5448],[139.4382,36.5449],[139.4382,36.5451],[139.4382,36.5452],[139.4381,36.5454],[139.4381,36.5457],[139.4382,36.546],[139.4384,36.5463],[139.4384,36.5464],[139.4384,36.5465],[139.4383,36.5466],[139.4383,36.5468],[139.4383,36.5469],[139.4384,36.5471],[139.4384,36.5473],[139.4384,36.5474],[139.4383,36.5475],[139.4382,36.5479],[139.4381,36.548],[139.4381,36.5482],[139.4381,36.5484],[139.4382,36.5486],[139.4384,36.5491],[139.4387,36.5498],[139.4388,36.55],[139.4388,36.55],[139.4388,36.55],[139.4389,36.5501],[139.4389,36.5502],[139.439,36.5502],[139.4389,36.5503],[139.4389,36.5504],[139.439,36.5507],[139.4393,36.551],[139.4397,36.5513],[139.44,36.5515],[139.4402,36.5516],[139.4407,36.5519],[139.4409,36.5519],[139.4413,36.552],[139.4416,36.5522],[139.4417,36.5522],[139.4417,36.5522],[139.4418,36.5523],[139.4425,36.5526],[139.4427,36.5526],[139.443,36.5526],[139.4435,36.5526],[139.4439,36.5525],[139.4442,36.5524],[139.4445,36.5521],[139.4448,36.5518],[139.4451,36.5516],[139.4454,36.5515],[139.4455,36.5515],[139.4457,36.5515],[139.4459,36.5515],[139.4461,36.5516],[139.4463,36.5516],[139.4466,36.5516],[139.447,36.5513],[139.4473,36.5511],[139.4475,36.551],[139.4477,36.5508],[139.448,36.5507],[139.4484,36.5507],[139.4487,36.5506],[139.449,36.5505],[139.4492,36.5503],[139.4495,36.5501],[139.4496,36.55],[139.4496,36.55],[139.4496,36.55],[139.4497,36.5499],[139.4499,36.5498],[139.45,36.5498],[139.45,36.5498],[139.4502,36.5498],[139.4507,36.5497],[139.4511,36.5497],[139.4513,36.5497],[139.4515,36.5497],[139.452,36.5496],[139.4522,36.5496],[139.4525,36.5497],[139.4527,36.5498],[139.4528,36.55],[139.4528,36.55],[139.4528,36.55],[139.453,36.5501],[139.4531,36.5504],[139.4534,36.5506],[139.4537,36.5508],[139.454,36.551],[139.4544,36.5513],[139.455,36.5517],[139.4553,36.5519],[139.4559,36.5522],[139.4562,36.5524],[139.4565,36.5527],[139.4568,36.553],[139.4571,36.5532],[139.4574,36.5533],[139.4577,36.5533],[139.4582,36.5533],[139.4583,36.5533],[139.4583,36.5533],[139.4588,36.5532],[139.4592,36.5531],[139.4594,36.553],[139.4596,36.553],[139.46,36.5531],[139.4603,36.5532],[139.4604,36.5532],[139.4606,36.5532],[139.4608,36.5532],[139.4608,36.5534],[139.4609,36.5536],[139.4609,36.5539],[139.461,36.5542],[139.4612,36.5543],[139.4614,36.5545],[139.4617,36.5549],[139.462,36.5556],[139.4622,36.5561],[139.4623,36.5563],[139.4624,36.5564],[139.4624,36.5565],[139.4623,36.5567],[139.4622,36.5568],[139.4621,36.557],[139.4621,36.5572],[139.4619,36.5575],[139.4619,36.5575],[139.4619,36.5576],[139.4619,36.5578],[139.4621,36.5579],[139.4622,36.558],[139.4625,36.5582],[139.4627,36.5583],[139.4627,36.5583],[139.4628,36.5584],[139.4628,36.5585],[139.4629,36.5587],[139.463,36.5593],[139.463,36.5596],[139.4631,36.5598],[139.4633,36.5599],[139.4636,36.56],[139.4639,36.5601],[139.4645,36.5605],[139.4645,36.5605],[139.4648,36.5607],[139.465,36.5609],[139.4652,36.5611],[139.4653,36.5614],[139.4654,36.5616],[139.4655,36.5621],[139.4655,36.5625],[139.4655,36.5629],[139.4654,36.5631],[139.4654,36.5633],[139.4654,36.5634],[139.4656,36.5636],[139.4659,36.5637],[139.4664,36.5639],[139.4667,36.564],[139.4667,36.564],[139.4668,36.5641],[139.467,36.5642],[139.4672,36.5643],[139.4673,36.5645],[139.4675,36.5646],[139.4678,36.5647],[139.4681,36.5647],[139.4685,36.5647],[139.469,36.5647],[139.4692,36.5647],[139.4693,36.5648],[139.4694,36.5652],[139.4696,36.5655],[139.4699,36.5657],[139.4702,36.5657],[139.4705,36.5656],[139.4707,36.5655],[139.4712,36.5654],[139.4714,36.5654],[139.4719,36.5652],[139.4723,36.5651],[139.4725,36.5652],[139.4726,36.5654],[139.4728,36.5657],[139.4732,36.5662],[139.4734,36.5664],[139.4736,36.5665],[139.4738,36.5666],[139.4739,36.5667],[139.4739,36.5667],[139.474,36.5667],[139.474,36.5667],[139.4741,36.5669],[139.4741,36.567],[139.4741,36.5671],[139.4739,36.5673],[139.4738,36.5675],[139.4736,36.5676],[139.4735,36.5678],[139.4736,36.5679],[139.4737,36.5681],[139.474,36.5684],[139.474,36.5684],[139.4741,36.5685],[139.4742,36.5687],[139.4742,36.5689],[139.4742,36.5691],[139.4741,36.5695],[139.474,36.5699],[139.474,36.5704],[139.474,36.5708],[139.4739,36.5711],[139.474,36.5714],[139.4741,36.5716],[139.4741,36.5717],[139.4741,36.5718],[139.474,36.572],[139.474,36.5722],[139.4739,36.5725],[139.4738,36.5728],[139.4738,36.5729],[139.4739,36.5731],[139.4742,36.5734],[139.4744,36.5736],[139.4746,36.5738],[139.4748,36.5738],[139.475,36.5738],[139.475,36.5738],[139.4751,36.5738],[139.4754,36.5738],[139.4756,36.5739],[139.476,36.574],[139.4761,36.5741],[139.4763,36.5742],[139.4766,36.5742],[139.4769,36.5743],[139.4773,36.5746],[139.4777,36.5748],[139.4778,36.5749],[139.478,36.575],[139.478,36.575],[139.4785,36.5753],[139.479,36.5756],[139.4798,36.5761],[139.48,36.5763],[139.4805,36.5769],[139.4809,36.5772],[139.4817,36.5775],[139.4822,36.5777],[139.4824,36.5778],[139.4826,36.578],[139.4826,36.5781],[139.4826,36.5782],[139.4826,36.5783],[139.4825,36.5785],[139.4823,36.5787],[139.4822,36.5789],[139.4822,36.5791],[139.4823,36.5794],[139.4824,36.5798],[139.4824,36.5799],[139.4824,36.58],[139.4825,36.5802],[139.4825,36.5806],[139.4826,36.5809],[139.4827,36.5811],[139.4829,36.5813],[139.4833,36.5816],[139.4833,36.5817],[139.4833,36.5817],[139.4834,36.5817],[139.4835,36.5818],[139.4835,36.5819],[139.4835,36.582],[139.4835,36.5823],[139.4833,36.5826],[139.4833,36.5826],[139.4833,36.5826],[139.4832,36.5828],[139.4832,36.5829],[139.4832,36.583],[139.4832,36.5831],[139.483,36.5833],[139.4829,36.5833],[139.4829,36.5833],[139.4829,36.5834],[139.4827,36.5834],[139.4826,36.5834],[139.4825,36.5835],[139.4823,36.5834],[139.4821,36.5835],[139.4819,36.5837],[139.4812,36.5842],[139.4809,36.5844],[139.4805,36.5847],[139.4804,36.5848],[139.4804,36.5849],[139.4804,36.5852],[139.4804,36.5853],[139.4804,36.5855],[139.4804,36.5855],[139.4804,36.5856],[139.4804,36.5858],[139.4802,36.5858],[139.4801,36.5859],[139.4798,36.5859],[139.4794,36.5859],[139.479,36.586],[139.4788,36.5861],[139.4786,36.5862],[139.4784,36.5862],[139.4782,36.5862],[139.4782,36.5863],[139.478,36.5865],[139.4779,36.5867],[139.4778,36.5869],[139.4777,36.5871],[139.4775,36.5872],[139.4773,36.5872],[139.477,36.5873],[139.4765,36.5873],[139.4764,36.5873],[139.4763,36.5874],[139.4762,36.5876],[139.476,36.5879],[139.4759,36.5882],[139.4757,36.5885],[139.4756,36.5887],[139.4755,36.5889],[139.4754,36.5892],[139.4753,36.5893],[139.4752,36.5894],[139.4751,36.5894],[139.475,36.5894],[139.475,36.5894],[139.4749,36.5895],[139.4748,36.5895],[139.4746,36.5897],[139.4744,36.5901],[139.4743,36.5902],[139.4742,36.5903],[139.474,36.5904],[139.4738,36.5905],[139.4738,36.5907],[139.4738,36.5909],[139.4739,36.591],[139.4739,36.5911],[139.474,36.5912],[139.4743,36.5915],[139.4744,36.5917],[139.4744,36.5917],[139.4745,36.5918],[139.4746,36.592],[139.4746,36.5921],[139.4745,36.5923],[139.4746,36.5925],[139.4747,36.5927],[139.4747,36.5928],[139.4749,36.5932],[139.4749,36.5936],[139.4747,36.5946],[139.4747,36.5946],[139.4744,36.595],[139.4741,36.5951],[139.474,36.5953],[139.4739,36.5954],[139.4738,36.5955],[139.4738,36.5957],[139.4739,36.596],[139.4738,36.5962],[139.4737,36.5964],[139.4736,36.5966],[139.4734,36.5968],[139.4732,36.5969],[139.4732,36.5969],[139.4732,36.5971],[139.4731,36.5974],[139.473,36.5977],[139.4728,36.5978],[139.4727,36.598],[139.4726,36.5981],[139.4725,36.5983],[139.4725,36.5985],[139.4727,36.5987],[139.4727,36.5988],[139.4728,36.5989],[139.4728,36.599],[139.4727,36.5991],[139.4726,36.5992],[139.4726,36.5993],[139.4725,36.5995],[139.4724,36.5996],[139.4723,36.5997],[139.4721,36.5998],[139.4719,36.5998],[139.4717,36.5999],[139.4717,36.5999],[139.4717,36.6],[139.4716,36.6],[139.4716,36.6002],[139.4714,36.6005],[139.4714,36.6006],[139.4712,36.6007],[139.4712,36.6008],[139.4711,36.6009],[139.471,36.6011],[139.471,36.6012],[139.471,36.6014],[139.4711,36.6015],[139.4713,36.6017],[139.4713,36.6018],[139.4713,36.6019],[139.4712,36.6022],[139.4713,36.6024],[139.4714,36.6026],[139.4715,36.6028],[139.4714,36.6029],[139.4713,36.603],[139.4712,36.6031],[139.471,36.6031],[139.4706,36.6033],[139.4705,36.6034],[139.4705,36.6034],[139.4704,36.6035],[139.4704,36.6037],[139.4703,36.6038],[139.4702,36.604],[139.47,36.6042],[139.4696,36.6043],[139.469,36.6045],[139.4687,36.6047],[139.4684,36.6048],[139.4682,36.6048],[139.4679,36.6049],[139.4677,36.6049],[139.4674,36.605],[139.4669,36.6051],[139.4667,36.6053],[139.4667,36.6053],[139.4664,36.6054],[139.4658,36.6059],[139.4656,36.6061],[139.4654,36.6064],[139.4654,36.6065],[139.4653,36.6065],[139.4652,36.6066],[139.4651,36.6066],[139.4651,36.6065],[139.4649,36.6063],[139.4644,36.606],[139.4641,36.6058],[139.464,36.6058],[139.4637,36.6058],[139.4634,36.6058],[139.4631,36.6058],[139.463,36.6058],[139.4629,36.6057],[139.4627,36.6056],[139.4625,36.6055],[139.462,36.6055],[139.4616,36.6055],[139.4613,36.6055],[139.4611,36.6056],[139.461,36.6056],[139.4607,36.6057],[139.4604,36.6057],[139.4603,36.6057],[139.4602,36.6057],[139.4599,36.6057],[139.4598,36.6057],[139.4596,36.6058],[139.4592,36.6059],[139.4591,36.6059],[139.4587,36.606],[139.4586,36.606],[139.4584,36.606],[139.4583,36.606],[139.4583,36.606],[139.4583,36.606],[139.4582,36.6061],[139.4581,36.6061],[139.458,36.6063],[139.4579,36.6063],[139.4577,36.6063],[139.4576,36.6063],[139.4574,36.6062],[139.4574,36.6061],[139.4573,36.606],[139.4571,36.6058],[139.4568,36.6055],[139.4565,36.6053],[139.4563,36.6052],[139.4561,36.6049],[139.4558,36.6048],[139.4558,36.6047],[139.4556,36.6047],[139.4554,36.6046],[139.4552,36.6044],[139.4546,36.6041],[139.4543,36.6039],[139.4541,36.6039],[139.454,36.6039],[139.4538,36.6038],[139.4536,36.6038],[139.4531,36.6037],[139.4528,36.6036],[139.4527,36.6036],[139.4526,36.6036],[139.4524,36.6039],[139.4523,36.6041],[139.4522,36.6043],[139.452,36.6045],[139.4519,36.6046],[139.4518,36.6047],[139.4518,36.605],[139.4518,36.6052],[139.4518,36.6052],[139.4517,36.6053],[139.4517,36.6054],[139.4517,36.6054],[139.4517,36.6056],[139.4516,36.6059],[139.4514,36.606],[139.4512,36.6063],[139.4511,36.6064],[139.451,36.6065],[139.4509,36.6065],[139.4508,36.6065],[139.4506,36.6065],[139.4504,36.6064],[139.4501,36.6064],[139.45,36.6064],[139.45,36.6064],[139.4499,36.6064],[139.4494,36.6063],[139.4489,36.6065],[139.4486,36.6065],[139.4484,36.6066],[139.4482,36.6067],[139.448,36.6067],[139.4478,36.6067],[139.4477,36.6068],[139.4476,36.6068],[139.4475,36.607],[139.4474,36.6071],[139.4474,36.6071],[139.4472,36.6072],[139.447,36.6072],[139.4468,36.6072],[139.4465,36.6073],[139.4461,36.6075],[139.446,36.6075],[139.4459,36.6075],[139.4457,36.6075],[139.4454,36.6075],[139.4453,36.6074],[139.4452,36.6074],[139.445,36.6073],[139.4449,36.6072],[139.4443,36.6065],[139.444,36.6061],[139.4439,36.606],[139.4438,36.606],[139.4437,36.606],[139.4435,36.6059],[139.4433,36.6059],[139.4431,36.6059],[139.4429,36.6059],[139.4427,36.6059],[139.4426,36.6059],[139.4424,36.6058],[139.4422,36.6057],[139.4421,36.6056],[139.442,36.6056],[139.4417,36.6055],[139.4417,36.6055],[139.4415,36.6055],[139.4407,36.6049],[139.4402,36.6048],[139.4399,36.6046],[139.4397,36.6045],[139.4397,36.6045],[139.4394,36.6045],[139.4392,36.6045],[139.4388,36.6044],[139.4384,36.6043],[139.4383,36.6043],[139.4382,36.6042],[139.4379,36.6039],[139.4378,36.6037],[139.4377,36.6035],[139.4377,36.6033],[139.4376,36.6028],[139.4375,36.6025],[139.4374,36.6024],[139.4372,36.6023],[139.4367,36.602],[139.4363,36.6017],[139.4361,36.6017],[139.4361,36.6017],[139.4357,36.6018],[139.4355,36.6018],[139.4354,36.6018],[139.4353,36.6017],[139.4351,36.6017],[139.435,36.6017],[139.4348,36.6017],[139.4341,36.6018],[139.4334,36.6018],[139.4333,36.6018],[139.4333,36.6018],[139.4323,36.6018],[139.432,36.6017],[139.4317,36.6016],[139.4314,36.6017],[139.4307,36.6017],[139.4303,36.6017],[139.43,36.6017],[139.4299,36.6016],[139.4297,36.6014],[139.4294,36.6013],[139.4287,36.6012],[139.4282,36.601],[139.4278,36.601],[139.4272,36.6011],[139.4269,36.6011],[139.4267,36.6012],[139.4267,36.6014],[139.4266,36.6016],[139.4264,36.6017],[139.4263,36.602],[139.4263,36.6023],[139.4262,36.6026],[139.426,36.6027],[139.4257,36.6028],[139.4255,36.603],[139.4254,36.6032],[139.4251,36.6033],[139.425,36.6033],[139.425,36.6033],[139.4249,36.6034],[139.4247,36.6035],[139.4244,36.6035],[139.4236,36.6034],[139.4227,36.6035],[139.4221,36.6035],[139.4219,36.6035],[139.4217,36.6035],[139.4216,36.6036],[139.4215,36.6038],[139.4214,36.6039],[139.4213,36.6039],[139.4209,36.6039],[139.4205,36.6038],[139.4202,36.6038],[139.42,36.6038],[139.4197,36.604],[139.4193,36.6042],[139.419,36.6043],[139.4188,36.6044],[139.4187,36.6044],[139.4183,36.6045],[139.418,36.6045],[139.4177,36.6046],[139.4174,36.6046],[139.4174,36.6047],[139.4171,36.6048],[139.4168,36.6051],[139.4167,36.6052],[139.4167,36.6052],[139.4165,36.6053],[139.4163,36.6054],[139.4159,36.6055],[139.4155,36.6056],[139.4152,36.6058],[139.415,36.6058],[139.4149,36.6059],[139.4146,36.6062],[139.4143,36.6065],[139.414,36.6068],[139.4138,36.607],[139.4136,36.6072],[139.4134,36.6073],[139.4132,36.6075],[139.4131,36.6076],[139.4129,36.6077],[139.4128,36.608],[139.4125,36.6081],[139.4124,36.6081],[139.4122,36.6081],[139.4119,36.608],[139.4115,36.6078],[139.4111,36.6078],[139.4106,36.6078],[139.4104,36.6078],[139.4101,36.608],[139.4095,36.6083],[139.4093,36.6083],[139.4093,36.6083],[139.4091,36.6084],[139.4089,36.6085],[139.4085,36.6085],[139.4083,36.6085],[139.4083,36.6085],[139.4083,36.6085],[139.4083,36.6084],[139.4081,36.6084],[139.4078,36.6083],[139.4078,36.6083],[139.4078,36.6083],[139.4077,36.6083],[139.4077,36.6083],[139.4075,36.6084],[139.4071,36.6084],[139.4068,36.6084],[139.4066,36.6085],[139.4063,36.6085],[139.406,36.6087],[139.4059,36.6087],[139.4057,36.6088],[139.4055,36.6088],[139.405,36.6089],[139.4046,36.6088],[139.4044,36.6088],[139.4041,36.6088],[139.4037,36.6088],[139.4036,36.6088],[139.4037,36.6087],[139.4039,36.6083],[139.4039,36.6083],[139.404,36.6081],[139.4043,36.6079],[139.4046,36.6078],[139.4048,36.6077],[139.4049,36.6076],[139.405,36.6076],[139.4053,36.6075],[139.4055,36.6075],[139.4056,36.6074],[139.4058,36.6072],[139.4059,36.6069],[139.4059,36.6067],[139.4059,36.6066],[139.4061,36.6065],[139.4063,36.6062],[139.4066,36.6057],[139.4066,36.6054],[139.4066,36.6051],[139.4065,36.6048],[139.4064,36.6048],[139.4064,36.6048],[139.4063,36.6048],[139.4058,36.6048],[139.4057,36.6048],[139.4054,36.6048],[139.4052,36.6048],[139.405,36.6047],[139.4048,36.6046],[139.4046,36.6044],[139.4044,36.6043],[139.4041,36.6042],[139.4039,36.6041],[139.4038,36.604],[139.4036,36.6038],[139.4031,36.6036],[139.4028,36.6035],[139.4026,36.6035],[139.4023,36.6036],[139.4018,36.6036],[139.4016,36.6036],[139.4016,36.6036],[139.4013,36.6035],[139.401,36.6033],[139.4008,36.6032],[139.4006,36.603],[139.4004,36.6029],[139.4002,36.6029],[139.4,36.6029],[139.4,36.6029],[139.4,36.6029],[139.3999,36.6029],[139.3997,36.6028],[139.3994,36.6026],[139.3987,36.6022],[139.3982,36.602],[139.3979,36.6021],[139.3978,36.6021],[139.3977,36.6022],[139.3975,36.6023],[139.3975,36.6024],[139.3973,36.6025],[139.3971,36.6026],[139.3968,36.6028],[139.3968,36.6029],[139.3967,36.6031],[139.3966,36.6032],[139.3963,36.6033],[139.396,36.6034],[139.3954,36.6034],[139.3952,36.6035],[139.3949,36.6036],[139.3944,36.6041],[139.3939,36.6045],[139.3936,36.6048],[139.3934,36.605],[139.3931,36.6054],[139.393,36.6055],[139.3929,36.6058],[139.3926,36.6059],[139.392,36.6061],[139.3918,36.6062],[139.3918,36.6063],[139.3917,36.6064],[139.3917,36.6066],[139.3918,36.6068],[139.3918,36.607],[139.3917,36.6071],[139.3917,36.6071],[139.3917,36.6071],[139.3915,36.6073],[139.391,36.6077],[139.3904,36.6081],[139.3903,36.6083],[139.3903,36.6083],[139.3902,36.6085],[139.39,36.6088],[139.3894,36.6094],[139.3888,36.6102],[139.3887,36.6103],[139.3878,36.6111],[139.387,36.6118],[139.3867,36.612],[139.3864,36.612],[139.3861,36.612],[139.3856,36.6119],[139.3852,36.6119],[139.3849,36.6119],[139.3847,36.6119],[139.3844,36.6119],[139.3842,36.6119],[139.384,36.6119],[139.3838,36.612],[139.3836,36.612],[139.3835,36.6121],[139.3833,36.612],[139.3833,36.612],[139.3833,36.612],[139.3831,36.612],[139.3829,36.6121],[139.3827,36.6122],[139.3824,36.6123],[139.3824,36.6123],[139.3821,36.6124],[139.3819,36.6125],[139.3812,36.6126],[139.3807,36.6127],[139.3804,36.6128],[139.3801,36.6128],[139.3799,36.6129],[139.3796,36.613],[139.3794,36.6131],[139.3793,36.6131],[139.3792,36.6131],[139.3789,36.613],[139.3787,36.6129],[139.3787,36.6129],[139.3785,36.6129],[139.3779,36.6129],[139.3777,36.6128],[139.3773,36.6127],[139.3768,36.6125],[139.3765,36.6124],[139.3762,36.6123],[139.3755,36.6123],[139.3753,36.6123],[139.375,36.6122],[139.375,36.6122],[139.375,36.6122],[139.3748,36.6122],[139.3743,36.6121],[139.374,36.6121],[139.3737,36.6121],[139.3733,36.6121],[139.373,36.6121],[139.3724,36.612],[139.3718,36.612],[139.3716,36.612],[139.3715,36.612],[139.3714,36.612],[139.3712,36.6121],[139.3711,36.6122],[139.3711,36.6122],[139.3709,36.6123],[139.3709,36.6124],[139.3708,36.6125],[139.3707,36.6126],[139.3705,36.6128],[139.3704,36.6128],[139.3703,36.6129],[139.3701,36.613],[139.3699,36.613],[139.3696,36.613],[139.3694,36.6131],[139.3692,36.6131],[139.3689,36.613],[139.3688,36.6129],[139.3687,36.6129],[139.3686,36.6128],[139.3684,36.6128],[139.3683,36.6127],[139.3681,36.6126],[139.3679,36.6125],[139.3677,36.6125],[139.3675,36.6125],[139.3673,36.6126],[139.367,36.6127],[139.3669,36.6128],[139.3667,36.6129],[139.3667,36.6129],[139.3666,36.6129],[139.3664,36.613],[139.3661,36.6131],[139.3659,36.6132],[139.3658,36.6132],[139.3657,36.6133],[139.3653,36.6134],[139.365,36.6136],[139.3648,36.6137],[139.3646,36.6137],[139.3645,36.6138],[139.3643,36.6138],[139.3642,36.6139],[139.3639,36.6141],[139.3637,36.6142],[139.3635,36.6142],[139.3633,36.6143],[139.3632,36.6143],[139.363,36.6143],[139.3629,36.6142],[139.3628,36.6142],[139.3627,36.6141],[139.3625,36.6141],[139.3623,36.614],[139.362,36.614],[139.3617,36.614],[139.3614,36.6139],[139.3611,36.6139],[139.3608,36.6138],[139.3606,36.6138],[139.3604,36.6137],[139.36,36.6137],[139.3599,36.6136],[139.3596,36.6136],[139.3595,36.6136],[139.3593,36.6136],[139.3592,36.6136],[139.359,36.6136],[139.3587,36.6137],[139.3586,36.6138],[139.3583,36.6138],[139.3583,36.6138],[139.3583,36.6138],[139.3582,36.6139],[139.358,36.614],[139.3579,36.614],[139.3577,36.6141],[139.3576,36.6142],[139.3574,36.6143],[139.3571,36.6144],[139.3569,36.6145],[139.3563,36.6147],[139.3561,36.6147],[139.3559,36.6147],[139.3557,36.6147],[139.3556,36.6146],[139.3556,36.6146],[139.3555,36.6146],[139.3553,36.6145],[139.3552,36.6145],[139.3551,36.6145],[139.355,36.6145],[139.3548,36.6147],[139.3547,36.6147],[139.3546,36.6148],[139.3545,36.6148],[139.3542,36.6148],[139.354,36.6149],[139.3537,36.6149],[139.3535,36.615],[139.3533,36.615],[139.3531,36.615],[139.3528,36.615],[139.3526,36.615],[139.3523,36.6151],[139.3521,36.6152],[139.3519,36.6154],[139.3517,36.6155],[139.3517,36.6156],[139.3515,36.6158],[139.3514,36.616],[139.3512,36.6162],[139.351,36.6165],[139.3509,36.6166],[139.3509,36.6167],[139.3509,36.6167],[139.3508,36.6168],[139.3507,36.6169],[139.3506,36.6171],[139.3505,36.6172],[139.3504,36.6173],[139.3503,36.6174],[139.3501,36.6176],[139.35,36.6177],[139.35,36.6177],[139.3499,36.6178],[139.3498,36.6179],[139.3496,36.618],[139.3493,36.6182],[139.3491,36.6184],[139.3488,36.6185],[139.3485,36.6187],[139.3483,36.6188],[139.348,36.6189],[139.3478,36.619],[139.3476,36.6191],[139.3475,36.6192],[139.3474,36.6193],[139.3473,36.6194],[139.3472,36.6195],[139.3471,36.6196],[139.347,36.6198],[139.3469,36.62],[139.3468,36.6201],[139.3467,36.6203],[139.3467,36.6205],[139.3466,36.6207],[139.3466,36.6209],[139.3466,36.6211],[139.3466,36.6212],[139.3466,36.6214],[139.3466,36.6215],[139.3465,36.6216],[139.3466,36.6217],[139.3466,36.6218],[139.3467,36.622],[139.3468,36.6221],[139.3468,36.6221],[139.3467,36.6222],[139.3466,36.6224],[139.3464,36.6225],[139.3464,36.6225],[139.3463,36.6226],[139.3462,36.6226],[139.3461,36.6227],[139.3461,36.6227],[139.346,36.6228],[139.3459,36.6229],[139.3458,36.6231],[139.3458,36.6232],[139.3457,36.6233],[139.3457,36.6235],[139.3457,36.6237],[139.3458,36.6239],[139.3458,36.6242],[139.3459,36.6245],[139.3459,36.6246],[139.3459,36.6246],[139.3459,36.6249],[139.3459,36.625],[139.3459,36.625],[139.3459,36.6251],[139.3459,36.6253],[139.3458,36.6256],[139.3458,36.6257],[139.3458,36.6258],[139.3457,36.6259],[139.3455,36.6258],[139.3453,36.6258],[139.3453,36.6258],[139.3452,36.6258],[139.3449,36.6257],[139.3447,36.6257],[139.3445,36.6256],[139.3442,36.6256],[139.3439,36.6256],[139.3438,36.6256],[139.3436,36.6256],[139.3434,36.6256],[139.3432,36.6256],[139.3431,36.6256],[139.343,36.6256],[139.3428,36.6256],[139.3426,36.6257],[139.3423,36.6258],[139.342,36.6258],[139.3418,36.6259],[139.3417,36.626],[139.3417,36.626],[139.3416,36.626],[139.3413,36.626],[139.3411,36.626],[139.3407,36.6261],[139.3405,36.6261],[139.3403,36.6261],[139.3401,36.6262],[139.34,36.6262],[139.3397,36.6262],[139.3395,36.6263],[139.3394,36.6264],[139.3393,36.6265],[139.3392,36.6266],[139.3391,36.6267],[139.339,36.6268],[139.3389,36.627],[139.3388,36.6271],[139.3387,36.6272],[139.3386,36.6273],[139.3385,36.6273],[139.3383,36.6274],[139.3382,36.6274],[139.338,36.6274],[139.3377,36.6273],[139.3376,36.6273],[139.3374,36.6273],[139.3373,36.6273],[139.3371,36.6273],[139.3369,36.6273],[139.3367,36.6273],[139.3365,36.6274],[139.3363,36.6274],[139.3361,36.6275],[139.3358,36.6275],[139.3355,36.6275],[139.3353,36.6275],[139.3351,36.6275],[139.3346,36.6275],[139.3344,36.6276],[139.3341,36.6276],[139.3338,36.6276],[139.3336,36.6276],[139.3335,36.6276],[139.3333,36.6276],[139.3333,36.6276],[139.3333,36.6276],[139.3333,36.6276],[139.3332,36.6275],[139.333,36.6273],[139.333,36.6273],[139.3329,36.6273],[139.3328,36.6272],[139.3327,36.6271],[139.3326,36.627],[139.3324,36.627],[139.3322,36.6269],[139.3319,36.6269],[139.3318,36.6269],[139.3314,36.6269],[139.331,36.627],[139.3307,36.6271],[139.3304,36.6272],[139.3301,36.6274],[139.3299,36.6275],[139.3297,36.6276],[139.3296,36.6277],[139.3295,36.6278],[139.3295,36.6279],[139.3296,36.628],[139.3296,36.6282],[139.3296,36.6283],[139.3296,36.6285],[139.3295,36.6286],[139.3294,36.6288],[139.3294,36.6289],[139.3293,36.6291],[139.3293,36.6293],[139.3293,36.6296],[139.3293,36.6297],[139.3292,36.63],[139.3292,36.6303],[139.3291,36.6305],[139.3291,36.6307],[139.3289,36.6311],[139.3289,36.6314],[139.3288,36.6315],[139.3287,36.6318],[139.3287,36.632],[139.3287,36.6322],[139.3285,36.6325],[139.3285,36.6327],[139.3284,36.6329],[139.3282,36.6332],[139.3282,36.6333],[139.3282,36.6333],[139.3281,36.6334],[139.3281,36.6337],[139.3282,36.6338],[139.3282,36.6339],[139.3283,36.634],[139.3284,36.634],[139.3284,36.6341],[139.3285,36.6341],[139.3285,36.6342],[139.3287,36.6344],[139.3287,36.6345],[139.3288,36.6346],[139.3289,36.6348],[139.3289,36.6349],[139.329,36.635],[139.329,36.6351],[139.3291,36.6352],[139.3291,36.6353],[139.3291,36.6353],[139.329,36.6354],[139.329,36.6355],[139.3289,36.6356],[139.3288,36.6356],[139.3288,36.6357],[139.3288,36.6357],[139.3288,36.6358],[139.3288,36.6359],[139.3288,36.636],[139.3288,36.636],[139.3288,36.6361],[139.3287,36.6361],[139.3286,36.6362],[139.3285,36.6363],[139.3285,36.6363],[139.3285,36.6364],[139.3285,36.6365],[139.3285,36.6366],[139.3286,36.6367],[139.3286,36.6368],[139.3287,36.6369],[139.3287,36.637],[139.3287,36.6371],[139.3287,36.6372],[139.3287,36.6374],[139.3287,36.6376],[139.3287,36.6377],[139.3288,36.6379],[139.3288,36.6381],[139.3288,36.6382],[139.3289,36.6383],[139.329,36.6384],[139.3291,36.6385],[139.3292,36.6386],[139.3293,36.6386],[139.3294,36.6387],[139.3295,36.6387],[139.3295,36.6387],[139.3296,36.6388],[139.3296,36.6389],[139.3297,36.639],[139.3297,36.639],[139.3297,36.6391],[139.3296,36.6392],[139.3296,36.6393],[139.3295,36.6394],[139.3294,36.6395],[139.3294,36.6396],[139.3293,36.6397],[139.3293,36.6398],[139.3293,36.6398],[139.3294,36.6399],[139.3294,36.6399],[139.3294,36.6399],[139.3295,36.64],[139.3296,36.6401],[139.3296,36.6401],[139.3297,36.6402],[139.3298,36.6403],[139.3298,36.6403],[139.3299,36.6404],[139.3299,36.6405],[139.33,36.6407],[139.3301,36.6408],[139.3301,36.6409],[139.3302,36.641],[139.3302,36.6411],[139.3302,36.6412],[139.3302,36.6413],[139.3303,36.6414],[139.3303,36.6414],[139.3303,36.6415],[139.3303,36.6416],[139.3304,36.6417],[139.3304,36.6417],[139.3304,36.6417],[139.3304,36.6418],[139.3305,36.642],[139.3305,36.6421],[139.3305,36.6423],[139.3305,36.6424],[139.3305,36.6425],[139.3305,36.6426],[139.3305,36.6429],[139.3304,36.643],[139.3303,36.6432],[139.3303,36.6433],[139.3302,36.6435],[139.33,36.6437],[139.33,36.6438],[139.3299,36.6439],[139.3297,36.6442],[139.3297,36.6444],[139.3296,36.6445],[139.3295,36.6446],[139.3294,36.6448],[139.3292,36.6449],[139.3291,36.6451],[139.329,36.6452],[139.3288,36.6454],[139.3288,36.6455],[139.3287,36.6455],[139.3287,36.6456],[139.3287,36.6457],[139.3287,36.6458],[139.3287,36.646],[139.3287,36.6462],[139.3287,36.6463],[139.3287,36.6465],[139.3288,36.6467],[139.3288,36.6468],[139.3288,36.6469],[139.3288,36.6471],[139.3288,36.6473],[139.3288,36.6474],[139.3288,36.6476],[139.3287,36.6478],[139.3287,36.648],[139.3285,36.6481],[139.3284,36.6482],[139.3282,36.6483],[139.328,36.6484],[139.3277,36.6486],[139.3275,36.6487],[139.3273,36.6488],[139.3273,36.6489],[139.3274,36.649],[139.3275,36.6493],[139.3275,36.6494],[139.3275,36.6494],[139.3275,36.6496],[139.3275,36.6497],[139.3273,36.6499],[139.3273,36.65],[139.3273,36.65],[139.3272,36.6501],[139.3271,36.6502],[139.3269,36.6503],[139.3267,36.6505],[139.3266,36.6506],[139.3266,36.6507],[139.3266,36.6509],[139.3266,36.651],[139.3267,36.6511],[139.3267,36.6512],[139.3269,36.6515],[139.327,36.6516],[139.3271,36.6517],[139.3273,36.6518],[139.3275,36.652],[139.3277,36.652],[139.3279,36.652],[139.3281,36.6521],[139.3282,36.6521],[139.3283,36.6522],[139.3284,36.6522],[139.3285,36.6524],[139.3285,36.6525],[139.3286,36.6526],[139.3286,36.6528],[139.3286,36.653],[139.3285,36.6531],[139.3285,36.6532],[139.3284,36.6533],[139.3284,36.6534],[139.3284,36.6535],[139.3283,36.6535],[139.3282,36.6537],[139.328,36.6539],[139.3279,36.654],[139.3278,36.6542],[139.3278,36.6543],[139.3277,36.6546],[139.3277,36.6548],[139.3277,36.655],[139.3277,36.6552],[139.3276,36.6554],[139.3276,36.6555],[139.3276,36.6557],[139.3275,36.6559],[139.3274,36.656],[139.3273,36.6562],[139.3272,36.6563],[139.3271,36.6566],[139.327,36.6567],[139.3268,36.6568],[139.3268,36.657],[139.3268,36.657],[139.3267,36.6571],[139.3268,36.6572],[139.327,36.6574],[139.3271,36.6575],[139.3273,36.6576],[139.3273,36.6577],[139.3275,36.6579],[139.3276,36.6581],[139.3277,36.6583],[139.3277,36.6583],[139.3277,36.6583],[139.3278,36.6584],[139.328,36.6586],[139.3281,36.6586],[139.3282,36.6587],[139.3283,36.6588],[139.3284,36.659],[139.3285,36.6591],[139.3285,36.6592],[139.3285,36.6593],[139.3285,36.6594],[139.3286,36.6595],[139.3287,36.6596],[139.3288,36.6597],[139.329,36.6599],[139.3291,36.66],[139.3293,36.6602],[139.3294,36.6603],[139.3295,36.6604],[139.3296,36.6605],[139.3296,36.6607],[139.3296,36.6608],[139.3296,36.6609],[139.3295,36.661],[139.3295,36.6611],[139.3295,36.6612],[139.3295,36.6613],[139.3296,36.6614],[139.3296,36.6614],[139.3297,36.6615],[139.3297,36.6616],[139.3296,36.6617],[139.3296,36.6618],[139.3296,36.6619],[139.3296,36.662],[139.3296,36.6622],[139.3297,36.6623],[139.3298,36.6623],[139.3298,36.6624],[139.3298,36.6625],[139.3299,36.6626],[139.3299,36.6627],[139.33,36.6628],[139.3301,36.6631],[139.3302,36.6632],[139.3303,36.6634],[139.3304,36.6635],[139.3304,36.6636],[139.3305,36.6636],[139.3306,36.6637],[139.3307,36.6638],[139.3307,36.6639],[139.3308,36.6639],[139.3309,36.664],[139.331,36.664],[139.3312,36.6641],[139.3314,36.6642],[139.3315,36.6643],[139.3317,36.6643],[139.3319,36.6644],[139.3322,36.6645],[139.3326,36.6647],[139.3329,36.6649],[139.3331,36.6649],[139.3332,36.6651],[139.3333,36.6651],[139.3333,36.6651],[139.3334,36.6651],[139.3335,36.6652],[139.3337,36.6653],[139.3339,36.6654],[139.334,36.6654],[139.3342,36.6655],[139.3345,36.6656],[139.3345,36.6657],[139.3345,36.6658],[139.3345,36.6659],[139.3344,36.6661],[139.3344,36.6662],[139.3342,36.6664],[139.3341,36.6665],[139.334,36.6666],[139.334,36.6667],[139.334,36.6667],[139.3338,36.6668],[139.3338,36.6669],[139.3338,36.667],[139.3338,36.667],[139.3338,36.6671],[139.3338,36.6673],[139.3339,36.6675],[139.334,36.6677],[139.3341,36.6678],[139.3342,36.6679],[139.3342,36.668],[139.3343,36.6682],[139.3344,36.6684],[139.3345,36.6686],[139.3346,36.6686],[139.3346,36.6687],[139.3347,36.6688],[139.3347,36.6689],[139.3348,36.669],[139.3348,36.669],[139.3349,36.6691],[139.335,36.6692],[139.335,36.6694],[139.3351,36.6695],[139.3351,36.6696],[139.3352,36.6697],[139.3352,36.6698],[139.3355,36.6701],[139.3357,36.6703],[139.3357,36.6705],[139.3357,36.6707],[139.3356,36.671],[139.3355,36.6713],[139.3354,36.6715],[139.3352,36.6722],[139.3349,36.6731],[139.3348,36.6736],[139.3349,36.6741],[139.3349,36.6742],[139.3349,36.6745],[139.3352,36.675],[139.3352,36.675],[139.3356,36.6756],[139.3358,36.6761],[139.3358,36.6764],[139.3362,36.6769],[139.3366,36.6771],[139.3373,36.6773],[139.3375,36.6774],[139.3378,36.6777],[139.3381,36.6779],[139.3387,36.6782],[139.3393,36.6783],[139.3393,36.6784],[139.3393,36.6785],[139.3392,36.6787],[139.3391,36.679],[139.3388,36.6797],[139.3387,36.68],[139.3386,36.6803],[139.3381,36.6806],[139.3373,36.6813],[139.3371,36.6815],[139.337,36.6817],[139.3368,36.682],[139.3367,36.6822],[139.3367,36.6824],[139.3369,36.6827],[139.337,36.683],[139.3373,36.6833],[139.3373,36.6833],[139.3373,36.6833],[139.3382,36.6842],[139.3391,36.685],[139.3393,36.6853],[139.3392,36.6857],[139.3391,36.6862],[139.339,36.6863],[139.3388,36.6867],[139.3386,36.6872],[139.3386,36.6872],[139.3383,36.6884],[139.3381,36.6893],[139.338,36.6894],[139.3372,36.6899],[139.3371,36.69],[139.3371,36.6902],[139.337,36.6913],[139.337,36.6914],[139.3369,36.6917],[139.3369,36.6917],[139.3369,36.6921],[139.3369,36.6924],[139.3371,36.6926],[139.3373,36.6928],[139.3379,36.6931],[139.3388,36.6934],[139.3395,36.6936],[139.3397,36.6936],[139.341,36.6941],[139.3413,36.6944],[139.3417,36.6948],[139.3417,36.6948],[139.3417,36.6948],[139.3419,36.695],[139.3419,36.695],[139.3423,36.6957],[139.3425,36.6959],[139.3429,36.6963],[139.3434,36.6966],[139.3435,36.6969],[139.3436,36.6971],[139.3436,36.6972],[139.3437,36.6974],[139.344,36.6975],[139.3443,36.6977],[139.3449,36.6979],[139.3454,36.6981],[139.3459,36.6983],[139.3462,36.6986],[139.3468,36.6988],[139.3474,36.6991],[139.3476,36.6992],[139.3477,36.6992],[139.3482,36.6996],[139.3486,36.6997],[139.3487,36.6998],[139.3489,36.7],[139.3489,36.7],[139.3491,36.7003],[139.3493,36.7006],[139.3496,36.7008],[139.35,36.7011],[139.35,36.7011],[139.3506,36.7017],[139.352,36.7031],[139.3522,36.7034],[139.3524,36.7041],[139.3524,36.7043],[139.3528,36.7046],[139.3531,36.7047],[139.3533,36.7049],[139.354,36.7055],[139.3547,36.7059],[139.3549,36.706],[139.3554,36.7063],[139.3561,36.7069],[139.3563,36.7071],[139.3565,36.7075],[139.3566,36.7077],[139.3566,36.708],[139.3566,36.7082],[139.3565,36.7083],[139.3565,36.7083],[139.3564,36.7086],[139.3562,36.7089],[139.356,36.7093],[139.3554,36.7099],[139.356,36.7105],[139.3563,36.7107],[139.3569,36.7111],[139.3572,36.7114],[139.3574,36.7114],[139.3577,36.7114],[139.3579,36.7115],[139.3582,36.7122],[139.3583,36.7126],[139.3583,36.7126],[139.3583,36.7127],[139.3584,36.7129],[139.3585,36.7131],[139.3586,36.7132],[139.359,36.7133],[139.3599,36.7135],[139.3607,36.7136],[139.3608,36.7136],[139.3609,36.7136],[139.3611,36.7135],[139.3611,36.7135],[139.3611,36.7136],[139.3611,36.7137],[139.361,36.7139],[139.3608,36.7141],[139.3603,36.7147],[139.3601,36.7149],[139.36,36.7157],[139.3599,36.7159],[139.3599,36.7161],[139.3597,36.7166],[139.3597,36.7167],[139.3597,36.7167],[139.3597,36.7167],[139.3601,36.717],[139.3609,36.7175],[139.3611,36.7177],[139.3628,36.7182],[139.3629,36.7183],[139.3633,36.7185],[139.3635,36.7187],[139.3644,36.7192],[139.3648,36.7196],[139.3649,36.7197],[139.3648,36.7205],[139.3649,36.7214],[139.365,36.7216],[139.3648,36.7224],[139.3648,36.7228],[139.3649,36.7231],[139.3651,36.7233],[139.3653,36.7236],[139.3661,36.724],[139.3667,36.7244],[139.3667,36.7244],[139.3669,36.7246],[139.3669,36.725],[139.3669,36.725],[139.3669,36.7256],[139.3668,36.7257],[139.3667,36.7257],[139.3667,36.7257],[139.3663,36.7258],[139.3661,36.7258],[139.3659,36.726],[139.3658,36.7264],[139.3658,36.7264],[139.3658,36.7268],[139.3658,36.727],[139.3657,36.7272],[139.3656,36.7276],[139.3654,36.7279],[139.3654,36.728],[139.3652,36.7281],[139.3649,36.7287],[139.3648,36.7289],[139.3648,36.7291],[139.3649,36.7294],[139.365,36.7296],[139.365,36.7298],[139.365,36.7299],[139.3648,36.7303],[139.3648,36.7305],[139.3648,36.7305],[139.3648,36.7306],[139.365,36.7307],[139.3651,36.7309],[139.3655,36.7321],[139.3655,36.7324],[139.3654,36.7326],[139.3655,36.7328],[139.3655,36.7328],[139.3656,36.733],[139.3657,36.7331],[139.366,36.7332],[139.3662,36.7333],[139.3662,36.7333],[139.3667,36.7336],[139.3667,36.7336],[139.3671,36.7339],[139.3672,36.734],[139.3674,36.7343],[139.3675,36.7345],[139.3675,36.7348],[139.3675,36.7354],[139.3674,36.7357],[139.3673,36.7359],[139.3672,36.7361],[139.367,36.7365],[139.367,36.7367],[139.367,36.7368],[139.3671,36.737],[139.3682,36.7376],[139.3683,36.7378],[139.3683,36.7379],[139.3683,36.7381],[139.3682,36.7387],[139.3682,36.7395],[139.3682,36.7398],[139.3683,36.74],[139.3683,36.7402],[139.3681,36.7408],[139.3681,36.7409],[139.368,36.7411],[139.368,36.7414],[139.3681,36.7417],[139.3681,36.7417],[139.3681,36.7418],[139.3682,36.742],[139.3688,36.7424],[139.3691,36.7428],[139.3692,36.743],[139.3694,36.7435],[139.3696,36.7439],[139.3698,36.7441],[139.37,36.7444],[139.3702,36.7448],[139.3703,36.745],[139.3704,36.7451],[139.3707,36.7452],[139.371,36.7454],[139.3718,36.7457],[139.3718,36.7457],[139.372,36.7457],[139.3721,36.7459],[139.3723,36.7461],[139.3725,36.7463],[139.3725,36.7465],[139.3724,36.7466],[139.3722,36.7467],[139.372,36.7468],[139.3718,36.7468],[139.3712,36.7468],[139.3707,36.7467],[139.3707,36.7467],[139.3701,36.7467],[139.3697,36.7467],[139.3691,36.7468],[139.3679,36.7472],[139.3671,36.7474],[139.3667,36.7476],[139.3667,36.7476],[139.3664,36.7477],[139.3658,36.7479],[139.3654,36.7479],[139.3652,36.7478],[139.3639,36.7477],[139.3629,36.7477],[139.3625,36.7478],[139.3622,36.7479],[139.3615,36.7486],[139.3614,36.7487],[139.3612,36.7488],[139.3607,36.7491],[139.3604,36.7491],[139.3596,36.7495],[139.3588,36.7497],[139.3583,36.7497],[139.3583,36.7497],[139.3583,36.7497],[139.3577,36.7497],[139.3573,36.75],[139.3573,36.75],[139.3572,36.7501],[139.3569,36.7502],[139.3561,36.7505],[139.3559,36.7506],[139.3559,36.7508],[139.3555,36.7513],[139.3554,36.7516],[139.3553,36.752],[139.3552,36.7526],[139.3551,36.7528],[139.3547,36.7531],[139.3546,36.7532],[139.3545,36.7533],[139.3545,36.7534],[139.3545,36.7535],[139.3546,36.7535],[139.3547,36.7537],[139.3548,36.7539],[139.3548,36.754],[139.3548,36.754],[139.3548,36.7542],[139.3549,36.7545],[139.355,36.7551],[139.3551,36.7553],[139.3551,36.7556],[139.3551,36.7558],[139.355,36.7558],[139.3549,36.756],[139.3547,36.7562],[139.3547,36.7565],[139.3547,36.7566],[139.3548,36.7568],[139.3547,36.757],[139.3546,36.7571],[139.3546,36.7574],[139.3546,36.7576],[139.3546,36.7577],[139.3546,36.7579],[139.3546,36.7581],[139.3546,36.7582],[139.3547,36.7583],[139.3547,36.7583],[139.3548,36.7584],[139.3549,36.7586],[139.3549,36.7586],[139.355,36.759],[139.355,36.7595],[139.3551,36.7598],[139.3552,36.7601],[139.3553,36.7602],[139.3552,36.7604],[139.355,36.7605],[139.3548,36.7607],[139.3546,36.7609],[139.3543,36.7611],[139.3539,36.7613],[139.3537,36.7615],[139.3534,36.7616],[139.3529,36.7618],[139.3524,36.7621],[139.3521,36.7622],[139.352,36.7623],[139.3517,36.7625],[139.3513,36.763],[139.351,36.7633],[139.3508,36.7634],[139.3508,36.7635],[139.3508,36.7636],[139.3508,36.7637],[139.3509,36.7638],[139.3511,36.764],[139.3514,36.7643],[139.3516,36.7645],[139.3518,36.7647],[139.3519,36.7647],[139.3522,36.7649],[139.3526,36.765],[139.3527,36.7651],[139.3527,36.7652],[139.3528,36.7653],[139.353,36.7656],[139.3531,36.7658],[139.3531,36.766],[139.3531,36.7661],[139.3531,36.7664],[139.3531,36.7666],[139.3531,36.7667],[139.3531,36.7667],[139.3531,36.7667],[139.3532,36.767],[139.3532,36.7672],[139.3533,36.7673],[139.3534,36.7674],[139.3537,36.7678],[139.3538,36.768],[139.3539,36.7682],[139.3542,36.7687],[139.3544,36.7691],[139.3545,36.7693],[139.3545,36.7694],[139.3544,36.7697],[139.3544,36.7698],[139.3543,36.7699],[139.3541,36.7702],[139.3539,36.7704],[139.3538,36.7705],[139.3538,36.7707],[139.3537,36.7709],[139.3535,36.7715],[139.3533,36.7718],[139.3531,36.7725],[139.353,36.7726],[139.353,36.7729],[139.353,36.7731],[139.353,36.7734],[139.3531,36.7736],[139.3532,36.7739],[139.3533,36.774],[139.3534,36.7741],[139.3536,36.7741],[139.3544,36.7742],[139.3549,36.7742],[139.3554,36.7743],[139.356,36.7743],[139.3563,36.7743],[139.3565,36.7743],[139.3566,36.7743],[139.3567,36.7743],[139.3568,36.7743],[139.3571,36.7742],[139.3574,36.7743],[139.3578,36.7743],[139.3582,36.7744],[139.3583,36.7744],[139.3583,36.7744],[139.3585,36.7744],[139.3588,36.7746],[139.3591,36.7747],[139.3597,36.775],[139.3597,36.775],[139.3597,36.775],[139.3599,36.7752],[139.3601,36.7754],[139.3602,36.7755],[139.3602,36.7757],[139.3603,36.7759],[139.3606,36.7764],[139.3608,36.7768],[139.3612,36.7774],[139.3616,36.7779],[139.3619,36.7782],[139.3621,36.7785],[139.3623,36.7788],[139.3623,36.779],[139.3623,36.7792],[139.3622,36.7794],[139.3621,36.7796],[139.3621,36.7798],[139.3621,36.7799],[139.3622,36.7802],[139.3622,36.7805],[139.3623,36.7807],[139.3623,36.7808],[139.3624,36.7808],[139.3625,36.7809],[139.3628,36.781],[139.363,36.7811],[139.3633,36.7813],[139.3636,36.7815],[139.3637,36.7816],[139.3639,36.7817],[139.3641,36.7817],[139.3645,36.7819],[139.3648,36.782],[139.365,36.7821],[139.3652,36.7821],[139.3653,36.7822],[139.3657,36.7827],[139.3659,36.7829],[139.366,36.783],[139.3663,36.7831],[139.3665,36.7832],[139.3667,36.7832],[139.3667,36.7832],[139.3669,36.7833],[139.3669,36.7833],[139.3671,36.7834],[139.3672,36.7835],[139.3674,36.7836],[139.3675,36.7837],[139.3676,36.7838],[139.3677,36.7838],[139.3678,36.7837],[139.3681,36.7835],[139.3685,36.7833],[139.3685,36.7833],[139.3685,36.7833],[139.3691,36.7832],[139.3698,36.7829],[139.3699,36.7829],[139.3703,36.783],[139.3705,36.7831],[139.371,36.7832],[139.3714,36.7832],[139.3718,36.7833],[139.372,36.7833],[139.372,36.7833],[139.3724,36.7835],[139.3733,36.7839],[139.3735,36.784],[139.374,36.7842],[139.3742,36.7842],[139.3743,36.7843],[139.3746,36.7845],[139.3746,36.7845],[139.3748,36.7846],[139.375,36.7848],[139.375,36.7848],[139.375,36.7848],[139.3753,36.7852],[139.3754,36.7853],[139.3755,36.7855],[139.3756,36.7856],[139.3756,36.7856],[139.3757,36.7857],[139.3758,36.7857],[139.3758,36.7858],[139.3759,36.7858],[139.376,36.7859],[139.3765,36.7864],[139.3765,36.7865],[139.3765,36.7865],[139.3765,36.7865],[139.3765,36.7866],[139.3765,36.7866],[139.3764,36.7867],[139.3762,36.7867],[139.3761,36.7868],[139.3761,36.7869],[139.376,36.787],[139.3761,36.7871],[139.3761,36.7872],[139.3762,36.7873],[139.3764,36.7874],[139.3766,36.7875],[139.3767,36.7876],[139.3767,36.7877],[139.3768,36.7878],[139.3768,36.7879],[139.3767,36.788],[139.3767,36.788],[139.3766,36.7881],[139.3765,36.7882],[139.3764,36.7883],[139.3763,36.7884],[139.3763,36.7885],[139.3763,36.7885],[139.3763,36.7887],[139.3763,36.7889],[139.3763,36.7889],[139.3762,36.7894],[139.3762,36.7896],[139.3761,36.7897],[139.3761,36.7899],[139.376,36.7899],[139.3758,36.7904],[139.3757,36.7906],[139.3756,36.7908],[139.3756,36.7909],[139.3756,36.7909],[139.3756,36.791],[139.3757,36.7911],[139.3759,36.7912],[139.376,36.7913],[139.376,36.7913],[139.3761,36.7913],[139.3762,36.7914],[139.3764,36.7914],[139.3765,36.7914],[139.3767,36.7914],[139.3773,36.7915],[139.3775,36.7916],[139.3777,36.7917],[139.3777,36.7917],[139.3777,36.7917],[139.3778,36.7917],[139.3779,36.7918],[139.378,36.7919],[139.378,36.792],[139.378,36.7921],[139.378,36.7921],[139.378,36.7923],[139.378,36.7928],[139.3781,36.793],[139.3781,36.7932],[139.378,36.795],[139.3779,36.7958],[139.3779,36.796],[139.3777,36.7965],[139.3777,36.7965],[139.3777,36.7966],[139.3776,36.7966],[139.3776,36.7967],[139.3775,36.7967],[139.3774,36.7967],[139.3773,36.7968],[139.3772,36.7968],[139.3769,36.7969],[139.3766,36.797],[139.3766,36.797],[139.3765,36.7971],[139.3762,36.7972],[139.3761,36.7972],[139.376,36.7973],[139.3759,36.7973],[139.3759,36.7974],[139.3758,36.7975],[139.3758,36.7975],[139.3758,36.7977],[139.3758,36.7977],[139.3758,36.7978],[139.3759,36.7979],[139.3761,36.7987],[139.3761,36.7989],[139.3761,36.7991],[139.3762,36.7991],[139.3762,36.7992],[139.3762,36.7992],[139.3758,36.8],[139.3758,36.8],[139.3758,36.8],[139.3757,36.8002],[139.3756,36.8003],[139.3756,36.8003],[139.3757,36.8004],[139.3757,36.8005],[139.3763,36.8009],[139.377,36.8015],[139.3776,36.8021],[139.3777,36.8023],[139.3782,36.8029],[139.3783,36.8031],[139.3783,36.8032],[139.3783,36.8032],[139.3783,36.8033],[139.3781,36.8034],[139.378,36.8035],[139.3778,36.8036],[139.3776,36.8038],[139.3775,36.8038],[139.3775,36.8039],[139.3775,36.804],[139.3776,36.8041],[139.3776,36.8043],[139.3778,36.8044],[139.3779,36.8044],[139.3781,36.8045],[139.3783,36.8046],[139.3785,36.8046],[139.3787,36.8046],[139.3788,36.8046],[139.3798,36.8046],[139.38,36.8046],[139.3803,36.8046],[139.3808,36.8046],[139.381,36.8047],[139.3811,36.8047],[139.3813,36.8048],[139.3816,36.8048],[139.3817,36.8049],[139.3819,36.8049],[139.3821,36.8049],[139.3823,36.805],[139.3824,36.8051],[139.3825,36.8053],[139.3825,36.8054],[139.3827,36.8055],[139.383,36.8056],[139.3833,36.8057],[139.3833,36.8057],[139.3835,36.8058],[139.3838,36.8058],[139.384,36.8058],[139.3845,36.8058],[139.3849,36.8057],[139.3851,36.8056],[139.3853,36.8056],[139.3855,36.8054],[139.3857,36.8053],[139.3858,36.8052],[139.3862,36.8051],[139.3866,36.8051],[139.3867,36.8051],[139.3869,36.8052],[139.3872,36.8052],[139.3872,36.8053],[139.3874,36.8053],[139.3874,36.8053],[139.3876,36.8053],[139.3877,36.8053],[139.3878,36.8054],[139.3881,36.8054],[139.3883,36.8053],[139.3884,36.8053],[139.3884,36.8052],[139.3885,36.8052],[139.3886,36.8053],[139.3886,36.8053],[139.3886,36.8053],[139.3887,36.8054],[139.3887,36.8055],[139.3888,36.8057],[139.3889,36.806],[139.389,36.8063],[139.389,36.8065],[139.3891,36.8067],[139.3893,36.8069],[139.3897,36.8072],[139.3907,36.8078],[139.3909,36.8079],[139.391,36.808],[139.3911,36.808],[139.3917,36.8083],[139.3917,36.8083],[139.3917,36.8083],[139.3917,36.8083],[139.3924,36.8087],[139.3925,36.8088],[139.3927,36.8089],[139.3929,36.809],[139.3931,36.8092],[139.3932,36.8093],[139.3934,36.8094],[139.3936,36.8096],[139.3937,36.8097],[139.3937,36.8099],[139.3937,36.81],[139.3937,36.81],[139.3936,36.81],[139.3935,36.8101],[139.3934,36.8101],[139.3932,36.8101],[139.393,36.8101],[139.3928,36.8102],[139.3928,36.8102],[139.3927,36.8103],[139.3926,36.8105],[139.3924,36.8107],[139.3922,36.8109],[139.3922,36.8111],[139.3921,36.8112],[139.392,36.8113],[139.3919,36.8113],[139.3918,36.8115],[139.3917,36.8117],[139.3917,36.8117],[139.3917,36.8117],[139.3916,36.8119],[139.3915,36.8121],[139.3914,36.8124],[139.3913,36.8126],[139.3912,36.8126],[139.3912,36.8129],[139.3911,36.813],[139.3911,36.8133],[139.391,36.8135],[139.391,36.8138],[139.391,36.814],[139.391,36.8142],[139.391,36.8143],[139.3911,36.8144],[139.3917,36.8151],[139.3917,36.8151],[139.3918,36.8152],[139.3918,36.8152],[139.392,36.8154],[139.3926,36.816],[139.3926,36.816],[139.3928,36.8162],[139.3929,36.8163],[139.3932,36.8165],[139.3933,36.8167],[139.3933,36.8167],[139.3933,36.8167],[139.3934,36.8169],[139.3935,36.8171],[139.3936,36.8174],[139.3936,36.8176],[139.3938,36.8179],[139.394,36.8181],[139.394,36.8181],[139.3941,36.8181],[139.3943,36.8183],[139.3944,36.8184],[139.3949,36.8187],[139.3953,36.819],[139.3961,36.8195],[139.3962,36.8195],[139.3963,36.8196],[139.3964,36.8198],[139.3965,36.8199],[139.3975,36.8206],[139.3977,36.8207],[139.398,36.8208],[139.3981,36.8208],[139.3983,36.8209],[139.3984,36.8209],[139.3985,36.821],[139.3986,36.8211],[139.3988,36.8212],[139.3989,36.8213],[139.399,36.8213],[139.3991,36.8213],[139.3993,36.8213],[139.3994,36.8214],[139.3996,36.8214],[139.3998,36.8213],[139.4,36.8213],[139.4,36.8213],[139.4001,36.8213],[139.4003,36.8214],[139.4012,36.8215],[139.4015,36.8216],[139.4017,36.8217],[139.4017,36.8218],[139.4018,36.8218],[139.4018,36.8219],[139.4019,36.822],[139.4021,36.8222],[139.4023,36.8224],[139.4026,36.8226],[139.4027,36.8227],[139.403,36.8228],[139.403,36.8228],[139.4032,36.823],[139.4032,36.8231],[139.4032,36.8232],[139.4032,36.8233],[139.4032,36.8235],[139.4033,36.824],[139.4033,36.8241],[139.4034,36.8242],[139.4036,36.8243],[139.404,36.8247],[139.4041,36.8248],[139.4043,36.825],[139.4043,36.825],[139.4044,36.825],[139.4046,36.8252],[139.4048,36.8253],[139.405,36.8254],[139.4052,36.8255],[139.4054,36.8256],[139.4054,36.8256],[139.4054,36.8256],[139.4056,36.8258],[139.4057,36.8259],[139.4058,36.8262],[139.4059,36.8263],[139.4059,36.8264],[139.406,36.8265],[139.4061,36.8265],[139.4062,36.8265],[139.4064,36.8266],[139.4064,36.8266],[139.4066,36.8267],[139.4066,36.8268],[139.4067,36.8269],[139.4067,36.827],[139.4067,36.8271],[139.4067,36.8273],[139.4067,36.8273],[139.4066,36.8274],[139.4065,36.8275],[139.4065,36.8275],[139.4064,36.8276],[139.4063,36.8277],[139.4061,36.8277],[139.4058,36.8278],[139.4056,36.8279],[139.4055,36.828],[139.4054,36.8281],[139.4054,36.8282],[139.4053,36.8283],[139.4052,36.8285],[139.4053,36.8286],[139.4054,36.8286],[139.4056,36.8287],[139.4057,36.8287],[139.4057,36.8288],[139.4057,36.8289],[139.4057,36.8291],[139.4058,36.8293],[139.406,36.8294],[139.4062,36.8294],[139.4063,36.8295],[139.4063,36.8296],[139.4062,36.8298],[139.4061,36.83],[139.4059,36.8302],[139.4055,36.8306],[139.4055,36.8306],[139.4053,36.8308],[139.4052,36.8309],[139.405,36.8311],[139.4047,36.8313],[139.4045,36.8314],[139.4044,36.8315],[139.4042,36.8315],[139.4036,36.8318],[139.4034,36.8319],[139.4032,36.8319],[139.4028,36.832],[139.4025,36.8321],[139.4021,36.8322],[139.4018,36.8322],[139.4016,36.8323],[139.4015,36.8323],[139.4013,36.8325],[139.4012,36.8326],[139.401,36.8327],[139.4009,36.8327],[139.4008,36.8328],[139.4006,36.8328],[139.4005,36.8329],[139.4002,36.833],[139.4,36.833],[139.4,36.833],[139.3999,36.8331],[139.3998,36.8331],[139.3996,36.8331],[139.3995,36.8332],[139.3995,36.8333],[139.3995,36.8333],[139.3994,36.8334],[139.3993,36.8336],[139.3992,36.8338],[139.3989,36.8341],[139.3986,36.8343],[139.3983,36.8344],[139.3982,36.8345],[139.3978,36.8346],[139.3973,36.8347],[139.3973,36.8347],[139.3969,36.8346],[139.3968,36.8345],[139.3964,36.8344],[139.3959,36.8343],[139.3954,36.8342],[139.3951,36.8341],[139.3948,36.834],[139.3947,36.834],[139.3945,36.834],[139.3944,36.834],[139.3941,36.8341],[139.3939,36.8341],[139.3937,36.8342],[139.393,36.8344],[139.3927,36.8344],[139.3926,36.8344],[139.3926,36.8343],[139.3925,36.8342],[139.3925,36.8341],[139.3924,36.834],[139.3924,36.8338],[139.3923,36.8338],[139.3923,36.8336],[139.3922,36.8333],[139.3922,36.8333],[139.3922,36.8333],[139.3922,36.8331],[139.3921,36.8329],[139.3921,36.8329],[139.3921,36.8328],[139.392,36.8327],[139.392,36.8327],[139.3919,36.8326],[139.3918,36.8326],[139.3917,36.8326],[139.3917,36.8326],[139.3916,36.8326],[139.3914,36.8326],[139.3912,36.8326],[139.3911,36.8326],[139.3909,36.8327],[139.3908,36.8327],[139.3906,36.8328],[139.3902,36.833],[139.3899,36.8331],[139.3897,36.8332],[139.3895,36.8333],[139.3893,36.8333],[139.3893,36.8333],[139.3891,36.8334],[139.389,36.8334],[139.3888,36.8335],[139.3885,36.8335],[139.3884,36.8336],[139.3882,36.8336],[139.3879,36.8337],[139.3876,36.8339],[139.3875,36.834],[139.3874,36.8341],[139.3872,36.8343],[139.3871,36.8344],[139.3871,36.8345],[139.3869,36.835],[139.3868,36.8352],[139.3867,36.8355],[139.3865,36.8357],[139.3864,36.8357],[139.3861,36.8357],[139.3858,36.8358],[139.3856,36.8358],[139.3853,36.8359],[139.3851,36.836],[139.3849,36.836],[139.3847,36.836],[139.3844,36.836],[139.3841,36.836],[139.3838,36.8361],[139.3836,36.8361],[139.3834,36.8362],[139.3833,36.8363],[139.3833,36.8363],[139.3832,36.8364],[139.3831,36.8365],[139.3829,36.8366],[139.3827,36.8366],[139.3813,36.8366],[139.381,36.8366],[139.3808,36.8366],[139.3807,36.8367],[139.3805,36.8368],[139.38,36.8372],[139.3798,36.8374],[139.3797,36.8375],[139.3795,36.8375],[139.3791,36.8377],[139.3789,36.8378],[139.3787,36.8379],[139.3784,36.8381],[139.3781,36.8383],[139.3779,36.8385],[139.3775,36.8386],[139.377,36.8388],[139.3768,36.8388],[139.3766,36.8388],[139.3764,36.8388],[139.3761,36.8386],[139.3757,36.8385],[139.375,36.8381],[139.375,36.8381],[139.375,36.8381],[139.3747,36.838],[139.3746,36.838],[139.3744,36.838],[139.3743,36.8381],[139.3741,36.8382],[139.374,36.8383],[139.3739,36.8385],[139.3738,36.8387],[139.3737,36.8391],[139.3736,36.8392],[139.3733,36.8394],[139.3732,36.8395],[139.3718,36.8401],[139.3713,36.8402],[139.3708,36.8403],[139.3705,36.8404],[139.3703,36.8405],[139.3699,36.8407],[139.3697,36.8409],[139.3695,36.8409],[139.369,36.8411],[139.3684,36.8411],[139.3681,36.8412],[139.3678,36.8412],[139.3672,36.8412],[139.3668,36.8412],[139.3667,36.8412],[139.3667,36.8412],[139.3665,36.8412],[139.3664,36.8412],[139.3663,36.8413],[139.3664,36.8414],[139.3664,36.8416],[139.3665,36.8417],[139.3665,36.8417],[139.3665,36.8418],[139.3665,36.8419],[139.3665,36.8421],[139.3663,36.8423],[139.3663,36.8425],[139.3661,36.8428],[139.366,36.8429],[139.3657,36.8433],[139.3656,36.8434],[139.3655,36.8436],[139.3655,36.8436],[139.3654,36.8437],[139.3653,36.844],[139.3652,36.8441],[139.3651,36.8444],[139.365,36.8445],[139.3649,36.8447],[139.3649,36.845],[139.3649,36.8452],[139.3648,36.8453],[139.3648,36.8454],[139.3645,36.8458],[139.3644,36.8459],[139.3644,36.846],[139.3642,36.8463],[139.3642,36.8464],[139.3641,36.8467],[139.3639,36.847],[139.3639,36.8472],[139.3639,36.8473],[139.3638,36.8473],[139.3637,36.8474],[139.3635,36.8474],[139.3633,36.8474],[139.363,36.8474],[139.3626,36.8475],[139.3623,36.8475],[139.3621,36.8475],[139.3617,36.8475],[139.3615,36.8476],[139.3612,36.8477],[139.361,36.8477],[139.3608,36.8478],[139.3606,36.8479],[139.3601,36.8481],[139.3599,36.8482],[139.3598,36.8482],[139.3597,36.8482],[139.3596,36.8482],[139.3594,36.8482],[139.3593,36.8482],[139.3592,36.8482],[139.3592,36.8482],[139.359,36.8481],[139.3585,36.848],[139.3583,36.848],[139.3583,36.848],[139.358,36.848],[139.3578,36.848],[139.3572,36.8479],[139.3571,36.8479],[139.3569,36.8479],[139.3567,36.848],[139.3559,36.8483],[139.3556,36.8484],[139.3554,36.8485],[139.3551,36.8486],[139.355,36.8486],[139.3548,36.8486],[139.3546,36.8486],[139.3539,36.8487],[139.3537,36.8487],[139.3534,36.8488],[139.3533,36.8488],[139.3531,36.8489],[139.3528,36.849],[139.3526,36.8491],[139.3523,36.8493],[139.3522,36.8494],[139.3521,36.8495],[139.352,36.8496],[139.3518,36.8498],[139.3517,36.85],[139.3516,36.85],[139.3516,36.85],[139.3515,36.8501],[139.3514,36.8502],[139.3514,36.8503],[139.3513,36.8505],[139.3513,36.8507],[139.3511,36.8511],[139.351,36.8512],[139.3509,36.8513],[139.3507,36.8515],[139.3507,36.8515],[139.3505,36.8517],[139.35,36.8519],[139.35,36.8519],[139.35,36.8519],[139.3498,36.852],[139.3493,36.8523],[139.3491,36.8523],[139.3489,36.8524],[139.3487,36.8526],[139.3486,36.8526],[139.3485,36.8527],[139.3485,36.8527],[139.3486,36.8528],[139.3488,36.8529],[139.3492,36.853],[139.3495,36.8532],[139.3497,36.8533],[139.3498,36.8533],[139.35,36.8534],[139.35,36.8534],[139.35,36.8534],[139.3502,36.8535],[139.3504,36.8537],[139.3506,36.8539],[139.3507,36.854],[139.3508,36.8541],[139.3509,36.8542],[139.351,36.8544],[139.3511,36.8544],[139.3512,36.8546],[139.3513,36.8549],[139.3514,36.8551],[139.3517,36.8553],[139.3518,36.8553],[139.352,36.8554],[139.3522,36.8555],[139.3524,36.8556],[139.3526,36.8558],[139.3529,36.8559],[139.3531,36.8561],[139.3532,36.8562],[139.3535,36.8565],[139.3537,36.8567],[139.3538,36.8568],[139.354,36.857],[139.3545,36.8573],[139.3546,36.8573],[139.3546,36.8574],[139.3547,36.8575],[139.3548,36.8576],[139.355,36.858],[139.3551,36.8581],[139.3553,36.8582],[139.3555,36.8583],[139.3555,36.8583],[139.3555,36.8583],[139.3556,36.8584],[139.3557,36.8585],[139.3557,36.8586],[139.3556,36.8589],[139.3556,36.8599],[139.3556,36.8601],[139.3556,36.8605],[139.3555,36.8606],[139.3555,36.8607],[139.3553,36.8608],[139.3552,36.8609],[139.3551,36.8611],[139.3551,36.8612],[139.3551,36.8614],[139.3551,36.8615],[139.3551,36.8617],[139.3551,36.8619],[139.3552,36.862],[139.3554,36.8623],[139.3554,36.8624],[139.3556,36.8625],[139.3558,36.8628],[139.3561,36.8634],[139.3562,36.8637],[139.3564,36.8638],[139.3565,36.864],[139.3568,36.8642],[139.3569,36.8644],[139.357,36.8645],[139.357,36.8646],[139.3571,36.8647],[139.3572,36.8649],[139.3573,36.8649],[139.3574,36.8651],[139.3576,36.8653],[139.3576,36.8654],[139.3577,36.8655],[139.3577,36.8657],[139.3577,36.8659],[139.3577,36.8662],[139.3577,36.8663],[139.3577,36.8665],[139.3575,36.8666],[139.3575,36.8667],[139.3575,36.8667],[139.3574,36.8668],[139.3572,36.867],[139.3571,36.8672],[139.357,36.8673],[139.357,36.8674],[139.3571,36.8675],[139.3571,36.8678],[139.3571,36.8678],[139.3572,36.8679],[139.3573,36.8681],[139.3574,36.8682],[139.3574,36.8684],[139.3575,36.8687],[139.3577,36.8689],[139.3577,36.869],[139.3577,36.8691],[139.3577,36.8693],[139.3577,36.8695],[139.3577,36.8698],[139.3576,36.87],[139.3576,36.8702],[139.3576,36.8704],[139.3576,36.8706],[139.3576,36.8707],[139.3577,36.871],[139.3578,36.8711],[139.3579,36.8714],[139.3581,36.8716],[139.3581,36.8717],[139.3582,36.8718],[139.3582,36.872],[139.3582,36.8722],[139.3581,36.8725],[139.3581,36.8727],[139.3581,36.8729],[139.3581,36.8731],[139.3581,36.8733],[139.358,36.8734],[139.358,36.8736],[139.3579,36.8737],[139.3579,36.8739],[139.3579,36.8739],[139.3577,36.8744],[139.3577,36.8746],[139.3577,36.8748],[139.3576,36.875],[139.3576,36.875],[139.3576,36.875],[139.3576,36.8751],[139.3576,36.8753],[139.3575,36.8755],[139.3575,36.8757],[139.3575,36.8759],[139.3575,36.876],[139.3574,36.8762],[139.3573,36.8764],[139.3573,36.8766],[139.3572,36.8768],[139.3571,36.8769],[139.357,36.8771],[139.3569,36.8772],[139.3567,36.8773],[139.3564,36.8774],[139.3562,36.8775],[139.3561,36.8776],[139.3561,36.8776],[139.3561,36.8777],[139.3561,36.8777],[139.3561,36.8778],[139.3563,36.8779],[139.3566,36.878],[139.3568,36.8781],[139.357,36.8781],[139.3572,36.8781],[139.3574,36.8781],[139.3576,36.8781],[139.3579,36.878],[139.3581,36.8778],[139.3582,36.8777],[139.3583,36.8776],[139.3583,36.8776],[139.3584,36.8776],[139.3586,36.8773],[139.3587,36.8772],[139.359,36.8767],[139.3592,36.8765],[139.3594,36.8763],[139.3594,36.8762],[139.3595,36.8761],[139.3596,36.8759],[139.3598,36.8757],[139.3599,36.8755],[139.36,36.8754],[139.3602,36.8752],[139.3603,36.8751],[139.3603,36.875],[139.3603,36.875],[139.3604,36.8749],[139.3605,36.8747],[139.3609,36.8742],[139.361,36.8742],[139.361,36.8742],[139.361,36.8744],[139.3612,36.8749],[139.3612,36.875],[139.3612,36.875],[139.3612,36.875],[139.3612,36.8753],[139.3613,36.8756],[139.3613,36.8759],[139.3614,36.8763],[139.3615,36.8765],[139.3617,36.8768],[139.3619,36.877],[139.3621,36.8772],[139.3624,36.8775],[139.3625,36.8776],[139.3626,36.8776],[139.3626,36.8776],[139.3629,36.8775],[139.3631,36.8775],[139.3637,36.8773],[139.364,36.8772],[139.3644,36.8771],[139.3648,36.877],[139.3651,36.877],[139.3655,36.877],[139.3658,36.877],[139.366,36.877],[139.3663,36.877],[139.3667,36.877],[139.3667,36.877],[139.3667,36.877],[139.3669,36.877],[139.3671,36.877],[139.3672,36.877],[139.3676,36.8771],[139.3679,36.8772],[139.3681,36.8773],[139.3683,36.8774],[139.3685,36.8776],[139.3687,36.8777],[139.3689,36.8778],[139.3694,36.878],[139.3696,36.8781],[139.3696,36.8781],[139.3697,36.8781],[139.3699,36.8781],[139.37,36.8781],[139.3702,36.8782],[139.3702,36.8782],[139.3703,36.8783],[139.3703,36.8784],[139.3702,36.8786],[139.37,36.8788],[139.3698,36.8789],[139.3696,36.8792],[139.3694,36.8793],[139.3693,36.8794],[139.3691,36.8794],[139.3688,36.8795],[139.3688,36.8796],[139.3687,36.8797],[139.3686,36.8798],[139.3686,36.8799],[139.3687,36.8799],[139.3688,36.88],[139.3691,36.8802],[139.3693,36.8803],[139.3695,36.8804],[139.3697,36.8805],[139.3698,36.8806],[139.3699,36.8808],[139.37,36.8809],[139.3701,36.881],[139.3702,36.8812],[139.3703,36.8812],[139.3704,36.8814],[139.3705,36.8815],[139.3707,36.8816],[139.3709,36.8817],[139.371,36.8818],[139.3711,36.8819],[139.3712,36.8821],[139.3713,36.8822],[139.3715,36.8824],[139.3718,36.8827],[139.3719,36.8828],[139.372,36.883],[139.372,36.8831],[139.3721,36.8833],[139.3721,36.8833],[139.3721,36.8833],[139.372,36.8835],[139.3719,36.8839],[139.3718,36.884],[139.3718,36.8841],[139.3716,36.8842],[139.3716,36.8842],[139.3714,36.8845],[139.3713,36.8846],[139.3712,36.8847],[139.3712,36.8848],[139.3713,36.8851],[139.3714,36.8853],[139.3715,36.8855],[139.3715,36.8856],[139.3715,36.8858],[139.3715,36.886],[139.3714,36.8862],[139.3713,36.8863],[139.3713,36.8864],[139.3713,36.8865],[139.3713,36.8866],[139.3713,36.8867],[139.3712,36.8869],[139.371,36.8871],[139.371,36.8873],[139.3709,36.8875],[139.3708,36.8876],[139.3708,36.8877],[139.3707,36.8878],[139.3705,36.8879],[139.3703,36.888],[139.3702,36.888],[139.3702,36.8881],[139.3702,36.8882],[139.3703,36.8884],[139.3704,36.8886],[139.3705,36.8887],[139.3705,36.8888],[139.3705,36.889],[139.3705,36.8891],[139.3705,36.8893],[139.3706,36.8895],[139.3706,36.8896],[139.3707,36.8897],[139.3709,36.8898],[139.371,36.8898],[139.3713,36.8899],[139.3718,36.8899],[139.3721,36.8904],[139.3722,36.8906],[139.3723,36.8907],[139.3725,36.8909],[139.3728,36.8912],[139.373,36.8914],[139.3732,36.8917],[139.3732,36.8917],[139.3733,36.8919],[139.3734,36.8921],[139.3734,36.8923],[139.3734,36.8925],[139.3734,36.8929],[139.3734,36.8931],[139.3734,36.8933],[139.3735,36.8934],[139.3737,36.8938],[139.3739,36.894],[139.3741,36.8942],[139.3744,36.8944],[139.3749,36.8946],[139.375,36.8947],[139.375,36.8947],[139.3752,36.8948],[139.3757,36.8951],[139.3759,36.8953],[139.3761,36.8955],[139.3762,36.8956],[139.3765,36.8961],[139.3767,36.8963],[139.3773,36.8965],[139.3775,36.8965],[139.3781,36.8967],[139.3781,36.8967],[139.3784,36.8968],[139.3787,36.8969],[139.3789,36.8971],[139.3791,36.8974],[139.3793,36.8979],[139.3794,36.898],[139.3795,36.898],[139.3801,36.8979],[139.3807,36.898],[139.3815,36.8981],[139.382,36.8982],[139.3821,36.8983],[139.3822,36.8983],[139.3825,36.8988],[139.3828,36.8992],[139.3831,36.8995],[139.3833,36.8996],[139.3833,36.8996],[139.3833,36.8996],[139.3836,36.8997],[139.3841,36.8999],[139.3843,36.9],[139.3843,36.9],[139.3844,36.9],[139.3844,36.9],[139.3847,36.9001],[139.3852,36.9002],[139.3857,36.9002],[139.3864,36.9002],[139.3867,36.9001],[139.3868,36.9001],[139.3869,36.9002],[139.387,36.9004],[139.3871,36.9005],[139.3871,36.9006],[139.3874,36.9006],[139.3875,36.9007],[139.3877,36.9009],[139.3879,36.901],[139.388,36.901],[139.3882,36.9011],[139.3883,36.9011],[139.3885,36.9012],[139.3887,36.9014],[139.3889,36.9015],[139.3893,36.9017],[139.3899,36.9018],[139.3902,36.9019],[139.3908,36.9021],[139.3916,36.9023],[139.3917,36.9023],[139.3917,36.9023],[139.392,36.9025],[139.3926,36.9028],[139.3928,36.9029],[139.3928,36.9029],[139.3932,36.9031],[139.3939,36.9033],[139.3942,36.9034],[139.3943,36.9036],[139.3947,36.904],[139.3949,36.9045],[139.3954,36.9054],[139.3954,36.9055],[139.3955,36.9058],[139.3956,36.9061],[139.3956,36.9066],[139.3956,36.9069],[139.3955,36.9071],[139.3953,36.9074],[139.3951,36.9076],[139.3949,36.9079],[139.3945,36.9082],[139.3944,36.9083],[139.3944,36.9083],[139.394,36.9086],[139.3937,36.9088],[139.3936,36.9091],[139.3934,36.9095],[139.3933,36.9098],[139.3933,36.9101],[139.3933,36.9105],[139.3933,36.9108],[139.3935,36.9109],[139.3937,36.911],[139.3941,36.9113],[139.3943,36.9115],[139.3945,36.9118],[139.3945,36.912],[139.3947,36.9122],[139.3949,36.9124],[139.3952,36.9127],[139.3955,36.9129],[139.3957,36.9131],[139.3959,36.9133],[139.3964,36.9139],[139.3967,36.9143],[139.397,36.915],[139.3971,36.9152],[139.3973,36.9156],[139.3974,36.9161],[139.3975,36.9163],[139.3975,36.9166],[139.3976,36.9167],[139.3976,36.9167],[139.3976,36.9167],[139.3978,36.9171],[139.3979,36.9172],[139.398,36.9174],[139.3981,36.9177],[139.3983,36.918],[139.3984,36.9182],[139.3985,36.9185],[139.3985,36.9185],[139.3986,36.919],[139.3987,36.9193],[139.3988,36.9196],[139.399,36.9197],[139.399,36.9198],[139.399,36.9199],[139.3991,36.9201],[139.3993,36.9202],[139.3994,36.9204],[139.3996,36.9206],[139.3997,36.9207],[139.3999,36.9208],[139.4,36.9209],[139.4,36.921],[139.4001,36.921],[139.4003,36.9212],[139.4004,36.9214],[139.4006,36.9215],[139.4008,36.9216],[139.401,36.9218],[139.4012,36.9219],[139.4014,36.9221],[139.4015,36.9222],[139.4017,36.9224],[139.4019,36.9225],[139.4022,36.9227],[139.4024,36.9228],[139.4025,36.923],[139.4027,36.9231],[139.4028,36.9233],[139.403,36.9235],[139.4033,36.9236],[139.4035,36.9238],[139.4036,36.9239],[139.4037,36.924],[139.4038,36.924],[139.404,36.9241],[139.4042,36.9242],[139.4045,36.9244],[139.4047,36.9245],[139.4048,36.9246],[139.405,36.9247],[139.4053,36.9248],[139.4055,36.925],[139.4056,36.925],[139.4056,36.925],[139.4057,36.925],[139.406,36.9252],[139.4061,36.9253],[139.4064,36.9254],[139.4066,36.9256],[139.4068,36.9257],[139.4069,36.9258],[139.407,36.9259],[139.4072,36.926],[139.4074,36.9262],[139.4076,36.9263],[139.4079,36.9265],[139.408,36.9266],[139.4082,36.9266],[139.4083,36.9267],[139.4083,36.9267],[139.4085,36.9267],[139.4087,36.9267],[139.4089,36.9268],[139.4092,36.9269],[139.4095,36.927],[139.4097,36.927],[139.41,36.9271],[139.4102,36.9272],[139.4104,36.9272],[139.4107,36.9273],[139.411,36.9274],[139.4112,36.9275],[139.4114,36.9275],[139.4117,36.9277],[139.4119,36.9277],[139.412,36.9277],[139.4122,36.9276],[139.4123,36.9274],[139.4124,36.9273],[139.4125,36.9271],[139.4127,36.9269],[139.4128,36.9268],[139.413,36.9266],[139.4132,36.9265],[139.4134,36.9263],[139.4137,36.9262],[139.4139,36.9261],[139.4142,36.926],[139.4145,36.926],[139.4147,36.926],[139.415,36.926],[139.4152,36.926],[139.4156,36.926],[139.4159,36.926],[139.4161,36.926],[139.4164,36.926],[139.4166,36.926],[139.4167,36.926],[139.4167,36.926],[139.4167,36.926],[139.4169,36.9259],[139.4172,36.9259],[139.4175,36.9258],[139.4177,36.9258],[139.4179,36.9257],[139.4183,36.9256],[139.4186,36.9255],[139.4189,36.9254],[139.4192,36.9253],[139.4193,36.9252],[139.4195,36.925],[139.4195,36.925],[139.4195,36.925],[139.4196,36.9248],[139.4197,36.9247],[139.4198,36.9245],[139.42,36.9243],[139.4202,36.9241],[139.4205,36.9242],[139.4207,36.9243],[139.421,36.9243],[139.4212,36.9244],[139.4215,36.9244],[139.4218,36.9245],[139.422,36.9245],[139.4222,36.9245],[139.4224,36.9246],[139.4227,36.9246],[139.423,36.9246],[139.4233,36.9247],[139.4235,36.9247],[139.4238,36.9247],[139.4241,36.9247],[139.4244,36.9247],[139.4247,36.9247],[139.425,36.9246],[139.425,36.9246],[139.425,36.9246],[139.4252,36.9246],[139.4256,36.9245],[139.4258,36.9244],[139.4262,36.9243],[139.4264,36.9242],[139.4266,36.9242],[139.4267,36.9242],[139.4269,36.9242],[139.4272,36.9242],[139.4274,36.9243],[139.4276,36.9243],[139.4279,36.9244],[139.4281,36.9246],[139.4284,36.9247],[139.4285,36.9248],[139.4288,36.925],[139.4288,36.925],[139.4288,36.925],[139.429,36.9251],[139.4292,36.9253],[139.4294,36.9254],[139.4296,36.9255],[139.4298,36.9256],[139.4301,36.9258],[139.4304,36.9259],[139.4306,36.9261],[139.4306,36.9262],[139.4307,36.9262],[139.4309,36.9264],[139.431,36.9266],[139.4312,36.9268],[139.431,36.927],[139.4308,36.927],[139.4306,36.9271],[139.4304,36.9272],[139.4302,36.9274],[139.43,36.9275],[139.4299,36.9276],[139.4299,36.9277],[139.4298,36.9279],[139.4298,36.9281],[139.4298,36.9284],[139.4298,36.9286],[139.4298,36.9288],[139.4299,36.9291],[139.4299,36.9293],[139.4301,36.9295],[139.4302,36.9297],[139.4304,36.9299],[139.4305,36.93],[139.4307,36.9302],[139.4309,36.9304],[139.4309,36.9304],[139.431,36.9306],[139.4311,36.9308],[139.4312,36.931],[139.4314,36.9312],[139.4316,36.9314],[139.4318,36.9315],[139.4322,36.9318],[139.4324,36.9319],[139.4327,36.9321],[139.4328,36.9323],[139.4329,36.9326],[139.433,36.9327],[139.433,36.9329],[139.4329,36.9331],[139.4331,36.9333],[139.4331,36.9333],[139.4331,36.9333],[139.4331,36.9334],[139.4331,36.9335],[139.4333,36.9337],[139.4333,36.9338],[139.4333,36.9339],[139.4333,36.9339],[139.4335,36.9341],[139.4337,36.9343],[139.4339,36.9346],[139.434,36.9347],[139.4342,36.9349],[139.4344,36.9351],[139.4345,36.9353],[139.4347,36.9355],[139.4348,36.9356],[139.435,36.9359],[139.435,36.9361],[139.435,36.9363],[139.4349,36.9366],[139.4348,36.9368],[139.4347,36.9371],[139.4347,36.9373],[139.4347,36.9375],[139.4347,36.9377],[139.4348,36.9379],[139.4348,36.9382],[139.4348,36.9383],[139.4348,36.9384],[139.4348,36.9386],[139.4347,36.9389],[139.4348,36.9391],[139.4348,36.9393],[139.4349,36.9395],[139.435,36.9397],[139.4352,36.9399],[139.4353,36.9401],[139.4354,36.9404],[139.4352,36.9406],[139.4351,36.9408],[139.435,36.9409],[139.4349,36.941],[139.4347,36.9413],[139.4345,36.9416],[139.4344,36.9417],[139.4344,36.9417],[139.4344,36.9417],[139.4344,36.9417],[139.4344,36.9418],[139.4344,36.9419],[139.4345,36.9419],[139.4347,36.942],[139.4348,36.9421],[139.4351,36.9422],[139.4354,36.9423],[139.4355,36.9423],[139.4358,36.9424],[139.4361,36.9424],[139.4364,36.9425],[139.4367,36.9426],[139.4369,36.9427],[139.437,36.9429],[139.4373,36.943],[139.4374,36.9432],[139.4376,36.9434],[139.4378,36.9435],[139.438,36.9437],[139.4381,36.9438],[139.4383,36.944],[139.4385,36.9442],[139.4388,36.9443],[139.439,36.9443],[139.4392,36.9444],[139.4396,36.9444],[139.4396,36.9444],[139.4399,36.9445],[139.4401,36.9445],[139.4404,36.9446],[139.4407,36.9447],[139.4409,36.9448],[139.4412,36.9451],[139.4413,36.9452],[139.4414,36.9453],[139.4415,36.9455],[139.4416,36.9458],[139.4417,36.9459],[139.4417,36.9459],[139.4417,36.946],[139.4418,36.9462],[139.4418,36.9463],[139.4418,36.9465],[139.4418,36.9467],[139.4418,36.947],[139.4418,36.9472],[139.4417,36.9474],[139.4417,36.9475],[139.4417,36.9475],[139.4418,36.9476],[139.4418,36.9476],[139.4419,36.9476],[139.4421,36.9476],[139.4425,36.9475],[139.4427,36.9475],[139.4431,36.9474],[139.4434,36.9474],[139.4437,36.9474],[139.444,36.9474],[139.4443,36.9474],[139.4446,36.9474],[139.4449,36.9474],[139.4451,36.9475],[139.4455,36.9475],[139.4458,36.9476],[139.4461,36.9477],[139.4463,36.9478],[139.4465,36.9479],[139.4468,36.9481],[139.447,36.9483],[139.4473,36.9485],[139.4473,36.9485],[139.4476,36.9487],[139.4478,36.9489],[139.4479,36.9491],[139.4481,36.9493],[139.4481,36.9494],[139.4483,36.9494],[139.4485,36.9494],[139.4487,36.9495],[139.449,36.9495],[139.4492,36.9495],[139.4495,36.9495],[139.4497,36.9496],[139.45,36.9496],[139.45,36.9496],[139.45,36.9496],[139.4503,36.9497],[139.4506,36.9497],[139.4507,36.9498],[139.4509,36.9498],[139.451,36.9499],[139.4511,36.95],[139.4511,36.95],[139.4512,36.95],[139.4514,36.9502],[139.4517,36.9503],[139.4519,36.9504],[139.4522,36.9504],[139.4524,36.9505],[139.4527,36.9506],[139.4529,36.9508],[139.453,36.951],[139.4532,36.9513],[139.4534,36.9515],[139.4536,36.9517],[139.4537,36.9518],[139.4539,36.9519],[139.454,36.9521],[139.4541,36.9522],[139.4542,36.9525],[139.4543,36.9527],[139.4544,36.9529],[139.4546,36.9531],[139.4548,36.9532],[139.4551,36.9533],[139.4553,36.9534],[139.4556,36.9534],[139.4557,36.9535],[139.4558,36.9535],[139.4561,36.9536],[139.4564,36.9537],[139.4567,36.9538],[139.4569,36.954],[139.4571,36.9542],[139.4572,36.9544],[139.4573,36.9546],[139.4573,36.9548],[139.4573,36.955],[139.4573,36.9551],[139.4573,36.9553],[139.4572,36.9554],[139.4572,36.9557],[139.4572,36.9559],[139.4572,36.9561],[139.4572,36.9562],[139.4572,36.9564],[139.4573,36.9566],[139.4575,36.9568],[139.4578,36.9569],[139.4579,36.957],[139.4582,36.9571],[139.4583,36.9572],[139.4583,36.9573],[139.4583,36.9573],[139.4583,36.9575],[139.4584,36.9576],[139.4584,36.9578],[139.4585,36.958],[139.4586,36.9582],[139.4587,36.9583],[139.4587,36.9583],[139.4587,36.9584],[139.4588,36.9586],[139.459,36.9588],[139.459,36.9591],[139.4591,36.9593],[139.459,36.9594],[139.459,36.9596],[139.4589,36.9598],[139.4588,36.96],[139.4587,36.9602],[139.4586,36.9604],[139.4585,36.9606],[139.4583,36.9608],[139.4583,36.9608],[139.4583,36.9608],[139.4582,36.961],[139.4581,36.9611],[139.4581,36.9611],[139.458,36.9613],[139.4579,36.9616],[139.458,36.9618],[139.4581,36.962],[139.4583,36.9622],[139.4583,36.9623],[139.4583,36.9623],[139.4583,36.9624],[139.4584,36.9627],[139.4585,36.9629],[139.4585,36.9631],[139.4586,36.9633],[139.4586,36.9635],[139.4586,36.9637],[139.4585,36.9639],[139.4585,36.964],[139.4585,36.9643],[139.4585,36.9646],[139.4585,36.9649],[139.4584,36.9652],[139.4584,36.9655],[139.4584,36.9656],[139.4584,36.9658],[139.4586,36.9661],[139.4587,36.9663],[139.4588,36.9665],[139.4589,36.9667],[139.4589,36.9667],[139.4589,36.9667],[139.459,36.9669],[139.459,36.9669],[139.4592,36.9672],[139.4594,36.9673],[139.4596,36.9675],[139.4598,36.9677],[139.4598,36.9678],[139.4599,36.968],[139.4599,36.9683],[139.46,36.9685],[139.46,36.9686],[139.46,36.9688],[139.4599,36.9691],[139.4599,36.9693],[139.4599,36.9694],[139.4599,36.9695],[139.4599,36.9696],[139.4599,36.9697],[139.46,36.9697],[139.46,36.9698],[139.4601,36.9699],[139.4602,36.97],[139.4603,36.97],[139.4604,36.9701],[139.4606,36.9703],[139.4608,36.9704],[139.461,36.9705],[139.4612,36.9707],[139.4615,36.9709],[139.4618,36.9709],[139.462,36.971],[139.4622,36.971],[139.4626,36.9711],[139.4629,36.9711],[139.4631,36.9711],[139.4633,36.9712],[139.4636,36.9712],[139.4639,36.9712],[139.4642,36.9713],[139.4645,36.9713],[139.4647,36.9713],[139.465,36.9713],[139.4653,36.9712],[139.4656,36.9712],[139.4659,36.9712],[139.4661,36.9711],[139.4664,36.971],[139.4667,36.971],[139.4667,36.971],[139.4667,36.971],[139.467,36.9709],[139.4672,36.9709],[139.4674,36.971],[139.4676,36.971],[139.4678,36.9711],[139.4681,36.971],[139.4684,36.9709],[139.4685,36.9709],[139.4686,36.9709],[139.4688,36.971],[139.469,36.971],[139.4692,36.9711],[139.4693,36.9712],[139.4694,36.9713],[139.4697,36.9714],[139.4698,36.9714],[139.47,36.9715],[139.4702,36.9715],[139.4705,36.9715],[139.4708,36.9715],[139.471,36.9715],[139.4713,36.9714],[139.4716,36.9714],[139.4719,36.9714],[139.4722,36.9713],[139.4725,36.9713],[139.4727,36.9714],[139.473,36.9714],[139.4732,36.9715],[139.4735,36.9716],[139.4738,36.9717],[139.4741,36.9718],[139.4743,36.9718],[139.4746,36.9719],[139.4749,36.972],[139.475,36.9721],[139.475,36.9721],[139.4752,36.9721],[139.4758,36.9723],[139.4761,36.9724],[139.4765,36.9725],[139.4768,36.9726],[139.477,36.9727],[139.4772,36.9728],[139.4775,36.9729],[139.4777,36.9731],[139.478,36.9732],[139.4783,36.9734],[139.4784,36.9735],[139.4786,36.9736],[139.4787,36.9737],[139.479,36.9738],[139.4793,36.974],[139.4795,36.974],[139.4795,36.9741],[139.4798,36.9742],[139.4801,36.9742],[139.4803,36.9743],[139.4803,36.9743],[139.4807,36.9744],[139.481,36.9745],[139.4814,36.9745],[139.4818,36.9746],[139.4822,36.9747],[139.4825,36.9747],[139.4827,36.9748],[139.4829,36.9748],[139.4832,36.9749],[139.4833,36.975],[139.4833,36.975],[139.4833,36.975],[139.4833,36.975],[139.4835,36.9751],[139.4837,36.9752],[139.4841,36.9754],[139.4841,36.9755],[139.4842,36.9755],[139.4843,36.9755],[139.4843,36.9754],[139.4846,36.9753],[139.4847,36.9751],[139.4848,36.975],[139.4848,36.975],[139.4849,36.9749],[139.4851,36.9747],[139.4852,36.9746],[139.4854,36.9745],[139.4856,36.9743],[139.4857,36.9742],[139.4859,36.974],[139.4861,36.9738],[139.4863,36.9737],[139.4866,36.9735],[139.4867,36.9733],[139.4869,36.9732],[139.4871,36.973],[139.4873,36.9729],[139.4875,36.9727],[139.4878,36.9725],[139.4881,36.9723],[139.4883,36.9722],[139.4884,36.9721],[139.4885,36.972],[139.4886,36.9719],[139.4888,36.9717],[139.4889,36.9715],[139.4891,36.9714],[139.4894,36.9713],[139.4896,36.9713],[139.4898,36.9712],[139.4901,36.9712],[139.4903,36.9711],[139.4906,36.9711],[139.4908,36.971],[139.491,36.9709],[139.4911,36.9709],[139.4913,36.9708],[139.4915,36.9706],[139.4916,36.9704],[139.4917,36.9703],[139.4917,36.9703],[139.4918,36.9701],[139.492,36.9698],[139.4921,36.9696],[139.4922,36.9694],[139.4923,36.9691],[139.4925,36.9688],[139.4926,36.9685],[139.4927,36.9683],[139.4928,36.9682],[139.4929,36.9681],[139.4931,36.968],[139.4933,36.968],[139.4936,36.9679],[139.4938,36.9679],[139.4941,36.9679],[139.4942,36.9679],[139.4943,36.9679],[139.4946,36.968],[139.4949,36.9681],[139.4951,36.9682],[139.4953,36.9682],[139.4956,36.9683],[139.4958,36.9683],[139.496,36.9683],[139.4962,36.9684],[139.4965,36.9684],[139.4968,36.9684],[139.497,36.9685],[139.4972,36.9686],[139.4975,36.9687],[139.4982,36.9689],[139.4984,36.9689],[139.4987,36.969],[139.499,36.9691],[139.4991,36.9691],[139.4993,36.9691],[139.4994,36.969],[139.4997,36.969],[139.5,36.9689],[139.5,36.9689],[139.5,36.9689],[139.5007,36.9689],[139.5009,36.9689],[139.5011,36.9689],[139.5012,36.969],[139.5015,36.9691],[139.5017,36.9692],[139.5019,36.9692],[139.5022,36.9693],[139.5024,36.9694],[139.5027,36.9695],[139.5027,36.9695],[139.5029,36.9695],[139.5031,36.9696],[139.5034,36.9696],[139.5037,36.9696],[139.5039,36.9696],[139.5039,36.9696],[139.504,36.9696],[139.5042,36.9697],[139.5043,36.9699],[139.5045,36.9701],[139.5047,36.9703],[139.5048,36.9704],[139.5049,36.9706],[139.505,36.9707],[139.5051,36.9708],[139.5053,36.9709],[139.5056,36.971],[139.5059,36.9712],[139.5062,36.9714],[139.5064,36.9715],[139.5065,36.9716],[139.5067,36.9717],[139.507,36.9719],[139.5072,36.9721],[139.5074,36.9723],[139.5076,36.9724],[139.5078,36.9726],[139.508,36.9727],[139.5082,36.9728],[139.5083,36.9729],[139.5083,36.9729],[139.5083,36.9729],[139.5084,36.973],[139.5085,36.9731],[139.5085,36.9731],[139.5086,36.9733],[139.5087,36.9735],[139.5088,36.9737],[139.5089,36.9739],[139.509,36.974],[139.5092,36.9742],[139.5093,36.9742],[139.5095,36.9743],[139.5097,36.9743],[139.51,36.9743],[139.5101,36.9744],[139.5101,36.9744],[139.5102,36.9744],[139.5104,36.9746],[139.5105,36.9746],[139.5109,36.9748],[139.5111,36.9749],[139.5113,36.975],[139.5113,36.975],[139.5113,36.975],[139.5115,36.975],[139.5117,36.9751],[139.5119,36.9751],[139.5121,36.9751],[139.5122,36.9752],[139.5123,36.9752],[139.5124,36.9753],[139.5125,36.9754],[139.5126,36.9757],[139.5128,36.976],[139.5129,36.9761],[139.513,36.9763],[139.5132,36.9765],[139.5135,36.9768],[139.5137,36.977],[139.5139,36.9771],[139.5141,36.9773],[139.5144,36.9774],[139.5145,36.9774],[139.5147,36.9776],[139.5149,36.9777],[139.515,36.9778],[139.5151,36.9778],[139.5153,36.9779],[139.5156,36.9779],[139.5158,36.9779],[139.5161,36.9778],[139.5163,36.9778],[139.5165,36.9779],[139.5167,36.9779],[139.5167,36.9779],[139.5167,36.9779],[139.5169,36.9779],[139.5171,36.978],[139.5173,36.9782],[139.518,36.9785],[139.5185,36.9787],[139.5186,36.9788],[139.5188,36.9788],[139.519,36.9789],[139.5193,36.9789],[139.5196,36.9789],[139.52,36.9789],[139.5201,36.9789],[139.5202,36.979],[139.5204,36.979],[139.5207,36.9791],[139.5209,36.9792],[139.5212,36.9793],[139.5213,36.9793],[139.5214,36.9794],[139.5215,36.9796],[139.5216,36.9798],[139.5217,36.9799],[139.5222,36.9802],[139.5223,36.9803],[139.5226,36.9805],[139.5228,36.9807],[139.523,36.9808],[139.5231,36.9809],[139.5231,36.981],[139.5232,36.9811],[139.5233,36.9812],[139.5234,36.9813],[139.5235,36.9814],[139.5236,36.9815],[139.5236,36.9815],[139.5237,36.9815],[139.5238,36.9815],[139.524,36.9815],[139.5243,36.9815],[139.5245,36.9814],[139.5247,36.9814],[139.5249,36.9813],[139.525,36.9813],[139.525,36.9813],[139.525,36.9813],[139.5251,36.9813],[139.5253,36.9813],[139.5254,36.9813],[139.5255,36.9813],[139.5257,36.9812],[139.5258,36.9811],[139.5259,36.9811],[139.526,36.9808],[139.526,36.9807],[139.5261,36.9806],[139.5263,36.9804],[139.5264,36.9804],[139.5266,36.9803],[139.5268,36.9802],[139.5269,36.9802],[139.527,36.9802],[139.5271,36.9802],[139.5273,36.9803],[139.5274,36.9804],[139.5276,36.9804],[139.5279,36.9805],[139.5282,36.9804],[139.5283,36.9805],[139.5286,36.9805],[139.5289,36.9805],[139.5291,36.9806],[139.5294,36.9806],[139.5299,36.9806],[139.53,36.9806],[139.5301,36.9806],[139.5303,36.9807],[139.5306,36.9808],[139.531,36.981],[139.5313,36.9812],[139.5316,36.9813],[139.5316,36.9814],[139.5322,36.9816],[139.5324,36.9817],[139.5326,36.9817],[139.5327,36.9818],[139.5329,36.9818],[139.533,36.9818],[139.5331,36.9817],[139.5333,36.9817],[139.5333,36.9817],[139.5334,36.9816],[139.5335,36.9816],[139.5336,36.9815],[139.5339,36.9814],[139.5345,36.9811],[139.5347,36.9809],[139.5349,36.9808],[139.5351,36.9806],[139.5352,36.9806],[139.5353,36.9806],[139.5353,36.9806],[139.5355,36.9808],[139.5356,36.981],[139.5358,36.9812],[139.536,36.9815],[139.5361,36.9816],[139.5363,36.9817],[139.5365,36.9818],[139.5368,36.9819],[139.537,36.982],[139.537,36.982],[139.537,36.9821],[139.537,36.9822],[139.537,36.9824],[139.537,36.9825],[139.537,36.9825],[139.5371,36.9826],[139.5372,36.9828],[139.5373,36.9829],[139.5374,36.983],[139.5377,36.9832],[139.5378,36.9833],[139.5378,36.9833],[139.5379,36.9833],[139.5381,36.9835],[139.5382,36.9836],[139.5383,36.9837],[139.5384,36.9838],[139.5385,36.9839],[139.5385,36.984],[139.5386,36.9842],[139.5386,36.9845],[139.5388,36.985],[139.5389,36.9852],[139.539,36.9854],[139.5394,36.9859],[139.5395,36.986],[139.5397,36.9862],[139.5399,36.9864],[139.5402,36.9866],[139.5403,36.9867],[139.5404,36.9868],[139.5406,36.987],[139.5406,36.9871],[139.5407,36.9871],[139.5408,36.9872],[139.5409,36.9872],[139.5411,36.9873],[139.5414,36.9873],[139.5415,36.9873],[139.5416,36.9873],[139.5417,36.9873],[139.5417,36.9874],[139.5417,36.9874],[139.5419,36.9875],[139.542,36.9875],[139.5422,36.9876],[139.5423,36.9876],[139.5425,36.9876],[139.5428,36.9877],[139.5429,36.9877],[139.543,36.9877],[139.5434,36.9879],[139.5435,36.9879],[139.5435,36.988],[139.5435,36.9881],[139.5436,36.9882],[139.5436,36.9883],[139.5435,36.9885],[139.5435,36.9886],[139.5436,36.9887],[139.5436,36.9888],[139.5437,36.9889],[139.5439,36.989],[139.5439,36.9891],[139.544,36.9892],[139.5442,36.9894],[139.5442,36.9896],[139.5443,36.9897],[139.5444,36.9899],[139.5445,36.9901],[139.5446,36.9904],[139.5447,36.9907],[139.5447,36.9909],[139.5448,36.991],[139.5448,36.9911],[139.5449,36.9911],[139.5451,36.9913],[139.5453,36.9914],[139.5454,36.9915],[139.5457,36.9916],[139.5459,36.9916],[139.5459,36.9917],[139.5459,36.9917],[139.546,36.9917],[139.5461,36.9918],[139.5462,36.9918],[139.5462,36.9919],[139.5463,36.992],[139.5463,36.9921],[139.5463,36.9922],[139.5462,36.9923],[139.5463,36.9923],[139.5463,36.9924],[139.5464,36.9925],[139.5465,36.9926],[139.5465,36.9926],[139.5466,36.9926],[139.5467,36.9926],[139.5469,36.9927],[139.547,36.9927],[139.5471,36.9928],[139.5472,36.9929],[139.5472,36.993],[139.5473,36.9931],[139.5473,36.9932],[139.5473,36.9933],[139.5474,36.9933],[139.5476,36.9935],[139.5479,36.9936],[139.548,36.9937],[139.548,36.9937],[139.5481,36.9937],[139.5482,36.9937],[139.5483,36.9936],[139.5484,36.9935],[139.5489,36.9932],[139.5489,36.9932],[139.5491,36.993],[139.5493,36.9928],[139.5494,36.9927],[139.5495,36.9926],[139.5495,36.9926],[139.5497,36.9926],[139.5499,36.9926],[139.55,36.9926],[139.55,36.9926],[139.5501,36.9926],[139.5504,36.9926],[139.5505,36.9926],[139.5506,36.9926],[139.5511,36.9926],[139.5514,36.9925],[139.5516,36.9925],[139.5519,36.9924],[139.552,36.9924],[139.5521,36.9924],[139.5522,36.9924],[139.5523,36.9925],[139.5528,36.9927],[139.5529,36.9927],[139.553,36.9927],[139.5531,36.9927],[139.5535,36.9927],[139.5537,36.9926],[139.554,36.9925],[139.5544,36.9925],[139.5545,36.9925],[139.5545,36.9925],[139.5545,36.9927],[139.5546,36.9929],[139.5547,36.9931],[139.5549,36.9936],[139.555,36.9938],[139.555,36.9939],[139.5551,36.994],[139.5552,36.9943],[139.5554,36.9948],[139.5555,36.995],[139.5558,36.9953],[139.5559,36.9955],[139.556,36.9957],[139.5562,36.9959],[139.5564,36.9964],[139.5565,36.9966],[139.5566,36.9967],[139.5567,36.9968],[139.5568,36.9968],[139.5569,36.9969],[139.5571,36.9969],[139.5574,36.9969],[139.5576,36.9969],[139.5579,36.9969],[139.5583,36.997],[139.5583,36.997],[139.5586,36.997],[139.5589,36.997],[139.5589,36.997],[139.5592,36.997],[139.5595,36.997],[139.5599,36.9969],[139.5601,36.9969],[139.5605,36.9969],[139.5611,36.9969],[139.5614,36.9969],[139.5617,36.9969],[139.5624,36.9968],[139.5626,36.9968],[139.5629,36.9968],[139.5636,36.9969],[139.5637,36.9969],[139.5639,36.9969],[139.5642,36.9969],[139.5644,36.9969],[139.5645,36.9969],[139.5646,36.9969],[139.5646,36.9969],[139.5647,36.9969],[139.5652,36.9973],[139.5654,36.9974],[139.5659,36.9978],[139.5661,36.9979],[139.5664,36.998],[139.5665,36.9981],[139.5666,36.9982],[139.5667,36.9982],[139.5667,36.9982],[139.5667,36.9982],[139.5669,36.9983],[139.5671,36.9983],[139.5671,36.9983],[139.5673,36.9985],[139.5675,36.9986],[139.5677,36.9987],[139.5678,36.9988],[139.5679,36.9989],[139.5682,36.999],[139.5684,36.999],[139.5687,36.9991],[139.5688,36.9992],[139.569,36.9992],[139.5691,36.9993],[139.5693,36.9994],[139.5695,36.9996],[139.5696,36.9997],[139.5697,36.9998],[139.5699,36.9999],[139.57,37],[139.57,37],[139.5702,37.0002],[139.5704,37.0003],[139.5707,37.0005],[139.5709,37.0006],[139.5711,37.0009],[139.5713,37.001],[139.5715,37.0012],[139.5719,37.0016],[139.572,37.0016],[139.5722,37.0016],[139.5724,37.0016],[139.5726,37.0017],[139.5732,37.0017],[139.5734,37.0018],[139.5737,37.0018],[139.5744,37.0018],[139.5746,37.0019],[139.5749,37.0019],[139.575,37.002],[139.575,37.002],[139.5752,37.002],[139.5754,37.002],[139.5755,37.002],[139.5756,37.002],[139.5759,37.002],[139.5761,37.002],[139.5762,37.002],[139.5763,37.002],[139.5764,37.0021],[139.5767,37.0023],[139.5769,37.0024],[139.5771,37.0026],[139.5772,37.0027],[139.5773,37.0029],[139.5774,37.0031],[139.5775,37.0031],[139.5776,37.0032],[139.5776,37.0033],[139.5777,37.0034],[139.5778,37.0036],[139.5779,37.0039],[139.5779,37.004],[139.578,37.0042],[139.5781,37.0043],[139.5782,37.0044],[139.5785,37.0045],[139.5787,37.0046],[139.579,37.0047],[139.5793,37.0048],[139.5794,37.0048],[139.5795,37.0049],[139.5795,37.0049],[139.5796,37.005],[139.5796,37.0052],[139.5796,37.0054],[139.5796,37.0055],[139.5795,37.0057],[139.5794,37.006],[139.5793,37.0061],[139.5793,37.0062],[139.5793,37.0063],[139.5794,37.0065],[139.5794,37.0067],[139.5795,37.0067],[139.5794,37.0068],[139.5794,37.007],[139.5794,37.0072],[139.5794,37.0073],[139.5795,37.0074],[139.5796,37.0076],[139.5797,37.0078],[139.5798,37.0079],[139.5799,37.0081],[139.5799,37.0082],[139.58,37.0083],[139.58,37.0083],[139.58,37.0083],[139.58,37.0084],[139.5801,37.0085],[139.58,37.0086],[139.58,37.0088],[139.58,37.0089],[139.58,37.009],[139.58,37.0092],[139.58,37.0093],[139.5801,37.0095],[139.5801,37.0096],[139.5801,37.0097],[139.5802,37.0097],[139.5804,37.0099],[139.5805,37.0101],[139.5806,37.0102],[139.5806,37.0102],[139.5806,37.0105],[139.5807,37.0107],[139.5808,37.0108],[139.5808,37.0109],[139.5808,37.0109],[139.5809,37.011],[139.5811,37.0112],[139.5811,37.0112],[139.5813,37.0113],[139.5815,37.0114],[139.5816,37.0115],[139.5816,37.0116],[139.5817,37.0116],[139.5817,37.0118],[139.5818,37.012],[139.5818,37.0121],[139.5819,37.0123],[139.5819,37.0125],[139.582,37.0127],[139.582,37.0128],[139.5821,37.0131],[139.5821,37.0132],[139.5821,37.0134],[139.5821,37.0138],[139.5821,37.014],[139.582,37.0142],[139.582,37.0145],[139.5819,37.0148],[139.5819,37.0149],[139.5819,37.015],[139.5819,37.015],[139.582,37.015],[139.5821,37.0151],[139.5824,37.0152],[139.5826,37.0152],[139.5827,37.0153],[139.5831,37.0153],[139.5833,37.0153],[139.5833,37.0153],[139.5833,37.0153],[139.5836,37.0153],[139.5837,37.0153],[139.5838,37.0153],[139.584,37.0152],[139.5843,37.0151],[139.5845,37.0149],[139.5847,37.0149],[139.5848,37.0148],[139.5849,37.0148],[139.585,37.0148],[139.5851,37.0148],[139.5853,37.0148],[139.5854,37.0149],[139.5855,37.0149],[139.5856,37.0149],[139.5858,37.015],[139.5861,37.0151],[139.5867,37.0153],[139.5868,37.0154],[139.587,37.0155],[139.5871,37.0155],[139.5872,37.0155],[139.5872,37.0155],[139.5873,37.0155],[139.5875,37.0155],[139.5878,37.0155],[139.5879,37.0154],[139.5881,37.0153],[139.5881,37.0153],[139.5883,37.0152],[139.5885,37.0149],[139.589,37.0144],[139.5892,37.0143],[139.5893,37.0143],[139.5895,37.0141],[139.5896,37.0141],[139.5897,37.014],[139.5899,37.0139],[139.59,37.0139],[139.5901,37.0138],[139.5904,37.0137],[139.5905,37.0136],[139.5906,37.0136],[139.5907,37.0136],[139.5909,37.0136],[139.5912,37.0136],[139.5913,37.0136],[139.5916,37.0137],[139.5917,37.0137],[139.5917,37.0137],[139.5919,37.0137],[139.592,37.0138],[139.5922,37.0138],[139.5924,37.0138],[139.5925,37.0138],[139.5926,37.0138],[139.5927,37.0138],[139.5928,37.0137],[139.593,37.0135],[139.5931,37.0134],[139.5932,37.0134],[139.5938,37.0133],[139.5941,37.0132],[139.5942,37.0131],[139.5943,37.013],[139.5945,37.0129],[139.5946,37.0128],[139.5948,37.0126],[139.595,37.0124],[139.5951,37.0123],[139.5953,37.012],[139.5953,37.0119],[139.5954,37.0118],[139.5956,37.0118],[139.5957,37.0118],[139.5958,37.0117],[139.596,37.0117],[139.5962,37.0118],[139.5963,37.0118],[139.5966,37.0118],[139.5968,37.0119],[139.597,37.0119],[139.5971,37.0119],[139.5973,37.0119],[139.5976,37.012],[139.5978,37.012],[139.598,37.012],[139.5982,37.012],[139.5984,37.012],[139.5985,37.012],[139.5986,37.012],[139.5987,37.012],[139.5987,37.0121],[139.5989,37.0122],[139.5989,37.0124],[139.599,37.0125],[139.599,37.0126],[139.5991,37.0127],[139.5992,37.0128],[139.5995,37.0129],[139.5995,37.0129],[139.5995,37.013],[139.5996,37.0131],[139.5999,37.0134],[139.5999,37.0135],[139.6,37.0136],[139.6,37.0137],[139.6,37.0138],[139.6,37.014],[139.5999,37.0143],[139.6,37.0144],[139.6,37.0144],[139.6,37.0144],[139.6001,37.0144],[139.6003,37.0145],[139.6006,37.0145],[139.6012,37.0148],[139.6014,37.0149],[139.6016,37.015],[139.6019,37.0151],[139.602,37.0152],[139.6022,37.0153],[139.6024,37.0155],[139.6024,37.0157],[139.6026,37.0159],[139.6026,37.0159],[139.6027,37.016],[139.6028,37.016],[139.6028,37.016],[139.603,37.0159],[139.6032,37.0157],[139.6033,37.0156],[139.6034,37.0156],[139.6035,37.0156],[139.6036,37.0155],[139.6038,37.0155],[139.6039,37.0155],[139.604,37.0155],[139.6041,37.0155],[139.6042,37.0154],[139.6042,37.0154],[139.6043,37.0152],[139.6044,37.015],[139.6045,37.0149],[139.6046,37.0148],[139.6048,37.0148],[139.605,37.0147],[139.6053,37.0146],[139.6056,37.0146],[139.6059,37.0145],[139.6061,37.0145],[139.6064,37.0144],[139.6067,37.0143],[139.607,37.0142],[139.6071,37.0142],[139.6073,37.0141],[139.6075,37.0141],[139.6077,37.0141],[139.608,37.0141],[139.6082,37.0141],[139.6083,37.0142],[139.6083,37.0142],[139.6084,37.0142],[139.6086,37.0142],[139.6087,37.0142],[139.6089,37.0142],[139.6089,37.0142],[139.6091,37.0142],[139.6092,37.0142],[139.6095,37.0141],[139.61,37.014],[139.6105,37.0139],[139.6107,37.0138],[139.6111,37.0138],[139.6112,37.0137],[139.6114,37.0137],[139.6114,37.0137],[139.6115,37.0137],[139.6116,37.0138],[139.6118,37.0139],[139.6121,37.014],[139.6124,37.0143],[139.6127,37.0144],[139.6128,37.0145],[139.613,37.0148],[139.6131,37.0148],[139.6131,37.0148],[139.6135,37.0149],[139.6137,37.0148],[139.6139,37.0149],[139.6145,37.0149],[139.6147,37.0149],[139.615,37.015],[139.6152,37.015],[139.6159,37.0151],[139.6162,37.0151],[139.6165,37.0151],[139.6166,37.0151],[139.6167,37.0152],[139.6167,37.0152],[139.6167,37.0152],[139.6169,37.0152],[139.6171,37.0153],[139.6173,37.0155],[139.6175,37.0156],[139.6181,37.0159],[139.6183,37.016],[139.6185,37.0162],[139.6191,37.0165],[139.6193,37.0166],[139.6193,37.0166],[139.6193,37.0166],[139.6193,37.0167],[139.6193,37.0167],[139.6192,37.017],[139.619,37.0175],[139.619,37.0176],[139.619,37.0176],[139.619,37.0177],[139.619,37.0177],[139.619,37.0179],[139.619,37.018],[139.6189,37.0181],[139.6189,37.0182],[139.6188,37.0184],[139.6188,37.0185],[139.6188,37.0186],[139.6187,37.0186],[139.6186,37.0188],[139.6185,37.019],[139.6184,37.019],[139.6184,37.0191],[139.6184,37.0192],[139.6185,37.0193],[139.6185,37.0194],[139.6186,37.0196],[139.6187,37.0196],[139.6187,37.0197],[139.6188,37.0197],[139.6194,37.02],[139.6196,37.0201],[139.6197,37.0202],[139.6198,37.0203],[139.6199,37.0204],[139.6201,37.0207],[139.6203,37.0209],[139.6204,37.0211],[139.6206,37.0212],[139.6208,37.0213],[139.621,37.0214],[139.6212,37.0215],[139.6214,37.0216],[139.6216,37.0217],[139.6217,37.0217],[139.6217,37.0217],[139.6218,37.0218],[139.6219,37.022],[139.622,37.0222],[139.622,37.0224],[139.6221,37.0225],[139.6221,37.0225],[139.6223,37.0226],[139.6223,37.0226],[139.6224,37.0227],[139.6225,37.0228],[139.6225,37.0229],[139.6226,37.0231],[139.6226,37.0233],[139.6227,37.0237],[139.6228,37.0238],[139.6229,37.024],[139.623,37.0242],[139.6231,37.0244],[139.6234,37.0247],[139.6235,37.0248],[139.6236,37.0249],[139.6238,37.025],[139.6238,37.025],[139.6238,37.025],[139.624,37.0251],[139.6247,37.0255],[139.6249,37.0256],[139.625,37.0257],[139.625,37.0257],[139.6251,37.0258],[139.6255,37.026],[139.6252,37.0262],[139.6251,37.0263],[139.6251,37.0264],[139.625,37.0266],[139.625,37.0266],[139.625,37.0267],[139.625,37.0268],[139.6249,37.0272],[139.6248,37.0273],[139.6248,37.0274],[139.6247,37.0275],[139.6246,37.0276],[139.624,37.028],[139.6238,37.0281],[139.6235,37.0283],[139.6234,37.0284],[139.6233,37.0285],[139.6232,37.0286],[139.6231,37.0287],[139.6231,37.0287],[139.6231,37.0288],[139.6231,37.029],[139.6231,37.029],[139.6231,37.0292],[139.6232,37.0293],[139.6236,37.0297],[139.6237,37.0299],[139.6238,37.0301],[139.6239,37.0305],[139.624,37.0307],[139.6241,37.0309],[139.6242,37.0311],[139.6246,37.0317],[139.6246,37.0319],[139.6247,37.0321],[139.6248,37.0323],[139.6249,37.0326],[139.625,37.0327],[139.625,37.0328],[139.625,37.0328],[139.6251,37.0329],[139.6252,37.033],[139.6253,37.033],[139.6254,37.0331],[139.6256,37.0332],[139.6257,37.0333],[139.6258,37.0333],[139.6258,37.0333],[139.6259,37.0334],[139.6261,37.0334],[139.6262,37.0335],[139.6263,37.0335],[139.6265,37.0335],[139.6269,37.0335],[139.6272,37.0335],[139.6275,37.0335],[139.6278,37.0334],[139.6282,37.0334],[139.6282,37.0334],[139.6285,37.0335],[139.6288,37.0335],[139.6291,37.0335],[139.6293,37.0335],[139.6295,37.0336],[139.6299,37.0336],[139.6302,37.0337],[139.6304,37.0337],[139.6305,37.0337],[139.6309,37.0338],[139.631,37.0338],[139.6311,37.0338],[139.6311,37.0337],[139.6313,37.0335],[139.6314,37.0333],[139.6314,37.0333],[139.6314,37.0333],[139.6316,37.033],[139.6317,37.0329],[139.6318,37.0328],[139.632,37.0326],[139.6322,37.0325],[139.6325,37.0323],[139.6327,37.0323],[139.633,37.0322],[139.6332,37.0322],[139.6333,37.0322],[139.6333,37.0322],[139.6335,37.0322],[139.6343,37.0321],[139.6346,37.0321],[139.6348,37.032],[139.6352,37.032],[139.6354,37.0319],[139.6356,37.0319],[139.6359,37.0318],[139.6361,37.0318],[139.6363,37.0318],[139.6365,37.0319],[139.6367,37.0319],[139.637,37.032],[139.6373,37.0321],[139.6375,37.0322],[139.6377,37.0322],[139.6379,37.0322],[139.638,37.0322],[139.6384,37.0321],[139.6386,37.0321],[139.6387,37.0321],[139.6388,37.0321],[139.639,37.0323],[139.6393,37.0325],[139.6394,37.0325],[139.6397,37.0326],[139.6399,37.0326],[139.64,37.0326],[139.6401,37.0327],[139.6402,37.0327],[139.6406,37.033],[139.6408,37.0332],[139.6409,37.0333],[139.6409,37.0333],[139.6411,37.0335],[139.6415,37.0338],[139.6417,37.034],[139.6417,37.034],[139.6417,37.034],[139.6418,37.0342],[139.642,37.0345],[139.6422,37.0347],[139.6424,37.0349],[139.6425,37.0351],[139.6426,37.0352],[139.6428,37.0354],[139.6429,37.0355],[139.6431,37.0357],[139.6433,37.0358],[139.6436,37.036],[139.644,37.0361],[139.6442,37.0361],[139.6444,37.0363],[139.645,37.0364],[139.6452,37.0365],[139.6453,37.0365],[139.6456,37.0365],[139.6459,37.0365],[139.6461,37.0365],[139.6463,37.0365],[139.6464,37.0365],[139.6466,37.0365],[139.6469,37.0366],[139.6472,37.0366],[139.6474,37.0367],[139.6477,37.0368],[139.6479,37.0369],[139.6481,37.0371],[139.6484,37.0372],[139.6486,37.0373],[139.6487,37.0373],[139.6489,37.0374],[139.6489,37.0374],[139.6491,37.0374],[139.6494,37.0374],[139.6498,37.0373],[139.6499,37.0373],[139.65,37.0373],[139.65,37.0373],[139.6501,37.0373],[139.6506,37.0373],[139.6509,37.0373],[139.6512,37.0373],[139.6514,37.0373],[139.6515,37.0373],[139.6516,37.0373],[139.6518,37.0374],[139.652,37.0375],[139.6522,37.0376],[139.6524,37.0378],[139.6526,37.038],[139.6528,37.0383],[139.6529,37.0385],[139.6531,37.0387],[139.6536,37.0392],[139.6537,37.0394],[139.6538,37.0394],[139.6539,37.0395],[139.6541,37.0397],[139.6543,37.0399],[139.6545,37.04],[139.6547,37.0402],[139.6549,37.0403],[139.655,37.0405],[139.6552,37.0406],[139.6553,37.0409],[139.6554,37.0411],[139.6556,37.0413],[139.6557,37.0414],[139.6557,37.0415],[139.6557,37.0417],[139.6557,37.0417],[139.6557,37.0418],[139.6557,37.0419],[139.6558,37.042],[139.6558,37.042],[139.6559,37.042],[139.656,37.0419],[139.6562,37.0418],[139.6563,37.0418],[139.6565,37.0417],[139.6565,37.0417],[139.6565,37.0417],[139.6567,37.0416],[139.657,37.0415],[139.6573,37.0415],[139.6576,37.0415],[139.6581,37.0414],[139.6583,37.0414],[139.6583,37.0414],[139.6587,37.0415],[139.6589,37.0415],[139.659,37.0414],[139.6594,37.0413],[139.6596,37.0413],[139.6597,37.0413],[139.66,37.0412],[139.6603,37.0412],[139.6605,37.0412],[139.6606,37.0412],[139.6607,37.0411],[139.6609,37.0409],[139.6612,37.0407],[139.6613,37.0407],[139.6614,37.0406],[139.6615,37.0406],[139.6619,37.0406],[139.6622,37.0405],[139.6624,37.0405],[139.6625,37.0405],[139.6632,37.0405],[139.6635,37.0404],[139.6637,37.0404],[139.6639,37.0403],[139.6641,37.0402],[139.6644,37.04],[139.6646,37.0398],[139.6647,37.0398],[139.6647,37.0399],[139.6648,37.04],[139.6648,37.0401],[139.6649,37.0404],[139.665,37.0405],[139.6652,37.0407],[139.6653,37.0408],[139.6655,37.041],[139.6656,37.0411],[139.6657,37.0413],[139.6657,37.0414],[139.6659,37.0416],[139.6659,37.0417],[139.6659,37.0417],[139.666,37.0417],[139.6661,37.0418],[139.6662,37.0419],[139.6667,37.0419],[139.6667,37.0419],[139.6671,37.042],[139.6674,37.042],[139.6676,37.0421],[139.6677,37.0421],[139.6678,37.0421],[139.6678,37.0422],[139.6679,37.0425],[139.668,37.0427],[139.6682,37.0429],[139.6683,37.0431],[139.6684,37.0433],[139.6686,37.0435],[139.6688,37.0436],[139.6689,37.0439],[139.669,37.0441],[139.6691,37.0442],[139.6691,37.0443],[139.669,37.0445],[139.6689,37.0447],[139.6688,37.0449],[139.6688,37.0451],[139.6687,37.0451],[139.6686,37.0453],[139.6685,37.0454],[139.6684,37.0455],[139.6684,37.0457],[139.6684,37.0458],[139.6684,37.046],[139.6685,37.0463],[139.6685,37.0464],[139.6687,37.0465],[139.6689,37.0467],[139.6691,37.0468],[139.6693,37.0469],[139.6694,37.047],[139.6697,37.047],[139.6699,37.047],[139.6701,37.0471],[139.6702,37.0471],[139.6704,37.0473],[139.6706,37.0475],[139.6707,37.0477],[139.6708,37.0478],[139.6709,37.0479],[139.6711,37.0481],[139.6712,37.0481],[139.6712,37.0482],[139.6713,37.0483],[139.6712,37.0485],[139.6712,37.0487],[139.6711,37.0489],[139.671,37.0491],[139.671,37.0493],[139.671,37.0494],[139.671,37.0497],[139.671,37.0498],[139.671,37.05],[139.671,37.05],[139.671,37.05],[139.671,37.0501],[139.671,37.0502],[139.6709,37.0507],[139.6709,37.0508],[139.6709,37.0508],[139.6709,37.0511],[139.6709,37.0512],[139.671,37.0513],[139.6712,37.0515],[139.6714,37.0518],[139.6716,37.0519],[139.6716,37.052],[139.6717,37.0523],[139.6717,37.0524],[139.6717,37.0525],[139.6717,37.0526],[139.6716,37.0528],[139.6715,37.053],[139.6715,37.0531],[139.6716,37.0534],[139.6716,37.0536],[139.6717,37.0537],[139.6717,37.0538],[139.6716,37.0541],[139.6715,37.0543],[139.6716,37.0544],[139.6717,37.0549],[139.6718,37.0551],[139.6719,37.0554],[139.6721,37.0556],[139.6722,37.0557],[139.6723,37.0559],[139.6724,37.0561],[139.6724,37.0564],[139.6725,37.0566],[139.6726,37.0568],[139.6726,37.057],[139.6726,37.0572],[139.6726,37.0572],[139.6727,37.0573],[139.673,37.0576],[139.673,37.0577],[139.6733,37.0577],[139.6734,37.0578],[139.6735,37.0578],[139.6736,37.0577],[139.6737,37.0576],[139.6739,37.0575],[139.6741,37.0574],[139.6743,37.0573],[139.6746,37.0572],[139.675,37.0571],[139.675,37.0571],[139.6753,37.057],[139.6755,37.0569],[139.6757,37.0568],[139.676,37.0568],[139.6763,37.0567],[139.6765,37.0567],[139.6766,37.0567],[139.6767,37.0567],[139.6768,37.0568],[139.677,37.0568],[139.6771,37.057],[139.6772,37.057],[139.6773,37.0572],[139.6775,37.0572],[139.6778,37.0574],[139.6781,37.0575],[139.6782,37.0575],[139.6783,37.0576],[139.6785,37.0576],[139.6787,37.0578],[139.6789,37.058],[139.6791,37.0581],[139.6795,37.0583],[139.6795,37.0583],[139.6797,37.0585],[139.6799,37.0586],[139.6801,37.0586],[139.6802,37.0587],[139.6805,37.0587],[139.6809,37.0586],[139.6812,37.0586],[139.6813,37.0586],[139.6815,37.0586],[139.6817,37.0586],[139.6819,37.0587],[139.682,37.0587],[139.6821,37.0588],[139.6824,37.0588],[139.6826,37.0589],[139.683,37.059],[139.6833,37.059],[139.6833,37.059],[139.6834,37.0591],[139.6837,37.0591],[139.6839,37.0591],[139.6842,37.0591],[139.6843,37.0591],[139.6844,37.0592],[139.6844,37.0594],[139.6844,37.0596],[139.6844,37.0598],[139.6844,37.06],[139.6845,37.0602],[139.6846,37.0603],[139.6847,37.0604],[139.6848,37.0605],[139.6851,37.0606],[139.6853,37.0606],[139.6856,37.0608],[139.6858,37.0609],[139.6859,37.0609],[139.686,37.061],[139.6863,37.0611],[139.6866,37.0612],[139.6867,37.0613],[139.6869,37.0613],[139.687,37.0613],[139.6871,37.0613],[139.6873,37.0612],[139.6875,37.0611],[139.6881,37.0609],[139.6883,37.0608],[139.6884,37.0608],[139.6885,37.0609],[139.6887,37.0609],[139.6889,37.061],[139.6891,37.0611],[139.6893,37.0612],[139.6895,37.0612],[139.6896,37.0613],[139.6896,37.0613],[139.6898,37.0615],[139.6903,37.0619],[139.6904,37.062],[139.6905,37.0621],[139.6907,37.0622],[139.6908,37.0622],[139.6911,37.0623],[139.6915,37.0624],[139.6917,37.0624],[139.6917,37.0624],[139.6918,37.0625],[139.6921,37.0625],[139.6922,37.0626],[139.6923,37.0625],[139.6925,37.0625],[139.6928,37.0624],[139.693,37.0622],[139.6933,37.0621],[139.6936,37.0619],[139.694,37.0618],[139.6942,37.0616],[139.6945,37.0616],[139.6948,37.0615],[139.695,37.0614],[139.6952,37.0613],[139.6956,37.0612],[139.6957,37.0612],[139.6958,37.0611],[139.696,37.0611],[139.6963,37.0611],[139.6966,37.0611],[139.6969,37.061],[139.6972,37.061],[139.6974,37.061],[139.6974,37.061],[139.6976,37.061],[139.6977,37.061],[139.6979,37.0611],[139.698,37.0611],[139.6982,37.0611],[139.6983,37.061],[139.6985,37.0609],[139.6989,37.0607],[139.699,37.0607],[139.6991,37.0606],[139.6992,37.0605],[139.6994,37.0603],[139.6998,37.0598],[139.6999,37.0596],[139.7,37.0596],[139.7,37.0596],[139.7,37.0596],[139.7,37.0596],[139.7001,37.0595],[139.7002,37.0594],[139.7004,37.0593],[139.7004,37.0593],[139.7005,37.0594],[139.7007,37.0595],[139.7009,37.0597],[139.7011,37.0599],[139.7013,37.0601],[139.7015,37.0604],[139.7016,37.0605],[139.7017,37.0606],[139.7018,37.0607],[139.7019,37.0607],[139.7022,37.0609],[139.7023,37.061],[139.7025,37.0611],[139.7027,37.0613],[139.7029,37.0614],[139.7031,37.0615],[139.7032,37.0616],[139.7032,37.0617],[139.7034,37.0618],[139.7036,37.062],[139.7038,37.0621],[139.704,37.0622],[139.7042,37.0624],[139.7043,37.0624],[139.7044,37.0625],[139.7046,37.0627],[139.7047,37.0629],[139.7051,37.0634],[139.7052,37.0636],[139.7053,37.0637],[139.7054,37.0638],[139.7056,37.0639],[139.7057,37.064],[139.706,37.0641],[139.7063,37.0641],[139.7066,37.0641],[139.7069,37.0642],[139.7073,37.0641],[139.7075,37.0641],[139.7076,37.0641],[139.7078,37.0641],[139.708,37.0641],[139.708,37.0642],[139.7081,37.0642],[139.7082,37.0644],[139.7083,37.0645],[139.7083,37.0646],[139.7083,37.0646],[139.7085,37.0647],[139.7086,37.0649],[139.7088,37.0651],[139.7089,37.0653],[139.709,37.0654],[139.7092,37.0656],[139.7093,37.0657],[139.7098,37.0658],[139.7099,37.0658],[139.7099,37.0658],[139.7099,37.0659],[139.71,37.0662],[139.7101,37.0663],[139.7101,37.0664],[139.7101,37.0665],[139.7101,37.0667],[139.7101,37.0667],[139.71,37.0669],[139.7099,37.0671],[139.7099,37.0672],[139.7099,37.0674],[139.7099,37.0675],[139.71,37.0676],[139.7101,37.0677],[139.7103,37.0678],[139.7105,37.068],[139.7107,37.0682],[139.7107,37.0682],[139.711,37.0684],[139.7111,37.0685],[139.7112,37.0685],[139.7113,37.0685],[139.7116,37.0684],[139.7119,37.0684],[139.7121,37.0684],[139.7123,37.0684],[139.7124,37.0684],[139.7126,37.0684],[139.7127,37.0684],[139.713,37.0685],[139.7133,37.0685],[139.7136,37.0686],[139.7139,37.0685],[139.7141,37.0685],[139.7144,37.0685],[139.7147,37.0684],[139.7149,37.0684],[139.7152,37.0684],[139.7155,37.0684],[139.7156,37.0684],[139.7158,37.0684],[139.7161,37.0684],[139.7164,37.0684],[139.7166,37.0684],[139.7167,37.0684],[139.7167,37.0684],[139.7172,37.0683],[139.7174,37.0683],[139.7176,37.0682],[139.7178,37.0682],[139.7179,37.0683],[139.718,37.0683],[139.7181,37.0684],[139.7182,37.0685],[139.7182,37.0687],[139.7182,37.0689],[139.7184,37.0695],[139.7185,37.0697],[139.7186,37.07],[139.7187,37.0702],[139.7188,37.0706],[139.7188,37.0708],[139.7189,37.0708],[139.7189,37.0709],[139.7191,37.0709],[139.7191,37.0709],[139.7192,37.071],[139.7194,37.071],[139.7196,37.0709],[139.7197,37.0709],[139.7198,37.0708],[139.72,37.0706],[139.7203,37.0705],[139.7204,37.0703],[139.7206,37.0702],[139.7207,37.07],[139.7208,37.0699],[139.721,37.0697],[139.7211,37.0697],[139.7213,37.0697],[139.7217,37.0697],[139.7219,37.0697],[139.7221,37.0697],[139.7224,37.0696],[139.7227,37.0695],[139.7228,37.0694],[139.7229,37.0694],[139.723,37.0694],[139.7231,37.0694],[139.7231,37.0694],[139.7232,37.0694],[139.7234,37.0696],[139.7236,37.0697],[139.7239,37.0699],[139.724,37.0699],[139.7241,37.0699],[139.7242,37.0699],[139.7247,37.0697],[139.725,37.0696],[139.725,37.0696],[139.725,37.0696],[139.7253,37.0695],[139.7255,37.0695],[139.7257,37.0694],[139.726,37.0692],[139.7262,37.0691],[139.7264,37.069],[139.7266,37.0688],[139.7267,37.0688],[139.7269,37.0689],[139.727,37.069],[139.7272,37.0691],[139.7274,37.0693],[139.7281,37.0696],[139.7284,37.0697],[139.7284,37.0698],[139.7286,37.0699],[139.7287,37.07],[139.7288,37.07],[139.7289,37.07],[139.7294,37.0698],[139.7296,37.0697],[139.7299,37.0696],[139.7302,37.0695],[139.7306,37.0693],[139.7308,37.0692],[139.7311,37.0691],[139.7313,37.069],[139.7315,37.069],[139.7318,37.0689],[139.7321,37.0688],[139.7324,37.0687],[139.7327,37.0687],[139.7329,37.0687],[139.733,37.0687],[139.733,37.0687],[139.7331,37.0688],[139.7333,37.069],[139.7333,37.0691],[139.7333,37.0691],[139.7334,37.0692],[139.7335,37.0693],[139.7336,37.0694],[139.7339,37.0696],[139.7341,37.0698],[139.7344,37.0699],[139.7345,37.07],[139.7346,37.0701],[139.7348,37.0701],[139.735,37.0701],[139.7351,37.0701],[139.7354,37.0702],[139.7357,37.0703],[139.7361,37.0704],[139.7362,37.0704],[139.7363,37.0705],[139.7363,37.0705],[139.7364,37.0706],[139.7365,37.0708],[139.7367,37.0711],[139.7368,37.0713],[139.7369,37.0715],[139.737,37.0716],[139.7371,37.0718],[139.7372,37.0719],[139.7373,37.072],[139.7373,37.0722],[139.7374,37.0723],[139.7374,37.0724],[139.7373,37.0725],[139.7373,37.0726],[139.7374,37.0726],[139.7375,37.0727],[139.7376,37.0726],[139.7378,37.0725],[139.7381,37.0725],[139.7383,37.0724],[139.7385,37.0724],[139.7387,37.0725],[139.7389,37.0725],[139.7392,37.0726],[139.7396,37.0726],[139.7398,37.0726],[139.7398,37.0726],[139.74,37.0725],[139.7402,37.0724],[139.7402,37.0724],[139.7404,37.0722],[139.7407,37.072],[139.7408,37.0719],[139.741,37.0719],[139.7412,37.0718],[139.7415,37.0718],[139.7417,37.0718],[139.7417,37.0718],[139.7419,37.0718],[139.7421,37.0718],[139.7422,37.0718],[139.7423,37.0718],[139.7425,37.0719],[139.7429,37.072],[139.7434,37.0722],[139.7435,37.0722],[139.7436,37.0722],[139.7437,37.0722],[139.7439,37.0721],[139.7442,37.072],[139.7446,37.0718],[139.7449,37.0717],[139.7452,37.0716],[139.7454,37.0714],[139.7456,37.0713],[139.7458,37.0711],[139.7459,37.071],[139.746,37.0708],[139.746,37.0707],[139.7461,37.0707],[139.7462,37.0707],[139.7462,37.0707],[139.7463,37.0707],[139.7464,37.0707],[139.7466,37.0708],[139.7467,37.0708],[139.7468,37.0708],[139.7469,37.0708],[139.747,37.0709],[139.7471,37.0709],[139.7474,37.071],[139.7475,37.071],[139.7476,37.071],[139.7477,37.071],[139.7479,37.0709],[139.748,37.071],[139.7482,37.071],[139.7485,37.071],[139.7488,37.071],[139.7489,37.071],[139.749,37.071],[139.7491,37.071],[139.7494,37.0708],[139.7497,37.0707],[139.7499,37.0706],[139.75,37.0706],[139.75,37.0706],[139.7501,37.0705],[139.7503,37.0704],[139.7504,37.0703],[139.7505,37.0703],[139.7508,37.0703],[139.7511,37.0702],[139.7513,37.0702],[139.7515,37.0702],[139.7516,37.0702],[139.7517,37.0702],[139.7518,37.0702],[139.7521,37.0703],[139.7523,37.0705],[139.7524,37.0705],[139.7526,37.0705],[139.7527,37.0706],[139.7528,37.0707],[139.7529,37.0708],[139.753,37.071],[139.7531,37.0712],[139.7531,37.0714],[139.7531,37.0716],[139.7531,37.0717],[139.7531,37.072],[139.753,37.0721],[139.7529,37.0725],[139.7529,37.0726],[139.7529,37.0728],[139.7529,37.073],[139.7529,37.0731],[139.753,37.0731],[139.753,37.0732],[139.7531,37.0733],[139.7532,37.0733],[139.7534,37.0734],[139.7535,37.0734],[139.7536,37.0735],[139.7538,37.0736],[139.7539,37.0737],[139.754,37.0738],[139.7541,37.0739],[139.7542,37.0739],[139.7543,37.074],[139.7545,37.0741],[139.7548,37.0742],[139.7549,37.0743],[139.755,37.0743],[139.7553,37.0744],[139.7556,37.0744],[139.7557,37.0744],[139.756,37.0744],[139.7564,37.0744],[139.7567,37.0744],[139.7568,37.0744],[139.7569,37.0744],[139.7572,37.0745],[139.7573,37.0746],[139.7576,37.0748],[139.7576,37.0748],[139.7578,37.0748],[139.7581,37.0748],[139.7583,37.0748],[139.7583,37.0748],[139.7583,37.0748],[139.7584,37.0748],[139.7585,37.0747],[139.7588,37.0747],[139.7589,37.0746],[139.759,37.0746],[139.7591,37.0746],[139.7592,37.0747],[139.7593,37.0747],[139.7594,37.0748],[139.7596,37.0749],[139.7597,37.075],[139.7597,37.075],[139.7598,37.0751],[139.7598,37.0751],[139.7601,37.0753],[139.7603,37.0754],[139.7605,37.0754],[139.7606,37.0755],[139.7608,37.0755],[139.7609,37.0755],[139.7611,37.0755],[139.7612,37.0756],[139.7614,37.0756],[139.7616,37.0757],[139.7618,37.0757],[139.7621,37.0757],[139.7624,37.0757],[139.7627,37.0757],[139.7629,37.0757],[139.7629,37.0757],[139.763,37.0757],[139.7631,37.0758],[139.7632,37.076],[139.7633,37.0762],[139.7634,37.0764],[139.7634,37.0765],[139.7634,37.0767],[139.7634,37.0768],[139.7634,37.0769],[139.7634,37.0771],[139.7635,37.0772],[139.7635,37.0773],[139.7635,37.0774],[139.7634,37.0776],[139.7633,37.0778],[139.7633,37.0779],[139.7634,37.078],[139.7634,37.0781],[139.7635,37.0782],[139.7636,37.0783],[139.7638,37.0784],[139.7639,37.0785],[139.764,37.0786],[139.7641,37.0788],[139.7643,37.0789],[139.7644,37.0791],[139.7646,37.0793],[139.7648,37.0796],[139.7649,37.0798],[139.7651,37.08],[139.7652,37.0801],[139.7654,37.0802],[139.7657,37.0803],[139.7659,37.0803],[139.7661,37.0803],[139.7664,37.0803],[139.7664,37.0804],[139.7666,37.0804],[139.7667,37.0805],[139.7667,37.0805],[139.7668,37.0806],[139.7669,37.0808],[139.767,37.0809],[139.7671,37.081],[139.7671,37.0813],[139.7672,37.0814],[139.7674,37.0816],[139.7676,37.0817],[139.7677,37.0818],[139.7678,37.0819],[139.7679,37.082],[139.768,37.0821],[139.7681,37.0823],[139.7685,37.0827],[139.7686,37.0827],[139.7689,37.0829],[139.7691,37.083],[139.7695,37.0832],[139.7697,37.0832],[139.7697,37.0832],[139.77,37.0833],[139.77,37.0833],[139.7701,37.0833],[139.7703,37.0834],[139.7707,37.0835],[139.7707,37.0836],[139.7708,37.0836],[139.7708,37.0837],[139.7707,37.0838],[139.7706,37.084],[139.7705,37.0841],[139.7705,37.0842],[139.7705,37.0843],[139.7705,37.0845],[139.7706,37.0847],[139.7707,37.0849],[139.7708,37.0851],[139.7709,37.0853],[139.771,37.0854],[139.7711,37.0855],[139.7712,37.0857],[139.7715,37.0858],[139.7718,37.086],[139.772,37.0861],[139.7722,37.0863],[139.7724,37.0864],[139.7725,37.0866],[139.7726,37.0868],[139.7726,37.0869],[139.7729,37.0874],[139.773,37.0876],[139.7731,37.0877],[139.7733,37.088],[139.7735,37.0883],[139.7736,37.0885],[139.7737,37.0887],[139.7738,37.089],[139.7738,37.0893],[139.7738,37.0895],[139.7738,37.0897],[139.7738,37.0899],[139.7738,37.09],[139.7738,37.0901],[139.7739,37.0902],[139.7741,37.0904],[139.7742,37.0907],[139.7743,37.0908],[139.7744,37.091],[139.7744,37.0912],[139.7745,37.0913],[139.7745,37.0914],[139.7747,37.0917],[139.7747,37.0917],[139.7747,37.0917],[139.7748,37.0918],[139.7748,37.0918],[139.7749,37.0919],[139.775,37.0919],[139.775,37.0919],[139.775,37.0919],[139.775,37.0919],[139.7751,37.0918],[139.7753,37.0917],[139.7753,37.0917],[139.7755,37.0915],[139.7757,37.0914],[139.7758,37.0913],[139.7759,37.0912],[139.7762,37.0907],[139.7764,37.0905],[139.7766,37.0902],[139.7767,37.09],[139.777,37.0897],[139.7771,37.0895],[139.7771,37.0895],[139.7773,37.0893],[139.7776,37.089],[139.7778,37.0889],[139.7779,37.0888],[139.7779,37.0888],[139.778,37.0888],[139.778,37.0888],[139.7781,37.0888],[139.7782,37.0888],[139.7782,37.0889],[139.7783,37.0889],[139.7786,37.0893],[139.7788,37.0895],[139.7789,37.0896],[139.7793,37.0898],[139.7797,37.0899],[139.7799,37.09],[139.7802,37.09],[139.7806,37.09],[139.781,37.0899],[139.7813,37.0899],[139.7816,37.0898],[139.7817,37.0898],[139.7819,37.0898],[139.7822,37.0898],[139.7824,37.0897],[139.7825,37.0896],[139.7827,37.0896],[139.7829,37.0895],[139.783,37.0895],[139.7831,37.0894],[139.7831,37.0894],[139.7831,37.0895],[139.7833,37.0896],[139.7833,37.0896],[139.7834,37.0896],[139.7836,37.0897],[139.7838,37.0899],[139.784,37.09],[139.7844,37.0902],[139.7847,37.0903],[139.7849,37.0904],[139.7852,37.0905],[139.786,37.0906],[139.7863,37.0907],[139.7865,37.0907],[139.7866,37.0907],[139.7869,37.0908],[139.7874,37.0907],[139.7877,37.0907],[139.788,37.0907],[139.7881,37.0907],[139.7883,37.0906],[139.7884,37.0906],[139.7885,37.0906],[139.7887,37.0905],[139.7889,37.0903],[139.7891,37.0902],[139.7893,37.0901],[139.7895,37.0901],[139.7898,37.09],[139.7899,37.09],[139.7902,37.0899],[139.7905,37.0898],[139.7908,37.0897],[139.791,37.0897],[139.7913,37.0897],[139.7916,37.0896],[139.7917,37.0896],[139.7917,37.0896],[139.7919,37.0896],[139.7921,37.0896],[139.7926,37.0896],[139.7927,37.0896],[139.7931,37.0895],[139.7933,37.0895],[139.7937,37.0893],[139.794,37.0891],[139.7943,37.089],[139.7945,37.0889],[139.7946,37.0888],[139.7949,37.0886],[139.7951,37.0885],[139.7952,37.0884],[139.7953,37.0883],[139.7955,37.0882],[139.7956,37.0882],[139.7959,37.0882],[139.7963,37.0881],[139.7967,37.0881],[139.7969,37.0881],[139.797,37.0882],[139.7978,37.088],[139.7981,37.0879],[139.7984,37.0879],[139.7991,37.0877],[139.7993,37.0875],[139.7995,37.0875],[139.7997,37.0874],[139.7999,37.0872],[139.8,37.0871],[139.8,37.0871],[139.8,37.0871],[139.8002,37.087],[139.8004,37.0869],[139.8007,37.0868],[139.8009,37.0867],[139.8012,37.0866],[139.8015,37.0866],[139.8017,37.0866],[139.802,37.0866],[139.8024,37.0865],[139.8027,37.0865],[139.8029,37.0865],[139.8037,37.0865],[139.8039,37.0865],[139.804,37.0865],[139.8041,37.0865],[139.8044,37.0865],[139.8045,37.0865],[139.8046,37.0865],[139.8046,37.0864],[139.8047,37.0864],[139.8051,37.0862],[139.8054,37.0861],[139.8056,37.086],[139.8059,37.0859],[139.8065,37.0857],[139.8067,37.0856],[139.807,37.0856],[139.8072,37.0855],[139.8073,37.0855],[139.8076,37.0853],[139.8079,37.0852],[139.8081,37.0851],[139.8083,37.085],[139.8083,37.085],[139.8083,37.085],[139.8085,37.085],[139.8087,37.085],[139.809,37.085],[139.8093,37.0849],[139.8094,37.0849],[139.8095,37.0848],[139.8096,37.0849],[139.8098,37.0849],[139.8098,37.085],[139.81,37.085],[139.8101,37.0851],[139.8102,37.0853],[139.8105,37.0856],[139.8106,37.0857],[139.8108,37.0859],[139.811,37.0859],[139.8111,37.086],[139.8112,37.086],[139.8112,37.086],[139.8114,37.0859],[139.8117,37.0859],[139.812,37.0858],[139.8123,37.0858],[139.8125,37.0857],[139.8128,37.0857],[139.8129,37.0857],[139.813,37.0857],[139.8133,37.0857],[139.8135,37.0857],[139.8138,37.0857],[139.814,37.0857],[139.8145,37.0857],[139.8148,37.0858],[139.815,37.0858],[139.8151,37.0858],[139.8153,37.0858],[139.8155,37.0858],[139.8158,37.0857],[139.8161,37.0857],[139.8164,37.0857],[139.8166,37.0856],[139.8167,37.0856],[139.8167,37.0856],[139.8168,37.0856],[139.8171,37.0855],[139.8173,37.0855],[139.8175,37.0854],[139.8176,37.0854],[139.818,37.0853],[139.8183,37.0853],[139.8185,37.0852],[139.8188,37.0852],[139.819,37.0852],[139.8192,37.0852],[139.8195,37.0852],[139.8198,37.0853],[139.8201,37.0853],[139.8205,37.0853],[139.8208,37.0853],[139.8213,37.0852],[139.8217,37.0852],[139.8221,37.0851],[139.8221,37.0852],[139.8221,37.0852],[139.8219,37.0853],[139.8217,37.0855],[139.8212,37.0858],[139.821,37.086],[139.8208,37.0862],[139.8206,37.0863],[139.8205,37.0864],[139.8202,37.0868],[139.8201,37.0869],[139.8201,37.0869],[139.82,37.0871],[139.8199,37.0873],[139.8198,37.0876],[139.8198,37.0878],[139.8197,37.088],[139.8198,37.0886],[139.8198,37.0888],[139.8198,37.089],[139.8197,37.0897],[139.8197,37.0899],[139.8198,37.0901],[139.8198,37.0906],[139.8198,37.0907],[139.8199,37.0908],[139.8199,37.091],[139.82,37.0912],[139.82,37.0912],[139.82,37.0914],[139.82,37.0917],[139.82,37.0917],[139.82,37.0918],[139.8201,37.092],[139.8201,37.0923],[139.8201,37.0925],[139.82,37.0929],[139.82,37.0931],[139.8199,37.0934],[139.8199,37.0936],[139.8197,37.0942],[139.8196,37.0944],[139.8195,37.0946],[139.8194,37.0948],[139.8192,37.0951],[139.8192,37.0951],[139.819,37.0953],[139.8188,37.0955],[139.8188,37.0956],[139.8187,37.0957],[139.8185,37.0961],[139.8184,37.0963],[139.8183,37.0966],[139.8183,37.0967],[139.8182,37.0969],[139.8183,37.0972],[139.8183,37.0975],[139.8183,37.0977],[139.8184,37.098],[139.8186,37.0983],[139.8187,37.0985],[139.8187,37.0988],[139.8188,37.0989],[139.8188,37.099],[139.8188,37.0991],[139.8188,37.0993],[139.8188,37.0995],[139.8187,37.0997],[139.8187,37.0999],[139.8187,37.1],[139.8187,37.1],[139.8187,37.1],[139.8188,37.1002],[139.8189,37.1004],[139.819,37.1006],[139.819,37.1008],[139.8191,37.101],[139.8192,37.1012],[139.8193,37.1013],[139.8193,37.1013],[139.8193,37.1013],[139.8192,37.1014],[139.8191,37.1015],[139.819,37.1015],[139.8191,37.1016],[139.8191,37.1016],[139.8192,37.1017],[139.8194,37.1018],[139.8195,37.1018],[139.8196,37.1019],[139.8196,37.1019],[139.8197,37.1019],[139.8198,37.1021],[139.8199,37.1023],[139.8201,37.103],[139.8202,37.1033],[139.8202,37.1034],[139.8203,37.1035],[139.8203,37.1039],[139.8204,37.1042],[139.8204,37.1044],[139.8204,37.1046],[139.8204,37.105],[139.8203,37.1053],[139.8203,37.1055],[139.8203,37.1057],[139.8203,37.1059],[139.8203,37.106],[139.8203,37.106],[139.8205,37.1062],[139.8206,37.1064],[139.8208,37.1065],[139.8209,37.1067],[139.821,37.107],[139.8212,37.1073],[139.8213,37.1076],[139.8213,37.1078],[139.8213,37.108],[139.8213,37.1082],[139.8213,37.1083],[139.8213,37.1083],[139.8213,37.1083],[139.8213,37.1084],[139.8212,37.1085],[139.8211,37.1087],[139.821,37.1089],[139.8204,37.1093],[139.8201,37.1094],[139.8199,37.1096],[139.8195,37.1098],[139.8193,37.1099],[139.819,37.1101],[139.8188,37.1102],[139.8186,37.1103],[139.8181,37.1104],[139.8178,37.1105],[139.8177,37.1106],[139.8176,37.1106],[139.8169,37.1109],[139.8167,37.111],[139.8167,37.111],[139.8166,37.111],[139.8163,37.111],[139.8162,37.1111],[139.8162,37.1111],[139.8161,37.1112],[139.8161,37.1112],[139.8161,37.1113],[139.8162,37.1116],[139.8161,37.1119],[139.8162,37.1121],[139.8162,37.1122],[139.8162,37.1125],[139.8163,37.1127],[139.8163,37.1128],[139.8163,37.113],[139.8163,37.1132],[139.8164,37.1135],[139.8164,37.1139],[139.8164,37.1141],[139.8164,37.1143],[139.8163,37.1145],[139.8162,37.1148],[139.8162,37.1149],[139.816,37.115],[139.8159,37.1152],[139.8156,37.1156],[139.8155,37.1157],[139.8154,37.1159],[139.8152,37.1161],[139.8152,37.1162],[139.8151,37.1163],[139.8151,37.1164],[139.8151,37.1164],[139.815,37.1165],[139.8151,37.1166],[139.8151,37.1167],[139.8151,37.1167],[139.8151,37.1167],[139.8152,37.1169],[139.8153,37.117],[139.8157,37.1175],[139.8159,37.1177],[139.816,37.1178],[139.816,37.1179],[139.8161,37.118],[139.8162,37.118],[139.8163,37.1181],[139.8164,37.1181],[139.8164,37.1181],[139.8167,37.1182],[139.8167,37.1182],[139.8169,37.1182],[139.8172,37.1183],[139.8175,37.1184],[139.8182,37.1186],[139.8185,37.1187],[139.8187,37.1189],[139.8188,37.1191],[139.8189,37.1192],[139.8189,37.1194],[139.8189,37.1196],[139.819,37.1199],[139.819,37.12],[139.819,37.1202],[139.819,37.1204],[139.819,37.1206],[139.819,37.1208],[139.819,37.1209],[139.819,37.1211],[139.819,37.1215],[139.819,37.1218],[139.8191,37.1218],[139.8194,37.122],[139.8196,37.1221],[139.8199,37.1223],[139.8201,37.1225],[139.8203,37.1226],[139.8206,37.1228],[139.8207,37.1229],[139.8209,37.1229],[139.8211,37.123],[139.8213,37.123],[139.8216,37.123],[139.8218,37.1231],[139.822,37.1231],[139.8222,37.1232],[139.8224,37.1233],[139.8227,37.1235],[139.8229,37.1236],[139.8233,37.1238],[139.8236,37.1239],[139.8238,37.1241],[139.8241,37.1242],[139.8248,37.1246],[139.825,37.1247],[139.825,37.1247],[139.8251,37.1247],[139.8253,37.1248],[139.8255,37.1249],[139.8256,37.125],[139.8256,37.125],[139.8258,37.1251],[139.8261,37.1253],[139.8263,37.1254],[139.8265,37.1255],[139.8272,37.1259],[139.8275,37.1261],[139.8277,37.1262],[139.8279,37.1263],[139.8281,37.1264],[139.8283,37.1266],[139.8283,37.1267],[139.8284,37.1268],[139.8285,37.1269],[139.8285,37.1269],[139.8285,37.1269],[139.8285,37.127],[139.8284,37.1271],[139.8283,37.1274],[139.8282,37.1275],[139.8282,37.1275],[139.8282,37.1276],[139.8282,37.1279],[139.8281,37.1281],[139.8281,37.1287],[139.8281,37.129],[139.8282,37.1291],[139.8283,37.1292],[139.8283,37.1292],[139.8287,37.1293],[139.829,37.1294],[139.8293,37.1295],[139.8294,37.1296],[139.8296,37.1298],[139.8296,37.1298],[139.8297,37.1299],[139.8299,37.1301],[139.83,37.1304],[139.8301,37.1306],[139.8302,37.1309],[139.8304,37.1312],[139.8305,37.1314],[139.8306,37.1316],[139.831,37.1323],[139.8311,37.1325],[139.8312,37.1327],[139.8316,37.1333],[139.8316,37.1333],[139.8316,37.1333],[139.8317,37.1335],[139.8318,37.1336],[139.8319,37.1337],[139.8319,37.1337],[139.8323,37.1337],[139.8327,37.1337],[139.8328,37.1337],[139.8331,37.1337],[139.8333,37.1337],[139.8333,37.1337],[139.8333,37.1337],[139.8333,37.1337],[139.8334,37.1337],[139.8336,37.1336],[139.8341,37.1335],[139.8342,37.1334],[139.8346,37.1334],[139.8347,37.1334],[139.8349,37.1334],[139.8353,37.1333],[139.8353,37.1333],[139.8354,37.1333],[139.8357,37.1333],[139.836,37.1333],[139.8361,37.1333],[139.8361,37.1333],[139.8363,37.1333],[139.8371,37.1333],[139.8372,37.1333],[139.8375,37.1334],[139.8376,37.1333],[139.8379,37.1333],[139.8379,37.1333],[139.8379,37.1333],[139.8387,37.1332],[139.8389,37.1332],[139.839,37.1332],[139.839,37.1332],[139.839,37.1332],[139.8391,37.1332],[139.8391,37.1333],[139.8391,37.1333],[139.8391,37.1334],[139.8392,37.1338],[139.8393,37.134],[139.8393,37.1343],[139.8394,37.1345],[139.8394,37.1347],[139.8397,37.1351],[139.8398,37.1354],[139.8398,37.1354],[139.8398,37.1355],[139.8399,37.1355],[139.8399,37.1356],[139.8402,37.1358],[139.8403,37.1358],[139.8405,37.1359],[139.8408,37.1361],[139.841,37.1362],[139.8415,37.1364],[139.8416,37.1365],[139.8417,37.1366],[139.8417,37.1366],[139.8418,37.1367],[139.842,37.1369],[139.8422,37.1371],[139.8422,37.1371],[139.8423,37.1372],[139.8425,37.1372],[139.8427,37.1372],[139.8429,37.1373],[139.8432,37.1374],[139.8434,37.1374],[139.8436,37.1375],[139.8439,37.1376],[139.8442,37.1378],[139.8444,37.1379],[139.8447,37.138],[139.8449,37.1381],[139.8449,37.1381],[139.845,37.1382],[139.8451,37.1383],[139.8453,37.1384],[139.8453,37.1384],[139.8455,37.1385],[139.8459,37.1389],[139.846,37.1389],[139.846,37.139],[139.8461,37.139],[139.8464,37.1391],[139.8464,37.1392],[139.8467,37.1392],[139.8469,37.1392],[139.8471,37.1392],[139.8473,37.1393],[139.8475,37.1394],[139.8476,37.1394],[139.8477,37.1395],[139.8477,37.1395],[139.8478,37.1395],[139.8478,37.1395],[139.8479,37.1394],[139.848,37.1393],[139.8481,37.1392],[139.8484,37.1389],[139.8485,37.1388],[139.8487,37.1386],[139.8489,37.1385],[139.8491,37.1384],[139.8493,37.1383],[139.8496,37.1381],[139.8499,37.138],[139.85,37.1379],[139.85,37.1379],[139.8501,37.1379],[139.8506,37.1377],[139.8508,37.1376],[139.8511,37.1375],[139.8513,37.1374],[139.8513,37.1374],[139.8516,37.1372],[139.8517,37.1372],[139.8518,37.1372],[139.8519,37.1372],[139.852,37.1372],[139.8521,37.1372],[139.8524,37.1373],[139.8527,37.1373],[139.8535,37.1375],[139.8537,37.1375],[139.854,37.1376],[139.8543,37.1376],[139.8548,37.1376],[139.8549,37.1376],[139.8551,37.1377],[139.8555,37.1377],[139.8559,37.1377],[139.8563,37.1378],[139.8565,37.1379],[139.8568,37.138],[139.8571,37.1381],[139.8573,37.1381],[139.8574,37.1382],[139.8576,37.1383],[139.8579,37.1385],[139.8581,37.1387],[139.8583,37.139],[139.8583,37.139],[139.8583,37.1391],[139.8584,37.1392],[139.8585,37.1393],[139.8586,37.1395],[139.8588,37.1396],[139.8591,37.1397],[139.8595,37.1399],[139.8597,37.14],[139.8599,37.1402],[139.8601,37.1403],[139.8605,37.1406],[139.8608,37.1407],[139.861,37.1408],[139.8612,37.141],[139.8613,37.1411],[139.8614,37.1412],[139.8615,37.1413],[139.8617,37.1415],[139.8617,37.1416],[139.8617,37.1417],[139.8617,37.1417],[139.8618,37.1418],[139.8618,37.142],[139.8618,37.1421],[139.8619,37.1422],[139.8619,37.1423],[139.862,37.1425],[139.8623,37.1428],[139.8625,37.143],[139.8627,37.1432],[139.8627,37.1432],[139.8629,37.1433],[139.863,37.1434],[139.8632,37.1437],[139.8633,37.1439],[139.8636,37.1442],[139.8637,37.1444],[139.8639,37.1446],[139.864,37.1446],[139.8641,37.1447],[139.8643,37.1449],[139.8647,37.1451],[139.8649,37.1452],[139.865,37.1453],[139.8651,37.1454],[139.8652,37.1455],[139.8653,37.1456],[139.8654,37.1457],[139.8655,37.1458],[139.8655,37.1459],[139.8657,37.1461],[139.8658,37.1463],[139.8659,37.1465],[139.8661,37.1468],[139.8662,37.147],[139.8662,37.1471],[139.8663,37.1472],[139.8663,37.1472],[139.8665,37.1473],[139.8667,37.1473],[139.8667,37.1473],[139.8667,37.1473],[139.8669,37.1473],[139.8671,37.1473],[139.8674,37.1474],[139.8677,37.1474],[139.8679,37.1475],[139.868,37.1475],[139.8684,37.1475],[139.8688,37.1476],[139.8691,37.1476],[139.8694,37.1476],[139.8695,37.1476],[139.8696,37.1475],[139.8698,37.1474],[139.87,37.1474],[139.8703,37.1473],[139.871,37.147],[139.8712,37.147],[139.8714,37.1469],[139.8717,37.1468],[139.8717,37.1468],[139.872,37.1466],[139.8722,37.1465],[139.8723,37.1464],[139.8725,37.1464],[139.8727,37.1464],[139.8734,37.1463],[139.8736,37.1463],[139.8738,37.1463],[139.8746,37.1463],[139.8748,37.1462],[139.875,37.1462],[139.875,37.1462],[139.875,37.1462],[139.8754,37.1462],[139.8758,37.1461],[139.8759,37.1461],[139.8762,37.1461],[139.8764,37.146],[139.8767,37.1461],[139.8771,37.1461],[139.8773,37.1461],[139.8776,37.1461],[139.8778,37.1462],[139.8778,37.1462],[139.8779,37.1463],[139.8781,37.1466],[139.8783,37.1467],[139.8785,37.1469],[139.8788,37.147],[139.879,37.1471],[139.8792,37.1472],[139.8795,37.1472],[139.8797,37.1473],[139.88,37.1474],[139.8802,37.1474],[139.8804,37.1475],[139.8807,37.1475],[139.8809,37.1476],[139.8812,37.1477],[139.8816,37.1479],[139.8819,37.148],[139.8819,37.148],[139.8821,37.1481],[139.8824,37.1483],[139.8827,37.1485],[139.8829,37.1486],[139.8831,37.1487],[139.8833,37.1488],[139.8833,37.1488],[139.8833,37.1488],[139.8836,37.149],[139.8837,37.149],[139.8839,37.1491],[139.8842,37.1493],[139.8844,37.1494],[139.8847,37.1496],[139.8849,37.1497],[139.8851,37.1498],[139.8854,37.1499],[139.8856,37.1499],[139.8859,37.15],[139.8861,37.15],[139.8861,37.15],[139.8863,37.15],[139.8865,37.15],[139.8868,37.15],[139.8872,37.15],[139.8873,37.15],[139.8874,37.15],[139.8876,37.15],[139.8878,37.15],[139.8878,37.15],[139.8879,37.15],[139.8881,37.1501],[139.8883,37.1502],[139.8884,37.1503],[139.8886,37.1505],[139.8887,37.1507],[139.8889,37.1508],[139.8891,37.151],[139.8892,37.1511],[139.8893,37.1512],[139.8894,37.1512],[139.8896,37.1513],[139.8898,37.1514],[139.89,37.1515],[139.8903,37.1515],[139.8906,37.1516],[139.8909,37.1517],[139.8911,37.1518],[139.8914,37.1518],[139.8915,37.1518],[139.8916,37.1518],[139.8917,37.1518],[139.8917,37.1519],[139.8918,37.1519],[139.8919,37.1519],[139.892,37.152],[139.8922,37.1522],[139.8923,37.1523],[139.8925,37.1525],[139.8927,37.1526],[139.8929,37.1527],[139.8931,37.1527],[139.8933,37.1528],[139.8935,37.1528],[139.8938,37.1529],[139.894,37.1529],[139.8942,37.153],[139.8944,37.1532],[139.8945,37.1532],[139.8946,37.1533],[139.8949,37.1533],[139.8952,37.1533],[139.8954,37.1533],[139.8957,37.1533],[139.896,37.1534],[139.8962,37.1533],[139.8964,37.1533],[139.8966,37.1533],[139.8967,37.1533],[139.897,37.1534],[139.8973,37.1534],[139.8975,37.1535],[139.8978,37.1535],[139.8979,37.1535],[139.8981,37.1535],[139.8982,37.1535],[139.8983,37.1535],[139.8986,37.1536],[139.8987,37.1536],[139.8988,37.1536],[139.8991,37.1536],[139.8994,37.1536],[139.8996,37.1536],[139.8998,37.1536],[139.9,37.1536],[139.9,37.1536],[139.9001,37.1536],[139.9003,37.1536],[139.9006,37.1536],[139.9008,37.1537],[139.9009,37.1537],[139.9012,37.1538],[139.9014,37.1538],[139.9017,37.1539],[139.9018,37.154],[139.9019,37.154],[139.902,37.154],[139.9022,37.1541],[139.9023,37.1542],[139.9024,37.1543],[139.9024,37.1543],[139.9025,37.1542],[139.9025,37.1542],[139.9025,37.1541],[139.9025,37.154],[139.9025,37.154],[139.9024,37.1539],[139.9025,37.1538],[139.9026,37.1538],[139.9027,37.1537],[139.9029,37.1535],[139.9031,37.1534],[139.9034,37.1532],[139.9035,37.1531],[139.9036,37.153],[139.9037,37.1529],[139.9038,37.1527],[139.9039,37.1525],[139.9041,37.1524],[139.9042,37.1522],[139.9043,37.1522],[139.9044,37.152],[139.9046,37.1519],[139.9048,37.1517],[139.9049,37.1515],[139.9049,37.1513],[139.905,37.1512],[139.905,37.151],[139.9051,37.1508],[139.9052,37.1507],[139.9052,37.1507],[139.9052,37.1506],[139.9054,37.1504],[139.9056,37.1502],[139.9058,37.1501],[139.9059,37.15],[139.9059,37.15],[139.9059,37.15],[139.9062,37.1497],[139.9065,37.1495],[139.9068,37.1493],[139.9071,37.1493],[139.9073,37.1491],[139.9076,37.1489],[139.908,37.1488],[139.9083,37.1487],[139.9083,37.1487],[139.9083,37.1487],[139.9086,37.1486],[139.9089,37.1485],[139.9092,37.1484],[139.9093,37.1484],[139.9096,37.1483],[139.9098,37.1482],[139.9102,37.1481],[139.9106,37.148],[139.9109,37.1479],[139.9111,37.1479],[139.9112,37.1479],[139.9114,37.1479],[139.9117,37.148],[139.9119,37.1481],[139.9122,37.1482],[139.9123,37.1482],[139.9124,37.1483],[139.9127,37.1483],[139.9129,37.1482],[139.9132,37.1482],[139.9135,37.1481],[139.9138,37.1481],[139.9141,37.148],[139.9146,37.1479],[139.9148,37.1478],[139.9151,37.1478],[139.9153,37.1477],[139.9156,37.1477],[139.9158,37.1476],[139.9159,37.1476],[139.9162,37.1476],[139.9163,37.1476],[139.9165,37.1477],[139.9166,37.1478],[139.9167,37.1478],[139.9167,37.1478],[139.9168,37.1479],[139.917,37.148],[139.9172,37.1483],[139.9174,37.1484],[139.9177,37.1486],[139.918,37.1488],[139.9181,37.1488],[139.9184,37.149],[139.9186,37.1491],[139.9189,37.1493],[139.9191,37.1494],[139.9191,37.1495],[139.9193,37.1496],[139.9194,37.1498],[139.9196,37.1499],[139.9197,37.15],[139.9197,37.15],[139.9198,37.1501],[139.9199,37.1502],[139.92,37.1503],[139.9201,37.1504],[139.9202,37.1504],[139.9205,37.1505],[139.9208,37.1506],[139.921,37.1506],[139.9214,37.1507],[139.9216,37.1508],[139.9218,37.1509],[139.9221,37.151],[139.9225,37.1512],[139.9228,37.1513],[139.9231,37.1514],[139.9233,37.1515],[139.924,37.1517],[139.9244,37.1519],[139.9246,37.1519],[139.9248,37.1519],[139.9249,37.1519],[139.925,37.1519],[139.925,37.1519],[139.9251,37.1519],[139.9252,37.1518],[139.9254,37.1517],[139.9257,37.1516],[139.926,37.1515],[139.9263,37.1513],[139.9269,37.1511],[139.9271,37.151],[139.9273,37.151],[139.9275,37.151],[139.9278,37.151],[139.9281,37.151],[139.9284,37.151],[139.9287,37.151],[139.929,37.1511],[139.929,37.1511],[139.9294,37.1512],[139.9297,37.1513],[139.9299,37.1513],[139.9302,37.1514],[139.9303,37.1514],[139.9305,37.1515],[139.9306,37.1516],[139.9308,37.1517],[139.9309,37.1519],[139.9311,37.152],[139.9312,37.1522],[139.9313,37.1523],[139.9315,37.1524],[139.9317,37.1525],[139.932,37.1526],[139.9322,37.1528],[139.9326,37.153],[139.9328,37.1531],[139.933,37.1532],[139.9332,37.1534],[139.9333,37.1535],[139.9333,37.1535],[139.9333,37.1535],[139.9334,37.1536],[139.9335,37.1536],[139.9336,37.1537],[139.9338,37.1537],[139.9341,37.1538],[139.9349,37.1537],[139.9351,37.1537],[139.9354,37.1537],[139.9358,37.1537],[139.9362,37.1537],[139.9364,37.1537],[139.9366,37.1537],[139.9369,37.1537],[139.9374,37.1536],[139.9375,37.1536],[139.9376,37.1536],[139.9378,37.1536],[139.938,37.1536],[139.9383,37.1536],[139.9387,37.1535],[139.9389,37.1534],[139.9389,37.1534],[139.9392,37.1534],[139.9398,37.1532],[139.9401,37.1532],[139.9404,37.1532],[139.9407,37.1531],[139.9411,37.1531],[139.9414,37.1531],[139.9416,37.1531],[139.9417,37.153],[139.9417,37.153],[139.9419,37.153],[139.9421,37.1529],[139.9425,37.1528],[139.9426,37.1528],[139.9428,37.1528],[139.9429,37.1528],[139.943,37.1527],[139.9432,37.1527],[139.9433,37.1527],[139.9434,37.1526],[139.9437,37.1526],[139.9438,37.1526],[139.944,37.1526],[139.944,37.1527],[139.9441,37.1528],[139.9443,37.1529],[139.9445,37.1532],[139.9447,37.1534],[139.9449,37.1536],[139.9451,37.1538],[139.9453,37.1539],[139.9455,37.154],[139.9458,37.1541],[139.946,37.1541],[139.9462,37.1542],[139.9464,37.1542],[139.9466,37.1542],[139.9466,37.1542],[139.9467,37.1542],[139.9469,37.1542],[139.9469,37.1542],[139.9471,37.1542],[139.9472,37.1542],[139.9474,37.1542],[139.9476,37.1542],[139.9478,37.1542],[139.9482,37.1542],[139.9483,37.1542],[139.9484,37.1542],[139.9486,37.1542],[139.9487,37.1542],[139.949,37.1542],[139.9495,37.1542],[139.9497,37.1542],[139.95,37.1542],[139.95,37.1542],[139.95,37.1542],[139.9504,37.1543],[139.9505,37.1543],[139.9505,37.1544],[139.9506,37.1544],[139.9509,37.1546],[139.951,37.1547],[139.9512,37.1547],[139.9515,37.1547],[139.9518,37.1548],[139.952,37.1548],[139.9521,37.1548],[139.9522,37.1548],[139.9525,37.1549],[139.9526,37.155],[139.9528,37.155],[139.9531,37.155],[139.9533,37.155],[139.9536,37.155],[139.9539,37.1551],[139.9542,37.155],[139.9544,37.155],[139.9546,37.1549],[139.9549,37.1549],[139.9552,37.1548],[139.9554,37.1547],[139.9562,37.1544],[139.9564,37.1544],[139.9566,37.1543],[139.9568,37.1542],[139.957,37.1542],[139.9575,37.1542],[139.9577,37.1542],[139.9578,37.1542]]],"type":"Polygon"},"properties":{"namekana":"とちぎ","code":"9090","name":"栃木"}}],"type":"FeatureCollection"}