{"type":"FeatureCollection","features":[{"geometry":{"coordinates":[[[[139.2627,36.2447],[139.2632,36.2446],[139.2633,36.2448],[139.2637,36.2447],[139.2637,36.2445],[139.2636,36.2441],[139.2636,36.2439],[139.2631,36.2439],[139.2628,36.244],[139.2625,36.2441],[139.2621,36.2441],[139.2617,36.2443],[139.2619,36.2446],[139.262,36.2448],[139.2622,36.2454],[139.2628,36.2451],[139.2629,36.2451],[139.2627,36.2447]]],[[[139.1357,36.2784],[139.1361,36.2784],[139.1363,36.2784],[139.1371,36.2784],[139.1381,36.2784],[139.1382,36.2784],[139.1386,36.2784],[139.1392,36.2784],[139.1408,36.2785],[139.1417,36.2785],[139.1417,36.2785],[139.142,36.2785],[139.1426,36.2785],[139.1431,36.2785],[139.1433,36.2785],[139.1447,36.2785],[139.1457,36.2785],[139.1458,36.2785],[139.1459,36.2785],[139.1459,36.2785],[139.1464,36.2785],[139.1473,36.2785],[139.1474,36.2786],[139.1484,36.2786],[139.1488,36.2786],[139.1498,36.2786],[139.15,36.2786],[139.15,36.2786],[139.1503,36.2786],[139.1505,36.2786],[139.1509,36.2786],[139.1515,36.2785],[139.1528,36.2784],[139.1529,36.2783],[139.1533,36.2783],[139.1545,36.2782],[139.1556,36.278],[139.1563,36.278],[139.157,36.2779],[139.1578,36.2778],[139.158,36.2778],[139.1583,36.2778],[139.1583,36.2778],[139.1585,36.2778],[139.159,36.2778],[139.1592,36.2779],[139.16,36.278],[139.1605,36.2781],[139.1614,36.2783],[139.1622,36.2785],[139.1627,36.2786],[139.1631,36.2787],[139.1638,36.2789],[139.1639,36.2789],[139.164,36.2789],[139.1641,36.2788],[139.1642,36.2787],[139.1647,36.2783],[139.1648,36.2781],[139.1651,36.2779],[139.1653,36.2777],[139.1657,36.2774],[139.166,36.2771],[139.1662,36.277],[139.1667,36.2767],[139.1667,36.2767],[139.1667,36.2767],[139.167,36.2765],[139.168,36.2758],[139.1685,36.2754],[139.1691,36.275],[139.1691,36.275],[139.1691,36.275],[139.1693,36.2749],[139.1695,36.2748],[139.1698,36.2746],[139.1701,36.2744],[139.1705,36.2742],[139.171,36.2739],[139.1714,36.2737],[139.1719,36.2734],[139.1719,36.2734],[139.1722,36.2733],[139.1724,36.2732],[139.1725,36.2732],[139.1727,36.273],[139.1728,36.2729],[139.1733,36.2727],[139.1735,36.2726],[139.1737,36.2725],[139.1748,36.272],[139.175,36.2719],[139.175,36.2719],[139.1761,36.2713],[139.1767,36.271],[139.1774,36.2707],[139.1778,36.2705],[139.1783,36.2702],[139.1794,36.2697],[139.18,36.2694],[139.1806,36.2691],[139.181,36.2689],[139.1816,36.2686],[139.1821,36.2684],[139.1825,36.2682],[139.1828,36.2681],[139.183,36.268],[139.1832,36.2679],[139.1833,36.2678],[139.1833,36.2678],[139.1837,36.2677],[139.1846,36.2674],[139.1854,36.2671],[139.1861,36.2669],[139.1863,36.2668],[139.1867,36.2667],[139.187,36.2667],[139.187,36.2667],[139.1872,36.2666],[139.1873,36.2666],[139.1878,36.2664],[139.1882,36.2662],[139.1885,36.2661],[139.189,36.2659],[139.1895,36.2656],[139.191,36.265],[139.1917,36.2647],[139.1917,36.2647],[139.1922,36.2645],[139.1923,36.2644],[139.1927,36.2642],[139.1928,36.2642],[139.1932,36.264],[139.1936,36.2639],[139.1941,36.2637],[139.1946,36.2635],[139.1946,36.2635],[139.1954,36.2632],[139.1966,36.2628],[139.1972,36.2625],[139.1974,36.2624],[139.1976,36.2624],[139.1978,36.2623],[139.1979,36.2623],[139.198,36.2622],[139.1981,36.2623],[139.1982,36.2623],[139.1985,36.2623],[139.1993,36.2624],[139.2,36.2625],[139.2,36.2625],[139.2005,36.2625],[139.2012,36.2626],[139.2015,36.2626],[139.2017,36.2626],[139.2019,36.2626],[139.202,36.2626],[139.202,36.2626],[139.2023,36.2626],[139.2024,36.2626],[139.2029,36.2625],[139.2033,36.2624],[139.2033,36.2624],[139.2036,36.2624],[139.204,36.2625],[139.2044,36.2625],[139.2045,36.2626],[139.2047,36.2627],[139.2049,36.2629],[139.205,36.263],[139.2051,36.2631],[139.2052,36.2631],[139.2052,36.2631],[139.2054,36.2631],[139.2054,36.2631],[139.2055,36.2631],[139.2056,36.2631],[139.2059,36.263],[139.2066,36.2629],[139.2069,36.2628],[139.2069,36.2628],[139.2072,36.2627],[139.2074,36.2627],[139.2078,36.2626],[139.2081,36.2625],[139.2083,36.2625],[139.2083,36.2624],[139.2083,36.2624],[139.2085,36.2623],[139.209,36.262],[139.2099,36.2615],[139.21,36.2614],[139.2101,36.2613],[139.2102,36.2613],[139.2104,36.2613],[139.2105,36.2613],[139.2106,36.2614],[139.2108,36.2615],[139.2108,36.2615],[139.2108,36.2615],[139.2109,36.2615],[139.211,36.2614],[139.2112,36.261],[139.2115,36.2604],[139.2115,36.2603],[139.2116,36.2602],[139.2118,36.2602],[139.212,36.2602],[139.2119,36.2601],[139.2119,36.2599],[139.2119,36.2599],[139.2119,36.2594],[139.2119,36.2591],[139.2118,36.2583],[139.2118,36.2583],[139.2117,36.2578],[139.2117,36.2577],[139.2117,36.2576],[139.2117,36.2573],[139.2117,36.2571],[139.2116,36.2567],[139.2116,36.2564],[139.2116,36.2562],[139.2117,36.2562],[139.2121,36.2563],[139.2133,36.2565],[139.2145,36.2567],[139.2154,36.2569],[139.2158,36.2569],[139.2161,36.257],[139.2167,36.2571],[139.2167,36.2571],[139.217,36.2572],[139.2183,36.2574],[139.2207,36.2578],[139.2225,36.2581],[139.2233,36.2582],[139.2234,36.2583],[139.2237,36.2583],[139.2238,36.2583],[139.224,36.2583],[139.2244,36.258],[139.2244,36.258],[139.225,36.2575],[139.225,36.2575],[139.225,36.2575],[139.2255,36.257],[139.226,36.2566],[139.2266,36.2561],[139.227,36.2558],[139.2273,36.2554],[139.2282,36.2547],[139.2282,36.2547],[139.2286,36.2543],[139.2289,36.2541],[139.2297,36.2534],[139.2298,36.2533],[139.2299,36.2532],[139.2304,36.2529],[139.2307,36.2528],[139.231,36.2526],[139.2311,36.2526],[139.2312,36.2525],[139.2312,36.2525],[139.2314,36.2523],[139.232,36.2514],[139.232,36.2513],[139.2321,36.2512],[139.2321,36.2511],[139.2324,36.2506],[139.2328,36.25],[139.2328,36.25],[139.233,36.2497],[139.2333,36.2491],[139.2333,36.2491],[139.2335,36.2489],[139.2346,36.2481],[139.2347,36.248],[139.2353,36.2476],[139.2366,36.2467],[139.2367,36.2466],[139.2371,36.2464],[139.2372,36.2464],[139.2373,36.2463],[139.2375,36.2462],[139.2384,36.246],[139.2388,36.2458],[139.2396,36.2456],[139.24,36.2455],[139.2412,36.2452],[139.2417,36.2451],[139.2417,36.2451],[139.2427,36.2448],[139.2429,36.2447],[139.2429,36.2447],[139.2436,36.2446],[139.2437,36.2445],[139.2437,36.2445],[139.2439,36.2445],[139.2441,36.2444],[139.2452,36.2446],[139.2458,36.2446],[139.2468,36.2448],[139.2474,36.2448],[139.2474,36.2448],[139.248,36.2449],[139.2481,36.2449],[139.2484,36.245],[139.249,36.2451],[139.2495,36.2452],[139.25,36.2452],[139.25,36.2453],[139.25,36.2453],[139.2502,36.2453],[139.2507,36.2454],[139.251,36.2454],[139.2519,36.2455],[139.2529,36.2457],[139.2535,36.2458],[139.2537,36.2458],[139.2539,36.2458],[139.2542,36.2458],[139.2548,36.2457],[139.2555,36.2456],[139.2561,36.2455],[139.2562,36.2454],[139.2574,36.2451],[139.2579,36.2449],[139.2583,36.2448],[139.2583,36.2448],[139.2587,36.2447],[139.2588,36.2446],[139.2592,36.2445],[139.2594,36.2444],[139.2596,36.2442],[139.2601,36.2438],[139.2605,36.2435],[139.2609,36.2432],[139.261,36.2431],[139.2613,36.2429],[139.2615,36.2428],[139.2617,36.2427],[139.2619,36.2427],[139.262,36.2427],[139.2626,36.2426],[139.2635,36.2425],[139.2637,36.2425],[139.264,36.2425],[139.2648,36.2425],[139.2657,36.2425],[139.2667,36.2426],[139.2667,36.2426],[139.2668,36.2426],[139.2669,36.2426],[139.267,36.2426],[139.2671,36.2429],[139.2671,36.2431],[139.2671,36.2432],[139.2671,36.2432],[139.2672,36.2434],[139.2673,36.2439],[139.2673,36.244],[139.2673,36.2442],[139.2673,36.2442],[139.2673,36.2443],[139.2674,36.2444],[139.2674,36.2446],[139.2673,36.2451],[139.2673,36.2452],[139.2672,36.2455],[139.2672,36.2456],[139.2672,36.2461],[139.2672,36.2463],[139.2671,36.2467],[139.2671,36.2469],[139.2671,36.247],[139.2671,36.2474],[139.267,36.2484],[139.2669,36.2492],[139.2669,36.2496],[139.2669,36.2499],[139.2669,36.25],[139.2669,36.25],[139.2668,36.2504],[139.2668,36.2505],[139.2669,36.2506],[139.267,36.2506],[139.2671,36.2505],[139.2673,36.2505],[139.2673,36.2505],[139.2677,36.2504],[139.2678,36.2504],[139.2681,36.2503],[139.2696,36.25],[139.2696,36.25],[139.2698,36.25],[139.2703,36.2498],[139.2712,36.2496],[139.2716,36.2495],[139.2717,36.2495],[139.2719,36.2494],[139.2723,36.2493],[139.2726,36.2492],[139.2739,36.2489],[139.2747,36.2487],[139.275,36.2486],[139.275,36.2486],[139.2761,36.2484],[139.2775,36.248],[139.2777,36.248],[139.2786,36.2477],[139.2787,36.2476],[139.2791,36.2475],[139.2795,36.2474],[139.2796,36.2474],[139.2813,36.2469],[139.2828,36.2463],[139.2833,36.2462],[139.2833,36.2461],[139.2833,36.2461],[139.2851,36.2455],[139.2854,36.2454],[139.2863,36.2451],[139.2868,36.245],[139.2869,36.245],[139.2883,36.2447],[139.2891,36.2446],[139.2899,36.2444],[139.2909,36.2443],[139.2917,36.2442],[139.2917,36.2442],[139.2926,36.2439],[139.295,36.2436],[139.2985,36.2433],[139.2986,36.2432],[139.297,36.2419],[139.2975,36.2417],[139.2975,36.2417],[139.3,36.2405],[139.3,36.2405],[139.3014,36.2398],[139.3039,36.2389],[139.3055,36.2384],[139.3083,36.2376],[139.3083,36.2376],[139.3084,36.2376],[139.3093,36.2374],[139.311,36.2371],[139.312,36.237],[139.3128,36.2369],[139.3136,36.2368],[139.3151,36.2366],[139.3167,36.2365],[139.3167,36.2365],[139.3167,36.2365],[139.3182,36.2365],[139.3196,36.2365],[139.3223,36.2366],[139.3237,36.2367],[139.325,36.2369],[139.325,36.2369],[139.325,36.2369],[139.328,36.2374],[139.3279,36.2386],[139.3279,36.2392],[139.3279,36.2399],[139.3279,36.2399],[139.3279,36.2401],[139.3279,36.2402],[139.328,36.2405],[139.3282,36.2407],[139.3286,36.2409],[139.3292,36.2411],[139.3302,36.2415],[139.3305,36.2417],[139.3305,36.2417],[139.3311,36.2419],[139.3325,36.2425],[139.3331,36.2428],[139.3333,36.2429],[139.3333,36.2429],[139.3334,36.2429],[139.3338,36.243],[139.3347,36.243],[139.3351,36.243],[139.3353,36.243],[139.3354,36.243],[139.3361,36.243],[139.3366,36.243],[139.3371,36.2431],[139.3375,36.2432],[139.3378,36.2433],[139.3381,36.2434],[139.3383,36.2434],[139.3388,36.2435],[139.3399,36.2438],[139.3402,36.2439],[139.3397,36.2452],[139.3396,36.2453],[139.3395,36.2455],[139.3395,36.2458],[139.3395,36.246],[139.3395,36.246],[139.3397,36.2461],[139.34,36.2463],[139.3405,36.2464],[139.3409,36.2466],[139.3411,36.2466],[139.3417,36.2467],[139.3417,36.2467],[139.3418,36.2467],[139.3423,36.2468],[139.3425,36.2468],[139.3428,36.2468],[139.3432,36.2469],[139.3434,36.247],[139.3438,36.2473],[139.3442,36.2475],[139.3447,36.2479],[139.3451,36.2481],[139.3452,36.2482],[139.3454,36.2484],[139.3456,36.2487],[139.3459,36.249],[139.346,36.2494],[139.3462,36.2499],[139.3462,36.25],[139.3462,36.25],[139.3463,36.2501],[139.3463,36.2503],[139.3463,36.2505],[139.3464,36.2507],[139.3465,36.251],[139.3467,36.2512],[139.3469,36.2515],[139.3468,36.2516],[139.3468,36.2516],[139.3465,36.2517],[139.3463,36.2518],[139.3463,36.252],[139.3464,36.2522],[139.3466,36.2525],[139.3469,36.2531],[139.347,36.2532],[139.3472,36.2535],[139.3473,36.2537],[139.3474,36.2537],[139.3477,36.2538],[139.3478,36.2538],[139.3485,36.2539],[139.3495,36.2539],[139.35,36.254],[139.35,36.254],[139.3501,36.254],[139.3506,36.2542],[139.3509,36.2544],[139.351,36.2544],[139.3512,36.254],[139.3512,36.2539],[139.3514,36.2536],[139.3518,36.2532],[139.3521,36.2529],[139.3523,36.2528],[139.3525,36.2526],[139.3528,36.2523],[139.3529,36.2522],[139.353,36.2521],[139.3534,36.2517],[139.3536,36.2515],[139.3538,36.2515],[139.3541,36.2515],[139.3542,36.2515],[139.3543,36.2517],[139.3546,36.252],[139.3547,36.252],[139.3548,36.252],[139.355,36.2519],[139.3551,36.252],[139.3554,36.2522],[139.3557,36.2524],[139.356,36.2525],[139.3561,36.2526],[139.3563,36.2526],[139.3565,36.2527],[139.357,36.2529],[139.3572,36.2529],[139.3574,36.2531],[139.3576,36.2532],[139.358,36.2533],[139.3582,36.2533],[139.3583,36.2533],[139.3583,36.2533],[139.3586,36.2533],[139.3593,36.2532],[139.3595,36.2532],[139.3601,36.2529],[139.3604,36.2527],[139.3606,36.2526],[139.3608,36.2525],[139.3615,36.2521],[139.3621,36.2517],[139.3624,36.2515],[139.3629,36.2511],[139.3637,36.2505],[139.3643,36.25],[139.3643,36.25],[139.3643,36.25],[139.365,36.2494],[139.3658,36.2487],[139.3661,36.2484],[139.3665,36.248],[139.3667,36.2479],[139.3667,36.2479],[139.3668,36.2478],[139.3675,36.2471],[139.3675,36.2471],[139.3678,36.2468],[139.3684,36.2466],[139.3694,36.2463],[139.3704,36.246],[139.3708,36.2458],[139.371,36.2458],[139.3711,36.2458],[139.3712,36.2457],[139.3715,36.2457],[139.3718,36.2456],[139.3719,36.2455],[139.373,36.2454],[139.3735,36.2453],[139.3741,36.2452],[139.3743,36.2451],[139.375,36.245],[139.375,36.245],[139.3755,36.2449],[139.3765,36.2446],[139.3767,36.2445],[139.3772,36.244],[139.3775,36.2437],[139.3778,36.2432],[139.378,36.2429],[139.3785,36.2422],[139.3786,36.242],[139.3789,36.2417],[139.3789,36.2417],[139.3791,36.2414],[139.3792,36.2413],[139.3793,36.2412],[139.3794,36.2411],[139.3796,36.241],[139.3798,36.2407],[139.38,36.2406],[139.3802,36.2404],[139.3808,36.2398],[139.381,36.2396],[139.3819,36.2388],[139.3827,36.2381],[139.3829,36.2379],[139.383,36.2378],[139.3832,36.2376],[139.3833,36.2375],[139.3833,36.2375],[139.3834,36.2374],[139.3834,36.2374],[139.3835,36.2373],[139.3842,36.2367],[139.3843,36.2365],[139.3849,36.2359],[139.3852,36.2357],[139.3858,36.2351],[139.386,36.2349],[139.3868,36.2341],[139.3874,36.2335],[139.3876,36.2333],[139.3876,36.2333],[139.3876,36.2333],[139.3884,36.2326],[139.3892,36.2318],[139.3901,36.231],[139.3902,36.2309],[139.3902,36.2308],[139.3899,36.2303],[139.3899,36.2302],[139.3899,36.2299],[139.39,36.2294],[139.3901,36.2292],[139.3903,36.2291],[139.3908,36.229],[139.391,36.2289],[139.3913,36.2288],[139.3915,36.2287],[139.3917,36.2287],[139.3917,36.2287],[139.3924,36.2284],[139.3933,36.228],[139.3934,36.2279],[139.3933,36.2277],[139.3934,36.2276],[139.394,36.2275],[139.3943,36.2273],[139.3955,36.2269],[139.3967,36.2266],[139.3995,36.2255],[139.4,36.2254],[139.4,36.2254],[139.4006,36.2251],[139.4009,36.225],[139.4009,36.225],[139.401,36.225],[139.4012,36.2249],[139.4021,36.2246],[139.4029,36.2243],[139.4034,36.2241],[139.4036,36.2241],[139.4044,36.2238],[139.4047,36.2237],[139.4058,36.2233],[139.4061,36.2231],[139.4068,36.2229],[139.407,36.2229],[139.4073,36.2228],[139.4077,36.2226],[139.4081,36.223],[139.4082,36.2231],[139.4083,36.2231],[139.4083,36.2231],[139.4083,36.2232],[139.4085,36.2233],[139.4087,36.2234],[139.4091,36.2232],[139.4091,36.2231],[139.412,36.2212],[139.4141,36.2198],[139.4158,36.2186],[139.4162,36.2184],[139.4167,36.2181],[139.4167,36.2181],[139.4169,36.218],[139.4181,36.2172],[139.4181,36.2171],[139.4189,36.2167],[139.4189,36.2167],[139.4189,36.2167],[139.419,36.2166],[139.4191,36.2164],[139.4191,36.2159],[139.4192,36.2153],[139.4192,36.2151],[139.4192,36.2149],[139.4193,36.2139],[139.4193,36.2129],[139.4194,36.2121],[139.4194,36.2117],[139.4194,36.2114],[139.4194,36.2113],[139.4195,36.2112],[139.4198,36.2109],[139.42,36.2108],[139.4208,36.2108],[139.421,36.2108],[139.4211,36.2108],[139.4235,36.2109],[139.4238,36.2109],[139.424,36.2109],[139.4242,36.2108],[139.4247,36.2105],[139.425,36.2104],[139.425,36.2104],[139.4257,36.21],[139.4258,36.21],[139.4269,36.2095],[139.428,36.209],[139.4289,36.2086],[139.429,36.2084],[139.4292,36.2083],[139.4292,36.2083],[139.4293,36.2083],[139.4299,36.2078],[139.4307,36.2072],[139.4309,36.2071],[139.4318,36.2064],[139.4327,36.2057],[139.4333,36.2052],[139.4333,36.2052],[139.4336,36.205],[139.4345,36.2043],[139.4354,36.2036],[139.4363,36.2029],[139.437,36.2023],[139.4372,36.2021],[139.4375,36.2019],[139.4381,36.2014],[139.4387,36.2009],[139.4389,36.2007],[139.4399,36.2],[139.4399,36.2],[139.4399,36.2],[139.4408,36.1993],[139.4417,36.1986],[139.4417,36.1986],[139.4417,36.1986],[139.4426,36.1978],[139.4442,36.1968],[139.4443,36.1967],[139.4445,36.1966],[139.4453,36.1962],[139.4456,36.196],[139.4464,36.1956],[139.4467,36.1955],[139.4477,36.1949],[139.4488,36.1943],[139.45,36.1937],[139.45,36.1937],[139.4507,36.1933],[139.451,36.1932],[139.452,36.1927],[139.4528,36.1922],[139.4531,36.1921],[139.4535,36.1919],[139.4537,36.1918],[139.4539,36.1917],[139.4539,36.1917],[139.4539,36.1917],[139.4541,36.1916],[139.4543,36.1914],[139.4549,36.1912],[139.4552,36.1911],[139.4561,36.1909],[139.4564,36.1908],[139.4566,36.1907],[139.4576,36.1905],[139.4583,36.1903],[139.4583,36.1903],[139.4585,36.1903],[139.4588,36.1902],[139.4597,36.1901],[139.4598,36.19],[139.4602,36.1899],[139.4612,36.1897],[139.4622,36.1895],[139.4624,36.1895],[139.4627,36.1895],[139.4635,36.1894],[139.4637,36.1893],[139.464,36.1893],[139.4647,36.1893],[139.465,36.1893],[139.466,36.1892],[139.4662,36.1892],[139.4667,36.1892],[139.4667,36.1892],[139.4674,36.1891],[139.4676,36.1891],[139.4684,36.1891],[139.4687,36.1891],[139.4689,36.1891],[139.4699,36.1892],[139.4709,36.1892],[139.4712,36.1892],[139.473,36.1893],[139.4731,36.1893],[139.4744,36.1895],[139.475,36.1895],[139.475,36.1895],[139.4751,36.1896],[139.4752,36.1896],[139.4768,36.1898],[139.4773,36.1899],[139.4777,36.1899],[139.4781,36.19],[139.4811,36.1904],[139.4833,36.1908],[139.4833,36.1908],[139.4833,36.1908],[139.4836,36.1908],[139.4846,36.1909],[139.4848,36.1909],[139.4861,36.1911],[139.4879,36.1914],[139.4886,36.1915],[139.4891,36.1916],[139.4899,36.1917],[139.4899,36.1917],[139.4917,36.1919],[139.4917,36.1919],[139.4917,36.1919],[139.4924,36.1919],[139.4927,36.192],[139.4934,36.1922],[139.4935,36.1922],[139.4937,36.1922],[139.4952,36.1925],[139.4955,36.1926],[139.4958,36.1926],[139.496,36.1927],[139.4963,36.1927],[139.4968,36.1928],[139.4971,36.1929],[139.4981,36.193],[139.4988,36.1932],[139.5,36.1934],[139.5,36.1934],[139.5002,36.1934],[139.5007,36.1934],[139.5014,36.1935],[139.5015,36.1935],[139.5028,36.1936],[139.504,36.1936],[139.5046,36.1936],[139.505,36.1936],[139.5051,36.1936],[139.5065,36.1936],[139.5076,36.1935],[139.5082,36.1934],[139.5083,36.1934],[139.5083,36.1934],[139.5092,36.1933],[139.5102,36.1931],[139.5108,36.1931],[139.5109,36.1931],[139.5117,36.1929],[139.512,36.1929],[139.5128,36.1927],[139.5134,36.1926],[139.5142,36.1924],[139.515,36.1922],[139.5152,36.1921],[139.5161,36.1919],[139.5165,36.1918],[139.5167,36.1918],[139.5167,36.1918],[139.5173,36.1917],[139.5173,36.1917],[139.518,36.1915],[139.5189,36.1914],[139.5192,36.1913],[139.5201,36.1913],[139.5205,36.1912],[139.5212,36.1912],[139.5219,36.1912],[139.523,36.1912],[139.5233,36.1912],[139.5236,36.1913],[139.5244,36.1913],[139.525,36.1913],[139.525,36.1913],[139.5257,36.1913],[139.5259,36.1913],[139.5264,36.1914],[139.5272,36.1915],[139.5274,36.1915],[139.528,36.1915],[139.5282,36.1915],[139.5292,36.1917],[139.5292,36.1917],[139.5296,36.1917],[139.5311,36.192],[139.5323,36.1923],[139.5333,36.1925],[139.5333,36.1925],[139.5334,36.1925],[139.5337,36.1925],[139.5346,36.1928],[139.5352,36.1929],[139.536,36.1932],[139.537,36.1936],[139.5381,36.1941],[139.5394,36.1945],[139.5395,36.1946],[139.54,36.1948],[139.5407,36.195],[139.5417,36.1954],[139.5417,36.1954],[139.5417,36.1954],[139.5424,36.1957],[139.5432,36.196],[139.5442,36.1965],[139.5445,36.1966],[139.5447,36.1966],[139.5454,36.197],[139.5459,36.1972],[139.5466,36.1976],[139.5476,36.1982],[139.548,36.1984],[139.5485,36.1986],[139.549,36.1989],[139.55,36.1992],[139.55,36.1992],[139.55,36.1992],[139.5505,36.1994],[139.5508,36.1995],[139.5514,36.1997],[139.5519,36.1999],[139.552,36.1999],[139.5522,36.2],[139.5522,36.2],[139.5524,36.2001],[139.5533,36.2004],[139.5542,36.2007],[139.5547,36.2008],[139.5556,36.2009],[139.5558,36.201],[139.5558,36.201],[139.5562,36.201],[139.5571,36.2012],[139.5583,36.2013],[139.5583,36.2013],[139.5584,36.2013],[139.5596,36.2015],[139.561,36.2016],[139.5624,36.2018],[139.5627,36.2018],[139.5634,36.2019],[139.5649,36.2021],[139.5651,36.2021],[139.5659,36.2022],[139.5667,36.2023],[139.5667,36.2023],[139.5675,36.2025],[139.5688,36.2028],[139.57,36.2031],[139.5709,36.2034],[139.5719,36.2037],[139.5722,36.2038],[139.5729,36.204],[139.573,36.204],[139.5735,36.2042],[139.5741,36.2045],[139.5746,36.2048],[139.5749,36.2049],[139.575,36.2049],[139.575,36.2049],[139.5754,36.2051],[139.5758,36.2053],[139.5765,36.2058],[139.577,36.2061],[139.5776,36.2065],[139.5785,36.207],[139.5797,36.2076],[139.5809,36.2083],[139.5811,36.2083],[139.5811,36.2083],[139.5821,36.2088],[139.5823,36.2089],[139.583,36.2092],[139.5833,36.2094],[139.5833,36.2094],[139.5839,36.2096],[139.5851,36.2101],[139.5856,36.2102],[139.5862,36.2103],[139.5866,36.2104],[139.5874,36.2104],[139.5878,36.2104],[139.5879,36.2103],[139.5884,36.2103],[139.589,36.2101],[139.5901,36.2099],[139.5911,36.2098],[139.5916,36.2097],[139.5917,36.2097],[139.5917,36.2097],[139.5919,36.2096],[139.5931,36.2093],[139.5937,36.2091],[139.5944,36.2089],[139.5947,36.2087],[139.5947,36.2087],[139.5952,36.2085],[139.5957,36.2083],[139.5957,36.2083],[139.5961,36.2082],[139.5966,36.208],[139.5972,36.2077],[139.5977,36.2074],[139.5981,36.2072],[139.5982,36.2072],[139.5986,36.2069],[139.5994,36.2065],[139.6,36.2061],[139.6,36.2061],[139.6002,36.206],[139.6011,36.2055],[139.6017,36.2051],[139.602,36.2048],[139.602,36.2048],[139.6027,36.2043],[139.6032,36.2039],[139.6034,36.2038],[139.6038,36.2034],[139.6043,36.203],[139.6047,36.2026],[139.6049,36.2024],[139.6057,36.2017],[139.6066,36.2008],[139.6074,36.2],[139.6074,36.2],[139.6074,36.1999],[139.6079,36.1995],[139.608,36.1993],[139.6081,36.1992],[139.6082,36.1991],[139.6083,36.1989],[139.6083,36.1989],[139.6084,36.1988],[139.6085,36.1987],[139.6086,36.1985],[139.6087,36.1985],[139.609,36.1979],[139.6095,36.1973],[139.6095,36.1973],[139.6099,36.1968],[139.6104,36.1962],[139.6115,36.1952],[139.6122,36.1945],[139.613,36.1937],[139.6139,36.193],[139.6147,36.1924],[139.6151,36.192],[139.6155,36.1918],[139.6157,36.1917],[139.6157,36.1917],[139.6159,36.1915],[139.6165,36.1911],[139.6167,36.191],[139.6167,36.191],[139.6176,36.1904],[139.6177,36.1903],[139.6186,36.1898],[139.6192,36.1895],[139.6197,36.1892],[139.6197,36.1892],[139.6202,36.1889],[139.6209,36.1885],[139.6213,36.1884],[139.6213,36.1883],[139.6218,36.1882],[139.6218,36.1882],[139.6219,36.1881],[139.6222,36.1879],[139.6227,36.1876],[139.6227,36.1876],[139.6235,36.1871],[139.6238,36.1869],[139.624,36.1869],[139.6242,36.1868],[139.6244,36.1867],[139.6248,36.1866],[139.6249,36.1866],[139.625,36.1867],[139.625,36.1869],[139.625,36.1869],[139.625,36.187],[139.6251,36.1876],[139.6251,36.1877],[139.6252,36.188],[139.6253,36.1887],[139.6253,36.1891],[139.6254,36.1899],[139.6254,36.19],[139.6254,36.19],[139.6254,36.1905],[139.6254,36.1905],[139.6255,36.1909],[139.6256,36.1914],[139.6257,36.1917],[139.6257,36.1917],[139.6257,36.1918],[139.6258,36.192],[139.6259,36.1924],[139.6261,36.1928],[139.6264,36.1932],[139.6266,36.1935],[139.6266,36.1935],[139.627,36.1939],[139.6274,36.1942],[139.6276,36.1944],[139.6277,36.1945],[139.6281,36.1947],[139.6285,36.1949],[139.6287,36.1951],[139.629,36.1952],[139.6294,36.1952],[139.6302,36.1954],[139.6309,36.1955],[139.6309,36.1955],[139.6313,36.1956],[139.6313,36.1956],[139.6317,36.1957],[139.632,36.1957],[139.6324,36.1958],[139.6329,36.196],[139.6333,36.1961],[139.6333,36.1961],[139.6338,36.1962],[139.6343,36.1963],[139.6348,36.1965],[139.6359,36.1968],[139.6363,36.1969],[139.637,36.1971],[139.6372,36.1972],[139.6376,36.1972],[139.6382,36.1973],[139.6382,36.1973],[139.6407,36.1973],[139.6409,36.1972],[139.6415,36.1972],[139.6417,36.1971],[139.6417,36.1971],[139.6423,36.197],[139.6438,36.1967],[139.6445,36.1966],[139.6449,36.1966],[139.646,36.1963],[139.6467,36.1962],[139.6473,36.1961],[139.6474,36.1961],[139.6479,36.1961],[139.6485,36.1961],[139.6488,36.1961],[139.649,36.1962],[139.649,36.1962],[139.6491,36.1963],[139.6491,36.1963],[139.6491,36.1964],[139.6491,36.1964],[139.6492,36.1964],[139.6495,36.1965],[139.6495,36.1965],[139.6495,36.1966],[139.6495,36.1966],[139.6497,36.1966],[139.6499,36.1968],[139.65,36.1969],[139.65,36.1969],[139.6503,36.1971],[139.6507,36.1973],[139.651,36.1975],[139.6512,36.1977],[139.6512,36.1978],[139.6513,36.198],[139.6514,36.1982],[139.6515,36.1984],[139.6515,36.1987],[139.6515,36.1992],[139.6514,36.1997],[139.6513,36.2],[139.6513,36.2],[139.6513,36.2001],[139.6512,36.2004],[139.6511,36.2005],[139.6511,36.2008],[139.6509,36.2011],[139.6507,36.2015],[139.6505,36.202],[139.6503,36.2023],[139.6501,36.2026],[139.6501,36.2027],[139.65,36.2028],[139.65,36.203],[139.65,36.2031],[139.65,36.2032],[139.6501,36.2034],[139.65,36.2036],[139.65,36.2037],[139.65,36.2037],[139.65,36.2037],[139.6499,36.2039],[139.6498,36.2042],[139.6498,36.2045],[139.6497,36.2048],[139.6497,36.2051],[139.6497,36.2054],[139.6497,36.2057],[139.6497,36.206],[139.6497,36.206],[139.6498,36.2062],[139.6497,36.2062],[139.6497,36.2064],[139.6497,36.2065],[139.6497,36.2066],[139.6496,36.2068],[139.6496,36.207],[139.6497,36.2071],[139.6498,36.2073],[139.6498,36.2077],[139.6498,36.2079],[139.6497,36.208],[139.6496,36.2083],[139.6496,36.2083],[139.6495,36.2085],[139.6495,36.2086],[139.6495,36.2088],[139.6494,36.209],[139.6492,36.2093],[139.649,36.2096],[139.649,36.2099],[139.6489,36.2102],[139.649,36.2104],[139.649,36.2104],[139.6491,36.2108],[139.6493,36.211],[139.6494,36.2112],[139.6495,36.2112],[139.6499,36.2112],[139.65,36.2112],[139.65,36.2112],[139.6502,36.2112],[139.6504,36.2113],[139.6505,36.2114],[139.6506,36.2115],[139.6506,36.2117],[139.6506,36.2119],[139.6506,36.2119],[139.6507,36.212],[139.6507,36.2121],[139.6508,36.2121],[139.651,36.2122],[139.6513,36.2123],[139.6515,36.2123],[139.6517,36.2124],[139.6517,36.2125],[139.6519,36.2126],[139.6523,36.2128],[139.653,36.213],[139.6532,36.2131],[139.6534,36.213],[139.6534,36.213],[139.6534,36.213],[139.6535,36.213],[139.6538,36.213],[139.6542,36.2131],[139.6542,36.2131],[139.6547,36.2132],[139.6558,36.2136],[139.6565,36.2138],[139.6569,36.214],[139.6579,36.2145],[139.6582,36.2146],[139.6583,36.2146],[139.6583,36.2146],[139.6589,36.2148],[139.659,36.2148],[139.6593,36.2149],[139.6597,36.2149],[139.66,36.2149],[139.6604,36.2147],[139.6612,36.2142],[139.6622,36.2134],[139.6627,36.213],[139.663,36.2128],[139.6635,36.2124],[139.6637,36.2121],[139.6639,36.2119],[139.6639,36.2118],[139.6639,36.2116],[139.6637,36.2111],[139.6636,36.211],[139.6633,36.2107],[139.663,36.2105],[139.6629,36.2104],[139.6626,36.2102],[139.6623,36.2098],[139.6619,36.2093],[139.6613,36.2084],[139.6612,36.2083],[139.6612,36.2083],[139.6612,36.2083],[139.6612,36.2083],[139.6613,36.2082],[139.6617,36.2081],[139.6619,36.208],[139.6623,36.2074],[139.6626,36.2072],[139.6626,36.2071],[139.6629,36.2071],[139.6633,36.207],[139.6638,36.207],[139.6638,36.207],[139.6644,36.2071],[139.6653,36.2071],[139.6662,36.207],[139.6666,36.207],[139.6667,36.2069],[139.6667,36.2069],[139.6669,36.2067],[139.667,36.2067],[139.6672,36.2067],[139.6674,36.2067],[139.6677,36.2067],[139.6678,36.2068],[139.6686,36.2069],[139.6691,36.2072],[139.6698,36.2076],[139.6698,36.2076],[139.67,36.2078],[139.6701,36.2078],[139.6703,36.2079],[139.6703,36.208],[139.6706,36.2081],[139.6707,36.2081],[139.6709,36.2083],[139.6709,36.2083],[139.6709,36.2083],[139.6709,36.2083],[139.671,36.2084],[139.6717,36.209],[139.6722,36.2092],[139.6726,36.2093],[139.6732,36.2093],[139.6737,36.2092],[139.6742,36.2091],[139.6745,36.2089],[139.6747,36.2087],[139.6749,36.2083],[139.6749,36.2083],[139.6749,36.2083],[139.675,36.2075],[139.675,36.2073],[139.675,36.2072],[139.6751,36.2066],[139.6751,36.2058],[139.6752,36.2053],[139.6753,36.205],[139.6753,36.205],[139.6753,36.2049],[139.6754,36.2046],[139.6756,36.2042],[139.6757,36.2039],[139.676,36.2034],[139.6761,36.2032],[139.6762,36.203],[139.6766,36.2024],[139.6769,36.2019],[139.6773,36.2015],[139.6779,36.2012],[139.6791,36.2008],[139.6799,36.2006],[139.6799,36.2006],[139.6803,36.2005],[139.6806,36.2005],[139.6808,36.2006],[139.6809,36.2006],[139.6812,36.2006],[139.6815,36.2007],[139.682,36.2008],[139.6823,36.201],[139.6825,36.2011],[139.6826,36.2012],[139.6826,36.2012],[139.6829,36.2015],[139.683,36.2016],[139.6832,36.202],[139.6833,36.2023],[139.6833,36.2023],[139.6834,36.2023],[139.6834,36.2026],[139.6835,36.2026],[139.6835,36.2027],[139.6837,36.2029],[139.6839,36.203],[139.6841,36.2032],[139.6843,36.2034],[139.6846,36.2035],[139.6849,36.2037],[139.6852,36.2038],[139.6855,36.2038],[139.6858,36.2038],[139.6863,36.2036],[139.6864,36.2035],[139.6866,36.2033],[139.6867,36.203],[139.6868,36.2027],[139.6869,36.2026],[139.6869,36.2025],[139.687,36.2019],[139.6871,36.2017],[139.6872,36.2012],[139.6872,36.201],[139.6874,36.2008],[139.6874,36.2006],[139.6875,36.2003],[139.6877,36.2],[139.6877,36.2],[139.6877,36.2],[139.6879,36.1997],[139.6878,36.1991],[139.6877,36.1981],[139.6877,36.198],[139.6877,36.1977],[139.6877,36.1971],[139.6877,36.1968],[139.6879,36.1964],[139.6879,36.1962],[139.6881,36.1959],[139.6884,36.1954],[139.6889,36.1949],[139.6895,36.1945],[139.6905,36.1938],[139.6906,36.1937],[139.6916,36.193],[139.6917,36.193],[139.6917,36.193],[139.6919,36.1928],[139.6924,36.1925],[139.693,36.1921],[139.693,36.1921],[139.6931,36.192],[139.6936,36.1917],[139.6937,36.1917],[139.6937,36.1917],[139.6939,36.1914],[139.694,36.1912],[139.6942,36.191],[139.6942,36.1908],[139.6942,36.1908],[139.6943,36.1907],[139.6943,36.1905],[139.6943,36.1901],[139.6942,36.1897],[139.694,36.1894],[139.6938,36.189],[139.6934,36.1883],[139.6932,36.1878],[139.6932,36.1878],[139.6929,36.1872],[139.6928,36.1869],[139.6925,36.1861],[139.6925,36.1859],[139.6925,36.1858],[139.6923,36.185],[139.6922,36.1847],[139.6922,36.1843],[139.692,36.1838],[139.692,36.1834],[139.692,36.1833],[139.692,36.1833],[139.692,36.1833],[139.6919,36.183],[139.6917,36.182],[139.6917,36.1818],[139.6917,36.1817],[139.6916,36.1816],[139.6915,36.1807],[139.6914,36.1798],[139.6913,36.1792],[139.6912,36.1788],[139.6911,36.1774],[139.6911,36.1774],[139.691,36.1767],[139.691,36.1764],[139.6909,36.1753],[139.6909,36.1753],[139.6909,36.175],[139.6909,36.175],[139.691,36.1745],[139.6911,36.1734],[139.6912,36.1728],[139.6912,36.1725],[139.6914,36.1717],[139.6915,36.1713],[139.6917,36.1708],[139.6917,36.1708],[139.6918,36.1702],[139.692,36.1698],[139.6925,36.169],[139.6925,36.169],[139.6925,36.1689],[139.6935,36.1673],[139.6939,36.1667],[139.6939,36.1667],[139.694,36.1664],[139.6942,36.1659],[139.6942,36.1658],[139.6943,36.1656],[139.6944,36.1647],[139.6944,36.1637],[139.6945,36.1629],[139.6945,36.1625],[139.6946,36.1619],[139.6947,36.1605],[139.6948,36.1603],[139.6951,36.1591],[139.6953,36.1583],[139.6953,36.1583],[139.6954,36.158],[139.6956,36.1575],[139.6957,36.1571],[139.6959,36.1568],[139.6961,36.1564],[139.6964,36.1559],[139.6968,36.1554],[139.6975,36.1547],[139.698,36.1541],[139.698,36.1541],[139.6981,36.1539],[139.6982,36.1535],[139.6982,36.1533],[139.6985,36.152],[139.6985,36.1519],[139.6986,36.1518],[139.6987,36.1517],[139.6989,36.1513],[139.6996,36.15],[139.6996,36.15],[139.7,36.1494],[139.7,36.1494],[139.7007,36.1481],[139.7014,36.1471],[139.702,36.1463],[139.703,36.1451],[139.7031,36.145],[139.7044,36.1436],[139.7046,36.1435],[139.7048,36.1432],[139.7052,36.1428],[139.7054,36.1425],[139.7059,36.1418],[139.706,36.1417],[139.706,36.1417],[139.7081,36.1383],[139.7083,36.1381],[139.7083,36.1381],[139.7087,36.1376],[139.7089,36.1374],[139.709,36.1373],[139.7091,36.1372],[139.7096,36.1367],[139.71,36.1362],[139.7101,36.1359],[139.7104,36.1349],[139.7105,36.1342],[139.7106,36.134],[139.7106,36.1339],[139.7106,36.1337],[139.7107,36.1333],[139.7107,36.1333],[139.7107,36.1329],[139.7108,36.1329],[139.7113,36.1318],[139.7114,36.1315],[139.7117,36.1306],[139.7119,36.1301],[139.712,36.1299],[139.7121,36.1293],[139.7125,36.1281],[139.713,36.1272],[139.7136,36.1262],[139.7138,36.126],[139.7146,36.1252],[139.7148,36.125],[139.7148,36.125],[139.7148,36.125],[139.7149,36.1249],[139.7149,36.1249],[139.7152,36.1246],[139.7155,36.1243],[139.7167,36.1232],[139.7167,36.1232],[139.7169,36.1229],[139.7177,36.1223],[139.7193,36.1209],[139.7209,36.1193],[139.722,36.1182],[139.7224,36.1177],[139.7224,36.1177],[139.7226,36.1175],[139.7227,36.1174],[139.7228,36.1173],[139.7234,36.1167],[139.7234,36.1167],[139.7237,36.1163],[139.724,36.116],[139.724,36.116],[139.7248,36.1149],[139.725,36.1147],[139.725,36.1146],[139.7254,36.1142],[139.7257,36.1138],[139.7257,36.1137],[139.7258,36.1135],[139.7258,36.1135],[139.726,36.1131],[139.7264,36.1125],[139.7265,36.1121],[139.7267,36.1116],[139.7268,36.1108],[139.7269,36.1097],[139.7269,36.1093],[139.7269,36.1088],[139.727,36.1083],[139.727,36.1083],[139.7271,36.1075],[139.7271,36.1075],[139.727,36.1069],[139.7271,36.1058],[139.7272,36.1041],[139.7272,36.104],[139.7272,36.1039],[139.7273,36.103],[139.7274,36.1019],[139.7275,36.1005],[139.7276,36.1],[139.7276,36.1],[139.7279,36.0983],[139.7281,36.0965],[139.7281,36.0956],[139.7281,36.095],[139.7282,36.0946],[139.7282,36.0946],[139.7282,36.0945],[139.7282,36.0928],[139.7282,36.0927],[139.7282,36.0926],[139.7282,36.0924],[139.7283,36.0917],[139.7283,36.0917],[139.7283,36.0917],[139.7283,36.0915],[139.7283,36.0914],[139.7283,36.0914],[139.7283,36.0905],[139.7283,36.0903],[139.7283,36.0901],[139.7291,36.089],[139.7293,36.0887],[139.7295,36.0885],[139.7298,36.0879],[139.7298,36.0878],[139.7303,36.0873],[139.7304,36.0871],[139.7308,36.0869],[139.7314,36.0866],[139.7316,36.0866],[139.7318,36.0865],[139.7325,36.0864],[139.7332,36.0864],[139.7333,36.0864],[139.7333,36.0864],[139.7337,36.0863],[139.7347,36.0863],[139.7348,36.0863],[139.7354,36.0864],[139.7357,36.0864],[139.7357,36.0864],[139.7364,36.0864],[139.7368,36.0865],[139.7369,36.0865],[139.7374,36.0866],[139.7379,36.0867],[139.738,36.0867],[139.7404,36.087],[139.7417,36.0871],[139.7417,36.0871],[139.7423,36.0872],[139.7438,36.0872],[139.745,36.0872],[139.7453,36.0872],[139.7463,36.0871],[139.7468,36.0871],[139.7478,36.0867],[139.7481,36.0865],[139.7483,36.0864],[139.749,36.0862],[139.7491,36.0862],[139.7499,36.0859],[139.75,36.0858],[139.75,36.0858],[139.7501,36.0858],[139.7503,36.0857],[139.7513,36.0853],[139.7522,36.0848],[139.7533,36.0842],[139.7537,36.084],[139.7542,36.0837],[139.7547,36.0834],[139.7549,36.0833],[139.7549,36.0833],[139.7549,36.0833],[139.7556,36.083],[139.7557,36.0829],[139.7563,36.0826],[139.7565,36.0826],[139.757,36.0824],[139.7572,36.0823],[139.7572,36.0823],[139.7578,36.0821],[139.7578,36.0821],[139.7583,36.0819],[139.7583,36.0819],[139.7587,36.0818],[139.7595,36.0816],[139.76,36.0815],[139.7609,36.0813],[139.7622,36.081],[139.7628,36.0809],[139.7632,36.0809],[139.7647,36.0806],[139.7652,36.0805],[139.7652,36.0805],[139.7653,36.0805],[139.7655,36.0805],[139.7658,36.0804],[139.7667,36.0804],[139.7667,36.0804],[139.767,36.0804],[139.7676,36.0805],[139.7682,36.0806],[139.7692,36.0808],[139.7694,36.0809],[139.7698,36.081],[139.7703,36.0812],[139.7709,36.0815],[139.7715,36.0819],[139.7719,36.0822],[139.7722,36.0826],[139.7724,36.0831],[139.7725,36.0833],[139.7725,36.0833],[139.7725,36.0833],[139.7726,36.0838],[139.7726,36.0841],[139.7726,36.0843],[139.7725,36.0847],[139.7724,36.0853],[139.7724,36.0854],[139.7722,36.0862],[139.7721,36.0865],[139.7721,36.0868],[139.7722,36.0874],[139.7725,36.088],[139.7728,36.0884],[139.7731,36.0889],[139.7735,36.0892],[139.7742,36.0896],[139.7745,36.0897],[139.7746,36.0898],[139.775,36.09],[139.775,36.09],[139.7751,36.0901],[139.7751,36.0901],[139.7753,36.0902],[139.7755,36.0903],[139.7759,36.0905],[139.7759,36.0905],[139.7762,36.0908],[139.7762,36.0908],[139.7762,36.0908],[139.7763,36.0904],[139.7764,36.09],[139.7765,36.0897],[139.7766,36.0894],[139.7767,36.0891],[139.7769,36.0885],[139.777,36.0883],[139.7773,36.0876],[139.7775,36.0871],[139.7779,36.0865],[139.778,36.0864],[139.7782,36.086],[139.7786,36.0855],[139.779,36.085],[139.7792,36.0845],[139.7794,36.084],[139.7796,36.0833],[139.7796,36.0833],[139.7799,36.0828],[139.78,36.0823],[139.78,36.082],[139.78,36.0818],[139.78,36.0812],[139.7799,36.0806],[139.7799,36.0802],[139.7799,36.0801],[139.7801,36.0793],[139.7801,36.0791],[139.7802,36.0786],[139.7804,36.0781],[139.7805,36.0778],[139.7806,36.0776],[139.7811,36.077],[139.7815,36.0765],[139.7816,36.0764],[139.7817,36.0761],[139.782,36.0756],[139.7822,36.0752],[139.7822,36.075],[139.7822,36.075],[139.7823,36.0747],[139.7823,36.0744],[139.7824,36.0735],[139.7824,36.0723],[139.7824,36.0716],[139.7824,36.0713],[139.7826,36.0706],[139.7828,36.0702],[139.7833,36.0695],[139.7833,36.0695],[139.7833,36.0695],[139.7835,36.0693],[139.7841,36.0687],[139.7848,36.0679],[139.7854,36.0672],[139.786,36.0667],[139.786,36.0667],[139.7861,36.0666],[139.7868,36.0657],[139.7876,36.0649],[139.7878,36.0645],[139.7884,36.0637],[139.7886,36.0635],[139.7889,36.0631],[139.7891,36.0627],[139.7892,36.0625],[139.7894,36.0621],[139.7895,36.0618],[139.7896,36.0616],[139.7899,36.061],[139.7901,36.0604],[139.7903,36.06],[139.7906,36.0593],[139.7907,36.059],[139.7911,36.0585],[139.7912,36.0583],[139.7912,36.0583],[139.7914,36.0581],[139.7917,36.0578],[139.7917,36.0578],[139.7918,36.0578],[139.792,36.0576],[139.7927,36.0572],[139.7929,36.0571],[139.7932,36.0569],[139.7932,36.0569],[139.7942,36.0563],[139.7947,36.0559],[139.795,36.0557],[139.7953,36.0554],[139.7955,36.0552],[139.7957,36.0549],[139.7963,36.0542],[139.7973,36.0527],[139.7977,36.0523],[139.7986,36.0515],[139.7991,36.0512],[139.8,36.0506],[139.8,36.0506],[139.8002,36.0504],[139.8003,36.0503],[139.8004,36.0502],[139.8007,36.05],[139.8007,36.05],[139.8011,36.0497],[139.8014,36.0494],[139.8016,36.0492],[139.8017,36.049],[139.8022,36.0483],[139.8027,36.0474],[139.8027,36.0473],[139.8035,36.0461],[139.8041,36.0452],[139.8046,36.0446],[139.8051,36.0442],[139.8056,36.0439],[139.8064,36.0435],[139.8069,36.0432],[139.8073,36.0429],[139.8083,36.0423],[139.8083,36.0423],[139.8085,36.0421],[139.8092,36.0417],[139.8092,36.0417],[139.8104,36.0408],[139.8122,36.0396],[139.8131,36.0389],[139.8137,36.0385],[139.814,36.0382],[139.814,36.0382],[139.8141,36.0381],[139.8147,36.0377],[139.815,36.0373],[139.8154,36.0368],[139.8155,36.0365],[139.8158,36.0358],[139.816,36.0352],[139.8162,36.0347],[139.8164,36.0343],[139.8165,36.034],[139.8166,36.0338],[139.8167,36.0337],[139.8167,36.0337],[139.8168,36.0335],[139.8169,36.0333],[139.8169,36.0333],[139.817,36.033],[139.8173,36.0325],[139.8173,36.0325],[139.8174,36.0321],[139.8175,36.0318],[139.8176,36.0314],[139.8176,36.0311],[139.8176,36.0307],[139.8175,36.0304],[139.8174,36.0301],[139.8174,36.0299],[139.8173,36.0297],[139.8169,36.0293],[139.8167,36.0289],[139.8167,36.0289],[139.8165,36.0286],[139.8159,36.0277],[139.8152,36.0268],[139.8146,36.026],[139.814,36.025],[139.814,36.025],[139.814,36.025],[139.8137,36.0244],[139.8135,36.0238],[139.8134,36.0234],[139.8134,36.0231],[139.8135,36.0226],[139.8136,36.0219],[139.8136,36.0217],[139.8137,36.021],[139.814,36.0199],[139.8142,36.0192],[139.8144,36.0184],[139.8146,36.0174],[139.8147,36.0167],[139.8147,36.0167],[139.8148,36.0164],[139.8148,36.016],[139.815,36.0144],[139.8151,36.0137],[139.8152,36.0129],[139.8152,36.0128],[139.8153,36.0118],[139.8158,36.0093],[139.816,36.0083],[139.816,36.0083],[139.8162,36.0074],[139.8164,36.0063],[139.8166,36.0054],[139.8167,36.0052],[139.8167,36.0052],[139.8169,36.0039],[139.817,36.0032],[139.8169,36.0024],[139.8168,36.0019],[139.8167,36.0016],[139.8167,36.0016],[139.8166,36.0015],[139.8166,36.0015],[139.8166,36.0015],[139.8164,36.0012],[139.8163,36.0009],[139.8161,36.0008],[139.8159,36.0005],[139.8155,36.0002],[139.8154,36.0001],[139.8153,36],[139.8153,36],[139.8151,35.9998],[139.8149,35.9995],[139.8147,35.9993],[139.8146,35.9992],[139.8144,35.9989],[139.8144,35.9987],[139.8143,35.9985],[139.8142,35.9982],[139.8142,35.9982],[139.8142,35.9979],[139.8142,35.9977],[139.8142,35.9973],[139.8143,35.9971],[139.8144,35.9968],[139.8147,35.9963],[139.815,35.9961],[139.8154,35.9956],[139.8159,35.9952],[139.8159,35.9952],[139.8167,35.9948],[139.8167,35.9947],[139.8167,35.9947],[139.817,35.9945],[139.8173,35.9943],[139.8176,35.9941],[139.8179,35.9937],[139.8182,35.9934],[139.8193,35.992],[139.8195,35.9918],[139.8196,35.9917],[139.8196,35.9917],[139.8198,35.9915],[139.82,35.9911],[139.8206,35.9904],[139.8212,35.9897],[139.8215,35.9893],[139.822,35.9886],[139.8225,35.9881],[139.8225,35.9881],[139.8231,35.9875],[139.8233,35.9871],[139.8236,35.9869],[139.8236,35.9868],[139.8239,35.9867],[139.8244,35.9862],[139.8244,35.9862],[139.825,35.9856],[139.825,35.9856],[139.8256,35.985],[139.826,35.9845],[139.8262,35.9843],[139.8264,35.984],[139.8266,35.9834],[139.8267,35.9833],[139.8267,35.9833],[139.8267,35.9832],[139.8267,35.9831],[139.8268,35.9827],[139.8268,35.9822],[139.8268,35.9814],[139.8267,35.9807],[139.8266,35.9802],[139.8266,35.9799],[139.8265,35.9795],[139.8265,35.9793],[139.8264,35.9789],[139.8263,35.9788],[139.8261,35.9782],[139.8261,35.978],[139.8258,35.9775],[139.8256,35.9768],[139.8256,35.9768],[139.8256,35.9767],[139.8255,35.9764],[139.8253,35.9758],[139.8252,35.9755],[139.8252,35.9755],[139.8251,35.9751],[139.8251,35.975],[139.8251,35.975],[139.8251,35.9749],[139.8251,35.9746],[139.8252,35.9743],[139.8252,35.9741],[139.8253,35.9738],[139.8255,35.9731],[139.8256,35.9729],[139.8257,35.9728],[139.8258,35.9726],[139.8258,35.9726],[139.826,35.9723],[139.8263,35.972],[139.8267,35.9717],[139.8267,35.9717],[139.8272,35.9714],[139.8276,35.9712],[139.8287,35.9708],[139.8288,35.9707],[139.8294,35.9706],[139.8297,35.9705],[139.8302,35.9704],[139.8311,35.9702],[139.8315,35.97],[139.8316,35.97],[139.8316,35.97],[139.8321,35.9698],[139.8325,35.9696],[139.8326,35.9695],[139.8327,35.9695],[139.8329,35.9693],[139.8333,35.969],[139.8333,35.969],[139.8333,35.969],[139.8336,35.9687],[139.8336,35.9687],[139.8337,35.9686],[139.8339,35.9683],[139.8342,35.9677],[139.8343,35.9675],[139.8345,35.9671],[139.8346,35.9669],[139.8347,35.9667],[139.8347,35.9667],[139.8348,35.9663],[139.835,35.9656],[139.8351,35.9653],[139.8352,35.9649],[139.8353,35.9643],[139.8353,35.964],[139.8352,35.9635],[139.8352,35.9633],[139.8352,35.9629],[139.8351,35.9626],[139.835,35.962],[139.835,35.9615],[139.8349,35.9609],[139.8349,35.9607],[139.8349,35.9605],[139.8349,35.9605],[139.835,35.9603],[139.835,35.9602],[139.835,35.9601],[139.8351,35.96],[139.8353,35.9596],[139.8358,35.9583],[139.8358,35.9583],[139.8359,35.958],[139.8366,35.9567],[139.8366,35.9565],[139.8373,35.9552],[139.8375,35.9547],[139.8375,35.9545],[139.8378,35.9539],[139.8381,35.9533],[139.8384,35.9529],[139.8386,35.9526],[139.839,35.9519],[139.839,35.9519],[139.8397,35.951],[139.8402,35.9503],[139.8402,35.9501],[139.8403,35.95],[139.8403,35.95],[139.8409,35.9492],[139.8414,35.9484],[139.8417,35.948],[139.8417,35.948],[139.8422,35.9473],[139.8427,35.9464],[139.8441,35.9445],[139.8444,35.944],[139.8456,35.9421],[139.8459,35.9417],[139.846,35.9417],[139.846,35.9417],[139.8461,35.9415],[139.8462,35.9413],[139.8465,35.941],[139.8468,35.9406],[139.8472,35.9402],[139.8473,35.94],[139.8475,35.9397],[139.8477,35.9396],[139.8479,35.9394],[139.8479,35.9393],[139.8482,35.9391],[139.8485,35.9389],[139.8489,35.9386],[139.8493,35.9383],[139.85,35.9379],[139.85,35.9379],[139.8505,35.9376],[139.8512,35.9373],[139.8528,35.9365],[139.8545,35.9356],[139.855,35.9354],[139.8555,35.9351],[139.8559,35.9348],[139.8562,35.9347],[139.8566,35.9345],[139.8568,35.9344],[139.8572,35.9343],[139.8581,35.9339],[139.8583,35.9338],[139.8583,35.9338],[139.8583,35.9338],[139.8587,35.9336],[139.8593,35.9333],[139.8593,35.9333],[139.8594,35.9333],[139.8604,35.9328],[139.8609,35.9325],[139.8612,35.9323],[139.8613,35.9322],[139.862,35.9317],[139.8621,35.9316],[139.8627,35.9311],[139.8632,35.9306],[139.8638,35.93],[139.8645,35.9293],[139.8654,35.9283],[139.8657,35.928],[139.866,35.9276],[139.8663,35.9272],[139.8664,35.9271],[139.8667,35.9267],[139.8667,35.9267],[139.8668,35.9265],[139.8674,35.9255],[139.8677,35.925],[139.8677,35.925],[139.8679,35.9247],[139.8685,35.9236],[139.8688,35.923],[139.8689,35.9229],[139.8693,35.9221],[139.8696,35.9213],[139.8696,35.9212],[139.8699,35.9206],[139.87,35.9201],[139.8701,35.9199],[139.8703,35.9188],[139.8706,35.918],[139.8708,35.9176],[139.8713,35.9167],[139.8713,35.9167],[139.8713,35.9167],[139.8718,35.9159],[139.8719,35.9159],[139.8725,35.9152],[139.8734,35.9143],[139.8737,35.9141],[139.8746,35.9131],[139.8748,35.9129],[139.875,35.9127],[139.875,35.9127],[139.8754,35.9122],[139.8762,35.9114],[139.8765,35.911],[139.8771,35.9101],[139.8775,35.9095],[139.8777,35.9092],[139.8782,35.9083],[139.8782,35.9083],[139.8787,35.9076],[139.8792,35.9066],[139.8795,35.9058],[139.8798,35.9053],[139.88,35.905],[139.88,35.905],[139.8802,35.9046],[139.8805,35.9043],[139.8813,35.9035],[139.8822,35.9028],[139.8831,35.9019],[139.8833,35.9016],[139.8833,35.9016],[139.8838,35.9011],[139.8847,35.9],[139.8847,35.9],[139.8853,35.8992],[139.8864,35.8977],[139.887,35.897],[139.8887,35.8945],[139.8899,35.8926],[139.8904,35.8917],[139.8904,35.8917],[139.8904,35.8917],[139.8912,35.8897],[139.8915,35.8891],[139.8917,35.8887],[139.8917,35.8887],[139.8927,35.8863],[139.8931,35.8854],[139.8932,35.8847],[139.8934,35.8833],[139.8934,35.8833],[139.8934,35.883],[139.8936,35.8816],[139.8937,35.8809],[139.8938,35.8805],[139.8942,35.8786],[139.8945,35.8775],[139.8948,35.8766],[139.8953,35.8757],[139.8954,35.8755],[139.8957,35.875],[139.8957,35.875],[139.8963,35.8741],[139.897,35.8728],[139.8972,35.8724],[139.8973,35.8721],[139.8977,35.871],[139.8979,35.8704],[139.8983,35.869],[139.8989,35.8675],[139.8992,35.8669],[139.8993,35.8667],[139.8993,35.8667],[139.8998,35.8658],[139.9,35.8652],[139.9,35.8652],[139.9002,35.8648],[139.9003,35.8642],[139.9003,35.8636],[139.9002,35.8631],[139.9,35.8625],[139.9,35.8625],[139.9,35.8624],[139.8996,35.8618],[139.8986,35.8603],[139.898,35.8594],[139.8978,35.8589],[139.8976,35.8585],[139.8976,35.8583],[139.8976,35.8583],[139.8975,35.8582],[139.8973,35.8571],[139.897,35.856],[139.8968,35.8551],[139.8963,35.8533],[139.8961,35.8529],[139.8959,35.8525],[139.8955,35.8519],[139.894,35.8505],[139.8937,35.8503],[139.8937,35.8503],[139.8935,35.85],[139.8935,35.85],[139.8932,35.8497],[139.8923,35.8482],[139.8917,35.847],[139.8917,35.847],[139.8913,35.8464],[139.8909,35.8456],[139.8905,35.8449],[139.8903,35.8445],[139.89,35.844],[139.8897,35.843],[139.8896,35.842],[139.8895,35.842],[139.8895,35.8417],[139.8895,35.8417],[139.8895,35.8411],[139.8896,35.8399],[139.8898,35.8382],[139.8899,35.8376],[139.8899,35.8375],[139.8899,35.8366],[139.8898,35.8364],[139.8896,35.8357],[139.889,35.834],[139.8888,35.8333],[139.8888,35.8333],[139.8886,35.8329],[139.8885,35.8322],[139.8885,35.8312],[139.8885,35.8302],[139.8886,35.8296],[139.8889,35.8283],[139.8889,35.8274],[139.8887,35.8266],[139.8884,35.8256],[139.8882,35.825],[139.8882,35.825],[139.888,35.8243],[139.888,35.8235],[139.888,35.8232],[139.8883,35.8226],[139.889,35.8218],[139.8893,35.8216],[139.8904,35.8207],[139.8912,35.8199],[139.8915,35.8193],[139.8916,35.8186],[139.8916,35.8185],[139.8917,35.8183],[139.8916,35.8177],[139.8914,35.8167],[139.8914,35.8167],[139.8914,35.8165],[139.8913,35.8162],[139.8912,35.8158],[139.8911,35.8152],[139.8911,35.8152],[139.8907,35.8134],[139.8906,35.812],[139.8905,35.8112],[139.8904,35.8109],[139.8902,35.8105],[139.8895,35.8091],[139.8892,35.8083],[139.8892,35.8083],[139.8888,35.8075],[139.8888,35.8071],[139.889,35.8065],[139.889,35.8061],[139.8896,35.8042],[139.8904,35.8025],[139.8907,35.8016],[139.8908,35.8006],[139.8908,35.8001],[139.8908,35.8],[139.8908,35.8],[139.8908,35.7998],[139.8907,35.7993],[139.8903,35.7983],[139.8899,35.7978],[139.8899,35.7978],[139.8896,35.7974],[139.8885,35.7965],[139.8883,35.7959],[139.8882,35.7953],[139.8883,35.7946],[139.8887,35.7935],[139.8893,35.7924],[139.8899,35.7917],[139.8899,35.7917],[139.8903,35.7911],[139.8908,35.7902],[139.891,35.7897],[139.8914,35.7886],[139.8917,35.7879],[139.8917,35.7879],[139.892,35.787],[139.8922,35.7865],[139.8928,35.7845],[139.8935,35.7833],[139.8935,35.7833],[139.8938,35.7827],[139.8923,35.783],[139.8917,35.7832],[139.8917,35.7832],[139.8912,35.7833],[139.8909,35.7833],[139.8909,35.7833],[139.89,35.7835],[139.8897,35.7836],[139.8893,35.7837],[139.8889,35.7838],[139.8888,35.7838],[139.8885,35.7839],[139.8877,35.784],[139.8872,35.784],[139.8865,35.7838],[139.8852,35.7833],[139.8852,35.7833],[139.8852,35.7833],[139.8842,35.783],[139.884,35.7829],[139.8837,35.7828],[139.8833,35.7826],[139.8833,35.7826],[139.8831,35.7826],[139.8822,35.7823],[139.8821,35.7823],[139.882,35.7823],[139.8819,35.7822],[139.8818,35.7822],[139.8814,35.7821],[139.8812,35.782],[139.8807,35.7819],[139.8801,35.7818],[139.8795,35.7817],[139.8786,35.7815],[139.8782,35.7814],[139.8777,35.7813],[139.8775,35.7812],[139.8772,35.7812],[139.8769,35.7812],[139.8767,35.7812],[139.8763,35.7812],[139.8752,35.7816],[139.8751,35.7816],[139.875,35.7816],[139.875,35.7816],[139.8745,35.7818],[139.8743,35.782],[139.874,35.7823],[139.8737,35.7826],[139.8735,35.7828],[139.8734,35.7829],[139.8734,35.7829],[139.8732,35.7831],[139.8731,35.7833],[139.8731,35.7833],[139.8731,35.7833],[139.872,35.785],[139.8719,35.7849],[139.8718,35.7848],[139.8716,35.785],[139.8713,35.7856],[139.8713,35.7861],[139.8712,35.7866],[139.8713,35.7874],[139.8716,35.788],[139.8718,35.7882],[139.8733,35.7904],[139.8749,35.7915],[139.875,35.7916],[139.875,35.7916],[139.8752,35.7917],[139.8752,35.7917],[139.876,35.7922],[139.876,35.7922],[139.8764,35.7926],[139.8766,35.7932],[139.8766,35.7933],[139.8766,35.7935],[139.8766,35.7938],[139.8763,35.7948],[139.8757,35.7955],[139.8755,35.7958],[139.8754,35.7959],[139.875,35.7963],[139.875,35.7963],[139.8749,35.7964],[139.8747,35.7965],[139.8743,35.7969],[139.8734,35.7972],[139.8726,35.7973],[139.8719,35.7973],[139.8718,35.7973],[139.8717,35.7973],[139.8714,35.7973],[139.8711,35.7973],[139.8708,35.7973],[139.8702,35.7972],[139.8696,35.7971],[139.8696,35.7971],[139.8689,35.797],[139.8687,35.797],[139.8683,35.7969],[139.8677,35.7967],[139.8669,35.7963],[139.8667,35.7962],[139.8667,35.7962],[139.866,35.7959],[139.8655,35.7957],[139.8651,35.7954],[139.865,35.7954],[139.8646,35.7952],[139.8643,35.795],[139.8639,35.7948],[139.8638,35.7948],[139.8638,35.7948],[139.8634,35.7948],[139.8634,35.7948],[139.8628,35.7948],[139.862,35.795],[139.8616,35.7951],[139.8614,35.7951],[139.8612,35.7951],[139.8608,35.7952],[139.8601,35.7953],[139.8599,35.7953],[139.8595,35.7952],[139.8595,35.7952],[139.8593,35.7951],[139.8591,35.7949],[139.859,35.7948],[139.8588,35.7944],[139.8587,35.794],[139.8585,35.7936],[139.8583,35.7933],[139.8583,35.7933],[139.8583,35.7932],[139.8581,35.7927],[139.8578,35.7924],[139.8577,35.7922],[139.8574,35.7918],[139.8573,35.7917],[139.8573,35.7917],[139.8567,35.7912],[139.8566,35.791],[139.8565,35.791],[139.8562,35.7909],[139.8559,35.7908],[139.8553,35.7909],[139.8546,35.7911],[139.8539,35.7914],[139.8536,35.7916],[139.8534,35.7917],[139.8534,35.7917],[139.8531,35.7919],[139.8526,35.7922],[139.8519,35.7927],[139.8511,35.7933],[139.8502,35.794],[139.8501,35.7941],[139.85,35.7941],[139.85,35.7941],[139.8492,35.7947],[139.8488,35.7951],[139.8487,35.7951],[139.8485,35.7953],[139.8479,35.7956],[139.8476,35.7957],[139.8476,35.7957],[139.8476,35.7957],[139.8475,35.7957],[139.8475,35.7957],[139.8475,35.7957],[139.8474,35.7957],[139.8472,35.7958],[139.847,35.7961],[139.8468,35.7965],[139.8467,35.7965],[139.8466,35.7967],[139.8464,35.7969],[139.8463,35.797],[139.8459,35.7975],[139.8459,35.7975],[139.8456,35.7978],[139.8455,35.7979],[139.8453,35.7981],[139.8448,35.7986],[139.8443,35.7991],[139.8439,35.7995],[139.8434,35.7998],[139.8432,35.7999],[139.8428,35.8],[139.8428,35.8],[139.8428,35.8],[139.8423,35.8001],[139.8419,35.8002],[139.8417,35.8002],[139.8417,35.8002],[139.8411,35.8003],[139.8403,35.8005],[139.8395,35.8007],[139.8394,35.8007],[139.8389,35.8008],[139.8387,35.8008],[139.838,35.8008],[139.8376,35.8007],[139.8372,35.8006],[139.837,35.8005],[139.8369,35.8005],[139.8368,35.8004],[139.8366,35.8002],[139.8366,35.8001],[139.8365,35.8],[139.8365,35.8],[139.8363,35.7998],[139.8361,35.7995],[139.8359,35.7992],[139.8358,35.799],[139.8357,35.7989],[139.8355,35.7986],[139.835,35.7983],[139.8347,35.7981],[139.8346,35.7979],[139.8341,35.7974],[139.834,35.7972],[139.8339,35.7971],[139.8336,35.7966],[139.8333,35.7963],[139.8333,35.7963],[139.833,35.7959],[139.8328,35.7957],[139.8318,35.7951],[139.8318,35.7951],[139.8309,35.7946],[139.8305,35.7945],[139.8298,35.7943],[139.8296,35.7943],[139.8292,35.7942],[139.8288,35.7941],[139.8288,35.7941],[139.8284,35.7941],[139.8283,35.794],[139.828,35.7939],[139.8279,35.7939],[139.8277,35.7938],[139.8276,35.7938],[139.8276,35.7938],[139.8274,35.7937],[139.8273,35.7937],[139.8273,35.7937],[139.827,35.7935],[139.8264,35.7934],[139.8261,35.7934],[139.8255,35.7937],[139.8251,35.7939],[139.825,35.794],[139.825,35.794],[139.8249,35.7942],[139.8247,35.7947],[139.8246,35.7947],[139.8246,35.7947],[139.8245,35.7949],[139.8244,35.7949],[139.824,35.795],[139.8235,35.7952],[139.8228,35.7955],[139.8225,35.7957],[139.8221,35.796],[139.8218,35.7962],[139.8214,35.7966],[139.8212,35.7968],[139.8211,35.7969],[139.8209,35.7971],[139.8207,35.7973],[139.8205,35.7975],[139.8202,35.7979],[139.8202,35.798],[139.8201,35.7981],[139.8198,35.7986],[139.8197,35.799],[139.8196,35.7992],[139.8196,35.7993],[139.8196,35.7993],[139.8196,35.7994],[139.8196,35.7996],[139.8197,35.7998],[139.8198,35.8],[139.8198,35.8],[139.8199,35.8002],[139.8202,35.8007],[139.8203,35.8009],[139.8203,35.801],[139.8203,35.8013],[139.8203,35.8016],[139.8202,35.8022],[139.8202,35.8026],[139.8203,35.8032],[139.8205,35.8044],[139.8207,35.8051],[139.8207,35.8053],[139.8208,35.8055],[139.8209,35.8058],[139.8209,35.8059],[139.8212,35.8063],[139.8215,35.8068],[139.8221,35.8077],[139.8224,35.8083],[139.8224,35.8083],[139.8224,35.8083],[139.8225,35.8084],[139.8225,35.8084],[139.8228,35.8092],[139.8228,35.8092],[139.8229,35.8094],[139.823,35.8095],[139.8232,35.8096],[139.8234,35.8097],[139.8237,35.8099],[139.8239,35.8101],[139.8246,35.8106],[139.8248,35.8108],[139.8248,35.811],[139.8249,35.811],[139.8249,35.8111],[139.8249,35.8115],[139.8249,35.8118],[139.8249,35.8119],[139.8247,35.8123],[139.8243,35.8129],[139.8242,35.813],[139.8242,35.8131],[139.8241,35.8132],[139.8237,35.8139],[139.8234,35.8141],[139.8234,35.8141],[139.8234,35.8142],[139.8234,35.8142],[139.823,35.8143],[139.823,35.8143],[139.8229,35.8144],[139.8226,35.8145],[139.8217,35.8149],[139.8211,35.8151],[139.821,35.8149],[139.8208,35.8146],[139.8206,35.814],[139.8204,35.8136],[139.8204,35.8135],[139.8201,35.813],[139.8201,35.8128],[139.8201,35.8128],[139.8204,35.8124],[139.8211,35.8114],[139.821,35.8114],[139.8208,35.8113],[139.8207,35.8113],[139.8206,35.8113],[139.8206,35.8113],[139.8205,35.8112],[139.8197,35.8118],[139.8191,35.8114],[139.8186,35.8111],[139.8187,35.8115],[139.8187,35.8118],[139.8186,35.8118],[139.8185,35.8117],[139.8183,35.8116],[139.8181,35.8114],[139.8181,35.8113],[139.8181,35.8112],[139.818,35.8109],[139.818,35.8107],[139.818,35.8107],[139.8179,35.8104],[139.8178,35.8103],[139.8178,35.8103],[139.8175,35.8102],[139.817,35.8099],[139.8167,35.8097],[139.8167,35.8097],[139.8165,35.8096],[139.8157,35.8092],[139.8156,35.8091],[139.8153,35.809],[139.8147,35.8087],[139.8141,35.8085],[139.8133,35.8083],[139.8133,35.8083],[139.8133,35.8083],[139.8124,35.8083],[139.8113,35.8082],[139.8111,35.8083],[139.8107,35.8083],[139.8104,35.8083],[139.8097,35.8083],[139.8096,35.8083],[139.8094,35.8083],[139.8094,35.8083],[139.8093,35.8083],[139.8086,35.8084],[139.8083,35.8085],[139.8083,35.8085],[139.8075,35.8085],[139.8071,35.8086],[139.8066,35.8086],[139.8055,35.8088],[139.8047,35.8088],[139.8037,35.8087],[139.8036,35.8087],[139.8029,35.8087],[139.8023,35.8086],[139.8019,35.8083],[139.8019,35.8083],[139.8019,35.8083],[139.8016,35.8082],[139.8013,35.808],[139.8011,35.8079],[139.8008,35.8077],[139.8008,35.8077],[139.8007,35.8074],[139.8006,35.8074],[139.8006,35.8073],[139.8004,35.8071],[139.8002,35.8069],[139.8,35.8068],[139.8,35.8068],[139.7999,35.8067],[139.7997,35.8066],[139.7994,35.8065],[139.7991,35.8063],[139.7988,35.8062],[139.7985,35.8061],[139.7981,35.806],[139.7979,35.806],[139.7976,35.806],[139.7967,35.8058],[139.7964,35.8057],[139.7963,35.8057],[139.7962,35.8056],[139.7962,35.8056],[139.7959,35.8055],[139.7954,35.8053],[139.7948,35.8053],[139.7948,35.8053],[139.7943,35.8053],[139.7941,35.8052],[139.794,35.8052],[139.7927,35.8053],[139.7924,35.8053],[139.7918,35.8054],[139.7917,35.8055],[139.7917,35.8055],[139.7915,35.8055],[139.7915,35.8055],[139.7909,35.8057],[139.7907,35.8058],[139.7902,35.8059],[139.7901,35.8059],[139.7898,35.806],[139.7893,35.8062],[139.7887,35.8064],[139.7879,35.8067],[139.7877,35.8068],[139.7874,35.8068],[139.7872,35.8069],[139.7867,35.8069],[139.7865,35.8069],[139.7858,35.8069],[139.7851,35.8069],[139.7849,35.8069],[139.7846,35.8069],[139.7844,35.8069],[139.784,35.8069],[139.784,35.8069],[139.7838,35.8069],[139.7836,35.807],[139.7833,35.8071],[139.7833,35.8071],[139.7831,35.8072],[139.7829,35.8072],[139.7825,35.8072],[139.7819,35.8071],[139.7815,35.8071],[139.7811,35.8072],[139.7806,35.8075],[139.7801,35.808],[139.7798,35.8082],[139.7797,35.8083],[139.7797,35.8083],[139.7796,35.8084],[139.7796,35.8083],[139.7796,35.8083],[139.7796,35.8083],[139.7794,35.8083],[139.7794,35.8083],[139.7792,35.8082],[139.7791,35.8083],[139.7791,35.8083],[139.7789,35.8086],[139.7785,35.8089],[139.7784,35.8091],[139.7783,35.8093],[139.7783,35.8094],[139.7775,35.8102],[139.7775,35.8104],[139.7775,35.8104],[139.7775,35.8107],[139.7772,35.811],[139.7761,35.8121],[139.775,35.8133],[139.775,35.8133],[139.7748,35.8135],[139.7737,35.8147],[139.7728,35.8156],[139.7728,35.8156],[139.7725,35.816],[139.772,35.8166],[139.7719,35.8167],[139.7719,35.8167],[139.7719,35.8167],[139.7718,35.8168],[139.7718,35.8168],[139.7718,35.8169],[139.7716,35.817],[139.7713,35.8172],[139.771,35.8173],[139.7709,35.8174],[139.7703,35.8175],[139.7696,35.8176],[139.7687,35.8177],[139.7684,35.8177],[139.7684,35.8177],[139.7681,35.8177],[139.7679,35.8177],[139.7679,35.8177],[139.7676,35.8177],[139.7672,35.8177],[139.767,35.8176],[139.7667,35.8176],[139.7667,35.8176],[139.7666,35.8176],[139.7662,35.8175],[139.7659,35.8173],[139.7656,35.8168],[139.7654,35.8167],[139.7654,35.8167],[139.7653,35.8166],[139.7652,35.8165],[139.7651,35.8164],[139.7652,35.8164],[139.7652,35.8163],[139.7653,35.8162],[139.7658,35.8157],[139.7652,35.8154],[139.7649,35.8152],[139.7643,35.8149],[139.7633,35.8143],[139.7626,35.8138],[139.762,35.8133],[139.7613,35.8129],[139.7606,35.8126],[139.7598,35.8123],[139.7594,35.8122],[139.7593,35.8122],[139.759,35.8122],[139.7589,35.8122],[139.7584,35.812],[139.7583,35.812],[139.7583,35.812],[139.7576,35.812],[139.7571,35.8121],[139.7563,35.8124],[139.7561,35.8125],[139.7561,35.8125],[139.7556,35.8127],[139.7555,35.8126],[139.7554,35.8118],[139.7554,35.8117],[139.7552,35.8112],[139.7552,35.8107],[139.7551,35.8107],[139.7548,35.8106],[139.7545,35.8109],[139.7541,35.8106],[139.7538,35.8105],[139.7536,35.8106],[139.7533,35.8108],[139.7532,35.8108],[139.7532,35.8109],[139.753,35.8109],[139.7525,35.8106],[139.7522,35.8107],[139.7519,35.8109],[139.7516,35.8107],[139.7515,35.8106],[139.7514,35.8107],[139.7509,35.8103],[139.7508,35.8102],[139.7508,35.8096],[139.7504,35.8093],[139.7508,35.8089],[139.7506,35.8088],[139.7505,35.8087],[139.7503,35.8086],[139.7505,35.8083],[139.7505,35.8083],[139.7509,35.8079],[139.7509,35.8078],[139.7509,35.8078],[139.7508,35.8077],[139.7506,35.8076],[139.7506,35.8076],[139.7505,35.8075],[139.7505,35.8073],[139.7505,35.8069],[139.7507,35.8067],[139.7507,35.8066],[139.7509,35.8065],[139.751,35.8064],[139.751,35.8064],[139.7511,35.8063],[139.7512,35.8063],[139.7514,35.8061],[139.7522,35.8056],[139.7529,35.805],[139.7534,35.8047],[139.754,35.8042],[139.7546,35.8037],[139.7546,35.8037],[139.7546,35.8037],[139.7551,35.8034],[139.7553,35.8032],[139.7554,35.803],[139.7556,35.8027],[139.7556,35.8027],[139.7558,35.8023],[139.756,35.802],[139.7563,35.8017],[139.7572,35.8009],[139.7582,35.8],[139.7582,35.8],[139.7582,35.8],[139.7583,35.7999],[139.7583,35.7999],[139.7586,35.7998],[139.7586,35.7997],[139.7591,35.7994],[139.7591,35.7994],[139.7594,35.7992],[139.7594,35.7992],[139.7598,35.7989],[139.7603,35.7983],[139.7606,35.7979],[139.7606,35.7978],[139.7606,35.7978],[139.7608,35.7975],[139.7608,35.7974],[139.7607,35.7973],[139.7607,35.7971],[139.7607,35.7969],[139.7606,35.7966],[139.7606,35.7966],[139.7605,35.7965],[139.7605,35.7964],[139.7605,35.7963],[139.7604,35.796],[139.7604,35.7959],[139.7602,35.7954],[139.7602,35.7952],[139.76,35.7943],[139.7598,35.7941],[139.7591,35.7935],[139.7591,35.7933],[139.759,35.7932],[139.7587,35.7929],[139.7586,35.7928],[139.7585,35.7927],[139.7583,35.7925],[139.7583,35.7925],[139.7583,35.7925],[139.7582,35.7924],[139.7581,35.7923],[139.758,35.7922],[139.7578,35.792],[139.7577,35.7919],[139.7574,35.7917],[139.7574,35.7917],[139.7572,35.7915],[139.7571,35.7913],[139.757,35.7913],[139.7569,35.7912],[139.7568,35.7911],[139.7567,35.791],[139.7567,35.791],[139.7566,35.7909],[139.7564,35.7907],[139.756,35.7904],[139.7556,35.79],[139.7557,35.7899],[139.7559,35.7897],[139.7559,35.7893],[139.7559,35.789],[139.7559,35.789],[139.756,35.7888],[139.7563,35.7886],[139.756,35.7884],[139.756,35.7884],[139.7558,35.7883],[139.7558,35.7882],[139.7553,35.7876],[139.7554,35.7874],[139.7554,35.7872],[139.755,35.7869],[139.7548,35.787],[139.7547,35.787],[139.7542,35.7869],[139.754,35.787],[139.7538,35.7869],[139.7537,35.7869],[139.7535,35.7865],[139.7531,35.7864],[139.7527,35.7863],[139.7525,35.7863],[139.7525,35.7863],[139.7523,35.7862],[139.7522,35.7862],[139.7517,35.7862],[139.7514,35.7861],[139.7512,35.7864],[139.7507,35.7862],[139.75,35.7859],[139.75,35.7859],[139.75,35.7859],[139.75,35.7859],[139.7497,35.786],[139.7493,35.7861],[139.749,35.7862],[139.7489,35.786],[139.7487,35.7861],[139.7484,35.7863],[139.7481,35.7865],[139.748,35.7865],[139.7476,35.7867],[139.7473,35.7868],[139.7468,35.7869],[139.7467,35.7868],[139.7466,35.7856],[139.7466,35.7852],[139.7466,35.7852],[139.7466,35.7849],[139.7464,35.7843],[139.7464,35.7843],[139.7463,35.7839],[139.7459,35.7833],[139.7459,35.7833],[139.7458,35.7833],[139.7451,35.7828],[139.7445,35.7825],[139.7437,35.7822],[139.7435,35.7821],[139.7426,35.7817],[139.7425,35.7817],[139.7425,35.7817],[139.7417,35.7814],[139.7417,35.7814],[139.7415,35.7814],[139.7411,35.7813],[139.7406,35.7811],[139.7406,35.7811],[139.7401,35.7809],[139.74,35.7809],[139.7399,35.7809],[139.7392,35.7806],[139.7385,35.7804],[139.7385,35.7804],[139.738,35.7802],[139.7379,35.7805],[139.7378,35.7805],[139.7378,35.7805],[139.7379,35.7813],[139.7379,35.7813],[139.738,35.7818],[139.738,35.7818],[139.7382,35.7833],[139.7382,35.7833],[139.7382,35.7833],[139.7382,35.7836],[139.7382,35.7839],[139.7383,35.7847],[139.7385,35.7859],[139.7385,35.7859],[139.7386,35.7871],[139.7386,35.7872],[139.7386,35.7872],[139.7385,35.7874],[139.7382,35.7878],[139.7375,35.7883],[139.7364,35.789],[139.7353,35.7896],[139.7344,35.7899],[139.7341,35.79],[139.7339,35.79],[139.7333,35.7899],[139.7333,35.7899],[139.7331,35.7899],[139.733,35.7899],[139.7325,35.7897],[139.7319,35.7895],[139.7306,35.789],[139.7301,35.7887],[139.7289,35.7882],[139.7285,35.7881],[139.7278,35.7878],[139.7266,35.7875],[139.7266,35.7875],[139.7266,35.7875],[139.7253,35.7873],[139.725,35.7873],[139.725,35.7873],[139.7249,35.7873],[139.7245,35.7873],[139.7241,35.7874],[139.7237,35.7876],[139.7235,35.7879],[139.7233,35.7881],[139.7232,35.7883],[139.7231,35.7884],[139.7228,35.7893],[139.7228,35.7893],[139.7225,35.7902],[139.7222,35.7907],[139.7219,35.7909],[139.7207,35.7914],[139.72,35.7916],[139.7199,35.7917],[139.7199,35.7917],[139.7193,35.7918],[139.7183,35.7919],[139.7177,35.7919],[139.7176,35.7919],[139.7174,35.7919],[139.7174,35.7919],[139.7172,35.7919],[139.7167,35.7919],[139.7167,35.7919],[139.7161,35.7919],[139.7139,35.7919],[139.7133,35.7919],[139.7125,35.7919],[139.7109,35.7919],[139.7098,35.792],[139.7092,35.792],[139.7086,35.7922],[139.7083,35.7923],[139.7083,35.7923],[139.7073,35.7925],[139.7062,35.793],[139.7053,35.7934],[139.7047,35.7937],[139.7041,35.7941],[139.7032,35.7947],[139.7031,35.7948],[139.702,35.7956],[139.7008,35.7964],[139.7,35.797],[139.7,35.797],[139.6997,35.7972],[139.6983,35.7981],[139.6977,35.7984],[139.6969,35.7989],[139.6962,35.7993],[139.6954,35.7997],[139.6953,35.7997],[139.6945,35.8],[139.6945,35.8],[139.6944,35.8],[139.6944,35.8001],[139.6938,35.8002],[139.6932,35.8004],[139.6926,35.8005],[139.6917,35.8007],[139.6917,35.8007],[139.6917,35.8007],[139.6906,35.8008],[139.6898,35.8009],[139.6892,35.8009],[139.6884,35.8009],[139.6878,35.8008],[139.6866,35.8006],[139.6863,35.8005],[139.6856,35.8003],[139.6854,35.8003],[139.6853,35.8002],[139.6851,35.8002],[139.685,35.8002],[139.6845,35.8],[139.6844,35.8],[139.6844,35.8],[139.6842,35.7999],[139.6833,35.7997],[139.6833,35.7997],[139.6829,35.7995],[139.6822,35.7994],[139.6819,35.7993],[139.6808,35.7991],[139.6795,35.7989],[139.6784,35.7988],[139.6784,35.7988],[139.6771,35.7988],[139.6759,35.7989],[139.6756,35.7989],[139.675,35.799],[139.675,35.799],[139.6748,35.799],[139.6745,35.7991],[139.6738,35.7992],[139.6729,35.7994],[139.6718,35.7997],[139.6711,35.8],[139.6711,35.8],[139.6711,35.8],[139.6707,35.8001],[139.6698,35.8002],[139.6686,35.8003],[139.6674,35.8005],[139.6667,35.8005],[139.6667,35.8005],[139.666,35.8005],[139.6647,35.8005],[139.6647,35.8005],[139.6634,35.8004],[139.6621,35.8005],[139.6609,35.8005],[139.6595,35.8005],[139.6583,35.8005],[139.6583,35.8005],[139.6578,35.8005],[139.6563,35.8004],[139.6549,35.8003],[139.6545,35.8003],[139.6537,35.8002],[139.6534,35.8002],[139.6529,35.8],[139.6529,35.8],[139.6523,35.7997],[139.6511,35.7991],[139.6511,35.7991],[139.6501,35.7986],[139.65,35.7986],[139.65,35.7986],[139.6495,35.7983],[139.6488,35.7979],[139.6482,35.7976],[139.6479,35.7975],[139.6476,35.7975],[139.6469,35.7977],[139.6466,35.7978],[139.6463,35.7979],[139.6461,35.7979],[139.6461,35.7979],[139.6457,35.798],[139.6448,35.7981],[139.6437,35.7982],[139.6426,35.7982],[139.6418,35.7981],[139.6417,35.7981],[139.6417,35.7981],[139.6415,35.7981],[139.6414,35.7981],[139.6413,35.798],[139.641,35.798],[139.6409,35.7979],[139.6406,35.7977],[139.6405,35.7975],[139.6405,35.7974],[139.6404,35.7972],[139.6404,35.797],[139.6403,35.7967],[139.6402,35.7962],[139.64,35.795],[139.6396,35.7935],[139.6394,35.7928],[139.6392,35.7927],[139.6389,35.7925],[139.6388,35.7923],[139.6384,35.7921],[139.6383,35.792],[139.6381,35.7918],[139.6378,35.7917],[139.6378,35.7917],[139.6377,35.7915],[139.6377,35.7914],[139.6378,35.7913],[139.6379,35.7912],[139.6379,35.7912],[139.6375,35.7908],[139.6374,35.7908],[139.6372,35.7908],[139.6371,35.7908],[139.6369,35.7908],[139.6368,35.7908],[139.6364,35.7905],[139.6361,35.7904],[139.6358,35.7905],[139.6353,35.7905],[139.6351,35.7906],[139.6349,35.7906],[139.6345,35.7904],[139.6342,35.7903],[139.6341,35.79],[139.6339,35.7898],[139.6338,35.7897],[139.6337,35.7895],[139.6336,35.7894],[139.6333,35.7894],[139.6333,35.7894],[139.6333,35.7894],[139.633,35.7894],[139.6327,35.7893],[139.6325,35.7891],[139.6323,35.789],[139.632,35.7887],[139.6319,35.7885],[139.6316,35.7882],[139.6317,35.7881],[139.6318,35.788],[139.632,35.7877],[139.6321,35.7874],[139.632,35.7871],[139.6318,35.787],[139.6317,35.787],[139.6317,35.7869],[139.6319,35.7867],[139.6319,35.7866],[139.6317,35.7863],[139.6311,35.786],[139.6307,35.7856],[139.6306,35.7855],[139.6305,35.7855],[139.6303,35.7854],[139.6296,35.7856],[139.6295,35.7856],[139.6293,35.7856],[139.6292,35.7857],[139.6291,35.7857],[139.6285,35.7852],[139.6279,35.7847],[139.6279,35.7846],[139.6279,35.7844],[139.6279,35.7842],[139.6279,35.784],[139.6279,35.7837],[139.6278,35.7833],[139.6278,35.7833],[139.6277,35.7831],[139.6277,35.7831],[139.6275,35.7828],[139.6273,35.7827],[139.6273,35.7827],[139.6272,35.7826],[139.6271,35.7825],[139.6265,35.7824],[139.6264,35.7824],[139.6264,35.7824],[139.6264,35.7824],[139.6263,35.7823],[139.6262,35.7823],[139.6259,35.7821],[139.6258,35.782],[139.6257,35.7818],[139.6257,35.7818],[139.6255,35.7816],[139.6252,35.7814],[139.6251,35.7813],[139.625,35.7812],[139.625,35.7812],[139.6247,35.781],[139.6246,35.7809],[139.6246,35.7809],[139.6246,35.7808],[139.6245,35.7808],[139.6245,35.7805],[139.6247,35.7801],[139.6247,35.7798],[139.6247,35.7798],[139.6247,35.7793],[139.6247,35.779],[139.6247,35.7787],[139.6247,35.7786],[139.6245,35.7784],[139.6244,35.7782],[139.6245,35.7777],[139.6246,35.7775],[139.6246,35.7772],[139.6246,35.7771],[139.6245,35.7769],[139.6245,35.7765],[139.6245,35.7765],[139.6244,35.7762],[139.6244,35.7762],[139.6244,35.7759],[139.6244,35.7757],[139.6244,35.7756],[139.6244,35.7756],[139.6244,35.7751],[139.6244,35.7751],[139.6244,35.775],[139.6244,35.775],[139.6242,35.7746],[139.6242,35.7743],[139.6243,35.7741],[139.6245,35.774],[139.625,35.7738],[139.625,35.7738],[139.6251,35.7737],[139.6253,35.7737],[139.6254,35.7733],[139.6254,35.7732],[139.6256,35.773],[139.6256,35.7728],[139.6255,35.7728],[139.6255,35.7727],[139.6254,35.7725],[139.6254,35.7725],[139.6253,35.7723],[139.6252,35.7723],[139.625,35.7725],[139.625,35.7725],[139.625,35.7725],[139.6249,35.7724],[139.6248,35.7721],[139.6246,35.7719],[139.6245,35.7717],[139.6244,35.7716],[139.6243,35.7715],[139.6241,35.7713],[139.6239,35.7706],[139.6236,35.7697],[139.6233,35.7689],[139.6233,35.7686],[139.6232,35.7684],[139.6232,35.7684],[139.6232,35.7683],[139.6232,35.7683],[139.6231,35.7679],[139.6231,35.7677],[139.6231,35.7672],[139.623,35.7669],[139.623,35.7669],[139.6224,35.7668],[139.6221,35.7668],[139.6218,35.7668],[139.6218,35.7668],[139.6214,35.7668],[139.6212,35.7668],[139.6209,35.7668],[139.6208,35.7668],[139.6207,35.7668],[139.6206,35.7668],[139.6205,35.7668],[139.6197,35.7668],[139.6197,35.7668],[139.6195,35.7668],[139.6191,35.7668],[139.6186,35.7668],[139.6185,35.7668],[139.6184,35.7667],[139.6183,35.7667],[139.6181,35.7667],[139.6179,35.7667],[139.6179,35.7667],[139.6177,35.7666],[139.6177,35.7667],[139.6177,35.7667],[139.6176,35.7672],[139.6176,35.7675],[139.6176,35.7677],[139.6176,35.7677],[139.6173,35.7681],[139.6168,35.7684],[139.6168,35.7686],[139.6169,35.7694],[139.617,35.7695],[139.617,35.7698],[139.6171,35.77],[139.6172,35.7702],[139.6172,35.7703],[139.6172,35.7703],[139.6172,35.7704],[139.6167,35.7706],[139.6167,35.7706],[139.6167,35.7706],[139.6161,35.7708],[139.6158,35.7708],[139.6157,35.7708],[139.6155,35.7709],[139.6154,35.7709],[139.6149,35.7709],[139.6146,35.7708],[139.6146,35.7708],[139.6143,35.7706],[139.6141,35.7705],[139.6138,35.7705],[139.6138,35.7705],[139.6137,35.7705],[139.6136,35.7705],[139.6135,35.7705],[139.6132,35.7705],[139.6129,35.7705],[139.6127,35.7705],[139.6125,35.7704],[139.6122,35.7701],[139.6119,35.7696],[139.6117,35.7694],[139.6116,35.7694],[139.6115,35.7694],[139.6114,35.7694],[139.6114,35.7695],[139.6114,35.7695],[139.6113,35.7697],[139.6115,35.77],[139.6117,35.7702],[139.6114,35.7703],[139.6114,35.7706],[139.6114,35.7706],[139.6114,35.7708],[139.6113,35.7711],[139.611,35.771],[139.6109,35.7709],[139.6109,35.7709],[139.6108,35.7709],[139.6102,35.7706],[139.6099,35.7703],[139.6095,35.7699],[139.6092,35.7697],[139.6092,35.7696],[139.6091,35.7696],[139.609,35.7693],[139.609,35.7692],[139.609,35.7691],[139.6089,35.769],[139.6087,35.7688],[139.6086,35.7688],[139.6086,35.7689],[139.6085,35.7689],[139.6083,35.7689],[139.6083,35.7689],[139.6083,35.769],[139.6082,35.769],[139.608,35.769],[139.6078,35.769],[139.6078,35.7691],[139.6077,35.7693],[139.6073,35.7693],[139.6071,35.7694],[139.6069,35.7697],[139.6067,35.7701],[139.6065,35.7705],[139.6064,35.7709],[139.6061,35.7708],[139.6056,35.7706],[139.6054,35.7706],[139.6051,35.7704],[139.6049,35.7703],[139.6048,35.7703],[139.6046,35.7702],[139.6043,35.77],[139.604,35.77],[139.604,35.77],[139.6038,35.7701],[139.6034,35.7706],[139.6032,35.7709],[139.6029,35.771],[139.6023,35.7706],[139.6021,35.7706],[139.6017,35.7704],[139.6016,35.7704],[139.6013,35.7703],[139.6011,35.7702],[139.6007,35.7701],[139.6005,35.77],[139.6003,35.7699],[139.6,35.7697],[139.6,35.7697],[139.6,35.7697],[139.5997,35.7696],[139.5993,35.7694],[139.5986,35.7691],[139.5982,35.7691],[139.5979,35.7694],[139.5978,35.7696],[139.5977,35.7697],[139.5977,35.7697],[139.5977,35.7697],[139.5977,35.7699],[139.5979,35.77],[139.598,35.77],[139.5984,35.7702],[139.5981,35.7703],[139.598,35.7704],[139.5979,35.7705],[139.5977,35.7706],[139.5977,35.7706],[139.5974,35.7708],[139.5974,35.7708],[139.5974,35.7709],[139.5974,35.771],[139.5974,35.771],[139.5977,35.7712],[139.5978,35.7713],[139.5981,35.7718],[139.5984,35.7721],[139.5987,35.7723],[139.5989,35.7724],[139.5999,35.773],[139.6,35.7731],[139.6,35.7731],[139.6004,35.7733],[139.6004,35.7733],[139.6006,35.7734],[139.6006,35.7734],[139.6008,35.7735],[139.6015,35.7738],[139.6015,35.7739],[139.6019,35.774],[139.602,35.7741],[139.6027,35.7744],[139.6031,35.7742],[139.6034,35.7742],[139.6037,35.7742],[139.604,35.7742],[139.6042,35.7744],[139.6045,35.7747],[139.6044,35.7748],[139.6044,35.775],[139.6044,35.775],[139.6044,35.775],[139.604,35.7751],[139.6034,35.7752],[139.6028,35.7754],[139.6024,35.7754],[139.6024,35.7755],[139.6014,35.7756],[139.6003,35.7758],[139.6,35.7758],[139.6,35.7758],[139.599,35.776],[139.5982,35.7761],[139.5978,35.7762],[139.5972,35.7763],[139.5969,35.7764],[139.5969,35.7767],[139.5971,35.7772],[139.597,35.7772],[139.597,35.7773],[139.5969,35.7775],[139.597,35.7777],[139.5971,35.7782],[139.5972,35.7784],[139.5966,35.7784],[139.5958,35.7785],[139.5958,35.7785],[139.5955,35.7785],[139.5948,35.7786],[139.5946,35.7786],[139.5944,35.7787],[139.5941,35.7787],[139.594,35.7786],[139.594,35.7784],[139.5939,35.7782],[139.5938,35.7774],[139.5938,35.7773],[139.5937,35.7772],[139.5934,35.7772],[139.5934,35.7772],[139.5927,35.7774],[139.5917,35.7777],[139.5917,35.7777],[139.5915,35.7777],[139.5905,35.778],[139.5896,35.7783],[139.5893,35.7783],[139.5893,35.7784],[139.5888,35.7785],[139.5888,35.7785],[139.5887,35.7783],[139.5884,35.7778],[139.5882,35.7774],[139.5881,35.7772],[139.5879,35.7768],[139.5877,35.7765],[139.5876,35.7764],[139.5876,35.7764],[139.5872,35.7759],[139.587,35.7756],[139.5869,35.7756],[139.5869,35.7755],[139.5867,35.7753],[139.5865,35.7752],[139.586,35.7752],[139.5858,35.7752],[139.5855,35.7752],[139.5853,35.7752],[139.5848,35.7751],[139.5842,35.775],[139.5842,35.775],[139.5842,35.775],[139.584,35.7748],[139.584,35.7745],[139.584,35.7741],[139.584,35.7739],[139.5839,35.7739],[139.5837,35.7738],[139.5837,35.7738],[139.5837,35.7737],[139.5836,35.7736],[139.5837,35.7733],[139.5837,35.773],[139.5838,35.7729],[139.5837,35.7728],[139.5833,35.7727],[139.5833,35.7727],[139.5833,35.7727],[139.5827,35.7726],[139.582,35.7726],[139.5819,35.7724],[139.5819,35.7722],[139.582,35.7721],[139.5821,35.772],[139.5822,35.7716],[139.5822,35.7714],[139.5822,35.7712],[139.5821,35.7712],[139.582,35.7712],[139.5816,35.7711],[139.5813,35.7711],[139.5812,35.7711],[139.5812,35.7711],[139.581,35.7711],[139.581,35.7712],[139.5809,35.7718],[139.5807,35.7718],[139.5807,35.7716],[139.5807,35.7711],[139.5807,35.7711],[139.5796,35.771],[139.5789,35.7709],[139.5787,35.7709],[139.5787,35.7709],[139.5785,35.7709],[139.5782,35.7709],[139.5782,35.7707],[139.5782,35.7704],[139.5782,35.7702],[139.5782,35.7702],[139.5782,35.7698],[139.5781,35.7695],[139.5779,35.7693],[139.5777,35.7693],[139.5777,35.7693],[139.5776,35.7693],[139.5774,35.7691],[139.5771,35.7686],[139.5769,35.7681],[139.576,35.7681],[139.5752,35.7682],[139.575,35.7682],[139.575,35.7682],[139.5743,35.7682],[139.5743,35.768],[139.5742,35.7675],[139.5744,35.7669],[139.5744,35.7668],[139.5744,35.7667],[139.5744,35.7667],[139.5745,35.7665],[139.5746,35.7662],[139.5745,35.7662],[139.5743,35.7661],[139.5742,35.7661],[139.5741,35.7662],[139.574,35.7663],[139.574,35.7663],[139.5738,35.7664],[139.5737,35.7665],[139.5736,35.7665],[139.5734,35.7665],[139.5727,35.7665],[139.5724,35.7664],[139.5725,35.7659],[139.5724,35.7658],[139.5723,35.7658],[139.5722,35.7658],[139.5721,35.7658],[139.5721,35.7657],[139.5719,35.7657],[139.5718,35.7657],[139.5717,35.7657],[139.5717,35.7657],[139.5715,35.7656],[139.5711,35.7655],[139.5708,35.7654],[139.5707,35.7654],[139.5706,35.7656],[139.5703,35.7657],[139.5702,35.7657],[139.57,35.7656],[139.57,35.7654],[139.5701,35.7651],[139.5702,35.7647],[139.5704,35.7645],[139.5704,35.7644],[139.5706,35.7642],[139.5708,35.7642],[139.5709,35.7642],[139.5709,35.764],[139.571,35.7637],[139.571,35.7635],[139.5711,35.7634],[139.5711,35.7633],[139.5707,35.7632],[139.5702,35.7631],[139.5697,35.763],[139.5697,35.7633],[139.5696,35.7632],[139.5695,35.7632],[139.5694,35.7633],[139.5693,35.7636],[139.5682,35.7635],[139.5684,35.763],[139.5684,35.7628],[139.5682,35.7628],[139.5679,35.7628],[139.5678,35.763],[139.5677,35.763],[139.5673,35.763],[139.5668,35.7628],[139.5667,35.7627],[139.5669,35.7623],[139.5669,35.7621],[139.5668,35.762],[139.5668,35.762],[139.5667,35.762],[139.5667,35.762],[139.5666,35.762],[139.5666,35.762],[139.5665,35.762],[139.5661,35.7619],[139.5658,35.7619],[139.5656,35.7619],[139.5656,35.7619],[139.5654,35.7619],[139.5652,35.7619],[139.565,35.762],[139.565,35.762],[139.5648,35.7624],[139.5647,35.7628],[139.5646,35.7629],[139.5641,35.7629],[139.5639,35.7629],[139.5637,35.7628],[139.5636,35.7628],[139.5634,35.7625],[139.563,35.762],[139.5628,35.7616],[139.5627,35.7614],[139.562,35.7612],[139.5618,35.7611],[139.5619,35.7605],[139.5619,35.7604],[139.5619,35.7603],[139.5619,35.7603],[139.562,35.7601],[139.562,35.76],[139.562,35.76],[139.562,35.7599],[139.562,35.7599],[139.562,35.7598],[139.5618,35.7596],[139.5618,35.7596],[139.5617,35.7596],[139.5611,35.7594],[139.561,35.7594],[139.5605,35.7593],[139.5604,35.7592],[139.5604,35.7592],[139.5603,35.7592],[139.5599,35.7592],[139.5591,35.7593],[139.5589,35.7592],[139.5586,35.7593],[139.5586,35.7594],[139.5584,35.7595],[139.5583,35.7595],[139.5583,35.7595],[139.5583,35.7595],[139.5581,35.7596],[139.5578,35.7596],[139.5577,35.7594],[139.5574,35.7593],[139.5572,35.7593],[139.5572,35.759],[139.5567,35.759],[139.5562,35.7589],[139.5561,35.7588],[139.556,35.7583],[139.556,35.7583],[139.556,35.7582],[139.556,35.7581],[139.5558,35.758],[139.5558,35.7577],[139.5554,35.7577],[139.5554,35.7571],[139.5553,35.7561],[139.5553,35.7558],[139.5552,35.7557],[139.5551,35.7557],[139.555,35.7557],[139.5547,35.7556],[139.5543,35.7556],[139.554,35.7556],[139.554,35.7556],[139.5536,35.7556],[139.5536,35.7556],[139.5533,35.7556],[139.5532,35.7556],[139.5531,35.7556],[139.5527,35.756],[139.5523,35.756],[139.552,35.756],[139.552,35.7559],[139.5519,35.7557],[139.5518,35.7556],[139.5518,35.7555],[139.5518,35.7555],[139.5515,35.7552],[139.5511,35.7551],[139.5508,35.7553],[139.5505,35.7554],[139.55,35.7553],[139.55,35.7553],[139.55,35.7553],[139.5499,35.7551],[139.55,35.7549],[139.55,35.7549],[139.5501,35.7546],[139.5501,35.7544],[139.55,35.7544],[139.55,35.7544],[139.5499,35.7543],[139.5495,35.7541],[139.5487,35.7538],[139.5481,35.7536],[139.5477,35.7535],[139.5472,35.7534],[139.5469,35.7535],[139.547,35.7538],[139.547,35.7538],[139.5472,35.7541],[139.5472,35.7541],[139.5471,35.7542],[139.5471,35.7543],[139.5471,35.7543],[139.547,35.7546],[139.5468,35.7551],[139.5462,35.7549],[139.5459,35.7549],[139.5456,35.7549],[139.5455,35.7548],[139.5455,35.7548],[139.5454,35.7548],[139.5453,35.7547],[139.545,35.7547],[139.5448,35.7546],[139.5446,35.7548],[139.5445,35.7551],[139.5444,35.7555],[139.5445,35.7558],[139.5446,35.7561],[139.5447,35.7567],[139.5448,35.7568],[139.5448,35.7568],[139.5451,35.7576],[139.5453,35.7578],[139.5455,35.7578],[139.5456,35.7579],[139.5456,35.7579],[139.5458,35.7581],[139.546,35.7583],[139.546,35.7583],[139.5464,35.7591],[139.5465,35.7594],[139.5467,35.7598],[139.547,35.7603],[139.5469,35.7606],[139.5468,35.7607],[139.5468,35.7613],[139.5467,35.7624],[139.5467,35.7627],[139.5468,35.7627],[139.547,35.7627],[139.5471,35.7628],[139.5471,35.7628],[139.5471,35.7634],[139.5471,35.7636],[139.5471,35.7637],[139.5471,35.7637],[139.5471,35.7637],[139.547,35.7639],[139.547,35.7642],[139.5471,35.7644],[139.5471,35.7649],[139.5474,35.7653],[139.5475,35.7657],[139.5476,35.7659],[139.5476,35.7662],[139.5474,35.7667],[139.5474,35.7667],[139.5474,35.7667],[139.5472,35.7673],[139.547,35.768],[139.547,35.7682],[139.547,35.7691],[139.5469,35.7696],[139.547,35.7701],[139.5471,35.7701],[139.5472,35.7704],[139.5473,35.7704],[139.5473,35.7706],[139.5476,35.7711],[139.5477,35.7719],[139.5478,35.7724],[139.5478,35.7726],[139.5478,35.7732],[139.5478,35.774],[139.5477,35.7742],[139.5474,35.7742],[139.5474,35.7742],[139.5474,35.7742],[139.5471,35.7742],[139.5466,35.7741],[139.5457,35.7738],[139.5449,35.7736],[139.5441,35.7733],[139.5438,35.7731],[139.5436,35.773],[139.5428,35.7726],[139.5417,35.772],[139.5417,35.772],[139.5417,35.772],[139.5417,35.772],[139.541,35.7718],[139.5406,35.7716],[139.5396,35.7713],[139.5381,35.7707],[139.5374,35.7705],[139.5369,35.7704],[139.5368,35.7703],[139.5366,35.7703],[139.5356,35.77],[139.5356,35.77],[139.5355,35.77],[139.5348,35.7699],[139.5347,35.7699],[139.5335,35.7695],[139.5334,35.7695],[139.5333,35.7695],[139.5333,35.7695],[139.5328,35.7694],[139.5325,35.7693],[139.532,35.7691],[139.5319,35.7691],[139.5318,35.769],[139.5318,35.769],[139.5317,35.769],[139.5316,35.7689],[139.5314,35.7688],[139.5313,35.7688],[139.5313,35.7688],[139.5306,35.7685],[139.5306,35.7685],[139.5304,35.7684],[139.5303,35.7683],[139.5301,35.7684],[139.5298,35.7683],[139.5293,35.7683],[139.5286,35.7682],[139.5284,35.7681],[139.5282,35.7681],[139.5281,35.768],[139.5275,35.7678],[139.5273,35.7678],[139.5272,35.7681],[139.527,35.7683],[139.5268,35.7682],[139.5264,35.7682],[139.5261,35.7681],[139.5259,35.7681],[139.5259,35.7681],[139.5256,35.7681],[139.5256,35.7681],[139.5253,35.768],[139.5252,35.768],[139.525,35.768],[139.525,35.768],[139.5247,35.768],[139.524,35.7679],[139.5232,35.7678],[139.5221,35.7677],[139.5218,35.7676],[139.5214,35.7676],[139.5206,35.7672],[139.5204,35.7671],[139.5196,35.7668],[139.5195,35.7667],[139.5193,35.7667],[139.5193,35.7667],[139.5185,35.7663],[139.5183,35.7661],[139.5182,35.7661],[139.518,35.766],[139.5177,35.7659],[139.5177,35.7659],[139.5169,35.7656],[139.5167,35.7655],[139.5167,35.7655],[139.5165,35.7655],[139.5165,35.7655],[139.5164,35.7656],[139.5164,35.7657],[139.5164,35.7659],[139.5164,35.7659],[139.5167,35.766],[139.5167,35.766],[139.5172,35.7662],[139.5172,35.7663],[139.5172,35.7665],[139.5172,35.7665],[139.5173,35.7665],[139.5173,35.7667],[139.5173,35.7667],[139.5174,35.7667],[139.5174,35.7668],[139.5177,35.7671],[139.5177,35.7672],[139.5182,35.7676],[139.5193,35.7687],[139.5201,35.7695],[139.5201,35.7696],[139.5206,35.77],[139.5213,35.7705],[139.5217,35.7709],[139.522,35.7711],[139.5222,35.7713],[139.5222,35.7713],[139.5224,35.7715],[139.5226,35.7717],[139.5228,35.7719],[139.523,35.7719],[139.5237,35.7719],[139.524,35.7718],[139.5241,35.7718],[139.5246,35.772],[139.5249,35.772],[139.525,35.772],[139.525,35.772],[139.5252,35.7721],[139.526,35.7721],[139.5261,35.772],[139.5261,35.7718],[139.5262,35.7717],[139.5263,35.7716],[139.5274,35.7723],[139.5274,35.7723],[139.528,35.7727],[139.5283,35.7729],[139.5284,35.773],[139.5284,35.7732],[139.5283,35.7733],[139.5281,35.7733],[139.5281,35.7734],[139.5284,35.7734],[139.5288,35.7734],[139.5289,35.7734],[139.5291,35.7733],[139.5293,35.7733],[139.53,35.7733],[139.5307,35.7732],[139.5322,35.7734],[139.5333,35.7738],[139.5333,35.7738],[139.5334,35.7738],[139.5336,35.7739],[139.5337,35.7739],[139.5337,35.7739],[139.534,35.774],[139.5343,35.7742],[139.535,35.7747],[139.5351,35.7747],[139.5351,35.7747],[139.5355,35.7749],[139.5356,35.775],[139.5356,35.775],[139.5359,35.7751],[139.536,35.7752],[139.5365,35.7756],[139.5363,35.7757],[139.5363,35.7757],[139.5362,35.7758],[139.5362,35.776],[139.5363,35.776],[139.5368,35.7761],[139.5371,35.7763],[139.5373,35.7766],[139.5374,35.7766],[139.5375,35.7767],[139.5375,35.7769],[139.5399,35.7778],[139.5398,35.7783],[139.5411,35.7788],[139.5414,35.779],[139.5414,35.779],[139.5415,35.7792],[139.5417,35.7792],[139.5417,35.7792],[139.5421,35.7794],[139.5426,35.7795],[139.543,35.7798],[139.5435,35.7811],[139.5437,35.7821],[139.5438,35.7828],[139.5438,35.7833],[139.5438,35.7833],[139.5438,35.7842],[139.5439,35.787],[139.5438,35.7871],[139.5438,35.7877],[139.5438,35.7878],[139.5438,35.7878],[139.5438,35.7879],[139.5438,35.7882],[139.5436,35.7884],[139.5433,35.7885],[139.5432,35.7886],[139.5422,35.789],[139.5417,35.7893],[139.5417,35.7893],[139.5416,35.7893],[139.5414,35.7892],[139.5413,35.7894],[139.5413,35.7894],[139.5413,35.7895],[139.5413,35.7896],[139.5407,35.7895],[139.5408,35.7897],[139.5408,35.7899],[139.5406,35.7899],[139.5403,35.7899],[139.5397,35.7901],[139.5387,35.7905],[139.5383,35.7906],[139.5378,35.7907],[139.5376,35.7908],[139.5375,35.7912],[139.5373,35.7915],[139.5374,35.7916],[139.5376,35.7917],[139.5376,35.7917],[139.5383,35.792],[139.5387,35.7922],[139.5388,35.7923],[139.5392,35.7928],[139.5395,35.7931],[139.5395,35.7932],[139.5395,35.7932],[139.5395,35.7932],[139.5397,35.7936],[139.5398,35.7937],[139.5398,35.7937],[139.5398,35.7937],[139.5402,35.794],[139.5407,35.7944],[139.5408,35.7944],[139.5411,35.7946],[139.5415,35.7948],[139.5417,35.7949],[139.5417,35.7949],[139.5421,35.7952],[139.5424,35.7954],[139.543,35.7958],[139.5433,35.796],[139.5434,35.7961],[139.544,35.7965],[139.5441,35.7965],[139.5442,35.7965],[139.5448,35.7968],[139.545,35.7972],[139.5449,35.7973],[139.5449,35.7973],[139.545,35.7977],[139.5452,35.7978],[139.5456,35.7984],[139.5457,35.7986],[139.5462,35.7992],[139.5463,35.7996],[139.5463,35.7996],[139.5464,35.8],[139.5464,35.8],[139.5464,35.8],[139.5467,35.8009],[139.5471,35.8017],[139.5471,35.8017],[139.5471,35.8019],[139.5471,35.8021],[139.5471,35.8022],[139.5472,35.8024],[139.5472,35.8027],[139.5472,35.8027],[139.5472,35.8028],[139.5471,35.8028],[139.5471,35.803],[139.5471,35.803],[139.547,35.8033],[139.547,35.8033],[139.5467,35.8037],[139.546,35.8041],[139.5456,35.8042],[139.5456,35.8042],[139.5455,35.8043],[139.5454,35.8045],[139.5453,35.8045],[139.5453,35.8046],[139.5449,35.8054],[139.5443,35.8066],[139.5441,35.8067],[139.544,35.8067],[139.5435,35.8068],[139.5433,35.8069],[139.5422,35.8072],[139.5419,35.8073],[139.5417,35.8073],[139.5417,35.8073],[139.5417,35.8073],[139.5417,35.8073],[139.5413,35.807],[139.5408,35.8066],[139.54,35.8061],[139.5387,35.8052],[139.538,35.8047],[139.538,35.8047],[139.5376,35.8045],[139.5373,35.8042],[139.5373,35.8042],[139.5373,35.8042],[139.5372,35.8041],[139.5369,35.8039],[139.5364,35.8033],[139.5361,35.803],[139.5359,35.8027],[139.5349,35.8016],[139.5341,35.8006],[139.5337,35.8],[139.5337,35.8],[139.5335,35.7995],[139.5333,35.7994],[139.5333,35.7994],[139.5325,35.7983],[139.532,35.7974],[139.5319,35.7971],[139.5318,35.797],[139.5318,35.7968],[139.5318,35.7968],[139.5317,35.7968],[139.5317,35.7968],[139.531,35.7962],[139.5307,35.7959],[139.5306,35.7957],[139.5304,35.7955],[139.5302,35.7953],[139.5301,35.7952],[139.5299,35.7949],[139.5297,35.7946],[139.5296,35.7945],[139.5293,35.7941],[139.5282,35.7932],[139.5277,35.7929],[139.5277,35.7929],[139.5277,35.7929],[139.5271,35.7927],[139.5267,35.7926],[139.5266,35.7926],[139.5259,35.7925],[139.5258,35.7923],[139.5255,35.7919],[139.5255,35.7919],[139.5253,35.7918],[139.525,35.7918],[139.525,35.7918],[139.5247,35.7918],[139.5239,35.7918],[139.5234,35.7918],[139.5231,35.7917],[139.5231,35.7917],[139.5231,35.7917],[139.523,35.7915],[139.523,35.7912],[139.5233,35.7909],[139.5237,35.7905],[139.5237,35.7903],[139.5234,35.7899],[139.523,35.7896],[139.5229,35.7895],[139.5226,35.7893],[139.5226,35.7892],[139.5219,35.7889],[139.5212,35.7885],[139.5205,35.7884],[139.5204,35.7884],[139.5203,35.7884],[139.5197,35.7884],[139.5191,35.7885],[139.5185,35.7886],[139.5178,35.7887],[139.5173,35.7889],[139.5171,35.7889],[139.5168,35.789],[139.5167,35.7889],[139.5167,35.7889],[139.5166,35.7889],[139.5166,35.7889],[139.5164,35.7888],[139.5163,35.7888],[139.5163,35.7888],[139.5163,35.7888],[139.5158,35.7887],[139.5157,35.7887],[139.5156,35.7887],[139.5154,35.7886],[139.515,35.7886],[139.5148,35.7886],[139.5148,35.7886],[139.5142,35.7885],[139.5142,35.7885],[139.514,35.7885],[139.514,35.7885],[139.5139,35.7884],[139.5139,35.7884],[139.5138,35.7884],[139.5137,35.7881],[139.5135,35.7877],[139.5134,35.7872],[139.5132,35.7865],[139.5131,35.786],[139.5129,35.7857],[139.5127,35.7855],[139.5126,35.7854],[139.5121,35.7852],[139.5121,35.7852],[139.512,35.7851],[139.5119,35.7851],[139.5117,35.7851],[139.5117,35.7851],[139.5112,35.785],[139.5111,35.785],[139.5108,35.785],[139.5105,35.7849],[139.5099,35.7848],[139.5091,35.7848],[139.5085,35.7847],[139.5084,35.7845],[139.5083,35.7844],[139.5083,35.7844],[139.5083,35.7844],[139.508,35.7842],[139.5079,35.7838],[139.5078,35.7835],[139.5075,35.7833],[139.5075,35.7833],[139.5074,35.7832],[139.5069,35.7829],[139.5067,35.7828],[139.5063,35.7828],[139.5054,35.7828],[139.5051,35.7828],[139.5047,35.783],[139.5045,35.7831],[139.5043,35.7831],[139.5037,35.7829],[139.5027,35.7827],[139.5022,35.7826],[139.5021,35.7826],[139.5019,35.7825],[139.5016,35.7825],[139.5013,35.7824],[139.5008,35.7823],[139.5008,35.7823],[139.5006,35.7822],[139.5005,35.7822],[139.5004,35.7822],[139.5,35.7822],[139.5,35.7822],[139.4999,35.7822],[139.4994,35.7822],[139.4991,35.782],[139.4989,35.7818],[139.4987,35.7815],[139.4985,35.7813],[139.4982,35.7813],[139.498,35.7812],[139.4976,35.7802],[139.4975,35.7798],[139.4974,35.7796],[139.4974,35.7795],[139.4974,35.7795],[139.497,35.7789],[139.4969,35.7787],[139.4968,35.7787],[139.4968,35.7787],[139.4967,35.7788],[139.4967,35.7788],[139.4965,35.7789],[139.4964,35.7792],[139.4962,35.7798],[139.4961,35.7802],[139.4961,35.7805],[139.4961,35.7807],[139.4961,35.7809],[139.4961,35.7812],[139.4961,35.7813],[139.4961,35.7814],[139.496,35.7815],[139.496,35.7816],[139.496,35.7816],[139.4959,35.7816],[139.4959,35.7816],[139.4958,35.7817],[139.4957,35.7817],[139.4954,35.7817],[139.4952,35.7816],[139.495,35.7816],[139.4948,35.7817],[139.4942,35.7817],[139.4939,35.7817],[139.4937,35.7817],[139.4936,35.7817],[139.4935,35.7817],[139.4935,35.7816],[139.4935,35.7815],[139.4935,35.7815],[139.4935,35.7814],[139.4935,35.7812],[139.4934,35.7809],[139.4934,35.7807],[139.4934,35.7805],[139.4935,35.7803],[139.4935,35.7803],[139.4935,35.7802],[139.4936,35.7801],[139.4936,35.7801],[139.4936,35.78],[139.4937,35.7799],[139.4937,35.7798],[139.4937,35.7797],[139.4938,35.7796],[139.4938,35.7796],[139.4937,35.7796],[139.4933,35.7797],[139.4928,35.7799],[139.4918,35.7802],[139.4917,35.7802],[139.4917,35.7802],[139.4916,35.7803],[139.4915,35.7803],[139.4914,35.7802],[139.4913,35.7801],[139.4912,35.7801],[139.4912,35.78],[139.4911,35.78],[139.4909,35.7801],[139.4908,35.7802],[139.4908,35.7802],[139.4908,35.7804],[139.4908,35.7804],[139.4909,35.7805],[139.4908,35.7806],[139.4908,35.7806],[139.4907,35.7807],[139.4904,35.7809],[139.4902,35.7809],[139.4902,35.7809],[139.4901,35.7808],[139.4898,35.7806],[139.4897,35.7805],[139.4899,35.7803],[139.49,35.7801],[139.4901,35.7799],[139.4901,35.7794],[139.4901,35.7794],[139.4901,35.7794],[139.49,35.7793],[139.4897,35.7794],[139.4897,35.7794],[139.4897,35.7793],[139.4897,35.7792],[139.4896,35.7791],[139.4894,35.7792],[139.4892,35.7792],[139.489,35.7793],[139.4889,35.7793],[139.489,35.7794],[139.489,35.7795],[139.489,35.7795],[139.489,35.7795],[139.489,35.7796],[139.4891,35.7796],[139.4892,35.7797],[139.4892,35.7796],[139.4894,35.7796],[139.4895,35.7795],[139.4896,35.7796],[139.4897,35.7797],[139.4897,35.7798],[139.4897,35.78],[139.4897,35.78],[139.4897,35.7801],[139.4895,35.7801],[139.4893,35.78],[139.4892,35.7799],[139.4891,35.7799],[139.489,35.7799],[139.489,35.7798],[139.4889,35.7798],[139.4889,35.7797],[139.4888,35.7796],[139.4888,35.7796],[139.4888,35.7795],[139.4888,35.7795],[139.4887,35.7794],[139.4887,35.7794],[139.4886,35.7794],[139.4884,35.7794],[139.4881,35.7795],[139.4881,35.7795],[139.4877,35.7797],[139.4874,35.7798],[139.487,35.78],[139.4866,35.7801],[139.4864,35.7802],[139.4862,35.7804],[139.4859,35.7806],[139.4855,35.7807],[139.485,35.7808],[139.4847,35.7808],[139.4844,35.7808],[139.484,35.7808],[139.4839,35.7808],[139.4837,35.7808],[139.4834,35.7808],[139.4833,35.7808],[139.4833,35.7808],[139.4832,35.7808],[139.4829,35.7807],[139.4828,35.7807],[139.4827,35.7807],[139.4827,35.781],[139.4826,35.781],[139.4826,35.7811],[139.4825,35.7811],[139.4823,35.781],[139.4823,35.7809],[139.4823,35.7807],[139.4822,35.7807],[139.4821,35.7806],[139.4817,35.7806],[139.4817,35.7806],[139.4815,35.7806],[139.4812,35.7804],[139.4811,35.7804],[139.4807,35.7802],[139.4805,35.7801],[139.4804,35.7802],[139.4803,35.7803],[139.4803,35.7802],[139.4801,35.7802],[139.4799,35.7801],[139.4797,35.7801],[139.4797,35.78],[139.4795,35.7799],[139.4794,35.7798],[139.4794,35.7796],[139.4794,35.7794],[139.4793,35.7793],[139.4793,35.7793],[139.4792,35.7792],[139.4792,35.7792],[139.479,35.7791],[139.4789,35.7791],[139.4788,35.779],[139.4788,35.779],[139.4787,35.7789],[139.4787,35.7789],[139.4786,35.7788],[139.4786,35.7785],[139.4784,35.7784],[139.4783,35.7783],[139.4781,35.7783],[139.4781,35.7783],[139.4779,35.7782],[139.4777,35.7781],[139.4775,35.778],[139.4774,35.778],[139.4772,35.7779],[139.4769,35.7779],[139.4768,35.7778],[139.4767,35.7777],[139.4766,35.7775],[139.4764,35.7773],[139.4762,35.7771],[139.476,35.7771],[139.4759,35.777],[139.4755,35.7769],[139.4755,35.7769],[139.4753,35.7768],[139.4753,35.7768],[139.4754,35.7767],[139.4756,35.7763],[139.4756,35.7762],[139.4757,35.7762],[139.4759,35.7762],[139.4761,35.7763],[139.4763,35.7763],[139.4764,35.7763],[139.4765,35.7761],[139.4767,35.776],[139.4768,35.7759],[139.4769,35.7757],[139.477,35.7757],[139.477,35.7756],[139.477,35.7756],[139.4769,35.7755],[139.4767,35.7753],[139.4767,35.7753],[139.4765,35.7753],[139.4764,35.7753],[139.4762,35.7752],[139.4761,35.7752],[139.4761,35.7752],[139.4759,35.7752],[139.4755,35.7753],[139.4752,35.7753],[139.475,35.7753],[139.475,35.7753],[139.4749,35.7753],[139.4748,35.7753],[139.4745,35.7753],[139.4743,35.7754],[139.4742,35.7756],[139.474,35.7757],[139.474,35.7757],[139.474,35.7756],[139.474,35.7755],[139.4742,35.7751],[139.4742,35.775],[139.4742,35.775],[139.4742,35.775],[139.4742,35.7748],[139.4741,35.7747],[139.4741,35.7747],[139.4739,35.7746],[139.4736,35.7746],[139.4733,35.7744],[139.4731,35.7745],[139.4728,35.7745],[139.4725,35.7744],[139.4725,35.7744],[139.4723,35.7743],[139.4717,35.7739],[139.4713,35.7735],[139.4712,35.7734],[139.4709,35.7734],[139.4709,35.7734],[139.4706,35.7735],[139.4706,35.7735],[139.4706,35.7735],[139.4704,35.7737],[139.4702,35.7738],[139.4702,35.7739],[139.47,35.7741],[139.4699,35.7742],[139.4698,35.7742],[139.4694,35.7742],[139.4691,35.7742],[139.4689,35.7742],[139.4683,35.7742],[139.4681,35.7741],[139.4679,35.7741],[139.4673,35.774],[139.4668,35.7738],[139.4668,35.7738],[139.4667,35.7738],[139.4667,35.7738],[139.4664,35.7737],[139.4661,35.7737],[139.4658,35.7737],[139.4655,35.7737],[139.4652,35.7738],[139.4649,35.7738],[139.4647,35.7737],[139.4646,35.7737],[139.4644,35.7736],[139.4643,35.7735],[139.4642,35.7734],[139.464,35.7732],[139.4639,35.7731],[139.4637,35.773],[139.4635,35.7729],[139.4633,35.7729],[139.4632,35.7729],[139.463,35.7729],[139.4629,35.773],[139.4627,35.7731],[139.4627,35.7731],[139.4626,35.7732],[139.4626,35.7733],[139.4625,35.7734],[139.4625,35.7735],[139.4624,35.7735],[139.4621,35.7735],[139.4617,35.7735],[139.4616,35.7735],[139.4613,35.7734],[139.4613,35.7734],[139.4612,35.7733],[139.4612,35.7732],[139.4612,35.7731],[139.461,35.7729],[139.4609,35.7727],[139.4608,35.7726],[139.4607,35.7725],[139.4606,35.7725],[139.4604,35.7725],[139.4601,35.7725],[139.4598,35.7725],[139.4596,35.7725],[139.4595,35.7724],[139.4594,35.7723],[139.4592,35.7722],[139.459,35.7719],[139.4589,35.7717],[139.4589,35.7714],[139.4588,35.771],[139.4588,35.7708],[139.4588,35.7707],[139.4588,35.7704],[139.4587,35.77],[139.4587,35.7699],[139.4586,35.7697],[139.4584,35.7695],[139.4583,35.7695],[139.4583,35.7695],[139.4583,35.7694],[139.4581,35.7693],[139.458,35.7693],[139.4578,35.7693],[139.4576,35.7693],[139.4574,35.7694],[139.4573,35.7694],[139.4571,35.7696],[139.4569,35.7697],[139.4568,35.7697],[139.4566,35.7697],[139.4564,35.7697],[139.4559,35.7696],[139.4555,35.7696],[139.455,35.7696],[139.4549,35.7696],[139.4544,35.7694],[139.4543,35.7694],[139.454,35.7694],[139.4538,35.7694],[139.4537,35.7693],[139.4537,35.7692],[139.4536,35.769],[139.4535,35.7688],[139.4534,35.7686],[139.4533,35.7685],[139.4532,35.7685],[139.4531,35.7685],[139.4529,35.7686],[139.4527,35.7687],[139.4519,35.769],[139.4515,35.7693],[139.4513,35.7693],[139.4512,35.7693],[139.451,35.7693],[139.451,35.7693],[139.4509,35.7693],[139.4507,35.7692],[139.4503,35.7689],[139.4503,35.7689],[139.4501,35.7688],[139.45,35.7687],[139.45,35.7687],[139.45,35.7687],[139.45,35.7687],[139.4499,35.7687],[139.4497,35.7687],[139.4496,35.7687],[139.4489,35.7687],[139.4487,35.7686],[139.4485,35.7686],[139.4482,35.7686],[139.4477,35.7685],[139.4475,35.7684],[139.4474,35.7684],[139.447,35.7683],[139.4469,35.7682],[139.4467,35.7682],[139.4465,35.7681],[139.4462,35.7679],[139.446,35.7678],[139.4458,35.7677],[139.4456,35.7674],[139.4455,35.7672],[139.4453,35.767],[139.4452,35.7668],[139.4451,35.7668],[139.4451,35.7667],[139.445,35.7667],[139.445,35.7667],[139.445,35.7667],[139.4447,35.7666],[139.4444,35.7667],[139.4444,35.7667],[139.4444,35.7667],[139.4443,35.7667],[139.4443,35.7667],[139.4442,35.7667],[139.4442,35.7667],[139.4442,35.7667],[139.4439,35.7668],[139.4434,35.7669],[139.4432,35.7669],[139.4432,35.7669],[139.4429,35.7668],[139.4427,35.7668],[139.4425,35.7668],[139.4424,35.7668],[139.4421,35.7668],[139.442,35.7668],[139.4417,35.7668],[139.4417,35.7668],[139.4417,35.7668],[139.4414,35.7668],[139.4411,35.7668],[139.4409,35.7669],[139.4408,35.767],[139.4406,35.7671],[139.4401,35.7674],[139.44,35.7676],[139.44,35.7679],[139.44,35.7682],[139.44,35.7683],[139.44,35.7684],[139.4399,35.7685],[139.4399,35.7686],[139.4398,35.7687],[139.4397,35.769],[139.4396,35.7692],[139.4396,35.7692],[139.4396,35.7692],[139.4392,35.7694],[139.439,35.7695],[139.439,35.7695],[139.4387,35.7696],[139.4385,35.7696],[139.4384,35.7696],[139.4383,35.7695],[139.4381,35.7694],[139.438,35.7692],[139.438,35.7691],[139.438,35.769],[139.4382,35.7689],[139.4382,35.7689],[139.4383,35.7689],[139.4383,35.7688],[139.4384,35.7687],[139.4385,35.7685],[139.4384,35.7684],[139.4384,35.7683],[139.4384,35.7681],[139.4383,35.768],[139.4381,35.7678],[139.438,35.7677],[139.4378,35.7677],[139.4374,35.7676],[139.4371,35.7676],[139.4369,35.7674],[139.4367,35.7673],[139.4364,35.7672],[139.4361,35.7671],[139.4357,35.7671],[139.4355,35.7671],[139.4351,35.7672],[139.4348,35.7672],[139.4343,35.7672],[139.4343,35.7672],[139.4342,35.7672],[139.434,35.7673],[139.4337,35.7674],[139.4335,35.7674],[139.4333,35.7674],[139.4333,35.7674],[139.4332,35.7673],[139.4331,35.7672],[139.433,35.767],[139.4328,35.7668],[139.4327,35.7667],[139.4327,35.7667],[139.4327,35.7666],[139.4325,35.7665],[139.4323,35.7664],[139.4321,35.7664],[139.4318,35.7664],[139.4316,35.7663],[139.4313,35.7664],[139.4312,35.7664],[139.431,35.7665],[139.4307,35.7666],[139.4304,35.7666],[139.4303,35.7667],[139.4303,35.7667],[139.43,35.7667],[139.4298,35.7668],[139.4295,35.7669],[139.4292,35.767],[139.4289,35.767],[139.4288,35.767],[139.4288,35.767],[139.4286,35.7669],[139.4285,35.7668],[139.4283,35.7667],[139.4283,35.7667],[139.4283,35.7667],[139.4282,35.7666],[139.4279,35.7665],[139.4276,35.7664],[139.4274,35.7665],[139.4271,35.7666],[139.4269,35.7666],[139.4266,35.7666],[139.4265,35.7667],[139.4265,35.7667],[139.4263,35.7667],[139.4261,35.7668],[139.426,35.7669],[139.4259,35.767],[139.4257,35.767],[139.4255,35.767],[139.4253,35.7672],[139.425,35.7672],[139.425,35.7672],[139.4249,35.7673],[139.4248,35.7673],[139.4246,35.7672],[139.4244,35.7671],[139.4243,35.7671],[139.4239,35.7672],[139.4238,35.7671],[139.4236,35.7672],[139.4234,35.7672],[139.4231,35.7673],[139.4229,35.7673],[139.4228,35.7675],[139.4225,35.7677],[139.4224,35.7678],[139.4222,35.7678],[139.4221,35.7678],[139.422,35.7676],[139.4217,35.7674],[139.4215,35.7673],[139.4213,35.7671],[139.4211,35.7669],[139.4209,35.7667],[139.4209,35.7667],[139.4209,35.7666],[139.4207,35.7665],[139.4205,35.7662],[139.4202,35.766],[139.42,35.766],[139.4198,35.7659],[139.4196,35.7659],[139.4194,35.7659],[139.4191,35.7659],[139.4188,35.7659],[139.4185,35.766],[139.418,35.7661],[139.4179,35.7661],[139.4178,35.7662],[139.4177,35.7661],[139.4174,35.7661],[139.4173,35.7661],[139.4171,35.7661],[139.4167,35.7662],[139.4167,35.7662],[139.4165,35.7662],[139.4163,35.7662],[139.416,35.7662],[139.4159,35.7663],[139.4158,35.7664],[139.4157,35.7666],[139.4157,35.7667],[139.4157,35.7667],[139.4156,35.7668],[139.4154,35.7669],[139.4153,35.767],[139.4151,35.767],[139.4148,35.767],[139.4144,35.767],[139.4141,35.7671],[139.4137,35.7672],[139.4135,35.7672],[139.4134,35.7674],[139.4132,35.7677],[139.4131,35.7679],[139.413,35.768],[139.4129,35.7681],[139.4126,35.768],[139.4123,35.768],[139.412,35.7679],[139.4118,35.768],[139.4116,35.768],[139.4114,35.7681],[139.411,35.7683],[139.4106,35.7684],[139.4106,35.7684],[139.4104,35.7685],[139.4099,35.7686],[139.4098,35.7687],[139.4095,35.7687],[139.4092,35.7687],[139.4089,35.7687],[139.4084,35.7686],[139.4083,35.7685],[139.4083,35.7685],[139.4081,35.7685],[139.4078,35.7684],[139.4073,35.7685],[139.4068,35.7686],[139.4065,35.7686],[139.4062,35.7687],[139.4059,35.7687],[139.4057,35.7688],[139.4055,35.7689],[139.4053,35.769],[139.4051,35.7691],[139.4049,35.7692],[139.4046,35.7691],[139.4043,35.7691],[139.4041,35.7689],[139.4039,35.7688],[139.4038,35.7687],[139.4035,35.7686],[139.4034,35.7685],[139.4031,35.7684],[139.4028,35.7684],[139.4026,35.7684],[139.4024,35.7685],[139.4022,35.7685],[139.4018,35.7686],[139.4015,35.7686],[139.4013,35.7685],[139.4009,35.7683],[139.4007,35.7682],[139.4005,35.768],[139.4004,35.7679],[139.4003,35.7678],[139.4002,35.7675],[139.4002,35.7672],[139.4002,35.7672],[139.4001,35.767],[139.4,35.7668],[139.4,35.7668],[139.4,35.7668],[139.3999,35.7667],[139.3999,35.7667],[139.3999,35.7667],[139.3997,35.7665],[139.3995,35.7663],[139.3993,35.7662],[139.3991,35.766],[139.399,35.7659],[139.3989,35.7658],[139.3989,35.7655],[139.3989,35.7652],[139.3988,35.765],[139.3987,35.7647],[139.3986,35.7645],[139.3984,35.7644],[139.3982,35.7643],[139.398,35.7642],[139.3978,35.7641],[139.3975,35.7641],[139.3972,35.7641],[139.3969,35.7641],[139.3966,35.7642],[139.3962,35.7642],[139.3959,35.7642],[139.3957,35.7642],[139.3955,35.7641],[139.3952,35.7641],[139.395,35.7639],[139.3949,35.7639],[139.3946,35.7638],[139.3943,35.7637],[139.3941,35.7637],[139.3938,35.7636],[139.3936,35.7635],[139.3934,35.7635],[139.3932,35.7634],[139.393,35.7634],[139.3928,35.7634],[139.3924,35.7633],[139.3922,35.7633],[139.3919,35.7633],[139.3917,35.7634],[139.3917,35.7634],[139.3917,35.7634],[139.3913,35.7634],[139.391,35.7635],[139.3906,35.7637],[139.3905,35.7638],[139.3905,35.7638],[139.3905,35.7639],[139.3905,35.764],[139.3905,35.7641],[139.3906,35.7645],[139.3908,35.7648],[139.3908,35.7648],[139.391,35.7651],[139.3912,35.7653],[139.3913,35.7656],[139.3916,35.7662],[139.3917,35.7664],[139.3917,35.7665],[139.3918,35.7667],[139.3918,35.7667],[139.3918,35.7668],[139.3918,35.767],[139.3918,35.7672],[139.3917,35.7674],[139.3917,35.7674],[139.3917,35.7674],[139.3917,35.7674],[139.3915,35.7674],[139.3911,35.7674],[139.3906,35.7673],[139.3899,35.7672],[139.3896,35.7671],[139.3891,35.7669],[139.3886,35.7667],[139.3886,35.7667],[139.3885,35.7666],[139.3877,35.7663],[139.3874,35.7662],[139.3871,35.766],[139.387,35.766],[139.3869,35.7659],[139.3863,35.7657],[139.3856,35.7654],[139.3852,35.7653],[139.3851,35.7652],[139.3848,35.7652],[139.3847,35.7652],[139.3846,35.7653],[139.3843,35.7653],[139.3841,35.7653],[139.3838,35.7654],[139.3836,35.7654],[139.3834,35.7655],[139.3833,35.7655],[139.3833,35.7655],[139.3833,35.7656],[139.3829,35.7657],[139.3826,35.7657],[139.3824,35.7658],[139.3823,35.7659],[139.3821,35.766],[139.3818,35.766],[139.3816,35.7659],[139.3813,35.7658],[139.3811,35.7659],[139.381,35.7659],[139.3807,35.766],[139.3807,35.766],[139.3805,35.7662],[139.3804,35.7663],[139.3802,35.7664],[139.3801,35.7665],[139.38,35.7666],[139.38,35.7667],[139.38,35.7667],[139.3799,35.7669],[139.3797,35.7672],[139.3797,35.7673],[139.3797,35.7675],[139.3795,35.7678],[139.3795,35.768],[139.3795,35.7684],[139.3795,35.7686],[139.3795,35.7688],[139.3795,35.7691],[139.3794,35.7693],[139.3794,35.7696],[139.3792,35.7699],[139.3791,35.7702],[139.379,35.7702],[139.3789,35.7704],[139.3789,35.7707],[139.379,35.7709],[139.379,35.771],[139.379,35.7712],[139.3791,35.7713],[139.3792,35.7714],[139.3794,35.7716],[139.3795,35.7717],[139.3796,35.7718],[139.3799,35.7719],[139.38,35.772],[139.38,35.7721],[139.3801,35.7723],[139.3802,35.7725],[139.3802,35.7728],[139.3802,35.773],[139.3803,35.7733],[139.3805,35.7734],[139.3805,35.7735],[139.3807,35.7737],[139.3809,35.7738],[139.3811,35.774],[139.3813,35.7741],[139.3814,35.7742],[139.3815,35.7743],[139.3815,35.7744],[139.3815,35.7745],[139.3815,35.7748],[139.3815,35.775],[139.3815,35.775],[139.3815,35.775],[139.3814,35.7753],[139.3814,35.7755],[139.3814,35.7759],[139.3814,35.7763],[139.3814,35.7765],[139.3815,35.7769],[139.3815,35.777],[139.3815,35.7772],[139.3815,35.7773],[139.3813,35.7773],[139.3812,35.7773],[139.381,35.7772],[139.3809,35.7771],[139.3807,35.777],[139.3805,35.777],[139.3803,35.7769],[139.3801,35.7769],[139.38,35.7769],[139.3799,35.777],[139.3798,35.7771],[139.3798,35.7772],[139.3798,35.7773],[139.3799,35.7774],[139.3799,35.7775],[139.38,35.7776],[139.3801,35.7777],[139.3802,35.778],[139.3802,35.7782],[139.3802,35.7785],[139.3801,35.7787],[139.3799,35.7789],[139.3797,35.779],[139.3794,35.7792],[139.3791,35.7793],[139.3789,35.7794],[139.3783,35.7797],[139.3776,35.78],[139.3772,35.7801],[139.3769,35.7801],[139.3763,35.7803],[139.376,35.7804],[139.3758,35.7804],[139.3755,35.7805],[139.3753,35.7804],[139.3751,35.7803],[139.375,35.7803],[139.375,35.7803],[139.3749,35.7803],[139.3744,35.7801],[139.3738,35.7798],[139.3736,35.7797],[139.3734,35.7795],[139.3734,35.7795],[139.373,35.7792],[139.3728,35.779],[139.3725,35.7789],[139.3724,35.7788],[139.3722,35.7788],[139.372,35.7788],[139.3718,35.7787],[139.3717,35.7786],[139.3715,35.7785],[139.3713,35.7783],[139.371,35.7782],[139.3708,35.7782],[139.3703,35.7783],[139.3703,35.7784],[139.3703,35.7785],[139.3703,35.7785],[139.3703,35.7786],[139.3704,35.7787],[139.3704,35.7788],[139.371,35.7788],[139.3713,35.7788],[139.3715,35.7788],[139.3716,35.7789],[139.3718,35.779],[139.372,35.779],[139.3722,35.7791],[139.3723,35.7792],[139.3726,35.7793],[139.3727,35.7795],[139.3729,35.7796],[139.373,35.7796],[139.373,35.7797],[139.3729,35.7798],[139.3728,35.7799],[139.3725,35.78],[139.3722,35.7801],[139.3718,35.7803],[139.3717,35.7804],[139.3717,35.7805],[139.3716,35.7807],[139.3715,35.781],[139.3715,35.7815],[139.3714,35.7816],[139.3712,35.7816],[139.3708,35.7816],[139.37,35.7815],[139.3699,35.7815],[139.3699,35.7817],[139.3699,35.782],[139.37,35.7824],[139.3699,35.7825],[139.3699,35.7826],[139.3698,35.7828],[139.3696,35.7829],[139.3696,35.7831],[139.3694,35.7833],[139.3692,35.7833],[139.3692,35.7833],[139.3689,35.7835],[139.3685,35.7837],[139.3682,35.7839],[139.3679,35.784],[139.3677,35.7842],[139.3675,35.7844],[139.3674,35.7846],[139.3674,35.7848],[139.3674,35.785],[139.3673,35.7852],[139.3672,35.7855],[139.3672,35.7856],[139.3674,35.7857],[139.3677,35.7859],[139.368,35.7859],[139.368,35.786],[139.3682,35.7861],[139.3681,35.7862],[139.368,35.7865],[139.3679,35.787],[139.3678,35.787],[139.368,35.7871],[139.3681,35.7871],[139.3681,35.7872],[139.3682,35.7872],[139.3685,35.7873],[139.3688,35.7874],[139.3695,35.7875],[139.3698,35.7876],[139.3699,35.7876],[139.3697,35.7881],[139.3695,35.7887],[139.3692,35.7892],[139.3692,35.7893],[139.3692,35.7893],[139.369,35.7896],[139.3689,35.7898],[139.3687,35.7902],[139.3687,35.7903],[139.3688,35.7903],[139.3691,35.7904],[139.3701,35.7908],[139.3703,35.7909],[139.3699,35.7917],[139.3699,35.7917],[139.3699,35.7917],[139.3697,35.7917],[139.3695,35.7917],[139.3694,35.7917],[139.3694,35.7917],[139.3686,35.7915],[139.3681,35.7915],[139.368,35.7915],[139.3675,35.7914],[139.3674,35.7916],[139.3674,35.7917],[139.3674,35.7917],[139.3673,35.7918],[139.3667,35.7917],[139.3667,35.7917],[139.3665,35.7917],[139.3663,35.7917],[139.366,35.7917],[139.3657,35.7917],[139.3647,35.7917],[139.3644,35.7917],[139.364,35.7917],[139.3638,35.7917],[139.3637,35.7917],[139.3635,35.7918],[139.3632,35.7918],[139.3629,35.7919],[139.3627,35.7919],[139.3622,35.7919],[139.3618,35.7918],[139.3617,35.7918],[139.3615,35.7918],[139.361,35.7917],[139.3608,35.7917],[139.3607,35.7917],[139.3606,35.7917],[139.3606,35.7917],[139.3603,35.7916],[139.3599,35.7916],[139.3598,35.7916],[139.3596,35.7917],[139.3596,35.7917],[139.3596,35.7917],[139.3591,35.7919],[139.3589,35.7919],[139.3588,35.792],[139.3588,35.7921],[139.3588,35.7924],[139.3587,35.7927],[139.3586,35.7928],[139.3586,35.793],[139.3583,35.793],[139.3583,35.793],[139.3581,35.7931],[139.3578,35.7931],[139.3575,35.7932],[139.3573,35.7933],[139.3572,35.7933],[139.357,35.7934],[139.357,35.7934],[139.3567,35.7935],[139.3565,35.7935],[139.3562,35.7935],[139.3561,35.7935],[139.3554,35.7935],[139.3552,35.7934],[139.3552,35.7935],[139.355,35.7937],[139.355,35.7937],[139.3549,35.7937],[139.3548,35.7937],[139.3547,35.7936],[139.3545,35.7935],[139.3541,35.7932],[139.354,35.7932],[139.3539,35.7933],[139.3538,35.7933],[139.3536,35.7933],[139.3535,35.7932],[139.3535,35.7931],[139.3535,35.7929],[139.3535,35.7929],[139.3532,35.793],[139.3531,35.793],[139.353,35.7931],[139.3529,35.7933],[139.3529,35.7934],[139.3527,35.7935],[139.3518,35.7934],[139.3509,35.7933],[139.3507,35.7933],[139.3507,35.7933],[139.3506,35.7933],[139.3504,35.7933],[139.3504,35.7933],[139.3503,35.7934],[139.3503,35.7934],[139.3502,35.7936],[139.35,35.7941],[139.35,35.7941],[139.35,35.7942],[139.35,35.7943],[139.3498,35.7947],[139.3497,35.7948],[139.3497,35.7949],[139.3494,35.7949],[139.3488,35.795],[139.3486,35.795],[139.3484,35.7951],[139.3482,35.7952],[139.3479,35.7952],[139.3477,35.7954],[139.3476,35.7955],[139.3476,35.7956],[139.3476,35.7958],[139.3477,35.7959],[139.3476,35.796],[139.3475,35.7962],[139.3473,35.7963],[139.3471,35.7964],[139.3469,35.7964],[139.3467,35.7964],[139.3466,35.7963],[139.3461,35.7961],[139.3453,35.7957],[139.3447,35.7953],[139.3441,35.795],[139.3438,35.7948],[139.3435,35.7947],[139.3434,35.7947],[139.3433,35.7946],[139.3434,35.7943],[139.3434,35.7942],[139.3432,35.7941],[139.3429,35.794],[139.3427,35.794],[139.3425,35.7941],[139.3423,35.7942],[139.3418,35.7943],[139.3417,35.7944],[139.3417,35.7944],[139.3415,35.7944],[139.3411,35.7944],[139.3402,35.7944],[139.3396,35.7945],[139.3393,35.7945],[139.3391,35.7945],[139.3385,35.7946],[139.3383,35.7946],[139.3382,35.7944],[139.3381,35.7944],[139.3379,35.7942],[139.3376,35.7941],[139.3375,35.7941],[139.3371,35.7939],[139.337,35.7939],[139.3367,35.7938],[139.3359,35.7937],[139.3355,35.7937],[139.3351,35.7937],[139.3349,35.7937],[139.3348,35.7936],[139.3347,35.7935],[139.334,35.7928],[139.3335,35.7925],[139.3333,35.7923],[139.3333,35.7923],[139.333,35.7921],[139.3328,35.7919],[139.3326,35.7919],[139.3325,35.792],[139.3315,35.7928],[139.3307,35.7934],[139.3304,35.7936],[139.3304,35.7936],[139.3304,35.7939],[139.3304,35.7941],[139.3304,35.7942],[139.3304,35.7942],[139.3304,35.7943],[139.3302,35.7944],[139.3301,35.7944],[139.3301,35.7944],[139.3298,35.7944],[139.3294,35.7945],[139.3291,35.7946],[139.3289,35.7946],[139.3289,35.7946],[139.3286,35.7947],[139.328,35.7948],[139.3276,35.7949],[139.3271,35.795],[139.3266,35.7951],[139.3262,35.7951],[139.3257,35.7952],[139.3254,35.7954],[139.3252,35.7956],[139.325,35.7958],[139.325,35.7958],[139.3248,35.796],[139.3245,35.7964],[139.324,35.7969],[139.3237,35.7973],[139.3237,35.7974],[139.3235,35.7976],[139.3231,35.7982],[139.3228,35.7987],[139.3225,35.799],[139.3223,35.7995],[139.3222,35.7996],[139.3224,35.7998],[139.3225,35.8],[139.3225,35.8],[139.3225,35.8],[139.3226,35.8001],[139.3226,35.8002],[139.3226,35.8003],[139.3226,35.8004],[139.3225,35.8004],[139.3223,35.8009],[139.3222,35.801],[139.322,35.8013],[139.3215,35.8021],[139.3211,35.8029],[139.3208,35.8034],[139.3205,35.8041],[139.3204,35.8042],[139.3201,35.8048],[139.32,35.8053],[139.3198,35.8056],[139.3198,35.8059],[139.3197,35.8061],[139.3197,35.8063],[139.3197,35.8063],[139.3195,35.8063],[139.3194,35.8064],[139.3193,35.8065],[139.3193,35.8065],[139.3191,35.807],[139.3189,35.8074],[139.3188,35.8076],[139.3188,35.8077],[139.3188,35.808],[139.3188,35.8083],[139.3188,35.8083],[139.3188,35.8083],[139.3187,35.8087],[139.3186,35.8091],[139.3185,35.8093],[139.3185,35.8093],[139.3185,35.8094],[139.3183,35.8098],[139.3183,35.8099],[139.3182,35.8101],[139.3181,35.8102],[139.3181,35.8102],[139.318,35.8104],[139.318,35.8104],[139.3178,35.8107],[139.3177,35.8108],[139.3176,35.8108],[139.3175,35.8109],[139.3173,35.811],[139.3172,35.811],[139.317,35.8112],[139.3169,35.8113],[139.3168,35.8115],[139.3168,35.8115],[139.3168,35.8115],[139.3168,35.8116],[139.3168,35.8117],[139.3168,35.8117],[139.3167,35.8119],[139.3167,35.812],[139.3167,35.8121],[139.3167,35.8122],[139.3168,35.8124],[139.3168,35.8127],[139.3167,35.8128],[139.3167,35.8128],[139.3167,35.8128],[139.3165,35.8129],[139.3165,35.8129],[139.3162,35.8131],[139.3155,35.8137],[139.3153,35.8139],[139.3151,35.8141],[139.315,35.8143],[139.315,35.8143],[139.315,35.8145],[139.315,35.8147],[139.3151,35.8151],[139.3151,35.8154],[139.3151,35.8157],[139.3151,35.8159],[139.3151,35.8163],[139.315,35.8166],[139.315,35.8167],[139.315,35.8167],[139.315,35.8168],[139.3151,35.8169],[139.3151,35.817],[139.3154,35.8173],[139.3155,35.8174],[139.3156,35.8176],[139.3156,35.8178],[139.3159,35.8184],[139.3161,35.8188],[139.3161,35.8188],[139.3162,35.8189],[139.3163,35.819],[139.3165,35.8192],[139.3165,35.8194],[139.3165,35.8196],[139.3165,35.8197],[139.3165,35.82],[139.3165,35.8207],[139.3165,35.8209],[139.3163,35.8215],[139.3162,35.8218],[139.316,35.8222],[139.316,35.8223],[139.3159,35.8225],[139.3159,35.8226],[139.3159,35.8229],[139.316,35.8231],[139.316,35.8233],[139.3161,35.8234],[139.3162,35.8235],[139.3162,35.8236],[139.3162,35.8237],[139.3159,35.8239],[139.3156,35.8242],[139.3155,35.8242],[139.3154,35.8243],[139.3152,35.8244],[139.3151,35.8245],[139.3151,35.8246],[139.3152,35.8248],[139.3152,35.8249],[139.3152,35.825],[139.3152,35.825],[139.3152,35.825],[139.3151,35.8251],[139.315,35.8252],[139.315,35.8252],[139.3149,35.8252],[139.3147,35.8252],[139.314,35.8253],[139.3133,35.8254],[139.3129,35.8254],[139.3127,35.8255],[139.3125,35.8255],[139.3121,35.8254],[139.3118,35.8254],[139.3116,35.8253],[139.3115,35.8253],[139.3113,35.8252],[139.3111,35.825],[139.3111,35.825],[139.311,35.8249],[139.3107,35.8248],[139.3104,35.8246],[139.3101,35.8245],[139.3097,35.8244],[139.3091,35.8241],[139.3084,35.8238],[139.3083,35.8237],[139.3083,35.8237],[139.3079,35.8236],[139.3075,35.8233],[139.307,35.8231],[139.3068,35.823],[139.3063,35.8229],[139.3062,35.8229],[139.3053,35.8226],[139.3048,35.8224],[139.3049,35.8226],[139.3049,35.8228],[139.305,35.8233],[139.305,35.8235],[139.305,35.8237],[139.3049,35.8238],[139.3049,35.8239],[139.3048,35.8239],[139.3045,35.8239],[139.3042,35.824],[139.3041,35.824],[139.304,35.8241],[139.3039,35.8242],[139.3038,35.8242],[139.3037,35.8243],[139.3036,35.8243],[139.3034,35.8243],[139.3031,35.8243],[139.3026,35.824],[139.3025,35.8241],[139.3024,35.8242],[139.3026,35.8245],[139.3026,35.8247],[139.3027,35.8248],[139.3027,35.825],[139.3027,35.825],[139.3027,35.8253],[139.3027,35.8256],[139.3027,35.8258],[139.3027,35.826],[139.3025,35.8265],[139.3023,35.8267],[139.3022,35.8269],[139.3021,35.8271],[139.3021,35.8272],[139.302,35.8274],[139.302,35.8276],[139.302,35.8277],[139.3021,35.8279],[139.3021,35.828],[139.3021,35.8281],[139.3021,35.8283],[139.3021,35.8286],[139.302,35.8287],[139.3018,35.8289],[139.3017,35.829],[139.3015,35.8292],[139.3014,35.8293],[139.3013,35.8295],[139.3012,35.8296],[139.3012,35.8297],[139.3012,35.8298],[139.3012,35.8299],[139.3014,35.8302],[139.3015,35.8304],[139.3017,35.8308],[139.3018,35.8311],[139.3018,35.8312],[139.3017,35.8315],[139.3017,35.8317],[139.3017,35.8319],[139.3016,35.8321],[139.3014,35.8324],[139.3013,35.8326],[139.3012,35.8328],[139.3012,35.8329],[139.3012,35.8331],[139.3013,35.8333],[139.3013,35.8333],[139.3013,35.8333],[139.3014,35.8335],[139.3014,35.8339],[139.3014,35.834],[139.3016,35.8341],[139.3019,35.834],[139.302,35.834],[139.3021,35.834],[139.3021,35.8341],[139.302,35.8343],[139.3019,35.8344],[139.3018,35.8345],[139.3016,35.8347],[139.3014,35.8349],[139.3012,35.835],[139.301,35.835],[139.3009,35.835],[139.3006,35.8351],[139.3003,35.8351],[139.3003,35.8351],[139.3002,35.8352],[139.3002,35.8352],[139.3,35.8352],[139.3,35.8351],[139.3001,35.8349],[139.3001,35.8349],[139.3,35.8348],[139.3,35.8348],[139.3,35.8348],[139.2999,35.8348],[139.2997,35.8348],[139.2995,35.8348],[139.2992,35.8349],[139.2985,35.8352],[139.2979,35.8354],[139.2975,35.8354],[139.2971,35.8355],[139.2968,35.8355],[139.2966,35.8354],[139.2964,35.8353],[139.2963,35.8351],[139.2962,35.8348],[139.2961,35.8344],[139.296,35.834],[139.2959,35.8339],[139.2958,35.8339],[139.2956,35.8338],[139.2955,35.8339],[139.2954,35.834],[139.2949,35.8345],[139.2946,35.8347],[139.2944,35.8349],[139.2942,35.8352],[139.294,35.8354],[139.2938,35.8356],[139.2936,35.8359],[139.2934,35.8361],[139.2933,35.8361],[139.2932,35.8361],[139.2931,35.8362],[139.293,35.8362],[139.2929,35.8363],[139.2928,35.8365],[139.2928,35.8366],[139.2926,35.8367],[139.2925,35.8369],[139.2924,35.837],[139.2922,35.8371],[139.2921,35.8373],[139.2918,35.8375],[139.2917,35.8376],[139.2917,35.8376],[139.2915,35.8377],[139.2911,35.8379],[139.2909,35.838],[139.2906,35.838],[139.2903,35.838],[139.2901,35.8379],[139.2898,35.8379],[139.2895,35.8378],[139.2892,35.8377],[139.2889,35.8376],[139.2885,35.8374],[139.2881,35.8373],[139.2878,35.8372],[139.2874,35.8372],[139.2872,35.8371],[139.2868,35.8371],[139.2866,35.8371],[139.2864,35.837],[139.2863,35.837],[139.2862,35.8369],[139.286,35.8368],[139.2859,35.8367],[139.2858,35.8366],[139.2857,35.8365],[139.2856,35.8364],[139.2853,35.8361],[139.2852,35.836],[139.285,35.836],[139.2849,35.836],[139.2843,35.8363],[139.284,35.8364],[139.2837,35.8365],[139.2836,35.8366],[139.2835,35.8367],[139.2833,35.8368],[139.2833,35.8368],[139.2831,35.837],[139.2829,35.8372],[139.2826,35.8375],[139.2826,35.8377],[139.2825,35.8378],[139.2825,35.8378],[139.2824,35.8379],[139.2824,35.838],[139.2823,35.8383],[139.2822,35.8385],[139.2821,35.8388],[139.282,35.839],[139.2819,35.8394],[139.2818,35.8395],[139.2817,35.8398],[139.2815,35.8399],[139.2814,35.8401],[139.2813,35.8402],[139.2812,35.8404],[139.2809,35.8405],[139.2807,35.8406],[139.2803,35.8407],[139.2803,35.8407],[139.2802,35.8406],[139.2802,35.8405],[139.2801,35.8402],[139.2801,35.8401],[139.2801,35.84],[139.2801,35.8399],[139.2801,35.8398],[139.2801,35.8398],[139.28,35.8397],[139.28,35.8394],[139.28,35.8393],[139.2799,35.8392],[139.2798,35.8393],[139.2798,35.8393],[139.2797,35.8393],[139.2793,35.8394],[139.2792,35.8394],[139.279,35.8395],[139.2787,35.8395],[139.2784,35.8396],[139.2781,35.8396],[139.2776,35.8396],[139.2774,35.8396],[139.2772,35.8395],[139.2769,35.8395],[139.2766,35.8394],[139.2763,35.8394],[139.276,35.8394],[139.2757,35.8395],[139.2754,35.8395],[139.275,35.8396],[139.275,35.8396],[139.2749,35.8396],[139.2746,35.8396],[139.2741,35.8396],[139.2732,35.8397],[139.2719,35.8397],[139.2715,35.8397],[139.2713,35.8396],[139.2712,35.8396],[139.2709,35.8395],[139.2706,35.8393],[139.2702,35.8391],[139.2701,35.839],[139.2699,35.8389],[139.2695,35.8388],[139.2693,35.8387],[139.2691,35.8387],[139.269,35.8386],[139.2689,35.8385],[139.2689,35.8385],[139.2688,35.8384],[139.2685,35.8383],[139.2682,35.8382],[139.2678,35.8382],[139.2676,35.8381],[139.2674,35.8382],[139.2671,35.8382],[139.2669,35.8382],[139.2667,35.8382],[139.2667,35.8382],[139.2666,35.8382],[139.2665,35.8382],[139.2663,35.838],[139.2661,35.8379],[139.2659,35.8377],[139.2657,35.8376],[139.2655,35.8375],[139.2652,35.8375],[139.2647,35.8374],[139.2643,35.8374],[139.264,35.8374],[139.2638,35.8374],[139.2637,35.8374],[139.2635,35.8374],[139.2633,35.8374],[139.2631,35.8373],[139.2628,35.8372],[139.2625,35.8371],[139.2621,35.8369],[139.2618,35.8368],[139.2616,35.8367],[139.2614,35.8367],[139.2613,35.8366],[139.2613,35.8365],[139.2612,35.8364],[139.261,35.8364],[139.2605,35.836],[139.2604,35.836],[139.2603,35.836],[139.2601,35.8361],[139.2597,35.8362],[139.2596,35.8362],[139.2591,35.8363],[139.259,35.8363],[139.2589,35.8364],[139.2588,35.8365],[139.2588,35.8365],[139.2588,35.8365],[139.2588,35.8366],[139.2589,35.8366],[139.2589,35.8367],[139.2589,35.8369],[139.2589,35.8372],[139.2588,35.8373],[139.2586,35.8373],[139.2584,35.8372],[139.2583,35.8372],[139.2583,35.8372],[139.2581,35.8372],[139.2579,35.8371],[139.2577,35.8371],[139.2576,35.8371],[139.2575,35.8371],[139.2574,35.8372],[139.2573,35.8372],[139.2569,35.8371],[139.2567,35.8371],[139.2566,35.8371],[139.2565,35.8371],[139.2565,35.8372],[139.2565,35.8372],[139.2565,35.8373],[139.2566,35.8377],[139.2564,35.8378],[139.2558,35.8378],[139.2555,35.8379],[139.2552,35.838],[139.2551,35.838],[139.2547,35.8381],[139.2544,35.8381],[139.2541,35.8381],[139.2539,35.8381],[139.2536,35.8381],[139.2531,35.8381],[139.2528,35.8382],[139.2525,35.8382],[139.2523,35.8382],[139.2521,35.8382],[139.2519,35.8382],[139.2518,35.8381],[139.2516,35.838],[139.2514,35.8377],[139.2511,35.8376],[139.2509,35.8375],[139.2507,35.8376],[139.2504,35.8375],[139.2502,35.8375],[139.25,35.8375],[139.25,35.8375],[139.2499,35.8374],[139.2496,35.8374],[139.2493,35.8375],[139.2488,35.8376],[139.2484,35.8376],[139.248,35.8375],[139.2476,35.8374],[139.2473,35.8372],[139.2471,35.837],[139.2469,35.8369],[139.2468,35.8369],[139.2467,35.8369],[139.2464,35.8369],[139.2462,35.837],[139.2458,35.837],[139.2455,35.837],[139.2449,35.8368],[139.2446,35.8368],[139.2442,35.8367],[139.244,35.8368],[139.2437,35.8368],[139.2435,35.8368],[139.2432,35.8366],[139.2431,35.8366],[139.2428,35.8366],[139.2425,35.8368],[139.2422,35.8373],[139.242,35.8377],[139.2417,35.8382],[139.2417,35.8383],[139.2417,35.8384],[139.2416,35.8387],[139.2415,35.8389],[139.2415,35.8391],[139.2414,35.8391],[139.2414,35.8394],[139.2414,35.8397],[139.2414,35.8398],[139.2413,35.8399],[139.2412,35.84],[139.2411,35.8401],[139.241,35.8402],[139.2404,35.8403],[139.2403,35.8403],[139.24,35.8403],[139.2398,35.8404],[139.2395,35.8405],[139.2392,35.8405],[139.239,35.8405],[139.2389,35.8405],[139.2387,35.8404],[139.2386,35.8404],[139.2382,35.8403],[139.238,35.8403],[139.2377,35.8402],[139.2375,35.8402],[139.2372,35.8402],[139.237,35.8402],[139.2369,35.84],[139.2368,35.8398],[139.2368,35.8397],[139.2367,35.8396],[139.2366,35.8395],[139.2363,35.8391],[139.2361,35.8388],[139.236,35.8388],[139.2359,35.8386],[139.2357,35.8383],[139.2355,35.8381],[139.2354,35.838],[139.2352,35.838],[139.2351,35.8379],[139.2349,35.8379],[139.2347,35.8379],[139.2345,35.838],[139.2344,35.838],[139.2343,35.8381],[139.2342,35.8381],[139.2342,35.838],[139.2341,35.838],[139.234,35.8377],[139.2335,35.8374],[139.2333,35.8372],[139.2333,35.8372],[139.2332,35.8371],[139.233,35.8369],[139.2328,35.8367],[139.2325,35.8366],[139.2322,35.8366],[139.2319,35.8366],[139.2313,35.8366],[139.2311,35.8367],[139.231,35.8367],[139.2309,35.8368],[139.2308,35.8368],[139.2307,35.8367],[139.23,35.8369],[139.2297,35.8371],[139.2296,35.8372],[139.2292,35.8377],[139.229,35.8377],[139.2289,35.8378],[139.2288,35.8378],[139.2286,35.8379],[139.2282,35.8382],[139.228,35.8383],[139.2279,35.8385],[139.2278,35.8385],[139.2277,35.839],[139.2277,35.8391],[139.2275,35.8392],[139.2273,35.8392],[139.2272,35.8392],[139.2267,35.8394],[139.2264,35.8396],[139.2262,35.8397],[139.2261,35.8398],[139.2255,35.84],[139.225,35.8403],[139.225,35.8403],[139.225,35.8403],[139.2245,35.8405],[139.2244,35.8405],[139.2239,35.8405],[139.2238,35.8405],[139.2236,35.8405],[139.2232,35.8407],[139.223,35.8407],[139.2229,35.8407],[139.2227,35.8407],[139.2226,35.8406],[139.2223,35.8407],[139.222,35.8407],[139.2219,35.8407],[139.2217,35.8408],[139.2214,35.8409],[139.2208,35.8411],[139.2206,35.8411],[139.2203,35.8412],[139.2202,35.8413],[139.2201,35.8414],[139.22,35.8415],[139.2199,35.8417],[139.2199,35.8417],[139.2199,35.8418],[139.2198,35.8421],[139.2197,35.8422],[139.2196,35.8423],[139.2193,35.8425],[139.2191,35.8426],[139.2189,35.8426],[139.2187,35.8427],[139.2185,35.8427],[139.2182,35.8427],[139.2179,35.8431],[139.2178,35.8433],[139.2177,35.8434],[139.2175,35.8435],[139.2171,35.8438],[139.217,35.8438],[139.2167,35.844],[139.2167,35.844],[139.2167,35.844],[139.2165,35.8441],[139.2163,35.8442],[139.216,35.8442],[139.2158,35.8443],[139.2157,35.8445],[139.2156,35.8446],[139.2157,35.8449],[139.2156,35.845],[139.2155,35.8452],[139.2152,35.8453],[139.2151,35.8455],[139.215,35.8457],[139.2149,35.8458],[139.2148,35.8458],[139.2146,35.8457],[139.2145,35.8456],[139.2143,35.8455],[139.214,35.8454],[139.2139,35.8454],[139.2137,35.8455],[139.2135,35.8456],[139.2134,35.8457],[139.2132,35.8458],[139.2131,35.8458],[139.213,35.8458],[139.2129,35.8459],[139.2128,35.846],[139.2128,35.8464],[139.2128,35.8465],[139.2128,35.8466],[139.2127,35.8466],[139.2126,35.8466],[139.2125,35.8466],[139.2123,35.8466],[139.2122,35.8466],[139.2119,35.8466],[139.2117,35.8466],[139.2115,35.8465],[139.2113,35.8464],[139.2109,35.8463],[139.2105,35.8462],[139.2103,35.8462],[139.2101,35.8462],[139.2099,35.8462],[139.2097,35.8462],[139.2093,35.8463],[139.2091,35.8464],[139.2088,35.8464],[139.2087,35.8464],[139.2085,35.8463],[139.2083,35.8463],[139.2083,35.8463],[139.2083,35.8463],[139.208,35.8464],[139.2078,35.8464],[139.2076,35.8464],[139.2075,35.8464],[139.2072,35.8463],[139.2068,35.8462],[139.2067,35.8461],[139.2063,35.8459],[139.2059,35.8456],[139.2057,35.8454],[139.2057,35.8454],[139.2054,35.8452],[139.2053,35.845],[139.2051,35.8448],[139.2049,35.8447],[139.2049,35.8446],[139.2049,35.8444],[139.2049,35.8443],[139.2048,35.8438],[139.2049,35.8432],[139.2048,35.843],[139.2046,35.8428],[139.2043,35.8425],[139.2039,35.842],[139.2038,35.8418],[139.2038,35.8417],[139.2038,35.8417],[139.2038,35.8416],[139.2037,35.8415],[139.2034,35.8413],[139.2031,35.8412],[139.2029,35.8412],[139.2028,35.8412],[139.2025,35.8412],[139.2022,35.8411],[139.202,35.8411],[139.2017,35.8411],[139.2015,35.8411],[139.2013,35.8411],[139.201,35.8412],[139.2007,35.8412],[139.2003,35.8412],[139.2001,35.8412],[139.2,35.8412],[139.2,35.8412],[139.1995,35.8412],[139.1995,35.8412],[139.1993,35.8412],[139.1989,35.8412],[139.1982,35.8411],[139.198,35.841],[139.1979,35.841],[139.1978,35.8409],[139.1975,35.8406],[139.1973,35.8405],[139.1973,35.8405],[139.1971,35.8404],[139.1968,35.8402],[139.1966,35.8402],[139.1961,35.8401],[139.1958,35.84],[139.1955,35.84],[139.1949,35.8401],[139.1944,35.8401],[139.1941,35.8401],[139.1937,35.8402],[139.1934,35.8403],[139.1932,35.8403],[139.1928,35.8402],[139.1924,35.8403],[139.1921,35.8404],[139.1917,35.8405],[139.1917,35.8406],[139.1917,35.8406],[139.1916,35.8406],[139.191,35.8409],[139.1904,35.8411],[139.1898,35.8412],[139.1893,35.8414],[139.1891,35.8416],[139.189,35.8417],[139.189,35.8417],[139.1888,35.8419],[139.1884,35.842],[139.188,35.8421],[139.1877,35.8421],[139.1875,35.8422],[139.1872,35.8426],[139.1871,35.8427],[139.1869,35.8429],[139.1868,35.8429],[139.1865,35.843],[139.1861,35.8429],[139.1856,35.8429],[139.1849,35.8428],[139.1845,35.8428],[139.1842,35.8428],[139.184,35.843],[139.1839,35.8433],[139.1838,35.8434],[139.1837,35.8435],[139.1836,35.8436],[139.1834,35.8436],[139.1833,35.8436],[139.1833,35.8436],[139.1827,35.8436],[139.1826,35.8436],[139.1823,35.8436],[139.1823,35.8436],[139.1821,35.8437],[139.1818,35.8438],[139.1816,35.8441],[139.1815,35.8444],[139.1814,35.8445],[139.1812,35.8447],[139.1811,35.8448],[139.1809,35.8448],[139.1806,35.8448],[139.1804,35.8449],[139.1803,35.8449],[139.1797,35.8453],[139.1797,35.8454],[139.1795,35.8456],[139.1794,35.8456],[139.1793,35.8456],[139.1787,35.8458],[139.1785,35.8459],[139.1782,35.8461],[139.1781,35.8462],[139.1777,35.8464],[139.1775,35.8465],[139.1773,35.8466],[139.1772,35.8466],[139.1765,35.8468],[139.1764,35.8468],[139.1763,35.8469],[139.1761,35.8469],[139.1759,35.847],[139.1758,35.847],[139.1754,35.8472],[139.1754,35.8473],[139.1751,35.8475],[139.175,35.8476],[139.175,35.8476],[139.175,35.8476],[139.1747,35.8479],[139.1745,35.8481],[139.1744,35.8483],[139.1742,35.8483],[139.1738,35.8484],[139.1737,35.8484],[139.1735,35.8484],[139.1735,35.8484],[139.1734,35.8485],[139.1733,35.8486],[139.1732,35.8486],[139.1731,35.8486],[139.1725,35.8485],[139.1723,35.8485],[139.1722,35.8485],[139.172,35.8485],[139.172,35.8486],[139.1718,35.8486],[139.1713,35.8486],[139.1711,35.8486],[139.171,35.8486],[139.1709,35.8487],[139.1707,35.8488],[139.1702,35.8491],[139.1701,35.8492],[139.1699,35.8493],[139.1697,35.8494],[139.1696,35.8495],[139.1693,35.8498],[139.1692,35.8499],[139.1691,35.85],[139.169,35.85],[139.169,35.85],[139.169,35.85],[139.1688,35.85],[139.1686,35.85],[139.1686,35.85],[139.1681,35.8499],[139.1679,35.8499],[139.1677,35.8499],[139.1673,35.8499],[139.167,35.85],[139.1667,35.85],[139.1667,35.85],[139.1662,35.85],[139.166,35.85],[139.166,35.85],[139.1656,35.8501],[139.1655,35.8501],[139.1653,35.8502],[139.1652,35.8502],[139.165,35.8503],[139.1649,35.8503],[139.1647,35.8504],[139.1646,35.8505],[139.1644,35.8506],[139.1642,35.8507],[139.1641,35.8508],[139.1635,35.8509],[139.1634,35.8509],[139.1632,35.851],[139.1629,35.8513],[139.1625,35.8517],[139.1622,35.852],[139.1622,35.8521],[139.1619,35.8526],[139.1617,35.853],[139.1615,35.8533],[139.1614,35.8536],[139.1613,35.854],[139.1613,35.8542],[139.1611,35.8544],[139.1609,35.8547],[139.1608,35.8548],[139.1606,35.855],[139.1603,35.8553],[139.1602,35.8554],[139.16,35.8556],[139.1597,35.8561],[139.1596,35.8566],[139.1595,35.8569],[139.1594,35.8571],[139.1593,35.8571],[139.159,35.8573],[139.1588,35.8574],[139.1586,35.8575],[139.1583,35.8575],[139.1583,35.8575],[139.1583,35.8575],[139.1581,35.8576],[139.1579,35.8576],[139.1577,35.8577],[139.1577,35.8577],[139.1573,35.8578],[139.1566,35.858],[139.1561,35.8582],[139.1559,35.8583],[139.1559,35.8583],[139.1559,35.8584],[139.1555,35.8585],[139.1553,35.8585],[139.1551,35.8586],[139.1549,35.8587],[139.1547,35.8589],[139.1545,35.859],[139.1543,35.8591],[139.1541,35.8591],[139.1538,35.8592],[139.1536,35.8592],[139.1534,35.8593],[139.1533,35.8593],[139.1528,35.8595],[139.1524,35.8599],[139.1522,35.8601],[139.1519,35.8602],[139.1518,35.8603],[139.1515,35.8605],[139.1509,35.8608],[139.1505,35.8609],[139.1503,35.8609],[139.15,35.8611],[139.15,35.8611],[139.1498,35.8612],[139.1497,35.8613],[139.1494,35.8616],[139.1489,35.8619],[139.1487,35.8621],[139.1484,35.8623],[139.1479,35.8626],[139.1476,35.8627],[139.1475,35.8627],[139.1468,35.8629],[139.1461,35.8629],[139.1456,35.8629],[139.1452,35.8629],[139.145,35.8629],[139.1447,35.8628],[139.1444,35.8629],[139.1442,35.8629],[139.1441,35.863],[139.1439,35.8631],[139.1437,35.8632],[139.1436,35.8632],[139.1435,35.8633],[139.1432,35.8633],[139.1431,35.8634],[139.1428,35.8634],[139.1427,35.8634],[139.1424,35.8633],[139.1421,35.8633],[139.142,35.8633],[139.1418,35.8633],[139.1417,35.8633],[139.1417,35.8633],[139.1414,35.8633],[139.1412,35.8634],[139.1409,35.8635],[139.1407,35.8636],[139.1404,35.8638],[139.1404,35.8638],[139.1398,35.8638],[139.1396,35.8638],[139.1394,35.8638],[139.1392,35.8639],[139.1389,35.864],[139.1387,35.8641],[139.1385,35.8642],[139.1383,35.8643],[139.1382,35.8644],[139.1375,35.8646],[139.1373,35.8646],[139.1372,35.8647],[139.137,35.8647],[139.1369,35.8647],[139.1367,35.8648],[139.1365,35.8649],[139.1362,35.8651],[139.136,35.8652],[139.1357,35.8653],[139.1354,35.8654],[139.1353,35.8654],[139.1352,35.8653],[139.1351,35.8653],[139.1349,35.8653],[139.1347,35.8653],[139.1342,35.8651],[139.134,35.865],[139.1339,35.865],[139.1337,35.8648],[139.1333,35.8647],[139.1333,35.8647],[139.1332,35.8646],[139.1325,35.8644],[139.1322,35.8644],[139.1319,35.8644],[139.1314,35.8644],[139.1312,35.8645],[139.1307,35.8647],[139.1305,35.8649],[139.1303,35.8651],[139.13,35.8652],[139.1297,35.8653],[139.1295,35.8654],[139.1292,35.8656],[139.1291,35.8656],[139.1283,35.8656],[139.1278,35.8656],[139.1274,35.8656],[139.1271,35.8655],[139.1268,35.8653],[139.1263,35.8651],[139.1261,35.865],[139.1258,35.865],[139.1257,35.8651],[139.1251,35.865],[139.125,35.865],[139.125,35.865],[139.1246,35.8649],[139.1244,35.8649],[139.1242,35.8649],[139.1238,35.8649],[139.1235,35.865],[139.1234,35.8651],[139.1232,35.8651],[139.122,35.8649],[139.1218,35.8649],[139.1215,35.8648],[139.1207,35.8646],[139.1202,35.8644],[139.1199,35.8643],[139.1198,35.8643],[139.1195,35.8643],[139.1193,35.8643],[139.119,35.8643],[139.1187,35.8644],[139.1185,35.8644],[139.1182,35.8645],[139.118,35.8645],[139.1176,35.8646],[139.1174,35.8646],[139.1171,35.8646],[139.1168,35.8646],[139.1167,35.8645],[139.1167,35.8645],[139.1165,35.8645],[139.116,35.8645],[139.1158,35.8645],[139.1156,35.8645],[139.1152,35.8647],[139.115,35.8649],[139.1148,35.8651],[139.1147,35.8651],[139.1146,35.8653],[139.1144,35.8654],[139.1143,35.8654],[139.1139,35.8653],[139.1136,35.8652],[139.1133,35.8652],[139.1125,35.8649],[139.112,35.8647],[139.1118,35.8647],[139.1117,35.8647],[139.1116,35.8647],[139.1113,35.8648],[139.1109,35.8651],[139.1105,35.8653],[139.1102,35.8654],[139.11,35.8655],[139.1098,35.8657],[139.1097,35.8657],[139.1097,35.8657],[139.1095,35.8657],[139.1094,35.8657],[139.1092,35.8657],[139.1088,35.8656],[139.1083,35.8657],[139.1083,35.8657],[139.1082,35.8657],[139.108,35.8657],[139.1075,35.8657],[139.107,35.8658],[139.1065,35.8658],[139.1061,35.8659],[139.1059,35.866],[139.1057,35.8662],[139.1055,35.8663],[139.1053,35.8663],[139.1051,35.8663],[139.1044,35.8663],[139.1039,35.8664],[139.1035,35.8664],[139.1032,35.8665],[139.1029,35.8665],[139.1027,35.8666],[139.1024,35.8665],[139.1022,35.8665],[139.1021,35.8664],[139.1019,35.8662],[139.1017,35.8661],[139.1014,35.8657],[139.1014,35.8657],[139.1013,35.8657],[139.1013,35.8658],[139.1012,35.8659],[139.1012,35.866],[139.1011,35.866],[139.1008,35.8665],[139.1007,35.8667],[139.1007,35.8667],[139.1003,35.8672],[139.1,35.8674],[139.1,35.8674],[139.0999,35.8675],[139.0997,35.8677],[139.0995,35.8679],[139.0994,35.868],[139.0994,35.8681],[139.0993,35.8683],[139.0992,35.8685],[139.0991,35.8687],[139.0989,35.8687],[139.0984,35.8688],[139.0978,35.8689],[139.0971,35.869],[139.0964,35.8693],[139.0961,35.8694],[139.0958,35.8694],[139.0954,35.8694],[139.0945,35.8695],[139.0943,35.8695],[139.0934,35.8693],[139.0928,35.8693],[139.0917,35.869],[139.0917,35.869],[139.0917,35.869],[139.0914,35.8692],[139.0911,35.8695],[139.0909,35.8697],[139.0903,35.8701],[139.09,35.8704],[139.0896,35.8707],[139.0894,35.8709],[139.0892,35.871],[139.0888,35.8713],[139.0885,35.8714],[139.0883,35.8715],[139.0879,35.8717],[139.0877,35.8719],[139.0873,35.8721],[139.0869,35.8723],[139.0867,35.8723],[139.0865,35.8725],[139.0861,35.8727],[139.0859,35.8728],[139.0857,35.8729],[139.0852,35.873],[139.085,35.8731],[139.0847,35.8732],[139.0843,35.8733],[139.084,35.8734],[139.0837,35.8737],[139.0833,35.8739],[139.0833,35.8739],[139.0833,35.874],[139.0831,35.8742],[139.0828,35.8745],[139.0827,35.8748],[139.0826,35.8748],[139.0825,35.8749],[139.0823,35.8749],[139.0821,35.875],[139.0817,35.875],[139.0814,35.875],[139.0814,35.875],[139.0813,35.875],[139.0811,35.875],[139.0804,35.8752],[139.08,35.8753],[139.0796,35.8754],[139.0791,35.8754],[139.0787,35.8754],[139.0781,35.8754],[139.0778,35.8753],[139.0771,35.8752],[139.0766,35.875],[139.0765,35.875],[139.0765,35.875],[139.0761,35.8748],[139.0757,35.8746],[139.0753,35.8744],[139.0752,35.8743],[139.0751,35.8743],[139.075,35.8742],[139.075,35.8742],[139.0749,35.8741],[139.0747,35.8739],[139.0745,35.8735],[139.0743,35.8733],[139.074,35.8731],[139.0737,35.8728],[139.0735,35.8726],[139.0732,35.8724],[139.0729,35.8722],[139.0727,35.872],[139.0726,35.8717],[139.0724,35.8716],[139.0722,35.8716],[139.0721,35.8716],[139.0716,35.8716],[139.0714,35.8716],[139.0709,35.8716],[139.0705,35.8715],[139.0701,35.8716],[139.0699,35.8716],[139.0697,35.8717],[139.0696,35.8718],[139.0692,35.8719],[139.0687,35.8721],[139.0684,35.8721],[139.0679,35.8723],[139.0676,35.8723],[139.0674,35.8723],[139.0671,35.8724],[139.0668,35.8725],[139.0667,35.8725],[139.0667,35.8725],[139.0666,35.8726],[139.0664,35.8727],[139.0662,35.8728],[139.0661,35.8728],[139.066,35.8728],[139.0658,35.8728],[139.0656,35.8728],[139.0654,35.8728],[139.0652,35.8727],[139.0651,35.8727],[139.0647,35.8728],[139.0646,35.8728],[139.0643,35.873],[139.0642,35.8731],[139.064,35.8731],[139.0634,35.8733],[139.0632,35.8733],[139.0626,35.8734],[139.0624,35.8735],[139.062,35.8735],[139.0616,35.8736],[139.0614,35.8737],[139.0612,35.8738],[139.0611,35.8739],[139.0608,35.8742],[139.0601,35.8746],[139.06,35.8747],[139.0598,35.8748],[139.0596,35.8748],[139.0594,35.8748],[139.0593,35.8749],[139.0592,35.875],[139.0592,35.875],[139.0592,35.875],[139.0591,35.8753],[139.0588,35.8759],[139.0585,35.8764],[139.0583,35.8768],[139.0583,35.8769],[139.0583,35.8769],[139.0582,35.8772],[139.0581,35.8774],[139.058,35.8774],[139.0578,35.8775],[139.0578,35.8775],[139.0575,35.8775],[139.0571,35.8776],[139.0567,35.8776],[139.0563,35.8775],[139.0559,35.8775],[139.0556,35.8775],[139.0554,35.8775],[139.0551,35.8775],[139.0547,35.8777],[139.0541,35.8778],[139.0538,35.8779],[139.0536,35.8779],[139.0529,35.8781],[139.0524,35.8782],[139.052,35.8782],[139.0516,35.8782],[139.0513,35.8782],[139.0512,35.8782],[139.051,35.8783],[139.0509,35.8784],[139.0506,35.8785],[139.0504,35.8786],[139.0502,35.8787],[139.05,35.8787],[139.05,35.8787],[139.05,35.8788],[139.0498,35.8788],[139.0497,35.8791],[139.0494,35.8794],[139.049,35.88],[139.0489,35.8802],[139.0488,35.8804],[139.0487,35.8808],[139.0486,35.8808],[139.0485,35.881],[139.0483,35.8812],[139.0482,35.8813],[139.048,35.8813],[139.0477,35.8814],[139.0475,35.8814],[139.0473,35.8815],[139.0471,35.8816],[139.047,35.8818],[139.0468,35.8822],[139.0466,35.8824],[139.0464,35.8826],[139.0462,35.8828],[139.046,35.8831],[139.0458,35.8833],[139.0458,35.8833],[139.0458,35.8834],[139.0456,35.8835],[139.0454,35.8836],[139.0453,35.8837],[139.045,35.8837],[139.0448,35.8837],[139.0445,35.8838],[139.0444,35.8838],[139.0444,35.8839],[139.0439,35.8844],[139.0438,35.8845],[139.0437,35.8846],[139.0435,35.8847],[139.0433,35.8849],[139.0432,35.8852],[139.0431,35.8854],[139.043,35.8855],[139.0429,35.8856],[139.0426,35.8857],[139.0423,35.8859],[139.042,35.886],[139.0418,35.8861],[139.0417,35.8861],[139.0417,35.8861],[139.0416,35.8861],[139.0411,35.8861],[139.0408,35.8862],[139.0406,35.8862],[139.0406,35.8862],[139.0403,35.8863],[139.0399,35.8867],[139.0397,35.8868],[139.0395,35.8869],[139.0393,35.887],[139.0391,35.8872],[139.0389,35.8875],[139.0385,35.888],[139.0383,35.8884],[139.0382,35.8886],[139.0379,35.8889],[139.0376,35.8891],[139.0374,35.8892],[139.0371,35.8894],[139.0366,35.8896],[139.0363,35.8897],[139.036,35.8898],[139.0357,35.8899],[139.0353,35.8901],[139.0352,35.8902],[139.035,35.8904],[139.0347,35.8906],[139.034,35.8909],[139.0333,35.8912],[139.0333,35.8912],[139.0332,35.8913],[139.0325,35.8916],[139.0324,35.8917],[139.0324,35.8917],[139.0322,35.8917],[139.0321,35.8918],[139.0315,35.8919],[139.0307,35.8922],[139.0301,35.8925],[139.0293,35.8929],[139.0288,35.8933],[139.0281,35.8938],[139.0274,35.8942],[139.0268,35.8947],[139.0262,35.8951],[139.026,35.8952],[139.0257,35.8954],[139.0254,35.8955],[139.0252,35.8957],[139.025,35.896],[139.025,35.896],[139.025,35.896],[139.0248,35.8963],[139.0244,35.8968],[139.0242,35.897],[139.0241,35.8972],[139.024,35.8973],[139.0238,35.8973],[139.0238,35.8974],[139.0236,35.8974],[139.023,35.8973],[139.0222,35.8972],[139.0218,35.8971],[139.0213,35.8971],[139.0209,35.8972],[139.0206,35.8973],[139.0205,35.8973],[139.0204,35.8974],[139.0199,35.8977],[139.0196,35.898],[139.0194,35.8981],[139.0191,35.8983],[139.0188,35.8984],[139.0188,35.8984],[139.0184,35.8984],[139.0177,35.8984],[139.0167,35.8983],[139.0167,35.8983],[139.0165,35.8983],[139.0157,35.8982],[139.0148,35.8982],[139.0143,35.8982],[139.0136,35.8983],[139.0134,35.8983],[139.0132,35.8982],[139.0129,35.8981],[139.0126,35.898],[139.0122,35.8978],[139.0116,35.8975],[139.011,35.8973],[139.0105,35.8971],[139.0103,35.8972],[139.0098,35.8967],[139.0095,35.8964],[139.0093,35.8961],[139.0092,35.896],[139.0087,35.8954],[139.0083,35.8951],[139.0083,35.8951],[139.0082,35.895],[139.0078,35.8946],[139.0075,35.8945],[139.0073,35.8942],[139.007,35.8939],[139.0068,35.8936],[139.0067,35.8934],[139.0066,35.8929],[139.0066,35.8921],[139.0066,35.8917],[139.0066,35.8917],[139.0066,35.8916],[139.0065,35.891],[139.0066,35.8906],[139.0067,35.89],[139.0067,35.8898],[139.0067,35.8896],[139.0062,35.889],[139.0057,35.8882],[139.0055,35.888],[139.0053,35.8878],[139.005,35.8874],[139.0047,35.8872],[139.0045,35.8871],[139.0044,35.8871],[139.004,35.8869],[139.0035,35.8867],[139.0032,35.8865],[139.0029,35.8862],[139.0026,35.8859],[139.0017,35.8849],[139.0012,35.8842],[139.0009,35.884],[139.0008,35.884],[139,35.8841],[139,35.8841],[138.9994,35.8842],[138.999,35.8842],[138.9983,35.8843],[138.9977,35.8842],[138.9971,35.8842],[138.9968,35.8844],[138.9968,35.8844],[138.9966,35.8844],[138.9959,35.8844],[138.9956,35.8843],[138.9953,35.8842],[138.9952,35.8841],[138.9951,35.884],[138.9949,35.8838],[138.9949,35.8836],[138.9947,35.8833],[138.9947,35.8833],[138.9947,35.8833],[138.9946,35.8833],[138.9946,35.8833],[138.9944,35.8832],[138.9941,35.8832],[138.9938,35.8832],[138.9935,35.8831],[138.9933,35.8831],[138.9932,35.883],[138.9929,35.8829],[138.9927,35.8828],[138.9925,35.8827],[138.9924,35.8826],[138.9923,35.8825],[138.9919,35.8824],[138.9917,35.8823],[138.9917,35.8823],[138.9916,35.8823],[138.9914,35.8821],[138.9907,35.8819],[138.9905,35.8819],[138.9899,35.8817],[138.9896,35.8816],[138.9893,35.8814],[138.989,35.8813],[138.9888,35.8811],[138.9885,35.8811],[138.9881,35.8812],[138.9878,35.8812],[138.9876,35.8813],[138.9872,35.8813],[138.9869,35.8814],[138.9866,35.8813],[138.9863,35.8813],[138.9856,35.8812],[138.9853,35.8812],[138.985,35.8813],[138.9845,35.8817],[138.9843,35.8818],[138.9841,35.882],[138.984,35.8821],[138.9838,35.8824],[138.9837,35.8826],[138.9835,35.8827],[138.9833,35.8828],[138.9833,35.8828],[138.9832,35.8829],[138.9831,35.883],[138.9828,35.8831],[138.9826,35.8832],[138.9824,35.8833],[138.9824,35.8833],[138.9824,35.8834],[138.9821,35.8834],[138.9815,35.8837],[138.9813,35.8838],[138.981,35.884],[138.9805,35.8843],[138.9803,35.8845],[138.98,35.8846],[138.9795,35.8849],[138.9792,35.885],[138.9789,35.885],[138.9786,35.8849],[138.9783,35.8847],[138.9781,35.8846],[138.9778,35.8845],[138.9776,35.8843],[138.9773,35.8842],[138.977,35.8841],[138.9768,35.884],[138.9766,35.8838],[138.9764,35.8836],[138.9761,35.8834],[138.976,35.8833],[138.976,35.8833],[138.9759,35.8832],[138.9753,35.883],[138.975,35.883],[138.975,35.883],[138.975,35.883],[138.9747,35.8829],[138.9744,35.8828],[138.9741,35.8827],[138.9739,35.8825],[138.9736,35.8824],[138.9734,35.8823],[138.973,35.8821],[138.9728,35.8821],[138.9725,35.882],[138.9718,35.882],[138.9715,35.882],[138.9711,35.882],[138.9704,35.882],[138.9701,35.882],[138.9698,35.882],[138.9698,35.882],[138.9692,35.8821],[138.9689,35.8821],[138.9686,35.8822],[138.968,35.8822],[138.9678,35.8822],[138.9676,35.882],[138.9674,35.8818],[138.9673,35.8816],[138.9672,35.8814],[138.967,35.8812],[138.9669,35.8809],[138.9667,35.8806],[138.9667,35.8804],[138.9667,35.8804],[138.9667,35.8804],[138.9667,35.8801],[138.9667,35.8799],[138.9667,35.8796],[138.9667,35.8794],[138.9667,35.8794],[138.9667,35.8794],[138.9665,35.8792],[138.9664,35.879],[138.9662,35.8788],[138.966,35.8785],[138.9658,35.8783],[138.9658,35.8783],[138.9656,35.8782],[138.9652,35.8778],[138.9649,35.8777],[138.9647,35.8775],[138.964,35.8774],[138.9637,35.8774],[138.9634,35.8773],[138.9632,35.8771],[138.9628,35.877],[138.9626,35.8769],[138.9623,35.8768],[138.9621,35.8768],[138.9616,35.8768],[138.9615,35.8769],[138.9613,35.8769],[138.961,35.8769],[138.9607,35.8769],[138.9604,35.8768],[138.9601,35.8768],[138.9598,35.8767],[138.9592,35.8766],[138.9589,35.8765],[138.9588,35.8764],[138.9586,35.8764],[138.9585,35.8763],[138.9583,35.8763],[138.9583,35.8763],[138.9582,35.8762],[138.9578,35.8761],[138.9575,35.8761],[138.9573,35.8761],[138.9571,35.876],[138.957,35.876],[138.9568,35.8759],[138.9566,35.8758],[138.9565,35.8757],[138.9562,35.8756],[138.956,35.8755],[138.9557,35.8754],[138.9555,35.8754],[138.9552,35.8753],[138.955,35.8752],[138.9548,35.875],[138.9547,35.875],[138.9547,35.875],[138.9545,35.8749],[138.9544,35.8743],[138.9544,35.8742],[138.9543,35.874],[138.9542,35.8739],[138.954,35.8737],[138.9539,35.8736],[138.9532,35.873],[138.953,35.8728],[138.9529,35.8727],[138.9525,35.8724],[138.9523,35.8722],[138.952,35.8719],[138.9511,35.871],[138.951,35.8709],[138.9508,35.8706],[138.9508,35.8705],[138.9507,35.8703],[138.9505,35.87],[138.95,35.8696],[138.95,35.8696],[138.9499,35.8695],[138.9496,35.8694],[138.9494,35.8692],[138.9493,35.869],[138.9491,35.869],[138.9487,35.869],[138.9484,35.8688],[138.9482,35.8688],[138.9479,35.8688],[138.9476,35.8688],[138.9471,35.8688],[138.9469,35.8688],[138.9466,35.8687],[138.9464,35.8687],[138.9457,35.8684],[138.9454,35.8683],[138.9453,35.8681],[138.9451,35.8679],[138.9452,35.8678],[138.9452,35.8675],[138.9453,35.8673],[138.9453,35.867],[138.9454,35.8668],[138.9456,35.8667],[138.9456,35.8667],[138.9456,35.8667],[138.9458,35.8665],[138.9459,35.8664],[138.946,35.8661],[138.946,35.8659],[138.946,35.8653],[138.9462,35.8651],[138.9463,35.8649],[138.9466,35.8646],[138.9466,35.8645],[138.9465,35.8644],[138.9464,35.8642],[138.9462,35.864],[138.9458,35.8635],[138.9455,35.8634],[138.9453,35.8632],[138.9451,35.863],[138.945,35.8629],[138.9449,35.8627],[138.9448,35.8625],[138.9447,35.8623],[138.9446,35.8621],[138.9445,35.8618],[138.9443,35.8616],[138.9441,35.8613],[138.944,35.8611],[138.9439,35.8609],[138.9438,35.8608],[138.9437,35.8608],[138.9436,35.8607],[138.9434,35.8607],[138.9433,35.8606],[138.9429,35.8602],[138.9429,35.8602],[138.9429,35.8599],[138.9431,35.8597],[138.9431,35.8596],[138.9431,35.8594],[138.943,35.8591],[138.9431,35.8589],[138.9432,35.8588],[138.9432,35.8587],[138.9432,35.8585],[138.9432,35.8583],[138.9432,35.8583],[138.9432,35.8583],[138.9432,35.8582],[138.9432,35.858],[138.9432,35.858],[138.9431,35.8577],[138.943,35.8575],[138.943,35.8572],[138.9431,35.857],[138.9432,35.8568],[138.9434,35.8564],[138.9435,35.8563],[138.9435,35.8562],[138.9436,35.8561],[138.9437,35.8561],[138.9437,35.856],[138.9438,35.8559],[138.9438,35.8558],[138.9438,35.8558],[138.9438,35.8557],[138.9439,35.8554],[138.9439,35.8554],[138.9439,35.8551],[138.9439,35.8548],[138.9438,35.8547],[138.9435,35.8544],[138.9434,35.8543],[138.9432,35.8541],[138.943,35.854],[138.9429,35.8538],[138.9428,35.8538],[138.9425,35.8537],[138.9423,35.8536],[138.942,35.8534],[138.9417,35.8533],[138.9417,35.8533],[138.9413,35.8532],[138.9411,35.8532],[138.9409,35.8531],[138.9406,35.853],[138.9403,35.853],[138.9401,35.8529],[138.9399,35.8529],[138.9396,35.8528],[138.9393,35.8527],[138.939,35.8526],[138.9387,35.8525],[138.9384,35.8524],[138.9382,35.8524],[138.9377,35.8524],[138.9375,35.8523],[138.9373,35.8522],[138.9368,35.8519],[138.9365,35.8517],[138.9362,35.8516],[138.9357,35.8513],[138.9357,35.8513],[138.9354,35.8512],[138.9351,35.851],[138.935,35.851],[138.9347,35.851],[138.9345,35.851],[138.9344,35.851],[138.9342,35.851],[138.9341,35.8511],[138.934,35.8511],[138.934,35.8511],[138.9339,35.8511],[138.9336,35.8512],[138.9333,35.8512],[138.9333,35.8512],[138.9333,35.8512],[138.933,35.8512],[138.9327,35.8512],[138.9322,35.8513],[138.932,35.8512],[138.9318,35.851],[138.9317,35.8508],[138.9316,35.8505],[138.9314,35.8502],[138.9312,35.85],[138.9312,35.85],[138.9312,35.85],[138.931,35.8499],[138.9306,35.8499],[138.9304,35.8498],[138.9301,35.8497],[138.9298,35.8497],[138.9295,35.8496],[138.9292,35.8495],[138.9289,35.8495],[138.9287,35.8494],[138.9283,35.8494],[138.9279,35.8493],[138.9274,35.8491],[138.9272,35.849],[138.9271,35.849],[138.9268,35.8489],[138.9266,35.8489],[138.9264,35.8489],[138.9258,35.8493],[138.9255,35.8494],[138.9253,35.8495],[138.9251,35.8496],[138.925,35.8496],[138.925,35.8496],[138.9247,35.8498],[138.9245,35.8499],[138.9243,35.85],[138.9243,35.85],[138.9243,35.85],[138.924,35.8501],[138.9237,35.8503],[138.9234,35.8505],[138.9232,35.8506],[138.9229,35.8506],[138.9226,35.8507],[138.9223,35.8507],[138.922,35.8506],[138.9218,35.8506],[138.9217,35.8505],[138.9215,35.8505],[138.9213,35.8505],[138.9212,35.8505],[138.9211,35.8506],[138.9209,35.8508],[138.9207,35.851],[138.9203,35.8512],[138.9201,35.8513],[138.9198,35.8513],[138.9195,35.8513],[138.9188,35.8513],[138.9186,35.8513],[138.9183,35.8513],[138.9176,35.8514],[138.9174,35.8515],[138.9171,35.8516],[138.9167,35.8517],[138.9167,35.8517],[138.9165,35.8518],[138.9162,35.852],[138.916,35.8521],[138.9154,35.8524],[138.9151,35.8525],[138.9149,35.8525],[138.9147,35.8526],[138.9144,35.8526],[138.9142,35.8526],[138.9139,35.8526],[138.9136,35.8525],[138.9135,35.8524],[138.9133,35.8524],[138.9131,35.8524],[138.9129,35.8524],[138.9127,35.8526],[138.9125,35.8528],[138.9122,35.8529],[138.912,35.8529],[138.9118,35.8529],[138.9115,35.8528],[138.9112,35.8528],[138.9109,35.8527],[138.9106,35.8526],[138.9104,35.8524],[138.9101,35.8521],[138.91,35.852],[138.9099,35.8518],[138.9096,35.8514],[138.9095,35.8512],[138.9094,35.8511],[138.9093,35.851],[138.9092,35.8508],[138.9092,35.8508],[138.909,35.8507],[138.9089,35.8506],[138.9086,35.8505],[138.9083,35.8505],[138.9083,35.8505],[138.9083,35.8505],[138.908,35.8504],[138.9077,35.8502],[138.9075,35.8501],[138.9073,35.85],[138.9073,35.85],[138.9072,35.85],[138.9069,35.8498],[138.9066,35.8497],[138.9065,35.8496],[138.9063,35.8494],[138.906,35.8492],[138.9059,35.8491],[138.9058,35.849],[138.9055,35.8489],[138.9053,35.8488],[138.905,35.8486],[138.9047,35.8485],[138.9044,35.8484],[138.9041,35.8484],[138.9035,35.8486],[138.9032,35.8485],[138.903,35.8485],[138.9027,35.8483],[138.9024,35.8481],[138.9022,35.848],[138.902,35.8478],[138.9015,35.8474],[138.9012,35.8473],[138.901,35.8472],[138.9006,35.8471],[138.9004,35.8471],[138.9002,35.847],[138.9,35.847],[138.9,35.847],[138.8997,35.8469],[138.8994,35.8468],[138.8992,35.8467],[138.899,35.8466],[138.8988,35.8465],[138.8986,35.8464],[138.8984,35.8463],[138.8983,35.8462],[138.8982,35.846],[138.898,35.8458],[138.8978,35.8457],[138.8973,35.8453],[138.8971,35.8451],[138.8969,35.8449],[138.8969,35.8447],[138.8969,35.8447],[138.8969,35.8444],[138.8969,35.8441],[138.8969,35.8438],[138.8967,35.8435],[138.8966,35.8433],[138.8965,35.8432],[138.8963,35.843],[138.8961,35.8428],[138.8959,35.8425],[138.8957,35.8423],[138.8956,35.8421],[138.8952,35.8417],[138.8952,35.8417],[138.8952,35.8416],[138.895,35.8415],[138.8948,35.8413],[138.8946,35.8411],[138.8944,35.8408],[138.8944,35.8408],[138.8943,35.8406],[138.894,35.8405],[138.8939,35.8404],[138.8935,35.8402],[138.8934,35.8401],[138.8932,35.84],[138.8929,35.8398],[138.8926,35.8398],[138.8925,35.8398],[138.8924,35.8398],[138.8922,35.8398],[138.892,35.8398],[138.892,35.8399],[138.8919,35.8401],[138.8917,35.8403],[138.8917,35.8404],[138.8917,35.8404],[138.8914,35.8408],[138.8913,35.841],[138.8912,35.8412],[138.8911,35.8415],[138.8911,35.8415],[138.8909,35.8417],[138.8909,35.8417],[138.8909,35.8417],[138.8908,35.8418],[138.8907,35.8419],[138.8905,35.8421],[138.8904,35.8422],[138.8903,35.8423],[138.89,35.8424],[138.8898,35.8425],[138.8896,35.8426],[138.8894,35.8428],[138.889,35.843],[138.8888,35.8431],[138.8886,35.8434],[138.8886,35.8436],[138.8884,35.8438],[138.8884,35.8439],[138.8882,35.8441],[138.888,35.8443],[138.8877,35.8445],[138.8876,35.8448],[138.8876,35.8448],[138.8874,35.845],[138.8873,35.8452],[138.8871,35.8454],[138.8869,35.8457],[138.8868,35.8459],[138.8867,35.8461],[138.8866,35.8462],[138.8864,35.8464],[138.8862,35.8466],[138.8861,35.8467],[138.8859,35.8469],[138.8856,35.8471],[138.8854,35.8472],[138.8851,35.8473],[138.8848,35.8473],[138.8841,35.8474],[138.8839,35.8473],[138.8835,35.8473],[138.8833,35.8473],[138.8833,35.8473],[138.8832,35.8473],[138.8828,35.8472],[138.8826,35.8472],[138.8823,35.8473],[138.882,35.8474],[138.8818,35.8474],[138.8817,35.8474],[138.8814,35.8473],[138.8811,35.8472],[138.8805,35.847],[138.8802,35.8469],[138.88,35.8469],[138.8797,35.8469],[138.8795,35.847],[138.8793,35.8471],[138.8791,35.8473],[138.8788,35.8474],[138.8783,35.8475],[138.8781,35.8476],[138.8779,35.8477],[138.8777,35.8479],[138.8775,35.848],[138.8774,35.8482],[138.8774,35.8484],[138.8773,35.8486],[138.8773,35.8488],[138.8773,35.8489],[138.8772,35.8491],[138.8769,35.8493],[138.8767,35.8494],[138.8764,35.8495],[138.8761,35.8497],[138.8759,35.8498],[138.8757,35.85],[138.8757,35.85],[138.8756,35.85],[138.8755,35.8501],[138.875,35.8506],[138.875,35.8506],[138.875,35.8506],[138.8748,35.8508],[138.8746,35.8509],[138.8746,35.851],[138.8742,35.8514],[138.8741,35.8516],[138.874,35.8518],[138.8737,35.8523],[138.8736,35.8525],[138.8734,35.8527],[138.8732,35.8532],[138.8731,35.8534],[138.873,35.8537],[138.8727,35.8542],[138.8726,35.8544],[138.8725,35.8546],[138.8724,35.8548],[138.8721,35.855],[138.8718,35.8549],[138.8718,35.8549],[138.8718,35.8549],[138.8716,35.855],[138.8715,35.8551],[138.8715,35.8551],[138.8712,35.8553],[138.871,35.8555],[138.8708,35.8557],[138.8706,35.8559],[138.8704,35.8561],[138.8702,35.8562],[138.8699,35.8567],[138.8698,35.8569],[138.8696,35.8571],[138.8694,35.8572],[138.8692,35.8573],[138.8689,35.8573],[138.8687,35.8574],[138.8684,35.8574],[138.8677,35.8576],[138.8677,35.8577],[138.8675,35.8578],[138.8673,35.8579],[138.8667,35.8581],[138.8667,35.8581],[138.8666,35.8582],[138.8664,35.8583],[138.8663,35.8583],[138.8663,35.8583],[138.8661,35.8584],[138.8658,35.8585],[138.8656,35.8587],[138.8654,35.8589],[138.8653,35.859],[138.8651,35.8592],[138.865,35.8592],[138.8644,35.8591],[138.8641,35.8591],[138.8638,35.859],[138.8634,35.8589],[138.8631,35.8589],[138.8629,35.8588],[138.8627,35.8588],[138.8625,35.8587],[138.8624,35.8587],[138.8622,35.8586],[138.862,35.8584],[138.8619,35.8583],[138.8619,35.8583],[138.8618,35.8583],[138.8615,35.8581],[138.8609,35.8578],[138.8607,35.8577],[138.8604,35.8576],[138.8601,35.8576],[138.8599,35.8576],[138.8596,35.8574],[138.8594,35.8574],[138.8591,35.8574],[138.859,35.8575],[138.8589,35.8575],[138.8588,35.8576],[138.8587,35.8578],[138.8587,35.8579],[138.8586,35.8582],[138.8584,35.8583],[138.8583,35.8583],[138.8583,35.8583],[138.858,35.8583],[138.8579,35.8583],[138.8579,35.8583],[138.8579,35.8583],[138.8579,35.8584],[138.8578,35.8584],[138.8576,35.8586],[138.8575,35.8588],[138.8574,35.859],[138.8574,35.8591],[138.8574,35.8593],[138.8574,35.8595],[138.8574,35.8596],[138.8571,35.8598],[138.8569,35.8599],[138.8569,35.8601],[138.8569,35.8603],[138.8569,35.8605],[138.857,35.8607],[138.8571,35.8609],[138.8571,35.8611],[138.8571,35.8613],[138.8571,35.8614],[138.8571,35.8616],[138.8571,35.8618],[138.8571,35.862],[138.857,35.8622],[138.8571,35.8626],[138.857,35.8628],[138.8569,35.863],[138.8568,35.8634],[138.8568,35.8636],[138.8568,35.8637],[138.8567,35.864],[138.8567,35.8644],[138.8566,35.8646],[138.8564,35.8648],[138.8562,35.8649],[138.8559,35.8651],[138.8556,35.8651],[138.8553,35.8651],[138.8551,35.8652],[138.8541,35.8652],[138.8539,35.8652],[138.8536,35.8652],[138.8534,35.8653],[138.8531,35.8655],[138.8529,35.8655],[138.8527,35.8656],[138.8524,35.8656],[138.8519,35.8656],[138.8517,35.8657],[138.8514,35.8657],[138.8512,35.8658],[138.8507,35.8658],[138.8505,35.8659],[138.8504,35.866],[138.8503,35.866],[138.8502,35.8661],[138.8501,35.8663],[138.85,35.8665],[138.85,35.8665],[138.85,35.8665],[138.8499,35.8666],[138.8498,35.8666],[138.8497,35.8667],[138.8497,35.8667],[138.8497,35.8667],[138.8493,35.8667],[138.849,35.8667],[138.8484,35.8668],[138.8476,35.8668],[138.8469,35.8669],[138.8461,35.8671],[138.8455,35.8674],[138.8454,35.8674],[138.8452,35.8672],[138.845,35.8669],[138.8447,35.8667],[138.8447,35.8667],[138.8447,35.8667],[138.8447,35.8664],[138.8441,35.8661],[138.8436,35.8658],[138.8433,35.8657],[138.8428,35.8655],[138.8422,35.8652],[138.8417,35.8649],[138.8417,35.8649],[138.8417,35.8649],[138.8411,35.8648],[138.8408,35.8647],[138.8405,35.8646],[138.8402,35.8645],[138.8396,35.8645],[138.8394,35.8644],[138.8391,35.8643],[138.8387,35.8643],[138.8385,35.8643],[138.8383,35.8643],[138.8381,35.8643],[138.838,35.8642],[138.8378,35.8642],[138.8375,35.864],[138.8372,35.8638],[138.837,35.8637],[138.8368,35.8635],[138.8366,35.8635],[138.8363,35.8635],[138.8361,35.8634],[138.8359,35.8633],[138.8357,35.8631],[138.8354,35.8629],[138.8352,35.8627],[138.835,35.8625],[138.8348,35.8624],[138.8344,35.8623],[138.834,35.8623],[138.8335,35.8622],[138.8333,35.8622],[138.8333,35.8622],[138.8331,35.8622],[138.8328,35.8622],[138.8324,35.8623],[138.8319,35.8628],[138.8317,35.8629],[138.8315,35.863],[138.8314,35.863],[138.8313,35.863],[138.8311,35.8629],[138.8311,35.8629],[138.831,35.8629],[138.8307,35.863],[138.8307,35.8632],[138.8306,35.8633],[138.8306,35.8636],[138.8306,35.8638],[138.8306,35.8641],[138.8306,35.8643],[138.8306,35.8646],[138.8305,35.8647],[138.8304,35.8649],[138.8302,35.865],[138.83,35.8652],[138.8294,35.8655],[138.8291,35.8655],[138.8288,35.8656],[138.8285,35.8657],[138.8281,35.8658],[138.8278,35.8658],[138.8276,35.8658],[138.8274,35.8658],[138.8271,35.8657],[138.8268,35.8655],[138.8266,35.8655],[138.8263,35.8654],[138.8262,35.8653],[138.826,35.8653],[138.8258,35.8653],[138.8255,35.8654],[138.8253,35.8655],[138.8251,35.8656],[138.825,35.8656],[138.825,35.8656],[138.8247,35.8657],[138.8245,35.8656],[138.8242,35.8655],[138.824,35.8654],[138.8238,35.8653],[138.8234,35.8652],[138.8231,35.865],[138.8228,35.8649],[138.8228,35.8649],[138.8224,35.8648],[138.8223,35.8647],[138.8219,35.8646],[138.8216,35.8647],[138.8211,35.8649],[138.8209,35.865],[138.8205,35.8651],[138.8202,35.8651],[138.82,35.8652],[138.8197,35.8652],[138.8194,35.8652],[138.8188,35.865],[138.8185,35.8649],[138.8181,35.8647],[138.8178,35.8646],[138.8176,35.8645],[138.8173,35.8643],[138.8168,35.8641],[138.8167,35.864],[138.8167,35.864],[138.8161,35.8636],[138.8155,35.8632],[138.8152,35.863],[138.8151,35.863],[138.815,35.8629],[138.8149,35.8628],[138.8148,35.8625],[138.8148,35.8624],[138.8147,35.8623],[138.814,35.8624],[138.8139,35.8624],[138.8136,35.8624],[138.8135,35.8625],[138.8133,35.8627],[138.8132,35.8628],[138.8132,35.863],[138.8131,35.8631],[138.8131,35.8633],[138.8129,35.8635],[138.8127,35.8637],[138.8127,35.8637],[138.8124,35.8639],[138.8122,35.8641],[138.8121,35.8642],[138.812,35.8643],[138.8119,35.8644],[138.8118,35.8646],[138.8116,35.8647],[138.8111,35.8649],[138.8111,35.865],[138.8111,35.8652],[138.811,35.8654],[138.8109,35.8655],[138.8102,35.8662],[138.8101,35.8664],[138.8101,35.8665],[138.8101,35.8665],[138.8101,35.8667],[138.8101,35.8667],[138.8101,35.8667],[138.8101,35.8668],[138.8101,35.8669],[138.81,35.8671],[138.8099,35.8673],[138.8098,35.8675],[138.8094,35.8679],[138.8093,35.868],[138.8092,35.8682],[138.8091,35.8685],[138.8089,35.8687],[138.8088,35.869],[138.8089,35.8693],[138.8088,35.8697],[138.8084,35.87],[138.8083,35.87],[138.8083,35.87],[138.8079,35.87],[138.8077,35.87],[138.8074,35.87],[138.807,35.8699],[138.8067,35.8698],[138.8067,35.8698],[138.8064,35.8698],[138.8061,35.8697],[138.8058,35.8696],[138.8054,35.8697],[138.8051,35.8697],[138.8049,35.8697],[138.8045,35.8698],[138.8041,35.8699],[138.8039,35.8699],[138.8036,35.87],[138.8032,35.8702],[138.8029,35.8703],[138.8026,35.8704],[138.8024,35.8704],[138.8019,35.8704],[138.8017,35.8705],[138.8014,35.8706],[138.8011,35.8708],[138.8009,35.8709],[138.8005,35.8711],[138.8002,35.8712],[138.8,35.8714],[138.8,35.8714],[138.8,35.8714],[138.7996,35.8715],[138.7994,35.8716],[138.7992,35.8716],[138.7989,35.8716],[138.7986,35.8717],[138.7984,35.8717],[138.7979,35.8719],[138.7976,35.8719],[138.7974,35.872],[138.7972,35.872],[138.797,35.8721],[138.7967,35.8723],[138.7965,35.8725],[138.7963,35.8726],[138.7957,35.8729],[138.7954,35.8731],[138.7952,35.8732],[138.7949,35.8734],[138.7947,35.8736],[138.7945,35.8738],[138.7943,35.874],[138.7938,35.8744],[138.7937,35.8746],[138.7935,35.8747],[138.7933,35.875],[138.7932,35.875],[138.7932,35.875],[138.7929,35.8752],[138.7927,35.8752],[138.792,35.8755],[138.7919,35.8756],[138.7918,35.876],[138.7918,35.8762],[138.7918,35.8764],[138.7918,35.877],[138.7918,35.8772],[138.7919,35.8775],[138.7918,35.8777],[138.7917,35.8779],[138.7918,35.8781],[138.7919,35.8783],[138.7919,35.8785],[138.7918,35.8788],[138.7918,35.8791],[138.7918,35.8793],[138.7918,35.8795],[138.7918,35.8796],[138.7918,35.8798],[138.7919,35.88],[138.7921,35.8801],[138.7922,35.8804],[138.7923,35.8805],[138.7924,35.8811],[138.7925,35.8814],[138.7925,35.8816],[138.7926,35.8817],[138.7928,35.8819],[138.7926,35.8821],[138.7924,35.8823],[138.7921,35.8825],[138.7919,35.8826],[138.7918,35.8828],[138.7918,35.883],[138.7918,35.8832],[138.7918,35.8833],[138.7918,35.8833],[138.7918,35.8835],[138.7917,35.8836],[138.7917,35.8838],[138.7917,35.8838],[138.7916,35.884],[138.7915,35.8842],[138.7915,35.8845],[138.7915,35.885],[138.7916,35.8853],[138.7916,35.8855],[138.7917,35.8861],[138.7917,35.8861],[138.7917,35.8861],[138.7917,35.8863],[138.7917,35.8865],[138.7917,35.8868],[138.7917,35.8869],[138.7917,35.887],[138.7917,35.8871],[138.7917,35.8871],[138.7916,35.8873],[138.7916,35.8875],[138.7914,35.8878],[138.7914,35.888],[138.7914,35.8881],[138.7913,35.8883],[138.7913,35.8885],[138.7913,35.8891],[138.7913,35.8894],[138.7913,35.8896],[138.7912,35.8902],[138.7912,35.8904],[138.7912,35.8906],[138.7911,35.8908],[138.791,35.8909],[138.7909,35.891],[138.7909,35.8912],[138.7908,35.8914],[138.7908,35.8916],[138.7907,35.8917],[138.7907,35.8917],[138.7906,35.8919],[138.7904,35.8921],[138.7903,35.8922],[138.7902,35.8923],[138.7899,35.8925],[138.7895,35.8929],[138.7893,35.8931],[138.7891,35.8932],[138.7886,35.8936],[138.7884,35.8937],[138.7881,35.8939],[138.7875,35.8942],[138.7874,35.8943],[138.7871,35.8944],[138.7865,35.8948],[138.7863,35.895],[138.786,35.8951],[138.7859,35.8951],[138.7857,35.8951],[138.7853,35.8953],[138.7851,35.8954],[138.7849,35.8956],[138.7844,35.896],[138.7842,35.8961],[138.7839,35.8962],[138.7833,35.8965],[138.7833,35.8965],[138.7833,35.8965],[138.7831,35.8965],[138.7828,35.8967],[138.7822,35.8969],[138.782,35.8971],[138.7818,35.8973],[138.7815,35.8978],[138.7814,35.898],[138.7814,35.8983],[138.7814,35.8986],[138.7813,35.8987],[138.7813,35.8989],[138.7811,35.899],[138.7809,35.8991],[138.7806,35.8993],[138.7802,35.8995],[138.7798,35.8997],[138.7795,35.8998],[138.7793,35.8999],[138.7789,35.9],[138.7789,35.9],[138.7789,35.9],[138.7786,35.9001],[138.7784,35.9002],[138.7777,35.9003],[138.7776,35.9003],[138.7774,35.9004],[138.7772,35.9004],[138.7769,35.9004],[138.7767,35.9004],[138.7765,35.9003],[138.7762,35.9003],[138.7759,35.9002],[138.7755,35.9002],[138.7751,35.9002],[138.775,35.9003],[138.775,35.9003],[138.7749,35.9003],[138.7746,35.9003],[138.7742,35.9004],[138.7739,35.9004],[138.7736,35.9005],[138.7733,35.9004],[138.7729,35.9004],[138.7726,35.9005],[138.7724,35.9005],[138.7721,35.9006],[138.7714,35.9005],[138.7711,35.9006],[138.7708,35.9005],[138.7706,35.9004],[138.7703,35.9003],[138.77,35.9002],[138.7698,35.9001],[138.7693,35.9001],[138.7691,35.9],[138.7688,35.9],[138.7687,35.9],[138.7687,35.9],[138.7686,35.9],[138.7679,35.8997],[138.7677,35.8995],[138.7674,35.8994],[138.7671,35.8993],[138.7668,35.8993],[138.7667,35.8993],[138.7667,35.8993],[138.7666,35.8992],[138.7663,35.8992],[138.766,35.8991],[138.7657,35.8991],[138.7654,35.8993],[138.7652,35.8994],[138.7651,35.8995],[138.7649,35.8996],[138.7645,35.8997],[138.7643,35.8998],[138.764,35.8999],[138.7638,35.9],[138.7637,35.9],[138.7637,35.9],[138.7634,35.9001],[138.7632,35.9002],[138.7629,35.9002],[138.7627,35.9003],[138.7626,35.9003],[138.7624,35.9003],[138.7622,35.9004],[138.762,35.9005],[138.7618,35.9006],[138.7614,35.9009],[138.7612,35.901],[138.7609,35.9011],[138.7607,35.9012],[138.7606,35.9013],[138.7603,35.9014],[138.7601,35.9014],[138.7598,35.9016],[138.7595,35.9016],[138.7592,35.9017],[138.7591,35.9018],[138.7588,35.9019],[138.7587,35.9021],[138.7585,35.9022],[138.7583,35.9024],[138.7583,35.9024],[138.7583,35.9024],[138.7581,35.9025],[138.7579,35.9025],[138.7577,35.9026],[138.7575,35.9026],[138.7573,35.9027],[138.7573,35.9027],[138.7571,35.9027],[138.7568,35.9027],[138.7565,35.9027],[138.7562,35.9027],[138.7557,35.9027],[138.7555,35.9027],[138.7553,35.9028],[138.755,35.9028],[138.7543,35.9028],[138.754,35.9029],[138.7538,35.9029],[138.7536,35.9029],[138.7534,35.9028],[138.7531,35.9027],[138.7529,35.9027],[138.7527,35.9026],[138.7523,35.9025],[138.752,35.9024],[138.7518,35.9024],[138.7515,35.9023],[138.7508,35.9021],[138.7506,35.902],[138.7504,35.9019],[138.75,35.9018],[138.75,35.9018],[138.7497,35.9017],[138.7495,35.9017],[138.7493,35.9017],[138.7491,35.9016],[138.7488,35.9017],[138.7485,35.9019],[138.7483,35.9021],[138.748,35.9022],[138.7477,35.9023],[138.7475,35.9024],[138.7473,35.9025],[138.747,35.9026],[138.7469,35.9026],[138.7469,35.9027],[138.7468,35.9027],[138.7468,35.9027],[138.7467,35.9028],[138.7467,35.9028],[138.7466,35.9029],[138.7465,35.903],[138.7463,35.903],[138.7462,35.903],[138.7461,35.903],[138.7459,35.9031],[138.7456,35.9031],[138.7455,35.9031],[138.7455,35.9031],[138.7453,35.9033],[138.7452,35.9033],[138.745,35.9034],[138.7447,35.9035],[138.7445,35.9035],[138.7442,35.9036],[138.744,35.9037],[138.7439,35.9037],[138.7437,35.9038],[138.7434,35.9039],[138.7433,35.9039],[138.7429,35.9041],[138.7426,35.9043],[138.7423,35.9044],[138.7419,35.9046],[138.7418,35.9047],[138.7417,35.9047],[138.7417,35.9047],[138.7415,35.9048],[138.7413,35.905],[138.7411,35.905],[138.7409,35.9051],[138.7407,35.9052],[138.7405,35.9053],[138.7403,35.9055],[138.7401,35.9055],[138.7398,35.9056],[138.7395,35.9058],[138.7392,35.9058],[138.7389,35.9059],[138.7386,35.9059],[138.7386,35.9059],[138.7383,35.9059],[138.7383,35.9059],[138.738,35.9059],[138.7379,35.9058],[138.7377,35.9058],[138.7375,35.9057],[138.7374,35.9057],[138.7371,35.9055],[138.737,35.9053],[138.737,35.9052],[138.7368,35.905],[138.7367,35.9049],[138.7366,35.9048],[138.7365,35.9047],[138.7364,35.9046],[138.7363,35.9045],[138.7362,35.9044],[138.7361,35.9043],[138.7359,35.9043],[138.7358,35.9042],[138.7356,35.9042],[138.7353,35.9041],[138.7351,35.904],[138.7349,35.904],[138.7346,35.904],[138.7344,35.904],[138.7337,35.9042],[138.7335,35.9043],[138.7333,35.9045],[138.7333,35.9045],[138.7332,35.9045],[138.7329,35.9047],[138.7328,35.9049],[138.7327,35.905],[138.7326,35.9051],[138.7324,35.9053],[138.7322,35.9055],[138.7321,35.9057],[138.7319,35.9059],[138.7318,35.906],[138.7317,35.9061],[138.7315,35.9063],[138.7313,35.9065],[138.7312,35.9066],[138.7311,35.9067],[138.731,35.9068],[138.7309,35.9069],[138.7308,35.907],[138.7307,35.9071],[138.7305,35.9073],[138.7304,35.9073],[138.7303,35.9075],[138.7302,35.9077],[138.7299,35.9079],[138.7298,35.9081],[138.7296,35.9083],[138.7296,35.9083],[138.7296,35.9083],[138.7295,35.9085],[138.7293,35.9088],[138.7292,35.909],[138.7291,35.909],[138.7291,35.9091],[138.729,35.9092],[138.729,35.9092],[138.729,35.9093],[138.729,35.9095],[138.7289,35.9097],[138.729,35.9099],[138.729,35.91],[138.729,35.9102],[138.729,35.9104],[138.7289,35.9105],[138.729,35.9107],[138.729,35.9109],[138.729,35.911],[138.729,35.911],[138.729,35.9111],[138.729,35.9111],[138.729,35.9112],[138.7291,35.9114],[138.7291,35.9117],[138.7292,35.9119],[138.7292,35.9121],[138.7292,35.9122],[138.7293,35.9124],[138.7293,35.9127],[138.7293,35.9129],[138.7294,35.913],[138.7295,35.9131],[138.7295,35.9132],[138.7296,35.9132],[138.7297,35.9133],[138.7299,35.9135],[138.7301,35.9137],[138.7302,35.9139],[138.7303,35.914],[138.7303,35.9141],[138.7304,35.9141],[138.7305,35.9144],[138.7306,35.9146],[138.7306,35.9147],[138.7307,35.9149],[138.7306,35.915],[138.7306,35.9152],[138.7305,35.9154],[138.7304,35.9156],[138.7303,35.9158],[138.7302,35.9161],[138.7301,35.9163],[138.7299,35.9166],[138.7299,35.9166],[138.7298,35.9167],[138.7298,35.9167],[138.7297,35.9168],[138.7295,35.9169],[138.7293,35.9171],[138.7291,35.9172],[138.729,35.9173],[138.7287,35.9174],[138.7285,35.9175],[138.7283,35.9176],[138.7281,35.9178],[138.7283,35.9178],[138.7285,35.9178],[138.7289,35.9178],[138.7291,35.9178],[138.7294,35.9178],[138.7295,35.9179],[138.7296,35.9179],[138.7297,35.918],[138.73,35.9181],[138.7301,35.9182],[138.7302,35.9183],[138.7303,35.9183],[138.7307,35.9186],[138.731,35.9187],[138.7312,35.9188],[138.7317,35.9192],[138.732,35.9193],[138.7322,35.9194],[138.7323,35.9195],[138.7324,35.9196],[138.7324,35.9197],[138.7325,35.9198],[138.7325,35.9198],[138.7326,35.9203],[138.7327,35.9208],[138.7331,35.9216],[138.7332,35.922],[138.7333,35.9223],[138.7333,35.9223],[138.7335,35.9227],[138.7335,35.9227],[138.7338,35.9232],[138.7342,35.9234],[138.7345,35.9235],[138.7349,35.9237],[138.7352,35.9238],[138.7354,35.9241],[138.7356,35.9244],[138.736,35.9247],[138.7361,35.9249],[138.7361,35.925],[138.7361,35.925],[138.7361,35.9253],[138.7361,35.9257],[138.7362,35.9261],[138.7363,35.9264],[138.7365,35.9266],[138.7366,35.9266],[138.7368,35.9267],[138.7371,35.9268],[138.7373,35.927],[138.7376,35.9273],[138.7375,35.9275],[138.7375,35.9277],[138.7376,35.928],[138.7378,35.9283],[138.7381,35.9286],[138.7383,35.9288],[138.7385,35.929],[138.7384,35.9294],[138.7383,35.9298],[138.7384,35.9302],[138.7386,35.9305],[138.7388,35.9309],[138.7389,35.9313],[138.7389,35.9315],[138.739,35.9321],[138.7391,35.9329],[138.7392,35.9333],[138.7391,35.9333],[138.7391,35.9333],[138.7389,35.9336],[138.7386,35.934],[138.7382,35.9345],[138.7382,35.9345],[138.7379,35.9351],[138.7377,35.9355],[138.7375,35.9358],[138.7374,35.9363],[138.7375,35.9366],[138.7376,35.9369],[138.7379,35.9372],[138.7383,35.9374],[138.7385,35.9376],[138.7386,35.9379],[138.7387,35.9384],[138.7387,35.9385],[138.7392,35.9389],[138.7393,35.9391],[138.7391,35.9393],[138.7387,35.9396],[138.7382,35.94],[138.7376,35.9406],[138.7372,35.9408],[138.7365,35.9411],[138.736,35.9414],[138.7358,35.9416],[138.7358,35.9417],[138.7358,35.9417],[138.7357,35.9418],[138.7353,35.9423],[138.7348,35.9429],[138.7347,35.943],[138.7343,35.9432],[138.734,35.9433],[138.7337,35.9434],[138.7333,35.9437],[138.7333,35.9437],[138.7332,35.9438],[138.7328,35.9443],[138.7323,35.9445],[138.7319,35.9447],[138.7315,35.945],[138.7311,35.9451],[138.7311,35.9453],[138.7311,35.9457],[138.7312,35.9459],[138.7314,35.9463],[138.7314,35.9467],[138.7315,35.9471],[138.7314,35.9474],[138.7313,35.9476],[138.7312,35.948],[138.7311,35.9483],[138.7309,35.9486],[138.7308,35.9487],[138.7306,35.9489],[138.7305,35.9492],[138.7305,35.9494],[138.7305,35.95],[138.7305,35.95],[138.7305,35.95],[138.7305,35.9503],[138.7305,35.9503],[138.7303,35.9505],[138.73,35.9508],[138.7297,35.951],[138.7293,35.9512],[138.7291,35.9513],[138.7289,35.9516],[138.7286,35.9527],[138.7285,35.9532],[138.7283,35.9538],[138.7282,35.9543],[138.7278,35.9548],[138.7275,35.9552],[138.7273,35.9553],[138.7272,35.9555],[138.727,35.9558],[138.7269,35.9561],[138.7268,35.9565],[138.7268,35.9567],[138.7268,35.9567],[138.7263,35.957],[138.7259,35.9572],[138.7257,35.9574],[138.7256,35.9576],[138.7254,35.9578],[138.7252,35.9578],[138.725,35.9578],[138.725,35.9578],[138.7248,35.9579],[138.7244,35.9581],[138.7241,35.9582],[138.7237,35.958],[138.7234,35.958],[138.7231,35.9583],[138.7231,35.9583],[138.7231,35.9583],[138.7229,35.9585],[138.7226,35.9585],[138.7223,35.9587],[138.7218,35.9588],[138.7214,35.9589],[138.721,35.9591],[138.7209,35.9593],[138.7209,35.9596],[138.7206,35.9601],[138.7205,35.9603],[138.7204,35.9606],[138.7201,35.9607],[138.7199,35.961],[138.7197,35.9612],[138.7197,35.9614],[138.7196,35.9616],[138.7196,35.9618],[138.7197,35.962],[138.7197,35.9622],[138.7197,35.9623],[138.7196,35.9625],[138.7195,35.9629],[138.7192,35.9631],[138.719,35.9632],[138.7187,35.9634],[138.7184,35.9636],[138.718,35.9638],[138.7176,35.9639],[138.7172,35.964],[138.7167,35.9641],[138.7167,35.9641],[138.7166,35.9641],[138.7166,35.9641],[138.7161,35.9643],[138.7156,35.9646],[138.7151,35.965],[138.7148,35.9652],[138.7144,35.9653],[138.7142,35.9655],[138.7142,35.9657],[138.7141,35.966],[138.714,35.9664],[138.7138,35.9667],[138.7138,35.9667],[138.7137,35.9668],[138.7133,35.9673],[138.7129,35.9677],[138.7128,35.9681],[138.7127,35.9683],[138.7125,35.969],[138.7124,35.9693],[138.7122,35.9695],[138.7121,35.9698],[138.712,35.97],[138.7119,35.9703],[138.7118,35.9706],[138.7118,35.9708],[138.7118,35.971],[138.7116,35.9711],[138.7114,35.9713],[138.7114,35.9719],[138.7114,35.9725],[138.7114,35.9728],[138.7117,35.973],[138.7119,35.9733],[138.7122,35.9738],[138.7123,35.9745],[138.7124,35.9749],[138.7124,35.975],[138.7124,35.975],[138.7124,35.975],[138.7123,35.9751],[138.7121,35.9753],[138.7119,35.9755],[138.7119,35.9756],[138.7119,35.9763],[138.7118,35.9766],[138.7118,35.9767],[138.7119,35.977],[138.7119,35.978],[138.712,35.9783],[138.712,35.9785],[138.712,35.9788],[138.7119,35.9789],[138.7119,35.9792],[138.712,35.9793],[138.7121,35.9794],[138.7122,35.9795],[138.7125,35.9798],[138.7127,35.9804],[138.7126,35.981],[138.7126,35.9816],[138.7127,35.9821],[138.7127,35.9826],[138.713,35.9831],[138.7131,35.9833],[138.7131,35.9833],[138.7131,35.9836],[138.7132,35.984],[138.7132,35.9843],[138.7131,35.9847],[138.713,35.985],[138.7128,35.9852],[138.7125,35.9853],[138.7126,35.9854],[138.7129,35.9856],[138.7132,35.9858],[138.7134,35.9859],[138.7137,35.986],[138.7139,35.986],[138.7143,35.9865],[138.7145,35.9867],[138.7146,35.9869],[138.7146,35.9873],[138.7146,35.9876],[138.7145,35.9881],[138.7145,35.9886],[138.7145,35.9891],[138.7147,35.9896],[138.7149,35.9901],[138.715,35.9902],[138.7152,35.9906],[138.7155,35.9911],[138.7157,35.9916],[138.7158,35.9917],[138.7158,35.9917],[138.716,35.992],[138.7164,35.9925],[138.7167,35.9928],[138.7167,35.9928],[138.7168,35.9929],[138.717,35.993],[138.7174,35.9932],[138.718,35.9933],[138.7186,35.9935],[138.7191,35.9937],[138.7195,35.9938],[138.7201,35.9938],[138.7206,35.9938],[138.7212,35.9939],[138.7217,35.9939],[138.7222,35.9938],[138.7224,35.9939],[138.7226,35.9942],[138.7228,35.9945],[138.7235,35.9945],[138.7239,35.9946],[138.7239,35.9946],[138.7241,35.9947],[138.7247,35.9947],[138.725,35.9946],[138.725,35.9946],[138.7252,35.9945],[138.7254,35.9944],[138.7259,35.9945],[138.7261,35.9945],[138.7266,35.9948],[138.727,35.9951],[138.7271,35.9952],[138.7275,35.9955],[138.7278,35.9957],[138.7278,35.9959],[138.7277,35.9965],[138.728,35.9967],[138.7284,35.9968],[138.7287,35.997],[138.729,35.9973],[138.7293,35.9975],[138.7295,35.9978],[138.7298,35.998],[138.7299,35.9981],[138.7303,35.9981],[138.7308,35.9981],[138.7311,35.9982],[138.7312,35.9982],[138.7316,35.9982],[138.732,35.9983],[138.7322,35.9983],[138.7325,35.9986],[138.7326,35.9987],[138.733,35.9991],[138.7332,35.9994],[138.7333,35.9994],[138.7333,35.9994],[138.7337,35.9996],[138.734,35.9999],[138.7342,36],[138.7342,36],[138.7344,36.0003],[138.7348,36.0006],[138.7348,36.0006],[138.7353,36.0012],[138.7357,36.0016],[138.7358,36.0019],[138.7358,36.0024],[138.7358,36.0026],[138.7358,36.0029],[138.7359,36.0032],[138.7367,36.0036],[138.737,36.0039],[138.7373,36.0041],[138.7374,36.0043],[138.7374,36.0044],[138.7373,36.0045],[138.7373,36.0045],[138.737,36.0049],[138.7367,36.0053],[138.7365,36.0059],[138.7365,36.0062],[138.7365,36.0063],[138.7367,36.0065],[138.7369,36.0066],[138.7372,36.0067],[138.7378,36.0067],[138.738,36.0068],[138.7383,36.0071],[138.7386,36.0073],[138.7393,36.0076],[138.7398,36.0077],[138.7402,36.0079],[138.7403,36.0079],[138.7405,36.0083],[138.7406,36.0083],[138.7406,36.0083],[138.7406,36.0084],[138.7408,36.0086],[138.7411,36.0087],[138.7414,36.0088],[138.7417,36.0088],[138.7417,36.0088],[138.7418,36.0088],[138.7421,36.0089],[138.7423,36.0091],[138.7426,36.0096],[138.7429,36.0099],[138.7431,36.01],[138.7434,36.0101],[138.7438,36.0101],[138.7438,36.0102],[138.7439,36.0106],[138.744,36.0111],[138.7442,36.0116],[138.7444,36.0121],[138.7444,36.0125],[138.7445,36.0132],[138.7447,36.0135],[138.7448,36.0137],[138.7451,36.0138],[138.7455,36.014],[138.7462,36.0143],[138.7466,36.0145],[138.7469,36.0147],[138.747,36.0147],[138.7471,36.0148],[138.7471,36.0148],[138.7471,36.0149],[138.7471,36.015],[138.7472,36.0151],[138.7473,36.0152],[138.7475,36.0154],[138.7478,36.0156],[138.7482,36.0158],[138.7486,36.0161],[138.7487,36.0162],[138.7489,36.0163],[138.7491,36.0165],[138.7492,36.0167],[138.7492,36.0167],[138.7492,36.0167],[138.7492,36.017],[138.7491,36.0173],[138.7491,36.0175],[138.7488,36.0179],[138.7485,36.0184],[138.7485,36.0185],[138.7485,36.0186],[138.7485,36.0188],[138.7485,36.0189],[138.7486,36.0191],[138.7486,36.0192],[138.7487,36.0193],[138.7488,36.0194],[138.749,36.0195],[138.7492,36.0196],[138.7494,36.0198],[138.7495,36.02],[138.7496,36.0201],[138.7497,36.0203],[138.7497,36.0205],[138.7496,36.0206],[138.7495,36.0209],[138.7495,36.0209],[138.7494,36.0211],[138.7494,36.0214],[138.7494,36.0216],[138.7494,36.0219],[138.7494,36.0219],[138.7494,36.0221],[138.7495,36.0223],[138.7496,36.0224],[138.7497,36.0225],[138.75,36.023],[138.75,36.023],[138.75,36.023],[138.7502,36.0234],[138.7506,36.0238],[138.7507,36.0241],[138.7506,36.0242],[138.7506,36.0244],[138.7505,36.0246],[138.7505,36.0248],[138.7506,36.025],[138.7506,36.025],[138.7507,36.0251],[138.7508,36.0251],[138.7512,36.0253],[138.7517,36.0256],[138.7519,36.0258],[138.7521,36.026],[138.7524,36.0262],[138.7527,36.0263],[138.7528,36.0264],[138.7528,36.0265],[138.7529,36.0266],[138.7529,36.0267],[138.7529,36.0268],[138.753,36.0269],[138.753,36.0273],[138.753,36.0274],[138.7531,36.0275],[138.7532,36.0277],[138.7534,36.028],[138.7536,36.0283],[138.7536,36.0284],[138.7535,36.0285],[138.7533,36.0286],[138.7532,36.0287],[138.753,36.0289],[138.7529,36.029],[138.7528,36.0291],[138.7528,36.0293],[138.7528,36.0295],[138.7528,36.0298],[138.7529,36.03],[138.7529,36.0305],[138.7531,36.031],[138.7533,36.0316],[138.7535,36.0324],[138.7537,36.033],[138.7538,36.0333],[138.7538,36.0333],[138.7539,36.0335],[138.754,36.0338],[138.7542,36.0343],[138.7542,36.0344],[138.7543,36.0344],[138.7544,36.0345],[138.7546,36.0345],[138.7549,36.0345],[138.7552,36.0345],[138.7556,36.0345],[138.7563,36.0346],[138.7566,36.0345],[138.7568,36.0345],[138.757,36.0345],[138.7574,36.0346],[138.7577,36.0346],[138.758,36.0347],[138.7583,36.0347],[138.7583,36.0347],[138.7583,36.0347],[138.7587,36.0348],[138.759,36.0348],[138.7593,36.0348],[138.7594,36.0348],[138.7596,36.0348],[138.7597,36.0348],[138.7598,36.0349],[138.7599,36.0349],[138.7601,36.035],[138.7603,36.0352],[138.7604,36.0354],[138.7605,36.0355],[138.7607,36.0356],[138.7608,36.0356],[138.761,36.0358],[138.7611,36.0358],[138.7612,36.0359],[138.7614,36.0359],[138.7615,36.036],[138.7617,36.036],[138.7619,36.036],[138.7621,36.036],[138.7624,36.0361],[138.7627,36.0362],[138.7628,36.0363],[138.763,36.0364],[138.7631,36.0364],[138.7634,36.0365],[138.7636,36.0365],[138.7638,36.0366],[138.764,36.0366],[138.7642,36.0367],[138.7644,36.0368],[138.7646,36.0369],[138.7648,36.0371],[138.7651,36.0373],[138.7653,36.0375],[138.7655,36.0376],[138.7657,36.0377],[138.7658,36.0376],[138.7659,36.0376],[138.7661,36.0376],[138.7662,36.0377],[138.7664,36.0379],[138.7667,36.038],[138.7667,36.038],[138.7667,36.038],[138.7673,36.0382],[138.7675,36.0384],[138.7679,36.0385],[138.7684,36.0386],[138.7687,36.0387],[138.7689,36.0388],[138.769,36.0388],[138.7691,36.0388],[138.7691,36.0388],[138.7692,36.0388],[138.7693,36.0388],[138.7695,36.0387],[138.7697,36.0385],[138.7699,36.0384],[138.77,36.0384],[138.7701,36.0383],[138.7702,36.0383],[138.7703,36.0383],[138.7704,36.0383],[138.7706,36.0383],[138.7709,36.0383],[138.7712,36.0384],[138.7718,36.0386],[138.772,36.0387],[138.7723,36.0387],[138.7725,36.0388],[138.773,36.0388],[138.7732,36.0388],[138.7735,36.0388],[138.7738,36.0387],[138.7741,36.0387],[138.7743,36.0385],[138.7746,36.0384],[138.7748,36.0383],[138.775,36.0382],[138.775,36.0382],[138.775,36.0382],[138.7751,36.0382],[138.7752,36.038],[138.7753,36.0379],[138.7755,36.0377],[138.7756,36.0376],[138.7758,36.0374],[138.776,36.0373],[138.7762,36.0372],[138.7764,36.0371],[138.7766,36.0371],[138.7768,36.0372],[138.7771,36.0372],[138.7774,36.0372],[138.7777,36.0372],[138.7778,36.0372],[138.778,36.0372],[138.7783,36.0371],[138.7785,36.0371],[138.7788,36.037],[138.779,36.037],[138.7791,36.037],[138.7794,36.0369],[138.7797,36.0369],[138.78,36.0369],[138.7801,36.0369],[138.7801,36.0369],[138.7802,36.0369],[138.7803,36.0369],[138.7804,36.0369],[138.7805,36.0369],[138.7806,36.0369],[138.7806,36.0369],[138.7807,36.0366],[138.7809,36.0361],[138.781,36.0359],[138.7811,36.0355],[138.7812,36.0354],[138.7812,36.0353],[138.7812,36.0352],[138.7814,36.035],[138.7816,36.0346],[138.7817,36.0345],[138.7818,36.0343],[138.7819,36.0342],[138.7821,36.0341],[138.7823,36.034],[138.7826,36.0339],[138.7829,36.0337],[138.7833,36.0336],[138.7833,36.0336],[138.7835,36.0335],[138.7836,36.0335],[138.7837,36.0335],[138.7839,36.0335],[138.7842,36.0336],[138.7845,36.0337],[138.7847,36.0336],[138.7849,36.0336],[138.785,36.0335],[138.7851,36.0335],[138.7851,36.0334],[138.7853,36.0334],[138.7853,36.0333],[138.7853,36.0333],[138.7853,36.0333],[138.7855,36.0333],[138.7856,36.0333],[138.7858,36.0332],[138.7861,36.0331],[138.7862,36.0331],[138.7863,36.0331],[138.7864,36.0331],[138.7865,36.0331],[138.7866,36.0331],[138.7867,36.0331],[138.7867,36.0331],[138.7867,36.0331],[138.7868,36.0328],[138.7869,36.0326],[138.7869,36.0326],[138.787,36.0325],[138.787,36.0324],[138.7871,36.0323],[138.7872,36.0323],[138.7872,36.0322],[138.7873,36.0322],[138.7875,36.032],[138.7876,36.0318],[138.7877,36.0316],[138.7878,36.0315],[138.7878,36.0312],[138.7878,36.031],[138.7879,36.0307],[138.7878,36.0306],[138.7879,36.0305],[138.788,36.0304],[138.7882,36.0303],[138.7884,36.0303],[138.7884,36.0302],[138.7887,36.0301],[138.7888,36.0301],[138.7889,36.03],[138.7891,36.03],[138.7893,36.03],[138.7896,36.03],[138.7898,36.0299],[138.79,36.0298],[138.7902,36.0297],[138.7904,36.0296],[138.7906,36.0295],[138.7909,36.0294],[138.791,36.0294],[138.7911,36.0294],[138.7912,36.0294],[138.7912,36.0295],[138.7913,36.0296],[138.7915,36.0297],[138.7917,36.0298],[138.7917,36.0298],[138.7917,36.0299],[138.7917,36.0299],[138.7919,36.0299],[138.792,36.03],[138.7921,36.03],[138.7925,36.0301],[138.7928,36.0301],[138.793,36.0302],[138.7933,36.0302],[138.7939,36.0302],[138.7941,36.0302],[138.7944,36.0302],[138.7946,36.0303],[138.7948,36.0303],[138.795,36.0304],[138.7952,36.0305],[138.7953,36.0306],[138.7954,36.0307],[138.7955,36.0309],[138.7957,36.031],[138.7959,36.0311],[138.7961,36.0311],[138.7963,36.0311],[138.7965,36.0311],[138.7967,36.0311],[138.797,36.031],[138.7971,36.031],[138.7973,36.0311],[138.7974,36.0312],[138.7976,36.0313],[138.7978,36.0313],[138.798,36.0314],[138.7984,36.0316],[138.7986,36.0317],[138.7988,36.0317],[138.7992,36.0319],[138.7995,36.032],[138.7996,36.0321],[138.7998,36.0321],[138.7999,36.0322],[138.8,36.0322],[138.8,36.0322],[138.8004,36.0322],[138.8006,36.0322],[138.8007,36.0322],[138.8009,36.0322],[138.801,36.0323],[138.8012,36.0323],[138.8013,36.0324],[138.8014,36.0325],[138.8015,36.0326],[138.8017,36.0327],[138.8018,36.0329],[138.8019,36.0331],[138.8019,36.0332],[138.802,36.0333],[138.8021,36.0333],[138.8021,36.0333],[138.8021,36.0333],[138.8022,36.0334],[138.8023,36.0335],[138.8024,36.0335],[138.8026,36.0335],[138.8028,36.0336],[138.803,36.0336],[138.8033,36.0336],[138.8034,36.0336],[138.8039,36.0336],[138.8041,36.0336],[138.8043,36.0335],[138.8044,36.0335],[138.8045,36.0335],[138.8046,36.0335],[138.8047,36.0335],[138.8048,36.0335],[138.8049,36.0335],[138.8049,36.0335],[138.8049,36.0335],[138.805,36.0336],[138.8052,36.0337],[138.8053,36.0338],[138.8054,36.0338],[138.8056,36.0339],[138.8057,36.034],[138.8058,36.034],[138.8058,36.0341],[138.806,36.0341],[138.8061,36.0341],[138.8063,36.0341],[138.8065,36.0341],[138.8066,36.0341],[138.8068,36.034],[138.8069,36.0339],[138.8072,36.0338],[138.8077,36.0335],[138.8078,36.0335],[138.808,36.0334],[138.808,36.0333],[138.808,36.0333],[138.808,36.0333],[138.8082,36.0332],[138.8082,36.0332],[138.8083,36.0331],[138.8083,36.0331],[138.8083,36.0331],[138.8084,36.0331],[138.8085,36.0331],[138.8087,36.0331],[138.8088,36.0331],[138.8093,36.0332],[138.8096,36.0333],[138.8097,36.0333],[138.8097,36.0333],[138.8098,36.0334],[138.8099,36.0334],[138.8101,36.0335],[138.8103,36.0335],[138.8106,36.0335],[138.8109,36.0335],[138.8112,36.0335],[138.8114,36.0336],[138.8116,36.0336],[138.8117,36.0336],[138.812,36.0336],[138.8124,36.0335],[138.8125,36.0335],[138.8128,36.0335],[138.8132,36.0335],[138.8133,36.0335],[138.8136,36.0335],[138.8138,36.0335],[138.8139,36.0336],[138.8141,36.0337],[138.8145,36.0341],[138.8146,36.0343],[138.8148,36.0343],[138.8148,36.0344],[138.815,36.0345],[138.8152,36.0347],[138.8154,36.0349],[138.8157,36.0354],[138.8158,36.0354],[138.8159,36.0355],[138.8163,36.0355],[138.8167,36.0355],[138.8167,36.0355],[138.8168,36.0355],[138.8171,36.0355],[138.818,36.0356],[138.8181,36.0356],[138.8182,36.0357],[138.8185,36.0357],[138.8188,36.0358],[138.8188,36.0359],[138.819,36.0359],[138.8192,36.036],[138.8193,36.0361],[138.8196,36.0361],[138.82,36.0362],[138.8202,36.0362],[138.8205,36.0363],[138.8207,36.0363],[138.8208,36.0364],[138.8209,36.0364],[138.8211,36.0365],[138.8211,36.0366],[138.8212,36.0366],[138.8214,36.0367],[138.8215,36.0367],[138.8216,36.0367],[138.8218,36.0367],[138.822,36.0367],[138.822,36.0367],[138.8222,36.0366],[138.8224,36.0365],[138.8226,36.0364],[138.8228,36.0364],[138.8229,36.0364],[138.8231,36.0364],[138.8232,36.0364],[138.8234,36.0365],[138.8236,36.0365],[138.8238,36.0366],[138.824,36.0367],[138.8241,36.0367],[138.8243,36.0368],[138.8244,36.0368],[138.8245,36.0368],[138.8246,36.0368],[138.8247,36.0368],[138.8247,36.0368],[138.8248,36.0368],[138.8249,36.0369],[138.825,36.0369],[138.825,36.037],[138.825,36.037],[138.8252,36.0371],[138.8254,36.0372],[138.8255,36.0373],[138.8255,36.0374],[138.8256,36.0374],[138.8257,36.0374],[138.8257,36.0375],[138.8258,36.0375],[138.8259,36.0375],[138.826,36.0374],[138.8263,36.0374],[138.8265,36.0374],[138.8271,36.0374],[138.8277,36.0373],[138.8278,36.0374],[138.828,36.0373],[138.8281,36.0373],[138.8283,36.0373],[138.8284,36.0373],[138.8285,36.0374],[138.8285,36.0377],[138.8286,36.038],[138.8287,36.0381],[138.8287,36.0382],[138.8288,36.0383],[138.8289,36.0384],[138.8289,36.0386],[138.829,36.0387],[138.829,36.0389],[138.829,36.0393],[138.829,36.0395],[138.829,36.0397],[138.829,36.0399],[138.829,36.0404],[138.8291,36.0409],[138.8291,36.0413],[138.8291,36.0416],[138.8291,36.0417],[138.8291,36.0417],[138.8292,36.0419],[138.8293,36.0419],[138.8295,36.0421],[138.8296,36.0422],[138.8299,36.0424],[138.8301,36.0426],[138.8302,36.0427],[138.8303,36.0429],[138.8304,36.0432],[138.8305,36.0433],[138.8307,36.0434],[138.8309,36.0436],[138.831,36.0437],[138.8311,36.0437],[138.8314,36.0441],[138.8314,36.0441],[138.8315,36.0442],[138.8316,36.0445],[138.8318,36.0448],[138.8319,36.045],[138.8319,36.0453],[138.832,36.0456],[138.832,36.0458],[138.8321,36.046],[138.8322,36.0463],[138.8324,36.0466],[138.8325,36.0467],[138.8325,36.0468],[138.8323,36.0469],[138.8321,36.0469],[138.832,36.0472],[138.832,36.0473],[138.832,36.0474],[138.832,36.0475],[138.8321,36.0476],[138.8322,36.0477],[138.8324,36.0478],[138.8327,36.0479],[138.833,36.048],[138.8331,36.048],[138.8333,36.0481],[138.8333,36.0481],[138.8333,36.0481],[138.8336,36.0482],[138.8338,36.0484],[138.8338,36.0484],[138.834,36.0487],[138.8342,36.0489],[138.8344,36.0493],[138.8344,36.0495],[138.8345,36.0499],[138.8346,36.05],[138.8346,36.05],[138.8346,36.0501],[138.8346,36.0502],[138.8347,36.0502],[138.8348,36.0502],[138.8349,36.0501],[138.8352,36.05],[138.8352,36.05],[138.8354,36.0499],[138.8357,36.0498],[138.8359,36.0496],[138.8361,36.0496],[138.8363,36.0496],[138.8365,36.0496],[138.8369,36.0497],[138.8373,36.0498],[138.8375,36.0499],[138.8376,36.05],[138.8377,36.05],[138.8377,36.05],[138.8378,36.0501],[138.838,36.0503],[138.8382,36.0504],[138.8387,36.0509],[138.839,36.0512],[138.839,36.0513],[138.8391,36.0514],[138.8392,36.0518],[138.8393,36.0521],[138.8395,36.0523],[138.8397,36.0527],[138.8398,36.0528],[138.84,36.0532],[138.8403,36.0536],[138.8403,36.0537],[138.8404,36.0539],[138.8407,36.0542],[138.8409,36.0545],[138.8411,36.0546],[138.8414,36.0548],[138.8415,36.0548],[138.8416,36.0549],[138.8417,36.0549],[138.8417,36.0549],[138.8418,36.055],[138.8419,36.0551],[138.8422,36.0554],[138.8424,36.0555],[138.8426,36.0557],[138.8428,36.0558],[138.8429,36.056],[138.8431,36.0562],[138.8431,36.0564],[138.8433,36.0568],[138.8434,36.0571],[138.8435,36.0573],[138.8437,36.0576],[138.8437,36.0581],[138.8437,36.0583],[138.8437,36.0583],[138.8437,36.059],[138.8437,36.0591],[138.8438,36.0592],[138.8439,36.0595],[138.844,36.0597],[138.8441,36.0599],[138.8444,36.06],[138.8448,36.0604],[138.8449,36.0606],[138.8451,36.0609],[138.8453,36.0611],[138.8453,36.0613],[138.8453,36.0614],[138.8453,36.0615],[138.8453,36.0617],[138.8453,36.0618],[138.8451,36.0619],[138.845,36.062],[138.845,36.062],[138.845,36.0621],[138.845,36.0623],[138.8452,36.0627],[138.8453,36.0631],[138.8454,36.0634],[138.8454,36.0637],[138.8454,36.0641],[138.8455,36.0646],[138.8455,36.065],[138.8455,36.0651],[138.8457,36.0656],[138.8458,36.0662],[138.8459,36.0663],[138.846,36.0665],[138.846,36.0666],[138.8461,36.0667],[138.8461,36.0667],[138.8463,36.0667],[138.8467,36.0669],[138.847,36.067],[138.8471,36.0671],[138.8473,36.0672],[138.8475,36.0672],[138.8478,36.0672],[138.8481,36.0672],[138.8484,36.0673],[138.8486,36.0673],[138.8487,36.0673],[138.8489,36.0674],[138.8491,36.0675],[138.8493,36.0677],[138.8495,36.0679],[138.8497,36.0681],[138.8497,36.0682],[138.8498,36.0682],[138.85,36.0684],[138.85,36.0684],[138.85,36.0684],[138.8502,36.0686],[138.8504,36.0689],[138.8506,36.0692],[138.8507,36.0692],[138.8508,36.0693],[138.8509,36.0693],[138.8512,36.0693],[138.8516,36.0692],[138.8519,36.0692],[138.8523,36.0691],[138.8526,36.0691],[138.8533,36.0691],[138.8535,36.0691],[138.8536,36.0691],[138.8538,36.069],[138.854,36.0689],[138.8542,36.0688],[138.8544,36.0687],[138.8546,36.0686],[138.8546,36.0686],[138.8547,36.0685],[138.8548,36.0685],[138.855,36.0685],[138.8551,36.0686],[138.8553,36.0686],[138.8555,36.0687],[138.8556,36.0687],[138.8558,36.0688],[138.856,36.0688],[138.8562,36.0689],[138.8564,36.069],[138.8569,36.0691],[138.8572,36.0691],[138.8575,36.0692],[138.8578,36.0694],[138.858,36.0695],[138.8583,36.0696],[138.8583,36.0696],[138.8583,36.0696],[138.8585,36.0697],[138.8588,36.0698],[138.8592,36.0699],[138.8593,36.07],[138.8594,36.0701],[138.8597,36.0702],[138.86,36.0706],[138.8601,36.0707],[138.8602,36.0708],[138.8604,36.0709],[138.8606,36.071],[138.8607,36.0711],[138.861,36.0711],[138.8613,36.0713],[138.8615,36.0714],[138.8615,36.0714],[138.8616,36.0716],[138.8617,36.0717],[138.8618,36.0718],[138.8618,36.0719],[138.8619,36.0722],[138.8619,36.0725],[138.8619,36.0727],[138.8619,36.0729],[138.862,36.073],[138.8621,36.0732],[138.8623,36.0734],[138.8624,36.0735],[138.8626,36.0736],[138.8628,36.0738],[138.863,36.074],[138.8633,36.0742],[138.8637,36.0745],[138.8638,36.0747],[138.864,36.0749],[138.864,36.0749],[138.864,36.075],[138.864,36.075],[138.864,36.075],[138.8639,36.0752],[138.864,36.0753],[138.8641,36.0754],[138.8642,36.0756],[138.8643,36.0757],[138.8642,36.0759],[138.8642,36.0759],[138.8641,36.076],[138.8641,36.0761],[138.864,36.0762],[138.864,36.0764],[138.8641,36.0766],[138.8642,36.0768],[138.8642,36.077],[138.8643,36.0771],[138.8645,36.0772],[138.8646,36.0772],[138.8648,36.0773],[138.8651,36.0775],[138.8653,36.0775],[138.8655,36.0775],[138.8657,36.0775],[138.8659,36.0776],[138.8661,36.0776],[138.8664,36.0777],[138.8666,36.0778],[138.8667,36.0778],[138.8667,36.0778],[138.867,36.0779],[138.8672,36.0779],[138.8674,36.078],[138.8675,36.0781],[138.8675,36.0782],[138.8677,36.0785],[138.8678,36.0787],[138.8679,36.0787],[138.868,36.0788],[138.8682,36.0788],[138.8686,36.0789],[138.869,36.0789],[138.8693,36.079],[138.8695,36.079],[138.8696,36.079],[138.8697,36.079],[138.8699,36.0791],[138.87,36.0791],[138.8703,36.0792],[138.8705,36.0793],[138.8707,36.0793],[138.8708,36.0793],[138.8715,36.0793],[138.8717,36.0794],[138.8718,36.0794],[138.8719,36.0795],[138.872,36.0796],[138.8722,36.0799],[138.8724,36.0802],[138.873,36.0805],[138.8734,36.0808],[138.8739,36.0811],[138.8745,36.0813],[138.875,36.0815],[138.875,36.0815],[138.8756,36.0818],[138.8761,36.082],[138.8768,36.0822],[138.8772,36.0824],[138.8773,36.0824],[138.8778,36.0826],[138.8786,36.0827],[138.8797,36.0831],[138.8802,36.0833],[138.8804,36.0833],[138.8805,36.0833],[138.8805,36.0833],[138.8816,36.0835],[138.8827,36.0837],[138.8833,36.0837],[138.8833,36.0837],[138.8834,36.0837],[138.884,36.0836],[138.8846,36.0836],[138.8849,36.0835],[138.885,36.0837],[138.8852,36.0838],[138.8858,36.0841],[138.8859,36.0841],[138.886,36.0841],[138.8864,36.0841],[138.8867,36.0842],[138.8868,36.0842],[138.887,36.0843],[138.8876,36.0847],[138.8876,36.0847],[138.888,36.085],[138.8882,36.0852],[138.8883,36.0853],[138.8884,36.0855],[138.8886,36.0856],[138.8887,36.0857],[138.8891,36.0859],[138.8894,36.086],[138.8896,36.0862],[138.8897,36.0863],[138.8898,36.0865],[138.8898,36.0866],[138.8899,36.0866],[138.8899,36.0866],[138.8901,36.0866],[138.8903,36.0867],[138.8905,36.0868],[138.8907,36.0869],[138.891,36.0872],[138.8912,36.0874],[138.8915,36.0876],[138.8917,36.0876],[138.8917,36.0876],[138.8918,36.0877],[138.8921,36.0877],[138.8924,36.0878],[138.8926,36.0878],[138.8932,36.0877],[138.8935,36.0876],[138.8936,36.0876],[138.8938,36.0875],[138.8945,36.0875],[138.8948,36.0875],[138.8951,36.0877],[138.8953,36.0879],[138.8955,36.088],[138.8958,36.0882],[138.8961,36.0885],[138.8964,36.0887],[138.8966,36.089],[138.8967,36.0891],[138.897,36.0894],[138.8972,36.0895],[138.8975,36.0897],[138.8977,36.09],[138.8977,36.0901],[138.8977,36.0902],[138.8977,36.0904],[138.8979,36.0907],[138.8982,36.0907],[138.8988,36.0908],[138.8991,36.0909],[138.8994,36.0909],[138.8998,36.0909],[138.9,36.0909],[138.9,36.0908],[138.9,36.0908],[138.9002,36.0908],[138.9004,36.0907],[138.9007,36.0907],[138.9009,36.0907],[138.9009,36.0907],[138.9011,36.0907],[138.9013,36.0908],[138.9015,36.0909],[138.9017,36.0911],[138.9019,36.0913],[138.9022,36.0915],[138.9022,36.0915],[138.9025,36.0916],[138.9027,36.0916],[138.9032,36.0916],[138.9037,36.0915],[138.904,36.0916],[138.9044,36.0916],[138.9048,36.0917],[138.9048,36.0917],[138.9048,36.0917],[138.9051,36.0917],[138.9055,36.0918],[138.9059,36.0919],[138.9064,36.0919],[138.9072,36.092],[138.9073,36.092],[138.9075,36.092],[138.9078,36.0921],[138.908,36.092],[138.9082,36.0919],[138.9083,36.0918],[138.9083,36.0918],[138.9086,36.0917],[138.9086,36.0917],[138.9086,36.0917],[138.9088,36.0916],[138.9092,36.0912],[138.9095,36.0911],[138.9098,36.091],[138.9101,36.0909],[138.9104,36.0908],[138.9107,36.0908],[138.911,36.0908],[138.9112,36.0909],[138.9116,36.091],[138.9118,36.0912],[138.9122,36.0914],[138.9125,36.0915],[138.9127,36.0916],[138.9129,36.0916],[138.9131,36.0917],[138.9131,36.0917],[138.9131,36.0917],[138.9133,36.0918],[138.9135,36.0918],[138.9136,36.092],[138.9137,36.0921],[138.914,36.0925],[138.9142,36.0927],[138.9144,36.0928],[138.915,36.0931],[138.9153,36.0932],[138.9155,36.0933],[138.916,36.0936],[138.9163,36.0937],[138.9165,36.0937],[138.9167,36.0936],[138.9167,36.0936],[138.9167,36.0935],[138.917,36.0934],[138.9172,36.0932],[138.9175,36.0931],[138.9176,36.093],[138.9178,36.093],[138.9181,36.093],[138.9184,36.0929],[138.9189,36.0927],[138.9192,36.0926],[138.9194,36.0925],[138.9197,36.0923],[138.92,36.0921],[138.9203,36.0919],[138.9205,36.0918],[138.9206,36.0917],[138.9206,36.0917],[138.9206,36.0916],[138.9208,36.0915],[138.9209,36.0914],[138.9212,36.0914],[138.9216,36.0913],[138.922,36.0911],[138.9223,36.091],[138.9227,36.0909],[138.923,36.0909],[138.9232,36.0908],[138.9234,36.0909],[138.9236,36.0909],[138.924,36.0909],[138.9243,36.0909],[138.9248,36.0908],[138.925,36.0907],[138.925,36.0907],[138.9252,36.0905],[138.9254,36.0904],[138.9255,36.0902],[138.9256,36.0899],[138.9257,36.0896],[138.9258,36.0893],[138.9262,36.0892],[138.9263,36.0892],[138.9265,36.0892],[138.9268,36.0892],[138.9271,36.0892],[138.9277,36.0892],[138.9281,36.0892],[138.9284,36.0892],[138.9286,36.0891],[138.9288,36.0889],[138.9291,36.0887],[138.9294,36.0886],[138.9298,36.0885],[138.9303,36.0883],[138.9305,36.0883],[138.9306,36.0882],[138.9311,36.0881],[138.9315,36.0881],[138.9317,36.0882],[138.9321,36.0886],[138.9323,36.0888],[138.9325,36.089],[138.9328,36.0893],[138.933,36.0894],[138.9332,36.0896],[138.9333,36.0897],[138.9333,36.0897],[138.9334,36.0897],[138.9335,36.0898],[138.9337,36.09],[138.9338,36.0901],[138.934,36.0903],[138.9342,36.0904],[138.9344,36.0905],[138.9346,36.0906],[138.9348,36.0907],[138.9351,36.0907],[138.9352,36.0908],[138.9354,36.0909],[138.9356,36.091],[138.9357,36.091],[138.9359,36.0911],[138.9361,36.0913],[138.9364,36.0914],[138.937,36.0917],[138.937,36.0917],[138.937,36.0917],[138.9373,36.0918],[138.9374,36.0921],[138.9377,36.0925],[138.9379,36.0928],[138.9381,36.0929],[138.9387,36.093],[138.939,36.093],[138.9392,36.093],[138.9396,36.0931],[138.9399,36.0932],[138.9401,36.0933],[138.9407,36.0935],[138.941,36.0937],[138.9414,36.0938],[138.9416,36.0939],[138.9417,36.0939],[138.9417,36.0939],[138.9418,36.0939],[138.9422,36.0941],[138.9426,36.0941],[138.943,36.0941],[138.9433,36.0941],[138.9436,36.0942],[138.9438,36.0942],[138.9441,36.0943],[138.9446,36.0945],[138.9448,36.0945],[138.9451,36.0946],[138.9452,36.0948],[138.9455,36.0953],[138.9456,36.0955],[138.9457,36.0958],[138.9458,36.0958],[138.9461,36.0962],[138.9462,36.0964],[138.9464,36.0966],[138.9465,36.0966],[138.9468,36.0967],[138.9469,36.0968],[138.947,36.0968],[138.9472,36.097],[138.9473,36.0972],[138.9478,36.0976],[138.9478,36.0976],[138.9479,36.0978],[138.9481,36.098],[138.9483,36.0983],[138.9485,36.0984],[138.9487,36.0986],[138.9489,36.0987],[138.9495,36.0989],[138.9499,36.099],[138.95,36.0991],[138.95,36.0991],[138.9501,36.0992],[138.9503,36.0994],[138.9504,36.0996],[138.9505,36.0998],[138.9504,36.1],[138.9504,36.1],[138.9504,36.1001],[138.9503,36.1003],[138.9503,36.1005],[138.9503,36.1008],[138.9503,36.101],[138.9505,36.1013],[138.9505,36.1015],[138.9506,36.1018],[138.9506,36.102],[138.9508,36.1022],[138.9509,36.1024],[138.9511,36.1027],[138.9513,36.1028],[138.9515,36.1031],[138.9518,36.1032],[138.952,36.1034],[138.9523,36.1035],[138.9528,36.1037],[138.9531,36.1039],[138.9533,36.104],[138.9538,36.1043],[138.9541,36.1045],[138.9544,36.1046],[138.9544,36.1047],[138.9545,36.1049],[138.9547,36.1051],[138.9548,36.1054],[138.955,36.1056],[138.9552,36.1057],[138.9555,36.1057],[138.9558,36.1057],[138.9561,36.1057],[138.9563,36.1057],[138.9566,36.1057],[138.9566,36.1058],[138.9566,36.106],[138.9567,36.1062],[138.9567,36.1064],[138.9569,36.1067],[138.957,36.1069],[138.9572,36.1071],[138.9573,36.1073],[138.9574,36.1073],[138.9578,36.1075],[138.9578,36.1075],[138.9579,36.1076],[138.9579,36.1078],[138.9579,36.1081],[138.9578,36.1083],[138.9578,36.1083],[138.9578,36.1084],[138.9578,36.1087],[138.9578,36.1089],[138.9578,36.1091],[138.9579,36.1093],[138.958,36.1096],[138.958,36.1099],[138.9579,36.1101],[138.9576,36.1103],[138.9574,36.1104],[138.9572,36.1106],[138.957,36.1107],[138.9568,36.111],[138.9566,36.1112],[138.9564,36.1114],[138.9563,36.1117],[138.9563,36.1117],[138.9563,36.1119],[138.9563,36.1121],[138.9563,36.1124],[138.9564,36.1126],[138.9564,36.1127],[138.9565,36.1129],[138.9565,36.113],[138.9565,36.1132],[138.9565,36.1134],[138.9565,36.1136],[138.9566,36.1142],[138.9566,36.1144],[138.9566,36.1147],[138.9566,36.1148],[138.9567,36.1151],[138.9569,36.1154],[138.9569,36.1155],[138.9569,36.1156],[138.9569,36.1158],[138.957,36.1162],[138.957,36.1164],[138.957,36.1167],[138.957,36.1167],[138.957,36.1167],[138.957,36.1169],[138.9571,36.1172],[138.9572,36.1175],[138.9572,36.1177],[138.9572,36.1179],[138.9573,36.1181],[138.9574,36.1182],[138.9576,36.1184],[138.9578,36.1185],[138.958,36.1186],[138.9581,36.1187],[138.9582,36.1187],[138.9582,36.1189],[138.9583,36.1192],[138.9583,36.1195],[138.9583,36.1197],[138.9583,36.1198],[138.9584,36.1199],[138.9585,36.1202],[138.9586,36.1205],[138.9587,36.1206],[138.9587,36.1208],[138.9587,36.1211],[138.9587,36.1214],[138.9586,36.1215],[138.9586,36.1217],[138.9586,36.1219],[138.9586,36.1221],[138.9586,36.1223],[138.9586,36.1224],[138.9586,36.1226],[138.9585,36.1228],[138.9583,36.1231],[138.9583,36.1231],[138.9583,36.1233],[138.9583,36.1236],[138.9583,36.1236],[138.9584,36.1238],[138.9584,36.124],[138.9585,36.1241],[138.9587,36.1242],[138.9587,36.1241],[138.9592,36.1241],[138.9593,36.124],[138.9596,36.124],[138.9599,36.1241],[138.9602,36.1242],[138.9605,36.1243],[138.9607,36.1244],[138.9607,36.1244],[138.9607,36.1244],[138.9608,36.1245],[138.9609,36.1245],[138.9612,36.1247],[138.9615,36.1249],[138.9617,36.125],[138.9617,36.125],[138.9617,36.1251],[138.9619,36.1252],[138.9622,36.1254],[138.9624,36.1255],[138.9627,36.1256],[138.9627,36.1256],[138.9629,36.1256],[138.9633,36.1258],[138.9637,36.1258],[138.9639,36.1259],[138.9642,36.1259],[138.9642,36.1259],[138.9644,36.1259],[138.9645,36.1259],[138.9646,36.1259],[138.9649,36.1258],[138.9651,36.1257],[138.9653,36.1255],[138.9657,36.1251],[138.9658,36.125],[138.9658,36.125],[138.966,36.1249],[138.9661,36.1248],[138.9664,36.1246],[138.9666,36.1244],[138.9667,36.1244],[138.9667,36.1244],[138.9669,36.1243],[138.9669,36.1243],[138.967,36.1243],[138.9672,36.1243],[138.9676,36.1242],[138.9679,36.1242],[138.9683,36.1243],[138.9685,36.1243],[138.9688,36.1244],[138.9689,36.1244],[138.969,36.1245],[138.9695,36.1245],[138.9697,36.1244],[138.9699,36.1244],[138.97,36.1242],[138.9701,36.124],[138.9702,36.124],[138.9704,36.1236],[138.9708,36.1232],[138.971,36.123],[138.9712,36.1228],[138.9717,36.1225],[138.9722,36.1222],[138.9727,36.122],[138.9731,36.1218],[138.9733,36.1217],[138.9736,36.1215],[138.9738,36.1213],[138.974,36.1209],[138.974,36.1208],[138.974,36.1206],[138.9739,36.1204],[138.9739,36.1201],[138.9739,36.1199],[138.974,36.1198],[138.9741,36.1196],[138.9742,36.1195],[138.9743,36.1194],[138.9745,36.1192],[138.9747,36.1191],[138.975,36.1189],[138.975,36.1189],[138.9751,36.1188],[138.9754,36.1186],[138.9756,36.1185],[138.9756,36.1184],[138.9758,36.1182],[138.976,36.1179],[138.9763,36.1175],[138.9765,36.1172],[138.9767,36.1171],[138.9768,36.117],[138.9771,36.1168],[138.9773,36.1167],[138.9773,36.1167],[138.9774,36.1166],[138.9776,36.1164],[138.9778,36.1163],[138.9781,36.1162],[138.9783,36.1161],[138.9784,36.1161],[138.9787,36.116],[138.9791,36.116],[138.9795,36.1161],[138.9798,36.1162],[138.9802,36.1164],[138.9804,36.1166],[138.9806,36.1167],[138.9806,36.1167],[138.9807,36.1167],[138.981,36.1169],[138.9812,36.117],[138.9815,36.1171],[138.9818,36.1171],[138.982,36.117],[138.9821,36.117],[138.9824,36.1169],[138.9824,36.1169],[138.9826,36.1168],[138.9826,36.1167],[138.9827,36.1167],[138.9827,36.1167],[138.9828,36.1166],[138.9829,36.1166],[138.9832,36.1163],[138.9833,36.1163],[138.9833,36.1163],[138.9835,36.1162],[138.9841,36.1158],[138.9844,36.1156],[138.9847,36.1156],[138.9849,36.1155],[138.9853,36.1155],[138.9857,36.1156],[138.9858,36.1157],[138.986,36.1159],[138.9862,36.1161],[138.9863,36.1162],[138.9864,36.1163],[138.9864,36.1164],[138.9864,36.1164],[138.9866,36.1165],[138.9867,36.1167],[138.9867,36.1167],[138.9869,36.117],[138.987,36.1173],[138.9872,36.1175],[138.9873,36.1176],[138.9876,36.1176],[138.9878,36.1176],[138.9881,36.1176],[138.9884,36.1176],[138.9886,36.1176],[138.9888,36.1177],[138.989,36.1177],[138.9892,36.1178],[138.9893,36.1179],[138.9894,36.1181],[138.9895,36.1182],[138.9896,36.1184],[138.9896,36.1184],[138.9897,36.1186],[138.9897,36.1188],[138.9897,36.1189],[138.9897,36.1191],[138.9897,36.1192],[138.9898,36.1194],[138.9899,36.1195],[138.9899,36.1195],[138.9901,36.1198],[138.9902,36.1199],[138.9904,36.12],[138.9906,36.1204],[138.9906,36.1204],[138.9907,36.1206],[138.9908,36.1209],[138.9909,36.1213],[138.991,36.1215],[138.991,36.1215],[138.9911,36.1218],[138.9911,36.1219],[138.9912,36.1219],[138.9916,36.1225],[138.9917,36.1226],[138.9917,36.1226],[138.9918,36.1228],[138.9921,36.1232],[138.9922,36.1233],[138.9924,36.1236],[138.9926,36.1239],[138.9929,36.1243],[138.993,36.1245],[138.9933,36.1247],[138.9935,36.1249],[138.9937,36.125],[138.9938,36.125],[138.9938,36.125],[138.9939,36.125],[138.9942,36.1252],[138.9946,36.1253],[138.9947,36.1253],[138.995,36.1254],[138.9952,36.1255],[138.9957,36.1255],[138.9959,36.1256],[138.9959,36.1256],[138.9962,36.1256],[138.9966,36.1256],[138.9968,36.1257],[138.9976,36.1255],[138.9979,36.1255],[138.9988,36.1253],[139,36.1251],[139,36.1251],[139,36.1251],[139.0002,36.1251],[139.0008,36.125],[139.0008,36.125],[139.001,36.125],[139.0011,36.125],[139.0011,36.125],[139.0013,36.125],[139.0013,36.125],[139.0014,36.125],[139.0017,36.1252],[139.0017,36.1252],[139.0018,36.1252],[139.002,36.1253],[139.0023,36.1256],[139.0023,36.1256],[139.0024,36.1257],[139.0028,36.126],[139.003,36.1262],[139.0034,36.1266],[139.0037,36.1269],[139.0039,36.1271],[139.0041,36.1273],[139.0044,36.1275],[139.0045,36.1276],[139.0047,36.1278],[139.0055,36.1285],[139.0058,36.1288],[139.0059,36.1288],[139.0064,36.1292],[139.0066,36.1294],[139.0067,36.1295],[139.0067,36.1296],[139.0068,36.1297],[139.0068,36.1297],[139.0067,36.13],[139.0067,36.13],[139.0066,36.1302],[139.0066,36.1302],[139.0065,36.1302],[139.0063,36.1304],[139.0063,36.1304],[139.006,36.1306],[139.0059,36.1306],[139.0058,36.1307],[139.0052,36.131],[139.0049,36.1311],[139.0048,36.1312],[139.0046,36.1313],[139.0041,36.1316],[139.004,36.1317],[139.0039,36.1319],[139.0037,36.1321],[139.0038,36.1324],[139.0038,36.1324],[139.004,36.1327],[139.0041,36.1328],[139.0043,36.133],[139.0045,36.1331],[139.0046,36.1332],[139.0048,36.1333],[139.0048,36.1333],[139.0049,36.1334],[139.0049,36.1334],[139.0049,36.1334],[139.005,36.1334],[139.0051,36.1334],[139.0053,36.1335],[139.0056,36.1334],[139.0057,36.1334],[139.0061,36.1333],[139.0061,36.1333],[139.0064,36.1333],[139.0066,36.1332],[139.0066,36.1332],[139.0071,36.133],[139.0079,36.1326],[139.0083,36.1325],[139.0083,36.1325],[139.0087,36.1323],[139.009,36.1322],[139.0095,36.1321],[139.0099,36.132],[139.0102,36.132],[139.0107,36.1321],[139.0111,36.1322],[139.0114,36.1323],[139.0119,36.1325],[139.0122,36.1327],[139.0125,36.1328],[139.013,36.133],[139.0132,36.1331],[139.0135,36.1332],[139.0138,36.1333],[139.0138,36.1333],[139.014,36.1335],[139.0142,36.1335],[139.0146,36.1338],[139.0151,36.134],[139.0154,36.1341],[139.0156,36.1341],[139.0158,36.1338],[139.0161,36.1334],[139.0161,36.1333],[139.0161,36.1333],[139.0162,36.133],[139.0164,36.1327],[139.0166,36.1325],[139.0167,36.1324],[139.0167,36.1323],[139.0167,36.1323],[139.0175,36.1319],[139.0178,36.1317],[139.0187,36.1314],[139.0191,36.1312],[139.0195,36.1311],[139.0199,36.131],[139.0202,36.1311],[139.0205,36.1311],[139.0211,36.1313],[139.0216,36.1316],[139.0222,36.132],[139.0224,36.1323],[139.0225,36.1324],[139.0225,36.1324],[139.0226,36.1325],[139.0226,36.1325],[139.0232,36.1333],[139.0232,36.1333],[139.0232,36.1333],[139.0232,36.1333],[139.0233,36.1334],[139.0235,36.1336],[139.0238,36.1339],[139.0239,36.134],[139.0243,36.1341],[139.0246,36.1341],[139.0247,36.1341],[139.025,36.134],[139.025,36.134],[139.025,36.134],[139.0252,36.134],[139.0254,36.1339],[139.0254,36.1339],[139.0255,36.1339],[139.0257,36.1338],[139.0258,36.1337],[139.0259,36.1337],[139.026,36.1336],[139.0261,36.1336],[139.0262,36.1335],[139.0264,36.1333],[139.0264,36.1333],[139.0264,36.1333],[139.0266,36.133],[139.0266,36.1328],[139.0266,36.1328],[139.0264,36.1322],[139.0264,36.132],[139.0261,36.1316],[139.026,36.1315],[139.026,36.1314],[139.0259,36.1313],[139.0258,36.1309],[139.0258,36.1308],[139.0257,36.1305],[139.0258,36.1304],[139.0259,36.1304],[139.026,36.1301],[139.0262,36.1301],[139.0263,36.1301],[139.0263,36.1301],[139.0266,36.13],[139.0267,36.1299],[139.027,36.1299],[139.0273,36.1299],[139.0281,36.13],[139.0282,36.13],[139.0284,36.13],[139.0285,36.13],[139.0291,36.1297],[139.0293,36.1294],[139.0299,36.1289],[139.0301,36.1287],[139.0302,36.1286],[139.0305,36.1284],[139.0308,36.1281],[139.0308,36.128],[139.0312,36.1277],[139.0316,36.1275],[139.0318,36.1274],[139.0318,36.1274],[139.0323,36.1272],[139.0323,36.1272],[139.0331,36.1269],[139.0331,36.1269],[139.0333,36.1268],[139.0333,36.1268],[139.0333,36.1268],[139.0336,36.1268],[139.0343,36.1266],[139.035,36.1265],[139.0357,36.1264],[139.0364,36.1263],[139.0366,36.1262],[139.0368,36.1262],[139.0374,36.1263],[139.0379,36.1264],[139.0386,36.1267],[139.039,36.1268],[139.04,36.1271],[139.0402,36.1272],[139.0408,36.1274],[139.0411,36.1276],[139.0413,36.1276],[139.0417,36.1278],[139.0417,36.1278],[139.0419,36.1279],[139.042,36.128],[139.0422,36.1282],[139.0424,36.1284],[139.0424,36.1285],[139.0424,36.1285],[139.0426,36.1287],[139.0426,36.1287],[139.0427,36.1292],[139.0427,36.1294],[139.0427,36.1294],[139.0428,36.1296],[139.0428,36.1297],[139.0429,36.1299],[139.0429,36.13],[139.043,36.1302],[139.0431,36.1304],[139.0432,36.1309],[139.0432,36.131],[139.0432,36.1312],[139.0431,36.1314],[139.043,36.1317],[139.043,36.1318],[139.0429,36.1319],[139.0427,36.1321],[139.0424,36.1324],[139.0423,36.1326],[139.0422,36.1326],[139.042,36.1328],[139.0418,36.1331],[139.0417,36.1332],[139.0417,36.1333],[139.0416,36.1333],[139.0416,36.1333],[139.0416,36.1334],[139.0415,36.1338],[139.0412,36.1344],[139.0411,36.1351],[139.041,36.1355],[139.041,36.1357],[139.041,36.136],[139.0411,36.1365],[139.0412,36.1369],[139.0414,36.1372],[139.0417,36.1375],[139.0417,36.1375],[139.0417,36.1375],[139.0417,36.1376],[139.0417,36.1377],[139.0417,36.1379],[139.0417,36.138],[139.0417,36.1383],[139.0417,36.1384],[139.0417,36.1384],[139.0416,36.1387],[139.0415,36.1389],[139.0414,36.1391],[139.0412,36.1392],[139.0411,36.1393],[139.0411,36.1394],[139.0411,36.1395],[139.0411,36.1396],[139.0412,36.1399],[139.0413,36.1402],[139.0413,36.1405],[139.0413,36.1409],[139.0414,36.1412],[139.0415,36.1416],[139.0415,36.1417],[139.0415,36.1417],[139.0417,36.1424],[139.0417,36.1424],[139.0417,36.1425],[139.0418,36.1426],[139.0418,36.1429],[139.0419,36.1432],[139.0419,36.1435],[139.0419,36.1436],[139.0419,36.1442],[139.042,36.1447],[139.0421,36.1453],[139.0422,36.1456],[139.0423,36.1456],[139.0423,36.146],[139.0424,36.1463],[139.0424,36.1464],[139.0425,36.1468],[139.0426,36.1476],[139.0426,36.1477],[139.0427,36.1479],[139.0427,36.148],[139.0428,36.1481],[139.043,36.1483],[139.0432,36.1483],[139.044,36.1483],[139.0441,36.1483],[139.0448,36.1484],[139.0455,36.1486],[139.0465,36.1489],[139.0468,36.149],[139.0472,36.1493],[139.0472,36.1494],[139.0473,36.1496],[139.0474,36.1498],[139.0474,36.15],[139.0474,36.15],[139.0474,36.15],[139.0474,36.1502],[139.0472,36.1507],[139.0472,36.1508],[139.0471,36.1511],[139.0471,36.1511],[139.0471,36.1513],[139.0472,36.1516],[139.0474,36.1518],[139.0474,36.1519],[139.0475,36.1519],[139.0475,36.1519],[139.0479,36.1522],[139.0482,36.1523],[139.0486,36.1523],[139.049,36.1524],[139.0492,36.1524],[139.0492,36.1524],[139.0493,36.1524],[139.0497,36.1524],[139.05,36.1524],[139.05,36.1524],[139.0503,36.1524],[139.0506,36.1524],[139.0508,36.1524],[139.0512,36.1523],[139.0517,36.1523],[139.0525,36.1524],[139.0529,36.1524],[139.0538,36.1524],[139.0542,36.1524],[139.0548,36.1525],[139.0554,36.1526],[139.056,36.1526],[139.0561,36.1526],[139.0563,36.1526],[139.0568,36.1526],[139.057,36.1525],[139.0576,36.1525],[139.058,36.1525],[139.0583,36.1524],[139.0583,36.1524],[139.0588,36.1523],[139.0592,36.1523],[139.0595,36.1523],[139.0596,36.1523],[139.0602,36.1523],[139.0606,36.1523],[139.061,36.1523],[139.0612,36.1523],[139.0615,36.1524],[139.0618,36.1525],[139.062,36.1527],[139.0622,36.1529],[139.0622,36.1531],[139.0622,36.1531],[139.0622,36.1531],[139.0621,36.1535],[139.062,36.1538],[139.0619,36.1541],[139.0617,36.1544],[139.0615,36.1547],[139.0615,36.1548],[139.0614,36.1549],[139.0614,36.1551],[139.0614,36.1551],[139.0614,36.1554],[139.0614,36.1555],[139.0615,36.156],[139.0616,36.156],[139.0617,36.1564],[139.0618,36.1567],[139.0621,36.1571],[139.0621,36.1573],[139.0624,36.1575],[139.0627,36.1579],[139.0629,36.1581],[139.0633,36.1583],[139.0634,36.1583],[139.0634,36.1583],[139.0635,36.1584],[139.0636,36.1586],[139.0637,36.1587],[139.0637,36.1588],[139.0638,36.1589],[139.0638,36.1591],[139.0637,36.1596],[139.0635,36.1599],[139.0635,36.16],[139.0634,36.1601],[139.0633,36.1605],[139.063,36.1613],[139.0628,36.1617],[139.0627,36.1617],[139.0626,36.1618],[139.0624,36.162],[139.0623,36.1623],[139.0621,36.1625],[139.0619,36.1626],[139.0614,36.163],[139.061,36.1632],[139.0609,36.1633],[139.0606,36.1635],[139.0601,36.1637],[139.0598,36.1638],[139.0591,36.1641],[139.0587,36.1643],[139.0584,36.1645],[139.0583,36.1647],[139.0583,36.1647],[139.0583,36.1647],[139.0583,36.1651],[139.0583,36.1651],[139.0583,36.1651],[139.0584,36.1652],[139.0585,36.1653],[139.0587,36.1654],[139.0591,36.1654],[139.0593,36.1655],[139.0594,36.1656],[139.0594,36.1659],[139.0594,36.166],[139.0594,36.1665],[139.0593,36.1666],[139.0593,36.1666],[139.0593,36.1667],[139.0593,36.1667],[139.0593,36.1667],[139.0591,36.1668],[139.0588,36.1669],[139.0584,36.167],[139.0583,36.1671],[139.0583,36.1671],[139.0583,36.1672],[139.0582,36.1673],[139.0583,36.1676],[139.0583,36.1677],[139.0583,36.1677],[139.0584,36.168],[139.0584,36.1682],[139.0584,36.1682],[139.0584,36.1682],[139.0583,36.1687],[139.0583,36.1687],[139.0583,36.1687],[139.0583,36.1689],[139.0578,36.1691],[139.0577,36.1693],[139.0575,36.1696],[139.0575,36.1698],[139.0575,36.1703],[139.0574,36.1706],[139.0576,36.1709],[139.0577,36.1714],[139.0577,36.1715],[139.0577,36.1715],[139.0578,36.1719],[139.0578,36.1725],[139.0578,36.1734],[139.0576,36.1744],[139.0575,36.175],[139.0575,36.175],[139.0574,36.1755],[139.0572,36.177],[139.0566,36.1792],[139.0566,36.1794],[139.0565,36.1795],[139.0564,36.1805],[139.0564,36.1807],[139.0565,36.1814],[139.0565,36.1814],[139.0567,36.1822],[139.0567,36.1824],[139.0568,36.1826],[139.0569,36.1827],[139.0569,36.1828],[139.0573,36.1833],[139.0573,36.1833],[139.0573,36.1833],[139.0577,36.1837],[139.0582,36.184],[139.0583,36.1841],[139.0583,36.1841],[139.059,36.1845],[139.0598,36.1848],[139.0605,36.185],[139.0611,36.185],[139.0618,36.1853],[139.0619,36.1854],[139.0626,36.1856],[139.0629,36.1858],[139.063,36.1858],[139.063,36.1858],[139.0631,36.1858],[139.0633,36.186],[139.0638,36.1863],[139.0642,36.1866],[139.0643,36.1867],[139.0644,36.187],[139.0645,36.1872],[139.0647,36.1881],[139.0647,36.1886],[139.0647,36.1887],[139.0646,36.189],[139.0646,36.1894],[139.0645,36.1896],[139.0644,36.1901],[139.0642,36.1909],[139.064,36.1917],[139.064,36.1917],[139.0639,36.1921],[139.0638,36.1925],[139.0638,36.1927],[139.0638,36.1928],[139.0637,36.1931],[139.0636,36.1935],[139.0635,36.1942],[139.0633,36.1956],[139.0633,36.1957],[139.0633,36.1958],[139.0634,36.1961],[139.0634,36.1963],[139.0638,36.1969],[139.0638,36.197],[139.0642,36.1973],[139.0642,36.1974],[139.0646,36.1979],[139.0649,36.1982],[139.0652,36.1986],[139.0653,36.1987],[139.0667,36.1998],[139.0667,36.1998],[139.0667,36.1998],[139.0669,36.2],[139.0669,36.2],[139.0685,36.2012],[139.0694,36.2019],[139.0699,36.2022],[139.0703,36.2025],[139.0707,36.2029],[139.0711,36.2032],[139.0716,36.2035],[139.0719,36.2038],[139.072,36.2038],[139.0728,36.2045],[139.0729,36.2046],[139.0731,36.2048],[139.0735,36.2052],[139.0736,36.2053],[139.0742,36.2059],[139.0743,36.2061],[139.0749,36.2067],[139.075,36.2068],[139.075,36.2068],[139.0755,36.2074],[139.0759,36.2078],[139.0762,36.2082],[139.0763,36.2083],[139.0763,36.2083],[139.0768,36.2089],[139.0775,36.2097],[139.0782,36.2105],[139.0783,36.2106],[139.0789,36.2113],[139.0795,36.2121],[139.0795,36.2121],[139.0796,36.2122],[139.0798,36.2124],[139.0801,36.2128],[139.0807,36.2136],[139.0814,36.2144],[139.0817,36.2149],[139.0819,36.2152],[139.0819,36.2153],[139.0821,36.2155],[139.0824,36.2161],[139.0826,36.2167],[139.0826,36.2167],[139.0828,36.217],[139.083,36.2177],[139.0831,36.218],[139.0831,36.218],[139.0832,36.2182],[139.0832,36.2184],[139.0833,36.2186],[139.0833,36.2186],[139.0835,36.2189],[139.084,36.2198],[139.0841,36.22],[139.0845,36.2206],[139.0849,36.221],[139.0851,36.2214],[139.0857,36.2222],[139.0858,36.2223],[139.0859,36.2226],[139.0862,36.2231],[139.0864,36.2235],[139.087,36.2249],[139.0871,36.225],[139.0871,36.225],[139.0873,36.2254],[139.0881,36.2268],[139.089,36.2284],[139.0899,36.2298],[139.09,36.23],[139.0901,36.2302],[139.0908,36.2311],[139.0917,36.2324],[139.0917,36.2324],[139.0919,36.2326],[139.0924,36.2332],[139.0925,36.2333],[139.0925,36.2333],[139.0927,36.2336],[139.0928,36.2338],[139.0929,36.2339],[139.0932,36.2342],[139.0945,36.2357],[139.0945,36.2357],[139.0947,36.2359],[139.0949,36.2362],[139.0958,36.2372],[139.0961,36.2377],[139.0965,36.2382],[139.0972,36.2393],[139.0984,36.2409],[139.0988,36.2415],[139.0989,36.2417],[139.0989,36.2417],[139.0994,36.2424],[139.0995,36.2426],[139.0998,36.243],[139.1,36.2431],[139.1,36.2432],[139.1,36.2432],[139.1,36.2432],[139.1012,36.2448],[139.1024,36.2464],[139.1024,36.2464],[139.1025,36.2465],[139.1036,36.2479],[139.1042,36.2487],[139.1053,36.2499],[139.1053,36.2499],[139.1053,36.25],[139.1053,36.25],[139.1054,36.2501],[139.1056,36.2503],[139.1056,36.2504],[139.1059,36.2507],[139.1062,36.251],[139.1067,36.2517],[139.1075,36.2526],[139.1078,36.2531],[139.108,36.2536],[139.1081,36.2538],[139.1081,36.2539],[139.1083,36.2542],[139.1083,36.2543],[139.1083,36.2543],[139.1086,36.2548],[139.1088,36.2551],[139.1091,36.2555],[139.1094,36.2561],[139.1097,36.2565],[139.1102,36.2572],[139.1103,36.2574],[139.1105,36.2576],[139.1106,36.2577],[139.1107,36.2578],[139.1109,36.2581],[139.1109,36.2581],[139.111,36.2582],[139.1111,36.2583],[139.1111,36.2583],[139.1112,36.2585],[139.111,36.2585],[139.1109,36.2586],[139.1108,36.2586],[139.1107,36.2586],[139.1103,36.2588],[139.1099,36.2589],[139.1097,36.2591],[139.1091,36.2596],[139.1091,36.2597],[139.109,36.2597],[139.1088,36.2599],[139.1084,36.2602],[139.1083,36.2603],[139.1083,36.2603],[139.1083,36.2603],[139.108,36.2606],[139.1079,36.2607],[139.1078,36.2608],[139.1077,36.261],[139.1077,36.2612],[139.1077,36.2614],[139.1078,36.2617],[139.108,36.262],[139.1083,36.2622],[139.1083,36.2622],[139.1083,36.2622],[139.1089,36.2627],[139.1097,36.2632],[139.1102,36.2635],[139.1107,36.2639],[139.111,36.2642],[139.1118,36.265],[139.1126,36.2659],[139.1131,36.2665],[139.1132,36.2667],[139.1132,36.2667],[139.1133,36.2668],[139.1137,36.267],[139.1138,36.267],[139.1143,36.2672],[139.1151,36.2676],[139.1152,36.2676],[139.1153,36.2677],[139.1159,36.2679],[139.1166,36.2682],[139.1167,36.2682],[139.1167,36.2682],[139.1173,36.2686],[139.1175,36.2686],[139.1176,36.2687],[139.1177,36.2687],[139.1178,36.2688],[139.118,36.2689],[139.1183,36.2692],[139.1185,36.2694],[139.1191,36.2701],[139.1202,36.2712],[139.1204,36.2715],[139.1207,36.2718],[139.1216,36.2727],[139.1218,36.273],[139.1221,36.2734],[139.1228,36.2741],[139.1229,36.2742],[139.1234,36.2748],[139.1235,36.275],[139.1235,36.275],[139.124,36.2755],[139.1241,36.2756],[139.1245,36.2762],[139.125,36.2767],[139.125,36.2767],[139.1251,36.2768],[139.1256,36.2773],[139.1265,36.278],[139.1267,36.2782],[139.1268,36.2783],[139.1269,36.2784],[139.127,36.2785],[139.1271,36.2788],[139.1272,36.279],[139.1272,36.2793],[139.1272,36.2794],[139.1272,36.2794],[139.1273,36.2796],[139.1275,36.2799],[139.1275,36.28],[139.1277,36.2803],[139.1279,36.2807],[139.1283,36.2813],[139.1286,36.2819],[139.129,36.2826],[139.1291,36.2828],[139.1294,36.2832],[139.1294,36.2833],[139.1294,36.2833],[139.1294,36.2833],[139.1297,36.2834],[139.1299,36.2834],[139.1301,36.2834],[139.1301,36.2833],[139.1301,36.2833],[139.1302,36.2833],[139.1303,36.2832],[139.1304,36.283],[139.1305,36.2825],[139.1306,36.2823],[139.1306,36.282],[139.1306,36.282],[139.1307,36.2819],[139.1307,36.2818],[139.1309,36.2816],[139.1314,36.2812],[139.1318,36.2808],[139.132,36.2807],[139.1327,36.2801],[139.1328,36.2801],[139.133,36.2799],[139.1333,36.2796],[139.1333,36.2796],[139.1337,36.2793],[139.1342,36.2789],[139.1344,36.2788],[139.1346,36.2787],[139.1349,36.2787],[139.1351,36.2786],[139.1352,36.2786],[139.1354,36.2785],[139.1355,36.2785],[139.1355,36.2785],[139.1357,36.2784],[139.1357,36.2784]]]],"type":"MultiPolygon"},"properties":{"name":"埼玉","code":"9110","namekana":"さいたま"},"type":"Feature"}]}