{"type":"FeatureCollection","features":[{"geometry":{"type":"Polygon","coordinates":[[[137.279,36.4651],[137.2798,36.4647],[137.2806,36.4647],[137.2817,36.4647],[137.2822,36.4645],[137.2824,36.4644],[137.2827,36.464],[137.2829,36.4636],[137.2833,36.4632],[137.2833,36.4632],[137.2833,36.4631],[137.2837,36.4628],[137.2839,36.4626],[137.284,36.4625],[137.2844,36.4624],[137.2846,36.4623],[137.2851,36.4618],[137.2854,36.4614],[137.2858,36.4613],[137.286,36.4612],[137.2861,36.4613],[137.2864,36.4614],[137.2872,36.4615],[137.2876,36.4616],[137.2878,36.4615],[137.2882,36.4611],[137.2883,36.4608],[137.2885,36.4606],[137.289,36.4604],[137.2894,36.4602],[137.2902,36.46],[137.2909,36.4599],[137.2915,36.4599],[137.2917,36.4599],[137.2917,36.4599],[137.2927,36.4601],[137.293,36.4601],[137.2932,36.46],[137.2935,36.4599],[137.2941,36.4596],[137.2949,36.4594],[137.2953,36.4593],[137.296,36.4591],[137.2972,36.4587],[137.2981,36.4583],[137.2981,36.4583],[137.2983,36.4583],[137.2985,36.4582],[137.299,36.4583],[137.299,36.4583],[137.2991,36.4584],[137.2995,36.4586],[137.2997,36.4589],[137.2998,36.4597],[137.3,36.46],[137.3,36.4601],[137.3,36.4601],[137.3003,36.4604],[137.3006,36.4607],[137.3007,36.4609],[137.3009,36.4614],[137.301,36.4615],[137.3012,36.4616],[137.3018,36.4618],[137.3022,36.4619],[137.3025,36.462],[137.3028,36.462],[137.3032,36.4618],[137.3034,36.4617],[137.3035,36.4618],[137.3036,36.4618],[137.304,36.462],[137.3044,36.4622],[137.3047,36.4626],[137.3049,36.4629],[137.3056,36.4634],[137.3063,36.4638],[137.3066,36.4639],[137.3069,36.4638],[137.3072,36.4637],[137.3081,36.4637],[137.3083,36.4638],[137.3083,36.4638],[137.3085,36.4638],[137.3087,36.4637],[137.3087,36.4634],[137.3088,36.4631],[137.3091,36.4628],[137.3096,36.4626],[137.3101,36.4624],[137.3104,36.4623],[137.3108,36.4621],[137.3115,36.4619],[137.3119,36.4617],[137.3124,36.4616],[137.3126,36.4615],[137.313,36.4613],[137.3134,36.4612],[137.3139,36.4611],[137.3144,36.4611],[137.3152,36.4611],[137.3161,36.4611],[137.3167,36.461],[137.3167,36.461],[137.3168,36.461],[137.317,36.4608],[137.3173,36.4604],[137.3174,36.4601],[137.3174,36.4599],[137.3173,36.4596],[137.317,36.4592],[137.3167,36.4588],[137.3167,36.4588],[137.3166,36.4587],[137.3165,36.4585],[137.3165,36.4583],[137.3165,36.4583],[137.3164,36.4581],[137.3164,36.4581],[137.3164,36.4577],[137.3164,36.4575],[137.3165,36.4571],[137.3166,36.4567],[137.3166,36.4557],[137.3167,36.4552],[137.3167,36.4551],[137.3167,36.4551],[137.3168,36.4545],[137.3168,36.4545],[137.3171,36.4535],[137.3173,36.4528],[137.3174,36.4524],[137.3178,36.4515],[137.3178,36.4512],[137.3175,36.4509],[137.3172,36.4507],[137.317,36.4505],[137.3167,36.4504],[137.3167,36.4504],[137.3166,36.4504],[137.3157,36.4504],[137.3157,36.4504],[137.3152,36.4503],[137.315,36.4502],[137.3148,36.45],[137.3148,36.45],[137.3148,36.4499],[137.3145,36.4495],[137.3144,36.4494],[137.3141,36.4494],[137.3136,36.4492],[137.3134,36.4491],[137.3133,36.4489],[137.3134,36.4486],[137.3136,36.4481],[137.3138,36.4478],[137.3138,36.4474],[137.3138,36.4468],[137.3137,36.4466],[137.3136,36.4463],[137.3134,36.4459],[137.3131,36.4457],[137.3125,36.4454],[137.3123,36.4453],[137.3121,36.4451],[137.312,36.4449],[137.3122,36.4446],[137.3124,36.4444],[137.3126,36.4442],[137.3128,36.4439],[137.313,36.4434],[137.313,36.4434],[137.3131,36.443],[137.3134,36.4425],[137.3138,36.4418],[137.3139,36.4417],[137.3139,36.4417],[137.3139,36.4417],[137.3138,36.4416],[137.3135,36.4416],[137.3129,36.4415],[137.3124,36.4415],[137.3123,36.4415],[137.3123,36.4408],[137.3122,36.4407],[137.3122,36.4407],[137.3112,36.4409],[137.311,36.441],[137.3109,36.4409],[137.3107,36.4408],[137.3105,36.4402],[137.3104,36.4401],[137.3101,36.4401],[137.3093,36.4401],[137.3089,36.44],[137.3088,36.44],[137.3084,36.4395],[137.3083,36.4394],[137.3083,36.4394],[137.3082,36.4392],[137.3081,36.4389],[137.3081,36.4387],[137.3081,36.4386],[137.3082,36.4384],[137.3083,36.4381],[137.3083,36.438],[137.3082,36.4379],[137.3079,36.4379],[137.3076,36.4379],[137.3073,36.4378],[137.307,36.4378],[137.3069,36.4376],[137.3067,36.4373],[137.3066,36.4372],[137.3063,36.4369],[137.3062,36.4368],[137.306,36.4366],[137.3058,36.4365],[137.3053,36.4364],[137.3051,36.4362],[137.3051,36.436],[137.305,36.4358],[137.3051,36.4357],[137.3051,36.4355],[137.3058,36.4352],[137.3063,36.4348],[137.3066,36.4345],[137.3066,36.4345],[137.3065,36.4343],[137.3062,36.4336],[137.3062,36.4333],[137.3062,36.4333],[137.3062,36.4333],[137.3062,36.4329],[137.3065,36.4325],[137.3067,36.4322],[137.307,36.4321],[137.3073,36.4318],[137.3078,36.4317],[137.3083,36.4318],[137.3083,36.4318],[137.3084,36.4318],[137.3087,36.4318],[137.3088,36.4318],[137.3087,36.4315],[137.3086,36.4311],[137.3087,36.4307],[137.3087,36.4304],[137.3086,36.43],[137.3087,36.4297],[137.3089,36.4294],[137.3093,36.429],[137.3095,36.4287],[137.3097,36.4282],[137.3101,36.4277],[137.3107,36.4272],[137.3115,36.4267],[137.312,36.4262],[137.3127,36.4255],[137.3129,36.4253],[137.3135,36.425],[137.3136,36.425],[137.3136,36.425],[137.3138,36.425],[137.3142,36.425],[137.3142,36.425],[137.3143,36.425],[137.3146,36.4251],[137.3149,36.425],[137.315,36.425],[137.315,36.425],[137.3153,36.4249],[137.3155,36.4248],[137.3163,36.4249],[137.3167,36.4249],[137.3167,36.4249],[137.3169,36.4249],[137.3172,36.4249],[137.3176,36.4246],[137.3178,36.4245],[137.3186,36.4244],[137.319,36.4244],[137.3195,36.4245],[137.3198,36.4245],[137.32,36.4247],[137.3201,36.425],[137.3201,36.425],[137.3201,36.4251],[137.3203,36.4253],[137.3207,36.4255],[137.321,36.4256],[137.3213,36.4258],[137.3216,36.426],[137.3218,36.4263],[137.3222,36.4264],[137.3222,36.4264],[137.3226,36.4264],[137.3229,36.4266],[137.3231,36.4268],[137.3236,36.4274],[137.3238,36.4275],[137.324,36.4276],[137.3242,36.4278],[137.3243,36.4281],[137.3244,36.4283],[137.3246,36.4284],[137.325,36.4285],[137.325,36.4285],[137.325,36.4285],[137.3256,36.4285],[137.3263,36.4284],[137.3269,36.4285],[137.3277,36.4287],[137.3282,36.4289],[137.3287,36.4293],[137.3289,36.4296],[137.3291,36.4299],[137.3292,36.4299],[137.3296,36.4302],[137.3307,36.4307],[137.3309,36.4308],[137.3309,36.4308],[137.3311,36.4308],[137.3313,36.4306],[137.332,36.4302],[137.3325,36.4299],[137.3331,36.4298],[137.3333,36.4297],[137.3333,36.4297],[137.3336,36.4297],[137.3342,36.4298],[137.3347,36.4299],[137.3348,36.4301],[137.3348,36.4304],[137.3347,36.4306],[137.3348,36.4307],[137.3349,36.4309],[137.3354,36.4312],[137.3358,36.4317],[137.336,36.4319],[137.3371,36.4326],[137.3373,36.4328],[137.3376,36.4332],[137.3378,36.4333],[137.3378,36.4333],[137.3381,36.4337],[137.3384,36.4339],[137.3386,36.4339],[137.3389,36.4338],[137.3389,36.4338],[137.3398,36.4334],[137.3399,36.4333],[137.3399,36.4333],[137.3401,36.4333],[137.3408,36.4333],[137.3417,36.4333],[137.3417,36.4333],[137.342,36.4333],[137.3427,36.4332],[137.3434,36.4333],[137.3436,36.4333],[137.3441,36.433],[137.3445,36.433],[137.345,36.4332],[137.3451,36.4333],[137.3451,36.4333],[137.3454,36.4336],[137.3464,36.4345],[137.3465,36.4345],[137.3468,36.4343],[137.3475,36.434],[137.3477,36.434],[137.3481,36.4342],[137.3483,36.4342],[137.3485,36.4341],[137.3486,36.434],[137.349,36.4336],[137.3493,36.4333],[137.3494,36.4333],[137.3495,36.4332],[137.35,36.433],[137.35,36.433],[137.3501,36.433],[137.3507,36.4329],[137.3512,36.4329],[137.3514,36.433],[137.3516,36.4333],[137.3516,36.4333],[137.3516,36.4333],[137.3517,36.4336],[137.3516,36.4338],[137.3513,36.434],[137.3512,36.4342],[137.3512,36.4345],[137.3513,36.4347],[137.3516,36.4348],[137.352,36.4347],[137.3523,36.4348],[137.3527,36.4349],[137.3534,36.4349],[137.3545,36.435],[137.3546,36.4351],[137.355,36.4355],[137.3552,36.4356],[137.3562,36.4358],[137.3567,36.4359],[137.3578,36.4362],[137.358,36.4363],[137.3583,36.4366],[137.3583,36.4366],[137.3586,36.4368],[137.3592,36.4381],[137.3592,36.4385],[137.3592,36.439],[137.3594,36.4398],[137.3592,36.4411],[137.359,36.4415],[137.3589,36.4417],[137.3589,36.4417],[137.3583,36.4421],[137.3583,36.4421],[137.3582,36.4423],[137.3579,36.4427],[137.3578,36.4431],[137.3577,36.4432],[137.3578,36.4434],[137.3579,36.4436],[137.3581,36.4443],[137.3583,36.4448],[137.3583,36.4448],[137.3584,36.4448],[137.3586,36.4451],[137.3588,36.4453],[137.3592,36.4455],[137.3596,36.446],[137.3598,36.4463],[137.3603,36.4468],[137.3607,36.447],[137.3608,36.4472],[137.3609,36.4479],[137.3613,36.4486],[137.3615,36.449],[137.3615,36.4498],[137.3615,36.45],[137.3615,36.45],[137.3615,36.4501],[137.3616,36.4501],[137.3625,36.4501],[137.3629,36.4502],[137.3635,36.4502],[137.3642,36.4505],[137.3651,36.4508],[137.3656,36.4508],[137.3663,36.4508],[137.3665,36.4509],[137.3667,36.451],[137.3667,36.451],[137.3676,36.4518],[137.3684,36.4525],[137.3692,36.4529],[137.3704,36.4533],[137.3703,36.4536],[137.3707,36.4536],[137.3707,36.4534],[137.372,36.4535],[137.3724,36.4535],[137.3731,36.4536],[137.3735,36.4536],[137.374,36.4531],[137.3742,36.453],[137.3745,36.453],[137.375,36.4531],[137.375,36.4531],[137.3752,36.4531],[137.3754,36.4531],[137.3757,36.4529],[137.3763,36.4524],[137.3765,36.4523],[137.3768,36.4523],[137.3774,36.4526],[137.378,36.4527],[137.3785,36.4531],[137.3787,36.4534],[137.379,36.454],[137.3797,36.4549],[137.3798,36.455],[137.3799,36.4549],[137.3803,36.4547],[137.3805,36.4547],[137.3807,36.4547],[137.3812,36.4548],[137.3815,36.4549],[137.3817,36.455],[137.3822,36.455],[137.3826,36.455],[137.3828,36.4551],[137.3832,36.4554],[137.3833,36.4555],[137.3833,36.4556],[137.3835,36.4558],[137.3837,36.456],[137.3842,36.4564],[137.3844,36.4565],[137.3847,36.4565],[137.3851,36.4562],[137.3855,36.4558],[137.3857,36.4557],[137.386,36.4557],[137.3863,36.4558],[137.3875,36.4566],[137.3879,36.4568],[137.3882,36.4569],[137.3886,36.457],[137.3889,36.4571],[137.3891,36.4573],[137.3891,36.4575],[137.3891,36.4577],[137.3891,36.4577],[137.389,36.4579],[137.389,36.458],[137.3892,36.4583],[137.3892,36.4583],[137.3892,36.4584],[137.3896,36.4587],[137.3897,36.4591],[137.3898,36.4595],[137.3897,36.4597],[137.3898,36.4598],[137.3899,36.4599],[137.3899,36.4599],[137.3901,36.4599],[137.3904,36.4595],[137.3911,36.4587],[137.3913,36.4586],[137.3917,36.4585],[137.3917,36.4585],[137.3919,36.4584],[137.3921,36.4583],[137.3921,36.4583],[137.3923,36.4583],[137.3926,36.4581],[137.3928,36.4578],[137.3931,36.4575],[137.3931,36.4574],[137.3935,36.4568],[137.3936,36.4567],[137.3939,36.4564],[137.3944,36.4562],[137.3946,36.456],[137.3948,36.4559],[137.3949,36.4556],[137.3949,36.4552],[137.395,36.4551],[137.3951,36.4543],[137.3953,36.4533],[137.3954,36.453],[137.3956,36.4521],[137.3959,36.4514],[137.3961,36.4508],[137.3962,36.4505],[137.3962,36.4503],[137.396,36.45],[137.396,36.45],[137.396,36.45],[137.3957,36.4494],[137.3956,36.4491],[137.3955,36.4491],[137.3952,36.4488],[137.3949,36.4485],[137.3947,36.4483],[137.3947,36.4482],[137.3948,36.4479],[137.3948,36.4476],[137.3949,36.4467],[137.3949,36.4467],[137.395,36.4464],[137.3951,36.4458],[137.3951,36.4455],[137.395,36.4451],[137.3951,36.4449],[137.3952,36.4445],[137.3952,36.4443],[137.3952,36.4441],[137.3952,36.4437],[137.3952,36.4434],[137.3952,36.4432],[137.3953,36.443],[137.3953,36.4427],[137.3952,36.4423],[137.3952,36.4421],[137.395,36.4418],[137.3949,36.4417],[137.3949,36.4417],[137.3949,36.4416],[137.3949,36.4415],[137.395,36.4412],[137.3952,36.4409],[137.3953,36.4406],[137.3953,36.4406],[137.3953,36.4404],[137.3951,36.4401],[137.3951,36.4399],[137.3951,36.4397],[137.3952,36.4395],[137.3954,36.4393],[137.3955,36.4391],[137.3955,36.4387],[137.3955,36.4382],[137.3955,36.438],[137.3955,36.4374],[137.3955,36.4372],[137.3953,36.437],[137.3952,36.4368],[137.3952,36.4367],[137.3952,36.4364],[137.3955,36.4361],[137.3958,36.436],[137.3959,36.436],[137.3963,36.4359],[137.3964,36.4357],[137.3968,36.435],[137.3969,36.4347],[137.3971,36.4345],[137.3973,36.4343],[137.3976,36.4342],[137.3981,36.4341],[137.3983,36.4339],[137.3984,36.4337],[137.3985,36.4334],[137.3985,36.4333],[137.3985,36.4333],[137.3986,36.4332],[137.3986,36.4331],[137.3991,36.4329],[137.3996,36.4327],[137.3998,36.4326],[137.4,36.4325],[137.4,36.4325],[137.4001,36.4324],[137.4003,36.4323],[137.4005,36.432],[137.4009,36.4315],[137.4011,36.4313],[137.4012,36.4312],[137.4014,36.4309],[137.4015,36.4306],[137.4016,36.4304],[137.4016,36.4304],[137.4018,36.4302],[137.402,36.4302],[137.4022,36.4301],[137.4024,36.4301],[137.4025,36.43],[137.4028,36.4296],[137.4032,36.4292],[137.4034,36.4291],[137.4035,36.4289],[137.4036,36.4282],[137.4038,36.4273],[137.4039,36.4271],[137.404,36.427],[137.4041,36.4269],[137.4047,36.4267],[137.4049,36.4266],[137.4059,36.4263],[137.4063,36.4262],[137.4072,36.4258],[137.4083,36.4255],[137.4083,36.4255],[137.4083,36.4255],[137.4083,36.4255],[137.4085,36.4255],[137.4091,36.425],[137.4091,36.425],[137.4093,36.4249],[137.4097,36.4247],[137.4102,36.4246],[137.4108,36.4247],[137.4121,36.425],[137.4121,36.425],[137.4134,36.4253],[137.4141,36.4253],[137.4146,36.4253],[137.4151,36.4255],[137.4155,36.4256],[137.4159,36.4256],[137.4167,36.4257],[137.4167,36.4257],[137.4168,36.4257],[137.4172,36.4256],[137.4175,36.4255],[137.4176,36.4254],[137.4178,36.4251],[137.4178,36.425],[137.4178,36.425],[137.4178,36.425],[137.418,36.4248],[137.4182,36.4247],[137.4182,36.4247],[137.4187,36.4246],[137.4189,36.4246],[137.4192,36.4245],[137.4195,36.4243],[137.4198,36.4239],[137.4202,36.4233],[137.4205,36.423],[137.4207,36.4228],[137.4217,36.4226],[137.4221,36.4226],[137.4231,36.4227],[137.4235,36.4227],[137.4242,36.4225],[137.4246,36.4225],[137.425,36.4225],[137.425,36.4225],[137.4256,36.4225],[137.426,36.4224],[137.4266,36.422],[137.4268,36.4217],[137.4271,36.421],[137.4271,36.421],[137.4271,36.4206],[137.4271,36.4204],[137.4272,36.4202],[137.4276,36.4202],[137.4281,36.4204],[137.4288,36.4207],[137.4301,36.4209],[137.4318,36.4214],[137.4323,36.4214],[137.4325,36.4213],[137.4327,36.4212],[137.4329,36.4211],[137.4333,36.4208],[137.4333,36.4208],[137.4334,36.4207],[137.434,36.4207],[137.4348,36.4207],[137.4354,36.4206],[137.436,36.4204],[137.4362,36.4203],[137.4364,36.4199],[137.4364,36.4199],[137.4366,36.4198],[137.4368,36.4192],[137.4374,36.4184],[137.4376,36.4182],[137.4379,36.4179],[137.4381,36.4177],[137.4384,36.4175],[137.4393,36.4177],[137.4396,36.4177],[137.4397,36.4174],[137.4397,36.4167],[137.4397,36.4167],[137.4397,36.4167],[137.4398,36.4161],[137.4399,36.4159],[137.4402,36.4157],[137.4406,36.4157],[137.4406,36.4157],[137.4411,36.4152],[137.4414,36.4149],[137.4417,36.4146],[137.4417,36.4146],[137.4418,36.4145],[137.442,36.4143],[137.4422,36.4143],[137.4432,36.4143],[137.4433,36.4143],[137.4438,36.4143],[137.4445,36.414],[137.4448,36.4137],[137.4452,36.4131],[137.4453,36.413],[137.4454,36.4129],[137.4455,36.413],[137.4457,36.4132],[137.4459,36.4136],[137.4464,36.4142],[137.4467,36.4146],[137.4472,36.4153],[137.4475,36.4156],[137.4482,36.4161],[137.4488,36.4165],[137.449,36.4166],[137.4491,36.4167],[137.4491,36.4167],[137.4493,36.4168],[137.4494,36.4168],[137.4496,36.4167],[137.4497,36.4167],[137.4497,36.4167],[137.4498,36.4166],[137.4499,36.4165],[137.4499,36.4162],[137.45,36.416],[137.45,36.416],[137.45,36.416],[137.4501,36.4159],[137.4504,36.4159],[137.4505,36.4159],[137.4506,36.4159],[137.4517,36.4161],[137.4523,36.4162],[137.4526,36.416],[137.453,36.4156],[137.4535,36.4151],[137.4542,36.4146],[137.4562,36.4135],[137.4575,36.4129],[137.4583,36.4126],[137.4583,36.4126],[137.4586,36.4126],[137.4588,36.4125],[137.4592,36.4125],[137.4594,36.4125],[137.4597,36.4124],[137.46,36.4124],[137.4601,36.4124],[137.4606,36.4123],[137.4607,36.4122],[137.4608,36.4122],[137.461,36.4127],[137.4612,36.4131],[137.4614,36.4132],[137.4617,36.4133],[137.4621,36.4135],[137.4624,36.4135],[137.4627,36.4136],[137.4633,36.4142],[137.4638,36.4145],[137.4643,36.4149],[137.4654,36.4156],[137.4666,36.4162],[137.4667,36.4162],[137.4667,36.4162],[137.4674,36.4164],[137.4677,36.4165],[137.4679,36.4167],[137.4679,36.4167],[137.4683,36.4169],[137.4686,36.4171],[137.4687,36.4172],[137.469,36.4175],[137.4691,36.4179],[137.4692,36.4181],[137.4697,36.4187],[137.4701,36.4192],[137.4703,36.4198],[137.4705,36.42],[137.4708,36.4204],[137.4709,36.4205],[137.471,36.4207],[137.4711,36.4208],[137.4716,36.4214],[137.4718,36.4216],[137.4719,36.4217],[137.4725,36.422],[137.4728,36.4221],[137.473,36.4223],[137.4731,36.4224],[137.4731,36.4225],[137.4731,36.4227],[137.4731,36.4228],[137.4732,36.423],[137.4733,36.4232],[137.4735,36.4237],[137.4737,36.424],[137.4737,36.4241],[137.4738,36.4248],[137.4739,36.425],[137.4739,36.425],[137.4739,36.4251],[137.474,36.4254],[137.4741,36.4254],[137.4745,36.4254],[137.475,36.4253],[137.475,36.4253],[137.4755,36.4252],[137.476,36.4252],[137.4761,36.4251],[137.4769,36.425],[137.477,36.425],[137.477,36.425],[137.4773,36.425],[137.478,36.4247],[137.4784,36.4244],[137.4786,36.4243],[137.4795,36.4244],[137.48,36.4242],[137.4807,36.4242],[137.4811,36.4242],[137.4818,36.4239],[137.4824,36.4238],[137.483,36.4237],[137.4833,36.4237],[137.4833,36.4237],[137.4836,36.4237],[137.4843,36.4237],[137.4849,36.4237],[137.4856,36.4237],[137.4862,36.4237],[137.4867,36.4237],[137.4868,36.4237],[137.4872,36.4237],[137.4874,36.4237],[137.4878,36.4237],[137.4882,36.4237],[137.4886,36.4236],[137.4888,36.4235],[137.4897,36.4236],[137.4901,36.4236],[137.4911,36.4235],[137.4914,36.4236],[137.4917,36.4237],[137.4917,36.4237],[137.4923,36.4239],[137.4932,36.4244],[137.4946,36.425],[137.4946,36.425],[137.4948,36.4251],[137.496,36.4256],[137.497,36.4261],[137.4977,36.4262],[137.4987,36.4261],[137.4996,36.4256],[137.5,36.4257],[137.5,36.4257],[137.5006,36.4257],[137.5042,36.4257],[137.5047,36.4251],[137.5049,36.425],[137.5049,36.425],[137.5056,36.4247],[137.5062,36.4244],[137.5068,36.4244],[137.5073,36.4245],[137.5073,36.4245],[137.5083,36.4245],[137.5083,36.4245],[137.5085,36.4245],[137.5095,36.4245],[137.5104,36.4243],[137.5108,36.4242],[137.511,36.424],[137.5115,36.4237],[137.5117,36.4234],[137.5119,36.4227],[137.5123,36.4222],[137.5123,36.4217],[137.5123,36.4216],[137.5124,36.4207],[137.5123,36.4203],[137.5121,36.4198],[137.5122,36.4195],[137.5122,36.4193],[137.5124,36.419],[137.5124,36.4186],[137.5123,36.4181],[137.5124,36.4176],[137.5126,36.4171],[137.5127,36.4167],[137.5127,36.4167],[137.5127,36.4166],[137.5127,36.4164],[137.5129,36.4163],[137.5131,36.4162],[137.5132,36.4161],[137.5135,36.4159],[137.5136,36.4158],[137.5138,36.4154],[137.5138,36.4152],[137.5139,36.415],[137.5139,36.4147],[137.514,36.4144],[137.5141,36.4143],[137.5142,36.4143],[137.5147,36.4142],[137.515,36.4141],[137.515,36.414],[137.5151,36.4139],[137.5151,36.4137],[137.5151,36.4137],[137.5152,36.4131],[137.5151,36.4124],[137.515,36.4117],[137.515,36.4115],[137.515,36.4113],[137.5153,36.4113],[137.5156,36.4112],[137.5159,36.4111],[137.5161,36.411],[137.5165,36.4107],[137.5167,36.4106],[137.5167,36.4105],[137.5169,36.4103],[137.5171,36.41],[137.5173,36.4096],[137.5175,36.4091],[137.5177,36.409],[137.5179,36.4087],[137.5183,36.4083],[137.5183,36.4083],[137.5186,36.408],[137.519,36.4075],[137.5194,36.4069],[137.5197,36.4065],[137.5203,36.4061],[137.5206,36.4059],[137.5208,36.4058],[137.5208,36.4058],[137.5211,36.4058],[137.5213,36.4058],[137.5215,36.4058],[137.5218,36.4058],[137.5222,36.4057],[137.5226,36.4056],[137.5232,36.4055],[137.5236,36.4054],[137.5241,36.4053],[137.5245,36.4051],[137.5248,36.4049],[137.5249,36.4047],[137.525,36.4044],[137.525,36.4043],[137.525,36.4042],[137.525,36.404],[137.5251,36.4038],[137.5252,36.4037],[137.5253,36.4036],[137.5253,36.4036],[137.5256,36.4035],[137.5258,36.4035],[137.5262,36.4035],[137.5268,36.4033],[137.5269,36.4033],[137.5272,36.4034],[137.5278,36.4035],[137.5281,36.4035],[137.5285,36.4035],[137.5295,36.4034],[137.53,36.4033],[137.5301,36.4032],[137.5303,36.403],[137.5304,36.4029],[137.5309,36.4027],[137.5312,36.4024],[137.5313,36.4022],[137.5314,36.402],[137.5316,36.4016],[137.5318,36.4012],[137.532,36.401],[137.5322,36.4004],[137.5323,36.4],[137.5323,36.4],[137.5323,36.4],[137.5324,36.3995],[137.5324,36.3993],[137.5325,36.3992],[137.5328,36.3989],[137.5328,36.3989],[137.5332,36.3987],[137.5333,36.3987],[137.5333,36.3987],[137.5336,36.3986],[137.5339,36.3986],[137.5342,36.3985],[137.5345,36.3984],[137.5354,36.3979],[137.536,36.3975],[137.5364,36.3971],[137.5367,36.3968],[137.5372,36.3961],[137.5374,36.3959],[137.5383,36.3949],[137.5387,36.3946],[137.539,36.3945],[137.5392,36.3944],[137.5394,36.3943],[137.5395,36.3939],[137.5398,36.3936],[137.5399,36.3933],[137.54,36.3927],[137.5401,36.3925],[137.5402,36.3923],[137.5405,36.3922],[137.5406,36.3921],[137.5406,36.3918],[137.5407,36.3917],[137.5407,36.3917],[137.5407,36.3917],[137.5408,36.3916],[137.5409,36.3914],[137.5412,36.3914],[137.5417,36.3913],[137.5417,36.3913],[137.5417,36.3913],[137.542,36.3912],[137.5425,36.3911],[137.5431,36.3909],[137.5432,36.3909],[137.5435,36.3907],[137.5439,36.3904],[137.5441,36.3904],[137.5445,36.3904],[137.5448,36.3903],[137.5453,36.3901],[137.5458,36.3899],[137.546,36.3899],[137.5462,36.39],[137.5463,36.39],[137.5465,36.3901],[137.5467,36.3902],[137.5471,36.3902],[137.5477,36.3902],[137.5481,36.3903],[137.5483,36.3903],[137.5485,36.3903],[137.5487,36.3903],[137.5493,36.3901],[137.5499,36.3899],[137.55,36.3899],[137.55,36.3899],[137.5511,36.3895],[137.5521,36.3892],[137.5535,36.3888],[137.5545,36.3886],[137.5555,36.3883],[137.5567,36.3882],[137.558,36.388],[137.5583,36.3879],[137.5583,36.3879],[137.5588,36.3877],[137.5588,36.3877],[137.5594,36.3875],[137.5595,36.3875],[137.5597,36.3875],[137.56,36.3876],[137.5601,36.3877],[137.5608,36.388],[137.5613,36.3882],[137.5615,36.3882],[137.562,36.388],[137.5624,36.3879],[137.5629,36.388],[137.5643,36.3883],[137.5652,36.3885],[137.5656,36.3886],[137.5664,36.3888],[137.5667,36.389],[137.5667,36.389],[137.567,36.3891],[137.5678,36.3893],[137.5683,36.3894],[137.5685,36.3894],[137.5688,36.3894],[137.5692,36.3893],[137.5701,36.3892],[137.5709,36.389],[137.5712,36.389],[137.5713,36.3891],[137.5714,36.3892],[137.5717,36.3898],[137.5722,36.3906],[137.5727,36.3917],[137.5727,36.3917],[137.5729,36.392],[137.5733,36.3924],[137.5735,36.3925],[137.5737,36.3925],[137.5741,36.3925],[137.5743,36.3925],[137.575,36.3927],[137.575,36.3927],[137.5754,36.3928],[137.5767,36.393],[137.5774,36.393],[137.5776,36.393],[137.5777,36.393],[137.5783,36.3927],[137.5796,36.3918],[137.5798,36.3917],[137.5798,36.3917],[137.5799,36.3916],[137.58,36.3915],[137.5803,36.3915],[137.5806,36.3914],[137.5806,36.3914],[137.5808,36.3912],[137.5811,36.3911],[137.5815,36.3911],[137.5823,36.391],[137.5826,36.3909],[137.583,36.3908],[137.5833,36.3907],[137.5833,36.3907],[137.5837,36.3906],[137.5843,36.3906],[137.5846,36.3906],[137.5852,36.39],[137.5855,36.3898],[137.5858,36.3898],[137.586,36.3898],[137.5864,36.3899],[137.5869,36.3898],[137.5873,36.3898],[137.5872,36.3896],[137.587,36.3889],[137.5867,36.388],[137.5867,36.3877],[137.5867,36.3873],[137.5867,36.387],[137.5869,36.3869],[137.5871,36.3865],[137.5872,36.3863],[137.5871,36.386],[137.5869,36.3856],[137.5868,36.3854],[137.5869,36.385],[137.5868,36.3847],[137.5866,36.3837],[137.5866,36.3834],[137.5866,36.3833],[137.5866,36.3833],[137.5867,36.3831],[137.5869,36.3829],[137.5872,36.3827],[137.5875,36.3824],[137.5875,36.3822],[137.5875,36.3822],[137.5875,36.382],[137.5875,36.3818],[137.5875,36.3815],[137.5875,36.3813],[137.5873,36.3804],[137.587,36.3799],[137.5869,36.3797],[137.5865,36.379],[137.5864,36.3785],[137.5862,36.3774],[137.5861,36.3767],[137.5861,36.3763],[137.5864,36.3754],[137.5867,36.375],[137.5867,36.375],[137.5867,36.375],[137.5871,36.3737],[137.5874,36.3733],[137.5875,36.3731],[137.5875,36.3728],[137.5872,36.3725],[137.5871,36.3723],[137.5871,36.3723],[137.587,36.3721],[137.5871,36.372],[137.5875,36.3718],[137.5875,36.3718],[137.588,36.3716],[137.5886,36.3713],[137.5893,36.371],[137.5896,36.3706],[137.5899,36.3705],[137.5902,36.3704],[137.5909,36.3703],[137.5916,36.3699],[137.5917,36.3699],[137.5917,36.3699],[137.5925,36.3695],[137.593,36.3692],[137.5935,36.369],[137.5937,36.3688],[137.5941,36.3687],[137.5943,36.3688],[137.5947,36.3688],[137.5951,36.3689],[137.5952,36.369],[137.5953,36.369],[137.5957,36.3693],[137.5963,36.3699],[137.5966,36.3703],[137.5969,36.3704],[137.5969,36.3704],[137.5973,36.3704],[137.5978,36.3703],[137.5981,36.3703],[137.5986,36.3703],[137.5999,36.3702],[137.6,36.3702],[137.6,36.3702],[137.6001,36.3702],[137.6004,36.3701],[137.6005,36.37],[137.6007,36.3698],[137.601,36.3697],[137.6012,36.3697],[137.6014,36.3697],[137.6015,36.3697],[137.602,36.3697],[137.6022,36.3696],[137.6029,36.3693],[137.6034,36.3691],[137.6037,36.3689],[137.6038,36.3687],[137.6039,36.3685],[137.604,36.3682],[137.6041,36.3681],[137.6043,36.3681],[137.6043,36.3681],[137.605,36.3681],[137.6053,36.3681],[137.6056,36.3679],[137.606,36.3678],[137.6068,36.3674],[137.6071,36.3673],[137.6075,36.3669],[137.6077,36.3668],[137.6081,36.3667],[137.6083,36.3667],[137.6083,36.3667],[137.6086,36.3667],[137.6086,36.3667],[137.6089,36.3666],[137.6092,36.3666],[137.61,36.3666],[137.6102,36.3667],[137.6102,36.3667],[137.6107,36.3667],[137.6117,36.3668],[137.613,36.3668],[137.6136,36.3667],[137.6137,36.3667],[137.6137,36.3667],[137.6141,36.3665],[137.6144,36.3663],[137.6146,36.3662],[137.6147,36.3661],[137.6148,36.366],[137.6149,36.366],[137.6155,36.3661],[137.616,36.366],[137.6165,36.3658],[137.6167,36.3657],[137.6167,36.3657],[137.6174,36.3654],[137.618,36.3651],[137.6187,36.3647],[137.6192,36.3642],[137.6195,36.3636],[137.6196,36.3632],[137.6198,36.3626],[137.6204,36.3619],[137.621,36.3611],[137.6219,36.3602],[137.6221,36.3601],[137.6223,36.36],[137.6226,36.3595],[137.6227,36.3593],[137.6226,36.3589],[137.6226,36.3587],[137.6227,36.3583],[137.6227,36.3583],[137.6229,36.358],[137.6232,36.3576],[137.6234,36.3571],[137.6237,36.3566],[137.6238,36.3565],[137.624,36.3561],[137.624,36.3558],[137.624,36.3556],[137.6241,36.3554],[137.6243,36.3552],[137.6244,36.3548],[137.6247,36.3544],[137.625,36.3542],[137.625,36.3542],[137.6252,36.354],[137.6256,36.3534],[137.6259,36.3532],[137.6265,36.353],[137.6268,36.3527],[137.6278,36.352],[137.6278,36.3519],[137.6278,36.3518],[137.6281,36.3511],[137.628,36.3506],[137.6281,36.3504],[137.6283,36.35],[137.6283,36.35],[137.6283,36.3498],[137.629,36.3494],[137.6291,36.3494],[137.6297,36.3488],[137.6301,36.3486],[137.6304,36.3484],[137.6306,36.348],[137.631,36.3478],[137.6311,36.3474],[137.6312,36.347],[137.6316,36.3466],[137.6318,36.3465],[137.6322,36.3462],[137.6327,36.3457],[137.633,36.3453],[137.6333,36.3452],[137.6333,36.3452],[137.6334,36.3452],[137.6337,36.3452],[137.6341,36.3451],[137.6345,36.345],[137.6347,36.3448],[137.6349,36.3444],[137.6348,36.3443],[137.6347,36.3442],[137.6347,36.344],[137.635,36.3437],[137.6353,36.3429],[137.6353,36.3428],[137.6355,36.3426],[137.6357,36.3424],[137.6359,36.3424],[137.6361,36.3424],[137.637,36.3422],[137.6377,36.3421],[137.6389,36.3422],[137.6401,36.342],[137.6412,36.3417],[137.6415,36.3417],[137.6417,36.3418],[137.6417,36.3418],[137.642,36.3418],[137.6421,36.3418],[137.6438,36.3419],[137.6444,36.3418],[137.6449,36.3417],[137.6449,36.3417],[137.6449,36.3417],[137.6452,36.3417],[137.6454,36.3417],[137.6454,36.3417],[137.6454,36.3417],[137.6456,36.3413],[137.6456,36.3412],[137.6458,36.3409],[137.6458,36.3407],[137.646,36.3404],[137.6459,36.3401],[137.6457,36.3395],[137.6457,36.3393],[137.6459,36.3385],[137.6459,36.338],[137.6459,36.3377],[137.646,36.3374],[137.646,36.337],[137.6459,36.3364],[137.6459,36.3362],[137.646,36.3359],[137.6461,36.3358],[137.646,36.3356],[137.6459,36.3352],[137.6458,36.3347],[137.6461,36.3341],[137.6463,36.3337],[137.6464,36.3336],[137.6464,36.3333],[137.6464,36.3333],[137.6464,36.3332],[137.6465,36.3321],[137.6464,36.3313],[137.6464,36.3309],[137.6464,36.3303],[137.6464,36.3302],[137.6464,36.3301],[137.647,36.3299],[137.6476,36.3298],[137.6482,36.3298],[137.6485,36.3297],[137.6487,36.329],[137.6487,36.329],[137.6488,36.3288],[137.6494,36.3284],[137.6498,36.328],[137.65,36.3279],[137.65,36.3279],[137.6502,36.3277],[137.6504,36.3275],[137.6507,36.3274],[137.6507,36.327],[137.6509,36.3264],[137.651,36.326],[137.6512,36.325],[137.6512,36.325],[137.6513,36.3246],[137.6512,36.3244],[137.6511,36.3243],[137.6511,36.3241],[137.6512,36.3237],[137.6513,36.3236],[137.6514,36.3235],[137.6514,36.3235],[137.6516,36.3235],[137.6519,36.3231],[137.6522,36.3228],[137.6523,36.3225],[137.6523,36.3223],[137.6524,36.322],[137.6524,36.3218],[137.6522,36.3217],[137.652,36.3215],[137.6518,36.3214],[137.6518,36.3214],[137.6516,36.3213],[137.6512,36.3212],[137.6511,36.3212],[137.6508,36.321],[137.6506,36.3208],[137.6506,36.3206],[137.6507,36.3202],[137.6509,36.3197],[137.6509,36.3193],[137.6509,36.3191],[137.6509,36.3188],[137.6513,36.3179],[137.6514,36.3173],[137.6514,36.3171],[137.6509,36.3167],[137.6509,36.3167],[137.6508,36.3165],[137.6504,36.3162],[137.6502,36.3161],[137.6502,36.3159],[137.65,36.3158],[137.65,36.3158],[137.6498,36.3157],[137.6497,36.3155],[137.6498,36.3152],[137.6498,36.3147],[137.6498,36.3144],[137.6497,36.3141],[137.6496,36.3139],[137.6495,36.3136],[137.6495,36.3136],[137.6494,36.3133],[137.6494,36.3128],[137.6492,36.3125],[137.6492,36.3124],[137.6493,36.3121],[137.6494,36.3118],[137.6496,36.3115],[137.6496,36.3112],[137.6496,36.311],[137.6495,36.3107],[137.6494,36.3104],[137.6493,36.3101],[137.6492,36.3099],[137.6491,36.3096],[137.6489,36.3093],[137.6488,36.3091],[137.6489,36.3089],[137.6489,36.3089],[137.649,36.3088],[137.6492,36.3086],[137.6494,36.3084],[137.6494,36.3083],[137.6494,36.3083],[137.6496,36.3081],[137.65,36.3076],[137.65,36.3076],[137.65,36.3075],[137.6502,36.3074],[137.6503,36.3072],[137.6505,36.3071],[137.6507,36.3067],[137.6508,36.3064],[137.651,36.3062],[137.6512,36.3061],[137.6514,36.3061],[137.6514,36.3061],[137.6518,36.306],[137.6519,36.3059],[137.6522,36.3057],[137.6525,36.3054],[137.6527,36.3051],[137.653,36.3048],[137.6531,36.3047],[137.653,36.3046],[137.6528,36.3042],[137.6526,36.3039],[137.6523,36.3035],[137.6522,36.3032],[137.6522,36.3031],[137.6521,36.3027],[137.652,36.3024],[137.6518,36.3022],[137.6518,36.3021],[137.6516,36.302],[137.6514,36.3019],[137.6512,36.3018],[137.651,36.3017],[137.6508,36.3015],[137.6505,36.3013],[137.6503,36.3012],[137.65,36.3011],[137.65,36.3011],[137.65,36.3011],[137.6499,36.3009],[137.6497,36.3007],[137.6495,36.3006],[137.6492,36.3004],[137.6488,36.3002],[137.6487,36.3001],[137.6487,36.3],[137.6487,36.3],[137.6486,36.2998],[137.6487,36.2995],[137.6486,36.2994],[137.6485,36.2993],[137.6482,36.2992],[137.6482,36.299],[137.6482,36.2989],[137.6482,36.2987],[137.6482,36.2983],[137.6481,36.2981],[137.6478,36.298],[137.6477,36.2977],[137.6476,36.2975],[137.6475,36.2972],[137.6473,36.297],[137.6471,36.2967],[137.6469,36.2965],[137.647,36.2961],[137.6471,36.2958],[137.6473,36.2956],[137.6477,36.295],[137.6479,36.2947],[137.6479,36.2945],[137.6479,36.2939],[137.648,36.2937],[137.648,36.2934],[137.6479,36.293],[137.6479,36.293],[137.648,36.2927],[137.6482,36.2923],[137.6482,36.2921],[137.6481,36.2917],[137.6481,36.2917],[137.6481,36.2917],[137.6481,36.2914],[137.6481,36.2909],[137.6481,36.2905],[137.6481,36.2905],[137.6481,36.2903],[137.648,36.2902],[137.6477,36.2899],[137.6477,36.2896],[137.6477,36.2894],[137.6478,36.2892],[137.6478,36.2891],[137.6477,36.2889],[137.6472,36.2887],[137.647,36.2886],[137.6466,36.2884],[137.6461,36.2882],[137.6457,36.2882],[137.6455,36.2881],[137.6454,36.288],[137.6452,36.2878],[137.6448,36.2878],[137.6442,36.2876],[137.6438,36.2876],[137.6436,36.2875],[137.6434,36.2872],[137.6431,36.287],[137.643,36.2869],[137.6427,36.2867],[137.6422,36.2864],[137.6418,36.2861],[137.6417,36.286],[137.6417,36.2859],[137.6416,36.2859],[137.6414,36.2857],[137.6411,36.2856],[137.6406,36.2854],[137.6403,36.2853],[137.6401,36.2853],[137.6396,36.2852],[137.6391,36.2851],[137.6387,36.285],[137.6382,36.2847],[137.6378,36.2844],[137.6376,36.2842],[137.6376,36.284],[137.6376,36.2838],[137.6376,36.2837],[137.6376,36.2836],[137.6374,36.2835],[137.6371,36.2833],[137.6371,36.2833],[137.637,36.2833],[137.6366,36.2832],[137.6364,36.2831],[137.6363,36.2831],[137.6361,36.2829],[137.6359,36.2827],[137.6356,36.2826],[137.6355,36.2823],[137.6353,36.2821],[137.635,36.2819],[137.6346,36.2817],[137.6343,36.2815],[137.6339,36.2813],[137.6337,36.2812],[137.6334,36.2811],[137.6333,36.2811],[137.6333,36.2811],[137.633,36.2809],[137.6328,36.2807],[137.6325,36.2805],[137.6322,36.2803],[137.632,36.2802],[137.6319,36.2802],[137.6317,36.28],[137.6314,36.2797],[137.6313,36.2795],[137.631,36.2793],[137.6309,36.2792],[137.6303,36.2791],[137.63,36.2791],[137.6298,36.279],[137.6295,36.2789],[137.6294,36.2788],[137.629,36.2786],[137.6288,36.2784],[137.6288,36.2784],[137.6287,36.2782],[137.6286,36.2779],[137.6285,36.2774],[137.6284,36.2771],[137.6283,36.2768],[137.6282,36.2766],[137.628,36.2764],[137.6278,36.2764],[137.6274,36.2763],[137.6272,36.2761],[137.627,36.2756],[137.627,36.2756],[137.6271,36.2754],[137.6271,36.2753],[137.6271,36.275],[137.6271,36.275],[137.6271,36.275],[137.627,36.2748],[137.6268,36.2746],[137.6266,36.2744],[137.6266,36.2742],[137.6267,36.274],[137.6266,36.2738],[137.6265,36.2737],[137.6266,36.2734],[137.6266,36.2733],[137.6266,36.2732],[137.6264,36.2725],[137.6264,36.2722],[137.6263,36.272],[137.6261,36.2718],[137.6258,36.2716],[137.6256,36.2715],[137.6255,36.2712],[137.6252,36.271],[137.625,36.2709],[137.625,36.2709],[137.625,36.2709],[137.6247,36.2706],[137.6244,36.2706],[137.6244,36.2706],[137.6238,36.2704],[137.6233,36.27],[137.6232,36.2699],[137.623,36.2698],[137.6228,36.2696],[137.6227,36.2694],[137.6227,36.2693],[137.6227,36.2691],[137.6226,36.2689],[137.6223,36.2687],[137.6221,36.2685],[137.6219,36.2684],[137.621,36.2675],[137.621,36.267],[137.6209,36.2667],[137.6209,36.2667],[137.6209,36.2667],[137.6207,36.2665],[137.6199,36.2663],[137.6195,36.2663],[137.6183,36.2657],[137.618,36.2655],[137.6173,36.2649],[137.6171,36.2648],[137.617,36.2648],[137.6167,36.2649],[137.6167,36.2649],[137.6158,36.2651],[137.6152,36.265],[137.6151,36.265],[137.6147,36.2648],[137.6147,36.2636],[137.6147,36.2629],[137.6137,36.2609],[137.6131,36.2599],[137.6129,36.2591],[137.6127,36.2585],[137.6128,36.2583],[137.6128,36.2583],[137.6128,36.2581],[137.6128,36.2577],[137.6126,36.2574],[137.6116,36.2568],[137.6111,36.2563],[137.6106,36.2556],[137.6103,36.2553],[137.6099,36.2549],[137.6092,36.2546],[137.6083,36.2541],[137.6083,36.2541],[137.607,36.2531],[137.6069,36.2524],[137.607,36.2521],[137.6073,36.2515],[137.6073,36.2513],[137.6069,36.2509],[137.6063,36.2503],[137.6062,36.25],[137.6062,36.25],[137.6061,36.2497],[137.606,36.2491],[137.6059,36.2488],[137.6038,36.2479],[137.603,36.2476],[137.6028,36.2475],[137.6024,36.2475],[137.6016,36.2472],[137.6013,36.2469],[137.6011,36.2463],[137.6008,36.2459],[137.6008,36.2459],[137.6001,36.2456],[137.6,36.2455],[137.6,36.2455],[137.5999,36.2454],[137.599,36.2448],[137.5984,36.2446],[137.598,36.2442],[137.5973,36.2436],[137.5964,36.243],[137.5961,36.2424],[137.5958,36.2421],[137.5956,36.2417],[137.5956,36.2417],[137.5956,36.2415],[137.5955,36.2413],[137.5956,36.2407],[137.5954,36.2403],[137.5953,36.24],[137.5956,36.2391],[137.5955,36.2389],[137.5955,36.2387],[137.5954,36.2385],[137.5954,36.2384],[137.5956,36.2382],[137.5956,36.2374],[137.5955,36.2371],[137.595,36.2366],[137.5946,36.2364],[137.5943,36.2363],[137.594,36.2363],[137.5938,36.2363],[137.5934,36.2363],[137.5933,36.2363],[137.5928,36.2353],[137.5924,36.2349],[137.5917,36.2345],[137.5917,36.2345],[137.5913,36.2344],[137.5912,36.2341],[137.5909,36.2333],[137.5909,36.2333],[137.5908,36.2331],[137.5907,36.2325],[137.5907,36.2323],[137.5906,36.2322],[137.59,36.2316],[137.5898,36.2314],[137.5897,36.2309],[137.5897,36.2296],[137.5898,36.2289],[137.5898,36.2289],[137.5897,36.2286],[137.5885,36.2275],[137.5879,36.227],[137.5875,36.2269],[137.5872,36.2269],[137.5865,36.2273],[137.5862,36.2273],[137.5854,36.2273],[137.5847,36.2272],[137.584,36.2273],[137.5837,36.2272],[137.5833,36.227],[137.5833,36.227],[137.5832,36.2269],[137.5831,36.2268],[137.5833,36.2265],[137.5833,36.2265],[137.5836,36.2262],[137.5836,36.2259],[137.5836,36.2253],[137.5836,36.225],[137.5836,36.225],[137.5835,36.2248],[137.5836,36.2245],[137.584,36.2237],[137.5845,36.2229],[137.5844,36.2228],[137.5838,36.2223],[137.5837,36.2221],[137.5837,36.2217],[137.5837,36.2213],[137.5836,36.2211],[137.5833,36.2208],[137.5833,36.2208],[137.583,36.2204],[137.5828,36.2202],[137.5821,36.2202],[137.5818,36.2199],[137.5809,36.2198],[137.5803,36.2197],[137.5796,36.2196],[137.579,36.2195],[137.5782,36.2192],[137.5782,36.2191],[137.5779,36.2191],[137.5776,36.2191],[137.5771,36.2196],[137.5757,36.2202],[137.5752,36.2203],[137.575,36.2203],[137.575,36.2203],[137.5747,36.2202],[137.5742,36.2201],[137.5738,36.2198],[137.5731,36.2187],[137.573,36.2184],[137.5739,36.218],[137.5743,36.2173],[137.5749,36.217],[137.575,36.2168],[137.575,36.2168],[137.575,36.2168],[137.575,36.2167],[137.575,36.2167],[137.5752,36.2162],[137.5754,36.2159],[137.5755,36.2158],[137.5758,36.2153],[137.5761,36.2143],[137.5755,36.2133],[137.575,36.2127],[137.575,36.2127],[137.575,36.2126],[137.5748,36.2125],[137.5742,36.2118],[137.5735,36.211],[137.5734,36.2107],[137.5734,36.2104],[137.5741,36.2096],[137.5741,36.2094],[137.5742,36.2087],[137.5743,36.2083],[137.5743,36.2083],[137.5745,36.2078],[137.5745,36.2077],[137.5747,36.207],[137.575,36.2064],[137.575,36.2064],[137.5751,36.2061],[137.5752,36.2058],[137.575,36.2054],[137.575,36.2054],[137.5748,36.205],[137.5748,36.2047],[137.575,36.2042],[137.575,36.2042],[137.5751,36.2039],[137.5761,36.2033],[137.577,36.2025],[137.5778,36.2018],[137.578,36.2011],[137.5785,36.2],[137.5785,36.2],[137.5785,36.2],[137.5785,36.2],[137.5785,36.1997],[137.5787,36.1993],[137.5786,36.1987],[137.5787,36.1984],[137.5786,36.1978],[137.5786,36.1975],[137.5787,36.1974],[137.5795,36.1974],[137.5797,36.1973],[137.58,36.1969],[137.5801,36.1966],[137.5806,36.1956],[137.581,36.1953],[137.5818,36.195],[137.5831,36.1945],[137.5833,36.1944],[137.5833,36.1944],[137.5837,36.1943],[137.584,36.1941],[137.5845,36.194],[137.5845,36.1939],[137.585,36.1934],[137.5862,36.1928],[137.5871,36.1926],[137.5884,36.1923],[137.5887,36.1922],[137.5898,36.1917],[137.5899,36.1917],[137.5899,36.1917],[137.5907,36.1912],[137.5909,36.191],[137.5912,36.1911],[137.5917,36.1916],[137.5917,36.1916],[137.5918,36.1917],[137.5918,36.1917],[137.5918,36.1917],[137.5921,36.1918],[137.5928,36.1918],[137.5942,36.192],[137.5944,36.192],[137.5945,36.1919],[137.5946,36.1917],[137.5946,36.1917],[137.5947,36.1916],[137.5947,36.1912],[137.5949,36.191],[137.5951,36.1907],[137.5952,36.1904],[137.5947,36.1894],[137.5943,36.1892],[137.594,36.1884],[137.5935,36.1878],[137.5924,36.1874],[137.5921,36.1872],[137.5917,36.1868],[137.5917,36.1868],[137.5911,36.1863],[137.5909,36.1859],[137.591,36.1856],[137.5911,36.1854],[137.5912,36.1851],[137.5911,36.1849],[137.591,36.1846],[137.591,36.1843],[137.5913,36.1837],[137.5917,36.1833],[137.5917,36.1833],[137.5917,36.1833],[137.5917,36.1833],[137.5918,36.1833],[137.5923,36.1829],[137.5924,36.1828],[137.5922,36.1826],[137.592,36.1821],[137.5918,36.1817],[137.592,36.1811],[137.5919,36.1809],[137.5917,36.1805],[137.5917,36.1794],[137.5917,36.1794],[137.5917,36.1794],[137.5912,36.1784],[137.5912,36.1781],[137.5913,36.1779],[137.5914,36.1777],[137.5917,36.1775],[137.5917,36.1775],[137.5918,36.1774],[137.5919,36.1771],[137.592,36.177],[137.5923,36.177],[137.5928,36.1768],[137.5931,36.1766],[137.5935,36.1763],[137.5937,36.1759],[137.5937,36.1752],[137.5938,36.175],[137.5938,36.175],[137.5939,36.1748],[137.5941,36.1741],[137.5941,36.1732],[137.5942,36.173],[137.5948,36.1727],[137.595,36.1726],[137.5951,36.1724],[137.5951,36.172],[137.5945,36.1715],[137.594,36.1709],[137.5933,36.1702],[137.5926,36.1698],[137.592,36.1695],[137.5919,36.1693],[137.5919,36.169],[137.5921,36.1667],[137.5921,36.1667],[137.5921,36.1664],[137.592,36.1659],[137.5917,36.1654],[137.5917,36.1654],[137.5914,36.1651],[137.5913,36.1646],[137.5913,36.1644],[137.5912,36.1641],[137.5908,36.1638],[137.5895,36.1633],[137.5893,36.1632],[137.5886,36.1627],[137.5883,36.1626],[137.5882,36.1625],[137.5873,36.162],[137.5869,36.1617],[137.5863,36.1616],[137.5858,36.1615],[137.5853,36.1613],[137.5842,36.1608],[137.5837,36.1605],[137.5834,36.1603],[137.5833,36.1603],[137.5833,36.1603],[137.5831,36.1602],[137.5825,36.1601],[137.5822,36.1601],[137.582,36.16],[137.5813,36.1599],[137.5805,36.1599],[137.5799,36.16],[137.5795,36.1599],[137.5786,36.1597],[137.5782,36.1596],[137.5777,36.1595],[137.5774,36.1593],[137.5768,36.1588],[137.5764,36.1586],[137.5759,36.1583],[137.5759,36.1583],[137.5756,36.1582],[137.575,36.1581],[137.575,36.1581],[137.575,36.1581],[137.5746,36.158],[137.5744,36.1579],[137.5742,36.1576],[137.5741,36.1574],[137.574,36.1572],[137.5739,36.1571],[137.5732,36.1568],[137.5727,36.1563],[137.5722,36.156],[137.5722,36.156],[137.5718,36.1559],[137.5707,36.1557],[137.5705,36.1556],[137.5703,36.1555],[137.57,36.1547],[137.5699,36.1547],[137.5697,36.1546],[137.5695,36.1546],[137.569,36.1544],[137.5683,36.1541],[137.568,36.1538],[137.5679,36.1536],[137.5679,36.1534],[137.5681,36.152],[137.5682,36.1514],[137.5682,36.1506],[137.5681,36.1503],[137.568,36.15],[137.568,36.15],[137.5679,36.1496],[137.5679,36.1495],[137.568,36.1482],[137.568,36.1479],[137.568,36.1477],[137.5675,36.1472],[137.567,36.1469],[137.5669,36.1469],[137.5667,36.1467],[137.5667,36.1467],[137.5663,36.1464],[137.5655,36.1459],[137.565,36.1458],[137.564,36.1456],[137.5636,36.1454],[137.5631,36.1452],[137.5617,36.1449],[137.5608,36.1446],[137.5605,36.1446],[137.5604,36.1446],[137.56,36.1446],[137.5597,36.1445],[137.5596,36.1444],[137.5594,36.1442],[137.5592,36.1433],[137.5591,36.1432],[137.5591,36.143],[137.5587,36.1425],[137.5586,36.1424],[137.5586,36.1423],[137.5586,36.1422],[137.5583,36.1419],[137.5583,36.1419],[137.5583,36.1418],[137.5583,36.1417],[137.5583,36.1417],[137.5582,36.1416],[137.5577,36.1412],[137.5572,36.1408],[137.5569,36.1405],[137.5567,36.1404],[137.5565,36.1404],[137.5559,36.1403],[137.5549,36.1403],[137.5547,36.1402],[137.5547,36.14],[137.5547,36.1396],[137.5547,36.1393],[137.5547,36.1385],[137.5547,36.1377],[137.555,36.1369],[137.5551,36.1365],[137.5555,36.1358],[137.5558,36.1351],[137.5562,36.1344],[137.5569,36.1333],[137.5569,36.1333],[137.5573,36.1328],[137.5578,36.1321],[137.5583,36.1316],[137.5583,36.1316],[137.5585,36.1315],[137.5594,36.1307],[137.5597,36.1306],[137.5604,36.1305],[137.5605,36.1305],[137.5606,36.1302],[137.5602,36.1292],[137.5596,36.1281],[137.5595,36.1275],[137.5594,36.1263],[137.5593,36.1259],[137.5591,36.1253],[137.5589,36.125],[137.5589,36.125],[137.5588,36.1248],[137.5587,36.1246],[137.5586,36.1244],[137.5585,36.1243],[137.5584,36.124],[137.5583,36.1239],[137.5583,36.1239],[137.5582,36.1237],[137.5579,36.1233],[137.5577,36.1229],[137.5575,36.1224],[137.5572,36.1221],[137.557,36.1218],[137.5569,36.1216],[137.5569,36.1215],[137.5572,36.1211],[137.5574,36.1209],[137.5575,36.1206],[137.5575,36.1203],[137.5573,36.1198],[137.5573,36.1197],[137.5574,36.1194],[137.5574,36.1192],[137.5575,36.119],[137.5573,36.1184],[137.5571,36.1181],[137.5569,36.1178],[137.5567,36.1177],[137.5562,36.1175],[137.5557,36.1173],[137.5551,36.1172],[137.555,36.1172],[137.5537,36.1172],[137.5533,36.1171],[137.5529,36.117],[137.5523,36.1168],[137.552,36.1167],[137.552,36.1167],[137.552,36.1167],[137.5514,36.1157],[137.5513,36.1155],[137.5513,36.1152],[137.5513,36.1148],[137.5512,36.1145],[137.5512,36.1143],[137.5508,36.114],[137.5503,36.1132],[137.5502,36.1129],[137.5502,36.1126],[137.5503,36.1121],[137.5506,36.1106],[137.5507,36.1104],[137.5509,36.1099],[137.5516,36.1094],[137.5521,36.1092],[137.5525,36.1087],[137.5528,36.1083],[137.5528,36.1083],[137.5528,36.1083],[137.553,36.1082],[137.5532,36.1081],[137.5536,36.1075],[137.5538,36.1071],[137.5539,36.107],[137.5546,36.1062],[137.5547,36.106],[137.5548,36.1057],[137.5549,36.1055],[137.5555,36.1054],[137.5556,36.1051],[137.5557,36.1049],[137.5558,36.1048],[137.5561,36.1048],[137.5566,36.1043],[137.5572,36.1038],[137.5576,36.1035],[137.5578,36.1034],[137.5583,36.1032],[137.5583,36.1032],[137.559,36.103],[137.5601,36.1026],[137.5607,36.1024],[137.561,36.1023],[137.5612,36.1023],[137.5617,36.1021],[137.5618,36.1018],[137.5619,36.1016],[137.5619,36.1016],[137.5618,36.1005],[137.5617,36.1002],[137.5618,36.1],[137.5618,36.1],[137.5618,36.0998],[137.5623,36.0992],[137.563,36.0984],[137.5632,36.0982],[137.5638,36.0981],[137.5642,36.0978],[137.5644,36.0976],[137.5649,36.0974],[137.5653,36.0972],[137.5657,36.0972],[137.5667,36.0971],[137.5667,36.0971],[137.5667,36.0971],[137.5673,36.0971],[137.5675,36.097],[137.5678,36.0969],[137.5679,36.0967],[137.568,36.0963],[137.5682,36.0957],[137.5682,36.0956],[137.5682,36.0953],[137.5682,36.0951],[137.5682,36.0947],[137.5684,36.0944],[137.5686,36.0942],[137.5692,36.0935],[137.5696,36.0932],[137.5698,36.0931],[137.5703,36.0926],[137.5708,36.0921],[137.5711,36.0917],[137.5711,36.0917],[137.5711,36.0917],[137.5715,36.0912],[137.5716,36.0907],[137.572,36.0897],[137.5723,36.0886],[137.5725,36.0884],[137.5728,36.0881],[137.573,36.0879],[137.5734,36.0877],[137.5742,36.0873],[137.5746,36.0872],[137.575,36.0872],[137.575,36.0872],[137.575,36.0872],[137.5755,36.0872],[137.5759,36.0871],[137.5762,36.087],[137.5766,36.0868],[137.5768,36.0865],[137.5772,36.0862],[137.5774,36.086],[137.5777,36.0853],[137.578,36.0851],[137.5783,36.0849],[137.5786,36.0849],[137.5788,36.0849],[137.5791,36.0851],[137.5793,36.0854],[137.5795,36.0855],[137.5798,36.0854],[137.5806,36.0853],[137.5809,36.0853],[137.5813,36.0855],[137.5816,36.0856],[137.5822,36.0855],[137.5826,36.0854],[137.5831,36.0851],[137.5833,36.0849],[137.5833,36.0849],[137.5835,36.0847],[137.5841,36.0843],[137.5844,36.0841],[137.5856,36.0838],[137.5858,36.0837],[137.5864,36.0834],[137.5865,36.0833],[137.5865,36.0833],[137.5878,36.0825],[137.5884,36.0821],[137.589,36.0818],[137.5896,36.0815],[137.5897,36.0815],[137.5904,36.0812],[137.5916,36.0808],[137.5917,36.0809],[137.5917,36.0809],[137.5921,36.081],[137.5925,36.081],[137.5928,36.0809],[137.5932,36.0806],[137.5935,36.0804],[137.5937,36.0802],[137.5939,36.0798],[137.5947,36.0794],[137.5948,36.0793],[137.595,36.079],[137.5951,36.0787],[137.5951,36.0784],[137.5954,36.0775],[137.5956,36.077],[137.5956,36.0768],[137.5956,36.0766],[137.5965,36.0761],[137.5968,36.0758],[137.5974,36.0757],[137.5978,36.0757],[137.5983,36.0759],[137.5986,36.076],[137.5989,36.0762],[137.5991,36.0763],[137.5998,36.0764],[137.6,36.0764],[137.6,36.0764],[137.6003,36.0764],[137.6015,36.0766],[137.602,36.0765],[137.6025,36.0763],[137.6026,36.0763],[137.6029,36.0762],[137.6038,36.0764],[137.6046,36.0765],[137.6054,36.0769],[137.6057,36.0769],[137.606,36.077],[137.6062,36.0771],[137.6064,36.0771],[137.6073,36.0773],[137.6075,36.0774],[137.6079,36.0778],[137.6082,36.0779],[137.6083,36.078],[137.6083,36.078],[137.6086,36.078],[137.6089,36.078],[137.6096,36.0781],[137.6104,36.0779],[137.6108,36.0779],[137.6116,36.0779],[137.612,36.0779],[137.6128,36.0773],[137.613,36.0772],[137.6139,36.0764],[137.6139,36.0762],[137.6138,36.0759],[137.6135,36.0755],[137.6131,36.0751],[137.613,36.075],[137.613,36.075],[137.6129,36.0749],[137.6129,36.0743],[137.6128,36.0739],[137.6125,36.0738],[137.6123,36.0737],[137.6119,36.0736],[137.6117,36.0734],[137.6115,36.0732],[137.6115,36.0731],[137.6114,36.0729],[137.6114,36.0727],[137.6115,36.0724],[137.6116,36.0721],[137.6115,36.0719],[137.6114,36.0717],[137.6114,36.0715],[137.6112,36.0711],[137.6112,36.0707],[137.6111,36.0705],[137.6111,36.0701],[137.6112,36.0698],[137.6115,36.0691],[137.6115,36.0687],[137.6114,36.0685],[137.6112,36.0682],[137.6111,36.0681],[137.6109,36.0676],[137.6109,36.0673],[137.6111,36.0671],[137.6113,36.0668],[137.6115,36.0667],[137.6115,36.0667],[137.6117,36.0665],[137.6119,36.0661],[137.612,36.0658],[137.6123,36.0655],[137.6125,36.0652],[137.6127,36.0648],[137.613,36.0645],[137.6142,36.0635],[137.6146,36.0631],[137.6148,36.0621],[137.6147,36.062],[137.6147,36.0618],[137.6143,36.0615],[137.6139,36.0611],[137.6138,36.0606],[137.6138,36.0606],[137.6137,36.0601],[137.6137,36.0596],[137.6135,36.0595],[137.6134,36.0594],[137.6123,36.0588],[137.6116,36.0583],[137.6116,36.0583],[137.6109,36.0579],[137.6107,36.0577],[137.6103,36.0576],[137.6099,36.0573],[137.6097,36.0571],[137.6093,36.0569],[137.6089,36.0567],[137.6087,36.0566],[137.6084,36.0566],[137.6083,36.0565],[137.6083,36.0565],[137.6079,36.0563],[137.607,36.0558],[137.6069,36.0557],[137.6069,36.0555],[137.6069,36.0554],[137.607,36.0548],[137.607,36.0545],[137.6071,36.0544],[137.6071,36.0541],[137.6071,36.0539],[137.6069,36.0535],[137.6068,36.0533],[137.6066,36.053],[137.6062,36.0527],[137.6057,36.0524],[137.6054,36.0522],[137.6053,36.0521],[137.6052,36.0516],[137.6052,36.0512],[137.6053,36.0501],[137.6053,36.05],[137.6053,36.05],[137.6056,36.0492],[137.6055,36.0491],[137.6055,36.0489],[137.6054,36.0487],[137.6052,36.0485],[137.6049,36.0485],[137.6048,36.0484],[137.6045,36.0484],[137.6043,36.0483],[137.6039,36.048],[137.6036,36.0477],[137.603,36.0473],[137.6027,36.047],[137.6024,36.0469],[137.602,36.0468],[137.6018,36.0469],[137.6015,36.0469],[137.6013,36.0468],[137.6011,36.0467],[137.6007,36.0462],[137.6006,36.0457],[137.6005,36.0455],[137.6004,36.0452],[137.6004,36.0452],[137.6001,36.0449],[137.6,36.0448],[137.6,36.0448],[137.5998,36.0447],[137.5994,36.0443],[137.5991,36.0439],[137.599,36.0438],[137.5983,36.0432],[137.598,36.0428],[137.5979,36.0424],[137.5978,36.042],[137.5978,36.0417],[137.5978,36.0417],[137.5978,36.0417],[137.5979,36.0413],[137.598,36.0411],[137.5983,36.0406],[137.5983,36.0403],[137.5984,36.0397],[137.5984,36.0388],[137.5983,36.0375],[137.5983,36.037],[137.5988,36.0349],[137.5989,36.0344],[137.5991,36.034],[137.5992,36.0334],[137.5992,36.0333],[137.5992,36.0333],[137.5993,36.0327],[137.5993,36.032],[137.5993,36.032],[137.5994,36.0316],[137.5994,36.0314],[137.5996,36.0311],[137.6,36.0301],[137.6,36.03],[137.6,36.03],[137.6002,36.0293],[137.6002,36.0286],[137.6002,36.0284],[137.6,36.0283],[137.6,36.0283],[137.6,36.0282],[137.5997,36.028],[137.5994,36.0276],[137.5993,36.0273],[137.5991,36.0269],[137.5991,36.0265],[137.5992,36.0263],[137.5995,36.0259],[137.5995,36.0257],[137.5994,36.0254],[137.5991,36.025],[137.5991,36.025],[137.5991,36.025],[137.5984,36.0235],[137.5985,36.023],[137.5984,36.0227],[137.5983,36.0222],[137.5981,36.0219],[137.5978,36.0216],[137.5976,36.0213],[137.5973,36.0206],[137.5971,36.0202],[137.597,36.0202],[137.5966,36.0198],[137.596,36.0194],[137.5958,36.0192],[137.5959,36.0186],[137.5958,36.0181],[137.5959,36.0178],[137.5959,36.0178],[137.596,36.0175],[137.596,36.0172],[137.596,36.017],[137.5958,36.0168],[137.5957,36.0167],[137.5957,36.0167],[137.5956,36.0166],[137.5952,36.0161],[137.5945,36.0153],[137.594,36.0145],[137.594,36.0142],[137.594,36.014],[137.5943,36.0138],[137.5948,36.0133],[137.5948,36.013],[137.5948,36.0129],[137.5945,36.0124],[137.594,36.0119],[137.5924,36.0104],[137.5922,36.0102],[137.5922,36.0102],[137.5921,36.0099],[137.5918,36.0095],[137.5917,36.0094],[137.5917,36.0094],[137.5913,36.009],[137.5913,36.0087],[137.5914,36.0083],[137.5914,36.0083],[137.5914,36.0083],[137.5914,36.0081],[137.5913,36.0078],[137.5909,36.0075],[137.5907,36.007],[137.5905,36.0067],[137.5903,36.0065],[137.5892,36.0062],[137.5888,36.006],[137.5886,36.0057],[137.5884,36.0056],[137.5878,36.0055],[137.5872,36.0053],[137.5871,36.0053],[137.586,36.0047],[137.5855,36.0043],[137.5853,36.0041],[137.585,36.0038],[137.5849,36.0035],[137.5845,36.0032],[137.5843,36.0031],[137.5834,36.0028],[137.5833,36.0028],[137.5833,36.0028],[137.5824,36.0024],[137.5816,36.0016],[137.5811,36.0014],[137.5808,36.0014],[137.58,36.0007],[137.5794,36],[137.5794,36],[137.579,35.9996],[137.5788,35.999],[137.5778,35.9984],[137.5767,35.9974],[137.5764,35.9973],[137.5764,35.9973],[137.5759,35.9972],[137.5758,35.9967],[137.5757,35.9955],[137.575,35.9956],[137.575,35.9956],[137.5747,35.9957],[137.5733,35.9958],[137.5723,35.9957],[137.5714,35.9959],[137.5708,35.9957],[137.5706,35.9956],[137.5701,35.9957],[137.5695,35.9958],[137.5691,35.9957],[137.569,35.9955],[137.5689,35.9949],[137.5687,35.9946],[137.5684,35.9944],[137.5683,35.9944],[137.5675,35.9941],[137.5669,35.9939],[137.5667,35.9937],[137.5667,35.9937],[137.5662,35.9934],[137.5656,35.9928],[137.5649,35.9927],[137.5641,35.9918],[137.5639,35.9917],[137.5639,35.9917],[137.5636,35.9914],[137.5632,35.9912],[137.563,35.9907],[137.5622,35.9901],[137.561,35.9896],[137.56,35.9893],[137.5598,35.9893],[137.5587,35.9893],[137.5583,35.9893],[137.5583,35.9893],[137.5583,35.9893],[137.557,35.989],[137.5565,35.9886],[137.5559,35.9885],[137.5553,35.9884],[137.555,35.9883],[137.5547,35.988],[137.554,35.9877],[137.5531,35.9873],[137.5522,35.9873],[137.5514,35.9871],[137.5505,35.9871],[137.5502,35.9869],[137.55,35.9867],[137.55,35.9867],[137.5498,35.9864],[137.549,35.9853],[137.5487,35.9853],[137.5483,35.9853],[137.5477,35.9854],[137.5474,35.9854],[137.5471,35.9853],[137.5465,35.9847],[137.5456,35.9841],[137.5453,35.984],[137.5448,35.9841],[137.5441,35.9833],[137.5441,35.9833],[137.5441,35.9833],[137.5435,35.9829],[137.5433,35.9824],[137.5433,35.981],[137.5432,35.9808],[137.543,35.9806],[137.5429,35.9804],[137.5431,35.9802],[137.5438,35.9795],[137.545,35.9782],[137.545,35.9778],[137.545,35.9771],[137.5447,35.9763],[137.5446,35.975],[137.5446,35.975],[137.5446,35.9748],[137.5446,35.9742],[137.5442,35.9734],[137.5443,35.9728],[137.5443,35.9726],[137.5443,35.9724],[137.5438,35.9719],[137.543,35.9716],[137.5426,35.9711],[137.5422,35.9709],[137.5417,35.9701],[137.5417,35.9701],[137.5417,35.9701],[137.5414,35.9693],[137.5414,35.9685],[137.5417,35.9683],[137.5417,35.9683],[137.5418,35.9682],[137.5421,35.9676],[137.542,35.9667],[137.542,35.9667],[137.542,35.9666],[137.5417,35.9663],[137.5417,35.9663],[137.5417,35.9663],[137.5412,35.9665],[137.5408,35.9666],[137.5403,35.9663],[137.5403,35.9662],[137.5402,35.9661],[137.5399,35.9656],[137.5397,35.9656],[137.5393,35.9657],[137.5388,35.9656],[137.5375,35.965],[137.537,35.9644],[137.5366,35.9644],[137.5362,35.9644],[137.5359,35.9643],[137.5359,35.9639],[137.5351,35.9635],[137.5345,35.9629],[137.5333,35.9622],[137.5333,35.9622],[137.5328,35.9619],[137.5326,35.9616],[137.5323,35.9609],[137.5323,35.9607],[137.5322,35.9598],[137.5318,35.9589],[137.5315,35.9583],[137.5315,35.9583],[137.5314,35.9582],[137.5312,35.9578],[137.531,35.9571],[137.5301,35.956],[137.5294,35.9551],[137.5293,35.9543],[137.5292,35.9536],[137.5284,35.9528],[137.5283,35.9527],[137.5274,35.9519],[137.5271,35.9513],[137.5269,35.9504],[137.5267,35.95],[137.5267,35.95],[137.5262,35.9488],[137.5255,35.9478],[137.5252,35.9469],[137.525,35.9465],[137.525,35.9465],[137.5247,35.9459],[137.5243,35.945],[137.5242,35.9445],[137.5242,35.9442],[137.5244,35.9433],[137.5245,35.9425],[137.524,35.9422],[137.5224,35.9418],[137.5221,35.9417],[137.5221,35.9417],[137.5212,35.9414],[137.5193,35.9404],[137.519,35.9401],[137.5189,35.9397],[137.5187,35.9397],[137.5183,35.9398],[137.5177,35.9401],[137.5172,35.9402],[137.5168,35.9403],[137.5167,35.9403],[137.5167,35.9403],[137.5147,35.9408],[137.5136,35.941],[137.5128,35.9409],[137.5107,35.9411],[137.5096,35.9407],[137.5091,35.9406],[137.5083,35.9406],[137.5083,35.9406],[137.5074,35.9405],[137.5064,35.9406],[137.5056,35.9406],[137.5049,35.9405],[137.5042,35.9403],[137.5036,35.9399],[137.5031,35.9393],[137.5026,35.9385],[137.5019,35.9376],[137.5014,35.9367],[137.501,35.9355],[137.5002,35.9341],[137.5,35.9336],[137.5,35.9336],[137.4998,35.9333],[137.4998,35.9333],[137.4998,35.9332],[137.4988,35.9314],[137.4986,35.9306],[137.4982,35.9296],[137.4977,35.9288],[137.4972,35.9283],[137.497,35.9282],[137.4962,35.9276],[137.4955,35.9271],[137.4946,35.9266],[137.4943,35.9264],[137.4934,35.926],[137.4924,35.9253],[137.4923,35.925],[137.4923,35.925],[137.4919,35.9243],[137.4919,35.9241],[137.4917,35.9235],[137.4917,35.9235],[137.4915,35.9231],[137.4903,35.9214],[137.4895,35.9204],[137.4893,35.9198],[137.488,35.9185],[137.487,35.9175],[137.4866,35.9173],[137.4865,35.9172],[137.4852,35.9167],[137.4851,35.9167],[137.4851,35.9167],[137.4845,35.9164],[137.4842,35.9161],[137.484,35.9156],[137.4838,35.9152],[137.4838,35.9151],[137.4838,35.9148],[137.4836,35.9142],[137.4834,35.9138],[137.4833,35.9135],[137.4833,35.9135],[137.4833,35.9133],[137.4833,35.9128],[137.4833,35.9126],[137.4833,35.9126],[137.4834,35.912],[137.4838,35.9108],[137.484,35.9103],[137.484,35.9098],[137.4842,35.9094],[137.4843,35.9092],[137.4845,35.9089],[137.4845,35.9086],[137.4843,35.9085],[137.4842,35.9083],[137.4842,35.9083],[137.4842,35.9083],[137.4833,35.9074],[137.4833,35.9074],[137.4833,35.9074],[137.4827,35.907],[137.4813,35.9062],[137.4811,35.906],[137.4811,35.9058],[137.4812,35.9049],[137.4813,35.9045],[137.4815,35.9031],[137.4817,35.9017],[137.4818,35.9015],[137.4819,35.9005],[137.4817,35.9],[137.4817,35.9],[137.4813,35.8991],[137.481,35.8984],[137.4808,35.8982],[137.4803,35.8982],[137.48,35.8981],[137.4799,35.8972],[137.4793,35.8964],[137.4783,35.8964],[137.4779,35.8963],[137.4776,35.8962],[137.4772,35.896],[137.4768,35.8959],[137.4765,35.8954],[137.4763,35.8951],[137.4763,35.895],[137.4764,35.8945],[137.4765,35.8942],[137.4764,35.8941],[137.4762,35.894],[137.4754,35.8936],[137.475,35.8936],[137.475,35.8936],[137.474,35.8934],[137.4722,35.8932],[137.4702,35.8927],[137.4691,35.8927],[137.4675,35.8926],[137.4667,35.8926],[137.4667,35.8926],[137.4658,35.8926],[137.4654,35.8926],[137.4651,35.8926],[137.4651,35.892],[137.4649,35.8917],[137.4649,35.8917],[137.4648,35.8915],[137.464,35.891],[137.4632,35.8905],[137.4624,35.8902],[137.4622,35.8899],[137.462,35.8895],[137.4616,35.8893],[137.4612,35.8893],[137.4611,35.8893],[137.46,35.8896],[137.4595,35.8895],[137.4586,35.8893],[137.4583,35.8894],[137.4583,35.8894],[137.4583,35.8894],[137.4577,35.8898],[137.4568,35.8901],[137.4556,35.8906],[137.4545,35.8912],[137.4536,35.8916],[137.4534,35.8917],[137.4534,35.8917],[137.4531,35.8918],[137.4526,35.8919],[137.4516,35.8919],[137.4503,35.8922],[137.45,35.8924],[137.45,35.8924],[137.4487,35.8929],[137.4477,35.8934],[137.4471,35.894],[137.447,35.894],[137.4458,35.8957],[137.4449,35.8968],[137.4444,35.8973],[137.4434,35.8981],[137.4421,35.899],[137.4417,35.8993],[137.4417,35.8993],[137.4414,35.8994],[137.4406,35.8997],[137.4398,35.8998],[137.4393,35.8999],[137.4392,35.8999],[137.4391,35.9],[137.4391,35.9],[137.4388,35.9001],[137.4385,35.9007],[137.4381,35.9016],[137.4377,35.903],[137.4376,35.9051],[137.4365,35.9051],[137.4349,35.9055],[137.4337,35.9053],[137.4334,35.9053],[137.4333,35.9053],[137.4333,35.9053],[137.4325,35.9053],[137.432,35.905],[137.4313,35.9046],[137.4303,35.9046],[137.4295,35.9044],[137.4286,35.9041],[137.4271,35.904],[137.4263,35.9038],[137.425,35.9034],[137.425,35.9034],[137.4244,35.9032],[137.4238,35.9033],[137.4231,35.9037],[137.4222,35.9042],[137.4216,35.9043],[137.4206,35.9043],[137.42,35.9045],[137.4194,35.9045],[137.4184,35.9042],[137.4173,35.9037],[137.4167,35.9032],[137.4167,35.9032],[137.4164,35.903],[137.4161,35.9027],[137.4156,35.9021],[137.4149,35.9016],[137.4144,35.9014],[137.4136,35.9014],[137.4136,35.9014],[137.4125,35.9011],[137.4119,35.9009],[137.4114,35.9009],[137.4099,35.9003],[137.4092,35.9],[137.4092,35.9],[137.4089,35.8999],[137.4083,35.8998],[137.4083,35.8998],[137.4077,35.8997],[137.4065,35.8991],[137.4056,35.8985],[137.4049,35.8982],[137.4036,35.8978],[137.4036,35.8978],[137.4021,35.8975],[137.401,35.897],[137.4,35.8969],[137.4,35.8969],[137.3999,35.8969],[137.3994,35.8967],[137.3987,35.8962],[137.3981,35.8958],[137.3978,35.8957],[137.3942,35.8951],[137.3933,35.8951],[137.3927,35.895],[137.3923,35.895],[137.3917,35.8946],[137.3917,35.8946],[137.3912,35.8944],[137.3906,35.8942],[137.3893,35.8941],[137.3873,35.8939],[137.3864,35.8936],[137.3854,35.8938],[137.3835,35.8931],[137.3833,35.893],[137.3833,35.893],[137.383,35.8927],[137.383,35.8927],[137.3816,35.8926],[137.3808,35.8924],[137.3802,35.8917],[137.3802,35.8917],[137.3801,35.8916],[137.379,35.8908],[137.3788,35.8906],[137.3789,35.8903],[137.3789,35.8897],[137.3786,35.8893],[137.3781,35.8887],[137.3775,35.8884],[137.3765,35.8881],[137.3757,35.8878],[137.3752,35.8875],[137.375,35.8873],[137.375,35.8873],[137.3747,35.8872],[137.3741,35.8867],[137.3736,35.8862],[137.3734,35.8856],[137.3733,35.8852],[137.3733,35.8849],[137.3735,35.8846],[137.3736,35.8844],[137.3736,35.8842],[137.3735,35.8841],[137.372,35.8836],[137.371,35.8833],[137.371,35.8833],[137.371,35.8833],[137.3705,35.8832],[137.3702,35.8828],[137.37,35.8821],[137.3698,35.8816],[137.3694,35.8812],[137.3689,35.881],[137.3681,35.8808],[137.3678,35.8807],[137.3676,35.8803],[137.3671,35.8799],[137.3667,35.8797],[137.3667,35.8797],[137.3666,35.8797],[137.3658,35.8796],[137.3652,35.8794],[137.365,35.8792],[137.3644,35.8789],[137.3644,35.8787],[137.3647,35.8783],[137.3648,35.8781],[137.3653,35.8777],[137.3659,35.8774],[137.3667,35.8771],[137.3667,35.8771],[137.3668,35.8771],[137.3672,35.8768],[137.3676,35.8757],[137.3679,35.875],[137.3679,35.875],[137.3682,35.8742],[137.3681,35.8737],[137.3678,35.8729],[137.3671,35.8721],[137.3669,35.8719],[137.367,35.8714],[137.3676,35.8709],[137.3681,35.8704],[137.3681,35.87],[137.3676,35.8692],[137.3675,35.8684],[137.3671,35.8674],[137.3671,35.8671],[137.3671,35.8667],[137.3671,35.8667],[137.3671,35.8663],[137.367,35.866],[137.3667,35.8656],[137.3667,35.8656],[137.3663,35.8653],[137.3667,35.8647],[137.3667,35.8647],[137.3668,35.8645],[137.3668,35.8643],[137.3667,35.864],[137.3667,35.864],[137.3665,35.8636],[137.3666,35.8632],[137.3667,35.8631],[137.3667,35.8631],[137.3669,35.8626],[137.3672,35.8617],[137.3676,35.8607],[137.3675,35.8604],[137.3674,35.8603],[137.3671,35.86],[137.367,35.8595],[137.367,35.8589],[137.3668,35.8585],[137.3667,35.8583],[137.3667,35.8583],[137.3667,35.8583],[137.3667,35.8583],[137.3666,35.8582],[137.3664,35.8576],[137.3662,35.857],[137.3657,35.8564],[137.3654,35.856],[137.3653,35.8556],[137.3655,35.8545],[137.3655,35.8541],[137.3655,35.8536],[137.3653,35.8534],[137.3649,35.8529],[137.3646,35.8528],[137.3643,35.8526],[137.364,35.8523],[137.3637,35.852],[137.3635,35.8515],[137.3634,35.8509],[137.3637,35.8502],[137.3631,35.8501],[137.3629,35.85],[137.3629,35.85],[137.3629,35.85],[137.3628,35.8494],[137.3626,35.8489],[137.3626,35.8489],[137.3619,35.8481],[137.3617,35.8477],[137.3614,35.8467],[137.3613,35.8465],[137.3611,35.8462],[137.3603,35.8455],[137.3592,35.8445],[137.3585,35.844],[137.3583,35.8439],[137.3583,35.8439],[137.358,35.8437],[137.3575,35.8436],[137.3572,35.8435],[137.3569,35.8433],[137.3568,35.8427],[137.3562,35.8426],[137.3558,35.8424],[137.3543,35.8422],[137.3535,35.8425],[137.3531,35.8427],[137.3527,35.8427],[137.3524,35.8427],[137.3518,35.8431],[137.3512,35.8429],[137.35,35.8427],[137.35,35.8427],[137.3493,35.8427],[137.3488,35.8426],[137.3483,35.8424],[137.3473,35.8428],[137.347,35.8429],[137.3462,35.843],[137.3458,35.8433],[137.3454,35.8434],[137.3449,35.8433],[137.3443,35.8433],[137.3436,35.843],[137.3431,35.8429],[137.3427,35.843],[137.3424,35.8431],[137.3424,35.8431],[137.3417,35.8437],[137.3417,35.8437],[137.3413,35.844],[137.3407,35.8441],[137.3402,35.8441],[137.3391,35.8442],[137.3387,35.8441],[137.3383,35.8441],[137.3379,35.8441],[137.3371,35.8441],[137.3367,35.8441],[137.3363,35.8442],[137.336,35.8442],[137.3358,35.844],[137.3356,35.8437],[137.3354,35.8436],[137.3349,35.8432],[137.3342,35.8426],[137.3333,35.842],[137.3333,35.842],[137.3333,35.842],[137.3331,35.8418],[137.333,35.8417],[137.333,35.8417],[137.3326,35.8413],[137.3321,35.8407],[137.3319,35.84],[137.3318,35.8397],[137.3318,35.8388],[137.3316,35.8381],[137.3313,35.8374],[137.3313,35.8372],[137.3314,35.8367],[137.3314,35.8365],[137.3314,35.8362],[137.3311,35.8357],[137.3309,35.8351],[137.3307,35.8345],[137.3306,35.834],[137.3305,35.8335],[137.3304,35.8333],[137.3304,35.8333],[137.3303,35.8332],[137.3304,35.8325],[137.3304,35.8319],[137.3303,35.831],[137.3301,35.8303],[137.3302,35.83],[137.3303,35.8294],[137.3303,35.8292],[137.3302,35.8288],[137.3296,35.828],[137.3294,35.8279],[137.3289,35.8273],[137.3286,35.8269],[137.3282,35.8265],[137.3276,35.8262],[137.3273,35.8259],[137.3272,35.8257],[137.3273,35.8256],[137.3281,35.8252],[137.3282,35.825],[137.3282,35.825],[137.3283,35.8249],[137.3282,35.8243],[137.3282,35.8237],[137.3284,35.823],[137.3288,35.8221],[137.3288,35.8219],[137.3288,35.8218],[137.3285,35.8216],[137.3275,35.8215],[137.3272,35.8213],[137.327,35.8211],[137.3268,35.8209],[137.3269,35.8205],[137.327,35.8195],[137.327,35.8192],[137.3267,35.8186],[137.3265,35.8184],[137.3261,35.8179],[137.3256,35.8174],[137.3253,35.8171],[137.3251,35.8168],[137.325,35.8167],[137.325,35.8167],[137.325,35.8167],[137.325,35.8167],[137.325,35.8167],[137.325,35.8166],[137.325,35.8165],[137.325,35.8163],[137.3252,35.816],[137.3254,35.8159],[137.3259,35.8155],[137.3262,35.8152],[137.3263,35.8149],[137.3263,35.8143],[137.3261,35.8138],[137.3256,35.8132],[137.325,35.8125],[137.325,35.8125],[137.3249,35.8124],[137.3246,35.812],[137.3246,35.812],[137.325,35.8121],[137.325,35.8121],[137.3251,35.8121],[137.3254,35.8121],[137.326,35.8121],[137.3263,35.8121],[137.3267,35.8119],[137.3272,35.8116],[137.3277,35.8111],[137.328,35.8108],[137.3282,35.8106],[137.3286,35.8105],[137.3291,35.8105],[137.3296,35.8103],[137.3301,35.81],[137.3304,35.8098],[137.331,35.8097],[137.3323,35.8093],[137.3324,35.8092],[137.3324,35.809],[137.3325,35.8083],[137.3325,35.8083],[137.3325,35.8083],[137.3324,35.8078],[137.332,35.8074],[137.3319,35.8073],[137.3318,35.8071],[137.3323,35.8067],[137.3324,35.8065],[137.3328,35.806],[137.3329,35.8056],[137.3328,35.8052],[137.3326,35.8049],[137.3332,35.8048],[137.3333,35.8047],[137.3333,35.8047],[137.3336,35.8046],[137.3339,35.8042],[137.334,35.8039],[137.3341,35.8038],[137.3345,35.8037],[137.3348,35.8034],[137.3348,35.8031],[137.3347,35.8026],[137.3342,35.8023],[137.3343,35.802],[137.3344,35.8017],[137.3347,35.8013],[137.3349,35.8012],[137.335,35.8011],[137.3351,35.8009],[137.3353,35.8005],[137.3354,35.8],[137.3354,35.8],[137.3355,35.7998],[137.3357,35.7994],[137.3359,35.7992],[137.336,35.7991],[137.3363,35.7988],[137.3367,35.7986],[137.3371,35.7985],[137.3376,35.7982],[137.3381,35.798],[137.339,35.7979],[137.3395,35.7979],[137.3395,35.7979],[137.3399,35.7979],[137.3402,35.7979],[137.3406,35.7981],[137.3411,35.7983],[137.3415,35.7984],[137.3417,35.7985],[137.3417,35.7985],[137.3417,35.7985],[137.3423,35.7985],[137.3428,35.7986],[137.3435,35.7986],[137.3439,35.7986],[137.3441,35.7987],[137.3446,35.7989],[137.3449,35.7992],[137.3453,35.7993],[137.3456,35.7994],[137.3461,35.7996],[137.3463,35.7997],[137.3472,35.8],[137.3472,35.8],[137.3475,35.8001],[137.3487,35.8005],[137.35,35.801],[137.35,35.801],[137.3501,35.8011],[137.3508,35.8014],[137.3511,35.8015],[137.3519,35.8015],[137.3525,35.8015],[137.353,35.8015],[137.3537,35.8013],[137.3539,35.8012],[137.3539,35.8012],[137.3545,35.8009],[137.3555,35.8],[137.3555,35.8],[137.3558,35.7998],[137.356,35.7996],[137.3573,35.7983],[137.3583,35.7975],[137.3583,35.7975],[137.359,35.797],[137.3599,35.7962],[137.3603,35.796],[137.3605,35.796],[137.3611,35.7962],[137.3618,35.7968],[137.362,35.7972],[137.3622,35.7976],[137.3624,35.7978],[137.3626,35.798],[137.3635,35.7981],[137.3641,35.7984],[137.3648,35.7985],[137.3655,35.7986],[137.3661,35.7988],[137.3666,35.799],[137.3667,35.799],[137.3667,35.799],[137.3669,35.7991],[137.3674,35.799],[137.3683,35.7987],[137.369,35.7985],[137.3692,35.7985],[137.3695,35.7988],[137.3696,35.7988],[137.3701,35.7992],[137.3706,35.7994],[137.3711,35.7995],[137.3714,35.7996],[137.372,35.7999],[137.3722,35.8],[137.3722,35.8],[137.3723,35.8],[137.3732,35.8004],[137.3733,35.8004],[137.3737,35.8005],[137.3746,35.8004],[137.375,35.8004],[137.375,35.8004],[137.3761,35.8004],[137.3776,35.8006],[137.3787,35.8007],[137.3801,35.801],[137.3808,35.8013],[137.381,35.8013],[137.3812,35.8013],[137.3823,35.8008],[137.383,35.8005],[137.3833,35.8004],[137.3833,35.8004],[137.3836,35.8003],[137.3838,35.8001],[137.3838,35.8001],[137.3839,35.8],[137.3839,35.8],[137.3841,35.7997],[137.3844,35.7995],[137.3853,35.799],[137.3858,35.7988],[137.3861,35.7987],[137.3864,35.7987],[137.3876,35.7988],[137.3887,35.7989],[137.3894,35.799],[137.3904,35.7989],[137.3912,35.7987],[137.3917,35.7986],[137.3917,35.7986],[137.3918,35.7986],[137.393,35.7981],[137.3938,35.7977],[137.3938,35.7976],[137.3941,35.7974],[137.3942,35.7971],[137.3942,35.7969],[137.3938,35.7959],[137.3938,35.7957],[137.3938,35.7955],[137.3938,35.7953],[137.3939,35.7951],[137.3952,35.7932],[137.3955,35.7925],[137.3957,35.7919],[137.3958,35.7917],[137.3958,35.7917],[137.3962,35.7912],[137.3964,35.7908],[137.3964,35.7907],[137.3963,35.7906],[137.396,35.7905],[137.3958,35.7903],[137.3956,35.7902],[137.3953,35.7899],[137.3953,35.7898],[137.3953,35.7897],[137.3954,35.7896],[137.3955,35.7893],[137.3958,35.7891],[137.3959,35.7889],[137.396,35.7881],[137.396,35.7868],[137.3961,35.7865],[137.3961,35.7863],[137.3962,35.786],[137.3963,35.7858],[137.3966,35.7856],[137.3969,35.7855],[137.397,35.7854],[137.3968,35.7853],[137.3966,35.7852],[137.3964,35.7852],[137.3963,35.785],[137.3959,35.7847],[137.3956,35.7844],[137.3948,35.7839],[137.3947,35.7836],[137.3946,35.7833],[137.3946,35.7833],[137.3945,35.783],[137.3944,35.7826],[137.3944,35.7824],[137.3941,35.7821],[137.3941,35.7821],[137.3939,35.7819],[137.3932,35.7816],[137.3917,35.781],[137.3917,35.781],[137.3917,35.781],[137.3911,35.7807],[137.3911,35.7806],[137.3911,35.7804],[137.3912,35.7803],[137.3917,35.7795],[137.3917,35.7794],[137.3917,35.7794],[137.392,35.7789],[137.3925,35.7783],[137.3929,35.7779],[137.3933,35.7777],[137.3937,35.7776],[137.3942,35.7775],[137.3946,35.7774],[137.395,35.7772],[137.3955,35.7768],[137.3958,35.7765],[137.3959,35.7764],[137.3961,35.7763],[137.3966,35.7763],[137.3976,35.7761],[137.3978,35.776],[137.3984,35.7758],[137.3989,35.7756],[137.3997,35.7754],[137.3999,35.7754],[137.4,35.7754],[137.4,35.7754],[137.4003,35.7754],[137.4009,35.7756],[137.4015,35.7755],[137.402,35.7754],[137.4025,35.7755],[137.4028,35.7756],[137.4034,35.776],[137.4038,35.7761],[137.4048,35.7763],[137.4059,35.7765],[137.4065,35.7767],[137.4069,35.7767],[137.4077,35.7769],[137.4083,35.777],[137.4083,35.777],[137.4083,35.777],[137.4087,35.777],[137.4092,35.7769],[137.4095,35.777],[137.4099,35.7771],[137.4105,35.7773],[137.4111,35.7773],[137.4118,35.7771],[137.4123,35.777],[137.4135,35.7768],[137.4143,35.7766],[137.415,35.7763],[137.4156,35.7762],[137.416,35.7763],[137.4163,35.7763],[137.4166,35.7762],[137.4167,35.7762],[137.4167,35.7762],[137.4169,35.776],[137.417,35.7759],[137.4171,35.7758],[137.4173,35.7756],[137.4174,35.7754],[137.4173,35.7752],[137.4173,35.775],[137.4173,35.775],[137.4173,35.7749],[137.4174,35.7747],[137.4175,35.7746],[137.4177,35.7743],[137.4184,35.7738],[137.4188,35.7736],[137.419,35.7735],[137.4196,35.7736],[137.4213,35.7738],[137.4222,35.774],[137.4227,35.7743],[137.4231,35.7746],[137.4233,35.7749],[137.4233,35.775],[137.4233,35.775],[137.4233,35.7751],[137.4234,35.7752],[137.4235,35.7752],[137.4236,35.775],[137.4236,35.775],[137.4237,35.775],[137.4239,35.7745],[137.424,35.7744],[137.4246,35.7738],[137.4247,35.7736],[137.425,35.7733],[137.425,35.7733],[137.4253,35.773],[137.4256,35.7725],[137.4256,35.7724],[137.4258,35.7722],[137.4262,35.7718],[137.4268,35.7715],[137.4272,35.7714],[137.4278,35.7712],[137.4282,35.7711],[137.4287,35.7711],[137.4292,35.7712],[137.4296,35.7714],[137.43,35.7714],[137.4304,35.7714],[137.4316,35.7713],[137.4324,35.7712],[137.4332,35.7711],[137.4333,35.7711],[137.4333,35.7711],[137.4341,35.7712],[137.4341,35.7712],[137.4343,35.7712],[137.4344,35.771],[137.4345,35.7709],[137.4344,35.7706],[137.4343,35.7702],[137.4342,35.7699],[137.4339,35.7684],[137.4337,35.768],[137.4337,35.7678],[137.4338,35.7675],[137.434,35.767],[137.4342,35.7667],[137.4342,35.7667],[137.4343,35.7664],[137.4345,35.7662],[137.4353,35.7654],[137.4361,35.7649],[137.4367,35.7644],[137.437,35.764],[137.4374,35.7635],[137.4374,35.7634],[137.4376,35.763],[137.4377,35.7624],[137.4377,35.7619],[137.4377,35.7611],[137.4378,35.7609],[137.4378,35.7609],[137.4379,35.7606],[137.4382,35.7604],[137.4384,35.7602],[137.4388,35.7599],[137.4392,35.7597],[137.4395,35.7594],[137.4397,35.7592],[137.4398,35.7589],[137.44,35.7587],[137.4402,35.7586],[137.4405,35.7585],[137.4407,35.7585],[137.4417,35.7585],[137.4417,35.7585],[137.4419,35.7585],[137.4434,35.7586],[137.4442,35.7585],[137.445,35.7585],[137.4457,35.7584],[137.4462,35.7584],[137.4467,35.7584],[137.4474,35.7586],[137.4478,35.7587],[137.4482,35.7588],[137.4487,35.759],[137.449,35.7592],[137.4492,35.7593],[137.4494,35.7592],[137.4497,35.7592],[137.4499,35.7593],[137.45,35.7593],[137.45,35.7593],[137.4501,35.7595],[137.4503,35.7598],[137.4505,35.7602],[137.4505,35.7605],[137.4505,35.7608],[137.4504,35.761],[137.4502,35.7611],[137.4501,35.7613],[137.4502,35.7614],[137.4504,35.7615],[137.4507,35.7615],[137.4509,35.7616],[137.4512,35.7617],[137.4514,35.7619],[137.4517,35.7621],[137.4519,35.7624],[137.4519,35.7625],[137.4524,35.7633],[137.4525,35.7634],[137.4526,35.7634],[137.4527,35.7633],[137.4528,35.7631],[137.4528,35.7628],[137.4529,35.7626],[137.453,35.7625],[137.4534,35.7622],[137.4537,35.7621],[137.454,35.7621],[137.4546,35.7619],[137.4547,35.7619],[137.455,35.7618],[137.4552,35.7618],[137.4558,35.7617],[137.4562,35.7617],[137.4565,35.7615],[137.4568,35.7613],[137.4571,35.7611],[137.4574,35.7611],[137.4577,35.761],[137.4581,35.7611],[137.4583,35.7611],[137.4583,35.7611],[137.4583,35.7611],[137.4587,35.7612],[137.4592,35.7613],[137.4596,35.7614],[137.4597,35.7614],[137.4598,35.7612],[137.4598,35.7611],[137.46,35.7608],[137.4601,35.7607],[137.4603,35.7606],[137.4605,35.7604],[137.4607,35.7603],[137.4609,35.7598],[137.4611,35.7595],[137.4614,35.7592],[137.4615,35.7591],[137.4617,35.7586],[137.4619,35.7583],[137.4619,35.7583],[137.4619,35.7583],[137.4622,35.7581],[137.4627,35.758],[137.4629,35.7578],[137.4635,35.7572],[137.4637,35.757],[137.4639,35.7568],[137.4645,35.7566],[137.4648,35.7564],[137.4648,35.7561],[137.4647,35.7556],[137.4646,35.7552],[137.4644,35.7544],[137.4644,35.7541],[137.4647,35.7532],[137.4647,35.7529],[137.4647,35.7527],[137.4648,35.7525],[137.4649,35.7524],[137.465,35.7522],[137.4651,35.7521],[137.4652,35.7518],[137.4653,35.7515],[137.4654,35.751],[137.4654,35.7506],[137.4654,35.7501],[137.4654,35.75],[137.4654,35.75],[137.4655,35.7497],[137.4656,35.7494],[137.4657,35.7492],[137.466,35.7489],[137.4663,35.7487],[137.4666,35.7485],[137.4667,35.7485],[137.4667,35.7485],[137.467,35.7484],[137.4672,35.7483],[137.4674,35.7483],[137.4675,35.7481],[137.4677,35.7478],[137.4681,35.747],[137.4676,35.7465],[137.4674,35.746],[137.4672,35.7458],[137.4669,35.7455],[137.4667,35.7452],[137.4667,35.7452],[137.4661,35.7444],[137.4659,35.7443],[137.4656,35.7441],[137.4656,35.7439],[137.4655,35.7438],[137.4656,35.7436],[137.4658,35.7434],[137.4663,35.7427],[137.4665,35.7426],[137.4666,35.7425],[137.4667,35.7424],[137.4667,35.7424],[137.4667,35.7424],[137.4667,35.7423],[137.4667,35.7423],[137.4667,35.7421],[137.4665,35.7417],[137.4665,35.7417],[137.4665,35.7417],[137.4665,35.7415],[137.4666,35.7412],[137.4666,35.741],[137.4667,35.741],[137.4667,35.741],[137.4668,35.7409],[137.4675,35.7406],[137.4678,35.7404],[137.4683,35.7402],[137.4685,35.7401],[137.4687,35.7399],[137.4688,35.7397],[137.4689,35.7395],[137.469,35.7394],[137.4692,35.7393],[137.4695,35.7391],[137.4697,35.739],[137.4698,35.7389],[137.4698,35.7388],[137.4699,35.7385],[137.4699,35.7383],[137.4699,35.7381],[137.4701,35.7376],[137.4705,35.737],[137.4708,35.7365],[137.4709,35.7364],[137.4709,35.7363],[137.4709,35.736],[137.4709,35.7359],[137.4708,35.7358],[137.4709,35.7358],[137.4711,35.7358],[137.4714,35.7357],[137.4719,35.7356],[137.4723,35.7354],[137.4725,35.7352],[137.4726,35.7351],[137.4727,35.7349],[137.4728,35.7346],[137.4728,35.7343],[137.4729,35.734],[137.4731,35.7338],[137.4737,35.7333],[137.4737,35.7333],[137.4739,35.7331],[137.4746,35.7325],[137.475,35.7323],[137.475,35.7323],[137.4752,35.7323],[137.476,35.7318],[137.4761,35.7318],[137.4767,35.7312],[137.4771,35.731],[137.4779,35.7306],[137.4781,35.7305],[137.4783,35.7302],[137.4783,35.7298],[137.4784,35.7293],[137.4783,35.7287],[137.4783,35.7284],[137.4786,35.7275],[137.4788,35.7269],[137.4789,35.7268],[137.479,35.7266],[137.4792,35.7265],[137.48,35.7264],[137.4808,35.7263],[137.4818,35.7259],[137.4822,35.7257],[137.4833,35.7253],[137.4833,35.7253],[137.484,35.7251],[137.4845,35.7251],[137.4849,35.725],[137.4849,35.725],[137.4849,35.725],[137.4851,35.7249],[137.4852,35.7247],[137.4858,35.7231],[137.4859,35.7225],[137.4864,35.7218],[137.4864,35.7217],[137.4865,35.7215],[137.4865,35.7213],[137.4864,35.721],[137.4864,35.7209],[137.4864,35.7207],[137.4865,35.7205],[137.4866,35.7202],[137.4867,35.72],[137.4866,35.7197],[137.4867,35.7195],[137.4867,35.7193],[137.4868,35.7191],[137.4866,35.7187],[137.4866,35.7186],[137.4866,35.7185],[137.4867,35.7183],[137.487,35.7178],[137.4876,35.7167],[137.4876,35.7167],[137.4876,35.7167],[137.4876,35.7165],[137.4876,35.7162],[137.4875,35.716],[137.4875,35.7158],[137.4874,35.7148],[137.4873,35.7138],[137.4871,35.7127],[137.4871,35.7123],[137.487,35.7119],[137.4864,35.7111],[137.4859,35.7103],[137.4859,35.7102],[137.4859,35.7098],[137.4859,35.7096],[137.4859,35.7094],[137.4858,35.7091],[137.4856,35.7087],[137.4856,35.7084],[137.4856,35.7083],[137.4856,35.7083],[137.4855,35.7081],[137.4855,35.708],[137.4855,35.7078],[137.4856,35.7075],[137.4857,35.7071],[137.4858,35.7067],[137.4857,35.7062],[137.4857,35.706],[137.4859,35.7057],[137.486,35.7055],[137.4863,35.7054],[137.4867,35.7054],[137.4872,35.7052],[137.4877,35.7051],[137.4881,35.705],[137.4885,35.7049],[137.4889,35.7047],[137.4896,35.7045],[137.4899,35.7043],[137.4905,35.7043],[137.4908,35.7042],[137.4909,35.7041],[137.4909,35.7039],[137.4908,35.7037],[137.491,35.7034],[137.4914,35.7029],[137.4917,35.7026],[137.4917,35.7026],[137.4917,35.7025],[137.4919,35.7022],[137.4919,35.7021],[137.4919,35.7018],[137.4918,35.7012],[137.4917,35.7009],[137.4917,35.7007],[137.4918,35.7004],[137.492,35.7003],[137.4924,35.7],[137.4924,35.7],[137.4931,35.6995],[137.494,35.6991],[137.4948,35.6988],[137.4955,35.6986],[137.4964,35.6985],[137.497,35.6985],[137.4973,35.6984],[137.4975,35.6983],[137.4976,35.6981],[137.498,35.6972],[137.498,35.6969],[137.4981,35.6967],[137.4983,35.6965],[137.4985,35.6964],[137.4986,35.6964],[137.4987,35.6962],[137.4983,35.6955],[137.4979,35.6946],[137.4976,35.6942],[137.4976,35.694],[137.4976,35.6937],[137.498,35.6932],[137.4981,35.6928],[137.4981,35.6924],[137.4979,35.6917],[137.4979,35.6917],[137.4979,35.6916],[137.4978,35.6909],[137.4976,35.6904],[137.4975,35.6902],[137.4973,35.6899],[137.4973,35.6893],[137.4973,35.6889],[137.4973,35.6887],[137.4972,35.6885],[137.4984,35.6873],[137.4987,35.6872],[137.4992,35.6873],[137.4994,35.6873],[137.4998,35.6872],[137.5,35.6871],[137.5,35.6871],[137.5003,35.6869],[137.5011,35.6862],[137.5013,35.6859],[137.502,35.6848],[137.5027,35.6846],[137.5033,35.6845],[137.5036,35.6845],[137.504,35.6845],[137.5043,35.6845],[137.5044,35.6844],[137.505,35.6833],[137.505,35.6833],[137.505,35.6833],[137.5055,35.683],[137.5072,35.6822],[137.5074,35.6822],[137.5077,35.6821],[137.5079,35.6821],[137.5083,35.6823],[137.5083,35.6823],[137.5084,35.6823],[137.5088,35.6824],[137.509,35.6825],[137.5092,35.6824],[137.5094,35.6824],[137.5105,35.6813],[137.5112,35.681],[137.5114,35.6808],[137.5119,35.6801],[137.512,35.6797],[137.5122,35.6791],[137.5122,35.6789],[137.5123,35.6787],[137.5126,35.6785],[137.5133,35.6782],[137.514,35.678],[137.5143,35.6777],[137.5147,35.6773],[137.515,35.6774],[137.5155,35.6776],[137.5158,35.6776],[137.5161,35.6775],[137.5165,35.6774],[137.5167,35.6773],[137.5167,35.6773],[137.517,35.6772],[137.5172,35.677],[137.5183,35.6773],[137.5189,35.6775],[137.5192,35.6774],[137.5199,35.6772],[137.5207,35.6765],[137.5215,35.6757],[137.5219,35.675],[137.5219,35.675],[137.5221,35.6745],[137.5224,35.6741],[137.5231,35.6731],[137.5242,35.6718],[137.5245,35.6715],[137.525,35.6713],[137.525,35.6713],[137.5251,35.6713],[137.5259,35.6711],[137.5269,35.6711],[137.5275,35.6709],[137.5278,35.6707],[137.5284,35.6703],[137.5286,35.6701],[137.5288,35.6699],[137.5293,35.6696],[137.5302,35.6689],[137.5302,35.6689],[137.5313,35.6683],[137.5325,35.6678],[137.5327,35.6676],[137.5328,35.6673],[137.5331,35.6669],[137.5333,35.6668],[137.5333,35.6668],[137.5335,35.6667],[137.5336,35.6667],[137.5336,35.6667],[137.5337,35.6666],[137.5344,35.6663],[137.5347,35.6661],[137.5354,35.6658],[137.5354,35.6657],[137.5354,35.6656],[137.5353,35.6652],[137.5352,35.6649],[137.5351,35.6646],[137.5349,35.6643],[137.5349,35.6641],[137.535,35.6639],[137.5353,35.6636],[137.5354,35.663],[137.5356,35.6626],[137.5356,35.6625],[137.5356,35.6623],[137.5357,35.662],[137.5357,35.662],[137.536,35.6612],[137.5363,35.6608],[137.5365,35.6605],[137.5368,35.6601],[137.5374,35.6597],[137.5382,35.6591],[137.5384,35.659],[137.5388,35.6586],[137.5391,35.6583],[137.5391,35.6583],[137.5393,35.6581],[137.5395,35.6578],[137.5396,35.6574],[137.5396,35.6573],[137.5397,35.6572],[137.5401,35.6568],[137.5407,35.6564],[137.541,35.656],[137.5415,35.6556],[137.5417,35.6554],[137.5417,35.6554],[137.5418,35.6551],[137.542,35.6548],[137.5424,35.6543],[137.5428,35.6538],[137.5432,35.6534],[137.5439,35.6529],[137.5441,35.6526],[137.5445,35.6522],[137.5446,35.6519],[137.5449,35.6518],[137.5452,35.6515],[137.5454,35.6513],[137.5454,35.6511],[137.5455,35.6508],[137.5455,35.6506],[137.5454,35.6503],[137.5452,35.65],[137.5452,35.65],[137.5452,35.65],[137.5451,35.6497],[137.5451,35.6495],[137.5451,35.6494],[137.5451,35.6493],[137.545,35.6492],[137.5448,35.6491],[137.5445,35.649],[137.5441,35.649],[137.5437,35.6488],[137.5435,35.6488],[137.5432,35.6489],[137.543,35.6488],[137.5427,35.6487],[137.5427,35.6486],[137.5424,35.6484],[137.5418,35.6479],[137.5417,35.6478],[137.5417,35.6478],[137.5412,35.6476],[137.5409,35.6474],[137.5407,35.6473],[137.5405,35.6472],[137.5401,35.6471],[137.54,35.6471],[137.5397,35.6468],[137.5396,35.6464],[137.5394,35.6458],[137.5394,35.6453],[137.5393,35.645],[137.5393,35.6449],[137.5394,35.6445],[137.5394,35.6443],[137.5393,35.6441],[137.5393,35.644],[137.5393,35.6439],[137.5396,35.6435],[137.5398,35.6434],[137.5404,35.6429],[137.5407,35.6427],[137.5409,35.6425],[137.541,35.6423],[137.541,35.6421],[137.5409,35.6419],[137.5408,35.6417],[137.5408,35.6417],[137.5407,35.6416],[137.5406,35.6414],[137.5402,35.6407],[137.54,35.6404],[137.5394,35.64],[137.5391,35.6396],[137.5389,35.6393],[137.5386,35.6388],[137.5384,35.6386],[137.5384,35.6385],[137.5382,35.6383],[137.5379,35.6382],[137.5376,35.6383],[137.5375,35.6383],[137.5373,35.6383],[137.5371,35.6382],[137.5369,35.638],[137.5367,35.6379],[137.5364,35.6378],[137.5361,35.6378],[137.5359,35.6379],[137.5355,35.6379],[137.5352,35.638],[137.5351,35.638],[137.535,35.638],[137.5348,35.6377],[137.5346,35.6377],[137.5344,35.6377],[137.5342,35.6378],[137.5338,35.6379],[137.5335,35.638],[137.5333,35.638],[137.5333,35.638],[137.5331,35.638],[137.5325,35.6379],[137.5324,35.6378],[137.5323,35.6378],[137.532,35.6377],[137.5312,35.6372],[137.5309,35.637],[137.5308,35.6368],[137.5306,35.6365],[137.5306,35.6362],[137.5304,35.636],[137.5302,35.6359],[137.5299,35.6359],[137.5298,35.6359],[137.5294,35.6361],[137.5292,35.6361],[137.5291,35.6361],[137.5288,35.6362],[137.5284,35.6361],[137.5282,35.636],[137.5278,35.6357],[137.5274,35.6353],[137.5273,35.6351],[137.5271,35.6347],[137.5268,35.6344],[137.5266,35.6343],[137.5265,35.6341],[137.5265,35.6338],[137.5264,35.6333],[137.5264,35.6333],[137.5264,35.6333],[137.5264,35.633],[137.5264,35.6326],[137.5265,35.6324],[137.5263,35.6322],[137.5262,35.6321],[137.5263,35.6319],[137.5263,35.6319],[137.5265,35.6315],[137.5268,35.6312],[137.5274,35.6308],[137.5278,35.6305],[137.5279,35.6303],[137.528,35.63],[137.5279,35.6298],[137.5277,35.6296],[137.5277,35.6295],[137.5277,35.6294],[137.5277,35.629],[137.5277,35.6287],[137.5273,35.6283],[137.5271,35.6282],[137.5268,35.6281],[137.5263,35.628],[137.5258,35.628],[137.5255,35.6278],[137.5251,35.6277],[137.525,35.6277],[137.525,35.6277],[137.5249,35.6276],[137.5247,35.6274],[137.5246,35.6272],[137.5246,35.6271],[137.5245,35.6267],[137.5244,35.6266],[137.5243,35.6264],[137.524,35.6262],[137.5238,35.626],[137.5237,35.6258],[137.5237,35.6255],[137.5237,35.6253],[137.5237,35.6253],[137.5237,35.625],[137.5237,35.625],[137.5237,35.625],[137.5236,35.6247],[137.5233,35.6244],[137.5231,35.6242],[137.5231,35.6238],[137.5231,35.6235],[137.5229,35.6231],[137.5228,35.6229],[137.5228,35.6228],[137.5228,35.6227],[137.5229,35.6226],[137.5232,35.6222],[137.5233,35.6221],[137.5234,35.6218],[137.5234,35.6212],[137.5233,35.6208],[137.5231,35.6204],[137.5229,35.6199],[137.5227,35.6194],[137.5224,35.6193],[137.5221,35.6192],[137.5218,35.6192],[137.5214,35.6194],[137.5211,35.6194],[137.5206,35.6194],[137.5204,35.6196],[137.5201,35.6197],[137.52,35.6197],[137.5197,35.6197],[137.5195,35.6196],[137.5192,35.6195],[137.5189,35.6193],[137.5186,35.6192],[137.5181,35.6191],[137.518,35.619],[137.518,35.6187],[137.5179,35.6187],[137.5177,35.6186],[137.5173,35.6186],[137.517,35.6185],[137.5169,35.6184],[137.5168,35.6183],[137.5167,35.618],[137.5167,35.618],[137.5167,35.618],[137.5166,35.6178],[137.5166,35.6175],[137.5166,35.617],[137.5166,35.6168],[137.5166,35.6167],[137.5166,35.6167],[137.5166,35.6166],[137.5166,35.6163],[137.5165,35.6159],[137.5164,35.6157],[137.5164,35.6151],[137.5162,35.6149],[137.5161,35.6148],[137.5159,35.6147],[137.5156,35.6145],[137.5154,35.6144],[137.5152,35.6141],[137.5152,35.6139],[137.5154,35.6135],[137.5155,35.6132],[137.5155,35.6129],[137.5154,35.6126],[137.5154,35.6125],[137.5153,35.6121],[137.515,35.6117],[137.5144,35.6105],[137.5143,35.61],[137.5143,35.6099],[137.5142,35.6097],[137.5141,35.6096],[137.5141,35.6092],[137.5139,35.6087],[137.5138,35.6083],[137.5138,35.6083],[137.5138,35.6083],[137.5138,35.608],[137.5139,35.6079],[137.5142,35.6076],[137.5148,35.6072],[137.5153,35.6069],[137.5158,35.6067],[137.5161,35.6066],[137.5165,35.6063],[137.5167,35.6061],[137.5167,35.6061],[137.5167,35.6061],[137.517,35.6057],[137.5171,35.6054],[137.5171,35.6052],[137.5173,35.6051],[137.5173,35.6051],[137.5175,35.6049],[137.5178,35.6048],[137.5181,35.6046],[137.5182,35.6044],[137.5182,35.6042],[137.5181,35.6036],[137.5181,35.6033],[137.5181,35.6031],[137.5182,35.6029],[137.5183,35.6028],[137.5185,35.6028],[137.5186,35.6028],[137.5188,35.6028],[137.5191,35.6029],[137.5194,35.6029],[137.5195,35.6029],[137.5197,35.6029],[137.5199,35.6029],[137.52,35.6028],[137.5199,35.6026],[137.5198,35.602],[137.5196,35.6016],[137.5197,35.6011],[137.5197,35.6006],[137.5198,35.6004],[137.5201,35.6001],[137.5203,35.6],[137.5203,35.6],[137.5203,35.6],[137.5207,35.5999],[137.5212,35.5998],[137.5215,35.5997],[137.5216,35.5996],[137.5218,35.5993],[137.5221,35.599],[137.5224,35.5988],[137.5227,35.5984],[137.5229,35.5982],[137.5231,35.598],[137.5232,35.5979],[137.5234,35.5979],[137.5235,35.5979],[137.5238,35.5979],[137.5241,35.5979],[137.5243,35.5978],[137.5249,35.5974],[137.525,35.5974],[137.525,35.5974],[137.5255,35.597],[137.5256,35.597],[137.5259,35.5968],[137.5265,35.5965],[137.5267,35.5964],[137.5269,35.5961],[137.5273,35.596],[137.5276,35.5959],[137.528,35.5958],[137.5283,35.5958],[137.5283,35.5956],[137.5283,35.5953],[137.5283,35.5951],[137.5285,35.5949],[137.5287,35.5948],[137.5292,35.5943],[137.5296,35.594],[137.5299,35.5938],[137.53,35.5937],[137.5302,35.5936],[137.5304,35.5936],[137.5306,35.5937],[137.5309,35.5937],[137.5318,35.5933],[137.532,35.5932],[137.532,35.593],[137.532,35.5926],[137.532,35.5924],[137.532,35.5922],[137.5323,35.5918],[137.5324,35.5917],[137.5324,35.5917],[137.5324,35.5916],[137.5326,35.5914],[137.5326,35.5914],[137.5326,35.5913],[137.5324,35.5912],[137.532,35.5909],[137.5315,35.5907],[137.5313,35.5905],[137.5308,35.5901],[137.5307,35.5899],[137.5306,35.5897],[137.5307,35.5895],[137.531,35.589],[137.5313,35.5887],[137.5317,35.5881],[137.5318,35.588],[137.5323,35.5879],[137.5326,35.5878],[137.5329,35.5877],[137.5331,35.5877],[137.5333,35.5877],[137.5333,35.5877],[137.5335,35.5878],[137.5338,35.5878],[137.5342,35.5877],[137.5345,35.5876],[137.5347,35.5875],[137.535,35.5875],[137.5354,35.5874],[137.5357,35.5872],[137.536,35.5871],[137.5365,35.5869],[137.5369,35.5865],[137.5372,35.5861],[137.5374,35.5857],[137.5375,35.5856],[137.5375,35.5855],[137.5376,35.5852],[137.5376,35.5849],[137.5376,35.5846],[137.5376,35.5845],[137.5376,35.5845],[137.5378,35.5845],[137.5383,35.5848],[137.5385,35.5848],[137.5386,35.5849],[137.539,35.585],[137.5393,35.5851],[137.5398,35.5851],[137.5403,35.5852],[137.5409,35.5853],[137.5413,35.5855],[137.5416,35.5855],[137.5417,35.5856],[137.5417,35.5856],[137.5417,35.5856],[137.5423,35.5858],[137.5427,35.586],[137.5432,35.5862],[137.5437,35.5863],[137.5441,35.5865],[137.5444,35.5867],[137.5448,35.5868],[137.5449,35.5869],[137.5455,35.587],[137.5462,35.5872],[137.5462,35.5872],[137.5466,35.5873],[137.5468,35.5873],[137.5476,35.5873],[137.548,35.5872],[137.5481,35.5871],[137.5483,35.5871],[137.5484,35.5871],[137.5487,35.5871],[137.5487,35.5871],[137.5488,35.5871],[137.549,35.5871],[137.5493,35.5872],[137.5497,35.5874],[137.55,35.5875],[137.55,35.5875],[137.5502,35.5876],[137.5505,35.5877],[137.5507,35.5877],[137.5513,35.5875],[137.5518,35.5874],[137.5522,35.5872],[137.553,35.5868],[137.5534,35.5865],[137.554,35.5863],[137.5555,35.586],[137.5558,35.586],[137.5561,35.5859],[137.5566,35.5858],[137.5569,35.5858],[137.5571,35.5857],[137.5576,35.5857],[137.5579,35.5857],[137.5583,35.5856],[137.5583,35.5856],[137.5586,35.5856],[137.5589,35.5856],[137.5592,35.5856],[137.5597,35.5856],[137.56,35.5856],[137.5602,35.5856],[137.5607,35.5857],[137.5611,35.5856],[137.5617,35.5856],[137.562,35.5855],[137.5625,35.5855],[137.5627,35.5854],[137.5628,35.5854],[137.5631,35.5853],[137.5632,35.5853],[137.5634,35.5853],[137.5637,35.5852],[137.5637,35.5852],[137.5639,35.585],[137.5641,35.5849],[137.5641,35.5849],[137.5642,35.5848],[137.5642,35.5848],[137.5645,35.5848],[137.5646,35.5849],[137.5648,35.5849],[137.565,35.5849],[137.5654,35.585],[137.5654,35.585],[137.5659,35.5852],[137.5663,35.5854],[137.5666,35.5854],[137.5667,35.5855],[137.5667,35.5855],[137.567,35.5856],[137.5672,35.5856],[137.5674,35.5857],[137.5676,35.5858],[137.5681,35.5859],[137.5681,35.5859],[137.5683,35.5857],[137.5683,35.5855],[137.5684,35.5853],[137.5684,35.5852],[137.5686,35.585],[137.569,35.5844],[137.5691,35.5843],[137.5695,35.5843],[137.5696,35.5843],[137.5699,35.5843],[137.5702,35.5843],[137.5707,35.5842],[137.5713,35.5842],[137.5713,35.5839],[137.5712,35.5836],[137.571,35.5834],[137.571,35.5833],[137.571,35.5833],[137.5707,35.583],[137.5705,35.5827],[137.5704,35.5825],[137.5703,35.5822],[137.5703,35.582],[137.5703,35.5816],[137.5705,35.581],[137.5706,35.5808],[137.5705,35.5801],[137.5704,35.5799],[137.5703,35.5797],[137.5701,35.5794],[137.57,35.5792],[137.5697,35.5791],[137.5694,35.5788],[137.5693,35.5787],[137.5692,35.5785],[137.5691,35.5782],[137.5689,35.578],[137.5689,35.5778],[137.5686,35.5776],[137.5683,35.5774],[137.5682,35.5773],[137.5682,35.5771],[137.5682,35.5771],[137.5682,35.5769],[137.5683,35.5765],[137.5684,35.5762],[137.5688,35.5757],[137.5692,35.5752],[137.5693,35.575],[137.5693,35.575],[137.5693,35.575],[137.5693,35.5749],[137.5692,35.5748],[137.569,35.5746],[137.5689,35.5744],[137.5688,35.5743],[137.5688,35.5736],[137.5687,35.5735],[137.5683,35.5731],[137.5681,35.5728],[137.568,35.5726],[137.5678,35.5724],[137.5676,35.572],[137.5673,35.5714],[137.5672,35.5712],[137.5671,35.571],[137.5669,35.5708],[137.5667,35.5708],[137.5667,35.5708],[137.5666,35.5708],[137.5663,35.5707],[137.5661,35.5706],[137.566,35.5704],[137.5656,35.57],[137.5654,35.5697],[137.5653,35.5695],[137.5652,35.5695],[137.5648,35.5692],[137.5643,35.569],[137.5641,35.5689],[137.5641,35.5686],[137.5642,35.5684],[137.5644,35.5682],[137.5646,35.568],[137.5646,35.5679],[137.5646,35.5677],[137.5646,35.5669],[137.5646,35.5667],[137.5646,35.5667],[137.5646,35.5664],[137.5647,35.5662],[137.5648,35.566],[137.5649,35.5659],[137.5652,35.5659],[137.5657,35.566],[137.566,35.566],[137.5662,35.5661],[137.5664,35.5661],[137.5665,35.566],[137.5665,35.5658],[137.5666,35.5656],[137.5666,35.5654],[137.5667,35.5652],[137.5667,35.5652],[137.5667,35.5652],[137.5668,35.565],[137.5668,35.5649],[137.5669,35.5648],[137.5674,35.5647],[137.5677,35.5646],[137.5679,35.5644],[137.5681,35.5642],[137.5684,35.5639],[137.5686,35.5636],[137.5688,35.5636],[137.5689,35.5636],[137.569,35.5636],[137.5693,35.5637],[137.5695,35.5637],[137.5696,35.5637],[137.5698,35.5635],[137.5701,35.5633],[137.5705,35.563],[137.5709,35.5628],[137.5711,35.5627],[137.5711,35.5626],[137.5711,35.5623],[137.571,35.5621],[137.5711,35.562],[137.5714,35.5619],[137.5716,35.5617],[137.5718,35.5616],[137.5719,35.5614],[137.5721,35.5612],[137.5722,35.5607],[137.5723,35.5604],[137.5724,35.5604],[137.5723,35.5603],[137.572,35.5599],[137.5719,35.5597],[137.5719,35.5596],[137.5722,35.5591],[137.5724,35.5588],[137.5726,35.5583],[137.5726,35.5583],[137.5726,35.5583],[137.5726,35.5581],[137.5726,35.558],[137.5725,35.5579],[137.5722,35.5576],[137.572,35.5574],[137.5719,35.5573],[137.5717,35.5572],[137.5715,35.5571],[137.5715,35.5571],[137.5715,35.5569],[137.5715,35.5568],[137.5715,35.5564],[137.5715,35.5561],[137.5714,35.5559],[137.5712,35.5555],[137.5712,35.5553],[137.5711,35.5551],[137.5709,35.5545],[137.5709,35.5543],[137.5708,35.5541],[137.5707,35.5539],[137.5707,35.5538],[137.5706,35.5538],[137.5707,35.5537],[137.5711,35.5536],[137.5716,35.5535],[137.5718,35.5534],[137.5722,35.5532],[137.5723,35.5531],[137.5723,35.5529],[137.5723,35.5527],[137.5718,35.5523],[137.5717,35.5522],[137.5716,35.5519],[137.5716,35.5516],[137.5717,35.5515],[137.5719,35.5514],[137.5722,35.5512],[137.5728,35.5509],[137.5731,35.5508],[137.5733,35.5507],[137.5735,35.5508],[137.5738,35.5507],[137.574,35.5506],[137.5742,35.5504],[137.5742,35.5504],[137.5743,35.5502],[137.5744,35.55],[137.5744,35.55],[137.5744,35.55],[137.5745,35.5498],[137.5748,35.5494],[137.5748,35.5493],[137.5746,35.549],[137.5744,35.5483],[137.5742,35.5478],[137.5742,35.5471],[137.5743,35.5468],[137.5743,35.5466],[137.5742,35.5462],[137.5737,35.5454],[137.5736,35.5453],[137.5737,35.545],[137.5739,35.5447],[137.5741,35.5446],[137.5743,35.5446],[137.5745,35.5445],[137.5748,35.5446],[137.575,35.5446],[137.575,35.5446],[137.5763,35.5449],[137.5767,35.5449],[137.5767,35.5449],[137.5769,35.5449],[137.577,35.5448],[137.5771,35.5446],[137.577,35.5445],[137.577,35.5445],[137.577,35.5444],[137.5769,35.5442],[137.5769,35.5441],[137.577,35.5438],[137.5772,35.5437],[137.5772,35.5437],[137.5775,35.5434],[137.5778,35.5432],[137.5779,35.5431],[137.5782,35.5429],[137.5783,35.5429],[137.5785,35.5427],[137.579,35.5426],[137.5792,35.5425],[137.5792,35.5424],[137.5794,35.5422],[137.5795,35.542],[137.5796,35.5419],[137.5798,35.5417],[137.5798,35.5417],[137.5798,35.5417],[137.58,35.5414],[137.5802,35.5411],[137.5803,35.541],[137.5804,35.5408],[137.5805,35.5405],[137.5806,35.5403],[137.5805,35.5402],[137.5805,35.5402],[137.5805,35.5399],[137.5806,35.5395],[137.5809,35.5389],[137.5811,35.5388],[137.5816,35.5388],[137.5817,35.5388],[137.5819,35.5388],[137.5822,35.5389],[137.5823,35.539],[137.5825,35.539],[137.5827,35.539],[137.583,35.539],[137.5832,35.539],[137.5833,35.5389],[137.5833,35.5389],[137.5835,35.5389],[137.5841,35.5388],[137.5843,35.5388],[137.5844,35.5388],[137.5846,35.5387],[137.5848,35.5386],[137.5855,35.5384],[137.5858,35.5384],[137.5864,35.5382],[137.5866,35.5382],[137.5869,35.5383],[137.5871,35.5383],[137.5874,35.5383],[137.5877,35.5382],[137.5879,35.538],[137.5881,35.5379],[137.5882,35.5379],[137.5882,35.5378],[137.5882,35.5377],[137.5883,35.5375],[137.5885,35.5371],[137.5886,35.5369],[137.5887,35.5368],[137.5889,35.5367],[137.5891,35.5365],[137.5893,35.5363],[137.5895,35.5361],[137.5899,35.5357],[137.5901,35.5354],[137.5903,35.5353],[137.5904,35.5352],[137.5906,35.5352],[137.5909,35.5351],[137.5917,35.535],[137.5917,35.535],[137.5922,35.5349],[137.5924,35.5348],[137.5929,35.5347],[137.5932,35.5346],[137.5939,35.5344],[137.5943,35.5343],[137.5949,35.534],[137.5951,35.5339],[137.5952,35.5339],[137.5954,35.5339],[137.5958,35.534],[137.5963,35.5342],[137.5968,35.5344],[137.5969,35.5345],[137.597,35.5345],[137.5972,35.5346],[137.5974,35.5345],[137.5976,35.5344],[137.5979,35.5343],[137.5982,35.5342],[137.5986,35.5341],[137.5989,35.534],[137.5992,35.5335],[137.5993,35.5333],[137.5993,35.5333],[137.5994,35.5332],[137.5996,35.5329],[137.5998,35.5327],[137.6,35.5326],[137.6,35.5326],[137.6,35.5326],[137.6006,35.5323],[137.6009,35.5321],[137.601,35.532],[137.6014,35.5315],[137.6015,35.5315],[137.6019,35.5312],[137.6022,35.5308],[137.6024,35.5307],[137.6025,35.5307],[137.6028,35.5309],[137.6031,35.5311],[137.6036,35.5316],[137.604,35.532],[137.6044,35.5323],[137.6047,35.5325],[137.6051,35.5327],[137.6054,35.5328],[137.6061,35.5331],[137.6064,35.5333],[137.6066,35.5333],[137.6066,35.5333],[137.607,35.5335],[137.6073,35.5335],[137.6075,35.5335],[137.6077,35.5333],[137.6077,35.5333],[137.6078,35.5333],[137.6078,35.5333],[137.6081,35.5331],[137.6083,35.5328],[137.6083,35.5328],[137.6083,35.5328],[137.6085,35.5326],[137.6088,35.5322],[137.6092,35.5317],[137.6095,35.5314],[137.61,35.5309],[137.6104,35.5303],[137.6106,35.5302],[137.6109,35.5301],[137.6113,35.5301],[137.6116,35.53],[137.612,35.5298],[137.6123,35.5296],[137.6128,35.5293],[137.6134,35.5289],[137.6137,35.5287],[137.6143,35.5282],[137.6147,35.5279],[137.6151,35.5275],[137.6152,35.5274],[137.6153,35.5273],[137.6158,35.5267],[137.6161,35.5264],[137.6163,35.5263],[137.6167,35.5263],[137.6167,35.5263],[137.6168,35.5263],[137.6171,35.5263],[137.6175,35.5263],[137.6179,35.5263],[137.6179,35.5263],[137.6182,35.5262],[137.6184,35.526],[137.6186,35.5258],[137.6187,35.5256],[137.6188,35.5253],[137.6189,35.525],[137.6189,35.525],[137.6189,35.525],[137.6188,35.5246],[137.6188,35.5242],[137.6186,35.5237],[137.6186,35.5236],[137.6187,35.5234],[137.6189,35.5231],[137.6192,35.5227],[137.6193,35.5224],[137.6194,35.522],[137.6194,35.5215],[137.6194,35.5214],[137.6197,35.5214],[137.6199,35.5215],[137.6202,35.5214],[137.6205,35.5212],[137.6209,35.521],[137.6213,35.5209],[137.6216,35.5208],[137.622,35.5206],[137.6231,35.5201],[137.6232,35.52],[137.623,35.5197],[137.6224,35.5191],[137.6223,35.5186],[137.6237,35.5167],[137.6237,35.5167],[137.6239,35.5163],[137.6245,35.5162],[137.6249,35.5157],[137.625,35.5156],[137.625,35.5156],[137.6254,35.5153],[137.6254,35.5152],[137.6256,35.515],[137.6257,35.5143],[137.626,35.5137],[137.6261,35.5132],[137.626,35.5125],[137.6262,35.5122],[137.6274,35.5119],[137.6284,35.5117],[137.6292,35.5113],[137.6298,35.5109],[137.6306,35.5107],[137.631,35.5105],[137.6313,35.5103],[137.6316,35.5099],[137.6318,35.5094],[137.6318,35.5092],[137.6316,35.5089],[137.6308,35.5083],[137.6308,35.5083],[137.6297,35.5076],[137.6289,35.507],[137.6289,35.5067],[137.629,35.5065],[137.6295,35.5061],[137.6295,35.5058],[137.629,35.505],[137.6286,35.5047],[137.628,35.5041],[137.6275,35.5032],[137.6276,35.5028],[137.6279,35.5023],[137.6283,35.5016],[137.6283,35.5015],[137.6282,35.5014],[137.6273,35.5013],[137.6261,35.5012],[137.625,35.5009],[137.625,35.5009],[137.6249,35.5009],[137.6247,35.5008],[137.6245,35.5006],[137.6245,35.5],[137.6245,35.5],[137.6244,35.4993],[137.6247,35.4981],[137.6249,35.4972],[137.6249,35.4969],[137.6249,35.4967],[137.6248,35.4959],[137.6249,35.4954],[137.6248,35.495],[137.6246,35.4945],[137.6244,35.4938],[137.6247,35.4936],[137.625,35.4934],[137.625,35.4934],[137.6251,35.4934],[137.6257,35.4928],[137.6259,35.4926],[137.6259,35.4924],[137.6258,35.4917],[137.6258,35.4917],[137.6257,35.4912],[137.6256,35.4906],[137.6258,35.4898],[137.6257,35.4891],[137.6257,35.489],[137.6255,35.4887],[137.6255,35.4886],[137.6255,35.4885],[137.6256,35.4883],[137.6263,35.4877],[137.6264,35.4874],[137.6263,35.4869],[137.6264,35.4866],[137.6271,35.4861],[137.6273,35.4858],[137.6273,35.4855],[137.6271,35.4852],[137.6271,35.4851],[137.627,35.4849],[137.627,35.4846],[137.6271,35.4845],[137.6279,35.4843],[137.6285,35.4841],[137.6291,35.4839],[137.6291,35.4839],[137.6297,35.4837],[137.6298,35.4836],[137.6297,35.4833],[137.6297,35.4833],[137.6297,35.4833],[137.6294,35.4822],[137.6294,35.4821],[137.6293,35.4816],[137.6292,35.4814],[137.6293,35.4812],[137.6294,35.4811],[137.6299,35.4809],[137.6302,35.4808],[137.6305,35.4806],[137.6306,35.4804],[137.6307,35.4798],[137.6306,35.4789],[137.6305,35.4788],[137.6304,35.4786],[137.6303,35.4785],[137.6299,35.478],[137.6297,35.4777],[137.6296,35.4774],[137.6296,35.4771],[137.6298,35.4769],[137.6307,35.4765],[137.631,35.4762],[137.6312,35.4758],[137.6312,35.4757],[137.6314,35.4753],[137.6315,35.4751],[137.6316,35.475],[137.6316,35.475],[137.6322,35.4746],[137.6324,35.4744],[137.6324,35.4743],[137.6324,35.4742],[137.6322,35.4739],[137.6319,35.4735],[137.6316,35.4731],[137.6316,35.4729],[137.6319,35.4723],[137.632,35.4719],[137.632,35.4719],[137.632,35.4715],[137.6318,35.471],[137.6319,35.4704],[137.6318,35.47],[137.6315,35.4699],[137.6311,35.4697],[137.6309,35.4696],[137.6307,35.4694],[137.6306,35.4691],[137.6302,35.4688],[137.6296,35.4686],[137.6293,35.4684],[137.6291,35.4682],[137.629,35.4679],[137.6289,35.4675],[137.6285,35.4673],[137.6284,35.4673],[137.6281,35.4675],[137.6279,35.4676],[137.6275,35.4678],[137.6272,35.4678],[137.6265,35.4679],[137.6262,35.4678],[137.6259,35.4677],[137.6257,35.4677],[137.6253,35.4677],[137.625,35.4677],[137.625,35.4677],[137.6248,35.4677],[137.6245,35.4676],[137.6238,35.4673],[137.6231,35.4669],[137.6229,35.4669],[137.6226,35.4671],[137.6222,35.4672],[137.6221,35.4673],[137.6222,35.4675],[137.6222,35.4676],[137.6222,35.4679],[137.622,35.4681],[137.6216,35.4684],[137.6214,35.4686],[137.6213,35.4687],[137.6207,35.4683],[137.6205,35.4681],[137.62,35.4679],[137.6194,35.4677],[137.6187,35.4678],[137.6183,35.4678],[137.6182,35.4678],[137.6181,35.4677],[137.6179,35.4675],[137.6179,35.4669],[137.6179,35.4668],[137.6178,35.4667],[137.6178,35.4667],[137.6176,35.4663],[137.6174,35.4661],[137.6174,35.466],[137.6174,35.4659],[137.6175,35.4658],[137.6174,35.4657],[137.6171,35.4649],[137.6169,35.4647],[137.6167,35.4645],[137.6167,35.4645],[137.6163,35.4642],[137.6156,35.4636],[137.6153,35.4634],[137.6152,35.4633],[137.6151,35.4633],[137.6147,35.4631],[137.6138,35.463],[137.6135,35.463],[137.6133,35.4629],[137.6132,35.4629],[137.6131,35.4628],[137.6131,35.4625],[137.6131,35.4624],[137.6128,35.462],[137.6127,35.4618],[137.6121,35.4614],[137.6118,35.4611],[137.6117,35.4609],[137.6114,35.4605],[137.6111,35.4603],[137.6109,35.4601],[137.6108,35.46],[137.6106,35.4596],[137.6105,35.4593],[137.6105,35.4591],[137.6104,35.4589],[137.6102,35.4587],[137.6098,35.4585],[137.6096,35.4585],[137.6092,35.4585],[137.6089,35.4584],[137.6086,35.4583],[137.6086,35.4583],[137.6083,35.4582],[137.6083,35.4582],[137.6083,35.4582],[137.6077,35.4581],[137.6074,35.4581],[137.6074,35.4581],[137.6073,35.458],[137.6072,35.4579],[137.6071,35.4577],[137.6069,35.4574],[137.6068,35.457],[137.6067,35.4569],[137.6066,35.4567],[137.6065,35.4564],[137.6063,35.4561],[137.6061,35.4561],[137.6057,35.4559],[137.6055,35.4558],[137.6051,35.4558],[137.6045,35.4558],[137.6044,35.4558],[137.6044,35.4557],[137.6042,35.4556],[137.604,35.4554],[137.6037,35.4552],[137.6033,35.4549],[137.6032,35.4547],[137.6032,35.4545],[137.6031,35.4543],[137.603,35.4541],[137.6027,35.454],[137.6025,35.4538],[137.6024,35.4536],[137.6021,35.4533],[137.6019,35.4532],[137.6016,35.4531],[137.6015,35.453],[137.6013,35.4529],[137.6011,35.4527],[137.6009,35.4525],[137.6007,35.4523],[137.6004,35.4522],[137.6001,35.4521],[137.6,35.452],[137.6,35.452],[137.5999,35.452],[137.5993,35.4518],[137.5988,35.4517],[137.5984,35.4515],[137.598,35.4514],[137.5976,35.4512],[137.5974,35.4509],[137.5973,35.4508],[137.597,35.4506],[137.5968,35.4504],[137.5963,35.4501],[137.5962,35.45],[137.5962,35.45],[137.5952,35.4492],[137.5947,35.4489],[137.5945,35.4486],[137.5945,35.4486],[137.5943,35.4482],[137.5942,35.4479],[137.5941,35.4478],[137.5939,35.4477],[137.5935,35.4475],[137.5932,35.4473],[137.5931,35.4472],[137.593,35.4471],[137.593,35.447],[137.5931,35.4469],[137.5936,35.4467],[137.5938,35.4464],[137.5938,35.4463],[137.5939,35.4463],[137.5941,35.4461],[137.5944,35.4459],[137.5945,35.4457],[137.5947,35.4454],[137.5951,35.445],[137.5955,35.4447],[137.5955,35.4446],[137.5959,35.4442],[137.5964,35.4439],[137.5968,35.4435],[137.5971,35.4432],[137.5974,35.4431],[137.5977,35.443],[137.598,35.443],[137.5983,35.443],[137.5984,35.4429],[137.5984,35.4429],[137.5985,35.4428],[137.5985,35.4427],[137.5985,35.4426],[137.5986,35.4425],[137.5987,35.4423],[137.5988,35.4421],[137.5989,35.4418],[137.5991,35.4417],[137.5991,35.4417],[137.5991,35.4417],[137.5995,35.4413],[137.5998,35.441],[137.6,35.4407],[137.6,35.4407],[137.6001,35.4406],[137.6003,35.4405],[137.6007,35.4402],[137.601,35.4398],[137.6012,35.4396],[137.6014,35.4394],[137.6014,35.4393],[137.6016,35.4393],[137.6022,35.4394],[137.603,35.4394],[137.6035,35.4394],[137.6039,35.4394],[137.6044,35.4392],[137.6047,35.4391],[137.6052,35.439],[137.606,35.4388],[137.6064,35.4387],[137.6071,35.4384],[137.608,35.4381],[137.6083,35.4379],[137.6083,35.4379],[137.6083,35.4379],[137.6083,35.4379],[137.6085,35.4377],[137.6087,35.4375],[137.6088,35.4374],[137.6088,35.4373],[137.6089,35.4371],[137.6089,35.4368],[137.6089,35.4367],[137.6093,35.4361],[137.6096,35.4357],[137.6096,35.4357],[137.6101,35.4353],[137.6106,35.4349],[137.611,35.4345],[137.6114,35.4342],[137.6118,35.4338],[137.612,35.4336],[137.6121,35.4333],[137.6121,35.4333],[137.6121,35.4333],[137.6123,35.4331],[137.6127,35.4327],[137.6133,35.4322],[137.6136,35.4319],[137.6144,35.4315],[137.6153,35.4308],[137.6153,35.4308],[137.6155,35.4306],[137.6157,35.4304],[137.616,35.4299],[137.6162,35.4292],[137.6163,35.4289],[137.6163,35.4288],[137.6163,35.4286],[137.6164,35.4285],[137.6167,35.4282],[137.6167,35.4282],[137.6167,35.4282],[137.6171,35.4277],[137.6175,35.4273],[137.6176,35.4272],[137.6177,35.4271],[137.6178,35.4269],[137.6178,35.4267],[137.6176,35.4264],[137.6172,35.4262],[137.6167,35.4258],[137.6167,35.4258],[137.6167,35.4258],[137.6165,35.4256],[137.6163,35.4254],[137.6162,35.4251],[137.6161,35.425],[137.6161,35.425],[137.6159,35.4245],[137.6158,35.4241],[137.6157,35.4239],[137.6156,35.4236],[137.6157,35.4233],[137.6158,35.4231],[137.6162,35.4225],[137.6164,35.4221],[137.6167,35.4218],[137.6167,35.4218],[137.6167,35.4218],[137.617,35.4216],[137.6174,35.4212],[137.6175,35.4211],[137.6178,35.4207],[137.618,35.4203],[137.6182,35.42],[137.6182,35.4199],[137.6183,35.4197],[137.6183,35.4197],[137.6184,35.4196],[137.6189,35.4188],[137.6194,35.4186],[137.6198,35.418],[137.6202,35.4175],[137.6205,35.4173],[137.6205,35.417],[137.6204,35.4167],[137.6204,35.4167],[137.6201,35.4162],[137.6198,35.4154],[137.6199,35.4152],[137.6201,35.4149],[137.6204,35.4146],[137.6209,35.414],[137.6213,35.4129],[137.6215,35.4124],[137.6218,35.4121],[137.622,35.4119],[137.6221,35.4118],[137.6223,35.4118],[137.6229,35.4118],[137.6232,35.4118],[137.6234,35.4118],[137.624,35.4115],[137.6245,35.4113],[137.6249,35.411],[137.625,35.4109],[137.625,35.4109],[137.6252,35.4109],[137.6258,35.4108],[137.6264,35.4108],[137.6267,35.4109],[137.6269,35.4109],[137.6276,35.4109],[137.6286,35.4109],[137.6292,35.411],[137.6301,35.4111],[137.6304,35.4112],[137.6308,35.4112],[137.6311,35.4111],[137.6318,35.4108],[137.632,35.4107],[137.6321,35.4106],[137.6321,35.4104],[137.6321,35.4103],[137.632,35.4101],[137.632,35.4099],[137.6321,35.4094],[137.6322,35.4091],[137.6322,35.4085],[137.6321,35.4083],[137.6321,35.4083],[137.6319,35.408],[137.6316,35.4075],[137.6311,35.4071],[137.631,35.407],[137.631,35.4069],[137.6313,35.4066],[137.6315,35.4065],[137.6317,35.4062],[137.6319,35.406],[137.6323,35.4059],[137.6325,35.4059],[137.6328,35.4058],[137.633,35.4056],[137.6332,35.4054],[137.6333,35.4052],[137.6333,35.4052],[137.6333,35.4052],[137.6334,35.4051],[137.634,35.4043],[137.6343,35.4039],[137.6348,35.403],[137.6348,35.403],[137.635,35.4025],[137.635,35.402],[137.635,35.4017],[137.635,35.4013],[137.6348,35.4009],[137.6347,35.4006],[137.6346,35.4004],[137.6344,35.4],[137.6344,35.4],[137.6343,35.3998],[137.6341,35.3995],[137.6339,35.3992],[137.6337,35.399],[137.6333,35.3989],[137.6333,35.3989],[137.6332,35.3989],[137.6326,35.3986],[137.6323,35.3985],[137.6321,35.3983],[137.6318,35.398],[137.6314,35.3977],[137.6311,35.3976],[137.6309,35.3975],[137.6306,35.3975],[137.63,35.3975],[137.6295,35.3975],[137.6289,35.3973],[137.6282,35.397],[137.6277,35.3968],[137.6269,35.3964],[137.6266,35.3963],[137.626,35.396],[137.6257,35.3956],[137.6256,35.3955],[137.6253,35.3954],[137.625,35.3954],[137.625,35.3954],[137.6248,35.3953],[137.6245,35.3952],[137.6243,35.3951],[137.6242,35.395],[137.624,35.3949],[137.6239,35.3947],[137.6237,35.3945],[137.6233,35.3944],[137.623,35.3943],[137.6227,35.3942],[137.622,35.3938],[137.6218,35.3937],[137.6206,35.3936],[137.6199,35.3934],[137.6195,35.3933],[137.6192,35.393],[137.6189,35.3924],[137.6187,35.3919],[137.6186,35.3918],[137.6184,35.3917],[137.6181,35.3917],[137.6178,35.3917],[137.6167,35.3919],[137.6167,35.3919],[137.6166,35.3919],[137.6155,35.3922],[137.615,35.3924],[137.6147,35.3924],[137.6145,35.3924],[137.6142,35.3923],[137.6139,35.3922],[137.6136,35.3919],[137.6132,35.3917],[137.6131,35.3917],[137.6129,35.3917],[137.6128,35.3918],[137.6127,35.3919],[137.6124,35.3923],[137.6121,35.3926],[137.6118,35.3928],[137.6115,35.3928],[137.6114,35.3928],[137.6112,35.3928],[137.6109,35.3928],[137.6106,35.393],[137.6101,35.393],[137.6097,35.393],[137.6094,35.3931],[137.609,35.3933],[137.6086,35.3934],[137.6083,35.3935],[137.6083,35.3935],[137.6083,35.3935],[137.6077,35.3935],[137.6071,35.3936],[137.6061,35.3938],[137.6055,35.394],[137.6052,35.394],[137.6048,35.3939],[137.6043,35.3938],[137.6039,35.3937],[137.6035,35.3936],[137.603,35.3936],[137.6026,35.3936],[137.6023,35.3936],[137.6015,35.3937],[137.6009,35.3936],[137.6004,35.3935],[137.6001,35.3936],[137.6,35.3936],[137.6,35.3936],[137.5999,35.3937],[137.5997,35.394],[137.5995,35.3941],[137.5989,35.3941],[137.5985,35.3941],[137.5976,35.3942],[137.5971,35.3941],[137.5966,35.394],[137.5963,35.3941],[137.596,35.3943],[137.5958,35.3946],[137.5952,35.3952],[137.595,35.3954],[137.595,35.3954],[137.5949,35.3953],[137.5947,35.3951],[137.5944,35.3947],[137.5941,35.3946],[137.5938,35.3944],[137.5934,35.394],[137.5933,35.3939],[137.5931,35.3937],[137.5929,35.3936],[137.5926,35.3935],[137.5925,35.3936],[137.5918,35.3937],[137.5917,35.3937],[137.5917,35.3937],[137.5914,35.3938],[137.5909,35.3937],[137.5907,35.3936],[137.5903,35.3937],[137.5901,35.3938],[137.5898,35.394],[137.5895,35.3941],[137.589,35.3943],[137.5887,35.3945],[137.5885,35.3947],[137.5884,35.3949],[137.5882,35.3953],[137.5875,35.3955],[137.5863,35.3957],[137.586,35.3958],[137.5854,35.3961],[137.5847,35.3964],[137.5841,35.3966],[137.5839,35.3967],[137.5838,35.3967],[137.5836,35.397],[137.5835,35.3974],[137.5834,35.3976],[137.5833,35.3977],[137.5833,35.3977],[137.5833,35.3977],[137.583,35.3978],[137.5827,35.3979],[137.5821,35.398],[137.5814,35.398],[137.5811,35.3981],[137.5809,35.3983],[137.5808,35.3985],[137.5806,35.3989],[137.5802,35.3991],[137.5797,35.3993],[137.5795,35.3993],[137.5786,35.3992],[137.5783,35.3992],[137.5781,35.3994],[137.5776,35.4],[137.5776,35.4],[137.5775,35.4001],[137.577,35.4003],[137.5766,35.4005],[137.5763,35.4005],[137.5754,35.4001],[137.5752,35.4],[137.5752,35.4],[137.5752,35.4],[137.5753,35.3999],[137.5754,35.3998],[137.5756,35.3993],[137.5759,35.3985],[137.576,35.3981],[137.5761,35.3977],[137.576,35.3974],[137.5759,35.3969],[137.5759,35.3968],[137.5759,35.3967],[137.5761,35.3962],[137.5761,35.3959],[137.5761,35.3951],[137.5761,35.3946],[137.5762,35.394],[137.5762,35.3935],[137.5763,35.3931],[137.5764,35.3927],[137.5766,35.3924],[137.5767,35.3922],[137.5769,35.3917],[137.5769,35.3917],[137.5771,35.3911],[137.5771,35.3907],[137.5774,35.3904],[137.5777,35.3902],[137.5779,35.3901],[137.5783,35.3901],[137.5786,35.3901],[137.579,35.3902],[137.5792,35.3903],[137.5797,35.3907],[137.58,35.3908],[137.58,35.3908],[137.5802,35.3908],[137.5808,35.3909],[137.5808,35.3909],[137.5816,35.3908],[137.582,35.3906],[137.5826,35.3901],[137.583,35.39],[137.5833,35.39],[137.5833,35.39],[137.5835,35.3899],[137.5839,35.3898],[137.5845,35.3897],[137.5853,35.3898],[137.5855,35.3897],[137.5858,35.3895],[137.586,35.3895],[137.5861,35.3895],[137.5863,35.3896],[137.5864,35.3896],[137.5865,35.3894],[137.5865,35.3889],[137.5865,35.3885],[137.5867,35.3883],[137.587,35.388],[137.5874,35.3878],[137.5877,35.3874],[137.5877,35.3868],[137.5877,35.3866],[137.5878,35.3866],[137.5879,35.3864],[137.5882,35.386],[137.5885,35.3857],[137.5886,35.3856],[137.5889,35.3856],[137.5892,35.3856],[137.5894,35.3856],[137.5894,35.3853],[137.5894,35.3852],[137.5896,35.3851],[137.5899,35.3851],[137.5901,35.3851],[137.5907,35.3851],[137.5909,35.385],[137.5909,35.3846],[137.591,35.3843],[137.5912,35.3842],[137.5914,35.384],[137.5917,35.3838],[137.5917,35.3838],[137.5917,35.3838],[137.592,35.3838],[137.5924,35.3839],[137.5926,35.3838],[137.5931,35.3835],[137.5933,35.3833],[137.5933,35.3833],[137.5934,35.3833],[137.5935,35.3831],[137.5939,35.3825],[137.5941,35.3821],[137.5942,35.382],[137.5945,35.382],[137.5948,35.3819],[137.5951,35.3815],[137.5952,35.3814],[137.5953,35.3812],[137.5954,35.3809],[137.5955,35.3805],[137.5956,35.3803],[137.5958,35.3802],[137.5962,35.3801],[137.5965,35.3799],[137.5968,35.3796],[137.5971,35.3795],[137.5977,35.3794],[137.5984,35.3792],[137.5985,35.379],[137.5986,35.3788],[137.5986,35.3788],[137.5985,35.3781],[137.5985,35.3778],[137.5987,35.3767],[137.5988,35.3761],[137.5988,35.3759],[137.5988,35.3758],[137.5987,35.3757],[137.5986,35.3755],[137.5983,35.3754],[137.5981,35.3752],[137.598,35.375],[137.598,35.375],[137.598,35.3749],[137.598,35.3747],[137.598,35.3742],[137.598,35.374],[137.598,35.3737],[137.5981,35.3736],[137.5985,35.3732],[137.5987,35.373],[137.5988,35.3729],[137.5988,35.3728],[137.5987,35.3726],[137.5983,35.3722],[137.5981,35.3716],[137.5979,35.3711],[137.598,35.3706],[137.5979,35.3704],[137.5978,35.3701],[137.5979,35.3699],[137.5981,35.3696],[137.5983,35.3694],[137.5984,35.3691],[137.5985,35.3689],[137.5985,35.3686],[137.5984,35.3684],[137.5983,35.3682],[137.5982,35.368],[137.5982,35.3679],[137.5984,35.3677],[137.5984,35.3675],[137.5983,35.3672],[137.598,35.3668],[137.5979,35.3667],[137.5979,35.3667],[137.5978,35.3665],[137.5978,35.3663],[137.5979,35.366],[137.598,35.3657],[137.5985,35.3652],[137.599,35.3647],[137.5992,35.3645],[137.5993,35.364],[137.5994,35.3635],[137.5995,35.3632],[137.5999,35.363],[137.6,35.3629],[137.6,35.3629],[137.6001,35.3628],[137.6004,35.3623],[137.6009,35.362],[137.6013,35.3616],[137.6013,35.3614],[137.6013,35.3609],[137.6017,35.3608],[137.6019,35.3607],[137.602,35.3606],[137.602,35.3604],[137.6019,35.36],[137.6019,35.3596],[137.6021,35.359],[137.6023,35.3586],[137.6025,35.3583],[137.6025,35.3583],[137.6025,35.3583],[137.6026,35.3583],[137.6025,35.3581],[137.6024,35.3579],[137.6021,35.3578],[137.6017,35.3578],[137.6016,35.3577],[137.6015,35.3576],[137.6014,35.3573],[137.6011,35.3572],[137.601,35.357],[137.601,35.3568],[137.601,35.3566],[137.601,35.3564],[137.601,35.356],[137.6011,35.3556],[137.6013,35.3554],[137.6015,35.3552],[137.602,35.355],[137.6024,35.3548],[137.6026,35.3545],[137.6026,35.3543],[137.6026,35.354],[137.6024,35.3538],[137.6021,35.3536],[137.6018,35.3536],[137.6015,35.3537],[137.6013,35.3537],[137.6011,35.3537],[137.601,35.3536],[137.6007,35.3534],[137.6002,35.3529],[137.6,35.3526],[137.6,35.3526],[137.5999,35.3526],[137.5998,35.3523],[137.5998,35.3521],[137.5998,35.3521],[137.5998,35.3518],[137.6,35.3513],[137.6,35.3512],[137.6,35.3512],[137.6,35.351],[137.6003,35.3507],[137.6005,35.3505],[137.6006,35.3503],[137.6006,35.35],[137.6006,35.35],[137.6006,35.3497],[137.6006,35.3494],[137.6003,35.3487],[137.6,35.3481],[137.6,35.3478],[137.6,35.3476],[137.6001,35.3475],[137.6001,35.3475],[137.6001,35.3474],[137.6001,35.3473],[137.6,35.347],[137.6001,35.3466],[137.6006,35.3466],[137.601,35.3466],[137.6014,35.3464],[137.6016,35.3463],[137.6016,35.3461],[137.6018,35.3457],[137.6019,35.3452],[137.6018,35.3447],[137.6017,35.3445],[137.6015,35.3443],[137.6015,35.3443],[137.6013,35.3441],[137.6011,35.3437],[137.601,35.3433],[137.6009,35.3432],[137.6006,35.3428],[137.6004,35.3425],[137.6004,35.3423],[137.6004,35.3421],[137.6006,35.3418],[137.6007,35.3417],[137.6007,35.3417],[137.6008,35.3416],[137.601,35.3414],[137.6012,35.3413],[137.6014,35.3413],[137.6017,35.3412],[137.6018,35.3411],[137.6019,35.3409],[137.6018,35.3407],[137.6019,35.3404],[137.6025,35.3396],[137.6028,35.339],[137.6031,35.3386],[137.6034,35.3383],[137.6035,35.338],[137.6037,35.3377],[137.6039,35.3372],[137.6041,35.3367],[137.6041,35.3366],[137.604,35.3364],[137.6033,35.3361],[137.6029,35.3359],[137.6027,35.3358],[137.6027,35.3357],[137.6034,35.3352],[137.6036,35.3349],[137.6038,35.3346],[137.6038,35.3341],[137.6039,35.3333],[137.6039,35.3333],[137.6039,35.3332],[137.6038,35.3329],[137.6038,35.3328],[137.6037,35.3326],[137.6034,35.3322],[137.6031,35.3321],[137.6027,35.3322],[137.6024,35.3322],[137.6021,35.3322],[137.6019,35.3321],[137.6018,35.3318],[137.6017,35.3314],[137.6015,35.331],[137.6013,35.3309],[137.6011,35.3308],[137.6009,35.3308],[137.6005,35.331],[137.6002,35.3311],[137.6001,35.3311],[137.6,35.3311],[137.6,35.3311],[137.5999,35.3311],[137.5996,35.331],[137.5991,35.3309],[137.5987,35.331],[137.5983,35.3311],[137.5979,35.3312],[137.5974,35.3316],[137.5972,35.3315],[137.597,35.3314],[137.5968,35.3313],[137.5967,35.3309],[137.5966,35.3307],[137.5964,35.3305],[137.5962,35.3304],[137.5961,35.3304],[137.5958,35.3305],[137.5957,35.3306],[137.5955,35.3311],[137.5953,35.3313],[137.5951,35.3314],[137.5948,35.3314],[137.5945,35.3313],[137.5942,35.3312],[137.5939,35.3309],[137.5937,35.3306],[137.5933,35.3302],[137.5931,35.3301],[137.593,35.3301],[137.593,35.3301],[137.5927,35.3301],[137.5923,35.3301],[137.5922,35.3302],[137.5921,35.3303],[137.5918,35.3305],[137.5918,35.3305],[137.5917,35.3306],[137.5917,35.3306],[137.5916,35.3306],[137.5916,35.3306],[137.5913,35.3307],[137.5911,35.3307],[137.5909,35.3307],[137.5906,35.3306],[137.5905,35.3305],[137.5906,35.3303],[137.5907,35.3302],[137.5907,35.33],[137.5908,35.3297],[137.5909,35.3294],[137.591,35.3291],[137.5912,35.3286],[137.5912,35.3283],[137.5912,35.3281],[137.5911,35.328],[137.5911,35.328],[137.5908,35.3278],[137.5903,35.3275],[137.5895,35.327],[137.5893,35.3268],[137.5888,35.3264],[137.5886,35.3262],[137.5884,35.326],[137.5882,35.3259],[137.588,35.3258],[137.588,35.3256],[137.588,35.3253],[137.588,35.325],[137.588,35.325],[137.588,35.3249],[137.588,35.3246],[137.588,35.3243],[137.588,35.3242],[137.5879,35.324],[137.5878,35.324],[137.5876,35.3238],[137.5876,35.3237],[137.5873,35.3235],[137.587,35.3234],[137.5867,35.3233],[137.5861,35.3232],[137.5858,35.3231],[137.5855,35.323],[137.5852,35.3227],[137.5845,35.3223],[137.5838,35.322],[137.5836,35.3219],[137.5834,35.3217],[137.5834,35.3217],[137.5833,35.3217],[137.5833,35.3217],[137.5832,35.3214],[137.5831,35.3213],[137.5831,35.3208],[137.5831,35.3205],[137.5832,35.3202],[137.5833,35.3198],[137.5833,35.3198],[137.5833,35.3198],[137.5834,35.3194],[137.5835,35.3192],[137.5835,35.3192],[137.5835,35.3191],[137.5834,35.319],[137.5833,35.319],[137.5833,35.319],[137.5829,35.3188],[137.5825,35.3187],[137.5822,35.3186],[137.582,35.3185],[137.5818,35.3184],[137.5816,35.3185],[137.5812,35.3186],[137.581,35.3187],[137.581,35.3187],[137.5806,35.3188],[137.5799,35.3189],[137.5799,35.3189],[137.5792,35.319],[137.5789,35.319],[137.5786,35.3189],[137.5784,35.3189],[137.5781,35.3189],[137.5779,35.3188],[137.5776,35.3187],[137.5773,35.3186],[137.5767,35.3184],[137.5765,35.3182],[137.5762,35.318],[137.5757,35.3176],[137.5755,35.3174],[137.5753,35.3172],[137.575,35.317],[137.575,35.317],[137.575,35.317],[137.5748,35.3169],[137.5745,35.3168],[137.5742,35.3167],[137.5741,35.3168],[137.5738,35.3169],[137.5737,35.3171],[137.5735,35.3173],[137.5732,35.3175],[137.5727,35.3178],[137.5725,35.318],[137.5722,35.3183],[137.5719,35.3184],[137.5717,35.3184],[137.5717,35.3184],[137.5715,35.3183],[137.5713,35.3182],[137.5713,35.3182],[137.571,35.3181],[137.5702,35.3175],[137.5693,35.3167],[137.5693,35.3167],[137.569,35.3164],[137.568,35.3157],[137.5674,35.3153],[137.5672,35.3152],[137.5671,35.3149],[137.567,35.3147],[137.567,35.3145],[137.5671,35.3143],[137.5674,35.3142],[137.5685,35.3139],[137.5688,35.3137],[137.5688,35.3136],[137.5688,35.3135],[137.5688,35.3134],[137.5687,35.3133],[137.5685,35.3132],[137.5679,35.3131],[137.5676,35.3129],[137.5674,35.3128],[137.5673,35.3128],[137.5672,35.3128],[137.567,35.3128],[137.5669,35.3129],[137.5667,35.3131],[137.5667,35.3131],[137.5667,35.3131],[137.5664,35.3133],[137.5661,35.3135],[137.5659,35.3135],[137.5656,35.3136],[137.5654,35.3136],[137.565,35.3136],[137.5648,35.3136],[137.5646,35.3135],[137.5644,35.3134],[137.5643,35.3132],[137.5642,35.313],[137.5642,35.3129],[137.5643,35.3128],[137.5644,35.3126],[137.5645,35.3124],[137.5644,35.3121],[137.5645,35.3119],[137.5645,35.3118],[137.565,35.3114],[137.5651,35.3113],[137.5652,35.3112],[137.5652,35.3111],[137.5652,35.311],[137.5651,35.3108],[137.5649,35.3107],[137.5649,35.3107],[137.5648,35.3107],[137.5645,35.3108],[137.5642,35.3109],[137.5638,35.3112],[137.5635,35.3113],[137.5632,35.3114],[137.5629,35.3115],[137.5627,35.3114],[137.5625,35.3114],[137.5623,35.3112],[137.5618,35.3107],[137.5612,35.31],[137.561,35.3098],[137.5607,35.3097],[137.5603,35.3096],[137.5601,35.3096],[137.5599,35.3096],[137.5597,35.3097],[137.5593,35.3099],[137.559,35.3101],[137.5586,35.3104],[137.5583,35.3104],[137.5583,35.3104],[137.5583,35.3104],[137.5573,35.3101],[137.557,35.3099],[137.5567,35.3095],[137.5566,35.3094],[137.5565,35.3092],[137.5567,35.3089],[137.557,35.3084],[137.557,35.3083],[137.557,35.3083],[137.5581,35.3065],[137.5583,35.3062],[137.5583,35.3062],[137.5587,35.3058],[137.5588,35.3055],[137.5588,35.305],[137.5588,35.305],[137.5589,35.3047],[137.5589,35.3042],[137.559,35.3039],[137.5591,35.3036],[137.5592,35.3032],[137.5593,35.3029],[137.5593,35.3021],[137.5592,35.3013],[137.5591,35.301],[137.5589,35.3007],[137.5588,35.3006],[137.5587,35.3004],[137.5586,35.3003],[137.5585,35.3],[137.5585,35.3],[137.5585,35.3],[137.5584,35.2997],[137.5583,35.2994],[137.5583,35.2994],[137.5583,35.2992],[137.5583,35.2989],[137.5583,35.2987],[137.5583,35.2985],[137.5583,35.2985],[137.5584,35.2983],[137.5585,35.2981],[137.5583,35.2978],[137.5583,35.2978],[137.5583,35.2976],[137.5581,35.2971],[137.558,35.2968],[137.5578,35.2966],[137.5572,35.2963],[137.5569,35.2962],[137.5566,35.296],[137.5564,35.2957],[137.5564,35.2955],[137.5568,35.2953],[137.5574,35.2949],[137.5576,35.2947],[137.5576,35.2944],[137.5577,35.2942],[137.5578,35.294],[137.5583,35.2935],[137.5583,35.2934],[137.5583,35.2934],[137.5585,35.2933],[137.5587,35.2929],[137.5588,35.2928],[137.559,35.2925],[137.5592,35.2924],[137.5594,35.2924],[137.5597,35.292],[137.5599,35.2918],[137.56,35.2917],[137.56,35.2917],[137.5601,35.2916],[137.5604,35.2912],[137.5606,35.2911],[137.5606,35.2909],[137.5609,35.2906],[137.561,35.2903],[137.5612,35.2899],[137.5613,35.2896],[137.5613,35.2893],[137.5618,35.2893],[137.562,35.2893],[137.5621,35.2891],[137.5621,35.2889],[137.562,35.2886],[137.562,35.2883],[137.5621,35.2879],[137.5621,35.2877],[137.562,35.2875],[137.562,35.2872],[137.562,35.2871],[137.5618,35.287],[137.5617,35.287],[137.5615,35.2869],[137.5614,35.2868],[137.5615,35.2867],[137.5615,35.2866],[137.5616,35.2866],[137.5616,35.2864],[137.5616,35.2864],[137.5616,35.2863],[137.5614,35.2862],[137.5611,35.2859],[137.5608,35.2857],[137.5607,35.2854],[137.5608,35.2851],[137.5608,35.2849],[137.561,35.2847],[137.5614,35.2845],[137.5615,35.2844],[137.5615,35.2842],[137.5615,35.2839],[137.5615,35.2838],[137.5617,35.2837],[137.5619,35.2836],[137.562,35.2835],[137.5619,35.2833],[137.5619,35.2833],[137.5619,35.2833],[137.5618,35.2832],[137.5615,35.2832],[137.5611,35.2831],[137.5606,35.2833],[137.5602,35.2832],[137.5598,35.2833],[137.5597,35.2833],[137.5595,35.2833],[137.5595,35.2833],[137.5595,35.2833],[137.5591,35.2834],[137.5586,35.2838],[137.5583,35.2839],[137.5583,35.2839],[137.5583,35.284],[137.558,35.284],[137.5573,35.2839],[137.5568,35.2839],[137.5559,35.2838],[137.5556,35.2837],[137.5552,35.2837],[137.5549,35.2837],[137.5546,35.2838],[137.5543,35.2838],[137.5533,35.284],[137.5526,35.2841],[137.5524,35.2842],[137.552,35.2842],[137.5517,35.2842],[137.5514,35.2842],[137.5511,35.2841],[137.5507,35.2839],[137.5503,35.2836],[137.55,35.2834],[137.55,35.2834],[137.5499,35.2833],[137.5499,35.2833],[137.5497,35.2832],[137.5495,35.283],[137.5489,35.2824],[137.5483,35.2818],[137.548,35.2816],[137.5478,35.2815],[137.5477,35.2815],[137.5471,35.2816],[137.5467,35.2816],[137.5463,35.2815],[137.5459,35.2815],[137.5454,35.2813],[137.5449,35.2811],[137.5446,35.2809],[137.5444,35.2809],[137.5442,35.2807],[137.5438,35.2806],[137.5435,35.2806],[137.5434,35.2806],[137.5432,35.2806],[137.5426,35.281],[137.5421,35.2812],[137.5419,35.2812],[137.5417,35.2812],[137.5417,35.2812],[137.5416,35.2812],[137.5408,35.2812],[137.5406,35.2812],[137.5404,35.2812],[137.5402,35.2813],[137.5399,35.2815],[137.5399,35.2816],[137.5395,35.2818],[137.5393,35.2818],[137.539,35.2818],[137.5381,35.2817],[137.5373,35.2817],[137.537,35.2817],[137.5368,35.2818],[137.5364,35.282],[137.5362,35.2822],[137.536,35.2823],[137.5359,35.2822],[137.5359,35.282],[137.5358,35.2818],[137.5356,35.2816],[137.5355,35.2816],[137.5353,35.2816],[137.5349,35.2819],[137.5346,35.2821],[137.5345,35.2821],[137.5344,35.2819],[137.5342,35.2816],[137.534,35.2813],[137.5339,35.2813],[137.5338,35.2813],[137.5337,35.2815],[137.5333,35.2819],[137.5333,35.2819],[137.5333,35.2819],[137.5332,35.2821],[137.533,35.2822],[137.5324,35.2821],[137.5321,35.2821],[137.5318,35.2821],[137.5312,35.2823],[137.5311,35.2823],[137.5309,35.2824],[137.5305,35.2826],[137.5303,35.2828],[137.5302,35.2829],[137.53,35.2832],[137.5299,35.2833],[137.5299,35.2833],[137.5299,35.2835],[137.5298,35.2838],[137.5298,35.284],[137.5297,35.284],[137.5293,35.2842],[137.529,35.2842],[137.5285,35.2843],[137.5279,35.2843],[137.5276,35.2844],[137.5266,35.2843],[137.5256,35.2844],[137.525,35.2844],[137.525,35.2844],[137.5249,35.2844],[137.5243,35.2842],[137.5237,35.284],[137.5235,35.284],[137.5233,35.2841],[137.5231,35.2841],[137.523,35.2842],[137.5226,35.2841],[137.5223,35.2842],[137.5217,35.2844],[137.5215,35.2843],[137.5214,35.2843],[137.5211,35.2841],[137.521,35.284],[137.521,35.2839],[137.5209,35.2838],[137.5209,35.2837],[137.5207,35.2837],[137.5202,35.2837],[137.5201,35.2837],[137.5199,35.2835],[137.5199,35.2834],[137.5199,35.2833],[137.5199,35.2833],[137.5199,35.2832],[137.5198,35.2831],[137.5198,35.2831],[137.5195,35.2832],[137.5193,35.2833],[137.5192,35.2833],[137.5192,35.2833],[137.5191,35.2833],[137.519,35.2833],[137.519,35.2833],[137.5189,35.2833],[137.5188,35.2832],[137.5188,35.283],[137.5188,35.2828],[137.5188,35.2827],[137.5189,35.2825],[137.5189,35.2824],[137.5188,35.2822],[137.5187,35.2819],[137.5187,35.2816],[137.519,35.2811],[137.5192,35.2808],[137.5196,35.2801],[137.5197,35.2797],[137.5199,35.2794],[137.5201,35.2788],[137.5202,35.2783],[137.5203,35.278],[137.5202,35.2775],[137.5202,35.2775],[137.5202,35.2771],[137.5202,35.2769],[137.5203,35.2766],[137.5205,35.2763],[137.5207,35.2758],[137.5208,35.2755],[137.5209,35.275],[137.5209,35.275],[137.5209,35.275],[137.5208,35.2748],[137.5208,35.2745],[137.5208,35.2737],[137.5208,35.2736],[137.5207,35.2735],[137.5207,35.2735],[137.5206,35.2734],[137.5205,35.2734],[137.5204,35.2735],[137.5202,35.2736],[137.5198,35.2739],[137.5197,35.274],[137.5196,35.2741],[137.5192,35.2742],[137.5191,35.2742],[137.5187,35.2745],[137.5185,35.2746],[137.5184,35.2746],[137.5182,35.2748],[137.5175,35.2749],[137.5169,35.275],[137.5167,35.275],[137.5167,35.275],[137.5166,35.275],[137.5166,35.275],[137.5164,35.275],[137.5162,35.275],[137.5162,35.275],[137.5162,35.275],[137.5161,35.275],[137.5159,35.2749],[137.5158,35.2748],[137.5155,35.2743],[137.5153,35.2741],[137.5149,35.2738],[137.5146,35.2735],[137.5145,35.2735],[137.5144,35.2733],[137.5141,35.2731],[137.514,35.2729],[137.5135,35.2725],[137.5132,35.2722],[137.513,35.2719],[137.513,35.2718],[137.513,35.2715],[137.5131,35.2711],[137.5131,35.2709],[137.5133,35.2708],[137.5134,35.2708],[137.5138,35.2706],[137.5139,35.2704],[137.514,35.2702],[137.5141,35.27],[137.5141,35.2698],[137.5141,35.2695],[137.5139,35.2693],[137.5139,35.2693],[137.5138,35.2692],[137.5135,35.269],[137.513,35.2688],[137.5122,35.2685],[137.5114,35.2684],[137.5108,35.2682],[137.5105,35.268],[137.5104,35.268],[137.5102,35.2678],[137.51,35.2675],[137.5097,35.2671],[137.5094,35.2667],[137.5094,35.2667],[137.5094,35.2667],[137.5092,35.2665],[137.5088,35.2662],[137.5085,35.2662],[137.5083,35.2662],[137.5083,35.2662],[137.5083,35.2662],[137.5081,35.2662],[137.5075,35.2664],[137.5068,35.2664],[137.5063,35.2665],[137.5061,35.2665],[137.506,35.2664],[137.5059,35.2663],[137.5059,35.2662],[137.5059,35.2657],[137.5059,35.2654],[137.5059,35.2652],[137.5059,35.2651],[137.5059,35.2645],[137.5058,35.2643],[137.5058,35.264],[137.5057,35.2639],[137.5057,35.2637],[137.5056,35.2636],[137.5055,35.2635],[137.5055,35.2634],[137.5053,35.2633],[137.505,35.2631],[137.5048,35.2629],[137.5045,35.2629],[137.5041,35.2629],[137.5033,35.263],[137.5028,35.2631],[137.5024,35.2632],[137.5016,35.2634],[137.5009,35.2636],[137.5003,35.2637],[137.5,35.2637],[137.5,35.2637],[137.4993,35.2638],[137.4989,35.2639],[137.4983,35.264],[137.4979,35.2641],[137.4976,35.2641],[137.4972,35.2642],[137.4972,35.2642],[137.4971,35.2642],[137.497,35.2642],[137.4968,35.264],[137.4967,35.2639],[137.4966,35.2637],[137.4966,35.2635],[137.4965,35.2631],[137.4965,35.2629],[137.4965,35.2627],[137.4965,35.2627],[137.4966,35.2625],[137.4966,35.2623],[137.4967,35.2623],[137.4968,35.2621],[137.497,35.2618],[137.4973,35.2617],[137.4976,35.2614],[137.4976,35.2614],[137.4977,35.2613],[137.4978,35.2611],[137.498,35.2608],[137.498,35.2606],[137.4981,35.2602],[137.498,35.26],[137.4979,35.2598],[137.4979,35.2598],[137.4979,35.2598],[137.4977,35.2596],[137.4976,35.2595],[137.4973,35.2593],[137.4972,35.2592],[137.497,35.2591],[137.4966,35.259],[137.4962,35.259],[137.4958,35.259],[137.4955,35.259],[137.4947,35.259],[137.4945,35.259],[137.494,35.2591],[137.494,35.2591],[137.4937,35.2591],[137.4934,35.2592],[137.4933,35.2592],[137.4931,35.2593],[137.4928,35.2594],[137.4925,35.2594],[137.4924,35.2595],[137.4924,35.2595],[137.4922,35.2595],[137.4921,35.2595],[137.4917,35.2594],[137.4917,35.2594],[137.4917,35.2594],[137.4912,35.2592],[137.4904,35.2589],[137.4904,35.2589],[137.4897,35.2587],[137.4896,35.2587],[137.4894,35.2586],[137.4892,35.2584],[137.489,35.2583],[137.489,35.2583],[137.4889,35.2583],[137.4889,35.2583],[137.4882,35.2579],[137.4879,35.2578],[137.4876,35.2578],[137.4872,35.2578],[137.4869,35.2577],[137.4868,35.2577],[137.4866,35.2577],[137.4857,35.2577],[137.4852,35.2576],[137.4852,35.2576],[137.4849,35.2575],[137.4845,35.2575],[137.4844,35.2574],[137.4844,35.2574],[137.4843,35.2574],[137.4843,35.2574],[137.4841,35.2574],[137.4839,35.2572],[137.4839,35.2572],[137.4837,35.257],[137.4837,35.257],[137.4836,35.2569],[137.4835,35.2567],[137.4835,35.2565],[137.4835,35.2562],[137.4835,35.2556],[137.4835,35.2555],[137.4834,35.2554],[137.4833,35.2553],[137.4833,35.2553],[137.4833,35.2553],[137.4827,35.2549],[137.4825,35.2548],[137.4823,35.2547],[137.482,35.2546],[137.4816,35.2544],[137.4808,35.2543],[137.4804,35.2542],[137.4797,35.254],[137.4793,35.2539],[137.479,35.2539],[137.4789,35.2539],[137.4777,35.2537],[137.4774,35.2536],[137.4766,35.2534],[137.4765,35.2534],[137.4764,35.2533],[137.4763,35.2532],[137.4759,35.2526],[137.4757,35.2523],[137.475,35.2513],[137.475,35.2513],[137.475,35.2513],[137.475,35.2513],[137.4747,35.2509],[137.4738,35.2504],[137.4736,35.2502],[137.4735,35.2502],[137.4733,35.25],[137.4733,35.25],[137.4731,35.2498],[137.4727,35.2492],[137.4725,35.249],[137.4725,35.2489],[137.4724,35.2485],[137.4723,35.2484],[137.4722,35.248],[137.4721,35.2478],[137.4721,35.2478],[137.4721,35.2478],[137.4721,35.2478],[137.4718,35.2474],[137.4717,35.2473],[137.4715,35.247],[137.4714,35.2469],[137.4706,35.2463],[137.4703,35.246],[137.4699,35.2458],[137.4695,35.2455],[137.4695,35.2455],[137.4692,35.2454],[137.4691,35.2454],[137.4691,35.2454],[137.4687,35.2454],[137.4684,35.2454],[137.4684,35.2454],[137.4683,35.2455],[137.4681,35.2455],[137.4674,35.246],[137.4673,35.246],[137.4667,35.2466],[137.4667,35.2466],[137.4667,35.2466],[137.4664,35.2467],[137.4663,35.2467],[137.4661,35.2466],[137.4658,35.2464],[137.4653,35.2458],[137.4651,35.2456],[137.4648,35.2453],[137.4642,35.2448],[137.4637,35.2445],[137.4635,35.2444],[137.4635,35.2443],[137.4633,35.2441],[137.4631,35.2434],[137.463,35.243],[137.463,35.243],[137.4629,35.2425],[137.4628,35.2421],[137.4626,35.2418],[137.4626,35.2418],[137.4625,35.2417],[137.4625,35.2417],[137.4624,35.2415],[137.4621,35.2411],[137.4619,35.2409],[137.4615,35.2406],[137.4607,35.2402],[137.4601,35.24],[137.4597,35.2399],[137.4592,35.2398],[137.4584,35.2396],[137.4583,35.2396],[137.4583,35.2396],[137.4579,35.2396],[137.4572,35.2396],[137.4568,35.2397],[137.4563,35.2398],[137.4558,35.2401],[137.4551,35.2404],[137.455,35.2405],[137.4546,35.2406],[137.4543,35.2406],[137.4541,35.2406],[137.4539,35.2406],[137.4536,35.2406],[137.4534,35.2405],[137.4532,35.2403],[137.4528,35.2396],[137.4524,35.239],[137.4523,35.239],[137.4522,35.2388],[137.452,35.2384],[137.4517,35.2374],[137.4513,35.2365],[137.451,35.2358],[137.4508,35.2355],[137.4504,35.2351],[137.4502,35.235],[137.45,35.2349],[137.45,35.2349],[137.4499,35.2349],[137.4497,35.2348],[137.449,35.2348],[137.4483,35.2347],[137.4477,35.2345],[137.447,35.2342],[137.4462,35.2338],[137.4458,35.2337],[137.4457,35.2337],[137.4455,35.2337],[137.4452,35.2337],[137.4446,35.2337],[137.4445,35.2337],[137.4438,35.2338],[137.4433,35.2338],[137.4426,35.2338],[137.4421,35.2337],[137.4419,35.2336],[137.4417,35.2335],[137.4417,35.2334],[137.4417,35.2334],[137.4416,35.2333],[137.4416,35.2333],[137.4416,35.2332],[137.4415,35.2329],[137.4413,35.232],[137.4412,35.2315],[137.4412,35.2312],[137.4412,35.2306],[137.4413,35.2303],[137.4412,35.2301],[137.4412,35.23],[137.4411,35.23],[137.441,35.2298],[137.4407,35.2297],[137.4404,35.2297],[137.4402,35.2298],[137.4398,35.2299],[137.4393,35.2301],[137.4393,35.2301],[137.439,35.2301],[137.4386,35.2301],[137.4384,35.2299],[137.4381,35.2297],[137.438,35.2295],[137.4379,35.2293],[137.4375,35.2284],[137.4373,35.2279],[137.4373,35.2277],[137.4372,35.2272],[137.4371,35.2267],[137.4369,35.2263],[137.4368,35.226],[137.4364,35.2256],[137.4359,35.225],[137.4359,35.225],[137.4359,35.2249],[137.4355,35.2246],[137.4352,35.2244],[137.4347,35.2241],[137.4336,35.2238],[137.4333,35.2237],[137.4333,35.2237],[137.4328,35.2236],[137.4319,35.2235],[137.4318,35.2234],[137.4314,35.2233],[137.4309,35.2231],[137.4308,35.2231],[137.4306,35.2231],[137.4303,35.223],[137.4298,35.2229],[137.4296,35.2229],[137.4292,35.2229],[137.4287,35.223],[137.4284,35.2232],[137.4281,35.2233],[137.4279,35.2237],[137.4278,35.2243],[137.4277,35.2248],[137.4277,35.2249],[137.4276,35.225],[137.4276,35.225],[137.4276,35.2251],[137.4275,35.2253],[137.4273,35.2255],[137.427,35.2256],[137.4268,35.2257],[137.4267,35.2257],[137.4265,35.2257],[137.4263,35.2257],[137.4258,35.226],[137.4256,35.2262],[137.4253,35.2265],[137.425,35.2268],[137.425,35.2268],[137.4249,35.2269],[137.4243,35.2279],[137.4242,35.2281],[137.424,35.2285],[137.4238,35.2291],[137.4236,35.2302],[137.4235,35.2308],[137.4235,35.2308],[137.4234,35.2312],[137.4234,35.2315],[137.4232,35.2318],[137.4229,35.2322],[137.4225,35.2327],[137.4223,35.2328],[137.4215,35.2333],[137.4214,35.2333],[137.4214,35.2333],[137.421,35.2336],[137.4209,35.2337],[137.4206,35.2339],[137.4204,35.2342],[137.4198,35.236],[137.4198,35.2361],[137.4198,35.2361],[137.4197,35.2364],[137.4197,35.2364],[137.4196,35.2368],[137.4195,35.2371],[137.4193,35.2374],[137.4191,35.2379],[137.4189,35.2383],[137.4188,35.2384],[137.4186,35.2388],[137.4184,35.239],[137.4178,35.2398],[137.4177,35.2398],[137.4174,35.2401],[137.4171,35.2403],[137.4168,35.2404],[137.4167,35.2404],[137.4167,35.2404],[137.4165,35.2404],[137.4162,35.2404],[137.416,35.2402],[137.4157,35.2401],[137.4157,35.24],[137.4153,35.2396],[137.4152,35.2394],[137.4151,35.2392],[137.4148,35.2389],[137.4146,35.2387],[137.4145,35.2386],[137.4142,35.2383],[137.4135,35.2379],[137.4126,35.2373],[137.4114,35.2365],[137.4103,35.2358],[137.4093,35.2352],[137.4089,35.2349],[137.4086,35.2348],[137.4084,35.2348],[137.4083,35.2348],[137.4083,35.2348],[137.4082,35.2348],[137.408,35.2349],[137.4077,35.235],[137.4076,35.2352],[137.4076,35.2353],[137.4076,35.2354],[137.4075,35.2359],[137.4075,35.2365],[137.4075,35.2371],[137.4075,35.2373],[137.4074,35.2375],[137.4071,35.2377],[137.4067,35.238],[137.4064,35.2382],[137.4061,35.2383],[137.4057,35.2384],[137.4054,35.2384],[137.4052,35.2384],[137.4048,35.2384],[137.4044,35.2383],[137.4044,35.2383],[137.4041,35.2383],[137.404,35.2383],[137.4038,35.2384],[137.4034,35.2385],[137.403,35.2388],[137.403,35.2388],[137.4026,35.2392],[137.4016,35.2406],[137.4013,35.2411],[137.4012,35.2412],[137.4011,35.2413],[137.401,35.2416],[137.4009,35.2417],[137.4009,35.2417],[137.4008,35.2417],[137.4007,35.2418],[137.4004,35.2418],[137.4,35.2417],[137.4,35.2417],[137.4,35.2417],[137.4,35.2417],[137.3997,35.2416],[137.3989,35.2413],[137.398,35.241],[137.3971,35.2406],[137.3971,35.2406],[137.3964,35.2403],[137.3954,35.24],[137.3949,35.2398],[137.3947,35.2398],[137.3945,35.2399],[137.3933,35.24],[137.3928,35.24],[137.3924,35.24],[137.3917,35.2401],[137.3917,35.2401],[137.3915,35.2401],[137.3913,35.2401],[137.3911,35.2401],[137.3907,35.2401],[137.3905,35.2401],[137.3902,35.2401],[137.3895,35.24],[137.3887,35.24],[137.3882,35.2401],[137.3881,35.2402],[137.3879,35.2402],[137.3878,35.2403],[137.3877,35.2403],[137.3875,35.2405],[137.3875,35.2405],[137.3874,35.2406],[137.387,35.2409],[137.3866,35.2413],[137.3863,35.2417],[137.3863,35.2417],[137.386,35.2421],[137.386,35.2421],[137.386,35.2423],[137.3857,35.243],[137.3855,35.2433],[137.3852,35.244],[137.3851,35.2441],[137.3851,35.2443],[137.3852,35.2444],[137.3852,35.2445],[137.3852,35.2445],[137.3853,35.2445],[137.3853,35.2446],[137.3853,35.2447],[137.3854,35.2448],[137.3855,35.2449],[137.3855,35.2451],[137.3854,35.2453],[137.3853,35.2455],[137.3848,35.2459],[137.3842,35.2462],[137.3837,35.2465],[137.3833,35.2467],[137.3833,35.2467],[137.3832,35.2467],[137.383,35.2469],[137.3828,35.2471],[137.3828,35.2473],[137.3828,35.2474],[137.383,35.2476],[137.3831,35.2477],[137.3833,35.2478],[137.3833,35.2478],[137.3837,35.2479],[137.3839,35.248],[137.384,35.2481],[137.384,35.2481],[137.3842,35.2482],[137.3843,35.2483],[137.3845,35.2484],[137.3852,35.2487],[137.3853,35.2488],[137.3857,35.2494],[137.3857,35.2495],[137.386,35.25],[137.386,35.25],[137.386,35.2501],[137.3862,35.2507],[137.3868,35.2518],[137.3868,35.252],[137.3868,35.2522],[137.3867,35.2524],[137.3864,35.2528],[137.3862,35.2531],[137.3861,35.2532],[137.386,35.2537],[137.3859,35.2543],[137.3858,35.2548],[137.3855,35.2557],[137.3855,35.256],[137.3855,35.2564],[137.3855,35.2569],[137.3854,35.2572],[137.3853,35.2579],[137.3852,35.2583],[137.3852,35.2583],[137.3852,35.2585],[137.3851,35.2587],[137.385,35.2589],[137.3849,35.259],[137.3845,35.2593],[137.3842,35.2595],[137.3838,35.2597],[137.3836,35.2599],[137.3835,35.2601],[137.3834,35.2601],[137.3833,35.2601],[137.3833,35.2601],[137.3833,35.2602],[137.3832,35.2602],[137.383,35.2602],[137.3829,35.2602],[137.3823,35.2601],[137.3816,35.2599],[137.3811,35.2598],[137.3808,35.2597],[137.3802,35.2592],[137.3797,35.259],[137.3793,35.2587],[137.3791,35.2587],[137.3787,35.2587],[137.378,35.2588],[137.3777,35.2588],[137.3774,35.2589],[137.3773,35.2591],[137.3772,35.2595],[137.3771,35.2595],[137.3769,35.2595],[137.3766,35.2595],[137.3763,35.2594],[137.3761,35.2595],[137.3758,35.2597],[137.3755,35.26],[137.375,35.2606],[137.375,35.2607],[137.375,35.2607],[137.3747,35.2611],[137.3747,35.2614],[137.3747,35.2615],[137.3745,35.2617],[137.3739,35.2626],[137.3734,35.263],[137.3731,35.2633],[137.3729,35.2634],[137.3728,35.2634],[137.3727,35.2634],[137.3726,35.2634],[137.372,35.2633],[137.3719,35.2633],[137.3714,35.2632],[137.3713,35.2632],[137.3711,35.2631],[137.371,35.2631],[137.3708,35.2628],[137.3707,35.2627],[137.3702,35.2619],[137.3698,35.2614],[137.3696,35.2612],[137.3694,35.261],[137.369,35.2605],[137.3688,35.2604],[137.3684,35.2605],[137.3681,35.2606],[137.3672,35.2607],[137.3667,35.2608],[137.3667,35.2608],[137.3663,35.2609],[137.3659,35.2609],[137.3656,35.2609],[137.3651,35.2608],[137.3646,35.2608],[137.3634,35.261],[137.3629,35.261],[137.3623,35.261],[137.362,35.261],[137.3615,35.2606],[137.3615,35.2606],[137.3614,35.2606],[137.3614,35.2605],[137.3612,35.2605],[137.3609,35.2605],[137.3599,35.2604],[137.3593,35.2603],[137.3588,35.2599],[137.3584,35.2596],[137.3583,35.2596],[137.3583,35.2596],[137.3581,35.2595],[137.3573,35.2593],[137.3568,35.259],[137.3562,35.2587],[137.3559,35.2586],[137.3556,35.2585],[137.355,35.2583],[137.355,35.2583],[137.3544,35.2582],[137.3541,35.2581],[137.354,35.2581],[137.3535,35.2583],[137.3535,35.2583],[137.3534,35.2584],[137.3531,35.2586],[137.3529,35.2587],[137.3525,35.2583],[137.3525,35.2583],[137.3521,35.2581],[137.3513,35.2575],[137.3507,35.2573],[137.3505,35.2572],[137.35,35.2571],[137.35,35.2571],[137.35,35.2571],[137.3492,35.2572],[137.3489,35.2574],[137.3488,35.2578],[137.3484,35.258],[137.3479,35.258],[137.3479,35.258],[137.3476,35.2578],[137.3473,35.2576],[137.347,35.2575],[137.3468,35.2575],[137.3466,35.2576],[137.3464,35.2578],[137.346,35.2579],[137.3451,35.2579],[137.3444,35.2578],[137.3441,35.2579],[137.3439,35.258],[137.3439,35.2581],[137.3438,35.2583],[137.3438,35.2583],[137.3436,35.2587],[137.3436,35.259],[137.3441,35.2593],[137.3451,35.2599],[137.3453,35.2602],[137.3454,35.2606],[137.3452,35.2614],[137.3451,35.2618],[137.3449,35.2619],[137.3444,35.2617],[137.3438,35.2616],[137.343,35.2612],[137.3427,35.2612],[137.3427,35.2612],[137.3425,35.2612],[137.3425,35.2613],[137.3425,35.2614],[137.342,35.2622],[137.3417,35.2629],[137.3417,35.2629],[137.3417,35.2629],[137.3416,35.2633],[137.3416,35.2635],[137.3414,35.2637],[137.3406,35.2639],[137.3403,35.2641],[137.34,35.2644],[137.3399,35.2645],[137.34,35.2649],[137.3402,35.2653],[137.3406,35.2658],[137.3411,35.266],[137.3413,35.2662],[137.3416,35.2667],[137.3416,35.2667],[137.3417,35.2668],[137.3417,35.2668],[137.3418,35.267],[137.3427,35.2677],[137.3436,35.2683],[137.3438,35.2684],[137.3451,35.269],[137.3452,35.269],[137.3454,35.2692],[137.3455,35.2697],[137.3456,35.2699],[137.346,35.2703],[137.3463,35.2707],[137.3464,35.271],[137.3464,35.2712],[137.3462,35.2715],[137.346,35.2716],[137.3459,35.2717],[137.3453,35.272],[137.3452,35.2722],[137.3452,35.273],[137.345,35.2734],[137.3446,35.2737],[137.3439,35.274],[137.3434,35.2741],[137.3431,35.2741],[137.3426,35.2741],[137.3424,35.2742],[137.3424,35.2742],[137.3424,35.2743],[137.3424,35.2744],[137.3423,35.2745],[137.3423,35.2747],[137.3421,35.2748],[137.3417,35.275],[137.3417,35.275],[137.3416,35.275],[137.3416,35.275],[137.3411,35.2752],[137.3407,35.2751],[137.3405,35.2751],[137.3404,35.2751],[137.3399,35.2753],[137.3382,35.2758],[137.3378,35.2759],[137.3376,35.2759],[137.3376,35.2758],[137.3377,35.2755],[137.3379,35.2752],[137.338,35.2752],[137.338,35.275],[137.338,35.275],[137.3381,35.2747],[137.338,35.2746],[137.3378,35.2744],[137.3374,35.2745],[137.3366,35.2747],[137.3361,35.275],[137.3361,35.275],[137.3358,35.2752],[137.3354,35.2755],[137.3349,35.2765],[137.3345,35.2767],[137.3342,35.2771],[137.3339,35.2773],[137.3333,35.2774],[137.3333,35.2774],[137.3332,35.2774],[137.3328,35.2774],[137.3326,35.2773],[137.3321,35.277],[137.3315,35.2767],[137.3312,35.2768],[137.331,35.277],[137.3313,35.2773],[137.3315,35.2777],[137.3315,35.2777],[137.3318,35.278],[137.3321,35.2782],[137.3317,35.2784],[137.3313,35.2785],[137.3305,35.2786],[137.3301,35.2787],[137.3298,35.279],[137.3292,35.2799],[137.3288,35.28],[137.3287,35.28],[137.3284,35.2802],[137.3279,35.2806],[137.3275,35.2806],[137.3266,35.2804],[137.3261,35.2804],[137.3257,35.2805],[137.3253,35.2808],[137.325,35.2809],[137.325,35.2809],[137.3248,35.281],[137.3246,35.2812],[137.3246,35.2813],[137.3245,35.2817],[137.3243,35.2819],[137.3242,35.2821],[137.3241,35.2821],[137.3238,35.2822],[137.3235,35.2823],[137.3233,35.2826],[137.3231,35.2828],[137.3229,35.2829],[137.3228,35.283],[137.3227,35.2831],[137.3226,35.2831],[137.3224,35.2833],[137.3224,35.2833],[137.3224,35.2833],[137.3222,35.2835],[137.3219,35.2838],[137.3213,35.2843],[137.321,35.2844],[137.3204,35.2844],[137.32,35.2844],[137.3198,35.2845],[137.3183,35.2855],[137.318,35.2856],[137.3175,35.2854],[137.3172,35.2856],[137.317,35.2858],[137.3167,35.2859],[137.3167,35.2859],[137.3153,35.2864],[137.3151,35.2864],[137.3148,35.2864],[137.3143,35.2867],[137.3129,35.2873],[137.3127,35.2875],[137.3125,35.2879],[137.3124,35.288],[137.3121,35.288],[137.3116,35.2878],[137.3114,35.2879],[137.3108,35.2883],[137.3106,35.2884],[137.3103,35.2882],[137.3102,35.2882],[137.31,35.2882],[137.3098,35.2885],[137.3097,35.2889],[137.3095,35.289],[137.3091,35.289],[137.3087,35.2891],[137.3083,35.2894],[137.3083,35.2894],[137.3081,35.2897],[137.3079,35.2902],[137.3079,35.2906],[137.3081,35.2912],[137.3075,35.2911],[137.3062,35.2907],[137.3056,35.2906],[137.3054,35.2905],[137.3051,35.2901],[137.305,35.29],[137.3048,35.29],[137.3045,35.2902],[137.304,35.2905],[137.3038,35.2906],[137.3036,35.2906],[137.3031,35.2904],[137.3028,35.2902],[137.3024,35.2903],[137.3024,35.2903],[137.3021,35.2906],[137.3018,35.2904],[137.3018,35.2901],[137.3015,35.2897],[137.3012,35.2896],[137.3005,35.2896],[137.3,35.2894],[137.3,35.2894],[137.2997,35.2893],[137.2995,35.2892],[137.2994,35.2892],[137.2989,35.2889],[137.2984,35.2887],[137.2979,35.2887],[137.2976,35.2888],[137.2972,35.2892],[137.2968,35.2896],[137.2968,35.2901],[137.2967,35.2901],[137.2963,35.2901],[137.296,35.29],[137.2952,35.2901],[137.2948,35.2899],[137.2944,35.2894],[137.2938,35.2892],[137.2927,35.2886],[137.2924,35.2885],[137.2921,35.2885],[137.2917,35.2885],[137.2917,35.2885],[137.2915,35.2884],[137.2912,35.2882],[137.2909,35.2883],[137.2902,35.2885],[137.29,35.2884],[137.2896,35.2882],[137.2894,35.2882],[137.2884,35.2885],[137.2876,35.2887],[137.2871,35.2887],[137.2859,35.2885],[137.2846,35.2883],[137.2845,35.2883],[137.2843,35.2884],[137.284,35.2886],[137.2838,35.2887],[137.2837,35.2886],[137.2835,35.2885],[137.2833,35.2884],[137.2833,35.2884],[137.2831,35.2882],[137.283,35.2879],[137.2829,35.2877],[137.2827,35.2877],[137.2819,35.2878],[137.2812,35.2878],[137.2809,35.2879],[137.2804,35.2884],[137.2803,35.2885],[137.2796,35.2883],[137.2791,35.2882],[137.2786,35.288],[137.2784,35.288],[137.2779,35.2881],[137.2771,35.2886],[137.2767,35.2889],[137.2766,35.289],[137.2766,35.2895],[137.2767,35.2899],[137.2767,35.29],[137.2765,35.2903],[137.2758,35.2906],[137.2757,35.2906],[137.2755,35.2905],[137.2751,35.2905],[137.275,35.2903],[137.275,35.2903],[137.275,35.2902],[137.2746,35.2893],[137.2745,35.2891],[137.2743,35.2888],[137.2741,35.2885],[137.2741,35.288],[137.274,35.2879],[137.2734,35.2879],[137.2733,35.2877],[137.2731,35.2875],[137.2722,35.2865],[137.2717,35.2861],[137.2714,35.286],[137.271,35.2859],[137.2706,35.286],[137.2706,35.286],[137.2703,35.2863],[137.2701,35.2865],[137.27,35.2866],[137.2699,35.2866],[137.2695,35.2866],[137.2692,35.2866],[137.2688,35.2866],[137.2685,35.2869],[137.268,35.2868],[137.2675,35.2867],[137.2667,35.2864],[137.2667,35.2864],[137.2664,35.2863],[137.2657,35.2862],[137.2653,35.2859],[137.2651,35.2858],[137.2648,35.2857],[137.2635,35.2854],[137.2627,35.2852],[137.2624,35.2847],[137.2621,35.2838],[137.262,35.2835],[137.262,35.2835],[137.2617,35.2833],[137.2617,35.2833],[137.2611,35.2831],[137.2608,35.2828],[137.2605,35.2826],[137.2603,35.2822],[137.26,35.2818],[137.2599,35.2813],[137.26,35.2811],[137.2601,35.281],[137.2609,35.2806],[137.2609,35.2805],[137.2608,35.2804],[137.2605,35.2803],[137.2603,35.2801],[137.2599,35.2796],[137.2595,35.2789],[137.2595,35.2787],[137.2598,35.2784],[137.2602,35.2781],[137.2604,35.2777],[137.2606,35.2773],[137.2607,35.2764],[137.2608,35.2762],[137.2608,35.2756],[137.2609,35.2754],[137.2608,35.2752],[137.2606,35.275],[137.2604,35.2749],[137.2598,35.2745],[137.2595,35.2744],[137.2593,35.2744],[137.2588,35.2748],[137.2583,35.2749],[137.2583,35.2749],[137.2583,35.2749],[137.2581,35.275],[137.2578,35.2751],[137.2576,35.275],[137.2576,35.275],[137.2575,35.2749],[137.2574,35.273],[137.2574,35.2726],[137.2573,35.2725],[137.2572,35.2724],[137.2567,35.2724],[137.2558,35.2727],[137.2551,35.2727],[137.2548,35.2727],[137.2545,35.2727],[137.2538,35.2728],[137.2534,35.2726],[137.2531,35.2724],[137.2529,35.2721],[137.2527,35.2711],[137.2525,35.2709],[137.2519,35.2707],[137.2516,35.2706],[137.2515,35.2705],[137.2515,35.2701],[137.2516,35.2699],[137.2515,35.2696],[137.2512,35.2695],[137.251,35.2694],[137.2507,35.2692],[137.25,35.2686],[137.25,35.2686],[137.2499,35.2685],[137.2497,35.2684],[137.2489,35.2684],[137.247,35.2684],[137.2463,35.2683],[137.2462,35.2683],[137.2459,35.2683],[137.2456,35.2684],[137.2453,35.2685],[137.245,35.2688],[137.2449,35.2689],[137.2448,35.2689],[137.2445,35.2688],[137.2442,35.2687],[137.2439,35.2687],[137.2437,35.2687],[137.2436,35.2685],[137.2436,35.2675],[137.2437,35.2674],[137.2439,35.2674],[137.2441,35.2673],[137.2442,35.2671],[137.2443,35.2669],[137.2442,35.2667],[137.2442,35.2667],[137.2442,35.2666],[137.244,35.2664],[137.244,35.2664],[137.2437,35.2661],[137.2435,35.266],[137.2432,35.2659],[137.243,35.2658],[137.2427,35.2653],[137.2425,35.2649],[137.2424,35.2646],[137.2422,35.2645],[137.242,35.2644],[137.2417,35.2643],[137.2417,35.2643],[137.2416,35.2643],[137.2414,35.2643],[137.2412,35.2644],[137.2411,35.2645],[137.241,35.2646],[137.2408,35.2649],[137.2406,35.2651],[137.2403,35.2652],[137.2402,35.2652],[137.2401,35.2651],[137.2399,35.2648],[137.2397,35.2646],[137.2394,35.2645],[137.2392,35.2645],[137.2389,35.2645],[137.2385,35.2648],[137.2379,35.2651],[137.2377,35.2652],[137.237,35.2653],[137.2359,35.2649],[137.2355,35.2647],[137.2354,35.2647],[137.2348,35.2642],[137.2344,35.2639],[137.2342,35.2633],[137.2341,35.263],[137.2339,35.2627],[137.2339,35.2624],[137.2339,35.262],[137.2339,35.2619],[137.234,35.2617],[137.2338,35.2615],[137.2335,35.2611],[137.2333,35.261],[137.2333,35.261],[137.2332,35.2609],[137.2329,35.2609],[137.2326,35.261],[137.2323,35.261],[137.2321,35.2611],[137.2312,35.2611],[137.2301,35.261],[137.2299,35.2609],[137.2298,35.2607],[137.2296,35.2604],[137.2289,35.2601],[137.2286,35.2598],[137.2285,35.2596],[137.2284,35.2593],[137.2281,35.259],[137.2278,35.2587],[137.2273,35.2586],[137.2266,35.2583],[137.2266,35.2583],[137.2266,35.2583],[137.2263,35.2581],[137.2259,35.2577],[137.2256,35.2574],[137.225,35.257],[137.225,35.257],[137.225,35.257],[137.2246,35.2565],[137.224,35.2562],[137.2233,35.256],[137.2226,35.2559],[137.222,35.2558],[137.2219,35.2558],[137.2217,35.2558],[137.2216,35.2559],[137.2215,35.2561],[137.2213,35.2565],[137.2212,35.2569],[137.2211,35.2574],[137.2211,35.2577],[137.2212,35.2583],[137.2212,35.2583],[137.2212,35.2584],[137.2213,35.259],[137.2213,35.2596],[137.2214,35.2599],[137.2212,35.2602],[137.221,35.2604],[137.2208,35.2603],[137.2205,35.26],[137.2201,35.2596],[137.2199,35.2592],[137.2197,35.259],[137.2194,35.259],[137.2187,35.2589],[137.2184,35.2589],[137.2182,35.2589],[137.2181,35.2591],[137.218,35.2593],[137.2179,35.2596],[137.2177,35.2597],[137.2174,35.2597],[137.217,35.2595],[137.2167,35.2594],[137.2167,35.2594],[137.2167,35.2594],[137.2164,35.2595],[137.2161,35.2595],[137.2158,35.2595],[137.2154,35.2595],[137.2152,35.2594],[137.2149,35.2593],[137.2146,35.2593],[137.2142,35.2594],[137.2141,35.2595],[137.2139,35.2598],[137.2137,35.2598],[137.2135,35.2599],[137.2132,35.2598],[137.2129,35.2596],[137.2128,35.2596],[137.2126,35.2597],[137.2124,35.2599],[137.2123,35.2599],[137.212,35.2599],[137.2116,35.2598],[137.2114,35.2597],[137.2113,35.2597],[137.2112,35.2595],[137.2112,35.2593],[137.2113,35.259],[137.2112,35.2588],[137.2112,35.2588],[137.211,35.2586],[137.2105,35.2584],[137.21,35.2583],[137.21,35.2583],[137.2099,35.2583],[137.2096,35.2583],[137.2092,35.2581],[137.2088,35.2576],[137.2087,35.2574],[137.2087,35.2572],[137.2088,35.2571],[137.209,35.2569],[137.2091,35.2568],[137.2089,35.2567],[137.2088,35.2564],[137.2087,35.2559],[137.2086,35.2556],[137.2085,35.2548],[137.2084,35.2545],[137.2083,35.2544],[137.2083,35.2544],[137.2081,35.2541],[137.208,35.2538],[137.2077,35.2535],[137.2073,35.2532],[137.2072,35.2532],[137.207,35.2531],[137.2069,35.2531],[137.2067,35.2531],[137.2064,35.2532],[137.2062,35.2534],[137.2061,35.2537],[137.206,35.2541],[137.2059,35.2544],[137.2057,35.2547],[137.2055,35.2549],[137.2052,35.255],[137.2045,35.255],[137.2042,35.2551],[137.2038,35.2551],[137.2035,35.255],[137.2032,35.2548],[137.203,35.2546],[137.2029,35.2543],[137.2029,35.2542],[137.203,35.2539],[137.203,35.2537],[137.203,35.2536],[137.203,35.2534],[137.2029,35.2532],[137.2027,35.2527],[137.2025,35.2524],[137.2024,35.2524],[137.2022,35.2525],[137.2021,35.2527],[137.2019,35.2528],[137.2017,35.2529],[137.2016,35.2529],[137.2015,35.2529],[137.2014,35.2527],[137.2013,35.2525],[137.2013,35.2524],[137.2011,35.2522],[137.2004,35.2516],[137.2001,35.2515],[137.2,35.2515],[137.2,35.2515],[137.2,35.2515],[137.1997,35.2517],[137.1996,35.2518],[137.1993,35.2518],[137.1991,35.252],[137.1988,35.2523],[137.1981,35.2528],[137.1978,35.253],[137.1973,35.2532],[137.1971,35.2533],[137.1968,35.2534],[137.1964,35.2534],[137.1956,35.2533],[137.1951,35.2534],[137.1947,35.2534],[137.1942,35.2536],[137.1934,35.2537],[137.1929,35.2537],[137.1926,35.2538],[137.192,35.2538],[137.1917,35.2538],[137.1917,35.2538],[137.1917,35.2538],[137.1914,35.2539],[137.1912,35.254],[137.191,35.2541],[137.1907,35.2539],[137.1905,35.2538],[137.1903,35.2536],[137.1902,35.2535],[137.1903,35.2532],[137.1901,35.253],[137.1897,35.2527],[137.1895,35.2526],[137.1895,35.2526],[137.1894,35.2526],[137.1891,35.2526],[137.1887,35.2527],[137.1884,35.2527],[137.1877,35.2531],[137.1874,35.2531],[137.1872,35.2532],[137.1869,35.2531],[137.1867,35.2531],[137.1865,35.2531],[137.1862,35.2532],[137.1852,35.2537],[137.1845,35.2541],[137.1841,35.2543],[137.184,35.2545],[137.1839,35.2547],[137.1839,35.2549],[137.1839,35.2552],[137.1839,35.2554],[137.1838,35.2556],[137.1834,35.2559],[137.1833,35.2559],[137.1833,35.2559],[137.1826,35.2565],[137.1823,35.2569],[137.1821,35.2572],[137.1818,35.2573],[137.1815,35.2574],[137.1812,35.2576],[137.1808,35.2578],[137.1807,35.258],[137.1805,35.2581],[137.1802,35.258],[137.1799,35.2579],[137.1799,35.2579],[137.1797,35.2579],[137.1796,35.2579],[137.1793,35.2582],[137.1793,35.2583],[137.1793,35.2583],[137.1791,35.2585],[137.1789,35.2587],[137.1785,35.2589],[137.178,35.259],[137.1776,35.2593],[137.1776,35.2593],[137.1772,35.2597],[137.177,35.2599],[137.1767,35.2601],[137.1765,35.2603],[137.1764,35.2604],[137.1763,35.2609],[137.1761,35.2613],[137.1758,35.2622],[137.1756,35.2627],[137.1756,35.263],[137.1755,35.2636],[137.1756,35.264],[137.1756,35.2643],[137.1755,35.2645],[137.1752,35.2647],[137.175,35.2647],[137.175,35.2647],[137.1748,35.2647],[137.1746,35.2647],[137.1742,35.2647],[137.1738,35.2647],[137.1735,35.2648],[137.173,35.2649],[137.1729,35.2649],[137.1729,35.265],[137.1729,35.2652],[137.1732,35.2654],[137.1741,35.2656],[137.1748,35.266],[137.175,35.2661],[137.175,35.2661],[137.1752,35.2662],[137.1754,35.2663],[137.1756,35.2664],[137.1757,35.2667],[137.1757,35.2667],[137.176,35.2671],[137.1762,35.2676],[137.1764,35.2677],[137.1767,35.2679],[137.1771,35.2681],[137.1772,35.2683],[137.1772,35.2685],[137.1772,35.2688],[137.1771,35.2691],[137.1771,35.2692],[137.1769,35.2694],[137.1767,35.2696],[137.1767,35.2699],[137.1766,35.2701],[137.1766,35.2701],[137.1765,35.2702],[137.1761,35.2704],[137.1757,35.2705],[137.1752,35.2708],[137.175,35.271],[137.175,35.271],[137.1746,35.2713],[137.1742,35.2715],[137.1739,35.2717],[137.1737,35.272],[137.1736,35.2722],[137.1737,35.2725],[137.1737,35.2728],[137.1737,35.2731],[137.1737,35.2731],[137.1738,35.2735],[137.1738,35.2739],[137.1737,35.2743],[137.1734,35.2748],[137.1732,35.275],[137.1732,35.275],[137.173,35.2751],[137.1728,35.2753],[137.1725,35.2754],[137.1723,35.2754],[137.172,35.2753],[137.1717,35.2751],[137.1715,35.2751],[137.1713,35.2752],[137.171,35.2753],[137.1706,35.2754],[137.1699,35.2756],[137.1696,35.276],[137.1695,35.2762],[137.1695,35.2764],[137.1696,35.2767],[137.1697,35.277],[137.1696,35.2773],[137.1697,35.2779],[137.1696,35.2781],[137.1694,35.2782],[137.1692,35.2783],[137.169,35.2783],[137.1688,35.2783],[137.1686,35.2784],[137.1683,35.2785],[137.1681,35.2788],[137.168,35.279],[137.1675,35.2794],[137.1672,35.2797],[137.1669,35.2799],[137.1667,35.2801],[137.1667,35.2802],[137.1667,35.2802],[137.1666,35.2804],[137.1664,35.2808],[137.1663,35.281],[137.1661,35.2813],[137.166,35.2816],[137.1658,35.2818],[137.1657,35.2819],[137.1655,35.2823],[137.1654,35.2825],[137.1654,35.2832],[137.1653,35.2833],[137.1653,35.2833],[137.1653,35.2833],[137.1652,35.2834],[137.1651,35.2833],[137.1651,35.2833],[137.1651,35.2833],[137.1649,35.2831],[137.1647,35.2831],[137.1644,35.2831],[137.1641,35.2829],[137.1639,35.2828],[137.1636,35.2828],[137.1634,35.2828],[137.1631,35.2828],[137.1629,35.283],[137.1626,35.2832],[137.1626,35.2832],[137.1625,35.2831],[137.1624,35.2829],[137.1623,35.2826],[137.1622,35.2823],[137.1621,35.2822],[137.162,35.2821],[137.1618,35.282],[137.1617,35.282],[137.1615,35.282],[137.161,35.2823],[137.1606,35.2824],[137.1604,35.2823],[137.1601,35.2822],[137.1595,35.2822],[137.1589,35.2822],[137.1589,35.2822],[137.1584,35.282],[137.1583,35.282],[137.1583,35.282],[137.1579,35.2818],[137.1576,35.2816],[137.1574,35.2815],[137.1572,35.2815],[137.1568,35.2814],[137.1564,35.2813],[137.156,35.2811],[137.1557,35.2809],[137.1556,35.2806],[137.1554,35.2803],[137.1551,35.28],[137.1548,35.2797],[137.1544,35.2796],[137.1541,35.2794],[137.1529,35.2793],[137.1525,35.2793],[137.1525,35.2793],[137.1523,35.2794],[137.1521,35.2795],[137.1516,35.2799],[137.1513,35.2802],[137.1511,35.2803],[137.1509,35.2803],[137.1507,35.2804],[137.1506,35.2806],[137.1506,35.2809],[137.1504,35.2811],[137.1501,35.2813],[137.15,35.2813],[137.15,35.2813],[137.1494,35.2816],[137.1492,35.2816],[137.149,35.2812],[137.1487,35.2809],[137.1483,35.2807],[137.1478,35.2805],[137.1474,35.2805],[137.1472,35.2805],[137.147,35.2803],[137.1468,35.2801],[137.1463,35.2799],[137.1458,35.2798],[137.1456,35.2798],[137.1454,35.2799],[137.1452,35.2802],[137.1449,35.2803],[137.1446,35.2804],[137.1439,35.2806],[137.1439,35.2806],[137.1435,35.2808],[137.1434,35.281],[137.1434,35.2812],[137.1433,35.2817],[137.1431,35.2821],[137.1428,35.2823],[137.1427,35.2825],[137.1425,35.2829],[137.1422,35.2833],[137.1422,35.2833],[137.1422,35.2834],[137.1421,35.2838],[137.1421,35.2839],[137.1417,35.2841],[137.1417,35.2841],[137.1411,35.2843],[137.1408,35.2845],[137.1406,35.2847],[137.1405,35.2851],[137.1405,35.2853],[137.1404,35.2856],[137.1402,35.2858],[137.139,35.2863],[137.1384,35.2866],[137.1382,35.2868],[137.1382,35.287],[137.1383,35.2874],[137.1383,35.2875],[137.1384,35.2877],[137.1383,35.2879],[137.1379,35.2882],[137.137,35.2886],[137.1357,35.2899],[137.1353,35.2902],[137.1351,35.2903],[137.1351,35.2903],[137.1347,35.2903],[137.1343,35.2907],[137.1341,35.291],[137.1338,35.2913],[137.1335,35.2915],[137.1334,35.2917],[137.1334,35.2917],[137.1334,35.2918],[137.1333,35.2923],[137.1334,35.2926],[137.1333,35.2927],[137.1333,35.2927],[137.1333,35.2927],[137.1331,35.2927],[137.1329,35.2927],[137.1327,35.2926],[137.1325,35.2928],[137.132,35.2934],[137.1317,35.2936],[137.1316,35.2936],[137.1315,35.2935],[137.1312,35.2932],[137.131,35.2929],[137.1308,35.2927],[137.1306,35.2927],[137.1304,35.2927],[137.1302,35.2929],[137.1298,35.2934],[137.1295,35.2941],[137.1294,35.2943],[137.1288,35.2947],[137.1287,35.2947],[137.1284,35.2944],[137.1281,35.2942],[137.1278,35.2942],[137.1275,35.2942],[137.127,35.2944],[137.1268,35.2947],[137.1266,35.295],[137.1264,35.2952],[137.1261,35.2954],[137.1255,35.2955],[137.125,35.2954],[137.125,35.2954],[137.1249,35.2954],[137.1246,35.2954],[137.1244,35.2954],[137.1243,35.2955],[137.1241,35.2955],[137.1238,35.2957],[137.1237,35.2959],[137.1237,35.2959],[137.1235,35.2961],[137.1234,35.2961],[137.1232,35.2959],[137.1229,35.2958],[137.1228,35.2957],[137.1225,35.2958],[137.122,35.296],[137.1218,35.296],[137.1217,35.2961],[137.1214,35.2964],[137.1211,35.2964],[137.1204,35.2966],[137.1202,35.2967],[137.1201,35.2969],[137.1198,35.2972],[137.1195,35.2975],[137.1189,35.2979],[137.1188,35.2979],[137.1184,35.2977],[137.1183,35.2975],[137.1182,35.2975],[137.118,35.2975],[137.1178,35.2975],[137.1174,35.2975],[137.1172,35.2974],[137.117,35.2973],[137.1167,35.2973],[137.1167,35.2973],[137.1166,35.2973],[137.1164,35.2974],[137.1161,35.2977],[137.1159,35.2979],[137.1157,35.2982],[137.1156,35.2985],[137.1154,35.2986],[137.1151,35.2988],[137.1151,35.2988],[137.1147,35.2989],[137.1145,35.2988],[137.1141,35.2988],[137.1139,35.2989],[137.1136,35.2991],[137.1133,35.2991],[137.1129,35.2991],[137.1125,35.2988],[137.1123,35.2988],[137.1119,35.299],[137.1113,35.2993],[137.1108,35.2994],[137.1103,35.2997],[137.1096,35.3],[137.1096,35.3],[137.1096,35.3],[137.1092,35.3001],[137.1089,35.3001],[137.1087,35.3001],[137.1085,35.3001],[137.1083,35.3001],[137.1083,35.3001],[137.1074,35.3002],[137.1065,35.3003],[137.1055,35.3005],[137.1044,35.3008],[137.1035,35.3012],[137.1034,35.3013],[137.1032,35.3014],[137.103,35.3015],[137.1023,35.3016],[137.1012,35.3016],[137.101,35.3016],[137.101,35.3016],[137.101,35.301],[137.1011,35.3001],[137.1011,35.3],[137.1011,35.2998],[137.101,35.2994],[137.1008,35.2991],[137.1001,35.2987],[137.1,35.2986],[137.1,35.2986],[137.0992,35.2981],[137.0982,35.2976],[137.098,35.2974],[137.0978,35.2972],[137.0978,35.2972],[137.0978,35.2972],[137.0977,35.2971],[137.0977,35.297],[137.0976,35.2969],[137.0976,35.2965],[137.0977,35.2962],[137.098,35.2953],[137.0983,35.2946],[137.0985,35.2941],[137.0988,35.2936],[137.0989,35.2931],[137.099,35.2928],[137.0989,35.2925],[137.0987,35.2922],[137.0985,35.2919],[137.0983,35.2918],[137.098,35.2917],[137.098,35.2917],[137.098,35.2916],[137.0976,35.2916],[137.0968,35.2914],[137.0968,35.2914],[137.0966,35.2913],[137.0964,35.291],[137.0963,35.2908],[137.0963,35.2907],[137.0962,35.2906],[137.0961,35.2906],[137.096,35.2906],[137.0954,35.2906],[137.0952,35.2906],[137.0947,35.2908],[137.0939,35.2911],[137.0932,35.2916],[137.0932,35.2917],[137.093,35.2919],[137.0928,35.2922],[137.0924,35.2925],[137.0923,35.2926],[137.0921,35.2928],[137.0918,35.2928],[137.0917,35.2928],[137.0917,35.2928],[137.0914,35.2927],[137.0908,35.2925],[137.0902,35.2924],[137.0892,35.2924],[137.0882,35.2924],[137.0876,35.2924],[137.0871,35.2925],[137.0862,35.2924],[137.086,35.2924],[137.0857,35.2924],[137.0852,35.2926],[137.0848,35.2925],[137.0841,35.2923],[137.0838,35.2923],[137.0833,35.2923],[137.0833,35.2923],[137.0833,35.2923],[137.0828,35.2922],[137.0825,35.2921],[137.0822,35.2922],[137.0821,35.2921],[137.0817,35.2921],[137.0813,35.2922],[137.0812,35.2923],[137.0811,35.2925],[137.0811,35.2931],[137.081,35.2937],[137.081,35.2943],[137.0811,35.2946],[137.0811,35.2948],[137.0811,35.295],[137.0807,35.2954],[137.0805,35.2955],[137.08,35.2958],[137.0798,35.296],[137.0798,35.2962],[137.08,35.2964],[137.0801,35.2965],[137.0804,35.2968],[137.0807,35.2973],[137.0807,35.2976],[137.0807,35.2977],[137.0811,35.298],[137.0812,35.2982],[137.0814,35.2988],[137.0814,35.2994],[137.0815,35.2998],[137.0815,35.3],[137.0815,35.3],[137.0814,35.3001],[137.081,35.3005],[137.0808,35.3007],[137.0805,35.3009],[137.0804,35.3012],[137.0805,35.3015],[137.0806,35.3017],[137.0805,35.3023],[137.0803,35.3027],[137.0801,35.303],[137.0802,35.3032],[137.0806,35.3036],[137.0808,35.3037],[137.0809,35.3039],[137.0811,35.3044],[137.0812,35.3045],[137.0815,35.3048],[137.0818,35.3051],[137.0816,35.3054],[137.0808,35.306],[137.0805,35.3062],[137.08,35.3066],[137.0798,35.3068],[137.0794,35.3068],[137.0789,35.3068],[137.0784,35.307],[137.078,35.3071],[137.0776,35.3071],[137.0773,35.3069],[137.0765,35.3064],[137.0762,35.3064],[137.076,35.3064],[137.0756,35.3064],[137.0752,35.3063],[137.075,35.3063],[137.075,35.3063],[137.0749,35.3063],[137.0736,35.3068],[137.0734,35.3068],[137.0731,35.3068],[137.0728,35.3067],[137.0722,35.3067],[137.0718,35.3074],[137.0711,35.308],[137.0704,35.3082],[137.0702,35.3083],[137.0701,35.3083],[137.0701,35.3083],[137.0698,35.3085],[137.0691,35.3087],[137.0684,35.3088],[137.0677,35.3088],[137.0672,35.3089],[137.0668,35.309],[137.0667,35.3091],[137.0667,35.3091],[137.0666,35.3091],[137.0667,35.3092],[137.0667,35.3092],[137.0668,35.3097],[137.0668,35.3108],[137.067,35.3111],[137.0671,35.3113],[137.0672,35.3115],[137.0671,35.3117],[137.0671,35.3118],[137.067,35.312],[137.0667,35.3122],[137.0667,35.3122],[137.0665,35.3123],[137.0661,35.3126],[137.066,35.3129],[137.0658,35.3134],[137.0656,35.3143],[137.0653,35.3152],[137.0651,35.3155],[137.0649,35.3156],[137.0648,35.3162],[137.0645,35.3167],[137.0645,35.3167],[137.0645,35.3168],[137.0642,35.3171],[137.0638,35.3178],[137.0635,35.3182],[137.0635,35.3186],[137.0637,35.3192],[137.0639,35.32],[137.0639,35.32],[137.064,35.3204],[137.0641,35.3205],[137.0641,35.3207],[137.0644,35.3208],[137.0648,35.3209],[137.0652,35.3211],[137.0655,35.3214],[137.0657,35.3218],[137.0659,35.322],[137.0662,35.3222],[137.0664,35.3224],[137.0665,35.3226],[137.0667,35.3227],[137.0667,35.3227],[137.0669,35.3229],[137.0675,35.3233],[137.0682,35.3237],[137.0688,35.3241],[137.069,35.3242],[137.0696,35.3248],[137.0698,35.3249],[137.07,35.325],[137.07,35.325],[137.0701,35.325],[137.0704,35.325],[137.0714,35.3254],[137.0716,35.3255],[137.0719,35.3256],[137.0725,35.3257],[137.0727,35.3258],[137.0728,35.3261],[137.073,35.3265],[137.0729,35.3267],[137.0727,35.3269],[137.0726,35.3273],[137.0727,35.3275],[137.0726,35.3277],[137.0723,35.3281],[137.0722,35.3282],[137.072,35.3284],[137.072,35.3288],[137.072,35.329],[137.0718,35.3295],[137.0717,35.3295],[137.0717,35.3298],[137.0716,35.33],[137.0716,35.3302],[137.0717,35.3304],[137.0716,35.3306],[137.0714,35.3307],[137.071,35.3308],[137.0706,35.3307],[137.0703,35.3308],[137.0701,35.331],[137.07,35.3313],[137.0699,35.3318],[137.0698,35.332],[137.0698,35.3323],[137.0695,35.3327],[137.0695,35.3328],[137.069,35.3333],[137.0689,35.3333],[137.0689,35.3333],[137.0686,35.3336],[137.0685,35.334],[137.0684,35.3349],[137.0683,35.3353],[137.0683,35.3355],[137.0682,35.3357],[137.068,35.3359],[137.0678,35.3359],[137.0675,35.3358],[137.0672,35.3358],[137.0669,35.3359],[137.0667,35.336],[137.0667,35.336],[137.0666,35.3361],[137.0662,35.3362],[137.0658,35.3362],[137.0654,35.3361],[137.065,35.3362],[137.0648,35.3362],[137.0646,35.3363],[137.0642,35.3362],[137.0639,35.3362],[137.0638,35.3362],[137.0636,35.3365],[137.0636,35.3367],[137.0636,35.3369],[137.0637,35.3372],[137.0638,35.3375],[137.0637,35.3376],[137.0636,35.3379],[137.0634,35.3382],[137.0628,35.3384],[137.0625,35.3387],[137.0622,35.3388],[137.062,35.3389],[137.0618,35.339],[137.0616,35.3391],[137.0615,35.3391],[137.0614,35.3391],[137.0611,35.3391],[137.0604,35.339],[137.0599,35.3388],[137.0596,35.3387],[137.0593,35.3387],[137.0588,35.3387],[137.0584,35.3387],[137.0583,35.3387],[137.0583,35.3387],[137.058,35.3386],[137.0577,35.3385],[137.0574,35.3385],[137.0561,35.338],[137.0559,35.3379],[137.0556,35.3379],[137.0554,35.3377],[137.0553,35.3375],[137.0552,35.3372],[137.0551,35.3369],[137.0549,35.3365],[137.0546,35.3363],[137.0544,35.3361],[137.0541,35.3361],[137.0537,35.3362],[137.0534,35.3363],[137.0531,35.3365],[137.053,35.3365],[137.0528,35.3366],[137.0527,35.3367],[137.0525,35.3366],[137.0525,35.3366],[137.0524,35.3365],[137.0519,35.3361],[137.0517,35.336],[137.0514,35.3359],[137.0509,35.3357],[137.0507,35.3356],[137.0505,35.3354],[137.0503,35.3349],[137.0502,35.3347],[137.0501,35.3345],[137.05,35.3344],[137.05,35.3344],[137.0499,35.3344],[137.0495,35.3344],[137.0493,35.3345],[137.049,35.3347],[137.0481,35.3352],[137.0479,35.3354],[137.0478,35.3356],[137.0477,35.3361],[137.0476,35.3363],[137.0474,35.3365],[137.0472,35.3368],[137.0471,35.3369],[137.0474,35.3374],[137.0473,35.3376],[137.0468,35.3386],[137.0465,35.3392],[137.0463,35.3395],[137.0463,35.3396],[137.0462,35.3401],[137.0461,35.3402],[137.0461,35.3407],[137.0462,35.3416],[137.0462,35.3417],[137.0462,35.3417],[137.0463,35.3423],[137.0463,35.3424],[137.0464,35.343],[137.0464,35.3433],[137.0462,35.3435],[137.0461,35.3438],[137.046,35.344],[137.046,35.3442],[137.0462,35.3444],[137.0463,35.3447],[137.0465,35.3452],[137.0465,35.3454],[137.0464,35.3461],[137.0464,35.3463],[137.0466,35.3468],[137.0466,35.3469],[137.0465,35.3472],[137.0465,35.3474],[137.0466,35.3482],[137.0466,35.3485],[137.0465,35.3487],[137.0463,35.3488],[137.0462,35.3489],[137.046,35.3489],[137.0458,35.3491],[137.0457,35.3496],[137.0456,35.3498],[137.0454,35.35],[137.0454,35.35],[137.0454,35.35],[137.0453,35.35],[137.0453,35.3503],[137.0452,35.3506],[137.0453,35.3507],[137.0455,35.351],[137.0461,35.3513],[137.047,35.3516],[137.0474,35.3518],[137.0477,35.3521],[137.0479,35.3524],[137.0479,35.3527],[137.048,35.3534],[137.0482,35.3537],[137.0483,35.354],[137.0485,35.3545],[137.0488,35.3553],[137.0488,35.3556],[137.0489,35.3562],[137.0489,35.3568],[137.0491,35.3578],[137.0494,35.3583],[137.0494,35.3583],[137.0494,35.3584],[137.0494,35.3587],[137.0494,35.3588],[137.0498,35.3593],[137.0498,35.3596],[137.0496,35.3606],[137.0491,35.3612],[137.049,35.3615],[137.0486,35.3629],[137.0485,35.3631],[137.0483,35.3632],[137.0481,35.3634],[137.0479,35.364],[137.0478,35.3644],[137.0476,35.3647],[137.0474,35.3651],[137.0469,35.3657],[137.0469,35.3658],[137.0469,35.3658],[137.047,35.366],[137.047,35.3661],[137.0468,35.3661],[137.0464,35.3662],[137.0461,35.3662],[137.0458,35.3664],[137.0455,35.3667],[137.0455,35.3667],[137.0454,35.3668],[137.0452,35.3672],[137.0451,35.3674],[137.0448,35.3675],[137.0445,35.3675],[137.0443,35.3675],[137.0439,35.3673],[137.0436,35.3673],[137.0432,35.3672],[137.0417,35.367],[137.0417,35.367],[137.0408,35.3669],[137.0405,35.3669],[137.0403,35.367],[137.0397,35.3674],[137.0394,35.3676],[137.039,35.3676],[137.0386,35.3676],[137.0383,35.3675],[137.0381,35.3675],[137.0376,35.3677],[137.0376,35.3678],[137.0372,35.3678],[137.0369,35.3678],[137.0365,35.3679],[137.0357,35.3678],[137.0354,35.3679],[137.0351,35.368],[137.0349,35.368],[137.034,35.368],[137.0339,35.3681],[137.0339,35.3683],[137.0341,35.3689],[137.034,35.369],[137.034,35.369],[137.034,35.369],[137.0339,35.3691],[137.0335,35.369],[137.0333,35.369],[137.0333,35.369],[137.0331,35.3689],[137.0327,35.369],[137.0318,35.3697],[137.031,35.3702],[137.0304,35.3704],[137.0299,35.3707],[137.0298,35.3708],[137.0297,35.371],[137.0294,35.3716],[137.0294,35.3716],[137.0293,35.3719],[137.0292,35.3722],[137.0293,35.3725],[137.0298,35.3736],[137.0298,35.3739],[137.0297,35.3741],[137.0296,35.3742],[137.0292,35.3742],[137.0292,35.3742],[137.0291,35.3748],[137.029,35.3749],[137.0287,35.375],[137.0287,35.375],[137.0285,35.3751],[137.0283,35.3752],[137.0283,35.3753],[137.0284,35.3759],[137.0283,35.3761],[137.0282,35.3762],[137.028,35.3762],[137.0277,35.376],[137.0272,35.3757],[137.0267,35.3752],[137.0264,35.3751],[137.026,35.3752],[137.0254,35.3753],[137.0251,35.3753],[137.025,35.3753],[137.025,35.3753],[137.0245,35.3751],[137.0244,35.3751],[137.0234,35.375],[137.023,35.375],[137.0226,35.3751],[137.0222,35.3752],[137.0222,35.3752],[137.0218,35.3754],[137.0217,35.3755],[137.0214,35.3757],[137.0209,35.3757],[137.0202,35.3757],[137.02,35.3757],[137.0196,35.376],[137.0192,35.3762],[137.0192,35.3763],[137.0189,35.3765],[137.0184,35.3766],[137.0181,35.3766],[137.0179,35.3767],[137.0177,35.3768],[137.0173,35.3772],[137.017,35.3773],[137.0167,35.3774],[137.0167,35.3774],[137.0167,35.3774],[137.0164,35.3774],[137.0163,35.3775],[137.0162,35.3775],[137.0161,35.3777],[137.0161,35.378],[137.016,35.3783],[137.016,35.379],[137.016,35.3791],[137.016,35.3792],[137.0159,35.3793],[137.0158,35.3796],[137.0156,35.3797],[137.0154,35.3797],[137.0153,35.3799],[137.0152,35.3802],[137.0152,35.3805],[137.0154,35.3809],[137.0153,35.3813],[137.0152,35.3814],[137.0151,35.3815],[137.0149,35.3816],[137.0147,35.3816],[137.0142,35.3818],[137.0138,35.3818],[137.0132,35.3818],[137.013,35.3817],[137.0128,35.3817],[137.0124,35.3815],[137.0116,35.3815],[137.0114,35.3816],[137.0111,35.3817],[137.0109,35.3817],[137.0107,35.3816],[137.0105,35.3813],[137.0104,35.3813],[137.01,35.3815],[137.0097,35.3815],[137.0093,35.3815],[137.0091,35.3815],[137.0088,35.3815],[137.0084,35.3816],[137.0083,35.3816],[137.0083,35.3816],[137.0081,35.3816],[137.0079,35.3816],[137.0079,35.3816],[137.0075,35.3815],[137.0073,35.3815],[137.0071,35.3815],[137.0067,35.3817],[137.0061,35.3818],[137.0058,35.3818],[137.0055,35.3817],[137.0049,35.3813],[137.0045,35.3811],[137.0042,35.3811],[137.0038,35.3811],[137.0035,35.3811],[137.0033,35.3811],[137.0032,35.3811],[137.0028,35.3812],[137.0022,35.3814],[137.0021,35.3815],[137.0022,35.3822],[137.0023,35.3831],[137.0022,35.3833],[137.0022,35.3833],[137.0022,35.3834],[137.002,35.3835],[137.0013,35.3838],[137.001,35.384],[137.0003,35.3846],[137.0003,35.3847],[137.0001,35.3848],[137,35.3849],[137,35.3849],[136.9996,35.3852],[136.9995,35.3854],[136.9993,35.3857],[136.999,35.3862],[136.9991,35.3863],[136.9996,35.3867],[136.9996,35.387],[136.9996,35.3872],[136.9995,35.3873],[136.9994,35.3875],[136.9993,35.3878],[136.9993,35.3881],[136.9993,35.3881],[136.9993,35.3882],[136.9992,35.3883],[136.9991,35.3884],[136.9992,35.3892],[136.9992,35.39],[136.9992,35.3903],[136.9991,35.3904],[136.9987,35.3908],[136.9986,35.391],[136.9984,35.3913],[136.9983,35.3915],[136.9982,35.3915],[136.998,35.3915],[136.9976,35.3912],[136.9973,35.3911],[136.9973,35.3911],[136.997,35.391],[136.9967,35.3911],[136.9966,35.3912],[136.9964,35.3915],[136.9963,35.3915],[136.9963,35.3917],[136.9963,35.3917],[136.9962,35.3917],[136.9962,35.392],[136.9962,35.3924],[136.9961,35.3925],[136.9959,35.3926],[136.9955,35.3931],[136.9951,35.3932],[136.9945,35.3932],[136.9943,35.3933],[136.994,35.3936],[136.9937,35.3936],[136.9933,35.3932],[136.9929,35.3929],[136.9928,35.3928],[136.9917,35.393],[136.9917,35.393],[136.9915,35.3931],[136.9915,35.3934],[136.9913,35.3942],[136.9901,35.3949],[136.9902,35.3951],[136.9902,35.3956],[136.99,35.3958],[136.9893,35.3963],[136.9893,35.3964],[136.9893,35.3966],[136.9893,35.3966],[136.9894,35.3968],[136.9898,35.3973],[136.99,35.3976],[136.9899,35.3978],[136.9899,35.398],[136.9899,35.3983],[136.99,35.3986],[136.9898,35.3989],[136.9893,35.3994],[136.9893,35.3994],[136.989,35.3997],[136.9887,35.4],[136.9887,35.4],[136.9887,35.4],[136.9886,35.4003],[136.9887,35.4006],[136.9889,35.4009],[136.989,35.4011],[136.989,35.4012],[136.9888,35.4012],[136.9884,35.4013],[136.9877,35.4016],[136.9873,35.402],[136.987,35.4021],[136.9861,35.402],[136.9852,35.402],[136.9848,35.4019],[136.9847,35.4018],[136.9842,35.4015],[136.984,35.4015],[136.9837,35.4015],[136.9833,35.4016],[136.9833,35.4016],[136.9833,35.4016],[136.9828,35.4014],[136.9823,35.4015],[136.9816,35.4016],[136.9812,35.4017],[136.9808,35.4019],[136.9807,35.4022],[136.9805,35.4028],[136.9803,35.4029],[136.98,35.4029],[136.9795,35.4029],[136.9789,35.4031],[136.9783,35.4032],[136.9782,35.4033],[136.9782,35.4034],[136.9783,35.4038],[136.9784,35.4041],[136.9784,35.4042],[136.9784,35.4043],[136.9782,35.405],[136.9782,35.4055],[136.9783,35.4059],[136.9784,35.406],[136.9784,35.4062],[136.9786,35.4064],[136.9794,35.407],[136.9797,35.4073],[136.98,35.4075],[136.9803,35.4082],[136.9804,35.4083],[136.9804,35.4083],[136.9806,35.4086],[136.9812,35.4092],[136.9818,35.4096],[136.9826,35.4099],[136.9827,35.4102],[136.983,35.4104],[136.9833,35.4106],[136.9833,35.4106],[136.9835,35.4107],[136.9838,35.411],[136.984,35.4114],[136.984,35.4114],[136.9842,35.4116],[136.9846,35.4119],[136.9847,35.4121],[136.9849,35.4126],[136.9849,35.4128],[136.9849,35.4132],[136.9846,35.4136],[136.9846,35.4138],[136.9847,35.414],[136.985,35.4142],[136.9856,35.4145],[136.9861,35.4148],[136.9868,35.4151],[136.987,35.4153],[136.9871,35.4154],[136.9871,35.4155],[136.987,35.4158],[136.9867,35.416],[136.9861,35.4167],[136.9861,35.4167],[136.986,35.4168],[136.9854,35.4172],[136.9853,35.4173],[136.9853,35.4175],[136.9854,35.4176],[136.9856,35.4178],[136.9858,35.4181],[136.9859,35.4183],[136.9859,35.4188],[136.986,35.4191],[136.986,35.4192],[136.9863,35.4199],[136.9864,35.4199],[136.9864,35.42],[136.9866,35.4201],[136.9871,35.4203],[136.9875,35.4205],[136.9876,35.4205],[136.988,35.4205],[136.9884,35.4205],[136.9885,35.4205],[136.9887,35.4206],[136.9889,35.4209],[136.9895,35.4217],[136.9899,35.422],[136.9902,35.4223],[136.9903,35.4225],[136.9903,35.4228],[136.9904,35.423],[136.9905,35.4231],[136.9907,35.4232],[136.991,35.4232],[136.9916,35.4233],[136.9917,35.4233],[136.9917,35.4233],[136.9925,35.4235],[136.9927,35.4236],[136.993,35.4238],[136.9931,35.4239],[136.9932,35.4241],[136.9932,35.4242],[136.9932,35.4242],[136.9931,35.4243],[136.9922,35.4244],[136.9917,35.4245],[136.9917,35.4245],[136.9913,35.4246],[136.9905,35.4247],[136.9894,35.4248],[136.9885,35.4248],[136.9873,35.4247],[136.9872,35.4247],[136.9864,35.4246],[136.9857,35.4245],[136.9853,35.4244],[136.9848,35.4242],[136.9844,35.4241],[136.984,35.424],[136.9839,35.424],[136.9833,35.4239],[136.9833,35.4239],[136.9831,35.4239],[136.982,35.4236],[136.9807,35.4233],[136.9804,35.4232],[136.9789,35.4228],[136.9788,35.4227],[136.9772,35.4224],[136.9759,35.4222],[136.9753,35.422],[136.975,35.4218],[136.975,35.4218],[136.9748,35.4217],[136.9744,35.4216],[136.9742,35.4216],[136.9741,35.4216],[136.9735,35.4218],[136.9734,35.4218],[136.9722,35.4221],[136.9714,35.4221],[136.9708,35.4221],[136.9699,35.4221],[136.9687,35.4221],[136.9683,35.422],[136.9674,35.4218],[136.9667,35.4217],[136.9667,35.4217],[136.9662,35.4216],[136.9656,35.4215],[136.965,35.4212],[136.9644,35.4209],[136.9639,35.4206],[136.9638,35.4205],[136.9634,35.4202],[136.9631,35.4199],[136.9627,35.4192],[136.9624,35.4186],[136.9618,35.4176],[136.9618,35.4176],[136.9616,35.4169],[136.9616,35.4167],[136.9616,35.4167],[136.9615,35.4159],[136.9615,35.4159],[136.9615,35.4158],[136.9613,35.4155],[136.9611,35.4149],[136.9611,35.4146],[136.9611,35.4143],[136.9611,35.4142],[136.9612,35.4141],[136.9612,35.414],[136.9614,35.4133],[136.962,35.4114],[136.9626,35.4096],[136.9629,35.4087],[136.9629,35.4083],[136.9629,35.4083],[136.963,35.408],[136.9631,35.4066],[136.9629,35.4053],[136.9629,35.4049],[136.9628,35.4032],[136.9627,35.4027],[136.9626,35.4019],[136.9623,35.4008],[136.9618,35.4],[136.9618,35.4],[136.9617,35.3998],[136.961,35.3991],[136.9593,35.3978],[136.9588,35.3975],[136.9585,35.3973],[136.9585,35.3973],[136.9583,35.3972],[136.9583,35.3972],[136.9574,35.3968],[136.9567,35.3965],[136.9548,35.3959],[136.954,35.3957],[136.9534,35.3956],[136.9527,35.3955],[136.9518,35.3953],[136.9503,35.3949],[136.95,35.3948],[136.95,35.3948],[136.9494,35.3946],[136.9485,35.3942],[136.948,35.394],[136.947,35.3935],[136.9459,35.3931],[136.9458,35.3931],[136.9458,35.3931],[136.9457,35.393],[136.945,35.3927],[136.9425,35.3917],[136.9425,35.3917],[136.9417,35.3913],[136.9417,35.3913],[136.9412,35.3911],[136.9398,35.3905],[136.9397,35.3904],[136.9394,35.3903],[136.9392,35.3902],[136.939,35.3901],[136.9387,35.39],[136.9373,35.3894],[136.936,35.3888],[136.9359,35.3887],[136.9351,35.3882],[136.9349,35.3881],[136.9342,35.3875],[136.9341,35.3874],[136.9333,35.3867],[136.9333,35.3867],[136.9332,35.3866],[136.932,35.3855],[136.9304,35.3842],[136.9293,35.3833],[136.9293,35.3833],[136.9291,35.3831],[136.9279,35.3822],[136.9274,35.3819],[136.9272,35.3817],[136.9261,35.381],[136.926,35.381],[136.925,35.3805],[136.925,35.3805],[136.9244,35.3802],[136.9242,35.3801],[136.9237,35.3798],[136.9236,35.3798],[136.923,35.3796],[136.9223,35.3793],[136.9221,35.3792],[136.9214,35.379],[136.9214,35.379],[136.9189,35.3785],[136.9178,35.3784],[136.9171,35.3782],[136.9167,35.3781],[136.9167,35.3781],[136.9157,35.378],[136.9148,35.3779],[136.9143,35.3778],[136.9136,35.3778],[136.9123,35.3777],[136.9111,35.3777],[136.9095,35.3776],[136.9087,35.3776],[136.9085,35.3776],[136.9083,35.3776],[136.9083,35.3776],[136.9073,35.3776],[136.9043,35.3777],[136.9038,35.3777],[136.9022,35.3778],[136.9012,35.3778],[136.9,35.3779],[136.9,35.3779],[136.8997,35.3779],[136.8981,35.378],[136.8965,35.378],[136.8949,35.3781],[136.8935,35.3781],[136.8927,35.3781],[136.892,35.378],[136.8917,35.378],[136.8917,35.378],[136.8905,35.378],[136.8896,35.378],[136.8885,35.3779],[136.8877,35.3778],[136.8876,35.3778],[136.8872,35.3777],[136.8868,35.3777],[136.8862,35.3775],[136.8851,35.3771],[136.8837,35.3766],[136.8833,35.3764],[136.8833,35.3764],[136.8828,35.3762],[136.8819,35.3759],[136.8803,35.3753],[136.8796,35.375],[136.8796,35.375],[136.8781,35.3745],[136.8775,35.3743],[136.8772,35.3742],[136.8772,35.3742],[136.8761,35.3739],[136.875,35.3736],[136.875,35.3736],[136.8742,35.3735],[136.874,35.3734],[136.872,35.3731],[136.8718,35.373],[136.8711,35.3729],[136.8699,35.3728],[136.8678,35.3726],[136.8667,35.3726],[136.8667,35.3726],[136.8649,35.3726],[136.8646,35.3723],[136.8638,35.3712],[136.8619,35.3691],[136.8613,35.3684],[136.8604,35.3679],[136.8598,35.3676],[136.8594,35.3675],[136.8592,35.3675],[136.8587,35.3671],[136.8583,35.3669],[136.8583,35.3669],[136.8582,35.3668],[136.8579,35.3667],[136.8579,35.3667],[136.855,35.3653],[136.8514,35.3638],[136.85,35.3633],[136.85,35.3633],[136.8489,35.3629],[136.8486,35.3628],[136.8485,35.3627],[136.8484,35.3625],[136.847,35.362],[136.8443,35.361],[136.8425,35.3601],[136.8417,35.3597],[136.8417,35.3597],[136.8396,35.3586],[136.8393,35.3585],[136.839,35.3583],[136.839,35.3583],[136.8371,35.3574],[136.8361,35.3569],[136.8342,35.356],[136.834,35.3559],[136.8338,35.3559],[136.8333,35.356],[136.8333,35.356],[136.8326,35.3563],[136.8323,35.3563],[136.832,35.3564],[136.8315,35.3565],[136.8309,35.3567],[136.8306,35.3568],[136.8302,35.3568],[136.83,35.3569],[136.8296,35.3569],[136.829,35.357],[136.8283,35.3571],[136.8264,35.3574],[136.8261,35.3575],[136.825,35.3577],[136.825,35.3577],[136.8235,35.3581],[136.8226,35.3583],[136.8224,35.3583],[136.8224,35.3583],[136.8204,35.3587],[136.82,35.3588],[136.8185,35.3591],[136.8176,35.3592],[136.8171,35.3593],[136.8167,35.3594],[136.8167,35.3594],[136.8161,35.3594],[136.816,35.3594],[136.8135,35.3596],[136.813,35.3596],[136.8122,35.3596],[136.8111,35.3597],[136.8104,35.3597],[136.8084,35.3597],[136.8084,35.3597],[136.8083,35.3597],[136.8083,35.3597],[136.8074,35.3598],[136.8073,35.3598],[136.8062,35.36],[136.8042,35.3601],[136.8031,35.3603],[136.8021,35.3605],[136.8019,35.3606],[136.801,35.3609],[136.8008,35.3609],[136.8,35.3612],[136.8,35.3612],[136.7992,35.3615],[136.7983,35.3619],[136.7966,35.3625],[136.7964,35.3626],[136.7962,35.3626],[136.7955,35.3628],[136.7952,35.3628],[136.7942,35.3631],[136.7929,35.3635],[136.793,35.3637],[136.7933,35.3643],[136.7934,35.3645],[136.7936,35.3647],[136.7938,35.3653],[136.7941,35.3661],[136.7941,35.3662],[136.7942,35.3667],[136.7942,35.3667],[136.7943,35.3674],[136.7944,35.3679],[136.7945,35.3681],[136.7945,35.3683],[136.7935,35.3684],[136.7917,35.3685],[136.7917,35.3685],[136.7915,35.3685],[136.7877,35.3688],[136.7851,35.3689],[136.7839,35.369],[136.7835,35.3691],[136.7833,35.3691],[136.7833,35.3691],[136.7828,35.3691],[136.7811,35.3692],[136.7805,35.3693],[136.7776,35.3695],[136.7772,35.3695],[136.7757,35.3696],[136.7753,35.3696],[136.775,35.3696],[136.775,35.3696],[136.7746,35.3696],[136.7741,35.3696],[136.7738,35.3696],[136.7729,35.3693],[136.7724,35.3691],[136.7715,35.3688],[136.7706,35.3684],[136.7696,35.3678],[136.7688,35.3674],[136.7688,35.3674],[136.7681,35.3669],[136.7679,35.3667],[136.7679,35.3667],[136.7674,35.3663],[136.7667,35.3656],[136.7667,35.3656],[136.7663,35.3652],[136.7646,35.3636],[136.7635,35.3626],[136.7623,35.3615],[136.7619,35.3611],[136.7605,35.3594],[136.7598,35.3583],[136.7598,35.3583],[136.7596,35.3581],[136.7591,35.3572],[136.7583,35.3554],[136.7583,35.3554],[136.7581,35.3547],[136.7575,35.3534],[136.7564,35.3506],[136.7561,35.35],[136.7561,35.35],[136.7549,35.347],[136.7539,35.3449],[136.7529,35.3425],[136.7528,35.3423],[136.7528,35.3423],[136.7525,35.3417],[136.7525,35.3417],[136.7522,35.341],[136.7522,35.341],[136.7518,35.3401],[136.7514,35.3394],[136.7508,35.3382],[136.7508,35.3381],[136.7505,35.3374],[136.7501,35.3365],[136.75,35.3364],[136.75,35.3364],[136.7491,35.3348],[136.7486,35.3339],[136.7482,35.3333],[136.7482,35.3333],[136.7476,35.3324],[136.7471,35.3314],[136.7464,35.3305],[136.7456,35.3295],[136.7447,35.3283],[136.744,35.3274],[136.7435,35.3266],[136.7423,35.325],[136.7423,35.325],[136.7423,35.3249],[136.7417,35.324],[136.7417,35.324],[136.7414,35.3237],[136.7414,35.3236],[136.7408,35.3227],[136.7399,35.3214],[136.7391,35.3201],[136.7385,35.3192],[136.7383,35.3187],[136.7372,35.317],[136.737,35.3167],[136.737,35.3167],[136.7365,35.316],[136.7363,35.3156],[136.7357,35.3145],[136.7347,35.3127],[136.7344,35.3122],[136.7343,35.3119],[136.7342,35.3115],[136.7337,35.3104],[136.7333,35.3097],[136.7329,35.3088],[136.7327,35.3083],[136.7327,35.3083],[136.7324,35.3076],[136.7322,35.3073],[136.7305,35.3039],[136.7291,35.3013],[136.7288,35.3006],[136.7285,35.3],[136.7285,35.3],[136.7283,35.2998],[136.7283,35.2997],[136.7278,35.299],[136.7272,35.298],[136.7266,35.297],[136.7257,35.2956],[136.725,35.2948],[136.725,35.2947],[136.725,35.2947],[136.7243,35.2938],[136.7232,35.2925],[136.7225,35.2917],[136.7225,35.2917],[136.7223,35.2915],[136.7221,35.2913],[136.7216,35.2907],[136.7208,35.2899],[136.7194,35.2888],[136.7182,35.2879],[136.7167,35.2869],[136.7167,35.2869],[136.7162,35.2866],[136.7145,35.2854],[136.7141,35.2851],[136.7126,35.2841],[136.7114,35.2833],[136.7114,35.2833],[136.7109,35.283],[136.7104,35.2827],[136.7094,35.2817],[136.7083,35.2806],[136.7083,35.2806],[136.7079,35.2801],[136.707,35.2791],[136.7066,35.2786],[136.7062,35.278],[136.706,35.2777],[136.7051,35.2763],[136.7046,35.2756],[136.7045,35.2754],[136.7042,35.275],[136.7042,35.275],[136.7041,35.2747],[136.7032,35.2729],[136.7028,35.2722],[136.7022,35.2711],[136.7017,35.2701],[136.7004,35.2673],[136.7004,35.2672],[136.7001,35.2667],[136.7001,35.2667],[136.7001,35.2666],[136.7,35.2663],[136.7,35.2663],[136.6992,35.2643],[136.6988,35.2634],[136.6981,35.2619],[136.6974,35.2605],[136.6968,35.2597],[136.6962,35.2589],[136.696,35.2586],[136.6957,35.2583],[136.6957,35.2583],[136.6944,35.2568],[136.692,35.2544],[136.6917,35.2541],[136.6917,35.2541],[136.6906,35.2532],[136.6905,35.2531],[136.6897,35.2527],[136.6893,35.2524],[136.6891,35.2523],[136.689,35.2523],[136.6883,35.2519],[136.6875,35.2513],[136.6866,35.2508],[136.6856,35.2501],[136.6855,35.25],[136.6855,35.25],[136.685,35.2496],[136.6842,35.249],[136.6836,35.2486],[136.6836,35.2485],[136.6833,35.2483],[136.6833,35.2483],[136.6828,35.2479],[136.682,35.2472],[136.6812,35.2465],[136.6806,35.246],[136.6799,35.2454],[136.6796,35.245],[136.6794,35.2447],[136.6789,35.2438],[136.6784,35.243],[136.6781,35.2422],[136.678,35.2417],[136.678,35.2417],[136.6779,35.2415],[136.6779,35.2411],[136.6778,35.2406],[136.6778,35.2395],[136.6778,35.2385],[136.678,35.2374],[136.6781,35.2371],[136.6782,35.2364],[136.6784,35.2348],[136.6785,35.2338],[136.6786,35.2333],[136.6786,35.2333],[136.6786,35.2331],[136.6787,35.2323],[136.6789,35.2315],[136.6792,35.2305],[136.6795,35.2295],[136.6798,35.2286],[136.6799,35.2282],[136.68,35.2277],[136.6802,35.2271],[136.6804,35.2265],[136.6806,35.2255],[136.6807,35.225],[136.6807,35.225],[136.6808,35.2245],[136.681,35.2238],[136.6811,35.2229],[136.6812,35.2219],[136.6814,35.2205],[136.6814,35.2204],[136.6816,35.2194],[136.6816,35.2189],[136.6816,35.218],[136.6816,35.2175],[136.6815,35.2168],[136.6816,35.2167],[136.6816,35.2167],[136.6816,35.2159],[136.6817,35.2152],[136.6818,35.2146],[136.6819,35.2142],[136.682,35.2132],[136.6821,35.2123],[136.682,35.2116],[136.682,35.2114],[136.6819,35.2107],[136.6818,35.2097],[136.6818,35.2091],[136.6818,35.2083],[136.6818,35.2083],[136.6819,35.2081],[136.6819,35.2073],[136.682,35.2064],[136.6821,35.2055],[136.6822,35.2051],[136.6827,35.2042],[136.683,35.2036],[136.6833,35.2031],[136.6833,35.2028],[136.6833,35.2028],[136.6833,35.2027],[136.6834,35.2026],[136.6834,35.2023],[136.6833,35.202],[136.6833,35.202],[136.6833,35.2014],[136.6832,35.2005],[136.6831,35.2],[136.6831,35.2],[136.6831,35.1998],[136.6829,35.1993],[136.6823,35.1984],[136.6818,35.1979],[136.681,35.1971],[136.6805,35.1964],[136.6797,35.1958],[136.6789,35.1951],[136.6787,35.1949],[136.6774,35.1939],[136.6758,35.1928],[136.675,35.1921],[136.675,35.1921],[136.675,35.1921],[136.6746,35.1917],[136.6746,35.1917],[136.6741,35.1912],[136.6739,35.1911],[136.6734,35.1907],[136.6729,35.19],[136.6725,35.1892],[136.6723,35.1888],[136.6722,35.1879],[136.6722,35.1878],[136.6722,35.1876],[136.6721,35.1864],[136.6719,35.1854],[136.6717,35.184],[136.6716,35.1833],[136.6716,35.1833],[136.6716,35.1828],[136.6715,35.1816],[136.6714,35.1804],[136.6713,35.1789],[136.6713,35.1788],[136.6713,35.1777],[136.6712,35.1765],[136.6711,35.1751],[136.6711,35.175],[136.6711,35.175],[136.671,35.1745],[136.6711,35.1737],[136.6711,35.1734],[136.6714,35.1721],[136.672,35.1699],[136.6727,35.1667],[136.6727,35.1667],[136.6729,35.1656],[136.6736,35.1615],[136.6737,35.1612],[136.6739,35.1602],[136.6742,35.1583],[136.6742,35.1583],[136.6743,35.158],[136.6746,35.1555],[136.6746,35.1548],[136.6746,35.1546],[136.6745,35.1533],[136.6743,35.1525],[136.6743,35.1523],[136.6735,35.1501],[136.6734,35.15],[136.6734,35.15],[136.6724,35.1472],[136.6721,35.1463],[136.6718,35.1455],[136.6713,35.1436],[136.6713,35.1434],[136.6711,35.1421],[136.671,35.1417],[136.671,35.1417],[136.671,35.141],[136.6712,35.1398],[136.6718,35.1375],[136.6722,35.1361],[136.6728,35.1348],[136.671,35.1342],[136.6707,35.1341],[136.6703,35.134],[136.6696,35.1337],[136.6691,35.1345],[136.669,35.1349],[136.6687,35.1359],[136.6686,35.1364],[136.6684,35.1368],[136.6682,35.1381],[136.668,35.1392],[136.6678,35.1404],[136.6677,35.1409],[136.6677,35.1412],[136.6674,35.1416],[136.6674,35.1417],[136.6674,35.1417],[136.6673,35.142],[136.6669,35.1425],[136.6667,35.1428],[136.6667,35.1428],[136.666,35.1436],[136.665,35.1448],[136.665,35.1448],[136.6635,35.1466],[136.6626,35.1476],[136.6615,35.1492],[136.661,35.15],[136.661,35.15],[136.6609,35.1502],[136.6597,35.1525],[136.6596,35.1526],[136.6585,35.1548],[136.6583,35.1552],[136.6583,35.1552],[136.658,35.1559],[136.6573,35.1575],[136.6569,35.1583],[136.6569,35.1583],[136.6566,35.1589],[136.6561,35.1602],[136.6557,35.161],[136.6556,35.1611],[136.6555,35.1613],[136.6553,35.1615],[136.6549,35.1616],[136.6542,35.1619],[136.6539,35.1621],[136.6536,35.1622],[136.6527,35.1629],[136.6522,35.1631],[136.6515,35.1635],[136.65,35.1642],[136.65,35.1642],[136.6497,35.1643],[136.6471,35.1655],[136.6464,35.1658],[136.6463,35.1658],[136.6459,35.1651],[136.6457,35.1647],[136.6451,35.1638],[136.6451,35.1637],[136.645,35.1636],[136.6449,35.1632],[136.6447,35.1628],[136.6446,35.1622],[136.6446,35.1619],[136.645,35.1612],[136.6453,35.1604],[136.6456,35.1596],[136.6457,35.1591],[136.6458,35.1583],[136.6458,35.1583],[136.6458,35.1581],[136.646,35.1577],[136.646,35.1576],[136.6462,35.1566],[136.6462,35.1562],[136.6462,35.1559],[136.6462,35.1556],[136.6461,35.1555],[136.646,35.1552],[136.6458,35.1546],[136.6457,35.1543],[136.6458,35.1536],[136.6457,35.1527],[136.6457,35.1513],[136.6456,35.1507],[136.6456,35.1506],[136.6456,35.1503],[136.6456,35.15],[136.6456,35.15],[136.6457,35.1495],[136.646,35.1484],[136.646,35.1477],[136.6458,35.1473],[136.6454,35.1468],[136.6453,35.1467],[136.6452,35.1466],[136.6452,35.1446],[136.6447,35.1444],[136.6444,35.1444],[136.6442,35.1447],[136.6441,35.1448],[136.6433,35.1454],[136.6426,35.146],[136.6423,35.1462],[136.6418,35.1466],[136.6417,35.1466],[136.6417,35.1466],[136.6415,35.1467],[136.6413,35.1468],[136.6409,35.147],[136.6405,35.1473],[136.6399,35.1476],[136.6397,35.1477],[136.6394,35.1478],[136.6392,35.1478],[136.639,35.1478],[136.639,35.1477],[136.6387,35.1476],[136.6386,35.1475],[136.6386,35.1475],[136.6381,35.1475],[136.6377,35.1475],[136.6374,35.1476],[136.6369,35.1479],[136.6366,35.148],[136.6364,35.148],[136.6364,35.148],[136.6362,35.148],[136.6357,35.1478],[136.6355,35.1478],[136.6353,35.1479],[136.6352,35.148],[136.6351,35.1482],[136.635,35.1482],[136.6348,35.149],[136.6346,35.1495],[136.6345,35.1497],[136.6343,35.1498],[136.6341,35.1498],[136.6333,35.1499],[136.6333,35.1499],[136.6329,35.15],[136.6329,35.15],[136.6323,35.1501],[136.6305,35.1502],[136.6302,35.1502],[136.63,35.1501],[136.6298,35.15],[136.6298,35.15],[136.6298,35.15],[136.6295,35.1498],[136.629,35.1493],[136.6286,35.1489],[136.6284,35.1486],[136.6281,35.1484],[136.6278,35.1481],[136.6273,35.1478],[136.6267,35.1475],[136.6262,35.1473],[136.625,35.1468],[136.625,35.1468],[136.6249,35.1468],[136.6243,35.1465],[136.6243,35.1465],[136.6242,35.1464],[136.624,35.1462],[136.624,35.146],[136.6238,35.1458],[136.6237,35.1458],[136.6236,35.146],[136.6236,35.1462],[136.6236,35.1463],[136.6235,35.1464],[136.6234,35.1465],[136.6232,35.1467],[136.6231,35.1469],[136.6231,35.147],[136.623,35.1471],[136.6229,35.1472],[136.6224,35.1473],[136.6224,35.1474],[136.6223,35.1475],[136.6223,35.1477],[136.6222,35.1478],[136.6221,35.148],[136.6217,35.1483],[136.6214,35.1484],[136.6211,35.1485],[136.6207,35.1484],[136.62,35.1483],[136.6196,35.1485],[136.6194,35.1488],[136.6192,35.1492],[136.6191,35.1493],[136.619,35.1493],[136.6187,35.1495],[136.6184,35.1496],[136.6178,35.1498],[136.6175,35.1498],[136.6173,35.1498],[136.6167,35.1496],[136.6167,35.1496],[136.6165,35.1496],[136.6161,35.1496],[136.6158,35.1497],[136.6156,35.1499],[136.6155,35.15],[136.6155,35.15],[136.6154,35.1506],[136.6152,35.151],[136.6149,35.1517],[136.6147,35.1518],[136.6144,35.1522],[136.6137,35.1527],[136.6135,35.153],[136.6133,35.1532],[136.6133,35.1535],[136.6133,35.1539],[136.6133,35.1543],[136.6135,35.1546],[136.6135,35.1549],[136.6134,35.155],[136.6133,35.1551],[136.6132,35.1552],[136.613,35.1555],[136.6124,35.1565],[136.6123,35.1567],[136.6122,35.1569],[136.6122,35.1569],[136.6121,35.1572],[136.612,35.1577],[136.6121,35.1579],[136.6122,35.1582],[136.6122,35.1583],[136.6122,35.1583],[136.6123,35.1587],[136.6125,35.1589],[136.6125,35.1594],[136.6124,35.1596],[136.6122,35.1598],[136.6116,35.1601],[136.6111,35.1604],[136.611,35.1606],[136.6109,35.1614],[136.6108,35.1616],[136.6101,35.162],[136.6094,35.1622],[136.6092,35.1625],[136.6091,35.1626],[136.6088,35.1628],[136.6086,35.1629],[136.6085,35.163],[136.6085,35.1635],[136.6083,35.1637],[136.6083,35.1637],[136.608,35.1641],[136.6076,35.1646],[136.6075,35.1651],[136.6074,35.1655],[136.6072,35.1658],[136.607,35.166],[136.6065,35.1663],[136.606,35.1666],[136.6059,35.1667],[136.6059,35.1667],[136.6053,35.1671],[136.6051,35.1673],[136.605,35.1678],[136.6048,35.1685],[136.6048,35.1687],[136.6051,35.1691],[136.6056,35.1695],[136.6058,35.1699],[136.606,35.1704],[136.6061,35.1707],[136.6061,35.1708],[136.6061,35.171],[136.6061,35.1714],[136.606,35.1716],[136.606,35.1717],[136.6061,35.1718],[136.6061,35.1719],[136.6061,35.1721],[136.606,35.1723],[136.6059,35.1724],[136.6058,35.1725],[136.6055,35.1725],[136.6054,35.1726],[136.6053,35.1729],[136.6053,35.1731],[136.6052,35.1734],[136.6053,35.1736],[136.6052,35.1737],[136.6048,35.174],[136.6047,35.1741],[136.6047,35.1742],[136.605,35.175],[136.605,35.175],[136.605,35.175],[136.6049,35.1752],[136.6047,35.1754],[136.6043,35.1756],[136.6042,35.1756],[136.6038,35.1755],[136.6037,35.1755],[136.6035,35.1758],[136.6034,35.1762],[136.6033,35.1764],[136.6031,35.1767],[136.603,35.1771],[136.6029,35.1774],[136.6025,35.1777],[136.6023,35.178],[136.6021,35.1782],[136.6016,35.1784],[136.6013,35.1785],[136.6011,35.1785],[136.6011,35.1784],[136.6007,35.1782],[136.6005,35.1781],[136.6,35.1779],[136.6,35.1779],[136.6,35.1779],[136.5997,35.1777],[136.5993,35.1771],[136.5992,35.177],[136.5991,35.177],[136.5989,35.177],[136.5986,35.177],[136.5981,35.1769],[136.5978,35.1769],[136.5975,35.177],[136.5972,35.1771],[136.597,35.1773],[136.597,35.1774],[136.5971,35.1775],[136.5971,35.1776],[136.5971,35.1779],[136.5972,35.178],[136.5974,35.1782],[136.5974,35.1783],[136.5973,35.1786],[136.5971,35.1788],[136.5971,35.179],[136.5971,35.1793],[136.5968,35.1797],[136.5966,35.1798],[136.5961,35.18],[136.5954,35.1802],[136.595,35.1804],[136.5948,35.1805],[136.5947,35.1806],[136.5945,35.1808],[136.5943,35.1809],[136.5942,35.1811],[136.5941,35.1813],[136.5937,35.1816],[136.5935,35.1817],[136.5932,35.1823],[136.593,35.1826],[136.5928,35.183],[136.5927,35.1833],[136.5927,35.1833],[136.5926,35.1835],[136.5925,35.1836],[136.592,35.1838],[136.592,35.1838],[136.5921,35.1841],[136.5921,35.1843],[136.5921,35.1846],[136.5919,35.185],[136.5917,35.1854],[136.5917,35.1856],[136.5917,35.1857],[136.5919,35.1858],[136.5923,35.186],[136.5924,35.186],[136.5926,35.1862],[136.5927,35.1863],[136.5927,35.1864],[136.5927,35.1865],[136.5927,35.1866],[136.5926,35.1866],[136.5925,35.1867],[136.5924,35.1867],[136.592,35.1865],[136.5917,35.1864],[136.5917,35.1864],[136.5916,35.1864],[136.5914,35.1863],[136.5911,35.1859],[136.591,35.1858],[136.5908,35.1857],[136.5905,35.1856],[136.5902,35.1854],[136.59,35.1853],[136.5896,35.1852],[136.5895,35.1851],[136.5893,35.1851],[136.589,35.1847],[136.5887,35.1846],[136.5882,35.1845],[136.5878,35.1844],[136.5877,35.1845],[136.5876,35.1846],[136.5876,35.1847],[136.5878,35.185],[136.588,35.1855],[136.5882,35.1861],[136.5883,35.1866],[136.5883,35.187],[136.5883,35.1871],[136.5882,35.1872],[136.5878,35.1871],[136.5877,35.1871],[136.5875,35.1872],[136.5874,35.1875],[136.5872,35.188],[136.5871,35.1882],[136.5869,35.1885],[136.5868,35.1886],[136.5866,35.1886],[136.5863,35.1885],[136.5859,35.1885],[136.5856,35.1885],[136.5853,35.1886],[136.5852,35.1886],[136.5847,35.1886],[136.5846,35.1887],[136.5845,35.1889],[136.5845,35.1891],[136.5847,35.1898],[136.5847,35.19],[136.5846,35.1902],[136.5844,35.1904],[136.5843,35.1904],[136.5839,35.1906],[136.5838,35.1907],[136.5838,35.191],[136.5838,35.1911],[136.584,35.1914],[136.5843,35.1915],[136.5844,35.1917],[136.5844,35.1917],[136.5847,35.192],[136.5847,35.1921],[136.5846,35.1922],[136.5844,35.1923],[136.5842,35.1925],[136.5841,35.1926],[136.5841,35.1928],[136.5843,35.1932],[136.5844,35.1933],[136.5847,35.1935],[136.5848,35.1936],[136.5849,35.194],[136.5849,35.194],[136.585,35.1941],[136.5852,35.1941],[136.5852,35.1942],[136.5852,35.1943],[136.5852,35.1945],[136.585,35.1947],[136.5848,35.1948],[136.5844,35.195],[136.5843,35.1951],[136.5841,35.1954],[136.5839,35.1956],[136.5833,35.196],[136.5833,35.196],[136.5833,35.196],[136.5832,35.1962],[136.5832,35.1965],[136.5832,35.1966],[136.583,35.1967],[136.5827,35.1968],[136.5825,35.1968],[136.5824,35.197],[136.5822,35.1971],[136.582,35.1971],[136.5816,35.1971],[136.5813,35.197],[136.5812,35.1969],[136.5809,35.197],[136.5808,35.197],[136.5805,35.1969],[136.5799,35.1967],[136.5797,35.1966],[136.5794,35.1966],[136.5791,35.1966],[136.5784,35.1967],[136.578,35.1968],[136.5776,35.1967],[136.5774,35.1967],[136.5773,35.1968],[136.5772,35.1971],[136.5772,35.1973],[136.5772,35.1974],[136.5773,35.1976],[136.5773,35.1977],[136.5772,35.1981],[136.5771,35.1984],[136.577,35.1985],[136.5766,35.1986],[136.5763,35.1989],[136.5762,35.1991],[136.5761,35.1992],[136.576,35.1993],[136.576,35.1995],[136.576,35.1997],[136.5759,35.1998],[136.5758,35.2],[136.5758,35.2],[136.5757,35.2001],[136.5757,35.2002],[136.5757,35.2003],[136.5759,35.2005],[136.576,35.2005],[136.576,35.2008],[136.576,35.2013],[136.576,35.2014],[136.5761,35.2016],[136.5762,35.2019],[136.5762,35.2021],[136.5761,35.2023],[136.5759,35.2023],[136.5758,35.2023],[136.5755,35.2022],[136.5751,35.2019],[136.575,35.2019],[136.575,35.2019],[136.5748,35.2017],[136.5746,35.2017],[136.5745,35.2017],[136.5742,35.2018],[136.5739,35.2019],[136.5736,35.2021],[136.5735,35.2021],[136.5733,35.2021],[136.5731,35.2022],[136.5729,35.2024],[136.5725,35.2026],[136.5724,35.2027],[136.572,35.2028],[136.5717,35.2028],[136.5713,35.2027],[136.5711,35.2028],[136.571,35.2028],[136.5703,35.2027],[136.5702,35.2027],[136.5698,35.2028],[136.5698,35.2028],[136.5696,35.2029],[136.5696,35.2031],[136.5696,35.2035],[136.5695,35.2036],[136.5694,35.2037],[136.569,35.2037],[136.5688,35.2038],[136.5684,35.204],[136.5681,35.2043],[136.568,35.2045],[136.568,35.2045],[136.5677,35.2045],[136.5671,35.2043],[136.5668,35.2043],[136.5667,35.2044],[136.5667,35.2044],[136.5667,35.2044],[136.5666,35.2044],[136.5666,35.2045],[136.5666,35.2046],[136.5664,35.2047],[136.5662,35.2049],[136.566,35.205],[136.5659,35.2051],[136.5659,35.2053],[136.5658,35.2055],[136.5657,35.2055],[136.5655,35.2055],[136.5652,35.2053],[136.565,35.2053],[136.5647,35.2053],[136.5644,35.2054],[136.5638,35.2053],[136.5637,35.2053],[136.5634,35.2053],[136.5632,35.2054],[136.563,35.2056],[136.5628,35.2058],[136.5627,35.2058],[136.5624,35.2058],[136.5621,35.2057],[136.5619,35.2056],[136.5617,35.2055],[136.5616,35.2055],[136.5614,35.2056],[136.5612,35.206],[136.5611,35.2061],[136.5608,35.2063],[136.5605,35.2064],[136.5603,35.2064],[136.5602,35.2064],[136.56,35.2065],[136.5598,35.2066],[136.5598,35.2067],[136.5597,35.2068],[136.5599,35.2071],[136.5602,35.2075],[136.5603,35.2078],[136.5604,35.2079],[136.5609,35.2083],[136.5609,35.2083],[136.5612,35.2086],[136.5614,35.2088],[136.5614,35.2089],[136.5613,35.209],[136.5612,35.2095],[136.5609,35.2101],[136.5607,35.2103],[136.5606,35.2106],[136.5604,35.211],[136.5603,35.2111],[136.56,35.2114],[136.56,35.2115],[136.5599,35.2116],[136.5599,35.2122],[136.56,35.2125],[136.56,35.2125],[136.56,35.2126],[136.5595,35.2129],[136.5594,35.213],[136.5595,35.2133],[136.5596,35.2136],[136.5596,35.214],[136.5595,35.2144],[136.5595,35.2146],[136.5596,35.2149],[136.56,35.2154],[136.56,35.2155],[136.5599,35.2156],[136.5596,35.2158],[136.5593,35.2159],[136.5592,35.2161],[136.5591,35.2162],[136.5588,35.2164],[136.5585,35.2166],[136.5584,35.2167],[136.5584,35.2167],[136.5583,35.2167],[136.5583,35.2167],[136.5583,35.2167],[136.5579,35.2167],[136.5577,35.2167],[136.5576,35.2168],[136.5576,35.2169],[136.5576,35.2171],[136.5578,35.2173],[136.5578,35.2176],[136.5579,35.2178],[136.5579,35.2179],[136.5578,35.2179],[136.5575,35.2182],[136.5574,35.2184],[136.5574,35.2184],[136.5574,35.2186],[136.5574,35.2191],[136.5574,35.2193],[136.5573,35.2194],[136.5573,35.2197],[136.5572,35.2199],[136.5571,35.2201],[136.5571,35.2205],[136.557,35.2206],[136.5569,35.2206],[136.5568,35.2207],[136.5566,35.2207],[136.5563,35.2206],[136.5562,35.2205],[136.5558,35.2203],[136.5552,35.2201],[136.555,35.22],[136.5549,35.22],[136.5548,35.2201],[136.5545,35.2204],[136.5544,35.2205],[136.5541,35.2205],[136.5537,35.2203],[136.5531,35.2202],[136.5526,35.2202],[136.5525,35.2201],[136.5522,35.2201],[136.5519,35.2199],[136.5515,35.2196],[136.5513,35.2195],[136.5508,35.2194],[136.5502,35.2193],[136.55,35.2193],[136.55,35.2193],[136.5497,35.2192],[136.5496,35.2192],[136.5496,35.2192],[136.5495,35.2193],[136.5494,35.2196],[136.5493,35.2197],[136.549,35.2198],[136.5488,35.2199],[136.5485,35.2201],[136.5484,35.2201],[136.5483,35.2202],[136.5478,35.2202],[136.5475,35.2202],[136.5474,35.2203],[136.5474,35.2204],[136.5476,35.2207],[136.5477,35.2208],[136.5477,35.2211],[136.5477,35.2214],[136.5477,35.2215],[136.5475,35.2216],[136.5473,35.2217],[136.5473,35.2217],[136.5472,35.222],[136.5472,35.2222],[136.547,35.2224],[136.547,35.2225],[136.547,35.2228],[136.547,35.2233],[136.5471,35.2234],[136.5474,35.2236],[136.5475,35.2238],[136.5476,35.2241],[136.5476,35.2243],[136.5476,35.2247],[136.5477,35.2248],[136.548,35.225],[136.548,35.225],[136.548,35.225],[136.5482,35.2252],[136.5482,35.2254],[136.5482,35.2258],[136.5482,35.2261],[136.5481,35.2262],[136.5481,35.2262],[136.5482,35.2268],[136.5481,35.2269],[136.5477,35.2272],[136.5472,35.2277],[136.5472,35.2278],[136.5473,35.2279],[136.5479,35.2283],[136.548,35.2284],[136.548,35.2287],[136.5481,35.2288],[136.5483,35.229],[136.5485,35.2291],[136.549,35.2292],[136.5491,35.2293],[136.5492,35.2294],[136.5493,35.2295],[136.5492,35.2296],[136.5491,35.2298],[136.5486,35.23],[136.5486,35.23],[136.5486,35.2304],[136.5486,35.2306],[136.5488,35.2308],[136.5491,35.231],[136.5493,35.2311],[136.5497,35.2313],[136.5498,35.2314],[136.55,35.2316],[136.55,35.2317],[136.55,35.2317],[136.5503,35.2319],[136.5503,35.232],[136.5503,35.2321],[136.5501,35.2323],[136.5501,35.2324],[136.5502,35.2326],[136.5504,35.2329],[136.5504,35.233],[136.5504,35.2331],[136.5504,35.2332],[136.5503,35.2333],[136.5503,35.2333],[136.5502,35.2334],[136.55,35.2335],[136.55,35.2335],[136.55,35.2336],[136.5498,35.2341],[136.5497,35.2342],[136.5493,35.2344],[136.5484,35.2348],[136.5483,35.2348],[136.5481,35.2348],[136.5479,35.2348],[136.5476,35.2346],[136.5475,35.2346],[136.5474,35.235],[136.5474,35.2352],[136.5472,35.2353],[136.547,35.2353],[136.5468,35.2352],[136.5466,35.2352],[136.5462,35.2353],[136.5459,35.2353],[136.5455,35.2352],[136.5452,35.2353],[136.5451,35.2352],[136.5447,35.2351],[136.5443,35.2351],[136.5441,35.2351],[136.544,35.2352],[136.5438,35.2353],[136.5436,35.2355],[136.5434,35.2355],[136.5431,35.2355],[136.543,35.2356],[136.5428,35.2358],[136.5425,35.2361],[136.5421,35.2364],[136.542,35.2366],[136.5418,35.2368],[136.5417,35.2369],[136.5417,35.2369],[136.5416,35.237],[136.5414,35.237],[136.5412,35.2372],[136.541,35.2372],[136.5409,35.2373],[136.5409,35.2374],[136.5409,35.2376],[136.541,35.2379],[136.5411,35.2381],[136.5411,35.2382],[136.5411,35.2384],[136.5408,35.2389],[136.5405,35.2392],[136.5403,35.2394],[136.5403,35.2395],[136.5403,35.2397],[136.5403,35.2399],[136.5401,35.2402],[136.54,35.2404],[136.5398,35.2405],[136.5397,35.2407],[136.5397,35.2408],[136.5397,35.2409],[136.5398,35.241],[136.5403,35.2417],[136.5403,35.2417],[136.5403,35.2417],[136.5406,35.2421],[136.5407,35.2424],[136.5407,35.2428],[136.5407,35.2432],[136.541,35.2435],[136.5412,35.2437],[136.5416,35.2439],[136.5416,35.2441],[136.5416,35.2442],[136.5416,35.2445],[136.5415,35.2452],[136.5415,35.2455],[136.5414,35.2457],[136.5412,35.246],[136.5408,35.2462],[136.5406,35.2463],[136.5403,35.2462],[136.5402,35.2462],[136.5401,35.2463],[136.5396,35.2468],[136.5395,35.2469],[136.5394,35.2469],[136.5389,35.2468],[136.5387,35.2468],[136.5384,35.2468],[136.5381,35.2468],[136.5379,35.2468],[136.5376,35.247],[136.5371,35.2473],[136.5366,35.2474],[136.5365,35.2476],[136.5364,35.2479],[136.5364,35.2481],[136.5366,35.2483],[136.5368,35.2487],[136.5368,35.2489],[136.5366,35.2495],[136.5364,35.25],[136.5364,35.25],[136.5364,35.25],[136.5364,35.2501],[136.5363,35.2502],[136.5364,35.2503],[136.5366,35.2508],[136.5366,35.2509],[136.5364,35.2511],[136.536,35.2513],[136.5356,35.2516],[136.5355,35.2517],[136.5353,35.252],[136.535,35.2523],[136.535,35.2524],[136.5351,35.2526],[136.5352,35.2527],[136.5351,35.2528],[136.5349,35.253],[136.5347,35.2531],[136.5346,35.2531],[136.5345,35.2532],[136.5345,35.2532],[136.5343,35.2534],[136.5341,35.2536],[136.534,35.2536],[136.5339,35.2539],[136.5338,35.2543],[136.5337,35.2546],[136.5336,35.2552],[136.5335,35.2554],[136.5337,35.2556],[136.534,35.256],[136.534,35.2564],[136.5342,35.2568],[136.5342,35.257],[136.5342,35.2571],[136.5342,35.2571],[136.5339,35.2571],[136.5335,35.2571],[136.5333,35.2572],[136.5333,35.2572],[136.5329,35.2573],[136.5326,35.2573],[136.5321,35.2573],[136.5314,35.2573],[136.5299,35.2574],[136.5292,35.2576],[136.5285,35.2576],[136.528,35.2576],[136.5277,35.2575],[136.5269,35.2573],[136.5266,35.2572],[136.5265,35.257],[136.5263,35.2568],[136.5254,35.2564],[136.525,35.2562],[136.525,35.2562],[136.5249,35.2561],[136.5246,35.256],[136.5243,35.2557],[136.5241,35.2554],[136.5237,35.2553],[136.5236,35.2552],[136.5232,35.255],[136.5229,35.2549],[136.5225,35.2549],[136.5221,35.2549],[136.5219,35.2548],[136.5211,35.2543],[136.5206,35.2541],[136.5204,35.254],[136.5202,35.254],[136.5196,35.2542],[136.5191,35.2544],[136.5187,35.2544],[136.5184,35.2545],[136.5179,35.2545],[136.5174,35.2546],[136.5171,35.2545],[136.5167,35.2543],[136.5167,35.2543],[136.5166,35.2543],[136.516,35.2539],[136.5155,35.2532],[136.5155,35.2532],[136.5154,35.2531],[136.515,35.2526],[136.5149,35.2524],[136.5149,35.2522],[136.515,35.2519],[136.515,35.2518],[136.5148,35.2514],[136.5148,35.251],[136.5148,35.2509],[136.5147,35.2508],[136.5143,35.2506],[136.5136,35.2504],[136.5136,35.2503],[136.5135,35.2502],[136.5135,35.25],[136.5135,35.25],[136.5135,35.2497],[136.5134,35.2494],[136.5132,35.2491],[136.5132,35.249],[136.5132,35.249],[136.5136,35.2488],[136.5139,35.2487],[136.514,35.2486],[136.514,35.2483],[136.514,35.2481],[136.5138,35.248],[136.5134,35.2479],[136.5133,35.2479],[136.5132,35.2477],[136.513,35.2473],[136.513,35.2471],[136.5133,35.2467],[136.5133,35.2465],[136.5131,35.2463],[136.5128,35.2461],[136.5126,35.2461],[136.5121,35.2459],[136.5119,35.2458],[136.5117,35.2455],[136.5116,35.2453],[136.5116,35.2452],[136.5115,35.2446],[136.5115,35.2443],[136.5113,35.244],[136.5114,35.2438],[136.5116,35.2431],[136.5116,35.2424],[136.5116,35.2421],[136.5113,35.2417],[136.5113,35.2417],[136.5113,35.2416],[136.5112,35.2413],[136.5112,35.2408],[136.5111,35.2406],[136.5111,35.2405],[136.5108,35.2402],[136.5107,35.24],[136.5105,35.2399],[136.5105,35.2398],[136.5106,35.2396],[136.5107,35.2393],[136.5108,35.2391],[136.5108,35.2388],[136.5108,35.2386],[136.5107,35.2384],[136.5102,35.238],[136.5101,35.238],[136.5099,35.2379],[136.5096,35.2378],[136.5089,35.2377],[136.5087,35.2375],[136.5085,35.237],[136.5083,35.2368],[136.5083,35.2368],[136.5083,35.2367],[136.508,35.2364],[136.5075,35.2359],[136.507,35.2356],[136.5064,35.2353],[136.506,35.2351],[136.5057,35.235],[136.5054,35.235],[136.505,35.235],[136.5048,35.235],[136.5043,35.2353],[136.504,35.2354],[136.5038,35.2353],[136.5035,35.2352],[136.5033,35.2351],[136.5029,35.235],[136.5027,35.2349],[136.5026,35.2348],[136.5021,35.2349],[136.5015,35.235],[136.5012,35.235],[136.5007,35.2351],[136.5003,35.2353],[136.5001,35.2354],[136.5,35.2356],[136.5,35.2356],[136.4999,35.2357],[136.4997,35.2359],[136.4995,35.2359],[136.4993,35.2359],[136.499,35.2361],[136.4986,35.2364],[136.4982,35.2366],[136.4977,35.2368],[136.4975,35.2369],[136.4973,35.2371],[136.4972,35.2372],[136.4972,35.2378],[136.4972,35.2379],[136.4971,35.2379],[136.4962,35.2378],[136.4957,35.2379],[136.4949,35.2379],[136.4944,35.2379],[136.4939,35.2377],[136.4935,35.2376],[136.4931,35.2376],[136.4929,35.2375],[136.4926,35.2374],[136.4923,35.2373],[136.4922,35.2373],[136.4919,35.2373],[136.4917,35.2373],[136.4917,35.2373],[136.4914,35.2373],[136.491,35.2371],[136.4908,35.237],[136.4904,35.2369],[136.49,35.2363],[136.49,35.2361],[136.4899,35.2359],[136.4899,35.2358],[136.4897,35.2356],[136.4896,35.2355],[136.4894,35.2355],[136.4893,35.2356],[136.4891,35.2357],[136.4887,35.2361],[136.4885,35.2363],[136.488,35.2366],[136.4875,35.2369],[136.4871,35.2373],[136.4869,35.2376],[136.4868,35.238],[136.4866,35.2383],[136.4863,35.2385],[136.4859,35.2387],[136.4853,35.2388],[136.4852,35.2388],[136.4847,35.2391],[136.4845,35.2392],[136.484,35.2392],[136.4836,35.2393],[136.4833,35.2395],[136.4833,35.2395],[136.4832,35.2396],[136.4828,35.2398],[136.4824,35.2398],[136.4823,35.2397],[136.4823,35.2396],[136.4825,35.2394],[136.4828,35.2388],[136.4829,35.2385],[136.483,35.2384],[136.4829,35.2381],[136.4829,35.2379],[136.4832,35.2375],[136.4832,35.2374],[136.4832,35.2372],[136.4829,35.2371],[136.4826,35.2369],[136.4824,35.2364],[136.4823,35.2362],[136.4821,35.2362],[136.4818,35.2363],[136.4816,35.2362],[136.4815,35.2362],[136.4814,35.236],[136.4814,35.2358],[136.4815,35.2354],[136.4814,35.2353],[136.4813,35.2352],[136.4812,35.2351],[136.4811,35.235],[136.481,35.2349],[136.4807,35.2349],[136.4805,35.235],[136.4803,35.2349],[136.4801,35.2347],[136.4799,35.2345],[136.4798,35.2343],[136.4796,35.2343],[136.4793,35.2347],[136.4791,35.235],[136.479,35.2354],[136.4788,35.2355],[136.4785,35.2357],[136.4779,35.236],[136.477,35.2364],[136.4768,35.2365],[136.4766,35.2364],[136.4763,35.2363],[136.4761,35.2362],[136.476,35.2363],[136.4753,35.2369],[136.475,35.237],[136.475,35.237],[136.4749,35.2371],[136.4742,35.2374],[136.4739,35.2374],[136.4736,35.2375],[136.4735,35.2375],[136.473,35.2374],[136.473,35.2374],[136.4727,35.237],[136.4726,35.2369],[136.4724,35.2367],[136.4724,35.2367],[136.4724,35.2365],[136.4724,35.2361],[136.4723,35.2359],[136.4721,35.2356],[136.472,35.2355],[136.4718,35.2354],[136.4715,35.2354],[136.4713,35.2353],[136.4713,35.2352],[136.4711,35.235],[136.4711,35.2349],[136.471,35.2347],[136.4709,35.2344],[136.4708,35.2343],[136.4708,35.2342],[136.4706,35.2342],[136.4704,35.2341],[136.4704,35.2341],[136.4703,35.2339],[136.4702,35.2336],[136.4703,35.2335],[136.4704,35.2333],[136.4704,35.2333],[136.4705,35.2331],[136.4705,35.2329],[136.4704,35.2328],[136.4704,35.2327],[136.4703,35.2327],[136.4702,35.2327],[136.47,35.2329],[136.4698,35.233],[136.4694,35.2332],[136.4691,35.2333],[136.4691,35.2333],[136.469,35.2334],[136.4688,35.2336],[136.4682,35.2341],[136.4678,35.2344],[136.4676,35.2346],[136.4675,35.2348],[136.4674,35.2353],[136.4673,35.2358],[136.4672,35.236],[136.4671,35.2363],[136.467,35.2367],[136.4669,35.2368],[136.4669,35.237],[136.4667,35.2372],[136.4667,35.2372],[136.4667,35.2372],[136.4666,35.2373],[136.4666,35.2375],[136.4666,35.2377],[136.4664,35.238],[136.4663,35.2381],[136.4661,35.238],[136.4661,35.2379],[136.4659,35.2377],[136.4658,35.2375],[136.4656,35.2373],[136.4654,35.2372],[136.4652,35.2372],[136.4651,35.2372],[136.465,35.2371],[136.465,35.2369],[136.4649,35.2368],[136.4649,35.2367],[136.4648,35.2367],[136.4647,35.2367],[136.4646,35.2368],[136.4644,35.2367],[136.4642,35.2366],[136.4641,35.2365],[136.464,35.2364],[136.4637,35.2363],[136.4635,35.2362],[136.4635,35.2361],[136.4634,35.2358],[136.4634,35.2358],[136.4632,35.2357],[136.463,35.2358],[136.4626,35.2359],[136.462,35.2362],[136.4618,35.2363],[136.4617,35.2362],[136.4613,35.2358],[136.4611,35.2351],[136.4607,35.2342],[136.4606,35.2341],[136.4604,35.2338],[136.4601,35.2336],[136.4596,35.2333],[136.4596,35.2333],[136.4589,35.233],[136.4587,35.2329],[136.4584,35.2329],[136.4583,35.2329],[136.4583,35.2329],[136.4583,35.2329],[136.4578,35.2324],[136.4576,35.2323],[136.4572,35.2322],[136.4571,35.232],[136.4568,35.2317],[136.4565,35.2314],[136.4564,35.2313],[136.4561,35.2309],[136.4558,35.23],[136.4556,35.2297],[136.4552,35.2293],[136.4551,35.2292],[136.4547,35.2294],[136.4546,35.2294],[136.4545,35.2296],[136.454,35.2299],[136.454,35.2299],[136.454,35.2299],[136.4539,35.2299],[136.4538,35.2299],[136.4538,35.2297],[136.4538,35.2296],[136.4536,35.2294],[136.4534,35.2292],[136.4534,35.2292],[136.4533,35.2291],[136.4527,35.2288],[136.4525,35.2285],[136.4522,35.2281],[136.4519,35.2276],[136.4516,35.2271],[136.4515,35.2266],[136.4509,35.225],[136.4509,35.225],[136.4507,35.2245],[136.4506,35.2241],[136.4505,35.2241],[136.4501,35.2241],[136.45,35.224],[136.45,35.224],[136.45,35.224],[136.45,35.2239],[136.45,35.2236],[136.45,35.2236],[136.45,35.2234],[136.45,35.2233],[136.45,35.2233],[136.45,35.2233],[136.4498,35.2232],[136.4497,35.2232],[136.449,35.223],[136.4489,35.2229],[136.4489,35.2228],[136.4488,35.2226],[136.4487,35.2224],[136.4482,35.2221],[136.4482,35.222],[136.4473,35.2214],[136.4471,35.2212],[136.447,35.221],[136.4469,35.2206],[136.4468,35.2206],[136.4466,35.2202],[136.4466,35.2201],[136.4465,35.2201],[136.446,35.2201],[136.4457,35.22],[136.4445,35.2197],[136.4442,35.2196],[136.4439,35.2193],[136.4436,35.2189],[136.4434,35.2184],[136.4434,35.2179],[136.4432,35.2177],[136.443,35.2175],[136.4428,35.2174],[136.4424,35.2172],[136.4422,35.2171],[136.442,35.217],[136.4417,35.217],[136.4417,35.217],[136.4414,35.217],[136.4408,35.2167],[136.4407,35.2167],[136.4406,35.2168],[136.4403,35.2171],[136.4398,35.2175],[136.4394,35.2177],[136.4393,35.2178],[136.4388,35.218],[136.438,35.2182],[136.4377,35.2184],[136.4376,35.2185],[136.4374,35.2189],[136.4373,35.2191],[136.4372,35.2191],[136.4365,35.2193],[136.4356,35.2197],[136.4354,35.2198],[136.4349,35.2202],[136.4345,35.2204],[136.4344,35.2208],[136.4344,35.2209],[136.4345,35.2214],[136.4345,35.2215],[136.4342,35.2218],[136.434,35.2223],[136.4338,35.2228],[136.4337,35.223],[136.4336,35.2232],[136.4333,35.2234],[136.4333,35.2234],[136.4331,35.2236],[136.4328,35.2239],[136.4328,35.2241],[136.4328,35.2243],[136.4328,35.2245],[136.433,35.225],[136.433,35.225],[136.433,35.225],[136.433,35.2253],[136.4329,35.2257],[136.4326,35.2261],[136.4325,35.2262],[136.4325,35.2264],[136.4328,35.2267],[136.4328,35.2268],[136.4328,35.2269],[136.4327,35.227],[136.4327,35.2271],[136.4328,35.2273],[136.4332,35.228],[136.4333,35.2282],[136.4333,35.2282],[136.4333,35.2282],[136.4333,35.2282],[136.4333,35.2282],[136.4333,35.2282],[136.4332,35.2283],[136.433,35.2283],[136.4323,35.229],[136.432,35.2291],[136.4317,35.2292],[136.4315,35.2292],[136.4312,35.2294],[136.4309,35.2294],[136.4306,35.2294],[136.4305,35.2294],[136.4302,35.2291],[136.4301,35.229],[136.4298,35.229],[136.4295,35.2288],[136.4291,35.2283],[136.4287,35.2281],[136.4278,35.2277],[136.4271,35.2271],[136.4268,35.2266],[136.4266,35.2265],[136.4265,35.2264],[136.4258,35.2258],[136.4256,35.2256],[136.4255,35.2254],[136.4252,35.2253],[136.425,35.2252],[136.425,35.2252],[136.4248,35.2251],[136.4248,35.225],[136.4248,35.225],[136.4247,35.2249],[136.4247,35.2247],[136.4247,35.2244],[136.4247,35.2243],[136.4245,35.2242],[136.4236,35.2241],[136.4233,35.2241],[136.4225,35.2236],[136.4223,35.2235],[136.4222,35.2234],[136.4218,35.2229],[136.4217,35.2228],[136.4212,35.2226],[136.4205,35.2222],[136.4195,35.2216],[136.4193,35.2216],[136.4183,35.2211],[136.4179,35.2207],[136.4177,35.2205],[136.4175,35.2204],[136.4172,35.2203],[136.4169,35.2203],[136.4167,35.2203],[136.4167,35.2203],[136.4162,35.2204],[136.416,35.2203],[136.4155,35.2196],[136.4151,35.2188],[136.4151,35.2185],[136.4151,35.2177],[136.4139,35.2182],[136.4122,35.2184],[136.412,35.2184],[136.4119,35.2185],[136.412,35.2187],[136.4121,35.2189],[136.4121,35.2191],[136.412,35.2193],[136.4119,35.2195],[136.4118,35.2198],[136.4117,35.22],[136.4114,35.2204],[136.4113,35.2204],[136.4112,35.2205],[136.4111,35.2208],[136.4107,35.2211],[136.4107,35.2212],[136.4107,35.2214],[136.4107,35.2215],[136.4102,35.2219],[136.4098,35.2223],[136.409,35.2231],[136.4084,35.2236],[136.4083,35.2236],[136.4083,35.2236],[136.4083,35.2237],[136.4083,35.2237],[136.4075,35.2236],[136.4069,35.2237],[136.4067,35.2238],[136.4065,35.224],[136.4063,35.2241],[136.406,35.2242],[136.4055,35.2242],[136.4052,35.2241],[136.4049,35.2241],[136.4048,35.2241],[136.4047,35.2241],[136.4045,35.2242],[136.4042,35.2245],[136.4038,35.2248],[136.4037,35.225],[136.4037,35.225],[136.4036,35.2252],[136.4034,35.2253],[136.4031,35.2254],[136.403,35.2254],[136.4026,35.2252],[136.4022,35.225],[136.4021,35.225],[136.4021,35.225],[136.4021,35.225],[136.402,35.225],[136.402,35.225],[136.4019,35.225],[136.4017,35.2251],[136.4016,35.2252],[136.4015,35.2254],[136.4012,35.2257],[136.4009,35.2259],[136.4008,35.2259],[136.4,35.2259],[136.4,35.2259],[136.3999,35.2259],[136.3996,35.2258],[136.3995,35.2258],[136.3993,35.2259],[136.3992,35.226],[136.3991,35.2261],[136.3991,35.2261],[136.3991,35.2265],[136.399,35.2272],[136.3989,35.2277],[136.3987,35.228],[136.3986,35.228],[136.3985,35.2281],[136.3982,35.2281],[136.3978,35.2281],[136.3975,35.2282],[136.3971,35.2284],[136.3968,35.2285],[136.3964,35.2287],[136.3962,35.2287],[136.3958,35.2288],[136.3955,35.2288],[136.3953,35.229],[136.395,35.2291],[136.3947,35.2292],[136.3944,35.2292],[136.394,35.2293],[136.3939,35.2294],[136.3932,35.2295],[136.3928,35.2297],[136.3925,35.2298],[136.3924,35.2299],[136.3924,35.2299],[136.3925,35.23],[136.3929,35.2302],[136.3934,35.2304],[136.3936,35.2305],[136.3938,35.2307],[136.3938,35.2308],[136.3938,35.2308],[136.3938,35.2311],[136.3937,35.2315],[136.3933,35.2319],[136.393,35.2324],[136.3929,35.233],[136.3927,35.2333],[136.3927,35.2333],[136.3927,35.2334],[136.3924,35.2338],[136.3921,35.2342],[136.3917,35.2343],[136.3917,35.2343],[136.3917,35.2343],[136.3914,35.2344],[136.3908,35.2344],[136.3899,35.2344],[136.3895,35.2344],[136.3888,35.2343],[136.3887,35.2343],[136.3884,35.2345],[136.3882,35.2346],[136.3877,35.2346],[136.3871,35.2347],[136.3871,35.2347],[136.3866,35.2349],[136.3861,35.235],[136.3858,35.2351],[136.3857,35.2351],[136.3855,35.2354],[136.3855,35.2362],[136.3854,35.2367],[136.3853,35.237],[136.3851,35.2373],[136.3847,35.2381],[136.3846,35.2384],[136.3845,35.2385],[136.3842,35.2387],[136.3839,35.239],[136.3838,35.2392],[136.3838,35.2394],[136.3837,35.2395],[136.3836,35.2396],[136.3836,35.2397],[136.3833,35.2398],[136.3833,35.2398],[136.3833,35.2398],[136.383,35.2399],[136.3826,35.2401],[136.3823,35.2404],[136.3822,35.2405],[136.382,35.2405],[136.3819,35.2405],[136.3814,35.2405],[136.3811,35.2406],[136.3804,35.2407],[136.3797,35.2409],[136.3794,35.2412],[136.379,35.2414],[136.379,35.2416],[136.3789,35.2417],[136.3789,35.2417],[136.3787,35.2424],[136.3783,35.2426],[136.3779,35.2427],[136.3776,35.2429],[136.3774,35.243],[136.3773,35.2432],[136.3773,35.2433],[136.3773,35.2434],[136.3776,35.2435],[136.3779,35.2436],[136.3781,35.2437],[136.3787,35.2442],[136.379,35.2444],[136.379,35.2446],[136.3791,35.2448],[136.379,35.245],[136.3786,35.2453],[136.3786,35.2454],[136.3786,35.2456],[136.3788,35.246],[136.379,35.2467],[136.3791,35.2474],[136.3792,35.2475],[136.3797,35.2478],[136.3801,35.2481],[136.3803,35.2482],[136.3806,35.2485],[136.3808,35.2486],[136.381,35.2486],[136.381,35.2486],[136.3811,35.2484],[136.3813,35.2483],[136.3817,35.2482],[136.3824,35.2482],[136.3831,35.2484],[136.3833,35.2484],[136.3833,35.2484],[136.3835,35.2484],[136.3841,35.2484],[136.3847,35.2483],[136.3851,35.2483],[136.3855,35.2485],[136.3863,35.2489],[136.3869,35.2493],[136.3873,35.2495],[136.3881,35.2495],[136.3886,35.2496],[136.3887,35.2496],[136.3892,35.2498],[136.3894,35.25],[136.3894,35.25],[136.3898,35.2503],[136.3899,35.2504],[136.3902,35.2507],[136.3914,35.2513],[136.3917,35.2516],[136.3917,35.2516],[136.3923,35.2522],[136.3929,35.2528],[136.3932,35.253],[136.3934,35.2532],[136.3935,35.2533],[136.3939,35.2534],[136.394,35.2535],[136.3939,35.2539],[136.3942,35.2544],[136.3945,35.2551],[136.3963,35.2567],[136.3966,35.2571],[136.3968,35.2574],[136.397,35.2577],[136.3969,35.2579],[136.3962,35.2583],[136.3962,35.2583],[136.3961,35.2583],[136.3949,35.2588],[136.3947,35.2589],[136.3945,35.259],[136.3944,35.2591],[136.3944,35.2593],[136.3944,35.2599],[136.3944,35.2599],[136.3944,35.2601],[136.3942,35.2604],[136.3937,35.2615],[136.3935,35.2619],[136.3937,35.2627],[136.3945,35.264],[136.3946,35.2643],[136.3945,35.2645],[136.3941,35.265],[136.394,35.2652],[136.394,35.2654],[136.3943,35.2661],[136.3946,35.2667],[136.3946,35.2667],[136.3947,35.2668],[136.3948,35.2671],[136.3948,35.2681],[136.3947,35.2684],[136.3947,35.2686],[136.3946,35.2692],[136.3946,35.2698],[136.3947,35.2703],[136.3945,35.2708],[136.3945,35.271],[136.3947,35.2722],[136.3951,35.2731],[136.3955,35.2735],[136.3957,35.274],[136.3958,35.2748],[136.3958,35.275],[136.3958,35.275],[136.3958,35.2771],[136.3958,35.2774],[136.3958,35.2775],[136.3958,35.2782],[136.3957,35.2785],[136.3957,35.2787],[136.3957,35.2789],[136.3959,35.2796],[136.396,35.2802],[136.3959,35.2807],[136.3957,35.2809],[136.3953,35.2814],[136.3949,35.2819],[136.3945,35.2824],[136.3944,35.2827],[136.3944,35.2829],[136.3943,35.283],[136.3946,35.2833],[136.3946,35.2833],[136.3947,35.2834],[136.3941,35.2844],[136.3936,35.2854],[136.3933,35.286],[136.3931,35.2862],[136.392,35.2869],[136.3917,35.2871],[136.3917,35.2872],[136.3917,35.2872],[136.3914,35.2874],[136.391,35.2877],[136.3909,35.2879],[136.3909,35.288],[136.391,35.2887],[136.391,35.2895],[136.391,35.29],[136.3912,35.2902],[136.3917,35.2904],[136.3917,35.2904],[136.3918,35.2904],[136.3921,35.2906],[136.3921,35.2908],[136.3922,35.291],[136.3923,35.2913],[136.3925,35.2916],[136.3927,35.2917],[136.3927,35.2917],[136.393,35.2918],[136.3932,35.2919],[136.3938,35.2919],[136.3943,35.2923],[136.3945,35.2925],[136.3945,35.2931],[136.3944,35.2934],[136.3946,35.2938],[136.3949,35.2941],[136.3951,35.2941],[136.3954,35.2941],[136.3959,35.2941],[136.3961,35.2943],[136.3966,35.2952],[136.3968,35.2956],[136.397,35.2957],[136.3976,35.2961],[136.3978,35.2963],[136.3979,35.2966],[136.3979,35.2974],[136.398,35.2975],[136.3981,35.2977],[136.3988,35.2979],[136.3989,35.298],[136.3992,35.2983],[136.3993,35.2985],[136.3993,35.2986],[136.3992,35.299],[136.3992,35.2993],[136.3994,35.2994],[136.3996,35.2995],[136.4,35.2997],[136.4004,35.2999],[136.4008,35.3],[136.4008,35.3],[136.4011,35.3002],[136.4012,35.3002],[136.402,35.3003],[136.4023,35.3004],[136.4027,35.3005],[136.403,35.3005],[136.4031,35.3006],[136.4032,35.3008],[136.4032,35.302],[136.403,35.3027],[136.403,35.3031],[136.4032,35.3034],[136.4035,35.3036],[136.4039,35.3037],[136.4045,35.3038],[136.4055,35.3041],[136.4061,35.3046],[136.4064,35.3048],[136.4066,35.3049],[136.4067,35.305],[136.4068,35.3053],[136.4069,35.3059],[136.407,35.3064],[136.4071,35.3065],[136.4071,35.3067],[136.407,35.3071],[136.4071,35.3073],[136.4073,35.3076],[136.4073,35.308],[136.4073,35.3083],[136.4073,35.3083],[136.4073,35.3084],[136.4072,35.3086],[136.4067,35.3094],[136.4066,35.3095],[136.4066,35.3097],[136.4068,35.31],[136.4073,35.3104],[136.4076,35.3107],[136.4082,35.311],[136.4083,35.3112],[136.4083,35.3112],[136.4091,35.312],[136.4098,35.3127],[136.4109,35.3136],[136.4114,35.3141],[136.4117,35.3146],[136.412,35.3151],[136.4123,35.3156],[136.4123,35.3164],[136.4123,35.3167],[136.4123,35.3167],[136.4123,35.3178],[136.4121,35.3182],[136.4121,35.3185],[136.4122,35.3193],[136.4122,35.3196],[136.4121,35.3201],[136.4122,35.3211],[136.4121,35.3222],[136.4123,35.3227],[136.4126,35.3232],[136.4135,35.324],[136.4136,35.3243],[136.4136,35.3246],[136.4134,35.325],[136.4134,35.325],[136.4132,35.3256],[136.4129,35.3262],[136.4125,35.3266],[136.4115,35.3273],[136.4114,35.3274],[136.4113,35.3276],[136.4112,35.3276],[136.4112,35.3279],[136.4113,35.3283],[136.4114,35.3287],[136.4114,35.329],[136.4115,35.3291],[136.4119,35.3292],[136.4121,35.3293],[136.4123,35.3297],[136.4124,35.3298],[136.4122,35.3303],[136.4122,35.3307],[136.4126,35.3318],[136.4129,35.3321],[136.413,35.3322],[136.4138,35.3324],[136.4144,35.3325],[136.4146,35.3326],[136.4147,35.333],[136.4146,35.3333],[136.4146,35.3333],[136.4146,35.3333],[136.4147,35.3335],[136.4152,35.3337],[136.4154,35.334],[136.4156,35.3347],[136.4157,35.3351],[136.4156,35.3352],[136.4155,35.3355],[136.4156,35.3361],[136.4153,35.3365],[136.4156,35.337],[136.4158,35.3373],[136.4161,35.3375],[136.4164,35.3382],[136.4167,35.3385],[136.4167,35.3385],[136.4168,35.3387],[136.4173,35.3394],[136.4175,35.34],[136.4177,35.3402],[136.4179,35.3403],[136.4183,35.3404],[136.4187,35.3406],[136.4189,35.341],[136.419,35.3412],[136.419,35.3415],[136.419,35.3417],[136.419,35.3417],[136.4189,35.3418],[136.4188,35.3421],[136.4187,35.3424],[136.4186,35.3425],[136.4186,35.3428],[136.4188,35.343],[136.4193,35.3435],[136.4195,35.3438],[136.4194,35.3439],[136.4192,35.3442],[136.4192,35.3446],[136.4192,35.3448],[136.4194,35.3451],[136.4199,35.3455],[136.42,35.3458],[136.4201,35.346],[136.4207,35.3464],[136.4211,35.3467],[136.4214,35.347],[136.4218,35.3474],[136.4221,35.348],[136.4223,35.3484],[136.4222,35.3487],[136.4221,35.3489],[136.422,35.3492],[136.4219,35.3495],[136.4218,35.3497],[136.4216,35.35],[136.4216,35.35],[136.4216,35.3502],[136.4213,35.3507],[136.4209,35.3517],[136.4209,35.352],[136.4209,35.3524],[136.4211,35.3526],[136.4215,35.353],[136.4216,35.3531],[136.4217,35.3533],[136.4218,35.3536],[136.4216,35.3538],[136.4214,35.3539],[136.421,35.3539],[136.4204,35.3539],[136.4195,35.3539],[136.4191,35.3541],[136.4186,35.3541],[136.4181,35.3539],[136.4177,35.3538],[136.4174,35.3539],[136.4171,35.3541],[136.4168,35.3545],[136.4167,35.3547],[136.4167,35.3547],[136.4166,35.3547],[136.4164,35.3548],[136.4162,35.3548],[136.4162,35.3548],[136.4157,35.3545],[136.415,35.3543],[136.4148,35.3541],[136.4146,35.3539],[136.4143,35.3537],[136.4141,35.3537],[136.4138,35.3536],[136.4138,35.3534],[136.4138,35.3529],[136.4138,35.3528],[136.4136,35.3525],[136.4133,35.3523],[136.4128,35.3522],[136.4123,35.3521],[136.4115,35.3522],[136.411,35.3522],[136.4107,35.3523],[136.4106,35.3525],[136.4105,35.3528],[136.4105,35.3531],[136.4105,35.3535],[136.4107,35.354],[136.4108,35.3542],[136.4106,35.3544],[136.4099,35.355],[136.4099,35.3551],[136.4098,35.3552],[136.4098,35.356],[136.4096,35.3564],[136.4096,35.3567],[136.4097,35.357],[136.4099,35.3572],[136.4101,35.3577],[136.4104,35.358],[136.4105,35.3583],[136.4107,35.3583],[136.4107,35.3583],[136.4107,35.3583],[136.4111,35.3584],[136.4117,35.3584],[136.412,35.3585],[136.4122,35.3587],[136.4126,35.3589],[136.413,35.3592],[136.4133,35.3594],[136.4135,35.36],[136.4135,35.3604],[136.4133,35.3612],[136.4133,35.3617],[136.4134,35.3623],[136.4136,35.3636],[136.4136,35.3641],[136.4135,35.3644],[136.4133,35.3647],[136.413,35.3649],[136.4125,35.3652],[136.4122,35.3653],[136.4122,35.3654],[136.4122,35.3656],[136.4122,35.3661],[136.4122,35.3663],[136.4124,35.3666],[136.4124,35.3667],[136.4124,35.3667],[136.4126,35.367],[136.4127,35.3672],[136.4129,35.3674],[136.413,35.3675],[136.413,35.3676],[136.4129,35.368],[136.4128,35.3683],[136.4126,35.3685],[136.4122,35.3689],[136.4121,35.369],[136.412,35.3694],[136.4119,35.3699],[136.412,35.3701],[136.4122,35.3702],[136.4128,35.3705],[136.4132,35.3708],[136.4135,35.371],[136.4138,35.3713],[136.414,35.3714],[136.4141,35.3718],[136.4143,35.3722],[136.4147,35.3727],[136.4147,35.3729],[136.4149,35.3731],[136.4151,35.3733],[136.4154,35.3735],[136.4156,35.3736],[136.4161,35.3736],[136.4167,35.3735],[136.4167,35.3735],[136.4167,35.3735],[136.4179,35.3734],[136.4193,35.3731],[136.4199,35.373],[136.4203,35.3728],[136.4205,35.3727],[136.4209,35.3726],[136.4212,35.3727],[136.4212,35.3727],[136.4214,35.3728],[136.4217,35.373],[136.4219,35.3732],[136.4222,35.3734],[136.4224,35.3734],[136.423,35.3734],[136.4234,35.3734],[136.4239,35.3735],[136.4242,35.3736],[136.4247,35.3737],[136.4249,35.3737],[136.425,35.3737],[136.425,35.3737],[136.4251,35.3736],[136.4255,35.3734],[136.4258,35.3733],[136.4261,35.3733],[136.4263,35.3734],[136.4267,35.3735],[136.4281,35.3742],[136.4294,35.375],[136.4294,35.375],[136.4294,35.375],[136.4309,35.3758],[136.4309,35.3758],[136.4319,35.3763],[136.4333,35.3772],[136.4333,35.3772],[136.4335,35.3773],[136.4347,35.378],[136.4354,35.3784],[136.4355,35.3784],[136.4365,35.3788],[136.4367,35.379],[136.4369,35.3791],[136.4373,35.3796],[136.4378,35.3803],[136.4387,35.3816],[136.4388,35.3818],[136.4389,35.382],[136.4393,35.3825],[136.4396,35.3829],[136.44,35.3832],[136.4402,35.3833],[136.4402,35.3833],[136.4406,35.3835],[136.441,35.3839],[136.4413,35.3841],[136.4416,35.3844],[136.4417,35.3846],[136.4417,35.3846],[136.442,35.385],[136.4423,35.3856],[136.4424,35.386],[136.4426,35.3863],[136.443,35.3868],[136.4431,35.387],[136.4432,35.3875],[136.4435,35.388],[136.4437,35.3882],[136.4439,35.3885],[136.4441,35.3887],[136.4443,35.3889],[136.4444,35.3892],[136.4444,35.3894],[136.4443,35.3896],[136.4433,35.3898],[136.443,35.3899],[136.4428,35.3901],[136.4426,35.3903],[136.4423,35.3905],[136.4417,35.3906],[136.4417,35.3906],[136.4417,35.3906],[136.4414,35.3909],[136.4412,35.3911],[136.4411,35.3913],[136.4411,35.3914],[136.441,35.3916],[136.441,35.3917],[136.441,35.3917],[136.4411,35.3919],[136.441,35.3922],[136.441,35.3924],[136.4409,35.3928],[136.4409,35.393],[136.4409,35.3933],[136.4409,35.3937],[136.4409,35.3939],[136.4406,35.394],[136.44,35.3942],[136.4398,35.3943],[136.4394,35.3942],[136.439,35.3943],[136.4389,35.3944],[136.4385,35.3946],[136.4382,35.3947],[136.4379,35.3949],[136.4375,35.395],[136.4372,35.395],[136.437,35.3951],[136.4369,35.3953],[136.4368,35.3955],[136.4368,35.3957],[136.4367,35.3961],[136.4366,35.3966],[136.4367,35.3968],[136.4366,35.3972],[136.4361,35.3974],[136.4356,35.3976],[136.4354,35.3976],[136.4351,35.3977],[136.4348,35.3978],[136.4344,35.3979],[136.4337,35.3978],[136.4335,35.3978],[136.4333,35.398],[136.4333,35.398],[136.4332,35.3981],[136.4328,35.3985],[136.4324,35.3986],[136.432,35.3987],[136.4317,35.3989],[136.4315,35.3991],[136.4314,35.3992],[136.4314,35.3994],[136.4314,35.3995],[136.4313,35.3997],[136.4311,35.3998],[136.4309,35.3998],[136.4306,35.3997],[136.4302,35.3998],[136.4298,35.4],[136.4298,35.4],[136.4297,35.4001],[136.4292,35.4003],[136.4283,35.4006],[136.428,35.4008],[136.4278,35.4011],[136.4277,35.4015],[136.4276,35.4019],[136.4274,35.402],[136.4271,35.4023],[136.4268,35.4023],[136.4259,35.4027],[136.4257,35.4029],[136.4252,35.4037],[136.425,35.4038],[136.425,35.4038],[136.4247,35.4041],[136.4245,35.4046],[136.4243,35.4049],[136.4243,35.4051],[136.4243,35.4052],[136.4243,35.4053],[136.4245,35.4057],[136.4246,35.4059],[136.4246,35.4065],[136.4246,35.4068],[136.4246,35.4072],[136.4244,35.4074],[136.424,35.4077],[136.423,35.4081],[136.4227,35.4083],[136.4227,35.4083],[136.4226,35.4085],[136.4219,35.4095],[136.4215,35.41],[136.4214,35.4106],[136.4208,35.4114],[136.4206,35.4116],[136.4205,35.412],[136.4203,35.4129],[136.4203,35.4129],[136.4191,35.414],[136.4182,35.4147],[136.418,35.4149],[136.4174,35.4152],[136.4167,35.4156],[136.4167,35.4156],[136.4162,35.4159],[136.4157,35.4162],[136.4152,35.4167],[136.4152,35.4167],[136.4148,35.4171],[136.4143,35.4174],[136.4138,35.4176],[136.4136,35.4177],[136.4118,35.4186],[136.4118,35.4194],[136.4118,35.4199],[136.4117,35.4205],[136.4117,35.421],[136.4116,35.4215],[136.4116,35.4217],[136.4117,35.422],[136.4118,35.4224],[136.4121,35.4226],[136.4125,35.4228],[136.4129,35.4233],[136.4134,35.4236],[136.4138,35.4239],[136.4138,35.4241],[136.414,35.4243],[136.4147,35.4247],[136.415,35.425],[136.415,35.425],[136.4151,35.4251],[136.4156,35.4253],[136.4163,35.4255],[136.4167,35.4257],[136.4167,35.4257],[136.4171,35.426],[136.4175,35.4263],[136.4178,35.4265],[136.4182,35.4265],[136.4183,35.4266],[136.4186,35.4272],[136.4188,35.4274],[136.4189,35.4278],[136.4188,35.4281],[136.4186,35.4283],[136.4183,35.4287],[136.4178,35.4291],[136.4167,35.4299],[136.4167,35.4299],[136.4163,35.4302],[136.4162,35.4304],[136.4162,35.4307],[136.4162,35.4309],[136.4157,35.4315],[136.4156,35.4317],[136.4155,35.4319],[136.4155,35.4324],[136.4156,35.4328],[136.4156,35.4331],[136.4157,35.4333],[136.4157,35.4333],[136.4157,35.4334],[136.4159,35.4336],[136.4162,35.4338],[136.4166,35.4339],[136.4167,35.4339],[136.4167,35.4339],[136.4171,35.434],[136.4173,35.4341],[136.4175,35.4343],[136.4179,35.4347],[136.4182,35.4349],[136.4185,35.4351],[136.4191,35.4353],[136.4195,35.4354],[136.4202,35.436],[136.4209,35.4369],[136.4212,35.4373],[136.4215,35.4379],[136.4217,35.4381],[136.4218,35.4385],[136.422,35.4388],[136.4222,35.4391],[136.4229,35.4396],[136.4231,35.4397],[136.4232,35.4399],[136.4232,35.4399],[136.4225,35.4405],[136.4223,35.4408],[136.4222,35.4411],[136.4221,35.4411],[136.4221,35.4415],[136.4221,35.4417],[136.4221,35.4417],[136.4222,35.4426],[136.4223,35.4428],[136.4228,35.4434],[136.4229,35.4436],[136.4232,35.4444],[136.4234,35.4449],[136.4236,35.4453],[136.4238,35.4456],[136.4244,35.4463],[136.4249,35.4468],[136.425,35.4469],[136.425,35.4469],[136.4255,35.4474],[136.426,35.4479],[136.4262,35.4482],[136.4262,35.4484],[136.4262,35.4489],[136.4261,35.4492],[136.4261,35.4492],[136.4256,35.4497],[136.4256,35.4498],[136.4256,35.45],[136.4256,35.45],[136.4255,35.4502],[136.4253,35.4506],[136.4251,35.4511],[136.425,35.4512],[136.425,35.4512],[136.4249,35.4516],[136.4247,35.4527],[136.4246,35.4533],[136.4243,35.4537],[136.4239,35.454],[136.4235,35.4541],[136.423,35.4543],[136.4222,35.4547],[136.4217,35.4551],[136.4215,35.4556],[136.4213,35.4564],[136.4213,35.4566],[136.4213,35.4568],[136.4213,35.4571],[136.4212,35.4576],[136.421,35.4582],[136.4209,35.4583],[136.4209,35.4583],[136.4208,35.4586],[136.4207,35.4589],[136.4208,35.4598],[136.4209,35.461],[136.4212,35.4621],[136.4211,35.4638],[136.4209,35.465],[136.4205,35.466],[136.4204,35.4662],[136.4198,35.4667],[136.4198,35.4667],[136.4198,35.4667],[136.4196,35.467],[136.4194,35.4672],[136.4193,35.4672],[136.4191,35.4674],[136.4189,35.4675],[136.4187,35.4674],[136.4183,35.4672],[136.4179,35.4671],[136.4172,35.467],[136.4167,35.4669],[136.4167,35.4669],[136.4164,35.4669],[136.4159,35.4667],[136.4159,35.4667],[136.4156,35.4665],[136.4147,35.4665],[136.4143,35.4665],[136.4141,35.4666],[136.414,35.4667],[136.414,35.4667],[136.4134,35.4672],[136.4133,35.4673],[136.4131,35.4674],[136.4129,35.4675],[136.4126,35.4676],[136.4123,35.4678],[136.4119,35.4681],[136.4111,35.4683],[136.41,35.4686],[136.4095,35.4687],[136.4093,35.4687],[136.4086,35.4687],[136.4083,35.4687],[136.4083,35.4687],[136.4082,35.4687],[136.4075,35.4689],[136.407,35.4691],[136.4063,35.4691],[136.4059,35.4691],[136.4049,35.469],[136.4044,35.469],[136.4039,35.4693],[136.4027,35.4697],[136.4023,35.4698],[136.4018,35.4699],[136.4016,35.47],[136.4016,35.4701],[136.4015,35.4712],[136.4016,35.4716],[136.4018,35.4723],[136.4018,35.4724],[136.4019,35.4732],[136.402,35.4735],[136.4018,35.4737],[136.4014,35.4742],[136.4007,35.4749],[136.4005,35.475],[136.4005,35.475],[136.4002,35.4753],[136.4,35.4757],[136.4,35.4757],[136.4,35.4757],[136.3996,35.4767],[136.3991,35.4777],[136.3988,35.4786],[136.3986,35.4789],[136.3981,35.4795],[136.3981,35.4797],[136.3981,35.4804],[136.3981,35.4806],[136.398,35.4809],[136.3978,35.4811],[136.3975,35.4813],[136.3968,35.4815],[136.3962,35.4817],[136.3958,35.4818],[136.3957,35.482],[136.3954,35.4825],[136.3952,35.4827],[136.3948,35.483],[136.3944,35.4832],[136.3941,35.4833],[136.3941,35.4833],[136.3941,35.4833],[136.394,35.4835],[136.3939,35.4841],[136.3938,35.4844],[136.3933,35.485],[136.3931,35.4853],[136.393,35.4853],[136.3928,35.4855],[136.3926,35.4856],[136.3924,35.4856],[136.3922,35.4854],[136.3919,35.4853],[136.3917,35.4852],[136.3917,35.4852],[136.3917,35.4852],[136.3915,35.4852],[136.3913,35.4852],[136.391,35.4854],[136.3908,35.4855],[136.3908,35.4855],[136.3902,35.4862],[136.3898,35.4863],[136.3893,35.4867],[136.3887,35.4872],[136.3884,35.4873],[136.3882,35.4874],[136.388,35.4874],[136.3874,35.4878],[136.3871,35.4882],[136.3869,35.4884],[136.3867,35.4888],[136.3867,35.4892],[136.3867,35.4902],[136.3869,35.4911],[136.3869,35.4917],[136.3869,35.4917],[136.3869,35.492],[136.3869,35.4926],[136.3871,35.4928],[136.3873,35.4931],[136.3876,35.4933],[136.3879,35.4933],[136.388,35.4935],[136.3882,35.4937],[136.3883,35.4942],[136.3884,35.4946],[136.3883,35.495],[136.3878,35.4961],[136.3878,35.4966],[136.3878,35.4968],[136.3881,35.497],[136.3885,35.4971],[136.3886,35.4972],[136.3888,35.4974],[136.3892,35.4977],[136.3894,35.498],[136.3894,35.4981],[136.3895,35.4983],[136.3896,35.4986],[136.3898,35.499],[136.3899,35.4996],[136.3901,35.4999],[136.3901,35.5],[136.3901,35.5],[136.3906,35.5006],[136.3908,35.5009],[136.3914,35.5019],[136.3917,35.5026],[136.3917,35.5026],[136.3918,35.5029],[136.3919,35.5032],[136.3922,35.5037],[136.3923,35.504],[136.3925,35.5041],[136.3928,35.5041],[136.3929,35.5041],[136.3929,35.5042],[136.393,35.5043],[136.3931,35.5045],[136.3933,35.5045],[136.3936,35.5047],[136.3938,35.5049],[136.3938,35.5052],[136.3938,35.5057],[136.3939,35.5061],[136.3941,35.5063],[136.3943,35.5065],[136.3947,35.5067],[136.3952,35.5067],[136.3958,35.5068],[136.3963,35.5069],[136.3966,35.5071],[136.3968,35.5073],[136.397,35.5081],[136.397,35.5083],[136.397,35.5083],[136.397,35.5084],[136.397,35.5084],[136.3968,35.5087],[136.3967,35.5088],[136.3968,35.5091],[136.397,35.5094],[136.3972,35.5097],[136.3977,35.5099],[136.3982,35.5101],[136.3985,35.5103],[136.3991,35.5104],[136.3995,35.5105],[136.3995,35.5107],[136.3996,35.5107],[136.3996,35.5114],[136.3996,35.5115],[136.3997,35.5115],[136.3998,35.5115],[136.4,35.5115],[136.4,35.5115],[136.4003,35.5115],[136.4005,35.5116],[136.4006,35.5117],[136.4006,35.5119],[136.4006,35.5122],[136.4002,35.5131],[136.4,35.5134],[136.4,35.5134],[136.4,35.5134],[136.4,35.5135],[136.4,35.5136],[136.4,35.5136],[136.4001,35.5136],[136.4002,35.5136],[136.4004,35.5136],[136.4006,35.5135],[136.4008,35.5134],[136.4011,35.5132],[136.4015,35.5132],[136.4017,35.5132],[136.402,35.5133],[136.4022,35.5133],[136.4023,35.5133],[136.4025,35.5129],[136.4025,35.5125],[136.4026,35.5122],[136.4029,35.512],[136.4032,35.5118],[136.4036,35.5114],[136.4037,35.5114],[136.4039,35.5114],[136.404,35.5115],[136.4042,35.5118],[136.4044,35.5122],[136.4044,35.5126],[136.4044,35.5129],[136.4046,35.5133],[136.4048,35.5135],[136.405,35.5135],[136.4053,35.5135],[136.4056,35.5134],[136.4057,35.5135],[136.4055,35.5137],[136.4054,35.5141],[136.4054,35.5144],[136.4053,35.5147],[136.4052,35.5151],[136.405,35.5155],[136.4048,35.5158],[136.4046,35.5162],[136.4045,35.5165],[136.4044,35.5166],[136.4044,35.5167],[136.4044,35.5167],[136.404,35.5169],[136.4034,35.5172],[136.4031,35.5174],[136.403,35.5175],[136.4029,35.5179],[136.4029,35.5179],[136.4028,35.5183],[136.4027,35.5187],[136.4025,35.519],[136.4023,35.5191],[136.4018,35.5193],[136.4015,35.5194],[136.4007,35.5201],[136.4003,35.5204],[136.4,35.5206],[136.4,35.5206],[136.3998,35.5208],[136.3995,35.521],[136.3993,35.5211],[136.3991,35.5213],[136.3991,35.5213],[136.399,35.5215],[136.3992,35.5219],[136.3996,35.5224],[136.4,35.5228],[136.4,35.5228],[136.4,35.5228],[136.4003,35.5231],[136.4006,35.5232],[136.401,35.5234],[136.401,35.5235],[136.401,35.5238],[136.4012,35.5244],[136.4015,35.525],[136.4015,35.525],[136.4016,35.5252],[136.4018,35.5256],[136.4018,35.5258],[136.4016,35.526],[136.4013,35.5262],[136.4011,35.5264],[136.4009,35.5266],[136.4007,35.5269],[136.4005,35.527],[136.4,35.5272],[136.4,35.5272],[136.4,35.5272],[136.3998,35.5273],[136.3998,35.5273],[136.3999,35.5275],[136.4,35.5275],[136.4,35.5275],[136.4002,35.5276],[136.4003,35.5278],[136.4004,35.5279],[136.4003,35.5281],[136.4002,35.5284],[136.4002,35.5286],[136.4002,35.5287],[136.4002,35.5291],[136.4004,35.5298],[136.4004,35.5301],[136.4003,35.5302],[136.4,35.5304],[136.4,35.5304],[136.4,35.5304],[136.3997,35.5307],[136.3996,35.531],[136.3994,35.5313],[136.3992,35.5314],[136.3992,35.5314],[136.3988,35.5315],[136.3985,35.5316],[136.3978,35.5319],[136.3976,35.532],[136.3973,35.5319],[136.3969,35.5317],[136.3967,35.5316],[136.3963,35.5315],[136.3956,35.5312],[136.3954,35.5312],[136.3951,35.5313],[136.3947,35.5315],[136.3943,35.5315],[136.3933,35.5318],[136.393,35.5319],[136.3925,35.5319],[136.3917,35.5319],[136.3917,35.5319],[136.3916,35.5319],[136.3904,35.532],[136.3902,35.532],[136.3901,35.5321],[136.39,35.5324],[136.3899,35.5325],[136.3896,35.5327],[136.3892,35.5328],[136.3887,35.533],[136.3885,35.533],[136.3875,35.5328],[136.3871,35.5327],[136.3868,35.5327],[136.3863,35.533],[136.386,35.5332],[136.3858,35.5332],[136.3855,35.5331],[136.385,35.5329],[136.3846,35.5329],[136.3844,35.533],[136.3843,35.5331],[136.3841,35.5333],[136.3841,35.5333],[136.384,35.5336],[136.3838,35.534],[136.3836,35.5345],[136.3835,35.5347],[136.3834,35.5348],[136.3833,35.5348],[136.3833,35.5348],[136.3827,35.535],[136.3825,35.5352],[136.3824,35.5355],[136.3822,35.536],[136.3822,35.5361],[136.3824,35.5365],[136.3826,35.5368],[136.3827,35.5369],[136.3826,35.5371],[136.3825,35.5372],[136.3822,35.5373],[136.3818,35.5374],[136.3813,35.5374],[136.3811,35.5375],[136.381,35.5377],[136.381,35.5379],[136.381,35.5379],[136.3811,35.5383],[136.3811,35.5385],[136.3809,35.5388],[136.3809,35.5389],[136.3808,35.539],[136.3808,35.5395],[136.3808,35.5398],[136.3807,35.5402],[136.3804,35.5405],[136.3801,35.541],[136.38,35.5412],[136.38,35.5417],[136.38,35.5417],[136.38,35.5417],[136.38,35.5431],[136.3801,35.5436],[136.3803,35.5441],[136.3804,35.5443],[136.3803,35.5445],[136.3803,35.5445],[136.3802,35.5447],[136.3803,35.5449],[136.3804,35.545],[136.3805,35.5452],[136.3803,35.5458],[136.3803,35.5461],[136.3801,35.5463],[136.3797,35.5467],[136.3793,35.5474],[136.3791,35.5477],[136.3788,35.5479],[136.3781,35.5483],[136.3778,35.5486],[136.3776,35.5488],[136.3776,35.5494],[136.3775,35.5496],[136.3771,35.5499],[136.377,35.55],[136.377,35.55],[136.3765,35.5504],[136.3761,35.5508],[136.3758,35.5512],[136.3756,35.5517],[136.3754,35.5521],[136.3752,35.5527],[136.3751,35.5529],[136.3752,35.5531],[136.3754,35.5535],[136.3755,35.5537],[136.3755,35.5539],[136.3752,35.5546],[136.3751,35.5551],[136.375,35.5555],[136.375,35.5555],[136.375,35.5555],[136.3749,35.5558],[136.3745,35.5565],[136.3741,35.5577],[136.374,35.5579],[136.3741,35.5582],[136.3741,35.5583],[136.3741,35.5583],[136.3741,35.5585],[136.374,35.5586],[136.3738,35.5589],[136.3736,35.5594],[136.3733,35.5596],[136.3728,35.5597],[136.3724,35.5598],[136.3721,35.5597],[136.3718,35.5596],[136.3706,35.5589],[136.3701,35.5588],[136.3696,35.5589],[136.3692,35.5592],[136.3685,35.5592],[136.3671,35.5595],[136.3667,35.5595],[136.3667,35.5595],[136.3667,35.5595],[136.3665,35.5596],[136.3661,35.5597],[136.3656,35.5599],[136.3654,35.5599],[136.3648,35.5595],[136.3637,35.559],[136.3633,35.5588],[136.3628,35.5588],[136.3626,35.5587],[136.3625,35.5585],[136.3625,35.5583],[136.3625,35.5583],[136.3626,35.5579],[136.3625,35.5575],[136.3624,35.5572],[136.3628,35.5562],[136.3627,35.5558],[136.3624,35.5553],[136.3622,35.5539],[136.3622,35.5537],[136.3621,35.5535],[136.3615,35.5529],[136.3611,35.5519],[136.361,35.5515],[136.3611,35.5506],[136.361,35.5505],[136.3604,35.5501],[136.3603,35.55],[136.3603,35.55],[136.3601,35.5496],[136.3599,35.5495],[136.3597,35.5495],[136.3595,35.5494],[136.3593,35.5493],[136.3591,35.5488],[136.3591,35.5481],[136.359,35.5479],[136.359,35.5472],[136.359,35.5469],[136.3587,35.5463],[136.3587,35.5459],[136.3587,35.5449],[136.3586,35.5443],[136.3583,35.5439],[136.3583,35.5439],[136.3583,35.5439],[136.3582,35.5436],[136.3578,35.5433],[136.3575,35.5432],[136.3571,35.5431],[136.3568,35.5429],[136.3567,35.5427],[136.3568,35.5418],[136.3566,35.5417],[136.3566,35.5417],[136.3564,35.5413],[136.3563,35.541],[136.3566,35.5403],[136.3567,35.5402],[136.3567,35.5399],[136.3562,35.5395],[136.3556,35.5391],[136.3552,35.5387],[136.3551,35.5387],[136.3546,35.5386],[136.354,35.5386],[136.3531,35.5385],[136.3525,35.5385],[136.3518,35.5386],[136.3518,35.5386],[136.3513,35.5384],[136.3507,35.5379],[136.3502,35.5376],[136.35,35.5375],[136.35,35.5375],[136.3497,35.5374],[136.3494,35.5374],[136.349,35.5376],[136.3487,35.5378],[136.3484,35.5381],[136.3482,35.5382],[136.3474,35.5379],[136.3468,35.5377],[136.3464,35.5373],[136.3463,35.5371],[136.3461,35.5362],[136.346,35.5361],[136.3459,35.5361],[136.3457,35.5362],[136.3453,35.5367],[136.3453,35.5367],[136.3451,35.5369],[136.3448,35.5371],[136.3445,35.537],[136.3445,35.537],[136.3443,35.537],[136.3439,35.5371],[136.3436,35.5373],[136.3436,35.5374],[136.3432,35.5376],[136.3418,35.5374],[136.3417,35.5374],[136.3417,35.5374],[136.3409,35.5373],[136.3406,35.5381],[136.3404,35.5388],[136.3402,35.5392],[136.3399,35.5395],[136.3398,35.5398],[136.3395,35.5404],[136.3396,35.5408],[136.3397,35.5411],[136.3399,35.5413],[136.3403,35.5416],[136.3404,35.5417],[136.3404,35.5417],[136.3406,35.5418],[136.3411,35.5419],[136.3413,35.5422],[136.3414,35.5425],[136.3414,35.5427],[136.3413,35.5429],[136.3411,35.5431],[136.3407,35.5433],[136.3407,35.5433],[136.34,35.5438],[136.3399,35.5441],[136.3397,35.5446],[136.3398,35.5458],[136.3395,35.5466],[136.339,35.5481],[136.3388,35.5486],[136.3386,35.5488],[136.3381,35.5495],[136.338,35.5497],[136.3378,35.5499],[136.3376,35.55],[136.3376,35.55],[136.3373,35.5503],[136.3371,35.5503],[136.3364,35.5503],[136.3362,35.5502],[136.3353,35.5503],[136.3349,35.5503],[136.3341,35.5501],[136.3336,35.5501],[136.3333,35.5502],[136.3333,35.5502],[136.333,35.5503],[136.3327,35.5504],[136.3325,35.5505],[136.3323,35.5506],[136.3319,35.5505],[136.3317,35.5505],[136.3313,35.5506],[136.331,35.5507],[136.3305,35.5508],[136.3301,35.5509],[136.3298,35.551],[136.3296,35.5509],[136.3296,35.5509],[136.3294,35.5508],[136.3292,35.5506],[136.3291,35.5504],[136.3289,35.5503],[136.3283,35.5501],[136.3281,35.55],[136.3281,35.55],[136.3279,35.5499],[136.3278,35.5499],[136.3277,35.5499],[136.3275,35.5499],[136.3272,35.5499],[136.3271,35.5499],[136.3269,35.5498],[136.3265,35.5496],[136.3264,35.5496],[136.3262,35.5496],[136.3262,35.5495],[136.3261,35.5495],[136.326,35.5493],[136.3259,35.5492],[136.3258,35.5491],[136.3257,35.5491],[136.3255,35.5488],[136.3254,35.5487],[136.3255,35.5485],[136.3255,35.5484],[136.3255,35.5482],[136.3256,35.5481],[136.3258,35.5478],[136.3258,35.5477],[136.3258,35.5476],[136.3258,35.5476],[136.326,35.5473],[136.326,35.5472],[136.326,35.5472],[136.3258,35.5466],[136.3257,35.5462],[136.3256,35.5461],[136.3256,35.546],[136.3256,35.5459],[136.3256,35.5458],[136.3255,35.5457],[136.3255,35.5457],[136.3251,35.5454],[136.325,35.5454],[136.325,35.5454],[136.3247,35.5452],[136.3246,35.5451],[136.3244,35.5451],[136.3243,35.5452],[136.3242,35.5452],[136.324,35.5452],[136.3238,35.5451],[136.3237,35.5451],[136.3235,35.5451],[136.3233,35.5449],[136.3231,35.5447],[136.323,35.5446],[136.3229,35.5445],[136.3226,35.5444],[136.3224,35.5444],[136.3223,35.5443],[136.3221,35.5443],[136.322,35.5444],[136.3219,35.5444],[136.3217,35.5445],[136.3214,35.5447],[136.3212,35.5449],[136.3209,35.5452],[136.3204,35.5455],[136.3196,35.546],[136.3193,35.5463],[136.3191,35.5466],[136.3186,35.5468],[136.3178,35.5471],[136.3175,35.5474],[136.3174,35.5476],[136.3172,35.5482],[136.3168,35.5488],[136.3167,35.5491],[136.3167,35.5491],[136.3166,35.5493],[136.3165,35.5497],[136.3167,35.55],[136.3167,35.55],[136.3167,35.55],[136.3167,35.55],[136.3167,35.55],[136.3168,35.5503],[136.3167,35.5506],[136.3167,35.5506],[136.3166,35.5507],[136.3167,35.5508],[136.3167,35.5508],[136.3167,35.551],[136.3173,35.5521],[136.3174,35.5525],[136.3173,35.5529],[136.3172,35.5535],[136.3171,35.554],[136.3171,35.5542],[136.3171,35.5546],[136.3168,35.555],[136.3167,35.5552],[136.3167,35.5552],[136.3164,35.5555],[136.3163,35.5557],[136.3163,35.5559],[136.3162,35.5569],[136.3163,35.5574],[136.3167,35.5578],[136.3167,35.5578],[136.3167,35.5578],[136.317,35.5583],[136.317,35.5583],[136.317,35.5584],[136.3172,35.5587],[136.3174,35.5595],[136.3176,35.5602],[136.3177,35.5606],[136.3177,35.5613],[136.3178,35.5616],[136.3179,35.5618],[136.3183,35.5623],[136.3183,35.5627],[136.3182,35.5629],[136.3183,35.5631],[136.3184,35.5633],[136.3185,35.5634],[136.3185,35.5636],[136.3184,35.5638],[136.3184,35.5639],[136.3185,35.5641],[136.3187,35.5644],[136.3187,35.5647],[136.3187,35.5649],[136.3188,35.5653],[136.3189,35.5656],[136.3192,35.5659],[136.3198,35.5666],[136.3199,35.5667],[136.3199,35.5667],[136.3203,35.5671],[136.3205,35.5674],[136.3214,35.5681],[136.3218,35.5688],[136.3224,35.5692],[136.3227,35.5695],[136.3228,35.5698],[136.3228,35.57],[136.3227,35.5702],[136.3226,35.5704],[136.3225,35.5705],[136.3223,35.5707],[136.3221,35.5708],[136.322,35.5709],[136.3219,35.5716],[136.3218,35.5718],[136.3218,35.5718],[136.3219,35.572],[136.3221,35.5725],[136.3223,35.5729],[136.3225,35.5736],[136.3229,35.5741],[136.3232,35.5746],[136.3232,35.575],[136.3232,35.575],[136.3232,35.575],[136.3228,35.5764],[136.3228,35.5769],[136.3226,35.5776],[136.3227,35.5779],[136.3232,35.5788],[136.3232,35.5788],[136.3232,35.579],[136.3229,35.5797],[136.3227,35.5799],[136.3223,35.5805],[136.3222,35.5808],[136.3221,35.5812],[136.3222,35.5815],[136.3223,35.5818],[136.3227,35.5826],[136.3228,35.5831],[136.3234,35.5833],[136.3234,35.5833],[136.3235,35.5834],[136.3242,35.5836],[136.3244,35.5838],[136.3244,35.5842],[136.3244,35.5846],[136.3242,35.5851],[136.3235,35.5857],[136.3234,35.5859],[136.3234,35.5865],[136.323,35.5868],[136.3227,35.5873],[136.3223,35.5877],[136.3222,35.5879],[136.3222,35.5883],[136.3221,35.5892],[136.3221,35.5894],[136.3225,35.5899],[136.3225,35.59],[136.3223,35.5904],[136.3223,35.5905],[136.3225,35.5917],[136.3225,35.5917],[136.3226,35.5919],[136.3226,35.5919],[136.3228,35.5927],[136.3228,35.593],[136.3227,35.5932],[136.3219,35.5934],[136.3216,35.5937],[136.3215,35.5938],[136.3214,35.5941],[136.3214,35.5945],[136.3214,35.5951],[136.3213,35.5957],[136.3213,35.5959],[136.3214,35.5965],[136.3216,35.5969],[136.3216,35.5979],[136.3217,35.5983],[136.3216,35.5984],[136.3213,35.5987],[136.3211,35.599],[136.321,35.5992],[136.3209,35.5997],[136.3209,35.5998],[136.3208,35.6],[136.3208,35.6],[136.3207,35.6001],[136.3206,35.6002],[136.3205,35.6003],[136.3205,35.6007],[136.3204,35.6014],[136.3203,35.6016],[136.32,35.602],[136.3195,35.6026],[136.3193,35.6028],[136.3192,35.6031],[136.3191,35.6037],[136.3191,35.6038],[136.3188,35.6039],[136.3186,35.6041],[136.3182,35.6045],[136.3179,35.6047],[136.3169,35.605],[136.3167,35.6051],[136.3167,35.6051],[136.3167,35.6051],[136.3163,35.6054],[136.3159,35.6055],[136.315,35.6057],[136.315,35.6058],[136.315,35.6059],[136.315,35.6061],[136.3151,35.6062],[136.3155,35.6063],[136.3157,35.6064],[136.3158,35.6065],[136.316,35.6067],[136.3164,35.607],[136.3167,35.6072],[136.3167,35.6072],[136.3168,35.6073],[136.3175,35.6076],[136.3176,35.6077],[136.3177,35.6078],[136.3178,35.6079],[136.3181,35.6083],[136.3181,35.6083],[136.3183,35.6085],[136.3191,35.6096],[136.3194,35.6099],[136.3196,35.6101],[136.3201,35.6104],[136.3205,35.6106],[136.3205,35.6107],[136.3206,35.6111],[136.3208,35.6117],[136.3209,35.6121],[136.3212,35.6127],[136.3216,35.6132],[136.3219,35.6135],[136.322,35.6136],[136.3225,35.6141],[136.3229,35.6146],[136.3232,35.6151],[136.3233,35.6154],[136.3237,35.6163],[136.3237,35.6164],[136.3237,35.6165],[136.3234,35.6167],[136.3234,35.6167],[136.3234,35.6167],[136.323,35.6169],[136.3227,35.6173],[136.3221,35.6179],[136.3217,35.6187],[136.3215,35.6189],[136.3211,35.6191],[136.3205,35.6192],[136.3204,35.6193],[136.3201,35.6195],[136.3197,35.62],[136.3193,35.6206],[136.3191,35.6209],[136.3189,35.6212],[136.3186,35.6213],[136.3179,35.6215],[136.3167,35.6215],[136.3167,35.6215],[136.3165,35.6215],[136.3164,35.6216],[136.3162,35.6217],[136.3161,35.6219],[136.316,35.6224],[136.3159,35.6227],[136.3157,35.623],[136.3157,35.6231],[136.3158,35.6234],[136.3158,35.6234],[136.3156,35.6234],[136.3145,35.6231],[136.3134,35.623],[136.3128,35.6229],[136.3121,35.6228],[136.3118,35.6228],[136.3115,35.6229],[136.3108,35.6232],[136.3107,35.6233],[136.3103,35.6233],[136.3101,35.6233],[136.3095,35.6232],[136.3094,35.6231],[136.3083,35.6228],[136.3083,35.6228],[136.308,35.6227],[136.3069,35.6224],[136.3065,35.6223],[136.3058,35.6218],[136.3052,35.6213],[136.3051,35.6212],[136.3051,35.621],[136.3052,35.6208],[136.3053,35.6203],[136.3053,35.6201],[136.3053,35.62],[136.3051,35.62],[136.3047,35.62],[136.3045,35.62],[136.304,35.6204],[136.3038,35.6204],[136.3037,35.6204],[136.3036,35.6203],[136.3035,35.6196],[136.3034,35.6194],[136.3033,35.6194],[136.3033,35.6194],[136.3025,35.6193],[136.3019,35.6192],[136.3011,35.6189],[136.3006,35.6186],[136.3,35.6184],[136.3,35.6184],[136.2996,35.6182],[136.2987,35.6176],[136.2984,35.6175],[136.2982,35.6175],[136.2971,35.618],[136.2966,35.6181],[136.2963,35.6181],[136.2958,35.6181],[136.2945,35.6179],[136.2942,35.618],[136.2937,35.6182],[136.2933,35.6184],[136.2926,35.6189],[136.2917,35.6194],[136.2917,35.6194],[136.2916,35.6194],[136.2911,35.6197],[136.2908,35.6199],[136.2908,35.62],[136.2907,35.6203],[136.2907,35.6204],[136.2905,35.6205],[136.2903,35.6205],[136.2889,35.6204],[136.2887,35.6205],[136.2886,35.6206],[136.2883,35.6211],[136.2881,35.6218],[136.2881,35.6218],[136.288,35.6222],[136.288,35.6225],[136.2878,35.6229],[136.2875,35.6236],[136.2872,35.6243],[136.2871,35.6246],[136.2871,35.625],[136.2871,35.625],[136.2871,35.625],[136.2871,35.6255],[136.2873,35.6269],[136.2874,35.6279],[136.2873,35.6281],[136.287,35.6285],[136.2868,35.6287],[136.2865,35.629],[136.2862,35.6294],[136.2858,35.6298],[136.2854,35.6302],[136.2848,35.6306],[136.2844,35.6309],[136.2838,35.6313],[136.2837,35.6314],[136.2835,35.6318],[136.2834,35.633],[136.2833,35.6332],[136.2833,35.6332],[136.2833,35.6333],[136.2833,35.6333],[136.2833,35.6335],[136.283,35.6339],[136.2828,35.6342],[136.2825,35.6345],[136.282,35.6348],[136.2812,35.6352],[136.2805,35.6357],[136.28,35.6361],[136.2794,35.6363],[136.2793,35.6365],[136.2792,35.6367],[136.2791,35.637],[136.279,35.6379],[136.279,35.6384],[136.2791,35.6385],[136.2792,35.6386],[136.2794,35.6387],[136.2795,35.6389],[136.2795,35.6393],[136.2796,35.6396],[136.2797,35.6397],[136.2798,35.6398],[136.2802,35.64],[136.2807,35.6401],[136.2815,35.6402],[136.2817,35.6403],[136.2818,35.6405],[136.282,35.6408],[136.2823,35.6411],[136.2826,35.6414],[136.2828,35.6416],[136.2828,35.6417],[136.2828,35.6417],[136.2828,35.6417],[136.2828,35.6422],[136.2828,35.6424],[136.2829,35.6427],[136.2831,35.6432],[136.2831,35.6436],[136.2831,35.6437],[136.2829,35.6442],[136.2828,35.6445],[136.2825,35.6454],[136.2824,35.6456],[136.2819,35.646],[136.2818,35.6461],[136.2817,35.6463],[136.2816,35.6466],[136.2816,35.6472],[136.2816,35.6476],[136.2815,35.6477],[136.2813,35.6478],[136.2806,35.6481],[136.2801,35.6484],[136.2796,35.6488],[136.2794,35.6493],[136.2792,35.6495],[136.279,35.6496],[136.2783,35.6499],[136.2782,35.65],[136.2782,35.65],[136.2779,35.6501],[136.2777,35.6504],[136.2769,35.6511],[136.2768,35.6512],[136.2766,35.6515],[136.2764,35.652],[136.2762,35.6525],[136.2762,35.6531],[136.2763,35.6538],[136.2766,35.6547],[136.2769,35.6552],[136.2771,35.6556],[136.2777,35.656],[136.2786,35.657],[136.2798,35.6583],[136.2799,35.6583],[136.2799,35.6583],[136.2801,35.6584],[136.2803,35.6585],[136.2807,35.6586],[136.2808,35.6592],[136.2809,35.6594],[136.2812,35.6598],[136.2816,35.6601],[136.282,35.6603],[136.2823,35.6604],[136.2824,35.6605],[136.2826,35.6612],[136.2829,35.6615],[136.2833,35.6618],[136.2833,35.6618],[136.2837,35.662],[136.2839,35.6623],[136.284,35.6625],[136.2843,35.6631],[136.2844,35.6634],[136.2848,35.6637],[136.2853,35.6638],[136.2858,35.664],[136.2858,35.664],[136.286,35.6641],[136.2869,35.6645],[136.2878,35.6649],[136.2879,35.6649],[136.2889,35.6652],[136.2894,35.6654],[136.2897,35.6655],[136.2904,35.6658],[136.2905,35.6659],[136.2907,35.6662],[136.2908,35.6665],[136.2908,35.6667],[136.2908,35.6667],[136.2908,35.6667],[136.2908,35.6668],[136.2901,35.6673],[136.2899,35.6675],[136.2895,35.6682],[136.2889,35.6694],[136.2888,35.6696],[136.2888,35.6698],[136.2888,35.6699],[136.2888,35.6701],[136.2887,35.6703],[136.2886,35.6706],[136.2885,35.6708],[136.2886,35.6709],[136.2886,35.6711],[136.2888,35.6714],[136.2892,35.6717],[136.2895,35.6719],[136.2898,35.6721],[136.2902,35.6723],[136.2904,35.6723],[136.2906,35.6723],[136.2907,35.6723],[136.2909,35.6725],[136.2913,35.6727],[136.2917,35.6728],[136.2917,35.6728],[136.2918,35.6729],[136.2919,35.6729],[136.2921,35.6733],[136.2923,35.6736],[136.2925,35.6738],[136.2929,35.674],[136.2932,35.6742],[136.2937,35.6744],[136.2939,35.6745],[136.2941,35.6747],[136.2943,35.6749],[136.2944,35.675],[136.2945,35.675],[136.2945,35.675],[136.2945,35.675],[136.2949,35.6752],[136.2953,35.6753],[136.2958,35.6757],[136.296,35.6757],[136.2962,35.6756],[136.2965,35.6755],[136.2968,35.6755],[136.2969,35.6755],[136.2971,35.6755],[136.2972,35.6757],[136.2973,35.6759],[136.2975,35.6764],[136.2976,35.6766],[136.2981,35.677],[136.2985,35.6773],[136.2989,35.6777],[136.2989,35.6784],[136.2989,35.6788],[136.2989,35.6789],[136.2988,35.6789],[136.2984,35.679],[136.2982,35.6791],[136.2981,35.6791],[136.2976,35.6794],[136.2972,35.6797],[136.297,35.6798],[136.2967,35.6798],[136.2965,35.6799],[136.2962,35.68],[136.2957,35.6804],[136.2955,35.6804],[136.2952,35.6804],[136.2951,35.6804],[136.2947,35.6807],[136.2946,35.6808],[136.2945,35.6809],[136.2944,35.6811],[136.2943,35.6813],[136.294,35.6821],[136.2939,35.6822],[136.2937,35.6825],[136.2936,35.6826],[136.2934,35.683],[136.2933,35.6831],[136.293,35.6833],[136.293,35.6833],[136.2929,35.6834],[136.2925,35.6836],[136.2922,35.6837],[136.292,35.6839],[136.2919,35.6841],[136.2919,35.6843],[136.2919,35.6845],[136.2921,35.6851],[136.2921,35.6852],[136.2921,35.6853],[136.2919,35.6857],[136.2919,35.6858],[136.2918,35.6864],[136.2918,35.6866],[136.2917,35.6867],[136.2917,35.6867],[136.2917,35.6867],[136.2912,35.6871],[136.2911,35.6873],[136.291,35.6875],[136.2908,35.6877],[136.2908,35.6878],[136.2909,35.6879],[136.2911,35.688],[136.2914,35.6883],[136.2915,35.6885],[136.2916,35.6886],[136.2917,35.689],[136.2917,35.689],[136.2917,35.689],[136.2918,35.6896],[136.2918,35.6904],[136.2918,35.6905],[136.2919,35.6907],[136.2925,35.691],[136.2931,35.6913],[136.2933,35.6913],[136.2935,35.6912],[136.2939,35.6911],[136.2941,35.691],[136.2944,35.691],[136.2948,35.691],[136.2951,35.6909],[136.2953,35.691],[136.2955,35.6912],[136.296,35.6917],[136.296,35.6917],[136.296,35.6917],[136.2962,35.6918],[136.2964,35.6919],[136.2966,35.6919],[136.297,35.6918],[136.2976,35.6918],[136.2978,35.6918],[136.2979,35.6919],[136.2979,35.6922],[136.298,35.6924],[136.2981,35.6928],[136.2983,35.693],[136.2984,35.693],[136.2987,35.6931],[136.2989,35.6933],[136.2994,35.6936],[136.2995,35.6938],[136.2997,35.694],[136.2999,35.6943],[136.3,35.6945],[136.3,35.6945],[136.3002,35.695],[136.3003,35.6953],[136.3007,35.6957],[136.3009,35.6959],[136.301,35.6961],[136.3011,35.6964],[136.3013,35.6969],[136.3016,35.6974],[136.3019,35.6979],[136.3026,35.6987],[136.3028,35.6989],[136.3033,35.6992],[136.3035,35.6993],[136.3036,35.6995],[136.3039,35.7],[136.3039,35.7],[136.304,35.7001],[136.3041,35.7003],[136.3042,35.7005],[136.3043,35.701],[136.3045,35.7013],[136.3047,35.7015],[136.3047,35.7015],[136.305,35.7015],[136.3054,35.7013],[136.3061,35.7011],[136.3063,35.701],[136.3066,35.7011],[136.3067,35.7012],[136.307,35.7014],[136.3071,35.7015],[136.3072,35.7016],[136.3074,35.7021],[136.3078,35.7029],[136.308,35.7031],[136.3083,35.7032],[136.3083,35.7032],[136.3083,35.7032],[136.3085,35.7033],[136.3091,35.7033],[136.3093,35.7034],[136.3095,35.7035],[136.3098,35.704],[136.3103,35.7047],[136.3105,35.7051],[136.3108,35.7055],[136.3108,35.7057],[136.3109,35.7059],[136.3109,35.7061],[136.3108,35.7063],[136.3107,35.7065],[136.3105,35.7067],[136.3104,35.7068],[136.3103,35.707],[136.3103,35.7074],[136.3103,35.7078],[136.3105,35.7082],[136.3105,35.7083],[136.3105,35.7083],[136.3107,35.7085],[136.3107,35.7087],[136.3107,35.7091],[136.3106,35.7096],[136.3105,35.7101],[136.3104,35.7105],[136.3104,35.7107],[136.3106,35.7108],[136.311,35.7111],[136.3114,35.7116],[136.3118,35.712],[136.3124,35.7124],[136.3127,35.7126],[136.3129,35.7128],[136.3131,35.7129],[136.3132,35.7129],[136.3134,35.7129],[136.3137,35.7129],[136.3141,35.7129],[136.3141,35.7129],[136.3145,35.713],[136.315,35.7131],[136.3154,35.7132],[136.3158,35.7132],[136.3161,35.7132],[136.3163,35.7134],[136.3164,35.7135],[136.3166,35.7139],[136.3167,35.7141],[136.3167,35.7141],[136.3167,35.7141],[136.3168,35.7143],[136.3172,35.7144],[136.3174,35.7145],[136.3177,35.7144],[136.3182,35.7143],[136.3184,35.7143],[136.3187,35.7143],[136.3193,35.7144],[136.3197,35.7145],[136.3205,35.7149],[136.3212,35.7151],[136.3219,35.7155],[136.3222,35.7156],[136.3226,35.7156],[136.3227,35.7156],[136.3228,35.7159],[136.3231,35.7161],[136.3234,35.7164],[136.3234,35.7164],[136.3238,35.7167],[136.3238,35.7167],[136.3238,35.7167],[136.324,35.7167],[136.324,35.7168],[136.3238,35.7171],[136.3237,35.7172],[136.3237,35.7174],[136.3236,35.7178],[136.3235,35.718],[136.3228,35.7186],[136.3221,35.719],[136.3217,35.7193],[136.3214,35.7198],[136.3212,35.7201],[136.3211,35.7205],[136.3209,35.721],[136.3207,35.7214],[136.3205,35.7222],[136.3204,35.7225],[136.3205,35.7228],[136.3205,35.7229],[136.3211,35.7234],[136.3214,35.7237],[136.3217,35.7239],[136.3218,35.724],[136.322,35.7241],[136.3225,35.7243],[136.3229,35.7244],[136.3231,35.7246],[136.3234,35.7248],[136.3236,35.725],[136.3236,35.725],[136.3236,35.725],[136.3238,35.7254],[136.3241,35.726],[136.3242,35.7262],[136.3244,35.7263],[136.3246,35.7263],[136.325,35.7263],[136.325,35.7263],[136.3251,35.7264],[136.3253,35.7264],[136.3253,35.7265],[136.3252,35.7266],[136.325,35.7268],[136.325,35.7268],[136.3249,35.7268],[136.3248,35.727],[136.3247,35.7272],[136.3247,35.7274],[136.3247,35.7276],[136.3249,35.728],[136.325,35.7281],[136.325,35.7281],[136.3253,35.7286],[136.3256,35.7291],[136.3259,35.7297],[136.3261,35.7302],[136.3265,35.7308],[136.3266,35.731],[136.3267,35.7311],[136.3269,35.7313],[136.327,35.7314],[136.327,35.7315],[136.3267,35.7317],[136.3264,35.7319],[136.3263,35.7321],[136.3261,35.7326],[136.3258,35.7331],[136.3257,35.7333],[136.3257,35.7333],[136.3257,35.7333],[136.3257,35.7334],[136.3257,35.7337],[136.3259,35.7343],[136.3259,35.7346],[136.3256,35.735],[136.3255,35.7352],[136.3255,35.7355],[136.3255,35.7361],[136.3254,35.7362],[136.3253,35.7366],[136.3252,35.7367],[136.325,35.7369],[136.325,35.7369],[136.3249,35.7369],[136.3248,35.7371],[136.3247,35.7373],[136.3245,35.7375],[136.3244,35.738],[136.3243,35.7387],[136.3243,35.7391],[136.3243,35.7392],[136.3243,35.7394],[136.3244,35.7398],[136.3244,35.74],[136.324,35.7405],[136.324,35.7406],[136.324,35.7407],[136.3241,35.7408],[136.3242,35.7409],[136.3244,35.7414],[136.3245,35.7417],[136.3245,35.7417],[136.3245,35.7417],[136.3246,35.742],[136.3247,35.7423],[136.3247,35.7425],[136.3247,35.7426],[136.3247,35.7428],[136.3248,35.743],[136.325,35.7432],[136.325,35.7432],[136.3252,35.7433],[136.3252,35.7434],[136.3252,35.7436],[136.3251,35.7442],[136.325,35.7445],[136.325,35.7447],[136.325,35.7447],[136.325,35.7447],[136.325,35.7447],[136.3248,35.7448],[136.324,35.7452],[136.3237,35.7454],[136.3232,35.7456],[136.3228,35.7459],[136.3226,35.746],[136.322,35.7462],[136.3219,35.7463],[136.3219,35.7464],[136.3217,35.7465],[136.3213,35.747],[136.3212,35.7471],[136.321,35.7471],[136.3204,35.7471],[136.3202,35.7472],[136.32,35.7473],[136.3198,35.7475],[136.3195,35.7479],[136.3193,35.7482],[136.3192,35.7484],[136.3191,35.7487],[136.3192,35.7489],[136.3193,35.7491],[136.3194,35.7495],[136.3195,35.7498],[136.3194,35.7499],[136.3194,35.75],[136.3194,35.75],[136.3193,35.7501],[136.3192,35.7502],[136.3189,35.7504],[136.3184,35.751],[136.3184,35.7511],[136.3185,35.7512],[136.3192,35.7515],[136.3194,35.7517],[136.3195,35.7519],[136.3194,35.7521],[136.3192,35.7524],[136.3192,35.7525],[136.3193,35.7527],[136.3194,35.7528],[136.3198,35.7531],[136.3198,35.7538],[136.3198,35.7542],[136.32,35.7546],[136.32,35.7549],[136.32,35.7551],[136.3199,35.7558],[136.3198,35.7561],[136.3199,35.7564],[136.32,35.7566],[136.3201,35.7568],[136.3203,35.757],[136.3204,35.7573],[136.3204,35.7578],[136.3203,35.7581],[136.3202,35.7583],[136.3202,35.7583],[136.3202,35.7584],[136.3202,35.7585],[136.3203,35.7587],[136.3205,35.759],[136.3207,35.7593],[136.3208,35.7595],[136.321,35.7598],[136.3211,35.76],[136.3213,35.7602],[136.3214,35.7603],[136.3217,35.7606],[136.3219,35.7609],[136.322,35.761],[136.3221,35.7612],[136.3222,35.7613],[136.3221,35.7614],[136.3219,35.7617],[136.3218,35.7619],[136.3216,35.7625],[136.3216,35.7627],[136.3218,35.7631],[136.3219,35.7632],[136.3219,35.7634],[136.3219,35.7636],[136.3217,35.7643],[136.3216,35.7646],[136.3215,35.7648],[136.3216,35.7651],[136.3216,35.7651],[136.3217,35.7653],[136.3218,35.7654],[136.322,35.7656],[136.3223,35.7657],[136.3226,35.766],[136.323,35.7662],[136.3233,35.7665],[136.3236,35.7667],[136.3236,35.7667],[136.3236,35.7667],[136.3238,35.7668],[136.3241,35.7669],[136.3244,35.767],[136.3247,35.767],[136.3247,35.7671],[136.3247,35.7672],[136.3245,35.7675],[136.3242,35.7677],[136.324,35.7679],[136.3239,35.7681],[136.3239,35.7682],[136.3239,35.7686],[136.3239,35.769],[136.3239,35.7692],[136.324,35.7694],[136.3241,35.7696],[136.3243,35.7699],[136.3244,35.77],[136.3249,35.7702],[136.325,35.7702],[136.325,35.7705],[136.325,35.7706],[136.325,35.7706],[136.3251,35.7707],[136.3252,35.771],[136.3252,35.7711],[136.3252,35.7712],[136.3253,35.7713],[136.3257,35.7717],[136.326,35.7719],[136.3262,35.772],[136.3265,35.7723],[136.3266,35.7725],[136.3267,35.7726],[136.327,35.7732],[136.3271,35.7735],[136.3272,35.7737],[136.3273,35.7739],[136.3275,35.7742],[136.3276,35.7744],[136.3279,35.775],[136.3279,35.775],[136.3279,35.7751],[136.3281,35.7751],[136.3284,35.775],[136.3287,35.775],[136.3291,35.7751],[136.3294,35.7752],[136.3297,35.7752],[136.3301,35.7753],[136.3311,35.7757],[136.3315,35.7758],[136.332,35.776],[136.3325,35.7762],[136.3328,35.7764],[136.3333,35.7765],[136.3333,35.7765],[136.3334,35.7765],[136.3338,35.7764],[136.3342,35.7764],[136.3343,35.7764],[136.3347,35.7764],[136.3351,35.7764],[136.3355,35.7764],[136.3357,35.7763],[136.3358,35.7763],[136.3359,35.7761],[136.3361,35.7758],[136.3363,35.7754],[136.3364,35.775],[136.3364,35.775],[136.3365,35.7748],[136.3366,35.7747],[136.3367,35.7747],[136.3371,35.775],[136.3371,35.775],[136.3373,35.7751],[136.3376,35.7754],[136.3381,35.7754],[136.3383,35.7754],[136.3386,35.7756],[136.3388,35.7757],[136.3393,35.7759],[136.3395,35.7759],[136.3399,35.7759],[136.3406,35.7757],[136.3408,35.7758],[136.3411,35.7759],[136.3416,35.7761],[136.3417,35.7762],[136.3417,35.7762],[136.3418,35.7762],[136.342,35.7761],[136.3427,35.7757],[136.343,35.7757],[136.3431,35.7757],[136.3432,35.7758],[136.3437,35.776],[136.344,35.7762],[136.3441,35.7763],[136.3442,35.7763],[136.3445,35.7763],[136.3451,35.7764],[136.3455,35.7764],[136.3458,35.7763],[136.3458,35.7763],[136.346,35.7762],[136.3463,35.7761],[136.3465,35.776],[136.3466,35.7761],[136.3468,35.7762],[136.3471,35.7768],[136.3473,35.7772],[136.3476,35.7775],[136.3479,35.7777],[136.3479,35.7779],[136.348,35.7781],[136.348,35.7785],[136.348,35.7786],[136.3482,35.7788],[136.3482,35.7792],[136.3482,35.7797],[136.3483,35.7799],[136.3484,35.78],[136.3488,35.7803],[136.3496,35.7808],[136.3497,35.7808],[136.3499,35.7809],[136.35,35.7809],[136.35,35.7809],[136.35,35.7809],[136.3501,35.7811],[136.3503,35.7813],[136.3508,35.7818],[136.351,35.782],[136.3513,35.7821],[136.3518,35.7823],[136.352,35.7825],[136.3521,35.7828],[136.3524,35.783],[136.353,35.7833],[136.3532,35.7833],[136.3532,35.7833],[136.3534,35.7834],[136.354,35.7835],[136.3544,35.7837],[136.355,35.7841],[136.356,35.7844],[136.3562,35.7847],[136.3565,35.7852],[136.3569,35.7855],[136.357,35.7858],[136.3571,35.7862],[136.357,35.7866],[136.357,35.7867],[136.3571,35.7868],[136.3576,35.7869],[136.358,35.7869],[136.3582,35.7869],[136.3583,35.7869],[136.3583,35.7869],[136.3589,35.7869],[136.3596,35.787],[136.36,35.787],[136.3603,35.7871],[136.3604,35.7873],[136.3608,35.7874],[136.3616,35.7878],[136.3624,35.788],[136.363,35.788],[136.363,35.788],[136.3641,35.7882],[136.3643,35.7882],[136.3645,35.7884],[136.3649,35.7888],[136.3653,35.7889],[136.3654,35.7891],[136.3655,35.7892],[136.3656,35.7895],[136.3657,35.7896],[136.3658,35.7897],[136.3658,35.7897],[136.366,35.7898],[136.3663,35.7898],[136.3667,35.7899],[136.3667,35.7899],[136.367,35.7899],[136.3674,35.79],[136.3681,35.7903],[136.3685,35.7905],[136.369,35.791],[136.3693,35.7911],[136.37,35.7913],[136.3708,35.7917],[136.3708,35.7917],[136.3717,35.792],[136.372,35.7922],[136.3721,35.7924],[136.3728,35.7928],[136.3742,35.7934],[136.3748,35.7937],[136.375,35.7939],[136.375,35.7939],[136.3752,35.794],[136.3754,35.7941],[136.3757,35.7945],[136.3759,35.7947],[136.3761,35.7949],[136.3764,35.7951],[136.3767,35.7952],[136.3775,35.7952],[136.3778,35.7952],[136.3783,35.7951],[136.3786,35.7948],[136.3791,35.7944],[136.3793,35.7943],[136.3797,35.7943],[136.3802,35.7943],[136.381,35.7941],[136.3814,35.7941],[136.3819,35.794],[136.3822,35.794],[136.3824,35.7939],[136.3827,35.7937],[136.3831,35.7934],[136.3833,35.7932],[136.3833,35.7932],[136.3834,35.7931],[136.3837,35.793],[136.3839,35.793],[136.3841,35.793],[136.3845,35.793],[136.3848,35.793],[136.3851,35.793],[136.3854,35.7929],[136.3854,35.7929],[136.3857,35.7928],[136.3867,35.7927],[136.3872,35.7927],[136.3876,35.7925],[136.3879,35.7922],[136.3888,35.7919],[136.389,35.7918],[136.389,35.7917],[136.389,35.7917],[136.3893,35.7912],[136.3894,35.7909],[136.3893,35.7904],[136.3893,35.7902],[136.3894,35.79],[136.3895,35.7898],[136.3897,35.7895],[136.3897,35.7893],[136.3897,35.7889],[136.3895,35.7883],[136.3895,35.788],[136.3916,35.7882],[136.3917,35.7882],[136.3917,35.7882],[136.3918,35.7882],[136.3922,35.7883],[136.3923,35.7884],[136.3928,35.7884],[136.393,35.7884],[136.3933,35.7884],[136.3939,35.7883],[136.3943,35.7883],[136.3948,35.7883],[136.3955,35.7882],[136.3958,35.7881],[136.3959,35.7881],[136.396,35.7881],[136.3961,35.788],[136.3963,35.7881],[136.3966,35.7882],[136.3969,35.7883],[136.3971,35.7884],[136.3974,35.7886],[136.398,35.7887],[136.3987,35.7889],[136.3988,35.789],[136.3993,35.7891],[136.4,35.7893],[136.4,35.7893],[136.4001,35.7894],[136.4003,35.7893],[136.4004,35.7893],[136.4006,35.7889],[136.4009,35.7882],[136.4009,35.788],[136.4009,35.7877],[136.4009,35.7874],[136.401,35.7871],[136.4014,35.787],[136.4014,35.7868],[136.4015,35.7863],[136.4017,35.7861],[136.4023,35.7858],[136.4032,35.7855],[136.4035,35.7854],[136.4035,35.7849],[136.4037,35.7846],[136.4037,35.7839],[136.4043,35.7833],[136.4043,35.7833],[136.4045,35.7831],[136.4054,35.783],[136.4063,35.7826],[136.408,35.7821],[136.4083,35.7818],[136.4083,35.7818],[136.4083,35.7813],[136.4083,35.7812],[136.4083,35.7812],[136.4085,35.7808],[136.4089,35.7803],[136.4092,35.7799],[136.4093,35.7803],[136.4093,35.7804],[136.4094,35.7805],[136.4095,35.7806],[136.4099,35.7808],[136.4106,35.7812],[136.4109,35.7814],[136.4112,35.7815],[136.4115,35.7816],[136.4122,35.7818],[136.4127,35.782],[136.4133,35.7822],[136.4138,35.7822],[136.4141,35.7824],[136.4143,35.7825],[136.4147,35.7826],[136.415,35.7826],[136.4154,35.7826],[136.4156,35.7825],[136.4159,35.7825],[136.416,35.7824],[136.4164,35.7822],[136.4166,35.7821],[136.4167,35.7821],[136.4167,35.7821],[136.4169,35.7821],[136.4175,35.7824],[136.418,35.7825],[136.4185,35.7824],[136.419,35.7823],[136.4196,35.7819],[136.4196,35.7819],[136.42,35.7816],[136.4207,35.7812],[136.4212,35.7809],[136.4229,35.7802],[136.4232,35.78],[136.4234,35.7799],[136.4239,35.7791],[136.4239,35.7788],[136.424,35.7786],[136.4242,35.7784],[136.4245,35.7782],[136.425,35.7781],[136.425,35.7781],[136.4255,35.778],[136.426,35.7779],[136.427,35.7775],[136.4275,35.7773],[136.4277,35.7771],[136.4282,35.7769],[136.429,35.7766],[136.4294,35.7764],[136.4298,35.7761],[136.4301,35.7759],[136.4303,35.7754],[136.4305,35.7751],[136.4307,35.775],[136.4309,35.775],[136.4309,35.775],[136.4309,35.775],[136.4329,35.7747],[136.4332,35.7746],[136.4333,35.7746],[136.4333,35.7746],[136.4353,35.7744],[136.4359,35.7747],[136.4362,35.7748],[136.4365,35.7749],[136.4369,35.7749],[136.4373,35.7749],[136.4375,35.7749],[136.438,35.7746],[136.4383,35.7745],[136.4385,35.7744],[136.4392,35.7745],[136.4395,35.7746],[136.4397,35.7747],[136.44,35.7749],[136.4402,35.775],[136.4402,35.775],[136.4405,35.7751],[136.4407,35.7752],[136.4412,35.7752],[136.4417,35.775],[136.4417,35.775],[136.4418,35.775],[136.4418,35.775],[136.442,35.7749],[136.4431,35.7746],[136.4433,35.7745],[136.4433,35.7745],[136.4435,35.7744],[136.4439,35.7738],[136.4439,35.7737],[136.4442,35.7736],[136.4449,35.7736],[136.4453,35.7733],[136.4456,35.7731],[136.4458,35.7729],[136.4458,35.7729],[136.4459,35.7731],[136.446,35.7734],[136.4462,35.7736],[136.4466,35.7742],[136.4468,35.7742],[136.447,35.7744],[136.4474,35.7745],[136.4478,35.7746],[136.448,35.7747],[136.4484,35.775],[136.4485,35.775],[136.4485,35.775],[136.4493,35.7755],[136.4495,35.7756],[136.45,35.7756],[136.45,35.7756],[136.45,35.7757],[136.4503,35.7759],[136.4506,35.7762],[136.4509,35.7764],[136.4515,35.7766],[136.4531,35.7765],[136.4536,35.7766],[136.4539,35.7767],[136.4544,35.777],[136.4546,35.7773],[136.455,35.7776],[136.4552,35.7778],[136.456,35.778],[136.4563,35.7782],[136.4567,35.7782],[136.4569,35.7782],[136.4572,35.7783],[136.4578,35.7787],[136.4583,35.7789],[136.4583,35.7789],[136.4589,35.7791],[136.4594,35.779],[136.4616,35.7787],[136.4618,35.7786],[136.4619,35.7785],[136.4619,35.7782],[136.4619,35.7781],[136.462,35.7779],[136.4622,35.7777],[136.4624,35.7775],[136.4627,35.7772],[136.4633,35.7767],[136.4635,35.7764],[136.4635,35.7763],[136.4638,35.776],[136.4644,35.7757],[136.4648,35.7751],[136.4649,35.775],[136.4649,35.775],[136.4651,35.7748],[136.4661,35.7745],[136.4667,35.7742],[136.4667,35.7742],[136.4667,35.7742],[136.4669,35.7741],[136.467,35.7739],[136.4672,35.7736],[136.4674,35.7733],[136.4676,35.7732],[136.4679,35.7732],[136.4681,35.7732],[136.4687,35.773],[136.469,35.7729],[136.4692,35.7729],[136.4694,35.773],[136.4695,35.7731],[136.4698,35.7733],[136.4698,35.7733],[136.47,35.7733],[136.4701,35.7733],[136.4703,35.7733],[136.4708,35.7733],[136.4711,35.7732],[136.472,35.7728],[136.4724,35.7727],[136.4726,35.7727],[136.4731,35.7728],[136.4735,35.773],[136.474,35.7728],[136.4746,35.7728],[136.4748,35.7728],[136.4749,35.7729],[136.475,35.7732],[136.475,35.7732],[136.475,35.7732],[136.4751,35.7734],[136.4753,35.7736],[136.4757,35.7737],[136.4766,35.7739],[136.4773,35.774],[136.4778,35.7742],[136.4779,35.7742],[136.4781,35.7742],[136.4783,35.7742],[136.4788,35.7741],[136.4798,35.7738],[136.4812,35.7739],[136.4824,35.7744],[136.4828,35.7746],[136.483,35.7747],[136.4833,35.7748],[136.4833,35.7748],[136.4836,35.7749],[136.4841,35.775],[136.4841,35.775],[136.4846,35.7751],[136.4846,35.7752],[136.4848,35.7755],[136.485,35.7759],[136.485,35.7765],[136.4857,35.7765],[136.4857,35.7762],[136.4857,35.776],[136.4856,35.7757],[136.4856,35.7757],[136.4854,35.7755],[136.485,35.7751],[136.4849,35.775],[136.4849,35.775],[136.4849,35.775],[136.4848,35.7748],[136.4849,35.7745],[136.4853,35.7737],[136.4859,35.7731],[136.4864,35.7729],[136.4872,35.7724],[136.4886,35.7717],[136.4889,35.7715],[136.4894,35.7711],[136.4903,35.7702],[136.4904,35.7702],[136.4907,35.7699],[136.4912,35.7698],[136.4914,35.7697],[136.4917,35.7693],[136.4917,35.7693],[136.4918,35.7691],[136.492,35.7687],[136.4924,35.7683],[136.4928,35.7676],[136.4929,35.7674],[136.4932,35.7673],[136.4933,35.7672],[136.4936,35.7673],[136.4939,35.7673],[136.4941,35.7673],[136.4945,35.7668],[136.4948,35.7667],[136.4948,35.7667],[136.495,35.7666],[136.4959,35.766],[136.4965,35.7655],[136.4971,35.7639],[136.4973,35.7634],[136.4974,35.7631],[136.4974,35.7629],[136.4973,35.7624],[136.4972,35.7621],[136.4972,35.7617],[136.4971,35.7612],[136.497,35.761],[136.4971,35.7608],[136.4973,35.7604],[136.4977,35.7598],[136.4982,35.7592],[136.4985,35.7588],[136.4987,35.7586],[136.4988,35.7584],[136.4988,35.7583],[136.4988,35.7583],[136.4989,35.7581],[136.4989,35.7578],[136.4989,35.7576],[136.4989,35.7573],[136.499,35.7569],[136.4992,35.7563],[136.4994,35.7558],[136.4997,35.7554],[136.4999,35.7551],[136.5,35.755],[136.5,35.755],[136.5003,35.7547],[136.5006,35.7541],[136.501,35.7538],[136.5012,35.7535],[136.5015,35.7532],[136.5016,35.7529],[136.5019,35.7526],[136.5024,35.7521],[136.5027,35.7518],[136.503,35.7514],[136.5032,35.7511],[136.5034,35.7509],[136.5036,35.7507],[136.5044,35.7506],[136.5049,35.7504],[136.5056,35.7503],[136.5059,35.7503],[136.5062,35.7503],[136.5063,35.7505],[136.5066,35.7509],[136.507,35.7514],[136.5072,35.7517],[136.5076,35.7523],[136.508,35.7532],[136.5081,35.7534],[136.5081,35.7535],[136.508,35.7541],[136.5079,35.7542],[136.5076,35.7545],[136.5075,35.7547],[136.5074,35.7549],[136.5074,35.7552],[136.5074,35.7556],[136.5075,35.7558],[136.5076,35.756],[136.5079,35.7565],[136.5082,35.757],[136.5083,35.7572],[136.5083,35.7572],[136.5084,35.7573],[136.5086,35.7574],[136.509,35.7575],[136.5094,35.7576],[136.5095,35.7576],[136.5097,35.7577],[136.51,35.758],[136.5103,35.7582],[136.5106,35.7582],[136.511,35.7583],[136.511,35.7583],[136.5112,35.7584],[136.5116,35.7584],[136.5119,35.7586],[136.5121,35.7588],[136.5122,35.7589],[136.5124,35.7593],[136.5125,35.7598],[136.5125,35.7598],[136.5125,35.7602],[136.5126,35.7606],[136.5127,35.7609],[136.5129,35.7612],[136.5133,35.7617],[136.5134,35.7619],[136.5137,35.7622],[136.5137,35.7622],[136.5136,35.7626],[136.5132,35.7634],[136.5131,35.7638],[136.5131,35.7642],[136.5131,35.7646],[136.5132,35.765],[136.5135,35.7655],[136.5137,35.7662],[136.5139,35.7666],[136.5139,35.7667],[136.5139,35.7667],[136.5139,35.7669],[136.5138,35.7671],[136.5136,35.7673],[136.5134,35.7674],[136.5131,35.7676],[136.513,35.7678],[136.513,35.768],[136.513,35.7692],[136.5131,35.77],[136.513,35.7702],[136.5129,35.7704],[136.5126,35.7707],[136.5125,35.7709],[136.5122,35.7712],[136.512,35.7716],[136.512,35.7717],[136.512,35.7719],[136.512,35.772],[136.5122,35.7722],[136.5125,35.7724],[136.5127,35.7726],[136.5128,35.7729],[136.513,35.7732],[136.5131,35.7735],[136.5131,35.7739],[136.5131,35.7743],[136.5131,35.7746],[136.5131,35.7747],[136.5132,35.775],[136.5132,35.775],[136.5132,35.7752],[136.5133,35.7753],[136.5134,35.7754],[136.5136,35.7756],[136.5138,35.7758],[136.514,35.776],[136.5142,35.7762],[136.5149,35.7768],[136.5153,35.7772],[136.5154,35.7772],[136.516,35.7776],[136.5163,35.7779],[136.5167,35.778],[136.5167,35.778],[136.5168,35.7781],[136.5173,35.7783],[136.5176,35.7786],[136.5181,35.7789],[136.5183,35.7791],[136.5184,35.7793],[136.5185,35.7794],[136.5185,35.7797],[136.5185,35.7799],[136.5186,35.7801],[136.5188,35.7804],[136.519,35.7807],[136.5194,35.781],[136.5199,35.7816],[136.52,35.7818],[136.52,35.7819],[136.5201,35.7821],[136.52,35.7825],[136.52,35.7828],[136.52,35.783],[136.5201,35.7832],[136.5202,35.7833],[136.5202,35.7833],[136.5204,35.7835],[136.5207,35.7838],[136.5212,35.7842],[136.5214,35.7844],[136.5215,35.7845],[136.5216,35.7848],[136.5217,35.7851],[136.5221,35.7853],[136.5223,35.7855],[136.5224,35.7858],[136.5225,35.786],[136.5226,35.7864],[136.5227,35.787],[136.5228,35.7875],[136.5227,35.7881],[136.5228,35.7882],[136.523,35.7882],[136.5247,35.788],[136.525,35.788],[136.525,35.788],[136.5252,35.788],[136.5253,35.7879],[136.5255,35.7878],[136.5257,35.7876],[136.526,35.7873],[136.5263,35.7871],[136.5267,35.787],[136.5269,35.7869],[136.5272,35.7868],[136.5278,35.7866],[136.5284,35.7863],[136.529,35.786],[136.5294,35.7858],[136.5296,35.7857],[136.5298,35.7855],[136.5301,35.7849],[136.5304,35.7846],[136.5306,35.7841],[136.5309,35.7839],[136.5312,35.7838],[136.5316,35.7838],[136.532,35.7838],[136.5324,35.7837],[136.5327,35.7837],[136.5329,35.7836],[136.5333,35.7833],[136.5333,35.7833],[136.5333,35.7833],[136.5333,35.7833],[136.5335,35.7832],[136.5341,35.7828],[136.5345,35.7827],[136.5348,35.7825],[136.5352,35.7822],[136.5354,35.7821],[136.5355,35.7819],[136.5359,35.7815],[136.5362,35.7813],[136.5363,35.7811],[136.5364,35.781],[136.5365,35.781],[136.5368,35.781],[136.5375,35.781],[136.5379,35.781],[136.5385,35.781],[136.5392,35.7809],[136.5398,35.7807],[136.5402,35.7804],[136.5406,35.7803],[136.5414,35.7802],[136.5417,35.7801],[136.5417,35.7801],[136.5419,35.78],[136.5423,35.7799],[136.5428,35.7796],[136.5433,35.7794],[136.5438,35.7791],[136.5443,35.7789],[136.5449,35.7788],[136.5453,35.7787],[136.5454,35.7787],[136.5455,35.7787],[136.546,35.779],[136.5465,35.7792],[136.5474,35.7793],[136.5478,35.7794],[136.548,35.7796],[136.5481,35.7799],[136.5483,35.7802],[136.5488,35.7804],[136.5491,35.7805],[136.5493,35.7807],[136.5497,35.7808],[136.55,35.7809],[136.55,35.7809],[136.5501,35.7809],[136.5505,35.781],[136.5507,35.7811],[136.5508,35.7811],[136.551,35.781],[136.5514,35.7809],[136.5517,35.7808],[136.5521,35.7808],[136.5525,35.7808],[136.5527,35.7807],[136.5535,35.7807],[136.5542,35.7807],[136.5546,35.7809],[136.5549,35.7809],[136.5553,35.7809],[136.5554,35.7809],[136.5558,35.781],[136.556,35.7809],[136.5569,35.7806],[136.5579,35.7801],[136.5583,35.7799],[136.5583,35.7799],[136.5585,35.7798],[136.5588,35.7796],[136.5591,35.7794],[136.5593,35.7793],[136.5596,35.7794],[136.5599,35.7794],[136.5602,35.7794],[136.5605,35.7793],[136.5608,35.7792],[136.5614,35.7788],[136.5616,35.7787],[136.5618,35.7787],[136.562,35.7787],[136.5622,35.7787],[136.5626,35.779],[136.5631,35.7791],[136.5637,35.7793],[136.5648,35.7795],[136.5655,35.7796],[136.5658,35.7797],[136.5661,35.7796],[136.5666,35.7794],[136.5667,35.7794],[136.5667,35.7794],[136.5669,35.7793],[136.5671,35.7793],[136.5673,35.7792],[136.5675,35.7791],[136.5678,35.7787],[136.568,35.7784],[136.5686,35.7777],[136.5688,35.7775],[136.5691,35.7774],[136.5694,35.7774],[136.5697,35.7774],[136.5707,35.7774],[136.5711,35.7775],[136.5717,35.7778],[136.5723,35.778],[136.5728,35.7784],[136.5733,35.7788],[136.5738,35.7793],[136.5741,35.7796],[136.5746,35.7803],[136.5747,35.7803],[136.575,35.7805],[136.575,35.7805],[136.5751,35.7805],[136.5758,35.781],[136.5763,35.7811],[136.5764,35.7811],[136.5768,35.7814],[136.5771,35.7815],[136.5774,35.7816],[136.5776,35.7816],[136.5779,35.7815],[136.5783,35.7815],[136.5786,35.7814],[136.5789,35.7815],[136.5793,35.7815],[136.5796,35.7815],[136.5799,35.7815],[136.5801,35.7816],[136.5803,35.7817],[136.5805,35.7819],[136.5809,35.7823],[136.5813,35.7826],[136.5818,35.7829],[136.5823,35.7831],[136.5825,35.7833],[136.5825,35.7833],[136.5827,35.7833],[136.5827,35.7833],[136.5831,35.7834],[136.5833,35.7834],[136.5833,35.7834],[136.5838,35.7834],[136.5844,35.7835],[136.5846,35.7836],[136.5851,35.7838],[136.5855,35.7841],[136.5858,35.7843],[136.586,35.7843],[136.586,35.7843],[136.586,35.7844],[136.5859,35.7846],[136.5856,35.7851],[136.5856,35.7853],[136.5855,35.7858],[136.5855,35.7862],[136.5854,35.7867],[136.5852,35.787],[136.585,35.7872],[136.5848,35.7874],[136.5848,35.7877],[136.5848,35.788],[136.585,35.7884],[136.5851,35.7887],[136.5851,35.789],[136.5851,35.7893],[136.5852,35.7896],[136.5854,35.7899],[136.5856,35.7901],[136.5857,35.7903],[136.5859,35.7907],[136.5859,35.7909],[136.5859,35.7913],[136.5859,35.7914],[136.5861,35.7915],[136.5863,35.7917],[136.5863,35.7917],[136.5864,35.7918],[136.5873,35.7925],[136.5873,35.7925],[136.5876,35.7927],[136.5877,35.7929],[136.5878,35.7932],[136.5882,35.7938],[136.5884,35.7941],[136.5887,35.7944],[136.5891,35.7947],[136.5893,35.7949],[136.5895,35.7951],[136.5895,35.7953],[136.5897,35.7955],[136.5898,35.7956],[136.59,35.7957],[136.5908,35.7954],[136.5917,35.7951],[136.5917,35.7951],[136.5917,35.7951],[136.592,35.7951],[136.5926,35.795],[136.5929,35.7951],[136.5931,35.7951],[136.5935,35.7953],[136.5938,35.7954],[136.5942,35.7953],[136.5947,35.7953],[136.595,35.7953],[136.5952,35.7953],[136.5954,35.7954],[136.5957,35.7955],[136.5961,35.796],[136.5965,35.7963],[136.5969,35.7966],[136.597,35.7967],[136.5971,35.7968],[136.5972,35.7969],[136.5974,35.7971],[136.5978,35.7972],[136.598,35.7974],[136.5982,35.7975],[136.5984,35.7977],[136.5986,35.798],[136.5988,35.7983],[136.599,35.7984],[136.5992,35.7985],[136.5995,35.7986],[136.5997,35.7985],[136.6,35.7984],[136.6,35.7984],[136.6001,35.7984],[136.6003,35.7983],[136.6007,35.798],[136.6009,35.7978],[136.601,35.7976],[136.6012,35.7973],[136.6013,35.7972],[136.6015,35.7971],[136.6017,35.797],[136.6022,35.7967],[136.6024,35.7965],[136.6027,35.7964],[136.6029,35.7964],[136.6031,35.7963],[136.6032,35.7963],[136.6033,35.7961],[136.6032,35.7959],[136.603,35.7955],[136.603,35.7952],[136.603,35.795],[136.6032,35.7947],[136.6034,35.7944],[136.6036,35.7942],[136.6036,35.7942],[136.6039,35.7942],[136.6042,35.7941],[136.6045,35.794],[136.6048,35.7939],[136.6051,35.7936],[136.6055,35.7933],[136.6058,35.793],[136.6066,35.7924],[136.6068,35.7922],[136.607,35.7922],[136.6073,35.7922],[136.6078,35.7922],[136.6083,35.7922],[136.6083,35.7922],[136.6083,35.7922],[136.6087,35.7922],[136.6094,35.7923],[136.6095,35.7923],[136.6095,35.7923],[136.6095,35.7921],[136.6095,35.7917],[136.6095,35.7917],[136.6095,35.7916],[136.6096,35.7913],[136.6097,35.7911],[136.6098,35.7909],[136.6098,35.7903],[136.6098,35.7901],[136.6099,35.7899],[136.6101,35.7897],[136.6107,35.7893],[136.6108,35.7893],[136.6112,35.7889],[136.6115,35.7888],[136.6118,35.7887],[136.6125,35.7888],[136.6128,35.7888],[136.6132,35.7887],[136.6135,35.7887],[136.6137,35.7887],[136.6139,35.7888],[136.614,35.7889],[136.6143,35.7891],[136.6145,35.7892],[136.6149,35.7893],[136.6151,35.7893],[136.6153,35.7893],[136.6155,35.7891],[136.6159,35.7889],[136.6162,35.7887],[136.6164,35.7886],[136.6165,35.7886],[136.6167,35.7886],[136.6167,35.7886],[136.6169,35.7884],[136.6171,35.7883],[136.6176,35.7883],[136.6178,35.7884],[136.6181,35.7883],[136.6184,35.7882],[136.6186,35.7881],[136.619,35.7882],[136.6193,35.7882],[136.6196,35.7882],[136.62,35.7883],[136.6204,35.7882],[136.6209,35.7882],[136.6213,35.7881],[136.6217,35.7879],[136.6218,35.7878],[136.6219,35.7875],[136.6219,35.7872],[136.6219,35.787],[136.622,35.7869],[136.6221,35.7868],[136.6223,35.7869],[136.623,35.7878],[136.6235,35.7881],[136.6241,35.7885],[136.6248,35.7891],[136.625,35.7891],[136.625,35.7891],[136.626,35.7894],[136.6265,35.7897],[136.6271,35.7901],[136.6276,35.7908],[136.6277,35.7911],[136.6276,35.7913],[136.6273,35.7916],[136.6272,35.7917],[136.6272,35.7917],[136.6269,35.7917],[136.6268,35.7919],[136.6268,35.7921],[136.627,35.7926],[136.6271,35.7931],[136.6271,35.7933],[136.627,35.7934],[136.6269,35.7936],[136.6267,35.7939],[136.6266,35.7943],[136.6263,35.7948],[136.6262,35.7952],[136.6261,35.7954],[136.6263,35.7961],[136.6264,35.7966],[136.6266,35.7968],[136.6269,35.7966],[136.6273,35.7963],[136.6276,35.7961],[136.6282,35.796],[136.6287,35.7959],[136.6297,35.7957],[136.6305,35.7956],[136.6315,35.7957],[136.6316,35.7957],[136.6324,35.7957],[136.6328,35.7958],[136.6332,35.7959],[136.6333,35.7959],[136.6333,35.7959],[136.6337,35.796],[136.6342,35.7962],[136.6349,35.7963],[136.6357,35.7965],[136.636,35.7966],[136.6368,35.797],[136.6379,35.7973],[136.6382,35.7975],[136.6384,35.7981],[136.6387,35.799],[136.6389,35.7996],[136.6393,35.7999],[136.6394,35.8],[136.6394,35.8],[136.6396,35.8007],[136.6398,35.8015],[136.6398,35.8017],[136.6403,35.8025],[136.6408,35.8035],[136.6416,35.8041],[136.6417,35.8043],[136.6417,35.8043],[136.6422,35.805],[136.6426,35.8053],[136.6437,35.8056],[136.6443,35.8064],[136.6447,35.8067],[136.645,35.8068],[136.6452,35.8068],[136.6464,35.8061],[136.6467,35.8058],[136.6469,35.8052],[136.6472,35.805],[136.6474,35.8048],[136.6479,35.8044],[136.6483,35.8041],[136.6488,35.8036],[136.6493,35.8029],[136.6496,35.8021],[136.6498,35.8016],[136.65,35.8014],[136.65,35.8014],[136.6503,35.8009],[136.6505,35.8006],[136.6507,35.8005],[136.6508,35.8003],[136.651,35.8],[136.651,35.8],[136.6511,35.7999],[136.6513,35.7996],[136.6514,35.7996],[136.6517,35.7994],[136.6523,35.799],[136.6525,35.7987],[136.6529,35.798],[136.653,35.7977],[136.653,35.7973],[136.653,35.797],[136.6526,35.7961],[136.6525,35.7959],[136.6524,35.7955],[136.6524,35.795],[136.6524,35.7944],[136.6525,35.7943],[136.6527,35.7938],[136.6528,35.7934],[136.6531,35.7931],[136.6532,35.7929],[136.6532,35.7926],[136.6531,35.7919],[136.6529,35.7917],[136.6529,35.7917],[136.6528,35.7914],[136.6528,35.7914],[136.6527,35.7911],[136.6527,35.7908],[136.6528,35.7905],[136.6532,35.7899],[136.6537,35.7892],[136.654,35.7888],[136.6541,35.7885],[136.654,35.7882],[136.654,35.7879],[136.6539,35.7877],[136.6538,35.7874],[136.6538,35.7873],[136.6539,35.7872],[136.654,35.7868],[136.6542,35.7864],[136.6542,35.7861],[136.6543,35.7859],[136.6546,35.7857],[136.6547,35.7856],[136.6551,35.7856],[136.6555,35.7855],[136.6558,35.7853],[136.6561,35.7848],[136.6563,35.7845],[136.6566,35.7843],[136.6569,35.7841],[136.6574,35.7839],[136.6577,35.7835],[136.658,35.7835],[136.6583,35.7835],[136.6583,35.7835],[136.6585,35.7835],[136.6602,35.7834],[136.6608,35.7836],[136.6615,35.7841],[136.6621,35.7845],[136.6632,35.7849],[136.664,35.7853],[136.6646,35.7853],[136.6652,35.7853],[136.6653,35.7853],[136.666,35.7851],[136.6661,35.7851],[136.6667,35.7859],[136.6667,35.7859],[136.6668,35.7862],[136.6674,35.7871],[136.6678,35.7876],[136.6681,35.7878],[136.6682,35.7881],[136.6682,35.7884],[136.6685,35.7886],[136.6694,35.789],[136.6698,35.7892],[136.6699,35.7894],[136.6712,35.7901],[136.6717,35.7904],[136.672,35.7908],[136.6721,35.7911],[136.6721,35.7913],[136.6726,35.7915],[136.6729,35.7915],[136.673,35.7915],[136.6737,35.7914],[136.6743,35.7913],[136.6748,35.7911],[136.6748,35.7915],[136.6748,35.7917],[136.6748,35.7917],[136.6749,35.792],[136.675,35.7922],[136.675,35.7922],[136.6752,35.7923],[136.6759,35.7926],[136.6765,35.793],[136.677,35.7933],[136.6772,35.7931],[136.6774,35.7925],[136.6776,35.7921],[136.6783,35.7917],[136.6783,35.7917],[136.6783,35.7916],[136.6787,35.7914],[136.6792,35.791],[136.6793,35.791],[136.6795,35.7909],[136.6797,35.7908],[136.68,35.7907],[136.6802,35.7906],[136.6806,35.7905],[136.6808,35.7904],[136.6808,35.7904],[136.681,35.7902],[136.6813,35.7899],[136.6814,35.7898],[136.6815,35.7898],[136.6818,35.7898],[136.6823,35.7896],[136.6826,35.7896],[136.6833,35.7895],[136.6833,35.7895],[136.6837,35.7895],[136.6849,35.7895],[136.6852,35.7895],[136.6855,35.7895],[136.686,35.7897],[136.6863,35.7898],[136.6865,35.7898],[136.6871,35.7896],[136.6876,35.7896],[136.6883,35.7898],[136.6886,35.7899],[136.6889,35.7898],[136.6898,35.7893],[136.69,35.7893],[136.6903,35.7896],[136.6907,35.7899],[136.6908,35.7899],[136.6913,35.7901],[136.6917,35.7904],[136.6917,35.7904],[136.6922,35.7909],[136.6926,35.791],[136.6937,35.7909],[136.6941,35.7909],[136.6945,35.7912],[136.695,35.7917],[136.695,35.7917],[136.6953,35.7919],[136.6958,35.7924],[136.6962,35.7928],[136.6965,35.7932],[136.6969,35.7938],[136.697,35.794],[136.6971,35.7941],[136.6974,35.794],[136.6977,35.7939],[136.6984,35.794],[136.6989,35.794],[136.6996,35.7942],[136.7,35.7942],[136.7,35.7942],[136.7,35.7942],[136.7007,35.794],[136.7012,35.7937],[136.7017,35.7933],[136.7024,35.7926],[136.7028,35.7923],[136.7031,35.7921],[136.7034,35.7921],[136.7039,35.7922],[136.7045,35.792],[136.7048,35.7918],[136.7049,35.7917],[136.7049,35.7917],[136.7049,35.7917],[136.7051,35.7914],[136.7054,35.7913],[136.7057,35.7914],[136.706,35.7917],[136.706,35.7917],[136.7062,35.7918],[136.7064,35.7919],[136.7066,35.792],[136.7069,35.7919],[136.7077,35.7917],[136.7077,35.7917],[136.7078,35.7916],[136.7082,35.7915],[136.7083,35.7915],[136.7083,35.7915],[136.709,35.7917],[136.709,35.7917],[136.709,35.7917],[136.71,35.792],[136.7103,35.7924],[136.7103,35.7926],[136.7107,35.7931],[136.7112,35.7934],[136.7114,35.7936],[136.7118,35.7942],[136.712,35.7947],[136.7127,35.7952],[136.7131,35.7954],[136.7137,35.7954],[136.714,35.7957],[136.7145,35.796],[136.7146,35.7961],[136.7149,35.7962],[136.7161,35.7964],[136.7167,35.7965],[136.7167,35.7965],[136.7167,35.7965],[136.7172,35.7968],[136.7174,35.7971],[136.7176,35.7977],[136.7182,35.7978],[136.7188,35.7982],[136.7192,35.7986],[136.7194,35.7991],[136.7196,35.7995],[136.7201,35.7999],[136.7202,35.8],[136.7202,35.8],[136.7206,35.8002],[136.7208,35.8006],[136.7209,35.801],[136.721,35.8017],[136.7212,35.8026],[136.7214,35.8029],[136.7218,35.8032],[136.722,35.8033],[136.7222,35.8034],[136.7225,35.8039],[136.7229,35.8045],[136.723,35.8047],[136.7229,35.8051],[136.7229,35.8055],[136.7229,35.8059],[136.7224,35.8064],[136.7223,35.8067],[136.7224,35.8072],[136.7225,35.8077],[136.723,35.8081],[136.7234,35.8082],[136.7238,35.8081],[136.7245,35.8081],[136.7249,35.808],[136.725,35.808],[136.725,35.808],[136.7257,35.8076],[136.7259,35.8074],[136.7265,35.8073],[136.7269,35.8073],[136.7272,35.8073],[136.7272,35.8073],[136.7279,35.8074],[136.7285,35.8074],[136.7289,35.8073],[136.7291,35.8071],[136.7295,35.807],[136.7296,35.807],[136.7304,35.807],[136.731,35.8069],[136.7316,35.8067],[136.7319,35.8066],[136.7324,35.8066],[136.733,35.8061],[136.7333,35.8059],[136.7333,35.8059],[136.7333,35.8059],[136.7336,35.8058],[136.7341,35.8056],[136.7345,35.8053],[136.7355,35.8051],[136.7359,35.8049],[136.736,35.8043],[136.736,35.8041],[136.7362,35.8041],[136.7364,35.804],[136.7366,35.804],[136.7369,35.8039],[136.7375,35.8036],[136.7377,35.8034],[136.7379,35.803],[136.738,35.8028],[136.7383,35.8026],[136.7386,35.8025],[136.7391,35.8023],[136.7393,35.8023],[136.7395,35.8022],[136.74,35.8015],[136.7404,35.8013],[136.7407,35.8011],[136.7411,35.8011],[136.7417,35.8013],[136.7417,35.8013],[136.7417,35.8014],[136.7423,35.8017],[136.7434,35.8023],[136.7438,35.8029],[136.7441,35.8032],[136.7445,35.8035],[136.7447,35.8037],[136.7449,35.804],[136.7452,35.8043],[136.7458,35.8044],[136.7466,35.8047],[136.7468,35.8049],[136.747,35.8051],[136.7474,35.8051],[136.7478,35.8052],[136.7483,35.8054],[136.7487,35.8057],[136.7494,35.8059],[136.7496,35.8059],[136.75,35.8063],[136.75,35.8063],[136.7509,35.8071],[136.752,35.8072],[136.7524,35.8073],[136.7526,35.8075],[136.7527,35.8079],[136.7529,35.8082],[136.7531,35.8083],[136.7531,35.8083],[136.7531,35.8083],[136.7533,35.8084],[136.7537,35.8085],[136.7544,35.8091],[136.7545,35.8092],[136.755,35.8095],[136.7554,35.8096],[136.7557,35.8095],[136.7559,35.8095],[136.7559,35.8095],[136.7569,35.8096],[136.7581,35.8097],[136.7583,35.8097],[136.7583,35.8097],[136.7588,35.8097],[136.7592,35.8098],[136.7602,35.8103],[136.7608,35.8105],[136.7617,35.8106],[136.7623,35.8105],[136.7629,35.8105],[136.7635,35.8106],[136.7639,35.8106],[136.7644,35.8104],[136.7648,35.8101],[136.7655,35.8094],[136.7657,35.8092],[136.7659,35.8091],[136.766,35.8091],[136.7664,35.809],[136.7667,35.809],[136.7667,35.809],[136.7668,35.809],[136.767,35.809],[136.7671,35.8089],[136.7673,35.8088],[136.7687,35.8085],[136.7689,35.8084],[136.7689,35.8083],[136.7689,35.8083],[136.7691,35.8082],[136.7693,35.8079],[136.7697,35.8077],[136.7708,35.8072],[136.7716,35.8068],[136.7718,35.8068],[136.7723,35.8068],[136.7729,35.807],[136.7732,35.807],[136.7739,35.8068],[136.7742,35.8068],[136.7744,35.8067],[136.7744,35.8066],[136.7743,35.8064],[136.7741,35.806],[136.7739,35.8056],[136.7739,35.8054],[136.7739,35.8051],[136.7741,35.8047],[136.7742,35.8044],[136.7742,35.8041],[136.7741,35.8039],[136.7737,35.8034],[136.7736,35.8031],[136.7736,35.8029],[136.7736,35.8027],[136.7738,35.8026],[136.774,35.8024],[136.7741,35.8022],[136.7742,35.8017],[136.7742,35.8013],[136.7742,35.8011],[136.774,35.8007],[136.774,35.8004],[136.774,35.8002],[136.7741,35.8],[136.7742,35.8],[136.7742,35.8],[136.7746,35.7997],[136.775,35.7995],[136.775,35.7995],[136.7757,35.799],[136.776,35.7988],[136.7762,35.7988],[136.7766,35.7988],[136.7773,35.7989],[136.7775,35.7989],[136.7776,35.7989],[136.7782,35.7988],[136.7786,35.7988],[136.7791,35.7989],[136.7796,35.7989],[136.7802,35.7988],[136.7807,35.7989],[136.7816,35.7993],[136.7819,35.7994],[136.7821,35.7994],[136.7823,35.7994],[136.7824,35.7993],[136.7826,35.7992],[136.7829,35.7986],[136.7831,35.7983],[136.7832,35.7981],[136.7833,35.7981],[136.7833,35.7981],[136.7834,35.7981],[136.7843,35.7985],[136.7855,35.7987],[136.786,35.7988],[136.7866,35.7987],[136.7874,35.7985],[136.7876,35.7986],[136.7879,35.7989],[136.7882,35.799],[136.7885,35.7991],[136.7887,35.7991],[136.7891,35.7993],[136.7893,35.7994],[136.7893,35.7994],[136.7894,35.7996],[136.7896,35.8],[136.7896,35.8],[136.7896,35.8002],[136.7898,35.8007],[136.7899,35.8009],[136.79,35.8013],[136.7899,35.8017],[136.7899,35.8021],[136.7902,35.8026],[136.7907,35.8033],[136.7909,35.8039],[136.791,35.8044],[136.7915,35.8048],[136.7917,35.805],[136.7917,35.805],[136.792,35.8053],[136.7924,35.8059],[136.7925,35.8063],[136.7926,35.8067],[136.7927,35.8069],[136.7928,35.8069],[136.7931,35.8069],[136.7934,35.807],[136.7936,35.8071],[136.7939,35.8074],[136.7948,35.8082],[136.7951,35.8083],[136.7951,35.8083],[136.7958,35.8088],[136.7959,35.8091],[136.7956,35.81],[136.7955,35.8104],[136.7955,35.8105],[136.7954,35.8108],[136.7954,35.811],[136.7954,35.8111],[136.7955,35.8113],[136.7957,35.8116],[136.7961,35.8124],[136.7966,35.8135],[136.7967,35.8138],[136.7967,35.8144],[136.7969,35.815],[136.7971,35.8161],[136.7972,35.8163],[136.7975,35.8165],[136.7977,35.8167],[136.7977,35.8167],[136.798,35.8169],[136.7981,35.8171],[136.7985,35.8177],[136.7981,35.8181],[136.7979,35.8184],[136.7978,35.8186],[136.7978,35.8187],[136.7979,35.8198],[136.7981,35.8203],[136.7983,35.8208],[136.7984,35.8212],[136.7982,35.8215],[136.7982,35.8217],[136.7981,35.8222],[136.7981,35.8227],[136.7981,35.823],[136.7979,35.8237],[136.7979,35.824],[136.798,35.8242],[136.7985,35.825],[136.7985,35.825],[136.7986,35.8251],[136.7985,35.8252],[136.7983,35.8256],[136.7982,35.8259],[136.7981,35.8263],[136.7976,35.8269],[136.7974,35.8272],[136.7973,35.8272],[136.7973,35.8275],[136.7971,35.8281],[136.7972,35.8283],[136.7973,35.8285],[136.7979,35.8289],[136.7984,35.8292],[136.7988,35.8299],[136.799,35.8303],[136.7992,35.8307],[136.7994,35.8313],[136.7995,35.832],[136.7994,35.8325],[136.7993,35.833],[136.7992,35.8333],[136.7992,35.8333],[136.7992,35.8336],[136.7993,35.8339],[136.7998,35.8346],[136.7998,35.8349],[136.7997,35.8355],[136.7998,35.8365],[136.7999,35.8372],[136.8,35.8374],[136.8,35.8374],[136.8004,35.838],[136.8007,35.8387],[136.8012,35.8394],[136.8014,35.84],[136.8017,35.841],[136.8018,35.8417],[136.8018,35.8417],[136.8019,35.8419],[136.8018,35.8427],[136.8017,35.8432],[136.802,35.8437],[136.8022,35.844],[136.8023,35.844],[136.8033,35.8437],[136.8035,35.8437],[136.8041,35.8436],[136.8046,35.8434],[136.8055,35.843],[136.8058,35.8429],[136.8061,35.8429],[136.8064,35.8429],[136.8069,35.8431],[136.8073,35.8432],[136.8077,35.8433],[136.8082,35.8433],[136.8083,35.8432],[136.8083,35.8432],[136.8085,35.8432],[136.8088,35.843],[136.8091,35.8427],[136.8093,35.8426],[136.8095,35.8426],[136.81,35.8429],[136.8103,35.843],[136.8106,35.843],[136.8109,35.843],[136.8112,35.8427],[136.8113,35.8427],[136.8115,35.8425],[136.8117,35.8425],[136.812,35.8425],[136.8122,35.8426],[136.8126,35.8428],[136.8128,35.8429],[136.8131,35.8428],[136.8134,35.8427],[136.8135,35.8427],[136.8147,35.8426],[136.8154,35.8425],[136.8159,35.8426],[136.8164,35.8428],[136.8167,35.8431],[136.8167,35.8431],[136.8168,35.8432],[136.8173,35.8437],[136.8177,35.844],[136.8179,35.8441],[136.8181,35.8441],[136.8185,35.844],[136.8188,35.844],[136.8191,35.8441],[136.8197,35.8439],[136.8201,35.8438],[136.8203,35.8438],[136.8209,35.8439],[136.8209,35.8439],[136.8212,35.844],[136.8219,35.8445],[136.8228,35.8448],[136.8234,35.8449],[136.8235,35.8449],[136.8239,35.845],[136.8243,35.8453],[136.8249,35.8453],[136.825,35.8454],[136.825,35.8454],[136.8251,35.8454],[136.8255,35.8457],[136.826,35.8459],[136.8264,35.8463],[136.8266,35.8466],[136.8269,35.8472],[136.8271,35.8479],[136.8275,35.8481],[136.8279,35.8484],[136.8285,35.8488],[136.8286,35.8489],[136.8287,35.849],[136.8292,35.8496],[136.8295,35.85],[136.8296,35.85],[136.8296,35.85],[136.8299,35.8505],[136.8301,35.8508],[136.8303,35.8514],[136.8308,35.8516],[136.8311,35.8518],[136.8311,35.8519],[136.8311,35.8522],[136.831,35.8525],[136.8309,35.8528],[136.831,35.8532],[136.8311,35.8535],[136.8315,35.8539],[136.8317,35.854],[136.8317,35.8543],[136.8317,35.8543],[136.8314,35.855],[136.8314,35.8553],[136.8314,35.8558],[136.8316,35.8563],[136.8318,35.8567],[136.8319,35.8568],[136.8322,35.8571],[136.8323,35.8572],[136.8324,35.8574],[136.8323,35.8578],[136.8322,35.8581],[136.8321,35.8583],[136.8321,35.8583],[136.832,35.8583],[136.832,35.8585],[136.832,35.8589],[136.8323,35.8592],[136.8323,35.8593],[136.8323,35.8596],[136.8321,35.8603],[136.832,35.8606],[136.8316,35.8613],[136.8313,35.8617],[136.8308,35.862],[136.8306,35.8623],[136.8306,35.8625],[136.8304,35.863],[136.8303,35.8633],[136.8302,35.8643],[136.83,35.8648],[136.8301,35.8653],[136.8301,35.8656],[136.8301,35.8658],[136.8296,35.8664],[136.8295,35.8667],[136.8295,35.8667],[136.8294,35.8668],[136.8291,35.8674],[136.8286,35.8677],[136.8281,35.8684],[136.8278,35.8688],[136.8275,35.869],[136.8273,35.8692],[136.8267,35.8694],[136.8262,35.8697],[136.8258,35.8701],[136.8257,35.8703],[136.8257,35.8711],[136.8257,35.8714],[136.8258,35.8718],[136.8262,35.8723],[136.8262,35.8724],[136.8262,35.8727],[136.8262,35.8732],[136.8261,35.8738],[136.8261,35.8743],[136.8261,35.8743],[136.8261,35.8744],[136.8261,35.8745],[136.826,35.8746],[136.8257,35.8747],[136.8252,35.8748],[136.825,35.8748],[136.825,35.8748],[136.8248,35.8748],[136.8246,35.8748],[136.8244,35.875],[136.8243,35.875],[136.8243,35.875],[136.8242,35.8752],[136.8238,35.876],[136.8233,35.8769],[136.823,35.8779],[136.8229,35.8781],[136.8229,35.8781],[136.822,35.8784],[136.821,35.8789],[136.8202,35.8794],[136.8201,35.8796],[136.8199,35.8799],[136.8196,35.8805],[136.8195,35.8807],[136.819,35.8817],[136.82,35.8821],[136.8205,35.8824],[136.8207,35.8827],[136.8209,35.883],[136.8211,35.8833],[136.8211,35.8833],[136.8213,35.8838],[136.8216,35.8842],[136.8219,35.8845],[136.8222,35.8847],[136.8225,35.8855],[136.8229,35.8864],[136.8229,35.8871],[136.8228,35.8878],[136.8227,35.8884],[136.8227,35.8887],[136.8227,35.8895],[136.8226,35.8899],[136.8226,35.8904],[136.8228,35.8908],[136.823,35.8913],[136.8233,35.8917],[136.8233,35.8917],[136.8237,35.8922],[136.8237,35.8925],[136.8238,35.8928],[136.8236,35.893],[136.8233,35.8934],[136.8227,35.8939],[136.8226,35.8943],[136.8224,35.8952],[136.8224,35.8956],[136.8223,35.896],[136.8223,35.8963],[136.8222,35.8965],[136.8218,35.8968],[136.8216,35.897],[136.8211,35.8974],[136.821,35.8976],[136.821,35.8979],[136.8211,35.8985],[136.821,35.8988],[136.8209,35.8989],[136.8203,35.8993],[136.8201,35.8995],[136.8198,35.8996],[136.8196,35.8997],[136.8195,35.8999],[136.8195,35.9],[136.8195,35.9],[136.8192,35.9008],[136.8191,35.9011],[136.8188,35.9013],[136.8185,35.9015],[136.8181,35.9017],[136.8172,35.9017],[136.8169,35.9016],[136.8167,35.9017],[136.8167,35.9017],[136.8167,35.9017],[136.8165,35.9017],[136.8164,35.9021],[136.816,35.9024],[136.8158,35.9027],[136.8157,35.903],[136.8157,35.9033],[136.8158,35.9038],[136.8163,35.9047],[136.8165,35.905],[136.8166,35.9053],[136.8165,35.9054],[136.8165,35.9057],[136.8163,35.9059],[136.816,35.9061],[136.8159,35.9062],[136.8159,35.9066],[136.8158,35.9067],[136.8157,35.9068],[136.8153,35.9068],[136.8151,35.9069],[136.8148,35.907],[136.8146,35.9071],[136.8145,35.9072],[136.8144,35.9074],[136.8144,35.9074],[136.8144,35.9076],[136.8145,35.9079],[136.8146,35.9082],[136.8146,35.9083],[136.8146,35.9083],[136.8147,35.9085],[136.8147,35.9088],[136.8145,35.9091],[136.8143,35.9093],[136.8141,35.9097],[136.814,35.9104],[136.8138,35.9107],[136.8137,35.9109],[136.8131,35.9113],[136.8129,35.9114],[136.8126,35.9115],[136.8125,35.9116],[136.8124,35.9116],[136.8122,35.9117],[136.8122,35.9119],[136.8121,35.9123],[136.812,35.9124],[136.8117,35.9126],[136.8115,35.9126],[136.8102,35.9128],[136.809,35.9129],[136.8086,35.913],[136.8083,35.913],[136.8083,35.913],[136.8083,35.913],[136.8083,35.913],[136.8078,35.9129],[136.8075,35.9127],[136.8072,35.9127],[136.8067,35.9127],[136.8062,35.9127],[136.806,35.9128],[136.8058,35.9129],[136.8057,35.9131],[136.8055,35.9138],[136.8055,35.914],[136.8053,35.9143],[136.805,35.9145],[136.8046,35.9147],[136.8036,35.9152],[136.803,35.9154],[136.803,35.9154],[136.8028,35.9155],[136.8026,35.9158],[136.802,35.9167],[136.802,35.9167],[136.802,35.9167],[136.8014,35.9174],[136.8011,35.9177],[136.8009,35.9179],[136.8007,35.918],[136.8007,35.918],[136.8005,35.9181],[136.8,35.9181],[136.8,35.9181],[136.7999,35.9181],[136.7995,35.9182],[136.7992,35.9183],[136.7991,35.9184],[136.799,35.9186],[136.7991,35.9188],[136.7994,35.9198],[136.7995,35.9203],[136.7993,35.9205],[136.799,35.9206],[136.7984,35.9208],[136.7977,35.9208],[136.7973,35.9208],[136.7969,35.9209],[136.7966,35.921],[136.7964,35.9211],[136.7962,35.921],[136.7952,35.921],[136.7949,35.9211],[136.7946,35.9213],[136.7942,35.9216],[136.7939,35.9217],[136.7937,35.9216],[136.7933,35.9213],[136.793,35.9209],[136.7925,35.9208],[136.7919,35.9208],[136.7917,35.9208],[136.7917,35.9208],[136.7917,35.9208],[136.7907,35.9208],[136.7896,35.9211],[136.7887,35.9213],[136.7885,35.9214],[136.7883,35.9215],[136.7881,35.9215],[136.7878,35.9217],[136.7876,35.9217],[136.7875,35.9218],[136.7872,35.922],[136.7868,35.9221],[136.7865,35.9223],[136.7857,35.9229],[136.7854,35.9232],[136.785,35.9237],[136.7848,35.924],[136.7846,35.9247],[136.7845,35.925],[136.7845,35.925],[136.7843,35.9253],[136.7839,35.9257],[136.7838,35.926],[136.7837,35.9264],[136.7836,35.927],[136.7838,35.9276],[136.7839,35.9278],[136.7839,35.9278],[136.7842,35.9282],[136.7849,35.9289],[136.7853,35.9298],[136.7858,35.9303],[136.7859,35.9306],[136.7859,35.9316],[136.7865,35.9324],[136.7866,35.9326],[136.7868,35.9333],[136.7868,35.9333],[136.7869,35.9336],[136.7874,35.9342],[136.7876,35.9344],[136.7878,35.9345],[136.7879,35.935],[136.7883,35.9354],[136.7889,35.9361],[136.7889,35.9361],[136.7892,35.9366],[136.7897,35.9374],[136.79,35.9377],[136.7905,35.9381],[136.7915,35.9386],[136.7917,35.9387],[136.7917,35.9387],[136.7917,35.9387],[136.7923,35.9391],[136.7926,35.9402],[136.7927,35.9404],[136.7929,35.9406],[136.7931,35.9407],[136.7934,35.9409],[136.7934,35.9411],[136.7935,35.9417],[136.7935,35.9417],[136.7935,35.9419],[136.7936,35.9425],[136.7936,35.9428],[136.7934,35.9435],[136.7933,35.9436],[136.7933,35.9438],[136.7932,35.944],[136.7932,35.9448],[136.7935,35.9456],[136.7934,35.9458],[136.7932,35.946],[136.7927,35.9462],[136.7924,35.9464],[136.7921,35.9467],[136.7919,35.9467],[136.7917,35.9467],[136.7917,35.9467],[136.7914,35.9468],[136.791,35.9472],[136.7908,35.9473],[136.7903,35.9475],[136.79,35.9477],[136.7896,35.948],[136.7893,35.9484],[136.7891,35.9487],[136.7888,35.9488],[136.7876,35.9489],[136.7871,35.9491],[136.7868,35.9491],[136.7866,35.949],[136.7864,35.949],[136.7859,35.9488],[136.7853,35.9487],[136.7849,35.9486],[136.7846,35.9487],[136.7843,35.9488],[136.7834,35.9494],[136.7833,35.9494],[136.7833,35.9494],[136.7823,35.9498],[136.7818,35.95],[136.7818,35.95],[136.7817,35.95],[136.7813,35.9503],[136.7809,35.9505],[136.7805,35.9506],[136.78,35.9505],[136.7792,35.9506],[136.7785,35.9506],[136.778,35.9507],[136.7774,35.951],[136.777,35.9512],[136.7766,35.9512],[136.7765,35.9511],[136.7761,35.951],[136.7756,35.9507],[136.775,35.9506],[136.775,35.9506],[136.775,35.9506],[136.7744,35.9506],[136.774,35.9506],[136.774,35.9506],[136.7737,35.9505],[136.7732,35.9503],[136.7721,35.9502],[136.7709,35.9504],[136.7704,35.9504],[136.77,35.9505],[136.7697,35.9506],[136.7694,35.9509],[136.7693,35.951],[136.7692,35.9512],[136.7692,35.9515],[136.7691,35.9516],[136.769,35.9517],[136.7685,35.9518],[136.7681,35.952],[136.7672,35.9526],[136.7669,35.9527],[136.7667,35.9528],[136.7667,35.9528],[136.7666,35.9528],[136.766,35.953],[136.7654,35.9531],[136.7647,35.9531],[136.7641,35.9532],[136.7638,35.9533],[136.7637,35.9534],[136.7628,35.9539],[136.7623,35.9542],[136.7617,35.9544],[136.7605,35.9546],[136.7593,35.9548],[136.759,35.9549],[136.7587,35.955],[136.7585,35.9553],[136.7583,35.9554],[136.7583,35.9554],[136.7583,35.9555],[136.7579,35.9557],[136.7573,35.9558],[136.7569,35.9558],[136.7562,35.9555],[136.7559,35.9554],[136.7555,35.9555],[136.7551,35.9558],[136.7547,35.9561],[136.7544,35.9561],[136.7539,35.9562],[136.7535,35.9562],[136.7533,35.9564],[136.7529,35.9565],[136.7522,35.9571],[136.7513,35.9578],[136.7508,35.9583],[136.7508,35.9583],[136.7503,35.9589],[136.75,35.9593],[136.75,35.9593],[136.7499,35.9594],[136.7499,35.9597],[136.7498,35.96],[136.7498,35.96],[136.7498,35.9601],[136.7498,35.9602],[136.7497,35.9606],[136.7498,35.9611],[136.7498,35.9614],[136.7497,35.9615],[136.7495,35.9616],[136.7493,35.9618],[136.7492,35.9623],[136.7488,35.9636],[136.749,35.9641],[136.7491,35.9643],[136.7493,35.9645],[136.7497,35.9648],[136.7497,35.965],[136.7498,35.9654],[136.7498,35.9656],[136.75,35.9658],[136.75,35.9658],[136.75,35.9658],[136.7502,35.966],[136.7504,35.9663],[136.7504,35.9667],[136.7504,35.9667],[136.7504,35.9668],[136.7505,35.967],[136.7509,35.9673],[136.7517,35.9675],[136.7522,35.9676],[136.7531,35.968],[136.7535,35.9681],[136.7536,35.9684],[136.7536,35.9684],[136.7536,35.9686],[136.7533,35.9691],[136.7531,35.9693],[136.753,35.9695],[136.7532,35.97],[136.7533,35.9704],[136.7533,35.9707],[136.7533,35.9711],[136.7531,35.9713],[136.7528,35.9718],[136.7526,35.9723],[136.7524,35.9728],[136.7524,35.9731],[136.7525,35.9734],[136.7525,35.9738],[136.7528,35.9744],[136.7529,35.9747],[136.7529,35.975],[136.7529,35.975],[136.7529,35.975],[136.7527,35.9753],[136.7528,35.9756],[136.7528,35.9761],[136.7528,35.9765],[136.7529,35.9769],[136.7529,35.977],[136.753,35.9773],[136.7532,35.9776],[136.7533,35.9778],[136.7533,35.9782],[136.7532,35.9791],[136.7529,35.98],[136.7525,35.9808],[136.7523,35.9817],[136.7522,35.9818],[136.7521,35.9822],[136.7521,35.9824],[136.7521,35.9827],[136.7523,35.9829],[136.7527,35.9833],[136.7527,35.9833],[136.7527,35.9833],[136.7528,35.9835],[136.7526,35.9837],[136.7525,35.9841],[136.7526,35.9847],[136.7523,35.9851],[136.7521,35.9855],[136.7519,35.9858],[136.7518,35.9861],[136.752,35.9866],[136.7519,35.9869],[136.7515,35.9873],[136.7519,35.9876],[136.7522,35.988],[136.7523,35.9883],[136.7523,35.9886],[136.7518,35.989],[136.7515,35.9894],[136.7512,35.9899],[136.7508,35.9904],[136.7503,35.9907],[136.75,35.9908],[136.75,35.9908],[136.7497,35.9909],[136.7491,35.9909],[136.7482,35.9906],[136.7479,35.9909],[136.7474,35.9912],[136.747,35.9912],[136.7468,35.9911],[136.7457,35.9914],[136.745,35.9915],[136.7444,35.9915],[136.7437,35.9915],[136.7434,35.9916],[136.7426,35.9917],[136.7426,35.9917],[136.7425,35.9917],[136.7417,35.9919],[136.7417,35.9919],[136.7414,35.9919],[136.7412,35.9921],[136.7401,35.9926],[136.7389,35.993],[136.7384,35.9932],[136.738,35.993],[136.7378,35.9929],[136.7377,35.993],[136.7375,35.9932],[136.7374,35.9933],[136.7372,35.9933],[136.737,35.9933],[136.7364,35.9933],[136.7352,35.9933],[136.7345,35.9934],[136.7344,35.9935],[136.7336,35.9939],[136.7333,35.994],[136.7333,35.994],[136.7321,35.9942],[136.7313,35.9944],[136.7302,35.9947],[136.7295,35.9947],[136.7292,35.9948],[136.7285,35.9951],[136.7276,35.9954],[136.7271,35.9956],[136.7267,35.9959],[136.7274,35.9964],[136.7284,35.9976],[136.7287,35.9991],[136.7291,36],[136.7291,36],[136.7291,36.0001],[136.7293,36.001],[136.7294,36.0015],[136.7293,36.0031],[136.7291,36.0034],[136.729,36.0039],[136.729,36.0041],[136.729,36.0042],[136.729,36.0045],[136.7291,36.0049],[136.7291,36.0055],[136.7291,36.0056],[136.729,36.006],[136.7288,36.0062],[136.7286,36.0065],[136.7284,36.0069],[136.7283,36.0073],[136.7283,36.0074],[136.7284,36.0076],[136.7285,36.0077],[136.7286,36.0077],[136.7287,36.0079],[136.7289,36.008],[136.729,36.0081],[136.729,36.0082],[136.729,36.0083],[136.729,36.0083],[136.729,36.0083],[136.729,36.0087],[136.7289,36.009],[136.7289,36.0092],[136.7289,36.0094],[136.7289,36.0095],[136.7292,36.0096],[136.7295,36.0098],[136.7297,36.01],[136.7298,36.01],[136.7301,36.0104],[136.7302,36.0106],[136.7304,36.011],[136.7306,36.0113],[136.7307,36.0116],[136.731,36.0119],[136.7312,36.0122],[136.7317,36.0125],[136.7318,36.0126],[136.732,36.0126],[136.7324,36.013],[136.7324,36.0131],[136.7323,36.0133],[136.7323,36.0134],[136.7322,36.0137],[136.732,36.014],[136.7318,36.0147],[136.7316,36.0151],[136.7315,36.0155],[136.7314,36.0158],[136.7312,36.0163],[136.7311,36.0167],[136.7311,36.0167],[136.731,36.0169],[136.731,36.0172],[136.7309,36.0174],[136.7309,36.0176],[136.7309,36.0177],[136.731,36.018],[136.731,36.0181],[136.7312,36.0183],[136.7313,36.0184],[136.7314,36.0185],[136.7315,36.0186],[136.732,36.0188],[136.7325,36.0191],[136.7331,36.0194],[136.7333,36.0196],[136.7333,36.0196],[136.7334,36.0196],[136.7337,36.02],[136.7342,36.0205],[136.7344,36.021],[136.7344,36.0211],[136.7344,36.0213],[136.7344,36.0214],[136.7343,36.0217],[136.734,36.022],[136.7336,36.0225],[136.7334,36.0231],[136.7333,36.0232],[136.7333,36.0232],[136.7333,36.0232],[136.7333,36.0236],[136.7331,36.0241],[136.733,36.0246],[136.733,36.025],[136.733,36.025],[136.733,36.0252],[136.733,36.0253],[136.733,36.0256],[136.733,36.0257],[136.733,36.0264],[136.7331,36.0267],[136.7332,36.0275],[136.7333,36.0278],[136.7333,36.0278],[136.7335,36.0282],[136.7339,36.0287],[136.7341,36.0291],[136.7343,36.0292],[136.7347,36.0297],[136.7349,36.0301],[136.7353,36.0307],[136.7354,36.0311],[136.7356,36.0318],[136.7357,36.0323],[136.7357,36.0325],[136.7357,36.0326],[136.7357,36.0329],[136.7356,36.0333],[136.7356,36.0333],[136.7355,36.0334],[136.7355,36.0335],[136.7355,36.0336],[136.7356,36.0337],[136.7356,36.0338],[136.7355,36.0341],[136.7355,36.0342],[136.735,36.0347],[136.7349,36.0347],[136.7349,36.0348],[136.7349,36.0349],[136.7351,36.0351],[136.7355,36.0354],[136.7356,36.0355],[136.7356,36.0357],[136.7356,36.036],[136.7356,36.0363],[136.7355,36.0367],[136.7354,36.0371],[136.7354,36.0375],[136.7353,36.0378],[136.7353,36.0378],[136.7353,36.0382],[136.7353,36.0385],[136.7354,36.0386],[136.7354,36.0388],[136.7356,36.0392],[136.7357,36.0394],[136.7358,36.0396],[136.7358,36.0398],[136.7358,36.0403],[136.7356,36.0409],[136.7354,36.0412],[136.7352,36.0416],[136.7351,36.0417],[136.7351,36.0417],[136.735,36.0418],[136.7349,36.0418],[136.7348,36.042],[136.7347,36.0423],[136.7348,36.0425],[136.7348,36.0426],[136.7349,36.0427],[136.7349,36.0428],[136.735,36.0428],[136.7354,36.0432],[136.7358,36.0435],[136.7359,36.0436],[136.7359,36.0437],[136.7359,36.0438],[136.7359,36.0441],[136.7358,36.0445],[136.7356,36.0451],[136.7353,36.0458],[136.7353,36.0462],[136.7353,36.0466],[136.7353,36.0467],[136.7354,36.0472],[136.7355,36.0477],[136.7355,36.0478],[136.7354,36.0479],[136.7351,36.0481],[136.7345,36.0483],[136.7339,36.0485],[136.7333,36.0486],[136.7333,36.0486],[136.733,36.0487],[136.7328,36.0489],[136.7328,36.0489],[136.733,36.0491],[136.7331,36.0492],[136.7333,36.0493],[136.7333,36.0493],[136.7333,36.0493],[136.7335,36.0493],[136.7337,36.0493],[136.7339,36.0494],[136.7344,36.0497],[136.7349,36.05],[136.7349,36.05],[136.7349,36.05],[136.7352,36.0502],[136.7353,36.0503],[136.7354,36.0505],[136.7356,36.0508],[136.7357,36.0511],[136.7358,36.0513],[136.7359,36.0514],[136.7362,36.0516],[136.7366,36.0519],[136.7371,36.0522],[136.7374,36.0524],[136.7374,36.0524],[136.7377,36.0527],[136.738,36.0529],[136.7383,36.0531],[136.7384,36.0532],[136.7386,36.0532],[136.7388,36.0532],[136.7393,36.0533],[136.7396,36.0534],[136.7398,36.0535],[136.7399,36.0536],[136.7403,36.054],[136.7404,36.0542],[136.7405,36.0543],[136.7406,36.0545],[136.7406,36.0549],[136.7405,36.0552],[136.7405,36.0555],[136.7405,36.0555],[136.7404,36.056],[136.7403,36.0564],[136.7402,36.0567],[136.74,36.0569],[136.7401,36.0569],[136.7414,36.0569],[136.7417,36.0569],[136.7417,36.0569],[136.7418,36.057],[136.7419,36.057],[136.742,36.0571],[136.7422,36.0572],[136.7424,36.0576],[136.7426,36.0579],[136.7426,36.0581],[136.7427,36.0582],[136.7429,36.0583],[136.7429,36.0583],[136.7431,36.0585],[136.7434,36.0588],[136.7436,36.059],[136.744,36.0595],[136.7443,36.0597],[136.7444,36.0599],[136.7446,36.0601],[136.7449,36.0602],[136.7452,36.0603],[136.7456,36.0603],[136.7462,36.0605],[136.7465,36.0606],[136.7469,36.0608],[136.747,36.0609],[136.7472,36.0609],[136.7482,36.0616],[136.7484,36.0617],[136.7486,36.0617],[136.7488,36.0617],[136.749,36.0617],[136.7494,36.0615],[136.7498,36.0613],[136.75,36.0612],[136.75,36.0612],[136.75,36.0612],[136.7502,36.0612],[136.7505,36.0612],[136.7511,36.0614],[136.7517,36.0617],[136.752,36.0619],[136.7527,36.0624],[136.753,36.0626],[136.7531,36.0628],[136.7532,36.0631],[136.7537,36.0638],[136.754,36.0642],[136.7544,36.0646],[136.7545,36.0647],[136.7547,36.0648],[136.7551,36.065],[136.7553,36.0651],[136.7558,36.0652],[136.7562,36.0652],[136.7571,36.0653],[136.7574,36.0654],[136.7576,36.0656],[136.7578,36.0658],[136.758,36.0664],[136.7582,36.0666],[136.7583,36.0667],[136.7583,36.0667],[136.7583,36.0667],[136.7583,36.0667],[136.7585,36.0668],[136.7588,36.067],[136.759,36.0671],[136.7595,36.0671],[136.7601,36.0672],[136.7607,36.0671],[136.7615,36.0671],[136.7619,36.0671],[136.7633,36.0674],[136.7641,36.0676],[136.7643,36.0677],[136.7643,36.0677],[136.7643,36.0678],[136.7643,36.0679],[136.7644,36.0682],[136.7647,36.0688],[136.765,36.0694],[136.765,36.0697],[136.765,36.07],[136.7649,36.0704],[136.7646,36.0709],[136.7646,36.0712],[136.7646,36.0715],[136.7644,36.072],[136.7643,36.0722],[136.7642,36.0727],[136.7641,36.0734],[136.7641,36.0742],[136.764,36.0744],[136.7638,36.0747],[136.7636,36.0749],[136.7635,36.075],[136.7635,36.075],[136.7633,36.0752],[136.7631,36.0753],[136.7628,36.0754],[136.7626,36.0757],[136.7625,36.0758],[136.7622,36.076],[136.7617,36.0762],[136.7615,36.0764],[136.7613,36.0767],[136.7611,36.077],[136.761,36.0773],[136.7608,36.0778],[136.7606,36.0781],[136.7606,36.0783],[136.7606,36.0785],[136.761,36.0788],[136.761,36.0791],[136.7609,36.0792],[136.7605,36.0797],[136.7605,36.0797],[136.7602,36.0801],[136.7598,36.0806],[136.7596,36.0807],[136.7594,36.0808],[136.7591,36.0809],[136.7589,36.0809],[136.7585,36.0808],[136.7584,36.0808],[136.7583,36.0808],[136.7583,36.0808],[136.7582,36.0809],[136.7577,36.0813],[136.7574,36.0814],[136.7573,36.0816],[136.7567,36.0826],[136.7565,36.083],[136.7564,36.0832],[136.7563,36.0833],[136.7563,36.0833],[136.7563,36.0834],[136.7562,36.0835],[136.7561,36.0836],[136.7559,36.0843],[136.7559,36.0845],[136.7558,36.0848],[136.7557,36.0851],[136.7553,36.0857],[136.7552,36.0859],[136.7548,36.0861],[136.7545,36.0862],[136.7544,36.0863],[136.7543,36.0863],[136.7544,36.0864],[136.7546,36.0866],[136.7547,36.0868],[136.7548,36.0869],[136.7548,36.0875],[136.7548,36.0878],[136.7547,36.088],[136.7546,36.0882],[136.7543,36.0887],[136.7542,36.089],[136.7541,36.0891],[136.754,36.0898],[136.754,36.09],[136.754,36.0902],[136.754,36.0904],[136.7541,36.0906],[136.7543,36.0908],[136.7545,36.091],[136.7547,36.0912],[136.7549,36.0914],[136.755,36.0916],[136.7551,36.0917],[136.7551,36.0917],[136.7553,36.0921],[136.7554,36.0925],[136.7556,36.093],[136.7558,36.0935],[136.7562,36.0943],[136.7564,36.0947],[136.7564,36.0948],[136.7564,36.0949],[136.7564,36.0951],[136.7563,36.0952],[136.7561,36.0958],[136.756,36.096],[136.7559,36.0965],[136.7558,36.0968],[136.7558,36.0972],[136.7557,36.0974],[136.7558,36.0976],[136.7558,36.0978],[136.7559,36.0979],[136.7561,36.0982],[136.7562,36.0983],[136.7562,36.0985],[136.7562,36.0989],[136.7562,36.0991],[136.7562,36.0992],[136.7563,36.0993],[136.7565,36.0994],[136.7566,36.0995],[136.757,36.0997],[136.7571,36.0998],[136.7573,36.0998],[136.7574,36.0998],[136.7575,36.0999],[136.7576,36.1],[136.7576,36.1],[136.7577,36.1],[136.7579,36.1002],[136.7582,36.1005],[136.7583,36.1006],[136.7583,36.1006],[136.7584,36.1006],[136.7587,36.1008],[136.759,36.1011],[136.7591,36.1012],[136.7592,36.1014],[136.7592,36.1014],[136.7593,36.1018],[136.7596,36.1021],[136.7597,36.1022],[136.7599,36.1024],[136.7599,36.1024],[136.7602,36.1027],[136.7605,36.103],[136.7608,36.1032],[136.761,36.1034],[136.7615,36.1037],[136.7616,36.1038],[136.7618,36.1039],[136.7621,36.1041],[136.7623,36.1042],[136.7625,36.1044],[136.7627,36.1046],[136.763,36.1048],[136.7634,36.1051],[136.7636,36.1052],[136.7638,36.1053],[136.7641,36.1053],[136.7646,36.1055],[136.7647,36.1055],[136.765,36.1056],[136.7651,36.1057],[136.7653,36.1058],[136.7653,36.1059],[136.7654,36.106],[136.7654,36.1062],[136.7654,36.1064],[136.7654,36.1066],[136.7653,36.1068],[136.7653,36.1069],[136.7654,36.1071],[136.7654,36.1073],[136.7655,36.1074],[136.7657,36.1076],[136.766,36.1081],[136.7662,36.1083],[136.7662,36.1083],[136.7663,36.1085],[136.7667,36.1089],[136.7667,36.1089],[136.7667,36.1089],[136.7668,36.1091],[136.7669,36.1092],[136.7671,36.1094],[136.7671,36.1096],[136.7671,36.1097],[136.7671,36.1099],[136.767,36.11],[136.767,36.1101],[136.767,36.1102],[136.767,36.1103],[136.767,36.1104],[136.7671,36.1106],[136.7674,36.1108],[136.7676,36.1109],[136.7678,36.111],[136.7679,36.1111],[136.7679,36.1112],[136.768,36.1114],[136.7681,36.1115],[136.7682,36.1116],[136.7684,36.1117],[136.7686,36.1118],[136.7688,36.1118],[136.7688,36.1119],[136.7688,36.1119],[136.7689,36.1124],[136.7689,36.1126],[136.7689,36.1128],[136.769,36.113],[136.7691,36.1132],[136.7691,36.1133],[136.7692,36.1134],[136.7693,36.1136],[136.7695,36.1137],[136.7697,36.1138],[136.7697,36.1139],[136.7698,36.1141],[136.7698,36.1143],[136.7699,36.1144],[136.7699,36.1147],[136.77,36.1148],[136.7702,36.1151],[136.7703,36.1153],[136.7705,36.1157],[136.7706,36.1159],[136.7705,36.116],[136.7705,36.1162],[136.7705,36.1163],[136.7704,36.1165],[136.7703,36.1167],[136.7703,36.1167],[136.7703,36.1167],[136.7701,36.1168],[136.7698,36.1172],[136.7698,36.1172],[136.7697,36.1173],[136.7696,36.1175],[136.7696,36.1178],[136.7696,36.118],[136.7696,36.1182],[136.7697,36.1183],[136.7699,36.1186],[136.77,36.1189],[136.7701,36.1191],[136.7702,36.1193],[136.7703,36.1196],[136.7703,36.1198],[136.7704,36.1199],[136.7704,36.1201],[136.7704,36.1202],[136.7703,36.1204],[136.7703,36.1208],[136.7703,36.121],[136.7703,36.1213],[136.7704,36.1217],[136.7704,36.1218],[136.7704,36.122],[136.7705,36.1222],[136.7705,36.1224],[136.7706,36.1225],[136.7707,36.1227],[136.7706,36.1232],[136.7707,36.1232],[136.7708,36.1234],[136.7709,36.1237],[136.771,36.1238],[136.7711,36.124],[136.7711,36.1241],[136.7715,36.1245],[136.7717,36.1248],[136.7719,36.125],[136.7719,36.125],[136.7719,36.125],[136.7723,36.1253],[136.7723,36.1255],[136.7724,36.1256],[136.7723,36.1257],[136.7723,36.1257],[136.7723,36.1258],[136.7723,36.126],[136.7723,36.1261],[136.7723,36.1261],[136.7723,36.1261],[136.7724,36.1262],[136.7725,36.1262],[136.7728,36.1262],[136.773,36.1262],[136.7731,36.1262],[136.7734,36.1262],[136.7736,36.1262],[136.774,36.1263],[136.7742,36.1264],[136.7744,36.1265],[136.7746,36.1266],[136.7747,36.1268],[136.7749,36.1271],[136.775,36.1273],[136.775,36.1273],[136.775,36.1273],[136.7751,36.1275],[136.7751,36.1276],[136.7753,36.1278],[136.7755,36.128],[136.7757,36.1282],[136.7758,36.1283],[136.776,36.1284],[136.776,36.1284],[136.7765,36.1287],[136.7767,36.1288],[136.7768,36.1289],[136.777,36.1289],[136.7772,36.1291],[136.7773,36.1292],[136.7775,36.1293],[136.7777,36.1293],[136.7778,36.1293],[136.7781,36.1293],[136.7783,36.1293],[136.7784,36.1293],[136.7785,36.1293],[136.7786,36.1294],[136.7786,36.1295],[136.7786,36.1296],[136.7786,36.1297],[136.7784,36.1299],[136.7783,36.13],[136.7782,36.1304],[136.7781,36.1306],[136.778,36.1307],[136.778,36.1307],[136.7779,36.1308],[136.7776,36.1309],[136.7774,36.1311],[136.7774,36.1312],[136.7773,36.1314],[136.7774,36.1316],[136.7774,36.1317],[136.7775,36.1318],[136.7777,36.132],[136.7779,36.1321],[136.7781,36.1322],[136.7783,36.1323],[136.7785,36.1324],[136.7786,36.1324],[136.7787,36.1326],[136.7788,36.1327],[136.7788,36.1329],[136.7788,36.133],[136.7788,36.1331],[136.7788,36.1332],[136.7788,36.1333],[136.7789,36.1333],[136.7789,36.1333],[136.7789,36.1334],[136.7792,36.1335],[136.7795,36.1336],[136.7796,36.1337],[136.7797,36.1338],[136.7799,36.1339],[136.7799,36.134],[136.78,36.1342],[136.78,36.1345],[136.78,36.1346],[136.78,36.1349],[136.7799,36.1352],[136.7799,36.1354],[136.7798,36.1355],[136.7798,36.1356],[136.7797,36.1357],[136.7797,36.1359],[136.7797,36.1361],[136.7797,36.1362],[136.7798,36.1364],[136.7799,36.1366],[136.7799,36.1367],[136.78,36.137],[136.78,36.1371],[136.78,36.1372],[136.7799,36.1374],[136.7799,36.1376],[136.7799,36.1376],[136.7799,36.1379],[136.7799,36.1382],[136.7799,36.1384],[136.7799,36.1386],[136.7799,36.1387],[136.7799,36.139],[136.7799,36.1392],[136.7799,36.1392],[136.7799,36.1393],[136.7798,36.1395],[136.7798,36.1395],[136.7798,36.1397],[136.7799,36.1398],[136.7801,36.1402],[136.7803,36.1406],[136.7804,36.1408],[136.7806,36.1411],[136.7807,36.1414],[136.7808,36.1415],[136.7808,36.1415],[136.7808,36.1417],[136.7808,36.1417],[136.7808,36.1417],[136.7807,36.1418],[136.7805,36.142],[136.7804,36.1421],[136.7804,36.1422],[136.7804,36.1422],[136.7803,36.1422],[136.7801,36.1422],[136.7799,36.1421],[136.7797,36.1421],[136.7795,36.1422],[136.7793,36.1423],[136.7792,36.1423],[136.7791,36.1424],[136.779,36.1424],[136.7785,36.1424],[136.7783,36.1425],[136.7781,36.1426],[136.778,36.1427],[136.7779,36.1428],[136.7777,36.143],[136.7775,36.1433],[136.7774,36.1434],[136.7773,36.1435],[136.7771,36.1436],[136.777,36.1436],[136.7768,36.1435],[136.7767,36.1435],[136.7766,36.1435],[136.7764,36.1436],[136.7762,36.1436],[136.7761,36.1437],[136.776,36.1437],[136.7759,36.1438],[136.7758,36.1439],[136.7758,36.1441],[136.7758,36.1444],[136.7758,36.1445],[136.7758,36.1446],[136.7757,36.1447],[136.7757,36.1448],[136.7757,36.145],[136.7757,36.1453],[136.7757,36.1455],[136.7757,36.1456],[136.7757,36.1459],[136.7757,36.1463],[136.7757,36.1468],[136.7757,36.1472],[136.7756,36.1473],[136.7755,36.1475],[136.7755,36.1476],[136.7755,36.1477],[136.7755,36.1477],[136.7756,36.1478],[136.7757,36.1479],[136.776,36.1481],[136.7763,36.1484],[136.7764,36.1486],[136.7765,36.1488],[136.7765,36.1489],[136.7764,36.1491],[136.7763,36.1492],[136.7763,36.1493],[136.776,36.1496],[136.7759,36.1498],[136.7758,36.1498],[136.7757,36.15],[136.7757,36.15],[136.7757,36.15],[136.7756,36.1501],[136.7753,36.1502],[136.775,36.1504],[136.775,36.1504],[136.775,36.1504],[136.7748,36.1504],[136.7744,36.1505],[136.7741,36.1506],[136.7739,36.1507],[136.7737,36.1507],[136.7736,36.1509],[136.7736,36.151],[136.7736,36.1512],[136.7736,36.1516],[136.7737,36.1519],[136.7737,36.1522],[136.7736,36.1524],[136.7736,36.1525],[136.7736,36.1526],[136.7734,36.1529],[136.7733,36.1531],[136.773,36.1536],[136.7727,36.1541],[136.7726,36.1543],[136.7724,36.1544],[136.7723,36.1546],[136.7721,36.1547],[136.772,36.1548],[136.7719,36.1549],[136.7718,36.155],[136.7718,36.1552],[136.7719,36.1553],[136.7719,36.1554],[136.772,36.1555],[136.772,36.1556],[136.7721,36.1557],[136.7724,36.1563],[136.7724,36.1564],[136.7724,36.1565],[136.7725,36.1566],[136.7727,36.1568],[136.773,36.157],[136.7732,36.1571],[136.7734,36.1571],[136.7735,36.1572],[136.7735,36.1572],[136.7735,36.1572],[136.7735,36.1573],[136.7734,36.1574],[136.7732,36.1576],[136.7729,36.1578],[136.7727,36.1579],[136.7724,36.1579],[136.7723,36.158],[136.7721,36.1581],[136.772,36.1582],[136.7719,36.1583],[136.7719,36.1583],[136.7719,36.1583],[136.7718,36.1584],[136.7717,36.1584],[136.7716,36.1586],[136.7714,36.1586],[136.7713,36.1586],[136.771,36.1587],[136.7709,36.1587],[136.7707,36.1587],[136.7706,36.1587],[136.7704,36.1587],[136.7695,36.1587],[136.7691,36.1587],[136.7689,36.1587],[136.7686,36.1588],[136.7686,36.1588],[136.7683,36.1589],[136.7682,36.159],[136.7682,36.159],[136.7681,36.1591],[136.7679,36.1593],[136.7677,36.1596],[136.7676,36.1596],[136.7675,36.1598],[136.7674,36.1599],[136.7673,36.16],[136.7672,36.16],[136.767,36.1601],[136.7667,36.1602],[136.7667,36.1602],[136.7665,36.1603],[136.7664,36.1603],[136.7664,36.1603],[136.7663,36.1603],[136.7662,36.1603],[136.7661,36.1606],[136.766,36.1609],[136.766,36.1609],[136.766,36.161],[136.7661,36.1612],[136.7662,36.1616],[136.7663,36.162],[136.7664,36.1622],[136.7664,36.1623],[136.7664,36.1625],[136.7664,36.1626],[136.7666,36.1627],[136.7667,36.1627],[136.7667,36.1627],[136.7671,36.163],[136.7673,36.1631],[136.7674,36.1633],[136.7675,36.1635],[136.7677,36.1638],[136.7678,36.1639],[136.768,36.164],[136.7684,36.1642],[136.7684,36.1642],[136.7685,36.1642],[136.7687,36.1642],[136.7689,36.1641],[136.7692,36.1641],[136.7696,36.1642],[136.7698,36.1642],[136.7698,36.1642],[136.7698,36.1641],[136.7698,36.164],[136.7697,36.1639],[136.7697,36.1638],[136.7697,36.1638],[136.77,36.1637],[136.7702,36.1636],[136.7704,36.1636],[136.7706,36.1637],[136.7709,36.1638],[136.7713,36.1639],[136.7714,36.1639],[136.7715,36.1639],[136.7716,36.1639],[136.7718,36.1639],[136.7721,36.164],[136.7723,36.164],[136.7727,36.1641],[136.773,36.1641],[136.7733,36.1641],[136.7736,36.1642],[136.7739,36.1642],[136.7743,36.1644],[136.7746,36.1645],[136.7748,36.1646],[136.775,36.1647],[136.775,36.1647],[136.775,36.1647],[136.7751,36.1648],[136.7754,36.1649],[136.7756,36.165],[136.7757,36.1651],[136.7759,36.1652],[136.776,36.1654],[136.7762,36.1655],[136.7764,36.1657],[136.7766,36.1659],[136.7769,36.1662],[136.7771,36.1663],[136.7772,36.1664],[136.7773,36.1664],[136.7777,36.1665],[136.7778,36.1665],[136.778,36.1665],[136.7783,36.1665],[136.7786,36.1665],[136.7793,36.1666],[136.7797,36.1666],[136.7803,36.1666],[136.7806,36.1667],[136.7806,36.1667],[136.781,36.1667],[136.7815,36.1667],[136.7818,36.1667],[136.7822,36.1667],[136.7827,36.1667],[136.7828,36.1667],[136.783,36.1667],[136.7831,36.1667],[136.7831,36.1667],[136.7831,36.1667],[136.7833,36.1666],[136.7833,36.1665],[136.7833,36.1665],[136.7835,36.1664],[136.7836,36.1664],[136.7838,36.1664],[136.784,36.1663],[136.7841,36.1662],[136.7843,36.1662],[136.7844,36.1661],[136.7845,36.1661],[136.785,36.1661],[136.7855,36.1661],[136.7857,36.1661],[136.786,36.1661],[136.7862,36.1661],[136.7864,36.1662],[136.7867,36.1663],[136.7868,36.1664],[136.7872,36.1667],[136.7872,36.1667],[136.7874,36.1668],[136.7876,36.1669],[136.7877,36.167],[136.788,36.1673],[136.7881,36.1674],[136.7883,36.1676],[136.7885,36.1678],[136.7888,36.168],[136.7891,36.1682],[136.7893,36.1683],[136.7894,36.1685],[136.7895,36.1686],[136.7898,36.1688],[136.7901,36.1689],[136.7904,36.1692],[136.7907,36.1695],[136.7909,36.1696],[136.791,36.1698],[136.7911,36.1699],[136.7913,36.17],[136.7916,36.1701],[136.7917,36.1701],[136.7917,36.1701],[136.7919,36.1702],[136.7923,36.1704],[136.7924,36.1705],[136.7926,36.1705],[136.793,36.1706],[136.7936,36.1708],[136.7938,36.1708],[136.7939,36.1709],[136.7944,36.1709],[136.7949,36.1711],[136.7953,36.1711],[136.7956,36.1712],[136.7962,36.1714],[136.7962,36.1714],[136.7965,36.1715],[136.7966,36.1715],[136.7968,36.1716],[136.797,36.1716],[136.7972,36.1717],[136.7973,36.1718],[136.7975,36.172],[136.7979,36.1724],[136.7979,36.1724],[136.798,36.1724],[136.7983,36.1725],[136.7984,36.1726],[136.7984,36.1726],[136.7985,36.1727],[136.7986,36.1729],[136.7987,36.1735],[136.7989,36.1739],[136.7991,36.1743],[136.7993,36.1745],[136.7994,36.1747],[136.7994,36.175],[136.7994,36.175],[136.7994,36.1751],[136.7994,36.1752],[136.7994,36.1753],[136.7994,36.1754],[136.7994,36.1759],[136.7996,36.1761],[136.7998,36.1764],[136.7999,36.1765],[136.8,36.1767],[136.8,36.1767],[136.8001,36.1769],[136.8001,36.1769],[136.8002,36.1771],[136.8002,36.1775],[136.8003,36.1778],[136.8003,36.1783],[136.8002,36.1784],[136.8003,36.1788],[136.8002,36.1791],[136.8001,36.1793],[136.8,36.1794],[136.8,36.1796],[136.8,36.1796],[136.8,36.1796],[136.8,36.1796],[136.7999,36.1798],[136.7998,36.1801],[136.7997,36.1803],[136.7996,36.1805],[136.7995,36.1809],[136.7995,36.181],[136.7994,36.1813],[136.7995,36.1815],[136.7996,36.1816],[136.7998,36.1819],[136.7999,36.1822],[136.7999,36.1825],[136.7999,36.1826],[136.8,36.1829],[136.8,36.1829],[136.8,36.1829],[136.8002,36.1833],[136.8002,36.1833],[136.8002,36.1834],[136.8003,36.1835],[136.8004,36.1837],[136.8004,36.1838],[136.8004,36.1841],[136.8006,36.1843],[136.8007,36.1845],[136.8009,36.1846],[136.8012,36.1848],[136.8016,36.1852],[136.8016,36.1852],[136.8017,36.1853],[136.8019,36.1855],[136.802,36.1857],[136.802,36.1858],[136.802,36.186],[136.802,36.1864],[136.802,36.1868],[136.802,36.187],[136.8021,36.1871],[136.8022,36.1872],[136.8023,36.1874],[136.8027,36.1878],[136.8029,36.1879],[136.803,36.188],[136.8035,36.1882],[136.8041,36.1885],[136.8041,36.1885],[136.8043,36.1886],[136.8054,36.189],[136.8055,36.189],[136.8056,36.1891],[136.8057,36.1892],[136.8057,36.1893],[136.8057,36.1894],[136.8058,36.1895],[136.8061,36.1897],[136.8063,36.1901],[136.8064,36.1902],[136.8064,36.1904],[136.8065,36.1907],[136.8066,36.1909],[136.8069,36.1916],[136.8069,36.1917],[136.8069,36.1917],[136.8071,36.192],[136.8072,36.1922],[136.8072,36.1923],[136.8073,36.1923],[136.8076,36.1925],[136.8082,36.1928],[136.8083,36.1929],[136.8083,36.1929],[136.8083,36.1929],[136.8087,36.1929],[136.8089,36.193],[136.809,36.193],[136.8091,36.1931],[136.8092,36.1932],[136.8093,36.1935],[136.8093,36.1937],[136.8093,36.194],[136.8094,36.1942],[136.8097,36.1945],[136.81,36.1948],[136.8102,36.1951],[136.8102,36.1952],[136.8102,36.1953],[136.8103,36.1954],[136.8103,36.1954],[136.8104,36.1955],[136.8105,36.1955],[136.8105,36.1956],[136.8106,36.1961],[136.8107,36.1962],[136.8108,36.1963],[136.811,36.1964],[136.8112,36.1966],[136.8118,36.1969],[136.8123,36.1971],[136.8127,36.1973],[136.8128,36.1974],[136.813,36.1976],[136.8132,36.1979],[136.8137,36.1981],[136.814,36.1983],[136.8143,36.1984],[136.8145,36.1986],[136.8145,36.1986],[136.8147,36.1988],[136.8148,36.1989],[136.815,36.1991],[136.8152,36.1993],[136.8154,36.1995],[136.8155,36.1996],[136.8158,36.1998],[136.816,36.1999],[136.8162,36.2],[136.8162,36.2],[136.8162,36.2],[136.8165,36.2001],[136.8166,36.2001],[136.8167,36.2002],[136.8167,36.2002],[136.8167,36.2002],[136.8169,36.2004],[136.8174,36.2006],[136.8177,36.2007],[136.8179,36.2009],[136.8185,36.2011],[136.8186,36.2011],[136.8187,36.2011],[136.8192,36.2008],[136.8195,36.2007],[136.8198,36.2005],[136.8201,36.2005],[136.8209,36.2002],[136.8212,36.2002],[136.8212,36.2002],[136.8216,36.2005],[136.8221,36.201],[136.8226,36.2015],[136.8227,36.2017],[136.8228,36.2018],[136.8228,36.202],[136.8228,36.2021],[136.8228,36.2025],[136.8226,36.2029],[136.8225,36.203],[136.8223,36.2031],[136.8216,36.2034],[136.8215,36.2035],[136.8213,36.2037],[136.8209,36.204],[136.8208,36.2042],[136.8205,36.2045],[136.8204,36.2047],[136.8202,36.205],[136.82,36.2053],[136.8198,36.2058],[136.8197,36.206],[136.8196,36.2062],[136.8196,36.2066],[136.8196,36.2066],[136.8196,36.2067],[136.8197,36.2068],[136.8198,36.2069],[136.8198,36.207],[136.82,36.2071],[136.8201,36.2073],[136.8201,36.2075],[136.8201,36.2078],[136.8201,36.2083],[136.8201,36.2083],[136.8201,36.2083],[136.8202,36.2086],[136.8203,36.2088],[136.8204,36.2089],[136.8208,36.2093],[136.8208,36.2094],[136.8209,36.2096],[136.8209,36.2098],[136.8209,36.2099],[136.8209,36.2099],[136.8211,36.2104],[136.8211,36.2105],[136.821,36.2106],[136.821,36.2107],[136.8211,36.2108],[136.8213,36.2109],[136.8217,36.2112],[136.8218,36.2113],[136.8219,36.2114],[136.822,36.2114],[136.8223,36.2116],[136.8225,36.2118],[136.8226,36.2119],[136.8227,36.2121],[136.8228,36.2121],[136.823,36.2124],[136.8231,36.2124],[136.8235,36.2127],[136.8237,36.2127],[136.8242,36.2129],[136.8244,36.2129],[136.8249,36.2132],[136.825,36.2132],[136.825,36.2132],[136.8252,36.2133],[136.8255,36.2133],[136.8257,36.2135],[136.8259,36.2137],[136.8262,36.214],[136.8263,36.2141],[136.8264,36.2144],[136.8264,36.2145],[136.8265,36.2147],[136.8267,36.2149],[136.8271,36.2153],[136.8273,36.2154],[136.8275,36.2155],[136.8282,36.2158],[136.8285,36.2159],[136.8292,36.2162],[136.8303,36.2167],[136.8304,36.2167],[136.8304,36.2167],[136.8307,36.2168],[136.8309,36.217],[136.8315,36.2175],[136.8316,36.2176],[136.8317,36.2177],[136.8317,36.2178],[136.8316,36.2184],[136.8316,36.2186],[136.8317,36.2188],[136.8318,36.2194],[136.832,36.2196],[136.8322,36.22],[136.8323,36.2201],[136.8322,36.2203],[136.8323,36.2205],[136.8322,36.221],[136.8322,36.2214],[136.8323,36.2218],[136.8323,36.2221],[136.8324,36.2224],[136.8324,36.2226],[136.8323,36.2229],[136.8323,36.2231],[136.8323,36.2234],[136.8323,36.2236],[136.8323,36.2236],[136.8326,36.224],[136.8328,36.2242],[136.8333,36.2247],[136.8333,36.2248],[136.8333,36.2248],[136.8333,36.2248],[136.8334,36.2249],[136.8334,36.225],[136.8334,36.225],[136.8335,36.225],[136.8338,36.2254],[136.834,36.2255],[136.8342,36.2255],[136.8345,36.2256],[136.8352,36.2259],[136.8355,36.226],[136.8358,36.2262],[136.8358,36.2263],[136.8359,36.2264],[136.8359,36.2265],[136.8359,36.2266],[136.8361,36.2269],[136.8365,36.2275],[136.8373,36.2288],[136.8376,36.2293],[136.8377,36.2294],[136.838,36.2297],[136.8383,36.2299],[136.8395,36.2304],[136.8399,36.2308],[136.8401,36.2311],[136.8404,36.2314],[136.8405,36.2316],[136.8405,36.2317],[136.8404,36.2318],[136.8401,36.232],[136.8398,36.2324],[136.8397,36.2325],[136.8397,36.2326],[136.8398,36.2327],[136.8401,36.2333],[136.8402,36.2333],[136.8402,36.2333],[136.8404,36.2335],[136.8404,36.2335],[136.8406,36.2337],[136.8411,36.2339],[136.8414,36.2341],[136.8417,36.2343],[136.8417,36.2343],[136.842,36.2344],[136.842,36.2345],[136.8421,36.2347],[136.8421,36.2349],[136.8422,36.2352],[136.8423,36.2354],[136.8423,36.2354],[136.8425,36.2357],[136.8426,36.2359],[136.8429,36.2362],[136.8434,36.2364],[136.8439,36.2368],[136.8439,36.2369],[136.8439,36.237],[136.8439,36.237],[136.8438,36.2371],[136.8439,36.2374],[136.844,36.2379],[136.8441,36.2382],[136.8444,36.2389],[136.8447,36.2395],[136.8453,36.2399],[136.8454,36.2401],[136.8459,36.2408],[136.8459,36.2408],[136.8461,36.241],[136.8463,36.2414],[136.8464,36.2416],[136.8464,36.2417],[136.8464,36.2417],[136.8464,36.2419],[136.8465,36.2421],[136.8468,36.2425],[136.8469,36.2426],[136.8468,36.2429],[136.8468,36.2431],[136.8468,36.2435],[136.8468,36.2438],[136.8468,36.244],[136.8471,36.2447],[136.8472,36.245],[136.8473,36.2456],[136.8474,36.2458],[136.8476,36.246],[136.8478,36.2462],[136.8481,36.2463],[136.8494,36.2469],[136.85,36.247],[136.85,36.247],[136.8503,36.247],[136.8506,36.247],[136.8513,36.2468],[136.8515,36.2468],[136.8515,36.2469],[136.8518,36.247],[136.8518,36.2471],[136.8518,36.2472],[136.8517,36.2474],[136.8517,36.2477],[136.8518,36.2479],[136.8517,36.2481],[136.8515,36.2484],[136.8514,36.2486],[136.8514,36.2487],[136.8513,36.2488],[136.8509,36.2492],[136.8508,36.2494],[136.8508,36.2494],[136.8507,36.2496],[136.8506,36.25],[136.8506,36.25],[136.8506,36.2501],[136.8506,36.2504],[136.8507,36.2506],[136.8509,36.2509],[136.851,36.2513],[136.8508,36.2517],[136.8507,36.2518],[136.8504,36.2519],[136.85,36.252],[136.85,36.252],[136.8499,36.252],[136.8496,36.252],[136.8492,36.2522],[136.8486,36.2523],[136.8483,36.2523],[136.8475,36.2525],[136.8473,36.2527],[136.847,36.2529],[136.8466,36.2531],[136.8464,36.2532],[136.8461,36.2531],[136.8457,36.2532],[136.8453,36.2534],[136.8451,36.2536],[136.845,36.2538],[136.8447,36.2542],[136.8445,36.2546],[136.8445,36.2548],[136.8446,36.2551],[136.8446,36.2553],[136.8445,36.2556],[136.8443,36.2558],[136.8443,36.2561],[136.8442,36.2566],[136.8441,36.2569],[136.8441,36.2573],[136.844,36.2576],[136.8441,36.2579],[136.8442,36.258],[136.8443,36.2583],[136.8444,36.2583],[136.8444,36.2583],[136.8445,36.2586],[136.8446,36.2589],[136.8443,36.2592],[136.8439,36.2595],[136.8437,36.2597],[136.8432,36.2596],[136.8426,36.2595],[136.8423,36.2595],[136.8421,36.2594],[136.842,36.2595],[136.842,36.2596],[136.8417,36.2598],[136.8417,36.2599],[136.8416,36.2599],[136.8413,36.2602],[136.841,36.2605],[136.8407,36.2606],[136.8401,36.2609],[136.8398,36.261],[136.8393,36.2609],[136.8388,36.2607],[136.8383,36.2606],[136.838,36.2606],[136.8376,36.2609],[136.8372,36.2611],[136.8364,36.2616],[136.8361,36.2618],[136.8358,36.2621],[136.8357,36.2624],[136.8355,36.2626],[136.8353,36.2631],[136.835,36.2633],[136.8348,36.2634],[136.8344,36.2638],[136.8344,36.2638],[136.8342,36.2641],[136.8341,36.2642],[136.8338,36.2646],[136.8335,36.2649],[136.8335,36.265],[136.8336,36.2652],[136.8337,36.2655],[136.8337,36.2658],[136.8334,36.2659],[136.8333,36.2659],[136.8333,36.2659],[136.833,36.266],[136.8324,36.266],[136.8322,36.266],[136.8312,36.2662],[136.8304,36.2662],[136.83,36.2661],[136.8297,36.266],[136.8292,36.266],[136.8289,36.2658],[136.8288,36.2658],[136.8284,36.2656],[136.8276,36.2654],[136.8269,36.2657],[136.8264,36.2657],[136.8256,36.2658],[136.8252,36.2659],[136.825,36.266],[136.825,36.266],[136.8248,36.266],[136.8244,36.2662],[136.824,36.2662],[136.8231,36.2663],[136.8227,36.2663],[136.8223,36.2663],[136.8215,36.266],[136.8208,36.2657],[136.8205,36.2656],[136.8201,36.2657],[136.8196,36.2658],[136.8191,36.2658],[136.8184,36.2657],[136.8183,36.2657],[136.8179,36.2657],[136.8175,36.2657],[136.817,36.2658],[136.8167,36.2659],[136.8167,36.2659],[136.8166,36.2659],[136.8163,36.266],[136.8159,36.2661],[136.8154,36.2663],[136.8149,36.2663],[136.8146,36.2664],[136.8147,36.2667],[136.8147,36.2667],[136.8147,36.2667],[136.8147,36.2668],[136.8147,36.2669],[136.8149,36.2673],[136.815,36.2677],[136.815,36.2679],[136.815,36.2684],[136.815,36.2687],[136.815,36.2689],[136.8149,36.2693],[136.8147,36.2696],[136.8146,36.2699],[136.8144,36.2703],[136.8142,36.2705],[136.814,36.2707],[136.8135,36.271],[136.8132,36.2712],[136.813,36.2714],[136.8128,36.2716],[136.8126,36.2718],[136.8124,36.272],[136.8121,36.2722],[136.8118,36.2725],[136.8115,36.2727],[136.8114,36.273],[136.811,36.2733],[136.8107,36.2734],[136.8102,36.2735],[136.8099,36.2739],[136.8096,36.274],[136.8094,36.2741],[136.809,36.2743],[136.8086,36.2746],[136.8083,36.2747],[136.8083,36.2747],[136.8083,36.2747],[136.8079,36.275],[136.8079,36.275],[136.8079,36.275],[136.8075,36.2752],[136.8068,36.2755],[136.8064,36.2756],[136.8062,36.2757],[136.806,36.2758],[136.806,36.2759],[136.8059,36.2763],[136.8059,36.2767],[136.8059,36.2769],[136.8058,36.2771],[136.8057,36.2774],[136.8056,36.2777],[136.8056,36.2777],[136.8054,36.2779],[136.8054,36.278],[136.8055,36.2783],[136.8055,36.2787],[136.8055,36.279],[136.8056,36.2794],[136.8056,36.2797],[136.8056,36.28],[136.8056,36.2805],[136.8058,36.2808],[136.8059,36.281],[136.806,36.2813],[136.806,36.2815],[136.8061,36.2818],[136.8061,36.2822],[136.8059,36.2826],[136.8059,36.2829],[136.8061,36.2833],[136.8061,36.2833],[136.8061,36.2833],[136.8061,36.2836],[136.806,36.2839],[136.806,36.2841],[136.8059,36.2844],[136.8057,36.2847],[136.8054,36.2848],[136.8051,36.2849],[136.8045,36.2851],[136.8043,36.2853],[136.8043,36.2856],[136.8043,36.2858],[136.8042,36.2859],[136.804,36.286],[136.8037,36.2862],[136.8032,36.2865],[136.8027,36.2868],[136.8025,36.287],[136.8026,36.2875],[136.8025,36.2878],[136.8024,36.2882],[136.8022,36.2885],[136.802,36.2888],[136.8018,36.289],[136.8018,36.2891],[136.8016,36.2895],[136.8014,36.2897],[136.8012,36.29],[136.8009,36.2903],[136.8005,36.2905],[136.8003,36.2905],[136.8,36.2906],[136.8,36.2906],[136.7997,36.2907],[136.7994,36.2908],[136.7991,36.2909],[136.7986,36.2911],[136.7982,36.2912],[136.7976,36.2916],[136.7975,36.2917],[136.7975,36.2917],[136.7972,36.2918],[136.7972,36.2919],[136.797,36.292],[136.7965,36.2921],[136.796,36.2923],[136.7958,36.2923],[136.7955,36.2925],[136.7954,36.2927],[136.7953,36.293],[136.7954,36.2934],[136.7954,36.2937],[136.7953,36.2941],[136.7952,36.2943],[136.7949,36.2947],[136.7946,36.2949],[136.7941,36.2955],[136.794,36.2958],[136.7939,36.2961],[136.7937,36.2968],[136.7934,36.2974],[136.7931,36.2977],[136.7927,36.2981],[136.7923,36.2985],[136.7923,36.299],[136.7923,36.2992],[136.7929,36.3],[136.7929,36.3],[136.7931,36.3002],[136.7932,36.3004],[136.7938,36.3011],[136.7939,36.3013],[136.7943,36.3016],[136.7944,36.3017],[136.7946,36.3019],[136.7948,36.3021],[136.7954,36.3027],[136.7957,36.3028],[136.7965,36.3033],[136.7967,36.3034],[136.7972,36.3036],[136.7975,36.3038],[136.7975,36.3038],[136.7978,36.304],[136.7982,36.3043],[136.7986,36.3045],[136.7989,36.3046],[136.7993,36.3047],[136.8,36.305],[136.8,36.305],[136.8,36.305],[136.8003,36.3051],[136.8012,36.3053],[136.8019,36.3054],[136.8025,36.3055],[136.8029,36.3056],[136.8034,36.3058],[136.8036,36.3059],[136.8042,36.3062],[136.8044,36.3062],[136.8048,36.3061],[136.8053,36.306],[136.8055,36.3059],[136.8059,36.3055],[136.8062,36.3053],[136.8066,36.3051],[136.8069,36.305],[136.8073,36.3048],[136.8077,36.3046],[136.808,36.3044],[136.8083,36.3043],[136.8083,36.3043],[136.8084,36.3042],[136.8088,36.304],[136.8089,36.3037],[136.809,36.3035],[136.809,36.303],[136.8091,36.3028],[136.8091,36.3027],[136.8094,36.3025],[136.8097,36.3025],[136.81,36.3027],[136.8101,36.3028],[136.8103,36.3029],[136.8108,36.3029],[136.8114,36.3029],[136.8117,36.303],[136.812,36.3031],[136.8122,36.3032],[136.8125,36.3033],[136.8129,36.3033],[136.8132,36.3033],[136.8138,36.3034],[136.814,36.3033],[136.8143,36.3031],[136.8146,36.3029],[136.8149,36.3029],[136.8152,36.3029],[136.8156,36.3029],[136.8156,36.303],[136.8158,36.3031],[136.8159,36.3032],[136.816,36.3033],[136.8164,36.3033],[136.8167,36.3034],[136.8167,36.3034],[136.8167,36.3034],[136.817,36.3034],[136.8173,36.3033],[136.8176,36.3032],[136.8179,36.3032],[136.8182,36.3032],[136.8188,36.3032],[136.8189,36.3032],[136.8192,36.3032],[136.8193,36.3032],[136.8195,36.303],[136.8198,36.3029],[136.8202,36.3029],[136.8205,36.3027],[136.8211,36.3026],[136.8214,36.3027],[136.8218,36.3027],[136.8223,36.3029],[136.8225,36.3032],[136.8228,36.3034],[136.823,36.3034],[136.8233,36.3033],[136.8235,36.3033],[136.8237,36.3032],[136.8242,36.3031],[136.8246,36.303],[136.8249,36.3029],[136.825,36.303],[136.825,36.303],[136.8254,36.303],[136.8256,36.3029],[136.8259,36.3026],[136.826,36.3026],[136.8262,36.3025],[136.8266,36.3026],[136.8268,36.3027],[136.827,36.303],[136.8269,36.3032],[136.8268,36.3036],[136.8268,36.3038],[136.8271,36.304],[136.8273,36.3041],[136.8277,36.3042],[136.8278,36.3043],[136.8279,36.3044],[136.8278,36.3044],[136.8276,36.3045],[136.8275,36.3045],[136.8275,36.3048],[136.8278,36.3049],[136.8283,36.3049],[136.8287,36.3051],[136.829,36.3052],[136.8295,36.3056],[136.8297,36.3057],[136.8301,36.3059],[136.8305,36.3062],[136.8308,36.3063],[136.8312,36.3064],[136.8317,36.3066],[136.832,36.3066],[136.8324,36.3068],[136.8324,36.307],[136.8323,36.3072],[136.8322,36.3073],[136.8319,36.3073],[136.8314,36.3074],[136.8308,36.3074],[136.8306,36.3076],[136.8304,36.3077],[136.8305,36.3083],[136.8305,36.3083],[136.8305,36.3083],[136.8305,36.3086],[136.8308,36.3094],[136.8307,36.3095],[136.8307,36.3097],[136.8307,36.31],[136.831,36.3105],[136.8311,36.3107],[136.8313,36.3111],[136.8315,36.3114],[136.8316,36.3117],[136.8317,36.312],[136.8316,36.3125],[136.8318,36.3128],[136.8322,36.313],[136.8324,36.313],[136.8325,36.3136],[136.8326,36.3141],[136.8326,36.3143],[136.8324,36.3146],[136.8324,36.3149],[136.8325,36.3154],[136.8327,36.3155],[136.8331,36.3156],[136.8333,36.3157],[136.8333,36.3157],[136.8334,36.3158],[136.8335,36.316],[136.8335,36.3162],[136.8337,36.3166],[136.8337,36.3167],[136.8337,36.3167],[136.8338,36.3167],[136.834,36.3169],[136.8343,36.317],[136.8345,36.3171],[136.8346,36.3172],[136.835,36.3179],[136.8351,36.3183],[136.8354,36.3187],[136.8355,36.3189],[136.8359,36.3192],[136.8361,36.3195],[136.8362,36.3196],[136.8363,36.3197],[136.8364,36.32],[136.8366,36.3203],[136.8366,36.3205],[136.8366,36.3207],[136.8366,36.3208],[136.8366,36.3211],[136.8369,36.3215],[136.8369,36.3215],[136.837,36.3216],[136.8371,36.3217],[136.8374,36.3222],[136.8378,36.3225],[136.8381,36.323],[136.8383,36.3232],[136.8383,36.3234],[136.8385,36.3238],[136.8384,36.3242],[136.8385,36.3245],[136.8385,36.3249],[136.8385,36.325],[136.8385,36.325],[136.8386,36.3253],[136.8388,36.3255],[136.8391,36.3258],[136.8394,36.3261],[136.8394,36.3263],[136.8397,36.3266],[136.8399,36.3268],[136.8399,36.327],[136.8399,36.3273],[136.8398,36.3277],[136.8398,36.3281],[136.8399,36.3283],[136.8399,36.3284],[136.8401,36.3286],[136.8403,36.3288],[136.8404,36.3289],[136.8405,36.3292],[136.8407,36.3296],[136.8409,36.33],[136.841,36.3302],[136.8412,36.3305],[136.8415,36.3308],[136.8417,36.3311],[136.8417,36.3311],[136.8417,36.3311],[136.8419,36.3312],[136.842,36.3316],[136.8421,36.332],[136.8423,36.3323],[136.8425,36.3327],[136.8425,36.333],[136.8425,36.3333],[136.8425,36.3333],[136.8425,36.3333],[136.8423,36.3338],[136.8422,36.3339],[136.8418,36.3345],[136.8417,36.3347],[136.8417,36.3348],[136.8417,36.3348],[136.8416,36.3349],[136.8415,36.3351],[136.8415,36.3355],[136.8414,36.3357],[136.8413,36.3359],[136.8412,36.3362],[136.8411,36.3364],[136.841,36.3366],[136.8408,36.3369],[136.8403,36.3373],[136.8398,36.3377],[136.8398,36.3378],[136.8395,36.338],[136.8393,36.3383],[136.8392,36.3384],[136.8392,36.3385],[136.8389,36.3395],[136.8388,36.3397],[136.8386,36.3405],[136.8383,36.3414],[136.8382,36.3417],[136.8382,36.3417],[136.8381,36.342],[136.838,36.3421],[136.8378,36.3425],[136.8378,36.3425],[136.8373,36.3432],[136.8373,36.3433],[136.8372,36.3435],[136.8372,36.3436],[136.8372,36.3437],[136.8373,36.3439],[136.8373,36.3439],[136.8374,36.344],[136.8375,36.3441],[136.8377,36.3442],[136.838,36.3444],[136.8382,36.3445],[136.8382,36.3446],[136.8382,36.3447],[136.8382,36.3448],[136.8382,36.3448],[136.8381,36.3449],[136.838,36.3449],[136.8378,36.3449],[136.8376,36.345],[136.8374,36.3451],[136.8373,36.3452],[136.8373,36.3453],[136.8373,36.3454],[136.8373,36.3456],[136.8373,36.3458],[136.8373,36.346],[136.8375,36.3463],[136.8375,36.3463],[136.8376,36.3465],[136.8376,36.3466],[136.8376,36.3466],[136.8375,36.3467],[136.8375,36.3467],[136.8374,36.3469],[136.8372,36.3471],[136.8371,36.3471],[136.8372,36.3472],[136.8372,36.3473],[136.8373,36.3473],[136.8376,36.3474],[136.8385,36.3476],[136.8387,36.3477],[136.8389,36.3478],[136.839,36.3479],[136.8395,36.3483],[136.8397,36.3486],[136.8397,36.3486],[136.8398,36.3487],[136.8399,36.3487],[136.84,36.3488],[136.8407,36.3492],[136.8407,36.3492],[136.8407,36.3492],[136.8416,36.3497],[136.8417,36.3497],[136.8417,36.3497],[136.8417,36.3497],[136.8418,36.3498],[136.8419,36.35],[136.842,36.35],[136.842,36.35],[136.842,36.35],[136.842,36.3501],[136.842,36.3505],[136.842,36.3506],[136.8421,36.3506],[136.8422,36.3507],[136.8424,36.3507],[136.8425,36.3507],[136.8428,36.3507],[136.843,36.3506],[136.8431,36.3506],[136.8433,36.3506],[136.8433,36.3506],[136.8434,36.3507],[136.8438,36.351],[136.844,36.3511],[136.8441,36.3511],[136.8442,36.3511],[136.8443,36.3511],[136.8444,36.3511],[136.8449,36.3508],[136.8451,36.3507],[136.8452,36.3506],[136.8453,36.3506],[136.8463,36.3507],[136.8468,36.3508],[136.847,36.3507],[136.8471,36.3507],[136.8473,36.3506],[136.8474,36.3505],[136.8475,36.3504],[136.8476,36.3503],[136.8478,36.35],[136.8478,36.35],[136.848,36.3497],[136.8482,36.3492],[136.8483,36.3491],[136.8484,36.349],[136.8485,36.349],[136.8486,36.349],[136.8487,36.349],[136.8492,36.3492],[136.8493,36.3492],[136.8494,36.3492],[136.8494,36.3492],[136.8495,36.3492],[136.8495,36.3492],[136.8496,36.3491],[136.8496,36.3491],[136.8496,36.349],[136.8496,36.3486],[136.8496,36.3485],[136.8497,36.3484],[136.8499,36.3483],[136.85,36.3482],[136.85,36.3482],[136.8501,36.3482],[136.8501,36.3482],[136.8502,36.3482],[136.8505,36.3482],[136.8508,36.3483],[136.8513,36.3484],[136.8514,36.3484],[136.8515,36.3484],[136.8516,36.3484],[136.8517,36.3483],[136.8517,36.3483],[136.8517,36.3483],[136.8517,36.3482],[136.8516,36.3476],[136.8517,36.3476],[136.8518,36.3475],[136.8518,36.3474],[136.8521,36.3474],[136.8522,36.3474],[136.8525,36.3475],[136.8529,36.3476],[136.8531,36.3477],[136.8532,36.3477],[136.8533,36.3477],[136.8538,36.3475],[136.8542,36.3474],[136.8542,36.3474],[136.8545,36.3474],[136.8547,36.3475],[136.8549,36.3475],[136.8551,36.3477],[136.8553,36.348],[136.8554,36.3482],[136.8555,36.3484],[136.8555,36.3486],[136.8555,36.3487],[136.8552,36.3492],[136.8552,36.3493],[136.8551,36.3494],[136.8552,36.3496],[136.8553,36.3496],[136.8553,36.3497],[136.8555,36.3497],[136.8556,36.3498],[136.8557,36.3498],[136.8561,36.3498],[136.8564,36.3498],[136.8566,36.3498],[136.857,36.3499],[136.8572,36.3499],[136.8574,36.3499],[136.8575,36.3499],[136.8577,36.3498],[136.8579,36.3495],[136.8582,36.3493],[136.8583,36.3493],[136.8583,36.3493],[136.8584,36.3493],[136.8584,36.3493],[136.8585,36.3492],[136.8586,36.3492],[136.859,36.3493],[136.8596,36.3494],[136.8599,36.3495],[136.8613,36.3496],[136.8616,36.3496],[136.8619,36.3495],[136.8621,36.3495],[136.8624,36.3493],[136.8626,36.3491],[136.8628,36.3491],[136.8629,36.349],[136.863,36.3491],[136.8633,36.3493],[136.8634,36.3494],[136.8638,36.3496],[136.8639,36.3497],[136.8645,36.3496],[136.8647,36.3496],[136.8651,36.3497],[136.8651,36.3497],[136.8652,36.3497],[136.8652,36.3498],[136.8652,36.3499],[136.8652,36.35],[136.8652,36.35],[136.8652,36.3502],[136.8651,36.3504],[136.8651,36.3505],[136.8652,36.3506],[136.8652,36.3506],[136.8652,36.3507],[136.8654,36.3508],[136.8659,36.3509],[136.8659,36.351],[136.866,36.351],[136.8661,36.3512],[136.8661,36.3513],[136.8661,36.3514],[136.8659,36.3519],[136.8657,36.3522],[136.8656,36.3523],[136.8655,36.3524],[136.8654,36.3525],[136.8651,36.3527],[136.8647,36.3529],[136.8646,36.353],[136.8646,36.3532],[136.8646,36.3533],[136.8647,36.3534],[136.8649,36.3535],[136.8651,36.3538],[136.8652,36.3539],[136.8652,36.354],[136.8648,36.3543],[136.8644,36.3547],[136.8642,36.3549],[136.8641,36.3551],[136.8641,36.3552],[136.8642,36.3555],[136.8646,36.356],[136.865,36.3565],[136.8659,36.3572],[136.8662,36.3575],[136.8664,36.3578],[136.8665,36.3579],[136.8666,36.358],[136.8667,36.3581],[136.8667,36.3581],[136.8669,36.3583],[136.8669,36.3583],[136.8669,36.3584],[136.8669,36.3585],[136.867,36.3589],[136.8671,36.3594],[136.8671,36.3597],[136.8672,36.3599],[136.8673,36.3602],[136.8673,36.3602],[136.8673,36.3602],[136.8675,36.3603],[136.8675,36.3603],[136.8676,36.3604],[136.8678,36.3605],[136.8679,36.3606],[136.868,36.3606],[136.868,36.3607],[136.8681,36.361],[136.8682,36.3615],[136.8684,36.3618],[136.8685,36.362],[136.8686,36.3625],[136.8686,36.3627],[136.8684,36.363],[136.8684,36.363],[136.8687,36.3636],[136.8688,36.3639],[136.8688,36.3645],[136.8687,36.3648],[136.8685,36.365],[136.8681,36.3652],[136.8681,36.3653],[136.8681,36.3654],[136.8681,36.3655],[136.8681,36.3656],[136.8683,36.3658],[136.8685,36.3659],[136.8686,36.366],[136.8687,36.366],[136.869,36.3662],[136.8693,36.3665],[136.8695,36.3667],[136.8695,36.3667],[136.8696,36.3668],[136.87,36.367],[136.8704,36.3672],[136.8711,36.3675],[136.8712,36.3675],[136.8714,36.3675],[136.872,36.3672],[136.8721,36.3672],[136.8725,36.3672],[136.8727,36.3671],[136.8728,36.367],[136.873,36.3669],[136.8732,36.3667],[136.8732,36.3667],[136.8732,36.3667],[136.8734,36.3663],[136.8734,36.366],[136.8735,36.3657],[136.8735,36.3657],[136.8736,36.3653],[136.8737,36.3649],[136.8738,36.3647],[136.8738,36.3644],[136.8738,36.3644],[136.8737,36.3641],[136.8735,36.3638],[136.8733,36.3636],[136.873,36.3634],[136.8729,36.3632],[136.8727,36.363],[136.8727,36.3628],[136.8727,36.3626],[136.8727,36.3625],[136.8727,36.3622],[136.8727,36.3619],[136.8728,36.3616],[136.873,36.3613],[136.8734,36.361],[136.8738,36.3609],[136.8741,36.3608],[136.8743,36.3608],[136.875,36.3609],[136.875,36.3609],[136.8754,36.3609],[136.8755,36.3609],[136.8756,36.3609],[136.876,36.3607],[136.8762,36.3605],[136.8763,36.3603],[136.8763,36.36],[136.8764,36.3597],[136.8763,36.3593],[136.8763,36.359],[136.8763,36.3586],[136.8763,36.3583],[136.8763,36.3583],[136.8763,36.3583],[136.8763,36.3579],[136.8763,36.3576],[136.8763,36.3576],[136.8762,36.3574],[136.8761,36.3572],[136.876,36.357],[136.876,36.3569],[136.876,36.3568],[136.8759,36.3567],[136.876,36.3564],[136.876,36.3564],[136.876,36.3563],[136.8761,36.3562],[136.8761,36.3559],[136.876,36.3556],[136.8759,36.3555],[136.8759,36.3555],[136.8758,36.3554],[136.8756,36.3553],[136.8756,36.3553],[136.8754,36.3552],[136.8754,36.3552],[136.8751,36.355],[136.875,36.355],[136.875,36.355],[136.8749,36.3549],[136.8746,36.3548],[136.8744,36.3546],[136.8743,36.3545],[136.8742,36.3543],[136.874,36.3542],[136.874,36.3541],[136.8739,36.354],[136.8737,36.3537],[136.8736,36.3535],[136.8735,36.3534],[136.8735,36.3533],[136.8734,36.3533],[136.8733,36.3532],[136.8733,36.3532],[136.8729,36.3531],[136.8725,36.3531],[136.872,36.3532],[136.8714,36.3533],[136.8713,36.3533],[136.8708,36.3534],[136.8707,36.3534],[136.8706,36.3533],[136.8704,36.3531],[136.8701,36.3527],[136.8699,36.3525],[136.8697,36.352],[136.8696,36.3517],[136.8696,36.3507],[136.8697,36.35],[136.8697,36.35],[136.8697,36.3497],[136.8699,36.3493],[136.8699,36.3492],[136.8702,36.349],[136.8702,36.3489],[136.8704,36.3489],[136.8705,36.3489],[136.8711,36.3492],[136.8711,36.3492],[136.872,36.3496],[136.8721,36.3496],[136.8724,36.3496],[136.8732,36.3497],[136.8734,36.3497],[136.8741,36.3499],[136.8744,36.35],[136.8744,36.35],[136.8744,36.35],[136.8745,36.35],[136.8745,36.35],[136.8749,36.3501],[136.875,36.3501],[136.875,36.3501],[136.875,36.3502],[136.8751,36.3502],[136.8751,36.3502],[136.8752,36.3502],[136.8752,36.3502],[136.8754,36.3502],[136.8757,36.3501],[136.8758,36.35],[136.8758,36.35],[136.8759,36.3497],[136.8761,36.349],[136.8764,36.3481],[136.8766,36.3471],[136.8765,36.3469],[136.8761,36.3464],[136.876,36.3463],[136.8755,36.3459],[136.8752,36.3456],[136.8751,36.3455],[136.875,36.3455],[136.875,36.3454],[136.875,36.3454],[136.8746,36.3451],[136.8745,36.3448],[136.8744,36.3446],[136.8743,36.3442],[136.8742,36.3436],[136.8742,36.3433],[136.8744,36.343],[136.8748,36.3428],[136.875,36.3428],[136.875,36.3428],[136.875,36.3428],[136.8751,36.3427],[136.8757,36.3431],[136.8758,36.3432],[136.8762,36.3436],[136.8763,36.3437],[136.8764,36.3438],[136.8766,36.3439],[136.8772,36.3443],[136.8773,36.3444],[136.8776,36.3445],[136.8779,36.3447],[136.878,36.3448],[136.8783,36.3449],[136.8786,36.3449],[136.8788,36.3449],[136.8791,36.3448],[136.8798,36.344],[136.8801,36.3435],[136.8803,36.3433],[136.8805,36.343],[136.8808,36.3426],[136.881,36.3424],[136.8816,36.3421],[136.8819,36.3419],[136.8823,36.3419],[136.8828,36.342],[136.8832,36.3422],[136.8832,36.3423],[136.8833,36.3423],[136.8833,36.3423],[136.8836,36.3425],[136.8839,36.3427],[136.884,36.343],[136.8843,36.3432],[136.8846,36.3436],[136.8847,36.3438],[136.8851,36.3441],[136.8854,36.3444],[136.8856,36.3445],[136.8859,36.3447],[136.8863,36.345],[136.8866,36.3452],[136.887,36.3454],[136.8875,36.3456],[136.8877,36.3457],[136.8882,36.3459],[136.8885,36.3459],[136.8886,36.3459],[136.8889,36.3459],[136.8893,36.3458],[136.8898,36.3456],[136.8901,36.3456],[136.8902,36.3456],[136.8903,36.3458],[136.8905,36.3462],[136.8906,36.3465],[136.8907,36.3468],[136.8908,36.347],[136.8911,36.3471],[136.8914,36.3473],[136.8917,36.3474],[136.8917,36.3474],[136.8918,36.3475],[136.8922,36.3477],[136.8925,36.3478],[136.8929,36.3481],[136.8935,36.3483],[136.8939,36.3486],[136.8944,36.349],[136.8948,36.3495],[136.895,36.3497],[136.8952,36.3498],[136.8953,36.35],[136.8953,36.35],[136.8955,36.3502],[136.8956,36.3502],[136.8958,36.3504],[136.896,36.3506],[136.8964,36.351],[136.8969,36.3513],[136.897,36.3516],[136.897,36.3521],[136.897,36.3522],[136.897,36.3523],[136.897,36.3529],[136.8969,36.3531],[136.8971,36.3533],[136.8975,36.3533],[136.8981,36.3533],[136.8983,36.3533],[136.8988,36.3533],[136.8989,36.3534],[136.899,36.3534],[136.8992,36.3535],[136.8995,36.3537],[136.8997,36.3538],[136.9,36.354],[136.9,36.354],[136.9001,36.3541],[136.9004,36.3544],[136.9006,36.3545],[136.901,36.3548],[136.9014,36.3551],[136.9016,36.3552],[136.9019,36.3554],[136.9023,36.3555],[136.9028,36.3555],[136.9031,36.3557],[136.9035,36.356],[136.9036,36.3563],[136.9037,36.3566],[136.9039,36.3571],[136.904,36.3573],[136.9041,36.3576],[136.9041,36.3576],[136.9042,36.3577],[136.9044,36.3578],[136.9046,36.3582],[136.9046,36.3583],[136.9046,36.3583],[136.9047,36.3586],[136.905,36.3589],[136.9053,36.359],[136.9055,36.3593],[136.9058,36.3597],[136.906,36.36],[136.9063,36.3603],[136.9064,36.3603],[136.9067,36.3604],[136.907,36.3604],[136.9073,36.3606],[136.9075,36.3608],[136.9075,36.3608],[136.908,36.3605],[136.9083,36.3602],[136.9083,36.36],[136.9083,36.36],[136.9083,36.36],[136.9088,36.3596],[136.9092,36.3594],[136.9099,36.3591],[136.9103,36.3588],[136.9109,36.3585],[136.9112,36.3583],[136.9112,36.3583],[136.9113,36.3583],[136.912,36.358],[136.9125,36.3579],[136.9131,36.3576],[136.9136,36.3575],[136.914,36.3574],[136.9143,36.3573],[136.9149,36.3572],[136.9153,36.3571],[136.9156,36.357],[136.916,36.357],[136.9161,36.357],[136.9162,36.3569],[136.9162,36.3568],[136.9166,36.3566],[136.9167,36.3566],[136.9167,36.3566],[136.9167,36.3565],[136.917,36.3563],[136.9174,36.3562],[136.9176,36.3561],[136.9184,36.3558],[136.9187,36.3556],[136.9193,36.3554],[136.9197,36.3554],[136.92,36.3553],[136.9203,36.3553],[136.9209,36.3553],[136.9212,36.3553],[136.9216,36.3552],[136.9219,36.355],[136.9221,36.355],[136.9224,36.355],[136.9228,36.355],[136.9231,36.3549],[136.9236,36.3547],[136.9241,36.3545],[136.9244,36.3543],[136.9247,36.3542],[136.925,36.3541],[136.925,36.3541],[136.9251,36.3541],[136.9254,36.3539],[136.9255,36.3538],[136.9257,36.3537],[136.9259,36.3534],[136.9262,36.3528],[136.9263,36.3528],[136.9266,36.3525],[136.9267,36.3523],[136.9271,36.3521],[136.9275,36.3521],[136.928,36.352],[136.9283,36.3519],[136.9286,36.3517],[136.9291,36.3514],[136.9293,36.3512],[136.9296,36.351],[136.9299,36.3507],[136.9301,36.3505],[136.9305,36.3502],[136.9308,36.35],[136.9308,36.35],[136.9308,36.35],[136.931,36.3498],[136.9314,36.3495],[136.9317,36.3492],[136.9319,36.349],[136.9322,36.3486],[136.9324,36.3485],[136.9328,36.3483],[136.9333,36.3482],[136.9333,36.3482],[136.9333,36.3482],[136.9337,36.3482],[136.934,36.3483],[136.9345,36.3483],[136.935,36.3482],[136.9351,36.3482],[136.9353,36.3482],[136.9358,36.3482],[136.9361,36.3484],[136.9365,36.3485],[136.9368,36.3487],[136.9371,36.3488],[136.9374,36.3488],[136.9376,36.3489],[136.938,36.3491],[136.9385,36.3493],[136.9388,36.3493],[136.9391,36.3493],[136.9394,36.3493],[136.9396,36.3492],[136.94,36.349],[136.9404,36.3488],[136.9406,36.3486],[136.941,36.3484],[136.9414,36.3481],[136.9417,36.3479],[136.9417,36.3479],[136.9417,36.3479],[136.9419,36.3477],[136.9423,36.3475],[136.9427,36.3473],[136.943,36.3472],[136.9435,36.3471],[136.9439,36.347],[136.9442,36.3469],[136.9445,36.3467],[136.9446,36.3466],[136.9447,36.3465],[136.9448,36.3465],[136.9451,36.3462],[136.9455,36.3461],[136.946,36.346],[136.9463,36.3459],[136.9468,36.3458],[136.9468,36.3458],[136.947,36.3457],[136.9471,36.3455],[136.947,36.3452],[136.9471,36.3449],[136.9472,36.3447],[136.9474,36.3446],[136.9476,36.3443],[136.9478,36.344],[136.948,36.3436],[136.9481,36.3433],[136.9485,36.3429],[136.9486,36.3428],[136.9489,36.3427],[136.9491,36.3424],[136.9496,36.3421],[136.9497,36.3419],[136.9497,36.3417],[136.9497,36.3417],[136.9497,36.3416],[136.95,36.3411],[136.95,36.3411],[136.95,36.3411],[136.9501,36.341],[136.9502,36.3409],[136.9503,36.3406],[136.9504,36.3403],[136.9504,36.3401],[136.9506,36.3398],[136.9509,36.3395],[136.9511,36.3392],[136.9515,36.3392],[136.9519,36.3393],[136.9524,36.3394],[136.9527,36.3394],[136.9527,36.3394],[136.9532,36.3394],[136.9536,36.3394],[136.954,36.3394],[136.9546,36.3394],[136.9549,36.3394],[136.9551,36.3391],[136.9553,36.3387],[136.9553,36.3385],[136.9556,36.3381],[136.9558,36.3378],[136.956,36.3375],[136.9562,36.3372],[136.9564,36.3369],[136.9565,36.3367],[136.9566,36.3364],[136.9569,36.3361],[136.9571,36.3355],[136.9577,36.3343],[136.9578,36.3341],[136.9578,36.3339],[136.9579,36.3333],[136.9579,36.3333],[136.9579,36.3331],[136.9581,36.3324],[136.9581,36.332],[136.9581,36.3316],[136.9582,36.3315],[136.9582,36.3314],[136.9583,36.3313],[136.9583,36.3313],[136.9584,36.3313],[136.9591,36.3311],[136.9592,36.331],[136.9593,36.3309],[136.9594,36.3307],[136.9601,36.3298],[136.9602,36.3296],[136.9604,36.3291],[136.9605,36.3288],[136.9612,36.328],[136.9614,36.3276],[136.9614,36.3276],[136.9615,36.3275],[136.9614,36.3273],[136.9612,36.327],[136.9607,36.3264],[136.9606,36.3263],[136.9604,36.3259],[136.9603,36.3255],[136.9603,36.3254],[136.9604,36.3252],[136.9605,36.325],[136.9605,36.325],[136.9605,36.325],[136.9606,36.3247],[136.9606,36.3246],[136.9606,36.3245],[136.9607,36.3243],[136.9609,36.324],[136.9611,36.3237],[136.9613,36.3233],[136.9614,36.3229],[136.9616,36.3228],[136.9617,36.3226],[136.9622,36.3223],[136.9627,36.3219],[136.9629,36.3215],[136.9632,36.321],[136.9635,36.3205],[136.9636,36.3202],[136.9637,36.3199],[136.9637,36.3196],[136.9638,36.3192],[136.9639,36.3191],[136.9641,36.3188],[136.9643,36.3187],[136.9644,36.3186],[136.9645,36.3186],[136.9647,36.3185],[136.9651,36.3185],[136.9652,36.3185],[136.9667,36.318],[136.9667,36.318],[136.9668,36.3179],[136.9676,36.3177],[136.9681,36.3174],[136.9692,36.3167],[136.9692,36.3167],[136.9694,36.3166],[136.9702,36.3162],[136.9706,36.316],[136.971,36.3157],[136.9711,36.3155],[136.9712,36.3153],[136.9716,36.3143],[136.9716,36.3142],[136.9718,36.3136],[136.972,36.3128],[136.9721,36.3123],[136.9721,36.3115],[136.9721,36.3113],[136.9721,36.311],[136.9722,36.3107],[136.9724,36.3105],[136.9725,36.3104],[136.9729,36.3102],[136.9729,36.3102],[136.9729,36.3102],[136.9732,36.31],[136.9733,36.3099],[136.9733,36.3099],[136.9733,36.3098],[136.9732,36.3097],[136.973,36.3096],[136.9725,36.3093],[136.9714,36.3083],[136.9714,36.3083],[136.9713,36.3082],[136.9708,36.3078],[136.97,36.3066],[136.9693,36.3056],[136.9689,36.3052],[136.9688,36.305],[136.9688,36.3049],[136.9689,36.3048],[136.9689,36.3046],[136.969,36.3044],[136.969,36.304],[136.9689,36.3036],[136.9687,36.3033],[136.9685,36.3027],[136.9683,36.3018],[136.9682,36.3012],[136.9681,36.3006],[136.9679,36.3003],[136.9677,36.3],[136.9677,36.3],[136.9677,36.3],[136.9675,36.2997],[136.9674,36.2994],[136.9673,36.2992],[136.9673,36.2989],[136.9674,36.2986],[136.9675,36.2984],[136.9676,36.2982],[136.9679,36.2978],[136.968,36.2976],[136.968,36.2972],[136.968,36.2968],[136.9678,36.2962],[136.9675,36.2958],[136.9672,36.2956],[136.967,36.2956],[136.9668,36.2955],[136.9667,36.2955],[136.9667,36.2955],[136.9657,36.2954],[136.9655,36.2953],[136.9655,36.2953],[136.9655,36.2952],[136.9657,36.295],[136.9659,36.2946],[136.9659,36.2945],[136.9657,36.2936],[136.9656,36.2932],[136.9657,36.2927],[136.9657,36.2925],[136.9655,36.2922],[136.9654,36.2921],[136.9651,36.2919],[136.9647,36.2917],[136.9647,36.2917],[136.9647,36.2917],[136.9643,36.2913],[136.9642,36.2911],[136.9641,36.2909],[136.9639,36.2907],[136.9637,36.2906],[136.9631,36.2904],[136.9629,36.2903],[136.9627,36.2902],[136.9625,36.29],[136.9618,36.2891],[136.961,36.2884],[136.9605,36.2878],[136.9603,36.2873],[136.9602,36.2869],[136.9602,36.2865],[136.9604,36.2863],[136.9609,36.2858],[136.9611,36.2857],[136.9614,36.2851],[136.9616,36.2848],[136.9616,36.2847],[136.9616,36.2846],[136.9615,36.2843],[136.9613,36.284],[136.9611,36.2838],[136.9609,36.2836],[136.9606,36.2834],[136.9605,36.2833],[136.9605,36.2833],[136.9604,36.2833],[136.9601,36.2832],[136.9596,36.2831],[136.9592,36.2828],[136.9588,36.2825],[136.9586,36.2823],[136.9584,36.2817],[136.9583,36.2814],[136.9583,36.2814],[136.9583,36.2814],[136.9583,36.2813],[136.958,36.281],[136.9577,36.2803],[136.9576,36.2802],[136.9574,36.28],[136.9574,36.28],[136.9577,36.2796],[136.9579,36.2793],[136.958,36.2789],[136.958,36.2788],[136.9579,36.2785],[136.9578,36.2782],[136.9577,36.2781],[136.9577,36.2779],[136.9578,36.2778],[136.958,36.2778],[136.9582,36.2777],[136.9583,36.2777],[136.9583,36.2777],[136.9595,36.2774],[136.9596,36.2774],[136.9598,36.2773],[136.96,36.2771],[136.96,36.2771],[136.9602,36.277],[136.9604,36.277],[136.9608,36.2771],[136.9611,36.2771],[136.9614,36.2771],[136.9616,36.2771],[136.962,36.277],[136.9629,36.2769],[136.9633,36.2769],[136.9635,36.2769],[136.9635,36.2769],[136.9637,36.277],[136.964,36.2771],[136.9643,36.2772],[136.9644,36.2772],[136.9645,36.2772],[136.9648,36.2771],[136.965,36.2771],[136.9652,36.2771],[136.9655,36.2773],[136.9656,36.2775],[136.9657,36.2775],[136.9658,36.2777],[136.9659,36.2777],[136.9661,36.2778],[136.9663,36.2778],[136.9665,36.2777],[136.9666,36.2776],[136.9667,36.2775],[136.9667,36.2775],[136.9667,36.2774],[136.9668,36.2772],[136.9669,36.2768],[136.967,36.2766],[136.9673,36.2763],[136.9673,36.2761],[136.9674,36.2758],[136.9675,36.2755],[136.9675,36.2754],[136.9677,36.2753],[136.9679,36.2752],[136.9679,36.2752],[136.9681,36.2752],[136.9683,36.2753],[136.9685,36.2754],[136.9687,36.2754],[136.9689,36.2756],[136.9692,36.276],[136.9696,36.2765],[136.9707,36.2777],[136.9707,36.2777],[136.9709,36.2777],[136.971,36.2776],[136.9711,36.2772],[136.9713,36.2769],[136.9715,36.2767],[136.9717,36.2765],[136.9718,36.2764],[136.9721,36.2758],[136.9721,36.2757],[136.9722,36.2757],[136.9724,36.2756],[136.9725,36.2756],[136.9726,36.2755],[136.9728,36.2752],[136.9728,36.2752],[136.9729,36.2752],[136.9732,36.2752],[136.9735,36.2752],[136.9737,36.2752],[136.9738,36.2751],[136.9739,36.275],[136.9739,36.275],[136.974,36.2749],[136.9742,36.2748],[136.9744,36.2747],[136.975,36.2744],[136.975,36.2744],[136.9752,36.2744],[136.9753,36.2744],[136.9754,36.2744],[136.9754,36.2745],[136.9755,36.275],[136.9755,36.275],[136.9756,36.2751],[136.9757,36.2753],[136.9759,36.2756],[136.9761,36.2758],[136.9762,36.2759],[136.9764,36.276],[136.9766,36.2761],[136.9767,36.2761],[136.9769,36.2761],[136.9772,36.2761],[136.9775,36.2762],[136.9782,36.2766],[136.9787,36.2769],[136.9788,36.2769],[136.9789,36.2771],[136.979,36.2771],[136.9791,36.2772],[136.9794,36.2773],[136.9798,36.2775],[136.9799,36.2776],[136.98,36.2777],[136.98,36.2778],[136.98,36.2789],[136.98,36.2791],[136.9801,36.2792],[136.9802,36.2793],[136.9805,36.2794],[136.9807,36.2794],[136.981,36.2794],[136.9816,36.2795],[136.982,36.2796],[136.9824,36.2798],[136.9826,36.28],[136.9827,36.2803],[136.9829,36.2806],[136.9832,36.2811],[136.9833,36.2812],[136.9833,36.2812],[136.9833,36.2812],[136.9835,36.2812],[136.9835,36.2812],[136.9842,36.2813],[136.9844,36.2814],[136.9845,36.2814],[136.9848,36.2817],[136.9854,36.2823],[136.9856,36.2823],[136.9857,36.2824],[136.9859,36.2824],[136.9862,36.2823],[136.9864,36.2824],[136.9865,36.2825],[136.9866,36.2826],[136.9868,36.2829],[136.9869,36.2832],[136.9868,36.2833],[136.9868,36.2833],[136.9868,36.2835],[136.9867,36.2837],[136.9865,36.2838],[136.986,36.284],[136.9858,36.2841],[136.9856,36.2842],[136.9856,36.2843],[136.9856,36.2845],[136.9856,36.2847],[136.986,36.2859],[136.9861,36.2862],[136.9862,36.2863],[136.9863,36.2863],[136.9864,36.2863],[136.9864,36.2863],[136.987,36.2861],[136.9876,36.286],[136.9881,36.2859],[136.9882,36.2859],[136.9883,36.286],[136.9885,36.2862],[136.9886,36.2863],[136.9887,36.2864],[136.9892,36.2865],[136.9894,36.2865],[136.9896,36.2867],[136.9899,36.2869],[136.9901,36.2871],[136.9903,36.2872],[136.9905,36.2872],[136.9914,36.287],[136.9915,36.287],[136.9917,36.2871],[136.9917,36.2871],[136.992,36.2873],[136.9922,36.2873],[136.9925,36.2873],[136.9943,36.2877],[136.9945,36.2877],[136.995,36.2877],[136.9957,36.2876],[136.9962,36.2877],[136.9963,36.2877],[136.9966,36.287],[136.9967,36.2864],[136.997,36.2861],[136.9973,36.286],[136.9975,36.286],[136.9977,36.2861],[136.998,36.2862],[136.9986,36.2865],[136.999,36.2867],[136.9992,36.2867],[136.9998,36.2867],[137,36.2867],[137,36.2867],[137.0002,36.2867],[137.0005,36.2868],[137.0009,36.2868],[137.0015,36.2869],[137.0018,36.2869],[137.0026,36.2869],[137.0027,36.2869],[137.0028,36.287],[137.0029,36.2871],[137.0029,36.2872],[137.003,36.2875],[137.003,36.2876],[137.0031,36.2877],[137.0034,36.2878],[137.0036,36.2879],[137.0039,36.2878],[137.0043,36.2878],[137.0046,36.2877],[137.0048,36.2877],[137.0055,36.2881],[137.0061,36.2884],[137.0064,36.2887],[137.0071,36.2891],[137.0075,36.2893],[137.0077,36.2895],[137.0078,36.2897],[137.0078,36.2901],[137.0077,36.2906],[137.0076,36.2914],[137.0076,36.2917],[137.0076,36.2917],[137.0076,36.2917],[137.0076,36.2917],[137.0077,36.2919],[137.0078,36.2921],[137.0079,36.2922],[137.0082,36.2922],[137.0083,36.2922],[137.0083,36.2922],[137.0086,36.2923],[137.0092,36.2924],[137.0096,36.2924],[137.0103,36.2925],[137.0105,36.2926],[137.0108,36.2927],[137.0112,36.293],[137.0115,36.2931],[137.0117,36.2931],[137.012,36.2931],[137.0124,36.2931],[137.0126,36.2931],[137.0126,36.2932],[137.0127,36.2934],[137.0127,36.2935],[137.0125,36.2937],[137.0122,36.2938],[137.0118,36.294],[137.0115,36.2941],[137.0112,36.2945],[137.011,36.2948],[137.0108,36.295],[137.0108,36.2954],[137.0108,36.2958],[137.0108,36.2961],[137.0109,36.2963],[137.011,36.2966],[137.011,36.2968],[137.011,36.2969],[137.0111,36.2971],[137.0111,36.2973],[137.011,36.2974],[137.0109,36.2977],[137.0108,36.2979],[137.0108,36.298],[137.011,36.2982],[137.0113,36.2984],[137.0115,36.2984],[137.0121,36.2986],[137.0122,36.2987],[137.0123,36.2988],[137.0124,36.299],[137.0124,36.2992],[137.0124,36.2992],[137.0123,36.2993],[137.0121,36.2995],[137.0121,36.2996],[137.0123,36.2998],[137.0126,36.2999],[137.0128,36.3],[137.0128,36.3],[137.0128,36.3],[137.013,36.3002],[137.0133,36.3006],[137.0134,36.3008],[137.0135,36.3009],[137.0138,36.3009],[137.0141,36.301],[137.0142,36.301],[137.0143,36.3011],[137.0143,36.3012],[137.0142,36.3015],[137.0142,36.3018],[137.0142,36.3021],[137.0141,36.3022],[137.014,36.3024],[137.014,36.3026],[137.0141,36.3028],[137.0142,36.303],[137.0144,36.3033],[137.0144,36.3035],[137.0144,36.3037],[137.0144,36.3039],[137.0145,36.304],[137.0145,36.3042],[137.0147,36.3043],[137.015,36.3044],[137.0158,36.3048],[137.0163,36.3049],[137.0166,36.305],[137.0167,36.3051],[137.0167,36.3051],[137.0168,36.3053],[137.0171,36.3055],[137.0172,36.3056],[137.0178,36.306],[137.0179,36.3061],[137.018,36.3063],[137.0182,36.3066],[137.0183,36.3069],[137.0185,36.3071],[137.0186,36.3072],[137.019,36.3074],[137.0194,36.3076],[137.0196,36.3076],[137.0199,36.3076],[137.0203,36.3077],[137.0203,36.3077],[137.0206,36.3082],[137.0207,36.3083],[137.0207,36.3083],[137.0207,36.3084],[137.021,36.3087],[137.0212,36.309],[137.0213,36.3092],[137.0211,36.3094],[137.0209,36.3098],[137.0209,36.31],[137.0209,36.31],[137.0205,36.3102],[137.0204,36.3104],[137.0204,36.3105],[137.0204,36.3106],[137.0204,36.3107],[137.0203,36.3107],[137.0202,36.3107],[137.0199,36.3107],[137.0195,36.3105],[137.0193,36.3105],[137.0191,36.3107],[137.0189,36.3108],[137.0188,36.3109],[137.0184,36.3111],[137.0182,36.3113],[137.0182,36.3115],[137.0182,36.3117],[137.0183,36.3122],[137.0183,36.3127],[137.0182,36.3133],[137.0182,36.3138],[137.0182,36.314],[137.0182,36.314],[137.0181,36.3141],[137.0179,36.3141],[137.0179,36.3143],[137.0179,36.3143],[137.0179,36.3144],[137.018,36.3144],[137.0181,36.3144],[137.0183,36.3145],[137.0185,36.3145],[137.0185,36.3146],[137.0185,36.3146],[137.0184,36.3147],[137.0182,36.315],[137.0181,36.3152],[137.0181,36.3154],[137.0183,36.3157],[137.0184,36.3159],[137.0185,36.3159],[137.0186,36.3159],[137.0191,36.3158],[137.0193,36.3158],[137.0193,36.3158],[137.0194,36.3159],[137.0196,36.316],[137.0197,36.3162],[137.0197,36.3164],[137.0195,36.3167],[137.0195,36.3167],[137.0194,36.3168],[137.0193,36.3172],[137.0195,36.3178],[137.0196,36.3181],[137.0197,36.3183],[137.0199,36.3183],[137.0203,36.3183],[137.0205,36.3183],[137.0207,36.3184],[137.0211,36.3185],[137.0214,36.3185],[137.0218,36.3185],[137.0222,36.3184],[137.0226,36.3182],[137.0228,36.318],[137.0229,36.3179],[137.0231,36.3178],[137.0236,36.3177],[137.0238,36.3176],[137.0239,36.3174],[137.024,36.3172],[137.0241,36.317],[137.0242,36.3168],[137.0243,36.3167],[137.0245,36.3167],[137.0247,36.3167],[137.025,36.3168],[137.025,36.3168],[137.025,36.3168],[137.0255,36.3171],[137.0259,36.3173],[137.0262,36.3173],[137.0263,36.3174],[137.0266,36.3174],[137.0267,36.3173],[137.0269,36.3172],[137.027,36.3171],[137.0272,36.317],[137.0274,36.3171],[137.0275,36.3171],[137.0277,36.3172],[137.0284,36.3176],[137.0288,36.3177],[137.0293,36.3179],[137.0295,36.3179],[137.0296,36.3179],[137.0298,36.3178],[137.0299,36.3176],[137.0301,36.3173],[137.0302,36.3172],[137.0303,36.3171],[137.0307,36.3172],[137.0323,36.3176],[137.0325,36.3176],[137.0327,36.3176],[137.0328,36.3176],[137.0331,36.3177],[137.0333,36.3178],[137.0333,36.3178],[137.0333,36.3178],[137.0335,36.3178],[137.0338,36.3178],[137.034,36.3177],[137.0345,36.3176],[137.0347,36.3175],[137.0351,36.3176],[137.0357,36.3176],[137.0361,36.3176],[137.0362,36.3176],[137.0365,36.3175],[137.0368,36.3174],[137.0374,36.3174],[137.0376,36.3174],[137.0377,36.3175],[137.038,36.3177],[137.0382,36.318],[137.0384,36.3182],[137.0385,36.3183],[137.0386,36.3185],[137.0386,36.3186],[137.0386,36.3187],[137.0386,36.3189],[137.0387,36.319],[137.039,36.3191],[137.0392,36.3192],[137.0395,36.3193],[137.0396,36.3194],[137.0397,36.3194],[137.04,36.3195],[137.0404,36.3195],[137.041,36.3197],[137.0413,36.32],[137.0415,36.3202],[137.0417,36.3205],[137.0417,36.3205],[137.0417,36.3205],[137.0418,36.3208],[137.042,36.3211],[137.0421,36.3214],[137.0423,36.3216],[137.0424,36.3218],[137.0426,36.3218],[137.0427,36.3218],[137.043,36.3218],[137.0435,36.3218],[137.0437,36.3218],[137.0439,36.3219],[137.044,36.322],[137.044,36.3222],[137.044,36.3223],[137.044,36.3223],[137.044,36.3226],[137.0441,36.3227],[137.0443,36.3229],[137.0445,36.3231],[137.0447,36.3234],[137.0449,36.3235],[137.0451,36.3237],[137.0451,36.3238],[137.0452,36.3239],[137.0451,36.324],[137.0451,36.3243],[137.0452,36.3245],[137.0453,36.3246],[137.0454,36.3247],[137.0455,36.3247],[137.0457,36.3248],[137.0462,36.3249],[137.0464,36.325],[137.0464,36.325],[137.0465,36.325],[137.0467,36.3251],[137.0469,36.3252],[137.047,36.3253],[137.0472,36.3255],[137.0474,36.3258],[137.0476,36.3262],[137.0477,36.3263],[137.0479,36.3264],[137.0481,36.3265],[137.0484,36.3265],[137.0486,36.3265],[137.0488,36.3266],[137.0491,36.3268],[137.0493,36.3269],[137.0496,36.327],[137.05,36.3271],[137.05,36.3271],[137.05,36.3271],[137.0504,36.3273],[137.0506,36.3274],[137.0507,36.3275],[137.0509,36.3277],[137.0509,36.3278],[137.0512,36.3279],[137.0514,36.328],[137.0514,36.328],[137.0515,36.3281],[137.0517,36.3284],[137.052,36.329],[137.0523,36.3295],[137.0524,36.3298],[137.0524,36.3299],[137.0523,36.33],[137.052,36.3301],[137.0518,36.3302],[137.0518,36.3304],[137.0517,36.3306],[137.0516,36.3307],[137.0515,36.331],[137.0515,36.3312],[137.0515,36.3313],[137.0516,36.3317],[137.0517,36.332],[137.0518,36.3323],[137.0518,36.3326],[137.0521,36.3332],[137.0522,36.3333],[137.0522,36.3333],[137.0522,36.3335],[137.0522,36.3336],[137.0521,36.334],[137.0521,36.3344],[137.0521,36.3349],[137.052,36.3354],[137.0519,36.336],[137.0519,36.3362],[137.052,36.3364],[137.0523,36.3381],[137.0525,36.3385],[137.0526,36.3386],[137.0529,36.3386],[137.0534,36.3386],[137.054,36.3389],[137.0547,36.3393],[137.0557,36.3398],[137.0566,36.3404],[137.0573,36.341],[137.0577,36.3413],[137.0578,36.3415],[137.058,36.3417],[137.058,36.3417],[137.0582,36.3419],[137.0583,36.342],[137.0583,36.342],[137.0586,36.3422],[137.0587,36.3425],[137.0583,36.3426],[137.0583,36.3427],[137.0573,36.3431],[137.0569,36.3432],[137.0567,36.3434],[137.0564,36.3434],[137.0559,36.3433],[137.0555,36.3433],[137.0547,36.3436],[137.054,36.3438],[137.0536,36.3438],[137.0533,36.344],[137.0528,36.3442],[137.0515,36.3447],[137.0512,36.3447],[137.0511,36.3447],[137.0509,36.3447],[137.0508,36.3446],[137.0506,36.3445],[137.0505,36.3445],[137.05,36.3445],[137.05,36.3445],[137.0495,36.3446],[137.0492,36.3448],[137.0489,36.3452],[137.0489,36.3455],[137.049,36.3457],[137.0494,36.3461],[137.0497,36.3465],[137.0498,36.347],[137.05,36.3474],[137.05,36.3474],[137.05,36.3474],[137.0504,36.3478],[137.0506,36.348],[137.0507,36.3482],[137.0506,36.3484],[137.0506,36.3485],[137.0503,36.349],[137.0502,36.3494],[137.0502,36.3495],[137.0502,36.3496],[137.0505,36.3499],[137.051,36.35],[137.051,36.35],[137.0511,36.35],[137.0515,36.3503],[137.052,36.3506],[137.0524,36.3509],[137.0525,36.3509],[137.0528,36.3511],[137.053,36.3513],[137.0531,36.3515],[137.0533,36.3516],[137.0534,36.3518],[137.0537,36.352],[137.054,36.3521],[137.0545,36.3523],[137.0547,36.3524],[137.0548,36.3526],[137.0549,36.3528],[137.0549,36.353],[137.0549,36.3532],[137.0548,36.3536],[137.0548,36.3538],[137.0549,36.354],[137.055,36.3541],[137.0553,36.3542],[137.0561,36.3545],[137.0565,36.3549],[137.0565,36.355],[137.0566,36.3552],[137.0566,36.3554],[137.0566,36.3559],[137.0566,36.3562],[137.0568,36.3566],[137.0569,36.3569],[137.0569,36.3572],[137.057,36.3577],[137.0571,36.358],[137.0572,36.3581],[137.0572,36.3581],[137.0576,36.3583],[137.0576,36.3583],[137.0577,36.3584],[137.0579,36.3586],[137.058,36.3589],[137.0581,36.3591],[137.0581,36.3595],[137.0583,36.3597],[137.0583,36.3597],[137.0583,36.3598],[137.0585,36.3599],[137.059,36.3603],[137.0592,36.3605],[137.0592,36.3608],[137.0592,36.3611],[137.0591,36.3615],[137.0591,36.3617],[137.0591,36.3618],[137.0593,36.362],[137.0595,36.3622],[137.0598,36.3623],[137.0601,36.3624],[137.0604,36.3625],[137.0605,36.3627],[137.0605,36.3629],[137.0605,36.3636],[137.0606,36.3639],[137.0609,36.3643],[137.0611,36.3647],[137.0614,36.365],[137.0618,36.3655],[137.0619,36.3656],[137.062,36.3657],[137.0622,36.3661],[137.0621,36.3666],[137.0621,36.3667],[137.0621,36.3667],[137.062,36.3669],[137.0618,36.367],[137.0612,36.3672],[137.0607,36.3674],[137.0602,36.3673],[137.0597,36.3673],[137.0594,36.3673],[137.0591,36.3675],[137.0585,36.368],[137.0584,36.3682],[137.0584,36.3684],[137.0588,36.3692],[137.0589,36.3696],[137.059,36.3699],[137.059,36.3701],[137.0588,36.3706],[137.0586,36.3707],[137.0583,36.3708],[137.0583,36.3708],[137.0582,36.3709],[137.0581,36.371],[137.0581,36.3712],[137.0581,36.3714],[137.0583,36.3718],[137.0583,36.3718],[137.0584,36.372],[137.0585,36.3722],[137.0586,36.3723],[137.0587,36.3724],[137.0592,36.3731],[137.0594,36.3734],[137.0595,36.3736],[137.0603,36.374],[137.0608,36.3743],[137.0611,36.3744],[137.0619,36.3747],[137.0633,36.3749],[137.064,36.375],[137.064,36.375],[137.0645,36.3751],[137.0656,36.3752],[137.0659,36.3752],[137.0664,36.3755],[137.0667,36.3757],[137.0667,36.3757],[137.0667,36.3757],[137.0669,36.3758],[137.0672,36.3764],[137.0674,36.3765],[137.0675,36.3766],[137.0679,36.377],[137.0681,36.3772],[137.0684,36.3773],[137.0695,36.3775],[137.0702,36.3777],[137.0703,36.3779],[137.0704,36.3781],[137.0709,36.3786],[137.071,36.3789],[137.0711,36.3795],[137.0712,36.3799],[137.0714,36.3801],[137.0719,36.3804],[137.0727,36.3806],[137.073,36.3809],[137.0734,36.3815],[137.0737,36.3819],[137.0739,36.3819],[137.0746,36.382],[137.075,36.382],[137.075,36.382],[137.075,36.382],[137.0753,36.382],[137.0755,36.3822],[137.0756,36.3824],[137.0758,36.383],[137.076,36.3833],[137.0761,36.3833],[137.0761,36.3833],[137.0763,36.3835],[137.0766,36.3836],[137.0771,36.3837],[137.0776,36.3839],[137.0787,36.3843],[137.079,36.3843],[137.0793,36.3843],[137.0794,36.3843],[137.0811,36.3837],[137.0814,36.3837],[137.0821,36.3837],[137.0833,36.3839],[137.0833,36.3839],[137.0835,36.384],[137.0839,36.384],[137.0846,36.3838],[137.085,36.3837],[137.0854,36.3836],[137.0857,36.3836],[137.086,36.3836],[137.0863,36.3835],[137.0864,36.3833],[137.0864,36.3833],[137.0864,36.3833],[137.0865,36.383],[137.0866,36.3829],[137.0868,36.3828],[137.0869,36.3828],[137.0893,36.3827],[137.09,36.3827],[137.0905,36.3829],[137.0912,36.3831],[137.0914,36.3832],[137.0915,36.3833],[137.0915,36.3833],[137.0915,36.3834],[137.0917,36.3835],[137.0917,36.3835],[137.0917,36.3835],[137.0926,36.3837],[137.0937,36.3838],[137.0946,36.3839],[137.0947,36.3839],[137.0949,36.384],[137.0952,36.3845],[137.0954,36.385],[137.0955,36.3853],[137.0954,36.3855],[137.0954,36.3856],[137.0952,36.386],[137.0952,36.3862],[137.0954,36.3874],[137.0956,36.3886],[137.0956,36.389],[137.0955,36.3891],[137.0954,36.3893],[137.0952,36.3895],[137.0948,36.3898],[137.0948,36.3899],[137.0947,36.39],[137.0948,36.3902],[137.0951,36.3907],[137.0952,36.3911],[137.0952,36.3912],[137.0951,36.3914],[137.0951,36.3917],[137.0951,36.3917],[137.095,36.392],[137.0948,36.3928],[137.0947,36.393],[137.0945,36.3932],[137.0938,36.3938],[137.0937,36.3939],[137.0927,36.3945],[137.0924,36.3949],[137.0921,36.3953],[137.0921,36.3953],[137.092,36.3958],[137.0919,36.396],[137.0919,36.3964],[137.0919,36.3965],[137.0921,36.3967],[137.0925,36.397],[137.0931,36.3972],[137.0935,36.3974],[137.0939,36.3976],[137.0944,36.398],[137.0947,36.3984],[137.0951,36.399],[137.0952,36.3991],[137.0955,36.3993],[137.0959,36.3994],[137.0962,36.3994],[137.0964,36.3993],[137.0967,36.3991],[137.0971,36.3989],[137.0974,36.3989],[137.0974,36.3989],[137.0975,36.399],[137.0977,36.3991],[137.0978,36.3994],[137.0979,36.3994],[137.0981,36.3995],[137.0983,36.3995],[137.0993,36.3995],[137.0997,36.3994],[137.1,36.3993],[137.1,36.3993],[137.1003,36.3992],[137.1008,36.3991],[137.1012,36.3991],[137.1013,36.3991],[137.1016,36.399],[137.1017,36.3991],[137.1019,36.3992],[137.102,36.3993],[137.1019,36.3995],[137.1018,36.4],[137.1018,36.4],[137.1018,36.4002],[137.1018,36.4005],[137.102,36.4006],[137.1023,36.4008],[137.1026,36.4009],[137.103,36.4011],[137.1034,36.4013],[137.1037,36.4016],[137.1038,36.4018],[137.1039,36.4022],[137.104,36.4031],[137.104,36.4032],[137.104,36.4034],[137.1041,36.4036],[137.1042,36.4038],[137.1043,36.404],[137.1045,36.4046],[137.1047,36.4048],[137.1049,36.4049],[137.1052,36.405],[137.1054,36.4051],[137.1057,36.4054],[137.1059,36.4055],[137.1064,36.4057],[137.1068,36.4058],[137.1076,36.4063],[137.1078,36.4065],[137.1083,36.4069],[137.1083,36.4069],[137.1083,36.4069],[137.1088,36.4072],[137.1091,36.4073],[137.1093,36.4074],[137.1092,36.4075],[137.1092,36.4077],[137.109,36.4079],[137.1088,36.4081],[137.1087,36.4083],[137.1087,36.4083],[137.1087,36.4083],[137.1087,36.4088],[137.1086,36.4091],[137.1085,36.4093],[137.1083,36.4095],[137.1083,36.4095],[137.1082,36.4096],[137.1081,36.4099],[137.1081,36.4099],[137.1081,36.41],[137.1082,36.4101],[137.1083,36.4103],[137.1083,36.4103],[137.1085,36.4104],[137.1088,36.4106],[137.109,36.4108],[137.1091,36.4111],[137.1093,36.4116],[137.1094,36.4118],[137.1097,36.4119],[137.1098,36.412],[137.1097,36.4126],[137.1097,36.413],[137.1097,36.4133],[137.1099,36.4136],[137.1102,36.4139],[137.1105,36.4141],[137.1108,36.4142],[137.1109,36.4143],[137.111,36.4147],[137.1111,36.4149],[137.1113,36.4152],[137.1115,36.4154],[137.1118,36.4155],[137.1123,36.4156],[137.1127,36.4156],[137.1132,36.4156],[137.1134,36.4156],[137.1141,36.4158],[137.1144,36.4158],[137.1147,36.4159],[137.1152,36.4158],[137.1158,36.416],[137.116,36.4161],[137.1161,36.4161],[137.1163,36.4164],[137.1164,36.4167],[137.1164,36.4167],[137.1164,36.4167],[137.1166,36.4171],[137.1167,36.4172],[137.1167,36.4172],[137.117,36.4182],[137.1171,36.4184],[137.1172,36.4185],[137.1173,36.4186],[137.118,36.4185],[137.1185,36.4184],[137.1191,36.4183],[137.1193,36.4182],[137.1197,36.4177],[137.12,36.4173],[137.1203,36.4167],[137.1204,36.4167],[137.1204,36.4167],[137.1205,36.4166],[137.1206,36.4166],[137.1207,36.4166],[137.1208,36.4167],[137.1208,36.4167],[137.1211,36.4168],[137.122,36.4171],[137.1223,36.4174],[137.1225,36.4177],[137.1227,36.4181],[137.1228,36.4185],[137.1228,36.4189],[137.1229,36.4191],[137.123,36.4194],[137.1231,36.4195],[137.1233,36.4196],[137.1235,36.4198],[137.1237,36.4204],[137.1238,36.4208],[137.1239,36.4211],[137.1242,36.4221],[137.1247,36.4222],[137.125,36.4224],[137.125,36.4224],[137.1253,36.4225],[137.1261,36.4227],[137.1264,36.423],[137.1268,36.4234],[137.1273,36.4237],[137.1274,36.4238],[137.1275,36.4238],[137.1276,36.4239],[137.1276,36.4241],[137.1277,36.4247],[137.1277,36.425],[137.1277,36.425],[137.1277,36.4252],[137.1278,36.4256],[137.1278,36.4258],[137.1278,36.426],[137.1279,36.4262],[137.1283,36.4265],[137.1287,36.4267],[137.1292,36.4272],[137.1293,36.4275],[137.1294,36.4276],[137.13,36.428],[137.1301,36.4282],[137.1302,36.4288],[137.1301,36.4291],[137.1298,36.4293],[137.1298,36.4294],[137.1298,36.4295],[137.1301,36.4298],[137.1303,36.43],[137.1304,36.4302],[137.1305,36.4304],[137.1309,36.4309],[137.131,36.4311],[137.1312,36.4313],[137.1312,36.4313],[137.1317,36.4316],[137.1319,36.4317],[137.132,36.432],[137.1321,36.4324],[137.1321,36.4327],[137.1321,36.4327],[137.132,36.4328],[137.1319,36.4328],[137.1318,36.4328],[137.1318,36.4329],[137.1318,36.4333],[137.1318,36.4333],[137.1318,36.4334],[137.1317,36.4337],[137.1318,36.4337],[137.1319,36.4337],[137.132,36.4338],[137.1322,36.434],[137.1323,36.4343],[137.1322,36.4345],[137.1323,36.4346],[137.1324,36.4346],[137.1329,36.4346],[137.133,36.4346],[137.1331,36.4346],[137.1333,36.4347],[137.1333,36.4347],[137.1334,36.4347],[137.1337,36.4347],[137.1341,36.4348],[137.1344,36.435],[137.1347,36.4352],[137.1349,36.4354],[137.135,36.4357],[137.1351,36.4359],[137.1352,36.436],[137.1354,36.4362],[137.1356,36.4365],[137.1357,36.4367],[137.1358,36.4368],[137.1359,36.4369],[137.1363,36.4372],[137.1368,36.4376],[137.137,36.4378],[137.1373,36.4379],[137.1377,36.4379],[137.1381,36.438],[137.1386,36.4379],[137.1393,36.4379],[137.1397,36.438],[137.1404,36.4382],[137.1411,36.4383],[137.1413,36.4384],[137.1413,36.4384],[137.1417,36.4383],[137.1417,36.4383],[137.1417,36.4383],[137.142,36.4381],[137.142,36.4381],[137.1422,36.4381],[137.1426,36.4381],[137.143,36.4382],[137.1434,36.4385],[137.1435,36.4386],[137.1435,36.439],[137.1434,36.4392],[137.1432,36.4396],[137.1431,36.4399],[137.143,36.4401],[137.1429,36.4404],[137.1429,36.4408],[137.1429,36.4412],[137.1428,36.4414],[137.1428,36.4414],[137.1427,36.4417],[137.1427,36.4417],[137.1427,36.4417],[137.1425,36.442],[137.1426,36.4423],[137.1426,36.4425],[137.1425,36.4426],[137.1423,36.4428],[137.1423,36.4429],[137.1422,36.443],[137.1423,36.4431],[137.1424,36.4433],[137.1426,36.4436],[137.1427,36.4438],[137.1427,36.4439],[137.1428,36.4439],[137.1432,36.444],[137.1434,36.4441],[137.1435,36.4443],[137.1438,36.4445],[137.1439,36.4446],[137.1442,36.445],[137.1443,36.4451],[137.1443,36.4452],[137.1442,36.4453],[137.1442,36.4454],[137.1442,36.4454],[137.1442,36.4455],[137.1443,36.4456],[137.1447,36.4459],[137.1448,36.446],[137.145,36.4461],[137.1452,36.4461],[137.1453,36.446],[137.1458,36.4459],[137.1461,36.4459],[137.1463,36.4458],[137.1466,36.4459],[137.1471,36.4459],[137.1472,36.446],[137.1474,36.4461],[137.1476,36.4463],[137.1481,36.4465],[137.1482,36.4466],[137.1483,36.4467],[137.1484,36.4468],[137.1486,36.4469],[137.1491,36.4471],[137.1494,36.4472],[137.1498,36.4474],[137.15,36.4475],[137.15,36.4475],[137.1503,36.4476],[137.1505,36.4477],[137.1508,36.4478],[137.1511,36.4478],[137.1515,36.4478],[137.1518,36.4477],[137.1521,36.4476],[137.1523,36.4476],[137.1527,36.4476],[137.1528,36.4477],[137.1529,36.4478],[137.153,36.448],[137.1531,36.4481],[137.1531,36.4483],[137.1533,36.4485],[137.1533,36.4485],[137.1535,36.4486],[137.1537,36.4487],[137.1539,36.4488],[137.1543,36.4489],[137.1546,36.449],[137.1549,36.4491],[137.155,36.4493],[137.1553,36.4498],[137.1554,36.4499],[137.1554,36.45],[137.1554,36.45],[137.1554,36.45],[137.1555,36.4502],[137.1556,36.4505],[137.1557,36.4507],[137.1558,36.4509],[137.1558,36.451],[137.1558,36.4511],[137.1559,36.4513],[137.1561,36.4517],[137.1563,36.452],[137.1564,36.4523],[137.1565,36.4524],[137.1568,36.4525],[137.1571,36.4526],[137.1574,36.4527],[137.1577,36.453],[137.158,36.4532],[137.1582,36.4533],[137.1583,36.4534],[137.1583,36.4534],[137.1584,36.4535],[137.1585,36.4537],[137.1586,36.4539],[137.1587,36.454],[137.1587,36.4542],[137.1586,36.4544],[137.1586,36.4546],[137.1586,36.4548],[137.1587,36.455],[137.159,36.4553],[137.1591,36.4554],[137.1592,36.4556],[137.1594,36.4559],[137.1596,36.456],[137.1596,36.4561],[137.1596,36.4564],[137.1597,36.4564],[137.1602,36.4565],[137.1604,36.4566],[137.1607,36.4566],[137.161,36.4566],[137.1615,36.4565],[137.1618,36.4563],[137.1621,36.4561],[137.1624,36.4558],[137.1626,36.4555],[137.1627,36.4553],[137.1629,36.4551],[137.1632,36.4549],[137.1634,36.4547],[137.1636,36.4545],[137.1639,36.4544],[137.1641,36.4543],[137.1644,36.4543],[137.1647,36.4543],[137.1649,36.4543],[137.1652,36.4545],[137.1654,36.4546],[137.1658,36.4548],[137.1659,36.4549],[137.1662,36.4552],[137.1664,36.4553],[137.1666,36.4554],[137.1667,36.4554],[137.1667,36.4554],[137.167,36.4554],[137.1676,36.4555],[137.1677,36.4555],[137.1681,36.4555],[137.1686,36.4555],[137.169,36.4554],[137.1694,36.4552],[137.17,36.4548],[137.1703,36.4547],[137.1706,36.4547],[137.1712,36.4547],[137.1714,36.4546],[137.1718,36.454],[137.172,36.4538],[137.1724,36.4536],[137.173,36.4532],[137.1735,36.4528],[137.1736,36.4526],[137.1737,36.4525],[137.1738,36.4521],[137.1739,36.4515],[137.1741,36.4511],[137.1744,36.4506],[137.1746,36.4503],[137.1747,36.4503],[137.1748,36.4502],[137.1748,36.4501],[137.1749,36.4501],[137.175,36.4501],[137.175,36.4501],[137.1751,36.4501],[137.1751,36.4501],[137.1753,36.4502],[137.1756,36.4506],[137.1757,36.4507],[137.1759,36.451],[137.1759,36.4511],[137.1764,36.452],[137.1767,36.4525],[137.177,36.4529],[137.1774,36.4535],[137.1777,36.4539],[137.1779,36.4541],[137.178,36.4542],[137.1782,36.4542],[137.1782,36.4542],[137.1782,36.4542],[137.1784,36.4542],[137.1784,36.4541],[137.1785,36.4539],[137.1785,36.4536],[137.1785,36.4536],[137.1785,36.4532],[137.1785,36.453],[137.1785,36.4529],[137.1788,36.4529],[137.1792,36.4529],[137.1794,36.4528],[137.1795,36.4526],[137.1797,36.4524],[137.1801,36.4523],[137.1807,36.4524],[137.1814,36.4524],[137.1823,36.4525],[137.1828,36.4526],[137.1832,36.4528],[137.1833,36.4528],[137.1833,36.4528],[137.1843,36.4529],[137.1848,36.453],[137.1854,36.4531],[137.1859,36.4532],[137.186,36.4534],[137.1861,36.4534],[137.1867,36.4535],[137.1869,36.4535],[137.1873,36.4537],[137.1879,36.454],[137.1884,36.4541],[137.1892,36.4542],[137.1896,36.4543],[137.1898,36.4544],[137.1904,36.4548],[137.1907,36.4549],[137.1909,36.455],[137.1917,36.4552],[137.1917,36.4552],[137.1917,36.4552],[137.1917,36.4552],[137.1917,36.4551],[137.1917,36.455],[137.1917,36.455],[137.1917,36.455],[137.1917,36.455],[137.1916,36.4549],[137.1916,36.4547],[137.1916,36.4546],[137.1917,36.4546],[137.1917,36.4546],[137.1917,36.4545],[137.1921,36.4544],[137.1927,36.4541],[137.1933,36.4538],[137.1935,36.4537],[137.1937,36.4537],[137.1939,36.4536],[137.1941,36.4535],[137.1942,36.4533],[137.1943,36.4531],[137.1942,36.4527],[137.194,36.4525],[137.1939,36.4523],[137.1938,36.4521],[137.1938,36.4519],[137.1939,36.4517],[137.1939,36.4513],[137.1939,36.4509],[137.194,36.4506],[137.194,36.4501],[137.194,36.45],[137.194,36.45],[137.194,36.4499],[137.194,36.4498],[137.1939,36.4497],[137.1939,36.4496],[137.1935,36.4491],[137.1932,36.4488],[137.1931,36.4486],[137.193,36.4485],[137.193,36.4484],[137.193,36.4482],[137.1931,36.448],[137.1933,36.4478],[137.1938,36.4474],[137.194,36.4473],[137.1943,36.4471],[137.1943,36.4471],[137.1946,36.4468],[137.1947,36.4466],[137.1949,36.4466],[137.1951,36.4465],[137.1958,36.4464],[137.1961,36.4463],[137.1964,36.4462],[137.1969,36.4461],[137.1972,36.446],[137.1978,36.446],[137.1982,36.446],[137.1982,36.446],[137.1983,36.446],[137.1984,36.4459],[137.1985,36.4457],[137.1985,36.4456],[137.1985,36.4452],[137.1986,36.4449],[137.1986,36.4445],[137.1988,36.4441],[137.1988,36.4439],[137.1989,36.4437],[137.199,36.4434],[137.1992,36.443],[137.1992,36.4429],[137.1993,36.4425],[137.1995,36.4422],[137.1995,36.442],[137.1996,36.4418],[137.1997,36.4417],[137.1997,36.4417],[137.1998,36.4415],[137.2,36.4413],[137.2,36.4413],[137.2,36.4413],[137.2002,36.4411],[137.2004,36.4409],[137.2007,36.4405],[137.2008,36.4403],[137.2009,36.4401],[137.201,36.44],[137.2015,36.4396],[137.2019,36.4395],[137.2021,36.4394],[137.2026,36.4391],[137.2028,36.4389],[137.203,36.4387],[137.2034,36.4384],[137.204,36.4379],[137.2043,36.4376],[137.2043,36.4375],[137.2046,36.4372],[137.2048,36.4369],[137.2049,36.4368],[137.2049,36.4367],[137.2049,36.4366],[137.2049,36.4366],[137.2049,36.4362],[137.2049,36.4359],[137.2049,36.4357],[137.205,36.4352],[137.2051,36.4348],[137.2052,36.4344],[137.2052,36.434],[137.2052,36.4339],[137.2052,36.4338],[137.2051,36.4337],[137.205,36.4336],[137.2049,36.4334],[137.2049,36.4333],[137.2049,36.4333],[137.2048,36.4331],[137.2048,36.4328],[137.2048,36.4326],[137.2048,36.4321],[137.2048,36.4319],[137.2048,36.4318],[137.2048,36.4316],[137.2048,36.4315],[137.205,36.4308],[137.205,36.4305],[137.205,36.4305],[137.2052,36.4297],[137.2052,36.4292],[137.2052,36.4289],[137.2052,36.4289],[137.2052,36.4288],[137.2052,36.4286],[137.2053,36.4284],[137.2054,36.4282],[137.2054,36.4281],[137.2055,36.4279],[137.2055,36.4278],[137.2055,36.4278],[137.2055,36.4278],[137.2056,36.4276],[137.2056,36.4276],[137.2056,36.4276],[137.2057,36.4276],[137.206,36.4276],[137.2062,36.4277],[137.2065,36.4277],[137.2067,36.4279],[137.2068,36.428],[137.2069,36.428],[137.2071,36.4281],[137.2072,36.4282],[137.2075,36.4286],[137.2076,36.4291],[137.2076,36.4293],[137.2077,36.4298],[137.2077,36.4299],[137.2078,36.4302],[137.2078,36.4304],[137.2079,36.4307],[137.2079,36.4307],[137.208,36.431],[137.2081,36.431],[137.2082,36.4313],[137.2083,36.4314],[137.2083,36.4314],[137.2084,36.4314],[137.2084,36.4315],[137.2085,36.4315],[137.2087,36.4316],[137.2087,36.4316],[137.2089,36.4317],[137.2091,36.4317],[137.2093,36.4316],[137.2094,36.4316],[137.2096,36.4314],[137.2097,36.4313],[137.21,36.431],[137.21,36.431],[137.2102,36.4308],[137.2105,36.4307],[137.2107,36.4307],[137.2109,36.4307],[137.2113,36.4307],[137.2115,36.4306],[137.2117,36.4305],[137.2119,36.4304],[137.2126,36.4302],[137.2126,36.4302],[137.2127,36.4302],[137.213,36.4302],[137.2132,36.4303],[137.2137,36.4305],[137.2139,36.4306],[137.214,36.4308],[137.214,36.4308],[137.2141,36.431],[137.2142,36.4311],[137.2142,36.4311],[137.2142,36.4312],[137.2142,36.4312],[137.2142,36.4315],[137.2141,36.4317],[137.214,36.4319],[137.2138,36.4323],[137.2138,36.4323],[137.2138,36.4324],[137.2134,36.4329],[137.2133,36.4331],[137.2133,36.4332],[137.2132,36.4333],[137.2132,36.4333],[137.2132,36.4334],[137.2132,36.4336],[137.2132,36.4336],[137.2132,36.4339],[137.2132,36.4345],[137.2131,36.4349],[137.2131,36.4356],[137.2131,36.4358],[137.2131,36.4362],[137.2131,36.4366],[137.2131,36.4366],[137.2132,36.4374],[137.2132,36.4378],[137.2132,36.438],[137.2133,36.4381],[137.2133,36.4381],[137.2135,36.4385],[137.2136,36.4386],[137.2136,36.4386],[137.2137,36.4387],[137.2139,36.4388],[137.2144,36.439],[137.2147,36.4391],[137.2149,36.4392],[137.2149,36.4392],[137.215,36.4392],[137.2151,36.4392],[137.2153,36.4393],[137.2154,36.4393],[137.2158,36.4392],[137.216,36.4392],[137.216,36.4392],[137.216,36.4392],[137.2163,36.4391],[137.2166,36.4389],[137.2167,36.4388],[137.2167,36.4388],[137.2169,36.4386],[137.217,36.4385],[137.217,36.4385],[137.2172,36.4385],[137.2173,36.4385],[137.2174,36.4385],[137.2175,36.4385],[137.2177,36.4385],[137.2179,36.4386],[137.2182,36.4386],[137.2186,36.4388],[137.219,36.439],[137.2196,36.4394],[137.22,36.4398],[137.2204,36.4402],[137.2208,36.4407],[137.221,36.4411],[137.2211,36.4411],[137.2213,36.4414],[137.2214,36.4417],[137.2214,36.4417],[137.2215,36.4419],[137.2215,36.442],[137.2216,36.4422],[137.2217,36.4427],[137.2218,36.4433],[137.2219,36.4434],[137.2219,36.4435],[137.222,36.4435],[137.2222,36.4436],[137.2222,36.4436],[137.2224,36.4437],[137.2224,36.4437],[137.2225,36.4437],[137.2225,36.4437],[137.223,36.4438],[137.2233,36.4439],[137.2236,36.444],[137.2237,36.444],[137.2244,36.4441],[137.2248,36.4442],[137.225,36.4442],[137.225,36.4442],[137.2255,36.4442],[137.2262,36.4443],[137.227,36.4443],[137.2276,36.4443],[137.2277,36.4443],[137.2281,36.4443],[137.2283,36.4443],[137.2287,36.4443],[137.2288,36.4443],[137.2293,36.4442],[137.2301,36.4443],[137.2308,36.4443],[137.2311,36.4443],[137.2314,36.4443],[137.2318,36.4444],[137.2321,36.4445],[137.2322,36.4446],[137.2323,36.4448],[137.2324,36.4448],[137.2324,36.4449],[137.2325,36.4449],[137.2327,36.4452],[137.2329,36.4456],[137.233,36.4458],[137.2331,36.4459],[137.2332,36.4461],[137.2333,36.4461],[137.2333,36.4461],[137.2333,36.4461],[137.2334,36.4462],[137.2337,36.4463],[137.2337,36.4463],[137.2338,36.4464],[137.2341,36.4466],[137.2343,36.4466],[137.2345,36.4468],[137.2347,36.447],[137.2349,36.4473],[137.2352,36.4477],[137.2352,36.4477],[137.2354,36.448],[137.2356,36.4484],[137.2357,36.4484],[137.2357,36.4484],[137.2359,36.4486],[137.236,36.4489],[137.236,36.4489],[137.2362,36.4492],[137.2366,36.4498],[137.2367,36.4499],[137.2368,36.45],[137.2368,36.45],[137.2371,36.4501],[137.2375,36.4505],[137.238,36.4508],[137.2381,36.4509],[137.2385,36.4512],[137.2391,36.4516],[137.2393,36.4517],[137.2395,36.4519],[137.2396,36.452],[137.2398,36.4522],[137.2398,36.4523],[137.2399,36.4523],[137.24,36.4525],[137.2401,36.4528],[137.2401,36.453],[137.2401,36.4531],[137.2401,36.4532],[137.2402,36.4535],[137.2402,36.4537],[137.2403,36.4538],[137.2403,36.454],[137.2404,36.4543],[137.2404,36.4545],[137.2404,36.4546],[137.2405,36.4548],[137.2409,36.4553],[137.2415,36.4563],[137.2417,36.4565],[137.2417,36.4565],[137.2418,36.4567],[137.2422,36.4573],[137.2424,36.4577],[137.2425,36.4578],[137.2429,36.4582],[137.243,36.4582],[137.2431,36.4583],[137.2431,36.4583],[137.2434,36.4586],[137.2436,36.4587],[137.2436,36.4587],[137.2436,36.4587],[137.2436,36.4588],[137.2444,36.4594],[137.2446,36.4597],[137.2449,36.46],[137.2454,36.4606],[137.2458,36.4609],[137.2459,36.461],[137.2462,36.4611],[137.2465,36.4614],[137.2469,36.4616],[137.2469,36.4616],[137.247,36.4617],[137.2471,36.4617],[137.2473,36.4618],[137.2473,36.4618],[137.2476,36.462],[137.2477,36.462],[137.2478,36.462],[137.2481,36.4619],[137.2482,36.4617],[137.2482,36.4614],[137.2482,36.4612],[137.2483,36.4611],[137.2484,36.4608],[137.2485,36.4607],[137.2487,36.4604],[137.2491,36.4603],[137.2491,36.4603],[137.2492,36.4602],[137.2497,36.46],[137.2498,36.4599],[137.25,36.4597],[137.25,36.4597],[137.2504,36.4594],[137.2507,36.4592],[137.2509,36.4591],[137.2515,36.4588],[137.2516,36.4588],[137.2517,36.4586],[137.2519,36.4585],[137.252,36.4583],[137.252,36.4583],[137.2521,36.4581],[137.2521,36.4581],[137.2523,36.4575],[137.2523,36.4575],[137.2523,36.4572],[137.2523,36.4572],[137.2523,36.457],[137.2519,36.4567],[137.2519,36.4566],[137.252,36.4564],[137.252,36.4564],[137.2521,36.4562],[137.2522,36.4561],[137.2522,36.4561],[137.2524,36.456],[137.2533,36.4555],[137.2534,36.4554],[137.2541,36.455],[137.2542,36.4549],[137.2548,36.4543],[137.2549,36.4542],[137.255,36.454],[137.2551,36.4536],[137.2551,36.4535],[137.2552,36.4532],[137.2552,36.4531],[137.2552,36.453],[137.2554,36.4527],[137.2554,36.4527],[137.2555,36.4525],[137.256,36.452],[137.256,36.4518],[137.2561,36.4518],[137.256,36.4515],[137.256,36.4515],[137.256,36.4513],[137.256,36.4513],[137.2562,36.4512],[137.2562,36.4511],[137.2564,36.4511],[137.2566,36.4513],[137.2573,36.452],[137.2575,36.4522],[137.2576,36.4522],[137.2578,36.4524],[137.2578,36.4524],[137.258,36.4526],[137.2582,36.4527],[137.2582,36.4528],[137.2582,36.4528],[137.2582,36.4529],[137.2583,36.4531],[137.2583,36.4531],[137.2583,36.4531],[137.2586,36.4533],[137.2591,36.4534],[137.2594,36.4535],[137.2602,36.4537],[137.2603,36.4537],[137.2607,36.4539],[137.2613,36.4543],[137.2617,36.4545],[137.2619,36.4546],[137.2623,36.455],[137.2623,36.4551],[137.2628,36.4554],[137.2631,36.4559],[137.2633,36.4563],[137.2634,36.4568],[137.2634,36.4572],[137.2635,36.4578],[137.2637,36.4582],[137.2638,36.4583],[137.2638,36.4583],[137.2639,36.4584],[137.2647,36.4585],[137.2653,36.4587],[137.2657,36.459],[137.2662,36.4595],[137.2667,36.4598],[137.2667,36.4598],[137.267,36.46],[137.2675,36.4603],[137.2682,36.4605],[137.2689,36.4609],[137.2693,36.4611],[137.2698,36.4614],[137.2708,36.4618],[137.2712,36.4619],[137.2721,36.462],[137.2729,36.4621],[137.2732,36.4622],[137.2734,36.4623],[137.2741,36.4626],[137.2745,36.463],[137.275,36.4633],[137.275,36.4633],[137.2753,36.4635],[137.2765,36.4641],[137.2772,36.4646],[137.2778,36.4648],[137.2785,36.465],[137.279,36.4651]]]},"properties":{"name":"岐阜","code":"9210","namekana":"ぎふ"},"type":"Feature"}]}