{"features":[{"type":"Feature","properties":{"code":"9250","name":"滋賀","namekana":"しが"},"geometry":{"type":"Polygon","coordinates":[[[136.176,35.703],[136.1761,35.7029],[136.1763,35.703],[136.1764,35.703],[136.1767,35.703],[136.1771,35.7028],[136.1775,35.7026],[136.1777,35.7025],[136.1779,35.7023],[136.1781,35.702],[136.1783,35.7019],[136.1784,35.7018],[136.1785,35.7018],[136.1787,35.7018],[136.1789,35.7019],[136.1791,35.7019],[136.1795,35.7018],[136.1796,35.7018],[136.1798,35.7018],[136.1801,35.7018],[136.1803,35.7018],[136.1805,35.7018],[136.1806,35.7016],[136.1808,35.7015],[136.1811,35.7016],[136.1814,35.7017],[136.1817,35.7019],[136.1818,35.7021],[136.1821,35.7025],[136.1821,35.7028],[136.1822,35.703],[136.1826,35.7031],[136.1829,35.7033],[136.1831,35.7034],[136.1832,35.7035],[136.1832,35.7035],[136.1833,35.7036],[136.1833,35.7036],[136.1833,35.7036],[136.1834,35.7036],[136.184,35.7035],[136.1844,35.7035],[136.1848,35.7036],[136.1851,35.7037],[136.1853,35.7037],[136.1855,35.7037],[136.1859,35.7036],[136.1861,35.7035],[136.1862,35.7034],[136.1863,35.7034],[136.1865,35.7034],[136.1867,35.7034],[136.1868,35.7033],[136.1871,35.7033],[136.1879,35.7029],[136.1884,35.7028],[136.1884,35.7027],[136.1889,35.7025],[136.189,35.7025],[136.1894,35.7023],[136.1896,35.7023],[136.1898,35.7023],[136.1899,35.7024],[136.1901,35.7025],[136.1902,35.7025],[136.1904,35.7025],[136.1905,35.7025],[136.1909,35.7025],[136.1911,35.7025],[136.1913,35.7024],[136.1913,35.7024],[136.1913,35.7021],[136.1914,35.7016],[136.1914,35.7015],[136.1915,35.7013],[136.1917,35.7011],[136.1917,35.7011],[136.1917,35.7011],[136.1919,35.7007],[136.192,35.7007],[136.1921,35.7007],[136.1923,35.7007],[136.1926,35.7008],[136.1928,35.7008],[136.1931,35.7008],[136.1934,35.7006],[136.1936,35.7004],[136.1937,35.7002],[136.1938,35.7],[136.1938,35.7],[136.1939,35.6998],[136.1941,35.6993],[136.1947,35.6984],[136.1949,35.6981],[136.195,35.6979],[136.1951,35.6976],[136.1952,35.6973],[136.1953,35.6972],[136.1955,35.6968],[136.1956,35.6963],[136.1956,35.6961],[136.1955,35.6958],[136.1955,35.6956],[136.1955,35.6953],[136.1956,35.695],[136.1957,35.6948],[136.1958,35.6946],[136.1963,35.6944],[136.1965,35.6942],[136.1965,35.6941],[136.1966,35.6939],[136.1966,35.6935],[136.1967,35.6934],[136.1968,35.6932],[136.1969,35.6929],[136.197,35.6927],[136.1969,35.6924],[136.1968,35.6923],[136.1968,35.6921],[136.1968,35.692],[136.1971,35.6917],[136.1971,35.6917],[136.1975,35.691],[136.1979,35.6905],[136.1981,35.69],[136.1983,35.6897],[136.1985,35.6896],[136.1987,35.6895],[136.199,35.6894],[136.1991,35.6894],[136.1992,35.6894],[136.1992,35.6894],[136.1995,35.6896],[136.1997,35.6898],[136.1999,35.6899],[136.2,35.6899],[136.2,35.6899],[136.2,35.6899],[136.2002,35.6899],[136.2004,35.6898],[136.2005,35.6898],[136.2008,35.6899],[136.201,35.6899],[136.2013,35.6897],[136.2015,35.6895],[136.2015,35.6893],[136.2016,35.689],[136.2016,35.6887],[136.2016,35.6886],[136.2018,35.6885],[136.2019,35.6884],[136.202,35.6883],[136.2021,35.6881],[136.2022,35.6877],[136.2022,35.6876],[136.2022,35.6876],[136.2023,35.6875],[136.2026,35.6874],[136.203,35.6874],[136.2032,35.6873],[136.2034,35.6872],[136.2036,35.6871],[136.2037,35.687],[136.2039,35.6869],[136.2042,35.6868],[136.2044,35.6868],[136.2045,35.6868],[136.2048,35.6871],[136.205,35.6871],[136.2054,35.6871],[136.2058,35.6872],[136.206,35.6871],[136.2062,35.687],[136.2063,35.687],[136.2063,35.6871],[136.2065,35.6872],[136.2068,35.6873],[136.2071,35.6874],[136.2073,35.6875],[136.2073,35.6875],[136.2074,35.6875],[136.2076,35.6875],[136.2077,35.6876],[136.208,35.6877],[136.2082,35.6877],[136.2083,35.6876],[136.2083,35.6876],[136.2083,35.6876],[136.2085,35.6874],[136.2087,35.6871],[136.209,35.6869],[136.2093,35.6867],[136.2097,35.6867],[136.2099,35.6866],[136.21,35.6865],[136.2102,35.6863],[136.2104,35.6859],[136.2105,35.6858],[136.2105,35.6857],[136.2104,35.6855],[136.2103,35.6852],[136.2103,35.6851],[136.2105,35.6845],[136.2108,35.6839],[136.2112,35.6833],[136.2112,35.6833],[136.2118,35.6824],[136.2124,35.6819],[136.2126,35.6817],[136.2127,35.6817],[136.2127,35.6817],[136.2128,35.6818],[136.2128,35.6819],[136.2129,35.6822],[136.2129,35.6823],[136.213,35.6825],[136.2131,35.6826],[136.2132,35.6827],[136.2133,35.6828],[136.2135,35.6829],[136.2137,35.6833],[136.2137,35.6833],[136.2137,35.6833],[136.2139,35.6835],[136.2141,35.6836],[136.2144,35.6837],[136.2148,35.6837],[136.2154,35.6839],[136.2155,35.6839],[136.2156,35.684],[136.2157,35.684],[136.216,35.6842],[136.2163,35.6844],[136.2165,35.6845],[136.2166,35.6845],[136.2167,35.6845],[136.2167,35.6845],[136.2169,35.6846],[136.2172,35.6846],[136.2176,35.6846],[136.2183,35.6846],[136.2189,35.6845],[136.2192,35.6845],[136.2193,35.6844],[136.2195,35.6844],[136.2196,35.6842],[136.2198,35.684],[136.2199,35.6837],[136.22,35.6835],[136.2202,35.6834],[136.2203,35.6834],[136.2204,35.6834],[136.2212,35.6834],[136.2215,35.6834],[136.2218,35.6834],[136.2218,35.6833],[136.2218,35.6833],[136.2221,35.6832],[136.2221,35.6832],[136.2224,35.6831],[136.2226,35.6828],[136.2229,35.6824],[136.2232,35.6818],[136.2235,35.6815],[136.2238,35.6813],[136.2241,35.6811],[136.2244,35.681],[136.2246,35.681],[136.2248,35.681],[136.225,35.6809],[136.225,35.6809],[136.2253,35.6809],[136.2256,35.6808],[136.2258,35.6806],[136.2258,35.6806],[136.2259,35.6805],[136.2262,35.6805],[136.2274,35.6804],[136.2277,35.6805],[136.2279,35.6806],[136.2282,35.6809],[136.2284,35.6811],[136.2289,35.6813],[136.2294,35.6814],[136.2296,35.6815],[136.2302,35.6821],[136.2305,35.6824],[136.2307,35.6825],[136.2308,35.6826],[136.2311,35.6827],[136.2313,35.6827],[136.2318,35.6827],[136.2324,35.6826],[136.2331,35.6825],[136.2333,35.6825],[136.2333,35.6825],[136.2335,35.6825],[136.234,35.6825],[136.2342,35.6825],[136.2344,35.6825],[136.2345,35.6824],[136.2346,35.6823],[136.2347,35.6821],[136.2348,35.6818],[136.235,35.6816],[136.2351,35.6814],[136.2354,35.6812],[136.2358,35.6809],[136.236,35.6807],[136.2375,35.6795],[136.2388,35.6785],[136.2392,35.6781],[136.24,35.6774],[136.2406,35.6769],[136.2407,35.6768],[136.2411,35.6767],[136.2417,35.6765],[136.2417,35.6765],[136.2418,35.6764],[136.242,35.6762],[136.2423,35.676],[136.2428,35.6758],[136.243,35.6756],[136.2432,35.6754],[136.2435,35.675],[136.2435,35.675],[136.2439,35.6746],[136.2446,35.6739],[136.2447,35.6738],[136.2447,35.6738],[136.2448,35.6738],[136.2449,35.6738],[136.2451,35.674],[136.2455,35.6743],[136.2463,35.675],[136.2463,35.675],[136.2463,35.675],[136.2467,35.6753],[136.2469,35.6754],[136.247,35.6754],[136.2471,35.6754],[136.2477,35.6756],[136.2483,35.6757],[136.2493,35.676],[136.25,35.6762],[136.25,35.6762],[136.2504,35.6762],[136.2506,35.6763],[136.2507,35.6762],[136.2508,35.6761],[136.2514,35.6754],[136.2518,35.675],[136.2518,35.675],[136.2519,35.6749],[136.252,35.6748],[136.2523,35.6746],[136.2531,35.6744],[136.2541,35.674],[136.2543,35.6739],[136.2545,35.6738],[136.255,35.6734],[136.2552,35.6732],[136.2554,35.6729],[136.2558,35.6725],[136.256,35.6723],[136.2562,35.6722],[136.257,35.6716],[136.2575,35.6713],[136.2576,35.6712],[136.2578,35.6712],[136.258,35.6712],[136.2583,35.6713],[136.2583,35.6713],[136.2597,35.6717],[136.2601,35.6718],[136.2606,35.6718],[136.2617,35.6717],[136.2623,35.6716],[136.2634,35.6713],[136.264,35.6711],[136.2647,35.6707],[136.2656,35.6703],[136.2659,35.6701],[136.2664,35.6698],[136.2667,35.6697],[136.2667,35.6697],[136.2683,35.6691],[136.2694,35.6687],[136.2698,35.6685],[136.2703,35.6681],[136.2704,35.6679],[136.2705,35.6677],[136.2705,35.6675],[136.2704,35.6672],[136.2704,35.6671],[136.2706,35.6669],[136.2707,35.6668],[136.2709,35.6667],[136.2709,35.6667],[136.2712,35.6665],[136.2715,35.6662],[136.2716,35.666],[136.2716,35.6656],[136.2716,35.6656],[136.2718,35.6655],[136.2737,35.6655],[136.2741,35.6654],[136.2743,35.6653],[136.2745,35.6652],[136.2749,35.6648],[136.275,35.6648],[136.275,35.6648],[136.2755,35.6645],[136.276,35.6642],[136.2762,35.6641],[136.2764,35.6637],[136.2766,35.6636],[136.2767,35.6636],[136.2771,35.6636],[136.2773,35.6636],[136.2775,35.6635],[136.2778,35.6634],[136.2788,35.6623],[136.2792,35.6619],[136.2795,35.6617],[136.2804,35.6613],[136.2805,35.6613],[136.2806,35.6612],[136.2806,35.6611],[136.2802,35.6604],[136.2801,35.66],[136.28,35.6598],[136.28,35.6595],[136.2802,35.6592],[136.2804,35.6589],[136.2805,35.6588],[136.2807,35.6586],[136.2803,35.6585],[136.2801,35.6584],[136.2799,35.6583],[136.2799,35.6583],[136.2798,35.6583],[136.2786,35.657],[136.2777,35.656],[136.2771,35.6556],[136.2769,35.6552],[136.2766,35.6547],[136.2763,35.6538],[136.2762,35.6531],[136.2762,35.6525],[136.2764,35.652],[136.2766,35.6515],[136.2768,35.6512],[136.2769,35.6511],[136.2777,35.6504],[136.2779,35.6501],[136.2782,35.65],[136.2782,35.65],[136.2783,35.6499],[136.279,35.6496],[136.2792,35.6495],[136.2794,35.6493],[136.2796,35.6488],[136.2801,35.6484],[136.2806,35.6481],[136.2813,35.6478],[136.2815,35.6477],[136.2816,35.6476],[136.2816,35.6472],[136.2816,35.6466],[136.2817,35.6463],[136.2818,35.6461],[136.2819,35.646],[136.2824,35.6456],[136.2825,35.6454],[136.2828,35.6445],[136.2829,35.6442],[136.2831,35.6437],[136.2831,35.6436],[136.2831,35.6432],[136.2829,35.6427],[136.2828,35.6424],[136.2828,35.6422],[136.2828,35.6417],[136.2828,35.6417],[136.2828,35.6417],[136.2828,35.6416],[136.2826,35.6414],[136.2823,35.6411],[136.282,35.6408],[136.2818,35.6405],[136.2817,35.6403],[136.2815,35.6402],[136.2807,35.6401],[136.2802,35.64],[136.2798,35.6398],[136.2797,35.6397],[136.2796,35.6396],[136.2795,35.6393],[136.2795,35.6389],[136.2794,35.6387],[136.2792,35.6386],[136.2791,35.6385],[136.279,35.6384],[136.279,35.6379],[136.2791,35.637],[136.2792,35.6367],[136.2793,35.6365],[136.2794,35.6363],[136.28,35.6361],[136.2805,35.6357],[136.2812,35.6352],[136.282,35.6348],[136.2825,35.6345],[136.2828,35.6342],[136.283,35.6339],[136.2833,35.6335],[136.2833,35.6333],[136.2833,35.6333],[136.2833,35.6332],[136.2833,35.6332],[136.2834,35.633],[136.2835,35.6318],[136.2837,35.6314],[136.2838,35.6313],[136.2844,35.6309],[136.2848,35.6306],[136.2854,35.6302],[136.2858,35.6298],[136.2862,35.6294],[136.2865,35.629],[136.2868,35.6287],[136.287,35.6285],[136.2873,35.6281],[136.2874,35.6279],[136.2873,35.6269],[136.2871,35.6255],[136.2871,35.625],[136.2871,35.625],[136.2871,35.625],[136.2871,35.6246],[136.2872,35.6243],[136.2875,35.6236],[136.2878,35.6229],[136.288,35.6225],[136.288,35.6222],[136.2881,35.6218],[136.2881,35.6218],[136.2883,35.6211],[136.2886,35.6206],[136.2887,35.6205],[136.2889,35.6204],[136.2903,35.6205],[136.2905,35.6205],[136.2907,35.6204],[136.2907,35.6203],[136.2908,35.62],[136.2908,35.6199],[136.2911,35.6197],[136.2916,35.6194],[136.2917,35.6194],[136.2917,35.6194],[136.2926,35.6189],[136.2933,35.6184],[136.2937,35.6182],[136.2942,35.618],[136.2945,35.6179],[136.2958,35.6181],[136.2963,35.6181],[136.2966,35.6181],[136.2971,35.618],[136.2982,35.6175],[136.2984,35.6175],[136.2987,35.6176],[136.2996,35.6182],[136.3,35.6184],[136.3,35.6184],[136.3006,35.6186],[136.3011,35.6189],[136.3019,35.6192],[136.3025,35.6193],[136.3033,35.6194],[136.3033,35.6194],[136.3034,35.6194],[136.3035,35.6196],[136.3036,35.6203],[136.3037,35.6204],[136.3038,35.6204],[136.304,35.6204],[136.3045,35.62],[136.3047,35.62],[136.3051,35.62],[136.3053,35.62],[136.3053,35.6201],[136.3053,35.6203],[136.3052,35.6208],[136.3051,35.621],[136.3051,35.6212],[136.3052,35.6213],[136.3058,35.6218],[136.3065,35.6223],[136.3069,35.6224],[136.308,35.6227],[136.3083,35.6228],[136.3083,35.6228],[136.3094,35.6231],[136.3095,35.6232],[136.3101,35.6233],[136.3103,35.6233],[136.3107,35.6233],[136.3108,35.6232],[136.3115,35.6229],[136.3118,35.6228],[136.3121,35.6228],[136.3128,35.6229],[136.3134,35.623],[136.3145,35.6231],[136.3156,35.6234],[136.3158,35.6234],[136.3158,35.6234],[136.3157,35.6231],[136.3157,35.623],[136.3159,35.6227],[136.316,35.6224],[136.3161,35.6219],[136.3162,35.6217],[136.3164,35.6216],[136.3165,35.6215],[136.3167,35.6215],[136.3167,35.6215],[136.3179,35.6215],[136.3186,35.6213],[136.3189,35.6212],[136.3191,35.6209],[136.3193,35.6206],[136.3197,35.62],[136.3201,35.6195],[136.3204,35.6193],[136.3205,35.6192],[136.3211,35.6191],[136.3215,35.6189],[136.3217,35.6187],[136.3221,35.6179],[136.3227,35.6173],[136.323,35.6169],[136.3234,35.6167],[136.3234,35.6167],[136.3234,35.6167],[136.3237,35.6165],[136.3237,35.6164],[136.3237,35.6163],[136.3233,35.6154],[136.3232,35.6151],[136.3229,35.6146],[136.3225,35.6141],[136.322,35.6136],[136.3219,35.6135],[136.3216,35.6132],[136.3212,35.6127],[136.3209,35.6121],[136.3208,35.6117],[136.3206,35.6111],[136.3205,35.6107],[136.3205,35.6106],[136.3201,35.6104],[136.3196,35.6101],[136.3194,35.6099],[136.3191,35.6096],[136.3183,35.6085],[136.3181,35.6083],[136.3181,35.6083],[136.3178,35.6079],[136.3177,35.6078],[136.3176,35.6077],[136.3175,35.6076],[136.3168,35.6073],[136.3167,35.6072],[136.3167,35.6072],[136.3164,35.607],[136.316,35.6067],[136.3158,35.6065],[136.3157,35.6064],[136.3155,35.6063],[136.3151,35.6062],[136.315,35.6061],[136.315,35.6059],[136.315,35.6058],[136.315,35.6057],[136.3159,35.6055],[136.3163,35.6054],[136.3167,35.6051],[136.3167,35.6051],[136.3167,35.6051],[136.3169,35.605],[136.3179,35.6047],[136.3182,35.6045],[136.3186,35.6041],[136.3188,35.6039],[136.3191,35.6038],[136.3191,35.6037],[136.3192,35.6031],[136.3193,35.6028],[136.3195,35.6026],[136.32,35.602],[136.3203,35.6016],[136.3204,35.6014],[136.3205,35.6007],[136.3205,35.6003],[136.3206,35.6002],[136.3207,35.6001],[136.3208,35.6],[136.3208,35.6],[136.3209,35.5998],[136.3209,35.5997],[136.321,35.5992],[136.3211,35.599],[136.3213,35.5987],[136.3216,35.5984],[136.3217,35.5983],[136.3216,35.5979],[136.3216,35.5969],[136.3214,35.5965],[136.3213,35.5959],[136.3213,35.5957],[136.3214,35.5951],[136.3214,35.5945],[136.3214,35.5941],[136.3215,35.5938],[136.3216,35.5937],[136.3219,35.5934],[136.3227,35.5932],[136.3228,35.593],[136.3228,35.5927],[136.3226,35.5919],[136.3226,35.5919],[136.3225,35.5917],[136.3225,35.5917],[136.3223,35.5905],[136.3223,35.5904],[136.3225,35.59],[136.3225,35.5899],[136.3221,35.5894],[136.3221,35.5892],[136.3222,35.5883],[136.3222,35.5879],[136.3223,35.5877],[136.3227,35.5873],[136.323,35.5868],[136.3234,35.5865],[136.3234,35.5859],[136.3235,35.5857],[136.3242,35.5851],[136.3244,35.5846],[136.3244,35.5842],[136.3244,35.5838],[136.3242,35.5836],[136.3235,35.5834],[136.3234,35.5833],[136.3234,35.5833],[136.3228,35.5831],[136.3227,35.5826],[136.3223,35.5818],[136.3222,35.5815],[136.3221,35.5812],[136.3222,35.5808],[136.3223,35.5805],[136.3227,35.5799],[136.3229,35.5797],[136.3232,35.579],[136.3232,35.5788],[136.3232,35.5788],[136.3227,35.5779],[136.3226,35.5776],[136.3228,35.5769],[136.3228,35.5764],[136.3232,35.575],[136.3232,35.575],[136.3232,35.575],[136.3232,35.5746],[136.3229,35.5741],[136.3225,35.5736],[136.3223,35.5729],[136.3221,35.5725],[136.3219,35.572],[136.3218,35.5718],[136.3218,35.5718],[136.3219,35.5716],[136.322,35.5709],[136.3221,35.5708],[136.3223,35.5707],[136.3225,35.5705],[136.3226,35.5704],[136.3227,35.5702],[136.3228,35.57],[136.3228,35.5698],[136.3227,35.5695],[136.3224,35.5692],[136.3218,35.5688],[136.3214,35.5681],[136.3205,35.5674],[136.3203,35.5671],[136.3199,35.5667],[136.3199,35.5667],[136.3198,35.5666],[136.3192,35.5659],[136.3189,35.5656],[136.3188,35.5653],[136.3187,35.5649],[136.3187,35.5647],[136.3187,35.5644],[136.3185,35.5641],[136.3184,35.5639],[136.3184,35.5638],[136.3185,35.5636],[136.3185,35.5634],[136.3184,35.5633],[136.3183,35.5631],[136.3182,35.5629],[136.3183,35.5627],[136.3183,35.5623],[136.3179,35.5618],[136.3178,35.5616],[136.3177,35.5613],[136.3177,35.5606],[136.3176,35.5602],[136.3174,35.5595],[136.3172,35.5587],[136.317,35.5584],[136.317,35.5583],[136.317,35.5583],[136.3167,35.5578],[136.3167,35.5578],[136.3167,35.5578],[136.3163,35.5574],[136.3162,35.5569],[136.3163,35.5559],[136.3163,35.5557],[136.3164,35.5555],[136.3167,35.5552],[136.3167,35.5552],[136.3168,35.555],[136.3171,35.5546],[136.3171,35.5542],[136.3171,35.554],[136.3172,35.5535],[136.3173,35.5529],[136.3174,35.5525],[136.3173,35.5521],[136.3167,35.551],[136.3167,35.5508],[136.3167,35.5508],[136.3166,35.5507],[136.3167,35.5506],[136.3167,35.5506],[136.3168,35.5503],[136.3167,35.55],[136.3167,35.55],[136.3167,35.55],[136.3167,35.55],[136.3167,35.55],[136.3165,35.5497],[136.3166,35.5493],[136.3167,35.5491],[136.3167,35.5491],[136.3168,35.5488],[136.3172,35.5482],[136.3174,35.5476],[136.3175,35.5474],[136.3178,35.5471],[136.3186,35.5468],[136.3191,35.5466],[136.3193,35.5463],[136.3196,35.546],[136.3204,35.5455],[136.3209,35.5452],[136.3212,35.5449],[136.3214,35.5447],[136.3217,35.5445],[136.3219,35.5444],[136.322,35.5444],[136.3221,35.5443],[136.3223,35.5443],[136.3224,35.5444],[136.3226,35.5444],[136.3229,35.5445],[136.323,35.5446],[136.3231,35.5447],[136.3233,35.5449],[136.3235,35.5451],[136.3237,35.5451],[136.3238,35.5451],[136.324,35.5452],[136.3242,35.5452],[136.3243,35.5452],[136.3244,35.5451],[136.3246,35.5451],[136.3247,35.5452],[136.325,35.5454],[136.325,35.5454],[136.3251,35.5454],[136.3255,35.5457],[136.3255,35.5457],[136.3256,35.5458],[136.3256,35.5459],[136.3256,35.546],[136.3256,35.5461],[136.3257,35.5462],[136.3258,35.5466],[136.326,35.5472],[136.326,35.5472],[136.326,35.5473],[136.3258,35.5476],[136.3258,35.5476],[136.3258,35.5477],[136.3258,35.5478],[136.3256,35.5481],[136.3255,35.5482],[136.3255,35.5484],[136.3255,35.5485],[136.3254,35.5487],[136.3255,35.5488],[136.3257,35.5491],[136.3258,35.5491],[136.3259,35.5492],[136.326,35.5493],[136.3261,35.5495],[136.3262,35.5495],[136.3262,35.5496],[136.3264,35.5496],[136.3265,35.5496],[136.3269,35.5498],[136.3271,35.5499],[136.3272,35.5499],[136.3275,35.5499],[136.3277,35.5499],[136.3278,35.5499],[136.3279,35.5499],[136.3281,35.55],[136.3281,35.55],[136.3283,35.5501],[136.3289,35.5503],[136.3291,35.5504],[136.3292,35.5506],[136.3294,35.5508],[136.3296,35.5509],[136.3296,35.5509],[136.3298,35.551],[136.3301,35.5509],[136.3305,35.5508],[136.331,35.5507],[136.3313,35.5506],[136.3317,35.5505],[136.3319,35.5505],[136.3323,35.5506],[136.3325,35.5505],[136.3327,35.5504],[136.333,35.5503],[136.3333,35.5502],[136.3333,35.5502],[136.3336,35.5501],[136.3341,35.5501],[136.3349,35.5503],[136.3353,35.5503],[136.3362,35.5502],[136.3364,35.5503],[136.3371,35.5503],[136.3373,35.5503],[136.3376,35.55],[136.3376,35.55],[136.3378,35.5499],[136.338,35.5497],[136.3381,35.5495],[136.3386,35.5488],[136.3388,35.5486],[136.339,35.5481],[136.3395,35.5466],[136.3398,35.5458],[136.3397,35.5446],[136.3399,35.5441],[136.34,35.5438],[136.3407,35.5433],[136.3407,35.5433],[136.3411,35.5431],[136.3413,35.5429],[136.3414,35.5427],[136.3414,35.5425],[136.3413,35.5422],[136.3411,35.5419],[136.3406,35.5418],[136.3404,35.5417],[136.3404,35.5417],[136.3403,35.5416],[136.3399,35.5413],[136.3397,35.5411],[136.3396,35.5408],[136.3395,35.5404],[136.3398,35.5398],[136.3399,35.5395],[136.3402,35.5392],[136.3404,35.5388],[136.3406,35.5381],[136.3409,35.5373],[136.3417,35.5374],[136.3417,35.5374],[136.3418,35.5374],[136.3432,35.5376],[136.3436,35.5374],[136.3436,35.5373],[136.3439,35.5371],[136.3443,35.537],[136.3445,35.537],[136.3445,35.537],[136.3448,35.5371],[136.3451,35.5369],[136.3453,35.5367],[136.3453,35.5367],[136.3457,35.5362],[136.3459,35.5361],[136.346,35.5361],[136.3461,35.5362],[136.3463,35.5371],[136.3464,35.5373],[136.3468,35.5377],[136.3474,35.5379],[136.3482,35.5382],[136.3484,35.5381],[136.3487,35.5378],[136.349,35.5376],[136.3494,35.5374],[136.3497,35.5374],[136.35,35.5375],[136.35,35.5375],[136.3502,35.5376],[136.3507,35.5379],[136.3513,35.5384],[136.3518,35.5386],[136.3518,35.5386],[136.3525,35.5385],[136.3531,35.5385],[136.354,35.5386],[136.3546,35.5386],[136.3551,35.5387],[136.3552,35.5387],[136.3556,35.5391],[136.3562,35.5395],[136.3567,35.5399],[136.3567,35.5402],[136.3566,35.5403],[136.3563,35.541],[136.3564,35.5413],[136.3566,35.5417],[136.3566,35.5417],[136.3568,35.5418],[136.3567,35.5427],[136.3568,35.5429],[136.3571,35.5431],[136.3575,35.5432],[136.3578,35.5433],[136.3582,35.5436],[136.3583,35.5439],[136.3583,35.5439],[136.3583,35.5439],[136.3586,35.5443],[136.3587,35.5449],[136.3587,35.5459],[136.3587,35.5463],[136.359,35.5469],[136.359,35.5472],[136.359,35.5479],[136.3591,35.5481],[136.3591,35.5488],[136.3593,35.5493],[136.3595,35.5494],[136.3597,35.5495],[136.3599,35.5495],[136.3601,35.5496],[136.3603,35.55],[136.3603,35.55],[136.3604,35.5501],[136.361,35.5505],[136.3611,35.5506],[136.361,35.5515],[136.3611,35.5519],[136.3615,35.5529],[136.3621,35.5535],[136.3622,35.5537],[136.3622,35.5539],[136.3624,35.5553],[136.3627,35.5558],[136.3628,35.5562],[136.3624,35.5572],[136.3625,35.5575],[136.3626,35.5579],[136.3625,35.5583],[136.3625,35.5583],[136.3625,35.5585],[136.3626,35.5587],[136.3628,35.5588],[136.3633,35.5588],[136.3637,35.559],[136.3648,35.5595],[136.3654,35.5599],[136.3656,35.5599],[136.3661,35.5597],[136.3665,35.5596],[136.3667,35.5595],[136.3667,35.5595],[136.3667,35.5595],[136.3671,35.5595],[136.3685,35.5592],[136.3692,35.5592],[136.3696,35.5589],[136.3701,35.5588],[136.3706,35.5589],[136.3718,35.5596],[136.3721,35.5597],[136.3724,35.5598],[136.3728,35.5597],[136.3733,35.5596],[136.3736,35.5594],[136.3738,35.5589],[136.374,35.5586],[136.3741,35.5585],[136.3741,35.5583],[136.3741,35.5583],[136.3741,35.5582],[136.374,35.5579],[136.3741,35.5577],[136.3745,35.5565],[136.3749,35.5558],[136.375,35.5555],[136.375,35.5555],[136.375,35.5555],[136.3751,35.5551],[136.3752,35.5546],[136.3755,35.5539],[136.3755,35.5537],[136.3754,35.5535],[136.3752,35.5531],[136.3751,35.5529],[136.3752,35.5527],[136.3754,35.5521],[136.3756,35.5517],[136.3758,35.5512],[136.3761,35.5508],[136.3765,35.5504],[136.377,35.55],[136.377,35.55],[136.3771,35.5499],[136.3775,35.5496],[136.3776,35.5494],[136.3776,35.5488],[136.3778,35.5486],[136.3781,35.5483],[136.3788,35.5479],[136.3791,35.5477],[136.3793,35.5474],[136.3797,35.5467],[136.3801,35.5463],[136.3803,35.5461],[136.3803,35.5458],[136.3805,35.5452],[136.3804,35.545],[136.3803,35.5449],[136.3802,35.5447],[136.3803,35.5445],[136.3803,35.5445],[136.3804,35.5443],[136.3803,35.5441],[136.3801,35.5436],[136.38,35.5431],[136.38,35.5417],[136.38,35.5417],[136.38,35.5417],[136.38,35.5412],[136.3801,35.541],[136.3804,35.5405],[136.3807,35.5402],[136.3808,35.5398],[136.3808,35.5395],[136.3808,35.539],[136.3809,35.5389],[136.3809,35.5388],[136.3811,35.5385],[136.3811,35.5383],[136.381,35.5379],[136.381,35.5379],[136.381,35.5377],[136.3811,35.5375],[136.3813,35.5374],[136.3818,35.5374],[136.3822,35.5373],[136.3825,35.5372],[136.3826,35.5371],[136.3827,35.5369],[136.3826,35.5368],[136.3824,35.5365],[136.3822,35.5361],[136.3822,35.536],[136.3824,35.5355],[136.3825,35.5352],[136.3827,35.535],[136.3833,35.5348],[136.3833,35.5348],[136.3834,35.5348],[136.3835,35.5347],[136.3836,35.5345],[136.3838,35.534],[136.384,35.5336],[136.3841,35.5333],[136.3841,35.5333],[136.3843,35.5331],[136.3844,35.533],[136.3846,35.5329],[136.385,35.5329],[136.3855,35.5331],[136.3858,35.5332],[136.386,35.5332],[136.3863,35.533],[136.3868,35.5327],[136.3871,35.5327],[136.3875,35.5328],[136.3885,35.533],[136.3887,35.533],[136.3892,35.5328],[136.3896,35.5327],[136.3899,35.5325],[136.39,35.5324],[136.3901,35.5321],[136.3902,35.532],[136.3904,35.532],[136.3916,35.5319],[136.3917,35.5319],[136.3917,35.5319],[136.3925,35.5319],[136.393,35.5319],[136.3933,35.5318],[136.3943,35.5315],[136.3947,35.5315],[136.3951,35.5313],[136.3954,35.5312],[136.3956,35.5312],[136.3963,35.5315],[136.3967,35.5316],[136.3969,35.5317],[136.3973,35.5319],[136.3976,35.532],[136.3978,35.5319],[136.3985,35.5316],[136.3988,35.5315],[136.3992,35.5314],[136.3992,35.5314],[136.3994,35.5313],[136.3996,35.531],[136.3997,35.5307],[136.4,35.5304],[136.4,35.5304],[136.4,35.5304],[136.4003,35.5302],[136.4004,35.5301],[136.4004,35.5298],[136.4002,35.5291],[136.4002,35.5287],[136.4002,35.5286],[136.4002,35.5284],[136.4003,35.5281],[136.4004,35.5279],[136.4003,35.5278],[136.4002,35.5276],[136.4,35.5275],[136.4,35.5275],[136.3999,35.5275],[136.3998,35.5273],[136.3998,35.5273],[136.4,35.5272],[136.4,35.5272],[136.4,35.5272],[136.4005,35.527],[136.4007,35.5269],[136.4009,35.5266],[136.4011,35.5264],[136.4013,35.5262],[136.4016,35.526],[136.4018,35.5258],[136.4018,35.5256],[136.4016,35.5252],[136.4015,35.525],[136.4015,35.525],[136.4012,35.5244],[136.401,35.5238],[136.401,35.5235],[136.401,35.5234],[136.4006,35.5232],[136.4003,35.5231],[136.4,35.5228],[136.4,35.5228],[136.4,35.5228],[136.3996,35.5224],[136.3992,35.5219],[136.399,35.5215],[136.3991,35.5213],[136.3991,35.5213],[136.3993,35.5211],[136.3995,35.521],[136.3998,35.5208],[136.4,35.5206],[136.4,35.5206],[136.4003,35.5204],[136.4007,35.5201],[136.4015,35.5194],[136.4018,35.5193],[136.4023,35.5191],[136.4025,35.519],[136.4027,35.5187],[136.4028,35.5183],[136.4029,35.5179],[136.4029,35.5179],[136.403,35.5175],[136.4031,35.5174],[136.4034,35.5172],[136.404,35.5169],[136.4044,35.5167],[136.4044,35.5167],[136.4044,35.5166],[136.4045,35.5165],[136.4046,35.5162],[136.4048,35.5158],[136.405,35.5155],[136.4052,35.5151],[136.4053,35.5147],[136.4054,35.5144],[136.4054,35.5141],[136.4055,35.5137],[136.4057,35.5135],[136.4056,35.5134],[136.4053,35.5135],[136.405,35.5135],[136.4048,35.5135],[136.4046,35.5133],[136.4044,35.5129],[136.4044,35.5126],[136.4044,35.5122],[136.4042,35.5118],[136.404,35.5115],[136.4039,35.5114],[136.4037,35.5114],[136.4036,35.5114],[136.4032,35.5118],[136.4029,35.512],[136.4026,35.5122],[136.4025,35.5125],[136.4025,35.5129],[136.4023,35.5133],[136.4022,35.5133],[136.402,35.5133],[136.4017,35.5132],[136.4015,35.5132],[136.4011,35.5132],[136.4008,35.5134],[136.4006,35.5135],[136.4004,35.5136],[136.4002,35.5136],[136.4001,35.5136],[136.4,35.5136],[136.4,35.5136],[136.4,35.5135],[136.4,35.5134],[136.4,35.5134],[136.4,35.5134],[136.4002,35.5131],[136.4006,35.5122],[136.4006,35.5119],[136.4006,35.5117],[136.4005,35.5116],[136.4003,35.5115],[136.4,35.5115],[136.4,35.5115],[136.3998,35.5115],[136.3997,35.5115],[136.3996,35.5115],[136.3996,35.5114],[136.3996,35.5107],[136.3995,35.5107],[136.3995,35.5105],[136.3991,35.5104],[136.3985,35.5103],[136.3982,35.5101],[136.3977,35.5099],[136.3972,35.5097],[136.397,35.5094],[136.3968,35.5091],[136.3967,35.5088],[136.3968,35.5087],[136.397,35.5084],[136.397,35.5084],[136.397,35.5083],[136.397,35.5083],[136.397,35.5081],[136.3968,35.5073],[136.3966,35.5071],[136.3963,35.5069],[136.3958,35.5068],[136.3952,35.5067],[136.3947,35.5067],[136.3943,35.5065],[136.3941,35.5063],[136.3939,35.5061],[136.3938,35.5057],[136.3938,35.5052],[136.3938,35.5049],[136.3936,35.5047],[136.3933,35.5045],[136.3931,35.5045],[136.393,35.5043],[136.3929,35.5042],[136.3929,35.5041],[136.3928,35.5041],[136.3925,35.5041],[136.3923,35.504],[136.3922,35.5037],[136.3919,35.5032],[136.3918,35.5029],[136.3917,35.5026],[136.3917,35.5026],[136.3914,35.5019],[136.3908,35.5009],[136.3906,35.5006],[136.3901,35.5],[136.3901,35.5],[136.3901,35.4999],[136.3899,35.4996],[136.3898,35.499],[136.3896,35.4986],[136.3895,35.4983],[136.3894,35.4981],[136.3894,35.498],[136.3892,35.4977],[136.3888,35.4974],[136.3886,35.4972],[136.3885,35.4971],[136.3881,35.497],[136.3878,35.4968],[136.3878,35.4966],[136.3878,35.4961],[136.3883,35.495],[136.3884,35.4946],[136.3883,35.4942],[136.3882,35.4937],[136.388,35.4935],[136.3879,35.4933],[136.3876,35.4933],[136.3873,35.4931],[136.3871,35.4928],[136.3869,35.4926],[136.3869,35.492],[136.3869,35.4917],[136.3869,35.4917],[136.3869,35.4911],[136.3867,35.4902],[136.3867,35.4892],[136.3867,35.4888],[136.3869,35.4884],[136.3871,35.4882],[136.3874,35.4878],[136.388,35.4874],[136.3882,35.4874],[136.3884,35.4873],[136.3887,35.4872],[136.3893,35.4867],[136.3898,35.4863],[136.3902,35.4862],[136.3908,35.4855],[136.3908,35.4855],[136.391,35.4854],[136.3913,35.4852],[136.3915,35.4852],[136.3917,35.4852],[136.3917,35.4852],[136.3917,35.4852],[136.3919,35.4853],[136.3922,35.4854],[136.3924,35.4856],[136.3926,35.4856],[136.3928,35.4855],[136.393,35.4853],[136.3931,35.4853],[136.3933,35.485],[136.3938,35.4844],[136.3939,35.4841],[136.394,35.4835],[136.3941,35.4833],[136.3941,35.4833],[136.3941,35.4833],[136.3944,35.4832],[136.3948,35.483],[136.3952,35.4827],[136.3954,35.4825],[136.3957,35.482],[136.3958,35.4818],[136.3962,35.4817],[136.3968,35.4815],[136.3975,35.4813],[136.3978,35.4811],[136.398,35.4809],[136.3981,35.4806],[136.3981,35.4804],[136.3981,35.4797],[136.3981,35.4795],[136.3986,35.4789],[136.3988,35.4786],[136.3991,35.4777],[136.3996,35.4767],[136.4,35.4757],[136.4,35.4757],[136.4,35.4757],[136.4002,35.4753],[136.4005,35.475],[136.4005,35.475],[136.4007,35.4749],[136.4014,35.4742],[136.4018,35.4737],[136.402,35.4735],[136.4019,35.4732],[136.4018,35.4724],[136.4018,35.4723],[136.4016,35.4716],[136.4015,35.4712],[136.4016,35.4701],[136.4016,35.47],[136.4018,35.4699],[136.4023,35.4698],[136.4027,35.4697],[136.4039,35.4693],[136.4044,35.469],[136.4049,35.469],[136.4059,35.4691],[136.4063,35.4691],[136.407,35.4691],[136.4075,35.4689],[136.4082,35.4687],[136.4083,35.4687],[136.4083,35.4687],[136.4086,35.4687],[136.4093,35.4687],[136.4095,35.4687],[136.41,35.4686],[136.4111,35.4683],[136.4119,35.4681],[136.4123,35.4678],[136.4126,35.4676],[136.4129,35.4675],[136.4131,35.4674],[136.4133,35.4673],[136.4134,35.4672],[136.414,35.4667],[136.414,35.4667],[136.4141,35.4666],[136.4143,35.4665],[136.4147,35.4665],[136.4156,35.4665],[136.4159,35.4667],[136.4159,35.4667],[136.4164,35.4669],[136.4167,35.4669],[136.4167,35.4669],[136.4172,35.467],[136.4179,35.4671],[136.4183,35.4672],[136.4187,35.4674],[136.4189,35.4675],[136.4191,35.4674],[136.4193,35.4672],[136.4194,35.4672],[136.4196,35.467],[136.4198,35.4667],[136.4198,35.4667],[136.4198,35.4667],[136.4204,35.4662],[136.4205,35.466],[136.4209,35.465],[136.4211,35.4638],[136.4212,35.4621],[136.4209,35.461],[136.4208,35.4598],[136.4207,35.4589],[136.4208,35.4586],[136.4209,35.4583],[136.4209,35.4583],[136.421,35.4582],[136.4212,35.4576],[136.4213,35.4571],[136.4213,35.4568],[136.4213,35.4566],[136.4213,35.4564],[136.4215,35.4556],[136.4217,35.4551],[136.4222,35.4547],[136.423,35.4543],[136.4235,35.4541],[136.4239,35.454],[136.4243,35.4537],[136.4246,35.4533],[136.4247,35.4527],[136.4249,35.4516],[136.425,35.4512],[136.425,35.4512],[136.4251,35.4511],[136.4253,35.4506],[136.4255,35.4502],[136.4256,35.45],[136.4256,35.45],[136.4256,35.4498],[136.4256,35.4497],[136.4261,35.4492],[136.4261,35.4492],[136.4262,35.4489],[136.4262,35.4484],[136.4262,35.4482],[136.426,35.4479],[136.4255,35.4474],[136.425,35.4469],[136.425,35.4469],[136.4249,35.4468],[136.4244,35.4463],[136.4238,35.4456],[136.4236,35.4453],[136.4234,35.4449],[136.4232,35.4444],[136.4229,35.4436],[136.4228,35.4434],[136.4223,35.4428],[136.4222,35.4426],[136.4221,35.4417],[136.4221,35.4417],[136.4221,35.4415],[136.4221,35.4411],[136.4222,35.4411],[136.4223,35.4408],[136.4225,35.4405],[136.4232,35.4399],[136.4232,35.4399],[136.4231,35.4397],[136.4229,35.4396],[136.4222,35.4391],[136.422,35.4388],[136.4218,35.4385],[136.4217,35.4381],[136.4215,35.4379],[136.4212,35.4373],[136.4209,35.4369],[136.4202,35.436],[136.4195,35.4354],[136.4191,35.4353],[136.4185,35.4351],[136.4182,35.4349],[136.4179,35.4347],[136.4175,35.4343],[136.4173,35.4341],[136.4171,35.434],[136.4167,35.4339],[136.4167,35.4339],[136.4166,35.4339],[136.4162,35.4338],[136.4159,35.4336],[136.4157,35.4334],[136.4157,35.4333],[136.4157,35.4333],[136.4156,35.4331],[136.4156,35.4328],[136.4155,35.4324],[136.4155,35.4319],[136.4156,35.4317],[136.4157,35.4315],[136.4162,35.4309],[136.4162,35.4307],[136.4162,35.4304],[136.4163,35.4302],[136.4167,35.4299],[136.4167,35.4299],[136.4178,35.4291],[136.4183,35.4287],[136.4186,35.4283],[136.4188,35.4281],[136.4189,35.4278],[136.4188,35.4274],[136.4186,35.4272],[136.4183,35.4266],[136.4182,35.4265],[136.4178,35.4265],[136.4175,35.4263],[136.4171,35.426],[136.4167,35.4257],[136.4167,35.4257],[136.4163,35.4255],[136.4156,35.4253],[136.4151,35.4251],[136.415,35.425],[136.415,35.425],[136.4147,35.4247],[136.414,35.4243],[136.4138,35.4241],[136.4138,35.4239],[136.4134,35.4236],[136.4129,35.4233],[136.4125,35.4228],[136.4121,35.4226],[136.4118,35.4224],[136.4117,35.422],[136.4116,35.4217],[136.4116,35.4215],[136.4117,35.421],[136.4117,35.4205],[136.4118,35.4199],[136.4118,35.4194],[136.4118,35.4186],[136.4136,35.4177],[136.4138,35.4176],[136.4143,35.4174],[136.4148,35.4171],[136.4152,35.4167],[136.4152,35.4167],[136.4157,35.4162],[136.4162,35.4159],[136.4167,35.4156],[136.4167,35.4156],[136.4174,35.4152],[136.418,35.4149],[136.4182,35.4147],[136.4191,35.414],[136.4203,35.4129],[136.4203,35.4129],[136.4205,35.412],[136.4206,35.4116],[136.4208,35.4114],[136.4214,35.4106],[136.4215,35.41],[136.4219,35.4095],[136.4226,35.4085],[136.4227,35.4083],[136.4227,35.4083],[136.423,35.4081],[136.424,35.4077],[136.4244,35.4074],[136.4246,35.4072],[136.4246,35.4068],[136.4246,35.4065],[136.4246,35.4059],[136.4245,35.4057],[136.4243,35.4053],[136.4243,35.4052],[136.4243,35.4051],[136.4243,35.4049],[136.4245,35.4046],[136.4247,35.4041],[136.425,35.4038],[136.425,35.4038],[136.4252,35.4037],[136.4257,35.4029],[136.4259,35.4027],[136.4268,35.4023],[136.4271,35.4023],[136.4274,35.402],[136.4276,35.4019],[136.4277,35.4015],[136.4278,35.4011],[136.428,35.4008],[136.4283,35.4006],[136.4292,35.4003],[136.4297,35.4001],[136.4298,35.4],[136.4298,35.4],[136.4302,35.3998],[136.4306,35.3997],[136.4309,35.3998],[136.4311,35.3998],[136.4313,35.3997],[136.4314,35.3995],[136.4314,35.3994],[136.4314,35.3992],[136.4315,35.3991],[136.4317,35.3989],[136.432,35.3987],[136.4324,35.3986],[136.4328,35.3985],[136.4332,35.3981],[136.4333,35.398],[136.4333,35.398],[136.4335,35.3978],[136.4337,35.3978],[136.4344,35.3979],[136.4348,35.3978],[136.4351,35.3977],[136.4354,35.3976],[136.4356,35.3976],[136.4361,35.3974],[136.4366,35.3972],[136.4367,35.3968],[136.4366,35.3966],[136.4367,35.3961],[136.4368,35.3957],[136.4368,35.3955],[136.4369,35.3953],[136.437,35.3951],[136.4372,35.395],[136.4375,35.395],[136.4379,35.3949],[136.4382,35.3947],[136.4385,35.3946],[136.4389,35.3944],[136.439,35.3943],[136.4394,35.3942],[136.4398,35.3943],[136.44,35.3942],[136.4406,35.394],[136.4409,35.3939],[136.4409,35.3937],[136.4409,35.3933],[136.4409,35.393],[136.4409,35.3928],[136.441,35.3924],[136.441,35.3922],[136.4411,35.3919],[136.441,35.3917],[136.441,35.3917],[136.441,35.3916],[136.4411,35.3914],[136.4411,35.3913],[136.4412,35.3911],[136.4414,35.3909],[136.4417,35.3906],[136.4417,35.3906],[136.4417,35.3906],[136.4423,35.3905],[136.4426,35.3903],[136.4428,35.3901],[136.443,35.3899],[136.4433,35.3898],[136.4443,35.3896],[136.4444,35.3894],[136.4444,35.3892],[136.4443,35.3889],[136.4441,35.3887],[136.4439,35.3885],[136.4437,35.3882],[136.4435,35.388],[136.4432,35.3875],[136.4431,35.387],[136.443,35.3868],[136.4426,35.3863],[136.4424,35.386],[136.4423,35.3856],[136.442,35.385],[136.4417,35.3846],[136.4417,35.3846],[136.4416,35.3844],[136.4413,35.3841],[136.441,35.3839],[136.4406,35.3835],[136.4402,35.3833],[136.4402,35.3833],[136.44,35.3832],[136.4396,35.3829],[136.4393,35.3825],[136.4389,35.382],[136.4388,35.3818],[136.4387,35.3816],[136.4378,35.3803],[136.4373,35.3796],[136.4369,35.3791],[136.4367,35.379],[136.4365,35.3788],[136.4355,35.3784],[136.4354,35.3784],[136.4347,35.378],[136.4335,35.3773],[136.4333,35.3772],[136.4333,35.3772],[136.4319,35.3763],[136.4309,35.3758],[136.4309,35.3758],[136.4294,35.375],[136.4294,35.375],[136.4294,35.375],[136.4281,35.3742],[136.4267,35.3735],[136.4263,35.3734],[136.4261,35.3733],[136.4258,35.3733],[136.4255,35.3734],[136.4251,35.3736],[136.425,35.3737],[136.425,35.3737],[136.4249,35.3737],[136.4247,35.3737],[136.4242,35.3736],[136.4239,35.3735],[136.4234,35.3734],[136.423,35.3734],[136.4224,35.3734],[136.4222,35.3734],[136.4219,35.3732],[136.4217,35.373],[136.4214,35.3728],[136.4212,35.3727],[136.4212,35.3727],[136.4209,35.3726],[136.4205,35.3727],[136.4203,35.3728],[136.4199,35.373],[136.4193,35.3731],[136.4179,35.3734],[136.4167,35.3735],[136.4167,35.3735],[136.4167,35.3735],[136.4161,35.3736],[136.4156,35.3736],[136.4154,35.3735],[136.4151,35.3733],[136.4149,35.3731],[136.4147,35.3729],[136.4147,35.3727],[136.4143,35.3722],[136.4141,35.3718],[136.414,35.3714],[136.4138,35.3713],[136.4135,35.371],[136.4132,35.3708],[136.4128,35.3705],[136.4122,35.3702],[136.412,35.3701],[136.4119,35.3699],[136.412,35.3694],[136.4121,35.369],[136.4122,35.3689],[136.4126,35.3685],[136.4128,35.3683],[136.4129,35.368],[136.413,35.3676],[136.413,35.3675],[136.4129,35.3674],[136.4127,35.3672],[136.4126,35.367],[136.4124,35.3667],[136.4124,35.3667],[136.4124,35.3666],[136.4122,35.3663],[136.4122,35.3661],[136.4122,35.3656],[136.4122,35.3654],[136.4122,35.3653],[136.4125,35.3652],[136.413,35.3649],[136.4133,35.3647],[136.4135,35.3644],[136.4136,35.3641],[136.4136,35.3636],[136.4134,35.3623],[136.4133,35.3617],[136.4133,35.3612],[136.4135,35.3604],[136.4135,35.36],[136.4133,35.3594],[136.413,35.3592],[136.4126,35.3589],[136.4122,35.3587],[136.412,35.3585],[136.4117,35.3584],[136.4111,35.3584],[136.4107,35.3583],[136.4107,35.3583],[136.4107,35.3583],[136.4105,35.3583],[136.4104,35.358],[136.4101,35.3577],[136.4099,35.3572],[136.4097,35.357],[136.4096,35.3567],[136.4096,35.3564],[136.4098,35.356],[136.4098,35.3552],[136.4099,35.3551],[136.4099,35.355],[136.4106,35.3544],[136.4108,35.3542],[136.4107,35.354],[136.4105,35.3535],[136.4105,35.3531],[136.4105,35.3528],[136.4106,35.3525],[136.4107,35.3523],[136.411,35.3522],[136.4115,35.3522],[136.4123,35.3521],[136.4128,35.3522],[136.4133,35.3523],[136.4136,35.3525],[136.4138,35.3528],[136.4138,35.3529],[136.4138,35.3534],[136.4138,35.3536],[136.4141,35.3537],[136.4143,35.3537],[136.4146,35.3539],[136.4148,35.3541],[136.415,35.3543],[136.4157,35.3545],[136.4162,35.3548],[136.4162,35.3548],[136.4164,35.3548],[136.4166,35.3547],[136.4167,35.3547],[136.4167,35.3547],[136.4168,35.3545],[136.4171,35.3541],[136.4174,35.3539],[136.4177,35.3538],[136.4181,35.3539],[136.4186,35.3541],[136.4191,35.3541],[136.4195,35.3539],[136.4204,35.3539],[136.421,35.3539],[136.4214,35.3539],[136.4216,35.3538],[136.4218,35.3536],[136.4217,35.3533],[136.4216,35.3531],[136.4215,35.353],[136.4211,35.3526],[136.4209,35.3524],[136.4209,35.352],[136.4209,35.3517],[136.4213,35.3507],[136.4216,35.3502],[136.4216,35.35],[136.4216,35.35],[136.4218,35.3497],[136.4219,35.3495],[136.422,35.3492],[136.4221,35.3489],[136.4222,35.3487],[136.4223,35.3484],[136.4221,35.348],[136.4218,35.3474],[136.4214,35.347],[136.4211,35.3467],[136.4207,35.3464],[136.4201,35.346],[136.42,35.3458],[136.4199,35.3455],[136.4194,35.3451],[136.4192,35.3448],[136.4192,35.3446],[136.4192,35.3442],[136.4194,35.3439],[136.4195,35.3438],[136.4193,35.3435],[136.4188,35.343],[136.4186,35.3428],[136.4186,35.3425],[136.4187,35.3424],[136.4188,35.3421],[136.4189,35.3418],[136.419,35.3417],[136.419,35.3417],[136.419,35.3415],[136.419,35.3412],[136.4189,35.341],[136.4187,35.3406],[136.4183,35.3404],[136.4179,35.3403],[136.4177,35.3402],[136.4175,35.34],[136.4173,35.3394],[136.4168,35.3387],[136.4167,35.3385],[136.4167,35.3385],[136.4164,35.3382],[136.4161,35.3375],[136.4158,35.3373],[136.4156,35.337],[136.4153,35.3365],[136.4156,35.3361],[136.4155,35.3355],[136.4156,35.3352],[136.4157,35.3351],[136.4156,35.3347],[136.4154,35.334],[136.4152,35.3337],[136.4147,35.3335],[136.4146,35.3333],[136.4146,35.3333],[136.4146,35.3333],[136.4147,35.333],[136.4146,35.3326],[136.4144,35.3325],[136.4138,35.3324],[136.413,35.3322],[136.4129,35.3321],[136.4126,35.3318],[136.4122,35.3307],[136.4122,35.3303],[136.4124,35.3298],[136.4123,35.3297],[136.4121,35.3293],[136.4119,35.3292],[136.4115,35.3291],[136.4114,35.329],[136.4114,35.3287],[136.4113,35.3283],[136.4112,35.3279],[136.4112,35.3276],[136.4113,35.3276],[136.4114,35.3274],[136.4115,35.3273],[136.4125,35.3266],[136.4129,35.3262],[136.4132,35.3256],[136.4134,35.325],[136.4134,35.325],[136.4136,35.3246],[136.4136,35.3243],[136.4135,35.324],[136.4126,35.3232],[136.4123,35.3227],[136.4121,35.3222],[136.4122,35.3211],[136.4121,35.3201],[136.4122,35.3196],[136.4122,35.3193],[136.4121,35.3185],[136.4121,35.3182],[136.4123,35.3178],[136.4123,35.3167],[136.4123,35.3167],[136.4123,35.3164],[136.4123,35.3156],[136.412,35.3151],[136.4117,35.3146],[136.4114,35.3141],[136.4109,35.3136],[136.4098,35.3127],[136.4091,35.312],[136.4083,35.3112],[136.4083,35.3112],[136.4082,35.311],[136.4076,35.3107],[136.4073,35.3104],[136.4068,35.31],[136.4066,35.3097],[136.4066,35.3095],[136.4067,35.3094],[136.4072,35.3086],[136.4073,35.3084],[136.4073,35.3083],[136.4073,35.3083],[136.4073,35.308],[136.4073,35.3076],[136.4071,35.3073],[136.407,35.3071],[136.4071,35.3067],[136.4071,35.3065],[136.407,35.3064],[136.4069,35.3059],[136.4068,35.3053],[136.4067,35.305],[136.4066,35.3049],[136.4064,35.3048],[136.4061,35.3046],[136.4055,35.3041],[136.4045,35.3038],[136.4039,35.3037],[136.4035,35.3036],[136.4032,35.3034],[136.403,35.3031],[136.403,35.3027],[136.4032,35.302],[136.4032,35.3008],[136.4031,35.3006],[136.403,35.3005],[136.4027,35.3005],[136.4023,35.3004],[136.402,35.3003],[136.4012,35.3002],[136.4011,35.3002],[136.4008,35.3],[136.4008,35.3],[136.4004,35.2999],[136.4,35.2997],[136.3996,35.2995],[136.3994,35.2994],[136.3992,35.2993],[136.3992,35.299],[136.3993,35.2986],[136.3993,35.2985],[136.3992,35.2983],[136.3989,35.298],[136.3988,35.2979],[136.3981,35.2977],[136.398,35.2975],[136.3979,35.2974],[136.3979,35.2966],[136.3978,35.2963],[136.3976,35.2961],[136.397,35.2957],[136.3968,35.2956],[136.3966,35.2952],[136.3961,35.2943],[136.3959,35.2941],[136.3954,35.2941],[136.3951,35.2941],[136.3949,35.2941],[136.3946,35.2938],[136.3944,35.2934],[136.3945,35.2931],[136.3945,35.2925],[136.3943,35.2923],[136.3938,35.2919],[136.3932,35.2919],[136.393,35.2918],[136.3927,35.2917],[136.3927,35.2917],[136.3925,35.2916],[136.3923,35.2913],[136.3922,35.291],[136.3921,35.2908],[136.3921,35.2906],[136.3918,35.2904],[136.3917,35.2904],[136.3917,35.2904],[136.3912,35.2902],[136.391,35.29],[136.391,35.2895],[136.391,35.2887],[136.3909,35.288],[136.3909,35.2879],[136.391,35.2877],[136.3914,35.2874],[136.3917,35.2872],[136.3917,35.2872],[136.3917,35.2871],[136.392,35.2869],[136.3931,35.2862],[136.3933,35.286],[136.3936,35.2854],[136.3941,35.2844],[136.3947,35.2834],[136.3946,35.2833],[136.3946,35.2833],[136.3943,35.283],[136.3944,35.2829],[136.3944,35.2827],[136.3945,35.2824],[136.3949,35.2819],[136.3953,35.2814],[136.3957,35.2809],[136.3959,35.2807],[136.396,35.2802],[136.3959,35.2796],[136.3957,35.2789],[136.3957,35.2787],[136.3957,35.2785],[136.3958,35.2782],[136.3958,35.2775],[136.3958,35.2774],[136.3958,35.2771],[136.3958,35.275],[136.3958,35.275],[136.3958,35.2748],[136.3957,35.274],[136.3955,35.2735],[136.3951,35.2731],[136.3947,35.2722],[136.3945,35.271],[136.3945,35.2708],[136.3947,35.2703],[136.3946,35.2698],[136.3946,35.2692],[136.3947,35.2686],[136.3947,35.2684],[136.3948,35.2681],[136.3948,35.2671],[136.3947,35.2668],[136.3946,35.2667],[136.3946,35.2667],[136.3943,35.2661],[136.394,35.2654],[136.394,35.2652],[136.3941,35.265],[136.3945,35.2645],[136.3946,35.2643],[136.3945,35.264],[136.3937,35.2627],[136.3935,35.2619],[136.3937,35.2615],[136.3942,35.2604],[136.3944,35.2601],[136.3944,35.2599],[136.3944,35.2599],[136.3944,35.2593],[136.3944,35.2591],[136.3945,35.259],[136.3947,35.2589],[136.3949,35.2588],[136.3961,35.2583],[136.3962,35.2583],[136.3962,35.2583],[136.3969,35.2579],[136.397,35.2577],[136.3968,35.2574],[136.3966,35.2571],[136.3963,35.2567],[136.3945,35.2551],[136.3942,35.2544],[136.3939,35.2539],[136.394,35.2535],[136.3939,35.2534],[136.3935,35.2533],[136.3934,35.2532],[136.3932,35.253],[136.3929,35.2528],[136.3923,35.2522],[136.3917,35.2516],[136.3917,35.2516],[136.3914,35.2513],[136.3902,35.2507],[136.3899,35.2504],[136.3898,35.2503],[136.3894,35.25],[136.3894,35.25],[136.3892,35.2498],[136.3887,35.2496],[136.3886,35.2496],[136.3881,35.2495],[136.3873,35.2495],[136.3869,35.2493],[136.3863,35.2489],[136.3855,35.2485],[136.3851,35.2483],[136.3847,35.2483],[136.3841,35.2484],[136.3835,35.2484],[136.3833,35.2484],[136.3833,35.2484],[136.3831,35.2484],[136.3824,35.2482],[136.3817,35.2482],[136.3813,35.2483],[136.3811,35.2484],[136.381,35.2486],[136.381,35.2486],[136.3808,35.2486],[136.3806,35.2485],[136.3803,35.2482],[136.3801,35.2481],[136.3797,35.2478],[136.3792,35.2475],[136.3791,35.2474],[136.379,35.2467],[136.3788,35.246],[136.3786,35.2456],[136.3786,35.2454],[136.3786,35.2453],[136.379,35.245],[136.3791,35.2448],[136.379,35.2446],[136.379,35.2444],[136.3787,35.2442],[136.3781,35.2437],[136.3779,35.2436],[136.3776,35.2435],[136.3773,35.2434],[136.3773,35.2433],[136.3773,35.2432],[136.3774,35.243],[136.3776,35.2429],[136.3779,35.2427],[136.3783,35.2426],[136.3787,35.2424],[136.3789,35.2417],[136.3789,35.2417],[136.379,35.2416],[136.379,35.2414],[136.3794,35.2412],[136.3797,35.2409],[136.3804,35.2407],[136.3811,35.2406],[136.3814,35.2405],[136.3819,35.2405],[136.382,35.2405],[136.3822,35.2405],[136.3823,35.2404],[136.3826,35.2401],[136.383,35.2399],[136.3833,35.2398],[136.3833,35.2398],[136.3833,35.2398],[136.3836,35.2397],[136.3836,35.2396],[136.3837,35.2395],[136.3838,35.2394],[136.3838,35.2392],[136.3839,35.239],[136.3842,35.2387],[136.3845,35.2385],[136.3846,35.2384],[136.3847,35.2381],[136.3851,35.2373],[136.3853,35.237],[136.3854,35.2367],[136.3855,35.2362],[136.3855,35.2354],[136.3857,35.2351],[136.3858,35.2351],[136.3861,35.235],[136.3866,35.2349],[136.3871,35.2347],[136.3871,35.2347],[136.3877,35.2346],[136.3882,35.2346],[136.3884,35.2345],[136.3887,35.2343],[136.3888,35.2343],[136.3895,35.2344],[136.3899,35.2344],[136.3908,35.2344],[136.3914,35.2344],[136.3917,35.2343],[136.3917,35.2343],[136.3917,35.2343],[136.3921,35.2342],[136.3924,35.2338],[136.3927,35.2334],[136.3927,35.2333],[136.3927,35.2333],[136.3929,35.233],[136.393,35.2324],[136.3933,35.2319],[136.3937,35.2315],[136.3938,35.2311],[136.3938,35.2308],[136.3938,35.2308],[136.3938,35.2307],[136.3936,35.2305],[136.3934,35.2304],[136.3929,35.2302],[136.3925,35.23],[136.3924,35.2299],[136.3924,35.2299],[136.3925,35.2298],[136.3928,35.2297],[136.3932,35.2295],[136.3939,35.2294],[136.394,35.2293],[136.3944,35.2292],[136.3947,35.2292],[136.395,35.2291],[136.3953,35.229],[136.3955,35.2288],[136.3958,35.2288],[136.3962,35.2287],[136.3964,35.2287],[136.3968,35.2285],[136.3971,35.2284],[136.3975,35.2282],[136.3978,35.2281],[136.3982,35.2281],[136.3985,35.2281],[136.3986,35.228],[136.3987,35.228],[136.3989,35.2277],[136.399,35.2272],[136.3991,35.2265],[136.3991,35.2261],[136.3991,35.2261],[136.3992,35.226],[136.3993,35.2259],[136.3995,35.2258],[136.3996,35.2258],[136.3999,35.2259],[136.4,35.2259],[136.4,35.2259],[136.4008,35.2259],[136.4009,35.2259],[136.4012,35.2257],[136.4015,35.2254],[136.4016,35.2252],[136.4017,35.2251],[136.4019,35.225],[136.402,35.225],[136.402,35.225],[136.4021,35.225],[136.4021,35.225],[136.4021,35.225],[136.4022,35.225],[136.4026,35.2252],[136.403,35.2254],[136.4031,35.2254],[136.4034,35.2253],[136.4036,35.2252],[136.4037,35.225],[136.4037,35.225],[136.4038,35.2248],[136.4042,35.2245],[136.4045,35.2242],[136.4047,35.2241],[136.4048,35.2241],[136.4049,35.2241],[136.4052,35.2241],[136.4055,35.2242],[136.406,35.2242],[136.4063,35.2241],[136.4065,35.224],[136.4067,35.2238],[136.4069,35.2237],[136.4075,35.2236],[136.4083,35.2237],[136.4083,35.2237],[136.4083,35.2236],[136.4083,35.2236],[136.4084,35.2236],[136.409,35.2231],[136.4098,35.2223],[136.4102,35.2219],[136.4107,35.2215],[136.4107,35.2214],[136.4107,35.2212],[136.4107,35.2211],[136.4111,35.2208],[136.4112,35.2205],[136.4113,35.2204],[136.4114,35.2204],[136.4117,35.22],[136.4118,35.2198],[136.4119,35.2195],[136.412,35.2193],[136.4121,35.2191],[136.4121,35.2189],[136.412,35.2187],[136.4119,35.2185],[136.412,35.2184],[136.4122,35.2184],[136.4139,35.2182],[136.4151,35.2177],[136.4152,35.2177],[136.4156,35.2174],[136.4157,35.2172],[136.4158,35.2167],[136.4158,35.2167],[136.4158,35.2167],[136.4159,35.2163],[136.416,35.2161],[136.416,35.2158],[136.416,35.2153],[136.416,35.2151],[136.4161,35.215],[136.4163,35.2149],[136.4167,35.2147],[136.4167,35.2147],[136.4167,35.2147],[136.4168,35.2145],[136.4168,35.2144],[136.4168,35.2142],[136.4167,35.2141],[136.4167,35.2138],[136.4167,35.2138],[136.4165,35.2131],[136.4163,35.2121],[136.4161,35.2112],[136.4161,35.2109],[136.4162,35.2104],[136.4163,35.2102],[136.4163,35.2097],[136.4163,35.2092],[136.4165,35.2089],[136.4165,35.2087],[136.4164,35.2083],[136.4164,35.2083],[136.4164,35.2083],[136.4165,35.208],[136.4164,35.2077],[136.4163,35.2075],[136.4161,35.207],[136.4159,35.2067],[136.4159,35.2064],[136.4161,35.2055],[136.4163,35.2053],[136.4163,35.2052],[136.4166,35.205],[136.4167,35.205],[136.4167,35.205],[136.4169,35.2049],[136.4171,35.2048],[136.4173,35.2047],[136.4175,35.2045],[136.4176,35.2042],[136.4178,35.2041],[136.4179,35.204],[136.418,35.2039],[136.418,35.2038],[136.418,35.2037],[136.4178,35.2036],[136.4177,35.2034],[136.4176,35.2033],[136.4175,35.2031],[136.4173,35.2027],[136.4173,35.2027],[136.4169,35.2026],[136.4167,35.2026],[136.4167,35.2025],[136.4167,35.2025],[136.4165,35.2025],[136.4161,35.2022],[136.4159,35.2021],[136.4155,35.202],[136.4152,35.2019],[136.4151,35.2018],[136.415,35.2016],[136.4148,35.2013],[136.4148,35.2012],[136.4145,35.2007],[136.4144,35.2006],[136.4143,35.2005],[136.4143,35.2001],[136.4142,35.2],[136.4141,35.1998],[136.4138,35.1995],[136.4137,35.1993],[136.4137,35.1989],[136.4138,35.1987],[136.4138,35.1983],[136.4137,35.1978],[136.4135,35.1973],[136.4133,35.1968],[136.4131,35.1964],[136.4129,35.1962],[136.4126,35.1959],[136.4126,35.1958],[136.4127,35.1955],[136.4129,35.1951],[136.4129,35.195],[136.4129,35.1947],[136.4129,35.1938],[136.4128,35.1933],[136.4128,35.1927],[136.4127,35.1921],[136.4126,35.1919],[136.4125,35.1918],[136.4124,35.1917],[136.4124,35.1917],[136.4121,35.1913],[136.4118,35.1912],[136.4114,35.1908],[136.4111,35.1903],[136.4108,35.1897],[136.4105,35.1893],[136.4101,35.1889],[136.4098,35.1882],[136.4097,35.1881],[136.4096,35.1878],[136.4094,35.1877],[136.4089,35.1875],[136.4087,35.1873],[136.4087,35.1872],[136.4087,35.1872],[136.4089,35.187],[136.4092,35.1869],[136.4094,35.1868],[136.4098,35.1865],[136.4099,35.1865],[136.4103,35.1864],[136.4111,35.1861],[136.4114,35.1861],[136.4118,35.1861],[136.4122,35.1861],[136.4126,35.1862],[136.4128,35.1863],[136.4131,35.1862],[136.4136,35.186],[136.4136,35.186],[136.4146,35.1856],[136.4152,35.1853],[136.4158,35.1852],[136.4163,35.1851],[136.4166,35.1849],[136.4167,35.1848],[136.4167,35.1848],[136.4169,35.1846],[136.4171,35.1843],[136.4172,35.1842],[136.4174,35.184],[136.418,35.1839],[136.4183,35.1838],[136.4187,35.1836],[136.4189,35.1834],[136.4189,35.1833],[136.419,35.1832],[136.4191,35.1831],[136.4194,35.1827],[136.4196,35.1826],[136.4196,35.1826],[136.4198,35.1828],[136.4199,35.1829],[136.4201,35.1829],[136.4205,35.1829],[136.4208,35.1829],[136.4209,35.183],[136.4213,35.1832],[136.4215,35.1832],[136.4219,35.1833],[136.4221,35.1834],[136.4224,35.1836],[136.4227,35.1838],[136.4227,35.1838],[136.4229,35.1841],[136.4233,35.1841],[136.424,35.1844],[136.4243,35.1845],[136.4245,35.1845],[136.4245,35.1845],[136.4247,35.1844],[136.4249,35.1839],[136.425,35.1838],[136.425,35.1838],[136.4255,35.1834],[136.4255,35.1833],[136.4256,35.1833],[136.4257,35.1831],[136.426,35.1829],[136.4262,35.1828],[136.4264,35.1828],[136.4267,35.1828],[136.4271,35.1826],[136.4276,35.1825],[136.428,35.1822],[136.4284,35.182],[136.4287,35.1818],[136.4288,35.1816],[136.4288,35.1814],[136.4289,35.1814],[136.4295,35.1813],[136.4299,35.1812],[136.4303,35.1809],[136.4305,35.1806],[136.4306,35.1804],[136.431,35.18],[136.431,35.18],[136.4313,35.1798],[136.4318,35.1797],[136.4319,35.1797],[136.4323,35.1794],[136.4326,35.1789],[136.4328,35.1787],[136.4333,35.1784],[136.4334,35.1784],[136.4336,35.1781],[136.4338,35.1778],[136.4339,35.1775],[136.434,35.1771],[136.4341,35.177],[136.4343,35.1769],[136.4345,35.1768],[136.4349,35.1768],[136.4357,35.1765],[136.4358,35.1764],[136.4358,35.1763],[136.4361,35.1761],[136.4362,35.1757],[136.4365,35.1751],[136.4366,35.175],[136.4367,35.1747],[136.4368,35.1744],[136.4369,35.1742],[136.4368,35.174],[136.4368,35.1737],[136.437,35.1733],[136.437,35.1733],[136.4373,35.173],[136.4378,35.1727],[136.4387,35.172],[136.4392,35.1718],[136.4396,35.1716],[136.4398,35.1715],[136.4401,35.1714],[136.4403,35.1714],[136.4407,35.1715],[136.4408,35.1715],[136.4415,35.1717],[136.4417,35.1717],[136.4417,35.1717],[136.4419,35.1717],[136.4422,35.1716],[136.4427,35.1713],[136.4429,35.1713],[136.443,35.1713],[136.4432,35.1714],[136.4434,35.1715],[136.4436,35.1716],[136.4437,35.1717],[136.4438,35.1717],[136.4439,35.1717],[136.4445,35.1713],[136.4446,35.1711],[136.4447,35.1711],[136.4447,35.1707],[136.4446,35.1705],[136.4447,35.1703],[136.445,35.1701],[136.4453,35.17],[136.4456,35.1699],[136.446,35.1696],[136.4462,35.1693],[136.4462,35.1692],[136.4462,35.1691],[136.4462,35.1688],[136.4461,35.1687],[136.4461,35.1686],[136.4459,35.1685],[136.4459,35.1685],[136.4458,35.1685],[136.4457,35.1685],[136.4454,35.1684],[136.4452,35.1684],[136.4451,35.1683],[136.445,35.1682],[136.4448,35.168],[136.4448,35.1678],[136.4448,35.1676],[136.4449,35.1673],[136.445,35.1667],[136.445,35.1667],[136.4451,35.1665],[136.4452,35.1663],[136.4453,35.1662],[136.4457,35.1661],[136.4458,35.166],[136.4463,35.166],[136.4466,35.166],[136.4469,35.1661],[136.4471,35.1661],[136.4472,35.1662],[136.4475,35.1664],[136.4476,35.1665],[136.4477,35.1666],[136.4478,35.1667],[136.4478,35.1667],[136.4479,35.1667],[136.4481,35.1668],[136.4485,35.1668],[136.4494,35.1668],[136.45,35.1667],[136.4501,35.1667],[136.4504,35.1666],[136.4509,35.1665],[136.4513,35.1664],[136.4519,35.1662],[136.4521,35.1661],[136.4525,35.1659],[136.4526,35.1658],[136.4526,35.1657],[136.4529,35.1654],[136.4529,35.1651],[136.4531,35.1648],[136.4533,35.1646],[136.4536,35.164],[136.4538,35.1637],[136.4541,35.1633],[136.4544,35.1629],[136.4545,35.1625],[136.4546,35.1621],[136.4546,35.1618],[136.4546,35.1616],[136.4547,35.1614],[136.4546,35.1613],[136.4545,35.1611],[136.4544,35.161],[136.4542,35.1608],[136.4541,35.1606],[136.4541,35.1605],[136.454,35.1604],[136.4538,35.1601],[136.4536,35.1598],[136.4534,35.1596],[136.4531,35.1591],[136.453,35.159],[136.4529,35.1589],[136.453,35.1588],[136.453,35.1588],[136.4532,35.1587],[136.4535,35.1583],[136.4536,35.1582],[136.4539,35.1579],[136.454,35.1578],[136.4541,35.1576],[136.4542,35.1574],[136.4542,35.1571],[136.4543,35.1566],[136.4543,35.1562],[136.4544,35.1555],[136.4545,35.1551],[136.4545,35.1544],[136.4545,35.1543],[136.4545,35.1541],[136.4544,35.1539],[136.4544,35.1539],[136.4544,35.1537],[136.4547,35.1532],[136.455,35.1526],[136.455,35.1525],[136.455,35.1525],[136.455,35.1524],[136.4549,35.1524],[136.4547,35.1522],[136.4543,35.152],[136.4541,35.1519],[136.4537,35.1518],[136.4534,35.1517],[136.4531,35.1514],[136.4528,35.1513],[136.4524,35.1512],[136.452,35.151],[136.452,35.1509],[136.4519,35.1508],[136.4518,35.1506],[136.4516,35.15],[136.4515,35.1499],[136.4515,35.1498],[136.4514,35.1497],[136.4513,35.1497],[136.4512,35.1496],[136.4507,35.1496],[136.4505,35.1495],[136.4504,35.1495],[136.45,35.1496],[136.4498,35.1496],[136.4495,35.1497],[136.449,35.1497],[136.4488,35.1498],[136.4485,35.1497],[136.4484,35.1497],[136.4482,35.1498],[136.4479,35.1498],[136.4476,35.1498],[136.4474,35.1498],[136.4472,35.1499],[136.4471,35.1499],[136.4469,35.1499],[136.4466,35.1499],[136.4462,35.1499],[136.446,35.1499],[136.4456,35.1497],[136.4454,35.1497],[136.4451,35.1497],[136.4448,35.1496],[136.4444,35.1493],[136.4443,35.1492],[136.4442,35.149],[136.4442,35.1489],[136.4442,35.1488],[136.4443,35.1486],[136.4444,35.1484],[136.4445,35.1482],[136.4445,35.1481],[136.4445,35.148],[136.4445,35.1477],[136.4445,35.1476],[136.4445,35.1475],[136.4444,35.1473],[136.4443,35.1472],[136.4443,35.1471],[136.4442,35.1468],[136.444,35.1465],[136.444,35.1464],[136.4439,35.1462],[136.4438,35.1459],[136.4437,35.1458],[136.4434,35.1456],[136.4433,35.1453],[136.4432,35.1452],[136.4431,35.1449],[136.4431,35.1446],[136.4432,35.1444],[136.4432,35.1441],[136.4433,35.1439],[136.4435,35.1436],[136.4436,35.1434],[136.4437,35.1431],[136.4439,35.1427],[136.444,35.1425],[136.444,35.1422],[136.444,35.1421],[136.4439,35.142],[136.4439,35.1419],[136.4438,35.1417],[136.4438,35.1417],[136.4436,35.141],[136.4434,35.1407],[136.4433,35.1402],[136.4432,35.1399],[136.4431,35.1397],[136.443,35.1391],[136.4429,35.1391],[136.4429,35.139],[136.4428,35.1389],[136.4426,35.1389],[136.4421,35.1388],[136.4417,35.1387],[136.4413,35.1387],[136.4408,35.1386],[136.4404,35.1384],[136.4402,35.1383],[136.4401,35.1381],[136.4398,35.1378],[136.4396,35.1377],[136.4394,35.1374],[136.4393,35.1372],[136.4391,35.137],[136.4389,35.1369],[136.4388,35.1369],[136.4384,35.1368],[136.438,35.1366],[136.438,35.1366],[136.4379,35.1364],[136.4377,35.1361],[136.4375,35.1356],[136.4375,35.1355],[136.4375,35.1354],[136.4374,35.1352],[136.4374,35.1349],[136.4374,35.1345],[136.4374,35.1343],[136.4373,35.1337],[136.4372,35.1335],[136.4372,35.1333],[136.4372,35.1333],[136.4371,35.1328],[136.4369,35.1325],[136.4368,35.1322],[136.4366,35.1319],[136.4364,35.1317],[136.4362,35.1314],[136.4357,35.131],[136.4356,35.1308],[136.4356,35.1307],[136.4356,35.1307],[136.436,35.1306],[136.4361,35.1305],[136.4362,35.1304],[136.4364,35.1303],[136.4365,35.1303],[136.4368,35.1302],[136.437,35.1301],[136.4373,35.13],[136.4375,35.1299],[136.4378,35.1297],[136.438,35.1295],[136.4382,35.1293],[136.4386,35.129],[136.4388,35.1287],[136.4388,35.1287],[136.4389,35.1286],[136.439,35.1286],[136.4392,35.1286],[136.4395,35.1286],[136.4398,35.1286],[136.4403,35.1285],[136.4407,35.1283],[136.441,35.1282],[136.4414,35.128],[136.4417,35.1278],[136.4419,35.1277],[136.442,35.1277],[136.4422,35.1275],[136.4425,35.1275],[136.4428,35.1274],[136.4428,35.1274],[136.4432,35.1273],[136.4432,35.1273],[136.4434,35.1272],[136.4437,35.1271],[136.4444,35.1268],[136.4447,35.1266],[136.4448,35.1265],[136.4449,35.1264],[136.4451,35.1261],[136.4453,35.1259],[136.4457,35.1257],[136.4465,35.1254],[136.4468,35.1252],[136.447,35.125],[136.4471,35.1249],[136.4475,35.1246],[136.4478,35.1242],[136.448,35.1238],[136.4481,35.1237],[136.448,35.1236],[136.448,35.1236],[136.4479,35.1234],[136.4477,35.1231],[136.4475,35.123],[136.4474,35.1228],[136.4472,35.1228],[136.4468,35.1227],[136.4465,35.1227],[136.4463,35.1226],[136.4461,35.1225],[136.446,35.1224],[136.4459,35.1223],[136.4459,35.1221],[136.4458,35.1216],[136.4457,35.1214],[136.4456,35.1212],[136.4454,35.121],[136.4453,35.1209],[136.4453,35.1207],[136.4452,35.1204],[136.4451,35.1201],[136.4448,35.1194],[136.4447,35.1192],[136.4445,35.119],[136.4444,35.1189],[136.4442,35.1189],[136.444,35.1188],[136.4437,35.1188],[136.4433,35.1187],[136.4431,35.1185],[136.4427,35.1183],[136.4423,35.118],[136.4421,35.1178],[136.4419,35.1177],[136.4417,35.1175],[136.4417,35.1175],[136.4413,35.1173],[136.4403,35.1169],[136.4401,35.1168],[136.44,35.1167],[136.44,35.1167],[136.44,35.1166],[136.44,35.1164],[136.4399,35.1163],[136.4398,35.116],[136.4398,35.1158],[136.4399,35.1157],[136.4399,35.1155],[136.4399,35.1154],[136.4399,35.115],[136.44,35.1148],[136.4403,35.1145],[136.4406,35.1142],[136.441,35.1137],[136.4414,35.1133],[136.4414,35.1132],[136.4415,35.1131],[136.4414,35.1128],[136.4414,35.1124],[136.4415,35.1122],[136.4417,35.1119],[136.4417,35.1118],[136.4421,35.1113],[136.4425,35.1109],[136.4426,35.1107],[136.4426,35.1106],[136.4425,35.1106],[136.4425,35.1105],[136.4424,35.1104],[136.4423,35.1103],[136.442,35.1101],[136.4419,35.1099],[136.4418,35.1098],[136.4418,35.1096],[136.4417,35.1095],[136.4417,35.1095],[136.4416,35.1093],[136.4415,35.1091],[136.4414,35.1089],[136.4413,35.1087],[136.4412,35.1085],[136.4411,35.1083],[136.441,35.108],[136.4409,35.1079],[136.4408,35.1077],[136.4408,35.1076],[136.4409,35.1073],[136.4409,35.1071],[136.4409,35.1068],[136.4409,35.1067],[136.4411,35.1064],[136.4413,35.1062],[136.4414,35.106],[136.4415,35.1059],[136.4415,35.1057],[136.4415,35.1056],[136.4417,35.1055],[136.4417,35.1055],[136.4418,35.1054],[136.4418,35.1053],[136.4419,35.1053],[136.4419,35.1052],[136.4418,35.1049],[136.4417,35.1045],[136.4417,35.1044],[136.4415,35.104],[136.4414,35.1038],[136.4413,35.1034],[136.4413,35.1033],[136.4413,35.1031],[136.4414,35.1027],[136.4414,35.1024],[136.4414,35.1023],[136.4414,35.1021],[136.4415,35.102],[136.4416,35.1019],[136.4416,35.1019],[136.4417,35.1018],[136.4419,35.1016],[136.4419,35.1016],[136.4419,35.1014],[136.4418,35.1013],[136.4417,35.101],[136.4416,35.101],[136.4415,35.1008],[136.4412,35.1005],[136.4408,35.1003],[136.4404,35.1],[136.4404,35.1],[136.4401,35.0998],[136.44,35.0996],[136.4399,35.0995],[136.4397,35.0992],[136.4395,35.0989],[136.4393,35.0984],[136.4392,35.0981],[136.4391,35.0978],[136.4391,35.0977],[136.439,35.0974],[136.4389,35.0971],[136.4388,35.0969],[136.4387,35.0967],[136.4387,35.0965],[136.4387,35.0964],[136.4388,35.0962],[136.4389,35.0959],[136.439,35.0956],[136.4392,35.0952],[136.4392,35.0949],[136.4393,35.0946],[136.4394,35.0943],[136.4395,35.094],[136.4395,35.0939],[136.4396,35.0936],[136.4396,35.0934],[136.4396,35.0933],[136.4396,35.0932],[136.4395,35.0931],[136.4393,35.093],[136.4391,35.0929],[136.439,35.0928],[136.439,35.0927],[136.4388,35.0925],[136.4388,35.0922],[136.4386,35.0921],[136.4383,35.0919],[136.4381,35.0918],[136.4381,35.0917],[136.4381,35.0917],[136.4381,35.0917],[136.4381,35.0915],[136.4382,35.0915],[136.4384,35.0914],[136.4385,35.0913],[136.4388,35.0912],[136.4389,35.0912],[136.439,35.0911],[136.439,35.091],[136.4391,35.0909],[136.4392,35.0908],[136.4395,35.0907],[136.4396,35.0906],[136.4397,35.0906],[136.4398,35.0904],[136.4398,35.0903],[136.4399,35.09],[136.4399,35.0898],[136.44,35.0896],[136.4401,35.0894],[136.4402,35.0893],[136.4403,35.0892],[136.4404,35.089],[136.4407,35.0889],[136.4409,35.0886],[136.4411,35.0884],[136.4412,35.0883],[136.4412,35.0883],[136.4413,35.088],[136.4414,35.088],[136.4415,35.0877],[136.4416,35.0873],[136.4417,35.0873],[136.4418,35.0871],[136.4419,35.0868],[136.442,35.0866],[136.4421,35.0862],[136.4421,35.086],[136.4421,35.0858],[136.442,35.0858],[136.4417,35.0857],[136.4416,35.0856],[136.4413,35.0856],[136.4409,35.0855],[136.4406,35.0854],[136.4403,35.0852],[136.4399,35.0849],[136.4397,35.0848],[136.4395,35.0846],[136.4394,35.0844],[136.4392,35.0842],[136.4391,35.0842],[136.4387,35.0841],[136.4384,35.084],[136.4382,35.0839],[136.4382,35.0838],[136.4382,35.0836],[136.4383,35.0834],[136.4383,35.0833],[136.4383,35.0833],[136.4381,35.0833],[136.4379,35.0833],[136.4376,35.0832],[136.4371,35.0831],[136.4369,35.0831],[136.4365,35.083],[136.4362,35.0829],[136.4359,35.083],[136.4357,35.083],[136.4354,35.0829],[136.4353,35.0827],[136.4353,35.0825],[136.4353,35.0824],[136.4355,35.0821],[136.4359,35.0818],[136.436,35.0815],[136.436,35.0809],[136.436,35.0807],[136.4359,35.0803],[136.4358,35.08],[136.4358,35.0799],[136.4359,35.0797],[136.4361,35.0795],[136.4362,35.0795],[136.4363,35.0793],[136.4363,35.0792],[136.4363,35.079],[136.4363,35.079],[136.4365,35.0788],[136.4367,35.0788],[136.4368,35.0786],[136.4369,35.0784],[136.4371,35.0781],[136.4372,35.078],[136.4373,35.0777],[136.4374,35.0775],[136.4374,35.0773],[136.4374,35.0772],[136.4375,35.077],[136.4377,35.0769],[136.4378,35.0768],[136.4379,35.0766],[136.4381,35.0765],[136.4382,35.0764],[136.4385,35.0764],[136.4387,35.0763],[136.4388,35.0762],[136.439,35.0761],[136.4392,35.0759],[136.4396,35.0756],[136.4397,35.0755],[136.4398,35.0753],[136.4399,35.075],[136.4399,35.075],[136.4401,35.0748],[136.4403,35.0746],[136.4404,35.0745],[136.4404,35.0744],[136.4403,35.0741],[136.4401,35.0738],[136.4399,35.0732],[136.4396,35.0727],[136.4396,35.0726],[136.4396,35.0724],[136.4398,35.0721],[136.44,35.0717],[136.4401,35.0715],[136.4402,35.0714],[136.4405,35.0707],[136.4406,35.0705],[136.4408,35.0703],[136.441,35.0702],[136.441,35.0701],[136.441,35.07],[136.441,35.0697],[136.441,35.0694],[136.441,35.0692],[136.441,35.0689],[136.4411,35.0685],[136.4413,35.0681],[136.4413,35.068],[136.4412,35.0676],[136.4413,35.0675],[136.4413,35.0673],[136.4415,35.067],[136.4416,35.0667],[136.4416,35.0667],[136.4416,35.0665],[136.4416,35.0663],[136.4414,35.0661],[136.4413,35.0658],[136.4412,35.0657],[136.4412,35.0656],[136.4412,35.0654],[136.4412,35.0652],[136.4411,35.065],[136.441,35.0648],[136.441,35.0645],[136.4409,35.0645],[136.4409,35.0645],[136.4407,35.0645],[136.4405,35.0647],[136.4403,35.0648],[136.44,35.0652],[136.4399,35.0653],[136.4396,35.0654],[136.4394,35.0654],[136.4392,35.0655],[136.439,35.0655],[136.4386,35.0655],[136.4385,35.0655],[136.4382,35.0652],[136.4381,35.0649],[136.438,35.0646],[136.438,35.0644],[136.4379,35.0642],[136.4377,35.064],[136.4375,35.0638],[136.4374,35.0637],[136.437,35.0636],[136.4367,35.0635],[136.4364,35.0634],[136.4363,35.0633],[136.4359,35.0628],[136.4358,35.0627],[136.4357,35.0626],[136.4356,35.0623],[136.4355,35.0623],[136.4353,35.0623],[136.4348,35.0622],[136.4346,35.0622],[136.4344,35.0621],[136.4341,35.0619],[136.4336,35.0617],[136.4334,35.0615],[136.4334,35.0613],[136.4333,35.0612],[136.4333,35.0611],[136.4333,35.061],[136.4333,35.0608],[136.4333,35.0606],[136.4335,35.0604],[136.4337,35.0602],[136.4337,35.06],[136.4337,35.0598],[136.4336,35.0597],[136.4335,35.0596],[136.4334,35.0594],[136.4333,35.0594],[136.4332,35.0594],[136.4328,35.0593],[136.4326,35.0593],[136.4322,35.0593],[136.432,35.0594],[136.4318,35.0594],[136.4314,35.0593],[136.431,35.0592],[136.431,35.0592],[136.4308,35.0589],[136.4307,35.0588],[136.4305,35.0588],[136.4303,35.0587],[136.4301,35.0584],[136.4301,35.0583],[136.4299,35.058],[136.4298,35.0577],[136.4297,35.0574],[136.4293,35.0571],[136.4292,35.0568],[136.429,35.0565],[136.4288,35.0564],[136.4288,35.0564],[136.4285,35.0565],[136.4282,35.0566],[136.4278,35.0566],[136.4276,35.0567],[136.4274,35.0569],[136.4272,35.0569],[136.427,35.057],[136.4264,35.0569],[136.4257,35.0569],[136.4255,35.0569],[136.4255,35.0569],[136.4251,35.057],[136.425,35.057],[136.425,35.057],[136.4248,35.057],[136.4247,35.057],[136.4246,35.0569],[136.4246,35.0569],[136.4245,35.0567],[136.4245,35.0566],[136.4244,35.0561],[136.4244,35.056],[136.4244,35.0558],[136.4243,35.0557],[136.4241,35.0556],[136.4237,35.0554],[136.4233,35.0551],[136.4231,35.0549],[136.4229,35.0546],[136.4228,35.0545],[136.4227,35.0543],[136.4227,35.0541],[136.4226,35.0537],[136.4226,35.0531],[136.4226,35.0528],[136.4225,35.0525],[136.4224,35.052],[136.4224,35.0516],[136.4222,35.0514],[136.4219,35.0512],[136.4216,35.051],[136.4213,35.0509],[136.421,35.0509],[136.4205,35.0507],[136.4201,35.0506],[136.4199,35.0504],[136.4197,35.0501],[136.4196,35.05],[136.4195,35.0499],[136.4195,35.0499],[136.4193,35.0497],[136.4189,35.0496],[136.4187,35.0495],[136.4183,35.0495],[136.4179,35.0495],[136.4178,35.0495],[136.4177,35.0493],[136.4178,35.0492],[136.4179,35.049],[136.4181,35.0488],[136.4183,35.0486],[136.4184,35.0485],[136.4184,35.0483],[136.4183,35.0481],[136.4182,35.0479],[136.4181,35.0476],[136.418,35.0473],[136.4178,35.0469],[136.4178,35.0469],[136.4177,35.0466],[136.4177,35.0461],[136.4177,35.0457],[136.4177,35.0455],[136.4178,35.0451],[136.4178,35.0449],[136.4177,35.0447],[136.4177,35.0446],[136.4176,35.0443],[136.4174,35.0441],[136.4174,35.044],[136.4174,35.0438],[136.4174,35.0436],[136.4176,35.0433],[136.4176,35.0432],[136.4177,35.0428],[136.4178,35.0427],[136.4178,35.0426],[136.4178,35.0425],[136.4177,35.0424],[136.4175,35.0423],[136.4174,35.0423],[136.4172,35.0423],[136.4169,35.0424],[136.4167,35.0424],[136.4166,35.0424],[136.4164,35.0424],[136.4163,35.0423],[136.4161,35.0421],[136.4159,35.0417],[136.4159,35.0416],[136.4159,35.0414],[136.4159,35.0413],[136.416,35.041],[136.4163,35.0408],[136.4166,35.0407],[136.4167,35.0407],[136.4168,35.0406],[136.4169,35.0406],[136.417,35.0404],[136.4171,35.04],[136.4172,35.0399],[136.4171,35.0397],[136.4171,35.0397],[136.4169,35.0393],[136.4169,35.0392],[136.4169,35.0389],[136.4169,35.0388],[136.4168,35.0385],[136.4167,35.0384],[136.4167,35.0382],[136.4167,35.0382],[136.4166,35.0379],[136.4165,35.0375],[136.4165,35.0373],[136.4165,35.0372],[136.4165,35.037],[136.4166,35.0368],[136.4166,35.0365],[136.4166,35.0363],[136.4167,35.036],[136.4167,35.036],[136.4167,35.0359],[136.4168,35.0356],[136.4169,35.0355],[136.4169,35.0354],[136.417,35.0353],[136.417,35.0351],[136.417,35.0349],[136.4169,35.0345],[136.4169,35.0341],[136.417,35.0339],[136.417,35.0338],[136.4174,35.0336],[136.4176,35.0333],[136.4176,35.0333],[136.4178,35.0331],[136.4179,35.0329],[136.4182,35.0323],[136.4184,35.0319],[136.4184,35.0318],[136.4183,35.0317],[136.4181,35.0316],[136.418,35.0314],[136.4179,35.0311],[136.4179,35.0309],[136.4179,35.0307],[136.4181,35.0304],[136.4182,35.0303],[136.4186,35.0301],[136.4188,35.0299],[136.4192,35.0299],[136.4203,35.0299],[136.4209,35.0297],[136.4211,35.0296],[136.4214,35.0297],[136.4219,35.0298],[136.4219,35.0298],[136.4223,35.0298],[136.4226,35.0298],[136.4228,35.0297],[136.4232,35.0297],[136.4235,35.0297],[136.4238,35.0298],[136.4241,35.0298],[136.4242,35.0297],[136.4244,35.0296],[136.4245,35.0295],[136.4245,35.0294],[136.4244,35.0293],[136.4241,35.0291],[136.424,35.0289],[136.424,35.0288],[136.4239,35.0287],[136.4238,35.0286],[136.4235,35.0284],[136.4229,35.0282],[136.4227,35.0281],[136.4226,35.0277],[136.4225,35.0276],[136.4224,35.0273],[136.4221,35.027],[136.4221,35.0269],[136.4221,35.0268],[136.4222,35.0267],[136.4224,35.0266],[136.4226,35.0265],[136.4229,35.0264],[136.4229,35.0263],[136.423,35.0259],[136.4229,35.0257],[136.4228,35.0255],[136.4226,35.0254],[136.4224,35.0254],[136.4222,35.0253],[136.422,35.0252],[136.4219,35.025],[136.4218,35.025],[136.4218,35.0248],[136.4218,35.0246],[136.4218,35.0244],[136.4217,35.0244],[136.4215,35.0241],[136.4214,35.0239],[136.4214,35.0238],[136.4215,35.0235],[136.4216,35.0232],[136.4216,35.0229],[136.4217,35.0224],[136.4216,35.0222],[136.4215,35.0217],[136.4214,35.0214],[136.4213,35.0213],[136.4213,35.0213],[136.4211,35.0211],[136.4207,35.0209],[136.4202,35.0206],[136.4198,35.0205],[136.4191,35.0204],[136.4184,35.0203],[136.4182,35.0203],[136.4178,35.0201],[136.4177,35.0199],[136.4174,35.0198],[136.4171,35.0196],[136.4171,35.0195],[136.4172,35.0194],[136.4175,35.0193],[136.4175,35.0192],[136.4176,35.0191],[136.4176,35.0187],[136.4177,35.0185],[136.4178,35.0183],[136.4182,35.0181],[136.4184,35.0179],[136.4186,35.0175],[136.4187,35.0172],[136.4188,35.017],[136.4188,35.0169],[136.4187,35.0168],[136.4186,35.0167],[136.4185,35.0166],[136.418,35.0164],[136.4178,35.0163],[136.4175,35.0159],[136.4173,35.0156],[136.4169,35.0151],[136.4168,35.0148],[136.4168,35.0146],[136.4168,35.0146],[136.4167,35.0142],[136.4167,35.0141],[136.4166,35.014],[136.4166,35.0139],[136.4167,35.0138],[136.4167,35.0137],[136.417,35.0134],[136.4171,35.0132],[136.4171,35.013],[136.4171,35.0127],[136.417,35.0121],[136.417,35.0117],[136.417,35.0114],[136.417,35.0113],[136.417,35.0112],[136.417,35.0111],[136.4172,35.0107],[136.4173,35.0105],[136.4175,35.0103],[136.4176,35.0101],[136.418,35.0094],[136.4181,35.0093],[136.4183,35.0092],[136.4185,35.0091],[136.4186,35.0089],[136.4186,35.0087],[136.4186,35.0084],[136.4186,35.0083],[136.4186,35.0083],[136.4188,35.0079],[136.4189,35.0076],[136.4189,35.0073],[136.4189,35.0069],[136.419,35.0065],[136.4191,35.0062],[136.4193,35.0058],[136.4194,35.0056],[136.4201,35.0052],[136.4202,35.0051],[136.4202,35.0049],[136.4202,35.0048],[136.42,35.0044],[136.4199,35.0038],[136.4199,35.0032],[136.4199,35.0031],[136.42,35.0029],[136.4201,35.0028],[136.4206,35.0024],[136.421,35.0021],[136.4212,35.0017],[136.4213,35.0014],[136.4214,35.0012],[136.4214,35.0008],[136.4214,35.0006],[136.4214,35.0001],[136.4213,35],[136.4213,34.9999],[136.4212,34.9997],[136.4212,34.9996],[136.421,34.9996],[136.4209,34.9995],[136.4206,34.9992],[136.4204,34.999],[136.4202,34.999],[136.42,34.999],[136.4198,34.999],[136.4197,34.999],[136.4193,34.9987],[136.4192,34.9985],[136.4191,34.9984],[136.419,34.9984],[136.4188,34.9984],[136.4186,34.9984],[136.4184,34.9982],[136.4182,34.9981],[136.418,34.9981],[136.4178,34.9981],[136.4177,34.9981],[136.4172,34.9979],[136.4171,34.9978],[136.4169,34.9977],[136.4167,34.9977],[136.4167,34.9977],[136.4164,34.9977],[136.4161,34.9975],[136.415,34.9966],[136.4149,34.9966],[136.4148,34.9966],[136.4146,34.9966],[136.4145,34.9966],[136.4143,34.9965],[136.4141,34.9963],[136.414,34.9959],[136.4138,34.9956],[136.4135,34.9954],[136.4135,34.9954],[136.4135,34.9953],[136.4137,34.9952],[136.4138,34.9951],[136.414,34.9949],[136.414,34.9948],[136.4141,34.9947],[136.4143,34.9945],[136.4145,34.9944],[136.4145,34.9943],[136.4146,34.994],[136.4146,34.9937],[136.4148,34.9933],[136.4149,34.9932],[136.4149,34.9932],[136.4152,34.9933],[136.4154,34.9933],[136.4156,34.9932],[136.4157,34.9931],[136.4159,34.9928],[136.416,34.9926],[136.4162,34.9925],[136.4163,34.9924],[136.4164,34.9923],[136.4164,34.9921],[136.4161,34.9917],[136.4161,34.9915],[136.4157,34.991],[136.4156,34.9906],[136.4155,34.9904],[136.4156,34.99],[136.4157,34.9895],[136.4158,34.9892],[136.4159,34.9885],[136.416,34.9883],[136.4161,34.9881],[136.416,34.9877],[136.4156,34.9872],[136.4155,34.987],[136.4155,34.9869],[136.4156,34.9867],[136.4156,34.9865],[136.4155,34.9862],[136.4153,34.9859],[136.4153,34.9857],[136.4154,34.9854],[136.4154,34.9853],[136.4153,34.9851],[136.4152,34.9849],[136.4152,34.9847],[136.4152,34.9846],[136.4153,34.9842],[136.4152,34.984],[136.4151,34.9837],[136.4151,34.9836],[136.4152,34.9833],[136.4153,34.9832],[136.4153,34.983],[136.4153,34.9828],[136.4151,34.9827],[136.4151,34.9826],[136.4152,34.9824],[136.4153,34.9823],[136.4152,34.9821],[136.4151,34.982],[136.4148,34.9819],[136.4147,34.9818],[136.4146,34.9818],[136.4148,34.9817],[136.4149,34.9817],[136.4151,34.9817],[136.4153,34.9816],[136.4154,34.9814],[136.4155,34.9812],[136.4156,34.9811],[136.4159,34.9808],[136.4158,34.9807],[136.4158,34.9805],[136.4156,34.9803],[136.4154,34.9802],[136.4148,34.9799],[136.4146,34.9797],[136.4144,34.9794],[136.4144,34.9793],[136.4143,34.979],[136.4142,34.9788],[136.4142,34.9788],[136.4139,34.9784],[136.4137,34.9781],[136.4135,34.9779],[136.4132,34.9777],[136.4129,34.9775],[136.4128,34.9775],[136.4124,34.9772],[136.4117,34.977],[136.4112,34.9767],[136.411,34.9765],[136.4109,34.9764],[136.4108,34.9761],[136.4106,34.9759],[136.4102,34.9759],[136.41,34.9758],[136.4097,34.9757],[136.4094,34.9753],[136.4092,34.9752],[136.409,34.9751],[136.4089,34.9751],[136.4089,34.975],[136.4088,34.9748],[136.4087,34.9745],[136.4086,34.9744],[136.4084,34.9741],[136.4083,34.974],[136.4082,34.974],[136.4079,34.9739],[136.4077,34.9738],[136.4076,34.9737],[136.4075,34.9735],[136.4075,34.9733],[136.4075,34.9731],[136.4074,34.9729],[136.4074,34.9728],[136.4074,34.9726],[136.4075,34.9724],[136.4075,34.9723],[136.4074,34.9722],[136.4073,34.9719],[136.4071,34.9717],[136.4068,34.9715],[136.4065,34.9714],[136.4062,34.9713],[136.4062,34.9713],[136.4059,34.971],[136.4057,34.9709],[136.4056,34.9708],[136.4055,34.9708],[136.4051,34.9708],[136.4049,34.9708],[136.4047,34.9707],[136.4045,34.9706],[136.4042,34.9703],[136.404,34.9699],[136.4039,34.9696],[136.4037,34.9694],[136.4035,34.9693],[136.4033,34.9693],[136.4031,34.9692],[136.4031,34.9689],[136.403,34.9687],[136.403,34.9685],[136.4031,34.9681],[136.4032,34.9679],[136.4032,34.9678],[136.4033,34.9677],[136.4034,34.9674],[136.4035,34.9672],[136.4035,34.9669],[136.4034,34.9667],[136.4034,34.9664],[136.4033,34.9662],[136.403,34.9661],[136.4028,34.966],[136.4025,34.9659],[136.4022,34.9658],[136.4021,34.9657],[136.4021,34.9656],[136.402,34.9652],[136.402,34.965],[136.4018,34.9648],[136.4015,34.9646],[136.4011,34.9643],[136.4005,34.9639],[136.4003,34.9638],[136.4,34.9637],[136.3994,34.9634],[136.3992,34.9632],[136.3991,34.9631],[136.3991,34.963],[136.3992,34.9629],[136.3992,34.9627],[136.3993,34.9625],[136.3995,34.9623],[136.3996,34.962],[136.3997,34.9618],[136.3997,34.9618],[136.3996,34.9614],[136.3996,34.9611],[136.3994,34.9609],[136.3993,34.9608],[136.399,34.9607],[136.3989,34.9607],[136.3988,34.9605],[136.3986,34.9601],[136.3983,34.9598],[136.398,34.9596],[136.3978,34.9594],[136.3977,34.9592],[136.3975,34.959],[136.3974,34.9589],[136.3974,34.9587],[136.3973,34.9583],[136.3973,34.9583],[136.3971,34.9581],[136.397,34.958],[136.3966,34.9576],[136.3966,34.9576],[136.3965,34.9574],[136.3964,34.9569],[136.3963,34.9563],[136.3962,34.956],[136.3962,34.9558],[136.3962,34.9551],[136.3963,34.9547],[136.3964,34.9545],[136.3962,34.9543],[136.3963,34.9541],[136.3962,34.954],[136.3961,34.9537],[136.3955,34.9531],[136.3955,34.9531],[136.3954,34.9529],[136.3952,34.9526],[136.3952,34.9521],[136.3953,34.9519],[136.3952,34.9518],[136.3951,34.9516],[136.3948,34.9514],[136.3945,34.9514],[136.3941,34.9513],[136.3935,34.9512],[136.3932,34.9511],[136.393,34.9511],[136.3927,34.9511],[136.3925,34.9512],[136.3923,34.9511],[136.392,34.9512],[136.3917,34.9514],[136.3917,34.9514],[136.3914,34.9515],[136.3911,34.9515],[136.3905,34.9516],[136.3904,34.9517],[136.3903,34.952],[136.3902,34.9523],[136.39,34.9524],[136.3898,34.9525],[136.3895,34.9525],[136.3888,34.9524],[136.3886,34.9524],[136.3884,34.9525],[136.3882,34.9526],[136.388,34.9529],[136.3877,34.9531],[136.3874,34.9531],[136.3871,34.953],[136.3867,34.9527],[136.3864,34.9526],[136.3863,34.9525],[136.3861,34.9526],[136.386,34.9526],[136.3858,34.9527],[136.3857,34.9526],[136.3852,34.9523],[136.385,34.952],[136.3849,34.9519],[136.3846,34.9517],[136.3845,34.9513],[136.3845,34.951],[136.3844,34.9508],[136.3842,34.9507],[136.3838,34.9505],[136.3837,34.9504],[136.3835,34.9503],[136.3833,34.9502],[136.3833,34.9502],[136.3831,34.9501],[136.3829,34.95],[136.3829,34.95],[136.3826,34.9498],[136.3823,34.9495],[136.3821,34.9491],[136.3819,34.9488],[136.3817,34.9485],[136.3814,34.9483],[136.3806,34.9481],[136.3803,34.9479],[136.38,34.9475],[136.3798,34.9471],[136.3796,34.9468],[136.3792,34.9464],[136.3791,34.9462],[136.3788,34.946],[136.3786,34.9458],[136.3783,34.9458],[136.3781,34.9457],[136.3778,34.9457],[136.3776,34.9457],[136.3773,34.9456],[136.3769,34.9453],[136.3763,34.9447],[136.3759,34.9444],[136.3752,34.9439],[136.375,34.9437],[136.3749,34.9436],[136.3743,34.9434],[136.3741,34.9434],[136.3739,34.9432],[136.3737,34.943],[136.3734,34.9427],[136.3732,34.9425],[136.3729,34.9423],[136.3727,34.9423],[136.3726,34.9422],[136.3727,34.9421],[136.3729,34.9419],[136.3731,34.9417],[136.3733,34.9415],[136.3738,34.9409],[136.374,34.9406],[136.3743,34.9405],[136.3747,34.9402],[136.375,34.9401],[136.3754,34.9399],[136.3753,34.9396],[136.3753,34.9392],[136.3754,34.939],[136.3753,34.9388],[136.375,34.9386],[136.3749,34.9385],[136.3749,34.9384],[136.375,34.9382],[136.375,34.938],[136.375,34.9379],[136.375,34.9379],[136.3749,34.9376],[136.3746,34.9373],[136.374,34.9364],[136.3739,34.9361],[136.3732,34.9357],[136.373,34.9354],[136.3729,34.9353],[136.3729,34.9351],[136.3728,34.935],[136.3726,34.9348],[136.3721,34.9347],[136.372,34.9346],[136.3719,34.9346],[136.3719,34.9345],[136.3718,34.9344],[136.3718,34.9338],[136.3718,34.9333],[136.3718,34.9328],[136.3718,34.9325],[136.3718,34.9324],[136.3719,34.9322],[136.3719,34.9321],[136.3719,34.9318],[136.3718,34.9316],[136.3717,34.9314],[136.3716,34.9312],[136.3715,34.9309],[136.3716,34.9306],[136.3718,34.9303],[136.3721,34.93],[136.3724,34.9299],[136.3725,34.9298],[136.3727,34.9295],[136.3727,34.9291],[136.3728,34.9287],[136.373,34.9285],[136.3729,34.9283],[136.3728,34.9281],[136.3726,34.928],[136.3724,34.9279],[136.3721,34.9279],[136.372,34.9279],[136.3719,34.9279],[136.3717,34.9278],[136.3717,34.9278],[136.3717,34.9278],[136.3717,34.9277],[136.3717,34.9276],[136.3718,34.9274],[136.3721,34.9272],[136.3728,34.9265],[136.3738,34.9254],[136.3742,34.9251],[136.3747,34.925],[136.3747,34.925],[136.375,34.9249],[136.375,34.9249],[136.3752,34.9248],[136.3752,34.9247],[136.3752,34.9245],[136.3751,34.9244],[136.375,34.9243],[136.3744,34.9241],[136.3741,34.9239],[136.374,34.9238],[136.3739,34.9238],[136.3738,34.9238],[136.3737,34.9239],[136.3734,34.9239],[136.3732,34.9239],[136.3729,34.9237],[136.3727,34.9236],[136.3725,34.9236],[136.3721,34.9236],[136.3712,34.9235],[136.3708,34.9235],[136.3703,34.9233],[136.3699,34.9231],[136.3697,34.923],[136.3693,34.9229],[136.3688,34.9226],[136.3686,34.9224],[136.3684,34.9223],[136.368,34.9222],[136.3679,34.9221],[136.3678,34.9219],[136.3678,34.9213],[136.3676,34.921],[136.3675,34.9208],[136.3672,34.9206],[136.3672,34.9205],[136.3672,34.9203],[136.3673,34.9199],[136.3674,34.9198],[136.368,34.9193],[136.3681,34.9191],[136.3681,34.9189],[136.3679,34.9184],[136.3679,34.9183],[136.3678,34.9181],[136.3677,34.9179],[136.3675,34.9177],[136.3674,34.9175],[136.3674,34.9173],[136.3674,34.9172],[136.3673,34.917],[136.3672,34.9169],[136.3672,34.9168],[136.3673,34.9167],[136.3673,34.9166],[136.3674,34.9165],[136.3677,34.9164],[136.3678,34.9163],[136.3679,34.9163],[136.368,34.9161],[136.3681,34.916],[136.3681,34.9158],[136.3684,34.9152],[136.3685,34.915],[136.3685,34.9149],[136.3684,34.9147],[136.3684,34.9147],[136.3681,34.9145],[136.3677,34.9142],[136.3674,34.9141],[136.3673,34.914],[136.3673,34.9139],[136.3672,34.9137],[136.3669,34.9135],[136.3668,34.9134],[136.3667,34.9134],[136.3667,34.9134],[136.3664,34.9133],[136.3659,34.9131],[136.3655,34.913],[136.3655,34.913],[136.3653,34.9129],[136.3652,34.9127],[136.3651,34.9125],[136.3651,34.9124],[136.3651,34.9123],[136.3649,34.912],[136.3648,34.9118],[136.3647,34.9115],[136.3647,34.9112],[136.3648,34.911],[136.3648,34.9104],[136.3649,34.9102],[136.3649,34.91],[136.365,34.91],[136.365,34.9098],[136.3651,34.9097],[136.3651,34.9094],[136.3651,34.9092],[136.3651,34.9091],[136.3651,34.909],[136.3652,34.9089],[136.3657,34.9085],[136.3659,34.9084],[136.366,34.9083],[136.366,34.9083],[136.366,34.9082],[136.3661,34.9081],[136.366,34.9079],[136.3659,34.9076],[136.3659,34.9076],[136.3658,34.9072],[136.3658,34.9071],[136.3658,34.9069],[136.3658,34.9066],[136.3658,34.9064],[136.3658,34.906],[136.3659,34.9058],[136.3659,34.9055],[136.3661,34.9053],[136.3661,34.9052],[136.3661,34.905],[136.366,34.9049],[136.3659,34.9048],[136.3657,34.9048],[136.3656,34.9048],[136.3649,34.9049],[136.3643,34.9049],[136.3639,34.905],[136.3637,34.905],[136.3633,34.905],[136.3631,34.905],[136.3629,34.905],[136.3624,34.905],[136.3621,34.905],[136.3618,34.9048],[136.3616,34.9045],[136.3614,34.9045],[136.3607,34.9043],[136.3605,34.9042],[136.3603,34.9042],[136.3602,34.9041],[136.3601,34.904],[136.3601,34.9038],[136.36,34.9033],[136.36,34.9032],[136.3598,34.903],[136.3598,34.9029],[136.3595,34.9025],[136.3592,34.902],[136.3588,34.9017],[136.3588,34.9017],[136.3585,34.9013],[136.3583,34.9012],[136.3583,34.9012],[136.358,34.901],[136.3577,34.9008],[136.3575,34.9006],[136.3574,34.9005],[136.357,34.9004],[136.3563,34.9001],[136.3561,34.9],[136.356,34.9],[136.3554,34.8997],[136.3554,34.8997],[136.355,34.8997],[136.3548,34.8998],[136.3542,34.8998],[136.354,34.8999],[136.3538,34.8999],[136.3537,34.8998],[136.3536,34.8998],[136.3531,34.8995],[136.353,34.8995],[136.3527,34.8995],[136.3525,34.8995],[136.3524,34.8995],[136.3522,34.8995],[136.352,34.8994],[136.3518,34.8993],[136.3515,34.8993],[136.3514,34.8993],[136.3507,34.8992],[136.3506,34.8991],[136.3503,34.899],[136.3502,34.8988],[136.3501,34.8985],[136.35,34.8982],[136.35,34.898],[136.35,34.898],[136.3498,34.8975],[136.3497,34.8973],[136.3496,34.8972],[136.3495,34.8971],[136.3491,34.8966],[136.3489,34.8964],[136.3487,34.8962],[136.3483,34.8959],[136.348,34.8957],[136.3478,34.8956],[136.3472,34.8954],[136.347,34.8952],[136.3466,34.8951],[136.3462,34.8947],[136.3461,34.8947],[136.346,34.8947],[136.3458,34.895],[136.3456,34.8952],[136.3452,34.8953],[136.3451,34.8953],[136.3448,34.8953],[136.3447,34.8953],[136.3443,34.8955],[136.3442,34.8955],[136.3442,34.8956],[136.3439,34.8957],[136.3437,34.8958],[136.3436,34.8957],[136.3433,34.8956],[136.3431,34.8956],[136.3429,34.8956],[136.3427,34.8957],[136.3426,34.8958],[136.3425,34.8959],[136.3424,34.8959],[136.3423,34.8958],[136.3421,34.8957],[136.342,34.8958],[136.3417,34.8957],[136.3417,34.8958],[136.3416,34.8958],[136.3414,34.8958],[136.3413,34.8958],[136.3412,34.8958],[136.341,34.8958],[136.3407,34.8957],[136.3406,34.8957],[136.3401,34.8955],[136.3399,34.8955],[136.3396,34.8955],[136.3394,34.8955],[136.3394,34.8955],[136.3392,34.8953],[136.3383,34.8947],[136.338,34.8945],[136.3379,34.8944],[136.3371,34.8941],[136.3368,34.894],[136.3357,34.8934],[136.3354,34.8933],[136.3351,34.8932],[136.3346,34.8931],[136.3341,34.893],[136.3336,34.8928],[136.3333,34.8927],[136.333,34.8926],[136.3329,34.8926],[136.3325,34.8925],[136.3324,34.8925],[136.3319,34.8925],[136.3313,34.8925],[136.3309,34.8925],[136.3307,34.8924],[136.3306,34.8924],[136.3305,34.8923],[136.3303,34.8922],[136.3298,34.8918],[136.3298,34.8917],[136.3297,34.8917],[136.3297,34.8917],[136.3296,34.8915],[136.3296,34.8914],[136.3292,34.891],[136.3289,34.8907],[136.3282,34.8899],[136.3277,34.8896],[136.3273,34.8894],[136.3272,34.8894],[136.327,34.8892],[136.3268,34.889],[136.3267,34.8888],[136.3266,34.8887],[136.3265,34.8887],[136.3263,34.8886],[136.3261,34.8887],[136.3258,34.8887],[136.3257,34.8887],[136.3255,34.8888],[136.3253,34.8889],[136.3252,34.889],[136.3251,34.8891],[136.325,34.8893],[136.3249,34.8894],[136.3248,34.8896],[136.3247,34.8897],[136.3246,34.8898],[136.3244,34.8899],[136.3242,34.8899],[136.3239,34.8899],[136.3237,34.8898],[136.3234,34.8897],[136.3228,34.8895],[136.3226,34.8894],[136.3224,34.8894],[136.3223,34.8894],[136.3222,34.8894],[136.3218,34.8895],[136.3216,34.8896],[136.3215,34.8897],[136.3213,34.8897],[136.3213,34.8897],[136.3211,34.8898],[136.3208,34.8898],[136.3201,34.8898],[136.3197,34.8897],[136.3196,34.8897],[136.3193,34.8897],[136.3191,34.8896],[136.3185,34.8892],[136.3178,34.8887],[136.3176,34.8885],[136.3174,34.8884],[136.3172,34.8883],[136.3171,34.8882],[136.3167,34.8881],[136.3165,34.888],[136.3163,34.8879],[136.3159,34.8877],[136.3153,34.8874],[136.3147,34.8872],[136.3141,34.8871],[136.3134,34.887],[136.3132,34.887],[136.3131,34.8866],[136.3131,34.8865],[136.313,34.8862],[136.313,34.8859],[136.3132,34.8854],[136.3133,34.8849],[136.3135,34.8844],[136.3136,34.8843],[136.3137,34.8841],[136.3137,34.884],[136.3137,34.884],[136.3137,34.8839],[136.3138,34.8835],[136.3138,34.8833],[136.3138,34.8833],[136.3137,34.8832],[136.3136,34.8829],[136.3134,34.8825],[136.3134,34.8823],[136.3134,34.882],[136.3134,34.882],[136.3134,34.8819],[136.3135,34.8817],[136.3135,34.8816],[136.3135,34.8815],[136.3134,34.8814],[136.3133,34.8813],[136.3132,34.8811],[136.3129,34.8806],[136.3128,34.8805],[136.3124,34.8805],[136.3123,34.8804],[136.3117,34.8802],[136.3114,34.8801],[136.3113,34.8801],[136.3111,34.8801],[136.3105,34.88],[136.3104,34.88],[136.3103,34.88],[136.3102,34.88],[136.3101,34.8799],[136.3101,34.8798],[136.3101,34.8797],[136.3102,34.8794],[136.3101,34.8792],[136.3101,34.879],[136.3099,34.8789],[136.3098,34.8789],[136.3092,34.8787],[136.3087,34.8785],[136.3086,34.8785],[136.3085,34.8784],[136.3083,34.8783],[136.3082,34.8782],[136.3081,34.878],[136.3079,34.8776],[136.3079,34.8776],[136.3079,34.8775],[136.3074,34.8772],[136.3071,34.8769],[136.307,34.8769],[136.3065,34.8766],[136.3063,34.8764],[136.3063,34.8764],[136.3061,34.8762],[136.3058,34.8758],[136.3056,34.8756],[136.3054,34.8754],[136.305,34.8752],[136.3049,34.8751],[136.3047,34.8751],[136.3045,34.875],[136.3043,34.875],[136.3043,34.875],[136.3042,34.875],[136.3042,34.8749],[136.3039,34.8749],[136.3037,34.8748],[136.3036,34.8748],[136.3034,34.8749],[136.3034,34.875],[136.3034,34.875],[136.3031,34.8754],[136.3028,34.8758],[136.3028,34.8759],[136.3024,34.8762],[136.3023,34.8763],[136.3022,34.8764],[136.302,34.8764],[136.3019,34.8764],[136.3018,34.8764],[136.3015,34.8763],[136.3012,34.8762],[136.301,34.8762],[136.3007,34.8761],[136.3006,34.8761],[136.3003,34.8757],[136.3,34.8756],[136.3,34.8756],[136.2999,34.8756],[136.2996,34.8757],[136.2995,34.8757],[136.2992,34.8756],[136.2989,34.8755],[136.2988,34.8754],[136.2987,34.8753],[136.2987,34.8751],[136.2986,34.875],[136.2985,34.8748],[136.2984,34.8747],[136.2983,34.8745],[136.2983,34.8745],[136.2982,34.8742],[136.2979,34.8738],[136.2978,34.8734],[136.2978,34.8734],[136.2976,34.8731],[136.2974,34.873],[136.2973,34.8729],[136.2971,34.8728],[136.2969,34.8727],[136.2964,34.8725],[136.2959,34.8723],[136.2958,34.8723],[136.2953,34.8721],[136.2947,34.872],[136.2946,34.8719],[136.2944,34.8716],[136.2943,34.8714],[136.2942,34.8713],[136.294,34.8712],[136.2938,34.871],[136.2936,34.8709],[136.2935,34.8708],[136.2932,34.8705],[136.2931,34.8704],[136.2929,34.8703],[136.2928,34.8703],[136.2927,34.8703],[136.2925,34.8704],[136.2923,34.8706],[136.2921,34.8707],[136.292,34.8707],[136.2917,34.8706],[136.2917,34.8705],[136.2914,34.8704],[136.2912,34.8703],[136.2907,34.8701],[136.2904,34.87],[136.2902,34.87],[136.2901,34.8699],[136.29,34.8698],[136.2899,34.8698],[136.2897,34.8696],[136.2896,34.8696],[136.2894,34.8695],[136.2893,34.8695],[136.2891,34.8696],[136.2884,34.8698],[136.2879,34.87],[136.2876,34.8701],[136.2874,34.8702],[136.2873,34.8702],[136.2873,34.8702],[136.2868,34.8701],[136.2867,34.8701],[136.2864,34.8701],[136.2858,34.8703],[136.2856,34.8704],[136.2854,34.8705],[136.2852,34.8705],[136.2849,34.8705],[136.2846,34.8705],[136.2845,34.8705],[136.2842,34.8704],[136.284,34.8703],[136.2838,34.8703],[136.2837,34.8703],[136.2835,34.8704],[136.2833,34.8705],[136.283,34.8707],[136.2825,34.8711],[136.2824,34.8711],[136.2819,34.871],[136.2817,34.871],[136.2816,34.8711],[136.2815,34.8711],[136.2815,34.8713],[136.2815,34.8718],[136.2816,34.872],[136.2815,34.8723],[136.2814,34.8724],[136.2811,34.8727],[136.2807,34.873],[136.2805,34.8731],[136.2804,34.8732],[136.2801,34.8732],[136.2799,34.8732],[136.2796,34.8734],[136.2794,34.8736],[136.2793,34.8737],[136.2792,34.8737],[136.2791,34.8737],[136.2785,34.8737],[136.278,34.8737],[136.2779,34.8738],[136.2773,34.874],[136.2772,34.8742],[136.2772,34.8742],[136.2771,34.8742],[136.277,34.874],[136.277,34.8739],[136.2769,34.8737],[136.2769,34.8736],[136.2766,34.8732],[136.2764,34.873],[136.2764,34.8729],[136.2763,34.8729],[136.2762,34.8727],[136.2762,34.8725],[136.276,34.872],[136.276,34.8718],[136.2759,34.8717],[136.2758,34.8716],[136.2756,34.8714],[136.2751,34.871],[136.275,34.8709],[136.2748,34.8708],[136.2745,34.8707],[136.2744,34.8705],[136.2742,34.8703],[136.274,34.87],[136.2738,34.8699],[136.2737,34.8698],[136.2736,34.8697],[136.2732,34.8696],[136.273,34.8695],[136.2729,34.8693],[136.2727,34.8692],[136.2725,34.8692],[136.2718,34.8692],[136.2712,34.8691],[136.2708,34.8691],[136.2705,34.8692],[136.2703,34.8691],[136.2701,34.869],[136.2699,34.8689],[136.2698,34.8687],[136.2695,34.8686],[136.2694,34.8685],[136.2692,34.8683],[136.2691,34.8682],[136.2689,34.8679],[136.2689,34.8678],[136.2688,34.8675],[136.2688,34.8674],[136.2688,34.867],[136.2688,34.8667],[136.2688,34.8666],[136.2688,34.866],[136.2688,34.8658],[136.2688,34.8657],[136.2688,34.8655],[136.2688,34.8655],[136.2687,34.8653],[136.2684,34.865],[136.2682,34.8647],[136.268,34.8645],[136.2679,34.8645],[136.2672,34.8642],[136.2672,34.8642],[136.267,34.8642],[136.2667,34.8641],[136.2665,34.864],[136.2656,34.8638],[136.2656,34.8638],[136.2654,34.8636],[136.2651,34.8634],[136.2648,34.8633],[136.2647,34.8632],[136.2642,34.8629],[136.2638,34.8628],[136.2636,34.8628],[136.2634,34.8627],[136.2633,34.8627],[136.2625,34.8626],[136.2625,34.8626],[136.2623,34.8625],[136.2618,34.8622],[136.2615,34.8621],[136.2611,34.8619],[136.261,34.8619],[136.2608,34.8618],[136.2604,34.8617],[136.2601,34.8616],[136.2591,34.8612],[136.2587,34.8611],[136.2583,34.861],[136.2581,34.8609],[136.2578,34.8607],[136.2575,34.8605],[136.257,34.8602],[136.2567,34.86],[136.2565,34.8599],[136.2554,34.8595],[136.2552,34.8594],[136.2549,34.8592],[136.2546,34.8591],[136.2544,34.8588],[136.2543,34.8587],[136.2543,34.8585],[136.2542,34.8583],[136.2541,34.8583],[136.2538,34.8582],[136.2532,34.8581],[136.2521,34.8579],[136.2519,34.8579],[136.2519,34.8579],[136.2517,34.8579],[136.2512,34.8578],[136.2511,34.8578],[136.2507,34.8577],[136.2504,34.8578],[136.25,34.8578],[136.2499,34.8578],[136.2497,34.8579],[136.2495,34.8579],[136.249,34.858],[136.2489,34.8581],[136.2489,34.8582],[136.2488,34.8583],[136.2488,34.8583],[136.2487,34.8585],[136.2486,34.8585],[136.2484,34.8587],[136.2481,34.8587],[136.2478,34.8588],[136.2477,34.8588],[136.2471,34.8588],[136.2469,34.8588],[136.2464,34.859],[136.2461,34.8592],[136.2458,34.8592],[136.2455,34.8592],[136.2454,34.8592],[136.2453,34.8592],[136.2452,34.859],[136.2449,34.8588],[136.2448,34.8588],[136.2447,34.8587],[136.2446,34.8587],[136.2446,34.8587],[136.2442,34.8586],[136.244,34.8586],[136.2437,34.8587],[136.2436,34.8587],[136.2435,34.8588],[136.2434,34.8589],[136.2432,34.859],[136.2431,34.8592],[136.2429,34.8594],[136.2428,34.8595],[136.2428,34.8596],[136.2427,34.8596],[136.2425,34.8597],[136.2424,34.8597],[136.2417,34.8596],[136.2416,34.8596],[136.2412,34.8595],[136.2406,34.8594],[136.2404,34.8593],[136.2403,34.8594],[136.2402,34.8594],[136.24,34.8594],[136.2398,34.8595],[136.2396,34.8596],[136.2395,34.8596],[136.2393,34.8598],[136.2392,34.8598],[136.2391,34.8598],[136.2389,34.8598],[136.2386,34.8596],[136.2383,34.8596],[136.2379,34.8595],[136.2377,34.8595],[136.2376,34.8595],[136.2374,34.8596],[136.2373,34.8597],[136.2372,34.8603],[136.2371,34.8606],[136.237,34.8607],[136.2369,34.8608],[136.2368,34.8608],[136.2366,34.8608],[136.2364,34.8609],[136.2362,34.8609],[136.2361,34.861],[136.236,34.8611],[136.2359,34.8612],[136.2358,34.8614],[136.2357,34.8614],[136.2357,34.8615],[136.2356,34.8615],[136.2354,34.8615],[136.2348,34.8614],[136.234,34.8612],[136.2337,34.8611],[136.2334,34.861],[136.2333,34.8609],[136.2332,34.8609],[136.2329,34.8609],[136.2327,34.861],[136.2323,34.8612],[136.2319,34.8615],[136.2315,34.8615],[136.2313,34.8615],[136.2302,34.8613],[136.23,34.8613],[136.2297,34.8614],[136.2294,34.8615],[136.2291,34.8615],[136.229,34.8615],[136.2287,34.8614],[136.2283,34.8611],[136.228,34.861],[136.2278,34.861],[136.2275,34.861],[136.2272,34.8611],[136.2266,34.8613],[136.2258,34.8616],[136.2256,34.8617],[136.2254,34.8619],[136.225,34.8623],[136.2249,34.8624],[136.2247,34.8626],[136.2244,34.8628],[136.2241,34.863],[136.224,34.8631],[136.2238,34.8631],[136.2236,34.8632],[136.2233,34.8632],[136.2227,34.8633],[136.222,34.8633],[136.2216,34.8634],[136.2207,34.8634],[136.2204,34.8634],[136.2201,34.8634],[136.22,34.8634],[136.2197,34.8637],[136.2195,34.864],[136.2192,34.8642],[136.2191,34.8644],[136.2189,34.8645],[136.2189,34.8646],[136.2188,34.8648],[136.2188,34.8652],[136.2186,34.8656],[136.2186,34.8656],[136.2185,34.8656],[136.2173,34.8653],[136.217,34.8652],[136.2168,34.8651],[136.2167,34.8651],[136.2167,34.8651],[136.2166,34.8651],[136.2165,34.8652],[136.2162,34.8654],[136.216,34.8654],[136.2157,34.8655],[136.2157,34.8655],[136.2152,34.8655],[136.2148,34.8655],[136.2144,34.8655],[136.214,34.8656],[136.2138,34.8656],[136.2136,34.8656],[136.2133,34.8657],[136.2132,34.8658],[136.2129,34.8659],[136.2127,34.866],[136.212,34.866],[136.2119,34.8661],[136.2117,34.8662],[136.2116,34.8663],[136.2114,34.8666],[136.2113,34.8667],[136.2112,34.8667],[136.2111,34.8668],[136.2109,34.8668],[136.2106,34.8669],[136.2104,34.867],[136.2103,34.867],[136.2102,34.8672],[136.2098,34.8676],[136.2093,34.8679],[136.2091,34.8681],[136.2091,34.8681],[136.209,34.8681],[136.2088,34.8682],[136.2083,34.8683],[136.2083,34.8683],[136.2078,34.8684],[136.2075,34.8686],[136.2073,34.8686],[136.2072,34.8686],[136.2069,34.8686],[136.2066,34.8686],[136.2059,34.8687],[136.2057,34.8687],[136.2053,34.8687],[136.2049,34.8687],[136.2044,34.8686],[136.2036,34.8684],[136.2034,34.8683],[136.2032,34.8684],[136.203,34.8684],[136.2029,34.8684],[136.2028,34.8685],[136.2025,34.8686],[136.2024,34.8688],[136.2022,34.8689],[136.2021,34.8692],[136.202,34.8694],[136.2018,34.8695],[136.2017,34.8695],[136.2016,34.8695],[136.2014,34.8695],[136.2012,34.8695],[136.2008,34.8695],[136.2006,34.8695],[136.2003,34.8696],[136.2002,34.8697],[136.2002,34.8698],[136.2001,34.8698],[136.2,34.8699],[136.1999,34.87],[136.1998,34.87],[136.1997,34.87],[136.1996,34.8699],[136.1994,34.8699],[136.199,34.87],[136.1988,34.87],[136.1987,34.8699],[136.1984,34.8698],[136.1982,34.8698],[136.1981,34.8699],[136.198,34.87],[136.1978,34.8702],[136.1973,34.8707],[136.1972,34.8708],[136.1971,34.8708],[136.197,34.8709],[136.197,34.871],[136.1969,34.8712],[136.1969,34.8713],[136.1968,34.8716],[136.1967,34.8717],[136.1966,34.8718],[136.1963,34.8718],[136.1962,34.8719],[136.196,34.872],[136.1958,34.8722],[136.1957,34.8724],[136.1956,34.8724],[136.1955,34.8724],[136.1954,34.8724],[136.1951,34.8725],[136.1951,34.8726],[136.1947,34.8728],[136.1946,34.8728],[136.1945,34.8728],[136.1942,34.8728],[136.1937,34.8727],[136.193,34.8726],[136.1921,34.8725],[136.192,34.8725],[136.1918,34.8726],[136.1917,34.8726],[136.1914,34.8727],[136.191,34.8728],[136.1905,34.8731],[136.1901,34.8733],[136.19,34.8734],[136.1899,34.8735],[136.1897,34.8739],[136.1897,34.874],[136.1897,34.8742],[136.1899,34.8743],[136.19,34.8745],[136.1903,34.875],[136.1904,34.8752],[136.1905,34.8755],[136.1905,34.8756],[136.1905,34.8756],[136.1904,34.8757],[136.1903,34.8758],[136.1901,34.8759],[136.1899,34.8759],[136.1896,34.876],[136.1892,34.876],[136.189,34.876],[136.1889,34.876],[136.1889,34.8761],[136.1889,34.8762],[136.1888,34.8769],[136.1888,34.8774],[136.1887,34.8776],[136.1886,34.8777],[136.1885,34.8778],[136.1883,34.8778],[136.188,34.8779],[136.1876,34.878],[136.1874,34.878],[136.1873,34.8781],[136.1871,34.8783],[136.1871,34.8784],[136.187,34.8784],[136.187,34.8784],[136.1869,34.8784],[136.1866,34.8783],[136.1863,34.8781],[136.1862,34.8781],[136.186,34.8782],[136.1859,34.8782],[136.1853,34.8785],[136.1852,34.8786],[136.1851,34.8787],[136.1851,34.8787],[136.185,34.8787],[136.1849,34.8786],[136.1846,34.8784],[136.1844,34.8783],[136.1843,34.8783],[136.1842,34.8783],[136.1841,34.8783],[136.184,34.8783],[136.1837,34.8784],[136.1835,34.8784],[136.1834,34.8784],[136.1833,34.8784],[136.1825,34.8782],[136.1822,34.8782],[136.1822,34.8782],[136.182,34.8782],[136.1819,34.8782],[136.1817,34.8783],[136.1815,34.8785],[136.1809,34.8788],[136.1808,34.8788],[136.1808,34.8789],[136.1807,34.8792],[136.1806,34.8794],[136.1805,34.8795],[136.1803,34.8796],[136.1801,34.8797],[136.1799,34.8797],[136.1797,34.8798],[136.1795,34.8797],[136.1791,34.8797],[136.1789,34.8797],[136.1789,34.8797],[136.1787,34.8798],[136.1787,34.8799],[136.1787,34.8801],[136.1787,34.8802],[136.1788,34.8803],[136.1791,34.8807],[136.1792,34.8808],[136.1792,34.8809],[136.1791,34.8811],[136.1791,34.8812],[136.1789,34.8813],[136.1786,34.8816],[136.1785,34.8818],[136.1783,34.8821],[136.1783,34.8824],[136.1783,34.8826],[136.1783,34.8827],[136.1785,34.8829],[136.1786,34.883],[136.179,34.8833],[136.1791,34.8833],[136.1795,34.8835],[136.1797,34.8838],[136.18,34.8841],[136.1801,34.8842],[136.1802,34.8844],[136.1804,34.885],[136.1807,34.8856],[136.1808,34.8858],[136.1808,34.8859],[136.1807,34.886],[136.1806,34.8862],[136.1803,34.8863],[136.1802,34.8864],[136.18,34.8864],[136.1798,34.8865],[136.1795,34.8865],[136.1793,34.8865],[136.1792,34.8865],[136.179,34.8868],[136.1789,34.887],[136.1787,34.8871],[136.1787,34.8871],[136.1785,34.8871],[136.1784,34.8871],[136.1782,34.8871],[136.1779,34.8869],[136.1776,34.8868],[136.1775,34.8868],[136.1772,34.8868],[136.177,34.8868],[136.1769,34.8869],[136.1766,34.887],[136.1764,34.8871],[136.1762,34.8871],[136.1758,34.887],[136.1755,34.887],[136.1753,34.887],[136.1752,34.887],[136.175,34.8871],[136.1748,34.8872],[136.1747,34.8872],[136.1744,34.8873],[136.1741,34.8873],[136.1734,34.8872],[136.1729,34.8872],[136.1728,34.8872],[136.1726,34.8872],[136.1722,34.8873],[136.1721,34.8873],[136.172,34.8873],[136.1718,34.8873],[136.1716,34.8871],[136.1709,34.8868],[136.1706,34.8867],[136.1701,34.8867],[136.1699,34.8867],[136.1693,34.8868],[136.1691,34.8868],[136.169,34.8868],[136.169,34.8869],[136.1689,34.8869],[136.1687,34.8872],[136.1686,34.8873],[136.1684,34.8874],[136.1684,34.8874],[136.1682,34.8874],[136.168,34.8874],[136.1678,34.8874],[136.1676,34.8875],[136.1674,34.8876],[136.167,34.8878],[136.1669,34.8879],[136.1667,34.8879],[136.166,34.8879],[136.1658,34.8879],[136.1657,34.8879],[136.1656,34.8878],[136.1653,34.8876],[136.165,34.8872],[136.1649,34.8871],[136.1648,34.887],[136.1647,34.887],[136.1646,34.8871],[136.1645,34.8871],[136.1642,34.8871],[136.1635,34.8871],[136.1632,34.8871],[136.1631,34.8871],[136.163,34.887],[136.163,34.887],[136.1629,34.887],[136.1627,34.887],[136.1623,34.8871],[136.1622,34.8872],[136.1619,34.8872],[136.1617,34.8872],[136.1616,34.8871],[136.1613,34.887],[136.161,34.8868],[136.1608,34.8868],[136.1602,34.8867],[136.16,34.8867],[136.1598,34.8866],[136.1597,34.8864],[136.1595,34.8862],[136.1594,34.8857],[136.1595,34.8849],[136.1594,34.8848],[136.1593,34.8848],[136.1592,34.8847],[136.1587,34.8848],[136.1585,34.8848],[136.1583,34.8848],[136.1578,34.8848],[136.1573,34.8848],[136.1571,34.8847],[136.1565,34.8846],[136.1561,34.8846],[136.1559,34.8845],[136.1555,34.8845],[136.1551,34.8845],[136.1545,34.8845],[136.1541,34.8846],[136.1539,34.8846],[136.1537,34.8846],[136.1536,34.8846],[136.1534,34.8845],[136.1531,34.8842],[136.1526,34.8837],[136.1522,34.8835],[136.152,34.8833],[136.1518,34.8832],[136.1516,34.8831],[136.1514,34.883],[136.1512,34.8829],[136.1505,34.8829],[136.1502,34.8829],[136.15,34.8828],[136.1499,34.8828],[136.1498,34.8828],[136.1494,34.8826],[136.1485,34.882],[136.1484,34.8819],[136.1481,34.8819],[136.1479,34.8819],[136.1476,34.8819],[136.1475,34.8819],[136.1474,34.882],[136.1474,34.882],[136.1474,34.8825],[136.1473,34.8827],[136.147,34.8829],[136.1469,34.883],[136.1468,34.8831],[136.1465,34.8832],[136.1463,34.8833],[136.1461,34.8834],[136.1458,34.8835],[136.1455,34.8836],[136.1453,34.8836],[136.145,34.8837],[136.1448,34.8837],[136.1447,34.8838],[136.1446,34.8839],[136.1446,34.884],[136.1446,34.8841],[136.1445,34.8847],[136.1445,34.8848],[136.1445,34.885],[136.1444,34.8851],[136.1443,34.8852],[136.1441,34.8854],[136.1438,34.8855],[136.1435,34.8857],[136.1428,34.8858],[136.1426,34.8859],[136.1424,34.886],[136.1422,34.8861],[136.1419,34.8863],[136.1417,34.8865],[136.1415,34.8866],[136.1412,34.8868],[136.1407,34.8869],[136.1403,34.887],[136.1394,34.8871],[136.1392,34.8871],[136.139,34.8872],[136.1382,34.8877],[136.1373,34.8883],[136.1371,34.8884],[136.1368,34.8884],[136.1368,34.8884],[136.1366,34.8883],[136.1364,34.8882],[136.1357,34.8872],[136.1352,34.8864],[136.1352,34.8862],[136.1352,34.886],[136.1352,34.8855],[136.1353,34.8854],[136.1353,34.8853],[136.1353,34.8853],[136.135,34.8849],[136.1349,34.8848],[136.1347,34.8848],[136.1343,34.8846],[136.1341,34.8845],[136.1338,34.8843],[136.1333,34.8841],[136.1319,34.8833],[136.1318,34.8833],[136.1315,34.8831],[136.1314,34.8831],[136.1312,34.8831],[136.1311,34.8832],[136.1309,34.8833],[136.1309,34.8833],[136.1307,34.8834],[136.1305,34.8836],[136.13,34.884],[136.1299,34.884],[136.1298,34.8841],[136.1296,34.8842],[136.1295,34.8843],[136.1293,34.8843],[136.1292,34.8843],[136.129,34.8844],[136.1286,34.8848],[136.1283,34.8849],[136.128,34.885],[136.1278,34.8852],[136.1276,34.8854],[136.1273,34.8859],[136.1272,34.8861],[136.1273,34.8864],[136.1273,34.8865],[136.1272,34.8866],[136.1272,34.8867],[136.1265,34.8872],[136.1264,34.8873],[136.1261,34.8874],[136.126,34.8875],[136.1259,34.8876],[136.1257,34.8879],[136.1256,34.8881],[136.1255,34.8882],[136.1254,34.8883],[136.1253,34.8884],[136.125,34.8884],[136.1247,34.8885],[136.1245,34.8885],[136.1239,34.8888],[136.1236,34.8888],[136.1234,34.8888],[136.1232,34.8886],[136.1226,34.8882],[136.1221,34.888],[136.1217,34.8879],[136.1217,34.8879],[136.1216,34.888],[136.1216,34.8882],[136.1215,34.8883],[136.1215,34.8885],[136.1214,34.8886],[136.1214,34.8887],[136.121,34.889],[136.1209,34.8891],[136.1208,34.8892],[136.1207,34.8894],[136.1207,34.8896],[136.1206,34.8897],[136.1205,34.8899],[136.1205,34.89],[136.1203,34.8902],[136.1203,34.8903],[136.1203,34.8905],[136.1203,34.8906],[136.1204,34.8907],[136.1205,34.891],[136.1206,34.8911],[136.1206,34.8912],[136.1206,34.8913],[136.1205,34.8914],[136.1204,34.8914],[136.1202,34.8915],[136.12,34.8916],[136.1198,34.8917],[136.1198,34.8917],[136.1197,34.8917],[136.1197,34.8918],[136.1195,34.892],[136.1194,34.892],[136.1193,34.8921],[136.1193,34.8921],[136.1192,34.8921],[136.1189,34.8922],[136.1182,34.8924],[136.1178,34.8925],[136.1177,34.8925],[136.1175,34.8925],[136.1173,34.8924],[136.1169,34.8922],[136.1169,34.8922],[136.1167,34.8921],[136.1167,34.8921],[136.1166,34.8921],[136.1165,34.8921],[136.1163,34.8922],[136.1162,34.8923],[136.116,34.8924],[136.1158,34.8924],[136.1158,34.8925],[136.1156,34.8927],[136.1156,34.8927],[136.1154,34.8929],[136.1153,34.893],[136.1151,34.8931],[136.115,34.8931],[136.115,34.8932],[136.115,34.8933],[136.1151,34.8935],[136.1151,34.8936],[136.1151,34.8936],[136.115,34.8937],[136.1149,34.8938],[136.1148,34.8939],[136.1148,34.8939],[136.1148,34.894],[136.1148,34.894],[136.1148,34.8941],[136.1147,34.8942],[136.1147,34.8943],[136.1146,34.8943],[136.1146,34.8945],[136.1145,34.8947],[136.1145,34.8948],[136.1146,34.8949],[136.1149,34.8953],[136.115,34.8954],[136.1153,34.8958],[136.1155,34.8961],[136.1155,34.8963],[136.1155,34.8964],[136.1155,34.8964],[136.1154,34.8967],[136.1151,34.897],[136.1149,34.8972],[136.1147,34.8974],[136.1147,34.8975],[136.1146,34.8976],[136.1146,34.8978],[136.1146,34.898],[136.1146,34.898],[136.1147,34.8981],[136.1148,34.8981],[136.1151,34.8982],[136.1151,34.8982],[136.1152,34.8982],[136.1153,34.8983],[136.1153,34.8984],[136.1153,34.8985],[136.1153,34.8986],[136.1153,34.8986],[136.115,34.8989],[136.1149,34.899],[136.1149,34.899],[136.1148,34.8991],[136.1148,34.8993],[136.1148,34.8993],[136.1147,34.8993],[136.1146,34.8994],[136.1145,34.8995],[136.1141,34.8996],[136.1136,34.8997],[136.1135,34.8997],[136.1135,34.8997],[136.1134,34.8998],[136.1133,34.9],[136.1133,34.9],[136.1133,34.9002],[136.1133,34.9003],[136.1135,34.9008],[136.1135,34.901],[136.1135,34.901],[136.1135,34.901],[136.1134,34.9011],[136.1131,34.9013],[136.1129,34.9014],[136.1126,34.9016],[136.1125,34.9017],[136.1124,34.9018],[136.1123,34.9019],[136.1121,34.902],[136.1119,34.902],[136.1117,34.902],[136.1115,34.902],[136.1114,34.902],[136.1112,34.9019],[136.111,34.9019],[136.1109,34.9019],[136.1108,34.9019],[136.1108,34.9018],[136.1107,34.9018],[136.1106,34.9016],[136.1106,34.9014],[136.1105,34.9012],[136.1104,34.9011],[136.1104,34.901],[136.1103,34.901],[136.1102,34.901],[136.11,34.9009],[136.1098,34.9009],[136.1095,34.9009],[136.1091,34.9008],[136.1086,34.9007],[136.1085,34.9007],[136.1083,34.9006],[136.1083,34.9006],[136.1081,34.9005],[136.1078,34.9004],[136.1077,34.9004],[136.1075,34.9003],[136.1072,34.9001],[136.1072,34.9001],[136.107,34.9001],[136.1067,34.9001],[136.1063,34.9001],[136.1062,34.9001],[136.1061,34.9],[136.1061,34.9],[136.106,34.8999],[136.106,34.8997],[136.106,34.8997],[136.1059,34.8996],[136.1056,34.8995],[136.1054,34.8994],[136.1054,34.8994],[136.1054,34.8993],[136.1054,34.8993],[136.1054,34.8991],[136.1055,34.8989],[136.1055,34.8988],[136.1055,34.8988],[136.1056,34.8986],[136.1056,34.8985],[136.1056,34.8985],[136.1056,34.8984],[136.1055,34.8983],[136.105,34.8981],[136.1046,34.8979],[136.1044,34.8978],[136.1042,34.8977],[136.1041,34.8976],[136.104,34.8975],[136.1038,34.8972],[136.1037,34.8971],[136.1036,34.8969],[136.1036,34.8968],[136.1035,34.8966],[136.1034,34.8965],[136.1033,34.8965],[136.103,34.8963],[136.1029,34.8962],[136.1028,34.8961],[136.1026,34.8961],[136.1024,34.8961],[136.102,34.8961],[136.1018,34.8961],[136.1017,34.8961],[136.1017,34.8961],[136.1015,34.8958],[136.1014,34.8957],[136.1014,34.8956],[136.1014,34.8955],[136.1014,34.8953],[136.1013,34.8953],[136.1012,34.8951],[136.101,34.895],[136.101,34.8949],[136.101,34.8948],[136.101,34.8946],[136.101,34.8944],[136.101,34.8943],[136.101,34.8942],[136.1009,34.8938],[136.1008,34.8935],[136.1008,34.8934],[136.1007,34.8934],[136.1004,34.8933],[136.1001,34.8931],[136.1001,34.893],[136.1001,34.893],[136.1001,34.8929],[136.1001,34.8927],[136.1002,34.8926],[136.1002,34.8925],[136.1002,34.8924],[136.1001,34.8923],[136.1001,34.8922],[136.1,34.8921],[136.1,34.892],[136.0998,34.8919],[136.0996,34.8917],[136.0996,34.8917],[136.0995,34.8915],[136.0993,34.8914],[136.0992,34.8913],[136.0989,34.8912],[136.0988,34.8911],[136.0988,34.891],[136.0988,34.8909],[136.0988,34.8908],[136.0988,34.8906],[136.0987,34.8905],[136.0986,34.8903],[136.0985,34.8901],[136.0985,34.89],[136.0984,34.8898],[136.0984,34.8897],[136.0984,34.8895],[136.0983,34.8895],[136.098,34.8893],[136.0976,34.8891],[136.0974,34.889],[136.0971,34.8889],[136.0968,34.8889],[136.0965,34.8889],[136.0962,34.8889],[136.0959,34.8887],[136.0956,34.8886],[136.0954,34.8884],[136.0954,34.8884],[136.0954,34.8882],[136.0953,34.8882],[136.0952,34.8881],[136.0949,34.8879],[136.0948,34.8878],[136.0945,34.8878],[136.0942,34.8877],[136.0936,34.8877],[136.0934,34.8877],[136.0933,34.8877],[136.0931,34.8877],[136.093,34.8877],[136.0929,34.8877],[136.0929,34.8877],[136.0928,34.8878],[136.0928,34.888],[136.0927,34.8881],[136.0926,34.8881],[136.0925,34.8882],[136.0924,34.8882],[136.0921,34.8883],[136.0918,34.8882],[136.0917,34.8883],[136.0917,34.8883],[136.0916,34.8883],[136.0914,34.8884],[136.0912,34.8884],[136.0909,34.8885],[136.0907,34.8885],[136.0907,34.8885],[136.0906,34.8886],[136.0905,34.8887],[136.0905,34.8888],[136.0904,34.8889],[136.0904,34.8889],[136.0903,34.889],[136.0902,34.889],[136.09,34.889],[136.0899,34.889],[136.0898,34.889],[136.0896,34.8889],[136.0895,34.8889],[136.0895,34.8889],[136.0895,34.8889],[136.0894,34.889],[136.0893,34.889],[136.0891,34.8893],[136.0888,34.8899],[136.0887,34.8903],[136.0886,34.8903],[136.0886,34.8905],[136.0885,34.8905],[136.0884,34.8906],[136.0882,34.8906],[136.0879,34.8907],[136.0878,34.8907],[136.0875,34.8906],[136.0875,34.8906],[136.0875,34.8906],[136.0874,34.8905],[136.0873,34.8902],[136.0872,34.8899],[136.0872,34.8898],[136.0871,34.8897],[136.087,34.8896],[136.087,34.8896],[136.0867,34.8894],[136.0866,34.8893],[136.0863,34.8893],[136.0863,34.8893],[136.0862,34.8892],[136.0862,34.8891],[136.0864,34.8889],[136.0864,34.8887],[136.0864,34.8887],[136.0864,34.8884],[136.0864,34.8883],[136.0864,34.8881],[136.0864,34.888],[136.0863,34.8879],[136.0863,34.8878],[136.0862,34.8876],[136.0861,34.8875],[136.0859,34.8873],[136.0857,34.8871],[136.0854,34.887],[136.0854,34.887],[136.0854,34.8869],[136.0853,34.8869],[136.0854,34.8868],[136.0855,34.8866],[136.0856,34.8865],[136.0856,34.8864],[136.0857,34.8862],[136.0857,34.8862],[136.0858,34.8859],[136.0858,34.8858],[136.0859,34.8858],[136.086,34.8858],[136.0862,34.8858],[136.0865,34.8859],[136.0865,34.8859],[136.0867,34.8859],[136.0869,34.8859],[136.0869,34.8858],[136.087,34.8858],[136.0871,34.8856],[136.0873,34.8854],[136.0875,34.8851],[136.0878,34.8848],[136.0878,34.8847],[136.0878,34.8846],[136.0879,34.8843],[136.0879,34.8842],[136.0879,34.8841],[136.088,34.884],[136.0881,34.8838],[136.0883,34.8836],[136.0886,34.8833],[136.0886,34.8833],[136.0889,34.8831],[136.089,34.8829],[136.0891,34.8829],[136.0892,34.8829],[136.0893,34.8828],[136.0894,34.8828],[136.0895,34.8827],[136.0896,34.8826],[136.0896,34.8826],[136.0896,34.8825],[136.0896,34.8824],[136.0896,34.8824],[136.0895,34.8823],[136.0893,34.8821],[136.0891,34.882],[136.0891,34.8819],[136.0891,34.8818],[136.0891,34.8815],[136.0891,34.8814],[136.0891,34.8811],[136.089,34.8809],[136.089,34.8808],[136.089,34.8807],[136.0889,34.8807],[136.0888,34.8806],[136.0887,34.8806],[136.0884,34.8806],[136.0883,34.8806],[136.0882,34.8805],[136.0882,34.8805],[136.0881,34.8803],[136.088,34.8803],[136.088,34.8803],[136.0879,34.8803],[136.0878,34.8803],[136.0877,34.8804],[136.0875,34.8806],[136.0874,34.8806],[136.0872,34.8807],[136.0871,34.8807],[136.0871,34.8807],[136.087,34.8806],[136.0868,34.8804],[136.0865,34.8801],[136.0862,34.8799],[136.0859,34.8796],[136.0855,34.8793],[136.0852,34.879],[136.0852,34.8789],[136.0852,34.8789],[136.0852,34.8788],[136.0852,34.8788],[136.0852,34.8787],[136.0853,34.8784],[136.0854,34.8779],[136.0855,34.8775],[136.0856,34.8772],[136.0857,34.8771],[136.0857,34.8771],[136.0858,34.877],[136.0859,34.8769],[136.086,34.8767],[136.0861,34.8766],[136.0862,34.8765],[136.0862,34.8764],[136.0862,34.8763],[136.0863,34.8763],[136.0864,34.8763],[136.0867,34.8763],[136.0869,34.8764],[136.087,34.8764],[136.0872,34.8763],[136.0874,34.8762],[136.088,34.8761],[136.0881,34.8761],[136.0883,34.8761],[136.0885,34.876],[136.0887,34.8759],[136.0889,34.8759],[136.0892,34.8759],[136.0896,34.8759],[136.0898,34.8759],[136.0898,34.8759],[136.0899,34.8759],[136.09,34.8759],[136.09,34.8758],[136.0901,34.8758],[136.0902,34.8756],[136.0902,34.8754],[136.0904,34.8753],[136.0906,34.8752],[136.0909,34.875],[136.0909,34.875],[136.0911,34.8748],[136.0911,34.8748],[136.0914,34.8747],[136.0916,34.8745],[136.0917,34.8745],[136.0917,34.8745],[136.0918,34.8743],[136.0918,34.8742],[136.0922,34.8741],[136.0924,34.8741],[136.0924,34.874],[136.0925,34.874],[136.0926,34.8738],[136.0927,34.8737],[136.0928,34.8736],[136.093,34.8735],[136.0935,34.8734],[136.094,34.8733],[136.0944,34.8733],[136.0947,34.8733],[136.0949,34.8733],[136.0951,34.8733],[136.0954,34.8734],[136.0957,34.8736],[136.0958,34.8736],[136.0959,34.8736],[136.0959,34.8736],[136.096,34.8735],[136.0961,34.8734],[136.0962,34.8732],[136.0965,34.8731],[136.0965,34.873],[136.0965,34.873],[136.0965,34.8728],[136.0965,34.8727],[136.0966,34.8726],[136.0967,34.8726],[136.0969,34.8725],[136.0973,34.8723],[136.0976,34.8722],[136.0977,34.8721],[136.0978,34.8721],[136.0979,34.8721],[136.098,34.8721],[136.0982,34.8722],[136.0983,34.8722],[136.0984,34.8719],[136.0986,34.8716],[136.0986,34.8715],[136.0988,34.8712],[136.0988,34.871],[136.0989,34.8707],[136.0989,34.8706],[136.0989,34.8705],[136.0989,34.8705],[136.0991,34.8704],[136.0994,34.8704],[136.0996,34.8704],[136.0997,34.8704],[136.0998,34.8704],[136.1,34.8706],[136.1001,34.8706],[136.1001,34.8706],[136.1002,34.8706],[136.1004,34.8706],[136.1008,34.8706],[136.1011,34.8704],[136.1012,34.8703],[136.1013,34.8703],[136.1019,34.8702],[136.1021,34.8702],[136.1023,34.8701],[136.1026,34.8699],[136.1027,34.8699],[136.1029,34.8698],[136.103,34.8698],[136.1031,34.8697],[136.1031,34.8697],[136.1032,34.8697],[136.1032,34.8697],[136.1034,34.8698],[136.1036,34.87],[136.1037,34.87],[136.1038,34.87],[136.1038,34.87],[136.1039,34.87],[136.1042,34.87],[136.1045,34.8699],[136.1046,34.8699],[136.1047,34.8699],[136.1048,34.8699],[136.1051,34.8702],[136.1052,34.8702],[136.1053,34.8702],[136.1054,34.8702],[136.1057,34.8701],[136.1058,34.8701],[136.1059,34.8701],[136.1061,34.8701],[136.1063,34.8701],[136.1064,34.8701],[136.1066,34.8699],[136.1069,34.8697],[136.107,34.8697],[136.1071,34.8697],[136.1071,34.8697],[136.1072,34.8697],[136.1074,34.8699],[136.1077,34.8703],[136.1078,34.8705],[136.1079,34.8705],[136.108,34.8705],[136.1081,34.8705],[136.1083,34.8704],[136.1083,34.8704],[136.1084,34.8703],[136.1086,34.8702],[136.1088,34.87],[136.1089,34.8699],[136.109,34.8698],[136.109,34.8696],[136.109,34.8696],[136.1091,34.8695],[136.1091,34.8695],[136.1091,34.8695],[136.1092,34.8696],[136.1093,34.8697],[136.1094,34.8698],[136.1095,34.8699],[136.11,34.87],[136.1101,34.8701],[136.1102,34.8701],[136.1105,34.87],[136.1108,34.87],[136.111,34.8699],[136.1114,34.8698],[136.1117,34.8697],[136.1119,34.8696],[136.112,34.8696],[136.1122,34.8696],[136.1124,34.8696],[136.1125,34.8695],[136.1129,34.8694],[136.1132,34.8693],[136.1133,34.8693],[136.1134,34.8693],[136.1137,34.8695],[136.1139,34.8696],[136.1139,34.8696],[136.1142,34.8696],[136.1143,34.8696],[136.1143,34.8696],[136.1144,34.8697],[136.1144,34.8698],[136.1144,34.8704],[136.1144,34.8706],[136.1144,34.8707],[136.1144,34.8708],[136.1145,34.8708],[136.1146,34.8709],[136.1147,34.8709],[136.1147,34.8709],[136.1151,34.871],[136.1152,34.871],[136.1153,34.871],[136.1153,34.8711],[136.1153,34.8712],[136.1153,34.8714],[136.1152,34.8716],[136.1152,34.8717],[136.1152,34.8718],[136.1154,34.8719],[136.1155,34.8719],[136.1157,34.872],[136.1158,34.872],[136.1159,34.8719],[136.1159,34.8719],[136.1163,34.8718],[136.1166,34.8717],[136.1167,34.8717],[136.1168,34.8717],[136.1169,34.8716],[136.1169,34.8716],[136.1169,34.8715],[136.1169,34.8713],[136.1169,34.8713],[136.1169,34.8712],[136.1172,34.8711],[136.1174,34.871],[136.1175,34.871],[136.1176,34.871],[136.1177,34.8711],[136.1177,34.8711],[136.1177,34.8711],[136.1178,34.871],[136.118,34.8709],[136.1182,34.8708],[136.1185,34.8707],[136.1186,34.8706],[136.1189,34.8706],[136.119,34.8707],[136.1192,34.8708],[136.1193,34.871],[136.1194,34.8712],[136.1195,34.8712],[136.1196,34.8712],[136.1198,34.8713],[136.1199,34.8715],[136.1199,34.8715],[136.1199,34.8716],[136.1198,34.8718],[136.1198,34.8718],[136.1199,34.8719],[136.1202,34.8719],[136.1207,34.8718],[136.1207,34.8717],[136.1208,34.8718],[136.1209,34.8718],[136.1209,34.8719],[136.121,34.8722],[136.121,34.8724],[136.1211,34.8724],[136.1213,34.8725],[136.1219,34.8727],[136.1221,34.8728],[136.1225,34.8728],[136.1227,34.8727],[136.1232,34.8725],[136.1234,34.8725],[136.1237,34.8725],[136.1237,34.8725],[136.1238,34.8725],[136.124,34.8725],[136.1244,34.8723],[136.1245,34.8722],[136.1246,34.8721],[136.1246,34.8721],[136.1245,34.8719],[136.1245,34.8718],[136.1245,34.8717],[136.1246,34.8717],[136.1247,34.8716],[136.125,34.8716],[136.1251,34.8716],[136.1253,34.8716],[136.1254,34.8715],[136.1255,34.8715],[136.1255,34.8714],[136.1256,34.871],[136.1256,34.8709],[136.1257,34.8706],[136.1257,34.8703],[136.1259,34.87],[136.1259,34.87],[136.1258,34.8699],[136.1256,34.8697],[136.1254,34.8695],[136.1251,34.8691],[136.125,34.8688],[136.1249,34.8686],[136.1248,34.8684],[136.1247,34.8682],[136.1247,34.8681],[136.1245,34.868],[136.124,34.8676],[136.1239,34.8676],[136.1238,34.8676],[136.1237,34.8675],[136.1235,34.8672],[136.1234,34.8671],[136.1231,34.867],[136.123,34.8669],[136.123,34.8669],[136.1229,34.8669],[136.1229,34.8668],[136.1228,34.8667],[136.1228,34.8666],[136.1227,34.8665],[136.1227,34.8664],[136.1228,34.8664],[136.1228,34.8663],[136.123,34.8661],[136.1232,34.8659],[136.1235,34.8657],[136.1244,34.8649],[136.1247,34.8646],[136.1247,34.8645],[136.1248,34.8644],[136.1248,34.8641],[136.1249,34.864],[136.1249,34.8638],[136.125,34.8637],[136.1251,34.8636],[136.1255,34.8632],[136.1256,34.8631],[136.1259,34.8625],[136.1263,34.8621],[136.1264,34.862],[136.1264,34.8619],[136.1264,34.8619],[136.1263,34.8618],[136.1255,34.8614],[136.1252,34.8612],[136.1251,34.8612],[136.125,34.8611],[136.1246,34.861],[136.1239,34.8607],[136.1235,34.8606],[136.1233,34.8605],[136.1233,34.8605],[136.1229,34.8604],[136.1225,34.8603],[136.1221,34.8603],[136.1219,34.8602],[136.1218,34.8601],[136.1217,34.86],[136.1214,34.8599],[136.121,34.8598],[136.1208,34.8596],[136.1207,34.8594],[136.1206,34.8591],[136.1205,34.8589],[136.1205,34.8589],[136.1203,34.8586],[136.1201,34.8585],[136.1198,34.8583],[136.1198,34.8583],[136.1197,34.8582],[136.1195,34.858],[136.1194,34.858],[136.1191,34.858],[136.1189,34.858],[136.1188,34.858],[136.1186,34.8579],[136.1183,34.8576],[136.1181,34.8574],[136.1179,34.8571],[136.1178,34.8567],[136.1177,34.8565],[136.1177,34.8565],[136.1176,34.8564],[136.1175,34.8563],[136.1175,34.8562],[136.1175,34.8561],[136.1174,34.8559],[136.1174,34.8559],[136.1174,34.8558],[136.1173,34.8557],[136.1171,34.8556],[136.117,34.8555],[136.1168,34.8555],[136.1167,34.8555],[136.1167,34.8555],[136.1166,34.8555],[136.1165,34.8555],[136.1164,34.8556],[136.1162,34.8558],[136.1161,34.856],[136.116,34.8561],[136.1158,34.8561],[136.1156,34.8563],[136.1154,34.8563],[136.115,34.8562],[136.1147,34.8561],[136.1147,34.8561],[136.1145,34.8559],[136.1144,34.8559],[136.1143,34.8559],[136.1143,34.8559],[136.1141,34.8559],[136.1137,34.856],[136.1136,34.8561],[136.1134,34.8561],[136.1133,34.8561],[136.1132,34.8561],[136.1131,34.8561],[136.1127,34.8559],[136.1122,34.8557],[136.1116,34.8555],[136.1114,34.8555],[136.1112,34.8555],[136.1109,34.8554],[136.1108,34.8554],[136.1106,34.8551],[136.1105,34.8549],[136.1105,34.8549],[136.1104,34.8549],[136.1103,34.8548],[136.1103,34.8548],[136.1102,34.8548],[136.1101,34.8548],[136.11,34.8548],[136.11,34.8548],[136.1099,34.8548],[136.1098,34.8548],[136.1096,34.8545],[136.1095,34.8545],[136.1095,34.8544],[136.1095,34.8542],[136.1095,34.8541],[136.1094,34.854],[136.1092,34.8538],[136.1091,34.8537],[136.109,34.8534],[136.1085,34.8531],[136.1084,34.8529],[136.1083,34.8529],[136.1083,34.8528],[136.1081,34.8528],[136.108,34.8528],[136.1076,34.8528],[136.1074,34.8528],[136.1072,34.8527],[136.1071,34.8526],[136.107,34.8525],[136.107,34.8523],[136.1069,34.8522],[136.1069,34.8522],[136.107,34.8521],[136.1071,34.852],[136.1072,34.852],[136.1075,34.852],[136.1075,34.852],[136.1077,34.8519],[136.1079,34.8519],[136.108,34.8518],[136.1081,34.8517],[136.1081,34.8516],[136.1081,34.8514],[136.1081,34.8512],[136.1081,34.8511],[136.1081,34.851],[136.1082,34.8509],[136.1083,34.8507],[136.1083,34.8506],[136.1083,34.8505],[136.1083,34.8505],[136.1084,34.8503],[136.1084,34.8503],[136.1084,34.8502],[136.1083,34.8501],[136.1083,34.85],[136.1082,34.8498],[136.108,34.8494],[136.1079,34.8492],[136.1078,34.8491],[136.1078,34.849],[136.1078,34.8489],[136.1078,34.8486],[136.1078,34.8485],[136.1078,34.8484],[136.1077,34.848],[136.1077,34.8475],[136.1077,34.8474],[136.1077,34.8471],[136.1077,34.8467],[136.1076,34.8466],[136.1076,34.8465],[136.1075,34.8463],[136.1074,34.8462],[136.1075,34.8456],[136.1075,34.8454],[136.1074,34.8452],[136.1072,34.8448],[136.107,34.8445],[136.1069,34.8443],[136.1069,34.8442],[136.1068,34.8442],[136.1067,34.8439],[136.1067,34.8438],[136.1066,34.8436],[136.1066,34.8436],[136.1065,34.8435],[136.1064,34.8433],[136.1063,34.8432],[136.1061,34.8431],[136.1059,34.8431],[136.1056,34.843],[136.1053,34.8429],[136.1052,34.8428],[136.1051,34.8427],[136.1051,34.8426],[136.105,34.8421],[136.105,34.8417],[136.105,34.8415],[136.105,34.8411],[136.105,34.8411],[136.1049,34.841],[136.1047,34.8408],[136.1046,34.8408],[136.1045,34.8406],[136.1045,34.8406],[136.1044,34.8406],[136.1042,34.8406],[136.104,34.8406],[136.1038,34.8407],[136.1037,34.8406],[136.1035,34.8405],[136.1034,34.8405],[136.1033,34.8404],[136.1032,34.8404],[136.1029,34.8404],[136.1027,34.8403],[136.1027,34.8403],[136.1026,34.8403],[136.1025,34.8404],[136.1022,34.8405],[136.1021,34.8405],[136.1017,34.8405],[136.1013,34.8404],[136.1012,34.8404],[136.1012,34.8403],[136.101,34.8401],[136.1009,34.8401],[136.1007,34.84],[136.1005,34.8398],[136.1004,34.8397],[136.1003,34.8396],[136.1003,34.8394],[136.1002,34.8392],[136.1002,34.8391],[136.1001,34.8391],[136.1,34.8391],[136.1,34.8391],[136.0997,34.8392],[136.0996,34.8392],[136.0995,34.8392],[136.0992,34.8391],[136.0992,34.8391],[136.0991,34.8391],[136.099,34.8391],[136.0989,34.8391],[136.0986,34.8393],[136.0984,34.8394],[136.0981,34.8394],[136.0977,34.8395],[136.097,34.8396],[136.0967,34.8397],[136.0965,34.8397],[136.0961,34.8399],[136.0959,34.84],[136.0955,34.8401],[136.0954,34.8402],[136.0951,34.8402],[136.0949,34.8402],[136.0949,34.8401],[136.0947,34.84],[136.0944,34.8398],[136.0943,34.8397],[136.0942,34.8396],[136.0942,34.8395],[136.0941,34.8394],[136.0941,34.8393],[136.094,34.8392],[136.0938,34.839],[136.0937,34.8389],[136.0936,34.8387],[136.0935,34.8385],[136.0934,34.8384],[136.0933,34.8383],[136.0931,34.8382],[136.093,34.8381],[136.093,34.838],[136.0928,34.8376],[136.0928,34.8375],[136.0927,34.8373],[136.0927,34.8372],[136.0926,34.8372],[136.0924,34.8371],[136.0923,34.837],[136.0922,34.837],[136.0921,34.8369],[136.092,34.8369],[136.092,34.8369],[136.0919,34.8369],[136.0917,34.8369],[136.0916,34.837],[136.0915,34.837],[136.0914,34.8369],[136.0913,34.8369],[136.0912,34.8367],[136.0912,34.8366],[136.0911,34.8365],[136.091,34.8365],[136.0907,34.8364],[136.0906,34.8364],[136.0905,34.8364],[136.0903,34.8365],[136.0902,34.8366],[136.0899,34.8371],[136.0897,34.8373],[136.0896,34.8374],[136.0894,34.8374],[136.0892,34.8374],[136.0889,34.8375],[136.0887,34.8375],[136.0885,34.8376],[136.0881,34.8378],[136.0879,34.8379],[136.0874,34.838],[136.087,34.8381],[136.0868,34.8381],[136.0867,34.8381],[136.0867,34.8381],[136.0866,34.8379],[136.0865,34.8378],[136.0863,34.8377],[136.0862,34.8377],[136.0861,34.8376],[136.0861,34.8376],[136.086,34.8375],[136.0861,34.8374],[136.0862,34.8372],[136.0862,34.8371],[136.0862,34.837],[136.0862,34.8369],[136.0862,34.8368],[136.0862,34.8366],[136.0866,34.8362],[136.087,34.8359],[136.0872,34.8358],[136.0873,34.8356],[136.0875,34.8353],[136.0876,34.8351],[136.0878,34.8348],[136.088,34.8347],[136.0882,34.8346],[136.0887,34.8346],[136.0891,34.8345],[136.0893,34.8344],[136.0894,34.8343],[136.0899,34.8338],[136.09,34.8335],[136.0901,34.8333],[136.0901,34.8333],[136.09,34.8331],[136.0899,34.8329],[136.0897,34.8326],[136.0897,34.8326],[136.0896,34.8323],[136.0896,34.8322],[136.0898,34.8319],[136.0898,34.8317],[136.0898,34.8313],[136.0896,34.8311],[136.0895,34.831],[136.0893,34.831],[136.0891,34.8309],[136.0889,34.8308],[136.088,34.8307],[136.0878,34.8306],[136.0876,34.8305],[136.0876,34.8305],[136.0876,34.8304],[136.0875,34.8303],[136.0876,34.83],[136.0877,34.8299],[136.0878,34.8296],[136.0879,34.8293],[136.088,34.8291],[136.0882,34.829],[136.0885,34.8287],[136.0887,34.8286],[136.0888,34.8285],[136.0889,34.8282],[136.0889,34.8279],[136.0889,34.8277],[136.089,34.8275],[136.0891,34.8274],[136.0892,34.8273],[136.0895,34.8271],[136.0896,34.827],[136.0897,34.8268],[136.0898,34.8267],[136.0899,34.8266],[136.09,34.8266],[136.0901,34.8266],[136.0903,34.8266],[136.0904,34.8266],[136.0907,34.8264],[136.0908,34.8263],[136.0909,34.8262],[136.091,34.8261],[136.0911,34.826],[136.0911,34.8258],[136.0912,34.8256],[136.0912,34.8255],[136.0911,34.8253],[136.0909,34.8251],[136.0909,34.825],[136.0908,34.825],[136.0908,34.8248],[136.0908,34.8247],[136.0909,34.8244],[136.0911,34.8241],[136.0913,34.8241],[136.0914,34.824],[136.0917,34.8239],[136.0917,34.8239],[136.0919,34.8237],[136.0922,34.8234],[136.0923,34.8233],[136.0924,34.823],[136.0926,34.8228],[136.0928,34.8225],[136.0931,34.8221],[136.0931,34.8221],[136.0933,34.8219],[136.0933,34.8218],[136.0933,34.8216],[136.0932,34.8214],[136.0928,34.8211],[136.0926,34.8209],[136.0925,34.8207],[136.0926,34.8205],[136.0927,34.8204],[136.0928,34.8205],[136.0931,34.8206],[136.0933,34.8206],[136.0935,34.8206],[136.0936,34.8206],[136.0938,34.8205],[136.094,34.8203],[136.0944,34.8198],[136.0948,34.8195],[136.0951,34.8192],[136.0952,34.8191],[136.0952,34.819],[136.0952,34.8189],[136.0952,34.8189],[136.0952,34.8188],[136.095,34.8187],[136.0947,34.8187],[136.0943,34.8187],[136.0941,34.8186],[136.0939,34.8184],[136.0934,34.8178],[136.093,34.8172],[136.0928,34.8171],[136.0926,34.8169],[136.0924,34.8168],[136.0921,34.8168],[136.0918,34.8167],[136.0917,34.8167],[136.0917,34.8167],[136.0915,34.8166],[136.0913,34.8163],[136.0908,34.8158],[136.0907,34.8157],[136.0907,34.8154],[136.0906,34.8151],[136.0906,34.8149],[136.0907,34.8145],[136.0906,34.8142],[136.0906,34.8142],[136.0907,34.8142],[136.0908,34.8142],[136.0909,34.8143],[136.0911,34.8143],[136.0911,34.8142],[136.0912,34.8141],[136.0912,34.814],[136.0912,34.8138],[136.0911,34.8135],[136.0909,34.813],[136.0908,34.8126],[136.0906,34.8122],[136.0905,34.8121],[136.0903,34.812],[136.0901,34.8119],[136.0898,34.8119],[136.0895,34.8119],[136.0894,34.8119],[136.0892,34.8118],[136.0889,34.8115],[136.0885,34.8113],[136.0882,34.8111],[136.0881,34.811],[136.0877,34.8109],[136.0874,34.8108],[136.0866,34.8108],[136.0864,34.8108],[136.0862,34.8109],[136.086,34.8109],[136.0859,34.8109],[136.0857,34.8109],[136.0855,34.8107],[136.0849,34.8101],[136.0847,34.8099],[136.0845,34.8098],[136.0841,34.8098],[136.0838,34.8098],[136.0835,34.8097],[136.0834,34.8097],[136.0833,34.8096],[136.0833,34.8096],[136.0833,34.8095],[136.0832,34.8093],[136.083,34.8089],[136.0827,34.8087],[136.0826,34.8086],[136.0824,34.8083],[136.0822,34.8081],[136.0818,34.8077],[136.0814,34.8076],[136.0813,34.8075],[136.0812,34.8075],[136.081,34.8075],[136.0809,34.8075],[136.0806,34.8077],[136.0802,34.8081],[136.0801,34.8081],[136.08,34.8081],[136.0798,34.808],[136.0796,34.808],[136.0795,34.8078],[136.0794,34.8077],[136.0793,34.8075],[136.0791,34.8075],[136.0789,34.8074],[136.0786,34.8075],[136.0782,34.8077],[136.0778,34.8079],[136.0775,34.8081],[136.0772,34.8081],[136.0771,34.8082],[136.0769,34.8083],[136.0768,34.8083],[136.0766,34.8082],[136.0765,34.8081],[136.0761,34.808],[136.0759,34.8079],[136.0757,34.8079],[136.0755,34.8079],[136.0754,34.8077],[136.0753,34.8075],[136.0752,34.8073],[136.075,34.8072],[136.0748,34.8071],[136.0746,34.8068],[136.0743,34.8063],[136.0739,34.8058],[136.0738,34.8056],[136.0736,34.8054],[136.0735,34.8054],[136.0733,34.8055],[136.073,34.8055],[136.0728,34.8054],[136.0727,34.8053],[136.0727,34.8051],[136.0728,34.8048],[136.073,34.8046],[136.073,34.8043],[136.073,34.8042],[136.0728,34.8041],[136.0728,34.8041],[136.0726,34.8041],[136.0723,34.8041],[136.0721,34.8042],[136.0717,34.8044],[136.0716,34.8044],[136.0714,34.8043],[136.0708,34.8041],[136.0705,34.8041],[136.0704,34.804],[136.0704,34.8038],[136.0703,34.8036],[136.0701,34.8034],[136.0701,34.8034],[136.07,34.8034],[136.0699,34.8033],[136.0698,34.8034],[136.0697,34.8034],[136.0694,34.8035],[136.0693,34.8036],[136.069,34.8038],[136.0687,34.8039],[136.0685,34.804],[136.0684,34.804],[136.0679,34.8036],[136.0672,34.8033],[136.067,34.8031],[136.0667,34.8027],[136.0665,34.8026],[136.0659,34.8022],[136.0657,34.8021],[136.0655,34.8021],[136.0652,34.8022],[136.0651,34.8022],[136.0649,34.8021],[136.0645,34.8019],[136.0641,34.8018],[136.064,34.8018],[136.0639,34.8018],[136.0638,34.8018],[136.0637,34.8017],[136.0637,34.8016],[136.0637,34.8015],[136.0637,34.8013],[136.0637,34.8011],[136.0637,34.801],[136.0635,34.8007],[136.0633,34.8005],[136.0631,34.8003],[136.063,34.8002],[136.0628,34.8],[136.0627,34.7999],[136.0625,34.7998],[136.0625,34.7997],[136.0623,34.7998],[136.0619,34.7999],[136.0614,34.8],[136.0611,34.8001],[136.0605,34.8003],[136.0602,34.8005],[136.06,34.8008],[136.06,34.8016],[136.0598,34.8018],[136.0596,34.8019],[136.0594,34.802],[136.0593,34.802],[136.059,34.802],[136.0588,34.802],[136.0583,34.8021],[136.0583,34.8021],[136.0579,34.8023],[136.0577,34.8025],[136.0575,34.8027],[136.0575,34.803],[136.0575,34.8033],[136.0575,34.8035],[136.0575,34.8036],[136.0575,34.8037],[136.0574,34.8037],[136.0573,34.8037],[136.0573,34.8037],[136.057,34.8035],[136.0567,34.8033],[136.0564,34.803],[136.0561,34.8028],[136.056,34.8026],[136.0559,34.8025],[136.0557,34.8023],[136.0552,34.8022],[136.0551,34.8021],[136.0551,34.8019],[136.055,34.8016],[136.055,34.8015],[136.055,34.8012],[136.055,34.8008],[136.0549,34.8006],[136.0549,34.8006],[136.0548,34.8004],[136.0544,34.8003],[136.0541,34.8002],[136.0536,34.8],[136.0534,34.7999],[136.0531,34.7998],[136.0524,34.7994],[136.0518,34.7992],[136.0516,34.7991],[136.0511,34.7991],[136.0504,34.7992],[136.05,34.7993],[136.0496,34.7994],[136.0489,34.7995],[136.0487,34.7995],[136.0485,34.7996],[136.0485,34.7998],[136.0484,34.7999],[136.0484,34.8],[136.0483,34.8003],[136.0483,34.8005],[136.0483,34.8005],[136.0483,34.8009],[136.0482,34.8011],[136.048,34.8013],[136.0474,34.8015],[136.0473,34.8015],[136.047,34.8015],[136.0467,34.8014],[136.0465,34.8013],[136.0464,34.8011],[136.0463,34.8009],[136.0462,34.8007],[136.046,34.8006],[136.046,34.8005],[136.046,34.8004],[136.046,34.8003],[136.0457,34.8],[136.0456,34.7998],[136.0454,34.7996],[136.0452,34.7993],[136.0451,34.7993],[136.0449,34.7992],[136.0446,34.7991],[136.0443,34.7991],[136.044,34.7991],[136.0436,34.7993],[136.0435,34.7993],[136.0434,34.7993],[136.0431,34.7991],[136.0429,34.799],[136.0427,34.7989],[136.042,34.7987],[136.0417,34.7986],[136.0415,34.7986],[136.0412,34.7985],[136.0411,34.7983],[136.041,34.7982],[136.0409,34.7979],[136.0409,34.7977],[136.0409,34.7977],[136.041,34.7975],[136.0409,34.7973],[136.0407,34.7968],[136.0407,34.7966],[136.0407,34.7964],[136.0406,34.7964],[136.0403,34.7963],[136.04,34.7963],[136.0398,34.7962],[136.0396,34.7961],[136.0392,34.7961],[136.0392,34.796],[136.039,34.7958],[136.039,34.7957],[136.039,34.7955],[136.039,34.7954],[136.0391,34.7953],[136.0394,34.7951],[136.0395,34.7951],[136.0396,34.7949],[136.0396,34.7948],[136.0394,34.7946],[136.0391,34.7943],[136.0388,34.794],[136.0385,34.7939],[136.0378,34.7938],[136.0374,34.7938],[136.0367,34.7938],[136.0365,34.7938],[136.0361,34.7938],[136.0358,34.7939],[136.0357,34.7939],[136.0354,34.7939],[136.0353,34.7939],[136.0352,34.794],[136.035,34.794],[136.0348,34.7942],[136.0347,34.7943],[136.0345,34.7943],[136.0344,34.7942],[136.0341,34.7941],[136.0341,34.7941],[136.0337,34.7941],[136.0333,34.7941],[136.0333,34.7941],[136.0329,34.7941],[136.0328,34.794],[136.0326,34.7939],[136.0325,34.7937],[136.0323,34.7934],[136.0321,34.7932],[136.032,34.793],[136.0316,34.7928],[136.0314,34.7927],[136.0311,34.7925],[136.0309,34.7924],[136.0307,34.7922],[136.0303,34.7918],[136.0301,34.7917],[136.0297,34.7917],[136.0296,34.7917],[136.0295,34.7917],[136.0295,34.7917],[136.0294,34.7916],[136.0293,34.7913],[136.0292,34.7912],[136.029,34.7911],[136.0287,34.791],[136.0286,34.7908],[136.0284,34.7907],[136.0283,34.7906],[136.0281,34.7906],[136.0279,34.7906],[136.0277,34.7907],[136.0276,34.7907],[136.0273,34.7907],[136.0271,34.7906],[136.0267,34.7906],[136.0266,34.7906],[136.0264,34.7908],[136.0263,34.791],[136.0261,34.7912],[136.026,34.7913],[136.0258,34.7914],[136.0256,34.7914],[136.0252,34.7915],[136.025,34.7916],[136.025,34.7917],[136.025,34.7917],[136.0247,34.7918],[136.0246,34.7919],[136.0243,34.792],[136.0242,34.792],[136.024,34.792],[136.0239,34.7919],[136.0236,34.7917],[136.0233,34.7917],[136.0226,34.7918],[136.0225,34.7917],[136.0224,34.7917],[136.0223,34.7916],[136.0223,34.7916],[136.0221,34.7916],[136.0218,34.7916],[136.0217,34.7917],[136.0214,34.7918],[136.0214,34.7918],[136.0214,34.7919],[136.0214,34.7921],[136.0213,34.7922],[136.0212,34.7922],[136.0208,34.7922],[136.0205,34.7922],[136.0202,34.7921],[136.02,34.7921],[136.0198,34.7921],[136.0196,34.7922],[136.0194,34.7924],[136.019,34.7927],[136.0188,34.7929],[136.0185,34.7931],[136.0182,34.7933],[136.0178,34.7935],[136.0176,34.7936],[136.0174,34.7939],[136.0172,34.7941],[136.017,34.7943],[136.0167,34.7945],[136.0167,34.7945],[136.0165,34.7945],[136.0164,34.7946],[136.0163,34.7947],[136.0163,34.7952],[136.0163,34.7956],[136.0162,34.7959],[136.0162,34.796],[136.0162,34.7963],[136.0163,34.7964],[136.0163,34.7965],[136.0163,34.7967],[136.0163,34.7969],[136.0162,34.7973],[136.0162,34.7974],[136.0161,34.7976],[136.016,34.7977],[136.0159,34.7978],[136.0158,34.7978],[136.0157,34.7978],[136.0156,34.7978],[136.0153,34.7975],[136.0151,34.7974],[136.0148,34.7974],[136.0146,34.7974],[136.0141,34.7973],[136.0137,34.7971],[136.0132,34.7967],[136.0129,34.7964],[136.0127,34.796],[136.0126,34.7958],[136.0125,34.7957],[136.0125,34.7956],[136.0123,34.7956],[136.0119,34.7957],[136.0115,34.7957],[136.0113,34.7958],[136.0112,34.7959],[136.0112,34.7959],[136.0112,34.796],[136.0112,34.7962],[136.0113,34.7963],[136.0112,34.7964],[136.0111,34.7965],[136.011,34.7966],[136.011,34.7966],[136.0111,34.7967],[136.0112,34.7968],[136.0113,34.7969],[136.0113,34.797],[136.0111,34.7974],[136.011,34.7977],[136.0108,34.7981],[136.0107,34.7982],[136.0106,34.7983],[136.0103,34.7983],[136.0102,34.7985],[136.0102,34.7987],[136.0102,34.7989],[136.0103,34.799],[136.0103,34.7991],[136.0106,34.7993],[136.0106,34.7994],[136.0105,34.7994],[136.0103,34.7996],[136.0102,34.7997],[136.0102,34.7997],[136.0102,34.7998],[136.0104,34.7998],[136.0106,34.8],[136.0106,34.8],[136.0106,34.8002],[136.0108,34.8007],[136.0111,34.8011],[136.0113,34.8014],[136.0114,34.802],[136.0114,34.8023],[136.0115,34.8025],[136.0118,34.8028],[136.0122,34.803],[136.0124,34.8032],[136.0124,34.8033],[136.0125,34.8036],[136.0125,34.8036],[136.0126,34.8039],[136.0128,34.804],[136.0133,34.8046],[136.0135,34.8047],[136.0136,34.8049],[136.0136,34.8051],[136.0137,34.8053],[136.0139,34.8056],[136.0141,34.8058],[136.0143,34.806],[136.0144,34.8064],[136.0146,34.8066],[136.0146,34.8066],[136.0147,34.8069],[136.0147,34.8071],[136.0148,34.8073],[136.0151,34.8078],[136.0152,34.8082],[136.0152,34.8083],[136.0152,34.8083],[136.0151,34.8086],[136.015,34.8088],[136.015,34.809],[136.0151,34.8091],[136.0152,34.8093],[136.0153,34.8094],[136.0154,34.8096],[136.0157,34.8098],[136.0158,34.8098],[136.0161,34.8099],[136.0164,34.81],[136.0165,34.8101],[136.0166,34.8104],[136.0166,34.8109],[136.0167,34.811],[136.0167,34.8111],[136.0169,34.8112],[136.0172,34.8114],[136.0173,34.8115],[136.0175,34.8116],[136.0177,34.8119],[136.018,34.8121],[136.0181,34.8122],[136.0184,34.8124],[136.0187,34.8127],[136.0189,34.8127],[136.0189,34.8126],[136.019,34.8125],[136.0192,34.8123],[136.0194,34.8123],[136.0199,34.8122],[136.0203,34.8122],[136.0205,34.8122],[136.0207,34.8123],[136.0214,34.8126],[136.022,34.8128],[136.0223,34.8129],[136.0225,34.813],[136.0227,34.8132],[136.0228,34.8135],[136.023,34.8136],[136.0232,34.8137],[136.0235,34.8138],[136.0236,34.8139],[136.0237,34.8141],[136.0237,34.8142],[136.0244,34.8146],[136.0246,34.8148],[136.0248,34.8149],[136.025,34.8149],[136.025,34.8149],[136.0251,34.8149],[136.0252,34.8148],[136.0254,34.8146],[136.0256,34.8144],[136.0257,34.8144],[136.0257,34.8144],[136.0258,34.8144],[136.026,34.8144],[136.026,34.8145],[136.0261,34.8147],[136.0262,34.8147],[136.0266,34.8148],[136.027,34.8148],[136.0271,34.8148],[136.0274,34.8149],[136.0275,34.8151],[136.0278,34.8154],[136.028,34.8156],[136.0285,34.8159],[136.0286,34.816],[136.0287,34.8162],[136.0288,34.8163],[136.0289,34.8167],[136.029,34.8169],[136.029,34.8174],[136.0289,34.8178],[136.0287,34.8182],[136.0286,34.8185],[136.0285,34.8191],[136.0284,34.8194],[136.0284,34.8196],[136.0283,34.8201],[136.0283,34.8202],[136.0281,34.8205],[136.028,34.8209],[136.0279,34.8214],[136.0279,34.8217],[136.0277,34.8218],[136.0276,34.8218],[136.0274,34.8218],[136.0273,34.8218],[136.027,34.8217],[136.0269,34.8217],[136.0268,34.8217],[136.0267,34.8218],[136.0264,34.8223],[136.0262,34.8225],[136.0261,34.8226],[136.026,34.8226],[136.0258,34.8226],[136.0256,34.8226],[136.0254,34.8226],[136.0254,34.8226],[136.0253,34.8227],[136.0253,34.823],[136.0252,34.8231],[136.025,34.8231],[136.025,34.8232],[136.0248,34.8232],[136.0246,34.8234],[136.0244,34.8236],[136.0241,34.8237],[136.0235,34.8239],[136.0231,34.824],[136.023,34.8241],[136.0228,34.8243],[136.0227,34.8245],[136.0225,34.8245],[136.0223,34.8246],[136.0221,34.8246],[136.022,34.8246],[136.0219,34.8246],[136.0218,34.8246],[136.0218,34.8246],[136.0217,34.8247],[136.0215,34.825],[136.0214,34.825],[136.0211,34.8254],[136.021,34.8255],[136.0204,34.8258],[136.0197,34.8262],[136.0192,34.8263],[136.0187,34.8267],[136.0185,34.8269],[136.0183,34.8272],[136.0179,34.828],[136.0177,34.8283],[136.0176,34.8284],[136.0175,34.8284],[136.0172,34.8284],[136.017,34.8284],[136.0169,34.8284],[136.0168,34.8285],[136.0167,34.8286],[136.0164,34.8288],[136.0163,34.8289],[136.0161,34.8289],[136.016,34.8289],[136.016,34.8288],[136.0159,34.8288],[136.0159,34.8284],[136.0159,34.8281],[136.0159,34.8279],[136.0158,34.8278],[136.0157,34.8276],[136.0156,34.8275],[136.0156,34.8274],[136.0155,34.8272],[136.0155,34.8269],[136.0155,34.8268],[136.0155,34.8267],[136.0155,34.8266],[136.0153,34.8265],[136.0149,34.8264],[136.0147,34.8263],[136.0145,34.8262],[136.0144,34.8261],[136.0141,34.826],[136.0138,34.826],[136.0133,34.8257],[136.013,34.8255],[136.0125,34.8253],[136.0122,34.8252],[136.012,34.8252],[136.0118,34.8253],[136.0114,34.8256],[136.0113,34.8256],[136.0111,34.8257],[136.0108,34.8257],[136.0106,34.8257],[136.0102,34.8259],[136.0102,34.8259],[136.0099,34.8261],[136.0097,34.8261],[136.0096,34.8261],[136.0095,34.8261],[136.0092,34.826],[136.0087,34.826],[136.0083,34.826],[136.0082,34.826],[136.008,34.8261],[136.0076,34.8262],[136.0074,34.8262],[136.0072,34.8262],[136.007,34.8262],[136.0068,34.8262],[136.0066,34.8261],[136.0063,34.8261],[136.0062,34.8261],[136.0061,34.8261],[136.0058,34.8262],[136.0057,34.8263],[136.0055,34.8264],[136.0054,34.8266],[136.0053,34.8268],[136.0053,34.8274],[136.0051,34.8279],[136.005,34.8282],[136.0048,34.8283],[136.0047,34.8284],[136.0045,34.8286],[136.0044,34.8288],[136.0043,34.8291],[136.0042,34.8294],[136.0041,34.8295],[136.004,34.8296],[136.004,34.8298],[136.004,34.8301],[136.004,34.8304],[136.0038,34.8308],[136.0038,34.831],[136.0038,34.8311],[136.0037,34.8312],[136.0036,34.8313],[136.0034,34.8315],[136.0031,34.8316],[136.0028,34.8319],[136.0026,34.832],[136.0025,34.8323],[136.0023,34.8328],[136.0023,34.8329],[136.0024,34.833],[136.0025,34.8332],[136.0027,34.8333],[136.0027,34.8333],[136.0028,34.8335],[136.0028,34.8336],[136.0028,34.8336],[136.0027,34.8337],[136.0026,34.834],[136.0025,34.8342],[136.0025,34.8342],[136.0026,34.8347],[136.0028,34.8354],[136.0029,34.8357],[136.0029,34.836],[136.0028,34.8361],[136.0027,34.8364],[136.0026,34.8366],[136.0027,34.8368],[136.0026,34.837],[136.0026,34.8372],[136.0026,34.8373],[136.0026,34.8375],[136.0028,34.8376],[136.0031,34.8378],[136.0032,34.8378],[136.0034,34.8381],[136.0037,34.8384],[136.0038,34.8385],[136.0039,34.8387],[136.004,34.8389],[136.004,34.8389],[136.004,34.8392],[136.004,34.8396],[136.004,34.8398],[136.0041,34.8403],[136.004,34.8406],[136.0039,34.8408],[136.0038,34.8409],[136.0037,34.841],[136.0036,34.841],[136.0036,34.8411],[136.0037,34.8411],[136.0037,34.8412],[136.0039,34.8413],[136.004,34.8414],[136.004,34.8415],[136.004,34.8416],[136.004,34.8417],[136.0041,34.8418],[136.0043,34.8422],[136.0044,34.8423],[136.0046,34.8424],[136.0048,34.8425],[136.0052,34.8428],[136.0053,34.8428],[136.0053,34.8429],[136.0053,34.8429],[136.0053,34.8431],[136.005,34.8434],[136.0048,34.8437],[136.0046,34.8439],[136.0044,34.844],[136.004,34.8443],[136.0039,34.8444],[136.0036,34.8444],[136.0032,34.8444],[136.003,34.8445],[136.0024,34.8447],[136.0018,34.8449],[136.0013,34.8451],[136.001,34.8451],[136.0008,34.8451],[136.0002,34.845],[136,34.845],[135.9998,34.845],[135.9993,34.845],[135.9992,34.845],[135.999,34.8447],[135.9986,34.8444],[135.9984,34.8444],[135.9981,34.8445],[135.9979,34.8445],[135.9978,34.8444],[135.9977,34.8443],[135.9975,34.844],[135.9974,34.8438],[135.9973,34.8437],[135.9971,34.8437],[135.9969,34.8435],[135.9966,34.8435],[135.9963,34.8435],[135.9961,34.8434],[135.9959,34.8432],[135.9957,34.8431],[135.9953,34.843],[135.995,34.8427],[135.995,34.8425],[135.9948,34.8423],[135.9945,34.8421],[135.9943,34.8421],[135.9938,34.8423],[135.9932,34.8423],[135.993,34.8423],[135.9929,34.8423],[135.9927,34.8423],[135.9925,34.8425],[135.9921,34.8428],[135.992,34.8429],[135.9919,34.8429],[135.9917,34.8429],[135.9916,34.8428],[135.9912,34.8426],[135.9909,34.8423],[135.9903,34.842],[135.9899,34.8419],[135.9898,34.8417],[135.9896,34.8415],[135.9895,34.8414],[135.9893,34.8414],[135.9885,34.8412],[135.9881,34.841],[135.9879,34.8408],[135.9876,34.8406],[135.9873,34.8406],[135.9871,34.8408],[135.9869,34.8411],[135.9868,34.8413],[135.9866,34.8414],[135.9864,34.8414],[135.9858,34.8414],[135.9854,34.8414],[135.985,34.8415],[135.9849,34.8415],[135.9847,34.8413],[135.9841,34.8407],[135.984,34.8406],[135.9833,34.8402],[135.9831,34.84],[135.9827,34.8397],[135.9822,34.8393],[135.9818,34.8392],[135.9811,34.8391],[135.98,34.8391],[135.9797,34.8391],[135.9794,34.839],[135.9791,34.8388],[135.9787,34.8387],[135.9778,34.8385],[135.9773,34.8384],[135.9766,34.8386],[135.9754,34.8385],[135.9753,34.8385],[135.975,34.8386],[135.9748,34.8386],[135.9743,34.8386],[135.974,34.8385],[135.974,34.8385],[135.9737,34.8382],[135.9735,34.838],[135.9732,34.8379],[135.9729,34.8379],[135.9725,34.838],[135.9717,34.8384],[135.9715,34.8385],[135.9713,34.8385],[135.9707,34.8382],[135.97,34.8378],[135.9699,34.8378],[135.9698,34.8379],[135.9698,34.8381],[135.9703,34.8388],[135.9708,34.8395],[135.9713,34.8405],[135.9714,34.8409],[135.9713,34.8414],[135.9714,34.8416],[135.9714,34.8417],[135.9716,34.8424],[135.9716,34.8425],[135.9716,34.8427],[135.9712,34.843],[135.971,34.8435],[135.971,34.8436],[135.9713,34.844],[135.9721,34.8452],[135.9721,34.8454],[135.9721,34.8457],[135.9721,34.846],[135.9718,34.8463],[135.9714,34.8464],[135.971,34.8464],[135.9708,34.8464],[135.9706,34.8465],[135.9705,34.8467],[135.9704,34.847],[135.9702,34.8472],[135.97,34.8472],[135.9697,34.8472],[135.9694,34.8471],[135.9688,34.8468],[135.9683,34.8467],[135.9678,34.8467],[135.9676,34.8469],[135.9674,34.847],[135.9671,34.8474],[135.9671,34.8474],[135.9671,34.8475],[135.9671,34.8478],[135.9671,34.8482],[135.967,34.8485],[135.9669,34.8489],[135.9669,34.8489],[135.9667,34.8491],[135.9666,34.8492],[135.9661,34.8495],[135.9653,34.8497],[135.965,34.8498],[135.9647,34.8499],[135.9643,34.85],[135.9635,34.8502],[135.9629,34.8504],[135.9627,34.8504],[135.9627,34.851],[135.9628,34.8513],[135.9627,34.8516],[135.9627,34.8519],[135.9627,34.852],[135.9629,34.8523],[135.9629,34.8525],[135.9629,34.8525],[135.9629,34.8526],[135.9629,34.853],[135.9629,34.8531],[135.9627,34.8532],[135.9624,34.8533],[135.9621,34.8534],[135.9618,34.8537],[135.9617,34.854],[135.9616,34.8542],[135.9614,34.8546],[135.9614,34.8547],[135.9613,34.8546],[135.9612,34.8546],[135.9608,34.8543],[135.9598,34.8539],[135.9594,34.8539],[135.9592,34.854],[135.959,34.8543],[135.9589,34.8544],[135.9587,34.8547],[135.9588,34.855],[135.9587,34.855],[135.9583,34.8549],[135.9583,34.8549],[135.9579,34.8548],[135.9574,34.8548],[135.9571,34.8548],[135.9569,34.8545],[135.9567,34.8543],[135.9564,34.8541],[135.9555,34.8537],[135.9554,34.8536],[135.955,34.8534],[135.9546,34.8534],[135.9541,34.8534],[135.9536,34.8533],[135.9534,34.8532],[135.9532,34.8529],[135.9528,34.8524],[135.9526,34.8523],[135.9522,34.8523],[135.9516,34.8524],[135.9512,34.8524],[135.9506,34.8522],[135.95,34.8518],[135.95,34.8518],[135.9496,34.8516],[135.9493,34.8516],[135.9488,34.8519],[135.9486,34.8519],[135.9482,34.8516],[135.9477,34.8514],[135.9474,34.8513],[135.9471,34.8513],[135.9467,34.8514],[135.9464,34.8516],[135.9462,34.8518],[135.9462,34.8519],[135.9466,34.8523],[135.9468,34.8527],[135.947,34.8535],[135.947,34.8536],[135.947,34.8538],[135.9467,34.8544],[135.9466,34.8547],[135.946,34.8559],[135.9458,34.8564],[135.9455,34.8568],[135.9451,34.8572],[135.9451,34.8574],[135.9452,34.8577],[135.9453,34.8581],[135.9453,34.8583],[135.9452,34.8585],[135.9452,34.8585],[135.9448,34.8592],[135.9446,34.8595],[135.9444,34.8595],[135.9441,34.8594],[135.9438,34.8594],[135.9434,34.8596],[135.9432,34.8598],[135.9431,34.86],[135.9431,34.8601],[135.9431,34.8603],[135.9432,34.8604],[135.9431,34.8606],[135.9429,34.8609],[135.9429,34.8612],[135.9428,34.8612],[135.9425,34.8613],[135.9424,34.8615],[135.9421,34.8619],[135.9421,34.862],[135.9421,34.8622],[135.9421,34.8623],[135.9424,34.8625],[135.9424,34.8627],[135.9423,34.8628],[135.9419,34.863],[135.9417,34.8632],[135.9416,34.8632],[135.9415,34.8633],[135.9413,34.8635],[135.941,34.8637],[135.9409,34.8639],[135.941,34.8642],[135.9412,34.8644],[135.941,34.8647],[135.9409,34.865],[135.9409,34.8651],[135.941,34.8657],[135.9412,34.8662],[135.9412,34.8667],[135.9412,34.8668],[135.9413,34.8677],[135.9414,34.8682],[135.9416,34.8686],[135.9417,34.8687],[135.9419,34.8689],[135.9425,34.8699],[135.9426,34.8699],[135.9429,34.8706],[135.9429,34.8713],[135.9432,34.8721],[135.9434,34.8724],[135.9435,34.8726],[135.9436,34.8728],[135.9436,34.8731],[135.9434,34.8733],[135.9432,34.8735],[135.9432,34.8739],[135.9432,34.8742],[135.9436,34.8747],[135.9437,34.875],[135.9437,34.875],[135.9436,34.8754],[135.9433,34.8758],[135.9431,34.876],[135.943,34.8762],[135.943,34.8764],[135.9427,34.8776],[135.9428,34.8778],[135.9431,34.8781],[135.9432,34.8782],[135.9433,34.8782],[135.9432,34.8783],[135.9431,34.8783],[135.9425,34.8787],[135.9419,34.8791],[135.9417,34.8794],[135.9416,34.8796],[135.9414,34.8797],[135.941,34.8797],[135.9405,34.8799],[135.9403,34.88],[135.9401,34.8803],[135.94,34.8805],[135.9397,34.8811],[135.9397,34.8814],[135.9396,34.8818],[135.9398,34.882],[135.9401,34.8822],[135.9405,34.8822],[135.9406,34.8823],[135.9407,34.8824],[135.9407,34.8826],[135.9407,34.8831],[135.9407,34.8833],[135.9408,34.8838],[135.9409,34.8841],[135.9412,34.8844],[135.9412,34.8845],[135.9412,34.8847],[135.9411,34.8849],[135.941,34.8853],[135.9406,34.8859],[135.9404,34.8864],[135.9404,34.8869],[135.9405,34.8875],[135.9404,34.888],[135.94,34.8883],[135.9396,34.8885],[135.9396,34.8886],[135.94,34.8892],[135.94,34.8895],[135.94,34.8901],[135.9402,34.8905],[135.9404,34.8909],[135.9403,34.8916],[135.9403,34.8917],[135.9403,34.8917],[135.9404,34.8918],[135.9404,34.8919],[135.9403,34.8922],[135.9403,34.8924],[135.9406,34.8932],[135.9407,34.8933],[135.9408,34.8935],[135.941,34.8936],[135.9411,34.8936],[135.941,34.8937],[135.9409,34.8937],[135.9405,34.8936],[135.9404,34.8936],[135.9396,34.8934],[135.9389,34.8931],[135.9382,34.8926],[135.9379,34.8924],[135.9371,34.8922],[135.9361,34.8917],[135.936,34.8916],[135.9355,34.8911],[135.9354,34.8909],[135.9351,34.8904],[135.9348,34.8896],[135.9347,34.8892],[135.9346,34.8891],[135.9344,34.889],[135.9342,34.8888],[135.9338,34.8885],[135.9338,34.8885],[135.9337,34.8884],[135.9337,34.8883],[135.9336,34.888],[135.9334,34.8879],[135.9333,34.8879],[135.9329,34.8878],[135.9325,34.8878],[135.9322,34.8879],[135.9318,34.888],[135.9317,34.8881],[135.9314,34.8884],[135.9312,34.8885],[135.9308,34.8886],[135.9306,34.8886],[135.9305,34.8885],[135.9304,34.8885],[135.9303,34.8884],[135.9299,34.8883],[135.9295,34.8882],[135.9292,34.8882],[135.929,34.8882],[135.9287,34.8881],[135.9286,34.888],[135.9285,34.8876],[135.9283,34.8874],[135.9281,34.8871],[135.9278,34.8869],[135.9276,34.8867],[135.9274,34.8867],[135.9274,34.8869],[135.9274,34.8869],[135.9274,34.8869],[135.9273,34.887],[135.9271,34.8869],[135.927,34.8869],[135.9269,34.8866],[135.9268,34.8863],[135.9265,34.8863],[135.9263,34.8861],[135.9262,34.8858],[135.9258,34.8856],[135.9258,34.8856],[135.925,34.8856],[135.925,34.8856],[135.9246,34.8854],[135.9245,34.8853],[135.9244,34.8852],[135.9241,34.8851],[135.924,34.8849],[135.9238,34.8844],[135.9237,34.884],[135.9236,34.8838],[135.9235,34.8837],[135.9232,34.8836],[135.9232,34.8836],[135.923,34.8836],[135.9224,34.8837],[135.922,34.8837],[135.9218,34.8837],[135.9217,34.8839],[135.9217,34.884],[135.9212,34.8841],[135.9209,34.8842],[135.9206,34.8843],[135.9202,34.8845],[135.9201,34.8846],[135.9197,34.8844],[135.9193,34.8846],[135.9188,34.8848],[135.9186,34.8848],[135.9181,34.8847],[135.9177,34.8846],[135.917,34.8841],[135.917,34.8841],[135.9168,34.884],[135.9167,34.884],[135.916,34.8838],[135.9156,34.8835],[135.9156,34.8835],[135.9154,34.8834],[135.9146,34.8838],[135.9145,34.8838],[135.9135,34.8833],[135.9134,34.8833],[135.9132,34.8832],[135.9129,34.8832],[135.9128,34.8833],[135.9128,34.8834],[135.9127,34.8835],[135.9127,34.8835],[135.9125,34.8833],[135.9124,34.8832],[135.9123,34.8829],[135.912,34.8825],[135.9119,34.8823],[135.9116,34.8821],[135.9115,34.882],[135.9115,34.8816],[135.9114,34.8815],[135.9109,34.8812],[135.9108,34.8811],[135.9107,34.8809],[135.9106,34.8806],[135.9103,34.8805],[135.9101,34.8805],[135.9099,34.8804],[135.9099,34.8803],[135.9101,34.88],[135.9101,34.8799],[135.9101,34.8798],[135.9098,34.879],[135.9097,34.8789],[135.9094,34.8786],[135.9093,34.8785],[135.9093,34.8779],[135.9095,34.8776],[135.9096,34.8774],[135.9097,34.8772],[135.9095,34.8769],[135.9086,34.8765],[135.9083,34.8764],[135.9083,34.8764],[135.908,34.8764],[135.9077,34.8763],[135.9072,34.8759],[135.907,34.8757],[135.9068,34.8755],[135.9068,34.8754],[135.9067,34.8753],[135.9069,34.875],[135.9074,34.8741],[135.9074,34.874],[135.9073,34.874],[135.9069,34.874],[135.9067,34.874],[135.9065,34.874],[135.9057,34.8741],[135.9052,34.8741],[135.9045,34.8739],[135.9042,34.8738],[135.9028,34.873],[135.9017,34.8723],[135.9007,34.8718],[135.9004,34.8718],[135.9,34.8715],[135.9,34.8715],[135.8997,34.8714],[135.8986,34.8714],[135.8979,34.8713],[135.8973,34.8713],[135.8971,34.8716],[135.8964,34.8725],[135.8964,34.8725],[135.8959,34.8731],[135.8949,34.8733],[135.8944,34.8736],[135.8934,34.8741],[135.8932,34.8741],[135.892,34.8745],[135.8917,34.8746],[135.8915,34.8746],[135.8901,34.8747],[135.8898,34.8748],[135.8895,34.875],[135.8892,34.8753],[135.8887,34.8755],[135.8882,34.8755],[135.8879,34.8755],[135.8867,34.8757],[135.8865,34.8756],[135.8862,34.8756],[135.8857,34.8754],[135.8852,34.8754],[135.885,34.8755],[135.885,34.8756],[135.8852,34.876],[135.8854,34.8764],[135.8854,34.8765],[135.8855,34.8766],[135.8855,34.8767],[135.8854,34.8769],[135.8853,34.8774],[135.8854,34.8778],[135.8855,34.8782],[135.8857,34.8786],[135.886,34.8788],[135.8863,34.8791],[135.8866,34.8792],[135.8869,34.8794],[135.8874,34.8795],[135.8879,34.8796],[135.8884,34.8797],[135.8884,34.8797],[135.8886,34.8799],[135.8887,34.8803],[135.8887,34.8809],[135.8887,34.8813],[135.8886,34.8816],[135.8885,34.8817],[135.8882,34.882],[135.8876,34.8826],[135.8869,34.8832],[135.8866,34.8833],[135.8862,34.8835],[135.886,34.8836],[135.8855,34.8839],[135.8846,34.8844],[135.8842,34.8845],[135.8839,34.8845],[135.8835,34.8843],[135.8833,34.8843],[135.8832,34.8842],[135.8829,34.8843],[135.8826,34.8843],[135.8825,34.8842],[135.8824,34.8841],[135.8823,34.8839],[135.8818,34.8838],[135.8814,34.8837],[135.8812,34.8838],[135.8806,34.8843],[135.8798,34.8847],[135.8796,34.8848],[135.8788,34.885],[135.8786,34.8851],[135.8785,34.8854],[135.8782,34.8862],[135.878,34.8866],[135.8777,34.8866],[135.8775,34.8866],[135.8763,34.8862],[135.876,34.8862],[135.8759,34.8863],[135.875,34.8874],[135.8749,34.8875],[135.8745,34.8882],[135.8744,34.8889],[135.8742,34.8889],[135.874,34.8889],[135.8738,34.8888],[135.8736,34.8887],[135.8733,34.8887],[135.8726,34.8887],[135.8724,34.8887],[135.8722,34.8889],[135.8713,34.8897],[135.8709,34.89],[135.8708,34.89],[135.8704,34.8903],[135.8699,34.8907],[135.869,34.8911],[135.8678,34.8917],[135.8669,34.892],[135.8667,34.8921],[135.8666,34.8921],[135.8667,34.8922],[135.8673,34.8929],[135.8673,34.8929],[135.8675,34.8933],[135.8676,34.8937],[135.8677,34.8941],[135.8677,34.895],[135.8676,34.8957],[135.8673,34.8969],[135.867,34.8976],[135.8667,34.8982],[135.8665,34.8985],[135.8658,34.8995],[135.8654,34.9],[135.8653,34.9],[135.865,34.9005],[135.8644,34.9012],[135.8633,34.9025],[135.863,34.9029],[135.8629,34.9031],[135.8629,34.9034],[135.8631,34.9037],[135.865,34.9052],[135.8661,34.9061],[135.8667,34.9065],[135.867,34.9067],[135.8674,34.907],[135.8681,34.9072],[135.8683,34.9073],[135.8689,34.9075],[135.8691,34.9075],[135.8697,34.9078],[135.8701,34.9082],[135.8702,34.9083],[135.8705,34.9087],[135.8708,34.9093],[135.8712,34.9099],[135.8713,34.9104],[135.8715,34.911],[135.8715,34.9119],[135.8714,34.9132],[135.8713,34.9137],[135.8714,34.9144],[135.8713,34.9148],[135.8712,34.9151],[135.8708,34.9154],[135.8707,34.9156],[135.8705,34.9156],[135.8705,34.9157],[135.8704,34.9157],[135.8703,34.9158],[135.8702,34.9159],[135.87,34.916],[135.8699,34.916],[135.8697,34.9161],[135.8694,34.9163],[135.8693,34.9166],[135.8693,34.9167],[135.8693,34.9168],[135.8692,34.917],[135.8692,34.9178],[135.8692,34.9182],[135.8691,34.9186],[135.8687,34.9192],[135.8686,34.9194],[135.8687,34.9195],[135.8689,34.9199],[135.8691,34.9202],[135.8702,34.9213],[135.8704,34.9219],[135.8704,34.9228],[135.8713,34.9232],[135.8717,34.9236],[135.8719,34.9239],[135.8717,34.9246],[135.8714,34.925],[135.8707,34.926],[135.8709,34.9262],[135.8722,34.9268],[135.8726,34.9269],[135.8728,34.9272],[135.8729,34.9274],[135.8729,34.9276],[135.8728,34.9279],[135.8729,34.9282],[135.8735,34.9289],[135.8737,34.9291],[135.8738,34.9292],[135.8738,34.9293],[135.8743,34.9299],[135.8745,34.93],[135.8746,34.9302],[135.8749,34.9304],[135.875,34.9304],[135.8754,34.9306],[135.8757,34.9306],[135.8759,34.9307],[135.8761,34.9312],[135.8766,34.932],[135.8767,34.9324],[135.8768,34.9327],[135.877,34.9327],[135.877,34.9327],[135.8772,34.9327],[135.8775,34.9327],[135.8776,34.9328],[135.8778,34.9329],[135.878,34.9332],[135.8782,34.9333],[135.8782,34.9333],[135.8784,34.9335],[135.8788,34.9339],[135.8797,34.9343],[135.8798,34.9344],[135.8799,34.9345],[135.8796,34.935],[135.8794,34.9354],[135.8792,34.9357],[135.8791,34.9359],[135.8789,34.9363],[135.8785,34.9367],[135.8784,34.9369],[135.8785,34.9373],[135.8785,34.9376],[135.8785,34.9379],[135.8784,34.938],[135.8782,34.9385],[135.8779,34.9388],[135.8778,34.939],[135.8776,34.9395],[135.8775,34.9397],[135.8775,34.9397],[135.8773,34.9398],[135.8773,34.9398],[135.877,34.94],[135.8767,34.9403],[135.8767,34.9403],[135.8765,34.9406],[135.8766,34.9407],[135.8766,34.9408],[135.8768,34.941],[135.8769,34.941],[135.8771,34.9412],[135.877,34.9414],[135.8769,34.9417],[135.8769,34.942],[135.8767,34.9422],[135.8767,34.9423],[135.8762,34.9427],[135.8761,34.9429],[135.876,34.9432],[135.8761,34.9433],[135.8762,34.9438],[135.8762,34.9438],[135.8764,34.9441],[135.8767,34.9446],[135.877,34.945],[135.8776,34.9458],[135.8777,34.9459],[135.8779,34.946],[135.8781,34.9462],[135.8785,34.9465],[135.8787,34.9467],[135.8788,34.9469],[135.8787,34.947],[135.8787,34.9472],[135.8784,34.9474],[135.8784,34.9476],[135.8783,34.9477],[135.8782,34.9477],[135.8781,34.9479],[135.8779,34.9481],[135.8777,34.9483],[135.8775,34.9484],[135.8772,34.9485],[135.877,34.9486],[135.877,34.9487],[135.8769,34.9488],[135.8769,34.9491],[135.8768,34.9493],[135.8768,34.9494],[135.8761,34.9498],[135.876,34.9499],[135.876,34.95],[135.8758,34.9503],[135.8757,34.9506],[135.8757,34.9509],[135.8758,34.9517],[135.8758,34.9521],[135.8757,34.9524],[135.8756,34.9528],[135.8754,34.953],[135.8754,34.9532],[135.8755,34.9534],[135.8754,34.9537],[135.8752,34.9537],[135.875,34.9538],[135.8749,34.9538],[135.8748,34.954],[135.8746,34.9542],[135.8744,34.9545],[135.8742,34.955],[135.874,34.9552],[135.8737,34.9553],[135.8734,34.9553],[135.8729,34.9554],[135.8726,34.9554],[135.8722,34.9555],[135.8718,34.9556],[135.8715,34.9555],[135.8711,34.9553],[135.8709,34.9554],[135.8705,34.9557],[135.8699,34.9564],[135.8696,34.9567],[135.8692,34.9568],[135.8688,34.9567],[135.8683,34.9565],[135.8677,34.9565],[135.8667,34.9567],[135.8663,34.9568],[135.8656,34.957],[135.8649,34.9572],[135.8639,34.9576],[135.8636,34.9579],[135.8635,34.9581],[135.8635,34.9581],[135.8635,34.9583],[135.8635,34.9584],[135.8636,34.9588],[135.8637,34.9589],[135.8637,34.9594],[135.8634,34.9601],[135.8632,34.9606],[135.863,34.9608],[135.8624,34.961],[135.8621,34.9613],[135.8612,34.9629],[135.8605,34.963],[135.86,34.9631],[135.8598,34.9634],[135.8597,34.9636],[135.8591,34.9641],[135.8589,34.9644],[135.8589,34.9648],[135.8587,34.965],[135.8583,34.9652],[135.858,34.9654],[135.8577,34.9656],[135.8573,34.9662],[135.8571,34.9663],[135.8567,34.9664],[135.8564,34.9665],[135.8562,34.9667],[135.8562,34.9667],[135.8561,34.9671],[135.8562,34.9674],[135.8564,34.9685],[135.8562,34.9692],[135.8556,34.9699],[135.8548,34.9703],[135.8545,34.9707],[135.8541,34.9709],[135.8538,34.9709],[135.8536,34.9709],[135.8531,34.9706],[135.8528,34.9706],[135.8527,34.9706],[135.8524,34.9708],[135.8523,34.971],[135.8523,34.9713],[135.8523,34.9713],[135.8524,34.9718],[135.8527,34.9728],[135.8527,34.9729],[135.8529,34.9733],[135.8534,34.9735],[135.8536,34.9737],[135.8541,34.974],[135.8544,34.9743],[135.8548,34.975],[135.8547,34.975],[135.8547,34.9752],[135.8541,34.9766],[135.8539,34.9768],[135.8539,34.9772],[135.8542,34.9773],[135.8552,34.9777],[135.8555,34.9779],[135.8558,34.9784],[135.8565,34.9792],[135.8567,34.9797],[135.8568,34.9799],[135.8568,34.98],[135.8562,34.9811],[135.8561,34.9813],[135.8563,34.9816],[135.8567,34.9825],[135.8566,34.9827],[135.8565,34.9829],[135.8559,34.9832],[135.8558,34.9833],[135.8557,34.9834],[135.8557,34.9837],[135.8557,34.984],[135.8557,34.984],[135.8556,34.9842],[135.855,34.9847],[135.8541,34.9844],[135.8536,34.9842],[135.8532,34.9842],[135.8526,34.9843],[135.8522,34.9845],[135.8519,34.9843],[135.8512,34.9842],[135.8509,34.9841],[135.85,34.9849],[135.85,34.9849],[135.8496,34.9846],[135.8493,34.9846],[135.8491,34.9848],[135.849,34.9856],[135.8491,34.9864],[135.8491,34.9872],[135.8494,34.9878],[135.8499,34.9884],[135.85,34.9891],[135.85,34.9891],[135.85,34.9891],[135.8501,34.99],[135.85,34.9903],[135.8499,34.9907],[135.8496,34.9912],[135.8495,34.9913],[135.8493,34.9917],[135.8493,34.9917],[135.8491,34.9917],[135.8481,34.9913],[135.8468,34.991],[135.846,34.9908],[135.8437,34.9903],[135.8436,34.9901],[135.8437,34.9897],[135.8436,34.9896],[135.8434,34.9896],[135.843,34.99],[135.8423,34.9899],[135.8421,34.9899],[135.8417,34.99],[135.8415,34.99],[135.8412,34.99],[135.8411,34.99],[135.8404,34.99],[135.8402,34.99],[135.84,34.99],[135.8385,34.9902],[135.8369,34.9905],[135.8348,34.9908],[135.8333,34.9908],[135.8323,34.9908],[135.8309,34.9909],[135.8306,34.9909],[135.8303,34.991],[135.8302,34.991],[135.8297,34.9911],[135.8292,34.9911],[135.8291,34.9911],[135.8275,34.9911],[135.8269,34.9912],[135.8271,34.9916],[135.8272,34.9917],[135.828,34.9924],[135.8287,34.993],[135.8294,34.9936],[135.8295,34.9937],[135.8294,34.9939],[135.8292,34.9944],[135.829,34.9948],[135.8294,34.9951],[135.8297,34.9954],[135.8301,34.9957],[135.8306,34.9961],[135.8307,34.9963],[135.8309,34.9966],[135.8311,34.9969],[135.8312,34.997],[135.8313,34.9971],[135.8313,34.9973],[135.8314,34.9975],[135.8316,34.9978],[135.832,34.9982],[135.8324,34.9988],[135.8326,34.9991],[135.8324,34.9998],[135.8324,35],[135.8324,35.0004],[135.8324,35.0008],[135.8325,35.0009],[135.8333,35.0009],[135.8336,35.0009],[135.8336,35.0007],[135.8336,35.0001],[135.8336,35],[135.8336,35],[135.8336,34.9996],[135.8337,34.9994],[135.8338,34.9993],[135.8339,34.9993],[135.8341,34.9993],[135.8343,34.9993],[135.8346,34.9993],[135.835,34.9994],[135.8352,34.9993],[135.8355,34.9993],[135.8359,34.9996],[135.8361,34.9997],[135.8363,35],[135.8363,35],[135.8365,35.0005],[135.8365,35.0005],[135.8365,35.0007],[135.8365,35.0007],[135.8365,35.0009],[135.8366,35.0012],[135.8365,35.0014],[135.8365,35.0014],[135.8361,35.0021],[135.8358,35.0027],[135.8356,35.0031],[135.8354,35.0032],[135.8343,35.0042],[135.8341,35.0045],[135.8338,35.0053],[135.8336,35.0061],[135.8335,35.0069],[135.8333,35.0074],[135.8332,35.0078],[135.8331,35.0083],[135.833,35.0086],[135.8329,35.0091],[135.8327,35.0094],[135.832,35.0098],[135.8317,35.0099],[135.8311,35.0098],[135.8305,35.0098],[135.8301,35.0096],[135.8299,35.0095],[135.8294,35.0094],[135.8292,35.0093],[135.829,35.009],[135.8289,35.0089],[135.8287,35.0088],[135.8283,35.0087],[135.8281,35.0088],[135.8278,35.0091],[135.8277,35.0091],[135.8276,35.0089],[135.8272,35.0086],[135.827,35.0085],[135.8268,35.0084],[135.8263,35.0083],[135.8256,35.0084],[135.8251,35.0085],[135.825,35.0085],[135.8243,35.0087],[135.8241,35.0088],[135.824,35.0094],[135.8239,35.0094],[135.8238,35.0097],[135.8238,35.01],[135.8237,35.0102],[135.8235,35.0103],[135.8233,35.0104],[135.8232,35.0105],[135.8227,35.0114],[135.8226,35.0117],[135.8225,35.0119],[135.8221,35.0122],[135.8214,35.0126],[135.8212,35.0128],[135.8209,35.0129],[135.8204,35.0128],[135.8202,35.013],[135.8202,35.0134],[135.8204,35.0142],[135.8205,35.0145],[135.8203,35.015],[135.8202,35.0152],[135.8203,35.0154],[135.8205,35.0157],[135.8207,35.0157],[135.8209,35.0157],[135.821,35.0157],[135.821,35.0155],[135.8209,35.0147],[135.8211,35.0142],[135.8213,35.0138],[135.8216,35.0137],[135.8221,35.0135],[135.8226,35.0135],[135.8231,35.0135],[135.8237,35.0133],[135.8242,35.0132],[135.8244,35.0131],[135.8245,35.0127],[135.8247,35.0125],[135.8249,35.0124],[135.825,35.0123],[135.8253,35.0123],[135.8256,35.0123],[135.826,35.0123],[135.8267,35.0123],[135.8279,35.0122],[135.8282,35.012],[135.8284,35.0119],[135.8286,35.0119],[135.829,35.0119],[135.8295,35.0118],[135.83,35.0118],[135.8303,35.0118],[135.8309,35.0118],[135.8317,35.0117],[135.8322,35.0118],[135.8325,35.0119],[135.833,35.0119],[135.8333,35.012],[135.8335,35.012],[135.8339,35.0122],[135.8343,35.0124],[135.8347,35.0125],[135.8349,35.0124],[135.8352,35.0123],[135.8355,35.0123],[135.8356,35.0127],[135.8356,35.0127],[135.8356,35.0134],[135.8358,35.0138],[135.8359,35.0144],[135.8358,35.0153],[135.8358,35.0158],[135.8357,35.016],[135.8354,35.0166],[135.8353,35.0167],[135.8352,35.0168],[135.8351,35.0169],[135.8349,35.0172],[135.8347,35.0174],[135.8347,35.0175],[135.8347,35.0177],[135.8349,35.018],[135.8352,35.0184],[135.8352,35.0187],[135.8352,35.0187],[135.8349,35.0191],[135.8349,35.0192],[135.8349,35.0195],[135.8349,35.0196],[135.8349,35.0199],[135.8347,35.0203],[135.8346,35.0206],[135.8346,35.0212],[135.8346,35.0213],[135.8345,35.0217],[135.8345,35.0221],[135.8344,35.0222],[135.8342,35.0222],[135.8337,35.0222],[135.8334,35.022],[135.8333,35.022],[135.8332,35.0219],[135.833,35.0218],[135.8327,35.0217],[135.8323,35.0217],[135.8321,35.0216],[135.8318,35.0216],[135.8315,35.0216],[135.8311,35.0214],[135.8309,35.0214],[135.8307,35.0214],[135.8306,35.0215],[135.8303,35.0214],[135.83,35.0214],[135.8298,35.0216],[135.8294,35.0216],[135.8292,35.0217],[135.829,35.0218],[135.8287,35.0222],[135.8286,35.0222],[135.828,35.0221],[135.8277,35.0221],[135.8274,35.0221],[135.8273,35.0223],[135.8272,35.0225],[135.827,35.0229],[135.8268,35.0232],[135.8264,35.0236],[135.8264,35.0236],[135.8264,35.0237],[135.8265,35.0239],[135.8267,35.0241],[135.8267,35.0244],[135.8268,35.0247],[135.8267,35.0249],[135.8267,35.025],[135.8266,35.0254],[135.8266,35.0256],[135.8269,35.0257],[135.8273,35.0258],[135.8275,35.0259],[135.8276,35.0262],[135.8276,35.0263],[135.8275,35.0267],[135.8275,35.0269],[135.8276,35.0273],[135.8279,35.0277],[135.8281,35.0282],[135.8281,35.0284],[135.828,35.0288],[135.828,35.0291],[135.8281,35.0294],[135.8281,35.0295],[135.8279,35.0298],[135.8278,35.03],[135.8277,35.0304],[135.8275,35.0307],[135.827,35.0308],[135.8266,35.031],[135.8264,35.0312],[135.8263,35.0312],[135.826,35.0316],[135.8256,35.032],[135.8255,35.0322],[135.8257,35.0329],[135.8257,35.0331],[135.8255,35.0333],[135.8255,35.0335],[135.8253,35.0336],[135.8251,35.0338],[135.825,35.0339],[135.8248,35.034],[135.8248,35.0342],[135.8249,35.0345],[135.8247,35.0347],[135.8247,35.0354],[135.8246,35.0356],[135.8243,35.0358],[135.824,35.0361],[135.8238,35.0361],[135.8234,35.0359],[135.8232,35.0358],[135.823,35.0358],[135.8227,35.036],[135.8223,35.036],[135.8217,35.0361],[135.8215,35.0362],[135.8213,35.0365],[135.8211,35.0367],[135.8209,35.0367],[135.8209,35.0368],[135.8209,35.037],[135.8207,35.0372],[135.8206,35.0373],[135.8196,35.0384],[135.8192,35.0388],[135.8186,35.0393],[135.8181,35.0395],[135.8174,35.0398],[135.8172,35.0399],[135.8168,35.0404],[135.8167,35.0406],[135.8166,35.0407],[135.8164,35.0408],[135.8163,35.0409],[135.816,35.0411],[135.8156,35.0414],[135.8155,35.0417],[135.8155,35.0417],[135.8154,35.042],[135.8154,35.0422],[135.8157,35.0428],[135.8158,35.0431],[135.8162,35.0436],[135.816,35.0439],[135.8158,35.0441],[135.8157,35.0442],[135.8153,35.0444],[135.815,35.0446],[135.8148,35.0448],[135.8148,35.0452],[135.8149,35.0454],[135.8152,35.0458],[135.8154,35.0464],[135.8156,35.0469],[135.8159,35.0474],[135.8166,35.048],[135.8167,35.048],[135.8169,35.0482],[135.8174,35.0482],[135.8182,35.0487],[135.8184,35.0489],[135.8189,35.0492],[135.8191,35.0492],[135.8194,35.0492],[135.8203,35.0493],[135.8211,35.0494],[135.8214,35.0496],[135.8214,35.0496],[135.8216,35.0498],[135.8216,35.0499],[135.8216,35.05],[135.8219,35.0506],[135.8219,35.0508],[135.822,35.0509],[135.8229,35.0509],[135.8231,35.051],[135.824,35.0515],[135.8243,35.052],[135.8247,35.0522],[135.825,35.0523],[135.8251,35.0523],[135.8253,35.0524],[135.8256,35.0532],[135.8258,35.0534],[135.8264,35.0536],[135.8267,35.0538],[135.827,35.0539],[135.8275,35.0537],[135.8279,35.0537],[135.8281,35.0534],[135.8289,35.0532],[135.8294,35.0531],[135.8297,35.0531],[135.8305,35.053],[135.8308,35.0529],[135.8311,35.0526],[135.8316,35.0526],[135.8319,35.0527],[135.8325,35.0528],[135.8328,35.0528],[135.8331,35.0529],[135.8333,35.053],[135.8333,35.0532],[135.8334,35.0532],[135.8334,35.0535],[135.8334,35.0536],[135.8333,35.0538],[135.8333,35.0538],[135.8333,35.0539],[135.8333,35.0539],[135.8334,35.0542],[135.8339,35.0547],[135.8342,35.055],[135.8344,35.0553],[135.8345,35.0554],[135.8349,35.0556],[135.8349,35.0561],[135.8348,35.0565],[135.8348,35.0566],[135.8351,35.057],[135.8352,35.0578],[135.8354,35.058],[135.8354,35.0581],[135.8355,35.0583],[135.8356,35.0586],[135.8359,35.059],[135.836,35.0592],[135.836,35.0594],[135.836,35.0599],[135.8359,35.0604],[135.8359,35.0606],[135.8358,35.0614],[135.8357,35.0618],[135.8358,35.0622],[135.8358,35.0623],[135.8358,35.0624],[135.8356,35.0629],[135.8353,35.0638],[135.8348,35.0648],[135.8347,35.065],[135.8343,35.0661],[135.8343,35.0662],[135.8343,35.0667],[135.8343,35.0667],[135.8343,35.0668],[135.8345,35.0674],[135.8344,35.0678],[135.834,35.0684],[135.8335,35.0692],[135.8333,35.0694],[135.833,35.0698],[135.8328,35.0699],[135.8327,35.0705],[135.8327,35.0707],[135.8326,35.0709],[135.8321,35.071],[135.8319,35.0713],[135.8319,35.0715],[135.8322,35.0721],[135.8324,35.0724],[135.8326,35.0728],[135.8329,35.0732],[135.8332,35.0734],[135.8333,35.0736],[135.8335,35.0738],[135.8337,35.0743],[135.8339,35.0745],[135.834,35.0747],[135.8341,35.075],[135.8341,35.075],[135.8342,35.0759],[135.8342,35.0761],[135.8344,35.0762],[135.8346,35.0763],[135.835,35.0767],[135.8351,35.077],[135.8352,35.0771],[135.8357,35.0774],[135.8361,35.0775],[135.8363,35.0775],[135.8365,35.0777],[135.8366,35.078],[135.8365,35.0783],[135.8365,35.0785],[135.8366,35.0789],[135.8368,35.0791],[135.8371,35.0791],[135.8374,35.079],[135.8379,35.0789],[135.8382,35.0789],[135.8383,35.0791],[135.8383,35.0793],[135.8382,35.0797],[135.8381,35.08],[135.8382,35.0805],[135.8382,35.0808],[135.8383,35.0811],[135.8383,35.0811],[135.8383,35.0814],[135.8383,35.0816],[135.8384,35.0819],[135.8383,35.0823],[135.8384,35.0828],[135.8386,35.0833],[135.8389,35.0839],[135.839,35.0843],[135.8392,35.085],[135.8394,35.0853],[135.8398,35.0857],[135.8399,35.0859],[135.8398,35.0861],[135.8396,35.0866],[135.8395,35.087],[135.8394,35.0872],[135.8391,35.0876],[135.839,35.0879],[135.8389,35.0881],[135.8387,35.0883],[135.8385,35.0885],[135.8384,35.0887],[135.838,35.0889],[135.8377,35.0894],[135.8375,35.0897],[135.8371,35.09],[135.8369,35.0902],[135.8367,35.0902],[135.8365,35.0905],[135.8365,35.0905],[135.8359,35.0907],[135.8356,35.0908],[135.8353,35.0909],[135.8351,35.0912],[135.835,35.0913],[135.8352,35.0916],[135.8353,35.0917],[135.8355,35.0918],[135.8357,35.0921],[135.8359,35.0923],[135.8362,35.0925],[135.8364,35.0925],[135.8367,35.0929],[135.837,35.0934],[135.837,35.0935],[135.8372,35.0938],[135.8374,35.0943],[135.8375,35.0945],[135.8376,35.0949],[135.8375,35.0953],[135.8374,35.0956],[135.8373,35.0959],[135.8375,35.0962],[135.8377,35.0966],[135.8378,35.0969],[135.8378,35.0973],[135.8379,35.0974],[135.8381,35.0976],[135.8382,35.0977],[135.8386,35.0981],[135.8387,35.0982],[135.8387,35.0985],[135.8388,35.0988],[135.8388,35.099],[135.8391,35.0993],[135.8392,35.0996],[135.8393,35.0998],[135.8394,35.0999],[135.8395,35.1],[135.8398,35.1003],[135.8401,35.1004],[135.8404,35.1005],[135.8409,35.1005],[135.841,35.1006],[135.8412,35.1007],[135.8413,35.1007],[135.8413,35.1008],[135.8413,35.101],[135.8414,35.1012],[135.8415,35.1013],[135.8417,35.1014],[135.8417,35.1015],[135.842,35.1016],[135.8424,35.1018],[135.8426,35.102],[135.8427,35.1021],[135.8428,35.1023],[135.8429,35.1025],[135.8429,35.1029],[135.843,35.1032],[135.8431,35.1035],[135.843,35.1038],[135.8433,35.1041],[135.8434,35.1043],[135.8434,35.1044],[135.8435,35.1046],[135.8434,35.1049],[135.8433,35.1051],[135.8431,35.1053],[135.843,35.1055],[135.8429,35.1057],[135.8429,35.1058],[135.843,35.1061],[135.8431,35.1062],[135.8432,35.1065],[135.8432,35.1066],[135.8433,35.1068],[135.8435,35.1068],[135.8436,35.1069],[135.8436,35.1071],[135.8436,35.1075],[135.8437,35.1077],[135.8437,35.1079],[135.8436,35.1082],[135.8436,35.1083],[135.8435,35.1085],[135.8434,35.1089],[135.8433,35.109],[135.8433,35.1093],[135.8432,35.1096],[135.8433,35.1099],[135.8434,35.1101],[135.8436,35.1105],[135.8437,35.1107],[135.8442,35.1115],[135.8444,35.1116],[135.8444,35.1116],[135.8449,35.1116],[135.845,35.1116],[135.845,35.1117],[135.8451,35.1117],[135.8451,35.1118],[135.8451,35.1119],[135.8447,35.1124],[135.8445,35.1128],[135.8444,35.1133],[135.8444,35.1133],[135.8444,35.1135],[135.8444,35.1136],[135.8445,35.1138],[135.8446,35.1141],[135.8449,35.1143],[135.845,35.1143],[135.845,35.1143],[135.8457,35.114],[135.8459,35.1139],[135.8464,35.1139],[135.8467,35.1139],[135.847,35.1139],[135.8472,35.114],[135.8473,35.1142],[135.8474,35.1143],[135.8474,35.1144],[135.8474,35.1145],[135.8474,35.1146],[135.8474,35.1149],[135.8477,35.1155],[135.8477,35.1157],[135.8476,35.1159],[135.8477,35.1164],[135.8478,35.1167],[135.8478,35.1167],[135.8477,35.117],[135.8477,35.1173],[135.8478,35.1175],[135.8479,35.1176],[135.848,35.1179],[135.848,35.1182],[135.848,35.1185],[135.848,35.1187],[135.8481,35.1189],[135.8482,35.1189],[135.8484,35.119],[135.8486,35.1192],[135.8488,35.1194],[135.8489,35.1198],[135.849,35.12],[135.8492,35.1202],[135.8496,35.1204],[135.8498,35.1205],[135.8499,35.1206],[135.8499,35.1206],[135.8496,35.121],[135.8496,35.1213],[135.8495,35.1216],[135.8495,35.122],[135.8496,35.1223],[135.8497,35.1227],[135.8498,35.1227],[135.8499,35.1229],[135.85,35.123],[135.85,35.1231],[135.8502,35.1233],[135.8502,35.1234],[135.8502,35.1234],[135.8501,35.1237],[135.8501,35.1238],[135.85,35.1239],[135.85,35.1239],[135.8497,35.1241],[135.8496,35.1242],[135.8494,35.1245],[135.8493,35.1248],[135.8494,35.125],[135.8494,35.125],[135.8495,35.1252],[135.8494,35.1258],[135.8496,35.1262],[135.8496,35.1267],[135.8496,35.1269],[135.8496,35.127],[135.8498,35.1271],[135.8498,35.1272],[135.85,35.1273],[135.8503,35.1276],[135.8507,35.128],[135.851,35.1284],[135.851,35.1285],[135.851,35.1287],[135.8508,35.1291],[135.8507,35.1293],[135.8507,35.1295],[135.8508,35.1297],[135.851,35.1301],[135.8511,35.1303],[135.8512,35.1307],[135.8512,35.1308],[135.8512,35.1308],[135.8513,35.1309],[135.8516,35.131],[135.8518,35.1312],[135.8519,35.1313],[135.8519,35.1315],[135.852,35.1317],[135.8521,35.132],[135.8521,35.1325],[135.8521,35.1329],[135.8522,35.1332],[135.8522,35.1333],[135.8523,35.1337],[135.8523,35.1343],[135.8522,35.1344],[135.8517,35.1347],[135.8517,35.1347],[135.851,35.1349],[135.8504,35.1352],[135.8502,35.1352],[135.8501,35.1353],[135.8501,35.1355],[135.85,35.1359],[135.85,35.136],[135.85,35.1363],[135.85,35.1366],[135.8498,35.1368],[135.8498,35.1369],[135.85,35.1372],[135.8501,35.1373],[135.8504,35.1377],[135.8506,35.1381],[135.8506,35.1382],[135.8506,35.1382],[135.8506,35.1383],[135.85,35.1384],[135.85,35.1384],[135.8497,35.1386],[135.8495,35.1388],[135.8495,35.139],[135.8496,35.1393],[135.8496,35.1396],[135.8497,35.1401],[135.8498,35.1404],[135.8497,35.1405],[135.8491,35.1411],[135.8489,35.1414],[135.8488,35.1416],[135.8488,35.1417],[135.8487,35.1419],[135.8488,35.1422],[135.8488,35.1422],[135.8488,35.1423],[135.8491,35.1426],[135.8495,35.1429],[135.85,35.1432],[135.85,35.1433],[135.8502,35.1435],[135.8503,35.1437],[135.8504,35.1439],[135.8504,35.1441],[135.8505,35.1442],[135.8506,35.1445],[135.851,35.145],[135.8513,35.1451],[135.8519,35.1454],[135.852,35.1455],[135.8524,35.1458],[135.8526,35.146],[135.8526,35.1462],[135.8526,35.1464],[135.8524,35.1469],[135.8523,35.1471],[135.8523,35.1472],[135.8526,35.1476],[135.8528,35.1477],[135.8529,35.1479],[135.8529,35.1481],[135.8527,35.1486],[135.8527,35.1487],[135.8528,35.1489],[135.8529,35.1491],[135.853,35.1494],[135.8531,35.1495],[135.8532,35.1496],[135.8535,35.1497],[135.8535,35.1497],[135.8536,35.1498],[135.8536,35.1498],[135.8536,35.1499],[135.8536,35.15],[135.8536,35.15],[135.8535,35.1502],[135.8534,35.1506],[135.8536,35.1511],[135.8537,35.1514],[135.8538,35.1518],[135.8539,35.1519],[135.8542,35.1523],[135.8544,35.1526],[135.8546,35.1527],[135.8548,35.1528],[135.8553,35.153],[135.8553,35.153],[135.8554,35.1531],[135.8562,35.1535],[135.8565,35.1535],[135.8567,35.1536],[135.8568,35.1536],[135.8565,35.1545],[135.8564,35.1549],[135.8564,35.1551],[135.8564,35.1556],[135.8565,35.1558],[135.8567,35.1563],[135.8569,35.1568],[135.8569,35.157],[135.8568,35.1571],[135.8567,35.1573],[135.8563,35.1576],[135.8563,35.1579],[135.8561,35.1583],[135.8561,35.1583],[135.8561,35.1585],[135.8561,35.1591],[135.8562,35.1594],[135.8561,35.1596],[135.8558,35.1597],[135.8547,35.16],[135.8545,35.16],[135.8545,35.16],[135.8533,35.1602],[135.853,35.1602],[135.8519,35.1603],[135.8508,35.1603],[135.8506,35.1603],[135.8503,35.1603],[135.85,35.1605],[135.8498,35.1606],[135.8497,35.1607],[135.8493,35.1609],[135.8489,35.1611],[135.8484,35.1613],[135.8477,35.1618],[135.847,35.1623],[135.8468,35.1624],[135.8466,35.1626],[135.8466,35.1628],[135.8467,35.1631],[135.8466,35.1636],[135.8466,35.164],[135.8465,35.1642],[135.8463,35.1644],[135.846,35.1646],[135.8456,35.165],[135.8454,35.1654],[135.8453,35.1655],[135.8453,35.1657],[135.8453,35.1658],[135.8455,35.1662],[135.8457,35.1667],[135.8457,35.1667],[135.8458,35.1669],[135.8457,35.167],[135.8456,35.1671],[135.8452,35.1674],[135.845,35.1677],[135.8448,35.168],[135.8447,35.1682],[135.8445,35.1684],[135.8443,35.1686],[135.8442,35.1688],[135.8441,35.1689],[135.8441,35.169],[135.8441,35.1691],[135.8442,35.1694],[135.8442,35.1695],[135.8442,35.1699],[135.8441,35.1699],[135.844,35.1701],[135.8439,35.1703],[135.8438,35.1705],[135.8438,35.1707],[135.8438,35.1709],[135.844,35.1717],[135.844,35.1719],[135.844,35.172],[135.8438,35.1723],[135.8435,35.1727],[135.8429,35.1733],[135.8425,35.1735],[135.8424,35.1736],[135.8424,35.1738],[135.8424,35.1739],[135.8424,35.1743],[135.8425,35.1749],[135.8426,35.175],[135.8426,35.1751],[135.8428,35.1754],[135.8431,35.1761],[135.8432,35.1766],[135.8432,35.1766],[135.8431,35.1767],[135.843,35.1771],[135.8427,35.1775],[135.8427,35.1777],[135.8427,35.1778],[135.8427,35.178],[135.8429,35.1781],[135.8431,35.1783],[135.8433,35.1786],[135.8433,35.1787],[135.8433,35.1788],[135.8431,35.1789],[135.8426,35.1791],[135.8418,35.1793],[135.8417,35.1793],[135.8414,35.1794],[135.8411,35.1796],[135.8409,35.1797],[135.8406,35.1801],[135.8406,35.1802],[135.8406,35.1806],[135.8406,35.1809],[135.8406,35.1812],[135.8405,35.1813],[135.8403,35.1817],[135.8402,35.1819],[135.8402,35.1821],[135.8402,35.1822],[135.8406,35.183],[135.8408,35.1833],[135.8408,35.1834],[135.841,35.184],[135.841,35.1842],[135.841,35.1845],[135.841,35.1849],[135.8408,35.1854],[135.8408,35.1855],[135.8408,35.1857],[135.8408,35.1859],[135.8409,35.1862],[135.841,35.1866],[135.8412,35.1869],[135.8414,35.1871],[135.8417,35.1873],[135.8418,35.1873],[135.8423,35.1876],[135.8423,35.1877],[135.8423,35.1877],[135.8423,35.1878],[135.8423,35.1878],[135.8422,35.188],[135.8421,35.1887],[135.842,35.1893],[135.8419,35.1898],[135.8418,35.1901],[135.8417,35.1903],[135.8417,35.1904],[135.8415,35.1905],[135.8411,35.1907],[135.8405,35.191],[135.8402,35.1911],[135.84,35.1913],[135.8398,35.1914],[135.8397,35.1917],[135.8396,35.192],[135.8394,35.1926],[135.8392,35.193],[135.839,35.1933],[135.8389,35.1935],[135.8388,35.194],[135.8388,35.1941],[135.8386,35.1943],[135.8381,35.1949],[135.838,35.1954],[135.8378,35.1956],[135.8377,35.1957],[135.8374,35.196],[135.8373,35.1963],[135.8373,35.1965],[135.8373,35.1967],[135.8373,35.1968],[135.8372,35.197],[135.8371,35.1972],[135.8371,35.1974],[135.8372,35.198],[135.8371,35.1983],[135.837,35.1988],[135.8369,35.199],[135.8369,35.1991],[135.837,35.1995],[135.837,35.1996],[135.837,35.1998],[135.8369,35.1999],[135.8367,35.2],[135.8365,35.2001],[135.8362,35.2003],[135.836,35.2005],[135.8357,35.2009],[135.8356,35.2011],[135.8356,35.2013],[135.8355,35.2018],[135.8354,35.2019],[135.8352,35.2022],[135.8352,35.2023],[135.8353,35.2024],[135.8356,35.2027],[135.8359,35.2032],[135.836,35.2033],[135.836,35.2034],[135.8359,35.2037],[135.8359,35.2038],[135.8356,35.2043],[135.8355,35.2047],[135.8354,35.2053],[135.8354,35.2054],[135.8356,35.2061],[135.8356,35.2063],[135.8356,35.2065],[135.8355,35.2067],[135.835,35.2073],[135.8345,35.208],[135.8345,35.2081],[135.8343,35.2083],[135.834,35.2087],[135.8337,35.2089],[135.8336,35.209],[135.8333,35.2092],[135.833,35.2093],[135.8327,35.2095],[135.832,35.21],[135.8317,35.2102],[135.8313,35.2103],[135.8311,35.2104],[135.831,35.2105],[135.831,35.2106],[135.8313,35.2111],[135.8313,35.2112],[135.8317,35.212],[135.8318,35.2124],[135.832,35.213],[135.8321,35.2132],[135.8325,35.2139],[135.8326,35.2141],[135.8325,35.2142],[135.8325,35.2143],[135.8314,35.2147],[135.8308,35.2149],[135.8306,35.215],[135.8305,35.2151],[135.8304,35.2152],[135.8303,35.2153],[135.83,35.2158],[135.8298,35.2161],[135.8298,35.2164],[135.8298,35.2166],[135.8298,35.2167],[135.8299,35.217],[135.8299,35.2172],[135.83,35.2173],[135.8301,35.2175],[135.8305,35.2178],[135.8307,35.218],[135.8307,35.2182],[135.8307,35.2184],[135.8307,35.2185],[135.8307,35.2186],[135.8305,35.219],[135.8302,35.2193],[135.8298,35.2197],[135.8296,35.2198],[135.8294,35.22],[135.8293,35.2202],[135.8293,35.2203],[135.8293,35.2205],[135.8295,35.2208],[135.8298,35.2211],[135.8298,35.2212],[135.8298,35.2216],[135.8299,35.2217],[135.8302,35.2221],[135.8307,35.2227],[135.8308,35.2227],[135.8309,35.2228],[135.8312,35.2227],[135.8314,35.2226],[135.8317,35.2226],[135.8319,35.2227],[135.8322,35.2229],[135.8324,35.2231],[135.8326,35.2235],[135.8327,35.2235],[135.833,35.2237],[135.8333,35.2237],[135.834,35.2239],[135.8345,35.224],[135.8346,35.224],[135.8348,35.2241],[135.8349,35.2242],[135.8355,35.2246],[135.836,35.225],[135.8365,35.2253],[135.8372,35.2258],[135.8374,35.226],[135.8376,35.226],[135.838,35.2261],[135.8381,35.2261],[135.838,35.2263],[135.8377,35.2269],[135.8376,35.2271],[135.8376,35.2273],[135.8377,35.2279],[135.8376,35.2284],[135.8377,35.2287],[135.8377,35.2289],[135.8376,35.2297],[135.8376,35.2302],[135.8375,35.2304],[135.8373,35.2305],[135.8373,35.2307],[135.8372,35.231],[135.8371,35.2313],[135.837,35.2315],[135.837,35.2317],[135.837,35.2317],[135.837,35.2317],[135.8371,35.232],[135.8371,35.2321],[135.8371,35.2325],[135.8371,35.2328],[135.8372,35.233],[135.8373,35.2333],[135.8374,35.2335],[135.8375,35.2337],[135.8375,35.2339],[135.8373,35.2342],[135.8373,35.2343],[135.8374,35.2344],[135.8376,35.2347],[135.8379,35.2351],[135.8379,35.2353],[135.8379,35.2355],[135.8379,35.2362],[135.8378,35.2368],[135.8377,35.2372],[135.8376,35.2374],[135.8375,35.2375],[135.8372,35.2381],[135.8369,35.2385],[135.8367,35.239],[135.8366,35.2391],[135.8361,35.2392],[135.8356,35.2394],[135.8353,35.2395],[135.8353,35.2396],[135.8352,35.2396],[135.8351,35.2398],[135.8351,35.2402],[135.835,35.2403],[135.8347,35.2405],[135.8346,35.2408],[135.8345,35.241],[135.8345,35.2411],[135.8346,35.2412],[135.8348,35.2413],[135.8353,35.2412],[135.8363,35.2411],[135.8366,35.2412],[135.8367,35.2412],[135.8371,35.2414],[135.8373,35.2417],[135.8375,35.2419],[135.8376,35.2421],[135.8379,35.2423],[135.8384,35.2426],[135.8385,35.2428],[135.8386,35.2429],[135.8388,35.2431],[135.8389,35.2433],[135.839,35.2434],[135.8392,35.2435],[135.8397,35.2437],[135.8398,35.2437],[135.8399,35.2439],[135.8399,35.2443],[135.8399,35.2447],[135.8398,35.2448],[135.8397,35.2451],[135.8397,35.2452],[135.8397,35.2454],[135.8397,35.2458],[135.8398,35.2463],[135.84,35.2474],[135.8402,35.2479],[135.8402,35.2481],[135.8403,35.2481],[135.8406,35.2482],[135.8406,35.2483],[135.8407,35.2486],[135.8407,35.2487],[135.8408,35.2487],[135.8412,35.2489],[135.8417,35.2491],[135.8419,35.2491],[135.842,35.2492],[135.8423,35.2493],[135.8426,35.2495],[135.8427,35.2495],[135.8428,35.2496],[135.8428,35.2499],[135.8428,35.25],[135.8428,35.2501],[135.8429,35.2502],[135.8432,35.2506],[135.8435,35.251],[135.844,35.2515],[135.844,35.2517],[135.844,35.2517],[135.8435,35.2521],[135.843,35.2526],[135.8429,35.2526],[135.8426,35.2528],[135.8425,35.253],[135.8424,35.2532],[135.8424,35.2534],[135.8424,35.2535],[135.8425,35.2539],[135.8429,35.2542],[135.8431,35.2545],[135.8431,35.2549],[135.8432,35.2551],[135.8433,35.2553],[135.8435,35.2555],[135.8442,35.2558],[135.8446,35.256],[135.845,35.2563],[135.8452,35.2567],[135.8455,35.2569],[135.8458,35.2569],[135.846,35.257],[135.8461,35.2571],[135.846,35.2574],[135.846,35.2574],[135.846,35.2575],[135.8461,35.258],[135.846,35.2583],[135.846,35.2584],[135.8457,35.2592],[135.8453,35.2602],[135.845,35.2606],[135.8448,35.261],[135.8448,35.261],[135.8447,35.2613],[135.8446,35.2616],[135.8447,35.262],[135.8449,35.2623],[135.8452,35.2626],[135.8457,35.263],[135.846,35.2634],[135.8461,35.2636],[135.8463,35.2641],[135.8464,35.2646],[135.8466,35.2651],[135.8468,35.2654],[135.847,35.2656],[135.847,35.2656],[135.8471,35.2659],[135.8473,35.2662],[135.8475,35.2667],[135.8475,35.2667],[135.8479,35.2669],[135.8485,35.2673],[135.8488,35.2675],[135.8493,35.2677],[135.8496,35.2677],[135.8499,35.2678],[135.85,35.2679],[135.8503,35.2681],[135.8507,35.2684],[135.8518,35.2686],[135.8522,35.2688],[135.8525,35.269],[135.8527,35.2692],[135.8529,35.2696],[135.8533,35.2703],[135.8537,35.2706],[135.8541,35.2709],[135.8544,35.271],[135.8548,35.2713],[135.8548,35.2713],[135.8549,35.2714],[135.855,35.2715],[135.855,35.2717],[135.8551,35.2722],[135.8549,35.2731],[135.8547,35.2741],[135.8546,35.275],[135.8546,35.275],[135.8545,35.2753],[135.8546,35.2756],[135.8549,35.2759],[135.8551,35.2761],[135.8556,35.2766],[135.8566,35.2772],[135.8572,35.2775],[135.8576,35.2777],[135.8583,35.2782],[135.8584,35.2782],[135.8585,35.2784],[135.8585,35.2792],[135.8585,35.2797],[135.8586,35.2801],[135.8586,35.2807],[135.8586,35.281],[135.8586,35.2811],[135.8586,35.2812],[135.8588,35.2816],[135.8592,35.282],[135.8598,35.2824],[135.8608,35.283],[135.8604,35.2831],[135.8602,35.2833],[135.8602,35.2833],[135.8601,35.2835],[135.86,35.2842],[135.8598,35.2853],[135.8597,35.2856],[135.8595,35.286],[135.8591,35.2863],[135.8587,35.2868],[135.8586,35.287],[135.8585,35.2871],[135.8584,35.2876],[135.8584,35.2881],[135.8584,35.2892],[135.8583,35.2892],[135.8579,35.2892],[135.8571,35.289],[135.8564,35.2888],[135.8551,35.2883],[135.8547,35.2882],[135.8543,35.2877],[135.854,35.2873],[135.8537,35.2869],[135.8535,35.2867],[135.8523,35.2863],[135.8518,35.2861],[135.8517,35.286],[135.8517,35.2859],[135.8516,35.2855],[135.8514,35.2849],[135.8512,35.2839],[135.8511,35.2836],[135.851,35.2834],[135.8509,35.2833],[135.8506,35.2832],[135.8503,35.2826],[135.85,35.2815],[135.8498,35.2808],[135.8496,35.2803],[135.8494,35.2799],[135.8492,35.2797],[135.8491,35.2796],[135.8489,35.2795],[135.8484,35.2794],[135.8479,35.2791],[135.8466,35.2792],[135.8465,35.2792],[135.8465,35.2791],[135.8465,35.2791],[135.8464,35.279],[135.8463,35.2788],[135.8461,35.2787],[135.845,35.2784],[135.8442,35.2782],[135.843,35.2782],[135.842,35.2782],[135.8418,35.2781],[135.8417,35.2781],[135.841,35.2778],[135.8408,35.2777],[135.8405,35.2775],[135.8404,35.2773],[135.8403,35.2771],[135.8403,35.2765],[135.8404,35.2759],[135.8403,35.2757],[135.8401,35.2756],[135.8397,35.2755],[135.8393,35.2755],[135.8389,35.2757],[135.8385,35.2757],[135.8385,35.2757],[135.8382,35.2755],[135.8381,35.2752],[135.838,35.275],[135.838,35.2746],[135.8376,35.2747],[135.8372,35.2747],[135.8367,35.2746],[135.8355,35.2742],[135.835,35.2741],[135.8346,35.2741],[135.8344,35.2741],[135.834,35.2743],[135.8335,35.2747],[135.8333,35.2748],[135.8332,35.2749],[135.8331,35.275],[135.8326,35.2753],[135.8323,35.2755],[135.8318,35.2759],[135.8314,35.2762],[135.831,35.2764],[135.8307,35.2765],[135.8302,35.2766],[135.8298,35.2766],[135.8297,35.2767],[135.8296,35.2767],[135.8291,35.2774],[135.8286,35.278],[135.8285,35.2781],[135.8285,35.2783],[135.8283,35.2787],[135.8282,35.2789],[135.8279,35.2791],[135.8277,35.2794],[135.8274,35.2799],[135.8272,35.2803],[135.827,35.2805],[135.8263,35.2811],[135.8253,35.2817],[135.8252,35.2819],[135.8252,35.282],[135.8253,35.2823],[135.8255,35.2827],[135.8255,35.2833],[135.8255,35.2835],[135.8253,35.2844],[135.8252,35.2848],[135.8251,35.2849],[135.825,35.285],[135.8249,35.2851],[135.8245,35.2853],[135.8244,35.2853],[135.8243,35.2854],[135.8243,35.2855],[135.8242,35.2857],[135.8242,35.2858],[135.8238,35.2862],[135.8238,35.2862],[135.8236,35.2866],[135.8235,35.2867],[135.8229,35.2875],[135.8225,35.2878],[135.8224,35.288],[135.8223,35.2883],[135.8221,35.2886],[135.8219,35.2889],[135.8213,35.2893],[135.8209,35.2896],[135.8205,35.2901],[135.8203,35.2905],[135.8201,35.2908],[135.8201,35.2909],[135.8201,35.2911],[135.8201,35.2912],[135.8202,35.2913],[135.8204,35.2916],[135.8204,35.2916],[135.8204,35.2917],[135.8203,35.2919],[135.8203,35.2921],[135.8202,35.2923],[135.8202,35.2925],[135.8204,35.293],[135.8206,35.2934],[135.8206,35.2936],[135.8206,35.2938],[135.8205,35.2943],[135.8205,35.2944],[135.8207,35.2945],[135.8213,35.2947],[135.8214,35.295],[135.8213,35.296],[135.8214,35.2968],[135.8214,35.2971],[135.8212,35.2973],[135.8208,35.2976],[135.8201,35.2983],[135.8199,35.2986],[135.8198,35.2991],[135.8197,35.2993],[135.8191,35.2996],[135.819,35.2997],[135.8188,35.2997],[135.8184,35.2998],[135.8177,35.2998],[135.817,35.2999],[135.8167,35.3],[135.8166,35.3],[135.8165,35.3],[135.8164,35.3],[135.8162,35.3002],[135.8158,35.3005],[135.8154,35.3008],[135.8151,35.301],[135.815,35.3011],[135.815,35.3013],[135.815,35.3015],[135.8151,35.3016],[135.8155,35.3018],[135.8156,35.3022],[135.8157,35.3023],[135.8156,35.3026],[135.8157,35.3028],[135.8158,35.3031],[135.8157,35.3032],[135.8156,35.3035],[135.8154,35.3041],[135.8151,35.3055],[135.8149,35.306],[135.8146,35.3068],[135.8145,35.307],[135.8144,35.3071],[135.8138,35.3073],[135.8135,35.3073],[135.8129,35.3075],[135.8114,35.3081],[135.8108,35.3082],[135.8107,35.3083],[135.8107,35.3083],[135.8105,35.3085],[135.8102,35.3092],[135.8102,35.3093],[135.8103,35.3094],[135.8109,35.3097],[135.8111,35.3099],[135.8113,35.3101],[135.8114,35.3105],[135.8114,35.311],[135.8114,35.3119],[135.8113,35.3123],[135.8112,35.3124],[135.8112,35.3126],[135.8112,35.3131],[135.8112,35.3135],[135.8112,35.3138],[135.811,35.314],[135.8108,35.3141],[135.8106,35.3142],[135.8106,35.3143],[135.8105,35.3143],[135.8104,35.3149],[135.8103,35.315],[135.8102,35.3151],[135.8092,35.3153],[135.8092,35.3153],[135.8094,35.3158],[135.8094,35.3161],[135.8093,35.3164],[135.8091,35.3167],[135.809,35.3167],[135.8088,35.3169],[135.8085,35.3169],[135.8083,35.317],[135.8073,35.3171],[135.807,35.3171],[135.8061,35.3169],[135.8059,35.3168],[135.8048,35.3171],[135.8048,35.3171],[135.8036,35.3173],[135.8034,35.3173],[135.8032,35.3175],[135.8027,35.3178],[135.8019,35.3181],[135.8013,35.3186],[135.801,35.3187],[135.8001,35.319],[135.8,35.3191],[135.7989,35.3194],[135.7983,35.3197],[135.7979,35.3199],[135.7974,35.3204],[135.7971,35.3206],[135.7952,35.3212],[135.7951,35.3214],[135.7951,35.3215],[135.7952,35.3217],[135.7951,35.3218],[135.7949,35.3221],[135.7931,35.3228],[135.793,35.3228],[135.7927,35.323],[135.7921,35.323],[135.7917,35.3231],[135.7917,35.3231],[135.7915,35.3232],[135.7911,35.3235],[135.7909,35.3238],[135.7908,35.3239],[135.7909,35.3244],[135.7908,35.325],[135.7908,35.3252],[135.7907,35.3256],[135.7904,35.3263],[135.7903,35.3265],[135.7904,35.3267],[135.7904,35.327],[135.7904,35.3273],[135.7902,35.3275],[135.7901,35.328],[135.79,35.3282],[135.7899,35.3283],[135.7896,35.3285],[135.7888,35.3287],[135.7876,35.3293],[135.7876,35.3293],[135.7871,35.3298],[135.7867,35.3301],[135.7865,35.3303],[135.7861,35.3304],[135.7859,35.3305],[135.7857,35.3307],[135.7857,35.3308],[135.7858,35.3311],[135.7859,35.3313],[135.7859,35.3315],[135.7858,35.3316],[135.7856,35.3318],[135.7851,35.332],[135.7848,35.3322],[135.7847,35.3324],[135.7847,35.3327],[135.7843,35.3333],[135.7842,35.3334],[135.7841,35.334],[135.784,35.3344],[135.7837,35.3349],[135.7833,35.3352],[135.7833,35.3352],[135.7833,35.3353],[135.7823,35.3363],[135.7822,35.3365],[135.7823,35.3369],[135.7825,35.3378],[135.7826,35.3381],[135.7825,35.3384],[135.7823,35.3389],[135.7819,35.3395],[135.7815,35.3399],[135.7814,35.34],[135.7808,35.3406],[135.7807,35.3406],[135.7802,35.3403],[135.7795,35.34],[135.7792,35.3399],[135.7791,35.3399],[135.7789,35.34],[135.7787,35.3401],[135.7786,35.3402],[135.7783,35.3408],[135.7782,35.3409],[135.7781,35.3409],[135.7779,35.3411],[135.7766,35.3417],[135.7766,35.3417],[135.7764,35.3417],[135.7762,35.3418],[135.7759,35.342],[135.775,35.3425],[135.775,35.3425],[135.7749,35.3425],[135.7743,35.3428],[135.7741,35.3429],[135.7739,35.3429],[135.7728,35.3429],[135.7725,35.3429],[135.7724,35.3429],[135.772,35.3432],[135.7715,35.3434],[135.7711,35.3435],[135.7708,35.3435],[135.7706,35.3435],[135.7701,35.3433],[135.7699,35.3433],[135.7697,35.3434],[135.7697,35.3434],[135.7696,35.3435],[135.7692,35.3438],[135.769,35.3439],[135.7688,35.3439],[135.7686,35.3439],[135.7677,35.3439],[135.7676,35.3439],[135.7668,35.344],[135.7667,35.344],[135.7667,35.344],[135.7664,35.3441],[135.7662,35.3441],[135.7654,35.3441],[135.765,35.3441],[135.7648,35.3442],[135.7645,35.3443],[135.7642,35.3444],[135.7641,35.3446],[135.7639,35.3449],[135.7637,35.3452],[135.7637,35.3454],[135.7638,35.3456],[135.764,35.3463],[135.764,35.3463],[135.7642,35.3466],[135.7644,35.3469],[135.7644,35.347],[135.7653,35.3478],[135.7656,35.3481],[135.7661,35.3483],[135.7662,35.3485],[135.7663,35.3486],[135.7663,35.3487],[135.7663,35.3488],[135.766,35.3494],[135.7659,35.3496],[135.7659,35.3499],[135.766,35.35],[135.766,35.35],[135.766,35.3501],[135.7661,35.3502],[135.7662,35.3503],[135.7664,35.3504],[135.7667,35.3505],[135.7667,35.3505],[135.7667,35.3505],[135.767,35.3507],[135.7672,35.3507],[135.7673,35.3509],[135.7674,35.351],[135.7676,35.3518],[135.7676,35.3521],[135.7676,35.3529],[135.7676,35.353],[135.7677,35.3531],[135.7678,35.3532],[135.7679,35.3532],[135.7689,35.3534],[135.7691,35.3534],[135.7692,35.3535],[135.7694,35.3537],[135.7696,35.3539],[135.7697,35.3543],[135.7697,35.3543],[135.7698,35.3545],[135.7698,35.3547],[135.7697,35.3549],[135.7696,35.3552],[135.7695,35.3554],[135.7692,35.3557],[135.7688,35.356],[135.7691,35.3569],[135.7695,35.3579],[135.7696,35.3583],[135.7696,35.3583],[135.7697,35.3586],[135.7699,35.3596],[135.7699,35.3598],[135.7701,35.36],[135.7715,35.3611],[135.7718,35.3614],[135.7719,35.3615],[135.772,35.3617],[135.7721,35.3619],[135.7722,35.3621],[135.7722,35.3622],[135.7725,35.3624],[135.7732,35.3628],[135.7735,35.3631],[135.7737,35.3634],[135.7738,35.3635],[135.7739,35.3636],[135.7739,35.3637],[135.7738,35.3641],[135.7739,35.3643],[135.774,35.3645],[135.7741,35.3647],[135.7743,35.365],[135.7745,35.3652],[135.7747,35.3653],[135.7749,35.3653],[135.775,35.3653],[135.775,35.3653],[135.7758,35.3653],[135.7769,35.3656],[135.7775,35.3658],[135.7776,35.3658],[135.7777,35.3659],[135.7777,35.3659],[135.7778,35.366],[135.7778,35.3663],[135.7777,35.3666],[135.7778,35.3667],[135.7778,35.3667],[135.7778,35.3668],[135.778,35.3672],[135.7784,35.3679],[135.7787,35.3682],[135.7792,35.3693],[135.7793,35.3696],[135.7793,35.3702],[135.7794,35.3706],[135.7797,35.3714],[135.7798,35.3717],[135.7798,35.3718],[135.7798,35.3719],[135.7795,35.3722],[135.779,35.3727],[135.7789,35.3729],[135.7789,35.3731],[135.7789,35.3732],[135.779,35.3734],[135.7791,35.3735],[135.7805,35.3742],[135.7809,35.3744],[135.782,35.3747],[135.7824,35.375],[135.7824,35.375],[135.7826,35.3751],[135.7829,35.3753],[135.7831,35.3755],[135.7833,35.3759],[135.7833,35.3759],[135.7839,35.3769],[135.7839,35.377],[135.7842,35.3773],[135.7844,35.3774],[135.7845,35.3775],[135.7854,35.3773],[135.7857,35.3774],[135.7861,35.3776],[135.7868,35.3779],[135.7892,35.3783],[135.79,35.3784],[135.7901,35.3784],[135.7903,35.3785],[135.7905,35.3787],[135.7907,35.3788],[135.7909,35.379],[135.7912,35.3796],[135.7914,35.38],[135.7917,35.3804],[135.7917,35.3804],[135.7917,35.3804],[135.792,35.3811],[135.792,35.3813],[135.792,35.3814],[135.792,35.3814],[135.7919,35.3817],[135.7917,35.3822],[135.7917,35.3822],[135.7914,35.3828],[135.7911,35.3833],[135.7911,35.3833],[135.7907,35.384],[135.7906,35.3842],[135.7906,35.3844],[135.7907,35.3847],[135.7907,35.3854],[135.7908,35.3865],[135.7909,35.3866],[135.7917,35.3868],[135.7917,35.3868],[135.7926,35.387],[135.7941,35.3874],[135.7949,35.3874],[135.7952,35.3874],[135.7966,35.387],[135.7978,35.3864],[135.7984,35.3859],[135.7986,35.3857],[135.7991,35.3849],[135.7992,35.3849],[135.7994,35.3849],[135.7995,35.3849],[135.7999,35.3851],[135.8,35.3851],[135.8,35.3851],[135.8002,35.3851],[135.8005,35.3851],[135.8011,35.385],[135.8015,35.385],[135.8023,35.3851],[135.8027,35.3851],[135.8031,35.3851],[135.8036,35.3849],[135.8047,35.3844],[135.8049,35.3844],[135.8052,35.3844],[135.806,35.3846],[135.8068,35.3849],[135.8071,35.385],[135.8074,35.3852],[135.8075,35.3854],[135.8076,35.3855],[135.8077,35.3857],[135.8078,35.3859],[135.8078,35.3865],[135.8079,35.3869],[135.8079,35.387],[135.8081,35.3874],[135.8083,35.3877],[135.8083,35.3877],[135.8086,35.388],[135.8088,35.3882],[135.8088,35.3884],[135.8089,35.3891],[135.8091,35.3894],[135.8093,35.3901],[135.8096,35.3906],[135.81,35.3911],[135.8101,35.3913],[135.8101,35.3915],[135.8101,35.3917],[135.8101,35.3917],[135.8101,35.3917],[135.8101,35.3918],[135.8092,35.3923],[135.8089,35.3926],[135.8083,35.3931],[135.8083,35.3932],[135.8083,35.3932],[135.8083,35.3933],[135.8081,35.3936],[135.808,35.394],[135.808,35.3944],[135.8081,35.3952],[135.8083,35.3959],[135.8083,35.3959],[135.8084,35.396],[135.8084,35.3961],[135.8088,35.397],[135.8094,35.3979],[135.8095,35.3981],[135.8095,35.3983],[135.8095,35.3985],[135.8094,35.3993],[135.8094,35.3995],[135.8094,35.3996],[135.8096,35.3998],[135.8098,35.4],[135.8098,35.4],[135.8099,35.4001],[135.81,35.4002],[135.8101,35.4004],[135.81,35.4009],[135.8101,35.4011],[135.8103,35.4019],[135.8103,35.4024],[135.8104,35.4026],[135.8105,35.403],[135.8106,35.4033],[135.8105,35.4035],[135.8105,35.4039],[135.8104,35.4043],[135.8104,35.4046],[135.8105,35.405],[135.8107,35.4062],[135.8107,35.4066],[135.8106,35.4083],[135.8106,35.4083],[135.8106,35.4085],[135.8106,35.409],[135.8106,35.4091],[135.8107,35.4092],[135.8108,35.4095],[135.8115,35.4107],[135.8121,35.4113],[135.8123,35.4115],[135.8128,35.4124],[135.8131,35.4128],[135.8132,35.413],[135.8133,35.413],[135.8135,35.4132],[135.8137,35.4133],[135.8138,35.4133],[135.8143,35.4131],[135.8147,35.4131],[135.8149,35.4131],[135.8152,35.4132],[135.8155,35.4132],[135.8157,35.4131],[135.8165,35.4127],[135.8167,35.4127],[135.8167,35.4127],[135.8167,35.4127],[135.8172,35.4127],[135.8184,35.4126],[135.819,35.4125],[135.8192,35.4125],[135.82,35.4128],[135.8208,35.413],[135.8211,35.4132],[135.8218,35.4135],[135.8229,35.414],[135.8235,35.4143],[135.8238,35.4144],[135.8245,35.4147],[135.8247,35.4147],[135.8249,35.4147],[135.825,35.4147],[135.825,35.4147],[135.8251,35.4146],[135.8253,35.4145],[135.8255,35.4144],[135.8257,35.4144],[135.8259,35.4144],[135.8265,35.4146],[135.8267,35.4147],[135.827,35.4146],[135.8277,35.4143],[135.8287,35.4138],[135.8292,35.4135],[135.8304,35.4132],[135.8313,35.4127],[135.8318,35.4123],[135.8319,35.4123],[135.832,35.4122],[135.8322,35.4123],[135.8326,35.4125],[135.8327,35.4125],[135.8328,35.4125],[135.833,35.4124],[135.8332,35.4122],[135.8333,35.4122],[135.8333,35.4122],[135.8333,35.4122],[135.8336,35.4121],[135.8339,35.412],[135.8354,35.412],[135.8363,35.412],[135.8366,35.412],[135.8368,35.4121],[135.837,35.4123],[135.8371,35.4125],[135.8373,35.4128],[135.8376,35.4134],[135.8378,35.4137],[135.8381,35.414],[135.8384,35.4142],[135.8386,35.4143],[135.8388,35.4144],[135.8391,35.4144],[135.8393,35.4143],[135.8402,35.4138],[135.8407,35.4134],[135.8412,35.4131],[135.8414,35.4131],[135.8417,35.4131],[135.8417,35.4131],[135.8419,35.413],[135.8422,35.413],[135.8425,35.413],[135.8438,35.4132],[135.844,35.4131],[135.8442,35.4131],[135.8444,35.4129],[135.8448,35.4125],[135.8457,35.4117],[135.846,35.4114],[135.8461,35.4113],[135.8463,35.4113],[135.8467,35.4114],[135.8471,35.4115],[135.8472,35.4115],[135.8474,35.4114],[135.8479,35.4111],[135.8481,35.4111],[135.8485,35.4111],[135.8487,35.411],[135.8497,35.4106],[135.8499,35.4106],[135.85,35.4106],[135.85,35.4106],[135.8504,35.4106],[135.8509,35.4107],[135.8513,35.4106],[135.852,35.4106],[135.852,35.4106],[135.8524,35.4106],[135.8525,35.4106],[135.8526,35.4107],[135.8529,35.4111],[135.8531,35.4115],[135.8532,35.4115],[135.8541,35.4108],[135.8542,35.4107],[135.8554,35.4095],[135.8555,35.4093],[135.8556,35.409],[135.8556,35.4083],[135.8556,35.4083],[135.8555,35.4077],[135.8554,35.4072],[135.8552,35.4069],[135.855,35.4067],[135.8547,35.4065],[135.8546,35.4063],[135.8545,35.4061],[135.8545,35.4059],[135.8549,35.4049],[135.8551,35.4036],[135.8552,35.403],[135.8551,35.4029],[135.855,35.4027],[135.8545,35.4024],[135.8544,35.4022],[135.8543,35.402],[135.8542,35.4013],[135.8543,35.4011],[135.8543,35.4009],[135.8543,35.4008],[135.8544,35.4007],[135.8546,35.4005],[135.8551,35.4002],[135.8555,35.4],[135.8555,35.4],[135.8556,35.3999],[135.8559,35.3998],[135.856,35.3997],[135.8562,35.3996],[135.8563,35.3994],[135.8564,35.3991],[135.8565,35.3984],[135.8566,35.3983],[135.8566,35.3982],[135.8574,35.3975],[135.858,35.3971],[135.8581,35.397],[135.8583,35.397],[135.8583,35.397],[135.8583,35.397],[135.8588,35.3969],[135.859,35.3969],[135.8592,35.3968],[135.8592,35.3968],[135.8594,35.3967],[135.8596,35.3965],[135.8598,35.3962],[135.8599,35.3959],[135.8599,35.3957],[135.8602,35.3954],[135.8604,35.3953],[135.8607,35.3951],[135.861,35.395],[135.8612,35.395],[135.8614,35.395],[135.8617,35.395],[135.8624,35.3951],[135.8627,35.3951],[135.863,35.3951],[135.8635,35.3949],[135.8645,35.3944],[135.8647,35.3944],[135.865,35.3944],[135.8659,35.3946],[135.8667,35.3947],[135.8667,35.3947],[135.8669,35.3947],[135.8674,35.3948],[135.8677,35.3949],[135.8679,35.395],[135.868,35.3951],[135.8683,35.3955],[135.8684,35.3955],[135.8686,35.3957],[135.8692,35.3959],[135.8696,35.396],[135.8701,35.396],[135.8707,35.396],[135.8711,35.3959],[135.8714,35.396],[135.8716,35.396],[135.8717,35.3961],[135.8718,35.3964],[135.872,35.3967],[135.8721,35.3968],[135.8732,35.397],[135.8741,35.3971],[135.8748,35.3971],[135.875,35.3972],[135.875,35.3972],[135.8752,35.3973],[135.8756,35.3974],[135.8765,35.3984],[135.8774,35.399],[135.8778,35.3992],[135.8788,35.3995],[135.8793,35.3996],[135.8797,35.4],[135.8797,35.4],[135.8797,35.4],[135.8798,35.4],[135.8803,35.4006],[135.8806,35.4007],[135.8819,35.4008],[135.8825,35.4008],[135.8833,35.4014],[135.8833,35.4015],[135.8833,35.4015],[135.8834,35.4016],[135.8843,35.4017],[135.8849,35.402],[135.8856,35.4023],[135.8869,35.4028],[135.8874,35.4029],[135.8886,35.403],[135.8897,35.403],[135.89,35.403],[135.8906,35.4032],[135.8909,35.4041],[135.8912,35.4046],[135.8917,35.4054],[135.8917,35.4054],[135.8919,35.4058],[135.8924,35.4069],[135.8925,35.4071],[135.8924,35.4077],[135.8925,35.4083],[135.8926,35.4089],[135.8929,35.4095],[135.8935,35.4107],[135.8936,35.4109],[135.8935,35.411],[135.8935,35.4112],[135.8933,35.4119],[135.8934,35.4127],[135.8937,35.4135],[135.8938,35.414],[135.8938,35.4148],[135.8938,35.4156],[135.8936,35.4163],[135.8936,35.4167],[135.8936,35.417],[135.8935,35.4177],[135.8935,35.418],[135.8935,35.4185],[135.8933,35.4193],[135.893,35.4198],[135.8931,35.42],[135.8932,35.4201],[135.8936,35.4202],[135.8938,35.4204],[135.8942,35.4209],[135.8945,35.4214],[135.8946,35.4215],[135.8948,35.4216],[135.8952,35.4217],[135.8956,35.4218],[135.896,35.4219],[135.8961,35.4219],[135.8964,35.4227],[135.8966,35.4229],[135.8969,35.4231],[135.8973,35.4232],[135.8976,35.4233],[135.8977,35.4234],[135.8979,35.4238],[135.898,35.4242],[135.8981,35.4243],[135.8985,35.4247],[135.8987,35.4248],[135.899,35.425],[135.8992,35.425],[135.8997,35.4251],[135.8998,35.4252],[135.9,35.4254],[135.9,35.4254],[135.9001,35.4255],[135.9004,35.4257],[135.9004,35.4257],[135.9005,35.4257],[135.9008,35.4257],[135.901,35.4258],[135.9011,35.4259],[135.9012,35.4263],[135.9014,35.4274],[135.9017,35.4282],[135.902,35.4287],[135.9023,35.4291],[135.9025,35.4293],[135.9027,35.4294],[135.9032,35.4295],[135.9036,35.4296],[135.9042,35.4296],[135.9054,35.4299],[135.9059,35.4301],[135.9063,35.4301],[135.9066,35.43],[135.9071,35.4298],[135.9076,35.4296],[135.9079,35.4295],[135.908,35.4295],[135.9081,35.4295],[135.9083,35.4296],[135.9083,35.4296],[135.9083,35.4296],[135.909,35.4299],[135.9096,35.43],[135.9105,35.4302],[135.9114,35.4304],[135.912,35.4305],[135.9128,35.4308],[135.913,35.4309],[135.9135,35.4313],[135.9139,35.4317],[135.914,35.4319],[135.9142,35.4321],[135.9145,35.4333],[135.9145,35.4333],[135.9147,35.4338],[135.9148,35.4343],[135.9149,35.4349],[135.9148,35.4352],[135.9148,35.4353],[135.9147,35.4358],[135.9145,35.4362],[135.9145,35.4364],[135.9144,35.4365],[135.9144,35.4366],[135.9144,35.4369],[135.9144,35.4371],[135.9145,35.4371],[135.9145,35.4372],[135.9147,35.4375],[135.9146,35.4377],[135.9146,35.4377],[135.9146,35.438],[135.9145,35.4382],[135.9144,35.4384],[135.9138,35.4391],[135.9128,35.44],[135.9124,35.4408],[135.9124,35.4409],[135.9123,35.441],[135.9123,35.4414],[135.9124,35.4417],[135.9124,35.4417],[135.913,35.4428],[135.9132,35.4431],[135.9131,35.4443],[135.9132,35.4448],[135.9132,35.4451],[135.9131,35.4454],[135.913,35.4454],[135.913,35.4455],[135.9127,35.4456],[135.9122,35.4456],[135.9111,35.4456],[135.9107,35.4456],[135.9106,35.4456],[135.9105,35.4457],[135.9101,35.4464],[135.9099,35.4467],[135.9098,35.4469],[135.9098,35.447],[135.9098,35.4472],[135.9099,35.4474],[135.9101,35.4476],[135.9107,35.4479],[135.9113,35.4481],[135.9119,35.4483],[135.912,35.4484],[135.9123,35.4486],[135.9125,35.4487],[135.9131,35.4495],[135.9136,35.45],[135.9137,35.4501],[135.9138,35.4502],[135.9141,35.4507],[135.9142,35.4508],[135.9146,35.4519],[135.9147,35.4526],[135.9147,35.4532],[135.9146,35.4538],[135.9146,35.454],[135.9147,35.4541],[135.9154,35.4553],[135.9156,35.4557],[135.9156,35.4561],[135.9154,35.4566],[135.915,35.4576],[135.9149,35.4582],[135.9149,35.4583],[135.9149,35.4591],[135.9149,35.4594],[135.915,35.4595],[135.9154,35.4602],[135.9158,35.4611],[135.916,35.4621],[135.9163,35.4634],[135.9162,35.4642],[135.9164,35.4646],[135.9167,35.465],[135.9167,35.465],[135.9167,35.4652],[135.9169,35.4655],[135.917,35.4662],[135.9171,35.4664],[135.9173,35.4667],[135.9173,35.4668],[135.9174,35.4671],[135.9174,35.4674],[135.9173,35.4682],[135.9173,35.4686],[135.9172,35.4689],[135.9167,35.4697],[135.9167,35.4697],[135.9167,35.4697],[135.9163,35.4702],[135.916,35.4706],[135.9159,35.4707],[135.9159,35.4709],[135.916,35.471],[135.916,35.4711],[135.9161,35.4711],[135.9165,35.4711],[135.9167,35.4712],[135.9167,35.4712],[135.9168,35.4712],[135.917,35.4713],[135.9173,35.4715],[135.9176,35.4717],[135.9177,35.4719],[135.9179,35.4728],[135.9179,35.4735],[135.9179,35.4736],[135.9181,35.4738],[135.9187,35.474],[135.919,35.4741],[135.9192,35.4743],[135.9196,35.475],[135.9196,35.475],[135.9196,35.475],[135.9197,35.4751],[135.9198,35.4753],[135.9204,35.4756],[135.9207,35.4757],[135.9211,35.4758],[135.9212,35.4757],[135.9214,35.4757],[135.9215,35.4758],[135.9216,35.4758],[135.9217,35.476],[135.9217,35.4761],[135.9215,35.4771],[135.9215,35.4774],[135.9215,35.4778],[135.9216,35.4781],[135.9217,35.4783],[135.9218,35.4785],[135.9222,35.4789],[135.9225,35.4796],[135.9227,35.4799],[135.923,35.4807],[135.9232,35.4809],[135.9235,35.4811],[135.9237,35.4813],[135.9237,35.4815],[135.9237,35.4817],[135.9236,35.482],[135.9233,35.4823],[135.9231,35.4825],[135.923,35.4828],[135.923,35.4831],[135.923,35.4833],[135.923,35.4838],[135.923,35.4843],[135.9229,35.4846],[135.9226,35.4852],[135.9223,35.4858],[135.9223,35.4859],[135.9224,35.486],[135.9225,35.4862],[135.9235,35.4866],[135.9236,35.4867],[135.9237,35.4869],[135.9237,35.487],[135.9237,35.4873],[135.9238,35.4876],[135.924,35.4879],[135.924,35.4881],[135.9241,35.4885],[135.9242,35.4892],[135.9244,35.4896],[135.9245,35.4897],[135.9247,35.4899],[135.9248,35.49],[135.925,35.49],[135.925,35.49],[135.9251,35.4901],[135.9253,35.4901],[135.9273,35.4905],[135.9275,35.4905],[135.9276,35.4906],[135.9277,35.4907],[135.9282,35.4915],[135.9284,35.4917],[135.9284,35.4917],[135.9284,35.4917],[135.9285,35.4918],[135.9288,35.4919],[135.9291,35.4919],[135.9294,35.4918],[135.9295,35.4918],[135.9296,35.4919],[135.9298,35.492],[135.93,35.4923],[135.9303,35.4932],[135.9303,35.4935],[135.9303,35.4936],[135.9303,35.4936],[135.9306,35.4941],[135.931,35.4947],[135.9312,35.4949],[135.9313,35.4954],[135.9313,35.4958],[135.9315,35.4961],[135.9315,35.4962],[135.9317,35.4964],[135.9317,35.4966],[135.9317,35.4972],[135.9316,35.4975],[135.9316,35.4976],[135.9316,35.4978],[135.9323,35.4987],[135.9325,35.4994],[135.9328,35.5],[135.9328,35.5],[135.933,35.5003],[135.933,35.5006],[135.933,35.5017],[135.9332,35.5023],[135.9333,35.5024],[135.9333,35.5024],[135.9336,35.5026],[135.9341,35.503],[135.9342,35.5032],[135.9344,35.5034],[135.935,35.5037],[135.9353,35.5039],[135.9353,35.5047],[135.9355,35.5053],[135.9357,35.5061],[135.936,35.5069],[135.9361,35.5072],[135.9365,35.5078],[135.9366,35.5083],[135.9366,35.5083],[135.9367,35.5091],[135.9373,35.5098],[135.9374,35.5101],[135.9375,35.5104],[135.9375,35.5104],[135.9374,35.5105],[135.9372,35.5108],[135.9372,35.511],[135.9374,35.511],[135.938,35.5112],[135.9378,35.5115],[135.9378,35.5116],[135.9378,35.5118],[135.9378,35.5125],[135.9379,35.5134],[135.9379,35.5135],[135.9376,35.5138],[135.9376,35.514],[135.9377,35.5145],[135.9379,35.5149],[135.9382,35.5153],[135.9381,35.5157],[135.9381,35.5159],[135.9382,35.5161],[135.9387,35.5165],[135.9388,35.5167],[135.9388,35.5167],[135.939,35.517],[135.939,35.5173],[135.939,35.5175],[135.939,35.5178],[135.9389,35.5181],[135.9388,35.5183],[135.9388,35.5184],[135.9389,35.5188],[135.939,35.5192],[135.9392,35.5199],[135.9396,35.5204],[135.9396,35.5205],[135.9399,35.5205],[135.9406,35.5204],[135.9408,35.5204],[135.9411,35.5208],[135.9417,35.5209],[135.9417,35.5209],[135.9421,35.5209],[135.9424,35.5211],[135.9429,35.5212],[135.9432,35.5213],[135.9438,35.5213],[135.9441,35.5214],[135.9445,35.5214],[135.945,35.5212],[135.9453,35.5212],[135.9457,35.5213],[135.9461,35.5212],[135.9465,35.521],[135.947,35.5205],[135.947,35.5204],[135.9471,35.5202],[135.9477,35.5192],[135.9481,35.5186],[135.9482,35.5183],[135.9486,35.5173],[135.9488,35.5167],[135.9488,35.5167],[135.9488,35.5167],[135.9488,35.5166],[135.9494,35.5162],[135.9499,35.5155],[135.95,35.5154],[135.95,35.5154],[135.9504,35.5147],[135.9505,35.5144],[135.9508,35.5136],[135.951,35.5129],[135.9512,35.5125],[135.9513,35.5123],[135.9516,35.5118],[135.9517,35.5116],[135.9518,35.5112],[135.9519,35.5105],[135.9518,35.5102],[135.9519,35.51],[135.952,35.5098],[135.9522,35.5095],[135.9522,35.5093],[135.9522,35.5092],[135.952,35.5084],[135.9519,35.5083],[135.9519,35.5083],[135.9518,35.5077],[135.9518,35.5075],[135.9518,35.5072],[135.9522,35.5066],[135.9524,35.5062],[135.9533,35.506],[135.9544,35.5057],[135.9549,35.5058],[135.9555,35.5059],[135.9555,35.5059],[135.956,35.506],[135.9567,35.5061],[135.9572,35.5061],[135.9576,35.506],[135.9579,35.5057],[135.9583,35.5051],[135.9583,35.5051],[135.9583,35.5051],[135.9586,35.5048],[135.9588,35.5044],[135.9592,35.504],[135.9601,35.5032],[135.9605,35.5029],[135.9608,35.5023],[135.9609,35.5022],[135.9617,35.502],[135.962,35.5018],[135.9626,35.5013],[135.9627,35.5013],[135.9627,35.5013],[135.9629,35.5014],[135.9632,35.5015],[135.9637,35.5016],[135.9641,35.5018],[135.9648,35.5021],[135.9651,35.5025],[135.9658,35.5027],[135.9659,35.5027],[135.9667,35.5029],[135.9667,35.5029],[135.9669,35.503],[135.9672,35.503],[135.9683,35.5026],[135.969,35.5025],[135.9691,35.5024],[135.9692,35.5022],[135.9693,35.5022],[135.9698,35.5015],[135.9701,35.5012],[135.9704,35.5011],[135.971,35.501],[135.9714,35.5009],[135.9721,35.5004],[135.9726,35.5002],[135.9726,35.5001],[135.9727,35.5],[135.9727,35.5],[135.9729,35.499],[135.973,35.4986],[135.9732,35.4983],[135.9746,35.4975],[135.9747,35.4974],[135.975,35.4967],[135.975,35.4967],[135.9752,35.4963],[135.9756,35.4956],[135.9756,35.4955],[135.9757,35.4953],[135.976,35.495],[135.9761,35.4949],[135.9762,35.4946],[135.9762,35.494],[135.9763,35.4938],[135.9767,35.4935],[135.9777,35.4926],[135.9784,35.4917],[135.9784,35.4917],[135.9788,35.4912],[135.9793,35.4898],[135.9793,35.4889],[135.9793,35.4887],[135.9794,35.4885],[135.9797,35.4883],[135.9802,35.4882],[135.9803,35.4881],[135.9804,35.4879],[135.9804,35.4878],[135.981,35.4867],[135.9812,35.4866],[135.9815,35.4865],[135.9817,35.4866],[135.9827,35.4873],[135.9833,35.4879],[135.9833,35.4879],[135.9835,35.4881],[135.9841,35.4886],[135.9844,35.489],[135.9845,35.4891],[135.9852,35.4895],[135.9864,35.49],[135.987,35.4905],[135.9876,35.4914],[135.9879,35.4917],[135.9879,35.4917],[135.988,35.4918],[135.9891,35.4925],[135.9895,35.4927],[135.9899,35.4927],[135.9904,35.4927],[135.9909,35.4925],[135.9916,35.4922],[135.9917,35.4922],[135.9917,35.4922],[135.9923,35.4919],[135.993,35.4917],[135.993,35.4917],[135.9932,35.4916],[135.9932,35.4916],[135.9935,35.4916],[135.9938,35.4915],[135.9948,35.4916],[135.9949,35.4917],[135.9953,35.4918],[135.9959,35.4921],[135.9962,35.4923],[135.9965,35.4926],[135.9966,35.4926],[135.9967,35.4926],[135.9971,35.4922],[135.9973,35.492],[135.9975,35.4917],[135.9975,35.4916],[135.9976,35.4915],[135.9978,35.4914],[135.998,35.4914],[135.9983,35.4914],[135.9986,35.4915],[135.999,35.4916],[135.9992,35.4917],[135.9992,35.4917],[135.9993,35.4917],[135.9996,35.4918],[135.9999,35.4917],[136,35.4917],[136,35.4917],[136.0001,35.4917],[136.0002,35.4916],[136.0003,35.4916],[136.0006,35.4916],[136.0009,35.4916],[136.0011,35.4917],[136.0011,35.4917],[136.0015,35.4919],[136.0018,35.4919],[136.0021,35.492],[136.0021,35.492],[136.0023,35.4919],[136.0025,35.4919],[136.0029,35.4917],[136.0034,35.4914],[136.0038,35.4911],[136.0039,35.491],[136.0042,35.491],[136.0043,35.491],[136.0052,35.4913],[136.0062,35.4916],[136.0063,35.4917],[136.0067,35.4918],[136.0069,35.4921],[136.007,35.4922],[136.007,35.4923],[136.0071,35.4927],[136.007,35.4932],[136.0071,35.4933],[136.0072,35.4934],[136.0077,35.4934],[136.0083,35.4936],[136.0083,35.4936],[136.0085,35.4936],[136.0087,35.4937],[136.0089,35.4939],[136.0092,35.4943],[136.0095,35.4946],[136.0101,35.4951],[136.0102,35.4952],[136.0105,35.4957],[136.0108,35.4961],[136.0111,35.4966],[136.0114,35.4971],[136.0115,35.4973],[136.0117,35.4976],[136.0117,35.4978],[136.0117,35.4978],[136.0116,35.498],[136.0114,35.4983],[136.0108,35.4995],[136.0107,35.4997],[136.0108,35.4998],[136.011,35.5],[136.011,35.5],[136.0116,35.5003],[136.0117,35.5005],[136.0117,35.5007],[136.0118,35.5009],[136.0117,35.5012],[136.0117,35.5013],[136.0118,35.5017],[136.0119,35.5019],[136.0118,35.5022],[136.0117,35.5025],[136.0117,35.5027],[136.0119,35.5029],[136.0121,35.5032],[136.0123,35.5033],[136.0124,35.5035],[136.0124,35.5036],[136.0123,35.5037],[136.0119,35.5042],[136.0118,35.5044],[136.0117,35.5046],[136.0117,35.5048],[136.0118,35.505],[136.0124,35.5058],[136.0133,35.5073],[136.0138,35.5078],[136.0141,35.508],[136.0146,35.5083],[136.0147,35.5083],[136.0147,35.5083],[136.0149,35.5085],[136.0151,35.5087],[136.0154,35.5095],[136.0155,35.5099],[136.0157,35.5103],[136.0158,35.5105],[136.0158,35.5106],[136.0157,35.5108],[136.0156,35.5109],[136.0151,35.5115],[136.0151,35.5115],[136.0151,35.5116],[136.0158,35.5122],[136.016,35.5123],[136.0167,35.5123],[136.0167,35.5123],[136.0178,35.5124],[136.0187,35.5121],[136.0194,35.5118],[136.0197,35.5118],[136.0199,35.5118],[136.0201,35.5119],[136.0203,35.512],[136.0204,35.5123],[136.0206,35.5129],[136.021,35.5136],[136.021,35.5136],[136.0211,35.5138],[136.0215,35.5149],[136.0217,35.5153],[136.0217,35.5153],[136.0224,35.5166],[136.0224,35.5167],[136.0224,35.5167],[136.0228,35.5176],[136.0229,35.5176],[136.0231,35.5179],[136.0232,35.518],[136.0233,35.5182],[136.0233,35.5189],[136.0235,35.5192],[136.0236,35.5194],[136.0235,35.5195],[136.0234,35.5198],[136.0234,35.5199],[136.0235,35.52],[136.024,35.5202],[136.0245,35.5204],[136.0248,35.5207],[136.025,35.5209],[136.025,35.5209],[136.025,35.5209],[136.0257,35.5212],[136.0267,35.5216],[136.0271,35.5218],[136.0273,35.5219],[136.0275,35.5221],[136.0278,35.5223],[136.0282,35.5226],[136.0287,35.5232],[136.0288,35.5234],[136.0289,35.5236],[136.0288,35.5238],[136.028,35.5244],[136.0274,35.5247],[136.0273,35.5249],[136.0273,35.525],[136.0273,35.525],[136.0273,35.525],[136.0273,35.5252],[136.0274,35.5254],[136.0276,35.5257],[136.0276,35.526],[136.0276,35.5262],[136.0276,35.5263],[136.0266,35.5266],[136.0264,35.5267],[136.0262,35.5269],[136.0261,35.527],[136.0261,35.5273],[136.0261,35.5274],[136.0263,35.5281],[136.0265,35.5287],[136.0265,35.5292],[136.0265,35.5294],[136.0265,35.5295],[136.0266,35.5295],[136.027,35.5294],[136.0278,35.5291],[136.0281,35.5291],[136.0283,35.5291],[136.0291,35.5293],[136.0296,35.5293],[136.0299,35.5294],[136.0303,35.5296],[136.0305,35.5297],[136.0315,35.5298],[136.0318,35.5299],[136.0327,35.5301],[136.0333,35.5301],[136.0333,35.5301],[136.0336,35.5301],[136.0339,35.5302],[136.0342,35.5302],[136.0354,35.5305],[136.0366,35.5307],[136.0371,35.5309],[136.0371,35.5309],[136.0374,35.5311],[136.0376,35.5312],[136.0379,35.5313],[136.038,35.5314],[136.0389,35.5315],[136.0394,35.5315],[136.0396,35.5316],[136.0398,35.5316],[136.0403,35.5319],[136.0408,35.5321],[136.0409,35.5322],[136.0411,35.5322],[136.0412,35.5321],[136.0415,35.5316],[136.0417,35.5313],[136.0417,35.5313],[136.0418,35.5311],[136.0419,35.5309],[136.042,35.5308],[136.0422,35.5307],[136.0422,35.5307],[136.0426,35.5307],[136.0435,35.5307],[136.044,35.5307],[136.0444,35.5306],[136.0448,35.5305],[136.0453,35.5305],[136.0456,35.5304],[136.046,35.5303],[136.0461,35.5302],[136.0463,35.5302],[136.0464,35.5302],[136.0464,35.5302],[136.0466,35.5303],[136.0466,35.5303],[136.0468,35.5306],[136.0469,35.5307],[136.0469,35.5309],[136.047,35.5315],[136.0469,35.5318],[136.047,35.5321],[136.047,35.5321],[136.0472,35.5325],[136.0473,35.5326],[136.0474,35.533],[136.0476,35.5333],[136.0476,35.5333],[136.0477,35.5335],[136.0477,35.5335],[136.048,35.5342],[136.0481,35.5344],[136.0482,35.5345],[136.0483,35.5345],[136.0486,35.5345],[136.0495,35.5343],[136.05,35.5343],[136.05,35.5343],[136.0506,35.5342],[136.0512,35.5342],[136.0515,35.5341],[136.0515,35.5341],[136.0519,35.534],[136.0524,35.5337],[136.0528,35.5335],[136.053,35.5333],[136.053,35.5333],[136.0531,35.5333],[136.0532,35.5332],[136.0535,35.5331],[136.0535,35.5331],[136.0537,35.5331],[136.054,35.5331],[136.0544,35.5333],[136.0545,35.5333],[136.0545,35.5333],[136.0548,35.5335],[136.055,35.5335],[136.0552,35.5336],[136.0556,35.5336],[136.0558,35.5335],[136.056,35.5333],[136.056,35.5333],[136.0561,35.5332],[136.0562,35.533],[136.0563,35.5329],[136.0567,35.5327],[136.0571,35.5326],[136.0573,35.5325],[136.0576,35.5321],[136.0578,35.5319],[136.058,35.5319],[136.0583,35.5318],[136.0583,35.5318],[136.0583,35.5318],[136.0587,35.5318],[136.0589,35.5318],[136.0591,35.5319],[136.0592,35.5321],[136.0593,35.5322],[136.0594,35.5322],[136.0604,35.532],[136.0607,35.5319],[136.0609,35.5317],[136.0609,35.5317],[136.061,35.5315],[136.0611,35.5312],[136.0612,35.5309],[136.0615,35.5302],[136.0616,35.53],[136.0616,35.5299],[136.0618,35.5289],[136.062,35.5285],[136.0624,35.5281],[136.0626,35.5281],[136.0628,35.5281],[136.063,35.5282],[136.0638,35.5281],[136.0643,35.528],[136.0646,35.528],[136.0649,35.528],[136.065,35.5281],[136.0651,35.5282],[136.0652,35.5283],[136.0653,35.5283],[136.0654,35.5282],[136.0658,35.5277],[136.066,35.5274],[136.0664,35.5271],[136.0667,35.5269],[136.0667,35.5269],[136.0668,35.5269],[136.067,35.5268],[136.0674,35.5267],[136.0677,35.5266],[136.0682,35.5264],[136.0686,35.5263],[136.0692,35.5262],[136.0694,35.5263],[136.0698,35.5264],[136.0698,35.5264],[136.0703,35.5266],[136.0707,35.5268],[136.0715,35.5273],[136.0722,35.5278],[136.0724,35.5281],[136.0726,35.5287],[136.0727,35.5288],[136.0728,35.5289],[136.0733,35.5292],[136.0737,35.5294],[136.074,35.5296],[136.0743,35.5297],[136.075,35.5298],[136.075,35.5298],[136.0753,35.5298],[136.0755,35.5299],[136.0759,35.5301],[136.0761,35.5302],[136.0764,35.5303],[136.0769,35.5305],[136.077,35.5305],[136.0771,35.5305],[136.0775,35.5313],[136.0775,35.5316],[136.0775,35.5319],[136.0775,35.532],[136.0774,35.5322],[136.0772,35.5325],[136.0771,35.533],[136.077,35.5332],[136.077,35.5333],[136.077,35.5333],[136.077,35.5337],[136.0769,35.534],[136.0767,35.5341],[136.0767,35.5343],[136.0767,35.5344],[136.0768,35.5346],[136.0769,35.5348],[136.0771,35.5348],[136.0772,35.5349],[136.0776,35.5351],[136.0778,35.5353],[136.078,35.5354],[136.0784,35.5354],[136.079,35.5356],[136.0792,35.5357],[136.0794,35.5357],[136.0795,35.5359],[136.0798,35.5364],[136.0798,35.5367],[136.08,35.5373],[136.0801,35.5374],[136.0804,35.5385],[136.0805,35.5389],[136.0807,35.5392],[136.0808,35.5392],[136.0808,35.5392],[136.081,35.5393],[136.0811,35.5393],[136.0813,35.5394],[136.0814,35.5395],[136.0815,35.5399],[136.0816,35.54],[136.0817,35.5401],[136.0823,35.5404],[136.0827,35.5405],[136.0829,35.5406],[136.0832,35.5406],[136.0833,35.5405],[136.0833,35.5405],[136.0835,35.5405],[136.0838,35.5402],[136.0841,35.54],[136.0846,35.5399],[136.0855,35.5397],[136.0858,35.5396],[136.086,35.5395],[136.0866,35.5392],[136.0869,35.5391],[136.0874,35.539],[136.0878,35.5389],[136.088,35.5389],[136.0883,35.539],[136.0886,35.5389],[136.0887,35.5389],[136.0888,35.5388],[136.0888,35.5388],[136.0892,35.5383],[136.0898,35.5378],[136.0899,35.5378],[136.0901,35.5377],[136.0909,35.5374],[136.0913,35.5374],[136.0916,35.5374],[136.0917,35.5374],[136.0917,35.5374],[136.092,35.5374],[136.0924,35.5376],[136.0927,35.5376],[136.0929,35.5376],[136.0932,35.5375],[136.0936,35.5373],[136.094,35.5368],[136.0944,35.5361],[136.0945,35.5359],[136.0946,35.5359],[136.0948,35.5358],[136.0951,35.5355],[136.0951,35.5355],[136.0954,35.5353],[136.0959,35.5349],[136.0963,35.5347],[136.0964,35.5346],[136.0966,35.5344],[136.0968,35.5343],[136.0972,35.5341],[136.0974,35.5339],[136.0977,35.5338],[136.0979,35.5337],[136.0981,35.5337],[136.0982,35.5338],[136.0986,35.5339],[136.0987,35.534],[136.0989,35.534],[136.0991,35.534],[136.0994,35.534],[136.0996,35.5338],[136.0999,35.5337],[136.1,35.5334],[136.1,35.5334],[136.1,35.5334],[136.1,35.5333],[136.1,35.5333],[136.1002,35.5331],[136.1002,35.5329],[136.1002,35.5324],[136.1002,35.5323],[136.1003,35.5322],[136.1005,35.5321],[136.1006,35.532],[136.1008,35.532],[136.1009,35.532],[136.101,35.532],[136.1011,35.5319],[136.1016,35.5316],[136.1018,35.5314],[136.1027,35.5309],[136.1031,35.5307],[136.1038,35.5304],[136.104,35.5303],[136.1042,35.5301],[136.1044,35.5296],[136.1045,35.5295],[136.1047,35.5294],[136.1052,35.5288],[136.1053,35.5287],[136.1054,35.5287],[136.1054,35.5287],[136.1055,35.5287],[136.1056,35.5288],[136.1056,35.5288],[136.1057,35.5289],[136.1061,35.5289],[136.1064,35.5289],[136.1065,35.529],[136.1065,35.5291],[136.1069,35.5299],[136.1071,35.5302],[136.1072,35.5304],[136.1072,35.5305],[136.1072,35.5307],[136.107,35.5311],[136.1067,35.5317],[136.1066,35.532],[136.1063,35.5322],[136.1063,35.5322],[136.1062,35.5323],[136.1061,35.5325],[136.1061,35.5326],[136.1061,35.533],[136.1062,35.5333],[136.1062,35.5333],[136.1062,35.5335],[136.1063,35.5338],[136.1064,35.5342],[136.1065,35.5343],[136.1066,35.5344],[136.1067,35.5346],[136.1068,35.5348],[136.1068,35.535],[136.1068,35.5352],[136.1068,35.5354],[136.1068,35.5356],[136.1068,35.5358],[136.1067,35.5359],[136.1065,35.5361],[136.1065,35.5361],[136.1064,35.5363],[136.1063,35.5365],[136.1062,35.5366],[136.1061,35.5367],[136.106,35.5369],[136.106,35.5371],[136.106,35.5373],[136.1062,35.5376],[136.1062,35.5377],[136.1062,35.5377],[136.1061,35.5379],[136.1059,35.538],[136.1059,35.5381],[136.1059,35.5383],[136.1061,35.5386],[136.1063,35.5388],[136.1067,35.539],[136.107,35.5391],[136.1071,35.5393],[136.1073,35.5395],[136.1077,35.5399],[136.108,35.5401],[136.108,35.5402],[136.1081,35.5403],[136.1081,35.5408],[136.1083,35.5413],[136.1083,35.5413],[136.1084,35.5414],[136.1085,35.5417],[136.1085,35.5417],[136.1088,35.542],[136.1089,35.5422],[136.1091,35.5424],[136.1091,35.5425],[136.1091,35.5426],[136.109,35.5429],[136.1089,35.543],[136.1089,35.5431],[136.109,35.5431],[136.1091,35.5432],[136.1092,35.5434],[136.1093,35.5435],[136.1094,35.5437],[136.1094,35.5439],[136.1094,35.5439],[136.1092,35.5441],[136.1092,35.5442],[136.1092,35.5444],[136.1092,35.5444],[136.1094,35.5447],[136.1094,35.5448],[136.1094,35.545],[136.1094,35.5451],[136.1092,35.5455],[136.1091,35.5457],[136.1089,35.5459],[136.1086,35.5462],[136.1083,35.5463],[136.1083,35.5463],[136.1083,35.5463],[136.1081,35.5465],[136.108,35.5467],[136.1079,35.5469],[136.1079,35.5472],[136.1079,35.5475],[136.1082,35.5482],[136.1083,35.5483],[136.1083,35.5483],[136.1084,35.5484],[136.1086,35.5486],[136.1086,35.5487],[136.1087,35.5489],[136.1089,35.5494],[136.109,35.5497],[136.1091,35.5497],[136.109,35.5498],[136.1089,35.5499],[136.1086,35.55],[136.1086,35.55],[136.1085,35.5501],[136.1084,35.5501],[136.1084,35.5502],[136.1084,35.5503],[136.1084,35.5506],[136.1084,35.5508],[136.1083,35.551],[136.1083,35.551],[136.1083,35.551],[136.1082,35.5512],[136.1081,35.5513],[136.108,35.5514],[136.1078,35.5516],[136.1076,35.5521],[136.1075,35.5522],[136.1074,35.5525],[136.1072,35.5527],[136.107,35.553],[136.1066,35.5532],[136.1064,35.5534],[136.1063,35.5536],[136.1062,35.554],[136.1061,35.5543],[136.1058,35.5549],[136.1056,35.5552],[136.1054,35.5554],[136.1054,35.5555],[136.1055,35.5557],[136.1056,35.5557],[136.1057,35.5558],[136.1059,35.5559],[136.106,35.556],[136.1063,35.5564],[136.1066,35.5566],[136.1066,35.5567],[136.1067,35.5568],[136.1072,35.5571],[136.1073,35.5572],[136.1074,35.5573],[136.1074,35.5574],[136.1075,35.5574],[136.108,35.5575],[136.1083,35.5576],[136.1083,35.5576],[136.1084,35.5576],[136.1085,35.5577],[136.1087,35.5577],[136.1087,35.5578],[136.1088,35.5579],[136.1088,35.5581],[136.1088,35.5583],[136.1088,35.5583],[136.1088,35.5583],[136.1087,35.5586],[136.1087,35.5588],[136.1087,35.5588],[136.1088,35.5589],[136.1089,35.559],[136.1091,35.5591],[136.1092,35.5591],[136.1098,35.5592],[136.1101,35.5593],[136.1102,35.5594],[136.1104,35.5596],[136.1104,35.5597],[136.1105,35.5599],[136.1105,35.56],[136.1103,35.5606],[136.1103,35.5609],[136.1103,35.5611],[136.1104,35.5612],[136.1105,35.5614],[136.1105,35.5618],[136.1105,35.5622],[136.1105,35.5626],[136.1106,35.5629],[136.1106,35.5631],[136.1107,35.5633],[136.1106,35.5636],[136.1103,35.5641],[136.1101,35.5644],[136.1099,35.5647],[136.1098,35.5649],[136.1098,35.5652],[136.1097,35.5656],[136.1095,35.566],[136.1092,35.5667],[136.1092,35.5667],[136.109,35.5669],[136.109,35.5671],[136.1089,35.5672],[136.1085,35.5676],[136.1083,35.5678],[136.1083,35.5678],[136.1082,35.5679],[136.108,35.5681],[136.1079,35.5683],[136.108,35.5684],[136.1081,35.5686],[136.1083,35.5687],[136.1083,35.5687],[136.1084,35.5688],[136.1086,35.5689],[136.109,35.569],[136.1095,35.5691],[136.1098,35.5691],[136.1099,35.5691],[136.1101,35.5692],[136.1102,35.5694],[136.1103,35.5698],[136.1103,35.57],[136.1105,35.5702],[136.1107,35.5705],[136.111,35.5707],[136.111,35.5708],[136.1111,35.5709],[136.1111,35.5711],[136.1112,35.5713],[136.1114,35.5717],[136.1115,35.5718],[136.1115,35.5719],[136.1115,35.572],[136.1115,35.5721],[136.1113,35.5727],[136.1112,35.5729],[136.1113,35.573],[136.1113,35.573],[136.1116,35.5731],[136.1122,35.5732],[136.1124,35.5733],[136.1126,35.5734],[136.1127,35.5735],[136.1129,35.5738],[136.1129,35.574],[136.1129,35.574],[136.1129,35.5742],[136.1128,35.5743],[136.1128,35.5744],[136.1127,35.5746],[136.1128,35.5748],[136.1128,35.5749],[136.1129,35.575],[136.1129,35.575],[136.1129,35.5751],[136.1129,35.5752],[136.1129,35.5753],[136.1127,35.5755],[136.1124,35.5756],[136.1123,35.5757],[136.1123,35.5758],[136.1123,35.5759],[136.1123,35.5763],[136.1122,35.5765],[136.1121,35.5767],[136.112,35.577],[136.1121,35.5774],[136.1122,35.5776],[136.1122,35.5777],[136.1122,35.578],[136.1122,35.5783],[136.1121,35.5785],[136.1122,35.5787],[136.1124,35.5792],[136.1124,35.5793],[136.1124,35.5794],[136.1123,35.5796],[136.1122,35.5798],[136.1122,35.58],[136.1123,35.5803],[136.1125,35.5806],[136.1127,35.581],[136.1128,35.5814],[136.1129,35.5815],[136.113,35.5819],[136.113,35.582],[136.113,35.582],[136.1131,35.5821],[136.1134,35.5825],[136.1136,35.5828],[136.1138,35.5829],[136.1141,35.583],[136.1146,35.583],[136.1153,35.5829],[136.1155,35.5829],[136.1161,35.5823],[136.1164,35.5821],[136.1167,35.5819],[136.1167,35.5819],[136.1167,35.5819],[136.1169,35.5817],[136.1171,35.5812],[136.1173,35.5808],[136.1173,35.5807],[136.1173,35.5805],[136.1172,35.5803],[136.117,35.58],[136.1168,35.5798],[136.1167,35.5795],[136.1167,35.5793],[136.1167,35.5791],[136.1168,35.5788],[136.117,35.5785],[136.1178,35.5776],[136.118,35.5775],[136.1181,35.5774],[136.1184,35.5771],[136.1187,35.577],[136.1189,35.5769],[136.1192,35.5768],[136.1196,35.5768],[136.1198,35.5768],[136.12,35.5768],[136.1202,35.5768],[136.1208,35.5764],[136.121,35.5763],[136.1212,35.5762],[136.1216,35.5762],[136.1221,35.5762],[136.1224,35.5762],[136.1227,35.5762],[136.1233,35.5763],[136.1236,35.5762],[136.124,35.5761],[136.1243,35.576],[136.125,35.576],[136.125,35.576],[136.125,35.576],[136.1253,35.5759],[136.1256,35.5758],[136.1258,35.5758],[136.1261,35.5756],[136.1262,35.5756],[136.1263,35.5755],[136.1264,35.5755],[136.1267,35.5755],[136.1271,35.5756],[136.1277,35.5758],[136.1279,35.5759],[136.1281,35.5758],[136.1282,35.5758],[136.1284,35.5757],[136.1286,35.5755],[136.1288,35.5754],[136.129,35.5753],[136.1294,35.5753],[136.1297,35.5753],[136.1299,35.5753],[136.1302,35.5752],[136.1303,35.5752],[136.1307,35.575],[136.1307,35.575],[136.1309,35.5749],[136.131,35.5749],[136.1313,35.5748],[136.1315,35.5748],[136.1316,35.5748],[136.1318,35.5748],[136.1319,35.5747],[136.1323,35.5747],[136.1325,35.5746],[136.1326,35.5745],[136.1327,35.5745],[136.1328,35.5745],[136.1333,35.5747],[136.1333,35.5747],[136.1335,35.5747],[136.1338,35.5748],[136.1341,35.5749],[136.1344,35.575],[136.1344,35.575],[136.1347,35.5752],[136.135,35.5753],[136.1352,35.5754],[136.1353,35.5756],[136.1356,35.5757],[136.1359,35.5758],[136.136,35.5758],[136.1363,35.5758],[136.1363,35.5758],[136.1366,35.5757],[136.1369,35.5755],[136.1371,35.5754],[136.1373,35.5753],[136.1375,35.5753],[136.1377,35.5753],[136.1383,35.5756],[136.1387,35.5757],[136.1388,35.5757],[136.1389,35.5757],[136.1391,35.5756],[136.1395,35.5753],[136.1397,35.5751],[136.1398,35.575],[136.1398,35.575],[136.14,35.5748],[136.1402,35.5747],[136.1406,35.5745],[136.1411,35.5743],[136.1417,35.574],[136.1417,35.574],[136.1417,35.5739],[136.1421,35.5737],[136.1422,35.5734],[136.1423,35.5732],[136.1423,35.5729],[136.1424,35.5726],[136.1425,35.5722],[136.1428,35.5719],[136.143,35.5716],[136.1433,35.5711],[136.1435,35.571],[136.1438,35.571],[136.144,35.571],[136.144,35.5709],[136.1442,35.5709],[136.1445,35.5708],[136.1448,35.5706],[136.1449,35.5706],[136.1451,35.5705],[136.1455,35.5706],[136.1461,35.5707],[136.1461,35.5707],[136.1464,35.5708],[136.1466,35.5709],[136.1467,35.5711],[136.147,35.5718],[136.1472,35.572],[136.1473,35.5721],[136.1475,35.5721],[136.1478,35.5721],[136.1481,35.572],[136.1482,35.572],[136.1485,35.5717],[136.1487,35.5715],[136.1489,35.5714],[136.1492,35.5714],[136.1494,35.5714],[136.1496,35.5714],[136.1497,35.5715],[136.1498,35.5718],[136.1498,35.5721],[136.1499,35.5725],[136.15,35.5727],[136.15,35.5727],[136.15,35.5727],[136.1503,35.5729],[136.1505,35.5729],[136.1509,35.5729],[136.1518,35.5727],[136.1523,35.5727],[136.1526,35.5726],[136.1534,35.5726],[136.1539,35.5725],[136.1541,35.5723],[136.1543,35.5722],[136.1543,35.572],[136.1544,35.5719],[136.1546,35.5717],[136.1548,35.5715],[136.155,35.5715],[136.1552,35.5715],[136.1555,35.5715],[136.1559,35.5715],[136.1562,35.5715],[136.1564,35.5715],[136.1567,35.5715],[136.1571,35.5713],[136.1573,35.5713],[136.1576,35.5712],[136.1577,35.5713],[136.1583,35.5715],[136.1583,35.5715],[136.1585,35.5716],[136.1592,35.5718],[136.1599,35.5719],[136.1601,35.5719],[136.1605,35.5718],[136.1608,35.5717],[136.1615,35.5715],[136.1619,35.5715],[136.1623,35.5715],[136.1624,35.5715],[136.1625,35.5714],[136.163,35.5713],[136.1632,35.5711],[136.1634,35.571],[136.1636,35.5706],[136.1637,35.5704],[136.1637,35.57],[136.1638,35.5698],[136.1639,35.5695],[136.1643,35.5689],[136.165,35.568],[136.1656,35.567],[136.1658,35.5668],[136.1659,35.5667],[136.1659,35.5667],[136.1664,35.5662],[136.1666,35.5658],[136.1667,35.5657],[136.1667,35.5657],[136.1668,35.5655],[136.1669,35.5654],[136.167,35.5653],[136.1672,35.5653],[136.1675,35.5653],[136.1677,35.5653],[136.1679,35.5654],[136.168,35.5655],[136.1682,35.5655],[136.1688,35.5654],[136.1689,35.5654],[136.169,35.5655],[136.1692,35.5655],[136.1695,35.5657],[136.1698,35.5659],[136.1699,35.5661],[136.17,35.5662],[136.1699,35.5663],[136.1697,35.5667],[136.1697,35.5667],[136.1697,35.5668],[136.1694,35.5672],[136.1693,35.5675],[136.1692,35.5678],[136.1692,35.568],[136.1693,35.5681],[136.1695,35.5682],[136.1696,35.5683],[136.1697,35.5685],[136.1696,35.5688],[136.1695,35.5692],[136.1695,35.5693],[136.1695,35.5695],[136.1695,35.5698],[136.1697,35.5702],[136.1702,35.5708],[136.1703,35.5711],[136.1704,35.5712],[136.1703,35.5714],[136.1702,35.5715],[136.1701,35.5715],[136.17,35.5716],[136.1699,35.5719],[136.1697,35.5726],[136.1696,35.5733],[136.1695,35.5739],[136.1695,35.5741],[136.1696,35.5743],[136.1699,35.5747],[136.1702,35.575],[136.1702,35.575],[136.1702,35.575],[136.1706,35.5755],[136.1707,35.5756],[136.1706,35.5758],[136.1702,35.5764],[136.1696,35.5768],[136.1691,35.5772],[136.1687,35.5774],[136.1685,35.5775],[136.1684,35.5776],[136.1683,35.5778],[136.1682,35.5782],[136.1679,35.5788],[136.1678,35.5791],[136.1678,35.5792],[136.1677,35.5793],[136.1678,35.5796],[136.1679,35.5799],[136.1679,35.5802],[136.1678,35.5803],[136.1677,35.5804],[136.1675,35.5808],[136.1673,35.581],[136.1669,35.5812],[136.1668,35.5813],[136.1667,35.5815],[136.1667,35.5816],[136.1667,35.5816],[136.1664,35.5822],[136.1664,35.5825],[136.1665,35.5827],[136.1667,35.5829],[136.1667,35.5829],[136.1667,35.5829],[136.1671,35.5833],[136.1671,35.5833],[136.1672,35.5834],[136.1676,35.5839],[136.1679,35.5843],[136.1681,35.5846],[136.1682,35.5848],[136.1684,35.5849],[136.1686,35.5851],[136.169,35.5854],[136.1695,35.5857],[136.17,35.5861],[136.1705,35.5863],[136.1706,35.5864],[136.1706,35.5865],[136.171,35.5868],[136.1717,35.5875],[136.1724,35.5883],[136.1725,35.5885],[136.1725,35.5888],[136.1725,35.5896],[136.1726,35.5899],[136.1727,35.5901],[136.1731,35.5906],[136.1732,35.5907],[136.1737,35.591],[136.174,35.5911],[136.1741,35.5913],[136.1745,35.5916],[136.1746,35.5917],[136.1746,35.5917],[136.175,35.5919],[136.175,35.5919],[136.1751,35.592],[136.1756,35.5926],[136.1757,35.5927],[136.1757,35.5928],[136.1757,35.5933],[136.1757,35.5934],[136.1759,35.5937],[136.1761,35.5939],[136.1767,35.5943],[136.1768,35.5944],[136.1772,35.5947],[136.1774,35.5949],[136.1775,35.595],[136.1775,35.5954],[136.1775,35.5956],[136.1774,35.5957],[136.177,35.5962],[136.1767,35.5965],[136.1767,35.5966],[136.1767,35.5967],[136.1769,35.5972],[136.1769,35.5974],[136.1768,35.5983],[136.1768,35.5984],[136.1767,35.5985],[136.1763,35.5988],[136.1761,35.599],[136.1757,35.5995],[136.1755,35.6],[136.1755,35.6],[136.1753,35.6004],[136.1752,35.6006],[136.175,35.601],[136.175,35.601],[136.1749,35.6012],[136.1747,35.6018],[136.1744,35.6024],[136.1744,35.6027],[136.1745,35.6029],[136.1745,35.6032],[136.1745,35.6034],[136.1744,35.6036],[136.1737,35.604],[136.1736,35.6041],[136.1734,35.6043],[136.1732,35.6045],[136.1732,35.6046],[136.1731,35.6048],[136.1731,35.6053],[136.1731,35.6055],[136.1728,35.6059],[136.1727,35.6062],[136.1726,35.6063],[136.1723,35.6067],[136.1723,35.6068],[136.1721,35.607],[136.1717,35.6072],[136.1716,35.6073],[136.1715,35.6075],[136.1714,35.6078],[136.1712,35.6081],[136.171,35.6083],[136.171,35.6083],[136.171,35.6084],[136.1709,35.6085],[136.1708,35.6087],[136.1708,35.6089],[136.1708,35.609],[136.1708,35.6096],[136.1708,35.6097],[136.1707,35.6104],[136.1705,35.6113],[136.1705,35.6117],[136.1704,35.6122],[136.1704,35.6124],[136.1702,35.6127],[136.1702,35.6127],[136.1699,35.613],[136.1695,35.6135],[136.1693,35.6137],[136.1689,35.614],[136.1687,35.6142],[136.1685,35.6145],[136.1683,35.6148],[136.1679,35.6157],[136.1676,35.6166],[136.1676,35.6167],[136.1676,35.6167],[136.1675,35.6168],[136.1674,35.6171],[136.1672,35.6178],[136.1671,35.6183],[136.1669,35.6186],[136.1667,35.6188],[136.1667,35.6188],[136.1667,35.6188],[136.1664,35.6188],[136.1657,35.6188],[136.1652,35.6189],[136.1651,35.619],[136.1649,35.6192],[136.1647,35.6195],[136.1646,35.6197],[136.1643,35.62],[136.1643,35.6201],[136.1643,35.6203],[136.1644,35.6205],[136.1643,35.6209],[136.1643,35.6212],[136.1641,35.6217],[136.1638,35.622],[136.1637,35.6222],[136.1632,35.6223],[136.1631,35.6225],[136.1628,35.6231],[136.1626,35.6238],[136.1626,35.6239],[136.1626,35.6239],[136.1625,35.624],[136.1621,35.6241],[136.1617,35.6243],[136.1615,35.6245],[136.1613,35.6248],[136.1612,35.6249],[136.161,35.625],[136.1604,35.625],[136.1602,35.625],[136.1602,35.625],[136.1601,35.625],[136.1599,35.6252],[136.1598,35.6254],[136.1598,35.6256],[136.1599,35.6259],[136.1602,35.6264],[136.1603,35.6267],[136.1603,35.6269],[136.1602,35.6273],[136.1598,35.6283],[136.1595,35.6289],[136.1595,35.6291],[136.1594,35.6293],[136.1593,35.6294],[136.1587,35.6296],[136.1586,35.6297],[136.1586,35.6298],[136.1586,35.6299],[136.1587,35.63],[136.1592,35.6304],[136.1593,35.6306],[136.1594,35.6307],[136.1595,35.6309],[136.1596,35.6313],[136.1596,35.6318],[136.1597,35.6323],[136.1596,35.6329],[136.1596,35.6333],[136.1596,35.6333],[136.1596,35.6336],[136.1596,35.6338],[136.1597,35.6341],[136.1599,35.6346],[136.1599,35.6347],[136.1599,35.6348],[136.1598,35.635],[136.1591,35.6352],[136.1585,35.6355],[136.1583,35.6357],[136.1583,35.6357],[136.1583,35.6357],[136.1583,35.6358],[136.1583,35.6359],[136.1583,35.6361],[136.1583,35.6363],[136.1583,35.6363],[136.1585,35.6371],[136.1586,35.6376],[136.1586,35.6379],[136.1586,35.638],[136.1585,35.6384],[136.1584,35.6387],[136.1584,35.6388],[136.1583,35.6388],[136.1583,35.6388],[136.1582,35.6392],[136.1581,35.6395],[136.1579,35.6398],[136.1578,35.64],[136.1574,35.6404],[136.1573,35.6404],[136.1573,35.6405],[136.1574,35.6408],[136.1574,35.6411],[136.1573,35.6413],[136.157,35.6414],[136.156,35.6417],[136.156,35.6417],[136.1559,35.6417],[136.1554,35.6418],[136.1552,35.6421],[136.1549,35.6424],[136.1548,35.6426],[136.1547,35.6427],[136.1548,35.643],[136.1547,35.6432],[136.1544,35.6434],[136.1542,35.6436],[136.1541,35.6438],[136.154,35.6442],[136.154,35.6445],[136.1542,35.645],[136.1543,35.6455],[136.1543,35.646],[136.1543,35.6461],[136.1543,35.6462],[136.1541,35.6463],[136.154,35.6463],[136.1536,35.6462],[136.1533,35.6461],[136.1531,35.6461],[136.1529,35.6463],[136.1528,35.6465],[136.1527,35.6468],[136.1525,35.6469],[136.1522,35.6474],[136.1515,35.6483],[136.1514,35.6486],[136.1512,35.649],[136.1512,35.6493],[136.1513,35.6494],[136.1514,35.6497],[136.1516,35.65],[136.1517,35.65],[136.1517,35.65],[136.1525,35.6506],[136.1525,35.6506],[136.1525,35.6507],[136.1525,35.6507],[136.1523,35.6508],[136.1512,35.6511],[136.1511,35.6512],[136.151,35.6514],[136.1509,35.6515],[136.1509,35.6516],[136.1511,35.6523],[136.1511,35.6524],[136.1513,35.653],[136.1512,35.6532],[136.1512,35.6533],[136.1508,35.6533],[136.1506,35.6534],[136.1505,35.6535],[136.1503,35.654],[136.1501,35.6545],[136.1501,35.6547],[136.1501,35.6548],[136.1503,35.655],[136.1505,35.6552],[136.1512,35.6554],[136.1513,35.6555],[136.1513,35.6556],[136.1513,35.6556],[136.1512,35.6558],[136.151,35.6561],[136.1509,35.6563],[136.1508,35.6566],[136.1507,35.6574],[136.1505,35.6581],[136.1504,35.6583],[136.1504,35.6583],[136.1504,35.6586],[136.1504,35.6589],[136.1502,35.6594],[136.15,35.6596],[136.15,35.6596],[136.15,35.6596],[136.1497,35.6599],[136.1496,35.66],[136.1492,35.6603],[136.1492,35.6603],[136.1491,35.6606],[136.1491,35.6611],[136.149,35.6613],[136.1483,35.6622],[136.1481,35.6624],[136.1478,35.6625],[136.1466,35.6628],[136.1458,35.663],[136.1451,35.6632],[136.1445,35.6634],[136.144,35.6637],[136.1437,35.6638],[136.1432,35.6638],[136.1424,35.664],[136.1423,35.6639],[136.1418,35.6638],[136.1417,35.6638],[136.1417,35.6638],[136.1411,35.6638],[136.1409,35.6638],[136.1406,35.6638],[136.1401,35.664],[136.1399,35.6642],[136.1396,35.6645],[136.1393,35.6649],[136.139,35.6649],[136.1384,35.6649],[136.1379,35.6649],[136.1375,35.6651],[136.1371,35.6653],[136.1364,35.6657],[136.136,35.6661],[136.1359,35.6664],[136.1358,35.6664],[136.1357,35.6667],[136.1357,35.6667],[136.1357,35.6668],[136.1355,35.6673],[136.1354,35.6674],[136.1351,35.6674],[136.135,35.6675],[136.1347,35.668],[136.1347,35.6683],[136.1347,35.6686],[136.1345,35.6692],[136.1345,35.6694],[136.1345,35.6696],[136.1345,35.6698],[136.1349,35.6702],[136.1351,35.6704],[136.1352,35.6706],[136.1355,35.671],[136.1356,35.6712],[136.1359,35.6714],[136.136,35.6714],[136.1361,35.6715],[136.1361,35.6716],[136.1361,35.6721],[136.1362,35.6724],[136.1364,35.6726],[136.1365,35.6727],[136.1367,35.6727],[136.1371,35.6727],[136.1376,35.6728],[136.1377,35.6729],[136.1378,35.6731],[136.1379,35.6733],[136.1379,35.6744],[136.138,35.675],[136.138,35.675],[136.138,35.6751],[136.138,35.6752],[136.1382,35.6753],[136.1385,35.6754],[136.1389,35.6756],[136.1391,35.6757],[136.1391,35.6757],[136.1394,35.6762],[136.1396,35.6767],[136.1398,35.677],[136.1398,35.6771],[136.1398,35.6773],[136.1396,35.6776],[136.1396,35.6778],[136.1396,35.678],[136.1397,35.6781],[136.1399,35.6782],[136.1403,35.6784],[136.1411,35.6787],[136.1415,35.679],[136.1417,35.679],[136.1417,35.679],[136.1417,35.679],[136.1418,35.679],[136.1421,35.679],[136.1422,35.679],[136.1423,35.679],[136.1425,35.6792],[136.1426,35.6794],[136.1428,35.6797],[136.1429,35.68],[136.143,35.6802],[136.1429,35.6805],[136.1429,35.6808],[136.1429,35.681],[136.143,35.6811],[136.1431,35.6813],[136.1433,35.6815],[136.1434,35.6818],[136.1435,35.682],[136.1435,35.6822],[136.1435,35.6826],[136.1435,35.6828],[136.1435,35.683],[136.1435,35.6832],[136.1437,35.6833],[136.1437,35.6833],[136.1437,35.6833],[136.1439,35.6834],[136.1443,35.6837],[136.1445,35.6839],[136.1445,35.6839],[136.1446,35.6842],[136.1446,35.6843],[136.1447,35.6843],[136.1449,35.6844],[136.1451,35.6844],[136.1452,35.6845],[136.1453,35.6846],[136.1453,35.6847],[136.1453,35.6848],[136.1454,35.685],[136.1456,35.6856],[136.146,35.6865],[136.1462,35.6868],[136.1463,35.687],[136.1465,35.6871],[136.1466,35.6872],[136.147,35.6872],[136.1474,35.6873],[136.148,35.6873],[136.1481,35.6873],[136.1483,35.6875],[136.1485,35.6877],[136.1489,35.6884],[136.149,35.6888],[136.149,35.6889],[136.1489,35.689],[136.1488,35.6892],[136.1488,35.6893],[136.1489,35.6895],[136.1489,35.6896],[136.1492,35.69],[136.1493,35.6902],[136.1495,35.6904],[136.15,35.6909],[136.15,35.6909],[136.15,35.6909],[136.1503,35.6911],[136.1504,35.6913],[136.1503,35.6916],[136.1503,35.6917],[136.1503,35.6917],[136.1503,35.6918],[136.1502,35.6921],[136.1501,35.6923],[136.15,35.6924],[136.15,35.6927],[136.1501,35.693],[136.1501,35.6931],[136.1502,35.6934],[136.1503,35.6937],[136.1503,35.694],[136.15,35.6944],[136.15,35.6944],[136.1499,35.6945],[136.1497,35.6947],[136.1497,35.6949],[136.1497,35.6951],[136.1498,35.6954],[136.1499,35.6957],[136.15,35.6958],[136.15,35.6958],[136.1501,35.696],[136.1506,35.6967],[136.1506,35.6969],[136.1506,35.697],[136.1505,35.6973],[136.1503,35.6977],[136.1504,35.6978],[136.1506,35.6979],[136.1508,35.6981],[136.1509,35.6982],[136.1514,35.6984],[136.1518,35.6986],[136.152,35.6986],[136.1523,35.6987],[136.1526,35.6987],[136.1536,35.6987],[136.1539,35.6988],[136.1543,35.6989],[136.1544,35.699],[136.1546,35.6992],[136.1549,35.6996],[136.1552,35.6999],[136.1554,35.7],[136.1555,35.7],[136.1555,35.7],[136.1558,35.7001],[136.1565,35.7003],[136.1568,35.7004],[136.1569,35.7003],[136.1571,35.7003],[136.1575,35.7],[136.1575,35.7],[136.1575,35.7],[136.1581,35.6993],[136.1582,35.6993],[136.1583,35.6992],[136.1583,35.6991],[136.1583,35.6991],[136.1585,35.699],[136.1596,35.6986],[136.1608,35.6981],[136.1612,35.6979],[136.1614,35.6977],[136.1614,35.6975],[136.1615,35.6973],[136.1615,35.6969],[136.1616,35.6966],[136.1617,35.6966],[136.1617,35.6965],[136.1618,35.6964],[136.162,35.6964],[136.1622,35.6963],[136.163,35.6963],[136.1632,35.6963],[136.1636,35.6962],[136.164,35.6962],[136.1643,35.6963],[136.1646,35.6963],[136.1648,35.6963],[136.1652,35.6965],[136.1656,35.6967],[136.1657,35.6968],[136.1659,35.697],[136.166,35.6973],[136.1661,35.6975],[136.1661,35.6977],[136.166,35.6979],[136.166,35.6979],[136.1659,35.698],[136.1659,35.6983],[136.166,35.6986],[136.1661,35.6988],[136.1661,35.6991],[136.166,35.6994],[136.1661,35.6996],[136.1663,35.7],[136.1663,35.7],[136.1664,35.7001],[136.1665,35.7006],[136.1666,35.701],[136.1667,35.7015],[136.1667,35.7015],[136.1667,35.702],[136.1668,35.7022],[136.1668,35.7023],[136.167,35.7025],[136.1673,35.7029],[136.1674,35.703],[136.1676,35.7032],[136.1678,35.7033],[136.1679,35.7034],[136.1681,35.7034],[136.1682,35.7033],[136.1682,35.7032],[136.1683,35.703],[136.1684,35.7028],[136.1685,35.7027],[136.1686,35.7026],[136.1689,35.7024],[136.1694,35.7021],[136.1698,35.7017],[136.1701,35.7015],[136.1701,35.7015],[136.1704,35.7014],[136.1705,35.7015],[136.1705,35.7015],[136.1707,35.7015],[136.1708,35.7016],[136.171,35.7017],[136.1714,35.7017],[136.1716,35.7017],[136.1718,35.7018],[136.1719,35.702],[136.1721,35.702],[136.1723,35.7021],[136.1724,35.7021],[136.1726,35.7023],[136.1728,35.7026],[136.173,35.7027],[136.1731,35.7028],[136.1733,35.7029],[136.1736,35.703],[136.1739,35.7031],[136.174,35.7033],[136.1742,35.7035],[136.1743,35.7036],[136.1744,35.7037],[136.1746,35.7037],[136.1747,35.7037],[136.1748,35.7035],[136.175,35.7034],[136.175,35.7034],[136.175,35.7034],[136.1751,35.7034],[136.1754,35.7033],[136.1758,35.7032],[136.176,35.703]]]}}],"type":"FeatureCollection"}