{"type":"FeatureCollection","features":[{"geometry":{"coordinates":[[[[131.1882,24.4612],[131.1881,24.4612],[131.1881,24.4612],[131.1881,24.4612],[131.1881,24.4612],[131.1882,24.4612],[131.1882,24.4612],[131.1882,24.4612]]],[[[131.1878,24.4613],[131.1878,24.4612],[131.1877,24.4612],[131.1877,24.4613],[131.1877,24.4613],[131.1878,24.4613],[131.1878,24.4613]]],[[[131.1885,24.4613],[131.1885,24.4613],[131.1885,24.4613],[131.1884,24.4613],[131.1884,24.4613],[131.1884,24.4613],[131.1884,24.4613],[131.1884,24.4613],[131.1884,24.4614],[131.1885,24.4614],[131.1885,24.4614],[131.1886,24.4613],[131.1886,24.4613],[131.1886,24.4613],[131.1885,24.4613]]],[[[131.1876,24.4613],[131.1876,24.4613],[131.1875,24.4613],[131.1875,24.4613],[131.1875,24.4613],[131.1875,24.4614],[131.1876,24.4614],[131.1876,24.4613],[131.1876,24.4613]]],[[[131.1894,24.4613],[131.1894,24.4613],[131.1893,24.4613],[131.1892,24.4613],[131.1892,24.4613],[131.1891,24.4613],[131.189,24.4613],[131.189,24.4613],[131.1889,24.4613],[131.1888,24.4613],[131.1888,24.4613],[131.1887,24.4613],[131.1887,24.4613],[131.1887,24.4613],[131.1887,24.4613],[131.1888,24.4614],[131.1888,24.4614],[131.1888,24.4613],[131.1888,24.4613],[131.1889,24.4613],[131.1889,24.4613],[131.189,24.4614],[131.189,24.4614],[131.1891,24.4614],[131.1891,24.4614],[131.1892,24.4614],[131.1893,24.4614],[131.1894,24.4615],[131.1894,24.4615],[131.1895,24.4615],[131.1895,24.4614],[131.1895,24.4614],[131.1895,24.4614],[131.1894,24.4613]]],[[[131.1897,24.4615],[131.1897,24.4615],[131.1896,24.4615],[131.1896,24.4615],[131.1896,24.4616],[131.1897,24.4616],[131.1897,24.4615],[131.1897,24.4615]]],[[[131.187,24.4615],[131.187,24.4615],[131.1869,24.4615],[131.1868,24.4615],[131.1868,24.4616],[131.1868,24.4616],[131.1868,24.4616],[131.1869,24.4616],[131.187,24.4616],[131.187,24.4616],[131.187,24.4615],[131.187,24.4615],[131.187,24.4615]]],[[[131.1902,24.4616],[131.1901,24.4615],[131.1901,24.4615],[131.1901,24.4616],[131.19,24.4616],[131.19,24.4616],[131.19,24.4615],[131.19,24.4616],[131.19,24.4616],[131.19,24.4617],[131.19,24.4617],[131.1901,24.4617],[131.1902,24.4617],[131.1902,24.4617],[131.1903,24.4617],[131.1903,24.4617],[131.1903,24.4616],[131.1902,24.4616]]],[[[131.1863,24.4618],[131.1862,24.4618],[131.1862,24.4618],[131.1862,24.4618],[131.1862,24.4618],[131.1862,24.4619],[131.1862,24.4619],[131.1863,24.4619],[131.1863,24.4618],[131.1863,24.4618],[131.1863,24.4618],[131.1863,24.4618],[131.1863,24.4618]]],[[[131.1905,24.4618],[131.1904,24.4618],[131.1904,24.4618],[131.1904,24.4618],[131.1904,24.4619],[131.1904,24.4619],[131.1904,24.4619],[131.1905,24.4618]]],[[[131.1911,24.462],[131.191,24.462],[131.191,24.462],[131.1911,24.4621],[131.1911,24.462],[131.1911,24.462],[131.1911,24.462]]],[[[131.1908,24.4619],[131.1908,24.4619],[131.1907,24.4619],[131.1906,24.4619],[131.1906,24.4619],[131.1906,24.4619],[131.1906,24.4619],[131.1907,24.462],[131.1907,24.462],[131.1908,24.462],[131.1908,24.462],[131.1908,24.4621],[131.1908,24.4621],[131.1909,24.4621],[131.1909,24.4621],[131.1909,24.4621],[131.1909,24.462],[131.1909,24.462],[131.1909,24.4619],[131.1909,24.4619],[131.1909,24.4619],[131.1908,24.4619]]],[[[131.1913,24.4622],[131.1913,24.4622],[131.1913,24.4622],[131.1912,24.4622],[131.1913,24.4622],[131.1913,24.4622],[131.1913,24.4622],[131.1913,24.4622]]],[[[131.1849,24.4623],[131.1849,24.4623],[131.1848,24.4623],[131.1848,24.4623],[131.1848,24.4623],[131.1848,24.4623],[131.1848,24.4623],[131.1849,24.4623],[131.1849,24.4623],[131.1849,24.4623],[131.1849,24.4623],[131.1849,24.4623],[131.1849,24.4623],[131.1849,24.4623],[131.1849,24.4623]]],[[[131.1854,24.4623],[131.1854,24.4623],[131.1854,24.4623],[131.1853,24.4623],[131.1853,24.4624],[131.1854,24.4624],[131.1854,24.4624],[131.1854,24.4624],[131.1854,24.4624],[131.1854,24.4623],[131.1854,24.4623]]],[[[131.1851,24.4626],[131.1851,24.4625],[131.185,24.4625],[131.185,24.4626],[131.185,24.4626],[131.185,24.4626],[131.185,24.4626],[131.185,24.4626],[131.185,24.4626],[131.185,24.4626],[131.1851,24.4626],[131.1851,24.4626],[131.1851,24.4626],[131.1851,24.4626]]],[[[131.1919,24.4625],[131.1918,24.4625],[131.1918,24.4625],[131.1918,24.4625],[131.1918,24.4626],[131.1918,24.4626],[131.1919,24.4626],[131.1919,24.4626],[131.1919,24.4627],[131.1919,24.4627],[131.192,24.4626],[131.192,24.4626],[131.1919,24.4625],[131.1919,24.4625]]],[[[131.1849,24.4627],[131.1849,24.4627],[131.1849,24.4627],[131.1849,24.4627],[131.1849,24.4628],[131.1849,24.4628],[131.1849,24.4628],[131.185,24.4628],[131.185,24.4627],[131.185,24.4627],[131.1849,24.4627]]],[[[131.1922,24.4628],[131.1922,24.4628],[131.1921,24.4628],[131.1921,24.4628],[131.1921,24.4628],[131.1922,24.4628],[131.1922,24.4628],[131.1922,24.4628]]],[[[131.1847,24.4631],[131.1847,24.4631],[131.1847,24.4631],[131.1847,24.4631],[131.1847,24.4632],[131.1847,24.4631],[131.1847,24.4631]]],[[[131.1923,24.4629],[131.1923,24.4629],[131.1922,24.463],[131.1922,24.463],[131.1923,24.463],[131.1923,24.4631],[131.1924,24.4631],[131.1924,24.4631],[131.1924,24.4631],[131.1924,24.4632],[131.1924,24.4632],[131.1924,24.4632],[131.1924,24.4633],[131.1925,24.4632],[131.1925,24.4632],[131.1925,24.4632],[131.1925,24.4631],[131.1925,24.4631],[131.1925,24.4631],[131.1925,24.463],[131.1924,24.463],[131.1923,24.4629]]],[[[131.1846,24.4633],[131.1845,24.4633],[131.1845,24.4633],[131.1845,24.4633],[131.1845,24.4634],[131.1845,24.4634],[131.1846,24.4633],[131.1846,24.4633],[131.1846,24.4633]]],[[[131.1927,24.4633],[131.1927,24.4633],[131.1927,24.4633],[131.1926,24.4634],[131.1927,24.4634],[131.1927,24.4634],[131.1927,24.4634],[131.1927,24.4633]]],[[[131.1842,24.4636],[131.1842,24.4636],[131.1842,24.4637],[131.1842,24.4637],[131.1842,24.4637],[131.1842,24.4637],[131.1843,24.4637],[131.1843,24.4637],[131.1842,24.4636]]],[[[131.1929,24.4637],[131.1928,24.4636],[131.1928,24.4637],[131.1928,24.4637],[131.1929,24.4637],[131.1929,24.4637],[131.1929,24.4637],[131.1929,24.4637],[131.1929,24.4637]]],[[[131.193,24.4639],[131.1929,24.4639],[131.1929,24.4639],[131.1929,24.4639],[131.1929,24.4639],[131.1929,24.464],[131.1929,24.464],[131.193,24.464],[131.193,24.464],[131.193,24.464],[131.193,24.4639],[131.193,24.4639],[131.193,24.4639]]],[[[131.1932,24.4642],[131.1932,24.4642],[131.1932,24.4642],[131.1931,24.4642],[131.1931,24.4643],[131.1932,24.4643],[131.1932,24.4643],[131.1932,24.4643],[131.1932,24.4643],[131.1932,24.4643],[131.1932,24.4642]]],[[[131.1934,24.4644],[131.1934,24.4644],[131.1933,24.4644],[131.1933,24.4645],[131.1933,24.4645],[131.1933,24.4645],[131.1933,24.4646],[131.1934,24.4646],[131.1934,24.4646],[131.1934,24.4645],[131.1934,24.4645],[131.1934,24.4644],[131.1934,24.4644],[131.1934,24.4644]]],[[[131.1939,24.4651],[131.1939,24.4651],[131.1938,24.4652],[131.1938,24.4652],[131.1939,24.4653],[131.1939,24.4652],[131.1939,24.4652],[131.1939,24.4652],[131.1939,24.4651]]],[[[131.1942,24.4655],[131.1942,24.4655],[131.1941,24.4655],[131.1941,24.4655],[131.1941,24.4655],[131.1941,24.4656],[131.1942,24.4656],[131.1942,24.4656],[131.1942,24.4656],[131.1942,24.4655],[131.1942,24.4655]]],[[[131.1943,24.4657],[131.1943,24.4656],[131.1942,24.4657],[131.1942,24.4657],[131.1942,24.4657],[131.1943,24.4657],[131.1943,24.4657],[131.1943,24.4657],[131.1943,24.4657]]],[[[131.1943,24.4659],[131.1942,24.4659],[131.1942,24.4659],[131.1942,24.4659],[131.1942,24.466],[131.1943,24.466],[131.1943,24.466],[131.1943,24.466],[131.1943,24.466],[131.1944,24.466],[131.1944,24.4659],[131.1944,24.4659],[131.1943,24.4659],[131.1943,24.4659]]],[[[131.1946,24.4661],[131.1945,24.4661],[131.1945,24.4661],[131.1945,24.4661],[131.1945,24.4662],[131.1945,24.4662],[131.1946,24.4662],[131.1946,24.4661],[131.1946,24.4661]]],[[[131.1947,24.4664],[131.1947,24.4663],[131.1946,24.4663],[131.1946,24.4663],[131.1946,24.4664],[131.1946,24.4664],[131.1946,24.4664],[131.1946,24.4664],[131.1947,24.4664],[131.1947,24.4664]]],[[[131.1948,24.4667],[131.1948,24.4667],[131.1948,24.4667],[131.1948,24.4668],[131.1948,24.4668],[131.1948,24.4668],[131.1949,24.4668],[131.1949,24.4667],[131.1948,24.4667]]],[[[131.195,24.4669],[131.195,24.4669],[131.1949,24.4669],[131.195,24.467],[131.195,24.467],[131.195,24.467],[131.195,24.4669]]],[[[131.1826,24.4674],[131.1825,24.4673],[131.1825,24.4674],[131.1825,24.4674],[131.1826,24.4674],[131.1826,24.4674],[131.1826,24.4674],[131.1826,24.4674]]],[[[131.1825,24.4676],[131.1824,24.4676],[131.1824,24.4676],[131.1824,24.4676],[131.1824,24.4677],[131.1824,24.4677],[131.1824,24.4677],[131.1824,24.4677],[131.1825,24.4677],[131.1825,24.4676]]],[[[131.1822,24.4679],[131.1822,24.4679],[131.1822,24.4679],[131.1822,24.4679],[131.1822,24.4679],[131.1822,24.4679],[131.1822,24.4679],[131.1823,24.4679],[131.1822,24.4679]]],[[[131.1954,24.4679],[131.1954,24.4679],[131.1954,24.4679],[131.1953,24.4679],[131.1953,24.468],[131.1954,24.468],[131.1954,24.468],[131.1954,24.468],[131.1954,24.4679]]],[[[131.1822,24.468],[131.1822,24.468],[131.1821,24.468],[131.1821,24.4681],[131.1821,24.4681],[131.1821,24.4681],[131.1822,24.4681],[131.1822,24.468]]],[[[131.1956,24.4683],[131.1955,24.4683],[131.1955,24.4683],[131.1955,24.4684],[131.1956,24.4684],[131.1956,24.4684],[131.1956,24.4683],[131.1956,24.4683]]],[[[131.1954,24.4693],[131.1954,24.4692],[131.1954,24.4693],[131.1953,24.4693],[131.1953,24.4694],[131.1953,24.4694],[131.1952,24.4694],[131.1952,24.4695],[131.1953,24.4695],[131.1953,24.4695],[131.1953,24.4695],[131.1953,24.4695],[131.1954,24.4695],[131.1954,24.4694],[131.1954,24.4693],[131.1954,24.4693],[131.1954,24.4693]]],[[[131.1815,24.4695],[131.1814,24.4695],[131.1814,24.4695],[131.1814,24.4696],[131.1814,24.4696],[131.1814,24.4696],[131.1815,24.4696],[131.1815,24.4696],[131.1815,24.4696],[131.1815,24.4695],[131.1815,24.4695]]],[[[131.1952,24.4697],[131.1952,24.4696],[131.1951,24.4697],[131.1951,24.4697],[131.1951,24.4697],[131.1951,24.4698],[131.1951,24.4698],[131.1952,24.4698],[131.1952,24.4698],[131.1952,24.4697]]],[[[131.195,24.4699],[131.195,24.4699],[131.195,24.4699],[131.1949,24.4699],[131.195,24.47],[131.195,24.47],[131.195,24.4699],[131.195,24.4699]]],[[[131.1949,24.47],[131.1949,24.47],[131.1948,24.47],[131.1948,24.47],[131.1948,24.4701],[131.1948,24.4701],[131.1948,24.4701],[131.1949,24.4701],[131.1949,24.4701],[131.1949,24.4701],[131.1949,24.47]]],[[[131.1946,24.4703],[131.1946,24.4703],[131.1947,24.4703],[131.1947,24.4703],[131.1948,24.4702],[131.1948,24.4702],[131.1948,24.4702],[131.1947,24.4702],[131.1947,24.4702],[131.1946,24.4702],[131.1946,24.4702],[131.1946,24.4703]]],[[[131.1807,24.4709],[131.1807,24.4709],[131.1806,24.4709],[131.1806,24.4709],[131.1807,24.4709],[131.1807,24.4709],[131.1807,24.4709]]],[[[131.1807,24.4711],[131.1807,24.4711],[131.1807,24.4711],[131.1806,24.4711],[131.1807,24.4711],[131.1807,24.4712],[131.1807,24.4711],[131.1807,24.4711]]],[[[131.1882,24.4714],[131.1881,24.4714],[131.1881,24.4714],[131.1881,24.4714],[131.188,24.4714],[131.188,24.4714],[131.1881,24.4714],[131.1882,24.4714],[131.1882,24.4714],[131.1882,24.4714],[131.1882,24.4714]]],[[[131.1876,24.4714],[131.1875,24.4714],[131.1875,24.4714],[131.1875,24.4715],[131.1875,24.4715],[131.1875,24.4715],[131.1876,24.4715],[131.1876,24.4715],[131.1876,24.4715],[131.1876,24.4714]]],[[[131.1807,24.4715],[131.1807,24.4715],[131.1806,24.4716],[131.1806,24.4716],[131.1807,24.4716],[131.1807,24.4716],[131.1807,24.4716],[131.1807,24.4716],[131.1807,24.4716],[131.1807,24.4715]]],[[[131.1819,24.4723],[131.1819,24.4723],[131.182,24.4723],[131.182,24.4723],[131.1821,24.4723],[131.1821,24.4722],[131.1822,24.4723],[131.1822,24.4723],[131.1823,24.4722],[131.1824,24.4722],[131.1824,24.4722],[131.1825,24.4722],[131.1826,24.4721],[131.1827,24.4722],[131.1828,24.4722],[131.1828,24.4721],[131.1828,24.4721],[131.1829,24.4721],[131.183,24.4721],[131.1831,24.4721],[131.1832,24.4722],[131.1832,24.4721],[131.1833,24.4721],[131.1833,24.4721],[131.1833,24.4721],[131.1834,24.4721],[131.1835,24.4721],[131.1835,24.4721],[131.1836,24.4721],[131.1837,24.4721],[131.1838,24.4721],[131.1839,24.4721],[131.184,24.4721],[131.184,24.472],[131.1841,24.472],[131.1842,24.4721],[131.1843,24.472],[131.1843,24.472],[131.1845,24.472],[131.1846,24.4719],[131.1847,24.4719],[131.1848,24.4719],[131.1848,24.4718],[131.1849,24.4718],[131.1849,24.4718],[131.1851,24.4718],[131.1851,24.4718],[131.1851,24.4718],[131.1853,24.4718],[131.1853,24.4717],[131.1854,24.4717],[131.1854,24.4717],[131.1856,24.4717],[131.1857,24.4717],[131.1858,24.4716],[131.1859,24.4716],[131.186,24.4716],[131.1861,24.4716],[131.1861,24.4715],[131.1863,24.4715],[131.1864,24.4714],[131.1864,24.4714],[131.1865,24.4714],[131.1866,24.4714],[131.1867,24.4713],[131.1868,24.4714],[131.1869,24.4714],[131.1869,24.4713],[131.187,24.4714],[131.1872,24.4713],[131.1872,24.4713],[131.1873,24.4713],[131.1873,24.4713],[131.1874,24.4713],[131.1875,24.4713],[131.1875,24.4713],[131.1875,24.4713],[131.1876,24.4713],[131.1877,24.4713],[131.1877,24.4713],[131.1878,24.4712],[131.1878,24.4712],[131.1878,24.4712],[131.1879,24.4713],[131.188,24.4713],[131.188,24.4713],[131.1881,24.4713],[131.1881,24.4712],[131.1882,24.4713],[131.1882,24.4713],[131.1883,24.4713],[131.1883,24.4712],[131.1885,24.4713],[131.1886,24.4713],[131.1887,24.4713],[131.1887,24.4712],[131.1888,24.4712],[131.1889,24.4712],[131.189,24.4712],[131.1891,24.4712],[131.1892,24.4712],[131.1893,24.4711],[131.1894,24.4712],[131.1895,24.4712],[131.1896,24.4712],[131.1896,24.4712],[131.1897,24.4712],[131.1897,24.4712],[131.1898,24.4712],[131.1898,24.4712],[131.1899,24.4712],[131.19,24.4712],[131.1901,24.4712],[131.1901,24.4712],[131.1902,24.4712],[131.1902,24.4712],[131.1904,24.4713],[131.1904,24.4713],[131.1905,24.4712],[131.1905,24.4713],[131.1907,24.4713],[131.1907,24.4713],[131.1907,24.4713],[131.1908,24.4713],[131.1909,24.4713],[131.191,24.4713],[131.191,24.4713],[131.1911,24.4713],[131.1911,24.4713],[131.1913,24.4713],[131.1913,24.4712],[131.1914,24.4713],[131.1915,24.4713],[131.1915,24.4713],[131.1915,24.4712],[131.1915,24.4712],[131.1916,24.4712],[131.1917,24.4712],[131.1917,24.4712],[131.1917,24.4712],[131.1919,24.4712],[131.192,24.4711],[131.192,24.4711],[131.1921,24.4711],[131.1921,24.4711],[131.1922,24.4711],[131.1922,24.4711],[131.1923,24.4711],[131.1923,24.4711],[131.1924,24.4711],[131.1925,24.4711],[131.1925,24.4711],[131.1926,24.471],[131.1927,24.471],[131.1927,24.471],[131.1928,24.4709],[131.1929,24.4709],[131.193,24.4709],[131.1931,24.4709],[131.1931,24.4708],[131.1932,24.4709],[131.1933,24.4708],[131.1933,24.4708],[131.1934,24.4708],[131.1935,24.4708],[131.1935,24.4708],[131.1936,24.4707],[131.1936,24.4707],[131.1938,24.4706],[131.1938,24.4706],[131.1939,24.4706],[131.194,24.4705],[131.194,24.4705],[131.1941,24.4705],[131.1942,24.4704],[131.1942,24.4704],[131.1943,24.4704],[131.1943,24.4703],[131.1944,24.4703],[131.1945,24.4702],[131.1946,24.4701],[131.1946,24.4701],[131.1945,24.47],[131.1946,24.47],[131.1946,24.4699],[131.1947,24.4698],[131.1947,24.4698],[131.1947,24.4697],[131.1948,24.4697],[131.1949,24.4696],[131.1949,24.4695],[131.1949,24.4695],[131.195,24.4694],[131.1951,24.4693],[131.1951,24.4693],[131.1951,24.4692],[131.195,24.4692],[131.1951,24.4691],[131.1951,24.4691],[131.1951,24.469],[131.195,24.469],[131.1951,24.4689],[131.1951,24.4689],[131.1951,24.4688],[131.1951,24.4687],[131.1951,24.4687],[131.1951,24.4686],[131.1951,24.4686],[131.1951,24.4685],[131.1951,24.4684],[131.1951,24.4684],[131.1951,24.4683],[131.1951,24.4682],[131.195,24.4682],[131.195,24.4682],[131.195,24.4681],[131.195,24.468],[131.1949,24.4679],[131.1949,24.4679],[131.1949,24.4679],[131.1949,24.4678],[131.1948,24.4677],[131.1947,24.4677],[131.1947,24.4676],[131.1946,24.4675],[131.1946,24.4674],[131.1945,24.4674],[131.1945,24.4674],[131.1945,24.4673],[131.1944,24.4672],[131.1944,24.4672],[131.1945,24.4671],[131.1945,24.4671],[131.1944,24.467],[131.1945,24.4669],[131.1945,24.4669],[131.1944,24.4668],[131.1944,24.4668],[131.1944,24.4668],[131.1943,24.4668],[131.1943,24.4667],[131.1943,24.4667],[131.1943,24.4666],[131.1942,24.4665],[131.1941,24.4665],[131.1941,24.4664],[131.1941,24.4664],[131.1941,24.4663],[131.1941,24.4663],[131.1941,24.4663],[131.194,24.4662],[131.194,24.4662],[131.1939,24.4661],[131.1939,24.466],[131.1938,24.466],[131.1938,24.466],[131.1938,24.4659],[131.1938,24.4659],[131.1938,24.4658],[131.1938,24.4658],[131.1937,24.4658],[131.1937,24.4658],[131.1937,24.4656],[131.1936,24.4656],[131.1935,24.4655],[131.1936,24.4654],[131.1935,24.4653],[131.1934,24.4653],[131.1934,24.4653],[131.1934,24.4653],[131.1934,24.4652],[131.1933,24.4651],[131.1933,24.4651],[131.1932,24.4651],[131.1932,24.465],[131.1932,24.465],[131.1932,24.4649],[131.1932,24.4649],[131.1931,24.4649],[131.1931,24.4649],[131.193,24.4649],[131.193,24.4648],[131.193,24.4647],[131.193,24.4647],[131.1929,24.4647],[131.193,24.4646],[131.193,24.4646],[131.1929,24.4645],[131.1929,24.4645],[131.1928,24.4644],[131.1928,24.4644],[131.1927,24.4644],[131.1927,24.4644],[131.1927,24.4644],[131.1927,24.4643],[131.1926,24.4643],[131.1927,24.4642],[131.1927,24.4641],[131.1927,24.4641],[131.1927,24.464],[131.1926,24.464],[131.1926,24.4639],[131.1926,24.4639],[131.1925,24.4639],[131.1925,24.4638],[131.1924,24.4637],[131.1925,24.4636],[131.1925,24.4636],[131.1924,24.4635],[131.1924,24.4635],[131.1924,24.4635],[131.1923,24.4635],[131.1923,24.4635],[131.1922,24.4635],[131.1922,24.4636],[131.1921,24.4636],[131.1921,24.4636],[131.1922,24.4635],[131.1922,24.4634],[131.1922,24.4634],[131.1922,24.4633],[131.1922,24.4633],[131.1922,24.4632],[131.1922,24.4632],[131.1921,24.4632],[131.192,24.4632],[131.192,24.4632],[131.1919,24.4633],[131.1918,24.4632],[131.1918,24.4632],[131.1917,24.4632],[131.1917,24.4633],[131.1917,24.4633],[131.1917,24.4632],[131.1917,24.4632],[131.1916,24.4632],[131.1916,24.4631],[131.1916,24.4631],[131.1916,24.463],[131.1915,24.463],[131.1915,24.4629],[131.1915,24.4628],[131.1915,24.4628],[131.1915,24.4627],[131.1915,24.4627],[131.1914,24.4627],[131.1914,24.4628],[131.1913,24.4628],[131.1912,24.4628],[131.1912,24.4627],[131.1912,24.4627],[131.1912,24.4626],[131.1912,24.4626],[131.1911,24.4625],[131.1911,24.4625],[131.1911,24.4625],[131.191,24.4624],[131.191,24.4624],[131.1909,24.4624],[131.1909,24.4624],[131.1908,24.4625],[131.1908,24.4625],[131.1908,24.4624],[131.1908,24.4624],[131.1908,24.4623],[131.1908,24.4623],[131.1908,24.4622],[131.1907,24.4622],[131.1907,24.4622],[131.1906,24.4622],[131.1905,24.4622],[131.1905,24.4621],[131.1905,24.4621],[131.1903,24.4621],[131.1903,24.4621],[131.1903,24.4621],[131.1903,24.4621],[131.1903,24.462],[131.1902,24.4619],[131.1901,24.4619],[131.1901,24.4618],[131.19,24.4618],[131.19,24.4618],[131.1899,24.4618],[131.1899,24.4618],[131.1898,24.4618],[131.1896,24.4617],[131.1896,24.4618],[131.1895,24.4618],[131.1895,24.4617],[131.1895,24.4616],[131.1894,24.4616],[131.1893,24.4615],[131.1893,24.4615],[131.1893,24.4615],[131.1892,24.4615],[131.1891,24.4614],[131.1891,24.4615],[131.189,24.4615],[131.1889,24.4614],[131.1888,24.4614],[131.1887,24.4615],[131.1887,24.4615],[131.1886,24.4614],[131.1885,24.4614],[131.1884,24.4614],[131.1883,24.4614],[131.1883,24.4613],[131.1882,24.4613],[131.1881,24.4613],[131.1881,24.4613],[131.188,24.4614],[131.188,24.4614],[131.1879,24.4613],[131.1878,24.4614],[131.1877,24.4614],[131.1877,24.4615],[131.1876,24.4614],[131.1875,24.4614],[131.1874,24.4615],[131.1874,24.4615],[131.1873,24.4615],[131.1872,24.4616],[131.1871,24.4616],[131.187,24.4616],[131.187,24.4616],[131.1869,24.4617],[131.1869,24.4617],[131.1869,24.4617],[131.1868,24.4618],[131.1867,24.4618],[131.1867,24.4618],[131.1867,24.4618],[131.1867,24.4619],[131.1866,24.4619],[131.1865,24.4619],[131.1865,24.4619],[131.1865,24.4619],[131.1864,24.4619],[131.1863,24.4619],[131.1863,24.462],[131.1862,24.462],[131.1862,24.462],[131.1861,24.4621],[131.1861,24.4621],[131.186,24.4622],[131.186,24.4623],[131.186,24.4623],[131.1859,24.4623],[131.1859,24.4623],[131.1858,24.4624],[131.1857,24.4625],[131.1857,24.4625],[131.1856,24.4625],[131.1855,24.4625],[131.1855,24.4626],[131.1855,24.4626],[131.1853,24.4626],[131.1853,24.4627],[131.1852,24.4627],[131.1851,24.4628],[131.185,24.4628],[131.185,24.4629],[131.1851,24.463],[131.185,24.463],[131.1849,24.4631],[131.1849,24.4632],[131.1849,24.4632],[131.1848,24.4632],[131.1847,24.4633],[131.1847,24.4634],[131.1847,24.4634],[131.1847,24.4634],[131.1846,24.4635],[131.1845,24.4636],[131.1845,24.4637],[131.1844,24.4637],[131.1844,24.4637],[131.1843,24.4639],[131.1843,24.4639],[131.1843,24.4639],[131.1843,24.4639],[131.1843,24.4639],[131.1843,24.464],[131.1842,24.464],[131.1842,24.4641],[131.1842,24.4642],[131.1842,24.4642],[131.1842,24.4643],[131.1841,24.4643],[131.1841,24.4644],[131.184,24.4644],[131.1839,24.4644],[131.1839,24.4644],[131.1839,24.4645],[131.1839,24.4645],[131.184,24.4646],[131.184,24.4646],[131.1841,24.4647],[131.1841,24.4647],[131.184,24.4648],[131.184,24.4649],[131.184,24.465],[131.1839,24.465],[131.1838,24.4652],[131.1839,24.4653],[131.1837,24.4653],[131.1837,24.4654],[131.1837,24.4655],[131.1837,24.4655],[131.1837,24.4655],[131.1837,24.4656],[131.1837,24.4657],[131.1837,24.4658],[131.1836,24.4658],[131.1835,24.4659],[131.1835,24.4659],[131.1835,24.466],[131.1835,24.466],[131.1835,24.466],[131.1834,24.466],[131.1833,24.4661],[131.1833,24.4661],[131.1833,24.4661],[131.1833,24.4662],[131.1833,24.4662],[131.1833,24.4662],[131.1833,24.4662],[131.1833,24.4663],[131.1833,24.4664],[131.1833,24.4664],[131.1833,24.4664],[131.1834,24.4665],[131.1833,24.4665],[131.1833,24.4665],[131.1833,24.4665],[131.1832,24.4665],[131.1832,24.4666],[131.1831,24.4666],[131.1831,24.4666],[131.183,24.4667],[131.183,24.4667],[131.183,24.4667],[131.1831,24.4667],[131.183,24.4668],[131.183,24.4668],[131.1829,24.4669],[131.1829,24.4669],[131.1829,24.467],[131.1829,24.467],[131.1828,24.4671],[131.1828,24.4672],[131.1828,24.4672],[131.1828,24.4673],[131.1827,24.4673],[131.1827,24.4673],[131.1827,24.4674],[131.1827,24.4674],[131.1827,24.4675],[131.1826,24.4675],[131.1826,24.4676],[131.1826,24.4677],[131.1825,24.4677],[131.1825,24.4677],[131.1825,24.4678],[131.1825,24.4679],[131.1825,24.4679],[131.1824,24.468],[131.1824,24.4682],[131.1823,24.4682],[131.1822,24.4683],[131.1822,24.4684],[131.1822,24.4684],[131.1821,24.4684],[131.1821,24.4685],[131.1821,24.4686],[131.182,24.4685],[131.182,24.4685],[131.1819,24.4685],[131.1819,24.4686],[131.1818,24.4686],[131.1818,24.4687],[131.1819,24.4687],[131.1819,24.4688],[131.1819,24.4688],[131.1819,24.4689],[131.1819,24.469],[131.1819,24.469],[131.182,24.469],[131.1819,24.4691],[131.1818,24.4691],[131.1818,24.4692],[131.1818,24.4692],[131.1817,24.4692],[131.1817,24.4693],[131.1816,24.4693],[131.1816,24.4694],[131.1817,24.4695],[131.1817,24.4695],[131.1816,24.4695],[131.1816,24.4696],[131.1816,24.4696],[131.1816,24.4697],[131.1816,24.4697],[131.1816,24.4698],[131.1815,24.4698],[131.1814,24.4698],[131.1814,24.4699],[131.1814,24.47],[131.1813,24.47],[131.1813,24.47],[131.1813,24.4701],[131.1813,24.4702],[131.1813,24.4702],[131.1812,24.4703],[131.1812,24.4704],[131.1812,24.4704],[131.1812,24.4704],[131.1813,24.4705],[131.1812,24.4706],[131.1812,24.4707],[131.1812,24.4707],[131.1812,24.4708],[131.1811,24.4708],[131.1811,24.4708],[131.181,24.4708],[131.1809,24.4709],[131.1809,24.4709],[131.1808,24.471],[131.1808,24.471],[131.1808,24.4711],[131.1808,24.4712],[131.1808,24.4712],[131.1808,24.4713],[131.1808,24.4713],[131.1808,24.4714],[131.1808,24.4714],[131.1808,24.4715],[131.1808,24.4716],[131.1808,24.4716],[131.1808,24.4716],[131.1808,24.4717],[131.1808,24.4717],[131.1808,24.4718],[131.1808,24.4718],[131.1808,24.4718],[131.1808,24.4719],[131.1808,24.472],[131.1808,24.472],[131.1808,24.4721],[131.1807,24.4721],[131.1806,24.4721],[131.1806,24.4722],[131.1807,24.4722],[131.1807,24.4722],[131.1807,24.4723],[131.1808,24.4723],[131.1809,24.4723],[131.1809,24.4723],[131.1809,24.4722],[131.181,24.4722],[131.1811,24.4722],[131.1811,24.4721],[131.1812,24.4722],[131.1813,24.4722],[131.1814,24.4722],[131.1815,24.4723],[131.1815,24.4723],[131.1816,24.4722],[131.1817,24.4723],[131.1818,24.4723],[131.1818,24.4723],[131.1819,24.4723]]],[[[131.1826,24.4723],[131.1826,24.4722],[131.1826,24.4722],[131.1825,24.4723],[131.1825,24.4723],[131.1825,24.4723],[131.1825,24.4723],[131.1826,24.4724],[131.1826,24.4723],[131.1826,24.4723],[131.1826,24.4723],[131.1826,24.4723]]],[[[131.1814,24.4723],[131.1814,24.4723],[131.1813,24.4723],[131.1814,24.4724],[131.1814,24.4724],[131.1814,24.4724],[131.1814,24.4724],[131.1815,24.4723],[131.1814,24.4723],[131.1814,24.4723]]],[[[131.1823,24.4723],[131.1823,24.4723],[131.1822,24.4724],[131.1822,24.4724],[131.1823,24.4724],[131.1823,24.4724],[131.1823,24.4724],[131.1824,24.4724],[131.1824,24.4724],[131.1823,24.4723],[131.1823,24.4723]]],[[[131.182,24.4724],[131.182,24.4724],[131.1819,24.4724],[131.1819,24.4724],[131.1819,24.4724],[131.182,24.4725],[131.182,24.4725],[131.182,24.4724],[131.182,24.4724]]],[[[131.1817,24.4724],[131.1817,24.4724],[131.1816,24.4724],[131.1816,24.4724],[131.1816,24.4724],[131.1816,24.4725],[131.1816,24.4725],[131.1817,24.4725],[131.1817,24.4724],[131.1817,24.4724]]],[[[131.2407,25.8724],[131.2408,25.8724],[131.2408,25.8724],[131.2409,25.8724],[131.2409,25.8724],[131.241,25.8724],[131.2411,25.8723],[131.2411,25.8723],[131.2412,25.8723],[131.2412,25.8723],[131.2412,25.8724],[131.2413,25.8724],[131.2414,25.8724],[131.2414,25.8724],[131.2415,25.8723],[131.2415,25.8723],[131.2417,25.8723],[131.2417,25.8723],[131.2417,25.8724],[131.2417,25.8724],[131.2418,25.8723],[131.2418,25.8723],[131.2419,25.8723],[131.2419,25.8722],[131.242,25.8723],[131.2421,25.8723],[131.2422,25.8723],[131.2423,25.8723],[131.2423,25.8723],[131.2424,25.8722],[131.2424,25.8722],[131.2424,25.8722],[131.2425,25.8722],[131.2426,25.8722],[131.2426,25.8722],[131.2427,25.8722],[131.2428,25.8722],[131.2428,25.8722],[131.2428,25.8722],[131.243,25.8722],[131.2431,25.8722],[131.2432,25.8722],[131.2432,25.8722],[131.2433,25.8722],[131.2433,25.8722],[131.2434,25.8721],[131.2435,25.8721],[131.2435,25.8721],[131.2435,25.8721],[131.2436,25.8722],[131.2438,25.8722],[131.2438,25.8721],[131.2439,25.8721],[131.2439,25.8721],[131.2439,25.8721],[131.244,25.8721],[131.244,25.8721],[131.2441,25.8721],[131.2441,25.8721],[131.2441,25.8721],[131.2442,25.8721],[131.2442,25.8721],[131.2443,25.8722],[131.2444,25.8721],[131.2444,25.8721],[131.2445,25.8721],[131.2445,25.872],[131.2445,25.8721],[131.2445,25.8721],[131.2446,25.8721],[131.2447,25.8721],[131.2447,25.8722],[131.2447,25.8722],[131.2448,25.8722],[131.2448,25.8721],[131.2448,25.8721],[131.2449,25.872],[131.2449,25.872],[131.245,25.8721],[131.245,25.8721],[131.2451,25.8721],[131.2451,25.8721],[131.2452,25.8721],[131.2452,25.872],[131.2452,25.872],[131.2453,25.8721],[131.2454,25.8721],[131.2456,25.8721],[131.2456,25.8721],[131.2456,25.8721],[131.2457,25.8721],[131.2458,25.872],[131.2458,25.872],[131.2458,25.8721],[131.2459,25.8721],[131.246,25.8721],[131.2461,25.872],[131.2462,25.872],[131.2462,25.8721],[131.2462,25.8721],[131.2463,25.8721],[131.2464,25.8721],[131.2464,25.8721],[131.2465,25.872],[131.2466,25.8721],[131.2466,25.8721],[131.2467,25.8721],[131.2467,25.8721],[131.2468,25.8721],[131.2468,25.8721],[131.2469,25.8721],[131.247,25.8721],[131.2471,25.8721],[131.2472,25.8721],[131.2472,25.872],[131.2473,25.872],[131.2473,25.872],[131.2474,25.872],[131.2475,25.8721],[131.2475,25.8721],[131.2476,25.872],[131.2477,25.872],[131.2477,25.8719],[131.2477,25.8719],[131.2478,25.872],[131.2478,25.872],[131.2479,25.872],[131.2479,25.872],[131.248,25.872],[131.248,25.872],[131.2481,25.872],[131.2481,25.8719],[131.2481,25.8719],[131.2482,25.872],[131.2483,25.872],[131.2484,25.872],[131.2485,25.872],[131.2486,25.8719],[131.2488,25.872],[131.2489,25.872],[131.2489,25.8719],[131.249,25.8719],[131.2491,25.8718],[131.2491,25.8718],[131.2492,25.8719],[131.2492,25.8719],[131.2494,25.8719],[131.2494,25.8719],[131.2495,25.8719],[131.2496,25.8719],[131.2497,25.8719],[131.2498,25.872],[131.2499,25.8719],[131.25,25.8719],[131.25,25.8719],[131.25,25.8719],[131.2501,25.872],[131.2501,25.872],[131.2502,25.872],[131.2502,25.872],[131.2503,25.872],[131.2504,25.872],[131.2505,25.872],[131.2505,25.872],[131.2506,25.872],[131.2507,25.872],[131.2508,25.872],[131.2508,25.8719],[131.2508,25.8719],[131.2509,25.8719],[131.2509,25.8719],[131.2509,25.872],[131.251,25.872],[131.2511,25.872],[131.2511,25.872],[131.2512,25.872],[131.2513,25.8719],[131.2513,25.872],[131.2514,25.872],[131.2516,25.872],[131.2517,25.872],[131.2517,25.872],[131.2518,25.872],[131.2518,25.872],[131.2519,25.8719],[131.2519,25.8719],[131.252,25.8719],[131.2521,25.8718],[131.2521,25.8718],[131.2522,25.8718],[131.2523,25.8718],[131.2523,25.8719],[131.2524,25.8719],[131.2524,25.8719],[131.2525,25.8719],[131.2525,25.8719],[131.2525,25.8718],[131.2526,25.8718],[131.2526,25.8718],[131.2527,25.8718],[131.2528,25.8718],[131.2528,25.8718],[131.2528,25.8718],[131.2529,25.8718],[131.2529,25.8718],[131.253,25.8718],[131.253,25.8717],[131.2532,25.8718],[131.2533,25.8718],[131.2534,25.8717],[131.2535,25.8716],[131.2535,25.8717],[131.2536,25.8717],[131.2537,25.8717],[131.2537,25.8717],[131.2538,25.8716],[131.2538,25.8716],[131.2538,25.8716],[131.2539,25.8716],[131.254,25.8716],[131.2541,25.8716],[131.2541,25.8716],[131.2541,25.8716],[131.2543,25.8715],[131.2543,25.8715],[131.2544,25.8716],[131.2545,25.8716],[131.2545,25.8716],[131.2546,25.8716],[131.2546,25.8715],[131.2547,25.8715],[131.2548,25.8715],[131.2548,25.8715],[131.2549,25.8715],[131.255,25.8715],[131.2551,25.8714],[131.2551,25.8714],[131.2552,25.8714],[131.2553,25.8714],[131.2555,25.8713],[131.2555,25.8713],[131.2555,25.8712],[131.2556,25.8712],[131.2557,25.8712],[131.2558,25.8712],[131.2558,25.8712],[131.2559,25.8712],[131.256,25.8712],[131.2561,25.8712],[131.2562,25.8712],[131.2563,25.8711],[131.2563,25.8711],[131.2563,25.8711],[131.2564,25.8711],[131.2565,25.8711],[131.2566,25.871],[131.2566,25.8709],[131.2567,25.8709],[131.2568,25.8709],[131.2569,25.8709],[131.257,25.8709],[131.257,25.8708],[131.257,25.8708],[131.2571,25.8708],[131.2572,25.8708],[131.2572,25.8708],[131.2573,25.8707],[131.2573,25.8707],[131.2574,25.8707],[131.2574,25.8707],[131.2574,25.8707],[131.2576,25.8707],[131.2577,25.8706],[131.2577,25.8706],[131.2578,25.8706],[131.2578,25.8706],[131.2578,25.8705],[131.2579,25.8705],[131.2579,25.8705],[131.2579,25.8705],[131.258,25.8705],[131.258,25.8705],[131.2581,25.8705],[131.2582,25.8705],[131.2582,25.8704],[131.2582,25.8704],[131.2582,25.8703],[131.2583,25.8703],[131.2583,25.8703],[131.2584,25.8703],[131.2585,25.8702],[131.2585,25.8702],[131.2586,25.8702],[131.2586,25.8702],[131.2587,25.8702],[131.2588,25.8701],[131.2589,25.8701],[131.2589,25.8701],[131.2589,25.8701],[131.259,25.8701],[131.2591,25.8701],[131.2591,25.8701],[131.2593,25.87],[131.2593,25.87],[131.2594,25.8699],[131.2595,25.8699],[131.2595,25.8699],[131.2596,25.8699],[131.2596,25.8699],[131.2597,25.8698],[131.2598,25.8698],[131.2599,25.8698],[131.2599,25.8697],[131.26,25.8697],[131.2601,25.8697],[131.2601,25.8697],[131.2602,25.8696],[131.2602,25.8696],[131.2603,25.8695],[131.2604,25.8695],[131.2604,25.8695],[131.2605,25.8694],[131.2605,25.8694],[131.2605,25.8694],[131.2606,25.8693],[131.2607,25.8693],[131.2607,25.8693],[131.2608,25.8693],[131.2608,25.8692],[131.261,25.8692],[131.261,25.8692],[131.2611,25.8692],[131.2612,25.8691],[131.2612,25.8691],[131.2612,25.8691],[131.2612,25.8691],[131.2613,25.8691],[131.2613,25.8691],[131.2614,25.8691],[131.2614,25.8691],[131.2615,25.8691],[131.2615,25.8691],[131.2616,25.869],[131.2616,25.8689],[131.2618,25.8689],[131.2618,25.8689],[131.262,25.8688],[131.262,25.8688],[131.262,25.8687],[131.2621,25.8687],[131.2621,25.8687],[131.2622,25.8687],[131.2623,25.8686],[131.2623,25.8685],[131.2624,25.8686],[131.2624,25.8686],[131.2624,25.8686],[131.2624,25.8686],[131.2625,25.8686],[131.2625,25.8686],[131.2626,25.8686],[131.2627,25.8686],[131.2627,25.8686],[131.2628,25.8686],[131.2628,25.8685],[131.2628,25.8685],[131.2629,25.8685],[131.2629,25.8684],[131.2629,25.8684],[131.263,25.8684],[131.263,25.8684],[131.2631,25.8684],[131.2631,25.8683],[131.2632,25.8683],[131.2632,25.8683],[131.2632,25.8683],[131.2632,25.8682],[131.2633,25.8682],[131.2634,25.8682],[131.2634,25.8681],[131.2634,25.8681],[131.2634,25.8681],[131.2635,25.868],[131.2636,25.868],[131.2636,25.868],[131.2637,25.868],[131.2637,25.8679],[131.2638,25.8678],[131.2639,25.8678],[131.2639,25.8678],[131.2641,25.8677],[131.2641,25.8676],[131.2641,25.8676],[131.2642,25.8675],[131.2643,25.8675],[131.2643,25.8674],[131.2643,25.8674],[131.2643,25.8673],[131.2644,25.8673],[131.2645,25.8673],[131.2645,25.8673],[131.2646,25.8673],[131.2646,25.8673],[131.2646,25.8673],[131.2647,25.8672],[131.2647,25.8672],[131.2647,25.8672],[131.2648,25.8672],[131.2648,25.8671],[131.2649,25.8671],[131.2649,25.8671],[131.265,25.867],[131.265,25.8669],[131.2651,25.867],[131.2652,25.8669],[131.2652,25.8669],[131.2652,25.8669],[131.2653,25.8668],[131.2653,25.8668],[131.2653,25.8667],[131.2654,25.8667],[131.2655,25.8667],[131.2655,25.8667],[131.2655,25.8666],[131.2656,25.8666],[131.2656,25.8665],[131.2657,25.8664],[131.2657,25.8664],[131.2658,25.8663],[131.2657,25.8662],[131.2658,25.8662],[131.2658,25.8662],[131.2659,25.8662],[131.266,25.8661],[131.266,25.866],[131.266,25.8659],[131.266,25.8659],[131.2661,25.8658],[131.2661,25.8658],[131.2661,25.8657],[131.2661,25.8656],[131.2663,25.8655],[131.2663,25.8655],[131.2663,25.8655],[131.2663,25.8653],[131.2663,25.8653],[131.2664,25.8653],[131.2664,25.8653],[131.2664,25.8652],[131.2664,25.8652],[131.2664,25.8651],[131.2665,25.865],[131.2665,25.865],[131.2666,25.865],[131.2666,25.865],[131.2666,25.8649],[131.2666,25.8648],[131.2667,25.8648],[131.2667,25.8648],[131.2667,25.8647],[131.2668,25.8645],[131.2668,25.8645],[131.2669,25.8645],[131.2669,25.8645],[131.2669,25.8645],[131.267,25.8644],[131.267,25.8644],[131.2671,25.8644],[131.2671,25.8643],[131.2672,25.8643],[131.2672,25.8642],[131.2672,25.8642],[131.2673,25.8641],[131.2673,25.864],[131.2673,25.8639],[131.2674,25.8639],[131.2675,25.8639],[131.2675,25.8639],[131.2676,25.8638],[131.2676,25.8638],[131.2676,25.8637],[131.2676,25.8637],[131.2677,25.8637],[131.2677,25.8636],[131.2678,25.8635],[131.2677,25.8635],[131.2678,25.8635],[131.2679,25.8634],[131.2679,25.8634],[131.2679,25.8633],[131.2681,25.8633],[131.2681,25.8633],[131.2681,25.8633],[131.2681,25.8632],[131.2682,25.8632],[131.2682,25.8631],[131.2683,25.8631],[131.2683,25.863],[131.2683,25.8629],[131.2683,25.8629],[131.2684,25.8629],[131.2685,25.8628],[131.2685,25.8628],[131.2685,25.8627],[131.2686,25.8626],[131.2686,25.8626],[131.2686,25.8625],[131.2687,25.8625],[131.2687,25.8624],[131.2688,25.8624],[131.2687,25.8624],[131.2688,25.8623],[131.2688,25.8623],[131.2688,25.8623],[131.2689,25.8622],[131.2689,25.8622],[131.2689,25.8621],[131.2689,25.8621],[131.2689,25.8621],[131.269,25.862],[131.269,25.862],[131.2691,25.862],[131.2691,25.8619],[131.2691,25.8619],[131.2691,25.8618],[131.2692,25.8618],[131.2692,25.8617],[131.2693,25.8616],[131.2693,25.8616],[131.2693,25.8616],[131.2694,25.8615],[131.2694,25.8615],[131.2695,25.8614],[131.2695,25.8613],[131.2695,25.8613],[131.2696,25.8612],[131.2696,25.8612],[131.2697,25.8611],[131.2697,25.861],[131.2696,25.861],[131.2697,25.861],[131.2697,25.861],[131.2697,25.8609],[131.2698,25.8608],[131.2698,25.8607],[131.2699,25.8607],[131.27,25.8606],[131.27,25.8606],[131.27,25.8605],[131.27,25.8605],[131.27,25.8604],[131.2701,25.8604],[131.2701,25.8604],[131.2702,25.8602],[131.2702,25.8601],[131.2703,25.86],[131.2703,25.86],[131.2703,25.86],[131.2703,25.8599],[131.2703,25.8599],[131.2703,25.8598],[131.2705,25.8598],[131.2705,25.8598],[131.2705,25.8596],[131.2705,25.8596],[131.2706,25.8596],[131.2706,25.8595],[131.2707,25.8595],[131.2707,25.8594],[131.2708,25.8593],[131.2708,25.8593],[131.2709,25.8592],[131.2709,25.8592],[131.2709,25.8591],[131.2709,25.859],[131.2709,25.859],[131.271,25.859],[131.2711,25.859],[131.2711,25.8589],[131.2711,25.8589],[131.2711,25.8588],[131.2711,25.8588],[131.2712,25.8588],[131.2713,25.8588],[131.2713,25.8587],[131.2713,25.8586],[131.2714,25.8585],[131.2715,25.8584],[131.2715,25.8583],[131.2715,25.8583],[131.2715,25.8582],[131.2716,25.8582],[131.2716,25.8582],[131.2716,25.8581],[131.2716,25.8581],[131.2717,25.858],[131.2717,25.858],[131.2717,25.8579],[131.2718,25.8578],[131.2718,25.8577],[131.2718,25.8577],[131.2719,25.8576],[131.2719,25.8576],[131.2719,25.8575],[131.2719,25.8575],[131.2719,25.8574],[131.2719,25.8574],[131.2719,25.8574],[131.272,25.8574],[131.272,25.8573],[131.2721,25.8572],[131.2721,25.8572],[131.2721,25.8571],[131.2721,25.8571],[131.2722,25.857],[131.2722,25.8568],[131.2722,25.8567],[131.2722,25.8567],[131.2723,25.8567],[131.2723,25.8566],[131.2723,25.8565],[131.2723,25.8565],[131.2723,25.8564],[131.2723,25.8563],[131.2724,25.8563],[131.2724,25.8562],[131.2725,25.8562],[131.2725,25.8561],[131.2725,25.856],[131.2725,25.8559],[131.2725,25.8559],[131.2725,25.8558],[131.2726,25.8558],[131.2726,25.8557],[131.2726,25.8556],[131.2726,25.8556],[131.2727,25.8555],[131.2727,25.8555],[131.2728,25.8554],[131.2728,25.8553],[131.2728,25.8553],[131.2728,25.8553],[131.2729,25.8553],[131.2729,25.8552],[131.2729,25.8552],[131.2729,25.8551],[131.2729,25.8551],[131.2729,25.855],[131.273,25.855],[131.273,25.855],[131.2731,25.8549],[131.2731,25.8549],[131.2731,25.8549],[131.2732,25.8548],[131.2732,25.8548],[131.2732,25.8547],[131.2732,25.8547],[131.2732,25.8546],[131.2732,25.8545],[131.2733,25.8545],[131.2733,25.8545],[131.2733,25.8543],[131.2732,25.8541],[131.2732,25.8541],[131.2733,25.854],[131.2733,25.8539],[131.2733,25.8539],[131.2734,25.8539],[131.2734,25.8538],[131.2733,25.8537],[131.2734,25.8537],[131.2734,25.8536],[131.2734,25.8535],[131.2734,25.8534],[131.2734,25.8534],[131.2734,25.8533],[131.2734,25.8532],[131.2734,25.8531],[131.2733,25.8531],[131.2734,25.853],[131.2734,25.853],[131.2734,25.8529],[131.2734,25.8529],[131.2733,25.8528],[131.2733,25.8528],[131.2733,25.8528],[131.2733,25.8526],[131.2733,25.8526],[131.2733,25.8525],[131.2732,25.8525],[131.2733,25.8525],[131.2733,25.8524],[131.2732,25.8523],[131.2731,25.8523],[131.2732,25.8522],[131.2731,25.8521],[131.2731,25.8521],[131.2731,25.852],[131.2731,25.8519],[131.273,25.8519],[131.273,25.8517],[131.273,25.8517],[131.2729,25.8516],[131.2729,25.8516],[131.2728,25.8516],[131.2729,25.8515],[131.2729,25.8515],[131.2728,25.8515],[131.2729,25.8514],[131.2728,25.8513],[131.2728,25.8513],[131.2728,25.8513],[131.2728,25.8512],[131.2728,25.8511],[131.2728,25.8511],[131.2727,25.8511],[131.2727,25.851],[131.2727,25.851],[131.2727,25.8509],[131.2727,25.8509],[131.2726,25.8508],[131.2726,25.8508],[131.2726,25.8507],[131.2725,25.8506],[131.2724,25.8506],[131.2724,25.8505],[131.2724,25.8505],[131.2724,25.8504],[131.2723,25.8503],[131.2722,25.8503],[131.2722,25.8502],[131.2722,25.8501],[131.2722,25.8501],[131.2722,25.85],[131.2721,25.85],[131.2721,25.85],[131.2721,25.85],[131.272,25.85],[131.272,25.8499],[131.272,25.8498],[131.272,25.8497],[131.272,25.8496],[131.2719,25.8495],[131.2719,25.8495],[131.2719,25.8495],[131.2718,25.8495],[131.2718,25.8494],[131.2718,25.8493],[131.2718,25.8492],[131.2717,25.8491],[131.2717,25.8491],[131.2718,25.849],[131.2718,25.849],[131.2717,25.8489],[131.2716,25.8488],[131.2716,25.8488],[131.2716,25.8488],[131.2716,25.8487],[131.2716,25.8487],[131.2715,25.8486],[131.2715,25.8485],[131.2715,25.8484],[131.2714,25.8484],[131.2714,25.8483],[131.2714,25.8482],[131.2714,25.8482],[131.2713,25.8481],[131.2712,25.8481],[131.2712,25.848],[131.2712,25.848],[131.2711,25.8479],[131.271,25.8479],[131.271,25.8479],[131.271,25.8478],[131.271,25.8478],[131.271,25.8477],[131.2709,25.8477],[131.2709,25.8477],[131.2709,25.8476],[131.2709,25.8476],[131.2708,25.8475],[131.2708,25.8475],[131.2707,25.8475],[131.2707,25.8474],[131.2707,25.8474],[131.2707,25.8473],[131.2706,25.8473],[131.2706,25.8472],[131.2706,25.8471],[131.2706,25.8471],[131.2706,25.847],[131.2705,25.847],[131.2705,25.8468],[131.2704,25.8468],[131.2704,25.8467],[131.2704,25.8467],[131.2704,25.8466],[131.2703,25.8465],[131.2703,25.8464],[131.2703,25.8463],[131.2702,25.8462],[131.2702,25.8462],[131.2702,25.8462],[131.2702,25.846],[131.2702,25.8459],[131.2701,25.8459],[131.2701,25.8459],[131.2701,25.8457],[131.2701,25.8456],[131.27,25.8456],[131.27,25.8455],[131.27,25.8454],[131.2699,25.8453],[131.2699,25.8452],[131.2698,25.8452],[131.2699,25.8452],[131.2698,25.8451],[131.2698,25.845],[131.2697,25.8449],[131.2697,25.8449],[131.2696,25.8448],[131.2697,25.8448],[131.2696,25.8446],[131.2695,25.8445],[131.2695,25.8445],[131.2695,25.8444],[131.2694,25.8443],[131.2694,25.8443],[131.2694,25.8441],[131.2693,25.844],[131.2693,25.844],[131.2693,25.8439],[131.2693,25.8438],[131.2693,25.8438],[131.2692,25.8437],[131.2692,25.8437],[131.2692,25.8436],[131.2692,25.8435],[131.2692,25.8435],[131.2691,25.8435],[131.2691,25.8434],[131.2691,25.8433],[131.2691,25.8433],[131.269,25.8431],[131.269,25.8431],[131.269,25.8431],[131.269,25.8428],[131.2689,25.8427],[131.2689,25.8427],[131.2689,25.8427],[131.2688,25.8426],[131.2688,25.8425],[131.2688,25.8425],[131.2688,25.8424],[131.2687,25.8424],[131.2687,25.8423],[131.2687,25.8422],[131.2687,25.8422],[131.2687,25.8421],[131.2687,25.842],[131.2686,25.842],[131.2686,25.8419],[131.2686,25.8419],[131.2686,25.8417],[131.2685,25.8417],[131.2685,25.8415],[131.2684,25.8415],[131.2684,25.8415],[131.2684,25.8413],[131.2684,25.8412],[131.2683,25.8412],[131.2683,25.8411],[131.2683,25.841],[131.2683,25.8409],[131.2683,25.8409],[131.2683,25.8408],[131.2683,25.8407],[131.2682,25.8406],[131.2682,25.8406],[131.2682,25.8406],[131.2681,25.8404],[131.2681,25.8404],[131.2681,25.8403],[131.268,25.8403],[131.268,25.8402],[131.268,25.8402],[131.268,25.8401],[131.2679,25.84],[131.2679,25.84],[131.2679,25.8399],[131.2679,25.8399],[131.2679,25.8398],[131.2679,25.8398],[131.2678,25.8397],[131.2678,25.8397],[131.2678,25.8396],[131.2677,25.8394],[131.2677,25.8394],[131.2677,25.8393],[131.2677,25.8392],[131.2676,25.8391],[131.2676,25.8391],[131.2676,25.8391],[131.2676,25.839],[131.2675,25.8389],[131.2675,25.8388],[131.2674,25.8387],[131.2674,25.8387],[131.2674,25.8387],[131.2674,25.8386],[131.2674,25.8384],[131.2673,25.8384],[131.2674,25.8384],[131.2674,25.8383],[131.2673,25.8381],[131.2673,25.8381],[131.2673,25.8381],[131.2673,25.838],[131.2673,25.8379],[131.2672,25.8379],[131.2673,25.8378],[131.2673,25.8377],[131.2673,25.8376],[131.2672,25.8375],[131.2673,25.8375],[131.2672,25.8373],[131.2672,25.8373],[131.2671,25.8371],[131.2671,25.8371],[131.2671,25.8371],[131.267,25.837],[131.267,25.8368],[131.2669,25.8368],[131.267,25.8368],[131.2669,25.8366],[131.2669,25.8365],[131.2669,25.8365],[131.2669,25.8364],[131.2669,25.8363],[131.2669,25.8361],[131.2668,25.8361],[131.2669,25.8361],[131.2669,25.836],[131.2668,25.8358],[131.2668,25.8357],[131.2668,25.8357],[131.2668,25.8355],[131.2668,25.8353],[131.2667,25.8353],[131.2668,25.8353],[131.2668,25.835],[131.2667,25.8349],[131.2668,25.8349],[131.2668,25.8348],[131.2668,25.8346],[131.2667,25.8346],[131.2668,25.8345],[131.2668,25.8345],[131.2669,25.8344],[131.2669,25.8343],[131.2668,25.8343],[131.2668,25.8342],[131.2669,25.8342],[131.2669,25.8341],[131.2669,25.8339],[131.2669,25.8339],[131.267,25.8338],[131.267,25.8338],[131.267,25.8337],[131.2669,25.8337],[131.267,25.8336],[131.267,25.8335],[131.267,25.8335],[131.267,25.8334],[131.267,25.8334],[131.267,25.8333],[131.267,25.8333],[131.2671,25.8333],[131.2671,25.8332],[131.2671,25.8332],[131.2671,25.8331],[131.2671,25.8331],[131.2671,25.8331],[131.2672,25.833],[131.2673,25.8329],[131.2673,25.8329],[131.2673,25.8328],[131.2673,25.8328],[131.2674,25.8327],[131.2674,25.8326],[131.2674,25.8325],[131.2674,25.8325],[131.2674,25.8324],[131.2675,25.8324],[131.2675,25.8323],[131.2675,25.8323],[131.2674,25.8322],[131.2674,25.8321],[131.2675,25.8321],[131.2675,25.832],[131.2676,25.832],[131.2675,25.8319],[131.2675,25.8318],[131.2675,25.8318],[131.2676,25.8318],[131.2676,25.8317],[131.2676,25.8316],[131.2676,25.8316],[131.2675,25.8315],[131.2675,25.8315],[131.2676,25.8315],[131.2676,25.8314],[131.2676,25.8313],[131.2675,25.8312],[131.2676,25.8311],[131.2676,25.831],[131.2676,25.831],[131.2675,25.8309],[131.2675,25.8309],[131.2675,25.8309],[131.2676,25.8308],[131.2675,25.8307],[131.2675,25.8306],[131.2675,25.8306],[131.2675,25.8305],[131.2675,25.8304],[131.2675,25.8303],[131.2675,25.8303],[131.2674,25.8302],[131.2674,25.8302],[131.2674,25.8302],[131.2674,25.8301],[131.2674,25.8301],[131.2674,25.8301],[131.2674,25.83],[131.2673,25.8299],[131.2673,25.8299],[131.2673,25.8299],[131.2673,25.8298],[131.2673,25.8297],[131.2672,25.8296],[131.2672,25.8296],[131.2672,25.8296],[131.2672,25.8295],[131.2672,25.8294],[131.2671,25.8293],[131.2671,25.8293],[131.2671,25.8293],[131.2671,25.8292],[131.2671,25.8291],[131.2671,25.8291],[131.267,25.829],[131.267,25.829],[131.267,25.829],[131.267,25.8289],[131.2669,25.8289],[131.2669,25.8288],[131.2669,25.8287],[131.2669,25.8286],[131.2669,25.8286],[131.2668,25.8286],[131.2668,25.8285],[131.2667,25.8285],[131.2667,25.8285],[131.2667,25.8283],[131.2667,25.8282],[131.2667,25.8282],[131.2667,25.8282],[131.2666,25.8282],[131.2667,25.8282],[131.2666,25.8279],[131.2666,25.8278],[131.2665,25.8278],[131.2665,25.8278],[131.2665,25.8277],[131.2665,25.8276],[131.2664,25.8275],[131.2664,25.8274],[131.2663,25.8274],[131.2664,25.8273],[131.2663,25.8272],[131.2663,25.8272],[131.2662,25.827],[131.2662,25.827],[131.2661,25.827],[131.2661,25.8269],[131.2661,25.8268],[131.266,25.8267],[131.2659,25.8265],[131.2659,25.8265],[131.2659,25.8265],[131.2659,25.8264],[131.2658,25.8264],[131.2658,25.8263],[131.2657,25.8262],[131.2657,25.8261],[131.2656,25.8261],[131.2656,25.8261],[131.2656,25.826],[131.2655,25.826],[131.2655,25.826],[131.2654,25.8259],[131.2654,25.8259],[131.2653,25.8258],[131.2653,25.8258],[131.2653,25.8258],[131.2651,25.8256],[131.265,25.8255],[131.2649,25.8255],[131.265,25.8255],[131.2649,25.8254],[131.2648,25.8254],[131.2648,25.8254],[131.2647,25.8253],[131.2647,25.8253],[131.2646,25.8252],[131.2646,25.8252],[131.2646,25.8252],[131.2646,25.8251],[131.2645,25.825],[131.2645,25.825],[131.2645,25.8249],[131.2644,25.8249],[131.2644,25.8249],[131.2644,25.8247],[131.2643,25.8246],[131.2643,25.8246],[131.2643,25.8246],[131.2643,25.8245],[131.2642,25.8243],[131.2641,25.8243],[131.2642,25.8243],[131.2641,25.8242],[131.264,25.8241],[131.264,25.824],[131.2639,25.824],[131.2639,25.8239],[131.2638,25.8238],[131.2637,25.8237],[131.2637,25.8237],[131.2637,25.8236],[131.2636,25.8235],[131.2635,25.8235],[131.2635,25.8234],[131.2634,25.8233],[131.2633,25.8233],[131.2633,25.8232],[131.2633,25.8232],[131.2632,25.8231],[131.2632,25.8231],[131.2631,25.8231],[131.2631,25.8231],[131.263,25.823],[131.2629,25.8229],[131.2629,25.8229],[131.2629,25.8228],[131.2628,25.8227],[131.2628,25.8227],[131.2627,25.8227],[131.2627,25.8226],[131.2627,25.8225],[131.2626,25.8225],[131.2626,25.8225],[131.2626,25.8225],[131.2625,25.8224],[131.2625,25.8223],[131.2624,25.8223],[131.2624,25.8223],[131.2624,25.8222],[131.2623,25.8222],[131.2623,25.8222],[131.2622,25.8221],[131.2621,25.822],[131.2621,25.822],[131.2621,25.822],[131.262,25.8219],[131.262,25.8219],[131.2619,25.8218],[131.2619,25.8218],[131.2619,25.8218],[131.2618,25.8218],[131.2618,25.8218],[131.2618,25.8217],[131.2617,25.8217],[131.2617,25.8216],[131.2617,25.8216],[131.2616,25.8216],[131.2615,25.8216],[131.2615,25.8215],[131.2615,25.8215],[131.2615,25.8215],[131.2615,25.8214],[131.2614,25.8214],[131.2614,25.8214],[131.2613,25.8214],[131.2613,25.8214],[131.2613,25.8213],[131.2613,25.8213],[131.2613,25.8212],[131.2612,25.8212],[131.2612,25.8212],[131.2612,25.8212],[131.2611,25.8212],[131.2611,25.8211],[131.2611,25.821],[131.261,25.821],[131.2609,25.821],[131.2609,25.821],[131.2609,25.8209],[131.2608,25.8208],[131.2607,25.8208],[131.2607,25.8208],[131.2607,25.8208],[131.2607,25.8208],[131.2606,25.8207],[131.2606,25.8207],[131.2606,25.8207],[131.2605,25.8206],[131.2604,25.8206],[131.2604,25.8205],[131.2604,25.8205],[131.2603,25.8204],[131.2603,25.8204],[131.2602,25.8204],[131.2602,25.8203],[131.2602,25.8203],[131.2601,25.8202],[131.2601,25.8202],[131.26,25.8202],[131.26,25.8202],[131.2599,25.8201],[131.2599,25.8201],[131.2598,25.82],[131.2597,25.82],[131.2597,25.8199],[131.2596,25.8199],[131.2596,25.8199],[131.2595,25.8199],[131.2595,25.8197],[131.2594,25.8197],[131.2593,25.8197],[131.2593,25.8197],[131.2593,25.8196],[131.2592,25.8196],[131.2592,25.8195],[131.2592,25.8195],[131.2591,25.8195],[131.2591,25.8194],[131.259,25.8194],[131.259,25.8194],[131.259,25.8193],[131.2589,25.8193],[131.2589,25.8192],[131.2588,25.8191],[131.2587,25.819],[131.2586,25.819],[131.2586,25.8189],[131.2585,25.8189],[131.2585,25.8188],[131.2585,25.8188],[131.2584,25.8187],[131.2584,25.8186],[131.2583,25.8186],[131.2583,25.8186],[131.2583,25.8186],[131.2582,25.8185],[131.2582,25.8185],[131.2582,25.8185],[131.2581,25.8185],[131.2581,25.8184],[131.258,25.8184],[131.258,25.8183],[131.2579,25.8182],[131.2578,25.8182],[131.2578,25.8182],[131.2578,25.8181],[131.2577,25.818],[131.2577,25.818],[131.2577,25.818],[131.2576,25.818],[131.2576,25.8179],[131.2575,25.8179],[131.2575,25.8179],[131.2574,25.8178],[131.2574,25.8177],[131.2574,25.8177],[131.2574,25.8177],[131.2573,25.8177],[131.2573,25.8176],[131.2572,25.8176],[131.2571,25.8176],[131.2571,25.8175],[131.2571,25.8175],[131.257,25.8174],[131.2569,25.8174],[131.2569,25.8174],[131.2568,25.8173],[131.2567,25.8173],[131.2567,25.8173],[131.2566,25.8173],[131.2565,25.8172],[131.2565,25.8172],[131.2564,25.8172],[131.2564,25.8172],[131.2563,25.8172],[131.2562,25.8171],[131.2561,25.8171],[131.2561,25.8171],[131.2561,25.817],[131.256,25.817],[131.2559,25.8169],[131.2559,25.8169],[131.2559,25.8169],[131.2559,25.8169],[131.2557,25.8168],[131.2556,25.8168],[131.2556,25.8168],[131.2556,25.8168],[131.2555,25.8167],[131.2555,25.8167],[131.2555,25.8167],[131.2554,25.8167],[131.2554,25.8167],[131.2554,25.8167],[131.2553,25.8167],[131.2553,25.8167],[131.2553,25.8166],[131.2553,25.8166],[131.2552,25.8166],[131.2551,25.8166],[131.2551,25.8166],[131.255,25.8166],[131.2549,25.8165],[131.2549,25.8165],[131.2548,25.8165],[131.2546,25.8165],[131.2546,25.8165],[131.2546,25.8165],[131.2545,25.8165],[131.2544,25.8165],[131.2544,25.8165],[131.2543,25.8165],[131.2542,25.8165],[131.2542,25.8165],[131.2541,25.8165],[131.254,25.8165],[131.254,25.8165],[131.2539,25.8165],[131.2538,25.8165],[131.2538,25.8165],[131.2537,25.8165],[131.2536,25.8164],[131.2535,25.8164],[131.2534,25.8164],[131.2534,25.8164],[131.2533,25.8164],[131.253,25.8164],[131.253,25.8164],[131.253,25.8164],[131.2529,25.8163],[131.2528,25.8163],[131.2527,25.8164],[131.2527,25.8163],[131.2526,25.8163],[131.2526,25.8163],[131.2525,25.8163],[131.2524,25.8163],[131.2524,25.8163],[131.2522,25.8162],[131.2521,25.8162],[131.2521,25.8162],[131.2519,25.8162],[131.2518,25.8162],[131.2517,25.8161],[131.2516,25.8161],[131.2515,25.8161],[131.2513,25.816],[131.2513,25.8161],[131.2512,25.816],[131.251,25.8159],[131.2509,25.8159],[131.2506,25.8158],[131.2506,25.8158],[131.2505,25.8158],[131.2504,25.8157],[131.2504,25.8157],[131.2503,25.8158],[131.2503,25.8157],[131.25,25.8157],[131.25,25.8157],[131.25,25.8157],[131.2499,25.8157],[131.2499,25.8157],[131.2497,25.8156],[131.2494,25.8155],[131.2494,25.8155],[131.2494,25.8155],[131.2493,25.8155],[131.2492,25.8155],[131.2492,25.8155],[131.2491,25.8155],[131.2489,25.8154],[131.2488,25.8154],[131.2488,25.8154],[131.2487,25.8154],[131.2486,25.8154],[131.2485,25.8154],[131.2485,25.8154],[131.2485,25.8154],[131.2483,25.8153],[131.2482,25.8153],[131.2482,25.8153],[131.2481,25.8153],[131.2479,25.8152],[131.2479,25.8152],[131.2479,25.8152],[131.2477,25.8152],[131.2476,25.8151],[131.2476,25.8151],[131.2476,25.8151],[131.2475,25.8151],[131.2474,25.8151],[131.2473,25.8151],[131.2473,25.8151],[131.2472,25.815],[131.2471,25.815],[131.2471,25.815],[131.2471,25.815],[131.247,25.8149],[131.247,25.8149],[131.2469,25.8149],[131.2468,25.8148],[131.2468,25.8148],[131.2467,25.8148],[131.2467,25.8148],[131.2466,25.8149],[131.2466,25.8148],[131.2465,25.8148],[131.2464,25.8148],[131.2464,25.8148],[131.2463,25.8147],[131.2462,25.8147],[131.2462,25.8147],[131.2461,25.8147],[131.2461,25.8147],[131.246,25.8147],[131.2459,25.8147],[131.2459,25.8146],[131.2458,25.8145],[131.2458,25.8145],[131.2457,25.8146],[131.2457,25.8145],[131.2457,25.8145],[131.2456,25.8144],[131.2456,25.8144],[131.2456,25.8144],[131.2455,25.8144],[131.2454,25.8143],[131.2453,25.8143],[131.2453,25.8143],[131.2452,25.8143],[131.2452,25.8143],[131.2452,25.8143],[131.2451,25.8142],[131.2449,25.8141],[131.2449,25.8141],[131.2449,25.8141],[131.2448,25.8141],[131.2446,25.814],[131.2446,25.814],[131.2445,25.814],[131.2444,25.8139],[131.2443,25.8139],[131.2443,25.8139],[131.2442,25.8139],[131.244,25.8138],[131.244,25.8138],[131.244,25.8138],[131.2439,25.8138],[131.2438,25.8138],[131.2437,25.8138],[131.2437,25.8138],[131.2437,25.8137],[131.2435,25.8137],[131.2433,25.8137],[131.2433,25.8137],[131.2433,25.8137],[131.243,25.8136],[131.243,25.8136],[131.243,25.8136],[131.2429,25.8136],[131.2427,25.8136],[131.2427,25.8136],[131.2426,25.8136],[131.2425,25.8135],[131.2424,25.8135],[131.2423,25.8135],[131.2422,25.8135],[131.2422,25.8135],[131.2421,25.8135],[131.242,25.8135],[131.2419,25.8135],[131.2418,25.8135],[131.2418,25.8135],[131.2417,25.8135],[131.2417,25.8135],[131.2416,25.8134],[131.2415,25.8134],[131.2415,25.8134],[131.2415,25.8134],[131.2413,25.8133],[131.2412,25.8133],[131.2411,25.8134],[131.2411,25.8133],[131.2409,25.8133],[131.2409,25.8133],[131.2408,25.8133],[131.2408,25.8132],[131.2406,25.8132],[131.2406,25.8132],[131.2405,25.8132],[131.2404,25.8131],[131.2402,25.8131],[131.2401,25.8132],[131.2401,25.8131],[131.24,25.8131],[131.2399,25.8131],[131.2398,25.8131],[131.2397,25.8131],[131.2397,25.8131],[131.2396,25.8131],[131.2395,25.8131],[131.2394,25.8131],[131.2393,25.8131],[131.2393,25.8131],[131.2392,25.8131],[131.2391,25.8131],[131.2391,25.8131],[131.2391,25.8131],[131.239,25.8131],[131.2389,25.8131],[131.2388,25.8131],[131.2388,25.8132],[131.2388,25.8131],[131.2386,25.8131],[131.2385,25.8132],[131.2384,25.8132],[131.2384,25.8132],[131.2382,25.8132],[131.2381,25.8133],[131.2381,25.8132],[131.238,25.8132],[131.2379,25.8133],[131.2378,25.8133],[131.2378,25.8133],[131.2378,25.8133],[131.2375,25.8133],[131.2375,25.8133],[131.2375,25.8133],[131.2374,25.8133],[131.2373,25.8133],[131.2372,25.8133],[131.2372,25.8133],[131.2371,25.8132],[131.237,25.8132],[131.237,25.8132],[131.237,25.8132],[131.2369,25.8131],[131.2368,25.8131],[131.2367,25.8131],[131.2366,25.8131],[131.2366,25.8131],[131.2363,25.813],[131.2363,25.813],[131.2362,25.813],[131.2359,25.8129],[131.2358,25.8129],[131.2358,25.813],[131.2357,25.8129],[131.2356,25.813],[131.2355,25.813],[131.2355,25.813],[131.2354,25.813],[131.2353,25.813],[131.2351,25.813],[131.2352,25.8129],[131.2344,25.8126],[131.2344,25.8127],[131.2342,25.8127],[131.2341,25.8127],[131.2341,25.8127],[131.2339,25.8126],[131.2338,25.8127],[131.2338,25.8126],[131.2335,25.8126],[131.2335,25.8126],[131.2334,25.8127],[131.2334,25.8127],[131.2333,25.8127],[131.2333,25.8127],[131.2333,25.8128],[131.2333,25.8128],[131.2333,25.8128],[131.2333,25.813],[131.2333,25.813],[131.2333,25.813],[131.2333,25.813],[131.2333,25.8131],[131.2333,25.8131],[131.2333,25.8131],[131.2334,25.8131],[131.2335,25.8132],[131.2333,25.8133],[131.233,25.8136],[131.2326,25.8134],[131.2328,25.8131],[131.2327,25.813],[131.2326,25.813],[131.2326,25.813],[131.2326,25.813],[131.2325,25.813],[131.2323,25.813],[131.2323,25.813],[131.2323,25.813],[131.2321,25.8129],[131.232,25.8129],[131.232,25.8129],[131.232,25.8128],[131.2319,25.8128],[131.2318,25.8128],[131.2316,25.8128],[131.2316,25.8128],[131.2316,25.8128],[131.2315,25.8128],[131.2313,25.8129],[131.2313,25.8129],[131.2313,25.8129],[131.2311,25.8129],[131.2311,25.8129],[131.2311,25.813],[131.2311,25.813],[131.231,25.813],[131.2309,25.813],[131.2309,25.8131],[131.2309,25.8131],[131.2308,25.8131],[131.2308,25.8131],[131.2307,25.8131],[131.2305,25.8131],[131.2305,25.8132],[131.2304,25.8131],[131.2303,25.8132],[131.2302,25.8132],[131.2301,25.8132],[131.2301,25.8133],[131.23,25.8133],[131.2299,25.8133],[131.2299,25.8133],[131.2299,25.8133],[131.2298,25.8133],[131.2297,25.8134],[131.2297,25.8134],[131.2296,25.8134],[131.2293,25.8135],[131.2293,25.8135],[131.2293,25.8135],[131.2293,25.8135],[131.2291,25.8135],[131.2289,25.8136],[131.2289,25.8136],[131.2289,25.8136],[131.2288,25.8136],[131.2287,25.8136],[131.2286,25.8137],[131.2285,25.8137],[131.2285,25.8137],[131.2285,25.8137],[131.2284,25.8138],[131.2283,25.8138],[131.2283,25.8139],[131.2282,25.814],[131.2282,25.814],[131.2282,25.814],[131.2281,25.814],[131.228,25.8141],[131.2279,25.8141],[131.2278,25.8141],[131.2278,25.8142],[131.2278,25.8141],[131.2277,25.8142],[131.2275,25.8142],[131.2274,25.8143],[131.2274,25.8143],[131.2273,25.8143],[131.2273,25.8143],[131.2272,25.8144],[131.2272,25.8144],[131.2271,25.8144],[131.227,25.8144],[131.227,25.8144],[131.2268,25.8145],[131.2268,25.8145],[131.2268,25.8145],[131.2267,25.8145],[131.2265,25.8146],[131.2265,25.8146],[131.2265,25.8146],[131.2263,25.8146],[131.2262,25.8147],[131.2262,25.8147],[131.2262,25.8147],[131.2261,25.8147],[131.226,25.8148],[131.2259,25.8148],[131.2259,25.8149],[131.2259,25.8148],[131.2258,25.8149],[131.2258,25.8149],[131.2256,25.8149],[131.2256,25.815],[131.2256,25.8149],[131.2254,25.815],[131.2253,25.815],[131.2252,25.8151],[131.2252,25.8151],[131.2252,25.8151],[131.225,25.8151],[131.2249,25.8151],[131.2248,25.8152],[131.2248,25.8152],[131.2248,25.8152],[131.2247,25.8153],[131.2246,25.8153],[131.2246,25.8154],[131.2246,25.8154],[131.2245,25.8154],[131.2245,25.8154],[131.2244,25.8155],[131.2243,25.8155],[131.2243,25.8156],[131.2243,25.8156],[131.2242,25.8156],[131.2241,25.8157],[131.2241,25.8157],[131.224,25.8158],[131.224,25.8158],[131.2239,25.8158],[131.2238,25.8159],[131.2238,25.8159],[131.2238,25.8159],[131.2237,25.8159],[131.2237,25.8159],[131.2236,25.8159],[131.2235,25.816],[131.2234,25.816],[131.2234,25.816],[131.2233,25.816],[131.2232,25.816],[131.2231,25.8161],[131.2231,25.8162],[131.2231,25.8162],[131.223,25.8162],[131.2229,25.8163],[131.2229,25.8163],[131.2229,25.8164],[131.2228,25.8164],[131.2228,25.8165],[131.2227,25.8165],[131.2226,25.8165],[131.2226,25.8166],[131.2225,25.8167],[131.2225,25.8167],[131.2225,25.8167],[131.2224,25.8167],[131.2223,25.8167],[131.222,25.8169],[131.2218,25.817],[131.2218,25.8171],[131.2217,25.8171],[131.2216,25.8171],[131.2216,25.8171],[131.2215,25.8173],[131.2215,25.8173],[131.2215,25.8173],[131.2214,25.8173],[131.2213,25.8173],[131.2212,25.8174],[131.2212,25.8174],[131.2211,25.8174],[131.221,25.8174],[131.2209,25.8174],[131.2209,25.8175],[131.2209,25.8175],[131.2209,25.8175],[131.2207,25.8175],[131.2206,25.8176],[131.2206,25.8177],[131.2206,25.8177],[131.2205,25.8177],[131.2204,25.8177],[131.2204,25.8178],[131.2203,25.8179],[131.2203,25.8179],[131.2202,25.818],[131.2201,25.8181],[131.2201,25.8181],[131.2199,25.8182],[131.2198,25.8182],[131.2197,25.8183],[131.2197,25.8183],[131.2196,25.8183],[131.2196,25.8183],[131.2195,25.8184],[131.2195,25.8184],[131.2195,25.8184],[131.2194,25.8184],[131.2193,25.8185],[131.2191,25.8186],[131.2191,25.8186],[131.2191,25.8186],[131.219,25.8187],[131.2189,25.8188],[131.2189,25.8188],[131.2188,25.8188],[131.2187,25.819],[131.2187,25.819],[131.2187,25.819],[131.2187,25.819],[131.2186,25.8192],[131.2186,25.8192],[131.2186,25.8193],[131.2185,25.8194],[131.2185,25.8193],[131.2184,25.8194],[131.2183,25.8194],[131.2182,25.8194],[131.2182,25.8194],[131.2182,25.8194],[131.2181,25.8194],[131.218,25.8195],[131.2179,25.8195],[131.2179,25.8196],[131.2179,25.8196],[131.2178,25.8197],[131.2178,25.8197],[131.2178,25.8198],[131.2178,25.8198],[131.2178,25.8198],[131.2177,25.8198],[131.2176,25.8198],[131.2175,25.8199],[131.2175,25.8199],[131.2175,25.8199],[131.2174,25.8199],[131.2173,25.82],[131.2173,25.82],[131.2172,25.8201],[131.2172,25.8201],[131.2172,25.8201],[131.2171,25.8202],[131.2171,25.8202],[131.217,25.8202],[131.2169,25.8203],[131.2168,25.8203],[131.2168,25.8204],[131.2168,25.8203],[131.2167,25.8204],[131.2167,25.8204],[131.2165,25.8204],[131.2165,25.8205],[131.2164,25.8205],[131.2163,25.8205],[131.2163,25.8206],[131.2162,25.8206],[131.2162,25.8206],[131.2162,25.8207],[131.2161,25.8207],[131.2159,25.8208],[131.2159,25.8209],[131.2159,25.8209],[131.2158,25.8209],[131.2158,25.821],[131.2157,25.821],[131.2157,25.821],[131.2156,25.8211],[131.2155,25.8212],[131.2155,25.8211],[131.2154,25.8212],[131.2154,25.8213],[131.2153,25.8213],[131.2153,25.8213],[131.2152,25.8213],[131.2152,25.8214],[131.2151,25.8215],[131.215,25.8215],[131.215,25.8215],[131.2149,25.8215],[131.2148,25.8216],[131.2148,25.8216],[131.2148,25.8217],[131.2148,25.8217],[131.2147,25.8218],[131.2148,25.8219],[131.2148,25.8219],[131.2147,25.8219],[131.2146,25.8219],[131.2146,25.822],[131.2146,25.822],[131.2146,25.8221],[131.2146,25.8221],[131.2145,25.8221],[131.2144,25.8221],[131.2143,25.8221],[131.2143,25.8221],[131.2143,25.8222],[131.2142,25.8222],[131.2141,25.8222],[131.2141,25.8222],[131.2141,25.8223],[131.2141,25.8223],[131.214,25.8223],[131.214,25.8223],[131.2139,25.8224],[131.2139,25.8225],[131.2139,25.8225],[131.2139,25.8225],[131.2139,25.8225],[131.2139,25.8226],[131.2138,25.8226],[131.2137,25.8226],[131.2137,25.8226],[131.2137,25.8226],[131.2137,25.8227],[131.2136,25.8227],[131.2136,25.8228],[131.2135,25.8228],[131.2135,25.8229],[131.2134,25.823],[131.2134,25.823],[131.2135,25.823],[131.2134,25.8231],[131.2134,25.8232],[131.2134,25.8232],[131.2134,25.8233],[131.2134,25.8233],[131.2134,25.8233],[131.2134,25.8234],[131.2134,25.8234],[131.2134,25.8235],[131.2135,25.8235],[131.2135,25.8236],[131.2134,25.8236],[131.2134,25.8237],[131.2134,25.8237],[131.2135,25.8238],[131.2135,25.8238],[131.2134,25.8238],[131.2134,25.8239],[131.2134,25.824],[131.2135,25.8241],[131.2135,25.8241],[131.2135,25.8241],[131.2135,25.8242],[131.2135,25.8242],[131.2136,25.8243],[131.2136,25.8243],[131.2137,25.8244],[131.2137,25.8244],[131.2137,25.8245],[131.2137,25.8246],[131.2138,25.8246],[131.2138,25.8247],[131.2138,25.8247],[131.2138,25.8247],[131.2139,25.8248],[131.214,25.8249],[131.2141,25.8249],[131.2141,25.825],[131.2141,25.825],[131.2142,25.825],[131.2142,25.825],[131.2143,25.825],[131.2143,25.825],[131.2143,25.8251],[131.2143,25.8252],[131.2144,25.8252],[131.2144,25.8253],[131.2144,25.8253],[131.2144,25.8253],[131.2145,25.8254],[131.2145,25.8254],[131.2145,25.8254],[131.2145,25.8255],[131.2146,25.8256],[131.2147,25.8257],[131.2147,25.8257],[131.2147,25.8257],[131.2147,25.8258],[131.2148,25.8259],[131.2149,25.8259],[131.2148,25.826],[131.2149,25.826],[131.215,25.8262],[131.215,25.8263],[131.215,25.8263],[131.215,25.8263],[131.2151,25.8264],[131.2151,25.8265],[131.2152,25.8267],[131.2153,25.8267],[131.2152,25.8267],[131.2153,25.8267],[131.2153,25.8269],[131.2154,25.827],[131.2154,25.827],[131.2154,25.8271],[131.2154,25.8272],[131.2155,25.8273],[131.2155,25.8273],[131.2155,25.8273],[131.2156,25.8274],[131.2156,25.8275],[131.2157,25.8275],[131.2156,25.8275],[131.2157,25.8276],[131.2157,25.8278],[131.2158,25.8278],[131.2159,25.8279],[131.2159,25.8279],[131.2159,25.8279],[131.2159,25.828],[131.2159,25.828],[131.2159,25.8281],[131.216,25.8281],[131.216,25.8282],[131.216,25.8282],[131.216,25.8283],[131.216,25.8283],[131.216,25.8284],[131.2161,25.8284],[131.2161,25.8284],[131.2161,25.8284],[131.2162,25.8285],[131.2162,25.8286],[131.2162,25.8286],[131.2163,25.8287],[131.2163,25.8288],[131.2163,25.8288],[131.2164,25.8288],[131.2165,25.8289],[131.2164,25.829],[131.2165,25.829],[131.2165,25.829],[131.2166,25.8291],[131.2166,25.8291],[131.2165,25.8292],[131.2165,25.8292],[131.2166,25.8293],[131.2166,25.8293],[131.2166,25.8293],[131.2166,25.8294],[131.2166,25.8295],[131.2166,25.8296],[131.2167,25.8296],[131.2167,25.8296],[131.2167,25.8297],[131.2167,25.8297],[131.2167,25.8297],[131.2167,25.8298],[131.2167,25.8298],[131.2167,25.8298],[131.2167,25.8299],[131.2167,25.83],[131.2167,25.83],[131.2167,25.8301],[131.2168,25.8301],[131.2169,25.8301],[131.2169,25.8302],[131.2169,25.8303],[131.217,25.8303],[131.217,25.8303],[131.217,25.8304],[131.217,25.8305],[131.217,25.8305],[131.217,25.8306],[131.217,25.8307],[131.217,25.8308],[131.217,25.8308],[131.217,25.8308],[131.217,25.8308],[131.2171,25.8309],[131.2171,25.8309],[131.2172,25.831],[131.2172,25.831],[131.2172,25.8311],[131.2173,25.8311],[131.2173,25.8312],[131.2172,25.8312],[131.2172,25.8313],[131.2172,25.8313],[131.2172,25.8313],[131.2173,25.8314],[131.2172,25.8315],[131.2172,25.8317],[131.2173,25.8317],[131.2173,25.8317],[131.2173,25.8318],[131.2174,25.8319],[131.2174,25.832],[131.2173,25.832],[131.2173,25.8321],[131.2173,25.8321],[131.2174,25.8322],[131.2174,25.8322],[131.2174,25.8323],[131.2174,25.8324],[131.2174,25.8324],[131.2174,25.8324],[131.2174,25.8325],[131.2173,25.8326],[131.2173,25.8326],[131.2174,25.8327],[131.2174,25.8327],[131.2173,25.8327],[131.2173,25.8328],[131.2173,25.8329],[131.2174,25.8329],[131.2174,25.833],[131.2174,25.833],[131.2174,25.833],[131.2174,25.8331],[131.2174,25.8332],[131.2174,25.8332],[131.2175,25.8333],[131.2175,25.8333],[131.2175,25.8333],[131.2175,25.8333],[131.2175,25.8333],[131.2176,25.8334],[131.2176,25.8334],[131.2176,25.8335],[131.2175,25.8335],[131.2175,25.8336],[131.2176,25.8337],[131.2175,25.8337],[131.2175,25.8337],[131.2175,25.8338],[131.2176,25.8339],[131.2175,25.8339],[131.2175,25.834],[131.2175,25.8341],[131.2176,25.8341],[131.2176,25.8342],[131.2176,25.8342],[131.2176,25.8343],[131.2176,25.8343],[131.2176,25.8344],[131.2176,25.8344],[131.2176,25.8345],[131.2176,25.8345],[131.2176,25.8345],[131.2176,25.8346],[131.2176,25.8346],[131.2176,25.8347],[131.2176,25.8347],[131.2176,25.8347],[131.2176,25.8349],[131.2177,25.8349],[131.2176,25.835],[131.2177,25.8351],[131.2177,25.8351],[131.2176,25.8352],[131.2176,25.8352],[131.2176,25.8353],[131.2176,25.8353],[131.2176,25.8354],[131.2176,25.8354],[131.2175,25.8354],[131.2175,25.8355],[131.2175,25.8355],[131.2175,25.8356],[131.2175,25.8357],[131.2174,25.8357],[131.2174,25.8357],[131.2175,25.8358],[131.2175,25.8358],[131.2175,25.8359],[131.2175,25.8359],[131.2175,25.8359],[131.2175,25.836],[131.2175,25.836],[131.2175,25.8361],[131.2175,25.8361],[131.2175,25.8362],[131.2175,25.8363],[131.2176,25.8363],[131.2176,25.8363],[131.2175,25.8364],[131.2175,25.8364],[131.2175,25.8365],[131.2175,25.8365],[131.2175,25.8366],[131.2175,25.8366],[131.2175,25.8366],[131.2175,25.8367],[131.2175,25.8367],[131.2175,25.8368],[131.2175,25.8369],[131.2175,25.8369],[131.2175,25.837],[131.2175,25.8371],[131.2175,25.8371],[131.2176,25.8371],[131.2175,25.8372],[131.2175,25.8373],[131.2175,25.8373],[131.2174,25.8374],[131.2174,25.8375],[131.2175,25.8375],[131.2175,25.8375],[131.2174,25.8377],[131.2174,25.8377],[131.2175,25.8378],[131.2175,25.8378],[131.2174,25.8378],[131.2174,25.8379],[131.2174,25.838],[131.2174,25.838],[131.2174,25.8381],[131.2173,25.8382],[131.2173,25.8382],[131.2174,25.8382],[131.2173,25.8383],[131.2173,25.8383],[131.2173,25.8384],[131.2173,25.8384],[131.2173,25.8385],[131.2173,25.8385],[131.2173,25.8386],[131.2173,25.8387],[131.2173,25.8387],[131.2174,25.8387],[131.2173,25.8388],[131.2173,25.8389],[131.2173,25.8389],[131.2174,25.839],[131.2173,25.839],[131.2173,25.8391],[131.2173,25.8392],[131.2173,25.8392],[131.2173,25.8392],[131.2173,25.8393],[131.2172,25.8393],[131.2172,25.8393],[131.2173,25.8394],[131.2172,25.8394],[131.2172,25.8395],[131.2172,25.8395],[131.2172,25.8396],[131.2172,25.8396],[131.2173,25.8397],[131.2173,25.8397],[131.2173,25.8397],[131.2173,25.8398],[131.2173,25.8398],[131.2173,25.8399],[131.2173,25.84],[131.2173,25.84],[131.2173,25.8401],[131.2173,25.8401],[131.2173,25.8401],[131.2172,25.8402],[131.2172,25.8403],[131.2171,25.8403],[131.2171,25.8403],[131.2171,25.8404],[131.2171,25.8405],[131.217,25.8405],[131.217,25.8405],[131.217,25.8406],[131.217,25.8407],[131.217,25.8407],[131.217,25.8408],[131.217,25.8408],[131.217,25.8409],[131.217,25.8409],[131.217,25.8409],[131.217,25.841],[131.217,25.8411],[131.217,25.8411],[131.217,25.8411],[131.217,25.8412],[131.2169,25.8413],[131.2169,25.8413],[131.2169,25.8414],[131.217,25.8414],[131.217,25.8414],[131.2169,25.8415],[131.2169,25.8416],[131.2169,25.8416],[131.2169,25.8417],[131.2169,25.8417],[131.2169,25.8417],[131.217,25.8417],[131.217,25.8417],[131.217,25.8429],[131.2171,25.843],[131.217,25.843],[131.2169,25.843],[131.2169,25.8431],[131.2169,25.8431],[131.217,25.8431],[131.2169,25.8432],[131.2169,25.8433],[131.2169,25.8433],[131.2169,25.8433],[131.217,25.8434],[131.217,25.8434],[131.217,25.8434],[131.217,25.8435],[131.217,25.8435],[131.217,25.8436],[131.2171,25.8436],[131.2171,25.8436],[131.217,25.8437],[131.217,25.8437],[131.217,25.8438],[131.2171,25.8438],[131.217,25.8439],[131.217,25.8439],[131.217,25.844],[131.217,25.844],[131.217,25.8441],[131.2171,25.8441],[131.217,25.8441],[131.217,25.8442],[131.217,25.8442],[131.2171,25.8443],[131.2171,25.8443],[131.2171,25.8444],[131.2171,25.8444],[131.2171,25.8444],[131.2171,25.8445],[131.2172,25.8446],[131.2172,25.8446],[131.2172,25.8446],[131.2172,25.8447],[131.2172,25.8447],[131.2173,25.8447],[131.2172,25.8448],[131.2172,25.8448],[131.2172,25.8449],[131.2172,25.8449],[131.2172,25.845],[131.2171,25.845],[131.217,25.845],[131.217,25.8451],[131.217,25.8451],[131.217,25.8451],[131.2169,25.8452],[131.2169,25.8453],[131.2169,25.8453],[131.2169,25.8453],[131.2169,25.8454],[131.2169,25.8454],[131.2169,25.8455],[131.2169,25.8455],[131.2169,25.8456],[131.2169,25.8456],[131.217,25.8456],[131.217,25.8457],[131.217,25.8457],[131.217,25.8458],[131.2171,25.8458],[131.2171,25.8458],[131.2172,25.8458],[131.2171,25.8458],[131.2171,25.8459],[131.2171,25.846],[131.2171,25.846],[131.2172,25.846],[131.2172,25.846],[131.2172,25.8461],[131.2171,25.8461],[131.2171,25.8461],[131.2171,25.8462],[131.2171,25.8462],[131.2172,25.8463],[131.2172,25.8463],[131.2172,25.8464],[131.2171,25.8464],[131.2172,25.8465],[131.2172,25.8465],[131.2172,25.8465],[131.2172,25.8466],[131.2173,25.8466],[131.2172,25.8466],[131.2172,25.8467],[131.2172,25.8468],[131.2172,25.8468],[131.2172,25.8469],[131.2173,25.8469],[131.2173,25.8469],[131.2173,25.8469],[131.2173,25.8471],[131.2174,25.8471],[131.2174,25.8471],[131.2174,25.8472],[131.2174,25.8472],[131.2173,25.8473],[131.2173,25.8473],[131.2173,25.8474],[131.2174,25.8474],[131.2174,25.8474],[131.2174,25.8475],[131.2173,25.8475],[131.2173,25.8475],[131.2173,25.8476],[131.2173,25.8477],[131.2174,25.8477],[131.2173,25.8478],[131.2173,25.8478],[131.2173,25.8479],[131.2173,25.848],[131.2173,25.848],[131.2173,25.8481],[131.2174,25.8481],[131.2174,25.8481],[131.2174,25.8481],[131.2174,25.8482],[131.2174,25.8483],[131.2174,25.8483],[131.2175,25.8483],[131.2175,25.8483],[131.2175,25.8484],[131.2176,25.8485],[131.2175,25.8486],[131.2175,25.8486],[131.2175,25.8487],[131.2175,25.8487],[131.2176,25.8488],[131.2176,25.8488],[131.2176,25.8488],[131.2175,25.8489],[131.2175,25.849],[131.2175,25.849],[131.2176,25.8491],[131.2177,25.8491],[131.2176,25.8492],[131.2176,25.8492],[131.2176,25.8493],[131.2177,25.8493],[131.2177,25.8493],[131.2177,25.8493],[131.2177,25.8494],[131.2177,25.8495],[131.2177,25.8495],[131.2177,25.8496],[131.2177,25.8496],[131.2177,25.8497],[131.2177,25.8497],[131.2178,25.8498],[131.2178,25.8498],[131.2178,25.8499],[131.2179,25.8499],[131.2179,25.8499],[131.2178,25.85],[131.2178,25.85],[131.2178,25.8501],[131.2179,25.8501],[131.218,25.8502],[131.2179,25.8502],[131.2179,25.8503],[131.218,25.8504],[131.218,25.8504],[131.2181,25.8504],[131.218,25.8505],[131.218,25.8505],[131.2181,25.8506],[131.2181,25.8506],[131.2181,25.8507],[131.2182,25.8507],[131.2181,25.8508],[131.2181,25.8508],[131.2181,25.8509],[131.2181,25.851],[131.2182,25.851],[131.2182,25.8511],[131.2182,25.8511],[131.2182,25.8512],[131.2183,25.8512],[131.2182,25.8513],[131.2182,25.8514],[131.2182,25.8515],[131.2183,25.8515],[131.2184,25.8515],[131.2183,25.8516],[131.2183,25.8517],[131.2184,25.8518],[131.2184,25.8518],[131.2185,25.8518],[131.2184,25.8519],[131.2184,25.8519],[131.2185,25.852],[131.2185,25.852],[131.2185,25.852],[131.2185,25.8521],[131.2185,25.8522],[131.2185,25.8522],[131.2186,25.8523],[131.2186,25.8523],[131.2187,25.8523],[131.2187,25.8524],[131.2187,25.8525],[131.2187,25.8526],[131.2188,25.8526],[131.2188,25.8527],[131.2188,25.8527],[131.2188,25.8528],[131.2188,25.8528],[131.2188,25.8528],[131.2189,25.8529],[131.2189,25.853],[131.2189,25.853],[131.219,25.853],[131.219,25.8531],[131.2191,25.8531],[131.2191,25.8531],[131.2191,25.8531],[131.2191,25.8532],[131.219,25.8533],[131.219,25.8533],[131.2191,25.8534],[131.2192,25.8534],[131.2192,25.8535],[131.2192,25.8536],[131.2193,25.8536],[131.2193,25.8537],[131.2193,25.8538],[131.2193,25.8538],[131.2193,25.8539],[131.2194,25.8539],[131.2195,25.8539],[131.2195,25.854],[131.2195,25.854],[131.2195,25.854],[131.2195,25.8541],[131.2195,25.8541],[131.2195,25.8542],[131.2195,25.8542],[131.2195,25.8542],[131.2196,25.8544],[131.2196,25.8544],[131.2197,25.8545],[131.2197,25.8545],[131.2197,25.8545],[131.2197,25.8545],[131.2197,25.8546],[131.2197,25.8547],[131.2198,25.8547],[131.2198,25.8547],[131.2199,25.8547],[131.2199,25.8548],[131.2198,25.8548],[131.2198,25.8549],[131.2198,25.8549],[131.2199,25.855],[131.22,25.855],[131.2199,25.8551],[131.2199,25.8551],[131.2199,25.8552],[131.22,25.8552],[131.2201,25.8553],[131.2201,25.8553],[131.2201,25.8553],[131.2201,25.8554],[131.2201,25.8554],[131.2202,25.8554],[131.2202,25.8555],[131.2201,25.8555],[131.2201,25.8556],[131.2201,25.8556],[131.2202,25.8557],[131.2202,25.8557],[131.2202,25.8558],[131.2202,25.8559],[131.2204,25.8559],[131.2204,25.8559],[131.2203,25.856],[131.2203,25.856],[131.2203,25.8561],[131.2203,25.8561],[131.2204,25.8562],[131.2204,25.8562],[131.2204,25.8563],[131.2205,25.8563],[131.2205,25.8563],[131.2205,25.8565],[131.2205,25.8565],[131.2206,25.8566],[131.2206,25.8566],[131.2206,25.8566],[131.2206,25.8566],[131.2206,25.8567],[131.2206,25.8568],[131.2206,25.8568],[131.2207,25.8569],[131.2207,25.8569],[131.2207,25.857],[131.2207,25.857],[131.2207,25.8571],[131.2208,25.8571],[131.2208,25.8571],[131.2208,25.8572],[131.2208,25.8573],[131.2207,25.8573],[131.2207,25.8574],[131.2207,25.8574],[131.2208,25.8575],[131.2208,25.8575],[131.2208,25.8576],[131.2208,25.8576],[131.2208,25.8577],[131.2208,25.8577],[131.2208,25.8577],[131.2208,25.8578],[131.2209,25.8578],[131.2208,25.858],[131.2208,25.858],[131.2208,25.858],[131.2209,25.8581],[131.2209,25.8581],[131.2209,25.8582],[131.2209,25.8582],[131.2209,25.8582],[131.2209,25.8583],[131.2209,25.8583],[131.2209,25.8584],[131.2209,25.8584],[131.2209,25.8584],[131.2209,25.8585],[131.2209,25.8585],[131.221,25.8585],[131.221,25.8585],[131.221,25.8586],[131.221,25.8586],[131.221,25.8587],[131.221,25.8588],[131.2209,25.8588],[131.2209,25.8589],[131.221,25.859],[131.221,25.859],[131.221,25.8591],[131.221,25.8591],[131.221,25.8591],[131.221,25.8592],[131.221,25.8592],[131.221,25.8593],[131.221,25.8594],[131.2211,25.8594],[131.2211,25.8595],[131.2211,25.8595],[131.2211,25.8595],[131.221,25.8596],[131.221,25.8596],[131.221,25.8596],[131.221,25.8596],[131.221,25.8598],[131.2209,25.8598],[131.2209,25.8599],[131.2209,25.86],[131.2209,25.86],[131.2209,25.8601],[131.2209,25.8601],[131.2208,25.8601],[131.2208,25.8601],[131.2208,25.8602],[131.2208,25.8603],[131.2208,25.8604],[131.2208,25.8604],[131.2208,25.8604],[131.2207,25.8605],[131.2207,25.8605],[131.2207,25.8605],[131.2207,25.8605],[131.2207,25.8606],[131.2207,25.8607],[131.2207,25.8607],[131.2206,25.8607],[131.2206,25.8608],[131.2206,25.8609],[131.2206,25.861],[131.2206,25.861],[131.2206,25.861],[131.2206,25.861],[131.2206,25.8611],[131.2206,25.8611],[131.2205,25.8611],[131.2205,25.8612],[131.2205,25.8612],[131.2205,25.8613],[131.2205,25.8614],[131.2206,25.8614],[131.2206,25.8614],[131.2205,25.8615],[131.2205,25.8615],[131.2205,25.8616],[131.2205,25.8617],[131.2204,25.8618],[131.2204,25.8619],[131.2204,25.862],[131.2204,25.862],[131.2204,25.8622],[131.2204,25.8623],[131.2204,25.8623],[131.2204,25.8624],[131.2204,25.8625],[131.2204,25.8625],[131.2204,25.8626],[131.2204,25.8626],[131.2204,25.8627],[131.2203,25.8628],[131.2203,25.8628],[131.2203,25.8628],[131.2203,25.8629],[131.2203,25.863],[131.2202,25.8631],[131.2203,25.8631],[131.2202,25.8631],[131.2202,25.8633],[131.2202,25.8634],[131.2202,25.8635],[131.2202,25.8635],[131.2201,25.8636],[131.2201,25.8636],[131.22,25.8637],[131.2201,25.8637],[131.22,25.8638],[131.2199,25.864],[131.2199,25.864],[131.2199,25.864],[131.2199,25.864],[131.2199,25.864],[131.2199,25.8641],[131.2198,25.8642],[131.2198,25.8642],[131.2198,25.8643],[131.2198,25.8643],[131.2198,25.8644],[131.2198,25.8645],[131.2198,25.8647],[131.2199,25.8647],[131.2198,25.8647],[131.2198,25.8649],[131.2199,25.865],[131.2199,25.865],[131.2199,25.8651],[131.2199,25.8652],[131.2199,25.8652],[131.22,25.8653],[131.2199,25.8653],[131.22,25.8655],[131.22,25.8655],[131.22,25.8655],[131.22,25.8657],[131.22,25.8658],[131.2201,25.8659],[131.2201,25.8659],[131.2201,25.866],[131.2202,25.8661],[131.2203,25.8661],[131.2203,25.8661],[131.2203,25.8662],[131.2204,25.8662],[131.2204,25.8663],[131.2205,25.8663],[131.2205,25.8663],[131.2205,25.8664],[131.2205,25.8664],[131.2206,25.8666],[131.2207,25.8666],[131.2207,25.8666],[131.2207,25.8667],[131.2207,25.8667],[131.2208,25.8668],[131.2209,25.8668],[131.2209,25.8668],[131.2209,25.8668],[131.2209,25.8669],[131.221,25.8669],[131.2211,25.867],[131.2211,25.867],[131.2212,25.867],[131.2213,25.8671],[131.2214,25.8672],[131.2214,25.8672],[131.2214,25.8672],[131.2215,25.8673],[131.2216,25.8673],[131.2217,25.8673],[131.2217,25.8674],[131.2218,25.8675],[131.2218,25.8675],[131.2219,25.8675],[131.2219,25.8675],[131.222,25.8676],[131.2221,25.8677],[131.2221,25.8677],[131.2221,25.8677],[131.2223,25.8678],[131.2223,25.8678],[131.2223,25.8679],[131.2224,25.8679],[131.2226,25.868],[131.2226,25.8681],[131.2227,25.8681],[131.2227,25.8681],[131.2227,25.8682],[131.2228,25.8682],[131.2229,25.8682],[131.2229,25.8683],[131.2229,25.8683],[131.2229,25.8683],[131.2231,25.8686],[131.2232,25.8686],[131.2232,25.8686],[131.2233,25.8687],[131.2234,25.8687],[131.2234,25.8687],[131.2234,25.8688],[131.2235,25.8688],[131.2236,25.8689],[131.2236,25.8688],[131.2237,25.8689],[131.2238,25.869],[131.2239,25.8689],[131.2239,25.869],[131.2241,25.8691],[131.2241,25.8691],[131.2242,25.8691],[131.2243,25.8691],[131.2243,25.8692],[131.2244,25.8692],[131.2244,25.8693],[131.2244,25.8693],[131.2245,25.8693],[131.2245,25.8694],[131.2245,25.8694],[131.2246,25.8695],[131.2247,25.8695],[131.2247,25.8695],[131.2248,25.8696],[131.2249,25.8696],[131.2249,25.8697],[131.225,25.8698],[131.2252,25.8699],[131.2252,25.87],[131.2253,25.87],[131.2253,25.87],[131.2254,25.87],[131.2254,25.8701],[131.2254,25.8701],[131.2254,25.8702],[131.2255,25.8702],[131.2255,25.8702],[131.2256,25.8703],[131.2256,25.8703],[131.2257,25.8703],[131.2258,25.8703],[131.2259,25.8703],[131.226,25.8703],[131.226,25.8703],[131.2261,25.8703],[131.2262,25.8703],[131.2262,25.8703],[131.2263,25.8703],[131.2263,25.8703],[131.2263,25.8703],[131.2264,25.8702],[131.2264,25.8702],[131.2265,25.8703],[131.2265,25.8703],[131.2266,25.8702],[131.2266,25.8702],[131.2266,25.8701],[131.2267,25.87],[131.2267,25.8699],[131.2267,25.8698],[131.2267,25.8697],[131.2267,25.8696],[131.2267,25.8696],[131.2267,25.8695],[131.2267,25.8694],[131.2267,25.8694],[131.2267,25.8689],[131.2266,25.8689],[131.2265,25.8694],[131.2262,25.8693],[131.2263,25.8688],[131.2261,25.8688],[131.2262,25.8687],[131.2263,25.8684],[131.2266,25.8682],[131.2269,25.8681],[131.2273,25.8682],[131.2279,25.8683],[131.2279,25.8685],[131.2282,25.8686],[131.2282,25.8685],[131.2291,25.8687],[131.2289,25.8695],[131.228,25.8693],[131.2281,25.8689],[131.2284,25.8689],[131.2285,25.8689],[131.2278,25.8687],[131.2275,25.8695],[131.227,25.8693],[131.227,25.8695],[131.227,25.8696],[131.227,25.8698],[131.227,25.87],[131.227,25.87],[131.2271,25.8701],[131.2272,25.8701],[131.2272,25.8701],[131.2273,25.8701],[131.2273,25.8701],[131.2274,25.8702],[131.2274,25.8702],[131.2275,25.8702],[131.2276,25.8702],[131.2276,25.8702],[131.2276,25.8702],[131.2276,25.8702],[131.2277,25.8702],[131.2277,25.8703],[131.2278,25.8703],[131.2278,25.8703],[131.2279,25.8704],[131.2279,25.8704],[131.228,25.8703],[131.228,25.8703],[131.228,25.8703],[131.2281,25.8704],[131.2282,25.8704],[131.2282,25.8704],[131.2283,25.8704],[131.2283,25.8704],[131.2283,25.8703],[131.2284,25.8703],[131.2285,25.8704],[131.2286,25.8704],[131.2286,25.8704],[131.2287,25.8705],[131.2287,25.8705],[131.2288,25.8705],[131.2289,25.8705],[131.229,25.8704],[131.229,25.8704],[131.229,25.8705],[131.2291,25.8705],[131.2291,25.8706],[131.2292,25.8707],[131.2293,25.8707],[131.2293,25.8707],[131.2294,25.8707],[131.2294,25.8708],[131.2294,25.8708],[131.2295,25.8708],[131.2296,25.8708],[131.2297,25.8709],[131.2298,25.8709],[131.2299,25.8709],[131.2299,25.8709],[131.23,25.8709],[131.23,25.8709],[131.23,25.8709],[131.2301,25.871],[131.2301,25.871],[131.2302,25.871],[131.2303,25.871],[131.2304,25.871],[131.2304,25.871],[131.2305,25.871],[131.2306,25.871],[131.2307,25.871],[131.2307,25.871],[131.2308,25.871],[131.2308,25.871],[131.231,25.8711],[131.2311,25.8711],[131.2311,25.8711],[131.2311,25.871],[131.2312,25.871],[131.2313,25.8711],[131.2313,25.8711],[131.2314,25.8711],[131.2314,25.8711],[131.2315,25.8711],[131.2315,25.8712],[131.2316,25.8712],[131.2317,25.8712],[131.2318,25.8712],[131.2318,25.8712],[131.2319,25.8712],[131.2319,25.8713],[131.232,25.8713],[131.232,25.8713],[131.2321,25.8713],[131.2322,25.8713],[131.2322,25.8714],[131.2323,25.8714],[131.2323,25.8714],[131.2324,25.8713],[131.2324,25.8713],[131.2325,25.8714],[131.2326,25.8714],[131.2326,25.8714],[131.2327,25.8714],[131.2327,25.8714],[131.2328,25.8715],[131.2329,25.8715],[131.233,25.8715],[131.2331,25.8715],[131.2331,25.8715],[131.2332,25.8715],[131.2333,25.8715],[131.2333,25.8715],[131.2334,25.8715],[131.2334,25.8715],[131.2335,25.8716],[131.2335,25.8716],[131.2336,25.8716],[131.2337,25.8716],[131.2337,25.8716],[131.2338,25.8716],[131.2338,25.8716],[131.2338,25.8717],[131.2338,25.8717],[131.234,25.8718],[131.234,25.8718],[131.2341,25.8717],[131.2341,25.8718],[131.2342,25.8718],[131.2342,25.8718],[131.2343,25.8718],[131.2343,25.8718],[131.2344,25.8717],[131.2344,25.8718],[131.2344,25.8719],[131.2345,25.8719],[131.2345,25.8719],[131.2346,25.8719],[131.2347,25.8719],[131.2348,25.872],[131.2348,25.872],[131.2348,25.872],[131.235,25.872],[131.235,25.872],[131.235,25.872],[131.2351,25.872],[131.2351,25.8721],[131.2352,25.8721],[131.2353,25.872],[131.2353,25.872],[131.2354,25.8721],[131.2355,25.8721],[131.2355,25.8721],[131.2356,25.8721],[131.2357,25.8721],[131.2357,25.8721],[131.2358,25.8721],[131.2358,25.8722],[131.2358,25.8722],[131.2359,25.8722],[131.236,25.8721],[131.236,25.872],[131.2361,25.8721],[131.2361,25.8721],[131.2362,25.8721],[131.2362,25.872],[131.2363,25.872],[131.2363,25.8721],[131.2372,25.8721],[131.2372,25.872],[131.2372,25.8721],[131.2373,25.872],[131.2373,25.872],[131.2374,25.872],[131.2375,25.872],[131.2375,25.872],[131.2376,25.872],[131.2377,25.872],[131.2377,25.872],[131.2378,25.8719],[131.2378,25.8719],[131.2378,25.8719],[131.2379,25.872],[131.238,25.872],[131.2381,25.8719],[131.2381,25.8719],[131.2381,25.8719],[131.2382,25.8719],[131.2382,25.872],[131.2383,25.872],[131.2383,25.872],[131.2384,25.872],[131.2384,25.872],[131.2384,25.872],[131.2385,25.872],[131.2385,25.8719],[131.2385,25.8719],[131.2386,25.8719],[131.2386,25.8719],[131.2387,25.8719],[131.2387,25.8719],[131.2388,25.8719],[131.2388,25.8718],[131.2388,25.8718],[131.2388,25.8718],[131.2389,25.8719],[131.2389,25.8719],[131.239,25.8719],[131.239,25.8719],[131.239,25.8719],[131.2391,25.8719],[131.2391,25.8719],[131.2391,25.8719],[131.2391,25.872],[131.2392,25.8721],[131.2393,25.8721],[131.2394,25.8721],[131.2394,25.8722],[131.2395,25.8722],[131.2396,25.8722],[131.2396,25.8722],[131.2397,25.8722],[131.2397,25.8722],[131.2397,25.8723],[131.2397,25.8723],[131.2398,25.8723],[131.2399,25.8723],[131.24,25.8723],[131.24,25.8723],[131.24,25.8723],[131.2401,25.8723],[131.2401,25.8723],[131.2402,25.8724],[131.2403,25.8724],[131.2403,25.8724],[131.2404,25.8724],[131.2404,25.8723],[131.2404,25.8724],[131.2405,25.8724],[131.2406,25.8724],[131.2407,25.8724],[131.2407,25.8724]]],[[[131.2859,25.961],[131.2859,25.961],[131.2859,25.9609],[131.286,25.9609],[131.286,25.9609],[131.2861,25.9609],[131.2862,25.9609],[131.2863,25.9608],[131.2863,25.9608],[131.2863,25.9608],[131.2864,25.9609],[131.2865,25.9608],[131.2866,25.9608],[131.2866,25.9608],[131.2866,25.9608],[131.2866,25.9608],[131.2867,25.9608],[131.2869,25.9607],[131.287,25.9606],[131.2871,25.9607],[131.2872,25.9606],[131.2873,25.9606],[131.2873,25.9606],[131.2875,25.9606],[131.2876,25.9606],[131.2876,25.9606],[131.2877,25.9606],[131.2878,25.9606],[131.2878,25.9605],[131.2879,25.9605],[131.2879,25.9605],[131.288,25.9604],[131.288,25.9604],[131.2882,25.9605],[131.2882,25.9605],[131.2883,25.9605],[131.2884,25.9605],[131.2884,25.9604],[131.2884,25.9604],[131.2885,25.9604],[131.2886,25.9604],[131.2886,25.9604],[131.2888,25.9603],[131.2888,25.9603],[131.2889,25.9603],[131.2891,25.9602],[131.2892,25.9602],[131.2892,25.9601],[131.2892,25.9601],[131.2893,25.9601],[131.2893,25.9601],[131.2894,25.9601],[131.2895,25.9601],[131.2896,25.96],[131.2896,25.96],[131.2897,25.96],[131.2898,25.96],[131.2898,25.9599],[131.2899,25.9599],[131.2901,25.9599],[131.2902,25.9598],[131.2904,25.9597],[131.2904,25.9597],[131.2904,25.9597],[131.2905,25.9597],[131.2905,25.9597],[131.2906,25.9597],[131.2907,25.9596],[131.2907,25.9596],[131.2908,25.9596],[131.2909,25.9596],[131.2909,25.9595],[131.2909,25.9595],[131.291,25.9595],[131.2912,25.9594],[131.2914,25.9594],[131.2916,25.9593],[131.2917,25.9593],[131.2917,25.9593],[131.2917,25.9592],[131.2918,25.9592],[131.2918,25.9592],[131.292,25.9591],[131.292,25.9591],[131.292,25.9591],[131.2922,25.959],[131.2922,25.959],[131.2923,25.959],[131.2924,25.9589],[131.2925,25.9589],[131.2925,25.9588],[131.2926,25.9588],[131.2927,25.9588],[131.2927,25.9587],[131.2928,25.9587],[131.2929,25.9587],[131.2931,25.9587],[131.2931,25.9586],[131.2931,25.9587],[131.2932,25.9587],[131.2933,25.9586],[131.2933,25.9586],[131.2934,25.9586],[131.2935,25.9586],[131.2936,25.9586],[131.2936,25.9585],[131.2936,25.9586],[131.2937,25.9586],[131.2938,25.9585],[131.2938,25.9585],[131.2939,25.9585],[131.294,25.9585],[131.294,25.9584],[131.2942,25.9584],[131.2943,25.9584],[131.2943,25.9584],[131.2944,25.9584],[131.2945,25.9583],[131.2947,25.9582],[131.2949,25.9582],[131.2949,25.9582],[131.295,25.9582],[131.2952,25.9581],[131.2953,25.9581],[131.2953,25.9581],[131.2955,25.9581],[131.2956,25.9581],[131.2956,25.958],[131.2956,25.9581],[131.2957,25.9581],[131.2958,25.958],[131.2958,25.958],[131.2959,25.958],[131.2959,25.958],[131.296,25.958],[131.296,25.958],[131.2961,25.958],[131.2962,25.9579],[131.2963,25.9579],[131.2963,25.9579],[131.2964,25.9579],[131.2964,25.9579],[131.2965,25.9579],[131.2967,25.9578],[131.2967,25.9578],[131.2967,25.9578],[131.2969,25.9578],[131.297,25.9578],[131.297,25.9577],[131.2971,25.9577],[131.2972,25.9577],[131.2974,25.9577],[131.2974,25.9577],[131.2974,25.9577],[131.2976,25.9576],[131.2978,25.9576],[131.2979,25.9575],[131.2979,25.9575],[131.298,25.9575],[131.2981,25.9575],[131.2981,25.9575],[131.2982,25.9575],[131.2983,25.9574],[131.2983,25.9575],[131.2984,25.9574],[131.2985,25.9574],[131.2985,25.9574],[131.2986,25.9574],[131.2988,25.9574],[131.2988,25.9574],[131.2988,25.9574],[131.299,25.9573],[131.2991,25.9573],[131.2991,25.9573],[131.2992,25.9573],[131.2993,25.9573],[131.2993,25.9572],[131.2994,25.9573],[131.2995,25.9572],[131.2996,25.9572],[131.2996,25.9571],[131.2997,25.9571],[131.2999,25.9571],[131.2999,25.9571],[131.2999,25.9571],[131.3,25.9571],[131.3002,25.957],[131.3002,25.957],[131.3003,25.957],[131.3004,25.9569],[131.3004,25.9569],[131.3005,25.9569],[131.3006,25.9569],[131.3008,25.9568],[131.3011,25.9568],[131.3012,25.9568],[131.3013,25.9568],[131.3014,25.9567],[131.3014,25.9567],[131.3015,25.9566],[131.3016,25.9567],[131.3016,25.9567],[131.3017,25.9567],[131.3017,25.9566],[131.3017,25.9566],[131.3018,25.9566],[131.3019,25.9566],[131.302,25.9566],[131.302,25.9565],[131.302,25.9565],[131.3021,25.9565],[131.3021,25.9565],[131.3021,25.9565],[131.3022,25.9565],[131.3023,25.9564],[131.3024,25.9564],[131.3025,25.9564],[131.3025,25.9564],[131.3025,25.9563],[131.3025,25.9563],[131.3026,25.9563],[131.3027,25.9563],[131.3028,25.9563],[131.3028,25.9563],[131.3029,25.9563],[131.3029,25.9563],[131.3029,25.9563],[131.303,25.9562],[131.303,25.9563],[131.3031,25.9563],[131.3031,25.9563],[131.3031,25.9563],[131.3033,25.9563],[131.3033,25.9562],[131.3033,25.9562],[131.3033,25.9562],[131.3034,25.9562],[131.3035,25.9562],[131.3036,25.9561],[131.3036,25.9561],[131.3037,25.9562],[131.3038,25.9562],[131.3039,25.956],[131.3039,25.9561],[131.304,25.956],[131.3041,25.956],[131.3042,25.956],[131.3043,25.956],[131.3045,25.956],[131.3045,25.9559],[131.3046,25.9559],[131.3046,25.9559],[131.3047,25.956],[131.3048,25.956],[131.3048,25.9559],[131.3048,25.9559],[131.3049,25.9559],[131.305,25.9559],[131.3052,25.9559],[131.3052,25.9558],[131.3052,25.9559],[131.3053,25.9559],[131.3054,25.9558],[131.3055,25.9558],[131.3055,25.9558],[131.3056,25.9557],[131.3056,25.9558],[131.3058,25.9557],[131.3058,25.9557],[131.3058,25.9557],[131.3059,25.9557],[131.306,25.9557],[131.3061,25.9557],[131.3062,25.9557],[131.3062,25.9556],[131.3062,25.9556],[131.3063,25.9556],[131.3063,25.9556],[131.3064,25.9556],[131.3065,25.9556],[131.3065,25.9556],[131.3066,25.9556],[131.3066,25.9556],[131.3066,25.9556],[131.3067,25.9556],[131.3068,25.9556],[131.3068,25.9556],[131.3069,25.9556],[131.3069,25.9556],[131.3069,25.9556],[131.307,25.9556],[131.3071,25.9556],[131.3072,25.9556],[131.3072,25.9556],[131.3072,25.9556],[131.3073,25.9556],[131.3073,25.9556],[131.3074,25.9556],[131.3075,25.9556],[131.3075,25.9556],[131.3076,25.9556],[131.3076,25.9556],[131.3076,25.9556],[131.3077,25.9556],[131.3078,25.9556],[131.3079,25.9556],[131.3079,25.9556],[131.3079,25.9556],[131.308,25.9556],[131.308,25.9556],[131.3081,25.9556],[131.3082,25.9556],[131.3082,25.9556],[131.3083,25.9556],[131.3083,25.9556],[131.3084,25.9556],[131.3085,25.9556],[131.3085,25.9556],[131.3085,25.9556],[131.3086,25.9556],[131.3087,25.9556],[131.3087,25.9556],[131.3088,25.9556],[131.3088,25.9556],[131.3088,25.9556],[131.3089,25.9556],[131.309,25.9556],[131.3091,25.9556],[131.3092,25.9556],[131.3092,25.9555],[131.3093,25.9556],[131.3094,25.9556],[131.3094,25.9556],[131.3095,25.9556],[131.3095,25.9556],[131.3096,25.9556],[131.3096,25.9556],[131.3098,25.9556],[131.3098,25.9556],[131.3098,25.9555],[131.3099,25.9555],[131.3099,25.9556],[131.31,25.9556],[131.31,25.9556],[131.3101,25.9556],[131.3102,25.9556],[131.3102,25.9555],[131.3103,25.9556],[131.3105,25.9556],[131.3105,25.9556],[131.3106,25.9555],[131.3106,25.9555],[131.3106,25.9555],[131.3107,25.9555],[131.3107,25.9555],[131.3116,25.9556],[131.3117,25.9556],[131.3117,25.9555],[131.3118,25.9556],[131.3119,25.9556],[131.3119,25.9556],[131.312,25.9555],[131.3121,25.9556],[131.3121,25.9556],[131.3122,25.9556],[131.3122,25.9556],[131.3123,25.9556],[131.3124,25.9556],[131.3125,25.9557],[131.3125,25.9557],[131.3125,25.9556],[131.3126,25.9557],[131.3127,25.9557],[131.3128,25.9557],[131.3128,25.9557],[131.3129,25.9557],[131.313,25.9557],[131.313,25.9557],[131.313,25.9557],[131.3133,25.9557],[131.3133,25.9557],[131.3134,25.9557],[131.3135,25.9557],[131.3136,25.9558],[131.3136,25.9557],[131.3137,25.9558],[131.3138,25.9558],[131.3139,25.9558],[131.3139,25.9558],[131.314,25.9558],[131.3141,25.9558],[131.3141,25.9558],[131.3142,25.9558],[131.3144,25.9558],[131.3144,25.9558],[131.3144,25.9558],[131.3146,25.9558],[131.3146,25.9558],[131.3147,25.9558],[131.3149,25.9558],[131.3149,25.9558],[131.3149,25.9558],[131.315,25.9559],[131.3151,25.9559],[131.3151,25.9558],[131.3151,25.9559],[131.3152,25.9559],[131.3153,25.9559],[131.3153,25.9559],[131.3153,25.9559],[131.3154,25.9559],[131.3155,25.9559],[131.3155,25.956],[131.3156,25.956],[131.3157,25.956],[131.3157,25.956],[131.3158,25.956],[131.3158,25.956],[131.3159,25.956],[131.316,25.956],[131.316,25.9561],[131.3161,25.956],[131.3162,25.9561],[131.3162,25.9561],[131.3163,25.9561],[131.3163,25.956],[131.3163,25.9561],[131.3165,25.9561],[131.3165,25.9561],[131.3165,25.9561],[131.3166,25.9561],[131.3167,25.9561],[131.3167,25.9561],[131.3167,25.9561],[131.3167,25.9561],[131.3168,25.9561],[131.3168,25.9562],[131.3169,25.9561],[131.3169,25.9562],[131.317,25.9562],[131.3171,25.9562],[131.3171,25.9562],[131.3172,25.9562],[131.3173,25.9562],[131.3174,25.9562],[131.3174,25.9562],[131.3174,25.9562],[131.3176,25.9562],[131.3176,25.9563],[131.3177,25.9563],[131.3177,25.9562],[131.318,25.9563],[131.3181,25.9562],[131.3181,25.9563],[131.3182,25.9563],[131.3183,25.9563],[131.3183,25.9563],[131.3183,25.9562],[131.3185,25.9563],[131.3186,25.9563],[131.3187,25.9562],[131.3187,25.9562],[131.3188,25.9563],[131.3189,25.9563],[131.319,25.9563],[131.319,25.9563],[131.3191,25.9563],[131.3192,25.9563],[131.3193,25.9564],[131.3194,25.9563],[131.3195,25.9564],[131.3195,25.9564],[131.3196,25.9564],[131.3197,25.9563],[131.3197,25.9563],[131.3198,25.9563],[131.3199,25.9563],[131.32,25.9562],[131.3201,25.9563],[131.3201,25.9563],[131.3202,25.9563],[131.3203,25.9563],[131.3203,25.9562],[131.3203,25.9562],[131.3204,25.9562],[131.3205,25.9563],[131.3206,25.9563],[131.3207,25.9562],[131.3207,25.9562],[131.3208,25.9562],[131.3209,25.9562],[131.3209,25.9562],[131.321,25.9562],[131.321,25.9562],[131.3211,25.9562],[131.3211,25.9562],[131.3212,25.9562],[131.3212,25.9561],[131.3213,25.9562],[131.3215,25.9562],[131.3215,25.9562],[131.3215,25.9561],[131.3215,25.9561],[131.3216,25.9562],[131.3217,25.9562],[131.3218,25.9561],[131.3219,25.9562],[131.3221,25.9561],[131.3222,25.956],[131.3222,25.9561],[131.3223,25.9561],[131.3224,25.9561],[131.3224,25.9561],[131.3225,25.9561],[131.3225,25.956],[131.3226,25.9561],[131.3227,25.9561],[131.3229,25.956],[131.3229,25.9559],[131.3229,25.956],[131.3232,25.956],[131.3232,25.9559],[131.3232,25.9559],[131.3233,25.9559],[131.3234,25.9558],[131.3235,25.9558],[131.3236,25.9558],[131.3236,25.9558],[131.3237,25.9558],[131.3238,25.9557],[131.3238,25.9557],[131.3239,25.9557],[131.324,25.9558],[131.3241,25.9557],[131.3241,25.9557],[131.3241,25.9557],[131.3241,25.9556],[131.3242,25.9556],[131.3243,25.9556],[131.3243,25.9555],[131.3244,25.9555],[131.3244,25.9555],[131.3245,25.9555],[131.3245,25.9555],[131.3246,25.9555],[131.3247,25.9554],[131.3247,25.9554],[131.3247,25.9553],[131.3247,25.9553],[131.3248,25.9554],[131.3249,25.9554],[131.325,25.9553],[131.325,25.9553],[131.325,25.9553],[131.3251,25.9553],[131.3251,25.9552],[131.3251,25.9552],[131.3253,25.9552],[131.3254,25.9552],[131.3254,25.9552],[131.3254,25.9552],[131.3254,25.9551],[131.3255,25.9552],[131.3256,25.9551],[131.3257,25.9551],[131.3258,25.9551],[131.3258,25.955],[131.3259,25.955],[131.326,25.955],[131.3261,25.9549],[131.3261,25.9549],[131.3262,25.9549],[131.3262,25.9549],[131.3262,25.9548],[131.3263,25.9549],[131.3264,25.9549],[131.3265,25.9548],[131.3265,25.9547],[131.3266,25.9547],[131.3267,25.9547],[131.3268,25.9547],[131.3268,25.9546],[131.3268,25.9546],[131.3269,25.9546],[131.327,25.9546],[131.327,25.9546],[131.3273,25.9545],[131.3273,25.9545],[131.3273,25.9545],[131.3273,25.9545],[131.3274,25.9544],[131.3275,25.9544],[131.3276,25.9544],[131.3276,25.9544],[131.3276,25.9543],[131.3277,25.9543],[131.3278,25.9543],[131.3279,25.9542],[131.3279,25.9542],[131.328,25.9542],[131.3281,25.9542],[131.3282,25.9542],[131.3283,25.9541],[131.3283,25.9541],[131.3284,25.9541],[131.3285,25.954],[131.3286,25.954],[131.3286,25.954],[131.3288,25.954],[131.3289,25.9539],[131.3289,25.9539],[131.329,25.9539],[131.3292,25.9539],[131.3292,25.9539],[131.3293,25.9538],[131.3294,25.9538],[131.3295,25.9538],[131.3295,25.9538],[131.3296,25.9538],[131.3297,25.9537],[131.3297,25.9537],[131.3297,25.9537],[131.33,25.9536],[131.33,25.9536],[131.33,25.9536],[131.3302,25.9535],[131.3303,25.9535],[131.3304,25.9534],[131.3304,25.9534],[131.3307,25.9533],[131.3307,25.9532],[131.3308,25.9532],[131.3309,25.9532],[131.3309,25.9531],[131.331,25.9531],[131.331,25.9531],[131.3311,25.953],[131.3311,25.953],[131.3312,25.953],[131.3313,25.9528],[131.3313,25.9528],[131.3313,25.9528],[131.3315,25.9526],[131.3318,25.9523],[131.3318,25.9523],[131.3318,25.9523],[131.3319,25.9521],[131.3319,25.9521],[131.332,25.952],[131.332,25.9518],[131.332,25.9518],[131.3321,25.9518],[131.3321,25.9516],[131.3321,25.9515],[131.3321,25.9515],[131.3321,25.9515],[131.3321,25.9514],[131.3321,25.9514],[131.3321,25.9513],[131.3321,25.9513],[131.3321,25.9513],[131.3321,25.9512],[131.3321,25.9511],[131.332,25.9508],[131.332,25.9508],[131.332,25.9507],[131.332,25.9507],[131.3319,25.9506],[131.3319,25.9506],[131.3319,25.9505],[131.3319,25.9505],[131.3319,25.9504],[131.3318,25.9503],[131.3318,25.9503],[131.3318,25.9503],[131.3318,25.9502],[131.3317,25.9501],[131.3317,25.9501],[131.3317,25.95],[131.3317,25.95],[131.3317,25.95],[131.3316,25.9499],[131.3316,25.9498],[131.3315,25.9497],[131.3315,25.9497],[131.3314,25.9497],[131.3314,25.9496],[131.3314,25.9496],[131.3314,25.9496],[131.3313,25.9495],[131.3312,25.9494],[131.3311,25.9493],[131.3311,25.9493],[131.3311,25.9493],[131.3311,25.9492],[131.331,25.9492],[131.331,25.9492],[131.3309,25.9491],[131.3309,25.9491],[131.3308,25.9489],[131.3308,25.9489],[131.3307,25.9489],[131.3307,25.9488],[131.3307,25.9488],[131.3306,25.9487],[131.3306,25.9486],[131.3305,25.9486],[131.3305,25.9485],[131.3304,25.9484],[131.3304,25.9484],[131.3303,25.9483],[131.3303,25.9483],[131.3302,25.9483],[131.3302,25.9482],[131.3302,25.9481],[131.3301,25.9481],[131.3301,25.9481],[131.3301,25.948],[131.3302,25.9479],[131.3301,25.9479],[131.3301,25.9478],[131.33,25.9478],[131.3301,25.9478],[131.3301,25.9477],[131.3301,25.9476],[131.3301,25.9476],[131.3301,25.9475],[131.3301,25.9475],[131.3301,25.9473],[131.33,25.9473],[131.33,25.9472],[131.3299,25.9472],[131.3299,25.947],[131.3299,25.947],[131.3298,25.947],[131.3298,25.9469],[131.3298,25.9468],[131.3297,25.9467],[131.3297,25.9467],[131.3296,25.9467],[131.3297,25.9466],[131.3297,25.9466],[131.3297,25.9466],[131.3297,25.9465],[131.3296,25.9464],[131.3296,25.9464],[131.3296,25.9463],[131.3296,25.9463],[131.3296,25.9463],[131.3296,25.9462],[131.3295,25.9462],[131.3295,25.9461],[131.3294,25.9461],[131.3295,25.946],[131.3294,25.9459],[131.3294,25.9458],[131.3293,25.9458],[131.3294,25.9457],[131.3294,25.9457],[131.3293,25.9456],[131.3293,25.9455],[131.3293,25.9455],[131.3292,25.9454],[131.3292,25.9454],[131.3291,25.9453],[131.3291,25.9452],[131.3291,25.9452],[131.329,25.9451],[131.329,25.945],[131.3289,25.945],[131.329,25.9449],[131.329,25.9449],[131.3289,25.9447],[131.3289,25.9447],[131.3288,25.9447],[131.3288,25.9446],[131.3288,25.9446],[131.3288,25.9446],[131.3287,25.9445],[131.3287,25.9444],[131.3286,25.9444],[131.3287,25.9444],[131.3287,25.9443],[131.3286,25.9442],[131.3286,25.9442],[131.3285,25.9442],[131.3285,25.9441],[131.3285,25.944],[131.3284,25.9439],[131.3284,25.9438],[131.3284,25.9437],[131.3284,25.9436],[131.3283,25.9436],[131.3283,25.9436],[131.3283,25.9436],[131.3283,25.9435],[131.3283,25.9434],[131.3282,25.9434],[131.3282,25.9434],[131.3282,25.9433],[131.3282,25.9432],[131.3281,25.9431],[131.3281,25.9431],[131.3281,25.943],[131.3281,25.9429],[131.3281,25.9428],[131.3281,25.9428],[131.3281,25.9427],[131.328,25.9426],[131.3279,25.9425],[131.3279,25.9425],[131.3279,25.9424],[131.3279,25.9423],[131.3278,25.9423],[131.3278,25.9423],[131.3277,25.9423],[131.3277,25.9422],[131.3276,25.942],[131.3275,25.942],[131.3275,25.942],[131.3275,25.942],[131.3275,25.9419],[131.3274,25.9418],[131.3274,25.9418],[131.3273,25.9418],[131.3273,25.9417],[131.3273,25.9417],[131.3273,25.9417],[131.3273,25.9417],[131.3272,25.9415],[131.3272,25.9415],[131.3271,25.9415],[131.327,25.9415],[131.327,25.9414],[131.327,25.9413],[131.3269,25.9413],[131.3269,25.9412],[131.3269,25.9411],[131.3269,25.9411],[131.3268,25.941],[131.3268,25.941],[131.3267,25.941],[131.3267,25.9409],[131.3266,25.9408],[131.3266,25.9407],[131.3266,25.9406],[131.3265,25.9406],[131.3265,25.9406],[131.3265,25.9405],[131.3265,25.9405],[131.3264,25.9404],[131.3263,25.9403],[131.3263,25.9401],[131.3263,25.9401],[131.3262,25.94],[131.3262,25.94],[131.3261,25.94],[131.3261,25.94],[131.3261,25.9399],[131.3261,25.9399],[131.3261,25.9398],[131.326,25.9397],[131.326,25.9397],[131.326,25.9396],[131.3259,25.9395],[131.3258,25.9395],[131.3258,25.9394],[131.3258,25.9394],[131.3256,25.9394],[131.3257,25.9393],[131.3256,25.9393],[131.3255,25.9392],[131.3255,25.9392],[131.3255,25.9391],[131.3255,25.939],[131.3254,25.939],[131.3254,25.9389],[131.3254,25.9389],[131.3254,25.9388],[131.3254,25.9387],[131.3253,25.9387],[131.3253,25.9387],[131.3253,25.9386],[131.3252,25.9385],[131.3252,25.9384],[131.3252,25.9383],[131.3252,25.9382],[131.3252,25.9382],[131.3251,25.9381],[131.3251,25.9381],[131.325,25.9381],[131.325,25.9381],[131.325,25.938],[131.325,25.9379],[131.325,25.9379],[131.325,25.9379],[131.3249,25.9378],[131.3249,25.9378],[131.3249,25.9377],[131.3249,25.9377],[131.3248,25.9376],[131.3247,25.9375],[131.3247,25.9375],[131.3246,25.9375],[131.3247,25.9375],[131.3247,25.9374],[131.3246,25.9374],[131.3246,25.9373],[131.3245,25.9373],[131.3245,25.9371],[131.3244,25.9371],[131.3244,25.937],[131.3244,25.9369],[131.3243,25.9369],[131.3243,25.9368],[131.3243,25.9368],[131.3241,25.9364],[131.3241,25.9364],[131.3241,25.9364],[131.3241,25.9362],[131.3241,25.9362],[131.3241,25.9362],[131.3241,25.9361],[131.3241,25.936],[131.3241,25.9359],[131.324,25.9358],[131.3239,25.9358],[131.3239,25.9357],[131.3239,25.9356],[131.3239,25.9356],[131.3239,25.9355],[131.3239,25.9355],[131.3239,25.9354],[131.3238,25.9353],[131.3238,25.9353],[131.3238,25.9352],[131.3238,25.935],[131.3238,25.935],[131.3238,25.935],[131.3238,25.9348],[131.3238,25.9347],[131.3238,25.9347],[131.3238,25.9346],[131.3238,25.9346],[131.3238,25.9345],[131.3237,25.9345],[131.3238,25.9345],[131.3238,25.9343],[131.3237,25.9342],[131.3237,25.9342],[131.3237,25.9341],[131.3238,25.9341],[131.3238,25.934],[131.3237,25.9339],[131.3237,25.9339],[131.3237,25.9339],[131.3237,25.9338],[131.3237,25.9337],[131.3237,25.9336],[131.3236,25.9336],[131.3236,25.9335],[131.3236,25.9335],[131.3236,25.9334],[131.3236,25.9334],[131.3236,25.9333],[131.3235,25.9332],[131.3235,25.9332],[131.3235,25.9332],[131.3235,25.9331],[131.3235,25.933],[131.3234,25.933],[131.3234,25.933],[131.3234,25.9329],[131.3234,25.9328],[131.3234,25.9328],[131.3234,25.9327],[131.3233,25.9326],[131.3233,25.9324],[131.3233,25.9324],[131.3233,25.9324],[131.3232,25.9322],[131.3232,25.9322],[131.3232,25.9322],[131.3231,25.9319],[131.3231,25.9319],[131.3231,25.9318],[131.323,25.9316],[131.3229,25.9316],[131.3229,25.9316],[131.3229,25.9315],[131.3228,25.9314],[131.3228,25.9314],[131.3228,25.9314],[131.3228,25.9314],[131.3227,25.9313],[131.3227,25.9313],[131.3226,25.9313],[131.3226,25.9312],[131.3226,25.9312],[131.3226,25.9311],[131.3226,25.9311],[131.3224,25.931],[131.3224,25.931],[131.3223,25.931],[131.3223,25.9309],[131.3223,25.9308],[131.3222,25.9308],[131.3222,25.9307],[131.3221,25.9307],[131.3221,25.9306],[131.322,25.9306],[131.3219,25.9306],[131.3219,25.9306],[131.3219,25.9305],[131.3218,25.9305],[131.3218,25.9305],[131.3217,25.9305],[131.3217,25.9305],[131.3216,25.9304],[131.3215,25.9304],[131.3215,25.9304],[131.3215,25.9304],[131.3214,25.9303],[131.3214,25.9303],[131.3213,25.9302],[131.3212,25.9302],[131.3211,25.9302],[131.3211,25.9302],[131.3211,25.9301],[131.321,25.9301],[131.3209,25.9301],[131.3209,25.9301],[131.3209,25.9301],[131.3208,25.93],[131.3207,25.93],[131.3207,25.9299],[131.3206,25.9299],[131.3205,25.9299],[131.3205,25.9299],[131.3205,25.9299],[131.3204,25.9298],[131.3203,25.9298],[131.3203,25.9298],[131.3202,25.9298],[131.3202,25.9298],[131.3202,25.9297],[131.3202,25.9296],[131.3201,25.9296],[131.3201,25.9296],[131.32,25.9296],[131.3199,25.9296],[131.3199,25.9295],[131.3198,25.9294],[131.3197,25.9294],[131.3196,25.9295],[131.3196,25.9294],[131.3196,25.9294],[131.3196,25.9293],[131.3194,25.9293],[131.3194,25.9293],[131.3193,25.9293],[131.3193,25.9293],[131.3192,25.9292],[131.3192,25.9292],[131.3192,25.9292],[131.3192,25.9291],[131.3192,25.9291],[131.3191,25.9291],[131.319,25.9291],[131.3189,25.929],[131.3188,25.9291],[131.3188,25.9291],[131.3187,25.9291],[131.3187,25.9291],[131.3186,25.929],[131.3185,25.929],[131.3185,25.929],[131.3184,25.929],[131.3184,25.929],[131.3183,25.929],[131.3183,25.929],[131.3182,25.9289],[131.318,25.9289],[131.318,25.929],[131.3179,25.929],[131.3177,25.9289],[131.3177,25.9289],[131.3176,25.9289],[131.3175,25.9288],[131.3173,25.9288],[131.3172,25.9288],[131.3172,25.9288],[131.317,25.9288],[131.3168,25.9288],[131.3167,25.9288],[131.3167,25.9288],[131.3167,25.9288],[131.3167,25.9288],[131.3166,25.9288],[131.3164,25.9287],[131.3164,25.9287],[131.3163,25.9287],[131.3162,25.9286],[131.3162,25.9286],[131.3161,25.9286],[131.3161,25.9286],[131.3159,25.9285],[131.3159,25.9285],[131.3158,25.9285],[131.3157,25.9285],[131.3156,25.9285],[131.3156,25.9284],[131.3154,25.9284],[131.3154,25.9284],[131.3154,25.9284],[131.3153,25.9284],[131.3152,25.9284],[131.3151,25.9283],[131.315,25.9284],[131.315,25.9283],[131.3148,25.9283],[131.3148,25.9283],[131.3147,25.9283],[131.3146,25.9283],[131.3145,25.9283],[131.3144,25.9283],[131.3144,25.9283],[131.3143,25.9282],[131.3141,25.9283],[131.3141,25.9283],[131.314,25.9283],[131.3139,25.9282],[131.3138,25.9283],[131.3136,25.9282],[131.3135,25.9283],[131.3135,25.9282],[131.3133,25.9282],[131.3132,25.9282],[131.3131,25.9282],[131.3131,25.9282],[131.3131,25.9282],[131.3129,25.9282],[131.3128,25.9282],[131.3128,25.9282],[131.3127,25.9282],[131.3126,25.9281],[131.3125,25.9281],[131.3125,25.9281],[131.3124,25.9281],[131.3123,25.9281],[131.3122,25.9281],[131.3121,25.9281],[131.3121,25.9281],[131.312,25.928],[131.3118,25.9281],[131.3117,25.928],[131.3116,25.928],[131.3116,25.9281],[131.3115,25.928],[131.3114,25.928],[131.3113,25.9281],[131.3113,25.928],[131.3111,25.928],[131.311,25.928],[131.311,25.928],[131.3109,25.928],[131.3108,25.928],[131.3107,25.9281],[131.3107,25.928],[131.3105,25.928],[131.3104,25.9281],[131.3104,25.9281],[131.3103,25.9281],[131.3102,25.9281],[131.3101,25.9281],[131.3101,25.9281],[131.31,25.9281],[131.3099,25.9281],[131.3098,25.9281],[131.3098,25.9281],[131.3097,25.9281],[131.3097,25.9281],[131.3096,25.9281],[131.3095,25.9281],[131.3095,25.9281],[131.3094,25.9281],[131.3094,25.9282],[131.3093,25.9281],[131.3092,25.9281],[131.3092,25.9281],[131.309,25.9281],[131.309,25.9281],[131.3089,25.9281],[131.3089,25.9281],[131.3088,25.9281],[131.3087,25.9281],[131.3086,25.9281],[131.3086,25.9281],[131.3085,25.9281],[131.3084,25.9281],[131.3083,25.9281],[131.3083,25.9281],[131.3083,25.9281],[131.3082,25.9281],[131.3082,25.9281],[131.3081,25.9281],[131.308,25.9281],[131.3079,25.9282],[131.3079,25.9282],[131.3078,25.9281],[131.3077,25.9281],[131.3076,25.9281],[131.3075,25.9282],[131.3075,25.9282],[131.3074,25.9282],[131.3073,25.9282],[131.3072,25.9282],[131.3072,25.9282],[131.3071,25.9282],[131.307,25.9282],[131.307,25.9282],[131.3068,25.9282],[131.3068,25.9282],[131.3067,25.9283],[131.3066,25.9283],[131.3066,25.9283],[131.3065,25.9283],[131.3064,25.9283],[131.3064,25.9283],[131.3063,25.9283],[131.3062,25.9283],[131.3061,25.9284],[131.3061,25.9284],[131.306,25.9284],[131.306,25.9284],[131.3059,25.9284],[131.3058,25.9285],[131.3058,25.9285],[131.3057,25.9285],[131.3057,25.9285],[131.3056,25.9285],[131.3055,25.9286],[131.3055,25.9286],[131.3053,25.9284],[131.3046,25.9286],[131.3045,25.9286],[131.3045,25.9286],[131.3044,25.9287],[131.3043,25.9287],[131.3043,25.9287],[131.3033,25.929],[131.3033,25.929],[131.3031,25.929],[131.3031,25.9291],[131.3031,25.9291],[131.303,25.9291],[131.3029,25.9291],[131.3029,25.9291],[131.3029,25.9292],[131.3028,25.9292],[131.3026,25.9292],[131.3025,25.9293],[131.3025,25.9293],[131.3025,25.9294],[131.3024,25.9294],[131.3024,25.9293],[131.3023,25.9294],[131.3022,25.9294],[131.3022,25.9294],[131.3022,25.9295],[131.3021,25.9295],[131.3019,25.9295],[131.3019,25.9296],[131.3019,25.9296],[131.3018,25.9296],[131.3017,25.9296],[131.3016,25.9297],[131.3015,25.9297],[131.3014,25.9298],[131.3014,25.9298],[131.3013,25.9298],[131.3013,25.9298],[131.3011,25.9299],[131.3011,25.9299],[131.3011,25.93],[131.301,25.93],[131.3009,25.9299],[131.3008,25.93],[131.3008,25.9299],[131.3007,25.9299],[131.3006,25.9299],[131.3006,25.93],[131.3006,25.9301],[131.3005,25.9301],[131.3004,25.93],[131.3004,25.93],[131.3002,25.9301],[131.3002,25.9302],[131.3001,25.9301],[131.3,25.9301],[131.2999,25.9302],[131.2998,25.9302],[131.2998,25.9303],[131.2997,25.9303],[131.2996,25.9302],[131.2995,25.9302],[131.2994,25.9302],[131.2994,25.9303],[131.2994,25.9303],[131.2993,25.9303],[131.2991,25.9304],[131.2991,25.9304],[131.299,25.9304],[131.299,25.9305],[131.299,25.9305],[131.299,25.9306],[131.2988,25.9306],[131.2988,25.9307],[131.2987,25.9307],[131.2987,25.9308],[131.2987,25.9308],[131.2986,25.9308],[131.2985,25.9309],[131.2985,25.931],[131.2986,25.931],[131.2985,25.931],[131.2984,25.931],[131.2983,25.931],[131.2982,25.9311],[131.2982,25.9312],[131.2982,25.9312],[131.2981,25.9312],[131.2979,25.9312],[131.2979,25.9313],[131.2979,25.9313],[131.2979,25.9314],[131.2978,25.9314],[131.2977,25.9314],[131.2976,25.9315],[131.2977,25.9317],[131.2976,25.9317],[131.2975,25.9317],[131.2974,25.9317],[131.2973,25.9318],[131.2973,25.9318],[131.2972,25.9318],[131.2972,25.9318],[131.297,25.9318],[131.297,25.9318],[131.2969,25.9319],[131.2969,25.9319],[131.2968,25.9319],[131.2968,25.9319],[131.2967,25.932],[131.2966,25.932],[131.2966,25.9321],[131.2965,25.932],[131.2964,25.9321],[131.2964,25.9321],[131.2963,25.9321],[131.2963,25.9322],[131.2963,25.9322],[131.2963,25.9323],[131.2961,25.9322],[131.2961,25.9323],[131.296,25.9323],[131.2959,25.9324],[131.2959,25.9325],[131.2959,25.9325],[131.2958,25.9325],[131.2958,25.9325],[131.2957,25.9325],[131.2957,25.9325],[131.2956,25.9326],[131.2956,25.9326],[131.2956,25.9327],[131.2956,25.9327],[131.2955,25.9327],[131.2955,25.9327],[131.2954,25.9327],[131.2954,25.9328],[131.2953,25.9329],[131.2953,25.9329],[131.2952,25.933],[131.2951,25.933],[131.2951,25.9331],[131.2951,25.9331],[131.2951,25.9332],[131.2951,25.9332],[131.295,25.9332],[131.2949,25.9332],[131.2948,25.9333],[131.2948,25.9333],[131.2948,25.9334],[131.2947,25.9334],[131.2947,25.9334],[131.2946,25.9334],[131.2945,25.9335],[131.2945,25.9335],[131.2945,25.9336],[131.2945,25.9336],[131.2944,25.9336],[131.2944,25.9336],[131.2943,25.9336],[131.2942,25.9337],[131.2942,25.9337],[131.2942,25.9338],[131.2941,25.9338],[131.2941,25.9338],[131.2941,25.9339],[131.294,25.9339],[131.2939,25.934],[131.2939,25.9341],[131.2939,25.9341],[131.2939,25.9342],[131.2939,25.9342],[131.2939,25.9342],[131.2938,25.9342],[131.2937,25.9343],[131.2937,25.9343],[131.2937,25.9344],[131.2936,25.9344],[131.2935,25.9346],[131.2934,25.9346],[131.2934,25.9346],[131.2933,25.9346],[131.2931,25.9348],[131.2931,25.9348],[131.2931,25.9349],[131.293,25.9349],[131.2929,25.935],[131.2929,25.9351],[131.2929,25.9352],[131.2928,25.9352],[131.2927,25.9353],[131.2926,25.9353],[131.2926,25.9354],[131.2927,25.9355],[131.2926,25.9355],[131.2925,25.9356],[131.2925,25.9357],[131.2925,25.9358],[131.2924,25.9358],[131.2924,25.9358],[131.2922,25.936],[131.2923,25.936],[131.2922,25.936],[131.2922,25.936],[131.2921,25.9361],[131.292,25.9362],[131.292,25.9362],[131.292,25.9364],[131.2919,25.9364],[131.2918,25.9364],[131.2917,25.9365],[131.2917,25.9366],[131.2917,25.9367],[131.2917,25.9367],[131.2916,25.9367],[131.2916,25.9369],[131.2916,25.9369],[131.2916,25.937],[131.2915,25.937],[131.2915,25.937],[131.2915,25.9371],[131.2915,25.9372],[131.2915,25.9372],[131.2913,25.9373],[131.2913,25.9374],[131.2913,25.9374],[131.2913,25.9375],[131.2913,25.9376],[131.2912,25.9376],[131.2912,25.9377],[131.2912,25.9377],[131.2912,25.9378],[131.2912,25.9378],[131.2912,25.9378],[131.2912,25.9379],[131.2911,25.938],[131.2911,25.9381],[131.2911,25.9381],[131.2911,25.9382],[131.291,25.9381],[131.2909,25.9382],[131.2908,25.9383],[131.2908,25.9384],[131.2908,25.9384],[131.2907,25.9384],[131.2906,25.9385],[131.2906,25.9385],[131.2905,25.9386],[131.2905,25.9386],[131.2904,25.9387],[131.2904,25.9387],[131.2903,25.9388],[131.2903,25.9389],[131.2903,25.9389],[131.2903,25.939],[131.2902,25.939],[131.2902,25.9389],[131.2901,25.9389],[131.2901,25.9389],[131.29,25.939],[131.29,25.9391],[131.29,25.9391],[131.29,25.9392],[131.2899,25.9392],[131.2898,25.9392],[131.2898,25.9392],[131.2898,25.9393],[131.2898,25.9393],[131.2898,25.9394],[131.2897,25.9394],[131.2897,25.9395],[131.2896,25.9395],[131.2896,25.9396],[131.2896,25.9396],[131.2895,25.9396],[131.2894,25.9396],[131.2893,25.9396],[131.2893,25.9397],[131.2892,25.9398],[131.2892,25.9398],[131.2892,25.9398],[131.2892,25.9399],[131.2891,25.94],[131.2892,25.9401],[131.2891,25.9402],[131.2891,25.9402],[131.289,25.9403],[131.289,25.9404],[131.289,25.9404],[131.2889,25.9405],[131.2889,25.9405],[131.2888,25.9406],[131.2888,25.9407],[131.2888,25.9408],[131.2886,25.9408],[131.2884,25.9409],[131.2884,25.9409],[131.2884,25.9409],[131.2883,25.941],[131.2882,25.9411],[131.2882,25.9411],[131.2882,25.9411],[131.2881,25.9412],[131.2881,25.9413],[131.2881,25.9414],[131.288,25.9414],[131.2879,25.9415],[131.2879,25.9415],[131.2879,25.9415],[131.2878,25.9417],[131.2878,25.9418],[131.2878,25.9419],[131.2877,25.9419],[131.2876,25.9421],[131.2876,25.9421],[131.2876,25.9421],[131.2875,25.9423],[131.2875,25.9423],[131.2875,25.9424],[131.2875,25.9424],[131.2875,25.9424],[131.2874,25.9424],[131.2874,25.9425],[131.2873,25.9427],[131.2873,25.9427],[131.2873,25.9428],[131.2873,25.9428],[131.2872,25.943],[131.2871,25.9432],[131.2871,25.9432],[131.2871,25.9432],[131.287,25.9434],[131.287,25.9435],[131.287,25.9435],[131.2869,25.9436],[131.2868,25.9437],[131.2868,25.9438],[131.2868,25.9439],[131.2867,25.9439],[131.2867,25.9439],[131.2866,25.9441],[131.2865,25.9442],[131.2865,25.9443],[131.2865,25.9443],[131.2864,25.9444],[131.2864,25.9445],[131.2864,25.9446],[131.2864,25.9446],[131.2864,25.9447],[131.2863,25.9447],[131.2863,25.9448],[131.2863,25.9449],[131.2862,25.9451],[131.2862,25.9451],[131.2862,25.9451],[131.2861,25.9453],[131.2861,25.9454],[131.2861,25.9455],[131.2861,25.9455],[131.286,25.9457],[131.2859,25.9459],[131.2859,25.9459],[131.2859,25.9459],[131.2858,25.9461],[131.2858,25.9462],[131.2857,25.9462],[131.2857,25.9463],[131.2856,25.9464],[131.2857,25.9465],[131.2856,25.9465],[131.2856,25.9466],[131.2855,25.9468],[131.2855,25.9468],[131.2855,25.9469],[131.2855,25.947],[131.2854,25.9471],[131.2854,25.9472],[131.2854,25.9473],[131.2854,25.9473],[131.2853,25.9475],[131.2853,25.9475],[131.2854,25.9476],[131.2853,25.9476],[131.2853,25.9477],[131.2853,25.9478],[131.2853,25.9479],[131.2853,25.9479],[131.2852,25.948],[131.2852,25.9482],[131.2852,25.9482],[131.2851,25.9482],[131.2851,25.9484],[131.285,25.9486],[131.285,25.9486],[131.285,25.9487],[131.285,25.9488],[131.285,25.949],[131.285,25.9491],[131.285,25.9491],[131.2849,25.9492],[131.2849,25.9494],[131.2849,25.9494],[131.2849,25.9494],[131.2849,25.9495],[131.2849,25.9496],[131.2848,25.9497],[131.2849,25.9498],[131.2848,25.9498],[131.2848,25.95],[131.2848,25.95],[131.2848,25.9501],[131.2848,25.9501],[131.2847,25.9503],[131.2847,25.9503],[131.2847,25.9504],[131.2847,25.9504],[131.2847,25.9506],[131.2847,25.9506],[131.2847,25.9507],[131.2846,25.9508],[131.2846,25.9509],[131.2847,25.951],[131.2846,25.951],[131.2846,25.9511],[131.2846,25.9512],[131.2846,25.9512],[131.2846,25.9512],[131.2846,25.9513],[131.2846,25.9513],[131.2845,25.9515],[131.2846,25.9516],[131.2846,25.9516],[131.2846,25.9517],[131.2846,25.9517],[131.2846,25.9524],[131.2845,25.9525],[131.2844,25.9526],[131.2844,25.9527],[131.2845,25.9527],[131.2844,25.9527],[131.2843,25.9529],[131.2843,25.9529],[131.2843,25.953],[131.2844,25.953],[131.2843,25.9531],[131.2844,25.9533],[131.2844,25.9533],[131.2845,25.9533],[131.2845,25.9534],[131.2844,25.9534],[131.2844,25.9535],[131.2843,25.9535],[131.2842,25.9539],[131.2841,25.9539],[131.2841,25.9539],[131.2841,25.9541],[131.2842,25.9542],[131.2842,25.9544],[131.2842,25.9544],[131.2842,25.9546],[131.2842,25.9546],[131.2842,25.9547],[131.2842,25.9547],[131.2842,25.9547],[131.2842,25.9547],[131.2842,25.9549],[131.2842,25.9549],[131.2841,25.955],[131.2841,25.955],[131.2841,25.9551],[131.2841,25.9552],[131.284,25.9553],[131.284,25.9554],[131.284,25.9555],[131.284,25.9555],[131.284,25.9556],[131.2839,25.9557],[131.2839,25.9558],[131.284,25.9559],[131.2839,25.9559],[131.2839,25.9562],[131.284,25.9562],[131.2839,25.9563],[131.2839,25.9564],[131.2839,25.9566],[131.2839,25.9567],[131.2839,25.9567],[131.2839,25.9568],[131.2839,25.9569],[131.2839,25.957],[131.284,25.9571],[131.2839,25.9571],[131.284,25.9573],[131.284,25.9574],[131.284,25.9575],[131.284,25.9575],[131.284,25.9576],[131.284,25.9577],[131.284,25.9578],[131.284,25.9578],[131.284,25.9579],[131.284,25.9581],[131.2841,25.9581],[131.2841,25.9582],[131.2841,25.9582],[131.2841,25.9582],[131.2841,25.9583],[131.2841,25.9583],[131.2841,25.9583],[131.2842,25.9585],[131.2842,25.9585],[131.2842,25.9585],[131.2842,25.9586],[131.2842,25.9587],[131.2843,25.9588],[131.2843,25.9588],[131.2843,25.9589],[131.2843,25.959],[131.2844,25.959],[131.2844,25.9591],[131.2844,25.9592],[131.2844,25.9593],[131.2845,25.9593],[131.2845,25.9594],[131.2845,25.9595],[131.2846,25.9596],[131.2845,25.9596],[131.2845,25.9596],[131.2845,25.9597],[131.2846,25.9598],[131.2846,25.9598],[131.2847,25.9598],[131.2846,25.9599],[131.2846,25.96],[131.2846,25.96],[131.2846,25.9601],[131.2847,25.9601],[131.2847,25.9601],[131.2847,25.9602],[131.2847,25.9602],[131.2848,25.9603],[131.2848,25.9603],[131.2849,25.9603],[131.2849,25.9604],[131.2849,25.9604],[131.2849,25.9605],[131.285,25.9606],[131.2851,25.9606],[131.2851,25.9607],[131.2851,25.9607],[131.2851,25.9608],[131.2852,25.9609],[131.2853,25.9608],[131.2853,25.9608],[131.2854,25.9609],[131.2855,25.9609],[131.2856,25.961],[131.2856,25.961],[131.2857,25.961],[131.2857,25.961],[131.2858,25.961],[131.2859,25.961]]]],"type":"MultiPolygon"},"properties":{"name":"大東島","code":"9472","namekana":"だいとうじま"},"type":"Feature"}]}